"","p_val","avg_log2FC","pct.1","pct.2","p_val_adj"
"Calm1",2.37569890603596e-05,1.11586656070494,0.917,0.633,0.828334937567558
"Ppia",8.59457289458933e-05,1.1910002842948,0.769,0.333,1
"Hpgd",9.89287860938755e-05,-0.909942493268591,0.028,0.233,1
"Nexn",0.000129410852718244,-0.781222411120824,0,0.133,1
"Sgsm2",0.000167494728379996,-0.885585466464751,0.046,0.267,1
"Abcb1b",0.000193024871714737,-0.706092546936979,0.019,0.2,1
"Ppp2r2b",0.000231283100810463,-0.889030421497504,0.62,0.833,1
"Pde10a",0.000273899350950912,1.25071273403889,0.398,0.033,1
"Gapdh",0.000280167660256723,1.02613269475814,0.759,0.367,1
"Tmem208",0.000311271963334552,-1.0336130663914,0.148,0.433,1
"Tmem241",0.000354269937736056,-0.791875262898382,0.083,0.333,1
"Zdhhc20",0.000369329610332658,0.945669201646623,0.519,0.133,1
"Smc5",0.000445344878887461,-1.00460800813587,0.093,0.333,1
"Acly",0.000452412324548633,-0.745838493524163,0.102,0.367,1
"Dynll1",0.000455729383181062,1.27582839387887,0.463,0.1,1
"Hsp90ab1",0.000484210836730079,0.945668823375458,0.852,0.533,1
"Fth1",0.000561251372213463,0.997048664003285,0.833,0.567,1
"Sparcl1",0.000830035665999365,0.85780573504983,0.824,0.567,1
"Acss2",0.000854492953087133,-1.01757050656899,0.324,0.6,1
"Otc",0.000903092434953042,-0.702948789190547,0.019,0.167,1
"Mrs2",0.000964218059094777,-0.818429342360237,0.065,0.267,1
"Gm13889",0.000966383210283922,-0.386152058125604,0,0.1,1
"Steap2",0.000966383210283922,-0.490074416862076,0,0.1,1
"ENSMUSG00000121161",0.000966383210283922,-0.44626726464712,0,0.1,1
"Gm30373",0.000966383210283922,-0.549737427612242,0,0.1,1
"Adamtsl5",0.000966383210283922,-0.674204912060634,0,0.1,1
"Gm33037",0.000966383210283922,-0.613568734083094,0,0.1,1
"Gm20063",0.000966383210283922,-0.450763691508495,0,0.1,1
"Taf8",0.000966383210283922,-0.49821465224838,0,0.1,1
"Sema4g",0.000966383210283922,-0.534999311222505,0,0.1,1
"Cd33",0.0011419490897116,-0.808178953423802,0.065,0.267,1
"Gm26512",0.00114699734207084,-0.886771123347093,0.194,0.467,1
"Snhg12",0.00114910404114552,-0.695317004338562,0.019,0.167,1
"Btbd8",0.00124661578056732,-0.943862142361534,0.111,0.333,1
"Twf2",0.00137286883905616,-0.651396824240242,0.046,0.233,1
"Sppl3",0.00138830616982389,-1.01697150865562,0.176,0.433,1
"Smarca2",0.00141928262988794,0.851828993083043,0.565,0.2,1
"A330033J07Rik",0.00155086367853254,-0.553227543426197,0.009,0.133,1
"mt-Nd4",0.00159475939542979,1.12229608309408,0.546,0.2,1
"Rab10",0.00164985201847059,0.938783840602529,0.5,0.167,1
"Rpl19",0.00165832804277194,1.08926756791204,0.417,0.1,1
"Mgll",0.00172816721979591,0.727755150660356,0.713,0.333,1
"Tef",0.0018531569400858,0.976907871515796,0.435,0.1,1
"Slc39a6",0.00189300720963358,-0.656788216149712,0.037,0.2,1
"Lrrcc1",0.0018973312692142,-0.87174577437576,0.074,0.267,1
"Agfg1",0.00195504152743193,-0.724507359549551,0.148,0.4,1
"Gm21984",0.00205414304175105,1.04161327061512,0.259,0,1
"6330403K07Rik",0.00205419224286724,1.03125318807702,0.259,0,1
"mt-Co1",0.00219387379188329,0.989980725431655,0.315,0.033,1
"Rbm5",0.00222445252351273,-0.687408151636527,0.444,0.667,1
"Ywhaq",0.0022328636531616,1.04445136462801,0.454,0.133,1
"Hsp90aa1",0.00233567113695644,0.91148470937738,0.611,0.267,1
"Carf",0.00252745400861108,-0.724842841070181,0.056,0.233,1
"Ptk2",0.00253864816885265,0.910509788516725,0.667,0.433,1
"Ndufa11",0.00257023109393017,0.964228056147897,0.25,0,1
"Gm14964",0.00261264734182395,-1.00651892355013,0.102,0.3,1
"H2az1",0.00273323549056428,0.983493180102323,0.306,0.033,1
"Osbpl8",0.0027483216926996,0.969685488065998,0.37,0.067,1
"2510002D24Rik",0.00288063831274933,-0.615014368187578,0.037,0.2,1
"Apod",0.00310664362563448,1.15458421408722,0.296,0.033,1
"Snx13",0.00311104169425287,-1.00225576797735,0.176,0.4,1
"Scd2",0.00314849508855224,0.617646792689871,0.769,0.467,1
"Mtarc2",0.00320787609163352,0.863945401871858,0.241,0,1
"Cycs",0.00320787609163352,1.02292829758227,0.241,0,1
"Bmt2",0.003207951081488,0.920979035579255,0.241,0,1
"Abcb4",0.00337439306103625,-0.751245684453148,0.028,0.167,1
"Rps14",0.00339638096127063,0.924735040212101,0.296,0.033,1
"Pcyox1",0.00365721106975006,-0.753910830430197,0.065,0.233,1
"Uap1",0.0036618867723563,-0.647173983373204,0.028,0.167,1
"Pdia3",0.00366746881541712,0.969094069497493,0.38,0.1,1
"Nos1ap",0.00368602610009023,0.848522159544753,0.361,0.067,1
"Nhlrc2",0.00373372741667824,-0.734497637657419,0.093,0.3,1
"Zscan25",0.00381383136704438,-0.687586252783778,0.028,0.167,1
"Ednrb",0.00399429632982547,0.898343589309635,0.231,0,1
"Usp31",0.00417394659208497,0.98464824476984,0.278,0.033,1
"Ctnna3",0.00436348240233423,1.05289436813688,0.454,0.167,1
"Dennd4c",0.0044667218452486,-0.818481168585156,0.204,0.433,1
"Cnpy2",0.00449595377608847,-0.798012835279547,0.046,0.2,1
"Mrgbp",0.00466299668402577,-0.551312064632712,0.028,0.167,1
"Edem3",0.00496173701394872,0.78572285586857,0.222,0,1
"Gm43622",0.0049618503337199,0.968251119122727,0.222,0,1
"Lin7c",0.00531054228385836,-0.796904509935044,0.111,0.3,1
"Exoc4",0.00558145202212528,0.450356652139294,0.824,0.467,1
"Zfp385b",0.00563360973262936,-0.55331477181165,0.019,0.133,1
"Bag4",0.00563360973262936,-0.599440527852508,0.019,0.133,1
"Ugt8a",0.00572483994188708,0.853342010507877,0.463,0.167,1
"Hmgcs1",0.00576348536253826,-0.770021924030064,0.213,0.433,1
"Tlk1",0.00579937340495675,0.840468434509687,0.343,0.067,1
"Psip1",0.00587588678427578,0.973871689509131,0.417,0.133,1
"Cnot6",0.00602771332176878,-0.731637191784667,0.111,0.3,1
"Atp13a3",0.00602771332176878,-0.832045956569823,0.111,0.3,1
"Calm2",0.00603280266245748,0.69521078664913,0.843,0.6,1
"Cmas",0.00614997463362956,0.84760270690351,0.213,0,1
"Gm37033",0.00615963601162628,-0.557303343136182,0.019,0.133,1
"Arl14ep",0.00615963601162628,-0.564023875584047,0.019,0.133,1
"Ppm1g",0.00615963601162628,-0.525704236173285,0.019,0.133,1
"2310022A10Rik",0.00615963601162628,-0.617315042321286,0.019,0.133,1
"Glyctk",0.00615963601162628,-0.558226661582426,0.019,0.133,1
"Slitrk5",0.00615963601162628,-0.879719439570661,0.019,0.133,1
"Atp5j",0.00642025779973445,0.909710517066566,0.269,0.033,1
"Heatr1",0.00643889268574567,-0.502345282368173,0.019,0.133,1
"Akr1b10",0.00650720714585573,-0.656458156544418,0.093,0.267,1
"Selenok",0.00670399555237805,0.958754096221691,0.269,0.033,1
"Klhl42",0.00672948845794269,-0.546760446667382,0.019,0.133,1
"Carmil1",0.00679104835092989,-0.634332572718867,0.231,0.467,1
"Robo1",0.00698207635931296,0.74860682424834,0.324,0.067,1
"Scaf8",0.00702968332307852,-0.751781697388927,0.231,0.433,1
"Gm38260",0.00703181921870414,-0.486027458319076,0.019,0.133,1
"Fam53a",0.00703181921870414,-0.536134916615593,0.019,0.133,1
"Ldlr",0.007159456645388,-0.885987008228212,0.074,0.233,1
"Cck",0.00717003327271027,0.90432175894274,0.537,0.267,1
"Eif4g2",0.00718042225266708,0.870497682320002,0.37,0.1,1
"Fam20a",0.00736050552714818,-0.516570853271359,0.38,0.633,1
"Shisa4",0.00736582529992239,-0.701837828756346,0.352,0.6,1
"Rnf216",0.00762403175717341,0.795250343264313,0.435,0.133,1
"Slc25a27",0.00799091149371035,0.842466445428152,0.25,0.033,1
"Gm4631",0.00801334453346377,-0.378131439069164,0.019,0.133,1
"Gm43765",0.00804539111934496,-0.525985973545259,0.065,0.233,1
"Optn",0.00840659411426946,-0.719001848231578,0.037,0.167,1
"Ttc21b",0.00840659411426946,-0.712574765113708,0.037,0.167,1
"Rbm28",0.00852759898402124,0.816315080602042,0.306,0.067,1
"Mrrf",0.00857159594503494,-0.384413570741893,0.009,0.1,1
"Rgp1",0.00857159594503494,-0.423730242258474,0.009,0.1,1
"Unc5d",0.00857159594503494,-0.526031277956176,0.009,0.1,1
"Gm16179",0.00857159594503494,-0.474982334461136,0.009,0.1,1
"Gm10649",0.00857159594503494,-0.597889319160841,0.009,0.1,1
"Pth1r",0.00857159594503494,-0.41105679464815,0.009,0.1,1
"Pitpnm3",0.00857159594503494,-0.374548583840834,0.009,0.1,1
"Rad51d",0.00857159594503494,-0.669936089991251,0.009,0.1,1
"Rps11-ps2",0.00857159594503494,-0.444094938521916,0.009,0.1,1
"Gm46332",0.00857159594503494,-0.398166113315014,0.009,0.1,1
"Dgkg",0.00857159594503494,-0.408043529941001,0.009,0.1,1
"Cd200r1",0.00857159594503494,-0.554232452464908,0.009,0.1,1
"Mecp2",0.00868331535861533,0.844643329818533,0.296,0.067,1
"Rps9",0.00898556413809698,0.871999147581946,0.343,0.1,1
"ENSMUSG00000121189",0.00902983112766181,-0.430928925956171,0.009,0.1,1
"Tnfrsf1a",0.00902983112766181,-0.483775429024079,0.009,0.1,1
"Tbc1d17",0.00902983112766181,-0.522876422657901,0.009,0.1,1
"Bora",0.00902983112766181,-0.406921173196707,0.009,0.1,1
"Myom1",0.00902983112766181,-0.463704603782514,0.009,0.1,1
"ENSMUSG00000120242",0.00902983112766181,-0.528885376196266,0.009,0.1,1
"Itch",0.00927754257454863,0.764543460847137,0.509,0.233,1
"Plp1",0.00936705887596676,0.758885897609535,0.769,0.6,1
"Phf14",0.00938690984151207,-0.735294807833315,0.435,0.6,1
"Snhg6",0.00938778495084887,0.808811465002227,0.194,0,1
"Pde1a",0.00938778495084887,0.785384724761281,0.194,0,1
"Tmem267",0.00938778495084887,1.11037486510919,0.194,0,1
"Snrpd1",0.00938778495084887,0.924688460398474,0.194,0,1
"Asl",0.00950981615893,-0.417385356757725,0.009,0.1,1
"Esr1",0.00950981615893,-0.435715964141889,0.009,0.1,1
"Efl1",0.00963222384433521,-0.637185550199744,0.093,0.267,1
"Fez2",0.00968030436946034,-0.590995727975547,0.037,0.167,1
"Fgd6",0.0097051035347161,-0.857486049591076,0.37,0.567,1
"Phkg1",0.00979983524493991,-0.570548345330252,0.481,0.7,1
"Gpc1",0.0100124248048413,-0.3199062849936,0.009,0.1,1
"Mob3c",0.0100124248048413,-0.325494481310954,0.009,0.1,1
"4930488L21Rik",0.010051074260751,-0.641957710523235,0.574,0.733,1
"Pold3",0.0101155418789403,-0.598399554365686,0.056,0.2,1
"Gm16876",0.010379505472728,-0.530524021539955,0.037,0.167,1
"4930419G24Rik",0.0104386313892751,1.09099011294886,0.426,0.167,1
"Csmd3",0.010526937913745,0.7726515085075,0.796,0.567,1
"Kifc3",0.0105364784122703,-0.779922525348902,0.231,0.433,1
"Stmn1",0.0107085824721766,0.77799655457983,0.676,0.433,1
"Mthfsl",0.0107456796973648,-0.519215737241967,0.037,0.167,1
"Eif2ak2",0.0107497458838822,-0.584774602619474,0.056,0.2,1
"Asxl3",0.0107497458838822,-0.582572245943092,0.056,0.2,1
"Hspe1",0.0110144253177532,0.82935404586398,0.25,0.033,1
"Stard3",0.0111524868978429,-0.742727938983679,0.102,0.267,1
"Rb1",0.0112337114253216,-0.83372833499437,0.454,0.6,1
"Idh3a",0.011563922206148,0.709054026528322,0.185,0,1
"Lig3",0.011563922206148,0.661172556582156,0.185,0,1
"Zfp706",0.011563922206148,0.707897652945896,0.185,0,1
"BC065397",0.011563922206148,0.697371867379098,0.185,0,1
"Tpk1",0.0117673862592279,-0.838437763478632,0.056,0.2,1
"Gm36988",0.0119140542559149,-0.525678743235004,0.037,0.167,1
"Rasa3",0.0123315782299652,0.905033104418768,0.278,0.067,1
"Xrn2",0.0123452106552563,0.766037717009769,0.306,0.067,1
"Mobp",0.0124654403294873,0.511900863375785,0.454,0.167,1
"Ppp1r21",0.01246557160247,0.839616858569215,0.324,0.1,1
"Kctd1",0.0126596820128994,0.747249387710881,0.241,0.033,1
"Spop",0.0127685817830921,-0.711082354043438,0.333,0.533,1
"Rfwd3",0.0129123140492123,-0.759976613771125,0.102,0.267,1
"ENSMUSG00000120224",0.0131711148862894,-0.693398177469617,0.083,0.233,1
"Rab6b",0.013363612695725,0.935107189373295,0.287,0.067,1
"Vamp2",0.013573635066589,0.697221539246102,0.306,0.067,1
"Kcnk1",0.0141415438117685,-0.672580360395876,0.204,0.4,1
"Creb3l2",0.0142179908412347,0.632765648980086,0.176,0,1
"Fam53b",0.0142179908412347,0.821409436975685,0.176,0,1
"Enpp2",0.0143076442530349,0.660657422689694,0.611,0.333,1
"Pcyt2",0.0143547507987694,-0.868652178043511,0.398,0.533,1
"Kdm2a",0.0143787182011825,-0.588103135754645,0.324,0.533,1
"Ppp3r1",0.0144121770079974,0.670513705508871,0.296,0.067,1
"Akap10",0.0146686717053758,0.75569982309697,0.333,0.1,1
"B3galt1",0.0147214470002955,-0.420353965540256,0.954,0.933,1
"Mdh1",0.0148251787275547,0.77030089224904,0.519,0.233,1
"Gm48747",0.0154168471512214,0.724501901534634,0.454,0.167,1
"App",0.015420860595776,0.652951998584144,0.657,0.433,1
"Tifa",0.0154423863265811,-0.507936608652717,0.074,0.233,1
"Med1",0.0154686331781788,0.734144574740713,0.231,0.033,1
"Tra2a",0.0156588816816905,0.494346150417128,0.685,0.4,1
"Cox7a2",0.0164733008599218,0.79466026460295,0.426,0.2,1
"Eef1a1",0.0164990406924317,0.631334890926779,0.565,0.267,1
"Snhg3",0.016575364664274,-0.619804340457889,0.028,0.133,1
"Gm15083",0.016575364664274,-0.496532634176189,0.028,0.133,1
"Gstt2",0.016575364664274,-0.539693609126455,0.028,0.133,1
"Slc7a11",0.0166220369980138,0.785136543559736,0.491,0.233,1
"Uqcrb",0.0167968393739349,0.61157379011357,0.287,0.067,1
"Lrmda",0.0169387791649787,-1.18950248529928,0.333,0.5,1
"Pex5l",0.016969941264731,0.837999560450168,0.639,0.367,1
"Tnip1",0.017199320120787,-0.468942465246915,0.028,0.133,1
"Fam76b",0.0172470116249421,-0.633664763769343,0.157,0.333,1
"Lap3",0.0174506569895928,0.670134250180526,0.167,0,1
"Ppp1cc",0.0174506569895928,0.646066317719318,0.167,0,1
"Gt(ROSA)26Sor",0.0174506569895928,0.698236891946903,0.167,0,1
"Dctn6",0.0174506569895928,0.619061555088979,0.167,0,1
"Prkar2a",0.0174506569895928,0.549276542795597,0.167,0,1
"Ttc37",0.0174506569895928,0.620125057877964,0.167,0,1
"Egr1",0.0174506569895928,0.652137035561415,0.167,0,1
"Pde4b",0.0176439272473339,0.833314605014003,0.731,0.667,1
"Antxr1",0.0176758455348846,-0.660604569659375,0.083,0.233,1
"Secisbp2l",0.0177407480439674,0.596525017039894,0.343,0.1,1
"Adcy9",0.017768001749268,-0.809001986515886,0.204,0.367,1
"Gpn1",0.017843784729918,-0.533762266423768,0.028,0.133,1
"Sorbs3",0.0179920380735689,-0.683693208597815,0.046,0.167,1
"Pcbp2",0.0181632709901618,0.67106293051879,0.389,0.167,1
"Adgrg1",0.0182411320780778,0.5790862147196,0.231,0.033,1
"Pfdn2",0.0182682173931384,0.888637232661841,0.213,0.033,1
"Scaper",0.0184049799605103,-0.760245868451239,0.481,0.6,1
"Cfap100",0.0185093099653785,-0.45489769630424,0.028,0.133,1
"Smim3",0.0185093099653785,-0.583989659541805,0.028,0.133,1
"Arid1b",0.0185182463792976,0.559113419990884,0.602,0.333,1
"Msn",0.0185577488390331,-0.639054474902292,0.046,0.167,1
"D7Ertd443e",0.0185829302003212,0.700955924222054,0.426,0.2,1
"Man2b1",0.018885447009813,-0.618903514671377,0.065,0.2,1
"Ermard",0.018885447009813,-0.563724533690924,0.065,0.2,1
"Atp5g1",0.0189335810844846,0.848311080458245,0.315,0.1,1
"Pde4dip",0.0190159749805605,0.679355661965298,0.343,0.1,1
"Zfyve1",0.0190522863868544,0.67818923676853,0.213,0.033,1
"Fam20b",0.0191389635712516,-0.504296644922677,0.046,0.167,1
"Gm37628",0.0191964574344774,-0.569812648159226,0.028,0.133,1
"Kdm4a",0.0191964574344774,-0.412192562654147,0.028,0.133,1
"Foxred2",0.0191964574344774,-0.551867678319972,0.028,0.133,1
"Usp15",0.0194158670278929,0.744171729662576,0.37,0.133,1
"Rapgef3",0.0194669812504939,-0.580165534155793,0.241,0.433,1
"Pdgfrb",0.0196551268715694,0.696508336887708,0.222,0.033,1
"Gphn",0.019797673910253,-0.430968522019137,0.806,0.967,1
"Dixdc1",0.0198532474754399,0.751164264058407,0.352,0.133,1
"Adam22",0.0199124462979689,0.703441193802177,0.278,0.067,1
"Zfp609",0.020007998820532,0.622991224497044,0.444,0.167,1
"Ccdc167",0.0203492947485481,-0.600797655190608,0.046,0.167,1
"Aldh7a1",0.020391129077014,-0.539830344572602,0.148,0.333,1
"Smarcc2",0.0206013649616933,-0.75316416589801,0.204,0.367,1
"Acap3",0.0206379162519162,-0.452557140252208,0.028,0.133,1
"Irak1",0.0206379162519162,-0.450979896221276,0.028,0.133,1
"Spock3",0.0206860331758638,0.870148738392082,0.269,0.067,1
"Ift52",0.0207789065114163,-0.494707194082533,0.083,0.233,1
"Gm28376",0.0209716399002757,0.832345535919373,0.324,0.1,1
"Rps4x",0.0209716399002757,0.684573178085852,0.324,0.1,1
"Rpl9",0.0212335777243086,0.818648943420133,0.315,0.1,1
"Asic2",0.021272145853752,0.825154598469357,0.417,0.167,1
"Trak2",0.021383561164433,0.716513632924836,0.157,0,1
"Prkcq",0.021383561164433,0.602429425256128,0.157,0,1
"4930473A02Rik",0.021383561164433,0.66195571516471,0.157,0,1
"Ubp1",0.021383561164433,0.590548972895195,0.157,0,1
"Alkbh5",0.021383561164433,0.545793458211628,0.157,0,1
"Fam228a",0.021383561164433,0.645518446371729,0.157,0,1
"Socs6",0.021383561164433,0.789822090683628,0.157,0,1
"Ppp2ca",0.0217114592321176,0.695583704028457,0.324,0.1,1
"Sez6l2",0.0217612743617391,0.600767002012594,0.287,0.067,1
"Fam107a",0.0218783971533503,0.771994855989116,0.269,0.067,1
"Myo1d",0.0219585814035513,0.782216747041841,0.352,0.133,1
"Cdc14a",0.0220328437907926,0.662317064908542,0.213,0.033,1
"Lsamp",0.0220614277021284,0.285964733291006,1,1,1
"Atg13",0.0221390508968726,-0.474841620022944,0.102,0.267,1
"Me1",0.0221390508968726,-0.47204946185049,0.102,0.267,1
"Prr7",0.0221728570914616,-0.476101575678483,0.028,0.133,1
"Anln",0.0222366608274299,0.908328999001292,0.306,0.1,1
"Trim2",0.0222393923005219,0.67343193013023,0.546,0.3,1
"Ak2",0.0222898941440895,-0.575325000100749,0.046,0.167,1
"Aopep",0.0224067203471708,0.445804840348363,0.38,0.133,1
"Atp5o.1",0.0225657600479742,0.439560574476033,0.287,0.067,1
"Kat6a",0.0225703195717326,0.651060506759784,0.315,0.1,1
"Phkb",0.0226524201194976,-0.664319867710943,0.435,0.633,1
"Rnf111",0.0231183206133071,0.403297066374276,0.333,0.1,1
"Csde1",0.0231301219803212,0.674373362758518,0.269,0.067,1
"Cog4",0.023162811389651,-0.466305277923637,0.102,0.267,1
"Klhdc2",0.0234295871507738,0.690054834955912,0.213,0.033,1
"Gm20319",0.0234295871507738,0.663008340489429,0.213,0.033,1
"Nav2",0.023641285454971,-0.532247649158438,0.574,0.8,1
"Vegfb",0.0236653430675057,0.666624488021952,0.204,0.033,1
"Cp",0.0236713099000417,-0.471826047158262,0.046,0.167,1
"Gas7",0.0239987489538884,0.628177679998564,0.269,0.067,1
"Camkk2",0.024063498571456,-0.546795548856586,0.065,0.2,1
"Dzip1l",0.0241096557738875,-0.633329620419643,0.111,0.267,1
"Chst2",0.0246434789103101,-0.658747903355797,0.111,0.267,1
"Gria4",0.0248704501173143,-0.563135113176285,0.148,0.333,1
"Suco",0.0248955240412408,0.629445966826013,0.269,0.067,1
"Nedd8",0.0249024627982008,0.629017496914077,0.324,0.1,1
"Fbxw15",0.0249025498070807,0.693067965768594,0.213,0.033,1
"Gm12239",0.0254110437687155,0.872791460235432,0.213,0.033,1
"Med12l",0.0254433699006383,0.73062315646202,0.398,0.167,1
"Csnk1d",0.0257419094351781,-0.674630730720608,0.111,0.267,1
"Heca",0.0258825555841472,-0.516728083699423,0.046,0.167,1
"Rbm26",0.0259989131514382,-0.619891596833898,0.38,0.567,1
"Ppp1ca",0.0261633823018499,0.587970122446373,0.148,0,1
"Disp3",0.0261639352140457,0.580258525261097,0.148,0,1
"Tmem168",0.0261639352140457,0.545163691119313,0.148,0,1
"Pknox2",0.0261639352140457,0.638282588473023,0.148,0,1
"Cox7a2l",0.0261639352140457,0.575459860658212,0.148,0,1
"Otub1",0.0261639352140457,0.610743769786189,0.148,0,1
"Ubb",0.0262769898241918,0.759329295490436,0.593,0.4,1
"Rbms3",0.0263897055784324,-0.613170479281129,0.361,0.533,1
"Mfn1",0.0264135130752418,-0.583817216541475,0.352,0.533,1
"Trim59",0.0266705728496808,0.438402700274762,0.278,0.067,1
"Uchl1",0.0269239723354111,0.568360410861683,0.37,0.133,1
"Pfkp",0.027535476661726,0.606635827626044,0.213,0.033,1
"Gap43",0.0277620698379866,0.625816810550421,0.269,0.067,1
"Nrp1",0.0277656790599447,-0.595594327874698,0.167,0.333,1
"Chd8",0.0277867541639277,-0.768627716881212,0.241,0.4,1
"Pdcd4",0.028045382757902,-0.594534782950949,0.287,0.467,1
"Fggy",0.0281592074700455,-0.526018535145478,0.157,0.333,1
"Scamp5",0.0282144697438785,-0.551930517990837,0.204,0.4,1
"Tcerg1",0.0283332566938707,-0.663362454883487,0.093,0.233,1
"Frmd5",0.0284126437281346,0.703003381664712,0.63,0.4,1
"Rpl30",0.028654605986931,0.505532360181928,0.213,0.033,1
"Yes1",0.0289024435939918,-0.445134557647229,0.065,0.2,1
"Timm17a",0.0290363214111309,0.611481464509452,0.204,0.033,1
"Psmb7",0.0290363214111309,0.616084574173148,0.204,0.033,1
"mt-Nd5",0.0290363214111309,0.674531335726999,0.204,0.033,1
"Pam",0.0294865014838997,0.760681372738217,0.389,0.2,1
"Pcdh9",0.0295742199104794,0.390942008077834,0.991,1,1
"Rasal2",0.0295982950528854,0.681658911726157,0.481,0.267,1
"Sdccag8",0.0296270860667009,0.593194885810536,0.204,0.033,1
"Fez1",0.0297140816281697,0.61430474696577,0.398,0.167,1
"Pnpt1",0.0299389697686753,0.549142637119117,0.194,0.033,1
"Prelid3a",0.0299845013436008,-0.674130435055895,0.204,0.367,1
"Ephb1",0.0301563795211385,0.594964830762023,0.694,0.467,1
"Fhit",0.0304594509088841,-0.833790946408359,0.343,0.5,1
"Gab2",0.0306876650255593,-0.603697557306926,0.333,0.533,1
"Dnajc3",0.0309284874504397,0.715662862247419,0.352,0.133,1
"Atad1",0.031009884908998,-0.551635730377701,0.139,0.3,1
"Spock1",0.0312534102957525,0.422409143780436,0.361,0.133,1
"Etv6",0.0312665726629462,0.763420125351631,0.38,0.167,1
"Ppp1r15b",0.0319704125175203,0.503971582057969,0.139,0,1
"Cdk9",0.0319704125175203,0.489371793788095,0.139,0,1
"Nagk",0.0319704125175203,0.499954841329006,0.139,0,1
"Btg1",0.0319704125175203,0.561541688985019,0.139,0,1
"Atxn3",0.0319704125175203,0.673643429599307,0.139,0,1
"Fancc",0.0319704125175203,0.552070330103057,0.139,0,1
"Ndrg1",0.0319704125175203,0.486134279830505,0.139,0,1
"Ly6e",0.0319704125175203,0.698043128724666,0.139,0,1
"Rtl8a",0.0319704125175203,0.643501017814786,0.139,0,1
"Nat10",0.0319894634250893,-0.523058468916358,0.019,0.1,1
"Pax6os1",0.0319894634250893,-0.492747893389449,0.019,0.1,1
"Slc31a2",0.0319894634250893,-0.386805601162474,0.019,0.1,1
"Zcchc4",0.0319894634250893,-0.411322351919567,0.019,0.1,1
"Zfp367",0.0319894634250893,-0.370645480477187,0.019,0.1,1
"Hspb3",0.0319894634250893,-0.495125725281779,0.019,0.1,1
"Zfp707",0.0319894634250893,-0.65724993148976,0.019,0.1,1
"Mcat",0.0319894634250893,-0.523745952102898,0.019,0.1,1
"A930001M01Rik",0.0319894634250893,-0.411722381093689,0.019,0.1,1
"Gm49961",0.0319894634250893,-0.456971154526368,0.019,0.1,1
"Gm38020",0.0319894634250893,-0.397352875690779,0.019,0.1,1
"Atp1b1",0.0321257100427344,0.59172489465391,0.657,0.433,1
"Ctbp1",0.0321302452688985,-0.580715790327528,0.074,0.2,1
"Rap1b",0.0322094861201667,0.675988777027797,0.241,0.067,1
"Ttc17",0.0326964404408008,-0.634699968061144,0.204,0.367,1
"Dnm1",0.03273836106514,0.554023597843809,0.204,0.033,1
"Atp2a2",0.0327564474542796,0.721789133305055,0.491,0.3,1
"Smad2",0.032805664537821,0.578218474991592,0.241,0.067,1
"Arhgap26",0.0328836682871701,-0.524251696530963,0.139,0.3,1
"Atp6v1g2",0.032961830121638,0.71901517430592,0.306,0.1,1
"Selenof",0.0331390119042142,0.629562311088382,0.194,0.033,1
"Phlpp1",0.0331933814786922,0.510305391441389,0.87,0.667,1
"Bbox1",0.03328755865059,-0.425488285808211,0.019,0.1,1
"Zfp36",0.03328755865059,-0.618176271165144,0.019,0.1,1
"Efna2",0.03328755865059,-0.376100281595937,0.019,0.1,1
"9330151L19Rik",0.03328755865059,-0.35604857983634,0.019,0.1,1
"Naca",0.0333217022965875,0.631061398270171,0.259,0.067,1
"4930455C13Rik",0.0333931101511203,0.616330433285189,0.204,0.033,1
"Ankrd6",0.0334033183635634,0.714918263830171,0.25,0.067,1
"Gpld1",0.0337594133329144,0.545019120400619,0.333,0.133,1
"Ywhah",0.0339107466637395,0.697347231877265,0.509,0.267,1
"Nfyc",0.0340710128095109,0.701389392875742,0.398,0.167,1
"Gls",0.03441873659585,-0.528306349956386,0.231,0.4,1
"Nnat",0.0345256526857672,-1.06513397316435,0.185,0.333,1
"Atp6v1e1",0.0345470891656213,0.645679788949208,0.352,0.133,1
"Gm9958",0.0346304658246363,-0.385492352349249,0.019,0.1,1
"Gpn3",0.0346304658246363,-0.354624612978699,0.019,0.1,1
"Zfp94",0.0346304658246363,-0.3639244878846,0.019,0.1,1
"Hemk1",0.0346304658246363,-0.355648889505179,0.019,0.1,1
"Tmem121",0.0346304658246363,-0.384188412772633,0.019,0.1,1
"Zfp946",0.0346304658246363,-0.39275886261546,0.019,0.1,1
"Pcdhga7",0.0346304658246363,-0.457676473690508,0.019,0.1,1
"Osbpl2",0.0347495744566541,-0.520497799879521,0.093,0.233,1
"Snapc5",0.0347495744566541,-0.667070818990186,0.093,0.233,1
"Hspa5",0.0348529418999064,0.749104735127368,0.333,0.133,1
"Ppox",0.0353161165373349,-0.535205824177508,0.056,0.167,1
"Mal",0.0353656983368184,0.698923544647127,0.491,0.233,1
"mt-Rnr1",0.0353745422535051,0.470011304961312,0.648,0.433,1
"Naxd",0.0355337645412348,-0.494783233054986,0.093,0.233,1
"Pax6",0.0355631452125732,-0.544258630320076,0.231,0.4,1
"Tlk2",0.0357665703503926,0.593644740724055,0.259,0.067,1
"Magi2",0.0358305664430157,0.411838653274326,0.935,0.867,1
"Nrxn1",0.0358770798858895,-0.256380516844965,0.991,1,1
"Gm37510",0.0360193787754281,-0.426370394431845,0.019,0.1,1
"Faxc",0.0360193787754281,-0.347714037290907,0.019,0.1,1
"Mroh7",0.0360193787754281,-0.534389381392797,0.019,0.1,1
"Magoh",0.0360193787754281,-0.46527814878506,0.019,0.1,1
"Srrm4",0.0360193787754281,-0.394375348209818,0.019,0.1,1
"Rasa4",0.0360193787754281,-0.415581395325054,0.019,0.1,1
"Etfbkmt",0.0360193787754281,-0.457840858686606,0.019,0.1,1
"Dock6",0.0360193787754281,-0.267928549890537,0.019,0.1,1
"Coch",0.0360193787754281,-0.428935595717176,0.019,0.1,1
"Gxylt1",0.0360193787754281,-0.350150915969117,0.019,0.1,1
"Katnal2",0.0360193787754281,-0.332380215168113,0.019,0.1,1
"4930414N06Rik",0.0360193787754281,-0.308654903560644,0.019,0.1,1
"Fam13c",0.0360650772991757,-0.406327431877506,0.63,0.8,1
"Ubash3b",0.0360941718425782,-0.396307655344736,0.333,0.5,1
"Commd3",0.0362220782590443,-0.572957264253534,0.139,0.3,1
"Dok6",0.0362255662009993,-0.734467768560152,0.204,0.367,1
"Slc25a3",0.0362571377777295,0.600208362470254,0.63,0.367,1
"Cpeb3",0.036267118107846,0.597773242082004,0.472,0.233,1
"G3bp2",0.0362802269078936,0.715035629037306,0.185,0.033,1
"Pgk1",0.0366273904685583,0.605251512658108,0.194,0.033,1
"St7l",0.0368974011954616,-0.668926851748433,0.148,0.3,1
"Edil3",0.0369215131835675,0.662712930369786,0.63,0.467,1
"A330023F24Rik",0.0371417255866774,0.691319483395684,0.407,0.2,1
"Klhdc3",0.0371745252197959,-0.542490811726405,0.037,0.133,1
"Crip2",0.0373613920047523,0.711003131291948,0.194,0.033,1
"Polg",0.0373797289389535,-0.635203522990137,0.102,0.233,1
"A430103D13Rik",0.0374555084406042,-0.278515809988279,0.019,0.1,1
"Rnf220",0.0375672423287249,0.339374004957069,0.565,0.3,1
"Pip4p2",0.0375979656324669,-0.632287896130025,0.148,0.3,1
"Creb1",0.037670172075123,-0.699157424137292,0.287,0.433,1
"Tlcd4",0.0377330636017436,-0.606533755399239,0.13,0.267,1
"Med27",0.0377781358093831,0.652496343608073,0.185,0.033,1
"Cecr2",0.0381863641254091,0.562456699642545,0.25,0.067,1
"Plek",0.0382894104961131,-0.730983694432239,0.056,0.167,1
"Retreg1",0.0383219755802341,0.644114116514883,0.333,0.133,1
"Pip4k2a",0.0383313937905363,-0.462206963354527,0.463,0.667,1
"Tmem191c",0.0383497352209777,-0.598608396473888,0.037,0.133,1
"Slc25a4",0.038446138811099,0.507233968411952,0.583,0.333,1
"Gpi1",0.0387789377177312,-0.599018149246261,0.296,0.433,1
"Thap3",0.0388574837356558,0.461459981115531,0.306,0.1,1
"Myt1l",0.0388670052069555,0.654964110172113,0.194,0.033,1
"Qsox1",0.0389400825120208,-0.377345032399891,0.019,0.1,1
"Gm27200",0.0389400825120208,-0.30804710015418,0.019,0.1,1
"Atxn7l3",0.0389400825120208,-0.36123388361482,0.019,0.1,1
"Mapkapk2",0.0390204308934768,0.545335505583018,0.13,0,1
"Pdhx",0.0390204308934768,0.71424908750472,0.13,0,1
"Ckmt1",0.0390204308934768,0.583050940792541,0.13,0,1
"Ythdf1",0.0390204308934768,0.582979974917498,0.13,0,1
"Impa1",0.0390204308934768,0.536936874236868,0.13,0,1
"Dpp6",0.0390204308934768,0.582716382522476,0.13,0,1
"Polr2j",0.0390204308934768,0.564380339306031,0.13,0,1
"Fscn1",0.0390204308934768,0.511806591675753,0.13,0,1
"Arpc1b",0.0390204308934768,0.577982732973468,0.13,0,1
"Bpgm",0.0390204308934768,0.440406600723689,0.13,0,1
"Zfp862-ps",0.0390204308934768,0.484109504687364,0.13,0,1
"Kbtbd2",0.0390204308934768,0.464271654240034,0.13,0,1
"Fem1b",0.0390204308934768,0.513061129057191,0.13,0,1
"Pdcd6ip",0.0390204308934768,0.537081790419018,0.13,0,1
"Ccdc25",0.0390204308934768,0.563441645814567,0.13,0,1
"Zfp40",0.0390204308934768,0.436923283307856,0.13,0,1
"Prrt1",0.0390204308934768,0.513347183564923,0.13,0,1
"Sft2d3",0.0390204308934768,0.519746987222342,0.13,0,1
"Lrch2",0.0390204308934768,0.48975427359915,0.13,0,1
"Pum2",0.0391543303262607,-0.590423254546026,0.241,0.4,1
"Gigyf1",0.03932667076903,-0.602539545483104,0.056,0.167,1
"Adssl1",0.039556379361429,-0.589078770302636,0.037,0.133,1
"Tsc22d2",0.0395868130189222,-0.544743974280374,0.157,0.3,1
"Klhl2",0.0396827805205472,0.534051481301246,0.454,0.2,1
"Hnrnpu",0.0398273406079562,-0.455988111869418,0.537,0.667,1
"Ndufb10",0.0399393690711666,0.615904436614753,0.287,0.1,1
"Sec11c",0.0399393690711666,0.733845982945542,0.287,0.1,1
"Prdx6",0.0400406809461884,-0.523992976106531,0.602,0.7,1
"4933439C10Rik",0.0404743450511317,-0.368806029418348,0.019,0.1,1
"Arrb1",0.0406040869698585,0.524741221326722,0.287,0.1,1
"Wasf3",0.0406450102077593,0.601011387426079,0.5,0.233,1
"Gmds",0.0407284920005431,0.521362574885315,0.241,0.067,1
"B4galt5",0.0407950971999206,-0.521684178205074,0.037,0.133,1
"Gm40841",0.0407950971999206,-0.775708344072709,0.037,0.133,1
"Chrac1",0.0407950971999206,-0.502197979548532,0.037,0.133,1
"Tiam1",0.0407950971999206,-0.413908290153278,0.037,0.133,1
"Tbc1d31",0.0409271194641787,-0.455842247970132,0.074,0.2,1
"Rbx1",0.0409322114125464,0.6770960710188,0.185,0.033,1
"Ntrk3",0.0412219034516497,0.594408564887214,0.194,0.033,1
"Atp6v0a1",0.0414324640983436,0.589614385498153,0.333,0.133,1
"D030055H07Rik",0.0414728869293092,-0.498278267819333,0.056,0.167,1
"Prr16",0.0417547175367284,-0.61745423254294,0.12,0.267,1
"Chd7",0.0420462643792649,-0.661187517477237,0.398,0.533,1
"Samhd1",0.0420665347376582,-0.435356188355791,0.037,0.133,1
"Pnkp",0.0420665347376582,-0.61342226543118,0.037,0.133,1
"Cnot7",0.0420665347376582,-0.50548979547864,0.037,0.133,1
"Gstt1",0.0420665347376582,-0.508164931493235,0.037,0.133,1
"4930556J24Rik",0.0420665347376582,-0.515712096092318,0.037,0.133,1
"3110039M20Rik",0.0420665347376582,-0.463633973277983,0.037,0.133,1
"Atxn7l3b",0.0423338330824928,0.637058097255416,0.407,0.2,1
"Ranbp10",0.0424918703284758,-0.515639256252094,0.102,0.233,1
"Tmem163",0.0425826727295381,-0.475886811361294,0.056,0.167,1
"Tmem108",0.0425826727295381,-0.515718715855792,0.056,0.167,1
"Stard4",0.0425826727295381,-0.463307010464047,0.056,0.167,1
"Ccdc85b",0.0425911717073553,0.606470340382693,0.185,0.033,1
"Golga2",0.0429121742398846,-0.420608377768946,0.074,0.2,1
"Rpl11",0.042924522904514,0.594311116805024,0.38,0.167,1
"Uhrf2",0.0430513019132664,-0.599878242783088,0.241,0.4,1
"Nolc1",0.0433713442700557,-0.430345683070118,0.037,0.133,1
"Ambra1",0.0433715114646477,-0.529974293465423,0.444,0.6,1
"Cox8a",0.0435309120715977,0.741628894694918,0.565,0.333,1
"Cnr1",0.0437174693920274,-0.416052552946629,0.056,0.167,1
"Sh3rf1",0.0438957673819122,0.533192109523148,0.176,0.033,1
"Macf1",0.0440907873284474,-0.270067055907844,0.954,0.967,1
"Rpl3",0.04420549563108,0.725871453305782,0.38,0.167,1
"Zfp1",0.0443223079889638,-0.60801013186381,0.102,0.233,1
"Rasa2",0.0445211118396379,0.676608674363577,0.454,0.233,1
"Szt2",0.0447101842304512,-0.339507279673986,0.037,0.133,1
"Zfand4",0.0447101842304512,-0.470622110359132,0.037,0.133,1
"Dnaaf10",0.0447101842304512,-0.418424999690833,0.037,0.133,1
"Hnrnpa3",0.0447553207031625,0.304475779921918,0.426,0.2,1
"Rock1",0.0447610752487237,-0.577713582375026,0.315,0.467,1
"5330432J10Rik",0.0448777004208108,-0.509634088423591,0.056,0.167,1
"Slc22a23",0.0449659349084627,-0.524943738722098,0.417,0.567,1
"Zfp827",0.0449802135014183,-0.603262732386196,0.13,0.267,1
"Ddo",0.0451860128707287,-0.577212354486531,0.12,0.267,1
"Gm29514",0.0456925823444197,0.520579540267754,0.176,0.033,1
"Parn",0.0457704428235664,-0.636776067791389,0.157,0.3,1
"Ptpn13",0.045853533435593,-0.632736247159847,0.13,0.267,1
"Ttyh1",0.0460433324752397,0.52875136768063,0.731,0.567,1
"Gtf2a2",0.0460800548787843,0.573232811172043,0.185,0.033,1
"Snrnp35",0.0460837190256806,-0.402419616029385,0.037,0.133,1
"Ctsb",0.0462670403145454,0.553022208500902,0.287,0.1,1
"Dop1b",0.0462670403145454,-0.613638628694233,0.213,0.367,1
"Nr2c2",0.0463702189523708,0.613983873311299,0.324,0.133,1
"2210016L21Rik",0.0466139828593159,0.538662556129614,0.176,0.033,1
"Abtb2",0.0466465496288221,0.288684498410733,0.25,0.067,1
"Tmpo",0.0471924561614217,-0.627132332589504,0.102,0.233,1
"Gm20646",0.0472360381781317,-0.7318077576523,0.139,0.267,1
"Serac1",0.0472761759050414,-0.523875713329651,0.056,0.167,1
"Zswim3",0.0474926188634319,-0.444533420660361,0.037,0.133,1
"Prmt3",0.0474926188634319,-0.342492001076057,0.037,0.133,1
"Mtfmt",0.0474926188634319,-0.440585820568469,0.037,0.133,1
"Ilkap",0.0475798049910059,0.467273625816688,0.12,0,1
"Parm1",0.0475798049910059,0.488665599542923,0.12,0,1
"C1galt1",0.0475798049910059,0.523252605371378,0.12,0,1
"Copg1",0.0475798049910059,0.475287845555821,0.12,0,1
"Ppp5c",0.0475798049910059,0.405969830291005,0.12,0,1
"Bcar1",0.0475798049910059,0.415005566056321,0.12,0,1
"D630033O11Rik",0.0475798049910059,0.53132657050438,0.12,0,1
"Gm28379",0.0475798049910059,0.494505509477203,0.12,0,1
"Bfsp2",0.0475798049910059,0.565008699140781,0.12,0,1
"Abhd5",0.0475798049910059,0.489453314072272,0.12,0,1
"Sf3b5",0.0475798049910059,0.492074046281343,0.12,0,1
"Sar1a",0.0475798049910059,0.52839687667191,0.12,0,1
"Sbno2",0.0475798049910059,0.524822264483133,0.12,0,1
"Nup88",0.0475798049910059,0.504513283151907,0.12,0,1
"Coa3",0.0475798049910059,0.548449940929435,0.12,0,1
"Nefm",0.0475798049910059,0.502372015483574,0.12,0,1
"Eef1d",0.0475798049910059,0.522663179397836,0.12,0,1
"Tomm22",0.0475798049910059,0.702012069772506,0.12,0,1
"Map3k13",0.0475798049910059,0.404429237116848,0.12,0,1
"Rps10",0.0475798049910059,0.532580042204921,0.12,0,1
"Enpp5",0.0475798049910059,0.423607412666245,0.12,0,1
"Syt4",0.0475798049910059,0.544812795711312,0.12,0,1
"Gm16068",0.0475798049910059,0.545827658875181,0.12,0,1
"Lrpap1",0.0476430666728699,-0.543556433172065,0.13,0.267,1
"Tubb4b",0.0476860259881662,0.589899756195899,0.241,0.067,1
"Nsg2",0.0478257032691075,0.687320199645454,0.231,0.067,1
"Rpl35a",0.0478262336735973,0.615558523706373,0.231,0.067,1
"Tasor2",0.0478623664559258,0.65089524746768,0.222,0.067,1
"Psmc6",0.0478654141018282,0.644512575888385,0.361,0.167,1
"Trmt1l",0.0479128758051319,0.528079773864957,0.185,0.033,1
"Nfe2l1",0.0479128758051319,0.485334283198606,0.185,0.033,1
"Psmb1",0.0479128758051319,0.588163878574756,0.185,0.033,1
"Slc13a1",0.0485174103919225,0.535278912276605,0.241,0.067,1
"Sorcs2",0.0485555875712638,-0.597888590603138,0.213,0.367,1
"Syt1",0.0486280658032406,0.637950621823253,0.565,0.367,1
"Ddx5",0.0487467045342419,0.333380926887413,0.907,0.8,1
"Eloc",0.0488520230192079,0.452473974843712,0.185,0.033,1
"Sar1b",0.0488520230192079,0.53658728384141,0.185,0.033,1
"Tchp",0.0489375595713094,-0.417729144548043,0.037,0.133,1
"Tnrc6a",0.0489454045485683,0.530385601333542,0.38,0.167,1
"C130071C03Rik",0.0490351816541225,-0.422488072001716,0.657,0.8,1
"C2cd5",0.04912897529048,-0.580981713640532,0.25,0.367,1
"mt-Nd2",0.0491602232221327,0.658105926788059,0.472,0.267,1
"Eif4e2",0.049490948964011,-0.599699069559707,0.13,0.267,1
"Fbxo9",0.049490948964011,-0.727997231442976,0.13,0.267,1
"Tanc1",0.0495298445950117,0.552930886840056,0.231,0.067,1
"Tmem234",0.0496146148476331,0.55578416394993,0.278,0.1,1
"St6galnac5",0.049882304386466,-0.651867957144271,0.491,0.667,1
"Sv2a",0.0502167267192616,0.539622406831058,0.241,0.067,1
"Dmxl1",0.0503600766700246,-0.538885165855508,0.37,0.533,1
"Echdc2",0.0504192224075404,-0.460303154615519,0.037,0.133,1
"Jmy",0.0504372085258233,-0.563791125589375,0.13,0.267,1
"Tpm1",0.0504781734938711,0.658793589369206,0.222,0.067,1
"Gm5086",0.0505122269781416,-0.396616437953949,0.074,0.2,1
"Spats2",0.0507356875241814,-0.647663741806751,0.083,0.2,1
"Padi2",0.0512610804900289,-0.480763325079429,0.102,0.233,1
"Nrgn",0.0513659947154195,0.572283428197943,0.778,0.533,1
"Gtf2h5",0.0514587440850955,0.545460071842456,0.176,0.033,1
"Fam234a",0.0514587440850955,0.658384063346876,0.176,0.033,1
"Klhdc10",0.0518335889849424,-0.403326039258368,0.241,0.4,1
"Nsd3",0.0518520916703047,0.370252258639467,0.472,0.233,1
"Park7",0.0522877729766236,0.600185596144798,0.222,0.067,1
"Pclo",0.0523674561170577,0.623965348813377,0.389,0.2,1
"Ppp2r2a",0.0523772302934819,0.551255364787299,0.352,0.167,1
"Cdk11b",0.0525407774573953,-0.563513271017686,0.231,0.367,1
"Frmpd1",0.0530102202640229,-0.576492004088991,0.222,0.367,1
"Tle5",0.053212724684261,0.56925927497673,0.222,0.067,1
"Wdfy3",0.0532547873771526,0.405746064484507,0.472,0.233,1
"Phykpl",0.053511303569825,0.564713034402611,0.176,0.033,1
"Ugcg",0.0537477211397873,-0.342619643591585,0.056,0.167,1
"Nfix",0.0537769102584003,0.52510809902172,0.361,0.167,1
"Stxbp6",0.0538628362336491,0.48272665665425,0.407,0.167,1
"Snap47",0.0541513051259,0.70196532047787,0.222,0.067,1
"Qki",0.0541705045608734,0.265163026134297,0.954,0.967,1
"Itsn1",0.0545569933368005,-0.707076452265399,0.287,0.433,1
"Rnpep",0.0545629539998581,0.586079008280868,0.176,0.033,1
"Rps16",0.0549487785406039,0.621322509130908,0.231,0.067,1
"Wdr47",0.0551850040215278,0.570347945064071,0.167,0.033,1
"Amd1",0.0551850040215278,0.561051584670263,0.167,0.033,1
"Chmp2b",0.0554295004292371,-0.483020592037218,0.083,0.2,1
"Vamp4",0.055496811587636,0.580665321951306,0.278,0.1,1
"Camk1d",0.0555535122425223,0.6033104229456,0.741,0.567,1
"Ell",0.0556193325043243,-0.445772749282306,0.102,0.233,1
"Rnps1",0.0556317882114683,0.498653812161643,0.176,0.033,1
"Srcin1",0.0561455832687181,0.632601712118094,0.306,0.133,1
"Ermn",0.0561668060702154,0.662429124346428,0.389,0.2,1
"Tomm40",0.0562880030273844,0.561940308103166,0.167,0.033,1
"Rufy2",0.0564535520397332,0.395313211875064,0.324,0.133,1
"Mapk1ip1l",0.0567172560777609,0.493136919447584,0.176,0.033,1
"Nsfl1c",0.0567268989632952,-0.268338192543351,0.037,0.133,1
"Senp6",0.0567721743167451,0.464245244624303,0.417,0.2,1
"Mir9-3hg",0.0568748198025126,0.6132159408115,0.407,0.2,1
"Cap2",0.0570603482002918,0.705756681324398,0.25,0.1,1
"Srek1",0.0572084545578809,-0.58436258041929,0.407,0.533,1
"Luzp1",0.0575287913027045,-0.472183154182832,0.185,0.333,1
"Camta1",0.0577499073173867,-0.659334202308011,0.315,0.467,1
"Cacng7",0.0578676910312596,-0.583700832483423,0.139,0.267,1
"Cfap97",0.0579088782997531,-0.495514667196036,0.083,0.2,1
"Tatdn1",0.0579088782997531,-0.532340374201151,0.083,0.2,1
"2410004B18Rik",0.0579116868814976,-0.472628458473964,0.102,0.233,1
"Akr1b3",0.0579741248656511,0.385637818037174,0.111,0,1
"Efhd1",0.0579753233221166,0.408617408962102,0.111,0,1
"Tnni1",0.0579753233221166,0.506923637669745,0.111,0,1
"Uchl5",0.0579753233221166,0.425670999124077,0.111,0,1
"Pla2g4a",0.0579753233221166,0.501587751013334,0.111,0,1
"Mettl11b",0.0579753233221166,0.435882639067837,0.111,0,1
"Rcsd1",0.0579753233221166,0.461144325810171,0.111,0,1
"Gm13905",0.0579753233221166,0.43509336226092,0.111,0,1
"Snx16",0.0579753233221166,0.418731458716396,0.111,0,1
"Rbm8a",0.0579753233221166,0.478427591793342,0.111,0,1
"Sec61b",0.0579753233221166,0.482011247583514,0.111,0,1
"Slc2a1",0.0579753233221166,0.425985191564739,0.111,0,1
"Dhdds",0.0579753233221166,0.453255500375932,0.111,0,1
"Slc8b1",0.0579753233221166,0.461313950345018,0.111,0,1
"Bcl7a",0.0579753233221166,0.422523827530372,0.111,0,1
"Vps33a",0.0579753233221166,0.4939232140955,0.111,0,1
"Arl6ip4",0.0579753233221166,0.368221323487734,0.111,0,1
"Foxj2",0.0579753233221166,0.556657843811796,0.111,0,1
"Cdkn1b",0.0579753233221166,0.5692618375543,0.111,0,1
"Bax",0.0579753233221166,0.404141975049111,0.111,0,1
"Ramac",0.0579753233221166,0.412161054304386,0.111,0,1
"Mrps31",0.0579753233221166,0.514792192633887,0.111,0,1
"Uba52",0.0579753233221166,0.469950361741416,0.111,0,1
"Zfp276",0.0579753233221166,0.349963093988551,0.111,0,1
"Dcps",0.0579753233221166,0.391637817220417,0.111,0,1
"Klhl18",0.0579753233221166,0.528919767894072,0.111,0,1
"Ppil4",0.0579753233221166,0.533476741480229,0.111,0,1
"Rin3",0.0579753233221166,0.41432549614284,0.111,0,1
"Tubb2b",0.0579753233221166,0.462979084597943,0.111,0,1
"6230400D17Rik",0.0579753233221166,0.514987166489364,0.111,0,1
"Gm10076",0.0579753233221166,0.545095693107398,0.111,0,1
"Mpped1",0.0579753233221166,0.478952153721287,0.111,0,1
"Phf21b",0.0579753233221166,0.461954005145498,0.111,0,1
"Ercc4",0.0579753233221166,0.462289321361247,0.111,0,1
"Pcnx3",0.0579753233221166,0.444107452099698,0.111,0,1
"Osbp",0.0579753233221166,0.484290630627371,0.111,0,1
"Tiprl",0.0580442328406566,0.602864087710108,0.222,0.067,1
"Car2",0.0584083294073161,0.465974301279912,0.62,0.467,1
"Pmpca",0.0588237965985602,-0.709728973329982,0.093,0.2,1
"Gm48967",0.0589434332152865,0.425087661280621,0.176,0.033,1
"Derl1",0.0589434332152865,0.467198619387509,0.176,0.033,1
"Tmem151a",0.0589434332152865,0.500860653914795,0.176,0.033,1
"Ogdh",0.0590278102482107,-0.571009785274476,0.269,0.4,1
"Tbc1d16",0.0590869892516214,-0.404165542840796,0.102,0.233,1
"Dnaja1",0.0591115041097515,0.576910522589469,0.278,0.1,1
"Slc7a2",0.0591115041097515,-0.455487881823623,0.204,0.367,1
"Slc12a2",0.0591323005443389,0.355013099839146,0.454,0.233,1
"Stard8",0.0591539671588764,0.563351521434779,0.213,0.067,1
"Gm37459",0.0593638157242342,0.628713186903034,0.315,0.133,1
"Selenop",0.0594910842562155,0.472275696529753,0.333,0.133,1
"Cd2ap",0.0594910842562155,0.488183667420399,0.333,0.133,1
"Adipor2",0.059643002848174,0.847720945070919,0.306,0.133,1
"Emc2",0.0599192174231474,0.526179222782656,0.25,0.1,1
"Purb",0.0600450963367473,0.541746481767652,0.278,0.1,1
"Ctr9",0.0600830462065283,0.423730403564306,0.176,0.033,1
"Dhx57",0.0600830462065283,0.479668416353607,0.176,0.033,1
"Dcbld2",0.0601024329439341,-0.52044135247931,0.065,0.167,1
"Gm10790",0.0604581193722394,-0.520416375509896,0.222,0.367,1
"Skp1",0.0608851253890382,0.66009704539503,0.167,0.033,1
"Ptma",0.0610403169551076,0.646896567009415,0.481,0.267,1
"Ywhae",0.0610403169551076,0.658050590096838,0.481,0.267,1
"Dtnb",0.0611153293068651,0.493457445227979,0.222,0.067,1
"Gli2",0.0611436070078567,-0.531412884840711,0.287,0.433,1
"Serp2",0.0612408686700487,0.483547889090033,0.176,0.033,1
"Dnm3",0.0614502484800849,0.598717853981368,0.593,0.4,1
"Acbd6",0.061886732018579,0.278747754852061,0.231,0.067,1
"Metap2",0.0619489758370438,0.473948201859612,0.278,0.1,1
"Bclaf3",0.0620817874632594,-0.560331662545208,0.111,0.233,1
"Ksr1",0.06241710795063,0.394804754555508,0.176,0.033,1
"Trf",0.0624190044763629,0.670757175933047,0.574,0.4,1
"Snx24",0.0626311125542974,-0.703956095451309,0.231,0.367,1
"Atp1b2",0.0628894160000465,-0.529483033699363,0.287,0.433,1
"Dram2",0.0632978448015934,0.519205363434224,0.167,0.033,1
"Itih3",0.0632978448015934,0.573716188095809,0.167,0.033,1
"Ndufb3",0.0634106540221479,0.670045874378692,0.213,0.067,1
"Ppp1r16b",0.063583598586359,0.637020218295189,0.389,0.2,1
"Foxo3",0.0639972014282265,-0.506838903961212,0.167,0.3,1
"Osbpl11",0.0640561315757324,-0.426265125288599,0.176,0.333,1
"Nrg3",0.064266526878754,-0.405096890526386,0.241,0.367,1
"Gm48512",0.064454196840337,0.531620879209556,0.324,0.133,1
"Cdh23",0.0645128256623644,-0.372352148051394,0.083,0.2,1
"Malsu1",0.0645335199907777,0.55096142337985,0.167,0.033,1
"Plxnb3",0.0645335199907777,0.487521955983107,0.167,0.033,1
"Gm45846",0.0645509563481944,-0.501013759400688,0.065,0.167,1
"Brix1",0.0645509563481944,-0.521583420826615,0.065,0.167,1
"Cfh",0.0648663513430259,-0.58580856819496,0.157,0.3,1
"Rhou",0.0648926029373729,-0.646684600433584,0.306,0.433,1
"Fat3",0.0652711795595882,0.357299065316656,0.546,0.3,1
"Fabp3",0.0657890362712549,0.497564532193086,0.167,0.033,1
"Tmem65",0.0657890362712549,0.580436338969511,0.167,0.033,1
"Fxyd1",0.0659055435861106,-0.441401439683188,0.083,0.2,1
"Pcsk2",0.0659067071224839,0.486747091623979,0.278,0.1,1
"Mat2a",0.065916724569089,0.581492516887061,0.481,0.267,1
"Ypel2",0.0662065506350155,0.488205074702554,0.481,0.3,1
"Pld1",0.0667990833851804,0.573534748329314,0.315,0.133,1
"Afg1l",0.0668678610581824,-0.424425335036173,0.213,0.367,1
"Katnip",0.0669280524129895,0.451149447688381,0.278,0.1,1
"Ptpre",0.0670646174975614,0.451699555468564,0.167,0.033,1
"Fam131a",0.0670646174975614,0.481913004011905,0.167,0.033,1
"Cdh10",0.0672792282045147,0.388135849221195,0.824,0.7,1
"Snx29",0.06737857033996,0.546613554439184,0.454,0.233,1
"Slc12a6",0.0676650042696296,-0.384894437027627,0.065,0.167,1
"Kcnk13",0.0678191107511883,0.582008276427439,0.259,0.1,1
"Atp7a",0.0678798838436359,0.548266771825824,0.157,0.033,1
"2300009A05Rik",0.0680746125505959,-0.753810914355574,0.093,0.2,1
"Ep400",0.0681280313255651,0.645792849161322,0.25,0.1,1
"Pdia6",0.0681753829081332,0.544462948165869,0.306,0.133,1
"Chgb",0.0681759007834227,0.57704964457224,0.306,0.133,1
"Sh3glb2",0.0683604880978954,-0.490945217658933,0.111,0.233,1
"Kcnn2",0.0689863459058385,0.674942165364841,0.5,0.333,1
"Taf15",0.069183322993593,-0.523290831457568,0.352,0.467,1
"Rab3gap2",0.0692182744871533,0.633577396489998,0.204,0.067,1
"Spag9",0.0692235425446272,-0.401585853615441,0.694,0.8,1
"Abca5",0.0692677746231446,-0.414426646819455,0.065,0.167,1
"Btg2",0.0696768730328687,-0.383142685022028,0.111,0.233,1
"Sin3b",0.0696768730328687,-0.516676349125972,0.111,0.233,1
"Htra1",0.069938082766995,0.4692946164624,0.639,0.4,1
"Nkain2",0.0700281553876799,0.567542930074145,0.713,0.633,1
"Lypd6",0.0702569578813681,-0.477604805348587,0.352,0.5,1
"Zfp950",0.0704389924688937,0.502049551047672,0.38,0.167,1
"Ercc5",0.0705811713284846,0.569389223097163,0.157,0.033,1
"Spg20",0.0705811713284846,0.471978619160245,0.157,0.033,1
"Lrrfip1",0.0706116765642952,0.421446447119042,0.102,0,1
"Slx4ip",0.0706116765642952,0.391757426160696,0.102,0,1
"Polr3gl",0.0706116765642952,0.489513574424249,0.102,0,1
"Zfp37",0.0706116765642952,0.403906677656156,0.102,0,1
"Pmpcb",0.0706116765642952,0.424660428113088,0.102,0,1
"Zfyve28",0.0706116765642952,0.375444937105375,0.102,0,1
"Cux2",0.0706116765642952,0.393900856685329,0.102,0,1
"Agfg2",0.0706116765642952,0.460932899806446,0.102,0,1
"Dync1i1",0.0706116765642952,0.505819913837779,0.102,0,1
"Tmem176b",0.0706116765642952,0.456761718100223,0.102,0,1
"Paip2b",0.0706116765642952,0.435925209672115,0.102,0,1
"Sec13",0.0706116765642952,0.46859030922291,0.102,0,1
"Mrpl51",0.0706116765642952,0.440923112740187,0.102,0,1
"Ndufa9",0.0706116765642952,0.568827079695219,0.102,0,1
"Smco3",0.0706116765642952,0.321678084631205,0.102,0,1
"Tmem219",0.0706116765642952,0.425403635008642,0.102,0,1
"Dcun1d2",0.0706116765642952,0.395611022580849,0.102,0,1
"2610044O15Rik8",0.0706116765642952,0.36701495738159,0.102,0,1
"Pfkl",0.0706116765642952,0.394675064734206,0.102,0,1
"Cry1",0.0706116765642952,0.409972242335113,0.102,0,1
"Ccng1",0.0706116765642952,0.437498754777271,0.102,0,1
"Guk1",0.0706116765642952,0.391473762851762,0.102,0,1
"Fasn",0.0706116765642952,0.405591792891402,0.102,0,1
"Pld4",0.0706116765642952,0.49669829756608,0.102,0,1
"ENSMUSG00000120777",0.0706116765642952,0.339341672735873,0.102,0,1
"4930453N24Rik",0.0706116765642952,0.405429522561281,0.102,0,1
"Ubxn1",0.0706116765642952,0.423514636452612,0.102,0,1
"Klhl4",0.0706116765642952,0.36476122819243,0.102,0,1
"Dnajb4",0.0710139977534416,0.44318738096691,0.167,0.033,1
"Eftud2",0.0710139977534416,0.386795031781218,0.167,0.033,1
"Lims1",0.0710179221488238,0.382864596839858,0.426,0.2,1
"4930581F22Rik",0.0710726548651461,0.519655070065807,0.259,0.1,1
"Hacd3",0.0710786879890835,-0.551527760747132,0.231,0.367,1
"Slc9a7",0.0713738089728018,-0.561624215568146,0.046,0.133,1
"Cript",0.0714356015513283,0.557128338245903,0.25,0.1,1
"Nav3",0.0715906080003348,-0.573360792193555,0.481,0.567,1
"Stmn4",0.0716033458923325,0.563724985129551,0.296,0.133,1
"Atp2b4",0.0717263344629394,-0.394634536759769,0.083,0.2,1
"Fign",0.0721851971099858,0.561663251548746,0.259,0.1,1
"Plxnb1",0.0723360777435982,0.461183394964545,0.222,0.067,1
"Tiam2",0.0723360777435982,0.440228525862548,0.222,0.067,1
"Ctnnb1",0.0723720881580458,0.477168172485662,0.167,0.033,1
"Erbin",0.0725564112030251,0.42544072578413,0.611,0.367,1
"Taf1",0.07268418213,0.479983801027178,0.213,0.067,1
"Acin1",0.0727553159221182,-0.461088647142423,0.315,0.467,1
"Rbfox1",0.0730788469487687,-0.563879269882856,0.444,0.567,1
"Emp2",0.0732883332258822,-0.579240380403473,0.046,0.133,1
"Klhl13",0.0732883332258822,-0.426943802393184,0.046,0.133,1
"Tro",0.0732883332258822,-0.641830552809312,0.046,0.133,1
"Ppp1r2",0.0733101168284463,0.494787742733126,0.259,0.1,1
"Tmem59l",0.0733700086461678,0.564840913765803,0.157,0.033,1
"Ppp1r12a",0.0733830557841319,-0.451916668897727,0.435,0.567,1
"Psma7",0.0737129119021935,0.779124744927302,0.25,0.1,1
"Tmem63a",0.0737513705488975,0.414526222561268,0.167,0.033,1
"Gm34408",0.0737513705488975,0.343933233211544,0.167,0.033,1
"Gm10125",0.0739177456243845,0.568652432462841,0.213,0.067,1
"Slc1a4",0.0747713295972404,0.465991070578677,0.222,0.067,1
"Stk4",0.0747978650304107,0.501003906969112,0.157,0.033,1
"Rpl7a",0.074873634611782,0.536799081681588,0.25,0.1,1
"Gm19710",0.0750718610066265,0.405565561992229,0.269,0.1,1
"Jph1",0.0751520715875049,0.299205404336582,0.167,0.033,1
"Lzts2",0.0752384674189946,-0.595266965717767,0.12,0.233,1
"Gm38304",0.0752446630701096,-0.421573280233736,0.046,0.133,1
"Nlrp1b",0.0752446630701096,-0.506148633655638,0.046,0.133,1
"Cyb5d2",0.0752446630701096,-0.489810386284354,0.046,0.133,1
"2610035D17Rik",0.0755295791965628,0.524823477249731,0.435,0.233,1
"Tuba1b",0.0756074010328483,0.543838626780702,0.259,0.1,1
"Cox4i1",0.075811620075019,0.670028562734129,0.556,0.433,1
"Setbp1",0.0758401352221802,0.568317867977331,0.472,0.267,1
"2210408I21Rik",0.0758499230823466,-0.490350408563361,0.296,0.433,1
"Gm36944",0.0759313056711532,-0.569169843098601,0.12,0.233,1
"Camk2g",0.0761288535494457,0.457607126658686,0.509,0.3,1
"Ndufv1",0.0762483374958232,0.475486229176951,0.157,0.033,1
"Tom1l2",0.0762609959833276,-0.389851945895039,0.537,0.6,1
"Ap4e1",0.0763629483065293,-0.332962568222018,0.083,0.2,1
"Ly6h",0.0763839001317404,0.582315261167669,0.241,0.1,1
"Adamtsl1",0.0764694604480448,-0.475325805126065,0.231,0.367,1
"Actg1",0.0765486461526492,0.428870764273318,0.454,0.233,1
"Tnpo3",0.0765804151218069,0.470722777462045,0.306,0.133,1
"Zfp36l1",0.0765804151218069,0.60484858367701,0.306,0.133,1
"Scn2a",0.0767101021589906,0.607273826639296,0.204,0.067,1
"Rhobtb2",0.0767101021589906,0.544063579992828,0.204,0.067,1
"St18",0.0767110868698246,0.642492257688731,0.583,0.433,1
"Srgap3",0.0767539919194596,0.51771908781559,0.731,0.567,1
"ENSMUSG00000121085",0.0767788291965567,0.465787500831903,0.259,0.1,1
"Bbip1",0.0767788291965567,0.609744490384931,0.259,0.1,1
"Rhbdl2",0.0771158619685444,-0.40024486806229,0.028,0.1,1
"D130007C19Rik",0.0771158619685444,-0.390718765812972,0.028,0.1,1
"Trim28",0.0771158619685444,-0.39702842401885,0.028,0.1,1
"Nckipsd",0.0771158619685444,-0.43615515109961,0.028,0.1,1
"Dna2",0.0771158619685444,-0.589233057071242,0.028,0.1,1
"Spats1",0.0771158619685444,-0.4286802591657,0.028,0.1,1
"Elk4",0.0772434206098636,-0.422416390732339,0.046,0.133,1
"Ctbs",0.0772434206098636,-0.400570883753974,0.046,0.133,1
"Ngrn",0.0772434206098636,-0.465117618776039,0.046,0.133,1
"Cyba",0.0772434206098636,-0.371163882734366,0.046,0.133,1
"Vma21",0.0772434206098636,-0.421907448921947,0.046,0.133,1
"Ankhd1",0.0775208997490066,0.45323353351373,0.444,0.233,1
"Dhx30",0.0776874308613143,0.511029545428315,0.306,0.133,1
"Tmem33",0.0777206798010575,0.428073481681584,0.157,0.033,1
"Eif3j1",0.0777214529105159,0.455176521307543,0.213,0.067,1
"Nudt4",0.0777216696369784,0.404664040895544,0.157,0.033,1
"Clmn",0.0778411061648506,0.342953414993507,0.639,0.433,1
"Shtn1",0.0781502088723435,0.530675694685554,0.296,0.133,1
"Vsir",0.0781530664549635,-0.60455684786231,0.139,0.267,1
"Fjx1",0.0782051319512029,-0.679195890184549,0.185,0.3,1
"Gm2629",0.078256476502669,-0.461656591119385,0.213,0.367,1
"Snx32",0.0783894610333779,-0.431318192864454,0.287,0.433,1
"N4bp2l2",0.0785810001998397,-0.508123902520596,0.324,0.467,1
"Prickle1",0.0789687646060614,-0.606941218798921,0.296,0.433,1
"Sdhb",0.0790242317573197,0.360921826837506,0.213,0.067,1
"Kazn",0.0790242317573197,0.444687124400709,0.213,0.067,1
"Mxd4",0.0790242317573197,0.455652026661,0.213,0.067,1
"Ssr4",0.0790242317573197,0.468487885706964,0.213,0.067,1
"Rgs4",0.0792181053028074,0.484889325345954,0.157,0.033,1
"Slc16a6",0.0792181053028074,0.513970040408951,0.157,0.033,1
"Arel1",0.079279630406946,-0.486777905934026,0.093,0.2,1
"Ddx31",0.0792852289652173,-0.39901179693293,0.046,0.133,1
"ENSMUSG00000120262",0.0792852289652173,-0.479159021185861,0.046,0.133,1
"Anxa3",0.0792852289652173,-0.552406166211637,0.046,0.133,1
"AI987944",0.0792852289652173,-0.380439839200971,0.046,0.133,1
"Cgrrf1",0.0792852289652173,-0.371948720192981,0.046,0.133,1
"Crybg3",0.0792852289652173,-0.411518506890801,0.046,0.133,1
"Vcl",0.0794901351325064,-0.624650824359477,0.38,0.5,1
"Zfp329",0.0795018137412904,0.533878160468502,0.435,0.267,1
"Gm42620",0.0795912799167935,-0.416102444341686,0.028,0.1,1
"Fkbp9",0.0795912799167935,-0.416171955818056,0.028,0.1,1
"Vps4a",0.0795912799167935,-0.450353561273472,0.028,0.1,1
"Oaf",0.0795912799167935,-0.377437542561449,0.028,0.1,1
"Immp2l",0.0799422734025475,0.591935518328309,0.306,0.133,1
"Dhcr7",0.0800782558744812,-0.577927530605692,0.093,0.2,1
"Dnajb12",0.0803439523319669,0.413050635543596,0.213,0.067,1
"Tenm2",0.0803579645270939,-0.702179179276063,0.204,0.333,1
"Srp9",0.0807378885432422,0.417955625714655,0.157,0.033,1
"Eif4ebp2",0.0807378885432422,0.499676692424544,0.157,0.033,1
"Ncam2",0.0807626661029819,0.503127509509535,0.722,0.6,1
"Nim1k",0.0808292923310877,0.408708017856473,0.472,0.233,1
"Limch1",0.0808594392338459,0.622219172695772,0.602,0.433,1
"Vip",0.0809736054661017,-0.482686174552386,0.111,0.233,1
"Smarcd1",0.0811533375023701,0.372583427025939,0.222,0.067,1
"Dock10",0.0811965638830993,0.491960535093883,0.796,0.633,1
"Dgkb",0.0811990432543712,0.430306311053212,0.898,0.8,1
"Fam3c",0.0813707120190645,-0.357164824441326,0.046,0.133,1
"Bcl2l13",0.0813707120190645,-0.423817862536285,0.046,0.133,1
"Csnk1g2",0.0813707120190645,-0.415411077549951,0.046,0.133,1
"Prr5l",0.0813711269994227,0.616555787773173,0.565,0.4,1
"Jam3",0.0816080083333766,0.424204240563391,0.259,0.1,1
"Virma",0.0816830729343917,0.335988436204029,0.213,0.067,1
"Pcx",0.0816830729343917,0.456276198006709,0.213,0.067,1
"Mecr",0.0816928443178339,-0.551982449205658,0.093,0.2,1
"Tk2",0.0816928443178339,-0.476873383774159,0.093,0.2,1
"Cobl",0.081762479702104,0.59283217016212,0.148,0.033,1
"Arhgap32",0.0820155004363723,0.595144118147815,0.426,0.267,1
"Zfas1",0.0821309115103836,-0.318729151555271,0.028,0.1,1
"Prkci",0.0821309115103836,-0.423808301443927,0.028,0.1,1
"5430402O13Rik",0.0821309115103836,-0.419900276536954,0.028,0.1,1
"AU041133",0.0821309115103836,-0.5171006110314,0.028,0.1,1
"Abi3",0.0821309115103836,-0.44466319067404,0.028,0.1,1
"Stag2",0.0821554852190988,0.583201314939857,0.37,0.2,1
"Cct4",0.0822812635549592,0.438553637488127,0.157,0.033,1
"Psmd9",0.0824134194148334,-0.545156208216952,0.12,0.233,1
"Pde7b",0.0825797648034772,0.547152164321779,0.519,0.333,1
"Mtx3",0.0829223236999407,-0.318383582967229,0.083,0.2,1
"Rpl23a",0.0833611580055549,0.49380810704625,0.148,0.033,1
"Nipsnap2",0.0834227498567611,0.495521785566313,0.25,0.1,1
"Ndufa13",0.0834469161065729,0.565378933743405,0.204,0.067,1
"Zfpm2",0.0834834354787032,0.43293910928282,0.519,0.3,1
"Aida",0.0835004941583514,-0.387747230272832,0.046,0.133,1
"Grina",0.0835870850449661,0.42089343311964,0.444,0.233,1
"Rpl41",0.0835952838506102,0.452259872724639,0.343,0.167,1
"Syt11",0.083785917184331,0.486398018008118,0.481,0.3,1
"Ifngr1",0.0838484746262285,0.560218819066977,0.157,0.033,1
"Slf1",0.0838484746262285,0.438088393910054,0.157,0.033,1
"Nap1l5",0.0838846559933576,0.711329297376054,0.241,0.1,1
"Gstz1",0.083912953451984,-0.59140911043045,0.12,0.233,1
"Tmem30a",0.0839425127302346,0.515532514034336,0.333,0.167,1
"Elavl1",0.0842275829783007,-0.614035047229144,0.176,0.3,1
"Gse1",0.0844140363703323,0.388745791994234,0.213,0.067,1
"B3gntl1",0.0846315961538353,-0.331210634788114,0.083,0.2,1
"Slc48a1",0.0846751498986956,0.410632502161642,0.269,0.1,1
"Ttc28",0.0847334506590333,0.426897767210287,0.343,0.167,1
"Pex16",0.08473586648976,-0.353453273042099,0.028,0.1,1
"Gm26871",0.08473586648976,-0.325456270001715,0.028,0.1,1
"Sox1",0.08473586648976,-0.350038169364159,0.028,0.1,1
"Pald1",0.08473586648976,-0.374425842487253,0.028,0.1,1
"Celf5",0.08473586648976,-0.379984266535662,0.028,0.1,1
"Mettl17",0.08473586648976,-0.387849761350215,0.028,0.1,1
"ENSMUSG00000120029",0.08473586648976,-0.426924439766479,0.028,0.1,1
"Sting1",0.08473586648976,-0.386841442185139,0.028,0.1,1
"Synpo",0.08473586648976,-0.370693798625297,0.028,0.1,1
"Gm10136",0.08473586648976,-0.337353774286709,0.028,0.1,1
"Cul4b",0.08473586648976,-0.436696402226446,0.028,0.1,1
"Nlgn3",0.08473586648976,-0.313879337286152,0.028,0.1,1
"Fam120b",0.0847480934420056,-0.41835984132848,0.194,0.333,1
"Gm26843",0.0847934139953185,-0.384358513514463,0.111,0.233,1
"Rheb",0.0848501649910166,0.432898932101139,0.204,0.067,1
"Insyn2a",0.0849491503575947,0.50231557549386,0.361,0.167,1
"Bicd2",0.0849850619685853,0.470384379110612,0.148,0.033,1
"Usp19",0.0850012403211324,-0.553237870121899,0.093,0.2,1
"Fkbp1a",0.0851610275223589,0.535391058855801,0.389,0.2,1
"Lpp",0.0853810876839131,-0.538376549451707,0.444,0.533,1
"Kirrel3",0.0854289741212634,-0.254857287630379,0.87,0.967,1
"2810405F17Rik",0.0854397660808809,0.41709605513548,0.157,0.033,1
"Hes1",0.0854397660808809,0.458204712350542,0.157,0.033,1
"Atp1a3",0.0856635218838674,0.623299380709894,0.287,0.133,1
"Tiparp",0.0857841716027383,-0.412512451991403,0.231,0.367,1
"Ybx1",0.0860055644067872,0.583978205563297,0.25,0.1,1
"Rnf24",0.0862724390644607,0.470375060876984,0.204,0.067,1
"Gpx4",0.0862724390644607,0.485469455716146,0.204,0.067,1
"Gtf2ird1",0.0865675358806387,0.581612015856417,0.194,0.067,1
"Zfp961",0.0870553822213958,0.371526694165798,0.157,0.033,1
"Prr12",0.087072079871001,-0.381618747908373,0.065,0.167,1
"Dynll2",0.0872184155838845,0.415422376610144,0.213,0.067,1
"Wdpcp",0.0872251714504702,0.384852425865613,0.269,0.1,1
"Gm37077",0.0874072549021378,-0.259903586930256,0.028,0.1,1
"Skida1",0.0874072549021378,-0.373449843841863,0.028,0.1,1
"Gm43668",0.0874072549021378,-0.321021725227272,0.028,0.1,1
"Slc18b1",0.0874072549021378,-0.309882726566705,0.028,0.1,1
"0610009B22Rik",0.0874072549021378,-0.378693598822462,0.028,0.1,1
"Gm47781",0.0874072549021378,-0.352945354769951,0.028,0.1,1
"Phf7",0.0874072549021378,-0.343163198133236,0.028,0.1,1
"Mdc1",0.0874072549021378,-0.33666899452896,0.028,0.1,1
"Ttyh2",0.087628811143102,0.453582840338489,0.296,0.133,1
"Septin4",0.0877221255072695,0.614625968358929,0.417,0.233,1
"Gm26691",0.0878954541679376,-0.433560526508559,0.046,0.133,1
"Rex1bd",0.0878954541679376,-0.429924191309862,0.046,0.133,1
"Zcchc14",0.0879912031524454,-0.656553334892369,0.074,0.167,1
"Insig1",0.088417161769333,-0.663809139993787,0.093,0.2,1
"Gmcl1",0.0885444832345348,-0.466231738152369,0.12,0.233,1
"Snx15",0.0886945041936603,0.425976312703037,0.157,0.033,1
"Pcbp1",0.0886955672711232,0.378482671605721,0.157,0.033,1
"Eps15",0.0887057708290177,-0.454393603111429,0.454,0.6,1
"Rtn4",0.0887785292305935,0.481263286436455,0.778,0.633,1
"Cs",0.0891780707514728,-0.534341305374307,0.204,0.333,1
"Ccser1",0.089216876794513,0.718485776842735,0.315,0.167,1
"Zfp652",0.0894120536733787,-0.359951916476666,0.269,0.433,1
"Nopchap1",0.0900107592796824,0.457490322580268,0.148,0.033,1
"Mipol1",0.0900107592796824,0.456738432266378,0.148,0.033,1
"Csnk2b",0.0900107592796824,0.528742350692435,0.148,0.033,1
"Mir181a-1hg",0.0901461863896848,-0.30503015113901,0.028,0.1,1
"Junos",0.0901461863896848,-0.304487561894328,0.028,0.1,1
"Gm20470",0.0901461863896848,-0.2814658702988,0.028,0.1,1
"ENSMUSG00000120605",0.0901461863896848,-0.283563233236017,0.028,0.1,1
"Cd300c2",0.0901461863896848,-0.404499660894825,0.028,0.1,1
"Dpcd",0.0901461863896848,-0.318964178959921,0.028,0.1,1
"Ndp",0.0901461863896848,-0.311628130382655,0.028,0.1,1
"Septin6",0.0901461863896848,-0.322669228707305,0.028,0.1,1
"Wdfy1",0.0901618809222723,-0.344119529151364,0.046,0.133,1
"Scnm1",0.0901618809222723,-0.49010838338329,0.046,0.133,1
"Gtpbp1",0.0901618809222723,-0.287931373517136,0.046,0.133,1
"Cbx7",0.0901618809222723,-0.338099763821126,0.046,0.133,1
"Gorasp2",0.0903871369699607,-0.403194298740253,0.111,0.233,1
"Gm19500",0.0906551110834704,0.479860581324154,0.204,0.067,1
"Gm15614",0.0909353554780235,-0.54213562625787,0.12,0.233,1
"Stmn3",0.0915408119886795,0.503975516099969,0.5,0.3,1
"Lrrc28",0.0917381967343022,0.54764036129745,0.148,0.033,1
"Rab11a",0.0917381967343022,0.478766313218958,0.148,0.033,1
"Zfp592",0.0917450755539618,-0.445712155278374,0.12,0.233,1
"Irf2",0.0919950101601699,0.554129372110027,0.287,0.133,1
"Resf1",0.0921551841113729,0.517389859174289,0.204,0.067,1
"Os9",0.0921551841113729,0.472697034603023,0.204,0.067,1
"Kdm5a",0.0923173687668433,-0.68140410524881,0.259,0.367,1
"Rbm47",0.0924751039724282,-0.531488934057492,0.046,0.133,1
"Als2cl",0.0924751039724282,-0.315290456213982,0.046,0.133,1
"4932438H23Rik",0.0924751039724282,-0.311250544509928,0.046,0.133,1
"Tmem135",0.0925321289802256,0.297562365760084,0.352,0.167,1
"Ptgds",0.0925420791078331,0.792062580103667,0.685,0.5,1
"Tm9sf2",0.0927458721253776,0.390554614146811,0.25,0.1,1
"Ntng1",0.0929537694599011,-0.361191951991163,0.028,0.1,1
"Eps8l1",0.0929537694599011,-0.338154529155408,0.028,0.1,1
"Vwa5a",0.0929537694599011,-0.314058558758926,0.028,0.1,1
"Tgds",0.0929537694599011,-0.355981792139646,0.028,0.1,1
"Meg3",0.0930882009163918,-0.447899124054115,0.407,0.533,1
"Kif1a",0.093154185483193,0.451700663219063,0.389,0.2,1
"Slc38a3",0.0931705205502213,-0.554278846170428,0.25,0.367,1
"Pacs1",0.0933798825324473,-0.489713207613423,0.12,0.233,1
"Cnn3",0.0934921744290281,0.520220225299142,0.148,0.033,1
"Ostc",0.0934921744290281,0.454524934203896,0.148,0.033,1
"Rnf7",0.0934921744290281,0.448469049335275,0.148,0.033,1
"Rab5c",0.0934921744290281,0.46654119363386,0.148,0.033,1
"Slc4a10",0.0937476377445467,-0.449010235521509,0.093,0.2,1
"Tgoln1",0.0937476377445467,-0.422390564178983,0.093,0.2,1
"Rufy3",0.0937680260966974,0.549864116036992,0.352,0.2,1
"Dhx9",0.093888360508668,-0.481641730572093,0.176,0.3,1
"D5Ertd579e",0.0940865969575822,-0.51070819070208,0.185,0.3,1
"Mknk1",0.0941255603428065,0.609799326357912,0.194,0.067,1
"Vps37a",0.0941255603428065,0.504918766283199,0.194,0.067,1
"Ppfibp2",0.0941435354870833,0.440814115810184,0.25,0.1,1
"Fer",0.0944559209175134,-0.52879168516037,0.25,0.367,1
"Rab28",0.0945590403010801,0.295941137978082,0.213,0.067,1
"Galnt13",0.0948357461425983,-0.281151270717484,0.046,0.133,1
"Ccdc124",0.0948357461425983,-0.324850202183166,0.046,0.133,1
"Fam117b",0.0952729545347232,0.486171272216704,0.148,0.033,1
"Drap1",0.0952729545347232,0.470129438660376,0.148,0.033,1
"Plcl1",0.0958116958387507,0.395279212466859,0.861,0.767,1
"Sh3bp5l",0.095831110738534,-0.266604986672664,0.028,0.1,1
"Pan2",0.095843310136037,-0.481080238029101,0.074,0.167,1
"Srsf1",0.0960397306372978,0.482306414234064,0.333,0.167,1
"Ndufa4",0.0966397447681361,0.66185611127222,0.398,0.233,1
"Iqgap1",0.0967195809807165,-0.462278537487009,0.12,0.233,1
"Dock8",0.0967592201797578,-0.382224116243229,0.315,0.467,1
"Cadps",0.0968061079033092,-0.51564200333298,0.176,0.3,1
"Plekha1",0.0968171467291155,0.451729814962452,0.343,0.167,1
"R3hcc1l",0.0969895027538655,0.482871737356171,0.25,0.1,1
"Sestd1",0.0970807988127572,0.396257550712209,0.148,0.033,1
"Mrps21",0.0970807988127572,0.404357005551334,0.148,0.033,1
"Denr",0.0970807988127572,0.53865202973244,0.148,0.033,1
"Cdc37",0.0970807988127572,0.45751932863336,0.148,0.033,1
"Ormdl2",0.0970807988127572,0.449931966149217,0.148,0.033,1
"Gnl3l",0.0970807988127572,0.437323609218719,0.148,0.033,1
"Xpr1",0.097322556406731,-0.565989274351077,0.269,0.4,1
"Sntb2",0.0974423331237541,-0.365790544250745,0.093,0.2,1
"Mpped2",0.0974563775383654,-0.664678318966845,0.278,0.4,1
"Aff1",0.0974585610473921,-0.522459425142617,0.259,0.367,1
"Hspbap1",0.0978915253570475,-0.721931447042697,0.074,0.167,1
"Mbnl2",0.0981723680871603,0.516466208396405,0.694,0.667,1
"Ikzf2",0.0982911607641464,0.582962708125457,0.231,0.1,1
"Bmpr1b",0.0983121234379097,0.307862998323253,0.685,0.5,1
"Gm6145",0.0983829476623609,-0.371311048787168,0.602,0.7,1
"9330162G02Rik",0.0986190433160434,0.581609817046628,0.333,0.167,1
"Dhrs7",0.0989159685440819,-0.554523438920277,0.102,0.2,1
"Camk2a",0.0989159685440819,0.415956470059728,0.148,0.033,1
"Sap130",0.0992854840689612,-0.506934257957882,0.12,0.233,1
"Pon2",0.099332844281136,-0.390319075344319,0.093,0.2,1
"Chchd2",0.0993750562181041,0.379275937073126,0.5,0.3,1
"Usp34",0.0996858096000538,-0.350784680275955,0.491,0.633,1
"Itgb8",0.099795927688136,0.584782605771468,0.231,0.1,1
"4933424G05Rik",0.0999570359751977,0.500467219374141,0.204,0.067,1
"Ubr3",0.100305589175159,0.377404860849026,0.398,0.233,1
"Kcnma1",0.10031612011241,-0.547685228536381,0.38,0.5,1
"Nckap5",0.100366902801415,0.516308653824045,0.806,0.667,1
"Gm46218",0.100545418545225,0.541056020641606,0.194,0.067,1
"Cdin1",0.100778724457386,0.360046105597674,0.148,0.033,1
"Chd3",0.100778724457386,-0.819359772348423,0.102,0.2,1
"Mettl16",0.100778724457386,0.408992688685403,0.148,0.033,1
"Crppa",0.100778724457386,0.406592173229496,0.148,0.033,1
"Top1",0.101121614984454,0.39591152165709,0.5,0.3,1
"N4bp2l1",0.101252507565902,-0.416889974583054,0.093,0.2,1
"Npc1",0.101318214518577,0.516235715049896,0.231,0.1,1
"Atp1a1",0.101338001020054,0.532440503509095,0.352,0.2,1
"Cntn4",0.101907518351556,-0.450281818443169,0.12,0.233,1
"Dip2a",0.102021761908449,0.493906649316192,0.343,0.167,1
"4921504A21Rik",0.102092796971466,-0.511005390061061,0.074,0.167,1
"C87436",0.102092796971466,-0.475460421443328,0.074,0.167,1
"Agap3",0.102223359252076,0.413975791372562,0.139,0.033,1
"Tnfaip8",0.102517042559893,-0.432152357229745,0.296,0.433,1
"Atxn7",0.102623009338618,-0.577435625010182,0.333,0.433,1
"Anapc4",0.102632553986095,0.568954921945492,0.185,0.067,1
"Hsph1",0.102669326656347,0.439948158999116,0.148,0.033,1
"Strn4",0.102669326656347,0.344497752262316,0.148,0.033,1
"Ints9",0.102669326656347,0.408238741165573,0.148,0.033,1
"Wnk3",0.102669326656347,0.348135336803034,0.148,0.033,1
"Cryab",0.102936811137955,0.631906261530506,0.398,0.267,1
"Kcnip4",0.103246769357231,-0.566891511813401,0.398,0.533,1
"Ptar1",0.103773041723146,-0.416982464203995,0.259,0.4,1
"Gm2115",0.104187278277097,0.487880946309166,0.139,0.033,1
"Tada2a",0.104187278277097,0.46204078590593,0.139,0.033,1
"Ptprn2",0.104187278277097,0.494743106557967,0.139,0.033,1
"Dscaml1",0.104262719888045,0.339655057249109,0.417,0.233,1
"Oxct1",0.104267921389403,-0.456966543146224,0.352,0.5,1
"Olfm1",0.104368011967814,0.568899568564663,0.63,0.5,1
"Kif13b",0.104464662517494,-0.512390378435789,0.398,0.533,1
"Eapp",0.104588034545994,-0.499067333074133,0.102,0.2,1
"Cpox",0.104588034545994,0.370802455869882,0.148,0.033,1
"Cyhr1",0.104592905025446,-0.590405519218035,0.13,0.233,1
"Arhgef1",0.104885404333869,0.344160565609078,0.204,0.067,1
"Hikeshi",0.104885404333869,0.359195270697996,0.204,0.067,1
"Rbm33",0.105022508773823,-0.604659930566582,0.222,0.333,1
"Letm2",0.105180415682844,-0.343414949575863,0.093,0.2,1
"Psma4",0.105215772235185,0.555593412167996,0.185,0.067,1
"Suz12",0.105302314653652,0.537842132582505,0.352,0.2,1
"Ank",0.105309609165423,0.373543918948336,0.333,0.167,1
"Lamp1",0.105532579105839,0.452708483318254,0.417,0.233,1
"Anapc1",0.105585612344818,0.341030050942754,0.194,0.067,1
"Aimp1",0.105585612344818,0.483018185547738,0.194,0.067,1
"Lrrc49",0.105585612344818,-0.317457998488973,0.139,0.267,1
"Ndufa12",0.105585612344818,0.456118775292615,0.194,0.067,1
"Rps29",0.105755743642786,0.591864499976586,0.278,0.133,1
"Scrn1",0.10618105163402,0.367418261538346,0.139,0.033,1
"Fli1",0.10618105163402,0.542753408653164,0.139,0.033,1
"Dcaf7",0.10618105163402,0.368332332030382,0.139,0.033,1
"Septin7",0.106335515337544,0.4160670539338,0.778,0.667,1
"Mapk8ip3",0.106430000128034,0.515684939059155,0.296,0.133,1
"Lztr1",0.106535106758199,0.270987205929039,0.148,0.033,1
"Tmem63b",0.106535106758199,0.348823464021155,0.148,0.033,1
"Commd10",0.106570409478466,0.265704037536889,0.204,0.067,1
"Mertk",0.107011488912393,-0.261567223271601,0.88,0.9,1
"4932438A13Rik",0.107107393324025,0.663769735846358,0.269,0.133,1
"Aco2",0.107683792582443,-0.390941454372584,0.241,0.367,1
"Phactr4",0.108276800196235,0.347751319238184,0.204,0.067,1
"Plcb1",0.108369483454503,0.32285396290799,0.861,0.633,1
"Tyro3",0.108510801076322,0.31592733228149,0.148,0.033,1
"Tmem160",0.108510801076322,0.297198163031157,0.148,0.033,1
"Afg3l1",0.108662374563514,-0.407124845885279,0.074,0.167,1
"Slc37a2",0.108662374563514,-0.511212061255234,0.074,0.167,1
"Shisa9",0.10905567228439,0.469559376561755,0.194,0.067,1
"Rnf227",0.109067509067525,0.396846882230391,0.25,0.1,1
"Gja1",0.109135855234398,0.340536128738622,0.398,0.2,1
"Ankrd52",0.109166613870191,-0.37642296257367,0.12,0.233,1
"Nsf",0.109202228766466,0.553679028546736,0.361,0.2,1
"Mt2",0.109228299314947,-0.380481614745545,0.093,0.2,1
"Fam214a",0.109487310216892,-0.702000800422551,0.222,0.333,1
"Supt6",0.109537984966973,-0.610455243911852,0.167,0.267,1
"Cmpk1",0.109638214442838,0.488473945701981,0.185,0.067,1
"Cops3",0.109638214442838,0.488296033043654,0.185,0.067,1
"Rplp2",0.109874294152256,0.349801959351611,0.306,0.133,1
"Cnp",0.109874294152256,0.274348830052666,0.306,0.133,1
"Itpk1",0.110004742370385,0.321556064447384,0.204,0.067,1
"Fgf14",0.110224605503016,-0.47969873558582,0.435,0.533,1
"Psenen",0.110259277675202,0.560209860036412,0.139,0.033,1
"Flot2",0.110259277675202,0.382726857530904,0.139,0.033,1
"Hcfc1r1",0.110259277675202,0.483569061028679,0.139,0.033,1
"Mapt",0.110462053921619,0.377927057221021,0.722,0.567,1
"Fgfbp3",0.110515374359012,-0.499052157498593,0.102,0.2,1
"Lncpint",0.110599213197783,-0.499319813639202,0.509,0.6,1
"Dhx15",0.11072061517948,-0.487602983129808,0.157,0.267,1
"Clasrp",0.110824206780231,0.425013251759926,0.194,0.067,1
"Rpl18",0.110843975687205,-0.410629684473788,0.176,0.3,1
"Acad8",0.110925088224284,-0.397784107585127,0.074,0.167,1
"ENSMUSG00000120312",0.110925088224284,-0.46933901028703,0.074,0.167,1
"Gsdme",0.111008482963325,0.574842183189474,0.278,0.133,1
"Cox5a",0.111014830512791,0.525556333542402,0.306,0.167,1
"Celf2",0.111054540769641,-0.377288553038317,0.88,0.933,1
"Eny2",0.111447403473333,0.427400770432647,0.185,0.067,1
"Txlng",0.111447403473333,0.431707634370655,0.185,0.067,1
"Kdm4b",0.111715955725636,0.416103179743569,0.194,0.067,1
"Anks1",0.111740999613781,0.432599616329263,0.287,0.133,1
"Trpm3",0.111765388559146,-0.485607871524015,0.759,0.867,1
"Sgcz",0.111846561120292,-0.258652572008655,0.111,0.233,1
"Htra2",0.112344285905176,0.45316013579334,0.139,0.033,1
"Yaf2",0.112344285905176,0.465542714492468,0.139,0.033,1
"Bach2",0.112438469280714,-0.404792430632233,0.5,0.633,1
"Tpcn1",0.112549082463199,-0.688046802039925,0.102,0.2,1
"Ubr4",0.112615309742673,0.294450172459953,0.194,0.067,1
"Txnl1",0.112615309742673,0.387281204366902,0.194,0.067,1
"Khdc4",0.112946431572378,-0.507373802065862,0.12,0.233,1
"Dhx36",0.112977247024368,0.484760902653049,0.324,0.167,1
"Sun1",0.113279345735434,0.410752498643746,0.241,0.1,1
"Elob",0.113279345735434,0.343972483139192,0.241,0.1,1
"Rpl39",0.113280070212156,0.526916307055912,0.185,0.067,1
"Gm16168",0.11334328656555,0.45096227355637,0.593,0.4,1
"Msl2",0.113525941813499,0.322161276598371,0.204,0.067,1
"Hs2st1",0.113569313340565,0.423381486070074,0.444,0.267,1
"Map4k3",0.113808219016972,0.449313221468911,0.333,0.167,1
"Atp5md",0.11438281589491,0.460357070926237,0.38,0.233,1
"Bzw1",0.114428172717938,0.489746756645515,0.194,0.067,1
"Nap1l1",0.114429154452446,0.429772878940743,0.194,0.067,1
"Psmc4",0.114460259381979,0.479146439822772,0.139,0.033,1
"Golga7",0.114460259381979,0.401122941005224,0.139,0.033,1
"Mast4",0.114558938357433,0.452006618381021,0.741,0.667,1
"Numa1",0.114939145546615,0.430362561391319,0.241,0.1,1
"Tm2d1",0.115136397519907,0.50048301569933,0.185,0.067,1
"Hipk2",0.115263154370238,0.444106710091577,0.574,0.4,1
"Gli3",0.115297181740815,-0.533261959799462,0.667,0.633,1
"Zfp560",0.115561992728281,-0.444152117543847,0.074,0.167,1
"Zc3h7b",0.115561992728281,-0.377065673677688,0.074,0.167,1
"Snta1",0.115672256191421,-0.660621525543839,0.222,0.333,1
"Mysm1",0.115935203182237,0.438611555072252,0.324,0.167,1
"Marf1",0.116265913495719,0.409138532731516,0.194,0.067,1
"Fnip2",0.116432034322688,-0.429451275904455,0.213,0.333,1
"Shroom2",0.116432034322688,0.507078569375079,0.269,0.133,1
"Prkca",0.116559916328777,0.645352891752795,0.519,0.4,1
"ENSMUSG00000120385",0.116607472859611,0.505807637866578,0.139,0.033,1
"Hipk1",0.116607472859611,0.388266452823392,0.139,0.033,1
"Uba2",0.116607472859611,0.538863096217191,0.139,0.033,1
"Rad54l2",0.116607472859611,0.497790455448766,0.139,0.033,1
"Slc16a2",0.116607472859611,0.513614856908434,0.139,0.033,1
"Tecr",0.11670790960347,-0.407608999018981,0.444,0.533,1
"Sox2ot",0.116880879886706,0.278298740166734,0.685,0.433,1
"Traf6",0.11701656749306,0.460391405054227,0.185,0.067,1
"Sptan1",0.11701762582692,0.557356349131844,0.306,0.167,1
"Rplp1",0.117343103690488,0.494526884200766,0.37,0.2,1
"Eif3c",0.117577964969307,0.570813704166288,0.231,0.1,1
"Gm37376",0.118038522081534,0.470422932798215,0.315,0.167,1
"Megf10",0.118083351563393,0.388503151577292,0.389,0.233,1
"Rasgrp1",0.1181247622955,0.383610315076376,0.194,0.067,1
"Frmd4a",0.118409977691308,-0.287434864102554,0.981,1,1
"Bank1",0.118786199722488,0.618488491043079,0.139,0.033,1
"Gm44866",0.118786199722488,0.352200650203789,0.139,0.033,1
"Rgs10",0.118786199722488,0.450588025967971,0.139,0.033,1
"Dzip3",0.118883490188511,-0.395323597574538,0.194,0.3,1
"Dnajc19",0.119171538446065,0.40171188330678,0.241,0.1,1
"Nf2",0.119310648798013,0.432581920803032,0.231,0.1,1
"Chl1",0.119492339912605,-0.43733733314148,0.13,0.233,1
"Ddx1",0.119583122614105,-0.427837761918626,0.157,0.267,1
"Haus3",0.119676405882107,-0.508428627079075,0.056,0.133,1
"Tmem161b",0.119772175597274,-0.515149685575743,0.241,0.367,1
"Snrk",0.120007857482625,0.301743600992568,0.194,0.067,1
"Ezr",0.120008861203809,0.379091927300992,0.194,0.067,1
"Tor1aip2",0.120033496572416,0.409502171396788,0.241,0.1,1
"Megf9",0.12084915972497,0.470269190939143,0.185,0.067,1
"Dcun1d5",0.120976884972727,-0.316981310558108,0.194,0.333,1
"Prodh",0.120976884972727,-0.53848502935112,0.204,0.3,1
"Rusc2",0.120980340794688,-0.517537896109421,0.102,0.2,1
"Rps28",0.120996711894051,0.362791791397596,0.139,0.033,1
"Etf1",0.120996711894051,0.40222089797199,0.139,0.033,1
"Frs2",0.12116644748797,0.398412087630495,0.287,0.133,1
"Rap1gds1",0.121349568517507,0.358254525522343,0.472,0.267,1
"Wdr13",0.121569220665971,-0.360596476241172,0.074,0.167,1
"ENSMUSG00000121513",0.121764292028538,0.488224593380816,0.398,0.233,1
"Rpl28",0.121770362104752,0.496205518353677,0.241,0.1,1
"3222401L13Rik",0.12191539119074,0.397956769318964,0.194,0.067,1
"Mterf3",0.12243121408485,-0.519533240013194,0.056,0.133,1
"Dennd10",0.12243121408485,-0.43162127967554,0.056,0.133,1
"Cul1",0.122469819248718,-0.461777158172418,0.352,0.467,1
"Rnf13",0.12271248364605,0.508642591849518,0.5,0.333,1
"Kcnq5",0.122801469668766,-0.260571415720719,0.074,0.167,1
"Tmem60",0.122801941940951,0.487701009142479,0.185,0.067,1
"Car10",0.122801941940951,0.496719130597529,0.185,0.067,1
"Maz",0.122853984184039,0.437363573013279,0.13,0.033,1
"Slc30a7",0.123163520310927,-0.544016420452836,0.102,0.2,1
"Cmss1",0.12322724614423,-0.472569073489749,0.583,0.667,1
"Fmo1",0.123239279744554,0.328009949823189,0.139,0.033,1
"Agbl3",0.123239279744554,0.347782068016295,0.139,0.033,1
"Pin1",0.123239279744554,0.444228500330886,0.139,0.033,1
"Vps53",0.123239279744554,0.328789179522722,0.139,0.033,1
"Cdadc1",0.123239279744554,0.294237429847656,0.139,0.033,1
"Axin1",0.123239279744554,0.361806191149358,0.139,0.033,1
"Gdpd1",0.123465551324424,-0.439826162381275,0.13,0.233,1
"Cfdp1",0.123544640192486,0.385805179475645,0.343,0.167,1
"Coq2",0.123787532858591,-0.480345489995089,0.139,0.233,1
"Eef1b2",0.123845518070243,0.455226867531033,0.194,0.067,1
"Ap2m1",0.123845518070243,0.303300452652248,0.194,0.067,1
"Jak1",0.124044592959727,0.33364521345009,0.25,0.1,1
"Srgap1",0.12425459583739,-0.607571532184263,0.315,0.433,1
"Ino80",0.124628901813236,0.358512827860353,0.231,0.1,1
"Rapgef6",0.124679867734713,-0.327306227019525,0.213,0.333,1
"Gm48742",0.124682486394591,0.538338015098156,0.398,0.233,1
"Zc3h15",0.124690528010788,-0.472943284305552,0.343,0.467,1
"Josd2",0.124779286643115,0.416750032826803,0.185,0.067,1
"8030462N17Rik",0.124779286643115,0.449884880932319,0.185,0.067,1
"Fam219a",0.12487614353506,0.506087099676259,0.306,0.167,1
"Cep152",0.125235326220224,-0.347561586491154,0.056,0.133,1
"Pdpn",0.125235326220224,-0.413886475472807,0.056,0.133,1
"Dnajc27",0.125235326220224,-0.422084950641643,0.056,0.133,1
"Fam124a",0.125235326220224,-0.394754076958995,0.056,0.133,1
"Lonp1",0.125235326220224,-0.404890300642453,0.056,0.133,1
"Nfatc1",0.125235326220224,-0.60640361701126,0.056,0.133,1
"Slc9a6",0.125235326220224,-0.469634958468791,0.056,0.133,1
"Plxna2",0.125291826520625,-0.309213508766839,0.074,0.167,1
"Atpaf1",0.125291826520625,-0.282879008652407,0.074,0.167,1
"Rps11",0.12530213610152,0.314163733970484,0.241,0.1,1
"Igf2bp3",0.12530298625208,0.421668769513951,0.241,0.1,1
"Camkv",0.125514171998041,0.349897937244298,0.139,0.033,1
"Rab2b",0.125777225460457,-0.474628867361306,0.139,0.233,1
"Ap3d1",0.125799410322811,0.352223281436293,0.194,0.067,1
"Tspyl4",0.126303969250174,0.454279821831951,0.278,0.133,1
"Il33",0.126769485139886,0.52412188858898,0.324,0.167,1
"Zfp322a",0.12678137141124,0.367614662965028,0.185,0.067,1
"Cramp1",0.12678137141124,0.347129312275647,0.185,0.067,1
"Acaca",0.126834410846793,-0.329879889572377,0.444,0.567,1
"Hsp90b1",0.126996462999561,0.582944418542779,0.352,0.2,1
"4930544I03Rik",0.127064770363215,-0.570244336374703,0.157,0.267,1
"Ddhd1",0.127190163601443,-0.409390194978819,0.602,0.633,1
"Thoc2",0.127275513536388,-0.472369359119219,0.315,0.433,1
"Srsf11",0.12744278017253,0.457236046967457,0.417,0.267,1
"Dock5",0.127447635708291,0.471006096002242,0.222,0.1,1
"Sycp3",0.127541158224507,-0.511187654097686,0.13,0.233,1
"Gm43376",0.127559384321858,0.473393007111886,0.13,0.033,1
"Colgalt1",0.127559384321858,0.338223436073708,0.13,0.033,1
"Aco1",0.12762205951823,-0.361773781375467,0.102,0.2,1
"Ift74",0.127821655638549,0.292467227719378,0.139,0.033,1
"Lsm7",0.128089248273774,-0.395180028382845,0.056,0.133,1
"Pnp",0.128089248273774,-0.414260119453926,0.056,0.133,1
"ENSMUSG00000120023",0.128103869978695,0.519177761008976,0.269,0.133,1
"Chn2",0.128200870570374,0.468028144236523,0.361,0.2,1
"Rbbp6",0.128246957987392,0.25396180942961,0.343,0.167,1
"Tmem126a",0.128275902222874,-0.399030836207456,0.176,0.3,1
"Cdk17",0.128295460668265,0.30424487333689,0.296,0.133,1
"Dtnbp1",0.128808372780077,0.425179922184707,0.185,0.067,1
"Smarcc1",0.128914121070848,0.263918166086766,0.241,0.1,1
"Washc4",0.128990949838243,-0.402842415946191,0.157,0.267,1
"D3Ertd751e",0.129617828923652,0.518184597410995,0.176,0.067,1
"Tmf1",0.129617828923652,-0.430048363492035,0.13,0.233,1
"Cnot10",0.12977916007567,0.326544385817966,0.194,0.067,1
"Lrrfip2",0.129843066674659,-0.458879566372546,0.213,0.333,1
"Edrf1",0.129897910813538,-0.331006997826996,0.102,0.2,1
"Rlim",0.12996406921599,0.383063012999716,0.13,0.033,1
"Uqcrc2",0.13013024744523,0.420451500310728,0.231,0.1,1
"Gm20528",0.130390457265756,-0.318891173954468,0.074,0.167,1
"Ncs1",0.130390457265756,-0.433009858632525,0.074,0.167,1
"Fam222b",0.130432573818267,-0.50934744596238,0.287,0.4,1
"Iws1",0.130590442397117,0.387733365718942,0.278,0.133,1
"Scaf4",0.130751059519894,-0.437303858342983,0.185,0.3,1
"Ttll7",0.130761017264722,0.438933111967255,0.472,0.3,1
"Prpf6",0.130859383686383,-0.46764462874812,0.139,0.233,1
"Map1a",0.130860466191335,0.438476423864544,0.185,0.067,1
"E530011L22Rik",0.130860466191335,0.363703142954084,0.185,0.067,1
"Them4",0.130993481964322,-0.52156278769472,0.056,0.133,1
"Adat1",0.130993481964322,-0.41497188699615,0.056,0.133,1
"Ergic3",0.131046238998767,-0.522848731977808,0.102,0.2,1
"Rbm4b",0.13121255557406,0.632381674195348,0.222,0.1,1
"Notch1",0.131246211055751,-0.314293263953436,0.12,0.233,1
"Sytl2",0.131454384697836,-0.50701405359924,0.25,0.367,1
"Rpl18a",0.132005330061799,0.425905684996787,0.231,0.1,1
"Camk1",0.132111151543331,-0.404846386673023,0.194,0.3,1
"Glrb",0.132337074993458,0.384330949493207,0.278,0.133,1
"Pdcd10",0.13240379395777,0.451534593950102,0.13,0.033,1
"Baiap2",0.13240379395777,0.393317349058179,0.13,0.033,1
"Tob2",0.13240379395777,0.387868264261738,0.13,0.033,1
"Atp6v0a2",0.132937825945377,0.396362227918165,0.185,0.067,1
"Tbk1",0.132937825945377,0.419723093553993,0.185,0.067,1
"Src",0.132999428650295,-0.374677774190923,0.074,0.167,1
"Dennd4a",0.133438945051445,-0.517725056130732,0.361,0.467,1
"Slc1a3",0.13370893695131,-0.320674550176426,0.935,1,1
"Gm37298",0.133948524468215,-0.323221243143753,0.056,0.133,1
"Trmt9b",0.133948524468215,-0.407517595731937,0.056,0.133,1
"Sirt1",0.133948524468215,-0.392332739324923,0.056,0.133,1
"Gm48250",0.133948524468215,-0.363878879477088,0.056,0.133,1
"Mocs2",0.133984941235257,0.444285442990816,0.185,0.067,1
"Mettl7a1",0.134100964823239,0.34479723950437,0.278,0.133,1
"Mib1",0.134842701040596,0.508567672375887,0.306,0.167,1
"Ssr1",0.134877317687632,0.378049591248157,0.13,0.033,1
"Adgrb2",0.134878843221184,0.380586064218138,0.13,0.033,1
"Errfi1",0.134878843221184,0.402469584429407,0.13,0.033,1
"Lrrc4b",0.135040625152601,0.388733948291129,0.185,0.067,1
"Ppp6r2",0.135170733950479,-0.408931027903672,0.213,0.333,1
"Hectd1",0.135324387793611,-0.386966532615158,0.343,0.433,1
"ENSMUSG00000120002",0.135648630893397,-0.330600091957751,0.074,0.167,1
"Dhps",0.1360055323598,0.508518448980758,0.176,0.067,1
"Rsf1os1",0.136076575192232,0.567827007448501,0.213,0.1,1
"Lamp2",0.136707531968784,-0.285372688081243,0.343,0.5,1
"Aifm3",0.136766323358584,-0.438441586212866,0.194,0.3,1
"Akt3",0.136805846458062,-0.399447021613846,0.417,0.533,1
"Ankra2",0.136846995930939,-0.55000141999135,0.083,0.167,1
"Tob1",0.136914704799053,-0.47324516549192,0.102,0.2,1
"Zfp943",0.136914704799053,-0.383178583361801,0.102,0.2,1
"Ftx",0.136914704799053,-0.375166074553738,0.102,0.2,1
"Zfp873",0.136954868141132,-0.303118952796512,0.056,0.133,1
"Polh",0.136954868141132,-0.348945811131934,0.056,0.133,1
"Actr1a",0.13716903568455,0.359134944430453,0.185,0.067,1
"Cd99l2",0.13716903568455,0.313142941396083,0.185,0.067,1
"Cnep1r1",0.137389499307433,0.415881053523971,0.13,0.033,1
"Ppil6",0.137389499307433,0.426267583208098,0.13,0.033,1
"Eef2",0.137389499307433,0.344418802572874,0.13,0.033,1
"Asb2",0.137389499307433,0.411897026426743,0.13,0.033,1
"Ric1",0.137389499307433,0.416255077747281,0.13,0.033,1
"Zranb1",0.13778502912158,-0.290775221368135,0.231,0.367,1
"Pak5",0.138408367269755,0.335944057255972,0.509,0.3,1
"Kmt2e",0.138935355148659,0.341910139074938,0.583,0.367,1
"Mro",0.139083566595886,-0.464789977846382,0.167,0.267,1
"B3gat1",0.139317514553307,-0.330775496061585,0.102,0.2,1
"Rlf",0.139842766946736,0.511060812672959,0.259,0.133,1
"Clcc1",0.139936042032846,0.343688144746526,0.13,0.033,1
"0610043K17Rik",0.139936042032846,0.384478443902994,0.13,0.033,1
"Gm43980",0.139936042032846,0.393129411045418,0.13,0.033,1
"Naa40",0.140013000237582,-0.442225716545196,0.056,0.133,1
"Ints8",0.140397236766809,-0.354533159628809,0.13,0.233,1
"Tbcel",0.140410045503425,-0.505850013465496,0.139,0.233,1
"Oxr1",0.14059583500522,0.268482214979654,0.509,0.333,1
"Mia2",0.141001731815571,0.381900331975241,0.315,0.167,1
"Smad7",0.141001731815571,-0.454485415773753,0.259,0.367,1
"Rpl14",0.141002000113628,0.404728008471123,0.222,0.1,1
"Xrn1",0.141387286652776,-0.454516222624532,0.306,0.433,1
"Pom121",0.141503371719243,0.305024901209885,0.185,0.067,1
"Cdc42bpb",0.141503371719243,0.386279138882686,0.185,0.067,1
"Gosr1",0.14175265771974,-0.318674573513938,0.102,0.2,1
"2610316D01Rik",0.142122720441089,-0.427074029876365,0.083,0.167,1
"Unc79",0.142122720441089,-0.448110803802247,0.083,0.167,1
"Slc30a6",0.142122720441089,-0.431271699577114,0.083,0.167,1
"Cep250",0.142518748616081,0.323330839589539,0.13,0.033,1
"Elp1",0.142518748616081,0.379003336994205,0.13,0.033,1
"Stim2",0.142518748616081,0.352103199493225,0.13,0.033,1
"Nfu1",0.142518748616081,0.313169020508787,0.13,0.033,1
"Necap1",0.142518748616081,0.373513633035472,0.13,0.033,1
"Mbtps1",0.142518748616081,0.343543403061567,0.13,0.033,1
"Camta2",0.142518748616081,0.40093512036586,0.13,0.033,1
"Ubxn2a",0.142518748616081,0.35424294420212,0.13,0.033,1
"Exoc6",0.142518748616081,0.362134429597992,0.13,0.033,1
"Tcf7l1",0.142633600082297,0.480651136299586,0.176,0.067,1
"Cdk5rap2",0.143025607445209,0.438623346404236,0.222,0.1,1
"Gcnt7",0.143123402628256,-0.386349555289781,0.056,0.133,1
"Prag1",0.143123402628256,-0.269999176764496,0.056,0.133,1
"Septin3",0.143123402628256,-0.301457194062547,0.056,0.133,1
"Qtrt2",0.143123402628256,-0.313511752583671,0.056,0.133,1
"Ikbkg",0.143123402628256,-0.367264345965612,0.056,0.133,1
"Fchsd2",0.143332228047672,-0.285803006264561,0.528,0.667,1
"Rims2",0.143594117899578,-0.469832815296342,0.269,0.367,1
"9330175M20Rik",0.143709634327003,0.370721756781007,0.185,0.067,1
"Stx6",0.143709634327003,0.338111171926973,0.185,0.067,1
"Gnb2",0.143709634327003,0.32107151585113,0.185,0.067,1
"Btbd17",0.143709634327003,0.325619720838928,0.185,0.067,1
"Camk2n1",0.143748598802059,0.358056583977227,0.5,0.3,1
"Trnt1",0.143822182250089,0.309646293994473,0.13,0.033,1
"Basp1",0.143864252540155,0.441472176628928,0.593,0.4,1
"Immp1l",0.14388200386586,0.410875588060235,0.407,0.267,1
"Trdmt1",0.144478038572479,-0.359289754882459,0.037,0.1,1
"Ano3",0.144478038572479,-0.426110731945217,0.037,0.1,1
"Smim12",0.144478038572479,-0.49584790454872,0.037,0.1,1
"Inafm1",0.144478038572479,-0.415717528102102,0.037,0.1,1
"A230006K03Rik",0.144478038572479,-0.554145806228216,0.037,0.1,1
"Ucp3",0.144478038572479,-0.352201729866385,0.037,0.1,1
"1700063D05Rik",0.144478038572479,-0.434341045227748,0.037,0.1,1
"Gm7072",0.144478038572479,-0.388716190159524,0.037,0.1,1
"Tab3",0.144478038572479,-0.357867249393903,0.037,0.1,1
"Csf1r",0.144490739688495,0.473889786392713,0.361,0.2,1
"Zhx2",0.144545158450893,0.341693933614773,0.315,0.167,1
"Farsb",0.144818489574562,-0.424699185240586,0.083,0.167,1
"Cfl1",0.145068556776597,0.346881490146787,0.278,0.133,1
"Taok3",0.145071426492308,0.453594139030153,0.222,0.1,1
"Agpat4",0.145071426492308,0.362189108028414,0.222,0.1,1
"Rps2",0.145071426492308,0.361200678019566,0.222,0.1,1
"Lingo1",0.145137893564677,0.433362187823157,0.13,0.033,1
"Nr2c1",0.145137893564677,0.344929197052206,0.13,0.033,1
"Wipi1",0.145137893564677,0.382780760536487,0.13,0.033,1
"Jdp2",0.145137893564677,0.304072596522019,0.13,0.033,1
"Ipo11",0.145137893564677,0.406292169991249,0.13,0.033,1
"Tshz1",0.145137893564677,0.376466043390615,0.13,0.033,1
"Plaat3",0.145722330185234,0.409976388347144,0.231,0.1,1
"Iqch",0.145942182369943,0.300841085041149,0.185,0.067,1
"Ccnjl",0.145942182369943,0.310873235554143,0.185,0.067,1
"Pcyt1b",0.145942182369943,0.29392221376186,0.185,0.067,1
"Atp6v0e2",0.146286551515368,-0.344374871459396,0.056,0.133,1
"Isy1",0.146286551515368,-0.306206107973975,0.056,0.133,1
"Sbf2",0.146656037843381,-0.521772342886702,0.343,0.433,1
"Alms1",0.146681758218443,-0.64988692983933,0.148,0.233,1
"Anapc5",0.14672087541499,-0.320865997194156,0.102,0.2,1
"Serpini1",0.14679646584675,-0.465460659263315,0.111,0.2,1
"Gria3",0.147489903581641,-0.666707373300262,0.213,0.3,1
"Pard3",0.147509553599253,0.495662137448371,0.472,0.3,1
"Timp3",0.147546519828919,-0.394412904540188,0.204,0.3,1
"Mccc1",0.147551578468656,-0.368370887334893,0.083,0.167,1
"Mrpl3",0.147553262171887,0.383137139966137,0.12,0.033,1
"Dpy19l1",0.147767902819644,0.391006691951832,0.231,0.1,1
"Rbmx",0.147767902819644,0.406449515380215,0.231,0.1,1
"Edem2",0.147793748560991,0.323770599895258,0.13,0.033,1
"Ccnc",0.147793748560991,0.368354408636059,0.13,0.033,1
"Sin3a",0.147793748560991,0.364275508755358,0.13,0.033,1
"Prpsap2",0.147793748560991,0.377515055869546,0.13,0.033,1
"Gnb1",0.147991654696051,-0.267142652752147,0.343,0.5,1
"Zmynd11",0.148156428782622,-0.35969229544093,0.259,0.367,1
"Prxl2a",0.148200365878223,-0.350532184909038,0.185,0.3,1
"Clip3",0.148201180782843,0.335682224796294,0.185,0.067,1
"Gm8451",0.148249752863179,-0.354789263305748,0.037,0.1,1
"Aar2",0.148249752863179,-0.419200706161931,0.037,0.1,1
"Pnrc2",0.148249752863179,-0.499816095343429,0.037,0.1,1
"Gm43361",0.148249752863179,-0.446620011835259,0.037,0.1,1
"Aacs",0.148249752863179,-0.520617323155949,0.037,0.1,1
"Zfp777",0.148249752863179,-0.396425697005663,0.037,0.1,1
"Ccdc84",0.148249752863179,-0.381828703324743,0.037,0.1,1
"Vstm2a",0.148249752863179,-0.405834765192194,0.037,0.1,1
"1110002L01Rik",0.148249752863179,-0.380817037967927,0.037,0.1,1
"Fbxw2",0.148257650032869,0.366212548590186,0.269,0.133,1
"Kif21a",0.14843777116894,0.316564062714352,0.491,0.333,1
"Atp6ap1",0.148452238345857,-0.517224161756424,0.194,0.3,1
"Eif1",0.148876048807863,0.589008902090635,0.611,0.433,1
"Astn2",0.149173904421362,0.328816673329841,0.509,0.3,1
"Nt5m",0.149268506393491,-0.46058312915355,0.111,0.2,1
"Fam104a",0.149340650001123,-0.41733770326988,0.139,0.233,1
"Chst8",0.14950291714615,-0.332141228424859,0.056,0.133,1
"Zfp868",0.14950291714615,-0.309048772265334,0.056,0.133,1
"Tspan17",0.14950291714615,-0.352789655518277,0.056,0.133,1
"Zbtb11",0.149506855773146,0.33991112391887,0.176,0.067,1
"Ndufab1",0.149835346613553,0.362446697728717,0.231,0.1,1
"Selenow",0.150112719778841,0.431114196449254,0.38,0.233,1
"Nt5c3",0.15032733328914,-0.429642828492255,0.083,0.167,1
"Zfp30",0.15032733328914,-0.527865270074752,0.083,0.167,1
"Kdm2b",0.150486582347559,0.32339507039056,0.13,0.033,1
"Trappc13",0.150486582347559,0.409453521610821,0.13,0.033,1
"Igfbp6",0.150486582347559,0.316860626353303,0.13,0.033,1
"Eps15l1",0.150532762896376,-0.51181984224617,0.204,0.3,1
"E130102H24Rik",0.150736300623042,-0.371982811817064,0.287,0.4,1
"Dync1li2",0.151261733761949,0.281938807692501,0.287,0.133,1
"Rab1a",0.151343437485439,0.376713127830335,0.222,0.1,1
"Kmt5b",0.151434093298999,0.385307209765437,0.361,0.2,1
"1110059E24Rik",0.151703288901085,0.416527790554227,0.204,0.1,1
"Srsf2",0.151728792847471,0.32025670396848,0.398,0.233,1
"Mtch2",0.151835478922609,0.268318756370098,0.315,0.167,1
"Senp8",0.151853242750047,0.493132070369457,0.176,0.067,1
"Dnmt3a",0.151963426372913,-0.548815432436209,0.38,0.467,1
"Tbc1d20",0.152096220798017,-0.382187379944435,0.037,0.1,1
"9230114K14Rik",0.152096220798017,-0.36937445548473,0.037,0.1,1
"Zscan21",0.152096220798017,-0.609148295134894,0.037,0.1,1
"Cd27",0.152096220798017,-0.452525011436,0.037,0.1,1
"Lrrc20",0.152096220798017,-0.34656328171093,0.037,0.1,1
"Ilvbl",0.152096220798017,-0.38879366277313,0.037,0.1,1
"Lgals9",0.152096220798017,-0.350511745800209,0.037,0.1,1
"Polr1f",0.152096220798017,-0.446308489360913,0.037,0.1,1
"9330162012Rik",0.152096220798017,-0.323381480090342,0.037,0.1,1
"Plec",0.152096220798017,-0.383004999657478,0.037,0.1,1
"Casp7",0.152096220798017,-0.484933511669466,0.037,0.1,1
"Glp2r",0.152169099473159,0.42428831310309,0.269,0.133,1
"Gm9925",0.152548452889895,0.536119274016406,0.25,0.133,1
"Phtf1",0.15270801049587,0.414896038518387,0.213,0.1,1
"Fuca2",0.152772963524652,-0.481834384490869,0.056,0.133,1
"Ap2a2",0.15297312586498,0.452937917102899,0.167,0.067,1
"Ogfrl1",0.153140994539345,-0.554075726456985,0.083,0.167,1
"Rnf10",0.153140994539345,0.520232181080937,0.12,0.033,1
"Chchd1",0.153140994539345,0.509769623767792,0.12,0.033,1
"Mtpap",0.153140994539345,-0.368597572386492,0.083,0.167,1
"Borcs7",0.153140994539345,-0.369306499306798,0.083,0.167,1
"Tpm3",0.153158290831373,0.423363662136319,0.269,0.133,1
"Ski",0.153195270257686,0.319075574988342,0.287,0.133,1
"Gm11266",0.153209018142864,0.359719521805816,0.361,0.2,1
"Slc35a3",0.15321666061194,0.286510445695666,0.13,0.033,1
"Lpar1",0.15321666061194,0.28029881947429,0.13,0.033,1
"Rpl36al",0.15321666061194,0.33041701542309,0.13,0.033,1
"Tuba1a",0.153688161031371,0.407471604371841,0.519,0.333,1
"Agl",0.153813692409408,0.495742689419807,0.352,0.2,1
"Rpl13",0.153814379324819,0.470300966804547,0.352,0.2,1
"Ppp6c",0.153965465558065,-0.384106593669975,0.139,0.233,1
"Prkd3",0.153965465558065,-0.46060645510433,0.139,0.233,1
"Csnk2a1",0.154154050443368,0.342264199997016,0.269,0.133,1
"Fyn",0.154154050443368,0.375644729562077,0.269,0.133,1
"Atp6v0e",0.155138504223712,0.287540003925052,0.185,0.067,1
"Phf20l1",0.155328535251889,0.339151523149233,0.426,0.3,1
"Psmb2",0.155410704683265,0.429864170555618,0.167,0.067,1
"Dido1",0.155438400427578,-0.511483477253163,0.241,0.333,1
"Scamp1",0.155638170291498,0.394636975308522,0.222,0.1,1
"Slc25a44",0.155994533957659,0.406849813844216,0.12,0.033,1
"Ccdc174",0.155994533957659,0.416418062395395,0.12,0.033,1
"Gm9801",0.155994533957659,-0.391987784061042,0.083,0.167,1
"Gm11659",0.155994533957659,0.42211435335454,0.12,0.033,1
"Nedd9",0.155994533957659,0.463676451532182,0.12,0.033,1
"Arid5a",0.156018201155501,-0.334617673779923,0.037,0.1,1
"Nck2",0.156018201155501,-0.423354216308119,0.037,0.1,1
"Slc31a1",0.156018201155501,-0.30432101489915,0.037,0.1,1
"Nsun4",0.156018201155501,-0.300442912456079,0.037,0.1,1
"Pafah2",0.156018201155501,-0.329905166084614,0.037,0.1,1
"Vrk3",0.156018201155501,-0.292842590061137,0.037,0.1,1
"Wdr6",0.156018201155501,-0.311939022951702,0.037,0.1,1
"Gamt",0.156018201155501,-0.308111705341044,0.037,0.1,1
"Sp2",0.156018201155501,-0.321854867694159,0.037,0.1,1
"Ramp2",0.156018201155501,-0.324264810661915,0.037,0.1,1
"2700049A03Rik",0.156018201155501,-0.413108054518729,0.037,0.1,1
"Scd1",0.156018201155501,-0.337178897296558,0.037,0.1,1
"Bcorl1",0.156018201155501,-0.306256654386889,0.037,0.1,1
"Abcd1",0.156018201155501,-0.314981169220052,0.037,0.1,1
"Map3k15",0.156018201155501,-0.321512840978205,0.037,0.1,1
"Unc13a",0.15609714812202,-0.289824106998376,0.056,0.133,1
"Morc3",0.156318316473632,-0.48208313782638,0.139,0.233,1
"Ptprs",0.156533496525525,-0.535842209422142,0.296,0.4,1
"Ktn1",0.156550117420528,-0.413785039755684,0.426,0.533,1
"Rab11fip4",0.156629995019763,0.368040035178432,0.176,0.067,1
"Gpatch8",0.156675729411643,0.268040316362204,0.667,0.433,1
"Chd6",0.157032823694036,0.32134198539207,0.454,0.3,1
"Rps15",0.157098175407646,0.529981120014857,0.213,0.1,1
"Thrb",0.157246777259054,0.276884360544735,0.509,0.3,1
"Atp5pb",0.15824643386979,0.375826982527949,0.324,0.167,1
"Dync1h1",0.158534355942927,-0.284992260405323,0.25,0.367,1
"Dtymk",0.158698340208557,-0.383819911492503,0.139,0.233,1
"Ttyh3",0.158750524180751,0.399008931963069,0.435,0.267,1
"Ufc1",0.158888235866029,0.383174020236781,0.12,0.033,1
"Rpap2",0.158888235866029,-0.387474818492617,0.083,0.167,1
"Jmjd1c",0.158963095646365,0.431017499404305,0.611,0.433,1
"Dynlrb1",0.159060695897721,0.515009927453143,0.176,0.067,1
"Tma7",0.159060695897721,0.398193740546342,0.176,0.067,1
"Nxpe2",0.159473563769364,-0.345100050436644,0.056,0.133,1
"Ccdc62",0.159475183386392,-0.540086783590681,0.111,0.2,1
"Zfp113",0.159475921585412,-0.263673481789692,0.056,0.133,1
"Cers2",0.160016439508926,-0.349294394082557,0.037,0.1,1
"Rtca",0.160016439508926,-0.305779423459854,0.037,0.1,1
"Fam241a",0.160016439508926,-0.256964651429762,0.037,0.1,1
"Tmem170",0.160016439508926,-0.259442716826086,0.037,0.1,1
"Col23a1",0.160016439508926,-0.309654238669842,0.037,0.1,1
"Slc35f4",0.160016439508926,-0.450590452673535,0.037,0.1,1
"Rhot2",0.160016439508926,-0.331105203090828,0.037,0.1,1
"Cebpzos",0.160016439508926,-0.351469690043931,0.037,0.1,1
"Mpc2",0.16002477442846,0.358426465957574,0.222,0.1,1
"Ahcyl2",0.160707816560152,-0.332144428035751,0.315,0.433,1
"Tjp2",0.160792768662456,-0.300397347943199,0.269,0.4,1
"Gna12",0.160856458512661,-0.374597397251226,0.361,0.433,1
"Atp8a1",0.161098496942326,0.369383536242519,0.593,0.433,1
"Abhd3",0.161105692613971,-0.453364680338293,0.139,0.233,1
"Per3",0.161116923011421,-0.469781494056831,0.231,0.333,1
"Sccpdh",0.161519833838291,-0.317753589233159,0.13,0.233,1
"Snrnp27",0.161519833838291,0.315419089309168,0.176,0.067,1
"Atpif1",0.161751750240394,0.445721739185377,0.343,0.2,1
"Myrip",0.161822380737379,0.376134256879245,0.12,0.033,1
"Ift20",0.161822380737379,0.398955541105403,0.12,0.033,1
"Cyth4",0.161822380737379,-0.52912298172672,0.083,0.167,1
"Cep19",0.161822380737379,0.392135476312483,0.12,0.033,1
"Arhgef19",0.16195639078119,0.529078153659785,0.241,0.133,1
"Hnrnpdl",0.162246978911629,-0.327687973383612,0.435,0.567,1
"Ptpn1",0.162252832111502,0.351409096655368,0.222,0.1,1
"Arl8b",0.162252832111502,0.361895416268729,0.222,0.1,1
"Rab6a",0.162272997825728,0.382640971688512,0.398,0.233,1
"Lyst",0.162290980051844,0.40991360096827,0.269,0.133,1
"Slc9a9",0.162718630665864,-0.667643605806076,0.546,0.6,1
"Pakap",0.162936118077445,0.339198409648775,0.25,0.133,1
"Fbxo7",0.162936118077445,-0.440073152327515,0.204,0.3,1
"Zwint",0.163293329633014,0.285621096153823,0.315,0.167,1
"Dennd1a",0.163859478948721,-0.286084098021658,0.731,0.8,1
"Esrrg",0.164007571815126,-0.292046380524834,0.13,0.233,1
"BC028528",0.164091667552245,-0.263997807076343,0.037,0.1,1
"Necab1",0.164091667552245,-0.263860991703332,0.037,0.1,1
"Trnau1ap",0.164091667552245,-0.365409016891477,0.037,0.1,1
"9630001P10Rik",0.164091667552245,-0.301944346243506,0.037,0.1,1
"Hddc2",0.164091667552245,-0.300752253999857,0.037,0.1,1
"Hectd2",0.164091667552245,-0.309189728414999,0.037,0.1,1
"Grik2",0.164724923413858,0.474793120436724,0.611,0.5,1
"Id2",0.16477248139903,-0.417637192380607,0.111,0.2,1
"Kin",0.164797245059396,0.389762762108529,0.12,0.033,1
"Rpl22",0.164797245059396,0.387662612491797,0.12,0.033,1
"Vgf",0.164797245059396,0.334069050482511,0.12,0.033,1
"Klhl29",0.164797245059396,0.400409596119159,0.12,0.033,1
"Gm26782",0.164797245059396,-0.387624893255584,0.083,0.167,1
"Flrt1",0.164797245059396,0.352357825369474,0.12,0.033,1
"Agtpbp1",0.165076217125279,0.447211324575079,0.25,0.133,1
"Vps28",0.165456505541811,0.453169871630812,0.167,0.067,1
"Psme4",0.166042449216568,-0.330901536256357,0.491,0.6,1
"Chst1",0.166164542176552,0.400764170264828,0.213,0.1,1
"Dek",0.166164542176552,0.402724635895111,0.213,0.1,1
"Foxn3",0.166265936667883,0.366437683300653,0.796,0.667,1
"Ilf3",0.167813101197968,0.372414928427352,0.12,0.033,1
"Sgta",0.167813101197968,0.3232373092707,0.12,0.033,1
"Dhx40",0.167813101197968,0.347033084226615,0.12,0.033,1
"Rgcc",0.167813101197968,-0.379363438941332,0.083,0.167,1
"Rin2",0.167991404014857,0.292740508377009,0.278,0.133,1
"Abl1",0.168002775304457,0.424077956603276,0.259,0.133,1
"Arhgef3",0.168244602423149,-0.257894152409439,0.037,0.1,1
"Rrp36",0.168244602423149,-0.307650242950008,0.037,0.1,1
"Gm16337",0.1684914529375,0.408776489409195,0.213,0.1,1
"Xrcc5",0.168493252797406,-0.406330974450968,0.139,0.233,1
"D830024N08Rik",0.168493252797406,-0.406658935874892,0.139,0.233,1
"Zmym4",0.168558095544126,-0.451191706200534,0.361,0.467,1
"Lrrc8b",0.169069489569328,0.293686957413016,0.176,0.067,1
"Gm42756",0.169069489569328,0.390900740956084,0.176,0.067,1
"Klhl22",0.169069489569328,0.364994468486435,0.176,0.067,1
"Dbi",0.169077454582498,0.328214014700728,0.222,0.1,1
"Hras",0.169077454582498,0.326904378163345,0.222,0.1,1
"Cacna2d1",0.169082897531624,-0.801576717971552,0.213,0.3,1
"Map3k4",0.169284102879342,-0.44605155362941,0.12,0.2,1
"Snhg11",0.169546743739187,-0.319561056394202,0.269,0.4,1
"Gle1",0.170201196919292,-0.377911218566185,0.111,0.2,1
"Erbb4",0.170630381356891,0.342714793391568,0.583,0.4,1
"Unc50",0.170870217260332,0.367134333930099,0.12,0.033,1
"Tmem64",0.170870217260332,0.328758821214642,0.12,0.033,1
"Fuca1",0.170870217260332,0.28152919584204,0.12,0.033,1
"Gtf2e2",0.170870217260332,0.389587774356093,0.12,0.033,1
"Eif4enif1",0.170870217260332,0.424435735952201,0.12,0.033,1
"Patz1",0.170870217260332,0.265542276991117,0.12,0.033,1
"Cyp20a1",0.171205809413863,-0.666085779170154,0.065,0.133,1
"Plekha7",0.171205809413863,-0.671877321582069,0.065,0.133,1
"Norad",0.171386763533896,0.380029843231193,0.343,0.2,1
"Cldn10",0.171399533558268,-0.39428904312981,0.176,0.267,1
"Mras",0.171539895679378,-0.395975600032501,0.278,0.367,1
"Rabl6",0.171608289268348,-0.428298867305982,0.25,0.333,1
"Nsrp1",0.171643984921064,0.342285305792749,0.176,0.067,1
"Marchf7",0.172351801757215,0.29364364195256,0.259,0.133,1
"Ehd4",0.17247594602395,-0.312773121843226,0.037,0.1,1
"Rpl12",0.172912803537243,0.355217924331945,0.269,0.133,1
"Cdh4",0.172912803537243,0.335488206414487,0.269,0.133,1
"Tmx3",0.173218508002429,0.359702849157652,0.213,0.1,1
"Klf13",0.173317547870347,-0.356939395413422,0.222,0.333,1
"Chchd6",0.173391676439321,-0.521985325101174,0.093,0.167,1
"Cep70",0.173391676439321,-0.479760135603245,0.093,0.167,1
"Zfx",0.173557709403333,-0.393322666550848,0.139,0.233,1
"Gm44257",0.17374438134916,0.349881712027753,0.222,0.1,1
"Stt3b",0.173848510604328,0.431189456509259,0.25,0.133,1
"Cep78",0.173861255084793,-0.546843224069254,0.148,0.233,1
"Dusp10",0.173968856958015,0.265874483638332,0.12,0.033,1
"Clptm1",0.173968856958015,0.307740415108857,0.12,0.033,1
"Tmod3",0.173968856958015,0.355168718225392,0.12,0.033,1
"Psmd6",0.173968856958015,0.350243014271339,0.12,0.033,1
"Gm48370",0.173968856958015,0.312063217237518,0.12,0.033,1
"Mex3c",0.173968856958015,0.37055415516804,0.12,0.033,1
"Nme7",0.174007322994171,0.503728678348144,0.333,0.2,1
"Aff4",0.174309977493831,0.361629544928169,0.398,0.233,1
"Zfp277",0.174884328763814,-0.298248787779559,0.157,0.267,1
"Gk",0.175517038424142,0.368998405481082,0.389,0.233,1
"Exoc7",0.175618889221871,0.372240949903973,0.213,0.1,1
"Eid1",0.175697670264276,0.390378237758445,0.38,0.233,1
"Id4",0.17579570851139,0.38487053871288,0.296,0.167,1
"Extl3",0.175800420542235,0.255036268531387,0.38,0.2,1
"Rab3a",0.176053144797076,0.257008654284604,0.324,0.167,1
"Usp4",0.176115182655635,0.337511943359181,0.222,0.1,1
"Hbp1",0.176783575495079,0.283813712783405,0.259,0.133,1
"Tmem250-ps",0.176786384340857,-0.250629680871263,0.037,0.1,1
"Sgk3",0.176828344293587,-0.371411043180225,0.167,0.267,1
"Lias",0.177109279469603,0.271948410055662,0.12,0.033,1
"Atg4d",0.177109279469603,0.331629076505686,0.12,0.033,1
"Trim41",0.177109279469603,0.294075448736674,0.12,0.033,1
"Gm12324",0.177109279469603,0.253098140396199,0.12,0.033,1
"Tnk2",0.177109279469603,0.265296020525085,0.12,0.033,1
"Siglech",0.177304100414195,-0.421933907037997,0.213,0.333,1
"Oga",0.177885134599108,-0.334643514651599,0.231,0.333,1
"Slc49a4",0.178187020116128,-0.409393457796097,0.065,0.133,1
"Cbfb",0.178508975524994,0.27753569687622,0.222,0.1,1
"Gabra4",0.178594010768238,-0.331072748538845,0.111,0.2,1
"Herc2",0.178621069862334,-0.296915059048267,0.333,0.4,1
"Kmt5a",0.178690100267459,0.268998485408665,0.167,0.067,1
"Map1lc3b",0.178691423292525,0.426221764928159,0.167,0.067,1
"Wbp2",0.178691423292525,0.381482956491419,0.167,0.067,1
"Flnb",0.178691423292525,0.338717819126365,0.167,0.067,1
"Ivns1abp",0.17939594428795,0.342785448700628,0.389,0.233,1
"Uvrag",0.179399197952444,-0.365532393937588,0.287,0.4,1
"Efr3b",0.179537834249921,0.388402848140298,0.435,0.267,1
"Nsmce2",0.179688083107045,0.449782139086488,0.324,0.2,1
"Igsf8",0.179782609925951,0.53313078735606,0.361,0.233,1
"Cobll1",0.179822276981405,0.409819552814883,0.204,0.1,1
"Sugct",0.179822276981405,-0.386668169564249,0.157,0.267,1
"Ndufs1",0.179873242077639,-0.326465680737252,0.222,0.333,1
"Spcs1",0.180233203737672,0.390472204727886,0.157,0.067,1
"Ifi27",0.180291739303424,0.306405558066197,0.12,0.033,1
"Stk24",0.180291739303424,-0.345204547083373,0.083,0.167,1
"Lrpprc",0.180291739303424,0.328838165362238,0.12,0.033,1
"Pdcd11",0.180291739303424,0.2660339757856,0.12,0.033,1
"Lama3",0.180374703401512,-0.346008183029817,0.333,0.433,1
"Eif3i",0.180437730156884,0.487999228503384,0.111,0.033,1
"Chmp2a",0.180437730156884,0.499596598084385,0.111,0.033,1
"Etnk1",0.180486154940572,-0.480573959652218,0.389,0.433,1
"Tbce",0.180652927088166,-0.51825494889384,0.204,0.3,1
"Slc20a1",0.180926893194549,0.260336582219836,0.222,0.1,1
"Ift27",0.181176586762226,-0.257643615990817,0.037,0.1,1
"Psd",0.181176586762226,-0.265881734496856,0.037,0.1,1
"Gatad2b",0.181230333404138,0.419939644138428,0.407,0.267,1
"Stk39",0.18129971272899,0.400673759137034,0.259,0.133,1
"Ddx3x",0.181366422691465,-0.350199201440826,0.139,0.233,1
"Ctbp2",0.181756084972567,-0.616637185338937,0.065,0.133,1
"ENSMUSG00000120362",0.181756084972567,-0.5684375163143,0.065,0.133,1
"Znrf3",0.182167944462498,0.508376837001802,0.528,0.367,1
"Akap8",0.182219030203151,-0.421776180719947,0.25,0.333,1
"Fam171a1",0.182968835242001,0.348419966975918,0.213,0.1,1
"Wscd1",0.182968835242001,0.358051617388745,0.213,0.1,1
"Dstn",0.183083950799999,0.455190097424976,0.306,0.167,1
"Susd6",0.183305472392795,-0.505345820651893,0.25,0.333,1
"Itprid2",0.183369043118974,-0.381055324659474,0.176,0.267,1
"Vxn",0.18351648616021,0.287918885058288,0.12,0.033,1
"Dcaf10",0.18351648616021,0.25296045266377,0.12,0.033,1
"Gas2l1",0.18351648616021,-0.305964614933883,0.083,0.167,1
"Slc11a2",0.18351648616021,0.276050590761761,0.12,0.033,1
"Wac",0.183902196685439,-0.318764736182331,0.398,0.5,1
"Snx30",0.184164811178692,-0.560931290820608,0.259,0.333,1
"Kdm1a",0.184200428662457,0.347767325400731,0.167,0.067,1
"Gm32618",0.184200428662457,0.379045467885118,0.167,0.067,1
"Cox14",0.184200428662457,0.411420282287216,0.167,0.067,1
"Dpf3",0.18482599565917,-0.397021459652666,0.315,0.4,1
"Arhgef18",0.184863100506987,-0.295679948932101,0.157,0.267,1
"Rpl29",0.185296903834,0.461410946813341,0.25,0.133,1
"Dym",0.185365980883521,-0.407933307837982,0.139,0.233,1
"Tm7sf3",0.185377917298212,-0.46328981927458,0.065,0.133,1
"Ralgapa2",0.185466334944136,-0.46766704694742,0.148,0.233,1
"Ndufaf2",0.185468793731004,0.37968800063565,0.213,0.1,1
"Ccnl1",0.185588902562762,0.304801576687785,0.343,0.2,1
"Mpzl1",0.185835531124005,0.30204045754754,0.222,0.1,1
"Zfp131",0.185901185800058,0.475771072736474,0.157,0.067,1
"Smchd1",0.186334965112475,0.290730476344278,0.269,0.133,1
"Map3k3",0.186363580958789,-0.250527690024223,0.278,0.4,1
"Fermt3",0.18678376479579,0.281959533085073,0.12,0.033,1
"Desi2",0.186816094682082,0.250270055864367,0.463,0.3,1
"Actr2",0.186890874562781,0.363316393056187,0.241,0.133,1
"Setx",0.187001636842082,0.303198487388069,0.167,0.067,1
"Bbof1",0.187001636842082,0.349072675119103,0.167,0.067,1
"Gm38604",0.187001636842082,0.293236662923262,0.167,0.067,1
"Ralgds",0.18715665995965,0.364397438704116,0.111,0.033,1
"Dhx35",0.18715665995965,0.40961106179809,0.111,0.033,1
"Srrt",0.18715665995965,0.31944715085869,0.111,0.033,1
"Ccdc6",0.18715665995965,0.38944091008882,0.111,0.033,1
"Pttg1",0.18715665995965,0.391183346963045,0.111,0.033,1
"Zfp346",0.18715665995965,0.350300556856715,0.111,0.033,1
"Ralgps2",0.18729090748618,-0.386367665807802,0.111,0.2,1
"Actr3",0.1874223814683,0.405139587452441,0.204,0.1,1
"Cdc73",0.187653164655963,-0.412482090219766,0.204,0.3,1
"Dock2",0.188355787523101,-0.404590589718938,0.185,0.3,1
"Prrc2b",0.188813961830884,0.412061627032223,0.296,0.167,1
"C1ql3",0.188814792072971,0.451606906831789,0.296,0.167,1
"B3galnt2",0.189052853306666,-0.388198952451318,0.065,0.133,1
"Gm26533",0.189052853306666,-0.40248451154688,0.065,0.133,1
"Setd5",0.189095132061485,0.363670024263706,0.407,0.267,1
"Uqcrh",0.189640047119728,0.340460045685485,0.306,0.167,1
"Cic",0.190093814883897,-0.2606984320516,0.083,0.167,1
"Fkbp15",0.190544333434372,0.304701244934336,0.213,0.1,1
"Tank",0.190562825522761,0.31268193468852,0.472,0.333,1
"Gm37238",0.19058461300113,0.323641451413217,0.111,0.033,1
"Thoc2l",0.191042996890575,-0.4153458306005,0.343,0.433,1
"Zbed5-ps",0.191697045086258,-0.539501831370364,0.12,0.2,1
"Atp11c",0.19169987192354,-0.447622404707285,0.12,0.2,1
"Trp53",0.192211533286229,-0.499521573381524,0.093,0.167,1
"Senp5",0.192698213039897,0.324263801926406,0.167,0.067,1
"Zbtb26",0.192781221218673,-0.425304992022019,0.065,0.133,1
"Uqcc1",0.192781221218673,-0.577254208445511,0.065,0.133,1
"Atox1",0.192781221218673,-0.411511130931973,0.065,0.133,1
"Gabarapl1",0.193119035666448,0.424760659301196,0.213,0.1,1
"Maea",0.19326011043912,-0.328435068778092,0.111,0.2,1
"Sort1",0.193353595062492,0.398729375455058,0.435,0.3,1
"Jtb",0.19344687087915,-0.325214043167851,0.083,0.167,1
"Bmper",0.19344687087915,-0.269336314247945,0.083,0.167,1
"Rprd2",0.193592622689944,-0.389309507521101,0.231,0.333,1
"Rwdd1",0.194058571240242,0.46959079735934,0.111,0.033,1
"Fam171a2",0.194058571240242,0.420023227632972,0.111,0.033,1
"Cpsf3",0.194058571240242,0.30611868887074,0.111,0.033,1
"Adcy2",0.19454181002444,-0.293217868126012,0.602,0.7,1
"Id3",0.194851624733596,0.311582692024661,0.25,0.133,1
"Lama2",0.195108874597838,0.432116623231126,0.602,0.5,1
"Lrrk2",0.195488943335004,-0.450162881005223,0.093,0.167,1
"Clk2",0.195593872146669,0.386666003502131,0.167,0.067,1
"1810037I17Rik",0.195593872146669,0.35064435299267,0.167,0.067,1
"Gabrg1",0.195593872146669,0.266082308042287,0.167,0.067,1
"Mob2",0.195593872146669,0.292685639992087,0.167,0.067,1
"Rhob",0.195593872146669,0.28580849662768,0.167,0.067,1
"Ep300",0.195815722946622,-0.368164688697028,0.241,0.333,1
"Tpd52l2",0.195917354029335,0.383804555147459,0.278,0.167,1
"Paqr8",0.195966690038458,0.292881628457793,0.602,0.433,1
"Mrtfa",0.196253244792864,-0.418388329699452,0.148,0.233,1
"Zbtb18",0.19629659695664,-0.378740341249365,0.111,0.2,1
"Ak5",0.19656334102561,-0.382953211269686,0.065,0.133,1
"Ogfod1",0.19656334102561,-0.476498474471349,0.065,0.133,1
"Tnpo1",0.196627935506682,0.448461317014359,0.241,0.133,1
"Sema6a",0.196973436311569,0.35183314625323,0.287,0.167,1
"Mllt3",0.197221277698762,0.277027622735818,0.398,0.233,1
"S100a1",0.197578786867702,0.334490886393333,0.111,0.033,1
"Prelid1",0.197578786867702,0.342670337221422,0.111,0.033,1
"Rexo2",0.197630514223508,0.331108896061839,0.157,0.067,1
"Anapc16",0.197630514223508,-0.472763157768859,0.12,0.2,1
"Cbl",0.197870724056119,-0.309121059159222,0.194,0.3,1
"Ammecr1",0.198136153239051,-0.428530626154146,0.241,0.333,1
"Dnajc8",0.198521301142926,0.324623254815939,0.167,0.067,1
"Zfp160",0.198521301142926,0.323936567156674,0.167,0.067,1
"Rbms1",0.198536627951632,-0.625379670279481,0.176,0.267,1
"Adap2os",0.198807137211628,-0.629112821653555,0.093,0.167,1
"Birc6",0.199041180626801,-0.331915591857436,0.472,0.567,1
"Hmgcl",0.199367889203047,-0.410206213116786,0.111,0.2,1
"Crot",0.199537539798651,-0.71573551463767,0.296,0.367,1
"Kpna4",0.200384893845305,0.254684450286563,0.37,0.233,1
"Abraxas2",0.200399524253562,-0.460157491024006,0.065,0.133,1
"Ankrd24",0.200399524253562,-0.300580742959042,0.065,0.133,1
"Gpr108",0.200399524253562,-0.318160169054526,0.065,0.133,1
"Hars",0.200399524253562,-0.332292548438893,0.065,0.133,1
"Mrps10",0.200479830886516,-0.352791905890584,0.093,0.167,1
"Higd2a",0.200645696401469,0.422255556822362,0.157,0.067,1
"Rpl24",0.200645696401469,0.36522432452319,0.157,0.067,1
"Pdpk1",0.200645696401469,0.448171851266723,0.157,0.067,1
"Gm44151",0.200819534371869,0.465755365552628,0.231,0.133,1
"Elf2",0.200948624670366,0.30282008423951,0.306,0.167,1
"Polb",0.201000847119126,0.338408322869686,0.213,0.1,1
"Txndc15",0.201000847119126,0.296141862661409,0.213,0.1,1
"Ints6",0.201000847119126,0.322932920962964,0.213,0.1,1
"Dap3",0.201145505770837,0.272946828669112,0.111,0.033,1
"C9orf72",0.201145505770837,0.309031416979849,0.111,0.033,1
"Cbarp",0.201145505770837,0.363732045362337,0.111,0.033,1
"Rad50",0.201145505770837,0.327340343096612,0.111,0.033,1
"Rpain",0.201145505770837,0.282012320223503,0.111,0.033,1
"Bphl",0.201145505770837,0.309916810602103,0.111,0.033,1
"Polr3a",0.201145505770837,0.319601686245619,0.111,0.033,1
"Abcc1",0.201145505770837,0.292994461216297,0.111,0.033,1
"Srsf6",0.201151271280419,-0.386707774831346,0.176,0.267,1
"Nfatc3",0.201480638216885,0.316903705365947,0.167,0.067,1
"Ttc14",0.201539085610871,0.29450762055496,0.593,0.433,1
"Snhg14",0.201815976971206,-0.374760221398554,0.148,0.233,1
"Cpm",0.201815976971206,-0.437125868020359,0.148,0.233,1
"Rcbtb2",0.201815976971206,-0.346749632629897,0.148,0.233,1
"Gnl2",0.202166315819431,-0.393111646652013,0.093,0.167,1
"A930037H05Rik",0.202166315819431,-0.390740431433147,0.093,0.167,1
"Trim24",0.202382104087731,-0.393495532163995,0.185,0.267,1
"Rab11fip2",0.202557368559137,-0.469624661649276,0.389,0.5,1
"Usp47",0.202898361891267,-0.381260492153054,0.194,0.3,1
"Tnfaip6",0.20332923552111,0.27505846053504,0.204,0.1,1
"Cep68",0.20332923552111,0.387777966359302,0.204,0.1,1
"Elk3",0.203692875447838,0.397947873354058,0.157,0.067,1
"Blmh",0.203694314034716,0.297664167364751,0.157,0.067,1
"Capn15",0.203694314034716,0.360198619998193,0.157,0.067,1
"Cfap20",0.204038923620106,-0.28538951160629,0.111,0.2,1
"Pals1",0.204175136196826,0.31760041457841,0.269,0.133,1
"Fastkd1",0.204290073728106,-0.36586039248384,0.065,0.133,1
"Timm13",0.204290073728106,-0.330239026125481,0.065,0.133,1
"Dscam",0.204290073728106,-0.367816808615079,0.065,0.133,1
"Zfp933",0.204640068483084,-0.411584779141096,0.148,0.233,1
"C920021L13Rik",0.204758967372956,0.394168774489606,0.111,0.033,1
"Ptpdc1",0.204758967372956,0.299773938445449,0.111,0.033,1
"Gcnt4",0.204758967372956,0.330557749127684,0.111,0.033,1
"Srek1ip1",0.204758967372956,0.292868615010196,0.111,0.033,1
"Gm15601",0.204758967372956,0.286050491778121,0.111,0.033,1
"Gm50013",0.204758967372956,0.301680589489458,0.111,0.033,1
"Zmynd8",0.204886340707726,-0.351710600330691,0.25,0.333,1
"Mif",0.205501115396673,0.473258808750075,0.194,0.1,1
"Oma1",0.205566675015961,-0.372661925057623,0.093,0.167,1
"Tnik",0.205732695572803,-0.267429408575483,0.796,0.767,1
"Snx2",0.205970011286804,0.414260528099811,0.231,0.133,1
"Ptpa",0.206073229195709,0.344206362230551,0.204,0.1,1
"E130308A19Rik",0.206073229195709,0.349921291698542,0.204,0.1,1
"Gab1",0.20610263255717,0.416262024306779,0.546,0.4,1
"Tor1aip1",0.206195498178222,0.272880281551996,0.315,0.167,1
"Ppp6r1",0.20625347997958,-0.38251891175636,0.065,0.133,1
"Nwd1",0.206397575521495,-0.285097884803023,0.565,0.667,1
"Olig1",0.206776508989718,-0.38848156177199,0.12,0.2,1
"Nktr",0.207223627145839,-0.338881471627828,0.435,0.5,1
"Arhgef12",0.207489241976768,-0.323779022647803,0.648,0.667,1
"Cntln",0.207495574014463,0.252070402775961,0.167,0.067,1
"Naa12",0.207495574014463,0.252589196975477,0.167,0.067,1
"Aldh1l1",0.207633601114023,-0.472086361607522,0.185,0.267,1
"Aspa",0.207872566081817,0.37201693412533,0.509,0.367,1
"Xylt1",0.208077971216126,-0.2820166874509,0.5,0.567,1
"Vav2",0.20823528333997,-0.435830555927709,0.065,0.133,1
"Naa25",0.20823528333997,-0.284722856877356,0.065,0.133,1
"Tmtc1",0.20823528333997,-0.3002299926633,0.065,0.133,1
"Nol11",0.20823528333997,-0.300683744584801,0.065,0.133,1
"Slc39a11",0.20823528333997,-0.307440471098681,0.065,0.133,1
"Mta1",0.20823528333997,-0.310770808151993,0.065,0.133,1
"Gmpr2",0.20823528333997,-0.441655665685838,0.065,0.133,1
"F630040K05Rik",0.20823528333997,-0.371134638401656,0.065,0.133,1
"Ncald",0.208378664780903,0.359108259575616,0.333,0.2,1
"Tmem144",0.208419404473301,0.301285422004194,0.111,0.033,1
"Anp32b",0.208419404473301,0.269515377233845,0.111,0.033,1
"Pabpc4",0.208419404473301,0.319683251282093,0.111,0.033,1
"Pigb",0.208419404473301,0.315223916418864,0.111,0.033,1
"Sox4",0.208419404473301,0.324825473015771,0.111,0.033,1
"Ik",0.208419404473301,0.378082461205141,0.111,0.033,1
"Hcfc1",0.208419404473301,0.279158514593669,0.111,0.033,1
"Ppm1l",0.208844022057663,0.292308756174977,0.204,0.1,1
"Chpt1",0.20911364799353,0.272671810581378,0.213,0.1,1
"Dusp3",0.20911364799353,0.353284157469408,0.213,0.1,1
"1810062O18Rik",0.20911364799353,0.338328165872855,0.213,0.1,1
"Tmeff2",0.209398574058581,0.44335339713192,0.676,0.567,1
"Pi4kb",0.210040367973685,-0.479681490274989,0.241,0.333,1
"Gjc3",0.210706595621787,0.434298286290945,0.491,0.367,1
"Phka2",0.210743058775191,-0.337267546775313,0.093,0.167,1
"Adgrl3",0.211133120936503,0.28745871097138,0.815,0.667,1
"Trpm7",0.211736792886772,-0.396112927635498,0.407,0.533,1
"E130307A14Rik",0.211837164836443,-0.465872557206397,0.287,0.367,1
"Ralbp1",0.21186105463158,-0.383388030573241,0.176,0.267,1
"Tpp2",0.211922286317417,0.396947754518467,0.241,0.133,1
"Thsd7a",0.212127043087655,0.328605437862609,0.111,0.033,1
"Pgm2l1",0.212127043087655,0.282068442891014,0.111,0.033,1
"Brsk2",0.212127043087655,0.28681723980955,0.111,0.033,1
"Smim7",0.212127043087655,0.277142286604411,0.111,0.033,1
"Snupn",0.212127043087655,0.264361765913925,0.111,0.033,1
"Spidr",0.212127043087655,0.292601581845983,0.111,0.033,1
"Pde9a",0.212127043087655,0.292119053213684,0.111,0.033,1
"Apoo",0.212127043087655,0.270622752940079,0.111,0.033,1
"Exoc6b",0.212224675784598,0.421244429086559,0.611,0.5,1
"Ccdc173",0.212235437811714,-0.293844507391882,0.065,0.133,1
"Tssc4",0.212235437811714,-0.339739422474814,0.065,0.133,1
"Gm4924",0.212235437811714,-0.402379212533332,0.065,0.133,1
"Eprs",0.213042181002729,-0.337524760847461,0.12,0.2,1
"Rpl27a",0.213042181002729,0.404534762966803,0.157,0.067,1
"Puf60",0.213042181002729,-0.397748470090285,0.12,0.2,1
"Abca1",0.213790952158013,-0.315221331254391,0.352,0.433,1
"Cyp51",0.21404207779885,-0.366441800680007,0.213,0.3,1
"Ssb",0.214212857624561,-0.345680098897753,0.296,0.4,1
"Snrpn",0.214213622433151,0.539962669515558,0.343,0.233,1
"Kcnk2",0.21446638882261,0.374335538681147,0.204,0.1,1
"Gfpt1",0.21446638882261,0.356408086075932,0.204,0.1,1
"Gm4221",0.21446638882261,-0.684207396924555,0.167,0.233,1
"Slk",0.214505264313688,0.345957918934347,0.296,0.167,1
"Garre1",0.214652373784506,0.284834906776924,0.213,0.1,1
"Pkm",0.214880302711803,0.425458418611473,0.315,0.2,1
"Bbs9",0.215164067945636,-0.47290250532678,0.278,0.367,1
"Rbm25",0.215999467616865,-0.298251759659494,0.481,0.533,1
"Plpbp",0.216016716593207,-0.350917254139853,0.093,0.167,1
"Nox1",0.216016716593207,-0.417794057999544,0.093,0.167,1
"Ccdc59",0.216223820611601,-0.349547045163493,0.148,0.233,1
"Trappc3",0.216225924259163,0.308860975895421,0.157,0.067,1
"Dync1li1",0.216225924259163,-0.383285933828916,0.12,0.2,1
"Hunk",0.2162908124656,-0.292281261190523,0.065,0.133,1
"Mrpl28",0.2162908124656,-0.270247951074446,0.065,0.133,1
"Ncoa7",0.216349547686518,0.357478630098092,0.324,0.2,1
"Dach1",0.217206652329391,0.441285005753596,0.241,0.133,1
"Dis3l2",0.217426873086412,-0.392047529265069,0.241,0.333,1
"Smarca5",0.217426873086412,-0.291367566998291,0.241,0.333,1
"Rabac1",0.217693181735876,0.347619607486639,0.333,0.2,1
"Epb41l3",0.218675899808173,0.298810890967057,0.287,0.167,1
"Sub1",0.219257055352819,0.292993048642004,0.37,0.233,1
"Por",0.21958365175342,-0.467697242251209,0.093,0.167,1
"Khsrp",0.21958365175342,-0.389138682420625,0.093,0.167,1
"Znrf2",0.219684794053391,0.283855777461161,0.111,0.033,1
"Capzb",0.219837050076989,0.381689472013646,0.194,0.1,1
"Lmcd1",0.2204016729928,-0.256214611385866,0.065,0.133,1
"Mrps36",0.2204016729928,-0.399785178365852,0.065,0.133,1
"Naa15",0.220617307966431,-0.458273174010419,0.222,0.3,1
"Vps13d",0.221135200962404,0.336010851462777,0.324,0.2,1
"Nrcam",0.221562303414642,-0.276602387982503,0.861,0.867,1
"Uso1",0.221645592419982,0.306967982632544,0.204,0.1,1
"Gpr37",0.221854234467153,0.302849973417257,0.148,0.067,1
"Scaf11",0.222382676410567,-0.454797700147514,0.296,0.4,1
"Zfp36l2",0.222583111634283,0.414607802356619,0.241,0.133,1
"0610012G03Rik",0.222695863438682,0.315992399015711,0.157,0.067,1
"Atg12",0.222695863438682,0.337158043343097,0.157,0.067,1
"Atf6",0.222977568707145,-0.391075604846157,0.204,0.3,1
"Pdpr",0.223100374590398,-0.460008024053213,0.13,0.2,1
"Chd1",0.223157520920706,0.254951878771481,0.213,0.1,1
"Pot1b",0.223157520920706,0.269435032063171,0.213,0.1,1
"Dancr",0.22319266705973,-0.339735499818943,0.093,0.167,1
"Slc25a42",0.22319266705973,-0.421212087373957,0.093,0.167,1
"Psmd4",0.223556281096372,0.35739771513177,0.324,0.2,1
"Brinp1",0.224505905009849,0.369901496829332,0.102,0.033,1
"Nol7",0.224505905009849,0.318943743493315,0.102,0.033,1
"Dimt1",0.224505905009849,0.350405003101435,0.102,0.033,1
"Emx2os",0.224516655362835,-0.537173530249279,0.213,0.3,1
"Ino80d",0.224562362464435,0.394678951771659,0.315,0.2,1
"Rab36",0.224568275224099,-0.269976084054109,0.065,0.133,1
"Caap1",0.225209316192767,0.37494698849094,0.148,0.067,1
"Hpf1",0.225209316192767,0.349028906185334,0.148,0.067,1
"Gabra1",0.225209316192767,0.424453643535799,0.148,0.067,1
"Mrps33",0.225216269187842,0.518975905487854,0.185,0.1,1
"Snhg20",0.225424159230375,0.398444163579398,0.278,0.167,1
"Sox10",0.225851301161626,0.34847174932415,0.259,0.133,1
"Clpx",0.22598230341157,0.300695451234839,0.157,0.067,1
"Ern1",0.22598230341157,0.291580111998047,0.157,0.067,1
"Polk",0.22598230341157,-0.349885415049254,0.12,0.2,1
"Gm26672",0.226036802297814,0.366337405867494,0.204,0.1,1
"Nptn",0.226149872928777,0.334107510194024,0.481,0.333,1
"Rasgrp3",0.227303353539749,0.353897817260811,0.333,0.2,1
"Pkn2",0.227388924415025,0.34207301478795,0.37,0.233,1
"Pikfyve",0.227449917030152,-0.271653273867342,0.139,0.233,1
"0610040J01Rik",0.228352710411386,0.448711313577455,0.343,0.233,1
"Exosc8",0.228561955100127,0.371263602863167,0.102,0.033,1
"ENSMUSG00000120150",0.228561955100127,0.286512545071996,0.102,0.033,1
"Gm29642",0.228561955100127,0.321413755425601,0.102,0.033,1
"Mettl6",0.228561955100127,0.326602405781198,0.102,0.033,1
"Bex2",0.2286553529237,0.394598571143137,0.389,0.233,1
"Asb7",0.228790864902263,-0.279281224850604,0.065,0.133,1
"Rnf25",0.228997760518619,0.295757193530813,0.204,0.1,1
"Mapk8ip1",0.228997760518619,0.317297903403217,0.204,0.1,1
"Kdm7a",0.228997760518619,0.29353454205155,0.204,0.1,1
"Smg6",0.229902226971547,-0.318642243190672,0.352,0.467,1
"Rab2a",0.230157789319881,0.297542931499344,0.417,0.267,1
"Hmgn3",0.230157789319881,-0.341169186882486,0.37,0.433,1
"Ubap1",0.23053758492302,-0.352101577287673,0.093,0.167,1
"Unc13c",0.230728516605131,0.300093810680888,0.519,0.4,1
"Tex264",0.230897576477718,-0.370596160684258,0.046,0.1,1
"Mettl24",0.230897576477718,-0.416251805759265,0.046,0.1,1
"Stk11",0.230897576477718,-0.336843590541466,0.046,0.1,1
"Pias4",0.230897576477718,-0.356744185000146,0.046,0.1,1
"Akap1",0.230897576477718,-0.355023009853379,0.046,0.1,1
"Cenpp",0.230897576477718,-0.451608275386497,0.046,0.1,1
"Gm26621",0.230897576477718,-0.382978855395558,0.046,0.1,1
"A230001M10Rik",0.231129343657403,0.266711977967962,0.25,0.133,1
"Prdm5",0.231357740342309,-0.274920645770892,0.148,0.233,1
"Dctn5",0.232027848197269,0.314590635838126,0.148,0.067,1
"St6galnac3",0.232452822382394,0.422566732631307,0.454,0.333,1
"Ccnd2",0.232489121840262,-0.443690542568491,0.185,0.267,1
"Sars",0.232658705398053,0.261160410392349,0.157,0.067,1
"Psmd8",0.232658705398053,0.289624123132489,0.157,0.067,1
"Sptlc2",0.232658705398053,0.291578113366633,0.157,0.067,1
"Nkx2-2os",0.232669916670607,0.295946638272115,0.102,0.033,1
"Bmerb1",0.232669916670607,0.317372577521611,0.102,0.033,1
"Dapk1",0.233069677456223,-0.263301369591886,0.065,0.133,1
"Vdac2",0.233386037071615,0.265199015847616,0.343,0.2,1
"Fyttd1",0.23447269489152,-0.36948664480062,0.148,0.233,1
"Cntn2",0.234710860612333,-0.299963666270652,0.25,0.333,1
"Gm26873",0.23487942368614,0.417061844284225,0.194,0.1,1
"Birc2",0.235491536907999,0.309741126296137,0.148,0.067,1
"Strn3",0.235626257605374,-0.339647199746739,0.528,0.567,1
"Dipk1a",0.235896985645098,-0.498367583075079,0.046,0.1,1
"Gm29571",0.235896985645098,-0.392069128026292,0.046,0.1,1
"Vav1",0.235896985645098,-0.404258439068888,0.046,0.1,1
"Ldb1",0.235896985645098,-0.285401215719852,0.046,0.1,1
"Ezh1",0.235925605388776,-0.457845503112854,0.139,0.2,1
"Hpcal4",0.236829990007205,0.276899114335198,0.102,0.033,1
"Dctn3",0.237973093740737,-0.414102566454413,0.157,0.233,1
"Cacng8",0.23804597365725,0.289321869947837,0.204,0.1,1
"Nat8f6",0.238052704679185,-0.296926792058367,0.093,0.167,1
"Ttf1",0.238929628677651,-0.460403147552755,0.074,0.133,1
"Cnpy3",0.238991659026848,0.383506833149936,0.148,0.067,1
"Gm31224",0.239509917953514,0.266785498113927,0.259,0.133,1
"Dapp1",0.24079145851493,-0.449319291185035,0.148,0.233,1
"Rbm15",0.24097249301641,-0.339631573723555,0.046,0.1,1
"Trmt10a",0.24097249301641,-0.369147768493302,0.046,0.1,1
"Zfp791",0.24097249301641,-0.438671859706763,0.046,0.1,1
"Habp4",0.24097249301641,-0.366732976284401,0.046,0.1,1
"Fezf2",0.24097249301641,-0.32971008774692,0.046,0.1,1
"Tmem50b",0.24097249301641,-0.351469921564592,0.046,0.1,1
"Gm5165",0.24097249301641,-0.381120593376402,0.046,0.1,1
"1500015A07Rik",0.24097249301641,-0.267074636324419,0.046,0.1,1
"Pbdc1",0.24097249301641,-0.288200253781125,0.046,0.1,1
"Mir6236",0.241035614040098,0.29280088421422,0.324,0.2,1
"Paxip1",0.241042366236775,0.270518319567721,0.102,0.033,1
"Nat8l",0.241042366236775,0.38744229181259,0.102,0.033,1
"Paqr3",0.241042366236775,0.322002397509062,0.102,0.033,1
"Thyn1",0.241042366236775,0.302485596090192,0.102,0.033,1
"Ttc7",0.241042366236775,0.269220024455225,0.102,0.033,1
"P2ry14",0.241095426235577,0.304038006407959,0.194,0.1,1
"4933431E20Rik",0.241225588458073,-0.470689845118486,0.185,0.267,1
"Emsy",0.241225588458073,-0.317735772529799,0.185,0.267,1
"Prkd1",0.241247106602398,-0.407684168143538,0.546,0.6,1
"Zup1",0.242158813733775,0.271368417245042,0.241,0.133,1
"Adamts6",0.242158813733775,0.379280091404974,0.241,0.133,1
"Reep5",0.242248431375563,0.364523483223746,0.315,0.2,1
"Vta1",0.242324568366193,0.284984606819205,0.25,0.133,1
"Tbc1d32",0.242528322631343,0.297928031193926,0.148,0.067,1
"D16Ertd472e",0.242528322631343,0.269300431690678,0.148,0.067,1
"Actb",0.242785769631651,0.453374940319407,0.657,0.533,1
"BC005537",0.242933738311518,-0.310248789740275,0.12,0.2,1
"Xpnpep3",0.242933738311518,0.274756126746695,0.157,0.067,1
"Rgs17",0.24316597270029,0.305452548672601,0.102,0.033,1
"Sash1",0.243359532901797,0.329017575471305,0.694,0.533,1
"Hp1bp3",0.243368684131705,-0.537841840980681,0.269,0.333,1
"F3",0.243738004329557,0.311025919371184,0.398,0.267,1
"Flywch1",0.243995425288525,0.369943146120143,0.185,0.1,1
"Got1",0.243995425288525,-0.292345665856603,0.148,0.233,1
"Tab2",0.24403552298459,-0.297960614420883,0.231,0.333,1
"Kif2a",0.244246494269367,0.281748417937667,0.194,0.1,1
"Jakmip2",0.244246494269367,-0.64064611443833,0.157,0.233,1
"Amn1",0.244724237100343,0.392105734362415,0.231,0.133,1
"Camsap2",0.245304264009285,-0.252501960983061,0.25,0.333,1
"Rnpepl1",0.245307227147086,0.284808073997814,0.102,0.033,1
"Gm11906",0.245307227147086,0.338168487486774,0.102,0.033,1
"Fbxo2",0.245307227147086,0.265871941466304,0.102,0.033,1
"Katnal1",0.245307227147086,0.264704388287882,0.102,0.033,1
"Bcat2",0.245307227147086,0.253260960829369,0.102,0.033,1
"Gipc1",0.245307227147086,0.272411140045318,0.102,0.033,1
"Zfp426",0.245307227147086,0.297423339887301,0.102,0.033,1
"Insyn2b",0.245307227147086,0.290174807804558,0.102,0.033,1
"Psma6",0.245307227147086,0.273949991410909,0.102,0.033,1
"Uqcrfs1",0.245307227147086,0.326348865557672,0.102,0.033,1
"Ap1s2",0.245307227147086,0.297277768267561,0.102,0.033,1
"Tmx2",0.246124419977972,-0.250817915832103,0.046,0.1,1
"D430041D05Rik",0.246124419977972,-0.286907418168936,0.046,0.1,1
"Mtfr1",0.246124419977972,-0.333921985695118,0.046,0.1,1
"Ubqln4",0.246124419977972,-0.310253705892663,0.046,0.1,1
"Tmem39b",0.246124419977972,-0.3388420083856,0.046,0.1,1
"Gm45223",0.246124419977972,-0.282720873621707,0.046,0.1,1
"Hmgxb4",0.246124419977972,-0.410466204820104,0.046,0.1,1
"Mri1",0.246124419977972,-0.361385463850932,0.046,0.1,1
"Commd4",0.246124419977972,-0.329673657737506,0.046,0.1,1
"Gaa",0.246124419977972,-0.254892673886819,0.046,0.1,1
"Ndufaf8",0.246124419977972,-0.50242783416229,0.046,0.1,1
"Sgtb",0.246124419977972,-0.325045990310409,0.046,0.1,1
"Spata13",0.246124419977972,-0.319498531808228,0.046,0.1,1
"Ncaph2",0.246124419977972,-0.279470078309883,0.046,0.1,1
"Tmem186",0.246124419977972,-0.283762951730685,0.046,0.1,1
"Tbp",0.246124419977972,-0.25662895970634,0.046,0.1,1
"Zfp944",0.246124419977972,-0.27908511401909,0.046,0.1,1
"Zfp81",0.246124419977972,-0.493512975743094,0.046,0.1,1
"Serbp1",0.246412099565957,0.438765967154049,0.407,0.267,1
"2610203C22Rik",0.24642860196134,-0.348883053951377,0.12,0.2,1
"Mrpl20",0.247426368087513,0.330722440117563,0.194,0.1,1
"Tsc22d3",0.247426368087513,0.396868099042916,0.194,0.1,1
"Clk4",0.247433198029121,-0.280714177313648,0.426,0.533,1
"Spata2",0.247459393568669,-0.378659993342495,0.074,0.133,1
"Thap12",0.247459393568669,-0.70106006569767,0.074,0.133,1
"Manf",0.247677408723007,0.352584661723763,0.231,0.133,1
"Kidins220",0.248719136639998,-0.379579244233536,0.648,0.7,1
"Kcmf1",0.248724368839578,-0.36575086327265,0.231,0.3,1
"Gabbr2",0.249000728904077,0.274185233005882,0.417,0.267,1
"Wdr82",0.24902588989104,0.338612883981591,0.194,0.1,1
"Lrch3",0.249053870671323,0.496231301140889,0.426,0.333,1
"Fkbp3",0.249548021097856,0.289065285809504,0.278,0.167,1
"Hmgcr",0.249548021097856,-0.750245815573777,0.241,0.3,1
"Vps26a",0.249622481988752,0.250089810092016,0.102,0.033,1
"Zfp715",0.249624745008718,0.2614320840285,0.102,0.033,1
"Spns1",0.249624745008718,0.272065503873361,0.102,0.033,1
"Slc35a5",0.249624745008718,0.258795068492106,0.102,0.033,1
"Snx3",0.250126150139292,0.365788791470852,0.269,0.167,1
"Gtf2a1",0.250190668969571,-0.402006461219116,0.185,0.267,1
"Ttc9b",0.250492900156481,0.363474070236661,0.185,0.1,1
"Pcsk6",0.250492900156481,-0.278462817053041,0.148,0.233,1
"Mafg",0.250498764285615,0.259263554861126,0.204,0.1,1
"Zdhhc21",0.250635115043015,0.411104638541675,0.194,0.1,1
"Pex13",0.250635115043015,0.299178152813578,0.194,0.1,1
"Zfp451",0.250907817098095,0.350883029915123,0.241,0.133,1
"Zranb3",0.251353067743272,-0.356060032019211,0.046,0.1,1
"Ciao1",0.251353067743272,-0.273145977014833,0.046,0.1,1
"Ttpal",0.251353067743272,-0.43628848581738,0.046,0.1,1
"Gm42971",0.251353067743272,-0.315608968086256,0.046,0.1,1
"Gba2",0.251353067743272,-0.313402531613981,0.046,0.1,1
"Sf3a3",0.251353067743272,-0.324018828146177,0.046,0.1,1
"Dnajc16",0.251353067743272,-0.26662239442984,0.046,0.1,1
"Commd8",0.251353067743272,-0.287974379687127,0.046,0.1,1
"Tec",0.251353067743272,-0.382337039370928,0.046,0.1,1
"Tarsl2",0.251353067743272,-0.27753011974706,0.046,0.1,1
"Gm47071",0.251353067743272,-0.282916029627932,0.046,0.1,1
"Dhrs1",0.251353067743272,-0.262161803774123,0.046,0.1,1
"Slc25a37",0.251353067743272,-0.454981079003188,0.046,0.1,1
"Xpo5",0.251353067743272,-0.266865560479615,0.046,0.1,1
"Syvn1",0.251353067743272,-0.30818699574691,0.046,0.1,1
"Porcn",0.251353067743272,-0.320896184622247,0.046,0.1,1
"Sfswap",0.25159122237156,-0.306165780128928,0.241,0.333,1
"Amy1",0.251706087709004,-0.390053554156586,0.185,0.267,1
"Tent5a",0.251803301485112,-0.387423281875581,0.074,0.133,1
"Clic1",0.251803301485112,-0.40302366587073,0.074,0.133,1
"Relch",0.252092152810695,-0.409111787922143,0.25,0.333,1
"Ssu72",0.252976129314311,0.262876771343266,0.287,0.167,1
"Fbxo3",0.253358573901101,0.25890616195108,0.148,0.067,1
"Ints10",0.253428529890793,-0.562425528551536,0.102,0.167,1
"Unk",0.253428529890793,-0.434447653162205,0.102,0.167,1
"Rps26",0.253651919106909,0.424117909744663,0.231,0.133,1
"Ddr1",0.253655124480473,-0.422593547982475,0.194,0.267,1
"Tm9sf4",0.253786547489715,0.465257417406306,0.185,0.1,1
"Gm47423",0.253872587066896,-0.630752063726108,0.204,0.267,1
"Uba5",0.253872799557723,0.36523703041483,0.194,0.1,1
"Yy1",0.253872799557723,0.264419882474193,0.194,0.1,1
"Atp6v1c1",0.253872799557723,-0.382536843951052,0.157,0.233,1
"Stk17b",0.253995082399017,0.304549866308101,0.102,0.033,1
"2810459M11Rik",0.253995082399017,0.368843675952749,0.102,0.033,1
"Shld1",0.253995082399017,0.301076036957978,0.102,0.033,1
"Jagn1",0.253995082399017,0.263989704718945,0.102,0.033,1
"Nup93",0.253995082399017,0.262388109288459,0.102,0.033,1
"Rexo1",0.253995082399017,0.274599424235015,0.102,0.033,1
"Zfr2",0.253995082399017,0.28799189906154,0.102,0.033,1
"Pphln1",0.253995082399017,0.332354912644704,0.102,0.033,1
"Bscl2",0.253995082399017,0.2706623105078,0.102,0.033,1
"Pot1a",0.255317926017099,-0.3022229625593,0.12,0.2,1
"Llgl1",0.256200106529509,-0.33928495101413,0.074,0.133,1
"Smyd3",0.256336818408694,-0.250350414047284,0.361,0.467,1
"Gtpbp6",0.256658716903038,-0.259635073984989,0.046,0.1,1
"Mthfd2",0.256658716903038,-0.273210031811376,0.046,0.1,1
"Rfxank",0.256658716903038,-0.286202250614027,0.046,0.1,1
"Slc37a4",0.256658716903038,-0.255768976173308,0.046,0.1,1
"Rnf215",0.256658716903038,-0.283853615299474,0.046,0.1,1
"Xylt2",0.256658716903038,-0.267379875349842,0.046,0.1,1
"Dhx8",0.256658716903038,-0.251407688953067,0.046,0.1,1
"Ctdp1",0.256658716903038,-0.270002879807301,0.046,0.1,1
"Ttc4",0.256892852675677,0.252779551891139,0.204,0.1,1
"Xpa",0.257042391412425,0.326884928484319,0.148,0.067,1
"Adap1",0.25713823814595,0.31917651116312,0.194,0.1,1
"Ndufa5",0.25713823814595,0.345100696790984,0.194,0.1,1
"Mef2d",0.257139483083959,0.264999702432213,0.194,0.1,1
"Selenos",0.257139483083959,0.339922988939718,0.194,0.1,1
"Gtpbp2",0.257139483083959,-0.352566533257719,0.157,0.233,1
"Elavl4",0.257308217638588,-0.391603105149026,0.102,0.167,1
"Mff",0.25793156058453,-0.316278913765673,0.259,0.333,1
"Arfgef1",0.25797605114538,0.356594257178779,0.278,0.167,1
"Septin8",0.258122674641658,-0.449170019309638,0.213,0.3,1
"Usp38",0.258418392028226,0.253233557424257,0.102,0.033,1
"Shld2",0.258418392028226,0.253686744644569,0.102,0.033,1
"Afg3l2",0.258418392028226,0.252783800582229,0.102,0.033,1
"Atp2c1",0.258551013618962,-0.322521416191057,0.398,0.467,1
"Rsbn1",0.259202786977313,-0.294035779611952,0.222,0.3,1
"Zc3h14",0.26034298805274,-0.408948165796955,0.13,0.2,1
"Fbxo34",0.26034298805274,-0.392836254556407,0.13,0.2,1
"Ankrd12",0.260569302606093,0.310249559946857,0.537,0.4,1
"Grin1",0.260649956414067,-0.475611001245977,0.074,0.133,1
"Gm37310",0.260649956414067,-0.367149586006997,0.074,0.133,1
"Scyl1",0.260649956414067,-0.374567047293308,0.074,0.133,1
"Csnk2a2",0.260763220566564,0.286046218186262,0.148,0.067,1
"Ndufb9",0.260892124230098,0.348159742983054,0.315,0.2,1
"Ccdc138",0.261228926554744,-0.461540504812501,0.102,0.167,1
"Efr3a",0.261760963965055,-0.385696813154453,0.167,0.233,1
"Mcl1",0.262041626982115,-0.263996430526218,0.046,0.1,1
"Coq5",0.262041626982115,-0.259238000688344,0.046,0.1,1
"Wdr83os",0.262041626982115,-0.27576547433142,0.046,0.1,1
"Rnf185",0.262041626982115,-0.289088489590651,0.046,0.1,1
"Rcbtb1",0.262238646101783,0.302938688439898,0.306,0.2,1
"Amotl1",0.262589341222846,-0.281576628007512,0.12,0.2,1
"Isca2",0.262793484236635,-0.518271037593169,0.176,0.233,1
"Eva1a",0.262811517133845,0.363631366298466,0.231,0.133,1
"Klf7",0.262877516515092,0.317672945555354,0.454,0.333,1
"Bcap31",0.262912861843728,0.286518181530981,0.241,0.133,1
"Dop1a",0.263399361395334,-0.355559526656988,0.167,0.233,1
"Tafazzin",0.263760077905043,0.282791129454402,0.194,0.1,1
"Slc7a10",0.263776920782272,0.334191557377984,0.426,0.3,1
"Uggt1",0.263930405192993,-0.366052888383781,0.13,0.2,1
"Fam228b",0.26398749250535,-0.280121070061069,0.435,0.5,1
"Rpl34",0.264137768829181,0.335798769775168,0.139,0.067,1
"Usp46",0.264521140855377,0.268806350064518,0.148,0.067,1
"Tomm70a",0.264521140855377,0.285551046063051,0.148,0.067,1
"Gria2",0.264771846543167,0.325883017783327,0.935,0.9,1
"Grn",0.265190748799475,-0.348002643239557,0.102,0.167,1
"Dnal1",0.265190748799475,-0.357183371127538,0.102,0.167,1
"Tcirg1",0.265190748799475,-0.390050292780742,0.102,0.167,1
"Hivep3",0.265654911108262,-0.304301008138614,0.694,0.767,1
"Tmsb4x",0.265785494867493,0.358278922349081,0.676,0.567,1
"Kif21b",0.265975084330833,-0.437804972079939,0.204,0.267,1
"Plekhm2",0.265975084330833,0.287788703218071,0.241,0.133,1
"Lifr",0.266599457996927,-0.344902441547517,0.241,0.3,1
"Rgs7",0.266828318310439,-0.277631985386871,0.741,0.8,1
"Macir",0.267114096916897,-0.369062688703409,0.157,0.233,1
"Gas5",0.267114096916897,0.290429626477714,0.194,0.1,1
"Ppig",0.267224198485481,0.449300408047218,0.222,0.133,1
"Fgd2",0.267262011711562,-0.279077532310973,0.148,0.233,1
"Polr3f",0.267502036003592,-0.275395563792052,0.046,0.1,1
"Bmp1",0.267502036003592,-0.261068409165457,0.046,0.1,1
"Mettl25",0.268316226763422,0.257839692535818,0.148,0.067,1
"Kif5c",0.268812538895371,0.427840308203779,0.222,0.133,1
"Sqstm1",0.269061771490424,-0.504643576866006,0.204,0.267,1
"3830406C13Rik",0.269193770373657,-0.510070665769395,0.102,0.167,1
"Rbm18",0.269709330766871,-0.345740505715751,0.074,0.133,1
"Trip12",0.270631716826478,0.380397756543224,0.444,0.333,1
"Sh3d19",0.270703014981114,0.334868814948784,0.361,0.233,1
"Supt16",0.271207149291435,-0.328171738323953,0.13,0.2,1
"Plppr4",0.271950894825922,0.462713432919318,0.139,0.067,1
"Gabarapl2",0.271950894825922,0.349271510827603,0.139,0.067,1
"Bex1",0.271950894825922,0.321311297532806,0.139,0.067,1
"Hapln2",0.272148547700764,0.281227802725052,0.148,0.067,1
"Gm49356",0.272148547700764,0.264162197008929,0.148,0.067,1
"Zfp438",0.27217295956163,-0.300331518791086,0.204,0.267,1
"Csmd1",0.272520543517354,0.406209347633336,0.481,0.4,1
"Kdm5c",0.273238071032151,-0.395285426261203,0.102,0.167,1
"Ubn1",0.273370801224917,-0.401349701895997,0.167,0.233,1
"Kat6b",0.273388858641586,0.270565374032769,0.361,0.233,1
"Slc10a7",0.27390856862806,0.331722951554521,0.194,0.1,1
"Cntrl",0.273909824098246,-0.332455400359444,0.157,0.233,1
"Gm973",0.274054329610803,-0.265214051651174,0.222,0.3,1
"Mrpl1",0.274319099372885,-0.320852732295681,0.074,0.133,1
"Slu7",0.274319099372885,-0.356461305007894,0.074,0.133,1
"Dpp10",0.274716317419224,-0.45618809593919,0.306,0.367,1
"Mob4",0.274821318362878,0.311340017839893,0.269,0.167,1
"Nadk",0.274896594813144,-0.370076683401986,0.13,0.2,1
"Snap23",0.275657272947715,-0.255556280367997,0.12,0.2,1
"mt-Rnr2",0.275892660940397,0.306443205410365,0.778,0.667,1
"Manbal",0.275916212420233,0.30371266707466,0.139,0.067,1
"Klf15",0.275916212420233,0.342836188210701,0.139,0.067,1
"Prkaca",0.275916212420233,0.389823265828484,0.139,0.067,1
"Rack1",0.275916212420233,0.367664352124834,0.139,0.067,1
"Lrba",0.276252831365562,0.328757674819784,0.426,0.333,1
"Ubr5",0.276449081263617,-0.297680972243382,0.389,0.433,1
"Stub1",0.277351621162236,-0.52806937928021,0.157,0.233,1
"Erc1",0.277643752193659,0.280054148124087,0.315,0.2,1
"Nxn",0.277686069527089,0.372698420159247,0.185,0.1,1
"AW554918",0.278402802829547,0.260162920968581,0.278,0.167,1
"Mtrf1l",0.278656192896676,-0.261934763330257,0.046,0.1,1
"Miga2",0.278982400766801,-0.390240962141278,0.074,0.133,1
"Rbck1",0.278982400766801,-0.319265674441304,0.074,0.133,1
"Rnf114",0.278982400766801,-0.263970757196153,0.074,0.133,1
"Guf1",0.278982400766801,-0.299416930780252,0.074,0.133,1
"Phrf1",0.279920786785921,0.344869671060996,0.139,0.067,1
"Fars2",0.280040441490643,-0.264228085660608,0.472,0.533,1
"Vps35",0.280822761117294,0.254814754952002,0.194,0.1,1
"Cwf19l2",0.280865782275122,0.39655781923705,0.269,0.167,1
"Cdc42bpa",0.281384397394905,0.278431284132457,0.583,0.433,1
"Colgalt2",0.281450796880283,-0.333461220735634,0.102,0.167,1
"Mxi1",0.281554663758304,-0.344097374576995,0.315,0.4,1
"Prpf39",0.28174338787223,-0.329120486905941,0.185,0.267,1
"Eif4g3",0.283471753739522,0.337978601856354,0.593,0.5,1
"Golga3",0.283699330391043,-0.293402028052982,0.074,0.133,1
"Arhgap25",0.283699330391043,-0.273214746839054,0.074,0.133,1
"Srcap",0.283699330391043,-0.287631280234326,0.074,0.133,1
"Psen1",0.283699330391043,-0.282796155326536,0.074,0.133,1
"Gskip",0.283699330391043,-0.278944607235774,0.074,0.133,1
"Slc2a13",0.283699330391043,-0.502362503509085,0.074,0.133,1
"Ppp1r1a",0.283699330391043,-0.282941588922984,0.074,0.133,1
"Fundc1",0.283699330391043,-0.321947231156074,0.074,0.133,1
"Rp2",0.283699330391043,-0.369435614832779,0.074,0.133,1
"Tlr7",0.283699330391043,-0.329185728404393,0.074,0.133,1
"Tomm20",0.284323280326864,0.283298587458338,0.194,0.1,1
"Larp4b",0.284435893205724,0.268256015676044,0.278,0.167,1
"Cd9",0.285040966896161,-0.290409269712074,0.185,0.267,1
"Vdac1",0.285040966896161,0.359659515153827,0.222,0.133,1
"Timm9",0.285619349587476,-0.475402265445935,0.102,0.167,1
"Zfp942",0.285619349587476,-0.301176393584535,0.102,0.167,1
"Apex2",0.285619349587476,-0.281631117101371,0.102,0.167,1
"Npc2",0.286040111928298,-0.526007702202886,0.176,0.233,1
"Stxbp3",0.286288506467587,0.25439696002805,0.315,0.2,1
"Kdm5b",0.286346628024804,-0.446245410043109,0.222,0.3,1
"Cog5",0.286856724101397,-0.438641257302469,0.343,0.4,1
"Akap6",0.286982692619529,0.295071202459957,0.639,0.5,1
"Atp9a",0.287853211858458,0.256800341141883,0.194,0.1,1
"Capza2",0.287995654732852,0.397654142806639,0.287,0.2,1
"Pus10",0.288047932045429,-0.453225246809576,0.111,0.167,1
"Sypl",0.288047932045429,0.300773182684364,0.139,0.067,1
"Wwtr1",0.288330408132601,-0.336558011117863,0.194,0.267,1
"Srebf2",0.288331493195312,-0.553340316854348,0.194,0.267,1
"Safb",0.288331493195312,0.329805030816951,0.231,0.133,1
"Xpo1",0.288383607472002,0.326618385455138,0.185,0.1,1
"Gdap2",0.288469972752456,-0.257143062617866,0.074,0.133,1
"Ncf1",0.288469972752456,-0.304687983121234,0.074,0.133,1
"Iqck",0.288469972752456,-0.299188945440824,0.074,0.133,1
"Prxl2c",0.288469972752456,-0.312189892014467,0.074,0.133,1
"Ankrd44",0.289477014093241,-0.328435887346301,0.222,0.3,1
"Ifrd1",0.289477014093241,0.435752523209253,0.259,0.167,1
"Med23",0.289829436250035,-0.25605002656358,0.102,0.167,1
"Cradd",0.289996047264964,-0.553100046890865,0.13,0.2,1
"Fibp",0.289996047264964,-0.459798618519687,0.13,0.2,1
"Sclt1",0.290034985422229,-0.333601254636178,0.185,0.267,1
"Fam133b",0.29010059305045,-0.412802155494331,0.231,0.3,1
"Trappc10",0.29010059305045,0.254615049522499,0.269,0.167,1
"Ndufb8",0.290464532719879,0.435816814808899,0.176,0.1,1
"Kdm3b",0.290556840402944,-0.360659910776829,0.241,0.3,1
"Plgrkt",0.290557134563086,-0.362877043004071,0.167,0.233,1
"Tnfrsf19",0.29156614090014,-0.340993732639292,0.398,0.467,1
"Fxyd6",0.291950069848934,0.428441932693473,0.13,0.067,1
"Slc25a14",0.291950069848934,0.410256032112871,0.13,0.067,1
"Ddb2",0.292010395587321,0.627836800855232,0.185,0.1,1
"Elovl5",0.292010395587321,0.281358918879777,0.185,0.1,1
"Pgrmc1",0.292010395587321,0.288307439020111,0.185,0.1,1
"Pdhb",0.292170601251069,0.290956713984258,0.139,0.067,1
"Gm42585",0.292303879591971,0.393911153890505,0.167,0.1,1
"Sema4b",0.292319458972037,0.325223279228134,0.176,0.1,1
"Gatm",0.292614026262709,0.288368282339285,0.398,0.267,1
"Gramd1a",0.293294401268727,-0.341455942506841,0.074,0.133,1
"Cenpv",0.293294401268727,-0.314649995996093,0.074,0.133,1
"Mier3",0.293294401268727,-0.253784623775615,0.074,0.133,1
"Syap1",0.293294401268727,-0.270526210507637,0.074,0.133,1
"Ccdc141",0.293578921556429,-0.524291718614221,0.315,0.367,1
"Kalrn",0.293727022593638,0.299719156105743,0.565,0.433,1
"Dctn1",0.293856536591403,-0.34622907273032,0.13,0.2,1
"Atl1",0.293856536591403,-0.32468440211001,0.13,0.2,1
"Cyp4f13",0.294964201498047,0.256464811010059,0.231,0.133,1
"Clock",0.295078843136364,0.269516573316597,0.333,0.233,1
"Arhgef9",0.29508870681493,0.399556654532385,0.222,0.133,1
"Arhgap26.1",0.295113273533766,0.319822796679559,0.315,0.2,1
"Eps8",0.295990024612605,-0.462271250776242,0.454,0.467,1
"Psmd7",0.29619865553174,0.250107209829304,0.324,0.2,1
"Atp5e",0.296332723712145,0.250224373219085,0.139,0.067,1
"Inpp5b",0.296332723712145,0.268058759971275,0.139,0.067,1
"2310022B05Rik",0.296332723712145,-0.416704746009978,0.111,0.167,1
"Myh9",0.296332723712145,0.303149304011015,0.139,0.067,1
"Bicral",0.296765791041115,-0.439409460913335,0.241,0.3,1
"Ndfip1",0.297963411268385,0.311079698262887,0.639,0.5,1
"Slc39a12",0.298251097419677,0.283580083245869,0.528,0.4,1
"Cox5b",0.298296663370146,0.34185424167527,0.25,0.167,1
"Ctcf",0.298491554541198,0.364221032345431,0.222,0.133,1
"Ttc39c",0.298619760913803,-0.373454232560894,0.157,0.233,1
"Cdh19",0.298691402368875,0.449594867034687,0.537,0.467,1
"Ube2e2",0.299201966155886,-0.27700330752085,0.602,0.633,1
"Dtd1",0.299355553748902,0.286269582156637,0.185,0.1,1
"Slco3a1",0.299355553748902,0.32465332332691,0.185,0.1,1
"Luc7l",0.299807511774888,0.392078846489195,0.176,0.1,1
"Ltbp1",0.299807511774888,0.357443440121585,0.176,0.1,1
"Rpl36a",0.299807511774888,0.36424833535523,0.176,0.1,1
"Nsmaf",0.299911179178186,0.271551951121515,0.306,0.2,1
"Ttll4",0.299940001822678,-0.406482020015327,0.139,0.2,1
"Map4",0.300813734864748,-0.307990275766153,0.593,0.633,1
"Snca",0.301675756323449,0.43238043154806,0.278,0.2,1
"Mdga2",0.301826091375901,0.290986029189768,0.935,0.933,1
"Lyn",0.302146269623433,0.612627788371366,0.315,0.233,1
"Dusp12",0.302709338910419,-0.259575796645416,0.102,0.167,1
"Rab3ip",0.302709338910419,-0.285540834345973,0.102,0.167,1
"Osbpl7",0.302709338910419,-0.3079047637333,0.102,0.167,1
"Ak3",0.302709338910419,-0.265841834274184,0.102,0.167,1
"Zfp397",0.303073967273719,0.343291428542184,0.185,0.1,1
"Skap2",0.303080167688219,0.360482646729449,0.343,0.233,1
"Ctsh",0.303104854092034,-0.266982567214572,0.074,0.133,1
"Hecw2",0.303502279769885,0.504137042007188,0.398,0.333,1
"Pea15a",0.304775458432535,0.265780004788139,0.139,0.067,1
"Paip1",0.304775458432535,-0.61225611501839,0.111,0.167,1
"Gm6277",0.304775458432535,0.257215019565958,0.139,0.067,1
"Itgb1",0.304818991634672,-0.394989495625963,0.167,0.233,1
"Nisch",0.305029729672811,-0.352743926422964,0.361,0.433,1
"Ei24",0.305644011493144,-0.295131792047704,0.13,0.2,1
"Pcf11",0.305941498832634,0.317394768937147,0.269,0.167,1
"Gabra2",0.30701436027362,-0.55664948546852,0.454,0.5,1
"Inpp4a",0.308090968452333,-0.253848241453887,0.074,0.133,1
"Hgf",0.308090968452333,-0.297329141964654,0.074,0.133,1
"Carm1",0.308090968452333,-0.277296295408823,0.074,0.133,1
"Hdac9",0.30862181626346,-0.262014935530809,0.491,0.533,1
"Akap7",0.308853310197068,-0.26289444627009,0.185,0.267,1
"Stx1a",0.309054425647933,0.290537498221032,0.139,0.067,1
"Cep170",0.309539843106997,-0.274798688536786,0.25,0.333,1
"Smap1",0.309818872443441,-0.292443532745894,0.296,0.367,1
"Chsy1",0.310257831270307,-0.3291268309359,0.194,0.267,1
"Arl8a",0.311277457365365,0.35238875223338,0.176,0.1,1
"Ndn",0.311277457365365,0.277637453451332,0.176,0.1,1
"Psmd12",0.311277457365365,0.307983322938771,0.176,0.1,1
"Tspan14",0.311277457365365,0.300018609714412,0.176,0.1,1
"Rgl2",0.311504295941389,-0.255587979456765,0.102,0.167,1
"Kctd3",0.312359452571458,0.253102344780738,0.222,0.133,1
"Eif4e",0.313376334243196,0.292005593050215,0.139,0.067,1
"Lgi4",0.314074266101746,-0.616595079734001,0.213,0.267,1
"Rab5b",0.31426243960563,-0.485153322289309,0.176,0.233,1
"Epc2",0.315716314916099,-0.31928095794214,0.231,0.3,1
"Cuedc2",0.315964340543309,-0.253920720892362,0.102,0.167,1
"Laptm4a",0.316653380369984,-0.326437529052259,0.287,0.367,1
"Coa8",0.31773610947146,-0.494435936781526,0.111,0.167,1
"Ccdc80",0.31773610947146,-0.418920959090928,0.111,0.167,1
"Nhsl1",0.317888898172337,-0.465311201264537,0.5,0.5,1
"Mark4",0.318210008038142,0.311072149316384,0.13,0.067,1
"Mpv17l",0.318210008038142,0.287554776664098,0.13,0.067,1
"Srpr",0.318253517828586,0.263900931978273,0.185,0.1,1
"Rps12",0.318253517828586,0.258945166604856,0.185,0.1,1
"Pcdh10",0.319499906760409,0.29060886459643,0.546,0.433,1
"Ubc",0.320420616823119,-0.401814064777493,0.296,0.367,1
"mt-Cytb",0.320633257222939,0.52368557632063,0.602,0.533,1
"Dusp11",0.321573462305618,0.287768234595345,0.25,0.167,1
"Rprml",0.322732633636933,0.285236610757109,0.13,0.067,1
"E430024I08Rik",0.323148178684875,-0.401510367313214,0.083,0.133,1
"Cyfip2",0.323352895254012,0.355612149927011,0.213,0.133,1
"Rian",0.323373158603345,-0.280620195489435,0.074,0.133,1
"Marchf8",0.323640035525291,-0.502500438504069,0.139,0.2,1
"4732471J01Rik",0.324370735395213,-0.502781118855863,0.213,0.267,1
"Zswim6",0.324831904011139,-0.270122118164518,0.528,0.533,1
"Atxn10",0.325300538193436,-0.257027650595483,0.343,0.433,1
"Reps1",0.325563483329304,0.260562344332191,0.287,0.2,1
"Ndufb1",0.327015175063864,0.251505053652415,0.176,0.1,1
"Gpr34",0.327068972486949,-0.356409553449615,0.167,0.233,1
"Cct6a",0.327296975078352,0.320089640590567,0.13,0.067,1
"G2e3",0.327296975078352,0.28506791485884,0.13,0.067,1
"Ctnnbip1",0.327705570727034,-0.3949073157045,0.139,0.2,1
"ENSMUSG00000120400",0.327705570727034,-0.582400421479268,0.139,0.2,1
"Capn2",0.328629731059629,-0.266526461708444,0.157,0.233,1
"Kansl1l",0.328813077668321,-0.394762484370738,0.5,0.533,1
"Ctsl",0.32883643532937,0.252212608854246,0.259,0.167,1
"Map1b",0.32883643532937,0.386161031718296,0.259,0.167,1
"Ccdc58",0.329052970350909,-0.554811616096501,0.25,0.3,1
"Stk38",0.329133584211235,-0.32561890949129,0.241,0.3,1
"Crtc3",0.329630837404745,-0.385026740937738,0.324,0.4,1
"Nrf1",0.330163668151984,-0.309367972402093,0.398,0.467,1
"Aldh9a1",0.33068934499231,-0.567921019622236,0.083,0.133,1
"Arl5b",0.33068934499231,-0.485958232171998,0.083,0.133,1
"Rps15a",0.330916235359543,0.345239631863221,0.204,0.133,1
"Sncb",0.331027613521116,0.306781724167014,0.176,0.1,1
"Krcc1",0.331028972915806,0.271729258558771,0.176,0.1,1
"Magt1",0.331052795970243,-0.390629536001244,0.111,0.167,1
"Dnah7b",0.331600294588969,-0.489744208502758,0.056,0.1,1
"Lrrc19",0.331600294588969,-0.393388736690663,0.056,0.1,1
"Ap5z1",0.331600294588969,-0.274356427124045,0.056,0.1,1
"Zfp938",0.331600294588969,-0.295675984959296,0.056,0.1,1
"Idh1",0.331804104364007,-0.370473662864159,0.139,0.2,1
"Mcmbp",0.331804104364007,-0.316060613087751,0.139,0.2,1
"Myo1f",0.331804104364007,0.543497718121058,0.167,0.1,1
"Pnkd",0.332391518472231,-0.3843199785231,0.204,0.267,1
"Ube2e3",0.332458485097399,0.281484034642939,0.269,0.167,1
"Gm15520",0.333944881037181,0.352431565966586,0.222,0.133,1
"Krit1",0.334229036408896,0.342807455911528,0.38,0.3,1
"Nsdhl",0.334429298609468,-0.490313158871789,0.185,0.233,1
"Pgm1",0.335074499598575,0.291566770250154,0.176,0.1,1
"Ndufs5",0.335074499598575,0.285224080937644,0.176,0.1,1
"Bdp1",0.335074499598575,0.267074758102033,0.176,0.1,1
"Snap25",0.335439112155408,0.388961234756697,0.509,0.433,1
"Ptprj",0.335549912768028,0.299016546066606,0.352,0.267,1
"5031425E22Rik",0.335549912768028,-0.302935222082897,0.315,0.4,1
"Exoc1",0.33557077697477,-0.456102488717057,0.111,0.167,1
"Zfp236",0.33557077697477,-0.367060839938438,0.111,0.167,1
"Mcrip1",0.335778071403596,-0.326379382172806,0.083,0.133,1
"Cadm4",0.335935622417594,-0.316216677636482,0.139,0.2,1
"Gm39214",0.335935622417594,-0.398023805223501,0.139,0.2,1
"Rb1cc1",0.337388599349459,-0.388577620962715,0.398,0.467,1
"Ldha",0.337633838871003,0.254823558027652,0.222,0.133,1
"Deaf1",0.337642007495262,-0.363762472481845,0.056,0.1,1
"Tent4a",0.337642007495262,-0.356313165058445,0.056,0.1,1
"Abhd10",0.337642007495262,-0.338322305918864,0.056,0.1,1
"Trmt2b",0.337642007495262,-0.464507263714709,0.056,0.1,1
"Kifap3",0.337743475674566,0.289218201079222,0.306,0.2,1
"Fgd4",0.337743475674566,-0.283837200676267,0.269,0.333,1
"Dmtf1",0.338175153303994,0.368234807905669,0.213,0.133,1
"Uimc1",0.338175153303994,0.275099790672499,0.213,0.133,1
"Aldoa",0.338414152429085,0.300804100517577,0.556,0.433,1
"Bmpr2",0.338569883751037,0.276761774783368,0.324,0.233,1
"Erp29",0.338579825467023,-0.389219817078814,0.167,0.233,1
"Eea1",0.338765655762765,-0.256410733193483,0.25,0.333,1
"Nefl",0.338888452435713,0.298603527431752,0.13,0.067,1
"Samd4",0.33927319073955,-0.352933061339792,0.241,0.3,1
"Tmem39a",0.340128266852334,-0.337150809693261,0.111,0.167,1
"Grb2",0.340779914134323,0.341578522386776,0.278,0.2,1
"Rtn1",0.340945905816732,0.297067763814599,0.824,0.833,1
"Hpca",0.34124013439342,0.308647489663037,0.13,0.067,1
"Tecpr2",0.34124013439342,0.280380378686483,0.13,0.067,1
"Lima1",0.34124013439342,0.304958659637212,0.13,0.067,1
"Far1",0.341348877700109,0.261098124941412,0.222,0.133,1
"Cdkal1",0.341523583506848,0.273849711279643,0.352,0.233,1
"Sel1l",0.34194617796222,-0.383384932938215,0.278,0.333,1
"Sp4",0.342444312230047,0.303100955373153,0.25,0.167,1
"Ahsa2",0.34326066825042,0.270043961630995,0.176,0.1,1
"Bex3",0.34326066825042,0.293884600967287,0.176,0.1,1
"6430590A07Rik",0.343300896120341,0.365214579188057,0.296,0.2,1
"Chid1",0.34375399344453,-0.385075601912465,0.056,0.1,1
"Supv3l1",0.34375399344453,-0.27737054069264,0.056,0.1,1
"Fsd1",0.34375399344453,-0.297237929808581,0.056,0.1,1
"Nek7",0.343930316503727,-0.283466000898852,0.296,0.367,1
"Prickle2",0.343954385949351,0.368203034206168,0.519,0.433,1
"Mrps26",0.3442975325116,-0.292464518120517,0.139,0.2,1
"Wdr41",0.3442975325116,0.307467408816775,0.167,0.1,1
"Kxd1",0.344725235264846,-0.325384165032039,0.111,0.167,1
"Slc6a6",0.345615384472244,-0.391249639995388,0.213,0.267,1
"Dyrk1a",0.345966399837632,0.31412651056407,0.426,0.3,1
"Clns1a",0.346105885281067,-0.28420477230479,0.083,0.133,1
"Trim12a",0.346105885281067,-0.311316568238157,0.083,0.133,1
"H1f2",0.346105885281067,-0.410138616716271,0.083,0.133,1
"Rasa1",0.346627735642711,-0.341520765766103,0.296,0.333,1
"Immt",0.348130513631226,-0.352630618283743,0.176,0.233,1
"Slc40a1",0.349936170470391,-0.288078919025408,0.056,0.1,1
"Ddx20",0.349936170470391,-0.295464528077363,0.056,0.1,1
"Adamts9",0.349936170470391,-0.462218616886515,0.056,0.1,1
"Gm30606",0.349936170470391,-0.403520247989417,0.056,0.1,1
"Pla2g15",0.349936170470391,-0.310220546726285,0.056,0.1,1
"Ddx52",0.349936170470391,-0.338291406222289,0.056,0.1,1
"Prkaa1",0.349936170470391,-0.256814461771837,0.056,0.1,1
"Abcc10",0.349936170470391,-0.277226525491853,0.056,0.1,1
"Rnf20",0.350347506188993,-0.271219696122404,0.167,0.233,1
"Rnh1",0.350743730255998,0.299419905109774,0.13,0.067,1
"Arhgap18",0.350743730255998,0.288811403044511,0.13,0.067,1
"Cd47",0.351007664315529,0.259426056888585,0.306,0.2,1
"Slbp",0.351344873033486,-0.295831288196433,0.083,0.133,1
"Arl3",0.351390549970235,-0.544769297929092,0.222,0.267,1
"Atp6v0c",0.351770961469659,0.388772476192619,0.648,0.533,1
"Rbfox3",0.352791095647137,0.309108920409069,0.167,0.1,1
"Srsf3",0.353426733187341,0.340472180997036,0.213,0.133,1
"Hlf",0.353634634839664,-0.291419396472941,0.296,0.367,1
"Stx8",0.353671464098062,-0.321207452630992,0.148,0.2,1
"Safb2",0.353671464098062,-0.360545959185595,0.148,0.2,1
"Mog",0.353827579830681,0.485382281625655,0.389,0.3,1
"Phka1",0.353866937038284,0.265326797447037,0.537,0.467,1
"Psmb6",0.354037452565633,-0.275775258776508,0.111,0.167,1
"Zfp563",0.354037452565633,-0.358850345618673,0.111,0.167,1
"Appl2",0.35405478760677,-0.288618198746204,0.713,0.733,1
"Yme1l1",0.354327032662386,-0.386161184683667,0.167,0.233,1
"Ppm1b",0.35443315429462,-0.303605765046496,0.333,0.4,1
"Cyp7b1",0.355777328699984,0.253177332901305,0.176,0.1,1
"Cacna1a",0.355960803424545,-0.475270080138213,0.176,0.233,1
"Srgap2",0.356025857674429,-0.256928618519011,0.639,0.633,1
"Adcy10",0.35618843512919,-0.274572750593377,0.056,0.1,1
"Garnl3",0.35618843512919,-0.359468959416943,0.056,0.1,1
"Kif24",0.35618843512919,-0.252936774169947,0.056,0.1,1
"Slc66a1",0.35618843512919,-0.313931931849372,0.056,0.1,1
"Plekhg5",0.35618843512919,-0.408854940246841,0.056,0.1,1
"Ten1",0.35618843512919,-0.276330513936357,0.056,0.1,1
"Ndst2",0.35618843512919,-0.273158866789094,0.056,0.1,1
"Dgcr8",0.35618843512919,-0.404851217141082,0.056,0.1,1
"Cd200",0.35618843512919,-0.364207306035263,0.056,0.1,1
"Fbxo8",0.356633829970204,-0.307899658829123,0.083,0.133,1
"Hdac5",0.356633829970204,-0.34547000055091,0.083,0.133,1
"Wwox",0.356713732014843,0.401220126427855,0.537,0.467,1
"Gbf1",0.356932153544231,-0.309528549025784,0.361,0.4,1
"Cnksr2",0.357087162274314,-0.285383671714132,0.139,0.2,1
"Khdrbs3",0.357935596550393,0.390616817866736,0.204,0.133,1
"Aagab",0.358752606855755,-0.389833292866792,0.111,0.167,1
"Nr1d2",0.359185773656091,0.25559454223934,0.37,0.267,1
"Tent4b",0.359229185567949,-0.297438157711921,0.194,0.267,1
"Pten",0.360076501350395,0.303522731444257,0.463,0.333,1
"H3f3a",0.360258741314712,0.290512852608672,0.296,0.2,1
"Arih2",0.360260101632852,0.356270635089157,0.241,0.167,1
"Hnrnpk",0.360531263345478,0.271494018969115,0.259,0.167,1
"Aftph",0.361923825686945,-0.347774968680254,0.241,0.3,1
"Kcnj3",0.361972678782359,-0.367998590844521,0.083,0.133,1
"Gatb",0.361972678782359,-0.438610255889373,0.083,0.133,1
"ENSMUSG00000120076",0.361972678782359,-0.304180754747124,0.083,0.133,1
"Sfxn1",0.36221018824255,-0.310637171203997,0.231,0.3,1
"Gm11250",0.362510662300336,-0.264900740743405,0.056,0.1,1
"Polr1a",0.362510662300336,-0.271613810128856,0.056,0.1,1
"Sema7a",0.362510662300336,-0.286146884397192,0.056,0.1,1
"Arsk",0.362510662300336,-0.395028234960455,0.056,0.1,1
"Pex6",0.362510662300336,-0.257573259503145,0.056,0.1,1
"Cask",0.362564149118566,-0.450276542343774,0.509,0.5,1
"Rpl21",0.363191105426725,-0.380304353862528,0.361,0.4,1
"Ncoa5",0.363507050391949,-0.284451532902042,0.111,0.167,1
"Mthfd2l",0.363507050391949,-0.439372118111374,0.111,0.167,1
"Nsmf",0.363901237930193,-0.268698326304621,0.176,0.233,1
"Tmem243",0.363977972796887,-0.279161015351227,0.509,0.533,1
"Prkab2",0.365694979012499,-0.294824586111047,0.056,0.1,1
"Ncor1",0.366375186486939,0.318839467753339,0.685,0.567,1
"Dnajc15",0.366424906138999,-0.354801778058031,0.148,0.2,1
"Fbxo32",0.366424906138999,-0.33096787520661,0.148,0.2,1
"Pmp22",0.367361331031379,-0.268078272916599,0.083,0.133,1
"Lage3",0.367361331031379,-0.298282741041948,0.083,0.133,1
"Fnbp4",0.367401645274191,-0.333914356074095,0.204,0.267,1
"Sgms1",0.367863129248539,0.25534099406674,0.25,0.167,1
"Prr14l",0.367912669610466,-0.399187265529158,0.176,0.233,1
"Trp53bp1",0.367969332968886,-0.34216871861044,0.139,0.2,1
"Klhl32",0.368300718636508,-0.403892522564101,0.111,0.167,1
"Trim3",0.368300718636508,-0.344684005091453,0.111,0.167,1
"1110032A03Rik",0.368300718636508,-0.325625629794779,0.111,0.167,1
"P4htm",0.368300718636508,-0.374048931170239,0.111,0.167,1
"Brinp3",0.368531600676388,0.389936456524615,0.407,0.3,1
"Efcab2",0.368902704997052,-0.259377640896536,0.056,0.1,1
"Smu1",0.368902704997052,-0.29371276642491,0.056,0.1,1
"Leprot",0.368902704997052,-0.284494244541012,0.056,0.1,1
"ENSMUSG00000120175",0.368902704997052,-0.330495970637681,0.056,0.1,1
"Rnaseh2c",0.368902704997052,-0.255644094951925,0.056,0.1,1
"ENSMUSG00000120789",0.368902704997052,-0.274782945675554,0.056,0.1,1
"mt-Atp6",0.368902704997052,-0.399761917641068,0.056,0.1,1
"Phf21a",0.369893804427979,-0.329365173572406,0.62,0.633,1
"Vps72",0.370171980461971,-0.337732183071465,0.139,0.2,1
"Sbno1",0.370188911773915,0.253308671214497,0.333,0.233,1
"Cbx6",0.37024877777016,0.264757170782792,0.13,0.067,1
"Fam135a",0.370680639093097,0.285069388024782,0.296,0.2,1
"Ppp4r1l-ps",0.370739013043445,-0.396999200221319,0.148,0.2,1
"Foxk2",0.370739013043445,-0.435294021217996,0.148,0.2,1
"Ntsr2",0.371094914334882,-0.293642668383766,0.472,0.5,1
"Pag1",0.371163235269196,0.271067181142809,0.546,0.433,1
"Nab1",0.372799687072231,-0.270810656549505,0.083,0.133,1
"Catspere2",0.372799687072231,-0.259663543991122,0.083,0.133,1
"Fam110b",0.372799687072231,-0.468541260637435,0.083,0.133,1
"Orc1",0.372799687072231,-0.292502211816945,0.083,0.133,1
"Med13l",0.373092568747399,-0.482443389909091,0.185,0.233,1
"Acot13",0.373133540079539,-0.281747289899931,0.111,0.167,1
"Slc25a12",0.373556637740173,0.373077619989965,0.333,0.233,1
"Rab31",0.373769026393451,0.2815752702554,0.75,0.633,1
"Hltf",0.374598952797979,0.275871281435172,0.167,0.1,1
"Foxj3",0.374932594467455,-0.254495391029737,0.231,0.3,1
"3110056K07Rik",0.375094612897254,-0.347861078547046,0.185,0.233,1
"Tmem132b",0.375228369557301,0.258015434316871,0.13,0.067,1
"Haus6",0.375364394187809,-0.260066842263288,0.056,0.1,1
"Snrpg",0.375364394187809,-0.260950533154388,0.056,0.1,1
"Tbc1d10a",0.375364394187809,-0.258175026566961,0.056,0.1,1
"Ext1",0.375411488766819,-0.321840761280641,0.472,0.467,1
"Il18",0.376258993248523,0.254887747936327,0.454,0.333,1
"Mdh2",0.376811905478357,0.286462351987674,0.287,0.2,1
"Rps6kb1",0.376942453008543,0.297014954776206,0.333,0.233,1
"Specc1l",0.377218963202066,-0.435097736674141,0.222,0.267,1
"Hat1",0.378287635980624,-0.292649445584082,0.083,0.133,1
"Fmnl3",0.378287635980624,-0.320983376522666,0.083,0.133,1
"Ube2d2a",0.378511153782292,-0.271814557177172,0.269,0.333,1
"Ttll5",0.37913666027539,-0.254730023104878,0.361,0.4,1
"Mrps9",0.38011130912474,-0.265665642148639,0.176,0.233,1
"Eef2k",0.38011130912474,-0.291904470593064,0.176,0.233,1
"Pip4p1",0.38011130912474,-0.405348122896054,0.176,0.233,1
"Atp5c1",0.38039670551593,0.353941761039496,0.287,0.2,1
"Btrc",0.381002012886782,-0.352241214417463,0.222,0.267,1
"Gm43362",0.38203480641389,0.354761032997489,0.12,0.067,1
"Nt5c",0.38203480641389,0.261106972389502,0.12,0.067,1
"Ube4b",0.382902242369027,0.30226369170072,0.25,0.167,1
"Rnmt",0.38291632142477,-0.252021766039711,0.111,0.167,1
"Ccdc171",0.383825055484244,-0.267225488578861,0.083,0.133,1
"M6pr",0.383825055484244,-0.263402162382554,0.083,0.133,1
"Cspg5",0.385211502997241,-0.273698761465723,0.685,0.767,1
"Riok3",0.385500124132448,-0.253939271199091,0.241,0.3,1
"Elp4",0.385629190658466,-0.321899515872728,0.306,0.367,1
"2610008E11Rik",0.386809860314483,-0.355239675916796,0.213,0.267,1
"Gramd1b",0.387216224277676,0.254713928921879,0.333,0.233,1
"2610037D02Rik",0.38838019251913,-0.378741831836104,0.176,0.233,1
"Stx5a",0.388637683458425,-0.324632195048458,0.222,0.267,1
"Pou2f1",0.388938245949993,-0.506076461692365,0.463,0.467,1
"Cert1",0.389976782327327,-0.400786623870117,0.194,0.233,1
"Ankrd28",0.390116056391522,0.30042625352236,0.426,0.333,1
"Ube3c",0.390489233216291,-0.508318132738752,0.333,0.367,1
"Rgl1",0.390697825760009,0.280138747803335,0.241,0.167,1
"6720427I07Rik",0.391070068092855,-0.290963859576209,0.241,0.3,1
"Akr1a1",0.392555404082198,-0.281575204306108,0.176,0.233,1
"Cr1l",0.392631994998487,-0.339342278373248,0.139,0.2,1
"Rab18",0.392631994998487,0.256861382642986,0.167,0.1,1
"Slc16a7",0.39263363847623,-0.26897851101958,0.204,0.267,1
"Cux1",0.39319130733684,-0.251001540096187,0.343,0.4,1
"Lysmd4",0.394083450887805,0.356795061698356,0.352,0.267,1
"Wdr33",0.394183720526319,-0.347904223400395,0.38,0.4,1
"Ppp1r10",0.394425130676293,0.268898619076294,0.25,0.167,1
"Cep128",0.394609439135691,-0.340954646661089,0.213,0.267,1
"Eogt",0.394653175454158,0.31526798218154,0.204,0.133,1
"Med13",0.396947816823315,0.281689341338633,0.37,0.267,1
"Hk1",0.397134820668269,-0.392924298578216,0.12,0.167,1
"Fyco1",0.39854464786989,-0.374818241719352,0.213,0.267,1
"Tmem87a",0.398869008513071,0.269888669426156,0.204,0.133,1
"Cwc27",0.400603513177405,-0.312538092356328,0.204,0.267,1
"Prdm16os",0.40073274329443,-0.268419529369527,0.083,0.133,1
"Gm11149",0.401416681263543,-0.312608714529965,0.463,0.467,1
"Lrrc8c",0.401468763005551,-0.499796417915846,0.157,0.2,1
"Ppp1cb",0.4014811827961,0.288212482237175,0.278,0.2,1
"Folh1",0.401738251392299,-0.325890107885456,0.185,0.233,1
"4930444A19Rik",0.401813159896001,-0.309319961824638,0.148,0.2,1
"Nkiras1",0.401842553788384,0.265959899354774,0.167,0.1,1
"Dus2",0.40207053096024,-0.33570783434729,0.12,0.167,1
"Mroh1",0.40207053096024,-0.317746947341526,0.12,0.167,1
"Clta",0.402268738947805,0.303135370467041,0.306,0.233,1
"Zhx1",0.403189281665919,0.275149881220093,0.12,0.067,1
"Atf4",0.403189281665919,0.261637946165862,0.12,0.067,1
"Scoc",0.403359542830745,-0.315431652226084,0.25,0.3,1
"Sh3kbp1",0.403359542830745,-0.296875128206239,0.25,0.3,1
"Cttnbp2",0.40407533105092,-0.370736287653542,0.38,0.4,1
"Ivd",0.404460703455009,0.380653683932803,0.38,0.3,1
"Fip1l1",0.405243354674616,-0.258766610964794,0.176,0.233,1
"Rrbp1",0.405458116576122,-0.369622875886175,0.435,0.467,1
"Epha5",0.40615315011496,0.280603184035018,0.389,0.267,1
"Ccr5",0.408585557071972,0.401473223530323,0.12,0.067,1
"Pfkfb3",0.40865147473013,0.299603632248376,0.157,0.1,1
"Tgfbr1",0.408956757324492,-0.28766456219754,0.389,0.433,1
"Gm19522",0.411627382283373,0.253102639020024,0.352,0.233,1
"Sdf2",0.412051674566931,-0.340499254250952,0.12,0.167,1
"Mbtd1",0.412924436849686,-0.356181551112954,0.398,0.433,1
"Trpc4ap",0.413594465693032,0.295662495747292,0.287,0.2,1
"Cyrib",0.413823172521687,-0.425065130289983,0.583,0.533,1
"P2rx4",0.414024604063272,0.253361246951719,0.12,0.067,1
"Ranbp1",0.414024604063272,0.274040998549305,0.12,0.067,1
"Jam2",0.414520291019995,0.316870827139156,0.241,0.167,1
"2810004N23Rik",0.415595500819906,-0.254254285190909,0.148,0.2,1
"St6gal1",0.415677785806861,-0.34405166795339,0.5,0.5,1
"Utp11",0.417096865150071,-0.341238803959142,0.12,0.167,1
"Pik3c2a",0.417386109759157,-0.510413037264611,0.259,0.3,1
"Rapgef1",0.418173276069267,-0.344165541626673,0.176,0.233,1
"Pcca",0.418427976051299,-0.27449478892982,0.269,0.333,1
"Add1",0.418644567750614,0.283712026853091,0.472,0.367,1
"Ireb2",0.418683838596029,-0.301150694574319,0.185,0.233,1
"Tulp3",0.418962349413674,0.26983779540498,0.315,0.233,1
"Scrg1",0.419506261317467,0.255434962709405,0.12,0.067,1
"Vrk2",0.42025094400263,-0.33681757006568,0.148,0.2,1
"Pcgf5",0.42025094400263,-0.274234689639148,0.148,0.2,1
"Setdb1",0.420648186010755,0.255435349033359,0.167,0.1,1
"Rpn1",0.420648186010755,0.25655681048661,0.167,0.1,1
"Ptprd",0.42122068689742,0.330464943236129,0.852,0.8,1
"Mrpl15",0.422015659361665,0.322745088631373,0.111,0.067,1
"Tatdn3",0.422015659361665,-0.310791102287329,0.093,0.133,1
"Rcor3",0.422178295470221,-0.321181655159922,0.12,0.167,1
"Chpf2",0.422178295470221,-0.292154813383942,0.12,0.167,1
"ENSMUSG00000120639",0.422178295470221,-0.321135575303001,0.12,0.167,1
"Nde1",0.422178295470221,-0.329683027205117,0.12,0.167,1
"Tnrc6c",0.422276777712879,-0.287049743410207,0.407,0.467,1
"Magi3",0.422568037560092,-0.34996997602187,0.361,0.4,1
"Gm20275",0.422714479725797,-0.314545756315766,0.296,0.333,1
"Rab5a",0.423108681849224,0.386854783981575,0.185,0.133,1
"Pspc1",0.423650118180275,0.285225022831757,0.296,0.2,1
"Tgfa",0.424936880806416,-0.333352124439465,0.148,0.2,1
"Npdc1",0.425030358440164,0.252855441744897,0.12,0.067,1
"Aktip",0.425030358440164,0.251134963088944,0.12,0.067,1
"Cbwd1",0.425030358440164,0.252920751784773,0.12,0.067,1
"Atp6ap2",0.425887577885972,0.275856176231492,0.343,0.267,1
"Lrp1b",0.426937942745069,0.284141143129018,0.833,0.8,1
"Ap5m1",0.427295827692706,-0.276017983500902,0.12,0.167,1
"Cyb5a",0.427312033699449,-0.376204245490855,0.185,0.233,1
"Stx17",0.427732784614513,-0.362236320326227,0.093,0.133,1
"Ust",0.427732784614513,-0.334288905544214,0.093,0.133,1
"Set",0.428043662017464,0.271252993069911,0.157,0.1,1
"Dcaf1",0.428777536917653,-0.291210712471896,0.157,0.2,1
"Cpeb2",0.429253966750537,-0.259208798828904,0.204,0.267,1
"Wdr7",0.429986901030374,-0.376033268044347,0.306,0.333,1
"Fto",0.430640427125961,-0.29817204935479,0.417,0.433,1
"Cyc1",0.432974110174023,0.256697622788052,0.157,0.1,1
"Ube2j1",0.433431787250984,-0.34269876936148,0.157,0.2,1
"Dmwd",0.433492841893156,-0.259236558776131,0.093,0.133,1
"Zrsr2",0.43349475415072,0.376110581507984,0.111,0.067,1
"Atl2",0.433823083256236,0.291877370409614,0.315,0.233,1
"Gm11713",0.434399791615169,-0.269883895138759,0.148,0.2,1
"Mtm1",0.434399791615169,-0.291155728190339,0.148,0.2,1
"Gopc",0.435453789821269,0.343828601863192,0.148,0.1,1
"Hpgds",0.43753129044023,-0.296945987662465,0.278,0.333,1
"Mapkap1",0.437549644121362,-0.36922803957417,0.231,0.267,1
"Lrp6",0.437549644121362,-0.35639950769446,0.231,0.267,1
"Actr1b",0.437638613411738,-0.266137651746772,0.12,0.167,1
"Atp5g3",0.439180010712448,0.27982896390331,0.241,0.167,1
"Gm15886",0.439301356111922,-0.408498847263916,0.093,0.133,1
"Sgpl1",0.439301356111922,0.273272720664457,0.111,0.067,1
"Ccdc77",0.44054364271839,0.335209959660807,0.148,0.1,1
"Ecpas",0.440847742019179,0.341179765207765,0.398,0.3,1
"Mbnl1",0.44089686044982,-0.487846205427979,0.519,0.5,1
"Baz2b",0.441385313768299,0.343245614308256,0.593,0.533,1
"ENSMUSG00000119984",0.442827424228672,-0.337033886592427,0.157,0.2,1
"Stk38l",0.442863558107924,-0.385413835938106,0.12,0.167,1
"Plekhg3",0.442863558107924,-0.250907588637857,0.12,0.167,1
"Cacnb4",0.444495720250918,-0.396128847312675,0.259,0.3,1
"Hagh",0.444650535448751,-0.288494649492624,0.222,0.267,1
"Znhit6",0.445152368301605,-0.404719103990784,0.093,0.133,1
"Rassf1",0.445152368301605,-0.379553257428471,0.093,0.133,1
"Nfic",0.445152368301605,-0.267779027489123,0.093,0.133,1
"Bin2",0.445152368301605,-0.453621160368425,0.093,0.133,1
"Arhgef26",0.446089927539088,-0.263764247106149,0.5,0.533,1
"Slc24a3",0.446804062420666,-0.431392302227078,0.269,0.3,1
"Tut4",0.446835689601509,0.299781500592997,0.463,0.4,1
"Rpl31",0.44796111709362,0.279114768224288,0.157,0.1,1
"Mrfap1",0.44796111709362,0.273330878913732,0.157,0.1,1
"Iqce",0.448469558375965,-0.36749021067146,0.065,0.1,1
"Ndufaf7",0.448819963262639,-0.331176012488194,0.148,0.2,1
"Csad",0.449330215597583,-0.25045009072225,0.185,0.233,1
"Cuedc1",0.449999888549023,-0.311234541152062,0.25,0.3,1
"Fads2",0.450680793053067,0.268535786959066,0.37,0.3,1
"Aim2",0.451047558170473,-0.302879146134544,0.093,0.133,1
"Acadm",0.451047558170473,-0.327480052346273,0.093,0.133,1
"Enox1",0.451464555961685,0.294901639190488,0.398,0.3,1
"Cyth1",0.451526143012662,-0.344784804703746,0.315,0.367,1
"Copg2",0.452338445728597,-0.27220537910946,0.157,0.2,1
"Ociad1",0.453171831289737,0.295827058668389,0.222,0.167,1
"Eml1",0.453593057104237,0.284159382711584,0.194,0.133,1
"Use1",0.455374735260532,-0.34141898872525,0.065,0.1,1
"Gm49521",0.455374735260532,-0.264742210863962,0.065,0.1,1
"Tbc1d24",0.455374735260532,-0.283312048625412,0.065,0.1,1
"Apba1",0.456133900279369,-0.326237257568259,0.352,0.367,1
"Cse1l",0.456986682805741,-0.300262711612105,0.093,0.133,1
"Fndc4",0.456986682805741,0.26140885204722,0.111,0.067,1
"Aldh2",0.456986682805741,0.283628334900717,0.111,0.067,1
"Calu",0.456986682805741,0.257109957538184,0.111,0.067,1
"Pdzrn3",0.456986682805741,0.25128118501102,0.111,0.067,1
"Mapk6",0.456986682805741,-0.299141892031861,0.093,0.133,1
"Fem1c",0.456986682805741,-0.283789739184272,0.093,0.133,1
"Brcc3",0.456986682805741,-0.281726063705905,0.093,0.133,1
"Rnpc3",0.457047900918948,-0.488893552478854,0.361,0.367,1
"Dcun1d1",0.457136910220898,-0.321064909178389,0.157,0.2,1
"Zfp260",0.457136910220898,-0.292826096477132,0.157,0.2,1
"Tcp11l1",0.459744451333354,-0.357919909314466,0.204,0.233,1
"Rdx",0.460305639275308,-0.299051676178892,0.296,0.333,1
"Arhgap17",0.461461912594968,-0.388521205660489,0.222,0.267,1
"Gm26542",0.461963833495013,-0.519086753319555,0.157,0.2,1
"Pacsin1",0.461963833495013,-0.261527923197116,0.157,0.2,1
"Akap8l",0.462224514042499,0.251924452772243,0.398,0.3,1
"4930445B16Rik",0.462339363433201,-0.47069281499513,0.065,0.1,1
"Nipal3",0.462339363433201,-0.369326838715191,0.065,0.1,1
"Srp54a",0.462339363433201,-0.292292702228444,0.065,0.1,1
"Rad51b",0.462339363433201,-0.38598208891262,0.065,0.1,1
"Gm15283",0.463238540067944,0.272318408743681,0.157,0.1,1
"Gm48765",0.463410838399698,0.290329210039552,0.231,0.167,1
"Tenm3",0.465185785409703,-0.444623516833122,0.491,0.467,1
"5330438D12Rik",0.466037627674356,-0.338279704081718,0.5,0.533,1
"Robo2",0.466560939148311,-0.274154725139631,0.324,0.333,1
"Cstf3",0.468511613799594,-0.310869018437681,0.259,0.3,1
"Mtr",0.468995712870408,-0.325460790341829,0.093,0.133,1
"Itgam",0.469363028341172,-0.365847686942412,0.065,0.1,1
"Slc7a6",0.469363028341172,-0.333100826034762,0.065,0.1,1
"Slc25a20",0.469363028341172,-0.290372580235592,0.065,0.1,1
"Nckap1l",0.469363028341172,-0.358051226984618,0.065,0.1,1
"B130034C11Rik",0.469363028341172,-0.402482599513092,0.065,0.1,1
"Pkd2l2",0.469363028341172,-0.296550527701183,0.065,0.1,1
"Kndc1",0.469747801879489,0.314630853502408,0.185,0.133,1
"Fabp5",0.469980947020211,0.25931973048179,0.231,0.167,1
"Rps23",0.469980947020211,0.265621977904214,0.231,0.167,1
"Kctd12",0.471789854474235,0.278466898438621,0.148,0.1,1
"Chd4",0.472379476781892,-0.281599024921087,0.472,0.467,1
"Nr6a1",0.47389153058719,0.257316922971121,0.324,0.233,1
"Nphp3",0.47495217714107,-0.43965894105947,0.12,0.167,1
"Pias2",0.475380936266685,-0.322306551844249,0.306,0.333,1
"Dgkq",0.476445296280003,-0.321591735055291,0.065,0.1,1
"Hcfc2",0.476445296280003,-0.383133074869248,0.065,0.1,1
"Ikbip",0.476445296280003,-0.297950800014175,0.065,0.1,1
"Sh3tc2",0.476445296280003,-0.29542752623695,0.065,0.1,1
"Exosc1",0.476445296280003,-0.304239887696506,0.065,0.1,1
"Gm28375",0.476613951090123,-0.324820474310359,0.157,0.2,1
"Ildr2",0.477113801511957,0.255731960327927,0.148,0.1,1
"Syn1",0.477113801511957,0.25165392867381,0.148,0.1,1
"Naaladl2",0.477702030885068,-0.341983033966506,0.463,0.467,1
"Ist1",0.478460002891131,-0.262770829997158,0.148,0.2,1
"Cenpc1",0.478819251241401,0.260317594750564,0.231,0.167,1
"Psma3",0.478980003645674,0.260975565856936,0.435,0.333,1
"Rpl23",0.480123398692713,0.30988116447356,0.417,0.333,1
"Gm3764",0.480717648155101,-0.251091309160044,0.907,0.8,1
"Aggf1",0.481177307767151,-0.429331799588859,0.093,0.133,1
"Snph",0.481210165439576,-0.341391086335134,0.185,0.233,1
"Map2",0.481968889336043,-0.26600304703776,0.565,0.567,1
"Litaf",0.482507389787662,0.29850977506178,0.306,0.233,1
"Sirpa",0.482846571648425,-0.572456363700932,0.361,0.367,1
"Ehmt1",0.484980347695865,-0.255321554744005,0.343,0.367,1
"Vps13b",0.485560489408116,-0.255466016347015,0.509,0.567,1
"Nfat5",0.485795791261171,0.272876170106206,0.509,0.4,1
"Sfxn5",0.485850373580068,0.350913187432338,0.75,0.767,1
"Tmem47",0.486947714624932,-0.266314650661813,0.269,0.3,1
"Ssr3",0.487332099572525,0.259529649206841,0.111,0.067,1
"Brwd3",0.487332099572525,-0.352264950563171,0.093,0.133,1
"Ranbp9",0.488553626387904,-0.276686136119511,0.278,0.333,1
"1110004F10Rik",0.48883322035149,-0.250937455824234,0.269,0.333,1
"Nemf",0.489170111575012,-0.410829651918804,0.167,0.2,1
"Dusp16",0.489775094132284,-0.323776098319269,0.194,0.233,1
"Pigs",0.490783810751985,-0.409953576330406,0.065,0.1,1
"Zfp407",0.492190095344455,0.263183150946569,0.315,0.233,1
"Trafd1",0.493281148977723,-0.271776703392148,0.13,0.167,1
"Pik3ip1",0.493281148977723,-0.397124883531461,0.13,0.167,1
"Nlk",0.493416082270686,-0.270312758604232,0.352,0.367,1
"Hypk",0.493529150937446,0.260074031432323,0.111,0.067,1
"Utp3",0.493529150937446,-0.362602210585813,0.093,0.133,1
"Carnmt1",0.493529150937446,-0.277607614253435,0.093,0.133,1
"Eif2s3y",0.494140328139146,-0.284672640801553,0.361,0.367,1
"Alkbh1",0.49524088231144,-0.256397140965045,0.185,0.233,1
"Bri3",0.498734749544454,-0.294613272895596,0.13,0.167,1
"Galnt11",0.498775391199558,0.278518247645399,0.194,0.133,1
"Tspan5",0.499126129207022,0.288965516344469,0.463,0.4,1
"Adgrl1",0.500554636738995,-0.278463991841635,0.222,0.267,1
"Map2k1",0.501524125052281,0.296684058856399,0.185,0.133,1
"Dad1",0.501586216807761,0.311859937321899,0.176,0.133,1
"Synj2",0.501586216807761,-0.384201501697206,0.157,0.2,1
"Nbeal1",0.501747286140868,0.301812801349917,0.38,0.3,1
"Pigk",0.502833658996399,0.347837996535498,0.537,0.467,1
"Scfd2",0.504220235360162,-0.336813239002839,0.13,0.167,1
"Far1os",0.504714705780408,-0.280958995027842,0.185,0.233,1
"Zcchc18",0.504874627682115,-0.270327410888449,0.278,0.333,1
"Dpyd",0.505004135937413,-0.262516727843206,0.222,0.267,1
"Cbx5",0.505844676296686,-0.301407715678069,0.259,0.3,1
"Tspyl1",0.506706747428217,-0.388945600845271,0.102,0.133,1
"Bckdhb",0.507784681037428,-0.297601936411842,0.296,0.333,1
"Tmem260",0.509016876579242,-0.260552645492581,0.167,0.2,1
"Tbck",0.510087338595463,-0.258523120745023,0.259,0.3,1
"Ccdc88a",0.510161689027312,-0.256173468244499,0.583,0.533,1
"Sec61a1",0.511765697676283,-0.361528288402208,0.157,0.2,1
"Lrfn5",0.512368902792203,0.296263955510589,0.111,0.067,1
"Nufip1",0.512719163445874,-0.253709895560847,0.065,0.1,1
"Gm17750",0.512840780938698,-0.416447181586032,0.102,0.133,1
"Mpc1",0.514247210490794,0.28939199639185,0.333,0.267,1
"Egfem1",0.515285963487612,-0.253599384951347,0.13,0.167,1
"Pank1",0.515285963487612,-0.284610508009165,0.13,0.167,1
"Marchf1",0.515458424141974,-0.281673458675252,0.389,0.467,1
"Bcas3",0.518335867159411,-0.283046614589145,0.472,0.467,1
"Selenot",0.519651726701727,0.275754754253025,0.139,0.1,1
"Msmo1",0.520453823796691,-0.254638497982283,0.352,0.367,1
"Lsm1",0.520865741178361,-0.263735348671161,0.13,0.167,1
"Gid4",0.525223933019602,-0.476621050282439,0.102,0.133,1
"Dbx2",0.525337856429267,-0.58832493618021,0.324,0.333,1
"Sorbs2",0.525967073760426,-0.292989367790278,0.204,0.233,1
"Usp40",0.527753413907911,-0.278172344325679,0.25,0.267,1
"Clip1",0.529277566277004,-0.251875544729434,0.167,0.2,1
"Gm49797",0.529277566277004,-0.381504914808198,0.167,0.2,1
"Astn1",0.529311334642059,-0.488258209521607,0.37,0.367,1
"Slc25a36",0.530545383434719,-0.275520335301692,0.278,0.3,1
"Nbr1",0.530706425253567,-0.259706278757304,0.204,0.233,1
"Cyp2d22",0.530707350159754,-0.292897704505099,0.204,0.233,1
"Rprd1a",0.530707350159754,-0.280084637620921,0.204,0.233,1
"Sf1",0.530707350159754,-0.320469047368703,0.204,0.233,1
"Disc1",0.531472391385949,-0.402295644645282,0.102,0.133,1
"Ghitm",0.531472391385949,-0.296537968451542,0.102,0.133,1
"Micall1",0.531472391385949,-0.416210220858766,0.102,0.133,1
"Ndufb4",0.531472391385949,-0.343289146311689,0.102,0.133,1
"Tspan15",0.532117917464336,-0.350331064555782,0.13,0.167,1
"Mark2",0.536623393703743,-0.286221860538087,0.296,0.333,1
"Celrr",0.536825200895254,-0.29405133215089,0.231,0.267,1
"Vps37b",0.537742891405943,0.267772220749426,0.102,0.067,1
"Tceal3",0.537742891405943,0.257418786733045,0.102,0.067,1
"Egfros",0.537758316209728,-0.263831597132603,0.102,0.133,1
"Zfp326",0.537789815687252,-0.315938236789097,0.13,0.167,1
"Ctif",0.541297236443697,-0.281706959924174,0.241,0.267,1
"Bfar",0.543814527287494,-0.347486164311308,0.139,0.167,1
"Bod1l",0.543953199079952,-0.258637699300433,0.306,0.333,1
"Ppfia1",0.544081355011803,-0.365144328636843,0.102,0.133,1
"Gm45263",0.544081355011803,-0.368728008881068,0.102,0.133,1
"Ano6",0.544485441900861,0.2512719281879,0.102,0.067,1
"Nudcd3",0.545011786672854,-0.28967283423188,0.296,0.333,1
"Rsf1",0.545578614163047,-0.295006710744314,0.38,0.4,1
"Ablim2",0.547906959682585,-0.372647489207244,0.213,0.233,1
"Fcrls",0.549940613487595,-0.38656717123229,0.167,0.2,1
"Cilk1",0.550441146437397,-0.480041846513597,0.102,0.133,1
"9630028H03Rik",0.550562530527364,0.426511236266163,0.25,0.2,1
"Micu1",0.553535982901179,0.276722270884337,0.176,0.133,1
"2900052N01Rik",0.554546877650379,0.269319014783217,0.139,0.1,1
"Angptl2",0.556531391777205,-0.413412807524944,0.074,0.1,1
"Smad5",0.556531391777205,-0.290707808277892,0.074,0.1,1
"Scd3",0.556531391777205,-0.464349109739386,0.074,0.1,1
"Prkcd",0.55683732030332,-0.251988454260204,0.102,0.133,1
"5330434G04Rik",0.55683732030332,-0.360924557336133,0.102,0.133,1
"Sncaip",0.557749471654126,-0.273087237682436,0.111,0.067,1
"Hps4",0.558872352097218,0.250633584674589,0.176,0.133,1
"Clint1",0.559521879799315,-0.369067513291241,0.241,0.267,1
"Trmt13",0.560419126124711,-0.30908262714766,0.167,0.2,1
"Git2",0.560419126124711,-0.281955584424041,0.167,0.2,1
"Lin52",0.560419126124711,-0.383564754921205,0.167,0.2,1
"Rnf182",0.560727760449283,-0.346481453290433,0.139,0.167,1
"Hspa8",0.563374557180421,0.357908308462295,0.565,0.533,1
"Tmem87b",0.563932252278553,-0.294386248572876,0.074,0.1,1
"Sigmar1",0.563932252278553,-0.25502474009489,0.074,0.1,1
"Dbnl",0.563932252278553,-0.517121834253712,0.074,0.1,1
"Dglucy",0.563932252278553,-0.272498604458737,0.074,0.1,1
"Bzw2",0.566421575045012,-0.269526171378649,0.139,0.167,1
"Cbfa2t2",0.569341354896109,-0.361679902504896,0.389,0.367,1
"Cep162",0.569737290789266,-0.323805722100977,0.102,0.133,1
"Arsg",0.569737290789266,-0.2694453665177,0.102,0.133,1
"Crebrf",0.570049139732666,-0.277704129143181,0.315,0.333,1
"Mios",0.571380195768951,-0.297889733044895,0.074,0.1,1
"Cog8",0.571380195768951,-0.432456323523719,0.074,0.1,1
"Bcl2l1",0.572170746216252,0.268762330243706,0.333,0.267,1
"Nsun2",0.578874616447853,-0.254438809287164,0.074,0.1,1
"Dzip1",0.578874616447853,-0.4081953259998,0.074,0.1,1
"Eed",0.580775062325507,-0.256160621012431,0.139,0.167,1
"Prpf40a",0.58175399039717,-0.330223608144522,0.213,0.233,1
"Mccc2",0.582778130451491,-0.268237958238443,0.102,0.133,1
"Rundc3a",0.583667453275167,-0.251730861161635,0.139,0.167,1
"Gm38134",0.586414893471681,-0.281668639651877,0.074,0.1,1
"Neo1",0.586673288343967,-0.301340862142435,0.463,0.433,1
"Lrrn1",0.589350358524527,-0.283190856526091,0.102,0.133,1
"Mrps15",0.595298919453879,-0.283503100056854,0.139,0.167,1
"Pibf1",0.596015723551855,-0.267104997278268,0.25,0.267,1
"Cyld",0.597023676108855,-0.273899854064406,0.343,0.333,1
"Manba",0.597807999465793,-0.250725903701631,0.074,0.1,1
"B930095G15Rik",0.59852107905807,-0.256340120508299,0.176,0.2,1
"Comt",0.598680233618049,-0.314236270207643,0.269,0.267,1
"Rpl38",0.600843922353854,0.250250168286481,0.296,0.233,1
"Eif3h",0.60115404532323,-0.252896327411198,0.139,0.167,1
"Atg4b",0.601630458768947,-0.261227562394248,0.074,0.1,1
"Cdc37l1",0.603102126558716,0.25657734747333,0.574,0.533,1
"Grhl1",0.607035033876611,-0.298313117794887,0.139,0.167,1
"4632427E13Rik",0.607390029992893,-0.361140338693482,0.333,0.333,1
"Prkdc",0.608971986634107,-0.350839540025909,0.269,0.3,1
"Sp3",0.609242265387832,-0.26769140905196,0.176,0.2,1
"Gm14966",0.609269187141084,-0.338146703735732,0.102,0.133,1
"Frem2",0.609304431374595,-0.286070604120283,0.074,0.1,1
"Lamtor1",0.609304431374595,-0.280026113102004,0.074,0.1,1
"A230009B12Rik",0.609543285225077,-0.280906106284629,0.185,0.2,1
"Ppp1r9a",0.611677658910426,-0.26607965969509,0.5,0.5,1
"Scrn3",0.612831867216126,-0.298868138626692,0.111,0.133,1
"Atp11b",0.613473822989728,-0.398439314198299,0.222,0.233,1
"Asap2",0.614368017594267,-0.327833000217363,0.296,0.333,1
"Mctp1",0.614461250162684,0.271294320531023,0.222,0.167,1
"Kdm6a",0.614876162525733,-0.45411238476978,0.25,0.267,1
"Ncoa2",0.616698003479072,-0.319228603399753,0.444,0.467,1
"Mtdh",0.618690077182725,-0.355516559142105,0.454,0.433,1
"Top3b",0.619365181311068,-0.285088615599558,0.111,0.133,1
"Arid2",0.623175992278495,-0.330574797604659,0.259,0.267,1
"Lcp1",0.625928698731537,-0.344206728870488,0.111,0.133,1
"Calm3",0.62843683536526,0.351523193265944,0.231,0.2,1
"Gm10863",0.628515925531965,-0.358511315301692,0.102,0.067,1
"Gm43713",0.628969119329942,-0.288420580286565,0.148,0.167,1
"Gspt1",0.630936464865888,-0.370473644116734,0.176,0.2,1
"Ccni",0.632521990664159,-0.334124051362191,0.111,0.133,1
"Pdzd8",0.632521990664159,-0.252234244657208,0.111,0.133,1
"Sec63",0.637567915982983,-0.256666642158702,0.204,0.233,1
"Spcs2",0.638499420394685,-0.382598335404352,0.222,0.233,1
"4930511M06Rik",0.638812733750922,-0.37233723137212,0.25,0.267,1
"Ermp1",0.639144621205071,-0.293731108079341,0.111,0.133,1
"Rnf180",0.643213360924643,-0.426038831691817,0.296,0.3,1
"Atrnl1",0.645445753906787,-0.40970947169846,0.269,0.267,1
"Yae1d1",0.645796147441046,-0.282123686958451,0.111,0.133,1
"Lonrf3",0.647950073697121,0.258574242740756,0.13,0.1,1
"Pals2",0.651813988870053,-0.43558782675963,0.259,0.267,1
"Orc4",0.652569793108388,-0.250282417224637,0.185,0.2,1
"Ccdc191",0.658822564320769,-0.294666299380745,0.222,0.233,1
"Slc30a5",0.664077935266131,-0.351622873745173,0.176,0.2,1
"Brd7",0.66456326160115,-0.258609702165446,0.148,0.167,1
"Itga9",0.670572714738978,-0.39420389491258,0.148,0.167,1
"Snu13",0.672021902927884,-0.272487505129308,0.139,0.1,1
"Dmac2",0.672673806846193,-0.288623282296768,0.083,0.1,1
"Ago2",0.674536699216842,-0.368637432963884,0.185,0.2,1
"Dync2h1",0.675735747590824,-0.274534256582744,0.306,0.3,1
"Copa",0.677898545179399,-0.262142942222526,0.25,0.267,1
"1110019D14Rik",0.679115596703897,-0.344109067063493,0.194,0.2,1
"Tm2d2",0.680398656354212,-0.276964443154928,0.083,0.1,1
"Cpne2",0.682653854997552,-0.274614208800828,0.148,0.167,1
"Dio2",0.684067926804936,0.446830773365182,0.463,0.467,1
"Rap2a",0.685695676415739,-0.275577649032714,0.139,0.167,1
"Hps5",0.686286449855606,-0.389343442819756,0.111,0.133,1
"Myef2",0.688157187290921,-0.311805603773382,0.083,0.1,1
"Slc7a8",0.68872661527695,-0.536524709918234,0.148,0.167,1
"Map3k5",0.688775679082811,-0.338440940906604,0.269,0.267,1
"Mgrn1",0.690067664469029,-0.473757792769175,0.194,0.2,1
"Cd81",0.691292250748641,0.299542313080196,0.5,0.433,1
"Ikbkb",0.692210400362903,-0.288775514579583,0.176,0.2,1
"Cx3cr1",0.694169647636549,0.323676074371709,0.287,0.267,1
"Atxn2",0.696497185177681,-0.327927112538188,0.389,0.4,1
"Usp7",0.697411266784635,-0.26160345053745,0.157,0.167,1
"Riok2",0.699993208662961,-0.32215928726499,0.111,0.133,1
"Csnk1g1",0.701032574854147,-0.251966124638008,0.231,0.233,1
"Agk",0.703772393509356,-0.334556525661523,0.083,0.1,1
"Arhgef28",0.705616874850812,-0.255804770465276,0.176,0.133,1
"Nrxn3",0.710898555460236,0.553769688194389,0.444,0.4,1
"Aamp",0.711627592928895,-0.320559734792033,0.083,0.1,1
"Blzf1",0.711627592928895,-0.351481318602907,0.083,0.1,1
"6030443J06Rik",0.711627592928895,-0.370879366980532,0.083,0.1,1
"3110021N24Rik",0.712165614455122,-0.514491230576917,0.194,0.2,1
"Chmp4b",0.713644583351974,-0.28830447612972,0.185,0.2,1
"Gcc2",0.715871897858905,-0.285399340302114,0.278,0.267,1
"Pde3b",0.718869967544358,-0.302105761434174,0.333,0.333,1
"Sycp2",0.720680326923071,-0.271093072769075,0.343,0.333,1
"Slc23a2",0.727084016871045,-0.288588172829754,0.204,0.2,1
"Keap1",0.727429419216878,-0.353523917669727,0.083,0.1,1
"Mfap3l",0.72799185921217,-0.290485674428886,0.25,0.267,1
"Tbc1d22a",0.734507962798869,-0.307193387899818,0.194,0.2,1
"Sugp2",0.734558360000975,-0.292139363538628,0.12,0.133,1
"Pcdh15",0.739196664628117,0.254076521220624,0.194,0.167,1
"Tfcp2",0.747780061584378,-0.261748688986753,0.185,0.2,1
"Fyb",0.748373153178873,-0.333927272760027,0.25,0.267,1
"Mcu",0.75353208771764,-0.34170688487489,0.241,0.233,1
"Esf1",0.755084043024795,-0.310300420668156,0.12,0.133,1
"Strip1",0.755084043024795,-0.365185393864477,0.12,0.133,1
"Vwa8",0.774335305392724,-0.43731965771915,0.296,0.267,1
"Gm28501",0.778073232640131,0.287770471976653,0.111,0.1,1
"Vmp1",0.781918517904179,-0.293748443162252,0.463,0.5,1
"Gm2245",0.782720531259108,-0.332620281118516,0.13,0.1,1
"Rnf169",0.784428705526438,-0.424764756828226,0.315,0.3,1
"Fnip1",0.786993285742453,-0.282289407307937,0.352,0.333,1
"Gps1",0.787222708700025,-0.253077521125034,0.093,0.1,1
"Hectd2os",0.787914800893883,-0.271013888499785,0.13,0.133,1
"Galk2",0.795069578737449,-0.389796323368175,0.093,0.1,1
"Nob1",0.795069578737449,-0.3082406250189,0.093,0.1,1
"Zzz3",0.800661104007414,-0.253512871850067,0.278,0.267,1
"Rps17",0.801521313632867,-0.315300422866686,0.13,0.133,1
"Pgam1",0.805572455528918,-0.298442630209466,0.204,0.2,1
"Galntl6",0.809236326923295,0.278217436864736,0.12,0.1,1
"Evi2a",0.810824915119085,-0.25774747955703,0.093,0.1,1
"Slc4a7",0.810824915119085,-0.27887969339186,0.093,0.1,1
"Inpp5d",0.811580883318865,-0.254535286696868,0.287,0.3,1
"Gm35552",0.813781521606384,-0.62557715203429,0.213,0.2,1
"Mmp16",0.81390249878972,-0.287866007200928,0.157,0.133,1
"Wwp2",0.817491732038019,-0.258614375319938,0.185,0.2,1
"Btbd3",0.818731848775609,-0.342047272245591,0.093,0.1,1
"Dennd5a",0.819431808524208,-0.281568820145524,0.417,0.4,1
"Arl6ip5",0.82204321556813,-0.269532380094794,0.13,0.133,1
"Usp53",0.822584005221646,-0.594901200038246,0.287,0.267,1
"Ccs",0.826657261004826,-0.351340232318367,0.093,0.1,1
"Jrkl",0.828911747118275,-0.260761220945439,0.13,0.133,1
"Gm45708",0.835793382806027,-0.268707533968666,0.13,0.133,1
"4932443L11Rik",0.837594189165405,-0.29026147075029,0.194,0.2,1
"Ppcdc",0.842687611258935,-0.317423626898109,0.13,0.133,1
"1700047M11Rik",0.842868337390149,-0.388490308258333,0.287,0.267,1
"Cd63",0.842868337390149,-0.365797584112066,0.287,0.267,1
"Fbxl5",0.845163208830622,-0.273506758402084,0.269,0.267,1
"Map3k19",0.845403845125817,-0.284441300648898,0.12,0.1,1
"Mphosph8",0.846577529240247,-0.254067150510343,0.324,0.3,1
"Pantr2",0.847956310804575,-0.276515557461365,0.296,0.233,1
"Enox2",0.848443572246459,-0.296738618529256,0.25,0.233,1
"Tmed7",0.850536533032276,-0.271954102182152,0.093,0.1,1
"Snap91",0.856511786601099,-0.383946115363756,0.13,0.133,1
"Eda",0.858151081826015,-0.261187395286786,0.296,0.233,1
"Auh",0.875796222969008,-0.435968513788874,0.176,0.167,1
"Aqp4",0.876610411321816,-0.261192659335734,0.25,0.2,1
"Soga1",0.881886649306422,-0.34628190019351,0.213,0.2,1
"Mob3b",0.881899755768285,-0.362837851083443,0.12,0.1,1
"Tmem175",0.88195970591895,-0.29728596358893,0.176,0.167,1
"Acsl6",0.885132482639776,-0.313555722639669,0.389,0.367,1
"Zcrb1",0.889889618601837,-0.279222371282621,0.259,0.233,1
"Hibch",0.891256273413436,-0.256896096775073,0.13,0.133,1
"Tcf20",0.899071103277131,-0.321495567180962,0.213,0.2,1
"Numb",0.900155317052637,-0.251551799369855,0.407,0.367,1
"Atg3",0.90422026912444,-0.287186330818678,0.269,0.233,1
"Tacc1",0.916042259633164,-0.283714828899596,0.306,0.267,1
"Synpr",0.923455576625711,-0.342013943136901,0.185,0.167,1
"Dock3",0.926778602971697,-0.279714119406568,0.389,0.333,1
"Clcn7",0.929346537238912,-0.250983439532038,0.102,0.1,1
"Grip1",0.936225560840762,-0.315280126438791,0.519,0.433,1
"Cyria",0.937458283841897,-0.292693327402726,0.157,0.133,1
"Gcn1",0.945018876932042,-0.273570553633817,0.102,0.1,1
"Fbl",0.945018876932042,-0.360781025508145,0.102,0.1,1
"Mcts1",0.950605882930059,-0.263143918970143,0.157,0.133,1
"Xkr4",0.951733181324021,-0.299301285348996,0.194,0.167,1
"4933406I18Rik",0.960012199997676,-0.478509307533389,0.269,0.233,1
"Tm9sf3",0.960400598466639,-0.261987235738813,0.278,0.233,1
"Gm42439",0.961123255097952,-0.402715034455452,0.287,0.267,1
"Tppp",0.969005623692692,-0.296570429254506,0.231,0.2,1
"Ank3",0.973503657537498,-0.296950465841765,0.509,0.433,1
"Mtch1",0.975855538607533,-0.351030882114395,0.194,0.167,1
"Akt2",0.978537169062577,-0.358267126253519,0.185,0.167,1
"Sec61a2",0.980273353013483,-0.35390691793871,0.231,0.2,1
"Scai",0.986529635631841,-0.305765162609574,0.259,0.233,1
"Asah1",0.98933245703307,-0.298845430343636,0.269,0.233,1
"Zfp639",0.989909442447174,-0.277225743390689,0.148,0.133,1
"Emc10",0.991917535639858,-0.338254020165997,0.259,0.233,1
"Eif4a2",0.991917535639858,-0.258107867370702,0.259,0.233,1
"Spg11",1,-0.255842992458483,0.102,0.1,1
