"","p_val","avg_log2FC","pct.1","pct.2","p_val_adj"
"Kcnb2",1.74651231931639e-08,1.90848608726382,0.592,0.19,0.000608956450376045
"Prkca",3.06227705246982e-08,1.9147378107716,0.517,0.103,0.00106772413988465
"Chsy3",3.46809771810638e-08,2.21874994778148,0.489,0.103,0.00120922163137215
"Dlgap1",1.32562407988078e-07,1.39229090294907,0.843,0.586,0.0046220534793203
"Kcnd2",1.53221762116961e-07,1.92072579443848,0.712,0.448,0.00534238317973208
"Epha5",1.98385325799869e-07,1.85576972306511,0.542,0.155,0.00691710115466402
"Tenm3",6.84179478121332e-07,2.15792661595876,0.442,0.086,0.0238552858636565
"Cpa6",1.38914806445145e-06,2.65963598541925,0.307,0,0.0484354255632288
"Rn18s-rs5",1.7893515170419e-06,-0.363137150848343,1,1,0.0623893193447
"Grin2b",2.44516150472076e-06,0.999581015341976,0.755,0.466,0.0852554461850988
"Cacna1e",4.16821926138603e-06,1.63615811094503,0.357,0.052,0.145333300986747
"Mctp1",5.31065341942355e-06,1.71026642219057,0.339,0.034,0.185166552775041
"Dlg2",7.06274451014769e-06,1.00201050421268,0.796,0.586,0.246256712835319
"Gabrb3",7.84926826478482e-06,1.46023736296663,0.661,0.379,0.273680436588252
"Mef2a",8.1356549026329e-06,1.01561301679783,0.442,0.103,0.283665879490101
"Parn",1.57443788856945e-05,-0.864668314083157,0.041,0.19,0.548959258607509
"Myo16",1.57759376827799e-05,1.50683680920837,0.417,0.121,0.550059619185485
"Slc25a3",1.64105248633133e-05,0.897238001099153,0.47,0.138,0.572185770409144
"Nav2",1.84176542949365e-05,1.08358738397376,0.567,0.241,0.642168352301551
"Grm5",2.25719559456381e-05,1.3264290591324,0.552,0.224,0.787016387956565
"Calm1",2.38318223243008e-05,0.608900386095101,0.94,0.707,0.830944148981397
"Pdzrn4",3.27538437809537e-05,-1.46075092386457,0.107,0.293,1
"Sema6a",3.29834574020015e-05,1.36432847257859,0.241,0,1
"Msi2",3.38756976149571e-05,-1.12636503815544,0.464,0.638,1
"Prkg1",3.75335834337421e-05,1.62395768799364,0.448,0.172,1
"Grik3",4.80061543290314e-05,1.22071809177819,0.295,0.034,1
"Rap1gds1",5.0257018093424e-05,1.18389400022403,0.411,0.121,1
"Rbfox3",5.1292783347638e-05,0.751705264603254,0.433,0.121,1
"Robo2",5.26502147135891e-05,-0.806994929609446,0.665,0.793,1
"Cacna2d1",6.75677095708209e-05,0.922237767069324,0.696,0.397,1
"Stxbp6",8.07582137859993e-05,1.34319767628017,0.345,0.086,1
"Ikbip",8.12111181043209e-05,-0.75360049056516,0.019,0.121,1
"Celf2",8.16867980044981e-05,0.679107970998785,0.912,0.845,1
"Atp6v1d",8.69047866064485e-05,1.0060882494585,0.386,0.103,1
"Lgr5",9.69637754054112e-05,0.715850854637512,0.288,0.034,1
"Trim62",0.000100173964740801,-0.984242639727648,0.034,0.155,1
"Lrrc7",0.00010590156959199,0.630601062476877,0.762,0.466,1
"Gabra5",0.000110889328452194,1.45870620501175,0.241,0.017,1
"Dgki",0.000112730703468554,0.968733977460269,0.52,0.207,1
"Cadps",0.000122624269680019,0.841354294846055,0.721,0.466,1
"Epha3",0.000123498877574431,0.623275291588406,0.367,0.086,1
"Kcnmb2",0.000127306654259195,-1.35564703927171,0.125,0.31,1
"Kalrn",0.000137119331130819,0.732251804804551,0.618,0.328,1
"Epha6",0.000144430060268375,1.01348242183275,0.473,0.19,1
"Gapdh",0.000145644973960605,0.610855867707291,0.752,0.431,1
"Hs3st5",0.000145731979630862,1.82113719723074,0.282,0.052,1
"Nebl",0.00014698031285627,1.15056507883793,0.326,0.069,1
"Ptpro",0.000157443356167943,0.91312493566913,0.429,0.155,1
"Nme1",0.000161019921293899,1.01129790679471,0.298,0.052,1
"Prickle1",0.000163051997482601,0.949638422784466,0.401,0.121,1
"Plxna4",0.000164051739251397,-1.0365094469725,0.251,0.466,1
"Thoc2l",0.000173073769389589,1.01577339795908,0.292,0.052,1
"Mrtfb",0.000173369538821401,0.878925898486579,0.357,0.086,1
"Limch1",0.000216225210112707,1.1243314445152,0.323,0.086,1
"Dlgap2",0.000223139456655176,1.11513122021312,0.558,0.31,1
"Cpne4",0.000242765806063968,1.06207304985228,0.408,0.138,1
"Etl4",0.000248204722119829,1.79629849843435,0.361,0.121,1
"Ano4",0.000248663743616282,0.918046704993537,0.464,0.19,1
"Dscam",0.000255413839702753,0.797872808495177,0.508,0.207,1
"Gng4",0.000262817248760548,0.938825576338423,0.26,0.034,1
"Igf1r",0.00026396714286967,-0.875232612199512,0.373,0.569,1
"Sybu",0.000264068839047497,0.985351186668503,0.417,0.155,1
"Neto1",0.000270509404262822,1.03312589507671,0.339,0.086,1
"Uqcrb",0.000285505684151943,0.967308779177952,0.257,0.034,1
"Mapre3",0.000285785330336487,0.811721065139679,0.229,0.017,1
"Ano3",0.000321133376883181,1.19489044536567,0.386,0.138,1
"Brd4",0.000327277674548768,0.922604010070097,0.251,0.034,1
"Ctnna3",0.00032747025819763,0.937329854647448,0.417,0.155,1
"Hspa8",0.000339981808699512,0.514846354342962,0.705,0.379,1
"Ptprr",0.000345966222574288,0.892629420832685,0.188,0,1
"Samd12",0.000350331905381563,0.788386277085075,0.476,0.19,1
"Srrm4",0.000359206371427434,0.731710478427762,0.433,0.155,1
"Foxn3",0.000370422965009088,-0.756356802893912,0.417,0.586,1
"Grm8",0.000370683726205962,1.06540409156845,0.357,0.103,1
"Camk2a",0.000382041695818249,0.769621683111915,0.364,0.103,1
"Supv3l1",0.00041097243062979,-0.83660524176494,0.031,0.138,1
"Ube2e2",0.000458822515727615,0.85593785841661,0.505,0.241,1
"Tmtc1",0.000477292717898765,1.02489240209843,0.207,0.017,1
"Gm55122",0.000480448353943295,0.790767662976294,0.404,0.138,1
"Zfp385b",0.000516766095778826,0.751202366148802,0.605,0.328,1
"Plekha1",0.000545910447895476,0.586915623629361,0.307,0.069,1
"Phactr1",0.000558425616421827,-1.4099973527666,0.539,0.655,1
"Pcp4",0.000562271746176162,0.6896710060793,0.52,0.224,1
"Cap2",0.000581475393673506,0.91623470899702,0.207,0.017,1
"Ldhb",0.000582891388339226,0.76945916656537,0.376,0.121,1
"Pcp4l1",0.000586929083232479,0.884093216957443,0.176,0,1
"Rps8",0.000589539813841202,0.778145008647932,0.492,0.207,1
"Camk2b",0.000591326076303191,0.719343590520978,0.376,0.121,1
"Fat3",0.000650143321819492,0.824656060386615,0.37,0.121,1
"Rps3a1",0.000651807966309696,0.730102285844916,0.367,0.121,1
"Chst11",0.00066894891987476,0.863969005741716,0.172,0,1
"Pla2g3",0.00066894891987476,0.870210012093855,0.172,0,1
"Sinhcaf",0.000672402536568452,-0.6280538420006,0.019,0.103,1
"Tafa2",0.000673714690819532,-0.792134756000887,0.216,0.414,1
"Frmd3",0.000683733857213607,0.81360995622784,0.288,0.069,1
"Tubgcp3",0.000686363139568427,-0.749022173327311,0.034,0.138,1
"Ap2a2",0.000701422079532742,1.00670510893066,0.204,0.017,1
"Pparg",0.000704372153730553,1.0758988374052,0.197,0.017,1
"Cox8a",0.000718899546816712,0.675899429507208,0.571,0.276,1
"Sox5",0.000731657340886316,-1.17450166513305,0.276,0.448,1
"C1qtnf4",0.000745586701865259,0.601600005870478,0.414,0.155,1
"Chrm2",0.000762738334245569,0.583619309294099,0.26,0.052,1
"Nkain2",0.000777328535492849,0.633135456306077,0.69,0.431,1
"Nrgn",0.000802302653929149,0.533706753882972,0.781,0.483,1
"1700111E14Rik",0.000802419338904691,0.60246410190642,0.238,0.034,1
"Sorcs2",0.000812074265180991,-1.08701186959918,0.075,0.207,1
"4930555F03Rik",0.000820422446615404,1.38538076503821,0.197,0.017,1
"Plppr4",0.000824077012179149,0.91759296389302,0.335,0.103,1
"Adgrl3",0.000839379578312514,0.92577324910615,0.508,0.276,1
"Dock7",0.000866185238013167,-0.899959247992348,0.223,0.397,1
"Gucy1b1",0.000958112567362536,0.676559622493594,0.263,0.052,1
"Rapgef5",0.000973725195885616,0.876146378213129,0.223,0.034,1
"Cacna1c",0.000982466411601037,0.627318361948404,0.677,0.379,1
"Mef2d",0.000987352394646337,0.951191433514909,0.163,0,1
"Lin7a",0.000997029858220351,1.01550294952782,0.223,0.034,1
"Rheb",0.00100428977574946,0.804116345041958,0.276,0.069,1
"Peg3",0.00104864906218783,0.766105924303772,0.357,0.121,1
"Ckb",0.0010526128900514,0.612910814025846,0.687,0.466,1
"Ppfia2",0.00116422050433677,0.652283731019606,0.674,0.431,1
"Fam171b",0.00118478742075879,0.733982042636703,0.492,0.241,1
"Dlc1",0.00119229119964256,0.64856424630479,0.31,0.086,1
"Tnik",0.001193648696862,0.609449880824054,0.621,0.362,1
"Runx2",0.00125880706390382,0.832464554249291,0.279,0.069,1
"Camk1d",0.00126209538783559,0.517290924228036,0.68,0.379,1
"Slc4a4",0.00128846587725399,0.769395383126529,0.342,0.121,1
"Tmeff2",0.0012905394298876,1.00657751767627,0.458,0.224,1
"Arih1",0.00129082038613638,0.575872528057766,0.361,0.121,1
"Lsamp",0.00130045401667741,-0.695370288414819,0.652,0.776,1
"Ildr2",0.00131323537045798,0.880002904301004,0.295,0.086,1
"Ipcef1",0.00131896506048071,0.764392641013201,0.216,0.034,1
"Usp46",0.00136858295941616,0.775253342358671,0.301,0.086,1
"4930447N08Rik",0.0013894576443665,-0.822575178225649,0.056,0.172,1
"Ppp1r12b",0.00139741941807855,0.647184441703758,0.527,0.259,1
"Pkig",0.00146719454340163,0.773242817975003,0.216,0.034,1
"Ndufb9",0.00149365158996001,0.713562148257077,0.317,0.103,1
"Tax1bp1",0.0014982497819035,0.529680450958431,0.31,0.086,1
"Syn2",0.00151461969504302,0.656330560863963,0.567,0.31,1
"Trpc4",0.00151674830162626,1.02375808114221,0.182,0.017,1
"Adgrb3",0.0015346013780628,0.455327320790535,0.806,0.5,1
"Meis1",0.00157642228812097,0.89464750714054,0.292,0.086,1
"Fam184a",0.00160035547939606,0.733620399037313,0.348,0.121,1
"Jund",0.001647803831247,0.919107051947291,0.15,0,1
"Gpr137c",0.00164961183179626,0.956964834196928,0.282,0.086,1
"Lingo2",0.00165547642726935,-1.23984549843943,0.266,0.414,1
"Pakap",0.00168916048262834,0.719053107902519,0.185,0.017,1
"Fut9",0.00174600135961951,0.645348408469965,0.348,0.121,1
"Kcnh5",0.0017640497848321,0.809508467475385,0.216,0.034,1
"Taf1",0.0018415858827859,0.87278130999664,0.176,0.017,1
"Trps1",0.00185502850745592,-1.00483636697288,0.26,0.414,1
"Ubb",0.00187739104306412,0.436126993758246,0.636,0.328,1
"Cntnap5c",0.00188449766870821,1.39936221633545,0.207,0.034,1
"Dnaja1",0.00195447331461064,0.753434736544567,0.411,0.172,1
"Prkce",0.00195707811689874,0.602867675981906,0.439,0.19,1
"Pid1",0.00204900220538165,0.780069279170662,0.361,0.138,1
"Atp5b",0.00205511590132818,0.810777623019153,0.367,0.155,1
"Hmgb1",0.00212899391550819,0.761779827827536,0.389,0.155,1
"Mbnl1",0.00213995819415335,0.861989793029528,0.179,0.017,1
"Sorl1",0.00215632894008085,0.679170329089576,0.266,0.069,1
"Gm36975",0.00223753376939226,0.921140118059487,0.201,0.034,1
"Cntnap4",0.00238753891318983,0.826980731864524,0.26,0.069,1
"Phactr2",0.00240773589646502,0.77674406991766,0.141,0,1
"Syt6",0.00243005017923633,0.773735322004692,0.26,0.069,1
"Mcu",0.00244516687037391,0.736143315753978,0.201,0.034,1
"2610307P16Rik",0.00246356953402793,-0.920383319252612,0.207,0.379,1
"Nrip3",0.00246895630628911,0.783576406116692,0.226,0.052,1
"Syt1",0.00247944217085826,0.271828403184098,0.846,0.69,1
"Zfp207",0.00249863671462385,0.659321581084744,0.313,0.103,1
"Srrm3",0.00253683223302675,0.729998110894228,0.304,0.103,1
"Ahi1",0.00257606057330661,0.618171754050443,0.618,0.397,1
"Csgalnact1",0.00261067917551216,0.885400844115153,0.226,0.052,1
"Calr",0.00261413019218983,0.53751321983153,0.32,0.103,1
"Ablim3",0.00263134770042338,0.587322079964571,0.342,0.121,1
"Bex1",0.00272282599751521,0.752122626893719,0.201,0.034,1
"Rbis",0.00272977196384169,0.783127075877076,0.138,0,1
"Rgs6",0.00273325813982005,1.26750554305021,0.197,0.034,1
"Map7d2",0.00278859067598348,0.881357913368991,0.245,0.069,1
"Snap25",0.00279572474288548,0.432506465009481,0.831,0.707,1
"Rpl29",0.00282854205047868,0.779904067615531,0.226,0.052,1
"Kank3",0.00283686457950984,0.727876925283249,0.169,0.017,1
"Atp5g3",0.00283974510106184,0.829738070413354,0.276,0.086,1
"Arpp21",0.00285907822851484,0.697902443064208,0.611,0.414,1
"Ttc39c",0.00286756547866041,0.79816926161733,0.201,0.034,1
"9430015G10Rik",0.00287438851492085,-0.745170058445306,0.025,0.103,1
"Atp5k",0.00289492877019969,0.774829885754933,0.229,0.052,1
"Ppil4",0.00309358148289492,0.733107672195434,0.135,0,1
"Nrcam",0.0031763185512537,0.805069420342497,0.508,0.276,1
"Ar",0.00318934369792288,-0.766142835883649,0.025,0.103,1
"Rasa2",0.00322216967459763,0.595884881916121,0.364,0.138,1
"Nol4",0.00329123609575947,-0.548669385200085,0.652,0.724,1
"Tln2",0.003294793846829,0.687387585501793,0.226,0.052,1
"Pacsin1",0.00330941984163341,0.51789097330079,0.357,0.138,1
"Foxj3",0.00335486240970642,-0.780905347485491,0.097,0.224,1
"Ppp2r2b",0.00344234470879312,0.658934268625678,0.451,0.224,1
"Ppia",0.00347159385110221,0.498554106880218,0.762,0.466,1
"Fbxl17",0.00348100247464758,0.604764127087837,0.382,0.155,1
"Thsd4",0.00348909517747172,-0.923981861888945,0.063,0.172,1
"Prrc1",0.00349039411955821,-0.579663780898757,0.025,0.103,1
"Chp1",0.00350442556843198,0.76099454753543,0.132,0,1
"Cacng3",0.00350442556843198,0.828822349385043,0.132,0,1
"Gm1976",0.00350442556843198,0.632744820154276,0.132,0,1
"Mcm3ap",0.00350490925069514,-0.764371174653475,0.034,0.121,1
"Hs6st2",0.00351827712810905,0.832730647270896,0.266,0.086,1
"Pde1c",0.00352541081349276,-0.540663756630904,0.194,0.379,1
"Zfp788",0.00354498498217616,-0.742577333727833,0.034,0.121,1
"Srsf10",0.00358638818009285,-0.905308216178366,0.191,0.328,1
"Ube2k",0.00364642490033944,0.494952053683778,0.386,0.155,1
"Arl6ip1",0.00367467748988456,0.686412480528533,0.411,0.172,1
"Rab3a",0.00374418503797742,0.397155542826962,0.404,0.155,1
"Ube2b",0.00376557405316925,0.629025671049725,0.426,0.19,1
"Ank3",0.00384722781269773,0.37946953129545,0.708,0.466,1
"Arhgef9",0.00384829859660448,0.474796156613311,0.332,0.121,1
"Myo1b",0.00392487134530388,-0.700052534856854,0.034,0.121,1
"Nkain3",0.00392487134530388,-0.781621475600769,0.034,0.121,1
"Rbfox2",0.00396222388553518,0.594866124158805,0.549,0.293,1
"2210408F21Rik",0.00396823988791848,0.675869642360986,0.129,0,1
"Clip4",0.00396823988791848,0.687299241104018,0.129,0,1
"Atp6v1f",0.003981475695025,0.653575579144772,0.254,0.069,1
"Ica1",0.00403060185702393,0.787886771636816,0.213,0.052,1
"Dync1i1",0.00403238402420479,0.812878877385635,0.48,0.276,1
"Hs3st2",0.00406068995094624,0.881194042918398,0.185,0.034,1
"Taok1",0.00411363615209984,0.491024091822938,0.298,0.103,1
"Plppr5",0.0041807623720369,0.359617372327517,0.288,0.086,1
"Rpl17",0.00421288413984815,0.503027486196096,0.226,0.052,1
"Upf3b",0.00422000309874221,0.762008575840012,0.188,0.034,1
"Airn",0.0042332331389389,0.687618171110311,0.219,0.052,1
"Csnk1g3",0.00426924000029273,0.677573347546191,0.298,0.103,1
"Rps5",0.00430730269383656,0.798443233017239,0.241,0.069,1
"Gm44829",0.00433575287748573,0.711192724316922,0.219,0.052,1
"Septin11",0.00441942078268246,0.405000901087546,0.266,0.086,1
"Gm3764",0.00447850851904161,-0.970452587509154,0.279,0.431,1
"Pcbp3",0.00449138076816358,0.484986926570856,0.589,0.362,1
"Inpp5j",0.0044916919269824,0.649255052575164,0.125,0,1
"9530059O14Rik",0.00451211118801091,0.484289647449481,0.263,0.086,1
"Kcnq5",0.00452743906186979,0.867504109345053,0.445,0.259,1
"Sqstm1",0.00453867910810813,0.850308822178307,0.21,0.052,1
"Grm7",0.00455754595466551,0.481647519627785,0.401,0.19,1
"Sntg2",0.00460654405924295,0.599674630675384,0.191,0.034,1
"Pclo",0.00478689077193424,0.602450851990983,0.376,0.155,1
"Rasa3",0.00479695732530835,0.63160194733195,0.157,0.017,1
"Gabbr1",0.00480937327319641,0.719141292173355,0.342,0.138,1
"Gars",0.00481664151856152,-0.864581223878748,0.103,0.224,1
"Kcnj6",0.00482553931855702,0.615294903462411,0.219,0.052,1
"Ip6k1",0.00482864037783141,0.573650027587391,0.185,0.034,1
"Syt10",0.00486324555075509,0.779893184896539,0.157,0.017,1
"Slc9a9",0.00493799613649771,0.519735740475145,0.357,0.155,1
"P4ha1",0.00499856931434881,0.434288424266844,0.191,0.034,1
"Pde5a",0.00506015459617466,-0.940836988977754,0.066,0.172,1
"Nudt21",0.00507228327744022,-0.928432667345679,0.047,0.138,1
"Gm42583",0.00508227768654414,0.650139036785073,0.122,0,1
"Gm33989",0.00508227768654414,0.673634271971501,0.122,0,1
"Ust",0.00508227768654414,0.828496764592783,0.122,0,1
"Uqcc2",0.00508227768654414,0.777640942143962,0.122,0,1
"Kcnj3",0.00512484502418167,0.731844427101144,0.492,0.293,1
"Rack1",0.00516544786253867,0.804843388729012,0.182,0.034,1
"Slc17a7",0.00517863414873779,0.603165796778264,0.273,0.086,1
"Chchd10",0.00520151877297483,0.622308541906422,0.411,0.19,1
"Ryr2",0.00529691140152049,0.682361411033273,0.445,0.224,1
"Dennd5b",0.00532507762622104,0.61899147090324,0.357,0.155,1
"Acot7",0.00532896390557339,0.756542166289603,0.15,0.017,1
"Ube2e3",0.00541086582789769,0.421683986319855,0.313,0.121,1
"Lix1",0.00546951941648028,0.804508311745025,0.176,0.034,1
"Rab3b",0.00553736765112746,-0.858722706387784,0.047,0.138,1
"Ywhae",0.00565607835103739,0.605615458395389,0.47,0.241,1
"Psma6",0.00574842542824022,0.731040783696478,0.119,0,1
"Ndufb5",0.0058065720230561,0.475521344705737,0.238,0.069,1
"Dzip1",0.00584349350355154,-0.617153167231873,0.066,0.172,1
"Rpl41",0.00588003545428345,0.680293883483845,0.361,0.155,1
"Lrrc20",0.00592068879316855,-0.832182061049049,0.028,0.103,1
"Slc8a1",0.00598459608026667,0.930285032666126,0.696,0.569,1
"Hydin",0.00607660378698615,-0.669977973227434,0.038,0.121,1
"Srrm2",0.00609212698783608,0.301863415447046,0.611,0.328,1
"Manf",0.00615356663479353,0.727258079799623,0.232,0.069,1
"Negr1",0.00620983490100349,0.463665331204623,0.84,0.621,1
"Smg7",0.00623648391213833,0.719233665907808,0.207,0.052,1
"Gpi1",0.00624947292419958,0.744511055679401,0.201,0.052,1
"Baiap2",0.0062787605957349,0.590025334224799,0.238,0.069,1
"Ppp2r5a",0.00629905391742925,0.470068082837391,0.216,0.052,1
"Shank2",0.00630519195039857,0.539939417718603,0.235,0.069,1
"Zfp398",0.0063198836178461,0.6494434061015,0.182,0.034,1
"Clip1",0.00641344126999873,0.52708486060446,0.27,0.086,1
"Nfib",0.00643438426212562,-0.506768558423296,0.511,0.655,1
"Ahcyl2",0.00646062678306497,0.441823708064498,0.241,0.069,1
"Necap1",0.00649961297159403,0.636348748486719,0.116,0,1
"Clvs2",0.00649961297159403,0.655541839008568,0.116,0,1
"Csde1",0.00650446763914594,0.622142480883785,0.26,0.086,1
"Prpsap2",0.00650459707408171,-0.582927483491369,0.028,0.103,1
"Gng2",0.00650596408181998,-0.864826162677761,0.176,0.31,1
"Elmo2",0.00655723379441349,-0.773974593648839,0.06,0.155,1
"Rnf227",0.00656070888293879,0.660432374602455,0.282,0.103,1
"Rps25",0.00658801084381178,0.81690666708453,0.226,0.069,1
"Ssb",0.00668780306123864,0.367949411976483,0.357,0.155,1
"Tll1",0.00672372638230272,0.579636500511555,0.15,0.017,1
"Lrrc4",0.00679611657703235,0.794494562474642,0.194,0.052,1
"Kcnma1",0.00688515521975909,0.674406695717531,0.561,0.328,1
"Klf9",0.00691418502851062,0.603133050893492,0.21,0.052,1
"Mir100hg",0.00697089811859994,-0.717459020149774,0.295,0.431,1
"Ptms",0.00700615021851363,0.291145015620797,0.386,0.155,1
"Med12l",0.00708791577262718,0.748929369511824,0.147,0.017,1
"Psmb3",0.00713614178351311,0.744374872559982,0.147,0.017,1
"Msi1",0.00713979951268932,-0.532947313100722,0.028,0.103,1
"Csnk2b",0.00718466215523532,0.684925675782208,0.147,0.017,1
"Hagh",0.00721033277117336,0.718335966177955,0.172,0.034,1
"Senp7",0.00721368811124909,0.657266754977265,0.301,0.121,1
"Psmc1",0.00723325481311993,0.816518531466001,0.169,0.034,1
"Unc13b",0.00734650048348574,0.729671212407382,0.113,0,1
"Mrpl42",0.00734650048348574,0.671131701672692,0.113,0,1
"Tmbim4",0.00734650048348574,0.826443009945615,0.113,0,1
"Ston2",0.00734650048348574,0.594837126209949,0.113,0,1
"Ammecr1",0.00734650048348574,0.613440265939729,0.113,0,1
"Depdc5",0.00734704017576243,0.587517751718998,0.207,0.052,1
"Prokr2",0.00734939260763592,-0.573321125219874,0.028,0.103,1
"Adra1a",0.00750243892663204,0.752480207272053,0.176,0.034,1
"Large1",0.00753179245207577,0.457588283153552,0.511,0.293,1
"Snhg14",0.00755684369882556,0.496912875488769,0.536,0.293,1
"Slc4a7",0.00759630206983107,0.640348424619222,0.176,0.034,1
"Immp1l",0.007628956198274,-0.620891489118741,0.279,0.414,1
"Knop1",0.00763483898855428,0.527091523230044,0.147,0.017,1
"Syne1",0.00764347166452461,0.541483343566627,0.567,0.345,1
"Gm16351",0.00764666256864949,-0.846933583669297,0.179,0.31,1
"Diaph2",0.0077599126920504,0.664245901909088,0.204,0.052,1
"Clpp",0.00781255627358796,0.739042036226171,0.141,0.017,1
"Gm48678",0.00781596800800928,0.570178373967817,0.232,0.069,1
"Rps29",0.00785998290176577,0.564581102509592,0.307,0.121,1
"Me3",0.00791816503124165,0.533932701880974,0.307,0.121,1
"Kif2a",0.00796571330883318,0.479026379190137,0.379,0.172,1
"Gda",0.00801573567688203,0.604397448387681,0.26,0.086,1
"Add2",0.00808215775171036,0.51534938475009,0.235,0.069,1
"Prmt3",0.00813298174223273,-0.653882855987512,0.06,0.155,1
"Stmn3",0.00813331404846625,0.432621508423278,0.577,0.328,1
"Junb",0.00821170995820078,0.664958369363885,0.144,0.017,1
"Swi5",0.00822150273618599,0.623812763356347,0.172,0.034,1
"Gm43175",0.00830108102172267,0.500144287431716,0.11,0,1
"Slc1a1",0.00843585433623484,0.544746895665799,0.144,0.017,1
"Magi3",0.00843681890075725,0.448735315173992,0.207,0.052,1
"Ift57",0.0085356754734312,0.70015294030023,0.141,0.017,1
"Adamts19",0.00854996551496286,0.5917993827064,0.144,0.017,1
"Mthfd2l",0.00855833062104294,-0.711540362457683,0.06,0.155,1
"Rnf130",0.00863191714773004,0.569426785467217,0.254,0.086,1
"Klf13",0.00866502188470978,0.580654111060385,0.229,0.069,1
"Pabpc4",0.00868772522948472,0.813513538757101,0.138,0.017,1
"Zbtb20",0.00872728531001599,-0.65614655981377,0.687,0.741,1
"Ptprd",0.00876014579309519,-0.559622780881106,0.53,0.603,1
"Lrfn5",0.00881318566915798,0.574669256987349,0.335,0.155,1
"Rpl24",0.00884696805352973,0.648922142220629,0.226,0.069,1
"R3hdm1",0.00885719990661155,0.613623603003875,0.571,0.362,1
"Grip1",0.00891313091248733,-0.838826549053243,0.611,0.638,1
"Gabrg3",0.00904197703371884,-0.692892208202158,0.197,0.345,1
"Zmat2",0.00906258851800635,0.644283648234846,0.169,0.034,1
"Hsp90ab1",0.0091813424620231,0.308753374171416,0.831,0.534,1
"Prpf8",0.00919430977745417,-0.89248434657888,0.088,0.19,1
"B230303A05Rik",0.00919458829276705,-0.902134697974869,0.05,0.138,1
"Nalf1",0.00919552622611538,0.428887227576769,0.771,0.603,1
"Kctd1",0.00935616440020261,0.593828088770868,0.201,0.052,1
"Sin3b",0.00937683539081788,0.656423825518223,0.107,0,1
"S100a10",0.00937685147932369,0.739433229984791,0.107,0,1
"Npffr2",0.00937685147932369,0.613727738344428,0.107,0,1
"Polr2g",0.00937685147932369,0.673382965977445,0.107,0,1
"Fam219a",0.00941592901737724,0.665484178315126,0.166,0.034,1
"Mtmr7",0.00942994771458583,-0.656965695966992,0.072,0.172,1
"Dynll1",0.00952722563321809,0.580165846732001,0.542,0.293,1
"Arid4a",0.00983553408686578,0.631185178109352,0.245,0.086,1
"Rps10",0.0099583930051946,0.77911379128853,0.135,0.017,1
"Dmxl1",0.00996052615400746,0.388911294225935,0.332,0.138,1
"Actb",0.00997259015438246,0.542833210629125,0.687,0.431,1
"Nme7",0.0099859506813393,0.559965501086375,0.398,0.207,1
"Ftl1",0.0100417838801269,0.522000906573299,0.251,0.086,1
"Rab40b",0.0100620850439484,0.586922419188573,0.169,0.034,1
"Add3",0.0100908790186172,0.677855999888676,0.191,0.052,1
"Rims1",0.0101662166197553,-0.813640079592619,0.213,0.345,1
"Slmap",0.0102483189442709,0.662776264414783,0.169,0.034,1
"Arl4c",0.0103674500819183,-0.66978610749299,0.031,0.103,1
"Rab6a",0.0103830644346252,0.68838377502683,0.27,0.103,1
"Clk4",0.010386436033199,0.659519276655859,0.266,0.103,1
"Arid1a",0.0104529240623309,-0.77511326121366,0.257,0.379,1
"Timp2",0.0105655342818944,0.517893817596793,0.169,0.034,1
"Ostc",0.0105889889160094,0.685599098026078,0.103,0,1
"Rbm8a",0.0105890070395576,0.697098184776057,0.103,0,1
"Mrps25",0.0105890070395576,0.645412516644127,0.103,0,1
"Gm45176",0.0105890070395576,0.519972010606443,0.103,0,1
"Fgf9",0.0105890070395576,0.615626271788858,0.103,0,1
"Rps6ka5",0.01061980809149,0.624869865989185,0.166,0.034,1
"Chst1",0.0106603399458998,0.813973390803612,0.132,0.017,1
"Eml5",0.0106912565374233,0.504725777619961,0.47,0.259,1
"Shisa8",0.0107110309533694,0.579801586102154,0.138,0.017,1
"Mrtfa",0.010958594580033,0.640802223628651,0.216,0.069,1
"Nrg1",0.0110309717142951,0.650260247488462,0.458,0.293,1
"Cfl2",0.0110450231563005,0.427675901790876,0.226,0.069,1
"Dock9",0.0110481199767417,-0.61433369991345,0.041,0.121,1
"Thada",0.0110684604746386,0.535493912047082,0.163,0.034,1
"Szrd1",0.0111551513295967,-0.552137410346164,0.041,0.121,1
"Swt1",0.0111902480709459,-0.863696075146656,0.116,0.224,1
"Tanc2",0.0112462792750675,0.336511751634963,0.646,0.414,1
"Arhgap20",0.0112576640373499,0.528613479050581,0.197,0.052,1
"Nectin3",0.0113203811158911,-1.1078548282856,0.122,0.241,1
"Hivep2",0.0113390408556164,0.529645696219777,0.624,0.414,1
"Dpp6",0.0113683417583509,0.663828252765927,0.702,0.517,1
"Bmyc",0.0115540834135599,0.642522876704739,0.163,0.034,1
"Ubxn1",0.0115645365383533,0.735828857137011,0.132,0.017,1
"Gnai1",0.0116015794929669,0.625108086302639,0.348,0.172,1
"Anks1b",0.0116932581952323,0.280478567626953,0.828,0.672,1
"Gria4",0.0117549185317136,0.633757380282863,0.693,0.534,1
"Gng3",0.0117977350957638,0.405824353792943,0.282,0.103,1
"Eif4a2",0.0118038340294315,0.338816450617251,0.307,0.121,1
"Pign",0.0119546628130624,0.547951720594707,0.1,0,1
"Ipo7",0.0119546628130624,0.521280104583253,0.1,0,1
"Cacng4",0.0119546628130624,0.715896029828823,0.1,0,1
"ENSMUSG00000120285",0.0119546628130624,0.829560634835209,0.1,0,1
"Ehmt2",0.0119546628130624,0.634307729425472,0.1,0,1
"Nkap",0.0119546628130624,0.542825568557554,0.1,0,1
"Oprm1",0.0119913310589056,0.621245202859013,0.27,0.103,1
"Mphosph8",0.0119972617086293,0.387811873243378,0.295,0.121,1
"Senp2",0.0120854505995616,0.691999926694128,0.157,0.034,1
"Ccdc186",0.0122062166523543,0.522121475194967,0.163,0.034,1
"Gm17231",0.0122238784704479,0.531708643577549,0.135,0.017,1
"Rspry1",0.0122633468593241,0.620941503716522,0.16,0.034,1
"Rock2",0.0124218100396785,0.29941746167605,0.348,0.155,1
"Tmem59",0.0124340935355863,0.500309633589812,0.317,0.138,1
"Tmsb4x",0.0124764420639977,0.532181394931366,0.677,0.466,1
"Cend1",0.0125063711693883,0.574153441783941,0.163,0.034,1
"Cdk5r1",0.012548424024182,0.559086466213321,0.219,0.069,1
"Tpt1",0.0127299697586722,0.353858160857817,0.473,0.241,1
"Rps24",0.0127357665113509,0.526851389979382,0.313,0.138,1
"Klc1",0.0128091551414521,0.511652229217917,0.323,0.138,1
"Gm42439",0.0128895522658802,0.499243555710742,0.552,0.328,1
"Mbnl2",0.0129366945308086,0.288354398482046,0.379,0.172,1
"Fus",0.0129866139627375,0.532544630303494,0.404,0.207,1
"Arfgef1",0.0131428608124355,0.373622747142506,0.326,0.138,1
"Dnaja2",0.0132056757076245,0.551141570663118,0.238,0.086,1
"Ncl",0.0132143052335231,0.54945135602296,0.313,0.138,1
"Zfp536",0.0132962760338485,-0.629725187542294,0.16,0.293,1
"Plcxd3",0.0134371276056618,0.962668951663936,0.182,0.052,1
"Pnisr",0.0135196814211769,0.260686064299069,0.567,0.31,1
"Zfp407",0.0135491158792665,0.511295146502108,0.357,0.172,1
"Btg1",0.0135697005263028,0.645256153063958,0.188,0.052,1
"Arhgap31",0.0135793562392768,0.51246738842359,0.132,0.017,1
"Eef2",0.0136090170926567,0.4778846750854,0.163,0.034,1
"Ranbp1",0.0136655709008453,0.674140980738201,0.157,0.034,1
"Inpp4a",0.013850213255447,0.554114098508637,0.16,0.034,1
"Acvr1c",0.013982059696634,0.711549373996962,0.125,0.017,1
"Far1os",0.0140231470999922,0.474730055167162,0.163,0.034,1
"Mon2",0.0140880370750335,0.533434384143868,0.157,0.034,1
"Ociad2",0.0141069073669776,0.502346811773818,0.191,0.052,1
"Hspd1",0.014360355122341,0.588116488055679,0.16,0.034,1
"Homer2",0.0146137509778708,0.718404241353331,0.226,0.086,1
"Fgf12",0.0146300154120735,0.556263977221803,0.661,0.552,1
"Tiam1",0.0146600584432694,0.291902753933502,0.317,0.138,1
"Camk1",0.0146863362506885,0.580208203913953,0.129,0.017,1
"Bcl11b",0.0146998342172146,0.588604687841224,0.235,0.086,1
"Slc6a6",0.0147480934868415,0.416981766983858,0.191,0.052,1
"Dek",0.0147659009863443,0.770251654930865,0.154,0.034,1
"2810410L24Rik",0.0148715463797313,-0.966844445994392,0.034,0.103,1
"Tshz1",0.0148866758966094,0.524613284208699,0.379,0.19,1
"Fth1",0.0148984650664043,0.481211374368598,0.806,0.621,1
"Rdx",0.014933123407603,0.394658446889437,0.219,0.069,1
"Psmb5",0.0149669215020921,0.480159572963552,0.188,0.052,1
"Rpl21",0.0149696717166484,0.362783970398803,0.398,0.19,1
"Snx7",0.0149764263243928,0.481063205810352,0.16,0.034,1
"Mtus2",0.0150892474300891,0.535588417001988,0.21,0.069,1
"Igf2r",0.0152816550514578,0.480687596058694,0.129,0.017,1
"Grin2d",0.0153268442789325,-0.716444548168633,0.034,0.103,1
"Serinc1",0.0153975509489419,0.411361794134173,0.458,0.241,1
"Gabrb2",0.0153997281606748,0.718891954048446,0.207,0.069,1
"Arf3",0.015468287824624,0.443559909146524,0.232,0.086,1
"Gm44151",0.0157856858550043,0.587692182474135,0.154,0.034,1
"Gprasp1",0.0158746744427216,0.477349697091961,0.31,0.138,1
"Pacrg",0.0158814135062172,0.659568742779723,0.154,0.034,1
"Actr1b",0.015951093979567,0.713054922766561,0.15,0.034,1
"Rps27",0.015960855845716,0.752681462678925,0.179,0.052,1
"Zfp106",0.0160163718350707,0.547542336939263,0.235,0.086,1
"Srgap2",0.0161185963651028,-0.723004940822206,0.304,0.431,1
"Rps12",0.0161430452119874,0.436405072577956,0.185,0.052,1
"Sfmbt1",0.0161559541622698,0.410521143019814,0.216,0.069,1
"Rgs20",0.0161619054320308,0.561414440640944,0.213,0.069,1
"L3mbtl3",0.0161834421247527,0.542267830828151,0.157,0.034,1
"Dnajc2",0.0161990123760409,0.652529816230679,0.125,0.017,1
"Map7",0.0162377977974852,0.569515553559793,0.207,0.069,1
"Ttc27",0.0164290308414055,-0.495002053311236,0.044,0.121,1
"Mt3",0.0169225070709574,0.39037953790675,0.235,0.086,1
"Gm27032",0.0171032089384673,0.403907929742085,0.216,0.069,1
"Dctn3",0.0171032219843271,0.408225689985134,0.216,0.069,1
"Reep2",0.0171210926104788,-0.82871104442827,0.056,0.138,1
"Tpm1",0.0171558517695956,0.575973471831336,0.238,0.086,1
"Zfp236",0.0171728698381229,0.543721154382037,0.154,0.034,1
"Lgr6",0.0171768145459849,0.341529720291483,0.157,0.034,1
"Sgsm1",0.0172589943962382,0.568626469901458,0.15,0.034,1
"Prpf38b",0.0173109471894502,0.478191791519179,0.182,0.052,1
"Atpaf1",0.017511342813075,0.550505184977879,0.122,0.017,1
"Cfap36",0.0175551849566166,0.493480040894346,0.257,0.103,1
"R3hdm2",0.0175892398025316,0.436166531249655,0.498,0.293,1
"Luzp2",0.0175911945531566,0.404500526624476,0.451,0.276,1
"Slc44a5",0.017649457902886,-0.963091628879868,0.094,0.19,1
"Prkacb",0.0177239770796205,0.533598684267092,0.257,0.103,1
"Mir124a-1hg",0.0177298830592817,0.393770038498855,0.429,0.224,1
"Cltc",0.0177415660909366,0.429222916380422,0.279,0.121,1
"Hras",0.0178247018464789,0.610721809943193,0.201,0.069,1
"Ythdf3",0.0178295512533,0.431070811100549,0.185,0.052,1
"Mast3",0.0178937305767248,0.604947265731297,0.15,0.034,1
"Psmc3",0.0178980977576754,0.597699427518635,0.176,0.052,1
"Hsp90aa1",0.0180059669364176,0.49115218819764,0.665,0.414,1
"Cux1",0.0180681452456996,0.540892322202139,0.301,0.138,1
"Grik2",0.0181043474664776,0.500524187503579,0.655,0.466,1
"E130114P18Rik",0.0183250179751793,-0.610709913156453,0.034,0.103,1
"Pgam1",0.0184082409679142,0.33542793650667,0.348,0.155,1
"Spg7",0.0188322052149929,0.441007093290801,0.122,0.017,1
"Snx2",0.0188322052149929,0.503035130522601,0.122,0.017,1
"Spire1",0.0188589982418991,0.418710035700014,0.285,0.121,1
"Jph4",0.01892168162606,0.48662994781911,0.179,0.052,1
"Itgb8",0.0190814822329843,0.566808777700939,0.122,0.017,1
"Itgav",0.0191127872091851,0.421264437499214,0.154,0.034,1
"Pdzd2",0.0191924169598122,0.634891239110977,0.273,0.121,1
"Nedd8",0.0193173831663903,0.483641872156808,0.26,0.103,1
"Prkar1b",0.0193704961420339,0.583427298066249,0.273,0.121,1
"Osbpl3",0.0194608657636016,0.449620624360221,0.122,0.017,1
"Sptb",0.0194608657636016,0.489202696775561,0.122,0.017,1
"Klhl29",0.0194637447195026,0.531537433701513,0.232,0.086,1
"Bbs9",0.0197174182864092,0.457817599838659,0.122,0.017,1
"Adcy2",0.0197955785242775,0.431598232299845,0.313,0.138,1
"Nsmaf",0.0198027799175439,0.471917345833215,0.204,0.069,1
"Ep400",0.0198749441893,0.522764223510535,0.229,0.086,1
"4930473D10Rik",0.0199222324894346,0.60399178226928,0.15,0.034,1
"Selenom",0.0199371670093784,0.525990084633242,0.179,0.052,1
"Cacnb4",0.0203190029463213,0.471285869367827,0.476,0.276,1
"Afdn",0.020469338758385,0.285589507776361,0.423,0.224,1
"Numb",0.0205761083392223,0.496126197720425,0.257,0.103,1
"Por",0.0205857814316567,0.633754064904364,0.116,0.017,1
"Map3k1",0.0206892486247136,0.606775472524757,0.191,0.069,1
"Eif4g3",0.0208538447624547,0.594506882444215,0.354,0.19,1
"Cfdp1",0.0208596664751107,0.367440213214701,0.235,0.086,1
"Togaram1",0.0208836455337487,0.525489449323628,0.147,0.034,1
"Grin1",0.020939739630565,0.370996249414018,0.398,0.207,1
"Tcp11l1",0.0211721222045942,0.429237563746514,0.179,0.052,1
"Nfia",0.0213130755438732,-0.521851815530302,0.282,0.414,1
"C130073E24Rik",0.0213948754443671,0.776152493644867,0.197,0.069,1
"Acap3",0.0214141750964707,-0.495566586672378,0.056,0.138,1
"Socs7",0.0214535115541817,0.459554782407489,0.119,0.017,1
"Mrps10",0.0214535115541817,0.465146511295726,0.119,0.017,1
"Cdc42se2",0.021631753611955,0.284170925160759,0.235,0.086,1
"Mpp2",0.0217359947996304,0.441198392616212,0.119,0.017,1
"Nck2",0.0218857341761939,0.504578651077487,0.144,0.034,1
"Hacd3",0.0219129578672075,0.356149171759715,0.172,0.052,1
"Dync1h1",0.0219327939277224,0.473409033523129,0.276,0.121,1
"Myl12b",0.0220216831283272,0.438801967604024,0.119,0.017,1
"Ola1",0.0221188263523599,0.40616001500444,0.26,0.103,1
"Eif5b",0.0221266438099526,0.63108333381382,0.266,0.121,1
"Proser1",0.022158716938062,-0.58389226582179,0.069,0.155,1
"Tuba1b",0.0222756715866663,0.412490115041157,0.257,0.103,1
"Hpcal4",0.0222800511437125,0.538459365933853,0.144,0.034,1
"Sptbn1",0.0223086470233077,0.326712365072713,0.53,0.31,1
"Ptma",0.0223811550444359,0.459967512579442,0.458,0.241,1
"Slc6a17",0.0224061033220285,0.659191498957784,0.194,0.069,1
"Relch",0.0224633360640948,0.470329206840808,0.229,0.086,1
"Nsd3",0.0226044949703061,0.498785688525688,0.32,0.155,1
"Otud7a",0.0227012091213318,0.398739622089356,0.304,0.138,1
"Gmds",0.0227651207957777,0.598279682431486,0.197,0.069,1
"Nf1",0.0229788387893887,0.413349720205904,0.389,0.207,1
"Calm2",0.0229850919918236,0.317851112355357,0.893,0.69,1
"Ppib",0.0230007439569384,0.503995286635694,0.197,0.069,1
"Nhsl1",0.0231602088084673,-0.705921380486029,0.056,0.138,1
"Ivd",0.0231854520582585,0.502456471091632,0.116,0.017,1
"Eps15l1",0.0233116741963091,0.399680945776389,0.176,0.052,1
"Ptprk",0.0233426399075088,0.845783339192239,0.238,0.103,1
"Uhrf1bp1l",0.0233481331532846,0.501738847769566,0.169,0.052,1
"Ajap1",0.0236089011897288,0.618537630898344,0.113,0.017,1
"Nxph1",0.0236431186359475,-1.12007997684668,0.436,0.5,1
"Dnah11",0.0238004249564025,0.57364507257159,0.116,0.017,1
"Lancl1",0.0239196354523437,0.474493173613169,0.144,0.034,1
"Vdac1",0.0239338480783399,0.461024478087633,0.254,0.103,1
"Dscaml1",0.0239741503828265,-0.640467241401689,0.483,0.552,1
"Kcna4",0.0241131828785641,0.427960107965657,0.116,0.017,1
"Il1rapl1",0.0241298958188793,0.455859309870499,0.793,0.741,1
"Sdcbp",0.0242028138290149,0.504281486781237,0.144,0.034,1
"Tceal5",0.0242028375045096,0.377602552104425,0.144,0.034,1
"Ndufs2",0.0242095336539159,0.465956136336417,0.176,0.052,1
"Ndufb10",0.0242167905514709,0.481325786450474,0.232,0.086,1
"Ppil2",0.0242411948851794,0.558433313799733,0.113,0.017,1
"Nt5c3",0.024270893776893,0.468239206297424,0.116,0.017,1
"Btbd1",0.0243209699301753,0.385836426777142,0.276,0.121,1
"Ints10",0.0243212545817659,-0.648978168869263,0.085,0.172,1
"Gm41609",0.0243351032196102,0.393917023996011,0.147,0.034,1
"Vps13b",0.0246383922278477,0.317428794857041,0.282,0.121,1
"Aff4",0.024675879580477,-0.782874758754636,0.257,0.345,1
"Fkbp1a",0.0246955248151194,0.357919228258955,0.301,0.138,1
"H2az2",0.0247095208332101,-0.539245183904442,0.091,0.19,1
"Lrrtm1",0.0247494028074767,0.372757663771466,0.116,0.017,1
"Top1",0.0247988613830385,0.426171654767141,0.517,0.31,1
"Wasf1",0.0248416878897943,0.588533440346493,0.194,0.069,1
"Acaca",0.0248726140693327,0.589685360649759,0.166,0.052,1
"Ttc9b",0.0250776938202564,0.674280356405149,0.235,0.103,1
"Cpeb3",0.0251732101289868,0.448390399283377,0.389,0.207,1
"Rps2",0.0251786185216601,0.525660099241136,0.266,0.121,1
"Syt11",0.0254561225439139,-0.506906566819042,0.417,0.5,1
"Rtl4",0.0255723688013727,-0.574499735745356,0.069,0.155,1
"Rgs17",0.0255832236366221,0.298273829485911,0.229,0.086,1
"Rbm27",0.0256175362237772,0.505511878621856,0.169,0.052,1
"Smurf1",0.025628561473211,-0.535728907259532,0.038,0.103,1
"Aco2",0.0257358341997989,0.380727360053104,0.197,0.069,1
"Ppargc1a",0.0260964307294745,0.602925896484211,0.219,0.086,1
"Stard7",0.0262269249162576,0.533175540487239,0.113,0.017,1
"Cct2",0.0262637761955877,0.651509954107878,0.138,0.034,1
"Bag1",0.026276480540544,0.620018484363134,0.141,0.034,1
"Sox2ot",0.0263578166063653,-0.679792577176054,0.69,0.759,1
"Timm44",0.0263985752003668,0.512186307949297,0.113,0.017,1
"Gm12353",0.026687657445487,0.519913899096575,0.266,0.121,1
"Ncaph2",0.0268241308011417,-0.650862964518587,0.038,0.103,1
"St6gal2",0.0268241308011417,-0.517477502867929,0.038,0.103,1
"Tmtc4",0.0269200464804681,-0.761457654333082,0.072,0.155,1
"Stimate",0.0272068599905502,-0.824569928556654,0.063,0.138,1
"Psme4",0.027267645294743,0.403516646191572,0.361,0.19,1
"Ccbe1",0.0273156742265237,-0.753514925282368,0.038,0.103,1
"Tmem131",0.0273350913880923,0.476084882255123,0.241,0.103,1
"Clk1",0.0274023595102339,0.383607486417274,0.223,0.086,1
"Smim14",0.0276743260464507,0.403375180051412,0.144,0.034,1
"Sgcd",0.0276771899569723,-1.09443872837605,0.31,0.414,1
"Gpr158",0.027725428048499,0.71273694383175,0.386,0.241,1
"Dync1i2",0.0277821690477324,0.469927377450866,0.373,0.207,1
"Galnt18",0.0277952777999404,0.511813677784868,0.188,0.069,1
"Smad2",0.0277955198380141,-0.765011199929365,0.088,0.172,1
"Dcakd",0.027807058185325,0.404728980250612,0.113,0.017,1
"Zfp516",0.027807058185325,0.31782130673914,0.113,0.017,1
"Cog2",0.027814970277892,-0.508194292705065,0.038,0.103,1
"Cab39l",0.0278602765208385,0.476682809924012,0.138,0.034,1
"Pfdn5",0.0279999881596348,0.378286280424817,0.201,0.069,1
"Rap2a",0.0280209806571484,0.51198008906632,0.141,0.034,1
"Vps26a",0.0283221157309863,-0.509126915925962,0.038,0.103,1
"Cox6c",0.0285170762434278,0.313416030493005,0.373,0.19,1
"Napb",0.0285552241611377,0.311421140239643,0.279,0.121,1
"Sfxn5",0.0288823892855692,-0.781211393172016,0.05,0.121,1
"Rps18",0.0289566540682443,0.53325309647282,0.285,0.138,1
"Ptpdc1",0.0290847461384274,0.480721485389526,0.11,0.017,1
"Rab12",0.0291116647406349,0.412674480025998,0.166,0.052,1
"Zfp618",0.0291807219827831,-0.929621230154499,0.1,0.19,1
"Tmem191c",0.0292156330104832,0.477234544387234,0.194,0.069,1
"Atp5j2",0.029608479227167,0.533496044104697,0.191,0.069,1
"Ccdc149",0.029619435727749,0.519612151026431,0.107,0.017,1
"Prr14l",0.0296579237416312,0.46620468052859,0.11,0.017,1
"Tm9sf3",0.0296831042786868,0.470009965790533,0.191,0.069,1
"Snrpb",0.0298510940401045,0.560136446677477,0.11,0.017,1
"Eefsec",0.029851129317029,0.463824463188411,0.11,0.017,1
"Gm32509",0.0299855029060766,0.459593606391299,0.219,0.086,1
"Tmem132a",0.0300697742232091,-0.740581127537515,0.1,0.19,1
"Mysm1",0.0301056481964444,0.434869815182962,0.194,0.069,1
"Celf1",0.030152639038743,0.337002809935622,0.455,0.259,1
"Sucla2",0.0301799297381629,0.490221226880491,0.163,0.052,1
"Comt",0.0302105500376091,0.407153065139938,0.141,0.034,1
"Iqsec2",0.0302382690269865,0.342417629488796,0.241,0.103,1
"Lrrtm4",0.0303232297385304,0.287447209744172,0.605,0.414,1
"Ino80d",0.0303295730138996,0.416933788476395,0.169,0.052,1
"Nceh1",0.0304116655593967,0.467017227320015,0.138,0.034,1
"Rpl32",0.0304921970192294,0.379163516912509,0.298,0.138,1
"Rap1b",0.030560130550551,0.331539380126897,0.141,0.034,1
"Igsf21",0.0305716040822548,-0.892756935760016,0.103,0.19,1
"A930017M01Rik",0.0305886755671193,0.448668119142631,0.138,0.034,1
"Psmb6",0.0307665696941746,0.540508884820171,0.138,0.034,1
"Tmcc3",0.0309131796863934,0.320783767632192,0.141,0.034,1
"Ctnna2",0.0310205934033457,0.291405996816475,0.85,0.638,1
"Socs5",0.031033196461631,0.430764969021087,0.11,0.017,1
"Gprc5b",0.0310601403955019,0.384506007584713,0.169,0.052,1
"Pak1",0.0313358136808419,0.421879415586872,0.248,0.103,1
"Psmd11",0.0315002679582352,0.497564704189144,0.135,0.034,1
"Klhl3",0.0315002679582352,0.42965481790345,0.135,0.034,1
"Vps13c",0.0315858811678086,0.302715150494075,0.219,0.086,1
"Pabpc1",0.0316844664952084,0.384887293524485,0.135,0.034,1
"Gtdc1",0.0319361198114267,0.409723675884465,0.335,0.172,1
"Cox4i1",0.0319669838162343,0.411651806055783,0.661,0.431,1
"Gtpbp4",0.0320368463637556,0.414581843837401,0.138,0.034,1
"Ptgds",0.0320497942751682,0.363922492314854,0.524,0.328,1
"Lrrc49",0.0327024515833115,0.542514864398124,0.163,0.052,1
"Ncapg2",0.0328645741832345,-0.766841583471636,0.041,0.103,1
"Cox7a2",0.0328932948488721,0.395284630230698,0.329,0.172,1
"Ift81",0.0329999004481094,0.511277706022057,0.135,0.034,1
"Xbp1",0.0330016960289094,0.556303114837103,0.132,0.034,1
"Bax",0.0330964599659316,0.498924653801857,0.107,0.017,1
"Csnk2a2",0.0330964599659316,0.537047668411416,0.107,0.017,1
"Wdr70",0.0331855952032733,0.491416905340744,0.16,0.052,1
"Crhr1",0.0333114444509133,0.425892930056331,0.107,0.017,1
"Tm2d2",0.0333518756405825,0.403816418222383,0.138,0.034,1
"Plcl2",0.0333934481312858,0.500852650743847,0.257,0.121,1
"Safb",0.0335825069094785,0.491186273762433,0.163,0.052,1
"Srp19",0.0337629632169544,0.627050096920948,0.129,0.034,1
"Lgr4",0.0338609348287833,0.497981139310148,0.185,0.069,1
"Gpm6a",0.0338665821505246,0.30621021765907,0.671,0.431,1
"Ski",0.0339582759460292,0.355267674901721,0.166,0.052,1
"Timm17a",0.034177915533211,0.6105549941163,0.132,0.034,1
"Tcf4",0.0342828359978785,-0.415443537218311,0.828,0.845,1
"Hap1",0.0343010413556453,0.353699205864788,0.163,0.052,1
"Sugt1",0.0343010413556453,0.433907316142585,0.163,0.052,1
"Bcl2",0.0344043769820116,0.41210620559352,0.107,0.017,1
"Chic1",0.034544316516791,0.523891727054542,0.185,0.069,1
"Rtl8a",0.0345666670464514,0.673702490261995,0.129,0.034,1
"Edem3",0.0345778364693738,0.450305109593153,0.132,0.034,1
"Nus1",0.0346063754219707,0.600385180720467,0.103,0.017,1
"Pds5b",0.0346214408547883,0.429387440765903,0.241,0.103,1
"Ppp1r7",0.0346652083711356,0.380142847300828,0.163,0.052,1
"Gm17106",0.0347793078716289,0.519363602087819,0.132,0.034,1
"Slc35b1",0.0350747313569525,0.337647614492705,0.107,0.017,1
"Sox2",0.0351915823520931,-0.53095908173318,0.05,0.121,1
"Gm45182",0.0352890611388232,0.457964626990059,0.103,0.017,1
"Stx18",0.0353006466029405,0.368072575720171,0.107,0.017,1
"Rnf217",0.0353006466029405,0.27473603916384,0.107,0.017,1
"Rps15a",0.0355512680320726,0.45823278189319,0.188,0.069,1
"Fam222b",0.0355671038613898,0.418147047266875,0.135,0.034,1
"Gm15614",0.0357271024439475,0.357607869197444,0.188,0.069,1
"Rpl35a",0.0358254460494312,0.667441302263606,0.201,0.086,1
"Tcp11l2",0.0359832072561836,0.571574958277244,0.103,0.017,1
"Bach2",0.0360298721022453,0.341843463029024,0.26,0.121,1
"Ubl3",0.0361361737655196,0.26572722250368,0.313,0.155,1
"Prrc2c",0.0361929317466817,0.366754947865671,0.411,0.241,1
"Gm44678",0.0362171616440926,0.40541773658494,0.103,0.017,1
"Mpv17",0.0364144977198331,-0.664152385212065,0.041,0.103,1
"Hsph1",0.0364763537481855,0.59309870425869,0.157,0.052,1
"Eif1",0.0366199192932706,0.341792363011558,0.643,0.397,1
"Dlg3",0.0366381230015865,0.440909040297614,0.132,0.034,1
"Gria2",0.0366401432093656,0.274435184502446,0.881,0.793,1
"Tmem130",0.0366654954564294,0.479771085049114,0.185,0.069,1
"Nap1l5",0.036746189584318,0.323262601063528,0.364,0.19,1
"Rufy2",0.0369271174133834,0.329381015257113,0.266,0.121,1
"Mettl16",0.0369690608649141,-0.566938217236783,0.1,0.19,1
"Sepsecs",0.037130109330299,0.498915466730206,0.1,0.017,1
"Ap3d1",0.0372301269708264,0.404666550770934,0.135,0.034,1
"Pgap1",0.0373714782435679,0.533798512927439,0.207,0.086,1
"Cdr1os",0.0373865870951544,0.529851684066741,0.229,0.103,1
"Rai2",0.03764828438324,0.506670795188526,0.103,0.017,1
"Kdm5b",0.0378109791062589,0.543387819395202,0.232,0.103,1
"Emc4",0.0378870579527489,0.533247752405131,0.16,0.052,1
"Itm2c",0.0379165960614769,0.329764084171221,0.313,0.155,1
"Cx3cl1",0.0380374268914086,0.279735471190631,0.219,0.086,1
"3110021N24Rik",0.0381293050807531,0.302416715584942,0.245,0.103,1
"Fam193b",0.0381358955171305,0.455506129708185,0.103,0.017,1
"Cdca7",0.038161609932247,-0.569623262616899,0.063,0.138,1
"Gatad2b",0.0381933181263248,0.41512351333113,0.257,0.121,1
"Smg1",0.0381962734476168,0.56053621396233,0.251,0.121,1
"St6gal1",0.0382421069443406,-0.819605202809651,0.119,0.207,1
"Lclat1",0.0383027411643675,0.320890456618109,0.135,0.034,1
"Zdhhc20",0.0383283764365942,-0.569370915290466,0.21,0.31,1
"Kcnt1",0.0383817081684344,0.39255715144385,0.103,0.017,1
"Apbb2",0.0383817081684344,-0.693307473628199,0.078,0.155,1
"Mipol1",0.0385237331865368,-0.902554507833527,0.053,0.121,1
"Pgm2l1",0.0385636271030533,0.320363952888172,0.191,0.069,1
"Ndufa11",0.0385955848728306,0.409659632365214,0.216,0.086,1
"Trak2",0.0386120803246128,0.547976200078832,0.1,0.017,1
"Anp32e",0.0387908795382546,0.365162192232526,0.16,0.052,1
"Mical2",0.0388773757712943,0.395207783650805,0.103,0.017,1
"Dhx15",0.038896641203272,0.36999789824673,0.185,0.069,1
"Stk39",0.0390868277231274,0.255503807115508,0.288,0.138,1
"Penk",0.0391272420115664,0.363104682704773,0.103,0.017,1
"Ptbp3",0.0393322089441326,0.524270929560011,0.182,0.069,1
"Smg5",0.039378470756812,0.330704234285579,0.103,0.017,1
"Astn1",0.0395625452720886,-0.567825798465582,0.552,0.586,1
"Rgl1",0.0395940161975683,0.288493499696024,0.188,0.069,1
"Strn4",0.039631022850748,0.320793735179756,0.103,0.017,1
"Nudt5",0.0398665611412956,0.511191490827132,0.154,0.052,1
"Hs6st3",0.0398861009628025,0.717961193199395,0.332,0.19,1
"Ankrd44",0.0399692645286584,0.463987041199,0.129,0.034,1
"Pnn",0.0400082220159375,0.312348364372401,0.313,0.155,1
"Hprt",0.0402240311667284,0.306498774810086,0.163,0.052,1
"Fam120c",0.0402506437544976,0.434007731763755,0.185,0.069,1
"Rabl6",0.0402506762151696,0.392079911960919,0.213,0.086,1
"Psmc2",0.0403258447360175,0.358852748387746,0.157,0.052,1
"Pdzrn3",0.040454647300718,-0.490370908351269,0.041,0.103,1
"Atp6v0c",0.0405878197154692,0.345664622687067,0.815,0.621,1
"Med14",0.0406438452286815,0.462944872829923,0.157,0.052,1
"Dpf2",0.0406659891922173,0.44766164028851,0.1,0.017,1
"Park7",0.0407843906891221,0.60647140677562,0.176,0.069,1
"Gm45321",0.0411316912068064,0.650531702488073,0.129,0.034,1
"Nsg2",0.0412349505018544,0.450718024244959,0.442,0.259,1
"Trank1",0.0413015149541451,0.335787978113067,0.21,0.086,1
"Ndufa13",0.0413471994958075,0.261610297023,0.263,0.121,1
"Nova1",0.0413954368575265,0.526524017300331,0.125,0.034,1
"Trpm3",0.0416046839412508,0.60022603370623,0.408,0.241,1
"Tubb4b",0.0418020060602402,0.430613013992151,0.229,0.103,1
"Dctn6",0.0418427999810557,0.448512994176196,0.129,0.034,1
"Otud7b",0.0419961391424992,0.432743967714495,0.1,0.017,1
"Scamp1",0.0420815165851726,0.281712890377206,0.204,0.086,1
"4732471J01Rik",0.0422510078920055,0.342516458220285,0.132,0.034,1
"Capns1",0.0422665412707626,0.423977232206622,0.1,0.017,1
"Gad1",0.0424335164405407,0.263448225740716,0.621,0.448,1
"Ptk2b",0.0426647888983816,0.365419939793062,0.185,0.069,1
"B3gat2",0.042811765941751,0.44179220147837,0.1,0.017,1
"Ndufs8",0.042811765941751,0.436505116638054,0.1,0.017,1
"Sumo1",0.0428645131159151,0.394071015569538,0.235,0.103,1
"Bzw1",0.0429628077858486,0.333705107529273,0.207,0.086,1
"Pdpk1",0.043057307438973,0.285673525286828,0.182,0.069,1
"Pdia6",0.043058259687854,0.546234741167393,0.201,0.086,1
"Car11",0.0433629249260311,0.442711852768934,0.1,0.017,1
"Epn2",0.0434568372999675,0.28863838536214,0.132,0.034,1
"Nfe2l1",0.0435460573123272,0.439369307669791,0.179,0.069,1
"Dlgap3",0.0435932001268939,0.490530254688525,0.154,0.052,1
"Gm15520",0.0435949299274179,0.473481280196025,0.125,0.034,1
"Rex1bd",0.0439200668997849,0.395109178955239,0.1,0.017,1
"Capn2",0.0442008473636477,0.387917074407551,0.1,0.017,1
"Tmed4",0.0442008473636477,0.324506822641497,0.1,0.017,1
"Myo10",0.0442749295161717,-0.561978809633095,0.066,0.138,1
"Gsdme",0.0443413399313852,0.274984839992833,0.185,0.069,1
"ENSMUSG00000120580",0.0444832407239546,0.296405239138308,0.1,0.017,1
"Naxd",0.0444832407239546,0.404381631282394,0.1,0.017,1
"Nfu1",0.0446037177282765,0.524567732256234,0.125,0.034,1
"Pgrmc1",0.0446175979090134,0.316227938072591,0.238,0.103,1
"Tspyl4",0.0446460618768256,0.31458572015634,0.354,0.19,1
"Map1a",0.0447213514377386,0.2846436081487,0.16,0.052,1
"C130071C03Rik",0.0449015644061525,-0.460592376035096,0.586,0.621,1
"Tspan13",0.0452110366292318,0.379993578084678,0.154,0.052,1
"Napg",0.0454584303289886,0.304979494123604,0.21,0.086,1
"Eno2",0.0455723449465798,0.474862681629853,0.226,0.103,1
"Rtf1",0.0456119664826618,0.418089436955106,0.279,0.138,1
"Ndufa4",0.0459303713478529,0.469175387562458,0.436,0.259,1
"Trip4",0.0461537803258846,0.443245435174839,0.125,0.034,1
"Nhsl2",0.0462236339017892,0.437992871447318,0.207,0.086,1
"Map6",0.0463314244254457,0.347955319832669,0.129,0.034,1
"Cdh10",0.0466933197051152,0.569682364834641,0.285,0.155,1
"Adcyap1r1",0.0468513342112585,0.361183465095058,0.182,0.069,1
"Zer1",0.0468543070175543,0.334949617859752,0.129,0.034,1
"Ube2ql1",0.0469456277195186,0.472476154094926,0.125,0.034,1
"Cited2",0.0469456690516288,0.447792661125766,0.125,0.034,1
"Pacsin2",0.0471217217501919,0.281103085280657,0.154,0.052,1
"Rbfox1",0.0472140177688575,0.529553924848593,0.639,0.517,1
"Stmn4",0.047317043592022,0.360653650645022,0.232,0.103,1
"Btf3",0.0473653000443781,0.423311067351143,0.154,0.052,1
"P4htm",0.0474799206507772,0.448702567610843,0.125,0.034,1
"Atxn1",0.047707231955815,0.411000322184314,0.404,0.241,1
"Rcan2",0.0478614299736664,0.325992543105951,0.179,0.069,1
"Usp29",0.0479482357666077,0.330709956637338,0.423,0.241,1
"Cntnap2",0.0482281008206876,0.65164495910792,0.658,0.552,1
"Cuedc2",0.0484136412009092,0.431256978230059,0.176,0.069,1
"Zfp654",0.0485292739625953,0.597612581112289,0.144,0.052,1
"Prkar1a",0.048585896117997,0.285990166090538,0.288,0.138,1
"Xkr4",0.0486284304021804,-0.548739545056308,0.295,0.397,1
"Usp45",0.0487297938510858,0.407254828065715,0.15,0.052,1
"Zfp560",0.0489303597802495,-0.79588426116378,0.069,0.138,1
"Cap1",0.0489957513172053,0.286929203902385,0.129,0.034,1
"Eif5a",0.0490016888176187,0.437487764931599,0.176,0.069,1
"Pop5",0.0491134367834009,0.437423091267735,0.125,0.034,1
"Galnt11",0.0491200461905075,0.429864828766656,0.176,0.069,1
"Dstn",0.0492478318161472,0.409955288776986,0.229,0.103,1
"Rpl3",0.0495701541410382,0.436963389492714,0.386,0.224,1
"Ep300",0.0496246090372798,0.262686989657479,0.204,0.086,1
"A930009A15Rik",0.0497556034061623,0.447035289072828,0.122,0.034,1
"Phb2",0.0497867931329635,-0.844495080908571,0.082,0.155,1
"Ttc8",0.0500855886445891,0.312880911484967,0.182,0.069,1
"Chn1",0.0505951456331189,0.353362248908794,0.426,0.241,1
"Prdm10",0.050628862592425,0.376652782539785,0.154,0.052,1
"Sh3glb1",0.0506512477170652,0.437310163376836,0.15,0.052,1
"Garre1",0.0507938587275541,0.353337076335917,0.125,0.034,1
"Trim9",0.0509558135536974,0.283743547715667,0.423,0.241,1
"Bcas2",0.0511742620380288,0.431158348288113,0.15,0.052,1
"Ppp1r12a",0.0511919485937321,0.413061020738671,0.364,0.224,1
"Cep20",0.0515409124688294,0.516557068613331,0.119,0.034,1
"Cbx1",0.0517845028059636,0.482199754901158,0.176,0.069,1
"Brf1",0.0518662820218882,-0.452459536681544,0.044,0.103,1
"Yy1",0.0519406868901044,0.33346762752901,0.125,0.034,1
"Hspa5",0.0519966965442639,0.276216911533248,0.379,0.207,1
"Tubb4a",0.0521405853246519,0.392968206745864,0.226,0.103,1
"Xrcc4",0.0522307544799919,0.348843741599425,0.125,0.034,1
"Trpc5",0.0522741143039768,-0.801708471556914,0.044,0.103,1
"Macroh2a1",0.0525014407216983,0.406474565519678,0.15,0.052,1
"Cyc1",0.0525318135419743,0.350588914262942,0.176,0.069,1
"Sorbs2",0.0525953556389637,-0.590297117167134,0.483,0.534,1
"Asic1",0.052677649650742,-0.806704573358114,0.056,0.121,1
"Septin4",0.0528149546769561,0.299883943143864,0.125,0.034,1
"Ak6",0.0535137322094843,-0.529938074034924,0.044,0.103,1
"Zfp354c",0.053536361545844,-0.685913911670488,0.082,0.155,1
"Prrc2b",0.0536577521946929,-0.503671449251802,0.282,0.362,1
"Nbr1",0.05375000633891,0.453149784803569,0.169,0.069,1
"Map2k2",0.0538394984713594,-0.861332766256264,0.097,0.172,1
"Pgp",0.0538794867552544,0.421189764779767,0.147,0.052,1
"Ankhd1",0.0539979521279642,0.429996760559561,0.229,0.103,1
"Clcn6",0.0541785350886555,-0.672059715303297,0.056,0.121,1
"Fau",0.0542665157954604,0.327909557640249,0.445,0.276,1
"Hmgcs1",0.0544079159231231,0.252421271816818,0.15,0.052,1
"Rplp0",0.0544451366369697,0.352299962378845,0.122,0.034,1
"Rab7",0.0545534843461205,0.251887665065702,0.179,0.069,1
"Glrx3",0.0547134450236635,0.507823192147969,0.144,0.052,1
"Ahctf1",0.0548588328870135,0.417409475095265,0.119,0.034,1
"Rtcb",0.0549422590528337,-0.542891857530634,0.056,0.121,1
"Vwa8",0.0549460806551813,-0.670274298934732,0.11,0.19,1
"Prelid3a",0.0550919970230306,-0.748785820179593,0.11,0.19,1
"Ppp3r1",0.0556478965886133,0.48061354838764,0.245,0.121,1
"Dnajc3",0.0557196299333972,0.303696287846631,0.179,0.069,1
"Chl1",0.0557723666594825,-0.832339211204442,0.113,0.19,1
"Hnrnpll",0.055844338465376,0.433977076051225,0.147,0.052,1
"Gnai3",0.0558443779710741,0.367353223406148,0.147,0.052,1
"Ank1",0.0558533615627799,0.39017226559386,0.144,0.052,1
"Snrnp27",0.0559841355656866,0.436967101847399,0.122,0.034,1
"Slc25a46",0.0562962432199279,0.39420052703619,0.122,0.034,1
"Grin2a",0.0564148493819826,0.26423916247506,0.404,0.259,1
"Hspe1",0.0564399325201375,0.547151933652671,0.191,0.086,1
"Srcin1",0.0566322066128259,0.381953409534996,0.197,0.086,1
"Bin1",0.0568239021481504,0.252960110025864,0.232,0.103,1
"Ttc37",0.0573821263446219,0.339085093578506,0.119,0.034,1
"Gm15563",0.0574709100780883,0.520424978821483,0.191,0.086,1
"Pnrc1",0.0574808501493099,0.453829206861643,0.169,0.069,1
"Cd2ap",0.057572220713423,0.300001583625061,0.194,0.086,1
"Evi5l",0.0576002762621904,0.464059852681677,0.144,0.052,1
"Lrrtm3",0.0576275970167585,0.676235160422448,0.339,0.207,1
"Micos10",0.0576643737547043,0.568875091138246,0.163,0.069,1
"Pcmt1",0.0579981113993493,0.386005854493223,0.226,0.103,1
"Kcna1",0.0581626405774127,0.303959298094492,0.147,0.052,1
"Pitpnm2",0.0582788001063869,0.413956220238913,0.166,0.069,1
"Kcnc1",0.0583076742473618,0.398906288740089,0.169,0.069,1
"Gabra3",0.05862706371474,0.447595307862572,0.116,0.034,1
"Rpl36a",0.0586400826194593,0.505083625278456,0.144,0.052,1
"Gm37124",0.0587202464281207,-0.456840345568842,0.044,0.103,1
"Adcy9",0.0590523573566822,0.328874760479394,0.147,0.052,1
"Ntng1",0.0590724416011984,0.831938054311606,0.163,0.069,1
"Nrip1",0.0592792216184072,0.267026863556959,0.15,0.052,1
"Hmox2",0.0593513876593201,0.363829201692852,0.147,0.052,1
"Casd1",0.0594977234487698,0.27678757852205,0.122,0.034,1
"Rnf115",0.0596685799838985,0.426897969270196,0.119,0.034,1
"Svil",0.0596685799838985,0.431375894954065,0.119,0.034,1
"Nbea",0.0598514594333105,-0.462221093571131,0.539,0.586,1
"Scd2",0.0598976619563547,0.339593397302349,0.392,0.224,1
"Cenpc1",0.0604765587820342,0.265307056550226,0.15,0.052,1
"Lrch2",0.060560309698199,0.38414388733252,0.147,0.052,1
"Prune2",0.0606923652867432,0.424027022329304,0.166,0.069,1
"Rapgef6",0.0609156324994929,0.312824239868828,0.273,0.138,1
"Sh3bgrl2",0.0611524405254193,0.471694740937918,0.116,0.034,1
"Htr1f",0.0612182743644024,-0.919197374452097,0.263,0.345,1
"Thsd7b",0.0613892789786771,0.720924524578737,0.238,0.121,1
"Rpl27a",0.0614230800691258,0.336627890295179,0.194,0.086,1
"Gtf2h5",0.0614803023630472,0.279865678280379,0.147,0.052,1
"Hecw1",0.0615498319713879,0.313282094279084,0.172,0.069,1
"Tma7",0.0616210726367983,0.32725805565831,0.197,0.086,1
"Rala",0.0616491419317141,0.27138746645423,0.176,0.069,1
"Fam117b",0.0616880352720658,0.31841205838856,0.119,0.034,1
"Prkcz",0.0620057596952245,0.32596299684936,0.169,0.069,1
"Golm2",0.062046047068806,0.340961647113161,0.285,0.155,1
"Gcc2",0.0620648223763206,0.267177163620304,0.263,0.138,1
"Trip11",0.0622730444047333,0.361795233432265,0.172,0.069,1
"Atrn",0.0625806405976587,0.269997528925194,0.241,0.121,1
"Bmerb1",0.0627522287020668,0.378899700874277,0.201,0.086,1
"Sema4d",0.0630393215981757,0.3560763627163,0.147,0.052,1
"Selenok",0.0631543422699299,0.345196445241711,0.248,0.121,1
"Snap47",0.0631590825268748,0.287248284604388,0.27,0.138,1
"Lrrn3",0.0633187087369263,0.441321678553686,0.141,0.052,1
"Lmbr1",0.0634138361270724,0.363373629430741,0.119,0.034,1
"Susd4",0.0636371627570322,0.312146144332805,0.166,0.069,1
"Copb1",0.0637173837828806,0.488671778559512,0.113,0.034,1
"Epc2",0.0637543837607291,0.3252247505391,0.144,0.052,1
"Nr4a1",0.0637636879804164,0.392963697482647,0.119,0.034,1
"Cds1",0.0637637399674165,0.334609693695785,0.119,0.034,1
"Cds2",0.0640377251233425,-0.602925562328544,0.144,0.224,1
"Coro2b",0.0641436349712571,-0.697720135700829,0.113,0.19,1
"Scn3a",0.0643753973207758,0.401067630716916,0.241,0.121,1
"Arpc3",0.0646970814128503,0.332670367231083,0.201,0.086,1
"Smim10l1",0.0650009308426214,0.35346578604797,0.119,0.034,1
"Tnrc6b",0.065285259982668,0.356949170386723,0.571,0.379,1
"Hipk2",0.0654232961417057,0.390222698608146,0.191,0.086,1
"Hnrnpf",0.0654393916789306,0.444547654851791,0.141,0.052,1
"Dock10",0.0655037917285856,0.397606818160188,0.348,0.207,1
"Iffo1",0.065670872207934,-0.704292393747792,0.085,0.155,1
"Atp5d",0.0657597207013814,0.337494819725118,0.288,0.155,1
"Maea",0.0660044150724978,-0.651455457700719,0.06,0.121,1
"Fam162a",0.0662688054596551,0.50792610701876,0.113,0.034,1
"Chd6",0.066280579471409,-0.59351341926356,0.37,0.414,1
"Fryl",0.0662837569813094,0.289354030250635,0.226,0.103,1
"Sh3bgrl3",0.0663013419797226,0.330083256087027,0.172,0.069,1
"Irs1",0.0663635838121686,0.380479241290395,0.144,0.052,1
"Phactr4",0.0664563472464107,-0.584916322171212,0.072,0.138,1
"Ccdc47",0.0668414767990979,0.396839659928751,0.116,0.034,1
"Pkd1",0.0668415314518774,0.364446346659434,0.116,0.034,1
"Sulf2",0.0673325629329554,-0.670587403820645,0.06,0.121,1
"Gm46367",0.0674005437912118,0.413230946651225,0.188,0.086,1
"Usp37",0.0680774194451051,-0.705967139928526,0.132,0.207,1
"Cpeb4",0.0683077520202285,0.276536710155922,0.313,0.172,1
"Gm26827",0.0687049976024717,0.32534501471055,0.169,0.069,1
"Bbx",0.0687118096566892,0.380965414390756,0.194,0.086,1
"Zfand6",0.0689049074264069,0.441584347188779,0.188,0.086,1
"Syncrip",0.0690697035505445,0.282545192756878,0.216,0.103,1
"Psd3",0.0696191597493439,0.397852464188275,0.326,0.19,1
"Erg28",0.0696722838397764,0.404487318146828,0.113,0.034,1
"St3gal3",0.0698801003567183,0.371245892167538,0.191,0.086,1
"Hnrnpa1",0.0699280932150355,0.465798561893986,0.138,0.052,1
"Akap8",0.0702061093470335,0.341589368730555,0.166,0.069,1
"Phka1",0.0702952449862558,-0.334413227740174,0.056,0.121,1
"U2af1",0.070441727490727,0.26389069890528,0.144,0.052,1
"Sema3c",0.0706135663340486,0.347424986278972,0.116,0.034,1
"Egr1",0.070800712913965,0.29708568485479,0.191,0.086,1
"Catspere2",0.0711724827628879,-0.498633013840054,0.047,0.103,1
"Wdr11",0.0711724827628879,-0.552882704505943,0.047,0.103,1
"Txnl1",0.071314631789957,0.286985641038581,0.232,0.121,1
"Wipf3",0.071518355831449,0.34313218921207,0.166,0.069,1
"Prox1",0.071719787452676,-0.573249387708502,0.056,0.121,1
"Tpp2",0.0717431161892504,0.475809404154131,0.16,0.069,1
"Lrpap1",0.0717577124741834,0.39168068950578,0.194,0.086,1
"Med15",0.0719759623897224,0.373556531853722,0.141,0.052,1
"Paip2",0.0721155423018221,0.335900485909434,0.31,0.172,1
"Nrg3",0.0726531444159562,-0.491282847832152,0.389,0.483,1
"Podxl2",0.0727486644640479,-0.631750821842328,0.223,0.293,1
"Pum1",0.0728757479876107,0.28248807170136,0.313,0.172,1
"Gm2516",0.0729594108965277,0.253382608661891,0.116,0.034,1
"Fam172a",0.0730135135584481,0.396908393095041,0.392,0.241,1
"Tle4",0.073283460834214,0.379798785102909,0.229,0.121,1
"Slc25a12",0.0733819382408981,0.35507879955223,0.235,0.121,1
"Map3k4",0.0737822411399974,0.287404221735503,0.141,0.052,1
"Pmm1",0.0739670408215422,0.516909908152608,0.135,0.052,1
"Chordc1",0.0740961732722799,0.360054952199828,0.163,0.069,1
"Samm50",0.0741250083064379,-0.59653011021082,0.072,0.138,1
"Homer1",0.0742579333458044,0.287861951387745,0.285,0.155,1
"Pphln1",0.0743259965355368,-0.467133510418448,0.047,0.103,1
"Atp5l",0.0743585918589302,0.258391894151983,0.144,0.052,1
"Bicral",0.0744007270982033,0.34055903139996,0.216,0.103,1
"Atp5j",0.0744788176690796,0.334374485456645,0.31,0.172,1
"Tasor",0.0747065256418808,0.341088525464861,0.216,0.103,1
"Brsk2",0.0747922979387102,-0.62980473091072,0.06,0.121,1
"Cblb",0.0750248769612501,-0.480995522510894,0.094,0.172,1
"Mapk8ip1",0.0752507347795803,0.296007324670853,0.113,0.034,1
"Bckdha",0.0754022026634502,-0.440436414117184,0.047,0.103,1
"Timm8b",0.0755158238323973,0.550995265708332,0.132,0.052,1
"4933406I18Rik",0.0756627667723869,0.427163256127719,0.113,0.034,1
"Mbp",0.075756864094054,0.498993098256861,0.138,0.052,1
"Zc3h12b",0.075806590830934,0.366966124167517,0.185,0.086,1
"Tcf12",0.0758983122810152,-0.317952507982826,0.517,0.569,1
"Ccdc30",0.0759451160496559,0.387130367196499,0.138,0.052,1
"Cystm1",0.0763229025587734,0.406939706063009,0.11,0.034,1
"Acadsb",0.0763672896336023,-0.706893868696587,0.1,0.172,1
"Marchf11",0.0764923542545917,0.314225562659451,0.113,0.034,1
"Snx13",0.0766124997322653,0.430339970965867,0.135,0.052,1
"Tuba4a",0.0766197145229663,0.38555915067197,0.232,0.121,1
"Cracdl",0.0768805371614255,0.330319682624134,0.163,0.069,1
"Wnk2",0.0771952704988492,-0.525968305274764,0.163,0.241,1
"Matk",0.0773293437216357,0.361984943863806,0.113,0.034,1
"Gm37298",0.0777581656182854,-0.491012849574299,0.072,0.138,1
"Set",0.0779624988840051,0.449572950075986,0.207,0.103,1
"Pkia",0.0781238165984958,0.366337907533635,0.207,0.103,1
"Nptn",0.0781835745263811,0.327618132929428,0.618,0.448,1
"Tm9sf4",0.0784287311414258,0.386524419023149,0.138,0.052,1
"Ndufa7",0.0784287311414258,0.358392025423472,0.138,0.052,1
"Cops8",0.0785488960017381,0.381429843853025,0.135,0.052,1
"Caml",0.0786665448785683,0.399320203515648,0.11,0.034,1
"Serpini1",0.0788363334339297,0.597199360904963,0.307,0.19,1
"Mbd5",0.079037987877725,0.390358489365218,0.483,0.328,1
"Brd3",0.0790989635542152,-0.637556820432816,0.088,0.155,1
"Fzd3",0.0791162755353845,0.444760114793949,0.21,0.103,1
"Sf3b6",0.0791983722572868,0.264881340940683,0.188,0.086,1
"Pou3f2",0.0792767379352999,-0.476038199556201,0.06,0.121,1
"Dnajc6",0.079403295658195,0.251222363405367,0.238,0.121,1
"Rpl37a",0.0797132836001632,0.327788448002285,0.238,0.121,1
"Iqgap1",0.079885172235478,0.271522503683708,0.113,0.034,1
"Shtn1",0.0799619222388613,-0.599283655892547,0.245,0.328,1
"B3galt1",0.0805901995786296,0.303158446583449,0.558,0.379,1
"Gsk3b",0.0806816950464317,0.304603179363371,0.455,0.293,1
"Hectd2os",0.0807522179452122,0.292907663012828,0.113,0.034,1
"Mink1",0.0810685416500298,0.377292895718096,0.11,0.034,1
"Rps19",0.0810708762674305,0.341006309384938,0.213,0.103,1
"Usp50",0.0811885978289867,0.281792487196762,0.113,0.034,1
"Dcps",0.0815508391147407,-0.398986468313561,0.047,0.103,1
"Spata7",0.0818418742015043,0.466291741679699,0.132,0.052,1
"Hcfc1r1",0.0824035760723182,0.397195537912454,0.11,0.034,1
"Rps14",0.0827193012077837,0.274922489417931,0.351,0.207,1
"Flna",0.0827960662159225,-0.771769412868926,0.063,0.121,1
"Npc2",0.082989205671467,-0.413328766678843,0.072,0.138,1
"Grid1",0.0830874795284169,0.373972894463814,0.21,0.103,1
"Ankle2",0.0837563796026475,0.369369296286949,0.11,0.034,1
"Banp",0.0837608333906592,0.287439695697316,0.16,0.069,1
"Irf2",0.0842112899512393,0.337419481505776,0.11,0.034,1
"Oxr1",0.0842737691221981,0.683723594858424,0.53,0.414,1
"Kcnc2",0.0846568315720441,0.605491389663367,0.411,0.293,1
"Clta",0.0846756093399268,0.344347211982609,0.263,0.138,1
"Romo1",0.0849805768985433,0.562775172931159,0.107,0.034,1
"Tcaf1",0.0851018364914749,0.305968249045887,0.339,0.207,1
"Lrfn2",0.0852234108066128,0.332478999103084,0.135,0.052,1
"Lcmt1",0.0855880299547367,0.386753014708226,0.11,0.034,1
"Asic2",0.0859769852121795,-0.408220257015645,0.495,0.328,1
"Ndufb7",0.0860763337641607,0.355751435365501,0.16,0.069,1
"Mblac2",0.0863847816219656,0.432324846898779,0.107,0.034,1
"Rsrp1",0.0868885686895853,-0.551579255550358,0.514,0.517,1
"Ube2d1",0.0870457386529566,0.441147068779634,0.154,0.069,1
"Sec11c",0.0872534452433801,0.397583095772188,0.16,0.069,1
"Rsrc2",0.0873640989386835,0.259814067430913,0.32,0.19,1
"Wdr7",0.0875235580833932,0.293614921885703,0.229,0.121,1
"Grm4",0.0878076669165775,0.294641304189671,0.107,0.034,1
"Ccz1",0.0881566947037855,0.393190734002192,0.132,0.052,1
"Serinc5",0.0881566947037855,0.342236084588663,0.132,0.052,1
"Rmdn3",0.0883785960006076,-0.599529077174551,0.05,0.103,1
"Dicer1",0.0884053469958977,0.350505246228756,0.135,0.052,1
"Akirin1",0.0885298305190259,-0.537212994397958,0.075,0.138,1
"Chchd2",0.0886620229724382,0.435953959411136,0.401,0.276,1
"Prepl",0.0887666469318523,0.428288479005726,0.107,0.034,1
"Srsf6",0.0887686210021021,0.320178492467106,0.157,0.069,1
"Pip4k2a",0.0888429697049469,0.28641639579371,0.16,0.069,1
"Chmp4b",0.0890314150791127,0.278087430742296,0.138,0.052,1
"Bcl2l1",0.0890734183267551,0.532339022931794,0.103,0.034,1
"Glmn",0.0892493956604264,0.352740549484084,0.107,0.034,1
"Ncoa3",0.0893484258750624,0.262004618104974,0.11,0.034,1
"Gria3",0.0896409740126437,0.306380331530382,0.417,0.276,1
"Fem1c",0.0897732025182311,-0.610468713073171,0.063,0.121,1
"Gm38505",0.0898350106774253,-0.759212388764485,0.561,0.569,1
"Lnpk",0.0900554190390017,-0.614111679860515,0.169,0.241,1
"Gm42616",0.0902210971302132,0.297377841909718,0.107,0.034,1
"Cisd1",0.0903726767909828,0.315981939900968,0.185,0.086,1
"Gigyf2",0.0904934069423858,0.275648777346414,0.251,0.138,1
"Akap13",0.0905932806585566,-0.351155217548108,0.06,0.121,1
"Atg13",0.0907101306353702,0.36040849175598,0.107,0.034,1
"Garem1",0.0907542812259651,0.292026997985679,0.185,0.086,1
"Snrnp70",0.0909880661490069,-0.326523734689553,0.571,0.621,1
"Zc3h7a",0.0912351449805874,0.352181424712849,0.132,0.052,1
"Slit3",0.0914055138750357,0.530834283070047,0.129,0.052,1
"Timm13",0.091694523406222,0.374886677463806,0.107,0.034,1
"Miat",0.0918409942642256,-0.816046683408534,0.119,0.19,1
"Sdccag8",0.0919041962236734,0.277496781723886,0.135,0.052,1
"Ldha",0.0919041962236734,0.293280404909389,0.135,0.052,1
"Chmp5",0.09219003449661,0.349969922207986,0.107,0.034,1
"Srpr",0.0922488718080148,0.371419346173172,0.157,0.069,1
"Azi2",0.0922550772739555,0.283349802528263,0.11,0.034,1
"Paf1",0.0926876236273578,0.306238308308834,0.107,0.034,1
"Phax",0.0926876236273578,0.330690931197876,0.107,0.034,1
"Ivns1abp",0.0930421505320616,0.4905670293911,0.172,0.086,1
"Ppp3cc",0.0930809438785868,0.333805327698177,0.204,0.103,1
"Reps2",0.0933347115241381,-0.473380335721301,0.135,0.207,1
"Wdpcp",0.0936892697418524,0.283338293263895,0.107,0.034,1
"Cnksr2",0.093982314542438,0.281153321700216,0.379,0.241,1
"Rhoq",0.0940741379303478,0.399549042961643,0.103,0.034,1
"Sgce",0.0941353256496977,-0.53782772096938,0.132,0.207,1
"Sirt2",0.0941933387461602,0.265949874438828,0.107,0.034,1
"Pfkp",0.0943025116526093,0.256705090061694,0.27,0.155,1
"Tomm20",0.0944213664372542,0.418894012022905,0.201,0.103,1
"Arpc4",0.094699579724438,0.271683281971119,0.107,0.034,1
"Gm26854",0.094699579724438,0.339614317244446,0.107,0.034,1
"Apc",0.0948773801227943,0.342625954989864,0.646,0.534,1
"Pola1",0.094966289160865,0.345923753493537,0.204,0.103,1
"Csnk1e",0.0950863441138819,0.312272314746708,0.182,0.086,1
"Rsl1d1",0.0952079986801038,0.323174168278783,0.107,0.034,1
"Rsbn1l",0.0953764787629157,0.40129669370467,0.201,0.103,1
"Cnih3",0.0956174858183482,0.332394980778467,0.103,0.034,1
"Neto2",0.095620690805116,0.268695898975879,0.229,0.121,1
"Nnat",0.0956670852572892,-0.668212408732895,0.27,0.345,1
"Mrpl30",0.0962313945222347,0.406809109946232,0.107,0.034,1
"Zfp697",0.0962313945222347,0.295310174929324,0.107,0.034,1
"Ptk2",0.0966308704858312,0.26599874216294,0.426,0.276,1
"Ckmt1",0.0966575262333762,0.377893073175013,0.103,0.034,1
"Camkk2",0.096713044720954,0.298822556840814,0.132,0.052,1
"Egfr",0.0971412031826728,-0.678769341228518,0.05,0.103,1
"Gm4117",0.0971412031826728,-0.559518845340631,0.05,0.103,1
"Smc1a",0.0972055301638561,0.272719925016587,0.207,0.103,1
"Dnajc19",0.0977829730228162,0.306588312367038,0.107,0.034,1
"Mob3b",0.0978167180741431,-0.368784191191955,0.141,0.224,1
"Tnpo3",0.0978333959639483,-0.543143270196447,0.163,0.241,1
"Cbarp",0.0981227799307088,0.282233657675837,0.132,0.052,1
"Trmt1l",0.0983045857383952,0.301605953628313,0.107,0.034,1
"Tmem117",0.0983681362166402,0.300532140754802,0.179,0.086,1
"2410002F23Rik",0.098447857177454,-0.52368534424086,0.05,0.103,1
"Chd7",0.0985247401766489,-0.506950916869124,0.232,0.31,1
"Prr14",0.0987648948719162,0.379306531185799,0.103,0.034,1
"Fhl1",0.0987649693516361,0.333122400687547,0.103,0.034,1
"Pogz",0.098799219903451,0.365873913901362,0.176,0.086,1
"Rps4x",0.098812557231777,0.250848133382487,0.257,0.138,1
"Zcchc17",0.0988400156152337,0.406612556418058,0.154,0.069,1
"D8Ertd738e",0.0992975024065278,0.329452873971957,0.103,0.034,1
"Kcnip3",0.0997029588805745,-0.4336988849516,0.075,0.138,1
"Rpl13",0.0997063330584643,0.252273289703737,0.376,0.224,1
"Usp11",0.0997591069047124,0.255846812821002,0.157,0.069,1
"Tenm2",0.100089226092702,0.328581912618631,0.451,0.31,1
"Mvb12b",0.100130039080221,0.331707504585276,0.226,0.121,1
"Gm13944",0.100354878602633,0.363488867882051,0.223,0.121,1
"Serf2",0.100908858521251,0.391288889831067,0.103,0.034,1
"Akr1a1",0.101074584513254,0.406032920791782,0.154,0.069,1
"Zfp182",0.101520742333185,0.258908547983037,0.16,0.069,1
"Arcn1",0.101767736632906,-0.542160412329601,0.107,0.172,1
"Osbp",0.101994622000036,0.319926626873064,0.103,0.034,1
"Ccdc85b",0.102996825286749,0.342930373335131,0.179,0.086,1
"9130019P16Rik",0.10308966405881,0.412974981950866,0.103,0.034,1
"Unc5c",0.103224180337656,0.684324136007714,0.147,0.069,1
"Cdh18",0.103391060352637,0.451790949236153,0.298,0.172,1
"Rasgef1b",0.103580949870808,-0.48215884085329,0.063,0.121,1
"Ints6",0.103581232881,-0.754615315412713,0.141,0.207,1
"Gpbp1",0.103763105713282,-0.464383115693369,0.103,0.172,1
"Parva",0.103815275910129,-0.425358372243081,0.05,0.103,1
"Pi4ka",0.104409258316313,-0.255866369003938,0.326,0.172,1
"Rnft1",0.104509726946727,-0.536015995893645,0.078,0.138,1
"Tatdn1",0.104516770543958,-0.327599226194166,0.063,0.121,1
"Shprh",0.104530908505481,0.257458929540452,0.201,0.103,1
"Ppip5k2",0.10467701854016,-0.621040055946656,0.135,0.207,1
"Paip2b",0.104749732494544,0.342822244565234,0.103,0.034,1
"Pstk",0.104749732494544,0.331931545487015,0.103,0.034,1
"Smad3",0.104749732494544,0.285574162607458,0.103,0.034,1
"Stk32c",0.104920235953502,0.253550384759675,0.132,0.052,1
"Erc1",0.105134208054076,-0.533619604575097,0.135,0.207,1
"Hsd17b12",0.105759965077307,0.371273245960845,0.129,0.052,1
"Kctd17",0.105868186879804,0.305881884733541,0.103,0.034,1
"Gapvd1",0.10609594050025,0.334308924554425,0.204,0.103,1
"Man2c1os",0.106522990335707,-0.538499595114352,0.078,0.138,1
"Plppr2",0.106777186728197,0.311999852488906,0.129,0.052,1
"Lzts1",0.107487582429018,0.415793283736392,0.147,0.069,1
"Flot2",0.107568017454128,-0.586598436184531,0.066,0.121,1
"Abi1",0.107758264316909,0.278256762382357,0.232,0.121,1
"Spon1",0.107896651346177,-0.643626761125774,0.248,0.328,1
"Nsun6",0.108133497846394,0.263442445169432,0.103,0.034,1
"Psmd7",0.108327050775855,0.367486770840922,0.176,0.086,1
"Gm44560",0.108496173950209,0.296119808834225,0.15,0.069,1
"Tmem165",0.108496228984464,0.383687595023094,0.15,0.069,1
"Lrp8",0.108652899720447,-0.818724179564273,0.197,0.259,1
"Orc4",0.108834394084392,0.412690857027128,0.172,0.086,1
"A330023F24Rik",0.108999634413729,0.264809015695956,0.313,0.19,1
"Ctnna1",0.109412914579636,-0.429911347069669,0.05,0.103,1
"Ppp1r2",0.109586023758538,0.300380012686291,0.179,0.086,1
"Gm15398",0.109686337696091,0.555904510645048,0.238,0.138,1
"Sipa1l1",0.109908767186068,0.302218379840076,0.539,0.379,1
"2310033P09Rik",0.110110612674951,-0.621907689811131,0.066,0.121,1
"Gm26930",0.110848931397756,-0.311224719052951,0.05,0.103,1
"Man1a2",0.110913585577982,0.293394658646975,0.223,0.121,1
"Cabp1",0.11160320414737,0.270956350654933,0.103,0.034,1
"Caln1",0.112048709373979,-0.663425408572477,0.066,0.121,1
"Mark2",0.112282352480169,-0.702113487086061,0.172,0.241,1
"Ice1",0.112428497623537,0.308667838933904,0.176,0.086,1
"Lin52",0.112511190995299,0.299881446108006,0.129,0.052,1
"Slc8a3",0.112791355992507,0.253540635891026,0.263,0.155,1
"Ewsr1",0.112813095495541,0.298137303176903,0.373,0.241,1
"Tafa1",0.113201340995728,-0.371936065283611,0.075,0.138,1
"Zcrb1",0.113606148320132,0.351516325764044,0.197,0.103,1
"Tgs1",0.113969808863343,0.343216585111961,0.125,0.052,1
"Dnm2",0.114182293895676,-0.565352459336161,0.229,0.293,1
"Megf9",0.114672136761948,-0.39263302232509,0.166,0.241,1
"Prpf4b",0.115200415760268,-0.305645104828987,0.596,0.603,1
"Tsc22d1",0.115699889478753,0.291121700502115,0.439,0.293,1
"Pnma8c",0.115967663873116,0.285804213066356,0.122,0.052,1
"E2f3",0.116005341940157,-0.607602490418798,0.066,0.121,1
"Tmem223",0.116158104113144,0.27730308964223,0.125,0.052,1
"Sema6d",0.116675992485326,-0.539047691130441,0.251,0.328,1
"Ercc6l2",0.11698710927529,0.253245131095631,0.125,0.052,1
"Arpc1a",0.117128214133449,0.256364506781497,0.176,0.086,1
"Trrap",0.117264564264151,0.250915574240611,0.125,0.052,1
"Dnajb4",0.117429084549132,0.292143158919823,0.15,0.069,1
"Elavl3",0.117510395097356,0.25353710484142,0.285,0.172,1
"Smurf2",0.117524118185365,-0.60844122298084,0.16,0.224,1
"Tmem178b",0.117672032327461,-0.532951557425291,0.373,0.431,1
"Pi4kb",0.117676811102054,0.264002619509877,0.1,0.034,1
"H3f3b",0.117962599107682,0.297563661074929,0.533,0.397,1
"Cdadc1",0.118379281355598,0.281884725225531,0.125,0.052,1
"Ttc7b",0.118565702839738,0.277410524374439,0.197,0.103,1
"Fam174a",0.11891895727371,0.261560062147867,0.1,0.034,1
"Epn1",0.119058594227397,0.322956510979709,0.122,0.052,1
"Mlec",0.119163050848049,-0.451606656654558,0.053,0.103,1
"Fsd1l",0.119396018357648,-0.630298150836557,0.097,0.155,1
"Ctsd",0.119502155804167,0.303660145842943,0.125,0.052,1
"Smarcd1",0.120431628072068,0.396418167560317,0.191,0.103,1
"Abl2",0.120783903484325,0.269992324792372,0.288,0.172,1
"Ubxn6",0.120801418920144,0.2651563586955,0.1,0.034,1
"Enpp5",0.121021273347349,-0.709785537014376,0.11,0.172,1
"B230209E15Rik",0.121202436263411,0.298801613450797,0.125,0.052,1
"Bmpr1a",0.121229189449625,0.394292849225066,0.188,0.103,1
"Rars2",0.121635382969011,0.325226235529468,0.122,0.052,1
"Atf4",0.121647886030977,0.37355187436083,0.147,0.069,1
"Nckap1",0.121668740465099,0.271946109548218,0.37,0.241,1
"Iars",0.122069293811743,-0.612369385932598,0.082,0.138,1
"Pag1",0.12303579252015,-0.62087358029222,0.157,0.224,1
"B230219D22Rik",0.123380443608731,0.394123778928235,0.194,0.103,1
"Nyap2",0.123546200085617,0.447480190219103,0.257,0.155,1
"Ttc4",0.123962153982733,0.287964931353358,0.122,0.052,1
"Lrp8os2",0.124491125490746,-0.444239297957837,0.053,0.103,1
"Klhdc10",0.124675133459668,-0.579927349164866,0.313,0.362,1
"Ecpas",0.124832109364671,0.260928280416835,0.329,0.207,1
"Wipi2",0.125284491790999,-0.604860128634778,0.082,0.138,1
"Ireb2",0.125406526855728,0.3191734200452,0.147,0.069,1
"Atp6v0d1",0.125730039111731,0.342382993017804,0.122,0.052,1
"Ctbp1",0.125785438406998,-0.744540650573837,0.069,0.121,1
"Zfp280c",0.126014889772994,-0.561008964678783,0.141,0.207,1
"Kirrel3",0.12740194805071,-0.799924228147724,0.514,0.552,1
"Rbx1",0.127720584794299,0.313608151164493,0.194,0.103,1
"Cdh20",0.127873241758247,0.37204992899555,0.295,0.19,1
"Itch",0.128204383494816,0.250048189784751,0.329,0.207,1
"Ccser2",0.12873333079317,0.307029367545671,0.172,0.086,1
"Slitrk4",0.128785289577867,0.323770349575626,0.144,0.069,1
"Eef1b2",0.129193393149469,0.251347913042271,0.194,0.103,1
"Kpna6",0.129204371496176,-0.447345656430016,0.053,0.103,1
"Fbxo28",0.129396989344528,-0.432011073231201,0.078,0.138,1
"Gtf2i",0.129652916728938,0.262184191965693,0.31,0.19,1
"Zcchc14",0.129687250034652,0.294140552140206,0.194,0.103,1
"Setd3",0.130525485528515,0.445058274007801,0.141,0.069,1
"Mrps28",0.130565627926189,-0.443397630928157,0.082,0.138,1
"Mbip",0.131764862770809,0.273264067536386,0.122,0.052,1
"Canx",0.132501294844825,0.275357049814106,0.26,0.155,1
"Pde4b",0.133233556807654,0.432270136380581,0.345,0.241,1
"Ugp2",0.133368115215245,-0.527766189748022,0.097,0.155,1
"Mrps14",0.133618414359703,0.277314439249961,0.122,0.052,1
"AW554918",0.133666730537142,0.263470545893783,0.238,0.138,1
"Arl6ip5",0.134764107033001,0.374473602624092,0.144,0.069,1
"Tmbim6",0.135242686808828,0.397731705473531,0.207,0.121,1
"Srp9",0.135422740605362,0.345326691100049,0.119,0.052,1
"Higd2a",0.137980474125671,0.323049603642759,0.144,0.069,1
"Trim2",0.138166357156119,-0.42837792561838,0.561,0.552,1
"Tet2",0.138243686585862,0.288430805727347,0.166,0.086,1
"Wdr47",0.138549723668982,0.275725762862905,0.191,0.103,1
"Cyb5b",0.138809090754495,-0.440382042478822,0.082,0.138,1
"Ppp1r13b",0.139291893551367,0.281090851081252,0.188,0.103,1
"Slc25a23",0.140356594547793,0.264328840678355,0.144,0.069,1
"Gm26871",0.141872506093476,-0.776027773394801,0.113,0.172,1
"Smc3",0.142695577644187,0.385216359973548,0.245,0.155,1
"Zfc3h1",0.143592495977626,0.288975839291405,0.166,0.086,1
"Cpsf6",0.143792533755504,-0.414263163884458,0.276,0.345,1
"Chn2",0.143973254960318,0.259786482271568,0.21,0.121,1
"Ankrd6",0.144169132956864,0.348929806480004,0.342,0.224,1
"Ndufs4",0.144865279114628,0.326113400463586,0.229,0.138,1
"Fam135a",0.145602715676851,0.260843011027226,0.166,0.086,1
"Mnat1",0.145849925925903,0.346715335993039,0.163,0.086,1
"Tmem63b",0.145870207201579,0.275768496444159,0.119,0.052,1
"Cd99l2",0.146850026530049,-0.29464738930097,0.066,0.121,1
"Cwc22",0.147876231791872,-0.504018482114344,0.056,0.103,1
"Lims1",0.148032788041994,0.271050516595995,0.232,0.138,1
"Cplx1",0.148057275155749,0.386813249971388,0.138,0.069,1
"Mpdz",0.1485760701228,-0.802283518084832,0.1,0.155,1
"Clu",0.148616353553961,0.412034589277672,0.157,0.086,1
"Pcnx2",0.149006931696564,-0.525683336989072,0.069,0.121,1
"Shisa9",0.149067846667555,0.393489313520654,0.188,0.103,1
"Siah1a",0.149258409999571,0.285377676042994,0.119,0.052,1
"Cdk19",0.149439434666954,0.290128522722233,0.207,0.121,1
"Drap1",0.150418017333473,0.2986167210511,0.141,0.069,1
"Rbbp5",0.150494258460259,-0.394026030857284,0.056,0.103,1
"Zfhx2",0.150735040271597,0.281685435257549,0.229,0.138,1
"Mgrn1",0.152012098140292,-0.526602767880369,0.1,0.155,1
"Ralyl",0.152157236909631,-0.687229259402355,0.323,0.379,1
"Cox10",0.152259143695773,-0.536246576246511,0.056,0.103,1
"Smarcc2",0.152440349431297,0.304619171871537,0.188,0.103,1
"Cox14",0.1527497382689,0.311238122530634,0.116,0.052,1
"Akap11",0.152946730586899,0.259622023724646,0.266,0.172,1
"Zfp74",0.153040813594971,-0.452516739202744,0.069,0.121,1
"Dop1b",0.153147473446993,-0.452465676703908,0.056,0.103,1
"Alkbh1",0.153857467133294,-0.427136007692567,0.069,0.121,1
"Ssbp3",0.155157500662775,0.366859369823927,0.138,0.069,1
"Psmb1",0.155725507720149,0.287974775569676,0.21,0.121,1
"Pde1a",0.155867861207455,0.451307541314077,0.226,0.138,1
"Cdh6",0.156816600109345,-0.587979612939209,0.113,0.172,1
"Polr2e",0.157436086556187,-0.604841787613432,0.072,0.121,1
"Syt13",0.157635116245495,-0.54497762795273,0.1,0.155,1
"Tmem147",0.158486596760985,0.362693613728817,0.113,0.052,1
"Pgls",0.158560429872617,-0.49253835462024,0.056,0.103,1
"Lrrc4c",0.158861554765886,-0.521885158162213,0.357,0.431,1
"Gm49797",0.159098195175583,0.26959819412605,0.163,0.086,1
"Frrs1l",0.159865891900715,-0.518525538997144,0.182,0.241,1
"Gm17750",0.16176448457994,-0.40470657652756,0.154,0.224,1
"Xpo7",0.162737519876374,-0.603303167644764,0.241,0.293,1
"Tmod3",0.162922461863437,0.31022313755103,0.113,0.052,1
"Dctn2",0.164153153034183,0.286959649656583,0.135,0.069,1
"Cntn5",0.16473831004687,-0.814546619962007,0.298,0.345,1
"Ipo9",0.165067948998876,0.288057544185785,0.116,0.052,1
"Gm48700",0.16579720194822,-0.518946794838719,0.072,0.121,1
"Kcnd3",0.165813247971881,-0.488983878805998,0.376,0.431,1
"Psma5",0.166302046304251,-0.579672655091643,0.163,0.224,1
"Nop10",0.16631025375766,0.370315010735374,0.113,0.052,1
"4930517O19Rik",0.166658005693787,0.322480268074552,0.251,0.155,1
"Abat",0.168550050408969,-0.386403954860366,0.182,0.241,1
"Lncppara",0.169153559218774,-0.349843847327214,0.339,0.397,1
"Stk38",0.169305881403363,-0.46523257138476,0.147,0.207,1
"1810013L24Rik",0.169426229745325,0.277731004656916,0.138,0.069,1
"Bmpr2",0.169666204670177,0.287073140529684,0.273,0.172,1
"Gm20658",0.16975929146834,0.308100857724349,0.135,0.069,1
"Pin1",0.169916139081794,-0.450581554011176,0.085,0.138,1
"Ip6k2",0.169949567855598,-0.353830572100076,0.147,0.207,1
"Tox3",0.170586904561255,0.295736895424888,0.248,0.155,1
"Rab24",0.170611271992216,0.376983226055736,0.11,0.052,1
"Exoc4",0.170875418506303,0.270243629574123,0.42,0.293,1
"Mrps24",0.170971755856644,-0.557881975332593,0.072,0.121,1
"Nptxr",0.171182999419729,0.318803423519134,0.135,0.069,1
"Asap1",0.171257735095704,-0.668247661965366,0.367,0.397,1
"Slc6a1",0.171388712715551,-0.48119760984854,0.216,0.276,1
"Cnot1",0.172421365784985,-0.501350937833561,0.182,0.241,1
"Kcnip2",0.172723213343785,-0.621591689122209,0.072,0.121,1
"Col11a1",0.172725122191296,-0.326291206696374,0.056,0.103,1
"Rps28",0.173039001882206,0.314794116856045,0.201,0.121,1
"Btrc",0.173070684604643,-0.551674736017574,0.257,0.293,1
"Mindy2",0.173442184859983,0.349825864964783,0.157,0.086,1
"Ndfip1",0.173681512061846,0.259962674865343,0.639,0.466,1
"Phrf1",0.173745417494346,-0.496755603046227,0.088,0.138,1
"Fer",0.173949287316276,0.311033305158475,0.201,0.121,1
"Cyfip1",0.174558365637662,0.271981265519069,0.179,0.103,1
"Eif2s1",0.175412496158546,0.478771350762833,0.107,0.052,1
"Rybp",0.176791724173873,0.301315832555605,0.113,0.052,1
"Ncoa1",0.177080846367116,-0.469929209112119,0.42,0.431,1
"Mgat4c",0.1773807312317,0.778435674440391,0.276,0.19,1
"Osbpl11",0.178021007571013,-0.477179750173871,0.06,0.103,1
"Cracd",0.178117236269659,-0.57835469288552,0.313,0.362,1
"AI480526",0.178570578636885,0.329432661943079,0.11,0.052,1
"Cpeb2",0.179001267390795,-0.619189947359604,0.06,0.103,1
"Plxdc2",0.17911517496157,0.429727084769677,0.16,0.086,1
"Cask",0.180316954580768,0.293345809552052,0.514,0.379,1
"Adar",0.180415704379119,0.39582203161384,0.15,0.086,1
"Exosc1",0.180973820503185,-0.520371277375725,0.06,0.103,1
"Gm48747",0.181805353528032,0.27687426090778,0.132,0.069,1
"Sdk2",0.182876184864464,-0.843349013308586,0.285,0.328,1
"Acbd5",0.183774558132553,0.271752452392667,0.157,0.086,1
"Eef2k",0.183962842363769,-0.449660878733526,0.06,0.103,1
"Pde10a",0.184000279749701,0.304484206612628,0.423,0.293,1
"Hmgxb4",0.184474423762173,0.424415281860318,0.107,0.052,1
"Cdh4",0.185022849836098,0.341595169566584,0.179,0.103,1
"Mrps26",0.185195574275607,-0.546737068462426,0.103,0.155,1
"Ndrg2",0.185470859734336,-0.541416573006078,0.06,0.103,1
"Sox11",0.185867872401726,0.304517920313514,0.182,0.103,1
"Slc25a51",0.185992288303632,-0.657230411078985,0.103,0.155,1
"Mir6236",0.186467238258396,-0.614240671339966,0.248,0.293,1
"Gdap1",0.186611426526256,-0.399851621876647,0.144,0.207,1
"Ssrp1",0.186988266028866,-0.475118608918896,0.06,0.103,1
"Nrbp2",0.188155559818011,-0.429011419721149,0.072,0.121,1
"Sel1l3",0.188431699668899,-0.479285505313447,0.085,0.138,1
"Cep126",0.18874830150211,-0.581286381662661,0.075,0.121,1
"Lrp1b",0.189317408408734,0.674915262378038,0.602,0.552,1
"Rps17",0.189744258134192,0.280947556974028,0.179,0.103,1
"4930532I03Rik",0.189859892814734,0.266304167425114,0.204,0.121,1
"Eno1",0.189998912756916,0.281167845565098,0.154,0.086,1
"Hdac9",0.190259410718175,0.335649593454377,0.646,0.534,1
"Slc2a13",0.19070070437508,-0.947053650135433,0.154,0.207,1
"E230029C05Rik",0.191538175822653,-0.622183599705274,0.075,0.121,1
"Nbeal1",0.191636523991688,-0.576066891500788,0.138,0.19,1
"Ppp2r2d",0.191803098137543,0.327753452624472,0.132,0.069,1
"Zfp609",0.191860116971632,0.310032411561817,0.238,0.155,1
"Prdx1",0.191875011449403,0.28837050534738,0.11,0.052,1
"Ezh1",0.192474842400662,-0.55444541138198,0.075,0.121,1
"Ppp1r10",0.192922712424287,-0.503912543590832,0.135,0.19,1
"Pfn1",0.193009130206784,0.392766867484731,0.107,0.052,1
"Smyd3",0.194364069176013,-0.453748126935025,0.288,0.328,1
"Rbbp8",0.19523545313172,-0.540382756633619,0.06,0.103,1
"Cnot3",0.195354824268142,0.333634668428609,0.169,0.103,1
"Gm26672",0.196740072035289,-0.543235092522384,0.191,0.241,1
"Tyro3",0.197383719016684,0.281836158629051,0.107,0.052,1
"Rev3l",0.198795163630936,-0.532337880034561,0.401,0.414,1
"Herc1",0.199229508598079,-0.573737568642357,0.354,0.379,1
"Itpka",0.199501593537128,0.361705994555206,0.129,0.069,1
"Agk",0.200043065715813,0.317546620887137,0.107,0.052,1
"Oaz1",0.20035635194672,0.253173542879486,0.345,0.224,1
"Gramd4",0.200523613929864,-0.339330513992923,0.06,0.103,1
"Tomm5",0.200769155033235,-0.465606892497921,0.103,0.155,1
"Mtss1",0.201374460353911,-0.655420944232058,0.194,0.241,1
"Zfp266",0.201704354647993,-0.558754924659235,0.194,0.241,1
"Sgms1",0.204533288310641,0.311924142663099,0.107,0.052,1
"Nisch",0.205672940798511,-0.434363449190335,0.304,0.345,1
"Wdr12",0.205915565248643,-0.334530705887375,0.06,0.103,1
"Metap1d",0.208305412532133,-0.581073837416024,0.185,0.241,1
"Psma4",0.208596044867494,0.297622414345829,0.172,0.103,1
"Ube2e1",0.208872656237932,-0.599094652638222,0.141,0.19,1
"Mast2",0.209075906748792,-0.346364354603412,0.251,0.31,1
"Asxl1",0.210190315722936,-0.34767325441952,0.179,0.241,1
"Ssr2",0.210915857406922,-0.617317151353293,0.075,0.121,1
"Edrf1",0.210955397762096,-0.539170589598153,0.063,0.103,1
"Nae1",0.211869382031481,0.258209352311342,0.107,0.052,1
"Adamtsl1",0.212662946417786,0.340191449018929,0.15,0.086,1
"Npas3",0.21277632948598,-1.38446185548569,0.107,0.155,1
"Tnr",0.213360150013841,0.34037288617348,0.219,0.138,1
"Fbxl16",0.213500707940722,0.36818907534017,0.125,0.069,1
"Heatr3",0.213940676566088,-0.439306707799211,0.075,0.121,1
"Ubc",0.214726739647131,-0.457922220416315,0.248,0.293,1
"Tcf3",0.215340046191284,-0.510480672392811,0.063,0.103,1
"Sms",0.215429760337483,0.262638876150186,0.129,0.069,1
"Fxyd7",0.215607834991866,0.275709248028136,0.107,0.052,1
"Mtpn",0.215858900942347,-0.480057000952917,0.141,0.19,1
"Zfp672",0.216103135063037,0.315982104367921,0.103,0.052,1
"Phf12",0.216645416871412,-0.293954523448358,0.16,0.086,1
"Letm2",0.219085718765481,-0.563871239405607,0.078,0.121,1
"Tra2b",0.219857873254774,-0.586094450452187,0.21,0.259,1
"Fbrsl1",0.220117705090388,-0.482871324822634,0.122,0.172,1
"Ctcf",0.220172973208532,0.340772612909016,0.21,0.138,1
"Slc30a5",0.220825685028394,-0.413606147768428,0.091,0.138,1
"Nipal3",0.220912696586416,-0.514194860566531,0.063,0.103,1
"Gm11508",0.220912696586416,-0.463828386289799,0.063,0.103,1
"Gab2",0.221441067853652,-0.387598103802549,0.154,0.207,1
"Tet1",0.222039523590504,-0.636811077187001,0.063,0.103,1
"Smc5",0.222994041011025,-0.602318390966956,0.16,0.207,1
"Snapc1",0.223170461265033,-0.413318254395596,0.063,0.103,1
"Selenoi",0.223709600364532,-0.39857004547502,0.091,0.138,1
"Lysmd4",0.22405838523833,0.301815970199289,0.232,0.155,1
"Wnk3",0.224059470923223,0.361474853171639,0.125,0.069,1
"A230057D06Rik",0.224118064506927,-0.563235306612375,0.514,0.483,1
"Iqce",0.224305514512554,-0.415126422418809,0.063,0.103,1
"Bdp1",0.224544108232621,0.275432102152842,0.172,0.103,1
"Naa40",0.225299176412103,-0.34066970864864,0.075,0.121,1
"Pacs1",0.226498445887574,-0.407396792943366,0.157,0.207,1
"Top3b",0.226587987059008,-0.439893998043559,0.063,0.103,1
"Bcap29",0.22829589918292,-0.55919888166055,0.094,0.138,1
"Unc13c",0.228336782398457,0.712478882048192,0.1,0.052,1
"Gm21798",0.229216530845319,-0.306930812911136,0.257,0.155,1
"Zkscan2",0.230042682031761,-0.384979869609009,0.063,0.103,1
"Nek1",0.230238172086102,-0.613351452739551,0.094,0.138,1
"Cntn3",0.230352775922473,0.459553758288066,0.1,0.052,1
"Kif21a",0.231156538171087,-0.566372001668069,0.266,0.31,1
"Rpl19",0.231733855490602,-0.257323998302469,0.448,0.466,1
"Frmd5",0.23216832614218,0.313571700844933,0.279,0.19,1
"Fut8",0.23252939143508,-0.771054114214023,0.232,0.259,1
"8030462N17Rik",0.236230680538424,-0.572221144818247,0.125,0.172,1
"Tubb2b",0.236517668005758,-0.4485316884018,0.091,0.138,1
"Ctps2",0.237064073980438,-0.492538850109009,0.063,0.103,1
"Plcb4",0.237206052653945,-0.400991117061415,0.298,0.345,1
"Cald1",0.237523954900572,-0.482970832000175,0.091,0.138,1
"Gm49001",0.237627560914977,-0.284126412282008,0.075,0.121,1
"Gad2",0.238040943887759,0.300694573797819,0.451,0.345,1
"Frmpd4",0.23887265980682,-0.663829055036516,0.483,0.345,1
"Camk2d",0.239774757209397,0.289273551947445,0.282,0.207,1
"Ei24",0.241101479005787,-0.564297244155202,0.125,0.172,1
"Rhobtb3",0.241532019327475,-0.483877384884141,0.11,0.155,1
"Ltn1",0.241666987871721,0.288536337786082,0.1,0.052,1
"Kcnq3",0.241668330967023,0.25892013884135,0.238,0.155,1
"Rpp21",0.242714513433012,0.270805834660174,0.1,0.052,1
"Eif4h",0.243024630218956,-0.468555771767912,0.176,0.224,1
"Clasrp",0.243029865990089,-0.411661352675587,0.063,0.103,1
"Plppr3",0.244909356740476,-0.327043024405952,0.138,0.19,1
"Hs2st1",0.244962590065604,-0.336669326497493,0.182,0.103,1
"3110056K07Rik",0.245876651624651,0.264476247019116,0.1,0.052,1
"Cacna1b",0.249050997492992,-0.609779479884908,0.163,0.207,1
"Dcaf7",0.250137458969163,0.307463091225381,0.141,0.086,1
"Grina",0.251246291833963,-0.532007532899098,0.216,0.259,1
"Sos2",0.251605604984227,-0.684432624989584,0.147,0.19,1
"Dclk2",0.253589697870374,-0.303220081392795,0.414,0.448,1
"Tmem132b",0.254269577404062,-0.491616581835975,0.097,0.138,1
"Fbxo33",0.254958059386929,-0.417260424278828,0.066,0.103,1
"Fscn1",0.255297154699885,-0.523589512007721,0.113,0.155,1
"Gm12709",0.255511978902216,-0.374080605285789,0.094,0.138,1
"4833439L19Rik",0.256183115907754,-0.431120857756949,0.066,0.103,1
"Avl9",0.256794622537855,-0.383601715735536,0.138,0.19,1
"Caskin1",0.257412121826837,-0.490186352450641,0.066,0.103,1
"Cep57",0.257412255148461,-0.402568482754051,0.066,0.103,1
"Gnl3l",0.257534577154117,0.340038897880844,0.141,0.086,1
"Tmpo",0.259400005456573,-0.417090102664245,0.135,0.19,1
"Cops4",0.262237275945304,-0.79580565449635,0.1,0.138,1
"Glp2r",0.263556701709069,0.259561509717677,0.21,0.138,1
"Pde4dip",0.26378119819363,-0.357055386854397,0.514,0.5,1
"Gbf1",0.26378767876887,-0.53856836553622,0.241,0.276,1
"G630016G05Rik",0.265986817918342,0.325631868224824,0.226,0.155,1
"Srsf11",0.266099364078799,-0.442828539230544,0.329,0.345,1
"Prdm2",0.266186230324379,0.345386197522242,0.138,0.086,1
"Nav1",0.266377328737208,-0.537781934126157,0.292,0.328,1
"Rubcn",0.266505415877007,-0.534623332444722,0.132,0.172,1
"Amer2",0.267442801749263,-0.535306358593228,0.082,0.121,1
"Kif5a",0.267977915982243,-0.528750684113293,0.16,0.207,1
"Abcd3",0.268658708617972,-0.352528132474778,0.066,0.103,1
"E4f1",0.269293121729704,-0.279798007553958,0.066,0.103,1
"Uhrf2",0.270464012481854,-0.478250764814805,0.213,0.259,1
"Tmem178",0.270637702780917,-0.37190539554696,0.078,0.121,1
"Ppm1e",0.270759866771541,0.299950976442436,0.63,0.534,1
"Brwd3",0.27170387435332,-0.483689764597491,0.097,0.138,1
"Cdkn1b",0.271841592034128,-0.357945979336493,0.066,0.103,1
"Arf4",0.272592883390211,0.261375285337417,0.119,0.069,1
"Zmym4",0.272856838031729,-0.433789414718621,0.357,0.379,1
"Ramp1",0.273763882770025,-0.407698615512726,0.066,0.103,1
"Acsl4",0.273871444597843,-0.562655400915768,0.097,0.138,1
"Fam149b",0.274189542902314,-0.291059785635788,0.078,0.121,1
"Dleu2",0.274907393350368,-0.422412847955129,0.361,0.379,1
"ENSMUSG00000120369",0.276181321580904,-0.31278408358866,0.11,0.155,1
"Abce1",0.277144905468966,-0.50918681215546,0.097,0.138,1
"Polr3d",0.277636008628976,-0.366077131680196,0.066,0.103,1
"Calb2",0.278628633975214,-0.713788270278965,0.144,0.19,1
"AI593442",0.278739145975435,-0.46979859964226,0.094,0.138,1
"Slc7a14",0.278934965815849,-0.657632596029613,0.066,0.103,1
"Taldo1",0.279142096160981,-0.399652478079245,0.082,0.121,1
"Pitpnc1",0.279301566331763,-0.622108987799989,0.11,0.155,1
"Rxylt1",0.280179777167365,-0.336612501594109,0.078,0.121,1
"Dcc",0.282357882830599,-0.538372520668671,0.505,0.5,1
"Kras",0.283317539007533,0.26722674786809,0.16,0.103,1
"Kifap3",0.284721649928933,-0.458845433666966,0.408,0.397,1
"Nasp",0.285723140715892,-0.341198307397829,0.129,0.172,1
"Ankrd17",0.286736894591088,-0.438720579770781,0.342,0.362,1
"Mboat2",0.287176013833983,-0.362854949876472,0.157,0.207,1
"Ezh2",0.288536586261852,-0.357452893763588,0.144,0.19,1
"Dbn1",0.291059045093588,-0.478075080469787,0.166,0.207,1
"Tmem47",0.292151846202378,-0.344091774622335,0.066,0.103,1
"Dpysl3",0.293073399612839,0.27725141436636,0.197,0.138,1
"Cox6a1",0.293342685252299,0.264341147359747,0.223,0.155,1
"Npy",0.294038131300653,-0.756406981267469,0.257,0.293,1
"Upf2",0.294369786668487,-0.444326008585942,0.204,0.241,1
"Rngtt",0.294408343855481,-0.646073939987514,0.194,0.224,1
"Sec16a",0.296197643790164,-0.290407828373114,0.066,0.103,1
"Smim4",0.298344157738045,-0.581631594168762,0.085,0.121,1
"Xkr6",0.29857548324158,-0.378013550154011,0.082,0.121,1
"Gucy1a2",0.298619621804406,-0.459371608501871,0.339,0.345,1
"Tshz2",0.299362837910017,0.715666538613943,0.113,0.069,1
"Rps20",0.300202144941977,0.271836256552773,0.201,0.138,1
"Slc35f1",0.300594444144844,-0.328266405018798,0.16,0.207,1
"Pomp",0.300974740571098,0.28207125769204,0.157,0.103,1
"Vdac3",0.301093942391243,-0.499891346143183,0.185,0.224,1
"Dnajc7",0.302257272697598,-0.575174330353417,0.15,0.19,1
"Plpbp",0.302317467052688,-0.328689659918628,0.082,0.121,1
"Xrn1",0.303134377196955,-0.576945747633382,0.201,0.241,1
"Nabp2",0.303270172552912,-0.496010789395512,0.085,0.121,1
"Purg",0.30332449057843,-0.726549004646852,0.251,0.276,1
"Cdca7l",0.303950488204968,-0.596791710446813,0.1,0.138,1
"Stard9",0.304329585092164,-0.412537631341107,0.069,0.103,1
"Gpatch8",0.30558737128084,-0.334888063391746,0.539,0.517,1
"Hnrnph3",0.306674102293423,-0.396188807175813,0.257,0.293,1
"2810004N23Rik",0.309787649100081,-0.364777138513002,0.069,0.103,1
"Prpf40b",0.309787649100081,-0.382107612353578,0.069,0.103,1
"Naaladl2",0.310492753704734,-0.578796540150866,0.226,0.259,1
"Ssx2ip",0.312020086467871,-0.516150730166218,0.085,0.121,1
"Cmss1",0.315279073717882,-0.382480317610335,0.661,0.586,1
"Cdc123",0.317453859955316,-0.398764652242696,0.132,0.172,1
"Frmd4b",0.318068119567122,-0.424834315181636,0.163,0.207,1
"Plcb1",0.319715917479239,0.270582112530149,0.683,0.603,1
"Slc12a6",0.320194617271449,-0.335834307213816,0.069,0.103,1
"Itgb1",0.323953869713657,-0.371580289237816,0.113,0.155,1
"Aftph",0.325241845798439,-0.524522089300559,0.138,0.172,1
"Sst",0.325459968779601,-0.336934829898378,0.257,0.293,1
"Atxn10",0.32608315824366,-0.5899529826697,0.323,0.328,1
"Ubap2l",0.326563196042505,-0.405741496939254,0.219,0.259,1
"Esf1",0.328016263176031,-0.484705278232168,0.154,0.19,1
"Rab2b",0.328026020973515,-0.819748808099083,0.072,0.103,1
"Acat1",0.329535282618407,-0.713528841559501,0.16,0.19,1
"Dlx1as",0.330842119565625,-0.362976792101644,0.179,0.224,1
"Tet3",0.331012247644683,-0.471571433573127,0.172,0.207,1
"Gls",0.331891353947523,-0.519640547571279,0.345,0.362,1
"Nfix",0.332521253153296,-0.335626894160847,0.254,0.293,1
"Odr4",0.333955854009475,-0.363795612687925,0.085,0.121,1
"Elp4",0.33487414434211,-0.717068939709087,0.191,0.224,1
"Cenpp",0.335144287325076,-0.447586521303683,0.069,0.103,1
"Runx1t1",0.335428796134734,-0.357017932775387,0.37,0.379,1
"Ttc14",0.337845792577592,-0.298390083932687,0.392,0.397,1
"Setdb1",0.337927708091363,-0.281999745456702,0.085,0.121,1
"Son",0.339042326491573,-0.32957876114611,0.592,0.517,1
"Abhd6",0.33926684847408,-0.466571831252365,0.122,0.155,1
"Phf20",0.340536378904218,-0.561369422326291,0.182,0.207,1
"St6galnac3",0.341065257086323,-0.472396683640691,0.389,0.397,1
"Tmx1",0.341520980613842,-0.5358335705692,0.072,0.103,1
"N4bp2l1",0.344406648511661,-0.369556631272968,0.072,0.103,1
"Gm44562",0.344406648511661,-0.55012075301456,0.072,0.103,1
"Ndufb11",0.344554328687659,-0.436191983163101,0.154,0.19,1
"Eif3j1",0.345675134856593,0.272662777586094,0.11,0.069,1
"Rnpc3",0.350943653350564,-0.43321087599175,0.238,0.259,1
"Hnrnpl",0.351265781274106,-0.398430099309793,0.138,0.172,1
"Tmem245",0.351990203938931,-0.378125723165697,0.103,0.138,1
"Nipal2",0.353156680282423,-0.371505827703944,0.072,0.103,1
"Bfar",0.353156680282423,-0.343386985863642,0.072,0.103,1
"Cdh8",0.353653019169903,-0.438056994451671,0.1,0.138,1
"Rab11b",0.354627853888783,-0.526492851199151,0.107,0.138,1
"Nup214",0.355251611046455,-0.568092134614896,0.107,0.138,1
"Mrps16",0.356104328741792,-0.436657521809969,0.072,0.103,1
"Pcyt2",0.356202310065137,-0.265136679075868,0.1,0.138,1
"Pkd2",0.356288228928589,0.27780931460564,0.15,0.103,1
"Slc1a3",0.35644188555428,-0.470077587387557,0.119,0.155,1
"Msantd2",0.356691492852426,-0.449975402776238,0.122,0.155,1
"Kdm2b",0.357022660211656,-0.395381030930722,0.088,0.121,1
"Vkorc1l1",0.357753193982618,-0.576450960272873,0.107,0.138,1
"Myo5a",0.357775940837871,-0.407081217907366,0.348,0.362,1
"Frs2",0.357838253383518,-0.38191925937327,0.154,0.19,1
"Pum2",0.358484221265027,-0.318634502203522,0.245,0.276,1
"Tmem131l",0.362058247784404,-0.518484309264631,0.191,0.224,1
"Ttc3",0.362323794907507,-0.27764427852081,0.777,0.707,1
"Peli1",0.363004067966341,-0.3082918419657,0.147,0.19,1
"Qtrt1",0.3650399977327,-0.308112305074499,0.072,0.103,1
"Zfp638",0.365603848634414,-0.404971009523211,0.408,0.397,1
"Wipf2",0.366610675600284,-0.370033312397801,0.088,0.121,1
"Phf6",0.366901833124508,-0.470799896298117,0.188,0.121,1
"Gabarapl2",0.367610755876243,-0.27286311974126,0.216,0.259,1
"Nf2",0.368049409565575,-0.285013454505608,0.072,0.103,1
"Vti1b",0.36899456640937,-0.601102034588592,0.204,0.224,1
"Slc35a1",0.371074220272799,-0.286483435057505,0.072,0.103,1
"Skp2",0.371074220272799,-0.28881393523737,0.072,0.103,1
"Drg1",0.37124710492834,-0.395402857694885,0.251,0.276,1
"Hectd1",0.371395289525795,-0.549401517297985,0.213,0.241,1
"Uba6",0.373556615056227,-0.293958326378857,0.088,0.121,1
"Agrn",0.373645716140404,-0.328769322647711,0.154,0.19,1
"St6galnac5",0.373932284943914,-0.579287744757921,0.138,0.172,1
"Pcsk1",0.374114410904378,-0.268439161616803,0.072,0.103,1
"Scfd2",0.374197905654252,-0.554709150881631,0.141,0.172,1
"Dld",0.374753977410265,-0.535473746182111,0.11,0.138,1
"Wdr82",0.374955515553385,-0.346706346581675,0.088,0.121,1
"Pcca",0.37511134171381,-0.333076222099126,0.188,0.224,1
"Gtf2a1",0.37635764904692,-0.408818549205157,0.088,0.121,1
"Smim13",0.379034842154814,-0.553038571174376,0.16,0.19,1
"Tmem135",0.380311057947226,-0.335509240097009,0.229,0.259,1
"Mir99ahg",0.380379003520369,-0.382992730714612,0.307,0.345,1
"Arhgef1",0.38058342684314,-0.309425792561346,0.088,0.121,1
"Dync2h1",0.380761543181979,-0.308767105389218,0.188,0.224,1
"Map2k4",0.381039526790772,-0.335237651889352,0.241,0.276,1
"Zmat4",0.381983581313931,-0.273316600115081,0.404,0.276,1
"Tmem50a",0.382181847186594,-0.456940586965792,0.197,0.224,1
"Ubp1",0.382342500508695,-0.462036403979476,0.16,0.19,1
"Clpx",0.382720787217819,-0.682790829547028,0.094,0.121,1
"Ccnd2",0.383929123869544,-0.421104459863523,0.223,0.259,1
"Slc20a2",0.384414231134354,-0.351367312455612,0.116,0.155,1
"Timm23",0.386960606795463,-0.413382419178445,0.122,0.155,1
"Wdr61",0.38909521691906,0.254246146548252,0.107,0.069,1
"Napa",0.390728604508161,-0.505123896103448,0.075,0.103,1
"Id2",0.391109425100959,-0.313334586647447,0.072,0.103,1
"H2bu2",0.391276092980255,-0.393688858261686,0.107,0.138,1
"Chd4",0.392921827800616,-0.408815423269766,0.295,0.328,1
"Dnajc18",0.393004741177165,-0.431576972861121,0.091,0.121,1
"Zfp292",0.39330562479967,-0.420060781953404,0.335,0.345,1
"Ankfy1",0.393716623539278,-0.359387331123776,0.091,0.121,1
"Itsn1",0.394925160341055,-0.47401984382966,0.273,0.293,1
"Rnf180",0.395087680605684,-0.851557230406577,0.138,0.172,1
"Rora",0.395141824457338,-0.680771769048039,0.542,0.534,1
"Usp22",0.396382582942777,-0.626775597149375,0.141,0.172,1
"Suco",0.396429631495064,-0.510371935119122,0.144,0.172,1
"Garnl3",0.396921579296615,-0.422107449419223,0.075,0.103,1
"Sncaip",0.396968305725045,-0.866250198770391,0.122,0.155,1
"Rad23b",0.398010947989208,-0.420286914029798,0.16,0.19,1
"Pou6f1",0.398041380765621,-0.439235729306526,0.125,0.155,1
"Denr",0.398722448742515,-0.410475153461599,0.091,0.121,1
"Nalcn",0.399061848343248,-0.521874423979804,0.392,0.379,1
"Zswim8",0.400166047463966,-0.398249436523124,0.11,0.138,1
"Eif2ak4",0.401604943485531,-0.406741211531111,0.075,0.103,1
"1110032A03Rik",0.401604943485531,-0.380330248456356,0.075,0.103,1
"Dgcr8",0.401604943485531,-0.528119153556892,0.075,0.103,1
"Tead1",0.402080745285113,-0.488341909214304,0.21,0.241,1
"Gse1",0.4027657709616,-0.467856473548361,0.213,0.241,1
"Map3k2",0.403699286989585,-0.392147862088178,0.16,0.19,1
"Dnaaf9",0.404189323386094,-0.346748398225918,0.461,0.466,1
"Extl3",0.404745530676025,-0.36687591172055,0.075,0.103,1
"Tafazzin",0.405242790162934,-0.629226190693598,0.094,0.121,1
"Fip1l1",0.405675001480332,-0.282389084654834,0.21,0.241,1
"Sp3",0.406532430627878,-0.51190515063579,0.129,0.155,1
"Commd3",0.407130727694909,-0.36748939723225,0.122,0.155,1
"Map4",0.407599261096035,-0.676767945781969,0.219,0.241,1
"Mfap1a",0.407900759150335,-0.34797351900666,0.075,0.103,1
"Zfr",0.412692242210757,-0.342978025898188,0.426,0.431,1
"Gnao1",0.412908055052397,-0.295169719992856,0.48,0.483,1
"Csad",0.413163975527915,-0.552924388940823,0.094,0.121,1
"Zfp260",0.413164829676161,0.260647518239685,0.144,0.103,1
"Taf15",0.413663760455854,-0.5259088503349,0.216,0.241,1
"Sgip1",0.414095293554657,-0.259577230610804,0.599,0.517,1
"Fam168b",0.414614400944669,-0.316316343890456,0.176,0.207,1
"Nek9",0.414702367036256,-0.252510852497487,0.091,0.121,1
"Dgkg",0.415606783829479,-0.433286985648406,0.197,0.224,1
"Wdfy1",0.419058790415608,-0.391092300794053,0.075,0.103,1
"Inka2",0.419125372035388,-0.354546123318764,0.091,0.121,1
"Creg2",0.419668408422723,-0.475357406432405,0.078,0.103,1
"Cwc27",0.420225569922695,-0.328208123325511,0.176,0.207,1
"Rab30",0.421771094001192,-0.532100748928375,0.11,0.138,1
"Pigp",0.423086953155195,-0.286749350920789,0.075,0.103,1
"Prkn",0.423387223152519,-0.447155280295972,0.31,0.31,1
"Gm11149",0.423901193268759,-0.389282686287278,0.26,0.276,1
"Atp5o",0.427098340850231,-0.31948668126733,0.307,0.328,1
"Gm14204",0.4279733447253,-0.338747879021784,0.157,0.19,1
"Utrn",0.428054168209735,-0.328327344347106,0.091,0.121,1
"Cdh2",0.429977465734247,-0.258842646196153,0.395,0.276,1
"Evi5",0.430820462328873,-0.400506497405817,0.129,0.155,1
"Cdon",0.431054859582802,-0.355403396216974,0.091,0.121,1
"Unc5d",0.431504518672846,-1.14041635243592,0.094,0.121,1
"Ids",0.434482172141523,-0.470740156080601,0.094,0.121,1
"Nck1",0.435306749232542,-0.252749810761139,0.075,0.103,1
"Tm2d1",0.43561478026844,-0.409708453255858,0.11,0.138,1
"Nr6a1",0.436454921946754,-0.425658082676409,0.201,0.138,1
"Spop",0.436994427581952,-0.542495531568286,0.229,0.241,1
"Slain1",0.438609738446,-0.292999599739189,0.091,0.121,1
"Lrrc4b",0.438658183075653,-0.502099545115619,0.147,0.172,1
"Tmeff1",0.439612509542549,-0.407644332239925,0.144,0.172,1
"Pdcd4",0.439763565823131,-0.382742385372462,0.26,0.276,1
"Nhs",0.440689690004334,-0.579146146612109,0.185,0.207,1
"Thsd7a",0.443486013132101,-0.703333361154717,0.094,0.121,1
"Brinp1",0.445165291650102,-0.363731921626915,0.423,0.414,1
"Fabp5",0.445795708258466,-0.375355193662825,0.179,0.207,1
"Gm43713",0.44802761158361,-0.341191092096136,0.094,0.121,1
"Ccdc82",0.451069965458894,-0.319660110485131,0.094,0.121,1
"Gm20754",0.451337840593424,-0.335152758765439,0.213,0.155,1
"Mpc2",0.451690488928096,-0.342947524312965,0.251,0.172,1
"Fam124a",0.452595516354921,-0.46802846005148,0.094,0.121,1
"Ptpn4",0.45304746028392,-0.377060133659035,0.326,0.345,1
"Atcay",0.454013303665933,-0.435278298738119,0.157,0.19,1
"Snapc3",0.454270069433527,-0.383552857426833,0.169,0.19,1
"Zmym6",0.455361640326006,-0.337979212966199,0.078,0.103,1
"Wdr20",0.455371953025741,-0.260507646849968,0.125,0.155,1
"Thap3",0.455710754508926,-0.362855490597574,0.113,0.138,1
"Cspg5",0.458446680602765,-0.29430178987905,0.213,0.241,1
"Astn2",0.459913160248554,-0.501869504505227,0.301,0.31,1
"Txndc9",0.459979797277422,-0.448330203453696,0.113,0.138,1
"Gm5087",0.460804748776144,-0.401810949948713,0.125,0.155,1
"Ube2m",0.462156026366163,-0.586304480167254,0.135,0.155,1
"Atp2c1",0.462829972752496,-0.633170027098778,0.232,0.241,1
"Plxnc1",0.464074435896378,-0.269926507667952,0.11,0.138,1
"Svop",0.46574490439428,-0.437210498411529,0.179,0.207,1
"Nipa2",0.466385791374973,-0.29197121257328,0.107,0.069,1
"Nsd1",0.467753666936575,-0.296191750883766,0.511,0.483,1
"Lrp12",0.470027410506465,-0.397714122000856,0.113,0.138,1
"Tgoln1",0.470170288334751,-0.529315372572909,0.082,0.103,1
"Chmp3",0.47100164897329,-0.374902479976443,0.097,0.121,1
"Smchd1",0.471503206539997,-0.277624444122953,0.179,0.121,1
"Sgcz",0.472095201400179,0.361313458527429,0.307,0.241,1
"Preb",0.472312955255535,-0.656331529627985,0.1,0.121,1
"Mettl23",0.473508448210783,-0.438942447351327,0.082,0.103,1
"Cep290",0.477195141805856,-0.376750265303167,0.097,0.121,1
"Ssr1",0.477273361625007,-0.491041451086471,0.116,0.138,1
"Ylpm1",0.479751009861104,-0.375100389142623,0.226,0.241,1
"Nell2",0.479805254931334,-0.532647172246151,0.266,0.276,1
"Rprd2",0.479972462383554,-0.468035217237611,0.21,0.224,1
"Fbxo34",0.481842109638112,-0.38050707711165,0.129,0.155,1
"Ccdc174",0.482919807596602,-0.335222315711673,0.094,0.121,1
"Fam214a",0.483213773716846,-0.592835876537035,0.172,0.19,1
"1500011B03Rik",0.48699107035559,-0.438134752161194,0.082,0.103,1
"Rab40c",0.487516295165533,-0.326193668954383,0.078,0.103,1
"Fstl5",0.487859854959811,-0.865875941015829,0.15,0.172,1
"Chd2",0.488330648241095,-0.431989951901365,0.204,0.224,1
"Aff2",0.488690846094936,-0.883938208992316,0.082,0.103,1
"Mtcl1",0.490393814200677,-0.426995627141647,0.082,0.103,1
"Tbk1",0.491292030866895,-0.346227691581063,0.097,0.121,1
"Nav3",0.492848901836385,-0.385371946977417,0.715,0.672,1
"Zranb1",0.493490182124412,-0.55695422679425,0.194,0.207,1
"Ly6h",0.494097055554558,-0.378882243043707,0.417,0.397,1
"Zscan26",0.495795352832715,-0.25652609918808,0.129,0.155,1
"St7l",0.49746263742915,-0.457039790889827,0.135,0.155,1
"Slf1",0.499241849693139,-0.397272261581637,0.147,0.172,1
"D830024N08Rik",0.499576224627497,-0.311366529824883,0.147,0.103,1
"Safb2",0.500241027603496,-0.414410341276386,0.1,0.121,1
"Blcap",0.501413043581393,-0.285519437675038,0.078,0.103,1
"Supt20",0.501825673537256,-0.51457569531037,0.157,0.172,1
"Otud4",0.504007858984666,-0.310303390491517,0.097,0.121,1
"Bri3",0.507283625824875,-0.314358546398614,0.147,0.172,1
"Fbxl2",0.507499275194047,-0.415435834811935,0.169,0.19,1
"Scaper",0.507855842537956,-0.540365724065382,0.248,0.259,1
"Dpf3",0.508387520844761,-0.331756245665615,0.113,0.138,1
"Trappc10",0.508818332529012,-0.312397770414121,0.125,0.086,1
"Rab14",0.509858712918024,-0.338062093255097,0.357,0.362,1
"Smoc1",0.509961392927954,-0.295073459404418,0.129,0.155,1
"Ddx10",0.511075998579601,-0.413010013379378,0.082,0.103,1
"Alkbh8",0.511333881530989,-0.484223326708086,0.1,0.121,1
"Larp4b",0.513909904735757,-0.418845734107456,0.201,0.224,1
"Ilf3",0.514055134116697,-0.418803227077101,0.116,0.138,1
"Sf3b1",0.514339695344484,-0.48525736485698,0.339,0.328,1
"Bms1",0.514566799715182,-0.346551535992515,0.082,0.103,1
"Psma2",0.51711316005078,-0.357848246009203,0.132,0.155,1
"Armh3",0.517233972550681,-0.261513604266844,0.169,0.121,1
"Magi1",0.517379152044824,-0.386806088910447,0.539,0.466,1
"Gm26542",0.518069953478429,-0.291983024346484,0.082,0.103,1
"Vamp2",0.518410315028089,-0.311041035507014,0.26,0.19,1
"Rbms3",0.521529459939602,-1.0075340563549,0.191,0.207,1
"Usp16",0.523347714763257,-0.602770065488677,0.082,0.103,1
"Myh10",0.5241111374625,-0.263739756405097,0.163,0.19,1
"Atl1",0.528380994554092,-0.432192915327057,0.157,0.172,1
"Pik3r1",0.528654088556156,-0.416167515908546,0.226,0.241,1
"Tmx3",0.530744771837891,-0.322192646196645,0.132,0.155,1
"Rundc3a",0.531286058458845,-0.471191618324549,0.135,0.155,1
"Akt3",0.531718976830795,-0.310418125159031,0.451,0.431,1
"Snx10",0.537163121445058,-0.379442013839088,0.1,0.121,1
"Ptprm",0.54392650411194,-0.51080939324045,0.451,0.414,1
"G3bp2",0.546291401552528,-0.526605096007058,0.226,0.241,1
"Dzip3",0.546893991290299,-0.346266396007196,0.223,0.241,1
"Scn1b",0.547229623887506,-0.298098265706857,0.15,0.172,1
"Syt4",0.548428903197471,-0.419367199696111,0.185,0.207,1
"Tox",0.549152323211548,-0.449333840582051,0.116,0.138,1
"Kcnk2",0.550424985966681,-0.432750954190188,0.132,0.155,1
"Hivep3",0.550490079467391,-0.28590785084695,0.317,0.241,1
"Ccdc127",0.550704418035136,-0.48405082274944,0.103,0.121,1
"Ypel5",0.552248995309143,-0.256081259316703,0.122,0.086,1
"Eea1",0.553034909641563,-0.304079826843834,0.122,0.086,1
"Spcs2",0.553712343497386,-0.274189151151315,0.204,0.155,1
"Laptm4a",0.554244394590369,-0.421539569250699,0.154,0.172,1
"Ablim1",0.554258539906784,-0.27255714913755,0.213,0.155,1
"Pdss1",0.555624372179953,-0.340028048977013,0.103,0.121,1
"Usf2",0.555710874433573,-0.344134293885885,0.085,0.103,1
"Dlx6os1",0.557080259934341,-0.259772933278045,0.765,0.707,1
"Vsnl1",0.55987644126049,-0.613633940509209,0.357,0.328,1
"Tmcc1",0.566443064713665,-0.405413742923606,0.436,0.397,1
"Sobp",0.568684194607898,-0.292498996336018,0.47,0.345,1
"Fam78b",0.569222330133803,-0.281753990856486,0.169,0.19,1
"Ccdc50",0.569396457757314,-0.395639760305686,0.213,0.224,1
"Kcnh7",0.570113502195187,0.273657866954243,0.708,0.638,1
"Atg10",0.571955250587549,-0.31246396112961,0.085,0.103,1
"Mtmr1",0.572183551636959,-0.292971624498636,0.119,0.086,1
"Pcbp2",0.573574938859393,-0.382238187862321,0.232,0.241,1
"Pantr1",0.573835977311401,-0.378366617424334,0.154,0.172,1
"Zfp804b",0.575224347424606,-0.407818336945387,0.335,0.259,1
"Dync2i1",0.576636444565533,-0.307607433299451,0.135,0.155,1
"Camsap2",0.576652639854419,-0.430689857213434,0.176,0.19,1
"Rprd1b",0.577419761349214,-0.348596392597402,0.085,0.103,1
"Plxna2",0.579623843428467,-0.437101407117861,0.135,0.155,1
"Cdv3",0.579626600458244,-0.26201615714992,0.16,0.121,1
"Mrpl1",0.580540634508904,-0.351656652485063,0.103,0.121,1
"Lamtor1",0.580540634508904,-0.307308203299402,0.103,0.121,1
"Rif1",0.582282068599564,-0.419851956120316,0.179,0.19,1
"Specc1l",0.582707035429274,-0.385293145141143,0.176,0.19,1
"Cit",0.582740314333019,-0.335325551055592,0.232,0.172,1
"Camk4",0.583042268501705,-0.267731715736752,0.163,0.121,1
"Btbd7",0.583089822946954,-0.353180230303829,0.191,0.207,1
"BC003965",0.58436724063845,-0.506080443369967,0.088,0.103,1
"Csnk1a1",0.585898204813906,-0.253306118764801,0.505,0.397,1
"Hsf2",0.586179660688699,-0.35611856871027,0.088,0.103,1
"Usp54",0.586179660688699,-0.515628290285195,0.088,0.103,1
"Phf24",0.587397116059261,-0.562930502136234,0.119,0.138,1
"Eef1g",0.587739260767,-0.345203606492678,0.122,0.138,1
"Prmt1",0.58843460366202,-0.272960709698141,0.119,0.086,1
"Rps23",0.589233213041126,-0.255965611610548,0.226,0.172,1
"Nptx1",0.589812300556874,-0.26246150441419,0.088,0.103,1
"Cdc40",0.590135515643995,-0.404271801184956,0.141,0.155,1
"Rad17",0.590520729691318,-0.499982583513962,0.107,0.121,1
"Fstl4",0.59088785562753,-0.586584370408287,0.122,0.138,1
"Smarcc1",0.590958061097357,-0.405848056508527,0.229,0.172,1
"Gabbr2",0.591993082526811,-0.330728565344037,0.251,0.259,1
"Ralbp1",0.592183567470432,-0.270371659749035,0.176,0.19,1
"Cnr1",0.592283730185497,-0.734155698304599,0.144,0.155,1
"Smarca4",0.592646479610295,-0.384295210767651,0.182,0.138,1
"Ndfip2",0.592937155807101,-0.392424221544796,0.197,0.207,1
"Gt(ROSA)26Sor",0.594039859749881,-0.335194094422302,0.103,0.121,1
"Palm",0.594595179395166,-0.449886159354933,0.141,0.155,1
"Lima1",0.59619417464593,-0.540382479337824,0.088,0.103,1
"BC005537",0.596906211654505,-0.320100604601044,0.138,0.155,1
"Jpx",0.598552516935029,-0.310841450580135,0.119,0.138,1
"Grm1",0.598692323911559,-0.388190151675775,0.245,0.259,1
"Lcorl",0.599092713899603,-0.345368144515505,0.219,0.224,1
"Wac",0.599882099056181,-0.251975452408848,0.292,0.224,1
"Mapre1",0.600771971817057,-0.349959774581612,0.088,0.103,1
"Leng8",0.603907009351818,-0.324288601269174,0.188,0.138,1
"Copz1",0.604445536462939,-0.351607728951403,0.088,0.103,1
"Kif1b",0.605051628235918,-0.272068731475291,0.423,0.397,1
"Pld3",0.60506047106284,-0.314792759969317,0.141,0.155,1
"Rrp1",0.610917528351989,-0.389878646420613,0.213,0.224,1
"Ndufv1",0.613197440121811,-0.483097616328171,0.125,0.138,1
"Exoc6",0.613305658102731,-0.400295773979528,0.107,0.121,1
"Kdm5a",0.613321972430722,-0.29263404608227,0.182,0.138,1
"Pde4d",0.616740572678661,-0.278834614543009,0.837,0.741,1
"Otulin",0.619807484237469,-0.279287355489223,0.154,0.172,1
"Nr3c1",0.620606203612781,-0.539282329226361,0.144,0.155,1
"Ddrgk1",0.620987606029305,-0.30688435622884,0.138,0.103,1
"Dym",0.621763767176041,-0.637130995645664,0.147,0.155,1
"Yipf4",0.62296254970226,-0.368779169753831,0.088,0.103,1
"Resp18",0.623190248846365,-0.323380326221982,0.141,0.155,1
"Arl8a",0.626695253384729,-0.282458357495109,0.088,0.103,1
"Vps13d",0.631287462669531,-0.407491633764471,0.163,0.172,1
"Atf2",0.631484329418035,-0.327491385794144,0.219,0.224,1
"Ptpn12",0.632498174180188,-0.309415241880496,0.197,0.207,1
"Rcn2",0.63287306995558,-0.489728343931129,0.169,0.172,1
"Stag1",0.633883656309906,-0.307722739397071,0.489,0.448,1
"Lrp1",0.635023100271268,-0.388221365080476,0.138,0.155,1
"Sp4",0.635396341228487,-0.277090893750667,0.157,0.172,1
"Rabgap1l",0.636924500404383,-0.322999559501427,0.329,0.328,1
"Rnps1",0.637387418115058,-0.273765994729159,0.122,0.138,1
"Gm48091",0.637484954353345,-0.303576471338565,0.116,0.086,1
"Grik1",0.637722109336543,0.333019541542414,0.107,0.086,1
"Gm19522",0.637950552142518,-0.274859895875182,0.088,0.103,1
"Ophn1",0.639604482163778,-0.511485839309453,0.201,0.207,1
"Ppm1d",0.639834669716583,-0.304638666737133,0.088,0.103,1
"Ift74",0.640477552139733,-0.412269734525901,0.091,0.103,1
"Snhg11",0.640674033818196,-0.524927698514593,0.718,0.672,1
"A330076H08Rik",0.641012640887686,-0.388361178115852,0.266,0.207,1
"Grm3",0.641708796830599,-0.329431078579364,0.201,0.155,1
"Hdac4",0.642122612929273,-0.491199954914472,0.251,0.241,1
"Tmed9",0.642584872512728,-0.373181260535119,0.223,0.172,1
"Msl2",0.643404464168558,-0.363948623566818,0.107,0.121,1
"Ccdc85a",0.643862207921242,-0.28979090465112,0.141,0.155,1
"Ywhaz",0.644584688929734,-0.260579073313719,0.42,0.31,1
"Frmd4a",0.644826999393491,-0.251024628219144,0.461,0.379,1
"Phf21a",0.647461656969676,-0.28686749198161,0.42,0.397,1
"Ncapd3",0.649060991642948,-0.452687505653237,0.129,0.138,1
"Huwe1",0.650743857063808,-0.546758492224669,0.376,0.328,1
"Cept1",0.651187852695077,-0.297408538683691,0.088,0.103,1
"Flrt2",0.653453766394927,-0.610622924052423,0.125,0.138,1
"Nktr",0.657513318098326,-0.389941205256986,0.32,0.293,1
"Atp6v1b2",0.65777074185099,-0.329497410099456,0.332,0.31,1
"Fmr1",0.661168870603209,-0.531995461109731,0.147,0.155,1
"Hmgn1",0.66338021631253,-0.524304355886298,0.144,0.155,1
"Gm12064",0.664864235278418,-0.265494533497129,0.091,0.103,1
"Zfp1",0.665124292751295,-0.329028628656291,0.11,0.121,1
"Pcdh11x",0.666565448876657,-0.39148640040035,0.201,0.207,1
"Pdap1",0.66837703692466,-0.396365741207299,0.166,0.172,1
"Mrps9",0.668612436317805,-0.361961690116483,0.11,0.121,1
"Nova2",0.668612436317805,-0.60893008015071,0.11,0.121,1
"Tex2",0.669680024323004,-0.339867127495858,0.107,0.121,1
"Kctd16",0.670770145277075,-0.742261807633998,0.229,0.224,1
"Ttc28",0.672720071180766,-0.285269873236332,0.226,0.241,1
"Ubtf",0.673215085222971,-0.26669502575055,0.107,0.121,1
"Zdhhc14",0.673589670957747,-0.272585647305156,0.204,0.207,1
"Fbxo38",0.673858071995688,-0.432990623121153,0.11,0.121,1
"Ap2s1",0.674251339228598,-0.408144303483314,0.129,0.138,1
"Pgk1",0.674251339228598,-0.389504708730573,0.135,0.103,1
"Luc7l2",0.676112009048343,-0.329904461486209,0.564,0.5,1
"Hipk3",0.67624241398402,-0.290305275634414,0.091,0.103,1
"Srsf4",0.67624241398402,-0.313134961278141,0.091,0.103,1
"Ttll5",0.677204280191001,-0.328214155700447,0.166,0.172,1
"Rpl35",0.67808512228523,-0.251569599899324,0.157,0.121,1
"Ano6",0.679344728293348,-0.393687097118543,0.21,0.207,1
"Nrf1",0.68063856178399,-0.381522525347022,0.169,0.172,1
"Aopep",0.680772254417576,-0.254266042634951,0.317,0.241,1
"Fbxo11",0.681607598599226,-0.348558553303984,0.295,0.276,1
"Ogdh",0.681935529055045,-0.33249894171912,0.15,0.155,1
"Ccdc148",0.681959553491591,-0.26774175493769,0.091,0.103,1
"Kif3b",0.681959553491591,-0.290717664139552,0.091,0.103,1
"Mpped2",0.682975341067366,-0.356701791576679,0.539,0.5,1
"Usp15",0.684294281244771,-0.411502438484068,0.241,0.241,1
"Nos1ap",0.684748123473474,-0.324036128874283,0.21,0.207,1
"Glyr1",0.685124482666731,-0.339226918035202,0.147,0.155,1
"Dag1",0.685781173464286,-0.325440950072976,0.091,0.103,1
"Tspan7",0.686717653480597,-0.306605940680683,0.498,0.431,1
"Snx29",0.688984294821011,-0.278622689323615,0.197,0.207,1
"Mgat5",0.691525050951298,-0.338558222432598,0.21,0.207,1
"Apba1",0.692989216351431,-0.422815179400481,0.301,0.276,1
"Chpt1",0.694744887453985,-0.277687629835536,0.125,0.138,1
"Tug1",0.694997363617163,-0.343111846048749,0.11,0.121,1
"ENSMUSG00000121085",0.695370206618292,-0.286400159583917,0.091,0.103,1
"Ggnbp2",0.699271667254295,-0.430298528700615,0.197,0.19,1
"4930509J09Rik",0.700630149689136,-0.396082892048872,0.113,0.121,1
"Pcdh7",0.70111984035855,0.261528794591997,0.558,0.517,1
"Pcdh17",0.702180744988839,-0.500803459619607,0.245,0.241,1
"Abcc5",0.703929012290367,-0.362482391208694,0.288,0.276,1
"Tor1aip2",0.704745509904008,-0.391433102402376,0.094,0.103,1
"Kmt5b",0.706506631182076,-0.325115972635287,0.207,0.207,1
"Os9",0.711010146625292,-0.272398207029437,0.11,0.121,1
"Hnrnpdl",0.713079491893746,-0.321880787463225,0.332,0.31,1
"Srsf2",0.713399206446366,-0.338180977885435,0.204,0.207,1
"Atxn7l1",0.714719089724245,-0.464965491946235,0.169,0.172,1
"Atp8a2",0.722227828398363,-0.25700258133792,0.188,0.155,1
"Ncor2",0.723490922572676,-0.303321612121874,0.235,0.19,1
"Psmd13",0.723625553148155,-0.369638998582181,0.113,0.121,1
"Lrpprc",0.723625601861159,-0.292409107911218,0.113,0.121,1
"Ccdc34",0.723913979668289,-0.269736831570541,0.094,0.103,1
"Apba2",0.72448904301217,-0.312182935221316,0.185,0.19,1
"C1ql3",0.724500052335402,-0.302258315396555,0.266,0.259,1
"Btbd3",0.724807300971787,-0.259251032773882,0.15,0.121,1
"Eef1a2",0.725717759560962,-0.26257069480343,0.129,0.138,1
"Kdm1a",0.726019100685712,-0.345491822373212,0.191,0.19,1
"4732440D04Rik",0.726751729720024,-0.447727352995946,0.132,0.103,1
"Cpt1c",0.728215879903604,-0.299093810187776,0.169,0.172,1
"Dhx40",0.729699099138973,-0.440605986139129,0.094,0.103,1
"Vamp4",0.729860441540105,-0.359231967455666,0.113,0.121,1
"Cacna2d3",0.730006803368775,-0.291819015615655,0.141,0.155,1
"Ntrk2",0.730291420428722,-0.56187811752376,0.448,0.397,1
"Vcp",0.731706514530906,-0.408759254504733,0.197,0.19,1
"Trim46",0.732917531111812,-0.561257240200152,0.129,0.103,1
"5730522E02Rik",0.733367499707625,-0.26089516954983,0.351,0.328,1
"Fnbp1l",0.733428603365124,-0.32516177664679,0.26,0.259,1
"Nsmce2",0.734418803780328,-0.280803358593253,0.226,0.224,1
"Acp1",0.735374224870767,-0.473920000905457,0.188,0.19,1
"Lrp6",0.735571288283208,-0.258151952456107,0.147,0.155,1
"Tubgcp5",0.737436534981879,-0.595498530164274,0.094,0.103,1
"Sptlc1",0.737944249046363,-0.307953374533046,0.107,0.086,1
"Ccdc12",0.738078206840569,-0.350732567294083,0.129,0.103,1
"Smc6",0.740180863110367,-0.373695997084753,0.172,0.138,1
"Naca",0.741920764058564,-0.29088644675775,0.285,0.224,1
"Baz2b",0.74309825486083,-0.328243493395396,0.367,0.362,1
"Sox1ot",0.743227683114108,-0.478672572057264,0.166,0.172,1
"Gm10785",0.744092777352453,-0.265125483394757,0.15,0.121,1
"Pkp4",0.744696157436897,-0.275288499751149,0.292,0.276,1
"Gm29260",0.745974716618496,0.425046013733159,0.116,0.103,1
"Gnas",0.746667703554659,-0.261603618342912,0.586,0.517,1
"Zfp62",0.747044672845477,-0.265080878051066,0.11,0.121,1
"Higd1a",0.747145792721901,-0.257761287330808,0.094,0.103,1
"Washc4",0.747312401072452,-0.250446460958079,0.107,0.086,1
"Eml6",0.748337845915248,-0.354790241835402,0.47,0.414,1
"Capn7",0.748434793615831,-0.363129268573451,0.129,0.103,1
"Wasf3",0.74909252526887,-0.35388368317902,0.094,0.103,1
"Ppargc1b",0.749190569963245,-0.355656700451373,0.107,0.086,1
"Cops3",0.750165418969856,-0.253992266687732,0.129,0.103,1
"Nup98",0.752572802904429,-0.284993532272882,0.15,0.155,1
"Rock1",0.753182631073821,-0.329045329419389,0.354,0.31,1
"Ift43",0.754942277777956,-0.273775385336852,0.094,0.103,1
"Acbd6",0.756202632519499,-0.256777287971354,0.172,0.172,1
"Khsrp",0.759152319066839,-0.310965359693188,0.116,0.121,1
"Khdrbs3",0.761877124004538,-0.325756087726312,0.229,0.19,1
"Ulk2",0.764796536580088,-0.322617969455556,0.251,0.241,1
"6720427I07Rik",0.765021737688084,-0.252080863449081,0.132,0.138,1
"Sec61a2",0.766058172960051,-0.443700679218291,0.172,0.172,1
"Sphkap",0.766538468602496,-0.276474960972061,0.26,0.224,1
"Pea15a",0.767172957448899,-0.345215566150331,0.125,0.103,1
"Cfap97",0.767522724313161,-0.32741989427862,0.097,0.103,1
"Alms1",0.767522771751411,-0.366199849344269,0.097,0.103,1
"6430590A07Rik",0.767566390589127,-0.355157184948587,0.132,0.138,1
"Odf2",0.768415263910701,-0.309252215718922,0.132,0.138,1
"Usp9x",0.769727281188657,-0.362023788293119,0.298,0.276,1
"Phtf2",0.77022477896052,-0.414410842378592,0.157,0.155,1
"Iqcb1",0.77022477896052,-0.453024513281637,0.157,0.155,1
"Taf3",0.771688203868162,-0.255829770438445,0.15,0.121,1
"Nagk",0.771813234064307,-0.254289554356659,0.132,0.138,1
"Xpo6",0.77404612615004,-0.585473298172208,0.1,0.103,1
"Epb41l1",0.774207764807791,-0.335002306345995,0.154,0.155,1
"Cyld",0.77473574449277,-0.385870937230773,0.197,0.19,1
"E130307A14Rik",0.774783227883262,-0.383085323650879,0.304,0.276,1
"Atxn3",0.775286513702002,-0.318883413178081,0.097,0.103,1
"Vps8",0.775299627037644,-0.433997113027727,0.116,0.121,1
"Wasl",0.775605497316104,-0.31830281491524,0.238,0.224,1
"Gm20275",0.776496189370102,-0.303319377555532,0.335,0.31,1
"Mtif2",0.77707116388815,-0.301813926479025,0.135,0.138,1
"Efr3b",0.77707116388815,-0.303204167263897,0.135,0.138,1
"Osbpl6",0.777306636131887,-0.386669679834571,0.176,0.172,1
"Eny2",0.781294179311679,-0.378816998901254,0.172,0.172,1
"Bpnt2",0.781736162113229,-0.271557633192861,0.103,0.086,1
"Ccdc88a",0.782061419772974,-0.338762977200318,0.668,0.534,1
"Dctn4",0.785089424581932,-0.252847349901228,0.188,0.19,1
"Tmem179",0.785146689090217,-0.335706564857934,0.107,0.086,1
"2610037D02Rik",0.786423320673297,-0.293782904456456,0.141,0.121,1
"Serp2",0.788178491548333,-0.250893267864062,0.185,0.155,1
"Plekhb2",0.790388315093478,-0.258340146036539,0.113,0.121,1
"Sbf2",0.791605951736943,-0.376839617045589,0.392,0.362,1
"Hnrnpm",0.793120819129249,-0.412463282546961,0.219,0.207,1
"Retreg3",0.795167300839089,-0.261093315974409,0.116,0.121,1
"Dad1",0.795442255149576,-0.528502804954317,0.194,0.155,1
"Smdt1",0.796072679588377,-0.255243922178996,0.166,0.138,1
"Lrrc8b",0.800744077047108,-0.356864893049857,0.138,0.138,1
"Plcl1",0.802950944906057,-0.268564895732118,0.392,0.328,1
"Xpa",0.802991928610854,-0.368626001550883,0.103,0.086,1
"Map2k6",0.803112619785942,-0.420468854217038,0.154,0.155,1
"Peli2",0.803299407600721,-0.584652990488306,0.257,0.224,1
"Trim35",0.803636371859513,-0.258413945794019,0.188,0.155,1
"Virma",0.804243019340422,-0.481252042357146,0.116,0.121,1
"Erlec1",0.804375840820879,-0.275735055013267,0.182,0.155,1
"Cct3",0.804931776551741,-0.31531741182284,0.1,0.103,1
"Vgll4",0.806061376274848,-0.26442337981862,0.116,0.121,1
"Caly",0.807219144136738,-0.392189153896037,0.307,0.241,1
"Rangap1",0.810491403013041,-0.281804164305674,0.097,0.103,1
"Mir124-2hg",0.810658513005809,-0.435107175517574,0.201,0.19,1
"Caap1",0.810758483967412,-0.271775608799334,0.1,0.103,1
"Abca3",0.810758483967412,-0.335675380680688,0.1,0.103,1
"Necab1",0.810870815703007,-0.812886614782958,0.194,0.19,1
"Exoc3",0.81162376632962,-0.462016237746369,0.204,0.19,1
"Ext1",0.811702831894922,-0.408660875006515,0.408,0.328,1
"Gm20696",0.812433792239771,-0.330385757026963,0.116,0.121,1
"Akap9",0.813662358745363,-0.260173237526339,0.401,0.345,1
"Uchl1",0.813664182384802,-0.550640069903425,0.37,0.328,1
"Pcgf3",0.814648772976081,-0.310397723997582,0.103,0.086,1
"Numa1",0.815804395622171,-0.297587617438258,0.179,0.172,1
"Zc3h6",0.816595658348997,-0.290448297246216,0.103,0.086,1
"Hnrnph2",0.816993218415152,-0.264126027154193,0.116,0.121,1
"Psmb7",0.817853221422557,-0.309879254075892,0.119,0.121,1
"Ndrg3",0.818468314215308,-0.602346696689448,0.197,0.19,1
"Atrnl1",0.818597848559041,-0.431098712847256,0.254,0.224,1
"Fchsd2",0.819002445596493,-0.323977591086919,0.288,0.241,1
"Tcp1",0.819375983654444,-0.418572053639473,0.138,0.138,1
"Atpif1",0.82231557444134,-0.312477866574471,0.351,0.293,1
"Snrk",0.822443098642607,-0.397403934864181,0.1,0.103,1
"Pitpnb",0.822774919887082,-0.37782592700616,0.138,0.138,1
"Rnf157",0.824129769595874,-0.353863219205062,0.21,0.172,1
"Tsc1",0.82503123852585,-0.329841362116141,0.144,0.121,1
"Zeb1",0.825634544018093,-0.350635260577961,0.561,0.448,1
"Txlng",0.825996903955112,-0.272342348793515,0.119,0.121,1
"Cep170",0.827372050041102,-0.253083234938003,0.307,0.241,1
"Rfx7",0.827740545855014,-0.764963272493558,0.354,0.328,1
"Atg16l1",0.827809196244732,-0.260819773205246,0.119,0.121,1
"Npdc1",0.82840807556105,-0.328855142431285,0.144,0.121,1
"Slco3a1",0.831286688146681,-0.420469225483636,0.141,0.121,1
"1700109K24Rik",0.83140301543896,-0.307050946751206,0.163,0.138,1
"Pcm1",0.832536902505602,-0.289913558563514,0.361,0.293,1
"Kif3c",0.834823246666334,-0.310585184608684,0.122,0.121,1
"Ranbp9",0.837502325824662,-0.406871034369288,0.219,0.207,1
"Bclaf1",0.837580480158659,-0.374836116783701,0.326,0.259,1
"Tlk1",0.838110431420287,-0.338723091651302,0.138,0.138,1
"Tom1l2",0.838291037432079,-0.274454725164533,0.232,0.224,1
"Tomm70a",0.841430006447043,-0.271442025810762,0.119,0.121,1
"Esd",0.842004013162934,-0.285909416341054,0.1,0.103,1
"Tjp1",0.8447912151457,-0.275400586325557,0.273,0.241,1
"Spast",0.844927279932306,-0.391457682814477,0.179,0.172,1
"Ddb2",0.845090630484315,-0.40382579250698,0.1,0.086,1
"Zkscan1",0.847435900947583,-0.337500009374231,0.122,0.121,1
"Emc10",0.849313605411275,-0.309556986585586,0.163,0.155,1
"Dnm1l",0.850853040449049,-0.284324541381456,0.273,0.224,1
"Nedd4",0.851910029936683,-0.347761760730511,0.429,0.379,1
"Edil3",0.852207288162621,-0.324514551877953,0.335,0.276,1
"Bod1l",0.852733992296364,-0.320072460766317,0.182,0.172,1
"Kcnip1",0.853525240619067,-0.359420502657778,0.323,0.293,1
"Ksr1",0.855522291307517,-0.359982923258223,0.119,0.103,1
"Nedd4l",0.856275352947162,-0.422543579326571,0.335,0.293,1
"Creb1",0.856817599758818,-0.325975368071077,0.194,0.19,1
"Vip",0.85877559099822,-0.92347759417929,0.163,0.138,1
"Sparcl1",0.859481398266087,-0.275583144266527,0.292,0.241,1
"Arih2",0.860087776172564,-0.450870891954091,0.122,0.121,1
"Csmd1",0.860575204377467,0.281197636027104,0.505,0.483,1
"Clptm1",0.861011805584289,-0.322565677712129,0.1,0.086,1
"Lars2",0.861288679095942,-0.391009755902211,0.197,0.19,1
"Dhx30",0.861750016621772,-0.44019631187538,0.216,0.207,1
"Inpp4b",0.863357743447822,-0.269711102704781,0.298,0.259,1
"Senp6",0.864727267046613,-0.289193589943128,0.323,0.293,1
"Kif5b",0.865865632527672,-0.324763201224808,0.223,0.207,1
"Rnf165",0.866979794485775,-0.29331185804864,0.119,0.121,1
"Got1",0.867064066400907,-0.4794168497489,0.229,0.207,1
"Gfpt1",0.867143079305469,-0.339412429899949,0.103,0.103,1
"Kbtbd2",0.868447102787464,-0.361906564373687,0.119,0.103,1
"Rgs7",0.869184388377935,-0.389728165775786,0.379,0.328,1
"Galnt13",0.870130550928379,-0.60847109643902,0.223,0.207,1
"Dmxl2",0.870143831626794,-0.319083501112684,0.204,0.172,1
"Bend6",0.870961006825625,-0.345762691956276,0.122,0.121,1
"Lonp2",0.87175126680225,-0.270631659489636,0.194,0.19,1
"Rab5b",0.872020445732764,-0.338397154005585,0.103,0.103,1
"Dnajc24",0.872996539843102,-0.306947474363594,0.103,0.103,1
"Srebf2",0.873997287167226,-0.259211053760285,0.119,0.103,1
"Rptor",0.87506689875636,-0.310562209382618,0.176,0.155,1
"Ccny",0.878143123154326,-0.268745754090646,0.241,0.224,1
"Flywch1",0.878202188396955,-0.360088367163239,0.163,0.138,1
"Desi2",0.878390153039962,-0.390180311598625,0.197,0.19,1
"Dst",0.878753004718469,-0.257196341999345,0.32,0.293,1
"Lmbrd2",0.881407141768271,-0.299142586145742,0.119,0.103,1
"Dock4",0.883191880152863,-0.290915334015972,0.238,0.224,1
"Pfn2",0.883233902952838,-0.405865540689891,0.254,0.241,1
"Zc3h12c",0.884270700039514,-0.29332508846919,0.135,0.121,1
"Rnf14",0.884639229645959,-0.40706323111138,0.166,0.155,1
"Ccl25",0.884724027982884,-0.270073292402232,0.103,0.103,1
"Gucy1a1",0.885116007473131,-0.369638933491863,0.119,0.103,1
"Elf2",0.886285083713927,-0.398165006710631,0.163,0.155,1
"Mrps5",0.886681138712896,-0.267035777830261,0.103,0.103,1
"Sez6l",0.887446536155708,-0.361675960789419,0.182,0.155,1
"Zmynd8",0.889624823560891,-0.312091681045255,0.266,0.241,1
"Cplane1",0.890043945199367,-0.40965462567093,0.32,0.293,1
"Dynll2",0.890795484854595,-0.250020397999223,0.223,0.207,1
"Bcl11a",0.890960403267672,-0.38130996837041,0.502,0.431,1
"Psmd1",0.892244374336282,-0.252235502967188,0.141,0.138,1
"Zup1",0.892870589151841,-0.313880221061285,0.125,0.121,1
"Nexmif",0.893877991732972,-0.631635105429541,0.223,0.19,1
"Stag2",0.894749911832597,-0.346243936790653,0.241,0.224,1
"Aqr",0.897632240422898,-0.450612537814586,0.107,0.103,1
"2610020C07Rik",0.900012278511328,-0.432891541553234,0.141,0.121,1
"E130308A19Rik",0.900683210732763,-0.319873291550015,0.166,0.155,1
"Cul1",0.901514307649313,-0.26714584263357,0.223,0.207,1
"Ino80",0.901600444897105,-0.559561468825446,0.144,0.138,1
"Prrc2a",0.902361920862468,-0.270538421978795,0.103,0.103,1
"Ascc3",0.902691508465505,-0.291136049074701,0.288,0.241,1
"Rpl11",0.903645463722881,-0.253605635425661,0.335,0.276,1
"Ptn",0.903695157479355,-0.291442000049208,0.464,0.397,1
"Sptan1",0.904309917771139,-0.48058751633194,0.288,0.259,1
"Dnmt3a",0.905538884409845,-0.267986123839662,0.245,0.224,1
"Vcan",0.905968356357991,-0.267404711347536,0.141,0.138,1
"Ptpa",0.90693513290649,-0.255252003117663,0.138,0.138,1
"Man1a",0.912605323856809,-0.322994313658366,0.185,0.172,1
"Celf4",0.912765418955652,-0.307954358591637,0.724,0.569,1
"Rabep1",0.91410616832434,-0.303196278504876,0.263,0.241,1
"Cyth1",0.914415491454694,-0.363905577810629,0.176,0.155,1
"Coro1c",0.915107757953338,-0.294249645778374,0.107,0.103,1
"Atat1",0.915107757953338,-0.354459405996397,0.107,0.103,1
"Rapgef4",0.915717782174363,-0.358682336939162,0.345,0.293,1
"H2az1",0.916167129768523,-0.346995873284102,0.313,0.259,1
"Fyttd1",0.916736375641414,-0.337608683659116,0.147,0.138,1
"Naa20",0.918811899777186,-0.283670844960591,0.154,0.138,1
"Chd5",0.921617815980265,-0.400539773927108,0.16,0.138,1
"Smarca5",0.921823809590786,-0.25308605267173,0.204,0.19,1
"Mtmr3",0.923723688680922,-0.542172085752191,0.213,0.19,1
"Zfp799",0.923769562266727,-0.459864582800553,0.144,0.138,1
"Thoc2",0.924334196929439,-0.327970024105649,0.26,0.224,1
"Cdh12",0.924437371060683,0.270740681859839,0.204,0.207,1
"Pnkd",0.924834690849667,-0.388717094763428,0.107,0.103,1
"Pdxk",0.927197844103234,-0.260120130703293,0.116,0.103,1
"Cabin1",0.927251369382988,-0.378639214395812,0.125,0.121,1
"Ttyh3",0.927685734310444,-0.288569888029254,0.157,0.138,1
"Prr16",0.928637668435608,-0.292572807383935,0.176,0.155,1
"Ndufa5",0.930571928433183,-0.322933623132351,0.172,0.155,1
"Sod1",0.932660627613607,-0.460857490961434,0.157,0.138,1
"Nr3c2",0.933795110753332,-0.583443994245801,0.194,0.172,1
"Dync1li2",0.934786608337315,-0.454166575472366,0.16,0.138,1
"Srp14",0.935762532189194,-0.331191452875919,0.179,0.172,1
"Sult4a1",0.936229793408767,-0.260395528425295,0.147,0.138,1
"Tut7",0.936549033891712,-0.413062041267395,0.176,0.155,1
"Cltb",0.93712014147062,-0.251279056032934,0.135,0.121,1
"Clic4",0.939153246569867,-0.297063560013075,0.144,0.138,1
"Ddhd2",0.939342291447514,-0.350797649703575,0.166,0.155,1
"Erbb4",0.939730391464617,-0.351155834796496,0.721,0.638,1
"Appbp2",0.940420581380824,-0.278560417619574,0.107,0.103,1
"Phip",0.940503424372947,-0.255606061606921,0.379,0.345,1
"Slc1a2",0.940537901459256,-0.26813605527612,0.282,0.259,1
"Etnk1",0.940624029346106,-0.262120046587993,0.335,0.293,1
"Hectd4",0.940635263392977,-0.490349623955737,0.245,0.207,1
"Ric8b",0.940655943426529,-0.527243549755511,0.135,0.121,1
"Thrap3",0.944429874485355,-0.343396849192379,0.194,0.172,1
"Mtdh",0.946644216952965,-0.252421114941018,0.345,0.293,1
"Rbm4b",0.947420360823144,-0.270052208174797,0.113,0.103,1
"Dph6",0.949813713567427,-0.351833759715489,0.147,0.138,1
"Cep120",0.94995135883827,-0.337671887705217,0.132,0.121,1
"Maged1",0.950083418875554,-0.2530660566203,0.213,0.19,1
"Cstf3",0.950268608214713,-0.302864593084929,0.282,0.241,1
"Osbpl8",0.950434221315515,-0.439073028002845,0.285,0.241,1
"Dnajc8",0.952884429816819,-0.259336092826231,0.172,0.155,1
"Trim33",0.953807178855661,-0.455328056987029,0.232,0.207,1
"Rab11fip3",0.957146033238296,-0.262961766723463,0.182,0.172,1
"Dlg4",0.958311316277993,-0.278688669896885,0.147,0.138,1
"Ppp2r3a",0.958602539208216,-0.289436975525608,0.241,0.207,1
"Agps",0.958879838808073,-0.274137393937497,0.132,0.121,1
"Rgs12",0.959305332078339,-0.504670724077812,0.116,0.103,1
"Zbtb7a",0.959699193939303,-0.260375112247157,0.144,0.138,1
"Scaf8",0.961909027439292,-0.325911595303066,0.288,0.259,1
"Ercc5",0.962302881658696,-0.282921531469944,0.11,0.103,1
"Ppp2r2a",0.963239379220812,-0.319014684635537,0.191,0.172,1
"Pcmtd2",0.963582894867392,-0.316948172569469,0.166,0.155,1
"Hnrnpd",0.966300629777892,-0.336941698784722,0.254,0.224,1
"Crk",0.966623458870261,-0.29590022223543,0.129,0.121,1
"Rnf13",0.966686532421532,-0.324343754834588,0.185,0.172,1
"Vps50",0.970349554280228,-0.338743370670026,0.113,0.103,1
"Kcnab1",0.971654943660392,-0.256195932859129,0.107,0.103,1
"Med1",0.971964144292858,-0.290935028439944,0.11,0.103,1
"Rnmt",0.972130019540498,-0.342005903688572,0.15,0.138,1
"Sec14l1",0.973038157074511,-0.338145907853795,0.188,0.172,1
"Gpcpd1",0.974722355397575,-0.476754026429431,0.191,0.172,1
"Stxbp5",0.975225157831856,-0.296846957501768,0.232,0.224,1
"Sorcs1",0.97814781627235,-0.530147906100562,0.125,0.121,1
"Calm3",0.978621585022019,-0.328059063433774,0.332,0.276,1
"G3bp1",0.979248709203322,-0.320420846525119,0.129,0.121,1
"A930015D03Rik",0.979358952601541,-0.431136384265933,0.176,0.155,1
"Scn1a",0.98335972571773,-0.273233161461269,0.248,0.224,1
"Marchf3",0.983737460101262,-0.375496312784404,0.113,0.103,1
"App",0.984301990589886,-0.306027445160593,0.602,0.534,1
"Zwint",0.986374792772792,-0.315078846816424,0.345,0.31,1
"Rbm28",0.986826329023635,-0.266924661385967,0.185,0.172,1
"Atxn7",0.988741243108001,-0.268713515261744,0.169,0.155,1
"Rpl18",0.989287193790764,-0.253467750725841,0.229,0.207,1
"Sez6",0.991619792413687,-0.317327520773432,0.194,0.172,1
"Nfat5",0.992432699556632,-0.295507517881147,0.254,0.224,1
"Gstm5",0.995216597462663,-0.436346255370256,0.113,0.103,1
"Pde7b",0.995216597462663,-0.471424711310482,0.113,0.103,1
"Cwf19l2",0.995744136757437,-0.253899299938313,0.147,0.138,1
"AU040320",0.997465854241229,-0.297613389443488,0.15,0.138,1
"Suds3",0.999043313990971,-0.314659965792902,0.113,0.103,1
"Pik3c2a",0.999155283484694,-0.327919274624153,0.15,0.138,1
"Uba1",0.999155283484694,-0.30467287562262,0.15,0.138,1
"Fras1",1,-0.257654602768292,0.11,0.103,1
"Tenm1",1,-0.386125775375888,0.163,0.155,1
