"","p_val","avg_log2FC","pct.1","pct.2","p_val_adj"
"Dmd",7.07917766653503e-05,-2.06485883826257,0.017,0.297,1
"Setd2",0.000268175650848222,-1.49011593218214,0.069,0.378,1
"Rxylt1",0.000511754120895148,-1.55565546205913,0.017,0.243,1
"Sos1",0.000569220982364561,-1.76885610974274,0.017,0.243,1
"Parg",0.000645075997153203,-1.62847774803088,0,0.189,1
"Bex2",0.000739927788446009,1.41452146993158,0.586,0.27,1
"Nr1d2",0.000801973809560011,-1.57989458337716,0.034,0.27,1
"Olfm1",0.000854212938678326,1.37912103802784,0.586,0.243,1
"Il1rapl1",0.0011865675209901,-1.24684145068969,0.103,0.405,1
"Map4k4",0.00120872365114014,-1.41475557015408,0.052,0.297,1
"C1qtnf4",0.00134522152912489,1.75290686827466,0.345,0.054,1
"Pik3c2a",0.00163176361471333,-1.24102613526383,0.052,0.297,1
"Rars2",0.00168619358071276,-1.63915829500706,0,0.162,1
"Abcc4",0.00176026077531957,-1.15973706189467,0.207,0.514,1
"Eif3h",0.00195195288163937,-1.60588143515334,0.034,0.243,1
"Gigyf2",0.00204436009476934,-1.4704119119363,0.034,0.243,1
"Atp5g1",0.00243235482025638,1.97618626487341,0.345,0.081,1
"Zbtb20",0.00246813155713637,-0.911297244094531,0.603,0.757,1
"St3gal6",0.00260130657384882,-1.0612976909113,0.31,0.622,1
"Lmo7",0.00296686156269956,-1.65325893961064,0.017,0.189,1
"Atpif1",0.00304904604974243,1.49517397544248,0.414,0.135,1
"Ctdspl2",0.00312360527752312,-1.60529968055209,0.017,0.189,1
"Stmn3",0.003139862355659,1.16668319910558,0.483,0.216,1
"Kiz",0.00328786375400325,-1.39356811573439,0.017,0.189,1
"Napg",0.0033018508288679,-1.31961932525258,0.052,0.27,1
"Smc6",0.00345995405584304,-1.27592264918594,0.017,0.189,1
"Basp1",0.00369557791524724,1.68749919807541,0.466,0.216,1
"Kpna4",0.00371488105216239,-1.46593049178103,0.034,0.216,1
"Csmd3",0.00402655456658773,-1.32449899903193,0.017,0.189,1
"Pde7b",0.00420371354058908,-1.94204493596058,0.086,0.297,1
"Cd46",0.00437258051855609,-1.40747019132283,0,0.135,1
"Fpgt",0.00437258051855609,-1.46264985596245,0,0.135,1
"Abca1",0.00437258051855609,-1.6960796315831,0,0.135,1
"Trim34a",0.00437258051855609,-1.29814630033535,0,0.135,1
"Mplkip",0.00437258051855609,-1.11988644561471,0,0.135,1
"Fmnl3",0.00437258051855609,-1.16051514429476,0,0.135,1
"Sh3gl1",0.00437258051855609,-1.44228922519958,0,0.135,1
"Marchf5",0.00437258051855609,-1.38978865126899,0,0.135,1
"Ly6e",0.00440584381950575,-0.981298056930217,0.155,0.432,1
"Calm1",0.00456122573540689,0.728375081515675,0.931,0.865,1
"Aqr",0.00487102219863477,-1.2706146090268,0.034,0.216,1
"App",0.00490189326296904,-0.806595431469761,0.397,0.73,1
"Brwd1",0.00532336396567242,-1.2752617162599,0.034,0.216,1
"Ltbp4",0.00535595045695927,-1.46259254761051,0.103,0.324,1
"Rab3a",0.0055632475760414,1.48809132315427,0.328,0.081,1
"Pnn",0.00581330762244593,-1.19390422154424,0.034,0.216,1
"Pced1b",0.00581330762244593,-1.17416775000201,0.034,0.216,1
"Cox8a",0.00583520642622874,1.18830172614671,0.621,0.378,1
"Sncb",0.00622734789167541,1.72218097944665,0.241,0.027,1
"Strn3",0.00631103114343492,-1.10408985125074,0.138,0.378,1
"Ogdh",0.00634354334995522,-1.41436536513792,0.034,0.216,1
"Cd2ap",0.00679604134331581,-0.971834741056895,0.103,0.324,1
"Sema6a",0.00684646522027665,-1.30412278607034,0.207,0.432,1
"Itga1",0.00685301222423159,-0.901894938912005,0.103,0.351,1
"Hipk2",0.00776459895073135,-1.16470692464833,0.017,0.162,1
"Zfp975",0.00776459895073135,-1.18977718521908,0.017,0.162,1
"Maml3",0.00816211170550173,-1.24195088079253,0.017,0.162,1
"Anapc5",0.00816211170550173,-1.13475090388737,0.017,0.162,1
"Thap12",0.00816211170550173,-1.66577950677273,0.017,0.162,1
"Malat1",0.00818119785921874,-0.252702207996984,1,1,1
"Ubr2",0.00833835128554143,-0.956478677273193,0.052,0.243,1
"Tmem132b",0.00857774209623868,-1.25231921411255,0.017,0.162,1
"Adcy4",0.00857774209623868,-1.27559695034406,0.017,0.162,1
"Cep19",0.00857774209623868,-1.39765075027869,0.017,0.162,1
"Mapkap1",0.00901179147289839,-0.937278480175946,0.052,0.243,1
"Stmn1",0.00915450847967129,0.955418254554006,0.655,0.459,1
"Csgalnact1",0.00919027728758678,-1.18699346697307,0.086,0.297,1
"Setbp1",0.00946618629191786,-1.24668887828781,0.017,0.162,1
"Flt1",0.00968887532256162,-0.619344497908227,0.828,0.919,1
"Hsp90ab1",0.00981069698495606,0.873981560141129,0.759,0.568,1
"Reep1",0.00994046786210513,-0.94285850363869,0.017,0.162,1
"Gm19522",0.00994046786210513,-1.2449194578338,0.017,0.162,1
"Tuba1a",0.00999999636483508,0.984418199005521,0.569,0.351,1
"Ireb2",0.0104358032134352,-1.20977935695211,0.017,0.162,1
"Slc50a1",0.0108942722289625,-1.34863680126732,0.034,0.189,1
"Nxpe2",0.0110516157044559,-1.01809327174612,0.259,0.514,1
"Rpl39",0.0112208461109543,1.62226557488086,0.207,0.027,1
"Fbxo42",0.0112974023820341,-1.25180332160067,0,0.108,1
"Mapkbp1",0.0112997627132133,-1.23759104883948,0,0.108,1
"Anapc1",0.0112997627132133,-1.05628300539695,0,0.108,1
"Patj",0.0112997627132133,-0.924557642409874,0,0.108,1
"Zfp804b",0.0112997627132133,-1.24767344449688,0,0.108,1
"Mrpl33",0.0112997627132133,-1.19112608323142,0,0.108,1
"Uvssa",0.0112997627132133,-1.09051018541142,0,0.108,1
"Arhgef7",0.0112997627132133,-1.13717736543065,0,0.108,1
"Arhgap10",0.0112997627132133,-0.929133906508619,0,0.108,1
"Btg4",0.0112997627132133,-1.10924246931874,0,0.108,1
"Coro2b",0.0112997627132133,-0.856099352477152,0,0.108,1
"Mtres1",0.0112997627132133,-1.00453866190991,0,0.108,1
"Cep83os",0.0112997627132133,-1.1153555220706,0,0.108,1
"Rnf185",0.0112997627132133,-1.11814131449263,0,0.108,1
"Shroom1",0.0112997627132133,-1.07467222680971,0,0.108,1
"Ube2z",0.0112997627132133,-0.838070499926301,0,0.108,1
"Tbkbp1",0.0112997627132133,-0.940694135842039,0,0.108,1
"Gm40841",0.0112997627132133,-0.885098494257222,0,0.108,1
"Cenpp",0.0112997627132133,-0.933193457296523,0,0.108,1
"Il17rd",0.0112997627132133,-1.23891725667705,0,0.108,1
"Airn",0.0112997627132133,-1.08196711235072,0,0.108,1
"Gtpbp2",0.0112997627132133,-1.02170692448134,0,0.108,1
"Prrc1",0.0112997627132133,-1.07329269423986,0,0.108,1
"Eml3",0.0112997627132133,-1.26298324749692,0,0.108,1
"Cdr1os",0.0112997627132133,-1.08530396526888,0,0.108,1
"Zmat1",0.0112997627132133,-1.66552463786615,0,0.108,1
"Map3k20",0.0118382261229311,-0.912757625005347,0.103,0.324,1
"Ppme1",0.0120664246456739,-1.26447710905353,0.069,0.243,1
"Cox5b",0.0123435108729845,1.37557385923283,0.362,0.135,1
"Ptn",0.0124878454169067,0.832320450596808,0.741,0.541,1
"Egr1",0.0125100253490936,1.65776412903014,0.207,0.027,1
"Tceal9",0.0126479175229195,1.6233153391118,0.155,0,1
"Chst1",0.0126491218366877,1.54324457166674,0.155,0,1
"Atp9a",0.0126491218366877,1.48219556510647,0.155,0,1
"Cct6a",0.0126491218366877,1.47000134787872,0.155,0,1
"Tmem9b",0.0126491218366877,1.6979751602824,0.155,0,1
"Acat1",0.0126491218366877,1.51948504181223,0.155,0,1
"Rab18",0.0126491218366877,1.56770585703458,0.155,0,1
"Tpi1",0.0127799412623292,1.437603644844,0.259,0.054,1
"Ap2m1",0.0127799412623292,1.25852062136174,0.259,0.054,1
"Pnma8b",0.0129680063945202,1.45632133557806,0.207,0.027,1
"Dennd5b",0.0132530394301692,-0.975180008012333,0.207,0.432,1
"Exoc3",0.0134748399527749,-0.948039376735218,0.034,0.189,1
"Lpar6",0.0134748399527749,-0.997383136493555,0.034,0.189,1
"Ddc",0.0140514451437268,-1.08720275718515,0.034,0.189,1
"Akap10",0.0140514451437268,-1.17455216131247,0.034,0.189,1
"Cwc27",0.0140514451437268,-0.91114990395501,0.034,0.189,1
"Ago3",0.0146497186590866,-1.09532380444487,0.034,0.189,1
"Hnrnpm",0.0146497186590866,-0.91165511850209,0.034,0.189,1
"Pde4d",0.0147487408783607,-0.740531499328556,0.241,0.514,1
"Gapdh",0.0151940398815228,1.0398428701951,0.638,0.486,1
"Lpin2",0.0152703347313297,-0.983392915395964,0.034,0.189,1
"Rps6kb1",0.0156266915281532,-1.16453615317182,0.052,0.216,1
"Igf1r",0.0159611023208432,0.68721488673577,0.793,0.622,1
"Tmcc3",0.0166101703588275,-1.08912915234862,0.069,0.243,1
"Homer1",0.0166101703588275,1.28715717884579,0.207,0.027,1
"Cacul1",0.016846179834304,-1.06163483992815,0.052,0.216,1
"Stx7",0.0171978469237186,1.2835885563166,0.207,0.027,1
"Epb41l3",0.0174866746049907,-1.02509080388657,0.052,0.216,1
"Snap25",0.0176439343702598,1.03839066605688,0.586,0.378,1
"Lncppara",0.0181484202385555,-0.943819539973143,0.052,0.216,1
"Eif3k",0.0183223524119722,1.19163600755714,0.241,0.054,1
"Uqcrq",0.0187496670930105,1.12965712016263,0.293,0.081,1
"Arl15",0.018793320554584,-1.41695841164386,0.224,0.432,1
"Ubn1",0.0188319928303311,-1.04612629307261,0.052,0.216,1
"H2-D1",0.019391353021789,-0.896664110255891,0.121,0.324,1
"Pfdn2",0.0194233194236493,1.41958457810062,0.138,0,1
"Zbtb18",0.0194233194236493,1.47304286812453,0.138,0,1
"Mlf2",0.0194233194236493,1.47371145295624,0.138,0,1
"Snx1",0.0194233194236493,1.37748385480689,0.138,0,1
"Becn1",0.0194233194236493,1.41605443403679,0.138,0,1
"Jkamp",0.0194233194236493,1.38260119329375,0.138,0,1
"Atad1",0.0194233194236493,1.30992145819188,0.138,0,1
"Rbm3",0.0194233194236493,1.52228272423736,0.138,0,1
"Itm2c",0.0199645893443132,1.13961909034107,0.276,0.081,1
"Ralgapb",0.0200178571287605,-1.21059063824798,0.017,0.135,1
"Pmepa1",0.0200178571287605,-1.12363562606385,0.017,0.135,1
"Asf1a",0.0200178571287605,-1.12065560781389,0.017,0.135,1
"Fbxo7",0.0200178571287605,-1.24935021766571,0.017,0.135,1
"Bag5",0.0200178571287605,-1.24137854784524,0.017,0.135,1
"Ppp1r1a",0.0200178571287605,-1.21064115894855,0.017,0.135,1
"Mllt11",0.0201299758770122,1.08983002531372,0.241,0.054,1
"Ints6",0.0210040463815304,-0.924720725174979,0.017,0.135,1
"Ift57",0.0210040463815304,-1.11249409437727,0.017,0.135,1
"Nol4",0.0210040463815304,-1.22953766185348,0.017,0.135,1
"Mid1",0.0210040463815304,-1.0836251417844,0.017,0.135,1
"Cck",0.0210062397768507,0.738587292490905,0.586,0.378,1
"Enc1",0.0214088895587319,1.02252177420562,0.345,0.135,1
"Dnajc1",0.0217777834338984,-0.837745359954008,0.121,0.324,1
"Tlk1",0.0217777834338984,-0.887128082026088,0.121,0.324,1
"Ubr1",0.0218463524796464,-0.927344519640973,0.069,0.243,1
"Plekhg5",0.022032306312708,-1.13745848794697,0.017,0.135,1
"Rbpj",0.022032306312708,-0.906910531606611,0.017,0.135,1
"Dcp1b",0.022032306312708,-0.96926769069442,0.017,0.135,1
"Nvl",0.0231040804297342,-0.918439390140988,0.017,0.135,1
"Coro1c",0.0231040804297342,-1.01733663974908,0.017,0.135,1
"Cdv3",0.0231040804297342,-1.11572559874076,0.017,0.135,1
"Thada",0.0231040804297342,-1.07210600549809,0.017,0.135,1
"Spcs2",0.0233413949745037,1.22762605992943,0.19,0.027,1
"Evl",0.0233609414465205,-0.840975941261963,0.069,0.243,1
"Lsamp",0.0236734747799779,-0.47387338568893,0.224,0.486,1
"Nptxr",0.0237841662147793,1.30375435300927,0.224,0.054,1
"Fau",0.0240549848064689,1.09347448563436,0.431,0.243,1
"Ddx50",0.0241518450768883,-1.12237534339055,0.069,0.243,1
"Mir6236",0.0241820605460198,-0.972464715022499,0.138,0.351,1
"Zwint",0.0242127832528392,0.909908694397885,0.362,0.162,1
"Sntg1",0.0242208442136367,-0.916274143853456,0.017,0.135,1
"Slc16a1",0.0242208442136367,-0.8792740142785,0.017,0.135,1
"Tab2",0.0242208442136367,-1.00022449603354,0.017,0.135,1
"Cavin1",0.0242208442136367,-0.989231533739741,0.017,0.135,1
"Tbc1d22a",0.0242208442136367,-0.952981543220806,0.017,0.135,1
"Nhs",0.0242208442136367,-0.897044678774856,0.017,0.135,1
"Frmd5",0.0243925207841155,-0.979420736229456,0.328,0.541,1
"Fam135a",0.0248151753950135,-0.816107064205661,0.103,0.297,1
"Susd4",0.025384104986147,-0.990798345449009,0.017,0.135,1
"Tbc1d14",0.025384104986147,-0.775409626741147,0.017,0.135,1
"Nagk",0.025384104986147,-0.822924571294099,0.017,0.135,1
"Arhgap18",0.025384104986147,-0.753085621515465,0.017,0.135,1
"Ngly1",0.025384104986147,-0.501980277578567,0.017,0.135,1
"Mettl6",0.025384104986147,-0.857789996560498,0.017,0.135,1
"Eny2",0.025384104986147,-0.839230869936955,0.017,0.135,1
"Atxn7l3b",0.0262016558901094,1.05074740745516,0.276,0.081,1
"Dpp10",0.0263404248350322,-0.823740104854972,0.207,0.432,1
"Rpl19",0.0265167423781698,0.927993026882067,0.466,0.243,1
"Fam168b",0.0268516282587252,-1.36414049837225,0.052,0.189,1
"Ndel1",0.0268516282587252,-1.19248207710556,0.052,0.189,1
"Jtb",0.027067976492708,-1.14750563811991,0.034,0.162,1
"Zfp609",0.027067976492708,-0.980754331215869,0.034,0.162,1
"Stxbp6",0.0271433457932162,-1.13638052957095,0.086,0.243,1
"Unc13c",0.0276876763923361,-1.32669764446431,0.069,0.216,1
"Lrmda",0.0280152842954757,-0.998993987564735,0.086,0.243,1
"Samhd1",0.0281858436714437,-1.08698626111467,0.034,0.162,1
"Lcorl",0.0282897168464921,-0.860095733091586,0.121,0.297,1
"Lmo4",0.0283261202733799,0.957162254134269,0.379,0.162,1
"Tnrc6a",0.0284606832908233,1.45479513123536,0.172,0.027,1
"Tmem245",0.028463920292127,-0.578484687752992,0.069,0.243,1
"Ptprm",0.0287633234613525,-0.912988692542826,0.638,0.73,1
"Ogt",0.0290043251365885,-1.07534943710438,0.103,0.27,1
"Cald1",0.0293432703910044,-0.971345977943142,0.034,0.162,1
"Parva",0.0293432703910044,-1.0050590810958,0.034,0.162,1
"Pgls",0.0293432703910044,-1.08020115154105,0.034,0.162,1
"Zswim6",0.0293432703910044,-1.09978639611091,0.034,0.162,1
"Higd2a",0.0294700302376096,1.33023205968744,0.172,0.027,1
"Arglu1",0.0297195639223878,-0.559382339163793,0.207,0.432,1
"Kctd3",0.0297413596783887,1.03733667381101,0.121,0,1
"Mrps21",0.0297413596783887,1.25952496542024,0.121,0,1
"Fam3c",0.0297413596783887,1.17720697670207,0.121,0,1
"Pnma8a",0.0297413596783887,1.35079503235438,0.121,0,1
"Timm9",0.0297413596783887,1.19936172647977,0.121,0,1
"Tbca",0.0297413596783887,1.26125773779334,0.121,0,1
"Csnk1e",0.0297413596783887,1.30016385568642,0.121,0,1
"Sh3tc2",0.0297413596783887,1.5621243156478,0.121,0,1
"Smyd3",0.0299370612011338,-1.07484600891591,0.121,0.297,1
"Myt1l",0.0305100170927327,1.30034948422736,0.172,0.027,1
"Lztfl1",0.0305413557298192,-1.10321898256111,0.034,0.162,1
"Celf5",0.0305413557298192,-1.05235940414301,0.034,0.162,1
"Edil3",0.0305413557298192,-1.01972608996017,0.034,0.162,1
"Rpl7a",0.0307774179376211,-1.09241459932822,0.086,0.243,1
"Nsg2",0.0312098458425389,1.08808732446942,0.293,0.108,1
"Fryl",0.0313157608901624,-1.00205890909415,0.207,0.405,1
"1810037I17Rik",0.0313266856638223,1.25720590763078,0.241,0.081,1
"Timm8b",0.0315813718125913,1.38576194011485,0.172,0.027,1
"Mal2",0.0315813718125913,1.2066256405793,0.172,0.027,1
"Usp24",0.0317812166008903,-1.54112604191933,0.034,0.162,1
"Arid4a",0.0317812166008903,-0.912011468453782,0.034,0.162,1
"Pabpc1",0.0321912109142536,-1.14923693226737,0.052,0.189,1
"Camk2n1",0.0323722484473073,0.808727426728834,0.466,0.243,1
"Negr1",0.0326306871046182,-1.0240116597886,0.103,0.27,1
"Dab2",0.0327460713015709,-1.08125687587712,0.086,0.243,1
"Rps13",0.0334789699969097,1.15842527917834,0.259,0.081,1
"Papola",0.0337701914630872,1.29719099847336,0.207,0.054,1
"Cav1",0.0343908203482838,-0.814280747121371,0.034,0.162,1
"H2-K1",0.0344202035575982,-0.930170428985516,0.121,0.297,1
"Frmd4b",0.0344466220958638,1.00082701791635,0.328,0.135,1
"Myo6",0.0348199057845636,1.24424093830719,0.207,0.054,1
"Nrg1",0.034934209024139,-1.21452677116663,0.069,0.216,1
"Luc7l2",0.0360186682739337,-1.03048278590477,0.259,0.405,1
"Ggact",0.0360913412993464,-1.09451081969384,0.069,0.216,1
"Gm15738",0.0360913412993464,-1.06018796889993,0.069,0.216,1
"St6galnac3",0.0367727695120037,-0.902569932886462,0.328,0.541,1
"Tgfb2",0.0370950481805537,-0.674432209501467,0.052,0.189,1
"Stub1",0.0370950481805537,-0.952177837832898,0.052,0.189,1
"Fmr1",0.0370950481805537,-0.861222923870507,0.052,0.189,1
"D430041D05Rik",0.0371813641670972,-0.59205545837068,0.034,0.162,1
"Pgk1",0.0374348305249655,1.09896124304132,0.172,0.027,1
"Fgd6",0.0381449674599056,-0.881814026001663,0.086,0.243,1
"Cdc40",0.038647462908578,-0.566693164252062,0.034,0.162,1
"Emc2",0.038647462908578,-0.679572079806538,0.034,0.162,1
"Ghr",0.0387950788252783,-1.0054473193847,0.103,0.27,1
"Uqcr10",0.0392526525225699,1.21619750496157,0.241,0.081,1
"Lyst",0.0393110841219366,-0.848303482113371,0.086,0.243,1
"Denn2b",0.0397766815228558,-0.90475807238695,0.052,0.189,1
"Add3",0.0405073304103273,1.0728390292184,0.207,0.054,1
"Oaz1",0.0408093180352637,1.08077889322458,0.345,0.162,1
"Tcf7l2",0.0410584681325796,-0.764557936162985,0.103,0.27,1
"Pias1",0.0411780643390059,-0.861065430443533,0.052,0.189,1
"Rock1",0.0411780643390059,-0.836869525344157,0.052,0.189,1
"Chm",0.0411780643390059,-0.817888826659253,0.052,0.189,1
"Ndufb3",0.0426210477922891,1.6931675849589,0.155,0.027,1
"Bcap29",0.0426210477922891,1.35022086445251,0.155,0.027,1
"Hspa8",0.043475713671509,0.691568291320031,0.517,0.324,1
"Adipor2",0.0435181764471641,-0.78581113208713,0.155,0.351,1
"Phf21a",0.0435392202944655,-0.776718746893937,0.138,0.324,1
"Epas1",0.0436683532594244,-0.548136530631528,0.293,0.514,1
"Tspan7",0.043767500807555,1.025675918214,0.345,0.162,1
"Nfia",0.0440722105443692,-0.687141405293891,0.224,0.459,1
"Usp6nl",0.0441065618276788,-0.714637923927358,0.052,0.189,1
"Fxyd7",0.0441065618276788,1.4169003109672,0.155,0.027,1
"Pam16",0.0441065618276788,1.28468684150531,0.155,0.027,1
"Rpl12",0.0442827798406172,1.02248519247218,0.207,0.054,1
"Gm28410",0.0454797330853068,1.18328154268239,0.103,0,1
"Zbtb37",0.0454797330853068,1.2856577540143,0.103,0,1
"Kcnk2",0.0454797330853068,1.35884957303705,0.103,0,1
"Anapc2",0.0454797330853068,1.0311638092238,0.103,0,1
"Cdk9",0.0454797330853068,1.09334812513461,0.103,0,1
"Syt13",0.0454797330853068,1.19766778134312,0.103,0,1
"Psmb4",0.0454797330853068,1.09219722774727,0.103,0,1
"Rnf10",0.0454797330853068,1.02789290724725,0.103,0,1
"Lamtor4",0.0454797330853068,1.25930137645102,0.103,0,1
"Impdh1",0.0454797330853068,1.02388695340505,0.103,0,1
"Mink1",0.0454797330853068,0.938374786880221,0.103,0,1
"Vezf1",0.0454797330853068,0.893142363413584,0.103,0,1
"Coa8",0.0454797330853068,1.03281256523836,0.103,0,1
"Zscan26",0.0454797330853068,1.05598025572683,0.103,0,1
"Fbxl3",0.0454797330853068,1.06423665689846,0.103,0,1
"Mrpl13",0.0454797330853068,1.12147633983732,0.103,0,1
"Atf1",0.0454797330853068,1.14144749550639,0.103,0,1
"Spire1",0.0454797330853068,0.964698649770876,0.103,0,1
"Rtl8a",0.0454797330853068,1.27129830464132,0.103,0,1
"Spred1",0.0456355460819687,1.13742890599756,0.155,0.027,1
"Gm1673",0.0456355460819687,1.27963510409187,0.155,0.027,1
"Cobll1",0.0456718462277513,-0.802428062433063,0.345,0.514,1
"Mrtfb",0.0456738837698477,-0.776433096598516,0.276,0.459,1
"Psme4",0.0465787899490108,-0.717038148542141,0.069,0.216,1
"Cul3",0.0469613672226789,0.902429279172226,0.207,0.054,1
"Wwc2",0.0469916700815566,-0.672432320457536,0.138,0.324,1
"Nckap1",0.0471649001193564,-0.616968680410616,0.172,0.378,1
"Btbd10",0.0472089495813222,-0.467706849446297,0.052,0.189,1
"Trappc4",0.0472089495813222,1.13743727010755,0.155,0.027,1
"Fxr2",0.0472089495813222,-0.691803351037635,0.052,0.189,1
"mt-Rnr1",0.0473595008503492,0.622491607132983,0.638,0.405,1
"Osbpl1a",0.0481122903357236,-0.785055411268804,0.241,0.432,1
"Tjp2",0.0483509835782305,-0.552255114036083,0.086,0.243,1
"Cetn2",0.0488277304221487,1.10626431628249,0.155,0.027,1
"Palmd",0.0491762442192041,-0.663681336884624,0.155,0.351,1
"Rtn4",0.050107948104926,0.658272600825556,0.603,0.459,1
"Bzw1",0.0504928554351561,1.02370805484868,0.155,0.027,1
"Map4k2",0.0504928554351561,1.14171685026807,0.155,0.027,1
"Bok",0.0508714724745544,-0.970101735340456,0.017,0.108,1
"Frmd4a",0.0508714724745544,-0.909512574623627,0.017,0.108,1
"Romo1",0.0508714724745544,-0.979898592269705,0.017,0.108,1
"Coq3",0.0508714724745544,-1.33348012693074,0.017,0.108,1
"Mapre3",0.0508714724745544,-1.25309651130472,0.017,0.108,1
"Lmtk2",0.0508714724745544,-0.888313111485537,0.017,0.108,1
"Stx4a",0.0508714724745544,-0.901321166690801,0.017,0.108,1
"Gm39469",0.0508714724745544,-1.01010312522543,0.017,0.108,1
"Slc29a3",0.0508714724745544,-0.995027468273063,0.017,0.108,1
"Lrrtm3",0.0508714724745544,-1.1071865718866,0.017,0.108,1
"Mfap3",0.0508714724745544,-1.04856705472551,0.017,0.108,1
"ENSMUSG00000121307",0.0508714724745544,-1.10798267506323,0.017,0.108,1
"Brd8",0.0508714724745544,-0.815946958267516,0.017,0.108,1
"Opalin",0.0508714724745544,-0.746136019363323,0.017,0.108,1
"Eef1a1",0.0509068740244683,0.832459883234869,0.466,0.297,1
"Ica1",0.0511236629564007,-0.801195112025693,0.069,0.216,1
"Atp5d",0.0512339720709306,0.92627730212699,0.207,0.054,1
"Prom1",0.051785041942884,-0.763110563702763,0.172,0.351,1
"Clec2d",0.051785041942884,-0.976095849147836,0.172,0.351,1
"Peg3",0.0522052998324409,0.957110518546603,0.155,0.027,1
"Cyb5a",0.0522052998324409,0.994872593685898,0.155,0.027,1
"Yme1l1",0.0527188264809408,-0.579826324027078,0.069,0.216,1
"Ndn",0.0528805459027908,0.976695748095358,0.241,0.081,1
"Mef2d",0.0532559692086722,-0.960162226257988,0.017,0.108,1
"Nxph1",0.0532559692086722,-0.840889543868378,0.017,0.108,1
"Synm",0.0532559692086722,-1.03862026778366,0.017,0.108,1
"Rassf1",0.0532559692086722,-0.735145144365275,0.017,0.108,1
"Dync1li1",0.0532559692086722,-1.05151914695718,0.017,0.108,1
"Zdhhc3",0.0532559692086722,-0.85408082286531,0.017,0.108,1
"Trpm6",0.0532559692086722,-0.997452422255834,0.017,0.108,1
"Uqcrb",0.0542595031912131,0.795195386082454,0.207,0.054,1
"Lcmt1",0.0553421913378897,1.1779473752922,0.19,0.054,1
"Spopl",0.0557331173662563,-0.773950589896534,0.017,0.108,1
"Virma",0.0557331173662563,-0.73059583332774,0.017,0.108,1
"Ubap2",0.0557331173662563,-0.729173100555116,0.017,0.108,1
"Galnt17",0.0557331173662563,-0.652916225691994,0.017,0.108,1
"Tubgcp2",0.0557331173662563,-0.840532328545384,0.017,0.108,1
"Kbtbd11",0.0557331173662563,-1.25389567252413,0.017,0.108,1
"Fam76b",0.0557331173662563,-0.919990376468481,0.017,0.108,1
"Wdpcp",0.0557331173662563,-1.12058956578007,0.017,0.108,1
"Pank3",0.0557331173662563,-0.999876187806587,0.017,0.108,1
"Maml1",0.0557331173662563,-0.772821059207931,0.017,0.108,1
"Rufy1",0.0557331173662563,-0.717451442264011,0.017,0.108,1
"Hsd17b4",0.0557331173662563,-0.964277259305317,0.017,0.108,1
"Upf2",0.0557413045063998,0.834605454345898,0.241,0.081,1
"Nrgn",0.0571749281355702,0.669619365678415,0.741,0.649,1
"Scg5",0.0572175894663616,1.06023536328963,0.328,0.162,1
"Brinp1",0.0576364192815533,0.841051199990906,0.155,0.027,1
"Mapk10",0.0576364192815533,0.960037589808639,0.155,0.027,1
"Vps13c",0.0580248944893747,-1.12816435316861,0.034,0.135,1
"Max",0.0580248944893747,-1.10780527811787,0.034,0.135,1
"Lman1",0.0580248944893747,-0.977576473783104,0.034,0.135,1
"Fam13c",0.058030971445726,-0.722306917207792,0.138,0.297,1
"S1pr1",0.0582446589481084,-1.13248934400836,0.103,0.243,1
"Trmt1l",0.0583055161864757,-0.750671975179331,0.017,0.108,1
"Gm4876",0.0583055161864757,-0.835113463933254,0.017,0.108,1
"Ccdc136",0.0583055161864757,-0.762180103334364,0.017,0.108,1
"Arl2bp",0.0583055161864757,-0.739731207006399,0.017,0.108,1
"Agrp",0.0583055161864757,-0.887287365270427,0.017,0.108,1
"Anapc16",0.0583055161864757,-0.813561517013617,0.017,0.108,1
"Arhgef25",0.0583055161864757,-1.12133180977977,0.017,0.108,1
"Trim16",0.0583055161864757,-0.745065987743815,0.017,0.108,1
"ENSMUSG00000121069",0.0583055161864757,-0.768771322038899,0.017,0.108,1
"B630019A10Rik",0.0583055161864757,-0.64238852827063,0.017,0.108,1
"Syngr3",0.0583055161864757,-0.875321782763902,0.017,0.108,1
"Tsc22d3",0.0583055161864757,-0.695034426079375,0.017,0.108,1
"Ptgds",0.0583554005186441,0.589244431822983,0.466,0.27,1
"Rasal2",0.0585572849957602,-0.679786429780461,0.345,0.541,1
"Mia3",0.0594974170333681,-0.96095745248459,0.121,0.27,1
"Aimp1",0.0602908201040624,-0.930000029148153,0.034,0.135,1
"Arid1a",0.0602908201040624,-1.06319077998598,0.034,0.135,1
"Shroom2",0.0607994241501318,-1.3251823550684,0.069,0.189,1
"Lrch1",0.0609548470445439,0.839606422462463,0.31,0.135,1
"Acbd6",0.0609757893429267,-0.457039706854066,0.017,0.108,1
"Kif3b",0.0609757893429267,-0.673486468117378,0.017,0.108,1
"Gpr160",0.0609757893429267,-0.683395713364924,0.017,0.108,1
"Sec24d",0.0609757893429267,-0.501252597643804,0.017,0.108,1
"Srarp",0.0609757893429267,-0.623405203875496,0.017,0.108,1
"Eps8",0.0609757893429267,-0.569515661262314,0.017,0.108,1
"Atp11a",0.0609757893429267,-0.521569905750874,0.017,0.108,1
"Sertad2",0.0609757893429267,-0.777484164809257,0.017,0.108,1
"Stat3",0.0609757893429267,-0.532748977649984,0.017,0.108,1
"Zfyve26",0.0609757893429267,-0.737741960824484,0.017,0.108,1
"Mcur1",0.0609757893429267,-0.667840082131022,0.017,0.108,1
"Fam193b",0.0609757893429267,-0.389293895698752,0.017,0.108,1
"Dcaf13",0.0609757893429267,-0.586610317305445,0.017,0.108,1
"Eif4g1",0.0609757893429267,-0.655981301521977,0.017,0.108,1
"Gabpa",0.0609757893429267,-0.60951167879607,0.017,0.108,1
"Ncald",0.0616788061719855,0.801034995332991,0.276,0.108,1
"Rgs4",0.0621699332778506,1.01343807464625,0.19,0.054,1
"Gimap6",0.0626296157080613,-0.90202756773534,0.034,0.135,1
"Grap",0.0626296157080613,-0.930051010236328,0.034,0.135,1
"Yipf4",0.0626296157080613,-0.979287366813487,0.034,0.135,1
"Mob3b",0.0632004590429139,-0.80910869308974,0.103,0.243,1
"Nr3c2",0.0632004590429139,-1.03416033423386,0.103,0.243,1
"Tbcb",0.0639817067198758,1.04673881632879,0.19,0.054,1
"Hdac7",0.0639817067198758,-0.96653845979801,0.086,0.216,1
"Pir",0.0639817067198758,-0.868844819219171,0.086,0.216,1
"Entpd1",0.064059656987741,-0.743243447102373,0.138,0.297,1
"Pxk",0.0646776790918614,-0.873558333877222,0.069,0.189,1
"Jak2",0.0650429395354684,-1.02584124897237,0.034,0.135,1
"Prkg1",0.0650868314302284,-0.7981351679966,0.466,0.622,1
"Mtch1",0.0651957466098401,1.51453020909152,0.224,0.081,1
"Dcun1d5",0.0657562702505734,1.15924174606486,0.138,0.027,1
"Rnf7",0.0657562702505734,1.24796361143531,0.138,0.027,1
"Srp19",0.0657562702505734,1.19848210611672,0.138,0.027,1
"Bbs9",0.0658368616394859,0.860833095411991,0.19,0.054,1
"Fgf12",0.0658368616394859,0.978482223435967,0.19,0.054,1
"Mcts1",0.0658368616394859,0.942116566165514,0.19,0.054,1
"Tmsb4x",0.0659255892675968,0.468350099746611,0.759,0.595,1
"Tmbim6",0.0659424237924733,-0.727353305543172,0.121,0.27,1
"Capn2",0.0666920669708776,-0.864679544750381,0.069,0.189,1
"Dync1i2",0.0666941273707388,-0.854836378684199,0.103,0.243,1
"6330403K07Rik",0.0668285499655937,0.977228374300735,0.293,0.135,1
"Clpp",0.066866396911005,-0.83243986285363,0.052,0.162,1
"Dhx15",0.0675324596793546,-0.828294375746124,0.034,0.135,1
"Plekha5",0.0675324596793546,-0.922708374332686,0.034,0.135,1
"Galntl6",0.0675324596793546,-0.954533569194283,0.034,0.135,1
"Eftud2",0.0675324596793546,-1.1534215101867,0.034,0.135,1
"Jmy",0.0675324596793546,-0.729613162407555,0.034,0.135,1
"Rgcc",0.0675324596793546,-0.833081315097011,0.034,0.135,1
"Zfp771",0.0679919084621358,1.25929514309659,0.138,0.027,1
"Pcsk1n",0.0682524141477536,0.794862118689758,0.362,0.189,1
"Acsl3",0.0684997217452037,-0.878000204080702,0.103,0.243,1
"Pi4ka",0.0684997217452037,-0.652475593212127,0.103,0.243,1
"Rplp1",0.068690560588791,0.565470297310849,0.586,0.432,1
"Sox13",0.0691329537524688,-1.03126508858879,0.052,0.162,1
"Elp4",0.0691329537524688,-1.064528710447,0.052,0.162,1
"Edn1",0.0691329537524688,-1.05807006400485,0.052,0.162,1
"Tmtc2",0.0692388587450953,0.628322087426834,0.638,0.486,1
"Med27",0.0700998529616712,-0.816456213639112,0.034,0.135,1
"Wls",0.0700998529616712,-0.661043283592665,0.034,0.135,1
"Ocel1",0.0700998529616712,-0.833854477797419,0.034,0.135,1
"Polr2a",0.0700998529616712,-0.851682463742435,0.034,0.135,1
"Thrb",0.0700998529616712,-0.755333154539341,0.034,0.135,1
"Zmym2",0.0700998529616712,-0.677994159275332,0.034,0.135,1
"Smpd4",0.0700998529616712,-0.819546009598256,0.034,0.135,1
"Commd10",0.0700998529616712,-0.777875546765497,0.034,0.135,1
"Ddx6",0.0702896819203439,1.03488976219989,0.138,0.027,1
"Scamp1",0.0702896819203439,1.00762617329351,0.138,0.027,1
"Dnaja2",0.0703453035764642,1.31292236505291,0.207,0.081,1
"Marchf6",0.0705963881812482,-0.785129164504232,0.138,0.297,1
"Zfp148",0.0714524955995201,-1.0193335234157,0.138,0.27,1
"Foxq1",0.0714622423725194,-0.898909330145514,0.052,0.162,1
"Ndfip1",0.0719404895058934,0.579957398630417,0.603,0.378,1
"Mrpl57",0.072646908078404,0.990343622395147,0.138,0.027,1
"Slc44a1",0.0726507847623982,1.00770334812362,0.138,0.027,1
"Sppl3",0.0726507847623982,0.925739261385701,0.138,0.027,1
"Lingo1",0.0726507847623982,1.02005604482556,0.138,0.027,1
"Ccdc25",0.0726507847623982,1.12061336718621,0.138,0.027,1
"Rps21",0.0726801534716477,1.00832719133753,0.31,0.162,1
"Atf2",0.0727468037574135,-0.850995490188442,0.034,0.135,1
"Naa20",0.0727468037574135,-0.692392831760307,0.034,0.135,1
"Coq2",0.0727468037574135,-1.1159000069639,0.034,0.135,1
"Eid2",0.0727468037574135,-0.793936246986915,0.034,0.135,1
"Cpd",0.0727468037574135,-0.974626591693443,0.034,0.135,1
"Brip1os",0.0727468037574135,-0.773892231232988,0.034,0.135,1
"Dnajc7",0.0727468037574135,-0.565209248935171,0.034,0.135,1
"Lama3",0.0727468037574135,-0.970422989902912,0.034,0.135,1
"Senp5",0.0730471711343254,-0.919055968540883,0.069,0.189,1
"Ywhaq",0.0731846115864362,0.913953180273602,0.259,0.108,1
"Sgpp2",0.0732244316249906,1.14441831513012,0.241,0.108,1
"Tardbp",0.073705911238735,0.758698624919988,0.19,0.054,1
"Map1lc3b",0.073705911238735,0.731928632473524,0.19,0.054,1
"Zadh2",0.0738554589679,-0.850474844935425,0.052,0.162,1
"Diaph2",0.0745199212924538,-0.655382685991025,0.19,0.378,1
"Vdac3",0.0750321539599153,1.10477276993071,0.241,0.108,1
"C2cd5",0.0750764150689806,0.839418263184573,0.138,0.027,1
"Kctd1",0.0750764150689806,0.947763588652725,0.138,0.027,1
"R3hcc1l",0.0750764150689806,1.00332938155378,0.138,0.027,1
"Map9",0.0752725657924682,-0.722415857722289,0.069,0.189,1
"Tmem135",0.0752725657924682,-0.865748778696317,0.069,0.189,1
"1110004F10Rik",0.0753126213693641,1.29705469727813,0.172,0.054,1
"Eif1b",0.075315687024362,1.36881469026315,0.172,0.054,1
"Bmerb1",0.075315687024362,1.11927802571578,0.172,0.054,1
"Cds2",0.0754750027732988,-0.713854560163449,0.034,0.135,1
"Arnt2",0.0754750027732988,-0.769273867466036,0.034,0.135,1
"Trim12a",0.0754750027732988,-0.63838020037568,0.034,0.135,1
"Hmbox1",0.0754750027732988,-0.712454094260909,0.034,0.135,1
"Lrrc7",0.0757889559083592,-0.851437485740713,0.086,0.216,1
"Grin2b",0.07592499662464,-0.718948923606114,0.19,0.351,1
"Chd9",0.0763138033248007,-0.765288264197536,0.052,0.162,1
"Cplane1",0.0763138033248007,-0.814146481394604,0.052,0.162,1
"Prkdc",0.0763138033248007,-0.796245976078364,0.052,0.162,1
"Rbm26",0.0766792451300394,-0.882039968724298,0.121,0.27,1
"1500004A13Rik",0.0779197900682252,0.759733274577056,0.19,0.054,1
"Pfkp",0.0779197900682252,0.626695049542893,0.19,0.054,1
"Ndrg1",0.0779197900682252,-0.819526274297348,0.086,0.216,1
"Scfd1",0.0782810605516042,-0.761233007231512,0.034,0.135,1
"Sec61a1",0.0782861457813033,-0.632461187000336,0.034,0.135,1
"Mdh2",0.0783154614264455,0.675742479494997,0.293,0.135,1
"Pebp1",0.078342072347715,0.61130573393163,0.448,0.243,1
"Uchl1",0.0784362740428993,0.810060894471119,0.345,0.189,1
"Zfp36l1",0.0787569303549357,1.03621127364164,0.241,0.108,1
"Lgals8",0.0788384780938949,-0.876722235590475,0.052,0.162,1
"Ccser2",0.0788384780938949,-0.676405387813624,0.052,0.162,1
"Chd1",0.0788384780938949,-0.939826052496131,0.052,0.162,1
"Slco1a4",0.0789893320797983,-0.481507709361883,0.793,0.865,1
"Ntrk2",0.0797582586723206,1.1260793862892,0.172,0.054,1
"Cwc15",0.0801260658111525,0.882811684154968,0.138,0.027,1
"Tceal3",0.0801260658111525,0.896230892364393,0.138,0.027,1
"Ppp3cb",0.0801945256310867,-0.712672107838228,0.103,0.243,1
"Fam172a",0.0806749725543635,-0.920821816343361,0.138,0.27,1
"Cd81",0.0808218474368325,0.697519182266354,0.466,0.324,1
"Chp1",0.0814306880430269,-0.655111990816468,0.052,0.162,1
"Mertk",0.0814306880430269,-0.834096943420888,0.052,0.162,1
"Magi2",0.0814306880430269,-0.676818367917941,0.052,0.162,1
"Vamp5",0.0814306880430269,-0.610132197041749,0.052,0.162,1
"Ptpn9",0.0814306880430269,-0.742889576433058,0.052,0.162,1
"Top2b",0.0814306880430269,-0.632813962281295,0.052,0.162,1
"Slc38a5",0.0814306880430269,-0.741591065010531,0.052,0.162,1
"Ywhab",0.0818777469717731,0.77319960252965,0.293,0.135,1
"Eprs",0.0822826904688448,-0.616069445232275,0.069,0.189,1
"Fabp5",0.0822826904688448,-0.871494878518313,0.069,0.189,1
"Tial1",0.0822826904688448,-0.794173238492409,0.069,0.189,1
"Dnm2",0.0823277905950733,-0.575628658995576,0.086,0.216,1
"Camk1d",0.0824470696063504,0.696000948313037,0.621,0.459,1
"Elovl7",0.0825595990693169,-0.690677059675741,0.121,0.27,1
"Lef1",0.0835228123215019,0.530561735762924,0.586,0.405,1
"Sec14l1",0.0840916392878031,-0.716291102425535,0.052,0.162,1
"Sipa1l1",0.0840916392878031,-0.658172068343442,0.052,0.162,1
"Klhdc10",0.0841640642766539,-0.577337158858987,0.034,0.135,1
"Podxl2",0.0841640642766539,-0.601089408731249,0.034,0.135,1
"Ell",0.0841640642766539,-0.641179658591465,0.034,0.135,1
"Frrs1l",0.0841964686782881,0.728601085181009,0.224,0.081,1
"Psmd7",0.0847337843984506,-0.626507674566982,0.069,0.189,1
"Ccar1",0.0847337843984506,-0.561827444098921,0.069,0.189,1
"Scaf8",0.0847337843984506,-0.517003292401837,0.069,0.189,1
"Ywhae",0.084993477144552,0.731481658068987,0.362,0.216,1
"Macrod2",0.0854482699814406,0.623699897774763,0.138,0.027,1
"Hspa4",0.0863209837825684,-0.95144002686777,0.121,0.243,1
"Cep85l",0.0866233264907242,-0.738676306423933,0.103,0.243,1
"Kdr",0.0866576527686479,0.875755874094618,0.241,0.108,1
"Ppp3ca",0.0867846948475719,0.659934073690998,0.638,0.514,1
"Ywhaz",0.0881252121546013,0.933016856068478,0.328,0.189,1
"Gulp1",0.0888537431787249,-0.713345506899406,0.103,0.243,1
"Pak2",0.0888565163518839,-0.602306783196285,0.103,0.243,1
"Akap6",0.0893167509209491,-0.732289274056888,0.086,0.216,1
"Tpm4",0.0896245920966978,-0.719875321805452,0.052,0.162,1
"Arap3",0.0896245920966978,-0.584862381857206,0.052,0.162,1
"Ptprd",0.0896354076480239,-0.723820487577532,0.431,0.622,1
"Tnrc6b",0.0901266140463186,-0.444229110861142,0.19,0.378,1
"Rps4x",0.0903881229478363,0.685375790103695,0.259,0.108,1
"Tmod3",0.0909630961748879,-0.690628553222671,0.121,0.27,1
"Snap47",0.0911358653811076,0.950583795816669,0.207,0.081,1
"Nme7",0.0916908668916755,1.10095786217007,0.259,0.135,1
"Cbx3",0.0918008429352238,0.9428561011024,0.172,0.054,1
"Mdh1",0.0920455870435773,0.783597455275719,0.431,0.297,1
"Afdn",0.0921738432915947,-0.423192428929549,0.276,0.459,1
"Hdac8",0.0924990054027517,-0.498879236363835,0.052,0.162,1
"Filip1",0.0931680447882167,-0.431669849611609,0.121,0.27,1
"Acap2",0.0934619913213374,-0.545208302412943,0.103,0.243,1
"Cx3cl1",0.0942360183416221,-0.542490611763621,0.086,0.216,1
"Ctsl",0.0943729641735862,0.912334413565252,0.172,0.054,1
"Rps10",0.0943764249440844,0.950222672613821,0.172,0.054,1
"Msi2",0.0948070041034021,-0.500538750990874,0.259,0.486,1
"Oip5os1",0.0958355109285008,-0.619953640715494,0.103,0.243,1
"Ptpra",0.0970096109731544,0.844793260273789,0.172,0.054,1
"Cct3",0.0970096109731544,0.874616833723514,0.172,0.054,1
"Ptpn12",0.0970096109731544,0.805926686186302,0.172,0.054,1
"Mib1",0.0970096109731544,0.7988751459509,0.172,0.054,1
"Atrnl1",0.0978795492365027,-0.839079868697942,0.172,0.297,1
"Rsbn1l",0.0993701603084521,-0.623020577615145,0.086,0.216,1
"Serbp1",0.0995460039695778,0.782836013020554,0.328,0.189,1
"Arl4a",0.0995659885149887,-0.646144272936835,0.172,0.324,1
"Tubb2a",0.0995659885149887,0.706094602609539,0.293,0.135,1
"Resp18",0.0997012186827343,0.841506886822119,0.172,0.054,1
"Ddrgk1",0.0997012186827343,0.840890204746589,0.172,0.054,1
"Ctxn1",0.0999929264601151,0.647321105504153,0.224,0.081,1
"Smim14",0.1009895348902,0.976874305928664,0.121,0.027,1
"Adarb1",0.1009895348902,1.02018917346139,0.121,0.027,1
"Ubl3",0.102013929035636,-0.777490404274223,0.138,0.27,1
"Tmem59",0.102220797189053,0.676324355974526,0.276,0.135,1
"4932438A13Rik",0.103246578371008,0.80223168628163,0.207,0.081,1
"Rock2",0.103353216414621,-0.251210683632435,0.224,0.432,1
"Ly6h",0.104001013994037,0.783640250561924,0.328,0.162,1
"Ssb",0.104194585395441,0.560083859960312,0.31,0.162,1
"Mrpl30",0.104326933151616,0.982291892004119,0.121,0.027,1
"Rfc1",0.104326933151616,1.07138826007266,0.121,0.027,1
"Hsph1",0.104326933151616,0.959054924581724,0.121,0.027,1
"Samd9l",0.104326933151616,1.01276438038949,0.121,0.027,1
"H2aj",0.104326933151616,1.12586866955053,0.121,0.027,1
"Arhgap17",0.104326933151616,1.1344630071665,0.121,0.027,1
"Herpud1",0.104326933151616,1.18335159302473,0.121,0.027,1
"Foxo3",0.104326933151616,1.02981422301343,0.121,0.027,1
"Polr2e",0.104326933151616,1.05660148880716,0.121,0.027,1
"Gabrg2",0.104326933151616,1.20938486592904,0.121,0.027,1
"Rpl23a",0.104326933151616,1.1084573424799,0.121,0.027,1
"Laptm4b",0.104326933151616,1.02528330455254,0.121,0.027,1
"Plxna2",0.104374529081557,-0.681631386856397,0.138,0.27,1
"Dlgap1",0.104445818959205,0.860372154730962,0.276,0.135,1
"Mcf2l",0.104740047116937,-0.664355330622996,0.155,0.297,1
"Psma4",0.105262956726008,0.786766362918118,0.172,0.054,1
"Luzp1",0.106234658379527,-0.714868916277219,0.259,0.405,1
"Thsd1",0.10677830808712,-0.76522953354367,0.138,0.27,1
"Clic4",0.107449003128645,-0.755143974467194,0.121,0.243,1
"Eri3",0.107751341656161,0.880563249968222,0.121,0.027,1
"Cadm4",0.107751341656161,1.0982944475971,0.121,0.027,1
"Ikbkb",0.107751341656161,0.917492117484169,0.121,0.027,1
"Rps26",0.107751341656161,1.11198034949506,0.121,0.027,1
"Yipf5",0.107751341656161,0.972642407666106,0.121,0.027,1
"Dennd10",0.107751341656161,1.08810185189823,0.121,0.027,1
"Eef1a2",0.108028194110221,1.08336399398842,0.155,0.054,1
"Chmp2a",0.108134707849639,0.780808993630473,0.172,0.054,1
"Dach1",0.108253216530457,-0.647810814400005,0.259,0.405,1
"9530026P05Rik",0.10838744895063,-0.686672348769724,0.241,0.378,1
"Tra2a",0.109225750942147,-0.690472402525469,0.138,0.27,1
"Scd2",0.109437351447078,0.715518760203909,0.362,0.216,1
"Myo10",0.110444287372701,-0.458442269108174,0.19,0.378,1
"Mtus1",0.110818103344708,-0.789458635736761,0.19,0.324,1
"Ppp6r3",0.111106235290305,0.734829035357709,0.207,0.081,1
"Ppp1r7",0.111264146714358,0.874956987125593,0.121,0.027,1
"Atp1a2",0.111264146714358,1.08974383915199,0.121,0.027,1
"Ss18l2",0.111264146714358,0.950784834600045,0.121,0.027,1
"Anapc11",0.111264146714358,0.833152785415171,0.121,0.027,1
"Thoc7",0.111264146714358,0.920319306257025,0.121,0.027,1
"Pbrm1",0.111264146714358,0.757437149483915,0.121,0.027,1
"Ids",0.111264146714358,0.91540872010129,0.121,0.027,1
"Slc22a8",0.111796256173305,-0.902370761665242,0.155,0.297,1
"Dynll1",0.112039269991337,0.814512902045604,0.431,0.324,1
"Ramp2",0.112115574251142,-0.710991099515666,0.224,0.351,1
"Rps2",0.112658679021579,0.425873255450847,0.328,0.162,1
"Nos3",0.112659712909926,-0.76159568580726,0.121,0.243,1
"Rapgef1",0.113828634558301,0.887017010554257,0.207,0.081,1
"Eloc",0.114063997000953,0.64648269398589,0.172,0.054,1
"Emcn",0.114105162811019,-0.809303072231314,0.276,0.405,1
"Vps13a",0.114187682898016,1.0964470850886,0.155,0.054,1
"Sec24b",0.114866725463349,0.918246302223222,0.121,0.027,1
"Ice1",0.114866725463349,0.778000794311187,0.121,0.027,1
"Ppm1h",0.115338733828364,-0.771431556143867,0.121,0.243,1
"Actr2",0.115338733828364,-0.668903087140332,0.121,0.243,1
"Selenop",0.116603290102773,0.844709840758037,0.207,0.081,1
"Ndnf",0.116705131700252,-0.706810750545183,0.155,0.297,1
"Fkbp1a",0.116834877629831,0.737591205396934,0.241,0.108,1
"Setd5",0.117123130244909,-1.07336219542241,0.086,0.189,1
"Ddx1",0.118560444580802,0.762124533929328,0.121,0.027,1
"Wbp4",0.118560444580802,0.839421101772192,0.121,0.027,1
"Cdc42",0.118771331925135,-0.655246157868344,0.379,0.486,1
"Slc25a4",0.120175762739552,0.491691333266897,0.586,0.432,1
"Morf4l1",0.120207825961495,0.627879918362876,0.293,0.162,1
"Nkd1",0.120624546466996,0.904837419605886,0.155,0.054,1
"Cltc",0.121779157644933,0.805771468272344,0.259,0.135,1
"Cntnap2",0.121781726699314,1.02093944030603,0.259,0.135,1
"Eif4e2",0.122346658976601,0.725590055343494,0.121,0.027,1
"Larp1",0.122346658976601,0.763032334128507,0.121,0.027,1
"Mrpl12",0.122346658976601,0.845968761959143,0.121,0.027,1
"Swap70",0.123434321157701,-0.818637497050831,0.086,0.189,1
"Tmem59l",0.123434321157701,0.663832620579444,0.172,0.054,1
"Phactr2",0.123434321157701,0.395150813834799,0.172,0.054,1
"Nars",0.123434321157701,-0.83626783297393,0.086,0.189,1
"Gripap1",0.123434321157701,0.483867082131533,0.172,0.054,1
"Dlg1",0.123498352178564,-0.774272969086071,0.069,0.162,1
"Calm3",0.123658271435076,0.459851187602081,0.276,0.135,1
"Stmn2",0.124556664864721,0.666019386136099,0.431,0.297,1
"Faf1",0.124854201275502,-0.702154015466561,0.138,0.27,1
"Rpl23",0.124917776990979,0.893408747253498,0.448,0.378,1
"Dpysl2",0.125246715603161,0.687836459342968,0.207,0.081,1
"Mtif2",0.125248915959418,-0.983268092359427,0.069,0.162,1
"Sltm",0.125698633566428,-0.631338868525115,0.155,0.297,1
"Creg2",0.126226710463392,-0.915384018848699,0.052,0.135,1
"Tnpo3",0.126226710463392,0.662357303355639,0.121,0.027,1
"Snrpd2",0.126226710463392,0.611729642654254,0.121,0.027,1
"9330162G02Rik",0.126226710463392,0.603127227003458,0.121,0.027,1
"Adprh",0.126226710463392,0.738296683673877,0.121,0.027,1
"Lmo2",0.126346969064569,-0.773876657641689,0.103,0.216,1
"Tspan9",0.126346969064569,1.14191690753013,0.19,0.081,1
"Ppp2ca",0.126346969064569,1.10861718172645,0.19,0.081,1
"Bnip3l",0.126346969064569,1.07710165741806,0.19,0.081,1
"Sez6l2",0.127028179993415,-1.1706664029423,0.069,0.162,1
"Fabp3",0.127337517826158,0.855982036956608,0.155,0.054,1
"Mrpl58",0.127337517826158,0.804096367512084,0.155,0.054,1
"Rgs7bp",0.127337517826158,0.889363815064,0.155,0.054,1
"Rapgef5",0.127620657530676,-0.472910626658713,0.138,0.27,1
"Cldn5",0.127702102958817,-0.496771356021022,0.414,0.541,1
"Egfl7",0.128258361449212,-0.455240180096104,0.431,0.595,1
"Pnisr",0.128451532780489,-0.659136864257122,0.241,0.378,1
"Kifap3",0.129446210556628,0.880178050925992,0.19,0.081,1
"Ndufb6",0.129446210556628,0.885820718119643,0.19,0.081,1
"Syne1",0.129700698452459,-0.650386553179878,0.345,0.459,1
"Pip5k1b",0.130201926407168,-1.0080737534678,0.052,0.135,1
"Hspa5",0.13025587184601,1.08251523902172,0.241,0.135,1
"Dnaaf9",0.130801250916913,0.917925231748948,0.155,0.054,1
"Rpl22l1",0.130801250916913,0.788529855654931,0.155,0.054,1
"Cux1",0.130801250916913,0.790311480760155,0.155,0.054,1
"Srpr",0.130801250916913,1.01318204380282,0.155,0.054,1
"Pcp4",0.130920321864254,0.547304661129036,0.345,0.189,1
"Gsk3b",0.131536406356958,-0.650043556617671,0.172,0.297,1
"Sptbn1",0.131536421871686,-0.271054744700983,0.707,0.811,1
"Srpk2",0.131656996770978,0.788889129377915,0.224,0.108,1
"Rps28",0.131656996770978,0.831789641934578,0.224,0.108,1
"Zfp407",0.132478591535376,-0.486599573726852,0.121,0.243,1
"Cyld",0.132604168496367,-0.516444565593831,0.103,0.216,1
"Sesn1",0.132604168496367,-0.470889584863961,0.103,0.216,1
"Smg6",0.133293459850863,-0.595292445800956,0.138,0.27,1
"Got1",0.133296365034219,0.408573286703646,0.241,0.108,1
"Brd4",0.133395067011642,-0.680969266387829,0.086,0.189,1
"Cox5a",0.133635454933747,0.65191208335282,0.397,0.27,1
"Arhgap31",0.133942517729344,-0.259677390778518,0.379,0.622,1
"N4bp2l2",0.134273618359093,-0.896590619492443,0.052,0.135,1
"A330023F24Rik",0.13432287076368,-1.08250460331955,0.069,0.162,1
"Fam222b",0.13432287076368,-0.839574215854534,0.069,0.162,1
"Csnk1d",0.13432287076368,-0.78891154972719,0.069,0.162,1
"Tbcc",0.135344377140112,-0.944352122567571,0.034,0.108,1
"Ier3ip1",0.135344377140112,-0.807856591132208,0.034,0.108,1
"Prrc2c",0.135446469164245,-0.605824302539594,0.19,0.324,1
"Tubb4b",0.135821462333273,0.87785211397167,0.19,0.081,1
"Igsf8",0.138089657431142,-0.845790695633007,0.069,0.162,1
"Rps5",0.138407111299448,0.840605400929138,0.276,0.162,1
"Cox4i1",0.139567815839741,0.660643793134098,0.5,0.378,1
"Gria3",0.13979812905551,-0.69452364529985,0.172,0.297,1
"Dlg2",0.139810839120341,0.411887389884881,0.379,0.216,1
"Plpp3",0.140144434581481,-0.848176603008448,0.034,0.108,1
"Thoc2l",0.140144434581481,-0.864540625574565,0.034,0.108,1
"Hnrnpl",0.140144434581481,-0.818906432990045,0.034,0.108,1
"Slc25a36",0.140144434581481,-0.724942010659778,0.034,0.108,1
"Vps26a",0.140144434581481,-0.794491509574228,0.034,0.108,1
"Slc38a6",0.140144434581481,-0.631505912483422,0.034,0.108,1
"Tspan14",0.140144434581481,-0.886520975973078,0.034,0.108,1
"Cpe",0.140249222055723,0.560126183911411,0.31,0.162,1
"Mprip",0.140249222055723,-0.734983689562843,0.207,0.324,1
"Nav1",0.141631631665519,0.795622340374518,0.155,0.054,1
"Gas5",0.141631631665519,0.744230143033527,0.155,0.054,1
"Rin2",0.141937333918563,-0.743494951526293,0.069,0.162,1
"Mindy2",0.141937333918563,-1.02133987290748,0.069,0.162,1
"Lpp",0.141937333918563,-0.727494286279543,0.069,0.162,1
"Babam2",0.142436501526494,-0.600492685941751,0.103,0.216,1
"Slc17a7",0.142436501526494,0.919693157500847,0.19,0.081,1
"Hipk1",0.142711589087829,-0.825913866786093,0.052,0.135,1
"Os9",0.142711589087829,-0.845717571814666,0.052,0.135,1
"Itgb1",0.143764528875162,0.787153521934419,0.224,0.108,1
"Zfand5",0.143764528875162,0.803645254619015,0.224,0.108,1
"Rmnd5a",0.14396678917818,-0.681582650292121,0.086,0.189,1
"Nisch",0.14396678917818,-0.629168086036487,0.086,0.189,1
"Gabarapl1",0.143988718829987,0.884845860009322,0.276,0.162,1
"Pou2f1",0.145074395758716,-0.866477853578111,0.034,0.108,1
"Srp72",0.145074395758716,-0.855105983917533,0.034,0.108,1
"Rnf112",0.145074395758716,-0.675173731475817,0.034,0.108,1
"Hsp90aa1",0.145166461165834,0.737683723333374,0.5,0.405,1
"Yaf2",0.145390923727849,0.726424272615707,0.155,0.054,1
"Fbxo38",0.145866830537782,-0.674552336440909,0.069,0.162,1
"Ckb",0.14640107791478,0.554811091835965,0.5,0.378,1
"Ndufc2",0.146789843531011,0.739129269705769,0.259,0.135,1
"Arpc3",0.146920895055748,0.728174351685619,0.224,0.108,1
"Uri1",0.147080399342612,-0.684294541129898,0.052,0.135,1
"Tcaf1",0.147629920787155,-0.664031121757225,0.086,0.189,1
"Kdm6a",0.147629920787155,-0.940577746789762,0.086,0.189,1
"Pspc1",0.149226155652157,0.799704696115925,0.155,0.054,1
"Ndufs5",0.14929614209219,0.787203834510576,0.19,0.081,1
"Pdgfd",0.149602716538178,-0.672240510987982,0.362,0.514,1
"Slk",0.149795005805944,-0.385533029031628,0.155,0.297,1
"Mir100hg",0.149879063436705,-0.774607738744938,0.069,0.162,1
"Araf",0.149879063436705,-0.727360783964063,0.069,0.162,1
"Cycs",0.150129985789309,0.730515501084592,0.224,0.108,1
"Urm1",0.150136117521157,-0.784298804077773,0.034,0.108,1
"Mpped2",0.150136117521157,-0.983934033776467,0.034,0.108,1
"Kcnb1",0.150136117521157,-0.775812978948234,0.034,0.108,1
"Cnn3",0.150136117521157,-0.932205260247738,0.034,0.108,1
"Ufl1",0.150136117521157,-0.729403681636142,0.034,0.108,1
"Cttnbp2",0.150136117521157,-0.755436184260903,0.034,0.108,1
"Cyfip1",0.150136117521157,-0.636627155522993,0.034,0.108,1
"Apba2",0.150136117521157,-0.682715875750653,0.034,0.108,1
"Tssc4",0.150136117521157,-0.679172069447299,0.034,0.108,1
"Dhps",0.150136117521157,-0.60477885541005,0.034,0.108,1
"Cnot1",0.150136117521157,-0.63887382658577,0.034,0.108,1
"Dnajb9",0.150136117521157,-0.746427610336177,0.034,0.108,1
"Uchl3",0.150136117521157,-0.644673037879128,0.034,0.108,1
"Micos13",0.150136117521157,-0.831411552093336,0.034,0.108,1
"Plscr4",0.150826109959569,0.855519980027334,0.241,0.135,1
"Cab39",0.15135956762854,-0.56290190921931,0.086,0.189,1
"Ylpm1",0.151363864228801,-0.720838106929873,0.086,0.189,1
"Rai14",0.151427811034608,-0.577376024160077,0.172,0.297,1
"Gm29237",0.151550745715076,-0.756065569754449,0.052,0.135,1
"Prpf8",0.151550745715076,-0.604507339882308,0.052,0.135,1
"AU021092",0.151550745715076,-0.789718486680828,0.052,0.135,1
"Actn4",0.152385174688323,-0.684671318468022,0.155,0.27,1
"Psmc3",0.15281915782597,0.971081744654698,0.19,0.081,1
"Cisd1",0.15281915782597,-0.592572690692213,0.103,0.216,1
"Angel2",0.153974933729517,-0.645833078212895,0.069,0.162,1
"Cnot10",0.153974933729517,-0.581405381238547,0.069,0.162,1
"Kcnb2",0.154522192249903,1.02268409376197,0.103,0.027,1
"Gnai1",0.154522192249903,0.890922511943803,0.103,0.027,1
"Fscn1",0.154522192249903,0.997169952775911,0.103,0.027,1
"Snrnp27",0.154522192249903,0.966255819206201,0.103,0.027,1
"Tead4",0.154522192249903,0.986305125299498,0.103,0.027,1
"Smim10l1",0.154522192249903,0.947109860177465,0.103,0.027,1
"Clns1a",0.154522192249903,0.928015352828018,0.103,0.027,1
"Nefm",0.154522192249903,0.953297457357746,0.103,0.027,1
"Gpr180",0.155323286482875,-0.708089410929191,0.034,0.108,1
"Orc2",0.155331418863827,-0.631129232495004,0.034,0.108,1
"Abca2",0.155331418863827,-0.6468311574375,0.034,0.108,1
"Slc32a1",0.155331418863827,-0.950875189994943,0.034,0.108,1
"Astn2",0.155331418863827,-0.585562167785284,0.034,0.108,1
"D5Ertd579e",0.155331418863827,-0.565480732867744,0.034,0.108,1
"Ptpn11",0.155331418863827,-0.530762095599195,0.034,0.108,1
"Cadps2",0.155331418863827,-0.570211081076515,0.034,0.108,1
"Zdhhc17",0.155331418863827,-0.796389538029974,0.034,0.108,1
"Hba-a1",0.155331418863827,-1.19897077728131,0.034,0.108,1
"Tmem256",0.155331418863827,-0.619806656224773,0.034,0.108,1
"Tmx1",0.155331418863827,-0.712462165058831,0.034,0.108,1
"2510002D24Rik",0.155331418863827,-0.60415544374347,0.034,0.108,1
"Tbc1d23",0.155331418863827,-0.77747447729456,0.034,0.108,1
"Ppard",0.155331418863827,-0.650217933517434,0.034,0.108,1
"Zfp871",0.155331418863827,-0.602556208761413,0.034,0.108,1
"Dcc",0.155331418863827,-0.679291882363277,0.034,0.108,1
"Arl2",0.155331418863827,-0.734451176900136,0.034,0.108,1
"Spindoc",0.155331418863827,-0.636278880841481,0.034,0.108,1
"Rtl8b",0.155331418863827,-0.609350077532089,0.034,0.108,1
"Bmx",0.155331418863827,-0.738294258121488,0.034,0.108,1
"Sumo2",0.155667582173035,0.736037290418803,0.276,0.162,1
"Norad",0.155974081627897,0.958596208876429,0.259,0.162,1
"Mtor",0.156123839595744,-0.622367007139391,0.052,0.135,1
"Selenos",0.156123839595744,-0.644818899144105,0.052,0.135,1
"Ptprr",0.156123839595744,-0.83454706959853,0.052,0.135,1
"Hba-a2",0.156123839595744,-0.734446692392197,0.052,0.135,1
"Fgf13",0.156123839595744,-0.852094634986916,0.052,0.135,1
"Zbtb46",0.156405070749633,0.612968207260165,0.19,0.081,1
"Podxl",0.156405070749633,-0.461830629855014,0.103,0.216,1
"Prdx2",0.15670490657726,0.852678905566954,0.224,0.108,1
"Rps23",0.156708155087274,0.70727402980411,0.224,0.108,1
"Septin7",0.156944762364927,0.611589302347669,0.431,0.324,1
"Sort1",0.157127609287324,0.42573699777202,0.155,0.054,1
"Dpp8",0.158155326621045,-0.574222158582004,0.069,0.162,1
"Cadps",0.158155326621045,-0.735269898466802,0.069,0.162,1
"Appl1",0.158155326621045,-0.609323943362555,0.069,0.162,1
"Ralyl",0.159046988449332,-0.496839388271599,0.086,0.189,1
"Tbl1xr1",0.159046988449332,-0.400830134422679,0.086,0.189,1
"Golim4",0.159046988449332,-0.602655740297972,0.086,0.189,1
"Cops5",0.159460158512571,1.06370685382341,0.103,0.027,1
"Iars2",0.159460158512571,0.868962175124271,0.103,0.027,1
"C1qa",0.159460158512571,0.912287817092263,0.103,0.027,1
"Hsd17b11",0.159460158512571,0.873132411333333,0.103,0.027,1
"Dnajc30",0.159460158512571,0.879353374785976,0.103,0.027,1
"Hmgn3",0.159460158512571,0.880979494771854,0.103,0.027,1
"Zc3h14",0.159460158512571,0.871057303783605,0.103,0.027,1
"Naa30",0.159460158512571,0.99204616694355,0.103,0.027,1
"Zdhhc8",0.159460158512571,0.908176899557217,0.103,0.027,1
"Il10rb",0.159460158512571,0.873958319728565,0.103,0.027,1
"Ndufaf7",0.159460158512571,1.06175165735978,0.103,0.027,1
"Rit2",0.159460158512571,0.988450673359838,0.103,0.027,1
"Armh3",0.159460158512571,0.876652129871275,0.103,0.027,1
"Rpl36a",0.159460158512571,0.838170111766794,0.103,0.027,1
"Tma7",0.160054444618287,0.667468995174501,0.19,0.081,1
"Rora",0.160623171932297,-0.404370912834123,0.172,0.297,1
"Tcea1",0.160662078110918,-0.413943360423959,0.034,0.108,1
"Ralb",0.160662078110918,-0.508839198684217,0.034,0.108,1
"Dpm2",0.160662078110918,-0.421743274755046,0.034,0.108,1
"C9orf72",0.160662078110918,-0.59446107979257,0.034,0.108,1
"Fam219a",0.160662078110918,-0.599943586397981,0.034,0.108,1
"Agbl4",0.160662078110918,-0.66569492698776,0.034,0.108,1
"Nipsnap2",0.160662078110918,-0.552161931436516,0.034,0.108,1
"Ttc23",0.160662078110918,-0.648894512140468,0.034,0.108,1
"Pstk",0.160662078110918,-0.542204771764339,0.034,0.108,1
"Junb",0.160662078110918,-0.623768422383753,0.034,0.108,1
"ENSMUSG00000120006",0.160662078110918,-0.48586229032166,0.034,0.108,1
"Cyb561",0.160662078110918,-0.601760680869149,0.034,0.108,1
"Gm48383",0.160662078110918,-0.550978429854257,0.034,0.108,1
"Dtnbp1",0.160662078110918,-0.566686297503455,0.034,0.108,1
"Ints9",0.160662078110918,-0.418689276251955,0.034,0.108,1
"Rsl1d1",0.160662078110918,-0.562342135763502,0.034,0.108,1
"Nr6a1",0.160800868032874,-0.604892631521491,0.052,0.135,1
"Ddhd2",0.160800868032874,-0.658819916167848,0.052,0.135,1
"Vegfc",0.160800868032874,-1.17200398718034,0.052,0.135,1
"Myrip",0.160800868032874,-0.640310753059901,0.052,0.135,1
"Nedd4l",0.161998211149706,-0.693612243734801,0.155,0.27,1
"Abhd12",0.162421110526074,-0.493833064203117,0.069,0.162,1
"Rbms2",0.162421110526074,-0.528476660540528,0.069,0.162,1
"Dync1h1",0.162421110526074,-0.370934383793745,0.069,0.162,1
"Tsn",0.163064992821704,-0.979439356907832,0.121,0.216,1
"Ngef",0.164516573063293,0.745718930135095,0.103,0.027,1
"Slc12a6",0.164516573063293,0.791761063702284,0.103,0.027,1
"Gon4l",0.164516573063293,0.960300224453532,0.103,0.027,1
"Otud7b",0.164516573063293,0.789717584166208,0.103,0.027,1
"Gstm5",0.164516573063293,0.779351660053646,0.103,0.027,1
"Gpbp1l1",0.164516573063293,0.855477302152759,0.103,0.027,1
"Vps29",0.164516573063293,0.842608801192032,0.103,0.027,1
"Ccp110",0.164516573063293,0.641992122526403,0.103,0.027,1
"Retreg3",0.164516573063293,0.79028427262744,0.103,0.027,1
"Nmt1",0.164516573063293,0.851025216041443,0.103,0.027,1
"Mcrip1",0.164516573063293,0.790628988063495,0.103,0.027,1
"Pcdh17",0.164516573063293,0.74108059301423,0.103,0.027,1
"Gm10076",0.164516573063293,0.899693075733742,0.103,0.027,1
"Dnajb11",0.164516573063293,0.974574126631775,0.103,0.027,1
"Kat2b",0.164516573063293,1.00455538054141,0.103,0.027,1
"Hspa9",0.164516573063293,0.782444104593765,0.103,0.027,1
"Ik",0.164516573063293,0.878655788456205,0.103,0.027,1
"Prrc2b",0.165235409719127,-0.674964855714323,0.138,0.243,1
"Vwa1",0.165342561585846,-0.443219852364519,0.121,0.243,1
"Psmd1",0.165582992271895,-0.52059102708018,0.052,0.135,1
"Vps4b",0.165582992271895,-0.714479804125811,0.052,0.135,1
"Mrps28",0.165582992271895,-0.669697274521059,0.052,0.135,1
"Sri",0.165582992271895,-0.608075312312914,0.052,0.135,1
"Degs2",0.165582992271895,-0.59674549817579,0.052,0.135,1
"Cysltr1",0.165582992271895,-0.571847922288695,0.052,0.135,1
"Sod2",0.16573565195064,0.889197866819507,0.172,0.081,1
"Xkr4",0.166129830078938,-0.601322507589573,0.034,0.108,1
"Cspp1",0.166129830078938,-0.386711418051984,0.034,0.108,1
"Gm15886",0.166129830078938,-0.516567509712729,0.034,0.108,1
"Mcub",0.166129830078938,-0.511891244139825,0.034,0.108,1
"Apbb1",0.166129830078938,-0.473545106428703,0.034,0.108,1
"Usp38",0.166129830078938,-0.530333690484528,0.034,0.108,1
"Fbxo9",0.166129830078938,-0.698850513059882,0.034,0.108,1
"Als2cl",0.166129830078938,-0.569223170798112,0.034,0.108,1
"Ankrd52",0.166129830078938,-0.411116885755847,0.034,0.108,1
"Fnip1",0.166129830078938,-0.666640492846108,0.034,0.108,1
"Casc3",0.166129830078938,-0.542292367389444,0.034,0.108,1
"Rin3",0.166129830078938,-0.562074781933683,0.034,0.108,1
"Tbce",0.166129830078938,-0.552570140197289,0.034,0.108,1
"Sptlc1",0.166129830078938,-0.543979038672656,0.034,0.108,1
"Nsun2",0.166129830078938,-0.612020486589181,0.034,0.108,1
"Glyr1",0.166129830078938,-0.501185563712824,0.034,0.108,1
"Btg3",0.166129830078938,-0.485092451562632,0.034,0.108,1
"Rpl14",0.166973148812336,0.733754824148635,0.241,0.135,1
"Rrbp1",0.16702164422568,-0.457313182025183,0.086,0.189,1
"Ralgapa2",0.16702164422568,-0.571210047872985,0.086,0.189,1
"Nav3",0.16702164422568,-0.530936608914945,0.086,0.189,1
"Bmpr2",0.168154396131958,-0.482879364758346,0.241,0.378,1
"Arhgef12",0.168819592670826,-0.349414990226979,0.155,0.297,1
"Ndufb5",0.168939927322327,0.891020013985305,0.207,0.108,1
"Erp29",0.168939927322327,0.792963095725692,0.207,0.108,1
"Slc19a3",0.169692807507494,0.95162115888789,0.103,0.027,1
"Atp5e",0.169692807507494,0.691666745130993,0.103,0.027,1
"Gng5",0.169692807507494,0.764494112291815,0.103,0.027,1
"Aurkaip1",0.169692807507494,0.934896135726203,0.103,0.027,1
"Ptov1",0.169692807507494,0.690285433189919,0.103,0.027,1
"Glrx3",0.169692807507494,0.831314975364893,0.103,0.027,1
"Hbp1",0.169692807507494,0.687550351743165,0.103,0.027,1
"Gtpbp4",0.169692807507494,0.748412660460012,0.103,0.027,1
"Fam120a",0.169692807507494,0.684375636619687,0.103,0.027,1
"ENSMUSG00000120301",0.169692807507494,0.658645198793991,0.103,0.027,1
"Cdc5l",0.169692807507494,0.701739683282571,0.103,0.027,1
"Hnrnph2",0.169692807507494,0.694490814619456,0.103,0.027,1
"Kmt2e",0.170353004572271,0.745353739090882,0.241,0.135,1
"Necab1",0.170471346287859,-0.642612150965173,0.052,0.135,1
"Cep83",0.170471346287859,-0.552315802926151,0.052,0.135,1
"Cpeb4",0.170471346287859,-0.523072484086037,0.052,0.135,1
"Ap3m1",0.170471346287859,-0.308983791045685,0.052,0.135,1
"Thoc1",0.170471346287859,-0.579709171270959,0.052,0.135,1
"Iqsec2",0.170471346287859,-0.535971871289112,0.052,0.135,1
"Ccdc174",0.171212235772569,0.918728298343075,0.138,0.054,1
"Trmt112",0.171212235772569,0.832806162634493,0.138,0.054,1
"Agap1",0.171388822294128,0.485638315725355,0.19,0.081,1
"Taf3",0.171736363223707,-0.257136676985576,0.034,0.108,1
"Zzz3",0.171736363223707,-0.359024534953725,0.034,0.108,1
"Orc3",0.171736363223707,-0.389744713111113,0.034,0.108,1
"Gabra4",0.171736363223707,-0.2653993243547,0.034,0.108,1
"Ipo7",0.171736363223707,-0.462320255803622,0.034,0.108,1
"Socs2",0.171736363223707,-0.43315555266582,0.034,0.108,1
"Traf3",0.171736363223707,-0.296984981215112,0.034,0.108,1
"Smim13",0.171736363223707,-0.45222277971926,0.034,0.108,1
"Cdh10",0.171736363223707,-0.36210225282394,0.034,0.108,1
"Slc30a6",0.171736363223707,-0.501690846723951,0.034,0.108,1
"Gnao1",0.172159291524565,0.611623007742583,0.259,0.135,1
"Rpl6",0.172346775005705,0.446658932538853,0.397,0.243,1
"Ndufab1",0.172592161381163,-0.556520548815055,0.121,0.243,1
"Vgll4",0.172595696610744,0.797351991626906,0.207,0.108,1
"Calm2",0.174814880082206,0.552708165924035,0.741,0.649,1
"Degs1",0.174990197127488,0.683755264042834,0.103,0.027,1
"Med8",0.174990197127488,0.716797668793636,0.103,0.027,1
"Sipa1l3",0.174990197127488,0.635349528040826,0.103,0.027,1
"Tmem80",0.174990197127488,0.725296827010352,0.103,0.027,1
"Zbtb7a",0.174990197127488,0.711556613845166,0.103,0.027,1
"Hcfc1r1",0.174990197127488,0.878390197511098,0.103,0.027,1
"Itga6",0.175244365534221,-0.508589641224553,0.224,0.351,1
"Adgre5",0.175293106593036,-0.357514822037544,0.086,0.189,1
"Atp6v0d1",0.175293106593036,-0.465804029551267,0.086,0.189,1
"Crim1",0.175293106593036,-0.38810721904211,0.086,0.189,1
"Rasip1",0.175297478299578,-0.451251721460385,0.103,0.216,1
"Rhob",0.175297478299578,0.487403847476499,0.19,0.081,1
"Prr5l",0.175467035312616,-0.54436202684811,0.052,0.135,1
"Mpp7",0.175467035312616,-0.609554567901554,0.052,0.135,1
"Tmem223",0.175467035312616,-0.505877648843944,0.052,0.135,1
"Laptm4a",0.17554817469337,-0.722281268682687,0.172,0.27,1
"Hdlbp",0.175739222012786,-0.395784321322821,0.069,0.162,1
"Supt6",0.175739222012786,0.851044166227465,0.138,0.054,1
"Fer",0.175739222012786,-0.55136943409176,0.069,0.162,1
"Sms",0.175739222012786,-0.462963664784369,0.069,0.162,1
"Vcpip1",0.17748331677551,-0.357049039890683,0.034,0.108,1
"Stk11",0.17748331677551,-0.483896893819327,0.034,0.108,1
"Atp6v1c1",0.17748331677551,-0.270414918051206,0.034,0.108,1
"Acvrl1",0.17748331677551,-0.346703897030785,0.034,0.108,1
"Fam162a",0.17748331677551,-0.311528828364626,0.034,0.108,1
"Sipa1",0.17748331677551,-0.334033540125203,0.034,0.108,1
"Nxpe4",0.177528706814844,-0.501990479175841,0.31,0.432,1
"Map7d1",0.178064245457207,-0.7224251450688,0.121,0.216,1
"Phip",0.179272260884319,-0.457455640055126,0.103,0.216,1
"Eif5",0.179272260884319,0.557751385317349,0.19,0.081,1
"Tmed9",0.179541727310176,-0.359905934802991,0.086,0.189,1
"Sec62",0.179721904066008,0.450681487827786,0.448,0.297,1
"Rsrc2",0.18008419273993,0.74477201838991,0.207,0.108,1
"Zfand6",0.18008419273993,-0.320563578955429,0.121,0.243,1
"Cspg5",0.18008419273993,0.685512567223248,0.207,0.108,1
"Ndufv2",0.18008419273993,0.77200264399196,0.207,0.108,1
"Rab7",0.180354887280492,0.882217706999032,0.138,0.054,1
"Sirpa",0.180410038876756,0.537680416700957,0.103,0.027,1
"Pcdh7",0.180410038876756,0.43672279418067,0.103,0.027,1
"Ahcyl2",0.180410038876756,0.670061174379005,0.103,0.027,1
"Ldah",0.180410038876756,0.619646086996381,0.103,0.027,1
"Dnajc3",0.180571134358449,-0.579339443437751,0.052,0.135,1
"Septin3",0.180571134358449,-0.410126351001202,0.052,0.135,1
"Dync1i1",0.181896405003821,1.30013418807563,0.172,0.081,1
"Pgm2l1",0.181896405003821,0.74632931300836,0.172,0.081,1
"Fbxl7",0.182586483148113,-0.567321639403611,0.155,0.27,1
"Palm",0.18331366954607,0.476164235360918,0.19,0.081,1
"Snca",0.18391776972261,0.839224071888519,0.207,0.108,1
"Tpm1",0.184554241937572,0.578555593103408,0.276,0.162,1
"Ndufs2",0.185060002710867,0.794809881760314,0.138,0.054,1
"Kcnh7",0.185060002710867,0.696662669851169,0.138,0.054,1
"Rnf13",0.185060002710867,0.702368162673909,0.138,0.054,1
"Pfn1",0.185060002710867,0.757883731643778,0.138,0.054,1
"Dtd1",0.185784686739981,-0.46797285782462,0.052,0.135,1
"Elavl4",0.185784686739981,-0.32900497057364,0.052,0.135,1
"Ncbp1",0.185953589371289,0.415886589492425,0.103,0.027,1
"Tesc",0.185953589371289,0.447924126602953,0.103,0.027,1
"Klhl28",0.185953589371289,0.284178627639087,0.103,0.027,1
"Ubxn1",0.185953589371289,0.742705765526318,0.103,0.027,1
"Rpl34",0.186113485086955,0.790189116819992,0.172,0.081,1
"Bsg",0.186945397380271,0.287961911884477,0.862,0.784,1
"Smurf2",0.187119043296443,-0.533135665996882,0.138,0.243,1
"Polk",0.188242195862954,-0.518766754264841,0.276,0.459,1
"Fgfr2",0.188550778857379,-0.573183807478734,0.207,0.324,1
"Mast4",0.188717348342638,-0.575954011424404,0.276,0.405,1
"Ppig",0.189855317305556,0.819895326418521,0.138,0.054,1
"Usp46",0.189855317305556,-0.376456534444575,0.069,0.162,1
"Uty",0.189855317305556,0.66632616170615,0.138,0.054,1
"Gm37240",0.189863280887136,-0.449528875810732,0.155,0.27,1
"Ly6a",0.190240046222653,0.584237343421768,0.362,0.243,1
"Tanc1",0.190736111023099,-0.435268751230101,0.172,0.297,1
"Creb1",0.19096538898877,-0.527142149558741,0.138,0.243,1
"Rab6b",0.191226977864906,-0.495787177968931,0.224,0.351,1
"Fbxo11",0.191715420270949,0.620686678778253,0.241,0.135,1
"Caly",0.191765633543281,0.759788471851021,0.207,0.108,1
"Pfdn5",0.191765633543281,0.582990580764112,0.207,0.108,1
"Kcnip4",0.193292623139029,-0.36861639662939,0.345,0.514,1
"Tbc1d5",0.193580815030145,-0.500474638352419,0.155,0.27,1
"Rtn3",0.194306621843928,0.514971775176743,0.483,0.405,1
"Tomm7",0.194741557040407,0.749460660181376,0.138,0.054,1
"Tmed2",0.194741557040407,0.716612630944873,0.138,0.054,1
"Gars",0.194741557040407,0.790483074582582,0.138,0.054,1
"Snw1",0.194741557040407,0.726835740081333,0.138,0.054,1
"Wdr33",0.194741557040407,-0.322595675310401,0.069,0.162,1
"Focad",0.194763648610977,0.98374893683271,0.172,0.081,1
"Atp6v1f",0.194763648610977,0.742640501848013,0.172,0.081,1
"Hsbp1",0.194763648610977,0.698483496105391,0.172,0.081,1
"Nufip2",0.194763648610977,0.890663281035602,0.172,0.081,1
"Atp6ap1",0.194763648610977,-0.957399936316063,0.103,0.189,1
"Atp6v0c",0.195324038279551,0.474987342652673,0.638,0.595,1
"Atp5b",0.195423952113107,0.656575488379562,0.328,0.216,1
"Ppp2r5a",0.195780710489511,0.752548696462317,0.207,0.108,1
"Ptpn4",0.196544157414317,-0.331152525208377,0.052,0.135,1
"Cacna2d3",0.196544157414317,-0.4051567990446,0.052,0.135,1
"Pkm",0.196932352948414,-0.93962885926891,0.172,0.27,1
"Rps27",0.197342677120913,0.83357565358172,0.224,0.135,1
"Ppp4r2",0.198227848343148,-0.56152399135158,0.121,0.216,1
"Eif2s2",0.199197740378268,0.840795122575488,0.172,0.081,1
"Sbno1",0.199197740378268,0.654517477796329,0.172,0.081,1
"Dock9",0.200719702536386,-0.543548057052301,0.362,0.486,1
"Ptma",0.202120739906361,0.497306796235178,0.328,0.216,1
"Usp53",0.202125726012818,0.82403388584332,0.328,0.216,1
"Rpl3",0.202125726012818,0.53400249894274,0.328,0.216,1
"Rpl28",0.202654912481289,0.459538246631507,0.397,0.243,1
"Paqr5",0.202654912481289,-0.534357612336009,0.276,0.432,1
"Tnks2",0.202853105883614,-0.507827797965124,0.138,0.243,1
"Pcbp1",0.203705151907037,0.635078083963851,0.172,0.081,1
"Erc1",0.203705151907037,-0.705238847488236,0.103,0.189,1
"Cacybp",0.204789595366289,0.614756927705568,0.138,0.054,1
"Srp9",0.204789595366289,0.617042161966003,0.138,0.054,1
"Kras",0.204789595366289,0.532326469777421,0.138,0.054,1
"Cltb",0.204789595366289,0.646159520423038,0.138,0.054,1
"Serinc3",0.205904443043051,0.455261573099415,0.276,0.162,1
"Pura",0.206068714177868,0.920914925144616,0.276,0.189,1
"Arhgap26.1",0.206744477192657,-0.564775546136139,0.121,0.216,1
"Slc8a1",0.208286347923259,-0.782853610159702,0.103,0.189,1
"Pan3",0.208313598131475,-0.453314432496383,0.172,0.27,1
"Elob",0.209520897723525,0.647042739349181,0.293,0.189,1
"Nono",0.209952722783226,0.578434980927054,0.138,0.054,1
"Rbm5",0.211072230415396,-0.466307087417919,0.138,0.243,1
"Kif13b",0.211072230415396,-0.520631071219405,0.138,0.243,1
"Rps18",0.211082165615571,0.822836294403626,0.259,0.162,1
"Mecom",0.212202111567471,-0.334486140443009,0.586,0.757,1
"Cert1",0.212355986792876,-0.346505744170048,0.328,0.459,1
"Znhit1",0.212941776483904,0.547898332009208,0.172,0.081,1
"Timm13",0.212941776483904,0.57601814637449,0.172,0.081,1
"Tle5",0.215292964978102,0.617749725395541,0.172,0.081,1
"Pcca",0.215367096105601,-0.737697604807823,0.155,0.243,1
"1700018A04Rik",0.215523652840392,-0.772010055643348,0.121,0.216,1
"Abi1",0.217444602276994,-0.879114317046516,0.155,0.243,1
"Rpl36",0.217444602276994,0.678802511375749,0.224,0.135,1
"Atp6v1g2",0.21767186848435,0.597223240740051,0.172,0.081,1
"Nsd3",0.219529528117806,-0.483516362072735,0.138,0.243,1
"Rasgrp3",0.219529528117806,-0.536473616274951,0.138,0.243,1
"Sem1",0.220560318273455,0.725711427701956,0.138,0.054,1
"Eng",0.220617909708518,-0.45069944252053,0.207,0.324,1
"Tmcc1",0.221101453443338,0.256568292541305,0.276,0.162,1
"Map3k3",0.221108912218831,-0.388730405187082,0.155,0.27,1
"Specc1l",0.221170357086903,0.581505118056938,0.207,0.108,1
"Rpl32",0.222818502241659,0.716910775373086,0.259,0.162,1
"Ola1",0.223177490757585,0.592429971636108,0.241,0.135,1
"Cct5",0.223265548845861,0.50001274390633,0.138,0.054,1
"Nktr",0.224219952070814,-0.55053393285999,0.172,0.27,1
"Abr",0.22456823676253,-0.540256256561894,0.121,0.216,1
"Pkd1",0.226005953175581,0.432097947436819,0.138,0.054,1
"Aplp1",0.226068112545081,0.259129752711879,0.397,0.243,1
"Arpc1b",0.226304162005271,1.06980342332068,0.155,0.081,1
"Atp5h",0.227176317494672,0.695809619775715,0.328,0.243,1
"Thra",0.228994521449679,0.254951906866717,0.276,0.162,1
"Wwp1",0.229190889819598,-0.362813281923799,0.121,0.216,1
"Epha4",0.230112451905723,0.683526292579543,0.31,0.216,1
"Clstn1",0.23060738445317,-0.695611889413768,0.259,0.324,1
"Camk2b",0.231419286046506,0.801127505320144,0.155,0.081,1
"Fam126b",0.23231416640659,-0.609223531977472,0.103,0.189,1
"Lyn",0.23231416640659,-0.485555590922479,0.103,0.189,1
"Eif1",0.232629563754944,0.468376121476263,0.5,0.378,1
"Senp6",0.233880865408868,-0.45666896645329,0.121,0.216,1
"Rpl5",0.234555607434381,0.799047422468051,0.224,0.135,1
"Gabarapl2",0.234555607434381,0.734175110355939,0.224,0.135,1
"Slc6a6",0.234849519991565,0.449566802631713,0.483,0.378,1
"Atp5pb",0.236706680485651,0.809666403131932,0.241,0.162,1
"Itch",0.237167905542822,-0.459344941694596,0.138,0.243,1
"Ndufa8",0.237346860846058,-0.608847554266698,0.103,0.189,1
"Cilk1",0.237488334290971,-0.720345157282092,0.086,0.162,1
"Ankrd44",0.238336748222527,-0.814651174248001,0.069,0.135,1
"Mt3",0.238638456059773,0.889109840023488,0.19,0.108,1
"Aopep",0.238638456059773,-0.458211109989918,0.121,0.216,1
"Idh3a",0.241340118456856,0.842015871900638,0.121,0.054,1
"Dek",0.241340118456856,0.885788223108368,0.121,0.054,1
"mt-Nd5",0.241340118456856,0.793603256603672,0.121,0.054,1
"Map4",0.241631836678234,-0.377164287604598,0.224,0.351,1
"Ubb",0.24196779476658,0.297071089353317,0.586,0.459,1
"Rab2a",0.242090706204852,0.407113029602461,0.345,0.216,1
"Swt1",0.24245609879535,0.358491922963243,0.172,0.081,1
"Fbxl2",0.24245609879535,-0.501782937308213,0.103,0.189,1
"Fgf14",0.243926129088151,-0.536632885568936,0.241,0.351,1
"Rps11",0.244062608645657,0.484182486470238,0.293,0.189,1
"Acyp2",0.244370033866868,-0.912841809202092,0.069,0.135,1
"Snhg11",0.245299592837329,-0.443801800958477,0.172,0.27,1
"Dcun1d3",0.247255669623796,0.781074790649844,0.155,0.081,1
"Cmip",0.24742655665422,0.875106635569444,0.121,0.054,1
"Spcs1",0.247637562345602,0.501114029822194,0.172,0.081,1
"Psmd14",0.247642198053539,-0.427092167027725,0.103,0.189,1
"Sh3bgrl3",0.247642198053539,-0.483980456660489,0.103,0.189,1
"Atxn7",0.248575538339096,-0.353720008195111,0.086,0.162,1
"Maml2",0.249113288586451,-0.537301111371528,0.276,0.378,1
"Rps24",0.249113288586451,0.345205696321642,0.362,0.243,1
"Nsd1",0.249565108225942,-0.28617416730708,0.259,0.378,1
"Rcn2",0.250509746551967,-0.723025146177749,0.069,0.135,1
"Actb",0.251882887007015,0.427607364628097,0.69,0.649,1
"Clk4",0.252228560467128,-0.771347500419589,0.121,0.189,1
"Mif",0.25259908406044,0.60550772170475,0.224,0.135,1
"Chga",0.252699318497615,0.69190715203375,0.155,0.081,1
"St13",0.252699318497615,0.851410740625479,0.155,0.081,1
"Rtn1",0.252700144992784,0.2968202211122,0.741,0.73,1
"Tm9sf2",0.253613225300355,0.818056916711848,0.121,0.054,1
"Herc4",0.253619660792806,0.792337080810155,0.121,0.054,1
"Kif13a",0.253619660792806,0.854293746933765,0.121,0.054,1
"Cetn3",0.253619660792806,0.935320724599151,0.121,0.054,1
"Sf3b2",0.254252858710473,-0.60248706073349,0.086,0.162,1
"Son",0.25511747655596,0.451382912005122,0.379,0.27,1
"Eef1b2",0.256377809157626,0.469560809670247,0.259,0.162,1
"Oga",0.256419302468906,-0.306624548887643,0.207,0.324,1
"Ddx42",0.256756354077604,-0.700475838972944,0.069,0.135,1
"Rbm39",0.256850287639281,-0.29078222846598,0.431,0.568,1
"Cdk12",0.257257235780724,0.622487277472744,0.224,0.135,1
"Fkbp2",0.258225927539605,0.841784167266799,0.155,0.081,1
"Fgfr1op2",0.258246148783546,-0.43444755649818,0.103,0.189,1
"Ndufa7",0.258246148783546,0.397767690499088,0.172,0.081,1
"Hpca",0.258350271088874,0.619563298347145,0.19,0.108,1
"Lsr",0.258350271088874,0.654101359430814,0.19,0.108,1
"Crebbp",0.258350271088874,0.905085995641338,0.19,0.108,1
"Lnpep",0.258350271088874,-0.263214609604792,0.121,0.216,1
"Atp10a",0.258548889193905,-0.303033283619846,0.483,0.676,1
"Psma3",0.258595291919968,0.753864050530856,0.241,0.162,1
"Dcaf8",0.259919878544226,0.786891487898828,0.121,0.054,1
"AI593442",0.259919878544226,0.851435719338509,0.121,0.054,1
"6720427I07Rik",0.259919878544226,0.764665003567253,0.121,0.054,1
"Bcl2l1",0.260019784498412,-0.594078088510338,0.086,0.162,1
"Slc24a2",0.260019784498412,-0.537811334989774,0.086,0.162,1
"Arl6ip5",0.260019784498412,-0.505411134054575,0.086,0.162,1
"Ppp1r13b",0.260633126229153,-0.399260992017264,0.207,0.324,1
"Ivns1abp",0.260887262041778,-0.318322968850786,0.121,0.216,1
"Pitpnm2",0.263110283736685,-0.590883735555539,0.069,0.135,1
"Ctnna2",0.263110283736685,-0.489890798863895,0.069,0.135,1
"Col4a2",0.263110283736685,-0.71890506970455,0.069,0.135,1
"Tnrc6c",0.263449771470564,0.650267971261313,0.19,0.108,1
"Acin1",0.263543294565832,-0.513795933857893,0.138,0.216,1
"Cdk8",0.265876624822413,-0.505702344844682,0.086,0.162,1
"Aldoa",0.265966259270974,0.640036170160444,0.466,0.405,1
"Ptpa",0.266124212703734,-0.94319757772522,0.052,0.108,1
"Fam13b",0.266124212703734,-1.11132528883129,0.052,0.108,1
"Psma5",0.266327616574604,0.620234601522116,0.121,0.054,1
"Fam81a",0.266327616574604,0.833781923364758,0.121,0.054,1
"Adamts10",0.266327616574604,0.580873825089706,0.121,0.054,1
"Actg1",0.267996906842845,0.758875201962547,0.31,0.243,1
"Herc2",0.268575878823492,-0.75478674460466,0.138,0.216,1
"Dock1",0.268575878823492,0.307791313759846,0.207,0.108,1
"Wdr37",0.26861830527939,-0.406324253753787,0.121,0.216,1
"Zeb1",0.269203873755441,-0.694166232183623,0.224,0.297,1
"Fam104a",0.26952913429817,0.892472766892936,0.155,0.081,1
"Gbe1",0.26952913429817,0.76240509303464,0.155,0.081,1
"Tgfbr1",0.269571921323017,-0.535792297501941,0.069,0.135,1
"Krcc1",0.269571921323017,-0.727090267172151,0.069,0.135,1
"Ptprs",0.269571921323017,-0.575804938711479,0.069,0.135,1
"Gm5127",0.269571921323017,-0.715411055722934,0.069,0.135,1
"Pbx1",0.269790453983669,-0.59268558980022,0.224,0.324,1
"Rac1",0.269824656623267,0.414590536460767,0.259,0.162,1
"Tmem234",0.270068902471197,0.476547546470577,0.31,0.216,1
"Elk3",0.270483401729796,0.307959717763624,0.276,0.189,1
"Sp100",0.271587965892219,0.567873178389612,0.224,0.135,1
"Bpnt2",0.271823659431569,-0.564225126139165,0.086,0.162,1
"Ctla2a",0.271823659431569,-0.399010673909394,0.086,0.162,1
"Gorasp2",0.27284323956252,0.718766761067968,0.121,0.054,1
"Ssx2ip",0.27284323956252,0.563748747952003,0.121,0.054,1
"Bag1",0.27284323956252,0.66529304591618,0.121,0.054,1
"Smap2",0.27284323956252,0.548053158088573,0.121,0.054,1
"Sdf4",0.27284323956252,0.674802215317746,0.121,0.054,1
"Aak1",0.27284323956252,0.657308458768758,0.121,0.054,1
"Sv2b",0.27284323956252,0.680151067256657,0.121,0.054,1
"Tmem126a",0.27284323956252,0.650539695012687,0.121,0.054,1
"Ano6",0.27284323956252,0.777601827369842,0.121,0.054,1
"Tamalin",0.27284323956252,0.7269380425978,0.121,0.054,1
"Xdh",0.27284323956252,0.581962075605945,0.121,0.054,1
"Ccdc186",0.27284323956252,0.81125634350833,0.121,0.054,1
"C1qb",0.273436278841595,-0.772220853750396,0.052,0.108,1
"Arhgef9",0.273436278841595,-0.884224194726712,0.052,0.108,1
"Rnf130",0.273851881922515,0.592520529122348,0.19,0.108,1
"Eif3c",0.273856049682682,0.7012434285585,0.19,0.108,1
"Tspan3",0.273856049682682,0.578250420705025,0.19,0.108,1
"Cbx5",0.273856049682682,-0.304907740392017,0.121,0.216,1
"Lrfn5",0.274735277381764,-0.295714692040558,0.103,0.189,1
"Ndufa6",0.275306222937398,0.751071657578501,0.155,0.081,1
"Gpm6a",0.275466688093925,0.550572867976298,0.345,0.243,1
"Exoc6b",0.275564604922071,-0.634733413066403,0.362,0.459,1
"Tmx2",0.276141610159781,-0.721490592022598,0.069,0.135,1
"Chmp3",0.276141610159781,-0.628033354544363,0.069,0.135,1
"Abcc6",0.276141610159781,-0.530963400503455,0.069,0.135,1
"Rfx7",0.276141610159781,-0.674484039454907,0.069,0.135,1
"Cep112",0.276141610159781,-0.67122620994384,0.069,0.135,1
"Pdxp",0.276141610159781,-0.582889169540437,0.069,0.135,1
"Kctd16",0.276141610159781,-0.732995908210083,0.069,0.135,1
"Fam204a",0.276141610159781,-0.591193762962305,0.069,0.135,1
"Kdm4c",0.277861138089929,-0.640488080158045,0.086,0.162,1
"Cox7a2",0.277966101056529,0.525257325750193,0.293,0.189,1
"Adgrl4",0.278151839306215,-0.309532623174043,0.586,0.703,1
"Akr1a1",0.279163164073892,0.562431759359002,0.19,0.108,1
"Rpl4",0.279467069238408,0.553738465238787,0.121,0.054,1
"Tpd52l1",0.279467069238408,0.745787910243896,0.121,0.054,1
"Usp25",0.279467069238408,0.579459652233063,0.121,0.054,1
"Tshz2",0.27977209322075,-0.286597203374666,0.328,0.459,1
"Rnf2",0.280884521815947,-0.852668464539997,0.052,0.108,1
"Mast2",0.280884521815947,-0.641023243523598,0.052,0.108,1
"Ncam1",0.280884521815947,-0.850605288074019,0.052,0.108,1
"Srr",0.280884521815947,-0.606493678731893,0.052,0.108,1
"Cpq",0.280884521815947,-0.857863478067299,0.052,0.108,1
"Actr3",0.281167252577127,0.61804557726064,0.155,0.081,1
"Cttnbp2nl",0.281167252577127,0.721404825085671,0.155,0.081,1
"Ewsr1",0.281167252577127,0.517516898300769,0.155,0.081,1
"Vps28",0.281167252577127,0.685365891726407,0.155,0.081,1
"Rnf14",0.281167252577127,0.596421153349037,0.155,0.081,1
"Rap1b",0.281440110728883,0.504891917318584,0.224,0.135,1
"Hnrnpu",0.282348649819853,-0.456213492530481,0.259,0.351,1
"Abi2",0.282819650150212,-0.443142853394943,0.069,0.135,1
"Ubxn4",0.282819650150212,-0.557817584541316,0.069,0.135,1
"Tln2",0.282819650150212,-0.652211173646882,0.069,0.135,1
"Cox14",0.282819650150212,-0.551942328367314,0.069,0.135,1
"Gbf1",0.282819650150212,-0.786112619907271,0.069,0.135,1
"Rnf216",0.283989279975197,-0.431663955510132,0.086,0.162,1
"Ube2n",0.283989279975197,-0.527570822687615,0.086,0.162,1
"Ankfy1",0.283989279975197,-0.604964401016757,0.086,0.162,1
"Smchd1",0.283989279975197,-0.592625270900464,0.086,0.162,1
"Tom1l2",0.284539789766306,-0.370337976612867,0.121,0.216,1
"Tmem30a",0.285042878762513,-0.771569840252395,0.241,0.297,1
"Relch",0.286119288805077,-0.307235410370193,0.103,0.189,1
"Bcap31",0.286119288805077,-0.334402150696806,0.103,0.189,1
"Ramac",0.286199383446851,0.544490793803869,0.121,0.054,1
"Septin8",0.286199383446851,0.537916261124821,0.121,0.054,1
"Septin4",0.286199383446851,0.588591708119063,0.121,0.054,1
"Ubac2",0.286199383446851,0.573701460666663,0.121,0.054,1
"Gnptg",0.286199383446851,0.738601848467031,0.121,0.054,1
"Vamp2",0.286664136330422,0.735254419577726,0.241,0.162,1
"Psap",0.287111551768854,0.400188819774979,0.431,0.351,1
"Uqcr11",0.287112403255894,0.689376991277904,0.155,0.081,1
"H2az2",0.288469324237723,-0.852993668288528,0.052,0.108,1
"Atg12",0.288469324237723,-0.657144057037196,0.052,0.108,1
"Atp2b2",0.288542167923671,-0.476037756518505,0.207,0.297,1
"Cbx1",0.28959975898648,-0.336403282559103,0.069,0.135,1
"Rmdn1",0.289606296851887,-0.486847728220391,0.069,0.135,1
"Epha5",0.289606296851887,-0.57194468058967,0.069,0.135,1
"Phf12",0.289606296851887,-0.583651604509348,0.069,0.135,1
"Nrg3",0.28987672145869,-0.343157469917757,0.19,0.297,1
"Pdap1",0.289915020819898,0.945509824848008,0.172,0.108,1
"Mpc1",0.289915020819898,0.798237001679462,0.172,0.108,1
"Trim44",0.290208273091531,-0.400765798893118,0.086,0.162,1
"Fam193a",0.290208273091531,-0.315089765147571,0.086,0.162,1
"Nkain2",0.290208273091531,-0.350639731011809,0.086,0.162,1
"Adk",0.291532001174586,-0.563294895836205,0.155,0.243,1
"Lamtor2",0.293040415233247,0.540912639704009,0.121,0.054,1
"4833420G17Rik",0.293040415233247,0.651123542173588,0.121,0.054,1
"2210016L21Rik",0.293141827969979,0.461340016243755,0.155,0.081,1
"Arid5b",0.293141827969979,0.295175058177597,0.155,0.081,1
"Rb1",0.293141827969979,0.560550944727267,0.155,0.081,1
"Tasor",0.294725616803523,-0.517717529882044,0.138,0.216,1
"Fut9",0.295502048114912,0.458722650147682,0.19,0.108,1
"Lrrc4",0.295502048114912,-0.307377753725129,0.121,0.216,1
"Neat1",0.295502048114912,0.529992063874934,0.19,0.108,1
"Ndufs1",0.296190997499818,-0.565895895544845,0.052,0.108,1
"Rgs5",0.296190997499818,-0.919162222571152,0.052,0.108,1
"Tbc1d1",0.296190997499818,-0.576894664321065,0.052,0.108,1
"Acacb",0.296190997499818,-0.441547750400784,0.052,0.108,1
"Gsta4",0.296190997499818,-0.483538359138813,0.052,0.108,1
"Ndufa12",0.296190997499818,-0.479460834780166,0.052,0.108,1
"C2cd2",0.296190997499818,-0.471995761305008,0.052,0.108,1
"Chsy3",0.296190997499818,-0.538575926456905,0.052,0.108,1
"Prpf40a",0.296501760576114,-0.428506380294941,0.069,0.135,1
"Itpka",0.296501760576114,-0.472922670759488,0.069,0.135,1
"Hadha",0.296501760576114,-0.411379090292904,0.069,0.135,1
"2900026A02Rik",0.296501760576114,-0.540965801858508,0.069,0.135,1
"Jrkl",0.296501760576114,-0.527294823234316,0.069,0.135,1
"Smarca4",0.296501760576114,-0.4603087646203,0.069,0.135,1
"Rab10",0.296501760576114,-0.377732425753333,0.069,0.135,1
"Nsmce2",0.296501760576114,-0.418060346824775,0.069,0.135,1
"Gspt1",0.296501760576114,-0.570175932568473,0.069,0.135,1
"Bex1",0.296501760576114,-0.476124396266471,0.069,0.135,1
"Yes1",0.296518273697239,-0.385769224429987,0.086,0.162,1
"Tusc3",0.29666807356509,0.506566801962691,0.224,0.135,1
"Synj1",0.29666807356509,0.589458307242594,0.224,0.135,1
"Gm49417",0.297817791915802,-0.276026208553992,0.103,0.189,1
"Alcam",0.298148892383796,-0.6955595609612,0.19,0.27,1
"Cop1",0.299255652206878,0.415478592746976,0.155,0.081,1
"Tspyl4",0.299255652206878,0.566863572039764,0.155,0.081,1
"Naca",0.299390864363658,0.63522199767196,0.259,0.189,1
"Swi5",0.299990351956261,0.49994566978139,0.121,0.054,1
"Trpm7",0.299990351956261,0.433832814791554,0.121,0.054,1
"Dst",0.300153729412858,-0.478170448226426,0.138,0.216,1
"Efr3b",0.300713616259801,-0.590905885563694,0.224,0.297,1
"Atp1a1",0.300868056470974,0.565739339997562,0.293,0.216,1
"Nap1l5",0.301087870332635,0.531325375562502,0.19,0.108,1
"Mrps33",0.301314067618257,0.750343321112585,0.207,0.135,1
"Cox7a2l",0.302919405748113,-0.358653894011299,0.086,0.162,1
"Klf9",0.302919405748113,-0.371045631718545,0.086,0.162,1
"Lamc1",0.303506205513819,-0.292889870215137,0.069,0.135,1
"C130074G19Rik",0.303506205513819,-0.369561981819391,0.069,0.135,1
"Baz1b",0.303506205513819,-0.510493141098102,0.069,0.135,1
"Prpf31",0.303506205513819,-0.479801841095798,0.069,0.135,1
"Anapc10",0.303506205513819,-0.379406742513488,0.069,0.135,1
"Ube2q2",0.303506205513819,-0.382317433315741,0.069,0.135,1
"Ip6k1",0.303506205513819,-0.350330498844288,0.069,0.135,1
"Sobp",0.303506205513819,-0.453398748275241,0.069,0.135,1
"Smarcc2",0.303506205513819,-0.384045479930826,0.069,0.135,1
"Wtap",0.303506205513819,-0.420784953253632,0.069,0.135,1
"Inpp5d",0.30404978021417,-0.516457778782643,0.052,0.108,1
"Ptpn14",0.30404978021417,-0.820292912024453,0.052,0.108,1
"Prkag2",0.30404978021417,-0.680381187897204,0.052,0.108,1
"Suds3",0.30404978021417,-0.481947877599489,0.052,0.108,1
"Tecpr1",0.30404978021417,-0.51142488462312,0.052,0.108,1
"Cdyl2",0.30404978021417,-0.506670697447576,0.052,0.108,1
"Nt5dc1",0.30404978021417,-0.498239739137632,0.052,0.108,1
"Rps6ka5",0.30404978021417,-0.586881906231676,0.052,0.108,1
"Lrrk2",0.30404978021417,-0.5569541737742,0.052,0.108,1
"Ubald1",0.30404978021417,-0.4847755704374,0.052,0.108,1
"Emp2",0.30404978021417,-0.465935334807635,0.052,0.108,1
"Luc7l",0.30404978021417,-0.562221276475382,0.052,0.108,1
"Syn1",0.30404978021417,-0.505770125392132,0.052,0.108,1
"Nbdy",0.30404978021417,-0.583272566606823,0.052,0.108,1
"Atp5l",0.305453973491525,0.461019123731384,0.155,0.081,1
"Dennd3",0.305453973491525,0.428399581952891,0.155,0.081,1
"Rbm25",0.305495046910374,-0.562672419715723,0.224,0.324,1
"Cacna1a",0.305648085599346,-0.297465047724358,0.138,0.216,1
"Gab1",0.306480337070636,-0.318582499910991,0.172,0.27,1
"Man1a2",0.306743582410045,-0.288056691333921,0.121,0.216,1
"Azin1",0.307049334427515,0.319533317988411,0.121,0.054,1
"Gm15614",0.307171799304585,0.684749999213637,0.172,0.108,1
"Sema3c",0.307932555634551,-0.533072443046953,0.328,0.459,1
"She",0.309411760357169,-0.329237556387225,0.086,0.162,1
"Ccdc85b",0.309894608986566,0.63955090476146,0.293,0.243,1
"Acot7",0.310619748889375,-0.304286766450261,0.069,0.135,1
"Ldb2",0.310619748889375,-0.344848859965382,0.069,0.135,1
"Usp3",0.310619748889375,-0.291587572770971,0.069,0.135,1
"Frs2",0.310619748889375,-0.274398477129183,0.069,0.135,1
"Eml6",0.310619748889375,-0.274921019406111,0.069,0.135,1
"Ccdc47",0.310619748889375,-0.380204714580792,0.069,0.135,1
"Zfp277",0.310619748889375,-0.441157619433552,0.069,0.135,1
"Frmd6",0.310619748889375,-0.322496753913415,0.069,0.135,1
"Ankhd1",0.310619748889375,-0.365051798927378,0.069,0.135,1
"Cyth3",0.311208731584172,-0.453154866579869,0.138,0.216,1
"Zeb2",0.31173686094587,0.603209148661546,0.155,0.081,1
"Gnai2",0.31173686094587,0.525289870805679,0.155,0.081,1
"Skp1",0.31173686094587,0.436977212881065,0.155,0.081,1
"Bend6",0.312045836704022,-0.536170117211567,0.052,0.108,1
"Agps",0.312045836704022,-0.505437629954852,0.052,0.108,1
"Mrps26",0.312045836704022,-0.553451834590437,0.052,0.108,1
"Snx21",0.312045836704022,-0.546687020977593,0.052,0.108,1
"Akirin1",0.312045836704022,-0.506623542154159,0.052,0.108,1
"Kdm1a",0.312045836704022,-0.476558707344531,0.052,0.108,1
"Parp12",0.312045836704022,-0.573170088199905,0.052,0.108,1
"A230057D06Rik",0.312045836704022,-0.54818574088503,0.052,0.108,1
"Galnt18",0.312045836704022,-0.52032068242624,0.052,0.108,1
"Cs",0.312045836704022,-0.546237739015913,0.052,0.108,1
"Fndc3a",0.312045836704022,-0.48165942752671,0.052,0.108,1
"Brix1",0.312045836704022,-0.510852814476389,0.052,0.108,1
"Robo2",0.312045836704022,-0.991208116875824,0.052,0.108,1
"Ergic1",0.312045836704022,-0.551469971019075,0.052,0.108,1
"Atp9b",0.312045836704022,-0.405707561838397,0.052,0.108,1
"Ric1",0.312045836704022,-0.387395549303435,0.052,0.108,1
"Atp7a",0.312045836704022,-0.410634223205504,0.052,0.108,1
"Ccdc85a",0.31303045901687,0.2870669197738,0.259,0.162,1
"Snrpb",0.314217456079907,0.357789900427653,0.121,0.054,1
"Psip1",0.314941607853425,0.305227741203499,0.293,0.189,1
"Rnf214",0.315995395271554,-0.298418336536483,0.086,0.162,1
"Tpt1",0.316345837930975,0.504833433827286,0.362,0.297,1
"Hprt",0.316835695866278,-0.409540468834293,0.138,0.216,1
"Itpkb",0.317842460143774,-0.289543710558721,0.069,0.135,1
"Gnb4",0.317842460143774,-0.41855452158168,0.069,0.135,1
"Hdgfl3",0.317842460143774,-0.359199808547737,0.069,0.135,1
"Oaz2",0.317842460143774,-0.355266893151459,0.069,0.135,1
"Nemf",0.317842460143774,-0.260099208079173,0.069,0.135,1
"Nt5c2",0.317842460143774,-0.556046862927771,0.069,0.135,1
"Glp2r",0.318104354862359,0.421571605087579,0.155,0.081,1
"Kidins220",0.318264842592865,0.428791442627374,0.19,0.108,1
"Zfp292",0.319046752200387,-0.67066467263295,0.121,0.189,1
"Rps15",0.319781022298634,0.818893954708683,0.276,0.216,1
"Rev1",0.32017925555449,-0.385212072407211,0.052,0.108,1
"Fubp1",0.32017925555449,-0.296735146818343,0.052,0.108,1
"Rpn1",0.32017925555449,-0.490435590733725,0.052,0.108,1
"Alkbh8",0.32017925555449,-0.393256057157662,0.052,0.108,1
"Ppil4",0.32017925555449,-0.418903573995512,0.052,0.108,1
"Shprh",0.32017925555449,-0.295993577204459,0.052,0.108,1
"Cep68",0.32017925555449,-0.416485708960786,0.052,0.108,1
"Gm55122",0.32017925555449,-0.34011884508353,0.052,0.108,1
"Supt16",0.32017925555449,-0.356390600808592,0.052,0.108,1
"Ubxn7",0.32017925555449,-0.436141111200568,0.052,0.108,1
"Hnrnpll",0.32017925555449,-0.477536284399888,0.052,0.108,1
"Esco1",0.32017925555449,-0.464615021801525,0.052,0.108,1
"Reps2",0.32017925555449,-0.515785230989323,0.052,0.108,1
"Nfib",0.320863014248042,-0.317060289251137,0.328,0.432,1
"Rprd1a",0.321494762165975,0.340612601586534,0.121,0.054,1
"Clta",0.321924619872979,0.569895600910667,0.241,0.162,1
"Hnrnph3",0.322057374826795,-0.550432752719693,0.121,0.189,1
"Itfg1",0.323180845243992,0.560395859026363,0.207,0.135,1
"Cox6a1",0.325095440247209,0.732420672738824,0.172,0.108,1
"Tspan13",0.325490438369259,0.739912963513123,0.224,0.162,1
"Lhfpl2",0.327048920143556,-0.498415895042444,0.207,0.297,1
"Pten",0.327183687614888,-0.329744106542034,0.172,0.27,1
"Rabep1",0.328392941970163,-0.597713551154335,0.19,0.27,1
"Zc2hc1a",0.328450048224554,-0.437479991238714,0.052,0.108,1
"Tmem165",0.328450048224554,-0.316752126832994,0.052,0.108,1
"Sfswap",0.328450048224554,-0.301937910897656,0.052,0.108,1
"Nr2f2",0.328450048224554,-0.339750934266701,0.052,0.108,1
"Scoc",0.328450048224554,-0.334790995006831,0.052,0.108,1
"Lamb2",0.328450048224554,-0.378450786392049,0.052,0.108,1
"St6galnac2",0.328450048224554,-0.314967726800956,0.052,0.108,1
"Cyria",0.328450048224554,-0.318881776765545,0.052,0.108,1
"Sbf1",0.328450048224554,-0.436491478794413,0.052,0.108,1
"Myof",0.328450048224554,-0.397962750423447,0.052,0.108,1
"Rab11fip2",0.328450048224554,-0.356763942262222,0.052,0.108,1
"Etv6",0.328806283367879,0.469987592555072,0.207,0.135,1
"Fam171b",0.328810073875274,0.525720004435604,0.207,0.135,1
"ENSMUSG00000121513",0.329354580540158,0.287606638836214,0.81,0.865,1
"Sox17",0.331213801912985,0.633392633712972,0.172,0.108,1
"Trip12",0.331218252887154,-0.575393151880737,0.121,0.189,1
"Mark3",0.331218252887154,-0.465659638644835,0.121,0.189,1
"Eid1",0.332086798716561,0.423814575973634,0.276,0.189,1
"Tcf25",0.332086798716561,0.46115934929058,0.276,0.189,1
"Rpl10",0.332086798716561,0.491964259885707,0.276,0.189,1
"Vamp4",0.33261542045167,-0.479450040491646,0.069,0.135,1
"Mfhas1",0.33261542045167,-0.416038706078158,0.069,0.135,1
"Psmd6",0.33261542045167,-0.355826867763633,0.069,0.135,1
"Usp32",0.332853905912758,0.667308807774054,0.138,0.081,1
"Mllt10",0.333618796780338,-0.347368720611707,0.172,0.243,1
"Mapk1",0.334311311804034,0.606470289712832,0.259,0.189,1
"Prkar1b",0.336071422829325,0.266378753742846,0.19,0.108,1
"Plcl1",0.336858147723513,-0.401523443699429,0.052,0.108,1
"Pip4k2a",0.336858147723513,-0.665754045934268,0.052,0.108,1
"Rpn2",0.336858147723513,-0.480894304000569,0.052,0.108,1
"Ubap2l",0.336858147723513,-0.315422268859651,0.052,0.108,1
"Slc16a4",0.336858147723513,-0.28291367444482,0.052,0.108,1
"Jun",0.336858147723513,-0.343934908152522,0.052,0.108,1
"Rplp0",0.336858147723513,-0.382352176157947,0.052,0.108,1
"Cnep1r1",0.336858147723513,-0.309335210326129,0.052,0.108,1
"Map2k2",0.336858147723513,-0.274668312448863,0.052,0.108,1
"Abca5",0.336858147723513,-0.343039433201417,0.052,0.108,1
"Stard3nl",0.336858147723513,-0.394111134767942,0.052,0.108,1
"Camk2g",0.336858147723513,-0.268562407762351,0.052,0.108,1
"Map3k4",0.336858147723513,-0.366286129419051,0.052,0.108,1
"Malt1",0.336858147723513,-0.334134797331876,0.052,0.108,1
"Ndufs4",0.337415148993939,0.656192020782846,0.172,0.108,1
"Ppp1r2",0.337415148993939,0.683376959006387,0.172,0.108,1
"Lrrc8c",0.337714437319632,-0.765955669629954,0.103,0.162,1
"Adgrf5",0.338011177295639,-0.470766269231087,0.276,0.378,1
"Ccny",0.339668862943379,0.608417194096585,0.328,0.27,1
"Phlpp1",0.339756983303179,0.822721487091627,0.138,0.081,1
"R3hdm1",0.339925330144592,-0.325186468362778,0.155,0.243,1
"Tnfrsf19",0.339925330144592,0.354579770343725,0.224,0.135,1
"Rps16",0.340250176654336,0.52643801089472,0.207,0.135,1
"Rps15a",0.342146750985373,0.388778852287441,0.19,0.108,1
"Rpl30",0.343293561352874,0.42315413249921,0.241,0.162,1
"Fermt2",0.343686064107464,0.560553522789905,0.172,0.108,1
"Dleu2",0.343686064107464,-0.528657253092051,0.121,0.189,1
"Nceh1",0.344420169317435,0.276732063978195,0.155,0.081,1
"Tacc1",0.344658504084981,-0.566353100096845,0.172,0.243,1
"Cox6c",0.344703497120995,-0.440615876005267,0.224,0.297,1
"Kcnt2",0.345403407354903,-0.326759664850485,0.052,0.108,1
"Ubac1",0.345403407354903,-0.285611178273843,0.052,0.108,1
"Dnajb6",0.34560354573707,-0.333710605046162,0.155,0.243,1
"Rab14",0.345961302605675,0.399708839022543,0.328,0.243,1
"Fam174a",0.346751174858528,0.785709077486853,0.138,0.081,1
"Tubb3",0.346751174858528,0.807834148211073,0.138,0.081,1
"Cmss1",0.346963875093597,-0.386946532387471,0.483,0.595,1
"Crip2",0.347454439415268,0.754635901571498,0.224,0.162,1
"Hint1",0.348395559687198,0.463264568276981,0.31,0.216,1
"Sqstm1",0.350030910183109,0.597921839726534,0.172,0.108,1
"Crk",0.351210262913599,0.349737532206588,0.155,0.081,1
"Atp5j2",0.35198947374265,-0.415281361967182,0.138,0.216,1
"Prex2",0.35219962015654,-0.458262638533965,0.276,0.378,1
"Ldlrad4",0.353089457953539,0.598100322051173,0.224,0.162,1
"Igfbp7",0.353096937504561,-0.381075191127071,0.379,0.459,1
"Fto",0.353836346299758,0.708644208396814,0.138,0.081,1
"Cnr1",0.353927043792726,0.786203508759189,0.103,0.054,1
"Uba2",0.353927043792726,0.60403766160518,0.103,0.054,1
"Prmt1",0.353927043792726,0.758748580232856,0.103,0.054,1
"Icam5",0.353927043792726,0.994587680145413,0.103,0.054,1
"Klhl6",0.353927043792726,0.583039088492642,0.103,0.054,1
"Ablim1",0.353978242804461,-0.528954147286808,0.586,0.622,1
"Kif1a",0.356449575352565,-0.522033438011426,0.121,0.189,1
"Cadm1",0.356499200520331,-0.656624524962563,0.276,0.351,1
"Syt1",0.357990800253328,0.336587457007305,0.586,0.541,1
"Vti1a",0.358079930158243,-0.431309787530725,0.138,0.216,1
"Atp6ap2",0.358079930158243,0.794515088645783,0.19,0.135,1
"Hbb-bs",0.358084577316184,-1.28739513610848,0.103,0.162,1
"Unc13b",0.360555640906367,-0.513670909846081,0.19,0.27,1
"Gria2",0.360697766927611,-0.426751495078542,0.259,0.351,1
"H2az1",0.360697766927611,-0.562294843764238,0.259,0.351,1
"Rpl18a",0.360805536723802,0.535189266880369,0.259,0.189,1
"Gapvd1",0.361012327050356,0.595780452353591,0.138,0.081,1
"Ensa",0.361012327050356,0.540176911026391,0.138,0.081,1
"Mat2a",0.361012327050356,0.775111281756477,0.138,0.081,1
"Gjc1",0.361012327050356,0.637865543008694,0.138,0.081,1
"Trappc9",0.361012327050356,0.524607734825034,0.138,0.081,1
"D8Ertd738e",0.362214826555773,0.804037584613512,0.103,0.054,1
"Cyfip2",0.362214826555773,0.736237157625662,0.103,0.054,1
"Psmd12",0.362214826555773,0.709478320163961,0.103,0.054,1
"Cfl2",0.362214826555773,0.619698844778013,0.103,0.054,1
"Rtraf",0.362214826555773,0.724636767340151,0.103,0.054,1
"Dynll2",0.363885505816549,0.528255097983744,0.207,0.135,1
"Afap1l1",0.363885505816549,0.458310860726273,0.207,0.135,1
"Abl2",0.368278909864845,0.551995801429668,0.138,0.081,1
"Cend1",0.368278909864845,0.587289879349079,0.138,0.081,1
"Tmbim4",0.368278909864845,0.498012747793308,0.138,0.081,1
"Cct4",0.369507795029644,0.417566860420516,0.172,0.108,1
"Ttc9b",0.369951079781857,0.465836214291528,0.207,0.135,1
"Rps3",0.369951079781857,0.458029510496353,0.207,0.135,1
"Ap2a2",0.370338842168725,0.671335661868516,0.224,0.162,1
"Cacna1e",0.37062313590788,0.883024942780179,0.103,0.054,1
"Ppdpf",0.37062313590788,0.642341363219056,0.103,0.054,1
"Dctn6",0.37062313590788,0.913505669010277,0.103,0.054,1
"Ank",0.37062313590788,0.671310934578947,0.103,0.054,1
"Tef",0.37062313590788,0.566589557364928,0.103,0.054,1
"Tbx1",0.37062313590788,0.685606939452806,0.103,0.054,1
"Tulp4",0.37062313590788,0.891749951100516,0.103,0.054,1
"Rps12",0.3712488202405,0.489044909011904,0.241,0.162,1
"Ext1",0.372085148182182,-0.620516490782202,0.103,0.162,1
"Vsnl1",0.372815767458573,0.398126752506225,0.397,0.324,1
"Rbfox1",0.375020306218855,0.555274973756788,0.31,0.243,1
"Zfp800",0.375635850480364,0.493572824613758,0.138,0.081,1
"Fkbp8",0.375635850480364,0.698819483912336,0.138,0.081,1
"Notum",0.375635850480364,0.789346568969745,0.138,0.081,1
"Rictor",0.376147004697742,-0.379032641345052,0.121,0.189,1
"Nlk",0.376199606435929,0.465891981375956,0.224,0.162,1
"Cnksr2",0.376746016690015,-0.332360237017055,0.138,0.216,1
"Wwox",0.376805485454874,-1.1283252000998,0.138,0.189,1
"Id1",0.37731521693952,0.518189152192403,0.259,0.189,1
"Spock2",0.378544685635655,-0.380246479554142,0.5,0.595,1
"Eif3m",0.379144392129842,0.562996639413559,0.103,0.054,1
"Zdhhc21",0.379151582911282,0.57266149563956,0.103,0.054,1
"Tbrg1",0.379151582911282,0.597843540684031,0.103,0.054,1
"Cryab",0.379151582911282,0.791703794310565,0.103,0.054,1
"Epm2aip1",0.379151582911282,0.585852281795,0.103,0.054,1
"Drg1",0.379151582911282,0.84315119845295,0.103,0.054,1
"Mia2",0.379151582911282,0.623234561128486,0.103,0.054,1
"Rasa1",0.379151582911282,0.698662470808153,0.103,0.054,1
"Khdrbs3",0.379151582911282,0.576948008877901,0.103,0.054,1
"Ss18",0.379151582911282,0.613512395078385,0.103,0.054,1
"Gda",0.379151582911282,0.634293719898273,0.103,0.054,1
"Pecam1",0.379156494619061,-0.399392042853336,0.172,0.243,1
"B2m",0.379166444286732,-0.525606342778575,0.155,0.216,1
"Ambra1",0.382854963811332,-0.262853064340068,0.121,0.189,1
"AW554918",0.382859343388114,-0.312065182718276,0.121,0.189,1
"Rhoa",0.383064399486937,-0.353878866663292,0.19,0.27,1
"Uqcrfs1",0.383082867291958,0.565266772762657,0.138,0.081,1
"Gnaq",0.383868097308522,-0.258560734077966,0.345,0.432,1
"Zkscan3",0.386029214552254,-0.571574112257729,0.086,0.135,1
"Fam117b",0.386420122810599,-0.424831707378007,0.103,0.162,1
"Ube2h",0.386420122810599,-0.547027065064124,0.103,0.162,1
"Lrp6",0.386420122810599,-0.409378628947114,0.103,0.162,1
"B430010I23Rik",0.386420122810599,-0.378566290295156,0.103,0.162,1
"Gtf2a1",0.386420122810599,-0.44588076632891,0.103,0.162,1
"Exoc2",0.386420122810599,-0.584025707442839,0.103,0.162,1
"Plcb4",0.38708269889823,-0.357501354228273,0.224,0.297,1
"Ythdf3",0.387799712315822,0.413366934727854,0.103,0.054,1
"Gpi1",0.387799712315822,0.397711755144922,0.103,0.054,1
"Guk1",0.387799712315822,0.600925417246693,0.103,0.054,1
"Psme2",0.387799712315822,0.527011731589792,0.103,0.054,1
"Atp5g3",0.388517980083073,0.454319375507643,0.207,0.135,1
"Exoc5",0.388521697854632,0.354266536783886,0.207,0.135,1
"Lcor",0.389644576952678,-0.389416876113552,0.121,0.189,1
"Tbl1x",0.389644576952678,-0.479986743145708,0.121,0.189,1
"Hspd1",0.390619641052189,0.639131260071413,0.138,0.081,1
"Nek7",0.390619641052189,0.54212621690307,0.138,0.081,1
"Scand1",0.390619641052189,0.445731480553136,0.138,0.081,1
"Gng11",0.390619641052189,0.400004765662314,0.138,0.081,1
"Smad7",0.39167109014767,-0.588466210018298,0.155,0.216,1
"Dnaja1",0.392594925065157,0.589444332737153,0.276,0.216,1
"Ube2r2",0.393712321151297,-0.252285364650154,0.103,0.162,1
"Dennd6a",0.393712321151297,-0.502640993207741,0.103,0.162,1
"Nfkb1",0.393929479380235,-0.572053172362728,0.086,0.135,1
"Cntn1",0.393929479380235,-0.687714270033935,0.086,0.135,1
"Ttc14",0.394136734433603,0.628598476396791,0.224,0.162,1
"Atp5md",0.394136734433603,0.596448980181099,0.224,0.162,1
"Top1",0.394279576081239,0.533416777508763,0.259,0.189,1
"Akap8l",0.396502446244563,0.513285344433611,0.172,0.108,1
"Pex19",0.396567001965286,0.41093802912819,0.103,0.054,1
"Map1a",0.396567001965286,0.481786488202799,0.103,0.054,1
"Cd93",0.396567001965286,0.403310776762321,0.103,0.054,1
"Tomm5",0.396567001965286,0.35484546216571,0.103,0.054,1
"Casd1",0.396567001965286,0.444743916221062,0.103,0.054,1
"Hikeshi",0.396567001965286,0.588118607874821,0.103,0.054,1
"Psma1",0.396567001965286,0.456389433397626,0.103,0.054,1
"Slc38a3",0.396567001965286,0.504175981266148,0.103,0.054,1
"Coa3",0.396567001965286,0.444800175840864,0.103,0.054,1
"Acot13",0.396567001965286,0.496356692657363,0.103,0.054,1
"Ankrd33b",0.396567001965286,0.476248420791454,0.103,0.054,1
"Peg13",0.396567001965286,0.495254181953102,0.103,0.054,1
"Cdip1",0.396567001965286,0.428056000771402,0.103,0.054,1
"Eif2s3y",0.396567001965286,0.480315958256761,0.103,0.054,1
"Cnot4",0.396591573050671,-0.603812399743823,0.138,0.189,1
"Serpinb6a",0.398245814595639,0.440809153579498,0.138,0.081,1
"Lims2",0.398245814595639,0.646176041634728,0.138,0.081,1
"Soga3",0.399161787806637,0.793246298270005,0.155,0.108,1
"Prkcb",0.39951236886017,0.491026586464136,0.328,0.27,1
"Ppia",0.400839079946735,0.281314492250812,0.621,0.568,1
"Hp1bp3",0.401087226906137,-0.307186629976872,0.103,0.162,1
"Cp",0.401926834148562,-0.764489775339236,0.086,0.135,1
"Napb",0.40343266696832,0.277518724824001,0.172,0.108,1
"Rplp2",0.40343266696832,0.356243671666356,0.172,0.108,1
"Ezh1",0.40343266696832,0.423469162821807,0.172,0.108,1
"Slc9a3r2",0.403446526565088,0.510858099275834,0.241,0.189,1
"Erbb4",0.405452862263072,0.444055650157977,0.103,0.054,1
"Usp33",0.405452862263072,0.583314604714366,0.103,0.054,1
"Megf9",0.405452862263072,0.364491746908836,0.103,0.054,1
"Ndufb7",0.405452862263072,0.409111347733509,0.103,0.054,1
"Lonp2",0.405452862263072,0.361207180761308,0.103,0.054,1
"Ipo11",0.405452862263072,0.397039991812696,0.103,0.054,1
"Ppp1ca",0.405452862263072,0.428836207858185,0.103,0.054,1
"Tubb5",0.405846527615156,0.462835697970138,0.259,0.189,1
"Ppp1r12b",0.405960992588888,0.463314202904635,0.138,0.081,1
"Tm2d1",0.405960992588888,0.441037869162936,0.138,0.081,1
"Psmb5",0.405960992588888,0.463027897573342,0.138,0.081,1
"Drap1",0.405960992588888,0.499681746347151,0.138,0.081,1
"Mbnl1",0.407223587412255,-0.256947399701817,0.259,0.351,1
"Rab6a",0.407649126192906,0.460512970753207,0.207,0.135,1
"Sos2",0.40854447409303,-0.341519947097614,0.103,0.162,1
"Hnrnpd",0.409932990388769,0.40201970090313,0.103,0.054,1
"Scai",0.410020810284329,-0.656551410680976,0.086,0.135,1
"Hnrnpk",0.410434929544012,0.340669261526329,0.172,0.108,1
"Wapl",0.410434929544012,-0.366681094709115,0.121,0.189,1
"Esam",0.412376926838206,-0.375915015890215,0.19,0.27,1
"Jam2",0.412376926838206,-0.344375087920333,0.19,0.27,1
"Gad1",0.413764741306481,0.372655889653968,0.138,0.081,1
"Nf2",0.414098114678128,-0.536000639974072,0.086,0.135,1
"Ncdn",0.414456635698679,0.451667661291586,0.103,0.054,1
"Phactr4",0.414456635698679,0.403869087127118,0.103,0.054,1
"Gabrb1",0.414456635698679,0.368444789748989,0.103,0.054,1
"Zcchc8",0.414456635698679,0.535556891179817,0.103,0.054,1
"Bpgm",0.414456635698679,0.346199962243955,0.103,0.054,1
"Vps54",0.414456635698679,0.403444431473134,0.103,0.054,1
"Ep300",0.414456635698679,0.387961759075782,0.103,0.054,1
"Rcan2",0.414456635698679,0.390645106308889,0.103,0.054,1
"Mxi1",0.414456635698679,0.390441946592583,0.103,0.054,1
"Upf3b",0.414456635698679,0.422034446102932,0.103,0.054,1
"Sfr1",0.415379573146451,0.880099817981377,0.241,0.189,1
"Mcl1",0.41570088771125,-0.270858658782553,0.172,0.243,1
"Myh10",0.41570088771125,-0.275127286494905,0.172,0.243,1
"Map2k5",0.41608366369003,-0.422945291671765,0.103,0.162,1
"Stim2",0.418210893647798,-0.604022877094155,0.086,0.135,1
"Pcnx",0.420706976103115,0.321491413049434,0.207,0.135,1
"Ppp1r16b",0.421656588433441,0.301069563997788,0.138,0.081,1
"Pip5k1a",0.421656588433441,0.507897225740002,0.138,0.081,1
"Efhd2",0.421656588433441,0.306150089496106,0.138,0.081,1
"Clcn4",0.421656588433441,0.349915015869823,0.138,0.081,1
"Mrps12",0.421656588433441,0.398308808012082,0.138,0.081,1
"Lrrk1",0.421656588433441,0.27056335214296,0.138,0.081,1
"Rps17",0.421656588433441,0.298284683292933,0.138,0.081,1
"Mat2b",0.421656588433441,0.335487011466088,0.138,0.081,1
"Zfp182",0.421656588433441,0.253085306712724,0.138,0.081,1
"Atp8a1",0.422685523145875,0.310435423122484,0.466,0.405,1
"Gm14211",0.423577596436455,0.32905007432421,0.103,0.054,1
"Gatad2b",0.423577596436455,0.303970406117975,0.103,0.054,1
"Prdm5",0.423577596436455,0.297128119405239,0.103,0.054,1
"Acp1",0.423577596436455,0.412714080688286,0.103,0.054,1
"Tafazzin",0.423577596436455,0.284984018400724,0.103,0.054,1
"Mysm1",0.423704363479829,-0.351715392326186,0.103,0.162,1
"Layn",0.423704363479829,-0.315479048570071,0.103,0.162,1
"Ocln",0.423704363479829,-0.453237384209602,0.103,0.162,1
"Pfdn1",0.424009405581239,-0.47464385718881,0.155,0.216,1
"Huwe1",0.424009405581239,-0.384516247518696,0.155,0.216,1
"Rb1cc1",0.424654214792825,0.317966912245054,0.172,0.108,1
"Usp34",0.425524608932471,-0.376720951027166,0.293,0.378,1
"Abl1",0.426496524305139,-0.321659357787298,0.086,0.135,1
"Enox2",0.426496524305139,-0.664300656720636,0.086,0.135,1
"Rpl21",0.429308016680197,0.63910739383489,0.362,0.324,1
"Foxp1",0.429339940155721,0.253298932251531,0.552,0.459,1
"Zhx3",0.429382572030693,0.583486694631949,0.19,0.135,1
"Sorbs2os",0.429573377390929,-0.427795122418907,0.207,0.27,1
"Vdac2",0.429636022894778,0.346911750986187,0.138,0.081,1
"Clic5",0.429636022894778,0.371732541898939,0.138,0.081,1
"Tmem151a",0.429636022894778,0.328924932189184,0.138,0.081,1
"Klhl5",0.431346553036453,0.63003588884411,0.207,0.162,1
"Sumo1",0.431406107915871,-0.289336699232233,0.103,0.162,1
"Lama4",0.431406107915871,-0.353119539472863,0.103,0.162,1
"Osbpl8",0.431406107915871,-0.411648515436249,0.103,0.162,1
"Ctnna1",0.431406107915871,-0.280500079132687,0.103,0.162,1
"Kcnq5",0.43281494996795,0.374632735103058,0.103,0.054,1
"Rgl1",0.43281494996795,0.26134817374163,0.103,0.054,1
"Usp8",0.43281494996795,0.348584533902005,0.103,0.054,1
"Nfx1",0.43281494996795,-0.998343319462263,0.069,0.108,1
"Sox5",0.43281494996795,0.342846704446226,0.103,0.054,1
"Mtmr3",0.43281494996795,0.353844817557114,0.103,0.054,1
"Ppp4r1",0.43281494996795,-0.765160020956644,0.069,0.108,1
"Atl2",0.43281494996795,0.256155489285415,0.103,0.054,1
"Btbd1",0.43487709633628,-0.504620550542373,0.086,0.135,1
"Rps27a",0.435628635050008,0.343357548631688,0.259,0.189,1
"Mtarc2",0.435834509492441,0.541815364465806,0.155,0.108,1
"Pglyrp1",0.437946610990089,0.578569108654553,0.224,0.162,1
"Rpl18",0.437946610990089,0.497183285968634,0.224,0.162,1
"Rpl41",0.438621604073522,0.42814020813897,0.397,0.351,1
"Myl6",0.439545014137818,-0.368567529721786,0.293,0.351,1
"Lamp1",0.441179540426267,-0.280879962850855,0.172,0.243,1
"Myo1d",0.442945215815675,-0.265637790894096,0.259,0.324,1
"Pdcd10",0.443180295656163,0.47314285215486,0.19,0.135,1
"Gtdc1",0.44335195767849,-0.408221506714657,0.086,0.135,1
"Fyco1",0.44335195767849,-0.379226635790859,0.086,0.135,1
"Eef2",0.44335195767849,-0.439245466003934,0.086,0.135,1
"Ulk2",0.44335195767849,-0.380214494864769,0.086,0.135,1
"Atl3",0.44335195767849,-0.387249048500815,0.086,0.135,1
"Ank3",0.443395511988784,0.525883107706484,0.155,0.108,1
"Rprml",0.443395511988784,0.570512298557413,0.155,0.108,1
"Rhoj",0.444139906070932,-0.342454780308129,0.155,0.216,1
"Fnbp1l",0.444426099999866,0.733156127980295,0.224,0.162,1
"Ndufv1",0.447050701245254,-0.257379953557816,0.103,0.162,1
"Sst",0.447885712021425,-0.302550306838527,0.207,0.27,1
"Ccnt2",0.451030909299883,0.568878368181843,0.155,0.108,1
"Nudc",0.451030909299883,0.559869176492753,0.155,0.108,1
"Apod",0.451206673400363,0.582275943475252,0.207,0.162,1
"Lrrfip2",0.451635312383835,-0.699635950546563,0.069,0.108,1
"Hnrnpf",0.45192041000628,-0.382753725625626,0.086,0.135,1
"Xbp1",0.45192041000628,0.741355606600756,0.121,0.081,1
"Uimc1",0.45192041000628,-0.345002094712731,0.086,0.135,1
"Rbx1",0.45192041000628,0.577308807708664,0.121,0.081,1
"Itpr1",0.454430883625173,-0.421867502974672,0.259,0.324,1
"Npy",0.45598849158285,0.432144574792162,0.362,0.324,1
"Eif4g2",0.457227986729362,0.399525125811085,0.19,0.135,1
"Cdk17",0.457227986729362,0.410479501003651,0.19,0.135,1
"Ftl1",0.458740175266476,0.528640492824534,0.155,0.108,1
"Atp5o.1",0.458754744199257,0.30317315138924,0.241,0.189,1
"Suclg1",0.46058170864814,-0.444201307031217,0.086,0.135,1
"Vsig2",0.46058170864814,-0.339195968047403,0.086,0.135,1
"Ppp3cc",0.46058170864814,-0.382825396412837,0.086,0.135,1
"Arl3",0.46058170864814,0.616093149040856,0.121,0.081,1
"Tpk1",0.461216386673993,-0.571641918717508,0.069,0.108,1
"Hook3",0.461216386673993,-0.510346824229283,0.069,0.108,1
"Tomm70a",0.461216386673993,-0.488342787308271,0.069,0.108,1
"Mecp2",0.461216386673993,-0.716442269841891,0.069,0.108,1
"Mbnl2",0.462905703868634,-0.294409870657549,0.259,0.351,1
"Rpl7",0.464189392224169,0.297955911687995,0.224,0.162,1
"Snx3",0.464189392224169,0.462558057611988,0.224,0.162,1
"Dctn3",0.464729229028955,0.537420846383676,0.207,0.162,1
"6820431F20Rik",0.46693217580945,-0.401420649316366,0.138,0.189,1
"Asah1",0.469335062540621,-0.337527033581852,0.086,0.135,1
"Dusp3",0.469335062540621,0.617456648074748,0.121,0.081,1
"A930015D03Rik",0.469335062540621,-0.316867031789738,0.086,0.135,1
"Npm1",0.47085308702571,0.575931772253772,0.259,0.216,1
"Bicra",0.470909984338619,-0.441391798909498,0.069,0.108,1
"Nav2",0.470909984338619,-0.635292321677442,0.069,0.108,1
"Tubb4a",0.470909984338619,-0.470726525062123,0.069,0.108,1
"Rapgef2",0.470977797646973,0.500053825097851,0.345,0.324,1
"Sorbs2",0.47137603454182,-0.402840842948904,0.552,0.595,1
"Hnrnpr",0.471522335112582,0.462442327916512,0.19,0.135,1
"Ppp3r1",0.471522335112582,0.493167240681168,0.19,0.135,1
"Gls",0.471598582076478,0.261102920767343,0.241,0.189,1
"Fip1l1",0.474378061952617,0.578538497953118,0.155,0.108,1
"Cdc37",0.474378061952617,0.455718126115602,0.155,0.108,1
"Ranbp9",0.474378061952617,-0.481679494004479,0.121,0.162,1
"Rab11b",0.474378061952617,0.392517733438548,0.155,0.108,1
"Slc4a10",0.478179634220214,-0.276679936155801,0.086,0.135,1
"Hras",0.478179634220214,0.756283772042445,0.121,0.081,1
"Asxl2",0.478179634220214,0.679002373127453,0.121,0.081,1
"Kmt2c",0.478474274314026,-0.491589602034159,0.172,0.216,1
"Gabarap",0.478760880901629,0.338745736026564,0.19,0.135,1
"Cdk19",0.478873824146519,-0.290065081496604,0.155,0.216,1
"Adar",0.480714964601515,-0.715483485421583,0.069,0.108,1
"C1galt1",0.480714964601515,-0.358238011453916,0.069,0.108,1
"Mosmo",0.480714964601515,-0.479787442189919,0.069,0.108,1
"Dtnb",0.480714964601515,-0.472945749786999,0.069,0.108,1
"Prelid1",0.480714964601515,-0.456801237199978,0.069,0.108,1
"Sft2d1",0.480714964601515,-0.469200074483859,0.069,0.108,1
"Rsu1",0.481787356331226,-0.407569334866142,0.138,0.189,1
"Klf13",0.482305483772452,0.625886392963582,0.155,0.108,1
"Parvb",0.482305483772452,0.427508496618939,0.155,0.108,1
"Arhgef3",0.485809104077572,-0.257840639213057,0.207,0.27,1
"Pltp",0.485823667146577,0.462229547692062,0.448,0.459,1
"Itprid2",0.48711453985344,-0.262284777337488,0.086,0.135,1
"Rad17",0.48711453985344,-0.322991384006439,0.086,0.135,1
"Brd1",0.48711453985344,-0.308644013109692,0.086,0.135,1
"Slc1a2",0.487192639804053,0.38446454433142,0.293,0.243,1
"Hmcn1",0.488260201060675,-0.356215448057189,0.534,0.568,1
"Rps29",0.488490080581192,0.430125898667134,0.328,0.27,1
"Pde4dip",0.49030437649007,0.398247586389723,0.155,0.108,1
"Eif4e",0.490630117329113,-0.27746769793769,0.069,0.108,1
"Elavl1",0.490630117329113,-0.35410474403405,0.069,0.108,1
"Atp5c1",0.49229439941669,0.359507609993045,0.259,0.189,1
"Ank2",0.493171909982055,-0.276317996854477,0.155,0.216,1
"Krit1",0.493171909982055,-0.306812559038364,0.155,0.216,1
"Ppp2r1a",0.493418285033461,0.295455106847449,0.19,0.135,1
"Chchd10",0.494384833102829,0.310515891017655,0.328,0.27,1
"Braf",0.496138849305517,-0.317728031927921,0.086,0.135,1
"Brk1",0.496138849305517,0.699013671988015,0.121,0.081,1
"Lysmd4",0.496138849305517,-0.279558357290925,0.086,0.135,1
"Rpl27",0.496138849305517,0.556411032318061,0.121,0.081,1
"Ndufa2",0.496138849305517,0.476342346667779,0.121,0.081,1
"Rims1",0.496895963478953,-0.30513782019001,0.138,0.189,1
"Dab2ip",0.496895963478953,-0.470088441921187,0.138,0.189,1
"Micu3",0.496895963478953,0.635070001329635,0.172,0.135,1
"Ube2e3",0.498374067490497,0.258165259615442,0.155,0.108,1
"Chchd3",0.498374067490497,0.315487998068302,0.155,0.108,1
"Rpl17",0.499501718204821,0.507742094562797,0.207,0.162,1
"Hsd17b12",0.500654163159004,-0.296337764888146,0.069,0.108,1
"Tmem130",0.500654163159004,-0.369148127459154,0.069,0.108,1
"Kdm7a",0.500654163159004,-0.293475563884297,0.069,0.108,1
"Cacna1c",0.500654163159004,-0.439246837995941,0.069,0.108,1
"Mical3",0.500654163159004,-0.252855997202556,0.069,0.108,1
"Ipo8",0.500654163159004,-0.464675550969346,0.069,0.108,1
"Psmd8",0.500654163159004,-0.331425312082198,0.069,0.108,1
"Crtc3",0.500654163159004,-0.393102468781714,0.069,0.108,1
"Atp11b",0.500836109234427,0.306045479055222,0.19,0.135,1
"Add1",0.500836109234427,0.277800722576538,0.19,0.135,1
"Dennd1a",0.502659804933726,0.485862119720058,0.259,0.216,1
"Wasf2",0.504543891105346,-0.299949949691771,0.138,0.189,1
"Anxa3",0.504543891105346,-0.284484526268302,0.138,0.189,1
"Rpl8",0.505102871270842,0.545527953101031,0.345,0.324,1
"Ehmt1",0.505251586247952,0.484656241592793,0.121,0.081,1
"Ndufs3",0.505251586247952,0.606116581189155,0.121,0.081,1
"Smim12",0.505251586247952,0.452484095762924,0.121,0.081,1
"Mxd4",0.505251586247952,0.553063586074087,0.121,0.081,1
"Aftph",0.505251586247952,0.486948704143739,0.121,0.081,1
"Map3k1",0.505251586247952,0.3331190622092,0.121,0.081,1
"Stmn4",0.505251586247952,0.442070731227454,0.121,0.081,1
"Grb14",0.505403054972228,0.302172451662936,0.259,0.189,1
"Atp11c",0.506513854998428,-0.602070695623332,0.121,0.162,1
"Chmp4b",0.506618363323902,0.536925914193271,0.207,0.162,1
"H3f3b",0.507282709324516,-0.259382102766423,0.379,0.514,1
"Tle4",0.510181128569273,0.529819845866428,0.224,0.189,1
"Sclt1",0.510785753699818,-0.369974007669338,0.069,0.108,1
"Fdps",0.510785753699818,-0.385772708618536,0.069,0.108,1
"Slc6a17",0.510785753699818,-0.378005518599003,0.069,0.108,1
"Cmtm8",0.510785753699818,-0.308796867080913,0.069,0.108,1
"Arl1",0.510785753699818,-0.270832301748912,0.069,0.108,1
"Xpo1",0.510785753699818,-0.355239879978362,0.069,0.108,1
"Ttc19",0.510785753699818,-0.284723920137069,0.069,0.108,1
"Npc2",0.510785753699818,-0.277041601266565,0.069,0.108,1
"Zdhhc20",0.510785753699818,-0.298357388455055,0.069,0.108,1
"Tiam2",0.510785753699818,-0.31395751985195,0.069,0.108,1
"Ppp2r2b",0.510785753699818,-0.38755443541442,0.069,0.108,1
"Thoc2",0.510785753699818,-0.597478623607126,0.069,0.108,1
"Kat6a",0.512249772150604,-0.419187699834574,0.138,0.189,1
"Tln1",0.51225343652456,0.58678846638926,0.172,0.135,1
"Arhgef15",0.51225343652456,-0.303002066712279,0.138,0.189,1
"Numb",0.51225343652456,-0.260327724893104,0.138,0.189,1
"Kcnma1",0.51225343652456,-0.322406937143624,0.138,0.189,1
"Chchd2",0.512531087967741,0.335150452977941,0.345,0.297,1
"Cfh",0.514451728305302,0.557773770673439,0.121,0.081,1
"Rad23b",0.514451728305302,0.375247088931112,0.121,0.081,1
"Kpna3",0.514451728305302,0.485330274767648,0.121,0.081,1
"Zfc3h1",0.514723008167567,0.250127636632555,0.155,0.108,1
"Cfl1",0.517083614767124,0.435417632587816,0.224,0.189,1
"Srsf7",0.518074689625005,0.42097867129082,0.241,0.189,1
"Atxn10",0.520023972587986,0.511349031737553,0.172,0.135,1
"Tcp1",0.520023972587986,0.489949622399762,0.172,0.135,1
"Arfgef1",0.521009991014732,-0.570323341838792,0.172,0.216,1
"Manbal",0.521023471803001,-0.492680757541366,0.069,0.108,1
"Smarca5",0.521023471803001,-0.34521005312983,0.069,0.108,1
"St3gal4",0.521023471803001,-0.328068727122125,0.069,0.108,1
"Rab8b",0.521023471803001,-0.321642013521306,0.069,0.108,1
"Snrk",0.521023471803001,-0.258277100705533,0.069,0.108,1
"Slc35b1",0.521023471803001,-0.315235700338495,0.069,0.108,1
"Atf4",0.521023471803001,-0.330737517182678,0.069,0.108,1
"Rspry1",0.52300076718981,0.374724045785839,0.155,0.108,1
"Srp14",0.523439434090327,0.270500019920914,0.19,0.135,1
"Rbms1",0.523673484119303,-0.286464433211932,0.328,0.378,1
"Txn1",0.523738207241383,0.414227673892139,0.121,0.081,1
"Psmc2",0.523738207241383,0.52114502163672,0.121,0.081,1
"Metap2",0.523738207241383,0.487310327204347,0.121,0.081,1
"Arf1",0.523738207241383,0.463409628595639,0.121,0.081,1
"Syne2",0.523738207241383,0.544105068556041,0.121,0.081,1
"Ube2m",0.527851264543088,0.49886606752478,0.172,0.135,1
"Rassf9",0.527851264543088,0.633304809427112,0.172,0.135,1
"Sema7a",0.527854849480358,0.52994616738421,0.172,0.135,1
"Slc1a1",0.527854849480358,0.515887973996105,0.172,0.135,1
"Ncor1",0.531032270975008,-0.387997699451955,0.19,0.243,1
"Scg2",0.531346343424328,-0.696092967808661,0.121,0.162,1
"Atxn2",0.531346343424328,-0.360216810158592,0.121,0.162,1
"Rnf111",0.531346343424328,-0.442283975730123,0.121,0.162,1
"Copg2",0.531365831906913,-0.259199306350684,0.069,0.108,1
"Stx8",0.531365831906913,-0.332641455665151,0.069,0.108,1
"Plppr4",0.53310990918509,0.328994513152502,0.121,0.081,1
"Sdk1",0.53310990918509,0.51880300251499,0.121,0.081,1
"Akap12",0.53310990918509,0.414476584962764,0.121,0.081,1
"Sptlc2",0.53310990918509,0.53878072219378,0.121,0.081,1
"Pros1",0.53310990918509,0.302692290303101,0.121,0.081,1
"Zranb2",0.535567592145048,0.310217210828903,0.259,0.216,1
"Btbd7",0.535609279057288,0.315263476424094,0.207,0.162,1
"Gse1",0.535745394825038,0.404434018805216,0.172,0.135,1
"Slc38a2",0.535745394825038,0.492560013742395,0.172,0.135,1
"Pafah1b1",0.537753840758583,-0.315462975361001,0.397,0.432,1
"Kansl1",0.539358459998876,-0.294841397428829,0.259,0.324,1
"Eci2",0.541811280453601,-0.326615186759142,0.069,0.108,1
"Npdc1",0.542565674895974,0.279044843054738,0.121,0.081,1
"Prpf4b",0.543027523707268,-0.279309168031825,0.362,0.405,1
"Ddx24",0.543636917057643,0.471692800722454,0.293,0.243,1
"C1ql3",0.543694913803213,0.675847363523251,0.172,0.135,1
"Shroom4",0.543694913803213,-0.461787718404856,0.138,0.189,1
"Arap2",0.545805129697516,-0.261808468673662,0.207,0.27,1
"Ndufa5",0.548237649717674,0.483105831097913,0.155,0.108,1
"Wwtr1",0.550411845871222,-0.272961784851462,0.172,0.216,1
"Cnot2",0.550411845871222,-0.275966740504696,0.172,0.216,1
"Rassf3",0.550411845871222,0.273581081419097,0.207,0.162,1
"Tmsb10",0.551702689287024,0.426983060190769,0.172,0.135,1
"Ranbp2",0.552104300069686,0.258326094530794,0.121,0.081,1
"Maged1",0.552104300069686,0.324886302980899,0.121,0.081,1
"Map7d2",0.552104300069686,0.285863806718038,0.121,0.081,1
"Ildr2",0.552358196378454,-0.313510342078225,0.069,0.108,1
"Rsrc1",0.556781659772934,-0.393117376065123,0.121,0.162,1
"Zbtb38",0.559370997257468,-0.510651370168904,0.103,0.135,1
"Cdk14",0.559490721158732,0.502474929999027,0.224,0.189,1
"Rnf169",0.559767981986646,0.560726957380618,0.172,0.135,1
"Ppp1cb",0.560242249901555,0.59599743551422,0.19,0.162,1
"Inf2",0.561724535683317,0.265570428878898,0.121,0.081,1
"Chn1",0.564341242971145,-0.263958539068518,0.241,0.297,1
"Spop",0.565390047431634,-0.254607135421968,0.121,0.162,1
"Syt11",0.565413044920211,0.414946060409445,0.207,0.162,1
"Ndufa11",0.565413044920211,0.555925787041403,0.207,0.162,1
"Zfand3",0.56671924107445,-0.256174722281779,0.19,0.243,1
"Septin11",0.567890030611307,0.428810612317921,0.172,0.135,1
"Arpc2",0.570165153067003,-0.427513289592354,0.155,0.189,1
"Cdk11b",0.574061882525918,-0.293974476024027,0.121,0.162,1
"Idh3b",0.575725492189087,0.611049298975924,0.19,0.162,1
"Mrpl20",0.576068052044225,0.505936512552912,0.172,0.135,1
"Rpl31",0.583164709298775,0.479816287080015,0.138,0.108,1
"Fbxl5",0.583164709298775,0.497489749092836,0.138,0.108,1
"Ncam2",0.583164709298775,0.596313074901978,0.138,0.108,1
"Phf20l1",0.583392594878346,0.525009943156442,0.259,0.216,1
"Ube2d3",0.584301241531451,0.329341864789796,0.172,0.135,1
"Zfyve9",0.584301241531451,0.590278694009073,0.172,0.135,1
"Nap1l1",0.584301241531451,0.316922710126163,0.172,0.135,1
"Zmynd11",0.584301241531451,0.378464517423646,0.172,0.135,1
"Zmiz1",0.584301241531451,0.370796436028113,0.172,0.135,1
"Ctsh",0.58617071019727,-0.41803611599989,0.155,0.189,1
"Puf60",0.587427053494465,-0.336023471274663,0.103,0.135,1
"Lars2",0.588276471846343,0.424499085759569,0.207,0.162,1
"Mff",0.592273309344662,0.495542979100917,0.138,0.108,1
"Agrn",0.592273309344662,0.475092549523573,0.138,0.108,1
"Eif3a",0.592273309344662,0.443092034867502,0.138,0.108,1
"Ndufb8",0.592588772884561,0.5147602005513,0.172,0.135,1
"Arl6ip1",0.594622714170257,0.382299272628801,0.431,0.432,1
"Cul1",0.595991449585723,-0.293515477995342,0.172,0.216,1
"Kansl1l",0.596921707905044,-0.471601770446916,0.103,0.135,1
"Rsbn1",0.596921707905044,-0.505946138304789,0.103,0.135,1
"Mef2c",0.598114991651112,-0.287164989292741,0.448,0.486,1
"Tecr",0.599104115704556,0.519951613873323,0.31,0.27,1
"Stag1",0.60120048232767,-0.296503953958209,0.276,0.297,1
"Gatm",0.602052133274342,0.335317572532078,0.241,0.216,1
"Atp5j",0.602089739186882,0.285611870447467,0.345,0.324,1
"Edf1",0.602381584196934,-0.4337632479976,0.155,0.189,1
"Map1lc3a",0.602381584196934,-0.358140354724556,0.155,0.189,1
"Garre1",0.602415633888457,-0.252730648639981,0.328,0.378,1
"Ndufa4",0.602558727817081,0.402453480248635,0.379,0.378,1
"Smarca2",0.602920276578274,-0.325781522624089,0.207,0.243,1
"Atxn1",0.603155545448143,-0.545459851063388,0.259,0.297,1
"Camk2d",0.60351753469578,0.281646244467695,0.224,0.189,1
"Gprasp1",0.607474556428554,-0.591027610361731,0.138,0.162,1
"Mrps17",0.609323450575125,0.251135589364407,0.172,0.135,1
"Cct7",0.609323450575125,0.29207772571159,0.172,0.135,1
"Hspa12b",0.609364132367253,-0.312515644283392,0.121,0.162,1
"Baiap2",0.611558070523318,-0.250771782980229,0.172,0.216,1
"Sparcl1",0.611894911464438,0.299204121478815,0.379,0.351,1
"Psd3",0.613904460938092,0.324285617256365,0.328,0.297,1
"Ube2k",0.615292469558009,0.253819699768291,0.155,0.216,1
"Cdc42bpb",0.616117361273899,-0.342141395027395,0.103,0.135,1
"Lmbrd1",0.616157319673569,-0.604378938515297,0.138,0.162,1
"Peli1",0.617768839380489,0.294170787916323,0.172,0.135,1
"Pdpk1",0.618791410069871,-0.439950662533862,0.155,0.189,1
"Slc16a2",0.618791410069871,-0.288950890120264,0.155,0.189,1
"Pdia6",0.619408296888889,0.38029168755218,0.207,0.162,1
"Elmod1",0.619982851406522,0.343400388549689,0.138,0.108,1
"Sdha",0.619982851406522,0.482396577107549,0.138,0.108,1
"Erbin",0.620109312322016,-0.764536585107416,0.086,0.108,1
"Rpl37",0.62334720648524,0.33386121890225,0.19,0.162,1
"Ldlrad3",0.625069684331003,-0.426474594946996,0.207,0.243,1
"Manf",0.625418884416758,0.550665881246485,0.103,0.081,1
"Hmgcs1",0.625418884416758,0.66967629548238,0.103,0.081,1
"Gm20732",0.625418884416758,0.668611100792517,0.103,0.081,1
"Srsf10",0.62581569961742,-0.276081756777471,0.103,0.135,1
"Kif5c",0.626265055488934,0.253101834674201,0.172,0.135,1
"Ssh2",0.627369753044272,0.376288760431426,0.121,0.162,1
"Samd12",0.627454235362733,-0.403778815841462,0.362,0.378,1
"Ociad1",0.629343328047233,0.32488273945955,0.138,0.108,1
"Fn1",0.632415431004394,0.380261956630055,0.31,0.27,1
"Bod1l",0.633683967764625,0.447117541006467,0.155,0.135,1
"Rab11a",0.633683967764625,-0.499436702418704,0.138,0.162,1
"Pdia3",0.63539352528413,-0.365730034463991,0.155,0.189,1
"Avl9",0.635579214120882,-0.412554998377133,0.103,0.135,1
"Stt3b",0.635579214120882,-0.288990942653068,0.103,0.135,1
"Grb10",0.635579214120882,-0.33875459480244,0.103,0.135,1
"Irf2",0.636096308598782,0.473637236143343,0.103,0.081,1
"Abcf1",0.636096308598782,0.458474172844505,0.103,0.081,1
"Atp1b1",0.636403039900266,0.271867043030856,0.534,0.568,1
"Rpl37a",0.638481600050993,0.356900277463054,0.241,0.216,1
"Ttll7",0.638763735806989,0.352183676904758,0.138,0.108,1
"Clock",0.638763735806989,0.347036912369822,0.138,0.108,1
"Myo9a",0.638763735806989,0.292313502989615,0.138,0.108,1
"Rnf227",0.638763735806989,0.54741952386678,0.138,0.108,1
"Cap2",0.638763735806989,0.351545202903383,0.138,0.108,1
"Atp2a2",0.63913192678207,0.321240628355079,0.397,0.378,1
"Psmb3",0.64252580936429,0.491427386131072,0.155,0.135,1
"Pard3",0.643296359750109,-0.447973697303885,0.259,0.27,1
"Cox6b1",0.646831504641672,0.252496428027535,0.276,0.243,1
"Zyg11b",0.646849890701262,0.626150295445005,0.103,0.081,1
"Mfsd2a",0.646849890701262,0.475649820681631,0.103,0.081,1
"Jund",0.646849890701262,0.445352054544913,0.103,0.081,1
"Atp6v1a",0.646849890701262,0.649912439727271,0.103,0.081,1
"Slc40a1",0.647780008048989,0.369561137837319,0.19,0.162,1
"Ldhb",0.649037689229876,0.256154747732878,0.224,0.189,1
"Glg1",0.65141859679095,-0.623096100172483,0.138,0.162,1
"Map2k4",0.65141859679095,-0.667548793862322,0.138,0.162,1
"Cavin2",0.65225464901663,-0.384279289676511,0.086,0.108,1
"Atp6v0b",0.653535950498236,0.343195104054309,0.345,0.324,1
"Tgfbr2",0.655296073014958,-0.276553808023673,0.103,0.135,1
"Btf3",0.655296073014958,-0.407185622995937,0.103,0.135,1
"Fzd6",0.656008537847171,0.422545252931526,0.19,0.162,1
"Nefl",0.656011060055162,0.30157721347319,0.19,0.162,1
"Sys1",0.657673385951299,0.431297156978322,0.103,0.081,1
"Timm17a",0.657677730585139,0.524547233157911,0.103,0.081,1
"Rif1",0.657677730585139,0.440847153964604,0.103,0.081,1
"Dpp6",0.657677730585139,0.492268255653734,0.103,0.081,1
"Med28",0.657677730585139,0.42162864542546,0.103,0.081,1
"Pcmt1",0.657677730585139,0.413777791122084,0.103,0.081,1
"Gpx4",0.657677730585139,0.431071294140753,0.103,0.081,1
"Ccnd3",0.657677730585139,0.524254767640651,0.103,0.081,1
"Ndufb2",0.657775854603342,0.3305689603062,0.138,0.108,1
"Golgb1",0.657779220649845,0.277869164248852,0.138,0.108,1
"Psmd11",0.663118890593365,-0.435011636911118,0.086,0.108,1
"Dock6",0.665246485255614,-0.285634573258578,0.103,0.135,1
"Rnf187",0.665246485255614,-0.28811994338977,0.103,0.135,1
"Shank3",0.665246485255614,-0.271654845207151,0.103,0.135,1
"Dock4",0.667021183017131,0.273183587098343,0.517,0.568,1
"Mapre2",0.667371664958998,0.283315252677916,0.138,0.108,1
"Mrpl34",0.668573656455586,0.539099530824717,0.103,0.081,1
"Pea15a",0.6685778813689,0.40019423899123,0.103,0.081,1
"Coq5",0.6685778813689,0.394419015800174,0.103,0.081,1
"Mon2",0.669146531364046,0.599509295167661,0.172,0.162,1
"Gng3",0.669146531364046,-0.282930610634278,0.155,0.189,1
"Osbpl9",0.67005261122212,0.351196802866037,0.207,0.189,1
"Piezo1",0.674054452412875,-0.360637828766539,0.086,0.108,1
"Zfp322a",0.674054452412875,-0.450145360191979,0.086,0.108,1
"Anks1",0.677018775882472,0.317450189205259,0.138,0.108,1
"Arid4b",0.678391760995838,-0.304547396013078,0.138,0.162,1
"Syt4",0.678391760995838,0.461671037470055,0.155,0.135,1
"Cr1l",0.679548350433241,0.406222930433523,0.103,0.081,1
"Rpl35",0.679548350433241,0.314827638183653,0.103,0.081,1
"Gmps",0.679548350433241,0.383730534592381,0.103,0.081,1
"Pik3r1",0.679548350433241,0.34342005493976,0.103,0.081,1
"Txnl1",0.679548350433241,0.357456169456916,0.103,0.081,1
"Mbp",0.679548350433241,0.5044962929079,0.103,0.081,1
"Rabgap1l",0.680952600351465,0.271744728973845,0.19,0.162,1
"Klf12",0.680997395722322,0.257936193811849,0.552,0.432,1
"Ino80",0.68505931937878,-0.444700695018981,0.086,0.108,1
"Epn2",0.685505043666701,-0.303670735591018,0.241,0.27,1
"Cgnl1",0.68628023427627,-0.449683734266594,0.155,0.189,1
"Znrf1",0.686282680168086,-0.251034441071647,0.155,0.189,1
"Pitpna",0.686282680168086,-0.449021213530187,0.155,0.189,1
"Pnpla8",0.686282680168086,-0.25805103065667,0.155,0.189,1
"Arf5",0.687477353458567,-0.293758156296619,0.138,0.162,1
"Ptp4a2",0.689346290292515,0.342457424366378,0.19,0.162,1
"Atp6v0e2",0.690583122990269,0.342913233347668,0.103,0.081,1
"Evi5",0.690587100473849,0.376015383065007,0.103,0.081,1
"Rras2",0.690587100473849,0.431549383377871,0.103,0.081,1
"Csnk1g1",0.690587100473849,0.255391957081591,0.103,0.081,1
"Rptor",0.690587100473849,0.27504878598243,0.103,0.081,1
"Trappc6b",0.690587100473849,0.321763181067921,0.103,0.081,1
"Brd9",0.690587100473849,0.261943250309678,0.103,0.081,1
"2210408I21Rik",0.690587100473849,0.344876887811122,0.103,0.081,1
"Zdhhc14",0.690587100473849,0.466223302544087,0.103,0.081,1
"Pias2",0.690587100473849,0.39155987511335,0.103,0.081,1
"Stk38",0.690967528570889,0.319056721434749,0.207,0.27,1
"Rbfox2",0.693510785632024,-0.406031621947836,0.207,0.243,1
"Farp1",0.696127518243059,0.262321289319135,0.103,0.081,1
"Tpp2",0.696131432253853,-0.386015493575709,0.086,0.108,1
"Arnt",0.696131432253853,-0.294907199554574,0.086,0.108,1
"St3gal5",0.696131432253853,-0.324651660802026,0.086,0.108,1
"Zranb1",0.696131432253853,-0.327282541841932,0.086,0.108,1
"Msrb3",0.696131432253853,-0.354225399072043,0.086,0.108,1
"Tmed4",0.696131432253853,-0.420753289192094,0.086,0.108,1
"Gm35188",0.696131432253853,-0.311589389960161,0.086,0.108,1
"Rpsa",0.698595846724745,0.325959265833154,0.241,0.216,1
"Syt5",0.701692050601425,0.335122836080721,0.103,0.081,1
"Uvrag",0.701692050601425,0.312235940054342,0.103,0.081,1
"Polb",0.701692050601425,0.257968217344943,0.103,0.081,1
"Pde1a",0.705783417546397,0.521069341676224,0.155,0.135,1
"Srsf11",0.705783417546397,0.336166313801392,0.155,0.135,1
"Psmc6",0.705783417546397,0.392772886179919,0.155,0.135,1
"Nell2",0.705783417546397,0.395104364171711,0.155,0.135,1
"Nptn",0.706006350631372,-0.257038663906616,0.328,0.378,1
"Syt7",0.70726490359506,0.257647422257678,0.103,0.081,1
"Sbds",0.70726868878332,-0.335180917522399,0.086,0.108,1
"Fendrr",0.70726868878332,-0.268496561752515,0.086,0.108,1
"Ktn1",0.708469763555642,-0.290028219072892,0.172,0.216,1
"Hivep2",0.711560895689202,0.389086270138458,0.31,0.297,1
"Atp6v1g1",0.712861077488008,0.251851260103405,0.103,0.081,1
"Zup1",0.712861077488008,0.314614791289626,0.103,0.081,1
"Pgp",0.712861077488008,0.292744851802536,0.103,0.081,1
"Gm47167",0.715001511026436,0.366702068915627,0.155,0.135,1
"Cox7b",0.715136604734922,-0.261753151459974,0.241,0.27,1
"Ccni",0.718468944863954,-0.309121681085839,0.086,0.108,1
"Gab2",0.7198004847469,-0.532691190286002,0.207,0.216,1
"Ndufaf4",0.720991806505364,0.425995822541089,0.121,0.108,1
"mt-Nd1",0.72276100787456,-0.259081111205922,0.345,0.351,1
"Nrxn2",0.724092016558582,0.276178233349945,0.103,0.081,1
"Scn2a",0.724261361705746,-0.474609431946777,0.138,0.162,1
"Ndrg3",0.724261361705746,0.269974329600758,0.155,0.135,1
"Foxo1",0.724261361705746,0.4669725914439,0.155,0.135,1
"Oxct1",0.724261361705746,0.475606194462866,0.155,0.135,1
"Dad1",0.726139359168082,0.278573575934923,0.103,0.135,1
"Mrfap1",0.729817786504329,0.337489882040554,0.172,0.162,1
"Cd200",0.729817786504329,0.506837353560112,0.172,0.162,1
"Akap13",0.731299309682269,0.55445677626338,0.121,0.108,1
"Etnk1",0.733561733724057,0.262513365206791,0.155,0.135,1
"Ndufb10",0.733561733724057,0.446571357162596,0.155,0.135,1
"Rbbp7",0.733561733724057,-0.255276010676742,0.138,0.162,1
"Ube2g1",0.735382663226882,0.318138523965355,0.103,0.081,1
"Gnb1",0.73744253163215,0.265373136496498,0.276,0.27,1
"Snd1",0.741655546177076,0.43141572441395,0.121,0.108,1
"Nfkbia",0.741655546177076,0.490967214472765,0.121,0.108,1
"Rabac1",0.747237942957936,0.281499843056372,0.207,0.189,1
"Scg3",0.752058783411733,0.700753353271585,0.121,0.108,1
"Vip",0.752279009582802,0.359561950680273,0.155,0.135,1
"Kpna1",0.752425667448817,-0.372616538914092,0.086,0.108,1
"Erg",0.75552800678193,0.278905977016682,0.207,0.189,1
"Exoc6",0.755992116338759,-0.402434631879733,0.121,0.135,1
"Ets1",0.759683687262171,-0.307493757182574,0.19,0.216,1
"Lingo2",0.761693354463725,-0.290930115075099,0.138,0.162,1
"Smad4",0.762507263171021,0.615958427091291,0.121,0.108,1
"Ppp2r2d",0.766065884038569,-0.319158455240787,0.121,0.135,1
"Eif4g3",0.768560979169255,0.458821381520703,0.224,0.216,1
"ENSMUSG00000120082",0.772999202485922,0.52091791626703,0.121,0.108,1
"Ccdc88a",0.776179362113129,-0.281759391877789,0.121,0.135,1
"Bc1",0.780017608607922,0.400527713346006,0.241,0.243,1
"Hdac9",0.780626937621616,-0.466386098919339,0.138,0.162,1
"Snrpd1",0.783532794539535,0.370971542180516,0.121,0.108,1
"Ubl5",0.784501131855538,0.256741396698428,0.172,0.216,1
"Apcdd1",0.784807344814819,-0.411074565384031,0.207,0.216,1
"Eps15",0.786330931903841,-0.279746129427007,0.121,0.135,1
"Tia1",0.786330931903841,-0.289660053205351,0.121,0.135,1
"Kcnq1ot1",0.786330931903841,-0.275594015327441,0.121,0.135,1
"Pam",0.78782205313957,0.342935940077468,0.241,0.243,1
"Tuba4a",0.788392639908809,-0.265998030261803,0.172,0.189,1
"Ankrd17",0.792229794043444,0.373669633166173,0.172,0.162,1
"Arid1b",0.792229794043444,0.378030585317732,0.172,0.162,1
"Dis3l2",0.794106209594804,0.255272178461958,0.121,0.108,1
"Serf2",0.794106209594804,0.571570689951758,0.121,0.108,1
"Skil",0.796518955310663,-0.250691912347623,0.121,0.135,1
"Fam133b",0.801266133162134,0.272553160328799,0.172,0.162,1
"Cpne8",0.804252235445279,-0.281784775568361,0.103,0.081,1
"Rassf8",0.804717595943251,0.271504100271991,0.121,0.108,1
"Fyn",0.804717595943251,0.327120900409813,0.121,0.108,1
"Mphosph8",0.804717595943251,0.411910614132987,0.121,0.108,1
"Cwf19l2",0.809951080351909,-0.300579693051994,0.155,0.162,1
"BC031181",0.810329140010563,0.406373171501924,0.172,0.162,1
"Itm2a",0.814236703995309,-0.303817198764094,0.276,0.297,1
"Wdfy3",0.81901516296186,0.296678869650085,0.19,0.189,1
"Hmgb1",0.819245911301036,0.40735856974873,0.241,0.243,1
"Taok1",0.826046771661604,0.250833998041407,0.121,0.108,1
"Emsy",0.827285091290818,-0.311136406228092,0.121,0.135,1
"Dlc1",0.827285091290818,-0.404900675254116,0.121,0.135,1
"Ahi1",0.827285091290818,-0.397317473992355,0.121,0.135,1
"Rnf11",0.833437413551287,0.37088868889053,0.086,0.108,1
"Rap1a",0.838169949025109,0.294824610996682,0.155,0.135,1
"Sub1",0.842242342983896,0.289805620561136,0.31,0.324,1
"Uqcrh",0.843007865723796,0.312856059330568,0.241,0.243,1
"Gabra1",0.846824351842943,0.330852178534179,0.172,0.162,1
"Ythdc1",0.853048066342371,0.29803776060017,0.138,0.135,1
"Usp15",0.855002528062124,-0.333133159966208,0.19,0.162,1
"Ube4a",0.863078894490964,0.252186212571202,0.138,0.135,1
"Rps25",0.866313920323351,-0.252145349516125,0.155,0.162,1
"Gmds",0.866313920323351,-0.266007785209116,0.155,0.162,1
"Nme1",0.866915553285394,0.413374643076704,0.241,0.243,1
"Zfp644",0.873131845088221,0.264152139244389,0.138,0.135,1
"Celf2",0.875105265509214,-0.279176745239651,0.345,0.351,1
"Nrd1",0.879133124326996,0.396196106588123,0.121,0.135,1
"Car2",0.880414760138813,-0.306357767352306,0.103,0.108,1
"Dock3",0.880414760138813,-0.354651139820268,0.103,0.108,1
"Psmd4",0.8836501905519,0.410004799381726,0.155,0.189,1
"Mef2a",0.890760281369455,0.298042310985575,0.276,0.324,1
"Calr",0.895503251454669,0.519379523615404,0.172,0.189,1
"Nipbl",0.902164455867991,-0.427314668575973,0.172,0.162,1
"Kank3",0.905751925576726,-0.358850532507833,0.293,0.297,1
"Gde1",0.912180016698314,0.253052515138991,0.276,0.297,1
"Rreb1",0.915074326796426,0.258141246646044,0.241,0.243,1
"Srebf2",0.923365180440444,0.278992789895755,0.155,0.162,1
"Lrrtm4",0.925798964166002,0.297728335264299,0.103,0.108,1
"Mal",0.931737434564288,0.267335409941504,0.172,0.189,1
"Cbfa2t2",0.934316357209903,-0.29137421240785,0.121,0.108,1
"Nr2c2",0.937188749948345,0.300464514860097,0.103,0.108,1
"Arpp19",0.939341117242578,-0.276743372189879,0.172,0.162,1
"Rbpms",0.940220230740796,-0.268680970066943,0.259,0.243,1
"Gpd2",0.940821115872698,0.258403985814392,0.172,0.189,1
"Nsf",0.944509293889345,0.349868798639759,0.207,0.216,1
"Hectd4",0.960004594429779,0.292722103685737,0.103,0.108,1
"Chchd6",0.960004594429779,0.311899699127145,0.103,0.108,1
"Etl4",0.962280967100914,0.39683468612961,0.207,0.243,1
"Gpc6",0.971425989289633,0.311777721567826,0.103,0.108,1
"Rsrp1",0.972082322007951,0.399123779123049,0.241,0.27,1
"Canx",0.978642737508376,0.36865328716562,0.207,0.216,1
"U2surp",0.984175008528003,0.351823014268252,0.121,0.135,1
"Srsf3",0.984712031385799,-0.455683838701733,0.138,0.135,1
"Flnb",0.986642177552717,0.275949754971449,0.19,0.189,1
"Kmt5b",0.989040676557158,-0.403883809437526,0.121,0.108,1
"Pcdh10",0.995547207615224,-0.449244005029502,0.19,0.189,1
"Eogt",0.995880629458738,-0.309811373289663,0.241,0.216,1
"Nr3c1",0.995948271302951,0.267605763678474,0.241,0.243,1
"Pcdh9",0.996123429357009,0.575894295775335,0.259,0.297,1
"Iqgap1",1,0.451197325252157,0.19,0.216,1
"Cyb5b",1,0.357229844102856,0.103,0.108,1
"Myo5a",1,0.282021558346142,0.103,0.108,1
"Zfp706",1,0.294648483019627,0.121,0.135,1
