"","p_val","avg_log2FC","pct.1","pct.2","p_val_adj"
"Rps3a1",0.000118794260840942,1.68928113357719,0.429,0.034,1
"Pnn",0.000230666076619768,-1.34836705504379,0.095,0.414,1
"Ncaph2",0.000513846384177928,-1.0372825080107,0.016,0.241,1
"Rps14",0.00062527844320749,1.66386754127809,0.413,0.069,1
"Atp5b",0.000741156566686307,1.62410792445644,0.365,0.034,1
"Usp20",0.000784234004988799,-1.06717176758018,0,0.172,1
"Psd",0.000784234004988799,-0.950018650928617,0,0.172,1
"Ncam1",0.000981139898957776,1.03430195618667,0.778,0.483,1
"Lmo4",0.00105784857836412,1.4102212755429,0.444,0.103,1
"Rprd1b",0.00129402520450313,-1.1499115769238,0.016,0.207,1
"Sgcz",0.00131967832215055,-1.10161527183844,0.032,0.241,1
"Pde7a",0.00137867033462676,-0.949941283052141,0.016,0.207,1
"Rchy1",0.00137894927291712,-1.07220652757473,0.016,0.207,1
"Gramd1a",0.00146898750841089,-0.972905565080927,0.016,0.207,1
"Rnf168",0.0015628266608165,-1.01780963084535,0.032,0.241,1
"Mccc1",0.00177261262158615,-0.825462485973737,0.016,0.207,1
"Dynll1",0.00193826730685386,1.41063354530033,0.492,0.138,1
"Rpl38",0.00235009430841924,1.2958645876667,0.381,0.069,1
"Rpl9",0.00256899622087811,1.26591195710745,0.444,0.103,1
"Man2b1",0.00262087983658312,-1.04678502106899,0.095,0.345,1
"Gm29170",0.00283735041363718,-0.767937920875376,0,0.138,1
"Rasal1",0.00283735041363718,-1.02377985380983,0,0.138,1
"Katnal1",0.00283735041363718,-0.840625897077903,0,0.138,1
"Mgmt",0.00283735041363718,-0.793235735419134,0,0.138,1
"4831440D22Rik",0.00283735041363718,-0.799880368763908,0,0.138,1
"Slc39a11",0.00283735041363718,-0.900552732238595,0,0.138,1
"Tiam1",0.00283735041363718,-0.714213011375026,0,0.138,1
"Pitpnm1",0.00283735041363718,-0.844240430772518,0,0.138,1
"Pcdh9",0.00285075307257919,0.513758241451028,1,1,1
"Cspg5",0.00334374112365167,-1.09295157461867,0.127,0.379,1
"Rpsa",0.00365149517804814,1.09264133480552,0.413,0.103,1
"ENSMUSG00000120522",0.00366388949623204,-0.868671536710887,0.333,0.655,1
"3222401L13Rik",0.00367884130773951,-1.04851804869157,0.079,0.31,1
"Scg5",0.00368735130172899,1.29402396944208,0.317,0.034,1
"Fam110b",0.00441177846757465,-0.862909391131872,0.016,0.172,1
"Grk3",0.00441177846757465,-0.956579454635415,0.016,0.172,1
"Foxk1",0.00441177846757465,-0.984572651871624,0.016,0.172,1
"Traf3",0.00441177846757465,-0.87422126681157,0.016,0.172,1
"Dmxl2",0.00442279209105441,-1.07229544764297,0.048,0.241,1
"Mycbp2",0.00454284442977169,-0.684211010954628,0.571,0.828,1
"Ubxn7",0.00456779006683022,-0.912370367348011,0.063,0.276,1
"Pcsk1n",0.00457702879867552,0.987771225495925,0.444,0.103,1
"Nrgn",0.00458958392162176,0.823522442720641,0.81,0.483,1
"Dctn4",0.00462784914595007,1.11165267286684,0.365,0.069,1
"Cntn4",0.00464422584204325,-0.94560477536583,0.048,0.241,1
"Kirrel3",0.00464859527512023,-0.769439698045478,0.254,0.586,1
"Eci2",0.0046916367208104,-0.816951104667515,0.016,0.172,1
"Nedd8",0.00478547154983607,1.11576767623757,0.365,0.069,1
"Mbp",0.0049371072100042,-0.492013945845841,0.984,0.966,1
"Trim26",0.00511626878433292,-0.944767344504248,0.048,0.241,1
"Phldb1",0.00526590722580925,-0.901894421387499,0.429,0.69,1
"Pgp",0.00543925889806825,-1.09768400862506,0.127,0.379,1
"Usp8",0.00545948556613175,-0.891199066627435,0.063,0.276,1
"Msrb2",0.00548586947578952,-0.920382615060319,0.032,0.207,1
"Snrnp40",0.00548586947578952,-1.1090368410174,0.032,0.207,1
"Peds1",0.005630265584881,-0.737750089565724,0.016,0.172,1
"Ywhah",0.00564276969032286,1.01569761569399,0.556,0.207,1
"Actb",0.00601773485953348,0.931683413198549,0.698,0.483,1
"Rcbtb1",0.00603187691782871,-1.13032332466808,0.19,0.448,1
"Ndufv2",0.00603187691782871,1.11999464062135,0.365,0.069,1
"Bicd1",0.00606658976347918,1.26539469248503,0.286,0.034,1
"H2bc4",0.00609481784438932,-0.762434445435803,0.032,0.207,1
"Zfp280d",0.00610139382845095,-0.761066648557169,0.27,0.552,1
"Pik3cd",0.00647050407235937,1.27098137816516,0.222,0,1
"Ppp1cc",0.00647050407235937,1.15305823822909,0.222,0,1
"Rps11",0.00652027176664564,1.31180607913359,0.286,0.034,1
"Ddx50",0.00654196688498762,-1.12937894981228,0.206,0.448,1
"Rpl28",0.0067583651790045,1.28407587867838,0.286,0.034,1
"Map2k2",0.00684111270711762,-0.958617770828808,0.095,0.31,1
"Cox4i1",0.00695288134148532,1.07043926936264,0.571,0.276,1
"Babam2",0.00704330584640949,-0.985090357623433,0.206,0.483,1
"Bicc1",0.00712923352158643,-0.781220192400307,0.048,0.241,1
"Ckb",0.00735431946596253,0.944339151390843,0.619,0.31,1
"St6galnac3",0.00736276533286678,-0.63748196957649,0.54,0.793,1
"Iqsec2",0.00749847978896608,-0.747511505503885,0.032,0.207,1
"Olfm1",0.00762521067119534,1.09442655977823,0.587,0.31,1
"Atp8a2",0.00771278166447776,-0.76715161239423,0.333,0.655,1
"Mrps33",0.00840057779919575,-0.743433751416033,0.079,0.31,1
"Naa12",0.00863718484866433,-0.874905257596042,0.095,0.31,1
"Mysm1",0.00900001460724914,-0.785015757012424,0.159,0.414,1
"Ndrg4",0.00909456039556515,1.18924120282532,0.206,0,1
"Rc3h1",0.00924398251506326,0.967624179944437,0.365,0.103,1
"Usp31",0.010000593465448,0.940188724491251,0.429,0.138,1
"Tubb2a",0.0102463170894885,1.13370970463148,0.413,0.138,1
"Tmem9",0.0102482867537787,-0.655346717444585,0,0.103,1
"Prpf18",0.0102482867537787,-0.652247872611679,0,0.103,1
"Trub2",0.0102482867537787,-0.645618981525074,0,0.103,1
"1700123M08Rik",0.0102482867537787,-0.710216126780395,0,0.103,1
"Tceanc2",0.0102482867537787,-0.635160436979662,0,0.103,1
"Zfp69",0.0102482867537787,-0.623720580138568,0,0.103,1
"Morn1",0.0102482867537787,-0.729461602538421,0,0.103,1
"Gm9958",0.0102482867537787,-0.64246546308011,0,0.103,1
"Gm42517",0.0102482867537787,-0.649474220894778,0,0.103,1
"Sgsm1",0.0102482867537787,-0.759573740324031,0,0.103,1
"Tmem116",0.0102482867537787,-0.682121622959383,0,0.103,1
"Zfand2a",0.0102482867537787,-0.583991514282221,0,0.103,1
"Zxdc",0.0102482867537787,-0.788083971835768,0,0.103,1
"Cntn6",0.0102482867537787,-0.681482454583243,0,0.103,1
"Nop53",0.0102482867537787,-0.689999271524572,0,0.103,1
"2310002F09Rik",0.0102482867537787,-0.660373178005611,0,0.103,1
"Vps33b",0.0102482867537787,-0.768847898251956,0,0.103,1
"Gm45220",0.0102482867537787,-0.584325899659043,0,0.103,1
"Swap70",0.0102482867537787,-0.641050304708971,0,0.103,1
"Xylt1",0.0102482867537787,-0.645998248147364,0,0.103,1
"Mfap3l",0.0102482867537787,-0.601777823661495,0,0.103,1
"Lrrc25",0.0102482867537787,-0.640888514980967,0,0.103,1
"Nkd1",0.0102482867537787,-0.638333157704824,0,0.103,1
"ENSMUSG00000120766",0.0102482867537787,-0.723259416234627,0,0.103,1
"Cited2",0.0102482867537787,-0.584776567137066,0,0.103,1
"Rpl32l",0.0102482867537787,-0.667943783317237,0,0.103,1
"Eya4",0.0102482867537787,-0.604682315563475,0,0.103,1
"Hs1bp3",0.0102482867537787,-0.662716505488905,0,0.103,1
"Pigh",0.0102482867537787,-0.807926799168567,0,0.103,1
"Prox2",0.0102482867537787,-0.577287064847101,0,0.103,1
"ENSMUSG00000120232",0.0102482867537787,-0.689580307959104,0,0.103,1
"Aldh5a1",0.0102482867537787,-0.591396964363057,0,0.103,1
"Ankra2",0.0102482867537787,-0.633096587965181,0,0.103,1
"Mettl3",0.0102482867537787,-0.618717730954712,0,0.103,1
"Gm49336",0.0102482867537787,-0.677750760875947,0,0.103,1
"Alg10b",0.0102482867537787,-0.676746291991813,0,0.103,1
"Donson",0.0102482867537787,-0.649583091915524,0,0.103,1
"Tap2",0.0102482867537787,-0.677998617287886,0,0.103,1
"Ppp1r18",0.0102482867537787,-0.635682231569669,0,0.103,1
"Oard1",0.0102482867537787,-0.763551110122271,0,0.103,1
"Slc25a53",0.0102482867537787,-0.584398989337712,0,0.103,1
"Exoc4",0.0102669051799107,0.879681517973303,0.587,0.345,1
"Frrs1l",0.0103138608898563,-0.989962062120038,0.063,0.241,1
"Grm7",0.0103571726970921,-1.02435043042789,0.429,0.621,1
"Dicer1",0.0108435756234565,-0.782878455651095,0.095,0.31,1
"Rb1",0.0117939720377709,1.07714012632313,0.365,0.103,1
"5330434G04Rik",0.0118053576369883,-0.967850294465793,0.127,0.345,1
"Spacdr",0.0123536206231314,-0.538610281593774,0.302,0.621,1
"Fcer1g",0.0124295991378855,1.09031963488687,0.317,0.069,1
"Hspa8",0.0125526864623334,0.880400680795856,0.683,0.448,1
"Shprh",0.0127240755048872,1.13237889865552,0.19,0,1
"Cisd1",0.0127240755048872,1.09121110878047,0.19,0,1
"Atp5o.1",0.0128293138234707,1.09726996935353,0.317,0.069,1
"Pom121",0.013005999899317,-0.879103057162151,0.079,0.276,1
"Prpf40a",0.0139762982531868,-0.752639092339541,0.159,0.379,1
"Zc3h7a",0.0140670797811927,-0.86554961417099,0.111,0.31,1
"Comt",0.0140971114920315,0.853251615365199,0.365,0.103,1
"mt-Nd1",0.0141226141370398,1.25575374196084,0.46,0.241,1
"Rab1a",0.0142254204911831,1.01825533622469,0.286,0.069,1
"Fbxl3",0.0144810903097418,-0.818905980401123,0.127,0.345,1
"Kndc1",0.0148797020879833,-0.902719023138653,0.143,0.345,1
"Hnrnpab",0.0150465677763649,-0.823596567115576,0.032,0.172,1
"Xrcc6",0.0151194946190076,0.989842015377761,0.508,0.241,1
"Dync1li1",0.0151351928588275,-0.818035186172121,0.048,0.207,1
"Spock2",0.0151351928588275,-0.847940509866522,0.048,0.207,1
"Pdgfb",0.0151351928588275,-0.841606407165619,0.048,0.207,1
"Slc9a9",0.0156104686638049,0.687281054023654,0.73,0.448,1
"Tsga10",0.0156438370469557,-0.854210134842427,0.016,0.138,1
"Pip5k1a",0.0156438370469557,-0.778044217173351,0.016,0.138,1
"Mettl14",0.0156438370469557,-0.923340007583942,0.016,0.138,1
"Arhgdib",0.0156438370469557,-0.805962836238147,0.016,0.138,1
"Ngrn",0.0156438370469557,-0.853450607538814,0.016,0.138,1
"Rras2",0.0156438370469557,-0.800504952524335,0.016,0.138,1
"Gm44759",0.0156438370469557,-0.74175037498453,0.016,0.138,1
"Polr3b",0.0156438370469557,-0.862647702594283,0.016,0.138,1
"Rnf43",0.0156438370469557,-0.734880183549004,0.016,0.138,1
"Zfp839",0.0156438370469557,-0.736997921462112,0.016,0.138,1
"Trabd",0.0156438370469557,-0.781085711759885,0.016,0.138,1
"Pum3",0.0156438370469557,-0.839936123848203,0.016,0.138,1
"Psmc5",0.0156670115003883,1.10180165947461,0.286,0.069,1
"Atl1",0.0156924954159846,-0.901109533288082,0.063,0.241,1
"Mog",0.0158536917601284,-0.773006735472531,0.46,0.69,1
"Kifap3",0.0160228385458313,1.0100501051147,0.254,0.034,1
"Pcmtd1",0.0165792772811292,-0.745163519631313,0.254,0.483,1
"Plekha3",0.0165873011868313,-0.741346700272514,0.016,0.138,1
"Nmd3",0.0165873011868313,-0.77015795937125,0.016,0.138,1
"Cntfr",0.0165873011868313,-0.733825695690767,0.016,0.138,1
"Necap1",0.0165873011868313,-0.753353589840128,0.016,0.138,1
"Lrrc24",0.0165873011868313,-0.793139545418937,0.016,0.138,1
"Eif2ak2",0.0165873011868313,-0.855102543010161,0.016,0.138,1
"Nectin1",0.0166341491081381,-0.84805029945823,0.032,0.172,1
"Anln",0.0167540433524739,1.00013276445686,0.349,0.103,1
"Stmn1",0.0171475865596557,0.673745742600974,0.683,0.448,1
"Ccr5",0.0172493362955659,0.722039324263139,0.349,0.103,1
"Il17ra",0.0174817457476618,-0.784582432033594,0.032,0.172,1
"ENSMUSG00000120012",0.0174817457476618,-0.805076566964884,0.032,0.172,1
"4933406I18Rik",0.0175227549153828,-1.00934800963336,0.397,0.586,1
"Gm38062",0.0175803721644419,-0.781658093111619,0.016,0.138,1
"Nipal3",0.0175803721644419,-0.731376695534652,0.016,0.138,1
"Slc2a5",0.0175803721644419,-0.72728927665679,0.016,0.138,1
"Keap1",0.0175803721644419,-0.664953780805604,0.016,0.138,1
"Baz2a",0.0175803721644419,-0.586480113733969,0.016,0.138,1
"ENSMUSG00000121307",0.0175803721644419,-0.716496827726851,0.016,0.138,1
"C230037L18Rik",0.0175803721644419,-0.69241801110609,0.016,0.138,1
"Mdc1",0.0175803721644419,-0.723099114233566,0.016,0.138,1
"Cops4",0.0177266851797207,-0.706207958858651,0.063,0.241,1
"Castor2",0.0177280653710548,0.931921501372255,0.175,0,1
"Klhdc10",0.0177280653710548,-0.643241144853987,0.063,0.241,1
"Uba5",0.0177280653710548,0.9097346625953,0.175,0,1
"Glod4",0.0177280653710548,0.93768718150737,0.175,0,1
"Spin1",0.0177280653710548,1.00518867116026,0.175,0,1
"Syk",0.0177280653710548,0.944920289101506,0.175,0,1
"Pfdn1",0.0177280653710548,1.0564312194332,0.175,0,1
"Epm2aip1",0.0177327517133897,-0.969898979030182,0.127,0.31,1
"Tubb4b",0.0183563381682912,1.02330814778304,0.286,0.069,1
"Ints3",0.0183669733817061,-0.773675495340655,0.032,0.172,1
"Gabarapl1",0.0185234870830543,1.02768411815289,0.302,0.069,1
"Tvp23b",0.018625180136358,-0.622902975751347,0.016,0.138,1
"Ptar1",0.018625180136358,-0.72685871476565,0.016,0.138,1
"Cacnb2",0.0188254322427375,0.948103147843618,0.365,0.103,1
"Rbm12",0.0197239176710425,-0.632356691891761,0.016,0.138,1
"Adora3",0.0197239176710425,-0.690201867967875,0.016,0.138,1
"Tmem38a",0.0197239176710425,-0.585332449120383,0.016,0.138,1
"Mri1",0.0197239176710425,-0.615864248694389,0.016,0.138,1
"St3gal1",0.0197239176710425,-0.651639292735907,0.016,0.138,1
"Ddb1",0.0197239176710425,-0.613377812359799,0.016,0.138,1
"Rps9",0.0198475463937331,1.03967191698015,0.365,0.138,1
"Chchd3",0.0199279903993801,0.988306764730716,0.349,0.103,1
"Marchf8",0.0203036652800428,-0.680554634667022,0.159,0.379,1
"Fat3",0.020531039374918,-0.854254324499256,0.143,0.345,1
"Retreg3",0.0205805297817866,0.979638401705964,0.238,0.034,1
"Zfp869",0.0206125063777729,-0.862985729596412,0.048,0.207,1
"Sptlc1",0.0206125063777729,-0.669131440720768,0.048,0.207,1
"2210408F21Rik",0.0207999958071222,-0.692304054552944,0.063,0.241,1
"Crcp",0.0212622273847505,-0.72689424589437,0.032,0.172,1
"Gm41077",0.0212622273847505,-0.72845719667339,0.032,0.172,1
"Atp6v1d",0.0214786999296001,1.18778737124576,0.222,0.034,1
"Psmc6",0.0214786999296001,1.03681888893826,0.222,0.034,1
"Nbas",0.0216433923399256,-0.715487198992187,0.317,0.552,1
"Mdh2",0.0217430353843247,0.766534232739564,0.397,0.138,1
"Nudt5",0.0218629765328728,-0.922533377598171,0.143,0.345,1
"Epg5",0.0223119310138092,-0.672305989749458,0.032,0.172,1
"Arhgap17",0.0223766979159485,-0.813231990990365,0.349,0.517,1
"Znrf1",0.0226553953425927,-0.89757891994277,0.095,0.276,1
"Chn1",0.0227965261458539,1.08435194102705,0.286,0.069,1
"Mef2c",0.0228135738969719,-0.573592284210284,0.762,0.828,1
"Thra",0.0228992489604603,0.962246344441137,0.381,0.138,1
"Naca",0.0229619430777061,0.860153454524523,0.349,0.103,1
"Cct6a",0.0232789443016817,-0.85704437510349,0.079,0.241,1
"Secisbp2l",0.0234322640514926,0.831760060401923,0.413,0.172,1
"Pkn2",0.0236147060716842,-0.782033772213679,0.206,0.414,1
"Trappc8",0.0242254246119294,1.01910429193497,0.286,0.069,1
"Cadps",0.0243031188226064,-0.762675618761896,0.095,0.276,1
"Hdlbp",0.0246097969755546,0.962583455369838,0.159,0,1
"Uckl1",0.0246097969755546,0.842604664601021,0.159,0,1
"Hspa4l",0.0246097969755546,0.986619074502919,0.159,0,1
"Pnma8b",0.0246097969755546,1.00431158530141,0.159,0,1
"Snhg20",0.0246097969755546,0.893055695422822,0.159,0,1
"Flywch1",0.0246097969755546,1.00734262869562,0.159,0,1
"Rps27a",0.0247259142691215,1.02163106834126,0.365,0.138,1
"Abhd12",0.0247370902214227,-0.629088442400583,0.413,0.621,1
"Rhoa",0.0247538780000681,0.969763978507713,0.27,0.069,1
"Rpl6",0.0248222702675259,0.884118929406268,0.381,0.138,1
"Fgd4",0.0250840347153004,-0.768373086096999,0.079,0.241,1
"Ndufs5",0.0254740799962745,1.05206158598836,0.222,0.034,1
"Aff4",0.0263156690289973,0.994032671186377,0.317,0.103,1
"Pdap1",0.0265141770928727,0.902077831259988,0.286,0.069,1
"Lncppara",0.0265141770928727,0.827628913588195,0.286,0.069,1
"Setbp1",0.0271340707471495,0.919520098679439,0.27,0.069,1
"Wdr20",0.0279941411448785,-0.895753491318667,0.127,0.31,1
"Preb",0.0280672344150846,-0.841401183680319,0.143,0.31,1
"Tanc1",0.0281678074829485,1.09754824022315,0.222,0.034,1
"6330403K07Rik",0.0285040746189103,1.1847268245417,0.254,0.069,1
"Cltc",0.0287605268266981,0.903924540527254,0.46,0.241,1
"Dynlrb1",0.0293802151735179,0.889855576159888,0.206,0.034,1
"Tmed10",0.0293802151735179,1.03353266982277,0.206,0.034,1
"Cep350",0.0295030178737139,0.98511172792474,0.333,0.103,1
"Parp8",0.0298547614411212,0.847491995820711,0.286,0.069,1
"Rps21",0.0302913517532238,0.973435894015555,0.317,0.103,1
"Tmeff1",0.030598961235348,-0.666310589196597,0.254,0.448,1
"Tmsb4x",0.0307906495347296,0.781643911840756,0.714,0.483,1
"Setd5",0.0308626839813343,0.949298531252223,0.397,0.172,1
"Ppp4r1",0.0311035090679515,-1.01009060188035,0.111,0.276,1
"Wapl",0.0311671393872628,0.785495881577605,0.333,0.103,1
"Hexb",0.0311769047874632,-0.551320032305135,0.667,0.828,1
"Trmt1l",0.0312442354675405,-0.629515257192204,0.079,0.241,1
"Rpl41",0.0313022417478889,0.909100252812128,0.349,0.138,1
"Wdr33",0.0316541708666429,0.737907661844883,0.397,0.172,1
"Stmn3",0.0324630017002899,0.923316078285023,0.397,0.172,1
"Gm13710",0.0324681478138046,-0.973954139658636,0.063,0.207,1
"Zfp317",0.0324681478138046,-0.922237077577035,0.063,0.207,1
"Kazn",0.0325161584173632,0.927197601965582,0.206,0.034,1
"Map3k2",0.0327383120162875,-0.711111891155248,0.127,0.31,1
"Kif1a",0.0334676982688504,0.860636194392022,0.27,0.069,1
"Plgrkt",0.0335509789142723,-0.797524553788703,0.159,0.345,1
"Mgst3",0.0340589298600669,0.90947185242714,0.143,0,1
"Ggta1",0.0340589298600669,0.819198650631293,0.143,0,1
"Mettl15",0.0340589298600669,0.758866551567897,0.143,0,1
"Ssx2ip",0.0340589298600669,0.861495827204742,0.143,0,1
"Meaf6",0.0340589298600669,1.0600525669028,0.143,0,1
"Mfn2",0.0340589298600669,0.728743278649433,0.143,0,1
"Ppp2r2c",0.0340589298600669,0.724163526995304,0.143,0,1
"Ndufa3",0.0340589298600669,0.963388564794847,0.143,0,1
"Fes",0.0340589298600669,0.856793085594993,0.143,0,1
"Ap3d1",0.0340589298600669,0.791622513455509,0.143,0,1
"Heatr6",0.0340589298600669,0.86145609122598,0.143,0,1
"Cyp46a1",0.0340589298600669,0.77533207684611,0.143,0,1
"Tango2",0.0340589298600669,0.872369796636333,0.143,0,1
"Ndufv3",0.0340589298600669,0.815962870434091,0.143,0,1
"Pfdn6",0.0340589298600669,0.868075394294334,0.143,0,1
"Polr2g",0.0340589298600669,0.831803822298186,0.143,0,1
"Ncam2",0.0341712756115686,0.768272629624355,0.683,0.483,1
"Grid2",0.0346597899993713,-0.586683549372736,0.429,0.621,1
"Prkcz",0.0347380974217295,-0.775193342129781,0.206,0.379,1
"Bin2",0.0348196869279791,-0.828245871324909,0.127,0.31,1
"Rsl1d1",0.0350749339623446,-0.743450593892588,0.063,0.207,1
"Ppp1cb",0.035934532436286,0.95429774173381,0.206,0.034,1
"Zfp706",0.035934532436286,0.824510511055888,0.206,0.034,1
"Myl6",0.0360290041261051,0.666820760569469,0.413,0.172,1
"Psmd4",0.0364341164136148,0.972159945955161,0.286,0.103,1
"Ufl1",0.0365725329269579,-0.651919533042441,0.159,0.345,1
"Fnbp4",0.0365739210797249,-0.533356061365988,0.159,0.345,1
"Iffo1",0.0366426081866138,-0.853879835794812,0.222,0.414,1
"Arhgef28",0.0367091361832266,0.86465056806873,0.365,0.138,1
"Smad7",0.0370784691167746,-0.79085066375947,0.349,0.517,1
"Klhl7",0.0374686537985835,-0.954927126355637,0.048,0.172,1
"Usp34",0.0375709343559342,-0.70809670793916,0.365,0.586,1
"Afdn",0.0376256829520471,0.8248572495915,0.27,0.069,1
"Ank3",0.0376671591320084,-0.469359544199738,0.619,0.793,1
"Taldo1",0.038379895377291,0.872272453264104,0.206,0.034,1
"Ccdc88a",0.0388336375851478,0.766170007517317,0.476,0.241,1
"Rfwd3",0.039319080810779,-0.716284147941006,0.063,0.207,1
"Btbd8",0.0393229337653774,-0.699303477871099,0.127,0.31,1
"Mat2b",0.0396547156955374,0.867742998481966,0.206,0.034,1
"Tmem65",0.0396547156955374,0.811408216403192,0.206,0.034,1
"Anks1b",0.0396843158776798,-0.688431901625258,0.46,0.655,1
"Nrip1",0.0405396408740578,0.716952640930204,0.524,0.276,1
"Gng2",0.0407247664081504,0.882760182995359,0.286,0.103,1
"Kpna4",0.0407468035119728,0.716644499886863,0.333,0.103,1
"Syn3",0.0408274147020093,-0.694656524096274,0.063,0.207,1
"Rpl17",0.0408879914730781,0.932669789539163,0.254,0.069,1
"Ly6e",0.0413893303775705,0.853557405669231,0.19,0.034,1
"Ppp2r2b",0.0413893303775705,0.814687880801064,0.19,0.034,1
"Tenm2",0.0414902864126949,-0.761858602249854,0.143,0.31,1
"Mbtd1",0.0415420185081418,0.804225767016243,0.333,0.138,1
"Rtn4",0.0418830711106494,0.434862766263468,0.937,0.828,1
"Mier1",0.0421000771845724,0.90041849772971,0.254,0.069,1
"Pvt1",0.0421275610196356,-0.75806469605637,0.159,0.345,1
"Bnip2",0.0423845007389725,-0.659842715202065,0.063,0.207,1
"Pclo",0.0426250843843319,-0.673418129271482,0.206,0.414,1
"Pde4d",0.0426276019934014,-0.678249243150022,0.286,0.517,1
"Cyba",0.0427920857965853,1.10856766523957,0.19,0.034,1
"Gm38162",0.042897018101966,-0.600684422261831,0.079,0.241,1
"Mpp2",0.042897018101966,-0.53255002617822,0.079,0.241,1
"Auts2",0.0432383266046847,-0.381677749343358,0.46,0.655,1
"Cebpg",0.0433199815058362,-0.62629891571142,0.159,0.345,1
"Atxn7l3b",0.0433424287913247,0.897293126915521,0.254,0.069,1
"Rab28",0.0442168230489433,-0.916392761760296,0.111,0.276,1
"Pals1",0.0442168230489433,-0.713425622696831,0.111,0.276,1
"Enah",0.0442348268818257,-0.796778901309171,0.095,0.241,1
"Marchf2",0.0442348268818257,0.8677123826802,0.19,0.034,1
"Gpatch2",0.0442368396124019,-0.709742783389337,0.048,0.172,1
"Anapc1",0.0442368396124019,-0.699805083347853,0.048,0.172,1
"St3gal6",0.0444212055144957,-0.71013950780018,0.317,0.552,1
"Map4",0.0445710771773129,0.643615258620724,0.524,0.31,1
"Rps8",0.0450369054728121,0.627293760785379,0.619,0.345,1
"Slc38a2",0.0451333592490814,0.788651378313039,0.556,0.379,1
"Arid4b",0.0452651532624557,0.66995757093413,0.444,0.241,1
"Arf5",0.0456496906348414,-0.735836123020606,0.063,0.207,1
"Chtop",0.0457184077974045,-0.959079317391375,0.095,0.241,1
"4930517O19Rik",0.0457184077974045,-0.902862346576956,0.095,0.241,1
"Fkbp2",0.0457184077974045,0.885656098121189,0.19,0.034,1
"Zfp157",0.0460816698705817,-0.633039704508101,0.048,0.172,1
"Fam53b",0.0460816698705817,-0.660696819872625,0.048,0.172,1
"Pcolce2",0.0460816698705817,-0.634817436459299,0.048,0.172,1
"Ppil4",0.0460816698705817,-0.827334777644597,0.048,0.172,1
"Zzz3",0.046683378060868,-0.808948826096881,0.175,0.345,1
"Spire1",0.046683378060868,0.888290151339214,0.286,0.103,1
"Camkk2",0.0470245635730786,0.758051510991793,0.127,0,1
"Prdx6",0.0470281205323919,0.766213069703254,0.127,0,1
"Rgs4",0.0470281205323919,0.854337617692366,0.127,0,1
"Cadm3",0.0470281205323919,0.79169060903718,0.127,0,1
"Stxbp1",0.0470281205323919,0.713726359835618,0.127,0,1
"Fastkd1",0.0470281205323919,0.617586080796495,0.127,0,1
"Gm9645",0.0470281205323919,0.858054326784541,0.127,0,1
"Eif2a",0.0470281205323919,0.787849397653942,0.127,0,1
"I830077J02Rik",0.0470281205323919,0.825944895786818,0.127,0,1
"Ostc",0.0470281205323919,0.850776349050639,0.127,0,1
"Luzp1",0.0470281205323919,0.673282785429435,0.127,0,1
"Agap3",0.0470281205323919,0.740794232128395,0.127,0,1
"Pop5",0.0470281205323919,0.920187855509124,0.127,0,1
"Brap",0.0470281205323919,0.862046271871334,0.127,0,1
"Bcl7a",0.0470281205323919,0.693055815702937,0.127,0,1
"Gm44511",0.0470281205323919,0.833586197311749,0.127,0,1
"Trim5",0.0470281205323919,0.66913065070296,0.127,0,1
"Tmem9b",0.0470281205323919,0.815488845961483,0.127,0,1
"Tmem184c",0.0470281205323919,0.690525751336653,0.127,0,1
"Gfod2",0.0470281205323919,0.79912950881068,0.127,0,1
"Zfp810",0.0470281205323919,0.703203594713001,0.127,0,1
"Scap",0.0470281205323919,0.814367321328622,0.127,0,1
"Sirt1",0.0470281205323919,0.749697531045788,0.127,0,1
"Cct2",0.0470281205323919,0.917891789438335,0.127,0,1
"Aebp1",0.0470281205323919,0.689056613177278,0.127,0,1
"Stat5b",0.0470281205323919,0.767522350338026,0.127,0,1
"Nova1",0.0470281205323919,0.701091834395243,0.127,0,1
"Mipol1",0.0470281205323919,0.78353877060425,0.127,0,1
"Prxl2c",0.0470281205323919,0.6715364905724,0.127,0,1
"Mterf3",0.0470281205323919,0.718123877293926,0.127,0,1
"Tmem267",0.0470281205323919,1.03128859323548,0.127,0,1
"Zcchc24",0.0470281205323919,0.8186781928814,0.127,0,1
"Sugt1",0.0470281205323919,0.763980915141416,0.127,0,1
"Mroh1",0.0470281205323919,0.71240561340469,0.127,0,1
"Nptxr",0.0470281205323919,0.701306317293695,0.127,0,1
"1600012H06Rik",0.0470281205323919,0.883320559387432,0.127,0,1
"Gm7072",0.0470281205323919,0.777246776384716,0.127,0,1
"Prrc2a",0.0470281205323919,0.79638950490701,0.127,0,1
"Rps6kb2",0.0470281205323919,0.63686057213145,0.127,0,1
"Ppp1ca",0.0470281205323919,0.801158308630982,0.127,0,1
"Phka1",0.0470281205323919,0.786310348079135,0.127,0,1
"Tceal5",0.0470281205323919,0.634325380287462,0.127,0,1
"Hnrnpa3",0.0472061999283433,1.06126737410283,0.333,0.138,1
"Rbbp6",0.0478855204814935,-0.741512378799153,0.19,0.379,1
"Sall1",0.0478870067649134,0.742409085791576,0.317,0.103,1
"Ndrg3",0.0479576327079409,0.891681520338407,0.286,0.103,1
"Ssbp3",0.0479908707363139,-0.6488333009936,0.048,0.172,1
"Klf13",0.0480081275285477,0.724738137286181,0.302,0.103,1
"Ago3",0.0481671933936597,-0.652959815120491,0.254,0.414,1
"Sfr1",0.0483941754795539,1.00231330491789,0.238,0.069,1
"Gstcd",0.0484564502748594,-0.676015730437508,0.032,0.138,1
"Rad9b",0.0484564502748594,-0.820621922178313,0.032,0.138,1
"Pdzrn3",0.0484564502748594,-0.701416260463886,0.032,0.138,1
"Carm1",0.0484564502748594,-0.631828306831212,0.032,0.138,1
"Zbtb24",0.0484564502748594,-0.78577136347477,0.032,0.138,1
"Cog1",0.0484564502748594,-0.597128921006393,0.032,0.138,1
"Vcl",0.0484564502748594,-0.848900955773064,0.032,0.138,1
"Rbm27",0.0484564502748594,-0.622390788442779,0.032,0.138,1
"Cir1",0.0488115466722596,0.848898054211009,0.19,0.034,1
"Plekhb1",0.0488115466722596,0.825940633547752,0.19,0.034,1
"Cwf19l2",0.0488115466722596,0.895916801292546,0.19,0.034,1
"Blmh",0.0488115466722596,0.736713491366991,0.19,0.034,1
"Mical3",0.0492642449018567,-0.804157345300343,0.175,0.345,1
"Usp9x",0.0493480225941819,0.377522370280228,0.381,0.138,1
"Plcb1",0.0498234908990801,0.880355303757744,0.238,0.069,1
"Akt1",0.0499661041567591,-0.543440682292931,0.048,0.172,1
"Fbxo32",0.0499661041567591,-0.817744812108048,0.048,0.172,1
"Fam102a",0.0504228530238743,-0.769831922793992,0.095,0.241,1
"Ppp3cb",0.0504339348466328,0.593296866516307,0.317,0.103,1
"Accs",0.0507357416352532,-0.722390300909808,0.032,0.138,1
"Zfp362",0.0507357416352532,-0.630356056853203,0.032,0.138,1
"Rbm7",0.0507357416352532,-0.651057107588337,0.032,0.138,1
"Kdm4b",0.0507357416352532,-0.65464346538387,0.032,0.138,1
"Kcnk12",0.0507357416352532,-0.703872913011405,0.032,0.138,1
"Ctdp1",0.0507357416352532,-0.678040691410105,0.032,0.138,1
"Dst",0.0508726737942123,-0.434251699283086,0.714,0.759,1
"Sec16a",0.0509432205033481,-0.553481325527701,0.063,0.207,1
"Apod",0.0512967169233488,0.598307236726959,0.429,0.207,1
"Usp33",0.0514642808150228,0.694998658346314,0.254,0.069,1
"Gapdh",0.0515561871014601,0.495284612711332,0.667,0.448,1
"Tlr4",0.0520784954032602,0.774401366053447,0.19,0.034,1
"Plekhg3",0.0520784954032602,-0.729368844692673,0.095,0.241,1
"Asrgl1",0.0520784954032602,0.798190527422434,0.19,0.034,1
"Tmeff2",0.05221326533543,-0.336318482392371,0.937,1,1
"Gm43713",0.052530891738884,-0.776472764988502,0.079,0.207,1
"Cd47",0.0527884530939391,0.818645796747064,0.238,0.069,1
"Marchf1",0.0530213593508657,-0.514242628968714,0.492,0.655,1
"Tmem125",0.0531041660226516,-0.661845045602747,0.032,0.138,1
"Caln1",0.0531041660226516,-0.676271316741569,0.032,0.138,1
"Csgalnact2",0.0531041660226516,-0.649712298547437,0.032,0.138,1
"Dlat",0.0531041660226516,-0.741770237615582,0.032,0.138,1
"Adamts2",0.0531041660226516,-0.684012592460097,0.032,0.138,1
"Nemf",0.0533592956699227,0.657690795389694,0.286,0.103,1
"Ssbp2",0.0533592956699227,0.955660895073336,0.286,0.103,1
"Rps27",0.0537793662767056,0.763760719865831,0.19,0.034,1
"Bex3",0.0537793662767056,-0.884743870031666,0.095,0.241,1
"Gm26901",0.0540463846356793,-0.55243283225899,0.016,0.103,1
"Rabif",0.0540463846356793,-0.633620384016538,0.016,0.103,1
"Slamf6",0.0540463846356793,-0.685015116564489,0.016,0.103,1
"Niban2",0.0540463846356793,-0.606554682060036,0.016,0.103,1
"Fam98b",0.0540463846356793,-0.595296313637769,0.016,0.103,1
"2900093K20Rik",0.0540463846356793,-0.631956623161975,0.016,0.103,1
"Dclk2",0.0540463846356793,-0.653737336436535,0.016,0.103,1
"Fndc5",0.0540463846356793,-0.768434040906658,0.016,0.103,1
"Dnajc11",0.0540463846356793,-0.621048467034555,0.016,0.103,1
"Rasgef1b",0.0540463846356793,-0.629938593599934,0.016,0.103,1
"Asns",0.0540463846356793,-0.590199209707337,0.016,0.103,1
"Ogg1",0.0540463846356793,-0.630776898246107,0.016,0.103,1
"Tsen2",0.0540463846356793,-0.67417391422577,0.016,0.103,1
"Ppp1r37",0.0540463846356793,-0.632353461275289,0.016,0.103,1
"ENSMUSG00000121129",0.0540463846356793,-0.571883538377713,0.016,0.103,1
"Uba52",0.0540463846356793,-0.648968952561072,0.016,0.103,1
"Esr1",0.0540463846356793,-0.637805636335343,0.016,0.103,1
"Mtrf1l",0.0540463846356793,-0.528571125173557,0.016,0.103,1
"Gamt",0.0540463846356793,-0.658942430409139,0.016,0.103,1
"Zfr2",0.0540463846356793,-0.592449389589446,0.016,0.103,1
"Tmtc3",0.0540463846356793,-0.776449571973028,0.016,0.103,1
"Rnf41",0.0540463846356793,-0.522659279086244,0.016,0.103,1
"Sgcd",0.0540463846356793,-0.57384905505396,0.016,0.103,1
"Spata7",0.0540463846356793,-0.642168142043413,0.016,0.103,1
"Itih3",0.0540463846356793,-0.575349743291153,0.016,0.103,1
"Myh6",0.0540463846356793,-0.71991908389558,0.016,0.103,1
"Lmln",0.0540463846356793,-0.665067677568333,0.016,0.103,1
"Jam2",0.0540463846356793,-0.555678233073234,0.016,0.103,1
"Gabpa",0.0540463846356793,-0.637602128000731,0.016,0.103,1
"Gm1976",0.0540463846356793,-0.70278847518655,0.016,0.103,1
"D330050I16Rik",0.0540463846356793,-0.691435443676717,0.016,0.103,1
"6030458C11Rik",0.0541214043674429,-0.648120655057772,0.048,0.172,1
"Calm3",0.0547859730751057,0.843859164783875,0.286,0.103,1
"Tbc1d16",0.0547859730751057,-0.653966085879816,0.175,0.345,1
"Dpp10",0.0549394282080929,-0.551238900053358,0.365,0.517,1
"Ksr1",0.0555263648407291,0.776941620206857,0.19,0.034,1
"Dner",0.0555642604110027,-0.615879080760215,0.032,0.138,1
"Ccnc",0.0555642604110027,-0.662682942982874,0.032,0.138,1
"Agbl4",0.0555642604110027,-0.642485416009249,0.032,0.138,1
"Ppp4r3a",0.0555642604110027,-0.627366302217256,0.032,0.138,1
"Bmp2k",0.0555799877050871,0.777346086439723,0.556,0.31,1
"Otud7a",0.055899460100982,0.929222209900222,0.238,0.069,1
"Tuba4a",0.0561475525492195,0.699026772728053,0.302,0.103,1
"Mettl7a1",0.0562158790068652,0.713227259220995,0.333,0.138,1
"Tbcd",0.05624432049506,0.774397622979241,0.286,0.103,1
"Polr1d",0.0563048802072128,-0.592656298663724,0.048,0.172,1
"Lrsam1",0.0570821679383053,-0.511753118318914,0.016,0.103,1
"Slc30a4",0.0570821679383053,-0.508148901697902,0.016,0.103,1
"Rap2b",0.0570821679383053,-0.45331651859087,0.016,0.103,1
"Smu1",0.0570821679383053,-0.65835138939255,0.016,0.103,1
"Reck",0.0570821679383053,-0.548723183268854,0.016,0.103,1
"Zfp113",0.0570821679383053,-0.484479369463469,0.016,0.103,1
"Tmem176a",0.0570821679383053,-0.585839518746687,0.016,0.103,1
"Phc1",0.0570821679383053,-0.542715253270206,0.016,0.103,1
"Cars",0.0570821679383053,-0.579440935042634,0.016,0.103,1
"1190005I06Rik",0.0570821679383053,-0.520304392541517,0.016,0.103,1
"Ggt5",0.0570821679383053,-0.614990906576691,0.016,0.103,1
"Mars1",0.0570821679383053,-0.524532151380837,0.016,0.103,1
"Sf3a1",0.0570821679383053,-0.690757937292639,0.016,0.103,1
"Rmnd5b",0.0570821679383053,-0.719554929976911,0.016,0.103,1
"Entpd5",0.0570821679383053,-0.489135818010829,0.016,0.103,1
"Cinp",0.0570821679383053,-0.513441531414593,0.016,0.103,1
"Zfp458",0.0570821679383053,-0.509408248501507,0.016,0.103,1
"Smpd4",0.0570821679383053,-0.465715378585919,0.016,0.103,1
"Ncbp2",0.0570821679383053,-0.574765818598568,0.016,0.103,1
"Cyb561a3",0.0570821679383053,-0.476721124602935,0.016,0.103,1
"Cul4b",0.0570821679383053,-0.706916878531138,0.016,0.103,1
"Zmat1",0.0570821679383053,-0.555368648629839,0.016,0.103,1
"Trappc6b",0.0571588897898732,-0.874250757970637,0.127,0.276,1
"Clec16a",0.0573203966789727,0.655614208709822,0.19,0.034,1
"Anxa3",0.0573390746125643,-0.662503704352557,0.159,0.31,1
"Usp12",0.0576530457385746,0.805845070131389,0.27,0.103,1
"Npy",0.0577348461476868,0.800854609949909,0.286,0.103,1
"Aplp1",0.0580185137618078,0.442810280140344,0.746,0.655,1
"Rtf1",0.0580295796163149,0.815501760148266,0.175,0.034,1
"Tecpr1",0.0581185879307159,-0.565588904374728,0.032,0.138,1
"Cyth2",0.0581185879307159,-0.529960838384242,0.032,0.138,1
"Gm44667",0.0581185879307159,-0.544534418849343,0.032,0.138,1
"Phaf1",0.0581185879307159,-0.571369004347486,0.032,0.138,1
"Mre11a",0.0581185879307159,-0.564107911069574,0.032,0.138,1
"Poc1b",0.0581185879307159,-0.512898796320706,0.032,0.138,1
"Chrm3",0.0581185879307159,-0.591448481111245,0.032,0.138,1
"Tmem14c",0.0581185879307159,-0.561429363586675,0.032,0.138,1
"Zfp236",0.0581185879307159,-0.679909300094665,0.032,0.138,1
"3110082I17Rik",0.0582227805823748,-0.768465759993627,0.079,0.207,1
"Clasp2",0.058354735099308,-0.358807325340718,0.587,0.759,1
"Arhgap15",0.058561204739669,-0.56511954711271,0.048,0.172,1
"Xkr6",0.058561204739669,-0.535736029835426,0.048,0.172,1
"Klhl6",0.058561204739669,-0.563390906200546,0.048,0.172,1
"Cd81",0.0588884029720825,-0.616245650894444,0.46,0.69,1
"Prex1",0.0590387197458297,-0.744279501679553,0.222,0.379,1
"Rpl30",0.059161694047294,1.00212610704322,0.238,0.069,1
"ENSMUSG00000120241",0.0591623734048059,0.317808267963387,0.19,0.034,1
"Ptov1",0.0599563110210806,0.955703845908456,0.175,0.034,1
"Ndufa7",0.0599563110210806,0.908685275779404,0.175,0.034,1
"Ring1",0.0599563110210806,0.771419527522586,0.175,0.034,1
"Parp1",0.0602584768109383,-0.474161354039329,0.016,0.103,1
"Tspan18",0.0602584768109383,-0.569949547827268,0.016,0.103,1
"Mfsd1",0.0602584768109383,-0.609533301887589,0.016,0.103,1
"Cep104",0.0602584768109383,-0.55605802442651,0.016,0.103,1
"Ube3b",0.0602584768109383,-0.525213840359017,0.016,0.103,1
"Gm42917",0.0602584768109383,-0.570434725873493,0.016,0.103,1
"Gm16552",0.0602584768109383,-0.500733431106956,0.016,0.103,1
"Clec4a2",0.0602584768109383,-0.475661604764637,0.016,0.103,1
"Ppp6r1",0.0602584768109383,-0.586984157482258,0.016,0.103,1
"Dcun1d3",0.0602584768109383,-0.521536242734191,0.016,0.103,1
"Ddx49",0.0602584768109383,-0.432512742333397,0.016,0.103,1
"Edc4",0.0602584768109383,-0.553530515198763,0.016,0.103,1
"Mideas",0.0602584768109383,-0.462424235858206,0.016,0.103,1
"Tmed8",0.0602584768109383,-0.451634606410649,0.016,0.103,1
"Serpinb6a",0.0602584768109383,-0.521697618600515,0.016,0.103,1
"Zfpm2",0.0602584768109383,-0.574728327391039,0.016,0.103,1
"Morn2",0.0602584768109383,-0.585759705716946,0.016,0.103,1
"Dcp2",0.0602584768109383,-0.494187756471958,0.016,0.103,1
"Mpp1",0.0602584768109383,-0.552224230766693,0.016,0.103,1
"Kif5b",0.0604936799096307,0.315694627776239,0.333,0.138,1
"Lrrfip1",0.060566387948542,-0.670046974688276,0.127,0.276,1
"Pds5a",0.0606281451952484,0.647398259005884,0.302,0.103,1
"Fah",0.0607697358551857,-0.661536297651282,0.032,0.138,1
"Sumo3",0.0607697358551857,-0.535071408252681,0.032,0.138,1
"Zmat5",0.0607697358551857,-0.68334347301227,0.032,0.138,1
"Elp3",0.0607697358551857,-0.517257620867404,0.032,0.138,1
"Cdh6",0.0607697358551857,-0.631065837604844,0.032,0.138,1
"Rufy1",0.0610532122896038,-0.584070109883848,0.095,0.241,1
"Itm2b",0.0618096622565803,0.365282924454053,0.794,0.586,1
"Gpbp1l1",0.0619357959786213,0.845213892881577,0.175,0.034,1
"Ss18",0.0619357959786213,0.919208530471112,0.175,0.034,1
"Mark1",0.0622950609723284,-0.719719106244315,0.079,0.207,1
"Nckap1",0.0624046144821786,0.758646690124252,0.286,0.103,1
"Pgam1",0.0624046144821786,0.833829771190972,0.286,0.103,1
"Pnpla7",0.0624076592164653,0.905005440764803,0.27,0.103,1
"Runx1",0.0625914428324214,-0.609754040564298,0.333,0.517,1
"Thada",0.0629938358766779,-0.530793810936529,0.095,0.241,1
"Cdkl5",0.0629938358766779,-0.260707599297329,0.095,0.241,1
"Arsb",0.0632763666205498,-0.491522100240379,0.238,0.448,1
"Lair1",0.0634253768101161,-0.568496301885386,0.27,0.448,1
"Gpd1",0.0635203134722711,-0.587428130536019,0.032,0.138,1
"9130024F11Rik",0.0635799368982196,-0.573318412730948,0.016,0.103,1
"Gm15834",0.0635799368982196,-0.457509623124938,0.016,0.103,1
"Gm816",0.0635799368982196,-0.471113188179655,0.016,0.103,1
"Spint1",0.0635799368982196,-0.498165000037045,0.016,0.103,1
"Zgpat",0.0635799368982196,-0.453967271546169,0.016,0.103,1
"Lzic",0.0635799368982196,-0.524383906839395,0.016,0.103,1
"Dr1",0.0635799368982196,-0.438879996352225,0.016,0.103,1
"Gpr27",0.0635799368982196,-0.464100534532619,0.016,0.103,1
"Erf",0.0635799368982196,-0.49198966494623,0.016,0.103,1
"Upf3a",0.0635799368982196,-0.48091620039217,0.016,0.103,1
"Gtf2e2",0.0635799368982196,-0.483315375872133,0.016,0.103,1
"Gucy1a2",0.0635799368982196,-0.446180472080624,0.016,0.103,1
"Nol11",0.0635799368982196,-0.52234355069343,0.016,0.103,1
"Sptssa",0.0635799368982196,-0.439106195258908,0.016,0.103,1
"Parp9",0.0635799368982196,-0.416727820180093,0.016,0.103,1
"N6amt1",0.0635799368982196,-0.460962569116112,0.016,0.103,1
"Snhg9",0.0635799368982196,-0.504752653842394,0.016,0.103,1
"Prdx4",0.0635799368982196,-0.436579162046146,0.016,0.103,1
"Tia1",0.0640289872922508,-0.632733369001022,0.175,0.345,1
"Snrnp48",0.0640289872922508,-0.547938193137125,0.175,0.345,1
"Dnajc5",0.0640628664863012,0.736186828600051,0.27,0.103,1
"Smc1a",0.0641381929020074,0.91966036632962,0.222,0.069,1
"Itm2c",0.064140544004545,-0.918338886931958,0.127,0.276,1
"Bpnt2",0.0648448821917207,0.657663907620379,0.111,0,1
"Gpsm1",0.0648497668694561,0.652174946578398,0.111,0,1
"Timm10",0.0648497668694561,0.630425053984092,0.111,0,1
"Hypk",0.0648497668694561,0.784445503275911,0.111,0,1
"Zfp120",0.0648497668694561,0.592015316592513,0.111,0,1
"Mrpl24",0.0648497668694561,0.604895375913299,0.111,0,1
"Sass6",0.0648497668694561,0.744892628446193,0.111,0,1
"Lamtor3",0.0648497668694561,0.673142310246544,0.111,0,1
"A530083M17Rik",0.0648497668694561,0.705173582795807,0.111,0,1
"Zfp37",0.0648497668694561,0.620822833068081,0.111,0,1
"Elovl1",0.0648497668694561,0.635376500666842,0.111,0,1
"Rnf19b",0.0648497668694561,0.753988763757578,0.111,0,1
"Syf2",0.0648497668694561,0.800861893479537,0.111,0,1
"Otud3",0.0648497668694561,0.650692194343585,0.111,0,1
"Shroom3",0.0648497668694561,0.710680168674214,0.111,0,1
"Ulk1",0.0648497668694561,0.640401029821615,0.111,0,1
"Crybb1",0.0648497668694561,0.651272940811668,0.111,0,1
"Wipi2",0.0648497668694561,0.540836973913141,0.111,0,1
"Thumpd3",0.0648497668694561,0.698847262834963,0.111,0,1
"Gm15492",0.0648497668694561,0.633263627545016,0.111,0,1
"Ube2s",0.0648497668694561,0.564852569551285,0.111,0,1
"Zfp866",0.0648497668694561,0.710755118472886,0.111,0,1
"Cnep1r1",0.0648497668694561,0.58590455079677,0.111,0,1
"Qtrt1",0.0648497668694561,0.705728960299559,0.111,0,1
"Imp3",0.0648497668694561,0.674671170718476,0.111,0,1
"Gclc",0.0648497668694561,0.839405815592689,0.111,0,1
"Mras",0.0648497668694561,0.800792870820991,0.111,0,1
"Ccdc28a",0.0648497668694561,0.589357182186981,0.111,0,1
"Xpot",0.0648497668694561,0.637064862914205,0.111,0,1
"Camk2b",0.0648497668694561,0.696910794114139,0.111,0,1
"Slu7",0.0648497668694561,0.741440813253142,0.111,0,1
"9930111J21Rik2",0.0648497668694561,0.715042417760558,0.111,0,1
"Gm12227",0.0648497668694561,0.921849685873229,0.111,0,1
"G3bp1",0.0648497668694561,0.6789233793139,0.111,0,1
"Ctc1",0.0648497668694561,0.820198581732813,0.111,0,1
"Slc25a11",0.0648497668694561,0.735593598366421,0.111,0,1
"Cdk5r1",0.0648497668694561,0.736865706399534,0.111,0,1
"Dhrs7",0.0648497668694561,0.745602746327223,0.111,0,1
"Ptpdc1",0.0648497668694561,0.74264667744686,0.111,0,1
"ENSMUSG00000121063",0.0648497668694561,0.974901115730309,0.111,0,1
"Paip1",0.0648497668694561,0.692775495097086,0.111,0,1
"Zc3h3",0.0648497668694561,0.755241701283108,0.111,0,1
"Tfcp2",0.0648497668694561,0.635519853118941,0.111,0,1
"Smug1",0.0648497668694561,0.741988853854331,0.111,0,1
"Abcf3",0.0648497668694561,0.72334187360123,0.111,0,1
"Dnajb11",0.0648497668694561,0.647317299257952,0.111,0,1
"Adprh",0.0648497668694561,0.780038852541044,0.111,0,1
"Ltn1",0.0648497668694561,0.60840176761358,0.111,0,1
"H2-K1",0.0648497668694561,0.657439931585208,0.111,0,1
"Mmut",0.0648497668694561,0.591398907198795,0.111,0,1
"Cript",0.0648497668694561,0.697017150599156,0.111,0,1
"Afg3l2",0.0648497668694561,0.572900448941608,0.111,0,1
"Dpf2",0.0648497668694561,0.582686658618361,0.111,0,1
"Gm16068",0.0648497668694561,0.651712740827737,0.111,0,1
"Gm16189",0.0648497668694561,0.670727204472356,0.111,0,1
"Pja1",0.0648497668694561,0.564390661748684,0.111,0,1
"Zrsr2",0.0648497668694561,0.941484422158505,0.111,0,1
"Sppl2a",0.0654484020980946,-0.58948086134438,0.111,0.276,1
"Rnf14",0.0654484020980946,-0.556685454852104,0.111,0.276,1
"Gm12185",0.0657847451733475,-0.502987763480367,0.048,0.172,1
"Dnajc21",0.0660571322779077,0.763061945572946,0.175,0.034,1
"H3f3a",0.0661608692247913,0.751027698668836,0.238,0.069,1
"Plxdc2",0.0662331459784648,-0.31037494893364,0.921,0.897,1
"Eefsec",0.0663729498405267,-0.539886731416509,0.032,0.138,1
"Slc11a2",0.0663729498405267,-0.396498582139678,0.032,0.138,1
"Trp53cor1",0.0666001691601386,-0.674068404789008,0.079,0.207,1
"Kif13a",0.0666783508016814,-0.45025943911905,0.524,0.759,1
"Ttyh2",0.0670350642511013,-0.672175018438637,0.254,0.414,1
"Osbpl11",0.0673336855290333,-0.748221275080221,0.159,0.31,1
"Yipf5",0.0674392081751585,-1.00899597018531,0.111,0.241,1
"Ptms",0.0674820822488544,1.00264528963717,0.27,0.103,1
"Lingo2",0.0682010494139241,0.802407137482242,0.175,0.034,1
"Grik2",0.068495743102623,0.57600608125212,0.651,0.448,1
"Srcap",0.0688429256024999,-0.805271021567361,0.079,0.207,1
"Malt1",0.0691237108544756,-0.546433134497415,0.095,0.241,1
"Zfp950",0.0691312955452957,-0.666924742702523,0.159,0.31,1
"Rpe",0.0693302914302454,-0.446810061095272,0.032,0.138,1
"ENSMUSG00000121007",0.0693302914302454,-0.551329374326268,0.032,0.138,1
"Mgat2",0.0693302914302454,-0.434176451469394,0.032,0.138,1
"Gm32036",0.0693622979925624,-0.573053152912677,0.111,0.276,1
"Clmn",0.0694822499877998,-0.542821956659451,0.302,0.517,1
"Aldoa",0.0702561568921422,0.645058760165881,0.571,0.345,1
"Mfsd4a",0.0704018506725942,0.674937643191889,0.175,0.034,1
"Stx1a",0.0704018506725942,0.681011933193137,0.175,0.034,1
"Nr1d2",0.0704018506725942,0.778107177848048,0.175,0.034,1
"Crlf3",0.0707529791168056,0.700022588065552,0.397,0.207,1
"Tom1l2",0.0709562121620071,-0.484609549581608,0.27,0.448,1
"Slc25a12",0.0709681405714115,-0.678144173141576,0.159,0.31,1
"Ptprc",0.0711078961155085,0.655098568912738,0.46,0.241,1
"Gfpt1",0.0711473698722915,-0.631496618363689,0.079,0.207,1
"Tmem181a",0.0711473698722915,-0.790296645380814,0.079,0.207,1
"Zfp451",0.0712727898067355,-0.469748705280497,0.095,0.241,1
"Srp9",0.0718117755766473,0.777456421763801,0.222,0.069,1
"Arhgef2",0.0718117755766473,-0.750809812197111,0.127,0.276,1
"Wsb1",0.0718465895332726,-0.690342637392276,0.143,0.276,1
"Rgs7bp",0.0718465895332726,0.603709001909251,0.238,0.069,1
"Tuba1a",0.072240781044226,0.611068311033555,0.571,0.379,1
"Krcc1",0.0725093581075395,-0.663626642704444,0.143,0.31,1
"Rp9",0.0725300152301997,-0.671408223985828,0.206,0.379,1
"Abca9",0.0725300152301997,-0.471459675084425,0.206,0.379,1
"Abcg2",0.072660579559726,0.71664742238689,0.175,0.034,1
"Xpnpep3",0.072660579559726,0.800722150242366,0.175,0.034,1
"Mdh1",0.0727678987571603,0.683602208690657,0.413,0.207,1
"Abca1",0.0730885811963201,0.691227649489665,0.429,0.207,1
"Zfp24",0.073514672147879,-0.606002617099769,0.079,0.207,1
"Dpp8",0.0738285264569141,0.65552512356152,0.238,0.069,1
"Gm36975",0.0738427446109142,0.839348253092064,0.222,0.069,1
"Meis2",0.0738427446109142,1.04814622018929,0.222,0.069,1
"Hsp90ab1",0.0744493090619594,0.497676239514072,0.81,0.69,1
"Rbbp4",0.0747619031006762,0.779515216177881,0.254,0.103,1
"Aim2",0.0747712439793791,-0.676252288716925,0.175,0.31,1
"Sh3kbp1",0.0749472641006516,0.74781417238307,0.444,0.241,1
"Rpn1",0.0749782828466014,0.79383755147915,0.175,0.034,1
"Maf",0.0751245133067444,-0.255368525629708,0.46,0.621,1
"R3hdm1",0.0753667592671327,-0.766543882879899,0.365,0.517,1
"Ehmt1",0.07606152107566,-0.563274538744526,0.206,0.379,1
"Snx24",0.0762801844775163,-0.569622673789695,0.302,0.483,1
"App",0.0762919650115667,0.55162945705024,0.841,0.69,1
"Selplg",0.0764903905871608,-0.768143317149422,0.397,0.552,1
"Tcf12",0.0766351024481669,0.652609288323126,0.714,0.586,1
"Hspd1",0.077356009999685,0.57946318176436,0.175,0.034,1
"Dclk1",0.0774956450724387,-0.608180163700435,0.27,0.448,1
"Rala",0.0780455735184617,-0.625558566345462,0.127,0.276,1
"Safb2",0.0780455735184617,-0.636760300258794,0.127,0.276,1
"Il18",0.0781533408513699,-0.778985998320348,0.111,0.241,1
"Gm10863",0.0784425486347446,-0.82336626777887,0.079,0.207,1
"Gapvd1",0.0787197213046995,0.748939871127002,0.254,0.103,1
"Zeb1",0.079013837186812,0.753412703642082,0.333,0.172,1
"Qki",0.0790170923529479,0.264797111246447,0.968,1,1
"Calm2",0.0795100503358395,0.511499597659894,0.841,0.759,1
"Srgap2",0.0796697971883268,-0.368514970678377,0.81,0.862,1
"Cpd",0.0800439100232894,-0.658288715169161,0.143,0.276,1
"Fip1l1",0.0802188959593394,0.462429688709093,0.222,0.069,1
"Hnrnpk",0.0802188959593394,0.601481098395838,0.222,0.069,1
"A330015K06Rik",0.0807639544369691,0.83360654239902,0.302,0.138,1
"Chp1",0.0810054782969441,-0.541083995728831,0.079,0.207,1
"Slc50a1",0.0810054782969441,0.743988778833498,0.159,0.034,1
"Pals2",0.0810054782969441,0.794931442287092,0.159,0.034,1
"Gabarapl2",0.0810054782969441,0.786155920545151,0.159,0.034,1
"Sirt7",0.0810054782969441,-0.468069723224835,0.079,0.207,1
"Nefl",0.0810054782969441,0.740330890948269,0.159,0.034,1
"Adcy9",0.0810054782969441,-0.570529838763596,0.079,0.207,1
"Pcyt2",0.0812051065430105,-0.324571507721621,0.238,0.448,1
"Supt20",0.0821091634578497,-0.743712256349819,0.254,0.414,1
"Crebzf",0.0822582873735271,-0.73123346564832,0.222,0.379,1
"Aftph",0.0822710340957122,-0.34754840773222,0.175,0.345,1
"Amn1",0.0824411336899623,-0.645502759175933,0.127,0.276,1
"Rpl5",0.0826911647477225,0.575743977101389,0.27,0.103,1
"Mon2",0.0826911647477225,0.629031245559279,0.27,0.103,1
"Gpr37",0.0826993368315629,-0.491930017158472,0.143,0.31,1
"Scn2a",0.0836322247152149,-0.638388594142115,0.079,0.207,1
"Arfgap1",0.0836359754098992,-0.512686611524617,0.079,0.207,1
"Rpl27a",0.0836359754098992,0.722258476616215,0.159,0.034,1
"Rtn4rl1",0.0836359754098992,-0.486920933056722,0.079,0.207,1
"Mzt1",0.0836359754098992,-0.59661599733893,0.079,0.207,1
"Dmd",0.0836359754098992,-0.565662279363301,0.079,0.207,1
"Cox7c",0.0839174932946783,0.717257162029413,0.46,0.241,1
"Atg16l1",0.0839695091440231,-0.600657298907336,0.063,0.172,1
"Anapc10",0.0839695091440231,-0.707518665812188,0.063,0.172,1
"ENSMUSG00000120385",0.0841650148898588,-0.392945400213139,0.206,0.414,1
"Megf10",0.0841669618934654,-0.691563339964822,0.222,0.379,1
"Shroom2",0.0844189423627865,-0.662307519666552,0.143,0.276,1
"Txndc16",0.084521324165455,0.674637023981612,0.317,0.138,1
"Rmnd5a",0.0846001696447093,0.843022578971321,0.206,0.069,1
"Olfml3",0.0847130198661706,0.680083769835996,0.222,0.069,1
"Map7d2",0.084974477608427,-0.661304737618401,0.159,0.31,1
"Vps28",0.0853441147703297,-0.441280210660837,0.095,0.241,1
"Mmadhc",0.0863352208760142,0.692908748979738,0.159,0.034,1
"D430041D05Rik",0.0863352208760142,0.747229482362702,0.159,0.034,1
"Timm8b",0.0863352208760142,0.828861357029497,0.159,0.034,1
"Nalcn",0.0866779343345997,-0.67405209502585,0.143,0.276,1
"Rps13",0.0866916621270854,0.749473549957458,0.302,0.138,1
"Actg1",0.0868988849604143,0.713806765299842,0.27,0.103,1
"Htt",0.0869332506898386,-0.794369831260998,0.063,0.172,1
"Tmem192",0.0869332506898386,-0.694835021312719,0.063,0.172,1
"Rab3ip",0.0869332506898386,-0.730115849545254,0.063,0.172,1
"Wdr43",0.0869332506898386,-0.608641417770771,0.063,0.172,1
"St7",0.0869830187295046,0.695952464352667,0.206,0.069,1
"Jund",0.0869830187295046,0.676076201814566,0.206,0.069,1
"Manf",0.0870352877719422,0.677240559922514,0.222,0.069,1
"Ppp1r16b",0.0872804278079994,0.653983104942987,0.381,0.207,1
"Ubb",0.0878518238363555,0.579511961613648,0.508,0.31,1
"2900052L18Rik",0.088746404178119,-0.516140476853813,0.19,0.345,1
"Ptpa",0.089104395484059,-0.509503699443422,0.079,0.207,1
"Nup214",0.089104395484059,0.726142613858084,0.159,0.034,1
"Lin7c",0.089104395484059,0.663809572738325,0.159,0.034,1
"Egr1",0.089104395484059,0.7562017324555,0.159,0.034,1
"Zscan26",0.0894086704622323,0.629375508587814,0.222,0.069,1
"Tcp1",0.0894086704622323,0.583161501817214,0.222,0.069,1
"Ppig",0.089419751042902,0.883707503069705,0.206,0.069,1
"Nsmaf",0.089419751042902,-0.916344808482457,0.127,0.241,1
"Hpca",0.0899808652353954,-0.563501815938433,0.063,0.172,1
"Mrpl23",0.0899808652353954,-0.730893548816862,0.063,0.172,1
"Thrb",0.0899808652353954,-0.575077298434244,0.063,0.172,1
"Gm49797",0.0899808652353954,-0.746680407607273,0.063,0.172,1
"Mif",0.0901088683382428,0.838566446477926,0.317,0.172,1
"Kmt2a",0.0908724887967266,-0.640860167047747,0.19,0.345,1
"Slc25a4",0.0909761069720102,0.614325517972027,0.556,0.414,1
"Ywhab",0.0912777755834701,0.659577571095327,0.27,0.103,1
"Creb5",0.0913368637062549,-0.591420786213701,0.397,0.552,1
"Cdh10",0.0913368637062549,-0.379483905041058,0.381,0.586,1
"Npas3",0.0915337603966466,-0.523395945736575,0.413,0.586,1
"B230219D22Rik",0.0916251888103716,0.709466437266118,0.254,0.103,1
"Cbx5",0.0916251888103716,-0.573143926368795,0.159,0.31,1
"Ndufc2",0.0918339003980441,0.565320503455542,0.222,0.069,1
"Ppp6c",0.0919446791082559,-0.538043967058347,0.079,0.207,1
"Tlk1",0.0919446791082559,0.671041996789995,0.159,0.034,1
"Ralgapa2",0.0919446791082559,0.679750740248118,0.159,0.034,1
"Pdcd10",0.0919446791082559,0.750462817158571,0.159,0.034,1
"Cdk6",0.0919446791082559,-0.519874510131656,0.079,0.207,1
"Asic2",0.0919446791082559,0.695869103615424,0.159,0.034,1
"Nell2",0.0919446791082559,0.797066462713608,0.159,0.034,1
"Chd7",0.0920796372293921,-0.606692753810051,0.333,0.483,1
"Tardbp",0.0921608856863818,-0.594281966447244,0.222,0.379,1
"Arl15",0.0921629284700295,-0.819896567076055,0.222,0.379,1
"Nufip2",0.0926021258191179,0.555907725715032,0.365,0.172,1
"Cox5a",0.0926401508028225,0.622444707813549,0.349,0.172,1
"Txlna",0.0931138935616642,-0.564595526429635,0.063,0.172,1
"Gm31763",0.0931138935616642,-0.644056438399639,0.063,0.172,1
"Myh10",0.0931138935616642,-0.662139494913192,0.063,0.172,1
"Lgals9",0.0931138935616642,-0.768002169690681,0.063,0.172,1
"Nfam1",0.0931138935616642,-0.762627259322465,0.063,0.172,1
"Fyttd1",0.0931138935616642,-0.713500866267864,0.063,0.172,1
"Lrch2",0.0931138935616642,-0.564540379699956,0.063,0.172,1
"Cox7b",0.0934895329117893,0.64285431297242,0.397,0.207,1
"Lrba",0.0935288792926885,-0.431807536802902,0.222,0.414,1
"Ndufb7",0.0940202700422471,0.718784537900046,0.238,0.103,1
"Wdr26",0.094254431730525,0.581667456408786,0.333,0.138,1
"Trim3",0.0943470314265343,-0.683249166494425,0.095,0.207,1
"Tmem170b",0.0943470314265343,-0.843861569390789,0.095,0.207,1
"Cdk5rap2",0.0944580368817427,0.651552058555839,0.206,0.069,1
"Prdx5",0.0944580368817427,0.693687558419474,0.206,0.069,1
"Kdm6a",0.0947974240660746,0.656678365770979,0.317,0.138,1
"Abhd18",0.094857249887443,-0.417726156264291,0.079,0.207,1
"Mt1",0.094857249887443,0.644215001843199,0.159,0.034,1
"Zfp830",0.094857249887443,0.663905908648148,0.159,0.034,1
"Abcc3",0.094857249887443,0.620525569174551,0.159,0.034,1
"Pcnp",0.094857249887443,0.618490019208785,0.159,0.034,1
"Cxxc5",0.094857249887443,0.633271623492759,0.159,0.034,1
"Tmem164",0.094857249887443,0.68658425454895,0.159,0.034,1
"Rab11fip2",0.095136384407173,0.69909333829206,0.302,0.138,1
"Ccser1",0.0954395261901036,-0.968075403531568,0.111,0.241,1
"Afap1l1",0.0954395261901036,-0.637610683256072,0.111,0.241,1
"Scn8a",0.0959154359110276,-0.448394192409009,0.095,0.241,1
"Galnt1",0.0962062898705877,-0.778342982306509,0.143,0.276,1
"Adamts6",0.0963338735999425,-0.658082169977264,0.063,0.172,1
"Eef1a1",0.0977732836060802,0.560628404470453,0.54,0.345,1
"Trp53bp2",0.0978432833847249,0.637414695895179,0.159,0.034,1
"Psmb5",0.0978432833847249,0.727354164101499,0.159,0.034,1
"Pcca",0.0981417154982635,-0.702257204070095,0.111,0.241,1
"Ttc14",0.0984399969812647,-0.523349265334826,0.397,0.517,1
"Syncrip",0.0987148708195095,-0.531511325895815,0.143,0.276,1
"Rhou",0.0988167309269633,-0.724027674773364,0.238,0.379,1
"Gns",0.0990652507209162,-0.600529638192768,0.286,0.414,1
"Ube4a",0.0994279815029149,-0.51644604166827,0.127,0.276,1
"Eif2s2",0.0995992801065847,0.670541881921355,0.302,0.138,1
"Uba6",0.09963742820296,-0.460334258366073,0.063,0.172,1
"Gnl2",0.0996423391093113,-0.560075633252942,0.063,0.172,1
"Fuca1",0.0996423391093113,-0.690183105419343,0.063,0.172,1
"Gramd3",0.0996423391093113,-0.633529112308655,0.063,0.172,1
"Rbm4b",0.0996423391093113,-0.568982557545298,0.063,0.172,1
"Prrg1",0.0996423391093113,-0.798697707724744,0.063,0.172,1
"Gm13905",0.0997213568326612,0.671121444546877,0.206,0.069,1
"Rpl34",0.0997213568326612,0.842247412427533,0.206,0.069,1
"Rpl29",0.0997213568326612,0.699892474638837,0.206,0.069,1
"Ywhag",0.0997895741248503,0.76021016746805,0.286,0.138,1
"Rapgef2",0.100567020558207,-0.462162000777487,0.175,0.31,1
"Ptges3",0.100567020558207,0.595634274540948,0.27,0.103,1
"Dlg1",0.100857628651952,-0.460511711326264,0.492,0.621,1
"Tnks2",0.100889509416626,0.619198346265368,0.365,0.172,1
"Spg20",0.100903951728057,0.659074031208872,0.159,0.034,1
"Matr3",0.100903951728057,0.596013162687225,0.159,0.034,1
"Oga",0.101136534098093,0.720519726086656,0.254,0.103,1
"Vta1",0.101275401663318,-0.535454382940705,0.143,0.276,1
"Rps16",0.102124540062562,0.712762680019721,0.286,0.138,1
"Smarcc1",0.102439374451441,0.601800925377269,0.206,0.069,1
"Syt4",0.102439374451441,0.807674679907154,0.206,0.069,1
"Exoc6",0.102439374451441,0.645935191929776,0.206,0.069,1
"Srgap3",0.103003312408542,-0.56743448299718,0.175,0.31,1
"Zfp329",0.103003312408542,-0.591519244869857,0.175,0.31,1
"P2rx4",0.103040818321887,-0.547561508360816,0.063,0.172,1
"Itsn2",0.103595208804087,0.400442211760104,0.587,0.345,1
"Kcnq1ot1",0.103633275350742,-0.369132548333767,0.159,0.31,1
"Atp11b",0.103729254639905,-0.702473213529358,0.111,0.241,1
"Nfic",0.104040422732248,0.57129034102663,0.159,0.034,1
"Higd2a",0.104040422732248,0.50918557672401,0.159,0.034,1
"Cyfip1",0.104338885044332,-0.460707465787793,0.27,0.448,1
"Ophn1",0.104417561753995,0.496281428288398,0.508,0.31,1
"Mapk8ip3",0.104500394281396,0.604060202056395,0.286,0.138,1
"Tmod3",0.105164920987502,0.718512537458237,0.19,0.069,1
"Snap47",0.105216009240839,0.79610227905368,0.206,0.069,1
"Ewsr1",0.105249339052885,0.495106743779844,0.365,0.172,1
"Cnot2",0.10528887412624,-0.471413686376979,0.222,0.379,1
"Abca2",0.105455259800361,0.597486351963722,0.349,0.172,1
"Zc3h15",0.105486307713474,0.59991774821621,0.27,0.103,1
"Smad2",0.106210869218988,-0.613923860265499,0.095,0.207,1
"Pex14",0.106530832556804,-0.53702878615625,0.063,0.172,1
"Pex13",0.106530832556804,-0.535571944327944,0.063,0.172,1
"Myt1l",0.106530832556804,-0.59405980810528,0.063,0.172,1
"Lgi1",0.106530832556804,-0.436021561564822,0.063,0.172,1
"Tecpr2",0.106616312699677,-0.615186556859419,0.111,0.241,1
"Celf2",0.106931874824806,-0.439038375772225,0.556,0.724,1
"Chpf2",0.107692726839781,-0.619100575314255,0.048,0.138,1
"Usf2",0.107692726839781,-0.69245806881975,0.048,0.138,1
"Abhd2",0.107692726839781,-0.628904774819286,0.048,0.138,1
"Lpp",0.107692726839781,-0.702313495694959,0.048,0.138,1
"Clasp1",0.108052041209325,0.401149091854293,0.206,0.069,1
"Sar1b",0.1080835356983,0.68930005248286,0.19,0.069,1
"Wdr47",0.109154466573704,0.857523964269902,0.143,0.034,1
"Fancl",0.109154466573704,0.658659175285449,0.143,0.034,1
"Rars2",0.109354443306208,-0.98020638361178,0.095,0.207,1
"Copg2",0.109354443306208,-0.789698044135307,0.095,0.207,1
"Gm4258",0.109405456733429,0.689981314222603,0.635,0.414,1
"Scg2",0.110113894803931,-0.537099663085379,0.063,0.172,1
"Rplp1",0.110907891973226,0.772002866347806,0.349,0.207,1
"Ola1",0.111065897806676,0.824397983597467,0.19,0.069,1
"Ip6k1",0.111065897806676,0.697692609635151,0.19,0.069,1
"Klhl24",0.111065897806676,0.743374678140913,0.19,0.069,1
"Orc2",0.111751283289091,-0.617875911695751,0.048,0.138,1
"Kat14",0.111751283289091,-0.70796256983784,0.048,0.138,1
"Ubc",0.112067915345345,0.54986027403873,0.365,0.172,1
"Bptf",0.112368328838674,0.644709591144422,0.349,0.172,1
"Norad",0.112370466878896,0.482812875073171,0.349,0.172,1
"Mrpl42",0.112632129656092,0.823086853283714,0.143,0.034,1
"Nub1",0.112636875883384,0.582295835040069,0.143,0.034,1
"Tomm40",0.112636875883384,0.793974331971922,0.143,0.034,1
"Twf2",0.112636875883384,0.59285883974765,0.143,0.034,1
"Kcnrg",0.112636875883384,0.696980278770646,0.143,0.034,1
"Slc25a5",0.113221022863601,-0.614210181488694,0.175,0.31,1
"Ralbp1",0.113296462823027,0.58779575449334,0.317,0.138,1
"Cerox1",0.113791508278432,-0.513898882977138,0.063,0.172,1
"Pdlim5",0.114113483215711,0.422820454722254,0.254,0.103,1
"Fam172a",0.114417838236601,-0.618171218047794,0.333,0.483,1
"Eif1",0.114424270175006,0.657697392150993,0.571,0.448,1
"Ncoa2",0.114834726435897,-0.505310494876897,0.222,0.379,1
"Yaf2",0.115660806415507,-0.699900033257214,0.111,0.241,1
"Zbtb18",0.1158619453667,-0.622875090746037,0.095,0.207,1
"Tsc22d3",0.1158619453667,-0.574008056080697,0.095,0.207,1
"Paxip1",0.115929559268929,-0.542099397374066,0.048,0.138,1
"Kctd21",0.115929559268929,-0.612080576926313,0.048,0.138,1
"B230206H07Rik",0.115929559268929,-0.627543175398944,0.048,0.138,1
"Dusp26",0.115929559268929,-0.660741928948669,0.048,0.138,1
"A930017M01Rik",0.115929559268929,-0.512569124340131,0.048,0.138,1
"Pycr2",0.116206280050532,0.676283207600602,0.143,0.034,1
"Slc25a37",0.116206280050532,0.680230463786777,0.143,0.034,1
"Phf8",0.116206280050532,0.73302603438817,0.143,0.034,1
"Kdm5c",0.116206280050532,0.718255471327713,0.143,0.034,1
"Cab39l",0.116924260265456,0.601363146615398,0.206,0.069,1
"Wdr44",0.116924260265456,-0.812371690658875,0.127,0.241,1
"Pgrmc1",0.116924260265456,0.447992055777305,0.206,0.069,1
"Suz12",0.117225224376385,0.699743636340504,0.19,0.069,1
"Pgk1",0.117225224376385,0.730941557981714,0.19,0.069,1
"Dennd5b",0.117767026861167,-0.482139919159213,0.143,0.276,1
"Plcl2",0.119062624931058,0.570996388299754,0.571,0.345,1
"Taf1d",0.119143038066022,-0.61284256574783,0.206,0.345,1
"Pex5l",0.119212032261709,-0.29422055417282,0.778,0.966,1
"Brinp1",0.119227909419377,-0.763463150997629,0.095,0.207,1
"Oip5os1",0.119359940090425,-0.502098425048068,0.286,0.448,1
"Grin2b",0.119657654619915,-0.458080119879203,0.159,0.31,1
"Chfr",0.119708683819382,-0.503339964299629,0.19,0.345,1
"Dnm3",0.119809907738582,-0.410252502038421,0.714,0.897,1
"Cpsf6",0.119856501552153,-0.451093105894361,0.222,0.379,1
"Mrps17",0.119863967393998,0.561553850283327,0.143,0.034,1
"Cep95",0.119863967393998,0.917194210116811,0.143,0.034,1
"Lgals8",0.119863967393998,0.567124536403844,0.143,0.034,1
"Ndufa11",0.119863967393998,0.591067112566207,0.143,0.034,1
"Nrros",0.120005597610526,0.522275661670996,0.206,0.069,1
"Sypl",0.120006352227123,0.628591738696522,0.27,0.138,1
"Efcab2",0.120229649142389,-0.557593742496844,0.048,0.138,1
"Metap1",0.120229649142389,-0.572235855194668,0.048,0.138,1
"Tec",0.120229649142389,-0.658790582857207,0.048,0.138,1
"Fbxo21",0.120229649142389,-0.693519401027604,0.048,0.138,1
"Zfp30",0.120229649142389,-0.67653557356088,0.048,0.138,1
"Xxylt1",0.120229649142389,-0.614785547164325,0.048,0.138,1
"Cramp1",0.120229649142389,-0.744628307240609,0.048,0.138,1
"Whrn",0.120403854880235,0.651105027637361,0.19,0.069,1
"Irf3",0.121436344029152,-0.464881562319406,0.063,0.172,1
"Timm44",0.121436344029152,-0.427583989375008,0.063,0.172,1
"Slf1",0.121436344029152,-0.438684331492947,0.063,0.172,1
"Gtpbp2",0.121436344029152,-0.434165866834216,0.063,0.172,1
"Sv2a",0.121784096957453,0.45919759340413,0.302,0.138,1
"Ube2j1",0.122507763933199,0.54850439889702,0.254,0.103,1
"Uimc1",0.122670026446566,-0.697366814115239,0.095,0.207,1
"Insyn2a",0.123150165309458,0.605019467495053,0.206,0.069,1
"Lars",0.123150165309458,-0.74306563374082,0.127,0.241,1
"Grina",0.123296807435302,0.722212001094535,0.238,0.103,1
"Hyi",0.123611214861782,0.580559264097769,0.143,0.034,1
"Fxyd7",0.123611214861782,0.623648736395582,0.143,0.034,1
"Ramac",0.123611214861782,0.774130658140562,0.143,0.034,1
"Gga3",0.123611214861782,0.544154475654034,0.143,0.034,1
"Tspan13",0.123611214861782,0.633387526690947,0.143,0.034,1
"Smdt1",0.123611214861782,0.614150871547397,0.143,0.034,1
"Lrrc58",0.123611214861782,0.580309509938284,0.143,0.034,1
"Bex1",0.123611214861782,0.708650187626301,0.143,0.034,1
"Supt3",0.123709983129938,-0.662809945134886,0.143,0.276,1
"Tmcc1",0.123967955068869,0.493131077391712,0.651,0.483,1
"Ubr3",0.124470710150875,-0.529234609988568,0.206,0.345,1
"Cd86",0.124470710150875,0.545294533210795,0.302,0.138,1
"Unc80",0.124653625749843,-0.553008552717619,0.048,0.138,1
"Gm36944",0.124653625749843,-0.526235461296083,0.048,0.138,1
"Mecr",0.124653625749843,-0.547779042455041,0.048,0.138,1
"Ten1",0.124653625749843,-0.585813847140061,0.048,0.138,1
"Zfp654",0.124653625749843,-0.544009940584882,0.048,0.138,1
"Atl2",0.124653625749843,-0.536676509509565,0.048,0.138,1
"Ldhb",0.124888764410987,0.651161146710274,0.302,0.172,1
"Yme1l1",0.125297827906533,-0.446876393793386,0.111,0.241,1
"Sub1",0.125410642939758,0.685692994496622,0.254,0.103,1
"Ric8b",0.126358713145846,0.374459826489871,0.206,0.069,1
"Scarb2",0.126534657804118,-0.819334474429976,0.206,0.31,1
"Dctn1",0.126767966507948,-0.472004569263147,0.143,0.276,1
"Cox5b",0.127269438749611,0.437500582139064,0.349,0.172,1
"Nit1",0.127449286813298,0.721389902238554,0.143,0.034,1
"1810037I17Rik",0.127449286813298,0.610665283799673,0.143,0.034,1
"S100pbp",0.127449286813298,0.619808268339806,0.143,0.034,1
"Ntrk2",0.127449286813298,0.599688122852029,0.143,0.034,1
"Gm37420",0.127449286813298,0.603520757274035,0.143,0.034,1
"Numb",0.127826523293679,-0.600669924532775,0.492,0.586,1
"Zwint",0.12828786958045,0.568089550747505,0.444,0.241,1
"Dcaf17",0.128590038470467,-0.593300705664786,0.27,0.414,1
"Snapin",0.129203537677726,-0.463421977236391,0.048,0.138,1
"Slc30a7",0.129203537677726,-0.542064661091302,0.048,0.138,1
"Gm34280",0.129203537677726,-0.525136886587756,0.048,0.138,1
"Colgalt1",0.129203537677726,-0.554492654147284,0.048,0.138,1
"Elmod1",0.129203537677726,-0.481591432883126,0.048,0.138,1
"Snx14",0.129203537677726,-0.500459672199774,0.048,0.138,1
"Dgka",0.129203537677726,-0.709184706811269,0.048,0.138,1
"Rdh14",0.129203537677726,-0.56900876696948,0.048,0.138,1
"Tatdn1",0.129203537677726,-0.492339965684073,0.048,0.138,1
"Mfsd5",0.129203537677726,-0.510510311634414,0.048,0.138,1
"Synpo",0.129203537677726,-0.517295096793621,0.048,0.138,1
"Slc9a7",0.129203537677726,-0.569789464565005,0.048,0.138,1
"Slc22a17",0.129332107994392,-0.647637258361777,0.27,0.379,1
"Hmgcr",0.129477113386217,-0.45766096771423,0.063,0.172,1
"Cd80",0.129477113386217,-0.37231750365623,0.063,0.172,1
"Ddi2",0.12963198409605,-0.703811568861904,0.127,0.241,1
"Eif2ak1",0.129782382042701,-0.567177902752489,0.095,0.207,1
"Spopl",0.129786698335704,-0.655400493459293,0.095,0.207,1
"Acap2",0.130009256063316,-0.488731228427053,0.429,0.552,1
"Asxl1",0.130025086467587,-0.636832955946441,0.175,0.31,1
"Set",0.130345474086228,0.707873774836119,0.19,0.069,1
"Rybp",0.130345474086228,0.557339823269157,0.19,0.069,1
"Snhg11",0.130397390997512,-0.642385846863626,0.302,0.448,1
"Fam102b",0.130414527104494,-0.637899197490723,0.222,0.379,1
"Ssr4",0.131373974614953,0.549854797144803,0.254,0.103,1
"Agpat3",0.13137434295913,0.510111120580597,0.143,0.034,1
"Arhgap30",0.131379433784148,0.521767073401527,0.143,0.034,1
"Hadhb",0.131379433784148,0.516070418306156,0.143,0.034,1
"Gtf2a1",0.131379433784148,0.534783028660354,0.143,0.034,1
"Tasor",0.131513410260312,0.569473388552129,0.381,0.207,1
"Lhfpl2",0.131958631108879,-0.608143482771319,0.27,0.379,1
"Rnpep",0.132406732904648,0.67225592857806,0.238,0.103,1
"Eea1",0.132406732904648,0.62005230179958,0.238,0.103,1
"Ccnh",0.132406732904648,0.610461122919121,0.238,0.103,1
"Abl2",0.132970713807021,-0.528863011594323,0.127,0.241,1
"Nsun6",0.133463217269393,-0.488036935155632,0.095,0.207,1
"Ivns1abp",0.133533834483541,0.683674540333759,0.524,0.448,1
"Arpc5l",0.133797284575289,0.760707316627263,0.19,0.069,1
"Ddx3x",0.133797284575289,0.633113574761713,0.19,0.069,1
"Dnaaf9",0.133817799455938,-0.595097024436526,0.365,0.448,1
"Tmem163",0.133881406481511,-0.539785392312745,0.048,0.138,1
"Ssna1",0.133881406481511,-0.465714816638086,0.048,0.138,1
"Gpr89",0.133881406481511,-0.553723874729325,0.048,0.138,1
"Trim47",0.133881406481511,-0.505856987975467,0.048,0.138,1
"Slc7a15",0.133881406481511,-0.980166118159639,0.048,0.138,1
"Hivep1",0.133881406481511,-0.445880942502254,0.048,0.138,1
"Rnps1",0.133881406481511,-0.45770036367878,0.048,0.138,1
"Prrt1",0.133881406481511,-0.537065659694114,0.048,0.138,1
"Dlg3",0.133881406481511,-0.510031938230849,0.048,0.138,1
"Nono",0.133881406481511,-0.497768521832265,0.048,0.138,1
"Lrrc8b",0.134240555471011,0.626923085024657,0.27,0.138,1
"Vps13c",0.134240555471011,-0.630975995840767,0.19,0.31,1
"Dnm1",0.135402891234501,0.569443099202922,0.143,0.034,1
"Cyp51",0.135402891234501,0.542729850011994,0.143,0.034,1
"Suclg1",0.135402891234501,0.548811985563026,0.143,0.034,1
"Wwc2",0.135402891234501,0.462651008867655,0.143,0.034,1
"Sar1a",0.135402891234501,0.515622749985506,0.143,0.034,1
"Gm19522",0.135556571955256,0.542731356904567,0.238,0.103,1
"Rufy3",0.135724272953161,0.362061020588681,0.333,0.172,1
"Mlf2",0.136375630068651,0.419754484069173,0.206,0.069,1
"Ikzf1",0.136574983616818,0.760640038085246,0.397,0.276,1
"Naaladl2",0.136859690760812,-0.579831011056995,0.302,0.414,1
"Olig1",0.137215394691875,-0.5444770891467,0.095,0.207,1
"Papss1",0.137319390060276,0.56421247585246,0.19,0.069,1
"Srp19",0.137319390060276,0.583719734929936,0.19,0.069,1
"Nav3",0.137375008639429,-0.51024358150134,0.683,0.828,1
"Kcnq5",0.13868922386628,-0.423479775992157,0.048,0.138,1
"Klhl12",0.13868922386628,-0.470251879020189,0.048,0.138,1
"Gnpat",0.13868922386628,-0.459545268942192,0.048,0.138,1
"Med1",0.13868922386628,-0.433259364307655,0.048,0.138,1
"Brms1l",0.13868922386628,-0.409321627352077,0.048,0.138,1
"Zfp369",0.13868922386628,-0.453817434321147,0.048,0.138,1
"Hint1",0.138705718273509,0.805422164971119,0.349,0.207,1
"Arid1a",0.138796120819509,0.710317277080878,0.317,0.172,1
"Tcf20",0.138796120819509,-0.394002773663337,0.222,0.379,1
"Clk1",0.139435462548705,0.460678215767076,0.381,0.207,1
"Cdc123",0.139520878282202,0.477334046783628,0.143,0.034,1
"Uchl3",0.139520878282202,-0.630861416644802,0.079,0.172,1
"Cyp27a1",0.139847452280989,-0.476676782727151,0.127,0.241,1
"Map7d1",0.139847452280989,-0.679166608259964,0.127,0.241,1
"Snx13",0.140790795777989,0.656045113997076,0.365,0.241,1
"Ddrgk1",0.140912572341197,0.555265445645311,0.19,0.069,1
"Cdyl",0.140912572341197,0.561476845002396,0.19,0.069,1
"1810062O18Rik",0.140912572341197,0.55863894023369,0.19,0.069,1
"Smim14",0.141057446292209,-0.523325520346509,0.095,0.207,1
"Urgcp",0.142262309558351,-0.341650481260939,0.175,0.31,1
"Otulinl",0.142460338716946,0.489269730188944,0.556,0.414,1
"Tmem87b",0.143386890916676,-0.545964090766693,0.127,0.241,1
"Kras",0.143386890916676,-0.593163121953523,0.127,0.241,1
"Knop1",0.143386890916676,0.363436084693767,0.206,0.069,1
"Grk4",0.143628948828451,-0.429778381096489,0.048,0.138,1
"Parm1",0.143628948828451,-0.435984533420537,0.048,0.138,1
"Bace1",0.143628948828451,-0.391423687089968,0.048,0.138,1
"Mrpl55",0.143628948828451,-0.523480529574917,0.048,0.138,1
"Vezf1",0.143628948828451,-0.31332851182617,0.048,0.138,1
"Cetn2",0.143628948828451,-0.430100835424225,0.048,0.138,1
"Mtg2",0.143734596421805,0.30949492828212,0.143,0.034,1
"Plek",0.143734596421805,0.435653597522581,0.143,0.034,1
"Jup",0.143734596421805,0.365199117218579,0.143,0.034,1
"Camkmt",0.144151861526218,-0.750845132151847,0.206,0.31,1
"Tmem165",0.144245689604166,-0.582330029473083,0.238,0.379,1
"Eif3c",0.144577603035445,0.77010683138098,0.19,0.069,1
"Ncoa7",0.144577603035445,0.569665034392876,0.19,0.069,1
"Gnas",0.144975546308739,0.681789398505523,0.492,0.31,1
"Ints8",0.144977048860107,-0.347125061909339,0.095,0.207,1
"Ntm",0.145700890419559,0.630580029540845,0.286,0.138,1
"Pdss1",0.14579377283571,-0.813094574722068,0.032,0.103,1
"Apmap",0.14579377283571,-0.57098532249204,0.032,0.103,1
"Pgap4",0.14579377283571,-0.599485500315855,0.032,0.103,1
"Zmpste24",0.14579377283571,-0.511320156937962,0.032,0.103,1
"Akr1b10",0.14579377283571,-0.623471930652457,0.032,0.103,1
"Igf2bp3",0.14579377283571,-0.610785567205553,0.032,0.103,1
"Gsdme",0.14579377283571,-0.450908206646375,0.032,0.103,1
"Erc1",0.14579377283571,-0.505728574924275,0.032,0.103,1
"Unc5d",0.14579377283571,-0.431948750378323,0.032,0.103,1
"Atxn1l",0.14579377283571,-0.492041139878207,0.032,0.103,1
"Ddx19b",0.14579377283571,-0.646215678584265,0.032,0.103,1
"Thyn1",0.14579377283571,-0.721532255048112,0.032,0.103,1
"Rhbdd3",0.14579377283571,-0.572827815245651,0.032,0.103,1
"Cluh",0.14579377283571,-0.606181355597643,0.032,0.103,1
"Tmem251",0.14579377283571,-0.502213810439541,0.032,0.103,1
"Asb13",0.14579377283571,-0.49937432032347,0.032,0.103,1
"Hs6st3",0.14579377283571,-0.534573353080316,0.032,0.103,1
"Sema5a",0.14579377283571,-0.491717138292101,0.032,0.103,1
"Crybg3",0.14579377283571,-0.530483493084349,0.032,0.103,1
"Taf11",0.14579377283571,-0.479949832682916,0.032,0.103,1
"Klhdc3",0.14579377283571,-0.543985618086776,0.032,0.103,1
"Pank1",0.14579377283571,-0.557140454876215,0.032,0.103,1
"Fam50a",0.14579377283571,-0.584469108693242,0.032,0.103,1
"Med12l",0.146162262483994,-0.509439204154532,0.302,0.448,1
"Smg7",0.146366633059135,-0.441564313307493,0.143,0.276,1
"Ighm",0.146366633059135,-0.624377179106802,0.143,0.276,1
"Igsf11",0.146366633059135,0.648290123879651,0.222,0.103,1
"Nlk",0.147071768615069,0.422962220309697,0.46,0.276,1
"Rpl21",0.147149408468196,0.676782490799468,0.349,0.207,1
"Cask",0.147200259361967,0.422893726988781,0.413,0.241,1
"Ppia",0.147256991648339,0.449602884301684,0.762,0.621,1
"Atp5g1",0.14758660646841,0.574659794972007,0.317,0.172,1
"Ncald",0.147656988742914,0.396357093472963,0.302,0.138,1
"Gsk3b",0.1477176123239,0.570250039381232,0.381,0.207,1
"Adap2",0.147982373078745,0.445722179540851,0.444,0.276,1
"Fam76a",0.148045228230759,-0.652272689112289,0.079,0.172,1
"Esyt2",0.148315242950575,0.56571463693478,0.19,0.069,1
"Fgf14",0.148315242950575,0.735053026855943,0.19,0.069,1
"Dcaf6",0.148703561296906,-0.459698885831002,0.175,0.31,1
"Stx5a",0.149023750870921,-0.697398280504894,0.111,0.207,1
"Kcnip4",0.149952847921031,-0.769746465365458,0.317,0.448,1
"Bex2",0.15040805312024,0.74386154028876,0.365,0.207,1
"Camk2d",0.150530344499578,-0.460978083673535,0.302,0.414,1
"Dhx30",0.150599449293535,-0.400517501154246,0.159,0.31,1
"Rsf1",0.150609442636984,-0.460419639399563,0.222,0.379,1
"ENSMUSG00000120169",0.151386086889683,0.551768356345417,0.127,0.034,1
"Kif6",0.151386086889683,0.657912366836889,0.127,0.034,1
"Mpeg1",0.151386086889683,0.638091822171764,0.127,0.034,1
"Acadl",0.151812133271529,-0.570222216043846,0.032,0.103,1
"Catspere2",0.151812133271529,-0.519183631358985,0.032,0.103,1
"Snx27",0.151812133271529,-0.458549465141645,0.032,0.103,1
"Inpp5b",0.151812133271529,-0.408071346485571,0.032,0.103,1
"Usp30",0.151812133271529,-0.522130854383436,0.032,0.103,1
"Dennd11",0.151812133271529,-0.486470786434018,0.032,0.103,1
"Ccdc61",0.151812133271529,-0.50692563465299,0.032,0.103,1
"Exosc5",0.151812133271529,-0.489322306603243,0.032,0.103,1
"Asb7",0.151812133271529,-0.4685630255826,0.032,0.103,1
"Slc44a2",0.151812133271529,-0.492619422128126,0.032,0.103,1
"Dapk2",0.151812133271529,-0.757641560889106,0.032,0.103,1
"Tspan15",0.151812133271529,-0.452164012517925,0.032,0.103,1
"Gm2a",0.151812133271529,-0.586509346264662,0.032,0.103,1
"Ppp1r9b",0.151812133271529,-0.467131876563066,0.032,0.103,1
"Rab10os",0.151812133271529,-0.475073446078347,0.032,0.103,1
"Gm47371",0.151812133271529,-0.525486142964654,0.032,0.103,1
"ENSMUSG00000121485",0.151812133271529,-0.493703810917084,0.032,0.103,1
"Sh3gl3",0.152126241452425,0.46109348927272,0.19,0.069,1
"Plbd2",0.152453936064035,-0.619335200901753,0.079,0.172,1
"Rnf144a",0.152453936064035,-0.579620876085369,0.079,0.172,1
"Plpp3",0.15306585691879,-0.447260050777891,0.095,0.207,1
"Itpr1",0.15306585691879,-0.436036825202678,0.095,0.207,1
"Rbm5",0.153318162090822,-0.774932271491931,0.286,0.379,1
"Hspa5",0.153448377817476,0.603454740111783,0.381,0.207,1
"Rab8b",0.153679246848828,-0.405929351081858,0.222,0.379,1
"Hnrnpul1",0.154417864769936,-0.560778541532694,0.127,0.241,1
"Rcn2",0.154417864769936,-0.428643172380499,0.127,0.241,1
"Zfp536",0.154550578980845,-0.395692712920859,0.683,0.724,1
"Aak1",0.155263901563445,0.45244573253656,0.286,0.138,1
"Gm37298",0.156088653455239,0.573566243178144,0.127,0.034,1
"Bcas2",0.156088653455239,0.562849087508912,0.127,0.034,1
"Kbtbd2",0.156088653455239,0.604570417820832,0.127,0.034,1
"Nae1",0.156088653455239,0.520395545813331,0.127,0.034,1
"Togaram1",0.156088653455239,0.522069201230633,0.127,0.034,1
"Kmt2c",0.156176883440609,0.522325340670683,0.444,0.276,1
"Arhgap39",0.156278011685333,-0.308052533957039,0.27,0.414,1
"Stx2",0.156961860738518,-0.741081462627141,0.079,0.172,1
"Rufy2",0.156997445667885,0.785987921948816,0.222,0.103,1
"Laptm4a",0.156997445667885,0.565598002753792,0.222,0.103,1
"Impact",0.156997445667885,-0.581149764177255,0.143,0.276,1
"Sparcl1",0.156998555954173,0.548399560390911,0.175,0.069,1
"Apbb1",0.156998555954173,-0.508613934936715,0.111,0.207,1
"Tlk2",0.156998555954173,0.549266997278053,0.175,0.069,1
"Itpk1",0.156998555954173,0.522730251781216,0.175,0.069,1
"Emc2",0.157236867691821,-0.301262318097265,0.095,0.207,1
"Ptgs1",0.15745887819147,-0.686322779824458,0.159,0.276,1
"Adgrg1",0.158007461856221,-0.482161806948719,0.032,0.103,1
"6030442K20Rik",0.158017842007851,-0.486542022952373,0.032,0.103,1
"Thnsl1",0.158017842007851,-0.508067891461331,0.032,0.103,1
"Slc27a4",0.158017842007851,-0.435413900837617,0.032,0.103,1
"Nup188",0.158017842007851,-0.47126074687854,0.032,0.103,1
"Arfgap2",0.158017842007851,-0.574199232983954,0.032,0.103,1
"Ergic3",0.158017842007851,-0.577881907657282,0.032,0.103,1
"Dnttip1",0.158017842007851,-0.557419887841519,0.032,0.103,1
"Naa15",0.158017842007851,-0.419851345585319,0.032,0.103,1
"Ufm1",0.158017842007851,-0.42088485751619,0.032,0.103,1
"Ampd2",0.158017842007851,-0.4278542956146,0.032,0.103,1
"Ctnnbip1",0.158017842007851,-0.504515703235361,0.032,0.103,1
"ENSMUSG00000120250",0.158017842007851,-0.44604712164274,0.032,0.103,1
"Bax",0.158017842007851,-0.466886203276018,0.032,0.103,1
"Gm26981",0.158017842007851,-0.58944850689038,0.032,0.103,1
"Pstk",0.158017842007851,-0.471891366236204,0.032,0.103,1
"Gm12146",0.158017842007851,-0.484576030447888,0.032,0.103,1
"Tmem199",0.158017842007851,-0.471663245541229,0.032,0.103,1
"Dmtn",0.158017842007851,-0.504729806934208,0.032,0.103,1
"Pdzrn4",0.158017842007851,-0.549368552677913,0.032,0.103,1
"Tmem186",0.158017842007851,-0.422793998805071,0.032,0.103,1
"ENSMUSG00000121395",0.158017842007851,-0.447467136125745,0.032,0.103,1
"Bag6",0.158017842007851,-0.423844651491137,0.032,0.103,1
"ENSMUSG00000120221",0.158017842007851,-0.490820204378585,0.032,0.103,1
"Gm53055",0.158017842007851,-0.479696314702304,0.032,0.103,1
"Gm28376",0.158217235453019,0.266713304616963,0.492,0.31,1
"3110021N24Rik",0.158234676226488,-0.441860704241692,0.127,0.241,1
"Morc3",0.158234676226488,-0.514179180091548,0.127,0.241,1
"Pcyt1b",0.158234676226488,-0.477480855653666,0.127,0.241,1
"Pnma8a",0.159258607539422,-0.373693680077809,0.048,0.138,1
"Pura",0.159278603072233,-0.479929273100541,0.286,0.379,1
"Arpc3",0.159351161850896,0.336455480460514,0.333,0.172,1
"Pakap",0.159685104780942,0.675092980756092,0.27,0.138,1
"Ube2h",0.159908964682813,-0.428071213568308,0.349,0.448,1
"Srsf11",0.159961238519153,0.596580152405917,0.317,0.172,1
"Arpc4",0.159971250651187,0.50438111047852,0.19,0.069,1
"Ephx4",0.16089515219253,0.575733185102712,0.127,0.034,1
"Nup35",0.160901222760899,0.477285889607964,0.127,0.034,1
"Ube2q1",0.160901222760899,0.590222112035352,0.127,0.034,1
"Ttc4",0.160901222760899,0.526174532692812,0.127,0.034,1
"Zfp672",0.160901222760899,0.471830301996606,0.127,0.034,1
"Gnl3l",0.160901222760899,0.548517009841605,0.127,0.034,1
"Calm1",0.161380234690609,0.349139188469948,0.889,0.862,1
"2610037D02Rik",0.161493459169877,-0.419706039964864,0.095,0.207,1
"Hacd2",0.161564586431357,-0.689820356314847,0.079,0.172,1
"Tspan9",0.161570120208543,-0.551551555307219,0.079,0.172,1
"Gm48967",0.161570120208543,-0.57133180627842,0.079,0.172,1
"Smc5",0.161570120208543,-0.558759923678265,0.079,0.172,1
"Aig1",0.161858186642443,-0.621912889368989,0.317,0.414,1
"Mapkap1",0.16224777812719,-0.502168512058439,0.175,0.31,1
"Rnf220",0.162477611598054,0.359706840204339,0.714,0.552,1
"Tmem119",0.162510954875445,0.539813062689207,0.333,0.172,1
"Srsf1",0.16287474685119,0.530816228144592,0.238,0.103,1
"Ubr5",0.163588090029545,-0.812151494294215,0.206,0.31,1
"Dlgap1",0.163593335796793,0.510049637358338,0.302,0.172,1
"Tbc1d14",0.164403332303076,0.591017329197083,0.222,0.103,1
"Creg2",0.164413804057567,-0.445514238456833,0.032,0.103,1
"Gm37465",0.164413804057567,-0.379863420598582,0.032,0.103,1
"Polr3gl",0.164413804057567,-0.351447886290188,0.032,0.103,1
"Ube4bos1",0.164413804057567,-0.426820041085941,0.032,0.103,1
"Vgf",0.164413804057567,-0.444093958933167,0.032,0.103,1
"Ndufa9",0.164413804057567,-0.376882500297255,0.032,0.103,1
"A230006K03Rik",0.164413804057567,-0.39925823176132,0.032,0.103,1
"D130040H23Rik",0.164413804057567,-0.443304300804697,0.032,0.103,1
"Gm45767",0.164413804057567,-0.45392815937808,0.032,0.103,1
"Lrrc29",0.164413804057567,-0.436059179813747,0.032,0.103,1
"Zc3h18",0.164413804057567,-0.434075697594515,0.032,0.103,1
"Zfp560",0.164413804057567,-0.379524192028201,0.032,0.103,1
"C1d",0.164413804057567,-0.387680337147196,0.032,0.103,1
"Erh",0.164413804057567,-0.86956637617466,0.032,0.103,1
"Cep170b",0.164413804057567,-0.457596226603728,0.032,0.103,1
"Mfsd14b",0.164413804057567,-0.447881243742564,0.032,0.103,1
"Zfp131",0.164413804057567,-0.321227466748586,0.032,0.103,1
"Nkiras1",0.164413804057567,-0.444848434547005,0.032,0.103,1
"Zfp942",0.164413804057567,-0.386158716762358,0.032,0.103,1
"AY036118",0.164413804057567,-0.264617374837302,0.032,0.103,1
"Lrig2",0.164559429187269,-0.626194264062281,0.175,0.276,1
"Tmod1",0.164710911805527,-0.526559661228708,0.159,0.276,1
"Cdk8",0.164710911805527,-0.425136999820909,0.159,0.276,1
"Myo5a",0.164710911805527,-0.539956898695481,0.159,0.276,1
"Ppp3r1",0.164710911805527,-0.695434991853566,0.159,0.276,1
"Ptpn2",0.164737097905915,-0.393866734851126,0.048,0.138,1
"Rps6kb1",0.165292762305956,0.642724828176554,0.175,0.069,1
"Cetn3",0.165292762305956,0.644627050798968,0.175,0.069,1
"Akap8",0.165292762305956,0.565817016581229,0.175,0.069,1
"Taf1",0.165292762305956,-0.47154299863154,0.111,0.207,1
"Mblac2",0.165818921287875,0.456778011176303,0.127,0.034,1
"Gm39214",0.165825059177821,0.592132215063413,0.127,0.034,1
"Gm45640",0.165825059177821,0.571358627132628,0.127,0.034,1
"Gtf2a2",0.165825059177821,0.602116186765509,0.127,0.034,1
"Tspyl1",0.165825059177821,0.600859972635306,0.127,0.034,1
"Psmd2",0.165825059177821,0.55721186342208,0.127,0.034,1
"Bach1",0.165825059177821,0.471638522297226,0.127,0.034,1
"Acsl4",0.165825059177821,0.499040266112287,0.127,0.034,1
"Gria4",0.166081991860928,-0.572178464685783,0.127,0.241,1
"Fam135a",0.166279808233994,-0.528677722122368,0.079,0.172,1
"Gm16759",0.166279808233994,-0.665153506615314,0.079,0.172,1
"Vps53",0.166279808233994,-0.559755005068774,0.079,0.172,1
"Rian",0.166279808233994,-0.514035047498305,0.079,0.172,1
"C1qc",0.166505350757138,-0.387517796119266,0.46,0.586,1
"Hspa4",0.166579838925345,0.543240991240769,0.27,0.138,1
"Btbd1",0.166582861959357,-0.560635339271039,0.19,0.31,1
"Mindy2",0.168118372467316,0.482007176016793,0.19,0.069,1
"Abhd15",0.168118372467316,0.455403964406851,0.19,0.069,1
"Smc6",0.168118372467316,0.459891932774063,0.19,0.069,1
"Ubxn1",0.168118372467316,0.473062695671804,0.19,0.069,1
"Slc7a8",0.168429936450349,-0.573096748135119,0.159,0.276,1
"Cdc42se2",0.168507219193822,-0.371655475034877,0.286,0.414,1
"Slc22a23",0.168746324475726,-0.281549861620698,0.19,0.345,1
"Vdac2",0.168746324475726,0.478107167467232,0.286,0.138,1
"Zbtb20",0.16904423900982,0.322191971643838,0.794,0.586,1
"Etv6",0.169569770598522,0.336513151292953,0.413,0.276,1
"Dlc1",0.170113774046823,-0.464415220240974,0.127,0.241,1
"Gm47271",0.170113774046823,-0.678428604494481,0.127,0.241,1
"Snx1",0.170113774046823,-0.518338586057242,0.127,0.241,1
"Fer",0.170312921210298,0.454341210930364,0.238,0.103,1
"Shisa4",0.170328772482052,-0.436625818788197,0.317,0.448,1
"Aff3",0.17086139648915,0.691875298113107,0.127,0.034,1
"Rgs2",0.17086139648915,0.44775635328909,0.127,0.034,1
"Fbxo28",0.17086139648915,0.455505886786936,0.127,0.034,1
"4921511C10Rik",0.17086139648915,0.633623023048739,0.127,0.034,1
"Galnt12",0.17086139648915,0.562890916497997,0.127,0.034,1
"Tmem88b",0.17086139648915,0.479544675829013,0.127,0.034,1
"Noc2l",0.17086139648915,0.554542511881715,0.127,0.034,1
"Tsg101",0.17086139648915,0.487869408017408,0.127,0.034,1
"Ifitm10",0.17086139648915,0.479797320600797,0.127,0.034,1
"Polr2c",0.17086139648915,0.553809127335984,0.127,0.034,1
"Cdv3",0.17086139648915,0.529764560504624,0.127,0.034,1
"Dot1l",0.17086139648915,0.475238336310662,0.127,0.034,1
"Rab18",0.17086139648915,0.672810150645409,0.127,0.034,1
"Igsf9b",0.170992154271087,-0.656080898604908,0.032,0.103,1
"Zfp408",0.171002836771962,-0.491674002915755,0.032,0.103,1
"Bche",0.171002836771962,-0.401074421047086,0.032,0.103,1
"Acp6",0.171002836771962,-0.401747636284775,0.032,0.103,1
"Kcnd3",0.171002836771962,-0.36123290748553,0.032,0.103,1
"Dact3",0.171002836771962,-0.378947414126473,0.032,0.103,1
"Tbrg1",0.171002836771962,-0.457990916383774,0.032,0.103,1
"Hinfp",0.171002836771962,-0.438945620718839,0.032,0.103,1
"Ccdc117",0.171002836771962,-0.353281141014817,0.032,0.103,1
"ENSMUSG00000121226",0.171002836771962,-0.432280950551938,0.032,0.103,1
"Gm12326",0.171002836771962,-0.446848230969061,0.032,0.103,1
"Tmc6",0.171002836771962,-0.373392508023947,0.032,0.103,1
"B3galnt2",0.171002836771962,-0.280477405688973,0.032,0.103,1
"Ngdn",0.171002836771962,-0.500515855601176,0.032,0.103,1
"Drosha",0.171002836771962,-0.522846301671337,0.032,0.103,1
"Gga1",0.171002836771962,-0.337019529023284,0.032,0.103,1
"Ano6",0.171002836771962,-0.460877846895038,0.032,0.103,1
"Zfp40",0.171002836771962,-0.349239266166646,0.032,0.103,1
"Prr16",0.171002836771962,-0.402737693961019,0.032,0.103,1
"Cops2",0.171091993042425,-0.576146231804165,0.079,0.172,1
"Vps36",0.171091993042425,-0.546740156496142,0.079,0.172,1
"Lrp1",0.171647801272155,-0.344499052272667,0.286,0.414,1
"Siah1a",0.172069338081042,0.591770546586548,0.222,0.103,1
"Chordc1",0.172069338081042,0.598458035849912,0.222,0.103,1
"Cldn11",0.172359570474954,-0.449192059521206,0.365,0.483,1
"Sort1",0.172603067193017,0.538217365046363,0.413,0.276,1
"Hip1",0.173104802742132,0.274544540382097,0.317,0.172,1
"Pnkd",0.173912522583473,0.463167941710026,0.175,0.069,1
"Oma1",0.173912522583473,0.533848040354413,0.175,0.069,1
"Cacna1d",0.174126143524934,0.336534740133845,0.238,0.103,1
"Dido1",0.174785227602218,-0.305522013823171,0.095,0.207,1
"Uqcrfs1",0.174785227602218,-0.297143778948822,0.095,0.207,1
"Cfdp1",0.175623877424173,0.473898148244048,0.333,0.172,1
"Xkr4",0.175653139957794,-0.619350484840942,0.175,0.276,1
"Zfp106",0.17600121963406,0.473649491970583,0.222,0.103,1
"Tm9sf4",0.176007715986707,-0.329404193751835,0.079,0.172,1
"0610030E20Rik",0.176007715986707,-0.539000205251614,0.079,0.172,1
"Polr3e",0.176007715986707,-0.51508071094681,0.079,0.172,1
"Zzef1",0.176007715986707,-0.45165766074141,0.079,0.172,1
"Bcap29",0.176007715986707,-0.467337344155297,0.079,0.172,1
"Prkch",0.176007715986707,-0.522888983519509,0.079,0.172,1
"Pcnx",0.176007715986707,-0.553057712637934,0.079,0.172,1
"Uhmk1",0.176011436192179,0.39995366971656,0.127,0.034,1
"Gm13684",0.176011436192179,0.508208372150509,0.127,0.034,1
"Pigk",0.176011436192179,0.678280633634296,0.127,0.034,1
"Cotl1",0.176011436192179,0.532887218239877,0.127,0.034,1
"Rexo2",0.176011436192179,0.495506589420596,0.127,0.034,1
"Fxr2",0.176011436192179,0.501176032751276,0.127,0.034,1
"Atp5o",0.176011436192179,0.759602535735869,0.127,0.034,1
"Ammecr1l",0.176011436192179,0.4615717727413,0.127,0.034,1
"Psat1",0.176011436192179,0.464915872975943,0.127,0.034,1
"Mkln1",0.17651827017767,-0.614000662846606,0.317,0.448,1
"Khdrbs3",0.176573124627295,0.490350445472704,0.19,0.069,1
"Gpm6b",0.176639587355425,-0.332479784116503,0.667,0.759,1
"Arpp19",0.177159246637936,0.498467280626108,0.302,0.172,1
"Mtch1",0.177346087265695,0.367266137707562,0.27,0.138,1
"Gm27008",0.177787663249603,-0.362101698483352,0.032,0.103,1
"Rgs3",0.177787663249603,-0.302966975242747,0.032,0.103,1
"Phb2",0.177787663249603,-0.348759480857927,0.032,0.103,1
"Iws1",0.177787663249603,-0.2778038545358,0.032,0.103,1
"Sf3b3",0.178346335123022,-0.553819649728906,0.111,0.207,1
"Atr",0.178346335123022,-0.550097786754865,0.111,0.207,1
"4930455C13Rik",0.178346335123022,0.568108959492889,0.175,0.069,1
"Trp53",0.178346335123022,0.508179868071164,0.175,0.069,1
"Adk",0.178346335123022,-0.48013114170642,0.111,0.207,1
"Piga",0.178346335123022,-0.592668462640592,0.111,0.207,1
"Cstf3",0.17858215659948,0.7150232150467,0.254,0.138,1
"Gm21984",0.17858215659948,0.66662870154857,0.254,0.138,1
"Eif1b",0.17858215659948,0.652578883368324,0.254,0.138,1
"Luc7l2",0.178656482269767,-0.303701892186365,0.667,0.793,1
"Entpd1",0.179241902574879,0.442615150788362,0.54,0.414,1
"Fam120a",0.179392555392351,-0.363750060639903,0.095,0.207,1
"Ddx6",0.179421173912014,0.473189002226895,0.286,0.138,1
"Gm40841",0.179472340535104,-0.671429451023143,0.175,0.276,1
"Ldlrad3",0.181027990199751,-0.466545150612597,0.079,0.172,1
"Tnik",0.181027990199751,-0.456459709254069,0.079,0.172,1
"Edrf1",0.181027990199751,-0.621329010691323,0.079,0.172,1
"Casc3",0.181027990199751,-0.518109195575226,0.079,0.172,1
"Gm20687",0.181027990199751,-0.375828026323876,0.079,0.172,1
"Cdc73",0.181276345796439,0.495779806476159,0.127,0.034,1
"Rsu1",0.181276345796439,0.576742375251183,0.127,0.034,1
"Gm44686",0.181276345796439,0.434063920651486,0.127,0.034,1
"Mrpl48",0.181276345796439,0.387752379237835,0.127,0.034,1
"Cmtm6",0.181276345796439,0.398536871450129,0.127,0.034,1
"Mcm9",0.181276345796439,0.449213656120254,0.127,0.034,1
"Tada2a",0.181276345796439,0.544008301356391,0.127,0.034,1
"Tomm22",0.181276345796439,0.487148100700674,0.127,0.034,1
"1700110C19Rik",0.181276345796439,0.529607218096735,0.127,0.034,1
"Rps28",0.181276345796439,0.58914465207578,0.127,0.034,1
"Gm26672",0.181276345796439,0.47728138333943,0.127,0.034,1
"Apoe",0.181817820660295,0.479163696470131,0.698,0.552,1
"Pou2f1",0.18194328221771,0.534756693999446,0.238,0.103,1
"Papola",0.182010186214527,0.528373797383224,0.397,0.241,1
"Polb",0.182644931027499,-0.417396183186035,0.127,0.241,1
"Purg",0.182863719944444,0.40995587724704,0.175,0.069,1
"Mt3",0.182863719944444,0.561659248078043,0.175,0.069,1
"Unc5b",0.182863719944444,0.527902502719653,0.175,0.069,1
"Kifbp",0.182863719944444,0.566957213472284,0.175,0.069,1
"Gm34408",0.182863719944444,0.518794842928853,0.175,0.069,1
"Fryl",0.182871514313438,0.427003006915695,0.413,0.241,1
"Ndufb10",0.183352932602665,0.717237631410578,0.238,0.138,1
"Ssb",0.184065308384413,0.584570722076601,0.222,0.103,1
"Mlxipl",0.184065308384413,0.517557186620923,0.222,0.103,1
"Ctxn1",0.184065308384413,0.510551146267356,0.222,0.103,1
"Opcml",0.184228778134647,-0.322834312526212,0.286,0.448,1
"Stmn2",0.184590100814502,0.609599937505544,0.444,0.31,1
"Tmod2",0.184636739939718,0.303532645682703,0.46,0.31,1
"Zfp68",0.184759942883597,-0.335251991836029,0.032,0.103,1
"4931422A03Rik",0.184770905721329,-0.287910203968778,0.032,0.103,1
"Cacng3",0.184770905721329,-0.349914742685077,0.032,0.103,1
"ENSMUSG00000121028",0.184770905721329,-0.271845241378497,0.032,0.103,1
"Zmiz2",0.184770905721329,-0.330404840128027,0.032,0.103,1
"Acp1",0.184770905721329,-0.282108381629896,0.032,0.103,1
"Sparc",0.184804033326737,0.671072369565303,0.27,0.138,1
"Itch",0.185129670079061,0.610537087976497,0.54,0.414,1
"Tspan7",0.185304938919464,0.518707339542201,0.524,0.379,1
"Eno2",0.185770304498981,0.700606270381337,0.206,0.103,1
"Far1",0.185770304498981,-0.749065887669983,0.143,0.241,1
"Pafah1b2",0.185770304498981,0.542590273141993,0.206,0.103,1
"Ctsl",0.185770304498981,-0.586538910955806,0.143,0.241,1
"Smap1",0.185948135586077,0.492153434935651,0.238,0.103,1
"AU020206",0.186153799247877,-0.411329370695171,0.079,0.172,1
"Coro1a",0.186153799247877,-0.462488188890768,0.079,0.172,1
"Hibadh",0.186657257119883,0.52096802833956,0.127,0.034,1
"Cope",0.186657257119883,0.314008729364226,0.127,0.034,1
"Mgat4b",0.186657257119883,0.403820345912543,0.127,0.034,1
"Gm20732",0.186657257119883,0.459265330141128,0.127,0.034,1
"Garem1",0.186657257119883,0.380036939125553,0.127,0.034,1
"Adrb2",0.186657257119883,0.409616648058016,0.127,0.034,1
"Hspa12a",0.186657257119883,0.469986282363705,0.127,0.034,1
"Elf4",0.186657257119883,0.32776512717482,0.127,0.034,1
"Dhx9",0.186976013592891,-0.398009464549363,0.127,0.241,1
"Phactr3",0.187295346599546,-0.668252174273721,0.175,0.276,1
"Tnrc6b",0.187417361768368,-0.342010711399137,0.397,0.517,1
"Trmt13",0.187460732651455,0.323574907995249,0.175,0.069,1
"Kdm1a",0.187465366343816,0.536543380082051,0.175,0.069,1
"Nmt1",0.187465366343816,-0.497989935132276,0.111,0.207,1
"Atp6ap1",0.187465366343816,-0.538675016427518,0.111,0.207,1
"Stxbp3",0.187871134975757,0.525555077557646,0.302,0.172,1
"Ndufa13",0.18819850664723,0.549020656774031,0.222,0.103,1
"Mapre2",0.188328283181254,0.638006206008637,0.349,0.207,1
"Hnrnpm",0.188432928386129,-0.396742475625464,0.206,0.345,1
"Mia2",0.188618911615512,-0.502065620837145,0.19,0.31,1
"Gm55122",0.190030169234143,-0.435113357156505,0.333,0.448,1
"Larp1",0.190035984646777,0.643885212948774,0.206,0.103,1
"Dynll2",0.190035984646777,0.570316706315591,0.206,0.103,1
"Srp14",0.190129918366452,0.556937246203164,0.254,0.138,1
"U2surp",0.191301454523158,0.695376275958923,0.317,0.207,1
"4732471J01Rik",0.191378266749555,-0.378689388946872,0.127,0.241,1
"Ldah",0.191378266749555,-0.456360906627073,0.127,0.241,1
"Ppfia4",0.191386095784455,-0.466155958951285,0.079,0.172,1
"Tex2",0.191386095784455,-0.389838808069785,0.079,0.172,1
"Lysmd4",0.191650500574169,0.511390455555593,0.556,0.414,1
"Atp5md",0.191817050385788,0.416433073634214,0.349,0.207,1
"Chaserr",0.192077044121578,-0.41039116627881,0.159,0.276,1
"Acer3",0.192077044121578,-0.380697776994503,0.159,0.276,1
"Zyg11b",0.192151943732758,-0.721013829790239,0.111,0.207,1
"Cnot6l",0.192151943732758,0.442294418457783,0.175,0.069,1
"Chuk",0.192151943732758,0.542722016370184,0.175,0.069,1
"Phgdh",0.192155264585449,0.391167411095274,0.127,0.034,1
"Npat",0.192155264585449,0.386217538347627,0.127,0.034,1
"Havcr2",0.192491557331497,-0.501862667113849,0.19,0.31,1
"Cnot4",0.192716843039843,0.334902703864563,0.413,0.241,1
"Ndufb9",0.194098852879782,0.614098526544476,0.254,0.138,1
"Ldlrad4",0.194335654798044,-0.326860652674852,0.651,0.759,1
"Celf4",0.194373382544937,0.555333955319041,0.206,0.103,1
"Rps4x",0.194424542350194,0.370945623926304,0.286,0.138,1
"Agap1",0.195261498975345,-0.639953672933573,0.254,0.379,1
"Bri3",0.195856309219078,-0.39807034333075,0.127,0.241,1
"Kmt5b",0.196362860716472,-0.492421832060745,0.206,0.31,1
"Cds2",0.1966695927275,0.446733445830579,0.222,0.103,1
"Capzb",0.1966695927275,0.408647394770356,0.222,0.103,1
"1110019D14Rik",0.19672580020546,-0.383573485721452,0.079,0.172,1
"Sec61a1",0.19672580020546,-0.43069441029079,0.079,0.172,1
"Klhl18",0.19672580020546,-0.522385187477893,0.079,0.172,1
"2010315B03Rik",0.19672580020546,-0.305325988643008,0.079,0.172,1
"Stam2",0.196924100879362,-0.465468740693326,0.111,0.207,1
"Mfn1",0.196924100879362,0.490477458046648,0.175,0.069,1
"Fam76b",0.196924100879362,-0.459370374809033,0.111,0.207,1
"Stx8",0.196924100879362,0.382698499984816,0.175,0.069,1
"Acvr1",0.198128265569561,0.549686392825696,0.254,0.138,1
"Atp5g3",0.198128265569561,0.526881210980981,0.254,0.138,1
"ENSMUSG00000120942",0.198128265569561,-0.58181119257914,0.19,0.276,1
"Cradd",0.198353211323384,0.319476794887777,0.238,0.103,1
"Scd2",0.198557655265184,0.455637014527099,0.635,0.483,1
"Rps15a",0.198726217036623,0.594442109560199,0.159,0.069,1
"Dgki",0.198735722401034,0.562590121898453,0.397,0.241,1
"Tenm1",0.200178487422495,-0.545081715309762,0.063,0.138,1
"Nedd4",0.200408376083452,0.43100767963786,0.27,0.138,1
"Sirpa",0.20081472450155,-0.258581256071941,0.429,0.586,1
"Pcbp2",0.201008393075953,0.382810614256989,0.222,0.103,1
"Atp6v1g1",0.201782465151161,-0.482493119065117,0.111,0.207,1
"Csnk1d",0.201782465151161,-0.538541711735245,0.111,0.207,1
"Lifr",0.201782465151161,0.425493629967192,0.175,0.069,1
"Tcf7l2",0.201782465151161,-0.443082077409799,0.111,0.207,1
"Dcaf10",0.202173799308637,-0.399159120690528,0.079,0.172,1
"Mtrex",0.202173799308637,-0.325456089576235,0.079,0.172,1
"Gm4221",0.202173799308637,-0.365186971112542,0.079,0.172,1
"Ap1s2",0.202173799308637,-0.331385773748345,0.079,0.172,1
"Slain1",0.202211563479136,-0.343724446006575,0.302,0.448,1
"Rtn1",0.202297209463332,0.521745293562273,0.746,0.655,1
"Srrm1",0.202564051359334,-0.383036467961546,0.254,0.379,1
"Cntn2",0.202887120599332,0.415454944921476,0.302,0.172,1
"Mbnl1",0.203286527330239,0.42387279056183,0.746,0.552,1
"Il33",0.203493756729363,-0.557094582584177,0.333,0.448,1
"Micall1",0.203789336389634,0.66324774014935,0.159,0.069,1
"Klhl2",0.204027196057937,-0.382303559049766,0.429,0.586,1
"Ermn",0.204122736386582,0.512932327730595,0.444,0.31,1
"Arhgap31",0.204459659447024,0.402975961644499,0.27,0.138,1
"Insyn2b",0.205416616649909,0.678810449632258,0.222,0.103,1
"Il6st",0.205416616649909,0.421815366540895,0.222,0.103,1
"Zmynd11",0.205601019663978,-0.297991179690784,0.222,0.379,1
"Dnajb2",0.205977201470464,0.459459198267976,0.349,0.241,1
"Grm3",0.206272859780469,0.379441055582931,0.619,0.517,1
"Plpbp",0.206284587420472,-0.537231354417816,0.063,0.138,1
"Ppa1",0.206284587420472,-0.609106714557885,0.063,0.138,1
"Cenpv",0.206284587420472,-0.752239173804925,0.063,0.138,1
"Depdc5",0.206727641760892,-0.432665997945512,0.111,0.207,1
"Hsph1",0.206727641760892,0.462205021732382,0.175,0.069,1
"Rab21",0.206727641760892,-0.549754050699656,0.111,0.207,1
"Pcgf3",0.207730944957973,-0.36717671312386,0.079,0.172,1
"9330117O12Rik",0.207730944957973,-0.344161391139816,0.079,0.172,1
"Scaf11",0.208105548041431,-0.465834902469001,0.27,0.379,1
"Cdh20",0.208145625647994,-0.337063863338825,0.429,0.552,1
"Psap",0.208481686401125,0.341475546726644,0.556,0.379,1
"Igfbp6",0.208945697524813,0.663781586886778,0.159,0.069,1
"Il1rl2",0.209387875092948,0.531982861856614,0.111,0.034,1
"Tgfbrap1",0.209387875092948,0.496661522222835,0.111,0.034,1
"Tada1",0.209387875092948,0.601246422541409,0.111,0.034,1
"Vamp8",0.209387875092948,0.496060826853456,0.111,0.034,1
"Lamtor1",0.209387875092948,0.605632104248703,0.111,0.034,1
"Polr2m",0.209387875092948,0.567016491704199,0.111,0.034,1
"Zbtb4",0.209387875092948,0.543689653750378,0.111,0.034,1
"Sgpp1",0.209387875092948,0.474729304835784,0.111,0.034,1
"Lmbrd2",0.209387875092948,0.526904048826364,0.111,0.034,1
"Pbx3",0.210714910422806,0.451597555236688,0.302,0.172,1
"Sytl2",0.210965171553959,-0.441592728368853,0.302,0.379,1
"Smg1",0.211696165284602,-0.381108784761499,0.206,0.345,1
"Rab40c",0.211696165284602,-0.530744146599096,0.222,0.31,1
"Trir",0.211755414413061,-0.427451697450495,0.111,0.207,1
"4932443L11Rik",0.211760213015852,-0.510935827325346,0.111,0.207,1
"Disc1",0.211760213015852,0.339958841615688,0.175,0.069,1
"Rhot1",0.211760213015852,-0.419133901801496,0.111,0.207,1
"Hspe1",0.212449756309391,0.561130978899962,0.206,0.103,1
"Slk",0.212449756309391,-0.440151515257744,0.143,0.241,1
"Ero1b",0.212524835068324,-0.708986358561365,0.063,0.138,1
"Itfg1",0.212733580696277,-0.370433165814915,0.19,0.31,1
"Cog5",0.213386873337173,0.336656297086485,0.365,0.207,1
"Atp6v1c1",0.21339805275523,-0.405858965288857,0.079,0.172,1
"Glrx3",0.214195934881054,0.504923427552489,0.159,0.069,1
"Gpr34",0.21443491024197,-0.309298382874985,0.365,0.483,1
"Rps29",0.214857864914657,0.604714672955334,0.254,0.138,1
"Lman2l",0.215695598322495,0.454228356528435,0.111,0.034,1
"Orai1",0.215695598322495,0.482412007893763,0.111,0.034,1
"Gcfc2",0.215695598322495,0.445648544800526,0.111,0.034,1
"Mark4",0.215695598322495,0.451783511579623,0.111,0.034,1
"Mtss2",0.215695598322495,0.439463343618908,0.111,0.034,1
"Rasgrf1",0.215695598322495,0.68696963139684,0.111,0.034,1
"Tmem98",0.215695598322495,0.45018517801648,0.111,0.034,1
"Pmm1",0.215695598322495,0.666526958587613,0.111,0.034,1
"Naa50",0.215695598322495,0.588646033169096,0.111,0.034,1
"Syngr3",0.215695598322495,0.598247300581397,0.111,0.034,1
"Cacul1",0.215695598322495,0.545348651219091,0.111,0.034,1
"Rbm41",0.215695598322495,0.468114267667626,0.111,0.034,1
"Tesk2",0.215782069056999,-0.489275929922577,0.095,0.172,1
"Picalm",0.216198348092251,0.2888453945394,0.54,0.379,1
"Raph1",0.216880737571633,-0.396368498643245,0.111,0.207,1
"Nek6",0.216880737571633,0.369728890767899,0.175,0.069,1
"Upp2",0.216880737571633,-0.532888392572159,0.111,0.207,1
"Wars2",0.216880737571633,-0.414299230272278,0.111,0.207,1
"Cycs",0.216880737571633,-0.416622919196849,0.111,0.207,1
"Asb2",0.216880737571633,0.406921833256721,0.175,0.069,1
"Ggps1",0.216880737571633,-0.482842452064128,0.111,0.207,1
"Nceh1",0.217152806765571,0.513369511386579,0.206,0.103,1
"Akr1a1",0.217152806765571,0.509920790104469,0.206,0.103,1
"Stx4a",0.217152806765571,0.505669247530907,0.206,0.103,1
"Psma2",0.217152806765571,0.739240398875542,0.206,0.103,1
"Gap43",0.21736160471437,0.451877573701258,0.317,0.172,1
"Myo1f",0.217697944809336,0.656670394760035,0.317,0.207,1
"Eif4e2",0.218900292218619,-0.42972396653313,0.063,0.138,1
"Rnf2",0.218900292218619,-0.599884667406959,0.063,0.138,1
"Snhg8",0.218900292218619,-0.437086532145733,0.063,0.138,1
"Ppfia1",0.218900292218619,-0.540780973702815,0.063,0.138,1
"Nav1",0.219194943288396,0.533451488343415,0.254,0.138,1
"Itga9",0.219194943288396,0.397530788720998,0.254,0.138,1
"Zdhhc17",0.219401200678853,-0.368890653734802,0.127,0.241,1
"Rock1",0.219507829088695,-0.727463129787845,0.27,0.379,1
"Rer1",0.219540655385574,0.429502462402485,0.159,0.069,1
"Pfkp",0.219540655385574,0.514878268993547,0.159,0.069,1
"Crim1",0.219540655385574,0.433427432395042,0.159,0.069,1
"Pum1",0.219893895588924,0.56595301646151,0.286,0.172,1
"Lcp1",0.221246608554748,-0.36216818851534,0.19,0.31,1
"Prkn",0.221779395163146,-0.32751094189846,0.46,0.586,1
"Foxj3",0.221930286026859,-0.521706808625506,0.143,0.241,1
"Metap2",0.221930286026859,0.608923096474417,0.206,0.103,1
"Fermt2",0.221930286026859,0.433774626222754,0.206,0.103,1
"Tfeb",0.221930286026859,0.4772103580186,0.206,0.103,1
"Nkain1",0.22208974969104,-0.391389125010111,0.111,0.207,1
"Ube2n",0.22208974969104,-0.383727666940222,0.111,0.207,1
"Mettl16",0.22208974969104,-0.455438327743401,0.111,0.207,1
"Cybc1",0.222131582518668,0.45784112870385,0.111,0.034,1
"Pign",0.222139040439935,0.566389280054619,0.111,0.034,1
"Atp2b4",0.222139040439935,0.495651331738714,0.111,0.034,1
"Atp5e",0.222139040439935,0.531198185848283,0.111,0.034,1
"Sigmar1",0.222139040439935,0.496751927541877,0.111,0.034,1
"Psenen",0.222139040439935,0.53014533749923,0.111,0.034,1
"Got2",0.222139040439935,0.484400171512496,0.111,0.034,1
"Katna1",0.222139040439935,0.45793858174691,0.111,0.034,1
"Nsa2",0.222139040439935,0.51039087029315,0.111,0.034,1
"Tmem191c",0.222139040439935,0.487910871049075,0.111,0.034,1
"0610012G03Rik",0.222139040439935,0.514988364233604,0.111,0.034,1
"Rnaseh2c",0.222139040439935,0.547728535009149,0.111,0.034,1
"Ostf1",0.222139040439935,0.555334501447655,0.111,0.034,1
"C430049B03Rik",0.222139040439935,0.389638585373534,0.111,0.034,1
"Las1l",0.222139040439935,0.494273253696072,0.111,0.034,1
"Gm17231",0.222647754674425,-0.432686344414833,0.159,0.276,1
"Tgfbr1",0.223684739429208,-0.373725362423996,0.698,0.828,1
"Rps6ka1",0.223751927507571,-0.444214743962327,0.159,0.241,1
"Ppp1r10",0.223751927507571,0.372820931285509,0.222,0.103,1
"Susd6",0.22407713662087,0.370585858731169,0.286,0.172,1
"Atp5j",0.22407713662087,0.628567768067085,0.286,0.172,1
"Ctnna3",0.224365389221638,-0.408368698800423,0.492,0.621,1
"Neo1",0.22493496786053,-0.546051790680021,0.222,0.345,1
"Utp3",0.224980437577173,0.52278354905225,0.159,0.069,1
"Fbxw15",0.224999465620703,-0.400564638064521,0.206,0.31,1
"Mgat1",0.225065227982107,-0.288502541097202,0.079,0.172,1
"Fgfr2",0.225332868819924,-0.491254947631752,0.683,0.69,1
"Txndc12",0.225411962922942,-0.515915165293824,0.063,0.138,1
"Utp14a",0.225411962922942,-0.54192156786702,0.063,0.138,1
"Gnb2",0.225590215435203,0.471904674936855,0.27,0.138,1
"6820431F20Rik",0.225699689635832,-0.386411214639812,0.254,0.345,1
"Snrnp27",0.22678258645488,0.610182799166378,0.206,0.103,1
"Rpl14",0.227021085267204,0.412785479619021,0.302,0.172,1
"Prkar1a",0.227021085267204,0.553621366379021,0.302,0.172,1
"Rps17",0.227387758508999,0.430588576496223,0.175,0.069,1
"mt-Cytb",0.227854545396815,0.447628145750553,0.571,0.483,1
"Snrpe",0.228719175790996,0.475815263889378,0.111,0.034,1
"Gca",0.228719175790996,0.445108146298131,0.111,0.034,1
"Pcna",0.228719175790996,0.417157352359232,0.111,0.034,1
"Pdp1",0.228719175790996,0.4558786700984,0.111,0.034,1
"Fut9",0.228719175790996,0.467505806859904,0.111,0.034,1
"Wsb2",0.228719175790996,0.475050648448149,0.111,0.034,1
"Tyw1",0.228719175790996,0.373852281018806,0.111,0.034,1
"Letm2",0.228719175790996,0.468527732647312,0.111,0.034,1
"Rad23a",0.228719175790996,0.387336097900647,0.111,0.034,1
"Polr2e",0.228719175790996,0.512452394295366,0.111,0.034,1
"Eftud2",0.228719175790996,0.452027819246641,0.111,0.034,1
"Ccdc152",0.228719175790996,0.38233700571648,0.111,0.034,1
"Rpp21",0.228719175790996,0.419256520607935,0.111,0.034,1
"Foxn2",0.228719175790996,0.386641568914422,0.111,0.034,1
"Carns1",0.228719175790996,0.397487853850274,0.111,0.034,1
"Tpr",0.228885619673972,0.370329433367457,0.429,0.276,1
"Stxbp6",0.228885619673972,0.255761798976094,0.429,0.276,1
"Zfhx3",0.229366989134965,0.341084424331568,0.746,0.586,1
"Kif3a",0.230001075448614,0.352911564704697,0.27,0.138,1
"Uso1",0.230515830737334,0.606694102334074,0.159,0.069,1
"Rel",0.230515830737334,0.449853284795846,0.159,0.069,1
"Ppp1r11",0.230515830737334,0.521799744964234,0.159,0.069,1
"Dalrd3",0.231710082145295,0.441690470239071,0.206,0.103,1
"Nrp2",0.232060791288331,-0.408203794832578,0.063,0.138,1
"Kiz",0.232060791288331,-0.436023813934226,0.063,0.138,1
"Ppm1e",0.232060791288331,-0.495685672770117,0.063,0.138,1
"Ryr2",0.232060791288331,-0.375918064417255,0.063,0.138,1
"Csnk1e",0.232060791288331,-0.372132574517396,0.063,0.138,1
"Pced1b",0.232060791288331,-0.440410218425011,0.063,0.138,1
"Cfap36",0.232613625937705,0.482543166362366,0.286,0.172,1
"Fggy",0.232770340477118,-0.265224975404135,0.111,0.207,1
"Zmat2",0.232775247304283,0.268755032389776,0.175,0.069,1
"Btg1",0.23283180795581,-0.41606913352384,0.095,0.172,1
"Tm9sf2",0.23283747722476,-0.710193048684215,0.095,0.172,1
"Cpeb2",0.233346324352551,0.289200835378624,0.222,0.103,1
"4932438A13Rik",0.233703939164379,-0.423231102944812,0.206,0.31,1
"Arid4a",0.233703939164379,-0.423747521721464,0.206,0.31,1
"Rpl18a",0.23376311031215,0.279433243808094,0.333,0.207,1
"Fth1",0.233864973993146,0.500876539546712,0.889,0.828,1
"Wdr70",0.23403739993486,-0.641905379940844,0.127,0.207,1
"Arhgap4",0.23403739993486,-0.529959704666248,0.127,0.207,1
"Atp7a",0.234853817785164,-0.461205502171895,0.175,0.276,1
"Kctd18",0.23543691771454,0.405084169665456,0.111,0.034,1
"Romo1",0.23543691771454,0.464725049050979,0.111,0.034,1
"Gm15952",0.23543691771454,0.464914995328548,0.111,0.034,1
"Spata1",0.23543691771454,0.342671425701149,0.111,0.034,1
"Gm42585",0.23543691771454,0.441628880087818,0.111,0.034,1
"Rnh1",0.23543691771454,0.502829977347327,0.111,0.034,1
"Fam32a",0.23543691771454,0.584285011287057,0.111,0.034,1
"Copb2",0.23543691771454,0.438564953060073,0.111,0.034,1
"Tbc1d15",0.23543691771454,0.398414043494155,0.111,0.034,1
"Sil1",0.23543691771454,0.413394121298811,0.111,0.034,1
"Psmb6",0.236147354030218,0.464416322722687,0.159,0.069,1
"Wdr45b",0.236147354030218,0.51986849175343,0.159,0.069,1
"Glud1",0.236147354030218,0.488030620869944,0.159,0.069,1
"Zfp608",0.236419924215548,0.420296552708643,0.429,0.276,1
"Gm16168",0.236485213777232,-0.260123097169727,0.492,0.655,1
"Vamp4",0.236713128460181,0.462528071473446,0.206,0.103,1
"Asah1",0.236713128460181,-0.388023937802758,0.143,0.241,1
"Usp25",0.236713128460181,0.513747969931685,0.206,0.103,1
"Firre",0.236713128460181,-0.25564941607501,0.143,0.241,1
"Hsp90b1",0.236967344721602,0.588307669756049,0.286,0.172,1
"ENSMUSG00000120224",0.237181074691693,-0.252729853628462,0.079,0.172,1
"Mknk1",0.238023857680752,-0.383275716667976,0.238,0.345,1
"Akirin2",0.238251416321925,0.441048520399469,0.222,0.103,1
"Esf1",0.238252672778868,-0.415719122068724,0.111,0.207,1
"Zfp871",0.238252672778868,-0.355735144227028,0.111,0.207,1
"Kdm5a",0.238729665855877,-0.614382514541596,0.095,0.172,1
"Prcp",0.238729665855877,-0.455159977924063,0.095,0.172,1
"C2cd3",0.238729665855877,-0.591585500498912,0.095,0.172,1
"Dolk",0.238847659359558,-0.514970899331798,0.063,0.138,1
"Tafa1",0.238847659359558,-0.436282705515703,0.063,0.138,1
"Uba2",0.238847659359558,-0.380241698953881,0.063,0.138,1
"Stard5",0.238847659359558,-0.448673144598205,0.063,0.138,1
"Psmd13",0.238847659359558,-0.378204780688621,0.063,0.138,1
"Ift140",0.238847659359558,-0.45508344637409,0.063,0.138,1
"1700066B19Rik",0.238847659359558,-0.441175286016388,0.063,0.138,1
"Frmpd4",0.238847659359558,-0.42427904619468,0.063,0.138,1
"Extl3",0.239364664903514,-0.611768587959946,0.127,0.207,1
"Ugt8a",0.239821058637675,0.401793562146146,0.587,0.517,1
"Stard9",0.241562972959515,-0.556368562688102,0.286,0.345,1
"Prkar1b",0.241792061565397,0.449115939401473,0.206,0.103,1
"Fscn1",0.241792061565397,0.556852888191096,0.206,0.103,1
"Atp5d",0.241792061565397,0.578751015669862,0.206,0.103,1
"Hid1",0.241792061565397,0.476803039195203,0.206,0.103,1
"Dock5",0.241792061565397,0.391223502017211,0.206,0.103,1
"Dnajc24",0.241875495652588,0.325514995781363,0.159,0.069,1
"Fam126a",0.241875495652588,0.541838719621784,0.159,0.069,1
"Trappc11",0.241875495652588,0.51743853174531,0.159,0.069,1
"Max",0.241875495652588,0.42110579907106,0.159,0.069,1
"Zfp652",0.241915815954297,0.252120732901538,0.365,0.241,1
"Paqr8",0.242293116439151,0.332777692636661,0.111,0.034,1
"Dusp10",0.242293116439151,0.405780126769671,0.111,0.034,1
"Smox",0.242293116439151,0.389659901809292,0.111,0.034,1
"Gtf3c2",0.242293116439151,0.310863382295691,0.111,0.034,1
"Gm17130",0.242293116439151,0.439373396319363,0.111,0.034,1
"Rhog",0.242293116439151,0.350376299791624,0.111,0.034,1
"Alkbh8",0.242293116439151,0.501399111213807,0.111,0.034,1
"Dcps",0.242293116439151,0.474865305802675,0.111,0.034,1
"Nus1",0.242293116439151,0.442520992513979,0.111,0.034,1
"Dld",0.242293116439151,0.501562034846207,0.111,0.034,1
"Smarcd1",0.242293116439151,0.402698110153898,0.111,0.034,1
"Cep19",0.242293116439151,0.36919070693826,0.111,0.034,1
"Fbxo45",0.242293116439151,0.37713452304137,0.111,0.034,1
"Rxrb",0.242293116439151,0.424911073491692,0.111,0.034,1
"Polr1c",0.242293116439151,0.370014258615688,0.111,0.034,1
"Rpl7l1",0.242293116439151,0.383862332156185,0.111,0.034,1
"Ak3",0.242293116439151,0.345779077935924,0.111,0.034,1
"Tubb5",0.242317492509691,0.340344291457353,0.317,0.172,1
"Map2k5",0.242328176937642,-0.596603805308468,0.254,0.345,1
"Ptma",0.24279209336335,0.305886012575775,0.476,0.31,1
"Dhx36",0.243228851913498,0.329918573564133,0.222,0.103,1
"Ankfy1",0.243590106972242,0.352544732557715,0.27,0.138,1
"Lactb2",0.243820464345751,-0.369773393222553,0.111,0.207,1
"Tbce",0.243820464345751,-0.414199997617724,0.111,0.207,1
"Ilrun",0.243820464345751,-0.651434008332691,0.111,0.207,1
"Gpm6a",0.244125546447978,0.474949721281011,0.429,0.276,1
"Pcmtd2",0.244347330886818,0.509904077310845,0.238,0.138,1
"Srgap1",0.244347330886818,-0.552075953127082,0.175,0.276,1
"Ttc39b",0.244726296882114,-0.563531452025179,0.095,0.172,1
"Cck",0.24552386713363,0.451851554375378,0.524,0.379,1
"Gm13708",0.245773385030965,-0.402528633508371,0.063,0.138,1
"Khdc4",0.245773385030965,-0.453470635542583,0.063,0.138,1
"Map3k7",0.245773385030965,-0.386884601803268,0.063,0.138,1
"Ptafr",0.245773385030965,-0.410520330946315,0.063,0.138,1
"Pip4k2b",0.245773385030965,-0.432646202554202,0.063,0.138,1
"Fancc",0.245773385030965,-0.355903155555602,0.063,0.138,1
"Rab2b",0.245773385030965,-0.475030494699825,0.063,0.138,1
"Orc3",0.245846824790477,0.429875618495118,0.286,0.172,1
"Akap8l",0.245846824790477,0.316245301986315,0.286,0.172,1
"Lcor",0.245998489609049,0.292400288195009,0.365,0.241,1
"Trps1",0.246298763354855,0.501245241790732,0.333,0.207,1
"Vapa",0.246616651122686,-0.521904152778936,0.254,0.345,1
"Nr6a1",0.246816874125003,0.317725782274821,0.381,0.241,1
"Gm19710",0.246947197973366,-0.416488727518787,0.143,0.241,1
"Galnt7",0.246947197973366,-0.385066636506774,0.143,0.241,1
"Brd9",0.246947197973366,0.438751403733551,0.206,0.103,1
"Ptprk",0.247143945088448,-0.364634399266097,0.524,0.586,1
"Ndufa8",0.247700711994743,0.378005433054814,0.159,0.069,1
"Zfyve16",0.247700711994743,0.463454591596187,0.159,0.069,1
"Ube2e1",0.247700711994743,0.452209229454596,0.159,0.069,1
"Capn15",0.247700711994743,0.44840798524771,0.159,0.069,1
"Usp14",0.248643453837155,0.468512893330679,0.302,0.172,1
"Prdx1",0.249193809679698,-0.342842795824757,0.175,0.276,1
"Zeb2os",0.249288557011146,0.550506069885644,0.111,0.034,1
"Dpp6",0.249288557011146,0.416802601573311,0.111,0.034,1
"Srrt",0.249288557011146,0.37363280678057,0.111,0.034,1
"Htra2",0.249288557011146,0.303791655743667,0.111,0.034,1
"Snrpd2",0.249288557011146,0.434339131157431,0.111,0.034,1
"Crym",0.249288557011146,0.400875442962284,0.111,0.034,1
"Mthfsl",0.249288557011146,0.3329789800007,0.111,0.034,1
"Hbs1l",0.249288557011146,0.370722993454585,0.111,0.034,1
"Atg5",0.249288557011146,0.41899725690229,0.111,0.034,1
"Csnk1g2",0.249288557011146,0.386364277788907,0.111,0.034,1
"Prorp",0.249288557011146,0.282288967188041,0.111,0.034,1
"Caml",0.249288557011146,0.299318816071969,0.111,0.034,1
"Dennd1c",0.249288557011146,0.313484955445429,0.111,0.034,1
"Cnnm2",0.249288557011146,0.353472909961527,0.111,0.034,1
"Mir99ahg",0.249795154795227,-0.329530932152393,0.683,0.724,1
"Nrxn2",0.250274409217664,-0.505095293255903,0.127,0.207,1
"Rpl23",0.250580158682154,0.477142287633516,0.333,0.207,1
"Arrdc3",0.250827864410496,-0.608888536861544,0.095,0.172,1
"Dop1b",0.250827864410496,-0.497479340608314,0.095,0.172,1
"Ap2a2",0.251501210320165,-0.347245158213206,0.159,0.276,1
"Hnrnpu",0.252008323763647,-0.465729475462251,0.349,0.448,1
"Cul3",0.252178834091755,-0.352217709116602,0.143,0.241,1
"ENSMUSG00000121179",0.252178834091755,-0.389699239920101,0.143,0.241,1
"Gm48742",0.252178834091755,0.439261352019114,0.206,0.103,1
"Gm17227",0.252831065636243,-0.25609570672664,0.063,0.138,1
"Odr4",0.252838719991577,-0.370378891189995,0.063,0.138,1
"Enoph1",0.252838719991577,-0.426411917063412,0.063,0.138,1
"Zfp827",0.252838719991577,-0.359234127288286,0.063,0.138,1
"Gm11508",0.252838719991577,-0.401250121743128,0.063,0.138,1
"Sec23a",0.252838719991577,-0.312274984441736,0.063,0.138,1
"Mettl6",0.252838719991577,-0.426141694902674,0.063,0.138,1
"Srbd1",0.252838719991577,-0.323346523714681,0.063,0.138,1
"Peg3",0.253623426813496,0.406772312685074,0.159,0.069,1
"Sash1",0.253623426813496,0.453170310531119,0.159,0.069,1
"Sf3b5",0.253623426813496,0.4944514665513,0.159,0.069,1
"Meis1",0.253623426813496,0.448984501927213,0.159,0.069,1
"Cox11",0.253623426813496,0.532828232509182,0.159,0.069,1
"Dgkb",0.253623426813496,0.697466424521634,0.159,0.069,1
"Abcg1",0.253623426813496,0.358665942062142,0.159,0.069,1
"Fam120b",0.254107086525345,0.557391873676296,0.238,0.138,1
"Tm9sf3",0.254107086525345,0.459257902611832,0.238,0.138,1
"Ptbp2",0.25522872275637,-0.412103757059135,0.111,0.207,1
"Vcp",0.25522872275637,-0.269929016129596,0.111,0.207,1
"Smarcad1",0.255677921360948,0.589685017858559,0.19,0.103,1
"Gmeb1",0.255857584334874,-0.449360905701956,0.127,0.207,1
"Lrrc28",0.255857584334874,-0.605155312340327,0.127,0.207,1
"Homer1",0.255857584334874,-0.34916864411397,0.127,0.207,1
"Camk1d",0.256114606977405,0.329606266289111,0.698,0.655,1
"Plekhm3",0.256164949437739,0.341181957358375,0.254,0.138,1
"Zbtb43",0.256423957257743,0.259530567902832,0.111,0.034,1
"Actl6a",0.256423957257743,0.298189217382585,0.111,0.034,1
"Pbxip1",0.256423957257743,0.305597256291482,0.111,0.034,1
"Nfu1",0.256423957257743,0.379286380890054,0.111,0.034,1
"Trnt1",0.256423957257743,0.317228745397989,0.111,0.034,1
"Tm2d3",0.256423957257743,0.349166734473792,0.111,0.034,1
"Sin3b",0.256423957257743,0.332709193197209,0.111,0.034,1
"Pank3",0.256423957257743,0.289640690896455,0.111,0.034,1
"Gjc2",0.256423957257743,0.316458955919741,0.111,0.034,1
"Cep20",0.256423957257743,0.346041025683179,0.111,0.034,1
"Fance",0.256423957257743,0.314977417721216,0.111,0.034,1
"Hnrnpll",0.256423957257743,0.298601322648073,0.111,0.034,1
"Dgkz",0.257034824113748,-0.493832793972074,0.095,0.172,1
"Xpo6",0.257034824113748,-0.588960378641172,0.095,0.172,1
"Smarcc2",0.257034824113748,-0.626235155066684,0.095,0.172,1
"Vstm2a",0.257034824113748,-0.42877606666847,0.095,0.172,1
"Abca8a",0.257034824113748,-0.445899905309184,0.095,0.172,1
"Tgfbi",0.257034824113748,-0.429509346581968,0.095,0.172,1
"Pacsin1",0.257034824113748,-0.613869203464512,0.095,0.172,1
"Ptprs",0.257034824113748,-0.464707164841139,0.095,0.172,1
"Rab7",0.257487245778487,0.487483789161808,0.206,0.103,1
"Plxnb3",0.257487245778487,0.437058453462634,0.206,0.103,1
"Dtna",0.257733535658563,-0.285572086012302,0.19,0.31,1
"Fcho2",0.258095406802559,0.461611716746676,0.413,0.276,1
"Zfp638",0.258572067886602,-0.328378213252658,0.587,0.724,1
"Slc1a3",0.259599093759849,0.335935876095138,0.286,0.172,1
"Hipk1",0.259644030418293,0.45242392569826,0.159,0.069,1
"Rraga",0.259644030418293,0.414484271495634,0.159,0.069,1
"Snx9",0.259644030418293,0.29513073371332,0.159,0.069,1
"Ube2d3",0.259800080250852,-0.38070259397641,0.254,0.345,1
"Idh3a",0.260036659882422,-0.366872079688818,0.063,0.138,1
"Cds1",0.26004434770727,-0.324919658949653,0.063,0.138,1
"Anapc15",0.26004434770727,-0.287274932696334,0.063,0.138,1
"Trim13",0.26004434770727,-0.340969902587732,0.063,0.138,1
"Fnbp1",0.26040831168697,-0.404125726660552,0.746,0.793,1
"Bank1",0.2607338861941,-0.455043072322241,0.27,0.379,1
"Rab3gap1",0.261074098770379,-0.446848182931061,0.19,0.276,1
"Smurf1",0.261526715681061,-0.434810055263501,0.127,0.207,1
"Ndufs1",0.262872687903561,0.406132813250974,0.206,0.103,1
"Gm48678",0.263078603782505,0.394597857820311,0.603,0.517,1
"Ahcyl2",0.263347592255476,0.599623050942694,0.143,0.069,1
"Samd8",0.263347592255476,-0.418295181874915,0.095,0.172,1
"Mrtfa",0.263347592255476,-0.432364146921628,0.095,0.172,1
"Atg4c",0.264131212086021,-0.437883607357811,0.175,0.276,1
"Slc40a1",0.264134889477777,-0.689598954518603,0.175,0.276,1
"Ankrd11",0.265107810643552,0.362976752496193,0.508,0.345,1
"Camkv",0.265762878871506,0.379019082532935,0.159,0.069,1
"Gng7",0.265762878871506,0.436268077826279,0.159,0.069,1
"Snx32",0.265762878871506,0.348966580208437,0.159,0.069,1
"Atp5pb",0.26603629424982,0.515154771313157,0.27,0.172,1
"Sema6d",0.266039586416023,-0.456442613718932,0.206,0.31,1
"Cd37",0.266039586416023,-0.462747738813307,0.206,0.31,1
"Wac",0.266260176859977,0.495144027527641,0.349,0.241,1
"Rpl31",0.266768216348015,0.526086555954092,0.19,0.103,1
"Pip4k2a",0.266994145988325,0.322363087879203,0.73,0.586,1
"Ubxn2a",0.26739088144373,-0.319603836306589,0.063,0.138,1
"Nlgn1",0.267612134133569,-0.364525509944487,0.508,0.586,1
"Mia3",0.268335393918127,0.398874403694017,0.206,0.103,1
"Smim13",0.268335393918127,-0.314965285519907,0.143,0.241,1
"Sox10",0.268451383894729,-0.277104873262488,0.333,0.448,1
"Rabgap1l",0.268935997953439,-0.291228754996421,0.381,0.483,1
"Psmc3",0.269210635867263,-0.456592073321686,0.159,0.241,1
"Gigyf2",0.269223104011416,-0.329271264400077,0.238,0.345,1
"Rbm33",0.269249802652921,-0.385578515366534,0.175,0.276,1
"Kctd12",0.269249802652921,0.386285681562965,0.238,0.138,1
"Tmem87a",0.269766544733871,-0.370102788983224,0.095,0.172,1
"Vps72",0.269766544733871,-0.519752977007227,0.095,0.172,1
"Ube2m",0.269766544733871,-0.45232723704279,0.095,0.172,1
"Psmb3",0.269766544733871,0.53166878275052,0.143,0.069,1
"1810013L24Rik",0.269766544733871,-0.403474545781051,0.095,0.172,1
"Stip1",0.269766544733871,-0.461961555772692,0.095,0.172,1
"8030442B05Rik",0.270553897421025,-0.530868575408195,0.349,0.414,1
"C1ql3",0.271086592924805,0.478907668762693,0.254,0.138,1
"Ptprm",0.271086592924805,-0.540652917364854,0.19,0.276,1
"Atp2a2",0.271508444584764,0.400647787645752,0.365,0.241,1
"Klf7",0.27182768740624,0.414502988703834,0.349,0.207,1
"Vcpip1",0.271980293204002,0.317423529371661,0.159,0.069,1
"Mtf2",0.271980293204002,0.273981157554057,0.159,0.069,1
"Ranbp2",0.271980293204002,0.395344550840427,0.159,0.069,1
"Rab11b",0.271980293204002,0.51624948341496,0.159,0.069,1
"Btk",0.271980293204002,0.387614162310592,0.159,0.069,1
"Top2b",0.272129096642361,0.540265922471052,0.222,0.138,1
"St3gal4",0.272435700218784,0.588503832323352,0.19,0.103,1
"Rps15",0.272435700218784,0.533943971211868,0.19,0.103,1
"Fbxw4",0.273119219019328,-0.339141376368502,0.127,0.207,1
"Fsd1l",0.273123950481497,-0.461728770672503,0.127,0.207,1
"Sf1",0.273123950481497,-0.470537795661261,0.127,0.207,1
"Lrrc4",0.273463570109513,-0.446768126375742,0.254,0.345,1
"Inf2",0.273875575431269,-0.324752513828535,0.143,0.241,1
"9330162G02Rik",0.274627538786741,-0.477877921646863,0.159,0.241,1
"Daam2",0.274662772868274,-0.33659386601618,0.317,0.414,1
"Cry2",0.274878862334002,-0.2867761771232,0.063,0.138,1
"Dctn3",0.274878862334002,-0.290962062446561,0.063,0.138,1
"Dvl1",0.274878862334002,-0.265134495154253,0.063,0.138,1
"Trappc14",0.274878862334002,-0.306051684303931,0.063,0.138,1
"Rprml",0.274878862334002,-0.341987559940162,0.063,0.138,1
"Psmd7",0.276186705838,0.36090047904852,0.254,0.138,1
"Tor1aip1",0.276190259479243,-0.404579995820819,0.19,0.276,1
"Acbd5",0.276292016145316,-0.503414068858633,0.095,0.172,1
"Sdk1",0.276292016145316,-0.558142428701959,0.095,0.172,1
"Usp2",0.276292016145316,-0.393203990269954,0.095,0.172,1
"Gm46224",0.276292016145316,-0.542416208295528,0.095,0.172,1
"Cplx2",0.276292016145316,0.551984347630533,0.143,0.069,1
"Msh3",0.276292016145316,-0.342894785494964,0.095,0.172,1
"Sting1",0.276292016145316,-0.3792354605275,0.095,0.172,1
"Tcerg1",0.276292016145316,-0.311158680002285,0.095,0.172,1
"Snx15",0.276292016145316,-0.437756205404853,0.095,0.172,1
"Fam13c",0.276440801292283,-0.601376806134834,0.238,0.31,1
"Dync1i2",0.277358742834544,0.406298970978567,0.333,0.207,1
"Ankrd44",0.277401457074182,-0.254884831666119,0.397,0.517,1
"Agps",0.278185032062316,0.585109352206789,0.19,0.103,1
"Gon4l",0.27829655864702,0.3735085820565,0.159,0.069,1
"Sft2d1",0.27829655864702,0.402963540630371,0.159,0.069,1
"Cdip1",0.278630930675046,-0.289380607444551,0.238,0.345,1
"Smarca5",0.279052537296011,-0.479779752251766,0.127,0.207,1
"Ddx39b",0.279052537296011,-0.543022424063908,0.127,0.207,1
"Gm42413",0.279462131061002,-0.28740733967226,0.381,0.552,1
"Ckap5",0.279682495467188,0.349774487434,0.238,0.138,1
"Ccnl1",0.279682495467188,0.367865037135865,0.238,0.138,1
"Pcmt1",0.279682495467188,0.423816527663627,0.238,0.138,1
"Scaper",0.280155131842817,-0.577482518959245,0.175,0.241,1
"Glrp1",0.280169264774165,-0.578271783524001,0.048,0.103,1
"ENSMUSG00000121275",0.280169264774165,-0.559150922735079,0.048,0.103,1
"Blcap",0.280169264774165,-0.41208562758561,0.048,0.103,1
"Bcl10",0.280169264774165,-0.433257512624908,0.048,0.103,1
"Chmp5",0.280169264774165,-0.505481823645079,0.048,0.103,1
"Zfp60",0.280169264774165,-0.390840313111131,0.048,0.103,1
"Lsm7",0.280169264774165,-0.472694826368862,0.048,0.103,1
"Mbd6",0.280169264774165,-0.660265665681434,0.048,0.103,1
"Adgrv1",0.280169264774165,-0.473618591392509,0.048,0.103,1
"Utp15",0.280169264774165,-0.421064763693843,0.048,0.103,1
"Eif4b",0.280169264774165,-0.376701372360144,0.048,0.103,1
"Ufd1",0.280169264774165,-0.46621498166354,0.048,0.103,1
"Iqcb1",0.280169264774165,-0.370190706718069,0.048,0.103,1
"Eif1ax",0.280169264774165,-0.436532638474177,0.048,0.103,1
"Ptp4a2",0.280398161290702,0.375843196934287,0.365,0.241,1
"Myo18a",0.28092419508993,-0.285336862304242,0.302,0.414,1
"mt-Nd4",0.280990007072344,-0.293517383180061,0.349,0.448,1
"H2az1",0.282840889875483,0.420355578182689,0.317,0.207,1
"Lnpep",0.282840889875483,0.448649509100423,0.317,0.207,1
"Dmtf1",0.282861994306759,0.544012315794564,0.222,0.138,1
"Arl8a",0.282924298869293,0.508285814334028,0.143,0.069,1
"Ctso",0.282924298869293,-0.321660414284299,0.095,0.172,1
"Aurkaip1",0.282924298869293,-0.39424559810401,0.095,0.172,1
"Gm42439",0.282924298869293,-0.260077867493706,0.095,0.172,1
"Eps15l1",0.282924298869293,0.469708645338453,0.143,0.069,1
"Vps54",0.282924298869293,0.555952671584149,0.143,0.069,1
"Wipi1",0.282924298869293,0.596834488886001,0.143,0.069,1
"Dync2i1",0.282924298869293,-0.389813634805691,0.095,0.172,1
"Zdhhc20",0.283186781972037,-0.425437219210621,0.492,0.552,1
"Nfix",0.283685234525567,0.477792276086662,0.286,0.172,1
"Tmem151a",0.283685234525567,-0.407983198302661,0.222,0.31,1
"Ndufb1",0.284016398429919,0.544466929346862,0.19,0.103,1
"Bdp1",0.284016398429919,0.499345439509443,0.19,0.103,1
"Slc23a2",0.284711923881447,0.302840662276273,0.159,0.069,1
"Macir",0.285068045972585,-0.392640004986626,0.127,0.207,1
"Rpl7a",0.285068045972585,-0.416174966540329,0.127,0.207,1
"Rp2",0.285068045972585,-0.346181749213849,0.127,0.207,1
"Cd180",0.285189099697686,-0.38013196263611,0.143,0.241,1
"Caprin1",0.286593118008881,0.287722966401689,0.254,0.138,1
"P2ry6",0.28789513903133,-0.377716610623215,0.27,0.379,1
"Ccnd3",0.288259972848632,0.492435593313358,0.302,0.207,1
"Dennd4b",0.289006355601203,-0.507888695404682,0.048,0.103,1
"Slc4a2",0.289006355601203,-0.379537869360386,0.048,0.103,1
"Dipk1a",0.289006355601203,-0.380439959633103,0.048,0.103,1
"Ntrk3",0.289006355601203,-0.457214803031807,0.048,0.103,1
"Znrf3",0.289006355601203,-0.507984008767522,0.048,0.103,1
"Srebf1",0.289006355601203,-0.428262864425757,0.048,0.103,1
"Acot13",0.289006355601203,-0.507897655730693,0.048,0.103,1
"Gm5087",0.289006355601203,-0.447202525568777,0.048,0.103,1
"Gpc6",0.289006355601203,-0.412963373793973,0.048,0.103,1
"Igbp1",0.289006355601203,-0.449546018047115,0.048,0.103,1
"Ofd1",0.289006355601203,-0.447041276333967,0.048,0.103,1
"Kif3b",0.289663642175972,0.635105783850897,0.143,0.069,1
"Smg5",0.289663642175972,0.50268725076512,0.143,0.069,1
"Cmpk1",0.289663642175972,-0.380249600063591,0.095,0.172,1
"Ap2s1",0.289663642175972,-0.414624915214009,0.095,0.172,1
"Rbl2",0.289663642175972,-0.401913172251358,0.095,0.172,1
"Pcbp4",0.289663642175972,0.414799395686182,0.143,0.069,1
"Dtnbp1",0.289663642175972,0.541881994209201,0.143,0.069,1
"Brd2",0.289663642175972,0.443366895602418,0.143,0.069,1
"Pls3",0.289663642175972,0.545605635784148,0.143,0.069,1
"Smyd3",0.289669789428022,-0.366692159100416,0.349,0.448,1
"Rps20",0.289929960331536,0.394997137559673,0.19,0.103,1
"Cox14",0.289929960331536,0.449904220885386,0.19,0.103,1
"Nrbp2",0.290942597338694,-0.32894741559299,0.206,0.31,1
"Pja2",0.290942597338694,0.417221903826185,0.27,0.172,1
"Fgfr1op2",0.290962752767027,0.331227081604224,0.206,0.103,1
"Arhgap35",0.291170647415784,-0.383661745002968,0.127,0.207,1
"Tmc7",0.291170647415784,-0.454446869518085,0.127,0.207,1
"Pfn2",0.291226600305537,0.32449262195026,0.159,0.069,1
"Cpeb4",0.291226600305537,0.348496093182154,0.159,0.069,1
"Pknox1",0.291226600305537,0.280443835972862,0.159,0.069,1
"Zc3h13",0.29188896551506,-0.579375246015979,0.19,0.276,1
"Tubb4a",0.292970851183386,-0.374588758409804,0.571,0.655,1
"Gnai1",0.294503047854203,0.381382751126192,0.381,0.241,1
"Ccny",0.294662125058741,-0.350431250694014,0.333,0.414,1
"Tmem167",0.295925852790507,0.396049067736606,0.19,0.103,1
"Golgb1",0.295925852790507,0.48374686046099,0.19,0.103,1
"Gsn",0.296510251357843,-0.323313323118233,0.095,0.172,1
"Dram2",0.296510251357843,-0.407117654091607,0.095,0.172,1
"Ndufb2",0.296510251357843,-0.2664625484183,0.095,0.172,1
"Tsnax",0.296510251357843,-0.373206679821027,0.095,0.172,1
"Tbk1",0.296510251357843,-0.39403839816556,0.095,0.172,1
"Anks3",0.296510251357843,-0.329895713634055,0.095,0.172,1
"Gm21992",0.296510251357843,-0.35156102225259,0.095,0.172,1
"Cd63",0.296814501181931,0.286459741169298,0.206,0.103,1
"Rreb1",0.297195505692517,0.331428663820561,0.587,0.448,1
"Tmem131",0.297253829494546,-0.387097443576656,0.19,0.276,1
"Wdfy2",0.297311206742368,-0.444553623282622,0.254,0.345,1
"Slmap",0.297358591521659,-0.376605410136257,0.27,0.379,1
"Edem1",0.297360483285286,-0.344921559408335,0.127,0.207,1
"Atxn2l",0.297360483285286,-0.382618357749851,0.127,0.207,1
"Trf",0.29774474943994,0.330516504386481,0.73,0.69,1
"Gm38380",0.298029351355821,-0.403795797807951,0.048,0.103,1
"5730507A11Rik",0.298029351355821,-0.398824566282692,0.048,0.103,1
"Cdin1",0.298029351355821,-0.382486568844161,0.048,0.103,1
"Rtf2",0.298029351355821,-0.439434010365985,0.048,0.103,1
"Trim32",0.298029351355821,-0.391429472073621,0.048,0.103,1
"Iqce",0.298029351355821,-0.490647182634763,0.048,0.103,1
"Crebl2",0.298029351355821,-0.424595016408587,0.048,0.103,1
"Supt5",0.298029351355821,-0.422683443411184,0.048,0.103,1
"Rab32",0.298029351355821,-0.374756926279341,0.048,0.103,1
"Gm12258",0.298029351355821,-0.355021446644049,0.048,0.103,1
"Gm49521",0.298029351355821,-0.404985150780104,0.048,0.103,1
"Dscam",0.298029351355821,-0.435188663944951,0.048,0.103,1
"Nt5c2",0.298029351355821,-0.445306123003525,0.048,0.103,1
"Zdhhc9",0.298029351355821,-0.386905941378547,0.048,0.103,1
"Rdx",0.298841738839693,0.250698061755523,0.286,0.172,1
"Mast3",0.298958331348522,-0.337915541049752,0.54,0.586,1
"Ociad1",0.299502826164504,0.593576107218377,0.222,0.138,1
"Zmym2",0.301167897337152,-0.365123975492277,0.238,0.31,1
"Plcg2",0.301329375027367,0.476624584762768,0.27,0.172,1
"P3h2",0.301329375027367,-0.254226815330051,0.206,0.31,1
"Prr14",0.302004184409923,0.457179288698595,0.19,0.103,1
"Psmc1",0.302004184409923,0.409044402744444,0.19,0.103,1
"Xiap",0.302242738196198,0.418913268970677,0.317,0.207,1
"Ehbp1",0.302687793433062,-0.481822539171179,0.19,0.276,1
"Cdc27",0.302744441294837,0.340315972133592,0.206,0.103,1
"Hps3",0.302824262609502,-0.348670853612414,0.159,0.241,1
"Sfswap",0.302824262609502,-0.62238279076683,0.159,0.241,1
"Gmps",0.303464286886767,-0.295651661872157,0.095,0.172,1
"Xpa",0.303464286886767,0.464334118520889,0.143,0.069,1
"Cntn5",0.303464286886767,0.444856383405522,0.143,0.069,1
"Chpt1",0.303464286886767,0.381814181228939,0.143,0.069,1
"Mtmr6",0.303464286886767,0.516699940581826,0.143,0.069,1
"Cspp1",0.303537643659699,-0.463425312681336,0.206,0.276,1
"Gna12",0.303888914775732,-0.498312308151771,0.333,0.379,1
"Rps5",0.305190692248849,0.650530333666418,0.222,0.138,1
"Asxl2",0.305190692248849,0.439975227938999,0.222,0.138,1
"Prickle2",0.305859117715501,0.46245196480222,0.667,0.586,1
"Actr2",0.307024942706376,-0.269200556806295,0.27,0.379,1
"Proser1",0.307238611760429,-0.510799701664296,0.048,0.103,1
"Klhl9",0.307238611760429,-0.458811714937633,0.048,0.103,1
"Wrap73",0.307238611760429,-0.440934903903156,0.048,0.103,1
"9430015G10Rik",0.307238611760429,-0.331286786459363,0.048,0.103,1
"Atp10d",0.307238611760429,-0.260693095479657,0.048,0.103,1
"Il4ra",0.307238611760429,-0.436059555259991,0.048,0.103,1
"Gm29642",0.307238611760429,-0.32660088043533,0.048,0.103,1
"Cd68",0.307238611760429,-0.365519570485852,0.048,0.103,1
"Degs2",0.307238611760429,-0.369928095648076,0.048,0.103,1
"Ell2",0.307238611760429,-0.354523245950217,0.048,0.103,1
"Gm2237",0.307238611760429,-0.421660199616194,0.048,0.103,1
"Cblb",0.307238611760429,-0.296819602197316,0.048,0.103,1
"Xpnpep1",0.307238611760429,-0.402004215848762,0.048,0.103,1
"Stard8",0.307238611760429,-0.342186736810828,0.048,0.103,1
"Gemin8",0.307238611760429,-0.438997288730064,0.048,0.103,1
"Stim1",0.308165036951104,0.405122552648903,0.19,0.103,1
"Ddhd2",0.308165036951104,0.434483710056342,0.19,0.103,1
"Zfyve1",0.308165036951104,0.469873177980909,0.19,0.103,1
"Man1c1",0.308183758672307,-0.418710021543487,0.19,0.276,1
"Cerk",0.308514976754681,-0.332336078497328,0.302,0.414,1
"Mrfap1",0.308682749701629,-0.31837940041251,0.159,0.241,1
"Srsf6",0.308752645264275,0.328311040300713,0.206,0.103,1
"Chchd10",0.308752645264275,-0.398478978811955,0.143,0.241,1
"2210408I21Rik",0.308941934350349,-0.517499187473143,0.206,0.276,1
"Relch",0.309237863485068,-0.368005214407824,0.222,0.31,1
"Prkce",0.309241087757663,0.424896170987394,0.286,0.172,1
"Kcnj10",0.310002275743484,-0.375777568558079,0.127,0.207,1
"Gad1",0.310525863597803,0.427637389640774,0.143,0.069,1
"Ust",0.310525863597803,0.422316431612842,0.143,0.069,1
"Anapc16",0.310525863597803,0.41679842839863,0.143,0.069,1
"Eef2",0.310525863597803,0.608756685962675,0.143,0.069,1
"Rack1",0.310525863597803,0.626626794374078,0.143,0.069,1
"Mboat2",0.310525863597803,0.425740301742575,0.143,0.069,1
"Flnb",0.310525863597803,-0.306139552143999,0.095,0.172,1
"Efr3a",0.310525863597803,0.394783704396871,0.143,0.069,1
"Plekhg1",0.310984990918099,-0.474146967670398,0.27,0.345,1
"Ypel3",0.311939562811141,0.358863481564257,0.333,0.241,1
"Ndst1",0.312122673836843,-0.435940348710462,0.079,0.138,1
"Man1a",0.312268206076634,-0.403860993530192,0.254,0.345,1
"Fars2",0.312268206076634,0.399790285388141,0.317,0.207,1
"Fhit",0.313085903997583,-0.253808431177604,0.317,0.448,1
"Pak2",0.313304300893667,0.418239773720207,0.302,0.207,1
"Atad2b",0.313745337452728,-0.358270071413319,0.19,0.276,1
"B3galt1",0.313873010323848,0.356074218978734,0.556,0.517,1
"Irf8",0.314408464924734,0.351675028055359,0.19,0.103,1
"Eif5b",0.314409450752221,0.459011745472857,0.254,0.172,1
"Prox1",0.316454365017649,-0.360293108878178,0.127,0.207,1
"Aff1",0.316454365017649,-0.587088672651696,0.127,0.207,1
"Nfe2l3",0.316454365017649,-0.585280208240548,0.127,0.207,1
"Vldlr",0.316454365017649,-0.347480263946996,0.127,0.207,1
"Pdhx",0.316634358887274,-0.373121515585443,0.048,0.103,1
"Gm19445",0.316634358887274,-0.308709249914157,0.048,0.103,1
"Grik3",0.316634358887274,-0.452647808294387,0.048,0.103,1
"Slc25a40",0.316634358887274,-0.326642135697381,0.048,0.103,1
"Pmpcb",0.316634358887274,-0.545695579896456,0.048,0.103,1
"Abcb8",0.316634358887274,-0.374106682065277,0.048,0.103,1
"Zfp605",0.316634358887274,-0.327198562276728,0.048,0.103,1
"Ift22",0.316634358887274,-0.251013024006291,0.048,0.103,1
"Gm43378",0.316634358887274,-0.448219588722501,0.048,0.103,1
"Clec2d",0.316634358887274,-0.283660432376442,0.048,0.103,1
"Cavin3",0.316634358887274,-0.379897668260386,0.048,0.103,1
"Dlgap2",0.316634358887274,-0.293357576489913,0.048,0.103,1
"Mfhas1",0.316634358887274,-0.334648750597433,0.048,0.103,1
"Lonrf1",0.316634358887274,-0.37090137585347,0.048,0.103,1
"Ranbp10",0.316634358887274,-0.320395363103509,0.048,0.103,1
"Piezo1",0.316634358887274,-0.406515064660911,0.048,0.103,1
"Emc6",0.316634358887274,-0.342219305757312,0.048,0.103,1
"Arhgap27",0.316634358887274,-0.32402148486913,0.048,0.103,1
"Foxk2",0.316634358887274,-0.363505280830399,0.048,0.103,1
"Exd2",0.316634358887274,-0.473120001638429,0.048,0.103,1
"Wars",0.316634358887274,-0.371050242075282,0.048,0.103,1
"Gm3468",0.316634358887274,-0.330963901492405,0.048,0.103,1
"Sharpin",0.316634358887274,-0.307484838070391,0.048,0.103,1
"Trmt2a",0.316634358887274,-0.271730323925895,0.048,0.103,1
"Vdac1",0.316780091583276,0.448674519869713,0.222,0.138,1
"Csmd1",0.317362190196931,0.414763298383319,0.317,0.207,1
"Rb1cc1",0.317367191265219,0.449252965465755,0.27,0.172,1
"Gorasp2",0.317695049901127,-0.309300635972247,0.095,0.172,1
"Epb41l4b",0.317695049901127,0.418263536715367,0.143,0.069,1
"Gng11",0.317695049901127,0.523976402281997,0.143,0.069,1
"Dusp3",0.317695049901127,-0.26563285448517,0.095,0.172,1
"Sema4d",0.317695049901127,0.412663743444256,0.143,0.069,1
"Paip2",0.317932726951877,0.327146960051901,0.365,0.241,1
"Otud7b",0.3182905809178,0.352275314624733,0.476,0.345,1
"Shtn1",0.319043485014911,-0.274204733040032,0.429,0.483,1
"Arhgap45",0.319439534146835,-0.28601915958617,0.571,0.552,1
"Acbd3",0.319718086250972,-0.420490194305146,0.175,0.241,1
"Gm5086",0.319721973828127,-0.562448660372889,0.175,0.241,1
"Vsnl1",0.319936759263691,0.566828467742359,0.254,0.172,1
"Zfp410",0.319991586704731,-0.472381694231446,0.079,0.138,1
"Slc25a46",0.319991586704731,-0.436882476497532,0.079,0.138,1
"Nsrp1",0.320635622865162,-0.250255317390266,0.159,0.241,1
"4930581F22Rik",0.320734495195171,-0.618448124132565,0.143,0.207,1
"Septin8",0.320734495195171,0.324815961035969,0.19,0.103,1
"Sik2",0.321064151079183,0.530428425287565,0.317,0.241,1
"Atp5c1",0.322681670157552,0.352427051767997,0.222,0.138,1
"Robo1",0.322681670157552,0.741016570187534,0.222,0.138,1
"Sipa1l2",0.32283527573749,0.427748461950561,0.27,0.172,1
"Trappc10",0.322993953168164,-0.344491855248803,0.127,0.207,1
"Atf2",0.324134581510414,0.257118035703479,0.238,0.138,1
"Nsd1",0.324396564455154,0.269517361633462,0.683,0.621,1
"Unc50",0.324971867023389,0.451043476017707,0.143,0.069,1
"Xpr1",0.324971867023389,0.308924631988183,0.143,0.069,1
"Gm13269",0.324971867023389,0.359462720550183,0.143,0.069,1
"Rnf115",0.324971867023389,0.340205298866654,0.143,0.069,1
"Capns1",0.324971867023389,-0.297903460865794,0.095,0.172,1
"Gm26827",0.324971867023389,0.456578490351656,0.143,0.069,1
"Rab11a",0.324971867023389,0.431614089291655,0.143,0.069,1
"Gm15563",0.324971867023389,0.548710909911951,0.143,0.069,1
"H2aw",0.324971867023389,0.360231764111084,0.143,0.069,1
"4930512B01Rik",0.324971867023389,0.509917917426317,0.143,0.069,1
"Serp2",0.324971867023389,0.453998459315413,0.143,0.069,1
"A930015D03Rik",0.324971867023389,0.339052121221888,0.143,0.069,1
"Tjap1",0.324971867023389,0.37342529120759,0.143,0.069,1
"Upf3b",0.324971867023389,0.254716914305258,0.143,0.069,1
"Arhgef1",0.325065398147914,-0.295771379036242,0.19,0.276,1
"Basp1",0.325541412607098,0.457554674295663,0.667,0.621,1
"Tspan2",0.326176585504595,-0.531326388804233,0.365,0.414,1
"Tmem135",0.326179031078229,-0.360840269824968,0.349,0.448,1
"Tmem183a",0.326216674084839,-0.288619491041195,0.048,0.103,1
"Nacc2",0.326216674084839,-0.263044284486047,0.048,0.103,1
"Ubap1",0.326216674084839,-0.292613946614283,0.048,0.103,1
"Zfp180",0.326216674084839,-0.33126036027058,0.048,0.103,1
"Pgbd5",0.326216674084839,-0.273785608801973,0.048,0.103,1
"Lingo1",0.326216674084839,-0.332777844924686,0.048,0.103,1
"Nr2c1",0.326216674084839,-0.310497591677294,0.048,0.103,1
"Sanbr",0.326216674084839,-0.272754068845034,0.048,0.103,1
"Exoc7",0.326216674084839,-0.259281232706311,0.048,0.103,1
"Pcdh17",0.326216674084839,-0.442900762669187,0.048,0.103,1
"Fam135b",0.326216674084839,-0.315594686711124,0.048,0.103,1
"Camk4",0.326216674084839,-0.317956926969551,0.048,0.103,1
"Agfg1",0.326721893779931,-0.286793536639805,0.159,0.241,1
"Msi2",0.327247191580202,-0.371873032414009,0.143,0.241,1
"E230029C05Rik",0.327458952690029,-0.53489320809303,0.492,0.517,1
"Il1rap",0.327728133797117,-0.609297525940818,0.333,0.379,1
"Cdk12",0.327869948936491,-0.502347088457244,0.317,0.379,1
"Pigv",0.327989113623225,-0.571742336611262,0.079,0.138,1
"Sem1",0.327989113623225,-0.821949005909029,0.079,0.138,1
"Snx5",0.328364432703514,0.410000815563678,0.27,0.172,1
"Kdm7a",0.328364432703514,0.403003178962476,0.27,0.172,1
"Kcna6",0.328654496791818,0.398798501565804,0.222,0.138,1
"Dock3",0.328998736936753,-0.480436644225917,0.254,0.31,1
"Rabep1",0.328998736936753,-0.257421477428693,0.238,0.345,1
"Clk2",0.329621028459417,-0.292750938261389,0.127,0.207,1
"Alkbh1",0.329621028459417,-0.380567385012771,0.127,0.207,1
"Araf",0.329621028459417,-0.410659483202621,0.127,0.207,1
"Smap2",0.330944390915875,0.308023719242164,0.413,0.31,1
"Ppcdc",0.331667619635447,-0.783241064585631,0.175,0.241,1
"Ndufb6",0.332356288279792,0.385341275360005,0.143,0.069,1
"Avl9",0.332356288279792,0.356633694192834,0.143,0.069,1
"Cog4",0.332356288279792,0.416273536846881,0.143,0.069,1
"Ndufa12",0.332356288279792,0.339538480793024,0.143,0.069,1
"Erbb3",0.332356288279792,0.447136817765948,0.143,0.069,1
"Zbtb11",0.332356288279792,0.293934845639421,0.143,0.069,1
"Slc4a10",0.332967361375859,0.432330737636232,0.175,0.103,1
"Ywhaz",0.332969177432975,0.367975961993651,0.317,0.207,1
"Ndufb5",0.333634329574534,0.292752534803396,0.19,0.103,1
"Cdk17",0.333634329574534,0.378101565496619,0.19,0.103,1
"Cdk14",0.333954638659146,0.341656280934495,0.27,0.172,1
"Cox6b1",0.334698541626144,0.373171176521684,0.222,0.138,1
"Enox1",0.335754555900645,0.287324038801015,0.413,0.31,1
"Pgm1",0.335975330378169,-0.333722829078261,0.048,0.103,1
"Ncstn",0.335985495061134,-0.278003491426408,0.048,0.103,1
"Wdr1",0.335985495061134,-0.296862341340056,0.048,0.103,1
"Lsm1",0.335985495061134,-0.341660832285411,0.048,0.103,1
"A730081D07Rik",0.335985495061134,-0.321895197937018,0.048,0.103,1
"Med4",0.335985495061134,-0.276194603201322,0.048,0.103,1
"Tmem258",0.335985495061134,-0.27191596804092,0.048,0.103,1
"Slc25a14",0.335985495061134,-0.298547727948002,0.048,0.103,1
"Tank",0.336000952952536,-0.48096406789006,0.111,0.172,1
"Rpn2",0.336115196715533,-0.404962497580243,0.079,0.138,1
"Cep85",0.336115196715533,-0.440139266094102,0.079,0.138,1
"Irf5",0.336115196715533,-0.367186538186368,0.079,0.138,1
"Trim30a",0.336115196715533,-0.607438017209878,0.079,0.138,1
"Phrf1",0.336115196715533,-0.480727449537354,0.079,0.138,1
"Bcar1",0.336115196715533,-0.33081322340688,0.079,0.138,1
"Ric1",0.336115196715533,-0.439822612810087,0.079,0.138,1
"Asb3",0.336273675049948,-0.32526980582145,0.222,0.31,1
"Ugp2",0.336335547153311,-0.371408515609242,0.127,0.207,1
"Hapln2",0.33658596779016,-0.524940451423802,0.27,0.345,1
"5031425E22Rik",0.336772623359563,-0.587473700402958,0.222,0.276,1
"Zfp407",0.336911862601289,0.448613856050555,0.254,0.172,1
"Nfasc",0.337156539823935,-0.35954951609003,0.333,0.414,1
"Trrap",0.337747255677581,-0.382134505477784,0.175,0.241,1
"Ankib1",0.337879761810918,0.303431810849174,0.365,0.241,1
"Ppm1h",0.338279789752146,-0.346380260637909,0.254,0.345,1
"Pdia6",0.339118049962654,-0.383183047435685,0.159,0.241,1
"Srsf3",0.339118049962654,-0.370162117820249,0.159,0.241,1
"Rpl22",0.339848238378182,-0.354877066816269,0.095,0.172,1
"Strn4",0.339848238378182,0.332872397297797,0.143,0.069,1
"Tkt",0.339848238378182,0.268105879432626,0.143,0.069,1
"Ly6h",0.339872428217558,0.341368402686932,0.349,0.207,1
"Ogdh",0.340208045814176,0.350350742642228,0.19,0.103,1
"Nme1",0.340208045814176,0.3645704992121,0.19,0.103,1
"Kif2a",0.340208045814176,0.415355535744036,0.19,0.103,1
"Galnt6",0.340208045814176,0.370345939084654,0.19,0.103,1
"Chchd2",0.340609497438136,0.409325913727468,0.413,0.31,1
"St13",0.340813753348109,0.376227560109538,0.222,0.138,1
"Tle5",0.341930092264157,0.369842988753077,0.238,0.138,1
"mt-Co1",0.341930092264157,0.304688237757872,0.238,0.138,1
"Irf2",0.342492041964432,0.595714530240943,0.333,0.241,1
"Hivep2",0.342695428693617,-0.566526433086773,0.206,0.276,1
"Fto",0.342989506519898,0.284191953671243,0.365,0.241,1
"Garnl3",0.343263256942051,-0.438933876305112,0.111,0.172,1
"Gabpb1",0.343263256942051,-0.514593671132048,0.111,0.172,1
"Banp",0.343263256942051,-0.421844968263636,0.111,0.172,1
"Cryl1",0.343263256942051,-0.570268688577198,0.111,0.172,1
"Gpatch8",0.34329169027939,0.29252994491926,0.444,0.31,1
"Ggact",0.343898024833761,-0.582374521656934,0.175,0.241,1
"Nmt2",0.344369708299718,-0.357922717488394,0.079,0.138,1
"Rnf141",0.344369708299718,-0.453057896718117,0.079,0.138,1
"S100b",0.344369708299718,-0.433257764708677,0.079,0.138,1
"Ern1",0.344369708299718,-0.519829841121364,0.079,0.138,1
"Nol7",0.344369708299718,-0.640899872987363,0.079,0.138,1
"Ttc5",0.344369708299718,-0.434269086103645,0.079,0.138,1
"Atp6v0a1",0.345118709381102,0.375349565353932,0.381,0.276,1
"Slc25a27",0.345190921426209,0.542761684531544,0.302,0.207,1
"Krit1",0.345318024593121,0.266358810564083,0.27,0.172,1
"Nucks1",0.345427815986,0.430196897983418,0.206,0.138,1
"Ptpn1",0.345427815986,-0.295146749043905,0.159,0.241,1
"Vps16",0.345930467947652,-0.269693026871324,0.048,0.103,1
"Gm10516",0.345940613132728,-0.267423542245508,0.048,0.103,1
"Phyh",0.345940613132728,-0.250483670997954,0.048,0.103,1
"Pex16",0.345940613132728,-0.272287309718602,0.048,0.103,1
"Usp19",0.345940613132728,-0.250836132987257,0.048,0.103,1
"Elob",0.346488436399882,0.315242690812208,0.286,0.207,1
"Exoc5",0.346571106058689,0.379735982900597,0.175,0.103,1
"Ube2v2",0.346571106058689,0.394548584429916,0.175,0.103,1
"Sptlc2",0.346864187921114,0.362924001837218,0.19,0.103,1
"Rpl12",0.347000058961419,0.354555523313247,0.222,0.138,1
"Gmds",0.347000058961419,0.362537907000441,0.222,0.138,1
"Srsf10",0.347441742329833,0.306180764025672,0.143,0.069,1
"Bub3",0.3474475927564,0.332906052279516,0.143,0.069,1
"Msl2",0.3474475927564,0.321608075569858,0.143,0.069,1
"Enc1",0.3474475927564,0.32364811031492,0.143,0.069,1
"Gtf2h5",0.3474475927564,0.382040569332215,0.143,0.069,1
"Eml4",0.3474475927564,0.374228353620649,0.143,0.069,1
"Fyb",0.347914572798887,-0.349689586540047,0.587,0.621,1
"Adam22",0.348542071377892,0.476830889096506,0.254,0.172,1
"Ppp2r2a",0.348542071377892,0.549093715627494,0.254,0.172,1
"Fndc3a",0.348542071377892,0.381145158248654,0.254,0.172,1
"Nfatc3",0.350026577394706,-0.313186205099461,0.127,0.207,1
"Spred1",0.351091078166023,0.322150471437841,0.27,0.172,1
"Pdk1",0.35275244987871,-0.405453618618721,0.079,0.138,1
"Psmc2",0.35275244987871,-0.362858413736631,0.079,0.138,1
"Arhgef7",0.35275244987871,-0.40270329497688,0.079,0.138,1
"4931406C07Rik",0.35275244987871,-0.411013456960946,0.079,0.138,1
"Cep83",0.35275244987871,-0.418181501743613,0.079,0.138,1
"Dnal1",0.35275244987871,-0.509415260143043,0.079,0.138,1
"Arf3",0.35275244987871,-0.423521411111111,0.079,0.138,1
"Pcnx3",0.35275244987871,-0.476969194317348,0.079,0.138,1
"Npc1",0.35325736356464,0.413550209878355,0.222,0.138,1
"Nsg2",0.353503828317253,0.406991875024655,0.175,0.103,1
"Zc3h12b",0.353503828317253,0.423003189257022,0.175,0.103,1
"Mad1l1",0.353593673578502,0.29919214254252,0.19,0.103,1
"Ndufs7",0.353602639089859,0.357727595717065,0.19,0.103,1
"Eif4g3",0.354304977718361,0.35105600773826,0.429,0.31,1
"Dusp16",0.354451706207664,-0.581302053920587,0.206,0.276,1
"Dnajc6",0.354512999688064,-0.414953624984192,0.19,0.276,1
"Arhgdig",0.354742191309011,0.459340992588375,0.127,0.069,1
"Adap1",0.354915369733646,-0.384764861574687,0.238,0.31,1
"Ppp4r1l-ps",0.355154176954134,0.354730925551597,0.143,0.069,1
"Tmem41b",0.355154176954134,0.323573495630181,0.143,0.069,1
"Cct8",0.355154176954134,0.299175390701727,0.143,0.069,1
"Itga6",0.35626836153862,0.417293062894917,0.302,0.207,1
"Frs2",0.35640874120409,-0.368062823507261,0.175,0.241,1
"Pag1",0.35702475894384,0.324752405013693,0.587,0.517,1
"Slco2b1",0.357247166037151,-0.282722640642136,0.333,0.414,1
"Cstpp1",0.358086213331723,-0.367425641259001,0.111,0.172,1
"Galntl6",0.358086213331723,-0.463555556850095,0.111,0.172,1
"Lcp2",0.358086213331723,-0.457357443880293,0.111,0.172,1
"Cyb5a",0.358270246688648,-0.264320372728848,0.159,0.241,1
"Srek1",0.358351689364451,0.393594873005376,0.365,0.276,1
"Slc25a3",0.358962979422777,0.256934139067491,0.413,0.276,1
"Fa2h",0.359034967252116,0.264185013890997,0.492,0.379,1
"Leng8",0.359585550140334,0.327058212280533,0.222,0.138,1
"Cox7a2",0.359585550140334,0.372425739998966,0.222,0.138,1
"Fmnl2",0.359805297352198,0.36292795473886,0.46,0.345,1
"Atp9a",0.360423252799687,-0.319367057569141,0.143,0.207,1
"Tsc22d2",0.360423252799687,0.294362287985264,0.19,0.103,1
"Lars2",0.360423252799687,0.266597409550125,0.19,0.103,1
"Usp50",0.36042423127436,0.463593777500259,0.254,0.172,1
"Psmc4",0.360523583248424,0.388661379697252,0.175,0.103,1
"Prag1",0.360523583248424,0.372628775601748,0.175,0.103,1
"Armc8",0.360523583248424,0.396395677230559,0.175,0.103,1
"Ppm1b",0.360523583248424,0.327345198956391,0.175,0.103,1
"Clasrp",0.360598698744608,-0.515459543688066,0.19,0.276,1
"Ctss",0.361037477628536,0.345633225861196,0.476,0.379,1
"Pip4p1",0.361259988291149,0.366357517368142,0.349,0.276,1
"Prim2",0.36126315119022,-0.317120944159952,0.079,0.138,1
"Fndc3b",0.36126315119022,-0.322042430214876,0.079,0.138,1
"Mapk10",0.36126315119022,-0.403817540969379,0.079,0.138,1
"Maml1",0.36126315119022,-0.325363672499634,0.079,0.138,1
"Spidr",0.36126315119022,-0.308347606050962,0.079,0.138,1
"Ppil2",0.36126315119022,-0.415968238159898,0.079,0.138,1
"Magt1",0.36126315119022,-0.282472180913001,0.079,0.138,1
"Brinp3",0.362887527343913,0.456094624876386,0.127,0.069,1
"Sod2",0.362887527343913,0.37831700285911,0.127,0.069,1
"Cacybp",0.36296776602046,0.276160499808181,0.143,0.069,1
"Pts",0.36296776602046,0.558931888653719,0.143,0.069,1
"Gm12353",0.36360265289529,-0.429623578513195,0.317,0.379,1
"Nap1l4",0.364061307158442,-0.26999397134547,0.127,0.207,1
"Kcnd2",0.364066039150459,-0.297016946182769,0.127,0.207,1
"Trio",0.364781160179458,-0.660329510065283,0.238,0.276,1
"Chgb",0.364802647840811,-0.27416198187313,0.159,0.241,1
"G3bp2",0.364802647840811,-0.336863293482495,0.159,0.241,1
"Gpi1",0.364802647840811,0.581700275051408,0.206,0.138,1
"Vps41",0.364802647840811,-0.346126511063174,0.159,0.241,1
"Edf1",0.365646471803664,-0.338495858149767,0.111,0.172,1
"4930599N23Rik",0.365646471803664,-0.417456295006375,0.111,0.172,1
"Snx10",0.365646471803664,-0.609723027081067,0.111,0.172,1
"Zup1",0.365646471803664,-0.470856499115678,0.111,0.172,1
"Ncbp3",0.365646471803664,-0.367904738961776,0.111,0.172,1
"Ahsa1",0.365646471803664,-0.318334273542822,0.111,0.172,1
"Mrtfb",0.365646471803664,-0.525151782963374,0.111,0.172,1
"Slc12a2",0.365908546444962,-0.455860557867591,0.444,0.448,1
"Macroh2a1",0.365980628551433,0.355860356992152,0.222,0.138,1
"Sfpq",0.366350689463099,-0.448748074608592,0.238,0.31,1
"Rps6ka3",0.366610482360376,0.320923856995196,0.238,0.138,1
"Ttc3",0.366686743128339,0.325345512114637,0.508,0.448,1
"Anapc5",0.367325852525247,-0.37237346404328,0.143,0.207,1
"Cwc27",0.367325852525247,-0.433037622331313,0.143,0.207,1
"Bbx",0.367325852525247,0.309827280051041,0.19,0.103,1
"Mrps14",0.367630178406188,0.367783173494202,0.175,0.103,1
"Ankrd10",0.367630178406188,0.490262021764845,0.175,0.103,1
"Lama2",0.367630178406188,0.48510626799797,0.175,0.103,1
"5330438D12Rik",0.367821570760986,0.285752794298034,0.619,0.483,1
"Zranb2",0.369045219863975,-0.325386219253028,0.27,0.345,1
"Acaca",0.369270980964108,0.407956038016295,0.365,0.241,1
"Ctsb",0.369273638978517,0.394507866384429,0.365,0.241,1
"Nfs1",0.369894529215465,-0.293699259552286,0.079,0.138,1
"Sh3bgrl3",0.369901469318778,-0.328100204894917,0.079,0.138,1
"Dguok",0.369901469318778,-0.337214083612768,0.079,0.138,1
"Zfp74",0.369901469318778,-0.308972266301171,0.079,0.138,1
"Ptpn9",0.369901469318778,-0.312184385368733,0.079,0.138,1
"Rrm2b",0.369901469318778,-0.353775836250946,0.079,0.138,1
"Anks1",0.369901469318778,-0.326240188922091,0.079,0.138,1
"Atp11c",0.369901469318778,-0.343144419506204,0.079,0.138,1
"Anapc4",0.370888083958259,0.250360331955524,0.143,0.069,1
"Tomm20",0.371148951040184,0.509899812530089,0.127,0.069,1
"Trim37",0.371148951040184,0.410304149334049,0.127,0.069,1
"Tut4",0.371276732239987,-0.494097125923317,0.254,0.345,1
"Rin2",0.372453989369204,0.280529248632078,0.222,0.138,1
"Prpf38b",0.372453989369204,0.35732681238698,0.222,0.138,1
"Ggnbp2",0.372557456300408,-0.327903981464287,0.206,0.276,1
"Slc16a6",0.372557456300408,0.342748607509101,0.254,0.172,1
"Rnf187",0.372950012173662,-0.418364095676784,0.19,0.241,1
"Ddr1",0.372950012173662,0.254248050299508,0.238,0.138,1
"Fam171b",0.373025484379701,0.300465210164643,0.444,0.31,1
"Kcnh7",0.373305581394655,-0.448705833168328,0.111,0.172,1
"Dpm1",0.373305581394655,-0.394521632717614,0.111,0.172,1
"Fam149b",0.373305581394655,-0.467969247158486,0.111,0.172,1
"Dynlt2a2",0.373305581394655,-0.303217989142404,0.111,0.172,1
"Zfx",0.373305581394655,-0.506049878770508,0.111,0.172,1
"Dstyk",0.374310231464255,-0.421134218857507,0.143,0.207,1
"Cul5",0.374310231464255,-0.3645732442627,0.143,0.207,1
"Hpgds",0.37461428085689,-0.309970283381957,0.508,0.621,1
"Cd300c2",0.374823387369622,0.332419003052614,0.175,0.103,1
"Sez6l2",0.374893169240284,0.490218579805726,0.333,0.241,1
"Tor1aip2",0.375715155403717,-0.346389161513458,0.175,0.241,1
"Cux1",0.376097614988778,0.392274695800813,0.238,0.172,1
"P2ry12",0.376309569879151,0.299900248563616,0.635,0.483,1
"Arhgap21",0.378088978667317,0.466649820414836,0.206,0.138,1
"Casp8",0.378666987872009,-0.299755940383901,0.079,0.138,1
"Necap2",0.378666987872009,-0.272411295475897,0.079,0.138,1
"Eif4enif1",0.378666987872009,-0.3089590901964,0.079,0.138,1
"Gm48765",0.378666987872009,-0.313613836564496,0.079,0.138,1
"Dynlt3",0.378666987872009,-0.280529435850616,0.079,0.138,1
"Camta1",0.378993895660828,0.367937679892851,0.222,0.138,1
"Dnaja1",0.379080346176907,0.385221397399197,0.302,0.207,1
"5031439G07Rik",0.379080346176907,0.453863816547772,0.302,0.207,1
"Ppa2",0.379526090167984,0.391103276254753,0.127,0.069,1
"Klf3",0.379526090167984,0.396482979164033,0.127,0.069,1
"Cdipt",0.379526090167984,0.411842289324922,0.127,0.069,1
"Dnajc15",0.379526090167984,0.403490718000601,0.127,0.069,1
"Hnrnph2",0.379526090167984,0.374987505914649,0.127,0.069,1
"Rpl13",0.379634230549508,0.477529979751149,0.365,0.276,1
"Atp1b3",0.380411204212881,-0.359016174540473,0.286,0.379,1
"Zfp277",0.381063234829651,-0.410851078687791,0.111,0.172,1
"Bfar",0.381063234829651,-0.46205930018761,0.111,0.172,1
"Ly86",0.381067410323395,-0.349145149790405,0.444,0.483,1
"Pard3b",0.381376152282704,0.268382463698396,0.19,0.103,1
"Arhgef11",0.381376152282704,0.302989530573516,0.19,0.103,1
"Serbp1",0.381626508404264,0.316877591872874,0.381,0.276,1
"Ifi27",0.382102949449279,0.408203532057109,0.175,0.103,1
"6720427I07Rik",0.382102949449279,0.365201356118338,0.175,0.103,1
"Ccnl2",0.382290183503611,-0.613780729461718,0.175,0.241,1
"Ifngr2",0.382290183503611,-0.330923181865701,0.175,0.241,1
"Slc20a2",0.382589354649636,-0.319702311612201,0.222,0.31,1
"Calr",0.384842496557109,-0.288167146047512,0.159,0.241,1
"Tbc1d9",0.384940576559673,0.285633051843574,0.254,0.172,1
"Smc3",0.384940576559673,0.328937413023717,0.254,0.172,1
"Mllt11",0.385603990857242,0.261962196299785,0.222,0.138,1
"Ppp2r5c",0.385603990857242,0.341711912266177,0.222,0.138,1
"Chn2",0.385797818782698,-0.344160809524174,0.429,0.483,1
"Cmip",0.385977800923709,0.312884402551698,0.349,0.241,1
"Lst1",0.387559216223264,-0.287658477522094,0.079,0.138,1
"Car2",0.387650518645688,-0.335918853335349,0.651,0.724,1
"Madd",0.388018510914242,0.404437131613936,0.127,0.069,1
"Wbp11",0.388018510914242,0.347800406664991,0.127,0.069,1
"Vps26a",0.388018510914242,0.409722365527742,0.127,0.069,1
"Galnt10",0.388018510914242,0.478834146088243,0.127,0.069,1
"Fbxo11",0.388395128482675,-0.503338766890618,0.317,0.345,1
"Mfap3",0.388518928965442,-0.306229683090825,0.143,0.207,1
"Drg1",0.388523346878028,-0.286897713249796,0.143,0.207,1
"Iars",0.388523346878028,-0.405995789003784,0.143,0.207,1
"Chd4",0.38878818739617,0.445597465224344,0.238,0.172,1
"Sgce",0.388919079984203,-0.489965596808005,0.111,0.172,1
"1600010M07Rik",0.388919079984203,-0.335893907183181,0.111,0.172,1
"Arhgef18",0.388919079984203,-0.373886283858762,0.111,0.172,1
"Mapk1ip1l",0.388919079984203,-0.326706221605437,0.111,0.172,1
"Sec22a",0.388919079984203,-0.32090694793751,0.111,0.172,1
"Gm49599",0.388919079984203,-0.37581976809592,0.111,0.172,1
"Psma7",0.388935288204442,-0.499471854097169,0.175,0.241,1
"Garre1",0.388935288204442,-0.410076783363373,0.175,0.241,1
"Itprid2",0.38946856941493,0.336247755296939,0.175,0.103,1
"Rfx7",0.38946856941493,0.313737760602751,0.175,0.103,1
"Hnrnpul2",0.38946856941493,0.305843618259399,0.175,0.103,1
"Uba1",0.38946856941493,0.381297966334846,0.175,0.103,1
"Psme4",0.390092355099608,-0.378057343052796,0.222,0.276,1
"Arpc2",0.390815942356221,0.335498606110791,0.302,0.207,1
"Rapgef6",0.390815942356221,-0.458257296115591,0.254,0.31,1
"Josd2",0.391222025746113,0.33803938871685,0.254,0.172,1
"Zhx3",0.391669266393064,0.472946404022547,0.206,0.138,1
"Phf14",0.392745943432071,0.413896874038857,0.413,0.345,1
"Dip2c",0.39464040671144,-0.338958725540161,0.286,0.345,1
"Mosmo",0.395650227572111,-0.417894700576782,0.175,0.241,1
"Tnrc6a",0.395650227572111,-0.410408499300654,0.175,0.241,1
"Rasa3",0.395650227572111,-0.361252946008297,0.175,0.241,1
"Rlf",0.395751516160625,-0.519757078354156,0.143,0.207,1
"Arl8b",0.395751516160625,-0.387314487222212,0.143,0.207,1
"H2aj",0.395751516160625,-0.287359621142165,0.143,0.207,1
"Usp32",0.395929877694183,-0.426327965558838,0.238,0.31,1
"Ints7",0.396577588822558,-0.294679094045783,0.079,0.138,1
"Atraid",0.396577588822558,-0.252031534930758,0.079,0.138,1
"Eif4ebp2",0.396577588822558,-0.285642166985972,0.079,0.138,1
"Mpzl1",0.396625717344639,0.408560262997748,0.127,0.069,1
"Itpka",0.396625717344639,0.426134593630719,0.127,0.069,1
"Ociad2",0.396625717344639,0.370041609911667,0.127,0.069,1
"Atp6v0a2",0.396625717344639,0.346493997051636,0.127,0.069,1
"Gabrb3",0.396625717344639,0.407367320652989,0.127,0.069,1
"Denn2b",0.396625717344639,0.278391398519673,0.127,0.069,1
"Tubb3",0.396625717344639,0.343990586554222,0.127,0.069,1
"Cep57",0.396625717344639,0.31251416409608,0.127,0.069,1
"Ctdspl",0.396625717344639,0.354528890740165,0.127,0.069,1
"Bicd2",0.396625717344639,0.331810303932319,0.127,0.069,1
"Ints9",0.396625717344639,0.473357696102853,0.127,0.069,1
"Tbc1d4",0.396625717344639,0.417817439225432,0.127,0.069,1
"Cggbp1",0.396625717344639,0.493753446869296,0.127,0.069,1
"Fam98a",0.396625717344639,0.354038597979029,0.127,0.069,1
"Scaf8",0.396765599089864,0.467666700152316,0.302,0.207,1
"Gm42756",0.396872719531307,-0.275449325507734,0.111,0.172,1
"Specc1l",0.396872719531307,-0.309383730068686,0.111,0.172,1
"Mboat1",0.397347388612705,0.510075213904257,0.159,0.103,1
"N4bp2l2",0.397568769188317,0.339471692177993,0.254,0.172,1
"Cct5",0.397572134180585,-0.322262960443443,0.206,0.276,1
"Kctd16",0.398965111132614,0.486326694937683,0.286,0.207,1
"Phc3",0.398980607046609,-0.54227705444612,0.19,0.241,1
"Plekhh1",0.402387073440991,-0.382561663357224,0.365,0.517,1
"Rif1",0.402434736457921,-0.376337634594653,0.175,0.241,1
"Mga",0.403060329854139,-0.270157125766519,0.143,0.207,1
"Zfp398",0.403060329854139,-0.292242583651493,0.143,0.207,1
"Mau2",0.403060329854139,-0.392904705712027,0.143,0.207,1
"Eif4a1",0.403060329854139,-0.331433144547012,0.143,0.207,1
"Fam193a",0.403217034647343,-0.379371495903815,0.27,0.31,1
"Sik3",0.404082715021232,-0.277156884016944,0.571,0.655,1
"Dnajb12",0.404923710621293,-0.305920662091178,0.111,0.172,1
"Syp",0.405077442268291,0.38100227212101,0.286,0.207,1
"Gucy1b1",0.405130567847228,0.384251568535667,0.159,0.103,1
"Ran",0.405130567847228,0.429052596983344,0.159,0.103,1
"Rpl39",0.405130567847228,0.44629075815017,0.159,0.103,1
"Cwc22",0.405340952573434,0.377049807520117,0.127,0.069,1
"Dph6",0.405347150918706,0.350229473928796,0.127,0.069,1
"Cers2",0.405347150918706,0.340820025896868,0.127,0.069,1
"Stim2",0.405347150918706,0.358049906138184,0.127,0.069,1
"Timm10b",0.405347150918706,0.429423421935139,0.127,0.069,1
"Cdkn2d",0.405347150918706,0.328277506874976,0.127,0.069,1
"Jdp2",0.405347150918706,0.3667088949145,0.127,0.069,1
"Adcy5",0.405347150918706,0.389031960818519,0.127,0.069,1
"Rtl8a",0.405347150918706,0.309993036313711,0.127,0.069,1
"2610203C22Rik",0.405541460755998,0.315019080018604,0.206,0.138,1
"Grb2",0.405541460755998,0.365250064867215,0.206,0.138,1
"B3galt2",0.405721464577782,-0.255672023308051,0.079,0.138,1
"Mbip",0.405721464577782,-0.267212713465034,0.079,0.138,1
"Gm26510",0.405721464577782,-0.263331940229342,0.079,0.138,1
"Erbb4",0.407536901780827,-0.278336426201438,0.667,0.724,1
"Vti1b",0.408305905361233,0.415769763355368,0.238,0.172,1
"Apc",0.411715293578428,0.379744776832308,0.492,0.414,1
"Dennd4c",0.412078301112245,0.325351167308322,0.175,0.103,1
"Tmed2",0.412586270852996,0.325145622381178,0.206,0.138,1
"Tra2b",0.412586270852996,0.458498510607482,0.206,0.138,1
"Ptgds",0.412911448430679,0.541303702195134,0.778,0.828,1
"Laptm5",0.412970829900857,0.367306932148192,0.365,0.276,1
"Clcn4",0.41300416840915,0.447687161164544,0.159,0.103,1
"Cdh23",0.41300416840915,0.334139098418369,0.159,0.103,1
"Ndrg1",0.41300416840915,0.369050540271213,0.159,0.103,1
"Nlrp1b",0.413066308954378,-0.297013425399806,0.111,0.172,1
"Pnrc1",0.41307156459551,-0.323395755330573,0.111,0.172,1
"Napa",0.41307156459551,-0.253120783645119,0.111,0.172,1
"Usp16",0.41307156459551,-0.263893157530493,0.111,0.172,1
"Rab12",0.41307156459551,-0.293984356015244,0.111,0.172,1
"Tbxas1",0.41342628864237,-0.273334926596761,0.222,0.31,1
"Ahctf1",0.414182190059336,0.376841283579356,0.127,0.069,1
"Gstm5",0.414182190059336,0.368817843658586,0.127,0.069,1
"Nadk",0.414182190059336,0.377439569461665,0.127,0.069,1
"Atp5j2",0.414182190059336,0.305444522434362,0.127,0.069,1
"Ccdc90b",0.414182190059336,0.302155070054558,0.127,0.069,1
"Ssbp4",0.414182190059336,0.303611322457532,0.127,0.069,1
"Tug1",0.414182190059336,0.323774949554797,0.127,0.069,1
"Erg28",0.414182190059336,0.294004362694533,0.127,0.069,1
"Grin2a",0.414182190059336,0.358797831233741,0.127,0.069,1
"Zfp518a",0.414182190059336,0.295249208279856,0.127,0.069,1
"Tpp2",0.414939313493255,0.474203933496213,0.238,0.172,1
"Ccnt2",0.414939719938421,0.287379588979426,0.302,0.207,1
"Gm43376",0.414990126307981,-0.252193392067332,0.079,0.138,1
"Tubgcp2",0.414990126307981,-0.277428537503716,0.079,0.138,1
"Opalin",0.415241832904247,0.376600894641223,0.317,0.241,1
"Hps4",0.415352082293275,-0.354432989023704,0.222,0.276,1
"Mat2a",0.415734248767891,0.272085173142909,0.444,0.345,1
"Nipa2",0.417918412370896,-0.343226780740237,0.143,0.207,1
"Marcks",0.418696845849776,0.301890480500643,0.365,0.276,1
"Gal3st1",0.419698424376759,0.258905800851748,0.222,0.138,1
"Arl6ip1",0.419722671863069,0.280605456298253,0.413,0.345,1
"Eloc",0.41978450121238,0.269870709397308,0.175,0.103,1
"Sh3d19",0.420417211505145,-0.297918579364807,0.317,0.414,1
"Csmd2",0.420967707567102,-0.39567311241091,0.127,0.172,1
"Caly",0.420967707567102,0.32816839412874,0.159,0.103,1
"Tcirg1",0.421315746734512,-0.312138158304252,0.111,0.172,1
"Phf20",0.421636000664533,0.3226407624936,0.238,0.172,1
"Rab6a",0.421636000664533,0.635351291385567,0.238,0.172,1
"Cept1",0.421814825335087,-0.482570136018318,0.222,0.276,1
"Cntln",0.423130149777981,0.282680844326418,0.127,0.069,1
"Yipf1",0.423130149777981,0.390071903059505,0.127,0.069,1
"Tm7sf3",0.423130149777981,0.32059233156412,0.127,0.069,1
"Cacna1a",0.423130149777981,0.330371718072102,0.127,0.069,1
"Pggt1b",0.423130149777981,0.304335678638264,0.127,0.069,1
"Pdha1",0.423130149777981,0.258659556795008,0.127,0.069,1
"Gde1",0.423918058829539,0.408943616211709,0.317,0.276,1
"Vps29",0.425466863180555,-0.265859052443121,0.143,0.207,1
"2810013P06Rik",0.425466863180555,-0.318826404073887,0.143,0.207,1
"Trappc9",0.425466863180555,-0.262474740016297,0.143,0.207,1
"Lamp1",0.426141444973519,0.305328708041468,0.381,0.276,1
"Hprt",0.426891587932299,0.520571942776792,0.206,0.138,1
"Sppl3",0.427324569925278,-0.287669398578563,0.254,0.31,1
"Gdi1",0.427574756963401,0.316466828000569,0.175,0.103,1
"Dmxl1",0.429020528942152,-0.331744970646962,0.333,0.379,1
"9330175M20Rik",0.42902066225309,0.403840496092564,0.159,0.103,1
"Rplp0",0.42902066225309,0.473464302357403,0.159,0.103,1
"2610008E11Rik",0.42902066225309,0.371307422932916,0.159,0.103,1
"Nipsnap2",0.429655676041427,-0.285875846997873,0.111,0.172,1
"Gria2",0.429923961255338,0.329360922073548,0.413,0.31,1
"Ppp1r12a",0.431528129620467,-0.262809695244745,0.381,0.448,1
"Mtarc2",0.432190281356703,0.285281809286547,0.127,0.069,1
"Gcnt7",0.432190281356703,0.309067360279153,0.127,0.069,1
"Setd7",0.432190281356703,0.302333327181789,0.127,0.069,1
"Gm26749",0.432190281356703,0.285746449385809,0.127,0.069,1
"Reps2",0.432190281356703,0.377761084375343,0.127,0.069,1
"Gm11149",0.432251151961911,0.480188444361373,0.333,0.276,1
"1110004F10Rik",0.433094322111832,-0.320812782006907,0.143,0.207,1
"Mprip",0.433094322111832,-0.28662987945677,0.143,0.207,1
"Rabgap1",0.433410388124138,0.401889287808285,0.317,0.241,1
"Hdac11",0.433898555763436,-0.290797545326373,0.079,0.138,1
"Rpl35a",0.434151325749336,0.425913495972819,0.206,0.138,1
"Bmpr2",0.436938462256547,0.425633507964992,0.254,0.172,1
"Ubac2",0.436938462256547,-0.304315099201666,0.206,0.276,1
"Senp7",0.436938462256547,0.278152268697635,0.254,0.172,1
"Rab22a",0.437162468909449,-0.4600774872646,0.127,0.172,1
"Lgmn",0.43800146806857,0.378605238212405,0.444,0.379,1
"Puf60",0.438090725061148,-0.263313853992324,0.111,0.172,1
"Mylip",0.439680287842697,-0.379870831907893,0.238,0.31,1
"Ube2d1",0.439872226658571,0.335803662909443,0.302,0.241,1
"Eprs",0.441361772088218,-0.475424336940887,0.095,0.138,1
"Psmb7",0.441361772088218,0.288277509400433,0.127,0.069,1
"Gm38642",0.441361772088218,0.325938391810807,0.127,0.069,1
"Jmy",0.441451969231203,-0.486891762198983,0.159,0.207,1
"Map2k1",0.441481893673473,0.4004434321425,0.206,0.138,1
"Dzip3",0.441481893673473,0.398138067582394,0.206,0.138,1
"Zbed6",0.44262672918787,-0.409357939634307,0.063,0.103,1
"Edem3",0.44262672918787,-0.50021870530241,0.063,0.103,1
"Nsmf",0.44262672918787,-0.480529115041726,0.063,0.103,1
"Cyb5r4",0.44262672918787,-0.295467017319782,0.063,0.103,1
"Ice1",0.44262672918787,-0.52757478948307,0.063,0.103,1
"Man2a1",0.44262672918787,-0.453227475843691,0.063,0.103,1
"Tmtc2",0.443584558682034,0.331137896502046,0.381,0.276,1
"Tusc3",0.443711109179274,0.325788579629147,0.254,0.172,1
"Stat3",0.445392523365421,-0.469834145743451,0.127,0.172,1
"Vrk2",0.445691905430234,-0.375013624928904,0.238,0.276,1
"Gm2245",0.446299971233218,0.284905403140675,0.302,0.207,1
"Gm26542",0.448207642761192,0.273077009784762,0.222,0.138,1
"Ensa",0.448882842074412,0.407577056595998,0.206,0.138,1
"Mlxip",0.45064374507497,0.265622983905779,0.127,0.069,1
"Ogfod1",0.45064374507497,0.276507871836015,0.127,0.069,1
"Prpsap2",0.45064374507497,0.255897870370908,0.127,0.069,1
"Pmvk",0.453564926369397,-0.300876112703275,0.063,0.103,1
"Kmt2b",0.453564926369397,-0.366938443881058,0.063,0.103,1
"Ddx60",0.453564926369397,-0.308966425009314,0.063,0.103,1
"Tom1",0.453564926369397,-0.361115156396866,0.063,0.103,1
"Alg1",0.453564926369397,-0.268739636016517,0.063,0.103,1
"Zfp799",0.453564926369397,-0.424007602700101,0.063,0.103,1
"Bcas1os2",0.453710180743818,0.368239148580141,0.159,0.103,1
"Ttyh1",0.453710180743818,0.281433812925759,0.159,0.103,1
"Ganab",0.453710180743818,-0.379519976632845,0.127,0.172,1
"Tra2a",0.454869092198309,-0.301087129384478,0.413,0.483,1
"Insr",0.456056954047269,0.473955363806386,0.238,0.172,1
"Mob4",0.456353695209062,0.359653842471537,0.206,0.138,1
"Elk3",0.456696463086763,-0.299760207125849,0.159,0.207,1
"Fau",0.457312411936437,0.426599499752743,0.429,0.379,1
"Gm14326",0.460035259088219,-0.368953387645019,0.095,0.138,1
"Fra10ac1",0.460035259088219,-0.406733863451382,0.095,0.138,1
"Dusp12",0.462114755398184,-0.343590421895135,0.127,0.172,1
"Invs",0.462114755398184,0.388448347997092,0.159,0.103,1
"Utp11",0.462114755398184,0.306185062233473,0.159,0.103,1
"Atg10",0.462114755398184,-0.427949643827688,0.127,0.172,1
"Kcmf1",0.46312603217654,0.300701523538553,0.238,0.172,1
"Anp32b",0.463174743842651,0.457958378774237,0.111,0.069,1
"Atxn3",0.463174743842651,0.359197782998938,0.111,0.069,1
"Chd8",0.463174743842651,0.513513080329005,0.111,0.069,1
"Cald1",0.463959616200412,-0.263524494577026,0.111,0.172,1
"Rsf1os1",0.464383988706511,-0.367501851104018,0.143,0.207,1
"Nars",0.464384898671637,0.323482539958494,0.254,0.172,1
"Gpcpd1",0.464428288142843,0.500729949008907,0.19,0.138,1
"Dixdc1",0.464543215009164,0.265571500139392,0.349,0.276,1
"Inpp4a",0.464654011336674,-0.349031661334045,0.063,0.103,1
"Dnajb14",0.464654011336674,-0.33618977093855,0.063,0.103,1
"Tk2",0.464654011336674,-0.335891567249068,0.063,0.103,1
"Atm",0.464654011336674,-0.457692684843701,0.063,0.103,1
"Fasn",0.464654011336674,-0.3861668563715,0.063,0.103,1
"Snx4",0.464654011336674,-0.307253618198588,0.063,0.103,1
"Dynlt1c",0.464654011336674,-0.419594591213215,0.063,0.103,1
"Bod1l",0.464690892048069,0.372210216152135,0.317,0.241,1
"H3f3b",0.465897538910394,0.296776394120442,0.444,0.345,1
"Eif5",0.468667756558621,0.412456088810511,0.222,0.172,1
"Ranbp9",0.468667756558621,-0.382936967009221,0.19,0.241,1
"Zfp740",0.468667756558621,-0.341948866821529,0.19,0.241,1
"Mgrn1",0.468676459285778,-0.465425709237743,0.222,0.276,1
"Trip11",0.469217704981993,0.294106043663147,0.286,0.207,1
"Pde1a",0.469535308488042,-0.374603613080247,0.095,0.138,1
"Washc2",0.469535308488042,-0.299464741529282,0.095,0.138,1
"Erc2",0.469535308488042,-0.675431010701574,0.095,0.138,1
"Atf1",0.469535308488042,-0.385300728179983,0.095,0.138,1
"Spast",0.469535308488042,-0.736887566226414,0.095,0.138,1
"Thoc2l",0.470255773039096,0.312742031363272,0.238,0.172,1
"Rprd1a",0.470255773039096,0.312355241663941,0.238,0.172,1
"Rassf8",0.470605520880837,0.439162783360777,0.159,0.103,1
"Nkx6-2",0.470605520880837,0.329495203621401,0.159,0.103,1
"Mapk8",0.470605520880837,0.297547958773942,0.159,0.103,1
"8030462N17Rik",0.470605520880837,0.378064308500277,0.159,0.103,1
"Dock11",0.470605520880837,0.421340432839129,0.159,0.103,1
"Arhgap5",0.470682073016859,-0.252064933635882,0.587,0.621,1
"Ube2e3",0.471503081993032,0.308287333722662,0.206,0.138,1
"Eri3",0.471503081993032,0.289772119318898,0.206,0.138,1
"Sdcbp",0.47223241484829,0.318711948242636,0.19,0.138,1
"Snx3",0.47223241484829,0.472771865824617,0.19,0.138,1
"Sox8",0.47223241484829,-0.333242663061288,0.159,0.207,1
"Tspan5",0.472509187304818,0.416532159502562,0.27,0.207,1
"Asph",0.472509187304818,-0.347805714514085,0.222,0.31,1
"Usp21",0.475892309577689,-0.278873697766618,0.063,0.103,1
"Exosc2",0.475892309577689,-0.409843732820193,0.063,0.103,1
"Gm43362",0.475892309577689,-0.727547444647398,0.063,0.103,1
"Atg7",0.475892309577689,-0.265968555196798,0.063,0.103,1
"Ldha",0.475892309577689,-0.478396100893782,0.063,0.103,1
"Ing2",0.475892309577689,-0.329840877712347,0.063,0.103,1
"Vwa5a",0.475892309577689,-0.439668957122168,0.063,0.103,1
"Wdr61",0.475892309577689,-0.438447483306693,0.063,0.103,1
"Qrich1",0.475892309577689,-0.485283699484701,0.063,0.103,1
"Senp5",0.475892309577689,-0.341026476695479,0.063,0.103,1
"Msh2",0.475892309577689,-0.275584713350585,0.063,0.103,1
"Pcm1",0.477546228648019,0.344997655485001,0.317,0.241,1
"Rpl3",0.478419674157277,0.395711250385289,0.365,0.276,1
"Rnf111",0.478459961997683,0.25416773671421,0.254,0.172,1
"Selenok",0.478967406146572,0.306178014323726,0.286,0.241,1
"Gtf2f2",0.479142823205068,-0.25941602692299,0.095,0.138,1
"Lacc1",0.479142823205068,-0.431781006106237,0.095,0.138,1
"Ankrd46",0.479142823205068,-0.436353601054835,0.095,0.138,1
"Asxl3",0.479142823205068,-0.48446041193317,0.095,0.138,1
"Mbd2",0.479142823205068,-0.347392892035483,0.095,0.138,1
"Kif5c",0.479181709942169,0.287595320203745,0.159,0.103,1
"Stk4",0.479181709942169,0.298194817971434,0.159,0.103,1
"Selenos",0.479181709942169,-0.378281137721804,0.127,0.172,1
"Nalf1",0.479181709942169,-0.560327969269378,0.127,0.172,1
"Lpxn",0.479181709942169,-0.269703701469455,0.127,0.172,1
"Klf9",0.479181709942169,0.271764171885838,0.159,0.103,1
"Dcakd",0.480108244317593,-0.336317523943867,0.159,0.207,1
"Sbf1",0.482576305785626,-0.534693121801724,0.222,0.276,1
"Chmp3",0.483288360753882,0.420542825620358,0.111,0.069,1
"Pde4dip",0.483372015871572,-0.520715536750058,0.19,0.241,1
"Ltc4s",0.483372015871572,-0.36125248350951,0.19,0.241,1
"Armh3",0.48469540400385,0.287903268134923,0.238,0.172,1
"Fbxl5",0.484965767708723,-0.419867203744189,0.27,0.31,1
"Apbb2",0.486242386708815,0.382753420286323,0.27,0.207,1
"Wdr91",0.487270085146747,-0.279571091264917,0.063,0.103,1
"Gm38365",0.487278023673978,-0.317203844313629,0.063,0.103,1
"Adipor1",0.487278023673978,-0.290736392086736,0.063,0.103,1
"Lbr",0.487278023673978,-0.326254492401428,0.063,0.103,1
"Eng",0.487278023673978,-0.255680866986471,0.063,0.103,1
"Tprgl",0.487278023673978,-0.313423687063602,0.063,0.103,1
"Mxd4",0.487278023673978,-0.252646197727542,0.063,0.103,1
"Clstn3",0.487278023673978,-0.267234747112419,0.063,0.103,1
"Hyal1",0.487278023673978,-0.402196521167441,0.063,0.103,1
"Ddx21",0.487278023673978,-0.304607311629516,0.063,0.103,1
"Srr",0.487278023673978,-0.363567113572422,0.063,0.103,1
"Ttc9",0.487278023673978,-0.445553806279225,0.063,0.103,1
"Fzd3",0.487278023673978,-0.313396122479707,0.063,0.103,1
"Abcc1",0.487278023673978,-0.321220231591054,0.063,0.103,1
"Tmem178",0.487278023673978,-0.273620068054053,0.063,0.103,1
"Arap3",0.487278023673978,-0.277030886134101,0.063,0.103,1
"Gm41764",0.487278023673978,-0.55073816398575,0.063,0.103,1
"Ide",0.487278023673978,-0.259325219345409,0.063,0.103,1
"Pdcd11",0.487278023673978,-0.265149291234269,0.063,0.103,1
"Hsp90aa1",0.487319719750243,0.266089456405004,0.556,0.448,1
"Usp48",0.487842514561496,-0.304258262627434,0.127,0.172,1
"Myrf",0.488055148844498,-0.293694700242379,0.159,0.207,1
"Pcf11",0.488856668784698,-0.379311685057508,0.095,0.138,1
"Ilf3",0.488856668784698,-0.330601086300341,0.095,0.138,1
"Hcn2",0.488856668784698,-0.589654876405319,0.095,0.138,1
"Atox1",0.488856668784698,-0.296626627008415,0.095,0.138,1
"Ergic1",0.488856668784698,-0.275825014216985,0.095,0.138,1
"Ndufaf7",0.488856668784698,-0.296734548517667,0.095,0.138,1
"Ephb1",0.489267564229489,0.266173387750777,0.46,0.345,1
"Rims1",0.49065751337652,-0.287902192273352,0.111,0.172,1
"Lpgat1",0.490899357109498,-0.268761015157826,0.317,0.379,1
"Tpi1",0.492391012321443,0.317850161704014,0.286,0.241,1
"Mtmr3",0.492391012321443,-0.287347273615639,0.254,0.31,1
"Gm26740",0.49352024060909,0.494003313610165,0.111,0.069,1
"Ublcp1",0.49352024060909,0.401032124881686,0.111,0.069,1
"Immp2l",0.49438664669695,0.311202836217641,0.333,0.276,1
"Hras",0.494734422571768,0.290000112760774,0.206,0.138,1
"Gm36855",0.494738050840153,-0.649936272477224,0.175,0.207,1
"Actn4",0.496072471945755,-0.280715090417923,0.159,0.207,1
"Nedd4l",0.496072471945755,0.313612433797171,0.19,0.138,1
"C1qtnf4",0.496697181824335,0.489731129533708,0.254,0.207,1
"Psma3",0.496697181824335,-0.255682863110515,0.222,0.276,1
"Park7",0.498675646494465,-0.289189547260875,0.095,0.138,1
"Rbks",0.498675646494465,-0.358109562663319,0.095,0.138,1
"Sec31a",0.498675646494465,-0.324708486888689,0.095,0.138,1
"Galnt2",0.498675646494465,-0.292007640355766,0.095,0.138,1
"Sidt2",0.498675646494465,-0.340709794290298,0.095,0.138,1
"Cnot10",0.498675646494465,-0.296307418319635,0.095,0.138,1
"Tafazzin",0.498675646494465,-0.269998881976298,0.095,0.138,1
"Osbpl2",0.498809233481192,-0.251210345419495,0.063,0.103,1
"Dhdds",0.498809233481192,-0.2586677423277,0.063,0.103,1
"Sbds",0.498809233481192,-0.305949228219593,0.063,0.103,1
"Lactb",0.498809233481192,-0.320415373047474,0.063,0.103,1
"Traf6",0.499371966782176,0.335296966062782,0.238,0.172,1
"Mafb",0.499371966782176,0.316133093462905,0.238,0.172,1
"Tecr",0.499887649778222,0.459415883324205,0.381,0.345,1
"Gm2629",0.501984247227786,-0.271195026243585,0.46,0.517,1
"Capza2",0.503839352533406,-0.287201705535652,0.222,0.276,1
"Taf3",0.503866975362299,0.280566608805856,0.111,0.069,1
"Eno1",0.503866975362299,0.291739365479149,0.111,0.069,1
"Hdac2",0.503866975362299,0.261605139188039,0.111,0.069,1
"Tbca",0.503866975362299,0.324079533475219,0.111,0.069,1
"B4galt4",0.503866975362299,0.361235780899343,0.111,0.069,1
"Map3k4",0.503866975362299,0.376130079826857,0.111,0.069,1
"Hcfc1r1",0.503866975362299,0.366675446869255,0.111,0.069,1
"Stk39",0.504159528423984,-0.28084897374515,0.159,0.207,1
"Sipa1l1",0.504159528423984,0.257652189325981,0.19,0.138,1
"9930021J03Rik",0.504159528423984,-0.503241877415291,0.159,0.207,1
"Ppp1r7",0.505414534944475,0.365300927066517,0.159,0.103,1
"Ubxn4",0.505414534944475,0.466985367882365,0.159,0.103,1
"Cct7",0.505414534944475,0.284164496760167,0.159,0.103,1
"Rxylt1",0.505414534944475,-0.363094549937328,0.127,0.172,1
"Dcp1a",0.505414534944475,-0.279731079254401,0.127,0.172,1
"Larp4",0.505414534944475,-0.326607356890208,0.127,0.172,1
"Stx6",0.50859849349511,-0.346217810362632,0.095,0.138,1
"Zfp800",0.50859849349511,-0.267666222295633,0.095,0.138,1
"Tpk1",0.50859849349511,-0.387112644346555,0.095,0.138,1
"Junb",0.50859849349511,-0.438910059453539,0.095,0.138,1
"Bfsp2",0.50859849349511,-0.302711228984357,0.095,0.138,1
"Zfp365",0.50859849349511,-0.265285450214353,0.095,0.138,1
"Gm12324",0.50859849349511,-0.258403513937857,0.095,0.138,1
"3830406C13Rik",0.50859849349511,-0.328471972014584,0.095,0.138,1
"Tomm70a",0.50859849349511,-0.292732522096249,0.095,0.138,1
"A230009B12Rik",0.50859849349511,-0.642430265807258,0.095,0.138,1
"Eed",0.510483896477097,-0.350206494135499,0.063,0.103,1
"Alas1",0.510483896477097,-0.279298550293081,0.063,0.103,1
"Tcf3",0.510483896477097,-0.261967205610567,0.063,0.103,1
"Atf7ip",0.510518818467709,0.273266646919653,0.317,0.241,1
"Snx6",0.510561548209539,0.285350751188437,0.206,0.138,1
"Uri1",0.512315604449756,-0.331903744537372,0.159,0.207,1
"Cmtm7",0.512315604449756,0.328072139308097,0.19,0.138,1
"Atp13a3",0.512315604449756,-0.253747761180483,0.159,0.207,1
"Pnisr",0.513849103052849,0.274820578687665,0.54,0.448,1
"Rnf11",0.51432393153667,-0.380810446084792,0.127,0.172,1
"Cnih4",0.514327073851921,0.449260675973928,0.111,0.069,1
"Qser1",0.514327073851921,0.255831312062556,0.111,0.069,1
"Naa20",0.514327073851921,0.39784228865958,0.111,0.069,1
"Cdk5",0.514327073851921,0.306847910537431,0.111,0.069,1
"Galc",0.514327073851921,0.257546659997314,0.111,0.069,1
"Vav1",0.514327073851921,0.318887060077898,0.111,0.069,1
"Eps15",0.514645131737053,0.291420411758529,0.254,0.172,1
"Fez1",0.517253314924385,0.282308431110651,0.317,0.241,1
"Myef2",0.518623883075861,-0.281797073821343,0.095,0.138,1
"Rasgef1a",0.518623883075861,-0.290710632032538,0.095,0.138,1
"Memo1",0.518623883075861,-0.28420282813792,0.095,0.138,1
"Fmnl3",0.518643607903417,-0.377662941094551,0.27,0.31,1
"Abl1",0.5198322944754,0.515406676850378,0.286,0.241,1
"Serf2",0.521203058248891,-0.255152159152782,0.19,0.241,1
"Bc1",0.521203058248891,0.279330243571247,0.222,0.172,1
"Nlgn3",0.522299848278599,-0.251825263168593,0.063,0.103,1
"Jph1",0.523314305630811,-0.25365724591741,0.127,0.172,1
"Pde1c",0.523314305630811,-0.40129937647357,0.127,0.172,1
"Rab39",0.523314305630811,0.290758119355612,0.159,0.103,1
"Zbtb37",0.524898967997316,0.349818492609316,0.111,0.069,1
"Aimp1",0.524898967997316,0.364240042297086,0.111,0.069,1
"Atp6v0e2",0.524898967997316,0.263645184350241,0.111,0.069,1
"Cntn3",0.524898967997316,0.383423496748007,0.111,0.069,1
"Abhd8",0.524898967997316,0.343848674587523,0.111,0.069,1
"Cldnd1",0.524898967997316,0.293616540901847,0.111,0.069,1
"Rps18",0.525586841346918,0.294022663240761,0.254,0.207,1
"Usp40",0.528831817293914,-0.299618540624853,0.159,0.207,1
"Lrrfip2",0.528831817293914,0.28007158997695,0.19,0.138,1
"Setd3",0.528831817293914,-0.293838156430627,0.159,0.207,1
"Map4k3",0.528831817293914,-0.336101416596851,0.159,0.207,1
"Skil",0.528944940296406,-0.350121022666933,0.19,0.241,1
"Vamp2",0.528948112655711,0.276544283388184,0.222,0.172,1
"Mta3",0.528948112655711,0.300532858160157,0.222,0.172,1
"Sorcs1",0.5304108490104,-0.321150763394332,0.444,0.448,1
"Pkd2",0.532384646937059,-0.276751062894891,0.127,0.172,1
"Arhgap25",0.532384646937059,0.307916443962149,0.159,0.103,1
"Ccp110",0.53340990041915,-0.345565344337001,0.333,0.379,1
"Zfand6",0.533838865323528,-0.476017519251195,0.302,0.345,1
"Mtss1",0.533840359409897,-0.311870823540855,0.254,0.31,1
"Ndufab1",0.534254803329043,-0.362119156388938,0.063,0.103,1
"Pam",0.534783645697611,-0.400308499045684,0.175,0.207,1
"Rpl7",0.53558101322326,0.355976224932754,0.111,0.069,1
"Gabrb1",0.53558101322326,0.335914588033044,0.111,0.069,1
"Agk",0.53558101322326,0.388801817642814,0.111,0.069,1
"Hdgfl2",0.53558101322326,0.29672048055296,0.111,0.069,1
"Tnfaip8",0.53558101322326,0.408951593462227,0.111,0.069,1
"Pum2",0.53596160023131,-0.314307071595797,0.238,0.276,1
"Nme7",0.537190384303124,0.366330634846953,0.19,0.138,1
"Rnf38",0.537190384303124,-0.329198771631309,0.159,0.207,1
"Clcn2",0.53897666564129,-0.254672406212231,0.095,0.138,1
"Srcin1",0.53941948960899,0.34754191336107,0.302,0.241,1
"Btrc",0.53941948960899,-0.278319780711187,0.27,0.31,1
"Ubash3b",0.540273686778105,0.331645148083664,0.508,0.414,1
"Snrnp70",0.540580609055359,0.250347409417875,0.556,0.483,1
"Nudcd3",0.540916547605525,-0.364544539719563,0.254,0.31,1
"Ptpn4",0.541533905256456,-0.256159681340157,0.127,0.172,1
"Glp2r",0.542984588206063,-0.252261039239086,0.175,0.207,1
"Cox6a1",0.543267740771797,0.265253481377688,0.27,0.207,1
"Smg6",0.543267740771797,0.2593190892252,0.27,0.207,1
"Sox2ot",0.543342546536423,0.279950201542691,0.73,0.69,1
"Plekha5",0.544611984820145,-0.364924061221624,0.19,0.241,1
"Slf2",0.544611984820145,0.360359636008437,0.222,0.172,1
"Ski",0.544779613530148,0.278702987061613,0.238,0.172,1
"Naa35",0.544779613530148,-0.28042838626323,0.206,0.241,1
"Zfp462",0.546371488970691,0.304921495807011,0.111,0.069,1
"Slc10a7",0.546371488970691,0.286324765843003,0.111,0.069,1
"Arl2",0.546371488970691,0.259508182176991,0.111,0.069,1
"Pi4kb",0.546438512987039,0.301857379884133,0.143,0.103,1
"Ckmt1",0.549301088870679,-0.287019864603664,0.095,0.138,1
"Eif2b3",0.549301088870679,-0.317620134164442,0.095,0.138,1
"Cc2d2a",0.549301088870679,-0.251519673241411,0.095,0.138,1
"Scmh1",0.550623132291426,0.314846283373907,0.27,0.207,1
"Pabpc1",0.55076099073894,0.265589104303473,0.159,0.103,1
"Tbl1xr1",0.553493776806205,-0.427985437641992,0.27,0.31,1
"B2m",0.556031784000082,0.338913525697006,0.143,0.103,1
"Odf2",0.556578802332925,0.382812594712432,0.175,0.138,1
"Klhdc2",0.55726859929395,0.261976223885464,0.111,0.069,1
"Pin4",0.55726859929395,0.273871191325573,0.111,0.069,1
"E130307A14Rik",0.558027202307709,0.269513974808685,0.27,0.207,1
"Pard3",0.559714398420214,-0.253301311616059,0.333,0.379,1
"Eya3",0.560064774174289,-0.26576067241579,0.127,0.172,1
"Nfx1",0.560358676014443,-0.561435414850498,0.206,0.241,1
"Mapk1",0.561872945377413,0.279052038520436,0.349,0.276,1
"Stx7",0.562424851712287,0.267894649636558,0.286,0.241,1
"Tet1",0.563126934160176,-0.33700049510585,0.143,0.172,1
"Ndufs2",0.565706500712861,0.395503736034863,0.143,0.103,1
"Plod1",0.565706500712861,0.315202226519439,0.143,0.103,1
"Jun",0.568270473544633,0.270445659733432,0.111,0.069,1
"Ttll7",0.5721242588244,0.283734105340047,0.619,0.552,1
"Etnk1",0.574251981197849,0.337605196049674,0.175,0.138,1
"Ube3a",0.57610010911464,0.319031826597972,0.349,0.31,1
"Wwp2",0.576401767018717,-0.342449310431125,0.175,0.207,1
"Hmgn1",0.578893736127068,-0.316888773906566,0.127,0.172,1
"Large1",0.580695848733223,0.257187659668289,0.444,0.414,1
"Mettl9",0.581085271660835,-0.288675508062756,0.111,0.138,1
"Scaf4",0.581421161131404,-0.449887308764285,0.143,0.172,1
"Mctp1",0.581799234870551,0.315633591346709,0.333,0.276,1
"Ktn1",0.582097647345654,0.269547798209207,0.492,0.379,1
"Npepps",0.58217592926435,-0.321809603458656,0.27,0.31,1
"Uqcr10",0.583187097121354,0.474352453127032,0.175,0.138,1
"Pafah1b1",0.584205237916729,0.291410274067541,0.492,0.414,1
"Cnot1",0.584905168297492,-0.374558069467758,0.175,0.207,1
"Pi4ka",0.585294946511109,0.335093998856228,0.143,0.103,1
"Nrd1",0.587036223522932,0.310178080744393,0.302,0.276,1
"Tpd52",0.590671324827819,-0.459857100723627,0.143,0.172,1
"Sec24a",0.590671324827819,-0.32284011524404,0.143,0.172,1
"Sncaip",0.590671324827819,-0.401512593565701,0.143,0.172,1
"Atg3",0.591345912597268,-0.494599351060351,0.111,0.138,1
"Ybx1",0.593398125782715,0.325769811335238,0.206,0.172,1
"Lpcat2",0.594295236003077,-0.285264795371662,0.413,0.448,1
"Mff",0.595205903444818,0.250580282266121,0.143,0.103,1
"Jak1",0.595205903444818,0.306467610334764,0.143,0.103,1
"Pomp",0.595205903444818,0.284874497691483,0.143,0.103,1
"Cryab",0.595625601618539,0.339145514792963,0.413,0.379,1
"Ppfia2",0.598022944688785,-0.292325114656917,0.127,0.172,1
"Olfml1",0.599988631157659,-0.548232068409193,0.143,0.172,1
"Rims2",0.599988631157659,-0.28785712398495,0.143,0.172,1
"Ubap2l",0.600224323744068,-0.393025864395472,0.206,0.241,1
"Ythdc1",0.601249107710121,0.251134141089116,0.175,0.138,1
"Lzts2",0.601689037388394,-0.428360954250425,0.111,0.138,1
"Mtmr1",0.601689037388394,-0.330520189003798,0.111,0.138,1
"Psmb1",0.60182093936624,0.297739375866211,0.206,0.172,1
"Kansl1",0.602039443583779,-0.326654363727498,0.587,0.621,1
"Gm15478",0.602084610880098,-0.275239057518197,0.175,0.207,1
"Map3k3",0.602084610880098,-0.477026626927809,0.175,0.207,1
"Cab39",0.603439846083433,-0.309078514623617,0.238,0.276,1
"Arpp21",0.604135166681966,0.373979349866007,0.302,0.241,1
"Sclt1",0.605192762787888,0.289674087741901,0.143,0.103,1
"Dop1a",0.608348858024241,0.274057244935357,0.238,0.172,1
"Sesn1",0.609227767756927,0.260037662162348,0.254,0.207,1
"Dlgap4",0.609371870760293,-0.469238564144314,0.143,0.172,1
"Ppp2ca",0.611167330917363,-0.286450911647027,0.238,0.276,1
"Rgs7",0.612112990472601,-0.318418885893465,0.111,0.138,1
"Mapre3",0.612112990472601,-0.447873871017562,0.111,0.138,1
"Commd3",0.615254031025371,0.305980704195397,0.143,0.103,1
"Rnf13",0.615915028444689,-0.457704758472885,0.444,0.517,1
"Pid1",0.617242427926415,0.356108163914106,0.317,0.31,1
"Prickle1",0.617525568320443,-0.303815367184554,0.317,0.345,1
"Siglech",0.618055159244622,0.308502571403316,0.508,0.483,1
"Hbp1",0.618819801792417,-0.315266857421591,0.143,0.172,1
"Cd9",0.620459608095478,-0.315401525337021,0.254,0.276,1
"Ppip5k2",0.622616067260244,-0.350909845398731,0.111,0.138,1
"Rpl24",0.622616067260244,0.322867388531893,0.127,0.103,1
"Hck",0.62621668872076,0.265184899674917,0.222,0.172,1
"Rmdn1",0.628270999956029,-0.354603306127919,0.175,0.207,1
"Btbd9",0.628270999956029,-0.294872407031522,0.175,0.207,1
"Snw1",0.628331150377042,-0.379298708348575,0.143,0.172,1
"Parn",0.628331150377042,-0.385351442086181,0.143,0.172,1
"Marf1",0.628331150377042,-0.405359712769735,0.143,0.172,1
"Nr2c2",0.628804865763476,0.323951106360733,0.175,0.138,1
"Cd2ap",0.629306664614737,-0.340418977017793,0.27,0.276,1
"ENSMUSG00000121277",0.630185405247969,-0.284602369467758,0.079,0.103,1
"Rint1",0.630185405247969,-0.312393078423952,0.079,0.103,1
"Scaf1",0.630185405247969,-0.414221546296944,0.079,0.103,1
"Pfkfb4",0.630185405247969,-0.359142131985546,0.079,0.103,1
"Ccdc66",0.630185405247969,-0.331137808200626,0.079,0.103,1
"Cmtm5",0.631716021847967,-0.380640718371848,0.19,0.207,1
"Dapp1",0.633025940061104,0.288354244599042,0.254,0.207,1
"Usp45",0.633196514897598,-0.284624740880413,0.111,0.138,1
"Wdr17",0.633196514897598,0.569416582468794,0.127,0.103,1
"Fam222b",0.633196514897598,-0.273460852497485,0.111,0.138,1
"Naa16",0.633196514897598,-0.320168615744773,0.111,0.138,1
"Glyr1",0.633196514897598,0.427110676765446,0.127,0.103,1
"Myo1e",0.634608193978306,-0.301844480609539,0.238,0.276,1
"Stx16",0.635053277928127,-0.336268842318425,0.302,0.31,1
"Errfi1",0.635593611146486,0.27339248869173,0.143,0.103,1
"Ttc9b",0.638108860637652,0.298605584298914,0.175,0.138,1
"Atp8b1",0.638108860637652,0.299478637269926,0.175,0.138,1
"Cdc5l",0.642448451505558,-0.30340425175265,0.079,0.103,1
"Ano3",0.642453816631763,-0.496536647582915,0.079,0.103,1
"Spata5",0.642453816631763,-0.450685349998222,0.079,0.103,1
"Usp46",0.642453816631763,-0.279857421177459,0.079,0.103,1
"Mief1",0.642453816631763,-0.413754702736159,0.079,0.103,1
"Zfp91",0.642453816631763,-0.276775554536365,0.079,0.103,1
"Api5",0.643852533079698,-0.269262592336953,0.111,0.138,1
"Gm11659",0.643852533079698,-0.27292797117439,0.111,0.138,1
"Psmb2",0.644718842856614,0.362820618946581,0.206,0.172,1
"Evi5",0.649684242014611,-0.272335772634044,0.206,0.241,1
"Uvrag",0.652333548056657,-0.332040430858241,0.27,0.276,1
"Rbm25",0.652337155337131,-0.267992008442747,0.349,0.379,1
"Wasf2",0.652935841309973,0.446878285094286,0.286,0.276,1
"Trpm7",0.653336707925423,-0.279680403312422,0.317,0.241,1
"Slc12a6",0.654582274911536,-0.265118836651877,0.111,0.138,1
"Golga7",0.654582274911536,-0.307824041060136,0.111,0.138,1
"Zkscan1",0.654820559151617,-0.374954337948405,0.079,0.103,1
"Chsy1",0.654820559151617,-0.351171289641058,0.079,0.103,1
"Man2a2",0.654820559151617,-0.558656223793529,0.079,0.103,1
"Sppl2b",0.654820559151617,-0.293106708684916,0.079,0.103,1
"Pdlim2",0.654820559151617,-0.260105251861973,0.079,0.103,1
"Etv5",0.654820559151617,-0.342069075774746,0.079,0.103,1
"Rev1",0.654933802679264,-0.293787213350572,0.175,0.207,1
"Rabac1",0.654933802679264,-0.255839667304444,0.175,0.207,1
"Mtus1",0.655708096160595,-0.285528157720353,0.222,0.241,1
"Rnf180",0.655708096160595,-0.251364562690303,0.222,0.241,1
"Tspan3",0.657232492335039,-0.269919168114622,0.143,0.172,1
"Ulk2",0.663935596108422,-0.342814229401661,0.381,0.414,1
"Elp4",0.663987409052118,-0.274676983997417,0.222,0.241,1
"Mtpn",0.665383847816986,-0.350406342643082,0.111,0.138,1
"Ttc1",0.665383847816986,0.250766022918447,0.127,0.103,1
"Zfp36l1",0.665383847816986,0.37490600898402,0.127,0.103,1
"Txn2",0.665383847816986,0.278871406831038,0.127,0.103,1
"Selenof",0.666359897727323,-0.39826084901641,0.159,0.172,1
"Ptpn18",0.667282735718613,-0.280335833457929,0.079,0.103,1
"Insig2",0.667282735718613,-0.284630455515446,0.079,0.103,1
"Slx4ip",0.667282735718613,-0.325835748342202,0.079,0.103,1
"Msantd2",0.667282735718613,-0.494367723962343,0.079,0.103,1
"Soga1",0.66770385170515,-0.314940446468147,0.333,0.345,1
"Dnmt3a",0.667872797775261,0.275171475497669,0.286,0.241,1
"Sfmbt1",0.671881286869351,0.352275246739542,0.159,0.138,1
"Evl",0.67547895115279,-0.36942075141594,0.19,0.207,1
"Timp2",0.676792390607713,-0.369908053236489,0.143,0.172,1
"Capn7",0.676792390607713,-0.257080794347334,0.143,0.172,1
"Epb41",0.679837370244063,-0.343203488909261,0.079,0.103,1
"Smim19",0.679837370244063,-0.273466778669158,0.079,0.103,1
"Rmnd1",0.679837370244063,-0.25728774703326,0.079,0.103,1
"Slc35f1",0.679837370244063,-0.258119565432955,0.079,0.103,1
"Stk24",0.679837370244063,-0.407166026837499,0.079,0.103,1
"Ctps2",0.679837370244063,-0.285097030983173,0.079,0.103,1
"A230001M10Rik",0.680819980417958,-0.559253102974032,0.349,0.379,1
"Rab3a",0.680821558618866,-0.258697276198304,0.365,0.345,1
"St7l",0.681717277289067,0.330278776387083,0.159,0.138,1
"Gpr183",0.682044061303054,0.263278070524187,0.19,0.172,1
"Mllt10",0.685793675905088,0.319011367490659,0.429,0.379,1
"Aplp2",0.686001857298553,-0.256292486708454,0.381,0.379,1
"Znrf2",0.687194693920923,0.350708800078518,0.127,0.103,1
"Rbx1",0.687194693920923,0.368773403658596,0.127,0.103,1
"Dync2h1",0.687632269018829,-0.256547992789252,0.143,0.103,1
"Tpm3",0.691174991766226,0.441160308065652,0.19,0.172,1
"Cfl2",0.691447407641956,-0.379056594766696,0.27,0.276,1
"Hsbp1",0.691607659519006,0.400366665530555,0.159,0.138,1
"Srsf4",0.692481409690999,-0.307830669658842,0.079,0.103,1
"Micu3",0.693306854549762,-0.38456687075315,0.19,0.207,1
"Rab11fip3",0.695092345289759,-0.415184478176016,0.159,0.172,1
"Psma5",0.698199962396284,0.341570973943386,0.127,0.103,1
"Car10",0.698199962396284,0.258433193741894,0.127,0.103,1
"Ap3s1",0.698199962396284,-0.256263347801535,0.111,0.138,1
"Myo1d",0.703470187490931,-0.252828868838677,0.444,0.483,1
"Rap1a",0.703495900910034,-0.268882505966472,0.349,0.345,1
"Sec11c",0.706466622028229,0.262202755494971,0.317,0.276,1
"Ccm2",0.706541934917932,-0.398368214983519,0.143,0.172,1
"Fyco1",0.709269054639247,0.289646269845562,0.127,0.103,1
"Vps13b",0.710304805847567,-0.337422118274371,0.302,0.31,1
"Tgfb1",0.71449674361137,-0.301393509187291,0.159,0.172,1
"Smarcb1",0.71449674361137,-0.400269070325349,0.159,0.172,1
"Stmn4",0.715081265133581,-0.54285757344415,0.286,0.276,1
"Dgkd",0.715839368150106,0.364791012619773,0.381,0.345,1
"Gpr137c",0.718025119512385,-0.264683794195016,0.079,0.103,1
"Stxbp5l",0.718025119512385,-0.325945706394522,0.079,0.103,1
"Ino80",0.720367345138912,-0.437435772014369,0.19,0.207,1
"Cenpc1",0.72039986492171,-0.262572386335784,0.111,0.138,1
"Rfx3",0.722433480570848,0.257344652043316,0.222,0.207,1
"Mtmr2",0.72663047348393,-0.394122331061152,0.143,0.172,1
"9330159F19Rik",0.728138060731377,0.300046014245014,0.19,0.172,1
"Snx30",0.72946793529126,-0.380850148681852,0.19,0.207,1
"Crppa",0.730371263622857,-0.286430922833899,0.143,0.103,1
"Gm16337",0.731629393420595,-0.325814683465105,0.222,0.241,1
"Ccz1",0.734087508506338,-0.2573573053814,0.159,0.172,1
"Serinc5",0.734087508506338,-0.262845661587357,0.159,0.172,1
"Appl2",0.739416994938698,-0.431915248244124,0.222,0.172,1
"2610035D17Rik",0.739490070112022,0.256840906406001,0.27,0.276,1
"Micu2",0.741822108728986,0.398640385844757,0.159,0.138,1
"Kdm4c",0.743949132868545,-0.25452077340861,0.159,0.172,1
"Ddx31",0.746625396067533,-0.335979138396668,0.127,0.138,1
"Cep78",0.746625396067533,-0.483455979077658,0.127,0.138,1
"Jarid2",0.748162548571056,-0.257319016698423,0.254,0.276,1
"Csnk1g3",0.753088240388518,-0.330753446293888,0.238,0.241,1
"Phactr2",0.757524963458105,-0.48938965284545,0.127,0.138,1
"Dnaja2",0.760564290541126,0.291412225847688,0.27,0.241,1
"Mgat4a",0.762991243868995,-0.412557394851416,0.286,0.276,1
"Kif1b",0.763291251607193,0.256981114080726,0.635,0.655,1
"Scn1b",0.766241020402764,-0.307619641320276,0.19,0.207,1
"Add3",0.766290132304486,0.323527654528343,0.238,0.207,1
"Coro1c",0.768472958260688,-0.395919999204793,0.127,0.138,1
"Efcab14",0.773780955960866,-0.504079726681806,0.159,0.172,1
"Ralyl",0.775200985831782,-0.422152506926494,0.317,0.31,1
"Atg16l2",0.775520905323184,-0.314821760390899,0.19,0.207,1
"A630001G21Rik",0.783802089713702,-0.317587112711465,0.159,0.172,1
"Tln2",0.793823687769148,-0.268729368127073,0.206,0.207,1
"Akap10",0.793859209655631,-0.325021711701697,0.159,0.172,1
"Irak2",0.794175909699186,-0.391756262631157,0.19,0.207,1
"Cpm",0.794211310143558,-0.621881301110456,0.095,0.103,1
"AW554918",0.794321905761567,0.305016833194167,0.19,0.172,1
"Rbm6",0.796990182016508,0.260840462273984,0.381,0.345,1
"Erp29",0.801425103688551,-0.320768291535296,0.222,0.241,1
"Psma4",0.80347281227144,0.426209203254171,0.111,0.103,1
"Gab2",0.805323859602657,-0.296591806570936,0.556,0.552,1
"Tpd52l2",0.806810245202557,-0.430484816247972,0.095,0.103,1
"Zfp141",0.806810245202557,-0.408669444217595,0.095,0.103,1
"Nek1",0.806810245202557,-0.342753479715838,0.095,0.103,1
"Ypel2",0.811824228290164,0.26107535428676,0.508,0.483,1
"Gm33989",0.812199386333669,-0.544187401514476,0.206,0.207,1
"Btf3",0.812707759532762,-0.294197952965683,0.127,0.138,1
"Plaat3",0.812707759532762,-0.317348017371584,0.127,0.138,1
"A330049N07Rik",0.81646092935014,-0.516158819485448,0.254,0.241,1
"Tmem243",0.816518814924041,-0.260748889278683,0.333,0.31,1
"Msn",0.832155925490811,-0.251036589670055,0.095,0.103,1
"Gm15614",0.83489941276612,0.252005740976569,0.159,0.138,1
"Nek7",0.844577806204248,-0.273636194993048,0.333,0.241,1
"Slc24a3",0.844577806204248,-0.272182784563724,0.302,0.31,1
"Sox4",0.844896286115935,-0.375409126111547,0.095,0.103,1
"Rgs10",0.846895389864043,0.270560296093204,0.27,0.276,1
"Nrxn3",0.85086991954336,0.325036643214197,0.286,0.31,1
"Spcs2",0.852274069982875,0.266091061329696,0.19,0.172,1
"Gak",0.857548507373123,-0.255929808359469,0.127,0.138,1
"Kdm2a",0.861406106005417,-0.371174448111249,0.286,0.276,1
"Ift20",0.864154625923675,0.288954308184374,0.111,0.103,1
"Hdac9",0.870319678697722,0.284036034555849,0.27,0.241,1
"C730002L08Rik",0.870495824402586,-0.300666015898292,0.095,0.103,1
"Med13",0.877031945786638,-0.326550711616367,0.254,0.241,1
"Sema6a",0.878407365649056,-0.346886331988597,0.317,0.31,1
"Ptpn11",0.878653451075684,-0.306315550579921,0.175,0.172,1
"Chd6",0.885752780790459,-0.416106678819445,0.254,0.241,1
"Slc4a7",0.888674975399464,0.291024528269902,0.111,0.103,1
"Jak2",0.889096523301721,-0.257672640440782,0.286,0.241,1
"Hdac7",0.893227296571998,-0.38036383544574,0.127,0.103,1
"Gatad2b",0.894487475395985,-0.29846615105521,0.254,0.241,1
"Plekhb2",0.896231791648043,-0.304227166418186,0.095,0.103,1
"Rnf150",0.896231791648043,-0.30402446360105,0.095,0.103,1
"Rc3h2",0.898758079922081,-0.268315817036104,0.175,0.172,1
"Luzp2",0.898758079922081,0.429139093325688,0.175,0.172,1
"Dis3l2",0.902673425786937,-0.351804400038869,0.222,0.207,1
"Appl1",0.908835643662733,0.263986084040275,0.175,0.172,1
"Trem2",0.908835643662733,-0.527729475014646,0.175,0.172,1
"Ppp2r1a",0.919670013962038,-0.271291087280119,0.159,0.138,1
"Prkcb",0.920132762859808,0.313271747349164,0.381,0.414,1
"Rpl8",0.928403399009526,-0.310221216888108,0.349,0.31,1
"Ifngr1",0.939150024426336,-0.321747214253823,0.175,0.172,1
"Ppp4r3b",0.94469157359545,-0.284597162057128,0.143,0.138,1
"Eif4g2",0.947127781079713,-0.319898361583759,0.254,0.241,1
"Kidins220",0.94793436521725,-0.259506953852274,0.27,0.241,1
"Dpy19l4",0.950505467866463,-0.317451223599028,0.19,0.172,1
"4930444A19Rik",0.950729657031244,-0.524347580473614,0.254,0.207,1
"Chmp2a",0.955740486677981,-0.309607954955452,0.143,0.138,1
"Dars",0.962783936234164,-0.290310103097082,0.111,0.103,1
"Supt6",0.97029107771899,-0.284883601194533,0.19,0.172,1
"ENSMUSG00000120941",0.975184289740257,-0.251229472576578,0.111,0.103,1
"Anp32a",0.979153446269409,0.252071670744093,0.159,0.172,1
"Csnk1g1",0.983907855833642,-0.403254662366647,0.159,0.138,1
"Cadm4",0.988929796231142,-0.435571199745288,0.143,0.138,1
"Vps35l",0.988929796231142,-0.254331083940731,0.143,0.138,1
"Mast2",1,-0.311407795219365,0.111,0.103,1
