"","p_val","avg_log2FC","pct.1","pct.2","p_val_adj"
"Eif4a2",0.0014065693982051,-1.52248605170078,0,0.583,1
"Atp13a3",0.00281153442357225,1.63236481331072,0.571,0,1
"Ctnnd2",0.00310163989932165,0.565032872961684,1,1,1
"Ttc4",0.00384533316652446,-1.21558437034664,0,0.5,1
"N4bp2",0.00384533316652446,-1.16132891627392,0,0.5,1
"Dusp11",0.00384533316652446,-1.2633732127746,0,0.5,1
"Znrf1",0.00384533316652446,-1.38199115216831,0,0.5,1
"Atp5j",0.00384533316652446,-1.21094235909342,0,0.5,1
"Morc3",0.00384533316652446,-1.42372348161412,0,0.5,1
"Cuedc2",0.00384533316652446,-1.3533796303089,0,0.5,1
"Csnk1g3",0.00401201807865953,-1.32648846214818,0.071,0.667,1
"Rgs6",0.00464894173579774,1.32990192124082,1,0.417,1
"mt-Rnr1",0.00529193520372477,-1.81695185619676,0.143,0.667,1
"Gm36975",0.0055049345786928,1.33477223206944,0.714,0.25,1
"Dgkb",0.00592790083410071,0.870964194478915,1,0.917,1
"Hp1bp3",0.00628726594054655,1.53006929396877,0.5,0,1
"Nisch",0.00721742677001063,-1.34839706839267,0.214,0.75,1
"Rn18s-rs5",0.0080760393496939,-0.804355297249802,0.929,1,1
"Ppm1e",0.00824349878236545,1.54514663893681,0.643,0.083,1
"Pex5l",0.008249345121943,-1.18490885879219,0.071,0.583,1
"Slc35f1",0.00859762925834612,1.15148804482453,0.929,0.75,1
"Lrrc4",0.00925110424311321,-1.21549197572607,0.214,0.667,1
"Cdc123",0.00991462057155513,-1.15029272275032,0.071,0.583,1
"Scg2",0.00991551069525675,-1.03169174675172,0,0.417,1
"Hdlbp",0.00991551069525675,-1.21169525798838,0,0.417,1
"Gas5",0.00991551069525675,-1.321166212575,0,0.417,1
"Sh3bgrl3",0.00991551069525675,-1.2203677896582,0,0.417,1
"Phtf2",0.00991551069525675,-1.16342352148543,0,0.417,1
"Tollip",0.00991551069525675,-1.02486182214727,0,0.417,1
"Cmtm4",0.00991551069525675,-1.21397714656656,0,0.417,1
"Chordc1",0.00991551069525675,-1.2546518884107,0,0.417,1
"Cabin1",0.00991551069525675,-1.28069081369066,0,0.417,1
"Btg1",0.00991551069525675,-1.15558018261494,0,0.417,1
"Eif4a1",0.00991551069525675,-1.08464102931901,0,0.417,1
"Dhx40",0.00991551069525675,-1.21439438181589,0,0.417,1
"Sos2",0.00991551069525675,-1.0201225746973,0,0.417,1
"Galc",0.00991551069525675,-1.21833814556342,0,0.417,1
"Rapgef5",0.00991551069525675,-1.13976599978388,0,0.417,1
"Grin2a",0.00991551069525675,-0.987732954932699,0,0.417,1
"Usp16",0.00991551069525675,-1.08970237986489,0,0.417,1
"Ap3s1",0.00991551069525675,-1.05558470559876,0,0.417,1
"Rps14",0.00991551069525675,-1.5033918901822,0,0.417,1
"Pgk1",0.00991551069525675,-1.19157743854917,0,0.417,1
"Vegfd",0.00991551069525675,-1.07870979034438,0,0.417,1
"Abcc5",0.0110679630659326,-0.939875878565318,0.286,0.917,1
"Hsp90ab1",0.0112285844660382,-0.997442626695592,0.643,0.917,1
"Ccar1",0.0115859281577338,0.967461348559386,0.643,0.083,1
"Ywhag",0.0119445751110084,1.09361340445947,0.571,0.083,1
"Vsnl1",0.0128380268045165,-1.12169156888484,0.214,0.667,1
"Nr3c2",0.0128803485497795,0.901668931631917,0.857,0.25,1
"Ccz1",0.013411029576828,1.51489836027529,0.429,0,1
"Sgce",0.013411029576828,1.39947197548782,0.429,0,1
"Ccl25",0.013411029576828,1.32762510087076,0.429,0,1
"Cspg4",0.013411029576828,1.43542080468876,0.429,0,1
"Fyco1",0.013411029576828,1.22192424442928,0.429,0,1
"Ccdc88c",0.013411029576828,1.43445080822937,0.429,0,1
"Serinc5",0.013411029576828,1.30049601587187,0.429,0,1
"Pcgf5",0.013411029576828,1.12320228324342,0.429,0,1
"Cog4",0.0135473777379411,-1.07871054279214,0.071,0.5,1
"Atl3",0.0135473777379411,-1.11312700394647,0.071,0.5,1
"Bcas1",0.0138104842646481,-1.46320142800885,0.429,0.833,1
"Cntn1",0.0142249515221582,-0.947736268380152,0.714,0.917,1
"F3",0.014441534098855,1.1374535540766,0.714,0.25,1
"Rab10",0.0148323450061832,1.52394036614772,0.571,0.167,1
"Nebl",0.0157381937588937,0.984659915136085,0.857,0.583,1
"Nos1ap",0.0162520810554902,-1.32222587027217,0.071,0.5,1
"Sptan1",0.0162520810554902,-1.33198239119424,0.071,0.5,1
"Gm42948",0.0167280262055477,-1.37701095598446,0.143,0.583,1
"Dcc",0.0167517813107212,-0.781149623708652,0.857,1,1
"Cxxc4",0.0168437518526376,1.17544636709787,0.5,0.083,1
"Eif3c",0.0168437518526376,1.09127629009621,0.5,0.083,1
"Fnip1",0.0168437518526376,1.20121752345015,0.5,0.083,1
"Ptgds",0.0173084019137977,1.28869554535954,0.714,0.417,1
"Gabrg3",0.0184968550136679,1.04421234783155,0.714,0.333,1
"Camk2n1",0.0187325093312717,-1.12932412835245,0.214,0.75,1
"Pld1",0.0194202856589286,-1.14424135467044,0.071,0.5,1
"Setd7",0.0194202856589286,-1.08065243274033,0.071,0.5,1
"Gde1",0.0194202856589286,-1.19999553794335,0.071,0.5,1
"Sycp3",0.0194202856589286,-0.976526127576283,0.071,0.5,1
"Gng3",0.0194202856589286,-1.27649702607872,0.071,0.5,1
"Nsmf",0.0196976041433904,1.28531777220433,0.571,0.083,1
"Pnpla7",0.0199544446099802,1.30782725096219,0.5,0.083,1
"Dclk2",0.0205239509981564,0.965346869511604,0.643,0.167,1
"Nrip1",0.0205239509981564,1.00430864581321,0.643,0.167,1
"Asrgl1",0.0205239509981564,-1.29767076886215,0.214,0.667,1
"Otud7b",0.0231153737034875,-1.21537009271916,0.071,0.5,1
"Eif4g1",0.0231153737034875,-1.10938538786094,0.071,0.5,1
"Bmp2k",0.0235553029064908,1.2206365704241,0.5,0.083,1
"Extl3",0.0235553029064908,1.12079048036127,0.5,0.083,1
"Gm9925",0.0235553029064908,0.949641018923232,0.5,0.083,1
"Rev1",0.0238567575338022,0.963269217924175,0.643,0.167,1
"ENSMUSG00000121513",0.0238753657200443,-0.894941068510533,0.643,0.833,1
"Sox10",0.0238753657200443,0.78443435833864,0.929,0.5,1
"Tsga10",0.0243293381726377,-0.956662738669198,0,0.333,1
"Rnf149",0.0243293381726377,-0.987950756123453,0,0.333,1
"Eif4e2",0.0243293381726377,-0.999562630829726,0,0.333,1
"Dgkd",0.0243293381726377,-0.941019545078605,0,0.333,1
"Mapkapk2",0.0243293381726377,-0.895747756248697,0,0.333,1
"Nucks1",0.0243293381726377,-1.05896546911131,0,0.333,1
"Timm17a",0.0243293381726377,-0.906003036743958,0,0.333,1
"Fam163a",0.0243293381726377,-0.913778213125071,0,0.333,1
"Mrps14",0.0243293381726377,-0.983475461654507,0,0.333,1
"Hacd1",0.0243293381726377,-1.05297923867255,0,0.333,1
"Cntrl",0.0243293381726377,-0.911625016743201,0,0.333,1
"Mapkbp1",0.0243293381726377,-1.12046465403954,0,0.333,1
"Slc6a17",0.0243293381726377,-0.896449326861527,0,0.333,1
"Snx7",0.0243293381726377,-1.0523639275316,0,0.333,1
"Gm43362",0.0243293381726377,-1.00114196922468,0,0.333,1
"Chmp5",0.0243293381726377,-1.04929688461877,0,0.333,1
"Rraga",0.0243293381726377,-0.96999826700334,0,0.333,1
"Magoh",0.0243293381726377,-0.828037017573173,0,0.333,1
"Ybx1",0.0243293381726377,-0.799829460062635,0,0.333,1
"Nudc",0.0243293381726377,-1.01735721344487,0,0.333,1
"Park7",0.0243293381726377,-1.02649831647277,0,0.333,1
"ENSMUSG00000120248",0.0243293381726377,-0.867340135151564,0,0.333,1
"Tmem214",0.0243293381726377,-0.912303363766731,0,0.333,1
"Sepsecs",0.0243293381726377,-1.05537789745487,0,0.333,1
"Smo",0.0243293381726377,-0.921543694314562,0,0.333,1
"Add2",0.0243293381726377,-1.08842799069508,0,0.333,1
"4732471J01Rik",0.0243293381726377,-0.976904259154664,0,0.333,1
"Dhx32",0.0243293381726377,-0.807690429206571,0,0.333,1
"Dlgap2",0.0243293381726377,-0.98870783779725,0,0.333,1
"Slc20a2",0.0243293381726377,-1.15930020959657,0,0.333,1
"Asah1",0.0243293381726377,-0.850737490960456,0,0.333,1
"Ndufa13",0.0243293381726377,-1.06356361526508,0,0.333,1
"Kxd1",0.0243293381726377,-1.01892587858188,0,0.333,1
"Thy1",0.0243293381726377,-1.28774500798905,0,0.333,1
"Vta1",0.0243293381726377,-0.870793342519952,0,0.333,1
"Snx3",0.0243293381726377,-1.08039530557238,0,0.333,1
"Ddx21",0.0243293381726377,-0.905076263692381,0,0.333,1
"Pld2",0.0243293381726377,-1.21304478369671,0,0.333,1
"Myl4",0.0243293381726377,-1.18084192074476,0,0.333,1
"Mipol1",0.0243293381726377,-1.16460835195904,0,0.333,1
"Klhl28",0.0243293381726377,-0.979354199863279,0,0.333,1
"Sptlc2",0.0243293381726377,-1.12308902562849,0,0.333,1
"Hmgcr",0.0243293381726377,-0.897751249313695,0,0.333,1
"Prkcd",0.0243293381726377,-1.17355422326443,0,0.333,1
"Pou6f1",0.0243293381726377,-0.920543316836816,0,0.333,1
"Top3b",0.0243293381726377,-0.972466624944444,0,0.333,1
"Trmt10c",0.0243293381726377,-0.987307069368145,0,0.333,1
"Rsph9",0.0243293381726377,-1.00685081550987,0,0.333,1
"Ss18",0.0243293381726377,-0.99786100836104,0,0.333,1
"Lars",0.0243293381726377,-0.960151191415518,0,0.333,1
"Stx5a",0.0243293381726377,-0.881300369012298,0,0.333,1
"Btaf1",0.0243293381726377,-1.09474072389899,0,0.333,1
"Slc25a28",0.0243293381726377,-1.14330973073721,0,0.333,1
"Gripap1",0.0243293381726377,-1.07880434006303,0,0.333,1
"Fam168a",0.024823419208856,-0.730339177933103,0.5,0.917,1
"Rasa2",0.0259997272102801,1.30132300757396,0.643,0.333,1
"C130071C03Rik",0.0267277031427835,0.724601604562108,0.929,0.75,1
"Cux1",0.0270418775857214,-1.29215534600297,0.143,0.583,1
"Iqsec1",0.0270418775857214,-1.11504919793791,0.143,0.583,1
"Impact",0.0270418775857214,-1.06829351515387,0.143,0.583,1
"C030005K06Rik",0.0270418775857214,-0.954523374044628,0.143,0.583,1
"Hsp90b1",0.0274063325043857,-0.936393197958047,0.071,0.5,1
"Rab21",0.0274063325043857,-1.24739662420329,0.071,0.5,1
"Mbd2",0.0274063325043857,-0.908866990311304,0.071,0.5,1
"Slc4a3",0.0274521098408855,0.930556260603351,0.357,0,1
"Epb41l5",0.0274521098408855,1.25122148295212,0.357,0,1
"Plxna2",0.0274521098408855,1.06000796510211,0.357,0,1
"Gm13872",0.0274521098408855,1.1410936591439,0.357,0,1
"Ctso",0.0274521098408855,1.43526336164283,0.357,0,1
"Ptpn13",0.0274521098408855,1.35564071960304,0.357,0,1
"Sun1",0.0274521098408855,1.26500350996424,0.357,0,1
"Clstn3",0.0274521098408855,1.093257801388,0.357,0,1
"Cd9",0.0274521098408855,1.05931817417885,0.357,0,1
"Knop1",0.0274521098408855,1.39977651841818,0.357,0,1
"Vat1l",0.0274521098408855,0.955590029484845,0.357,0,1
"Ccdc12",0.0274521098408855,0.994477030270188,0.357,0,1
"Rnf146",0.0274521098408855,1.02357323761214,0.357,0,1
"Map2k2",0.0274521098408855,1.37817325867323,0.357,0,1
"Nf2",0.0274521098408855,1.04648928704366,0.357,0,1
"Fam104a",0.0274521098408855,0.950040049948505,0.357,0,1
"Esyt2",0.0274521098408855,1.09738482033037,0.357,0,1
"Slc4a7",0.0274521098408855,1.04982139208078,0.357,0,1
"Srebf2",0.0274521098408855,1.37594629369708,0.357,0,1
"Cerk",0.0274521098408855,1.14320933198012,0.357,0,1
"Med14",0.0274521098408855,1.07063783764232,0.357,0,1
"Dhx36",0.0276492386062941,0.849010302210556,0.643,0.167,1
"Vps8",0.0276929617120879,-0.894155725456334,0.143,0.667,1
"Basp1",0.0279913602764075,-1.00565214847321,0.429,0.833,1
"Cbfa2t2",0.0290434250188616,1.09500145106875,0.643,0.25,1
"Stmn1",0.0299124646322527,-0.905777200214974,0.286,0.75,1
"Arl8b",0.0308325282626104,-1.06373010467688,0.071,0.417,1
"Srrm1",0.0319507011865177,-0.661740361556788,0.214,0.667,1
"Cpeb1",0.0319507011865177,0.919514380469998,0.571,0.25,1
"Ext1",0.0319962180713328,0.847387586400826,0.857,0.333,1
"Ppp1r2",0.0323677055393829,-0.797934426297828,0.071,0.5,1
"Macrod2",0.0327696168554052,0.767809091595308,1,0.833,1
"Lrmda",0.0343210636946818,-0.969451156045972,0.286,0.75,1
"Arhgap24",0.0345542040648753,-1.46036974360482,0.214,0.583,1
"Vegfa",0.0346498817563684,0.906589421804339,0.929,0.75,1
"Cltc",0.035112162678978,-0.854886844063001,0.143,0.5,1
"Gm48742",0.0358222744252387,-1.13540444554394,0.286,0.667,1
"Dnm2",0.0366387464820131,0.974180152707699,0.5,0.167,1
"Pou3f2",0.036656001722954,-1.25165550202499,0.071,0.417,1
"Sec11a",0.036656001722954,-0.931852280825108,0.071,0.417,1
"Rnf145",0.036656001722954,-0.890679808319423,0.071,0.417,1
"Rbbp7",0.036656001722954,-0.957953034569413,0.071,0.417,1
"Fads2",0.0368135222128753,-0.950430437889637,0.214,0.667,1
"Lrrc4c",0.0372425445959794,0.779726870472865,1,0.917,1
"Nrcam",0.0372425445959794,-1.03387762909257,0.929,1,1
"Gmcl1",0.0379296838781326,1.05491370901411,0.5,0.083,1
"Cacna2d1",0.0380794320277445,1.06495064723865,0.429,0.083,1
"Uri1",0.0380794320277445,1.02541446037047,0.429,0.083,1
"Kcnk1",0.0380794320277445,0.971379043633792,0.429,0.083,1
"Hlf",0.0380794320277445,1.41005427608351,0.429,0.083,1
"Zfand3",0.0392733826475262,-0.826096987720668,0.357,0.667,1
"Olfm1",0.0394770807105391,-0.80019657141639,0.357,0.833,1
"Ubb",0.0394770807105391,-0.626086912719321,0.357,0.833,1
"Maml2",0.0396160801837766,-0.758603530822175,0.929,0.917,1
"Ccnt2",0.0398949660913291,-1.00519397204116,0.214,0.583,1
"Tmcc3",0.0398949660913291,-1.15063235089048,0.214,0.583,1
"Ppp3cb",0.0398949660913291,-0.970490913953414,0.214,0.583,1
"Eif1",0.0418124058452544,-0.790111400360608,0.5,0.917,1
"Arhgap32",0.0424385425781642,1.38009067597384,0.5,0.167,1
"Lrfn5",0.0428181008315895,0.926663799342108,0.571,0.167,1
"Zhx2",0.0428181008315895,0.787555999592086,0.571,0.167,1
"Pnkd",0.0433914353885775,-0.946769961664232,0.071,0.417,1
"Togaram1",0.0433914353885775,-0.935718237877351,0.071,0.417,1
"Mrtfa",0.0433914353885775,-0.909964170459648,0.071,0.417,1
"Txndc11",0.0433914353885775,-1.0873057704187,0.071,0.417,1
"Zfp516",0.0433914353885775,-1.10155317545134,0.071,0.417,1
"Trps1",0.0444967086424629,0.766155825682767,0.929,0.75,1
"Mtch2",0.0446265611615025,1.14095199180738,0.429,0.083,1
"Nsmaf",0.0446265611615025,1.1771702966956,0.429,0.083,1
"AU040320",0.0446265611615025,0.925268144198798,0.429,0.083,1
"Wwc2",0.0446265611615025,0.96641783884144,0.429,0.083,1
"mt-Cytb",0.0448196999886496,-0.907758490153552,0.286,0.75,1
"Pde10a",0.0448889092256706,-0.823033153706381,0.357,0.833,1
"Sbf2",0.0459202955575243,-0.934601849150982,0.214,0.583,1
"Ppp1r12b",0.0469228812452183,-1.07269579405321,0.286,0.667,1
"Dbi",0.0475612583424795,-0.884589766122681,0.143,0.5,1
"Tmed9",0.0475612583424795,-0.924789534617834,0.143,0.5,1
"Prkn",0.0476400871608361,0.815779868022926,1,0.833,1
"Rsrc2",0.0484471967508871,-0.958317511732223,0.214,0.667,1
"Gm15584",0.0489966329644096,1.07347689099154,0.5,0.167,1
"Pals2",0.0489966329644096,1.08970110499259,0.5,0.167,1
"Rhoa",0.0489966329644096,0.920768191448904,0.5,0.167,1
"Sacm1l",0.0489966329644096,-0.941412260233568,0.143,0.583,1
"Eda",0.0489966329644096,-1.31839025768096,0.214,0.5,1
"Ildr2",0.0511439556518841,-0.784255033791875,0.071,0.417,1
"Entr1",0.0511439556518841,-0.872524362123406,0.071,0.417,1
"Tmem127",0.0511439556518841,-0.857737602051474,0.071,0.417,1
"Stx8",0.0511439556518841,-0.780661770311329,0.071,0.417,1
"Msl1",0.0511439556518841,-0.960683289883536,0.071,0.417,1
"Cthrc1",0.0511976930060535,0.842025536335191,0.5,0.083,1
"Vps29",0.0520988283851211,0.920128762078891,0.429,0.083,1
"Tmem29",0.0520988283851211,0.878597803382053,0.429,0.083,1
"Gm11266",0.0534800942740331,-1.01216324985193,0.286,0.667,1
"Sulf1",0.0543118767211419,1.20152644350499,0.286,0,1
"Gm10550",0.0543118767211419,0.866624889761718,0.286,0,1
"Gm28501",0.0543118767211419,0.922172428584925,0.286,0,1
"Ralgps2",0.0543118767211419,0.963768610871762,0.286,0,1
"Norad",0.0543118767211419,0.969571928674796,0.286,0,1
"Rab5if",0.0543118767211419,0.995872399853658,0.286,0,1
"Nkain4",0.0543118767211419,0.959205511134421,0.286,0,1
"Gon4l",0.0543118767211419,0.850428187829507,0.286,0,1
"Gm26871",0.0543118767211419,1.12609217424768,0.286,0,1
"Orc3",0.0543118767211419,1.2830957438326,0.286,0,1
"Ak4",0.0543118767211419,0.917819231683588,0.286,0,1
"Gm13031",0.0543118767211419,0.984675389924571,0.286,0,1
"Klf3",0.0543118767211419,0.851295127159329,0.286,0,1
"Gabra4",0.0543118767211419,0.850428187829507,0.286,0,1
"Glt1d1",0.0543118767211419,0.791400362619083,0.286,0,1
"Gtf2ird1",0.0543118767211419,0.983243354971618,0.286,0,1
"Zscan21",0.0543118767211419,0.96333512654548,0.286,0,1
"Cav2",0.0543118767211419,0.850305508829505,0.286,0,1
"Tnpo3",0.0543118767211419,0.850508858809355,0.286,0,1
"E230016M11Rik",0.0543118767211419,0.967211818477584,0.286,0,1
"Dcp1b",0.0543118767211419,0.854081147694525,0.286,0,1
"Kmt2b",0.0543118767211419,0.960022313802624,0.286,0,1
"Selenos",0.0543118767211419,0.941546939373044,0.286,0,1
"A730056A06Rik",0.0543118767211419,1.00376376608637,0.286,0,1
"Ipo7",0.0543118767211419,0.748802557947357,0.286,0,1
"Ampd3",0.0543118767211419,0.979416224535863,0.286,0,1
"Septin1",0.0543118767211419,1.17187423476061,0.286,0,1
"Col4a2",0.0543118767211419,0.921989077417812,0.286,0,1
"Zfp869",0.0543118767211419,0.985020651354495,0.286,0,1
"Otud4",0.0543118767211419,0.970309996190256,0.286,0,1
"4831440D22Rik",0.0543118767211419,0.810454358109338,0.286,0,1
"Slc7a6os",0.0543118767211419,0.863082109878478,0.286,0,1
"Wwp2",0.0543118767211419,0.972710679845687,0.286,0,1
"Gclc",0.0543118767211419,1.00979280323921,0.286,0,1
"Dag1",0.0543118767211419,0.862881978926273,0.286,0,1
"Pdcd6ip",0.0543118767211419,0.87280057169085,0.286,0,1
"Lss",0.0543118767211419,0.910028462369672,0.286,0,1
"Rtcb",0.0543118767211419,0.900365937111343,0.286,0,1
"Ankrd52",0.0543118767211419,0.810454358109338,0.286,0,1
"G3bp1",0.0543118767211419,0.839035435461239,0.286,0,1
"Tspoap1",0.0543118767211419,0.964354633421654,0.286,0,1
"Dgke",0.0543118767211419,0.918274693678854,0.286,0,1
"Fbxl20",0.0543118767211419,0.786831536578793,0.286,0,1
"Taf1b",0.0543118767211419,0.722669075005017,0.286,0,1
"Trappc12",0.0543118767211419,0.805945570620779,0.286,0,1
"Arel1",0.0543118767211419,0.870839300692448,0.286,0,1
"Ttll5",0.0543118767211419,1.01465267665416,0.286,0,1
"Alkbh1",0.0543118767211419,0.912492478830017,0.286,0,1
"E430024I08Rik",0.0543118767211419,0.853214304289161,0.286,0,1
"Parp2",0.0543118767211419,0.972392365862775,0.286,0,1
"Fhip2b",0.0543118767211419,0.765743450687927,0.286,0,1
"Fbxl3",0.0543118767211419,0.87201088081131,0.286,0,1
"9330188P03Rik",0.0543118767211419,0.838955599055315,0.286,0,1
"Slc48a1",0.0543118767211419,0.736489095790181,0.286,0,1
"Tfcp2",0.0543118767211419,0.87309520060829,0.286,0,1
"Lsg1",0.0543118767211419,0.766033955152093,0.286,0,1
"Gtpbp8",0.0543118767211419,0.881836683240916,0.286,0,1
"Dhx57",0.0543118767211419,1.00035813480546,0.286,0,1
"Apbb3",0.0543118767211419,0.826969014534354,0.286,0,1
"Zmat2",0.0543118767211419,0.851295127159329,0.286,0,1
"Gm15336",0.0543118767211419,0.884681422802401,0.286,0,1
"Ccdc186",0.0543118767211419,0.74794197068513,0.286,0,1
"Eif3a",0.0543118767211419,0.842805619506316,0.286,0,1
"Lonrf3",0.0543118767211419,1.05103522363949,0.286,0,1
"Mamld1",0.0543118767211419,0.917819231683588,0.286,0,1
"Gabra3",0.0543118767211419,0.782911998399082,0.286,0,1
"Zmat1",0.0543118767211419,0.955753344404469,0.286,0,1
"Gm16599",0.0550640701192183,-0.858805752213488,0.143,0.5,1
"Cul5",0.0550640701192183,-0.91722764547829,0.143,0.5,1
"Vdac2",0.0550640701192183,-0.867899692611057,0.143,0.5,1
"Fer",0.0550640701192183,-1.06099381577375,0.143,0.5,1
"Rbmx",0.0550640701192183,-0.931632762111081,0.143,0.5,1
"Pax6",0.056385010771844,1.17293102638658,0.5,0.167,1
"Aqp4",0.056385010771844,1.00119222139279,0.5,0.167,1
"Htra1",0.0567918730930152,-0.872324403662404,0.571,0.833,1
"Lactb2",0.0574590163143741,-0.804688110296183,0,0.25,1
"Rpl7",0.0574590163143741,-0.975974403310692,0,0.25,1
"Gm37628",0.0574590163143741,-0.777097892685361,0,0.25,1
"Maip1",0.0574590163143741,-0.660688384223591,0,0.25,1
"Gm15834",0.0574590163143741,-0.754750081281458,0,0.25,1
"Speg",0.0574590163143741,-0.708599079886261,0,0.25,1
"Irs1",0.0574590163143741,-0.943840129916789,0,0.25,1
"Mterf4",0.0574590163143741,-0.722603003639567,0,0.25,1
"Dhx9",0.0574590163143741,-0.824743692444085,0,0.25,1
"Tiprl",0.0574590163143741,-0.789435118101938,0,0.25,1
"Disp1",0.0574590163143741,-0.794564745326189,0,0.25,1
"Tatdn3",0.0574590163143741,-0.820865084143388,0,0.25,1
"Arl5b",0.0574590163143741,-0.699733258064946,0,0.25,1
"Rexo4",0.0574590163143741,-0.803957214857302,0,0.25,1
"D330023K18Rik",0.0574590163143741,-1.00754933942096,0,0.25,1
"Stxbp1",0.0574590163143741,-0.746340631024653,0,0.25,1
"Lrsam1",0.0574590163143741,-0.662240689943809,0,0.25,1
"Gm13919",0.0574590163143741,-1.03036504627524,0,0.25,1
"Lin7c",0.0574590163143741,-0.754750081281458,0,0.25,1
"G630016G05Rik",0.0574590163143741,-0.710869251829976,0,0.25,1
"Smim26",0.0574590163143741,-0.789863885752724,0,0.25,1
"5430405H02Rik",0.0574590163143741,-0.808246881067509,0,0.25,1
"Mafb",0.0574590163143741,-0.615978291667959,0,0.25,1
"Sys1",0.0574590163143741,-0.713587510140895,0,0.25,1
"Gm14455",0.0574590163143741,-0.727191384629275,0,0.25,1
"Gm2011",0.0574590163143741,-0.75423052654829,0,0.25,1
"Lamtor2",0.0574590163143741,-0.882998679096789,0,0.25,1
"Ube2q1",0.0574590163143741,-0.846040933493152,0,0.25,1
"Oaz3",0.0574590163143741,-0.908024703948953,0,0.25,1
"Gm15886",0.0574590163143741,-0.797768021368651,0,0.25,1
"Capza1",0.0574590163143741,-0.838696868484257,0,0.25,1
"Vcam1",0.0574590163143741,-0.635794938701509,0,0.25,1
"Gm43765",0.0574590163143741,-0.802868157792114,0,0.25,1
"Etnppl",0.0574590163143741,-0.723376287469721,0,0.25,1
"Gstcd",0.0574590163143741,-0.811844289825615,0,0.25,1
"Pdp1",0.0574590163143741,-0.715181980275697,0,0.25,1
"8030451A03Rik",0.0574590163143741,-0.665826513607779,0,0.25,1
"Zmpste24",0.0574590163143741,-0.737277660048887,0,0.25,1
"Ncdn",0.0574590163143741,-0.713245461887249,0,0.25,1
"Zbtb8os",0.0574590163143741,-0.820142340517019,0,0.25,1
"Ptp4a2",0.0574590163143741,-0.803281822080665,0,0.25,1
"Acot7",0.0574590163143741,-0.708616984352038,0,0.25,1
"Rer1",0.0574590163143741,-0.797768021368651,0,0.25,1
"Gm37090",0.0574590163143741,-0.681436105556858,0,0.25,1
"AW011738",0.0574590163143741,-0.824743692444085,0,0.25,1
"Cldn12",0.0574590163143741,-0.732212921716303,0,0.25,1
"Galnt11",0.0574590163143741,-0.833732945673426,0,0.25,1
"Eif2b4",0.0574590163143741,-0.589090092600911,0,0.25,1
"Grpel1",0.0574590163143741,-0.855560536722537,0,0.25,1
"Gm15478",0.0574590163143741,-0.759895647013059,0,0.25,1
"Usp46",0.0574590163143741,-0.869727302601329,0,0.25,1
"Polr2b",0.0574590163143741,-0.780596198236108,0,0.25,1
"Lrrc8b",0.0574590163143741,-0.589090092600911,0,0.25,1
"Gtpbp6",0.0574590163143741,-0.750678387131671,0,0.25,1
"Iscu",0.0574590163143741,-0.731778366422323,0,0.25,1
"Rilpl1",0.0574590163143741,-0.710869251829976,0,0.25,1
"Sbds",0.0574590163143741,-0.628506305014034,0,0.25,1
"Elfn1",0.0574590163143741,-0.891633363735204,0,0.25,1
"Mkln1os",0.0574590163143741,-0.731778366422323,0,0.25,1
"Cald1",0.0574590163143741,-0.946506969383667,0,0.25,1
"Zswim9",0.0574590163143741,-0.667373303612908,0,0.25,1
"Gm38948",0.0574590163143741,-0.781339022058061,0,0.25,1
"Tomm40",0.0574590163143741,-0.780919017092057,0,0.25,1
"Mag",0.0574590163143741,-0.75048635844948,0,0.25,1
"Iqgap1",0.0574590163143741,-0.951854739342571,0,0.25,1
"Ramac",0.0574590163143741,-0.892321173894842,0,0.25,1
"Eed",0.0574590163143741,-0.660688384223591,0,0.25,1
"Far1",0.0574590163143741,-0.954391090015381,0,0.25,1
"Gsg1l",0.0574590163143741,-0.825164127096417,0,0.25,1
"Sbk1",0.0574590163143741,-0.726420143533878,0,0.25,1
"Fut10",0.0574590163143741,-0.899797165373134,0,0.25,1
"ENSMUSG00000120400",0.0574590163143741,-0.901621415665174,0,0.25,1
"Mthfsd",0.0574590163143741,-0.789446355629921,0,0.25,1
"Gas8",0.0574590163143741,-0.785818673736179,0,0.25,1
"Gm47481",0.0574590163143741,-0.664566474878772,0,0.25,1
"Atp5l",0.0574590163143741,-0.851584973700425,0,0.25,1
"9330159M07Rik",0.0574590163143741,-0.85956749630061,0,0.25,1
"Rnf7",0.0574590163143741,-0.833016621360261,0,0.25,1
"Pccb",0.0574590163143741,-0.708599079886261,0,0.25,1
"Cx3cr1",0.0574590163143741,-1.33580407624222,0,0.25,1
"Rpf2",0.0574590163143741,-0.867684483971886,0,0.25,1
"Gopc",0.0574590163143741,-0.85821372253688,0,0.25,1
"Hsf2",0.0574590163143741,-0.849823265699372,0,0.25,1
"Supv3l1",0.0574590163143741,-0.731329812508137,0,0.25,1
"Reep3",0.0574590163143741,-0.746340631024653,0,0.25,1
"Lrrc75b",0.0574590163143741,-0.782155697142519,0,0.25,1
"Atcay",0.0574590163143741,-0.766324889380439,0,0.25,1
"Celf5",0.0574590163143741,-0.940611767924948,0,0.25,1
"Kcnmb4",0.0574590163143741,-0.904922489131822,0,0.25,1
"Slc35e3",0.0574590163143741,-0.712791107753208,0,0.25,1
"Rps26",0.0574590163143741,-1.07050085444545,0,0.25,1
"Zfp62",0.0574590163143741,-0.637838183905612,0,0.25,1
"Rpl26",0.0574590163143741,-0.876271989296309,0,0.25,1
"Spns2",0.0574590163143741,-0.876410916746637,0,0.25,1
"Supt6",0.0574590163143741,-0.826128431301483,0,0.25,1
"Tnfaip1",0.0574590163143741,-0.879676769059399,0,0.25,1
"Heatr6",0.0574590163143741,-0.842219236488076,0,0.25,1
"Septin4",0.0574590163143741,-0.968981631250368,0,0.25,1
"Mrpl45",0.0574590163143741,-0.887930705276602,0,0.25,1
"Rnd2",0.0574590163143741,-0.896837013828416,0,0.25,1
"Nbr1",0.0574590163143741,-0.944605555980673,0,0.25,1
"Smarcd2",0.0574590163143741,-0.746924976933592,0,0.25,1
"Wipi1",0.0574590163143741,-0.816488755954488,0,0.25,1
"Nup85",0.0574590163143741,-0.759141696924603,0,0.25,1
"Prpsap1",0.0574590163143741,-0.798611395936643,0,0.25,1
"A930037H05Rik",0.0574590163143741,-1.00737003264942,0,0.25,1
"Rhob",0.0574590163143741,-0.689878107455874,0,0.25,1
"Klhdc2",0.0574590163143741,-0.667373303612908,0,0.25,1
"Lrrc9",0.0574590163143741,-0.782860382633797,0,0.25,1
"Ahsa1",0.0574590163143741,-0.732212921716303,0,0.25,1
"Ptpn21",0.0574590163143741,-0.825463340931244,0,0.25,1
"Gm48383",0.0574590163143741,-0.731329812508137,0,0.25,1
"Gskip",0.0574590163143741,-0.713587510140895,0,0.25,1
"Trim27",0.0574590163143741,-0.636998836338308,0,0.25,1
"Cenpp",0.0574590163143741,-0.825605784332194,0,0.25,1
"Cxcl14",0.0574590163143741,-0.934561850177436,0,0.25,1
"Ercc6l2",0.0574590163143741,-0.848196364515595,0,0.25,1
"Gm38604",0.0574590163143741,-0.794135296725554,0,0.25,1
"Cdk7",0.0574590163143741,-0.920935585792563,0,0.25,1
"Hmgcs1",0.0574590163143741,-0.948441357620497,0,0.25,1
"Rpl15",0.0574590163143741,-0.860450048159872,0,0.25,1
"Stimate",0.0574590163143741,-0.713685634644092,0,0.25,1
"Naa30",0.0574590163143741,-0.586976575820359,0,0.25,1
"Rcbtb1",0.0574590163143741,-0.790113292788797,0,0.25,1
"Nefm",0.0574590163143741,-0.744507561843664,0,0.25,1
"Gm49164",0.0574590163143741,-1.42081436628337,0,0.25,1
"Eif3e",0.0574590163143741,-0.708599079886261,0,0.25,1
"Wnt7b",0.0574590163143741,-0.63737424681552,0,0.25,1
"Zfp385a",0.0574590163143741,-0.837983005222546,0,0.25,1
"Rnf168",0.0574590163143741,-0.808246881067509,0,0.25,1
"Adcy5",0.0574590163143741,-1.00761070289855,0,0.25,1
"Mx2",0.0574590163143741,-0.707817832620941,0,0.25,1
"A230009B12Rik",0.0574590163143741,-0.902740006342127,0,0.25,1
"Mrpl18",0.0574590163143741,-0.712368519913674,0,0.25,1
"Pgp",0.0574590163143741,-0.89423823584247,0,0.25,1
"Rab40c",0.0574590163143741,-0.826956186896742,0,0.25,1
"Anks1",0.0574590163143741,-0.918403065254769,0,0.25,1
"Zfp955a",0.0574590163143741,-0.791949396547429,0,0.25,1
"Ring1",0.0574590163143741,-0.94020353465979,0,0.25,1
"Ubxn6",0.0574590163143741,-0.973579010436552,0,0.25,1
"Ndufa11",0.0574590163143741,-0.933441266000451,0,0.25,1
"Cript",0.0574590163143741,-0.838696868484257,0,0.25,1
"Socs5",0.0574590163143741,-0.773503889734331,0,0.25,1
"Gm50010",0.0574590163143741,-0.794980796974502,0,0.25,1
"Slc39a6",0.0574590163143741,-0.837983005222546,0,0.25,1
"Bin1",0.0574590163143741,-0.75048635844948,0,0.25,1
"Egr1",0.0574590163143741,-0.757168128452589,0,0.25,1
"Camk2a",0.0574590163143741,-0.728586863788657,0,0.25,1
"Zadh2",0.0574590163143741,-0.617579430481122,0,0.25,1
"Drap1",0.0574590163143741,-0.800022241866794,0,0.25,1
"Tmem258",0.0574590163143741,-0.987027884875998,0,0.25,1
"Dagla",0.0574590163143741,-0.888904670894962,0,0.25,1
"C730002L08Rik",0.0574590163143741,-0.951706011541468,0,0.25,1
"Pank1",0.0574590163143741,-0.617579430481122,0,0.25,1
"Hectd2",0.0574590163143741,-0.802868157792114,0,0.25,1
"Pcgf6",0.0574590163143741,-0.632580345312167,0,0.25,1
"Csf2ra",0.0574590163143741,-0.70871166713051,0,0.25,1
"Clcn5",0.0574590163143741,-0.713245461887249,0,0.25,1
"Gpkow",0.0574590163143741,-0.737295212117483,0,0.25,1
"Otud5",0.0574590163143741,-0.75048635844948,0,0.25,1
"Armcx2",0.0574590163143741,-0.935665220546475,0,0.25,1
"Tceal6",0.0574590163143741,-0.848196364515595,0,0.25,1
"Zrsr2",0.0574590163143741,-0.686500999771782,0,0.25,1
"Slc7a10",0.0576008239381004,0.848167780128035,0.714,0.417,1
"Adam23",0.0579063673178071,-0.859540657836328,0.357,0.667,1
"Sgcz",0.0595908368939021,0.727832293926568,0.929,0.667,1
"Gapvd1",0.0600239796787935,-0.882670589397915,0.071,0.417,1
"Esf1",0.0600239796787935,-0.760549369175971,0.071,0.417,1
"Tbc1d14",0.0600239796787935,-0.824656490309735,0.071,0.417,1
"Adipor2",0.0600239796787935,-0.791427567697111,0.071,0.417,1
"Vps36",0.0600239796787935,-0.848222677972054,0.071,0.417,1
"Ap1g1",0.0600239796787935,-0.731467149087549,0.071,0.417,1
"B230219D22Rik",0.0600239796787935,-0.900524833132,0.071,0.417,1
"Amer2",0.0600239796787935,-0.807021741683,0.071,0.417,1
"Cyp2d22",0.0600239796787935,-0.826755046507748,0.071,0.417,1
"Cul2",0.0600239796787935,-0.907884767660009,0.071,0.417,1
"Braf",0.0605900830510384,0.985344110230339,0.429,0.083,1
"Gm11713",0.0605900830510384,1.08131430031258,0.429,0.083,1
"Gm48747",0.0622415426944187,0.611453220174528,0.786,0.5,1
"Dennd1b",0.063023841452053,0.855588647374949,0.571,0.25,1
"Tpr",0.063023841452053,-0.923719796294145,0.286,0.583,1
"Hdac4",0.0635287193166224,-0.708934805759001,0.143,0.5,1
"Atp5c1",0.0635287193166224,-0.851012374734824,0.143,0.5,1
"Clasrp",0.0635287193166224,-0.789931748749854,0.143,0.5,1
"Brd4",0.0635287193166224,-1.18341810677397,0.143,0.5,1
"Pde4b",0.06403202649403,-0.572055498452193,0.929,0.917,1
"Vamp4",0.0646783191939227,1.0913411747622,0.5,0.167,1
"Clstn1",0.0646783191939227,-0.828263127843,0.214,0.5,1
"Rpl9",0.0646783191939227,0.798298387721103,0.5,0.167,1
"Zmym2",0.0646783191939227,0.921517139390254,0.5,0.167,1
"Nectin3",0.0646783191939227,0.86481918664487,0.5,0.167,1
"Dst",0.065233151096784,-0.742854420590241,0.643,0.833,1
"Phlpp1",0.065233151096784,-0.852655090953048,0.571,0.917,1
"Pacrg",0.0655574282136517,-1.25509943166734,0.357,0.667,1
"Gm26936",0.0687595355653933,-0.839913510327366,0.214,0.583,1
"Tbcb",0.0687595355653933,-0.752042142255814,0.214,0.583,1
"Snx25",0.0687595355653933,-0.543520698004592,0.214,0.583,1
"Stmn3",0.0688991487786882,-0.892397567923623,0.286,0.667,1
"Nrgn",0.0699787801719992,-1.20566209693476,0.571,0.75,1
"Cdk2ap1",0.070146280872253,-0.801408772799503,0.071,0.417,1
"Tspan9",0.070146280872253,-0.629562010573554,0.071,0.417,1
"Tub",0.070146280872253,-0.786643938735488,0.071,0.417,1
"Dnajb1",0.070146280872253,-0.53536289556511,0.071,0.417,1
"Phactr2",0.070146280872253,-0.363739649024316,0.071,0.417,1
"Cdc27",0.070146280872253,-0.448836823037621,0.071,0.417,1
"Atl1",0.070146280872253,-0.666278020621271,0.071,0.417,1
"Kansl2",0.070146280872253,-0.748089313127894,0.071,0.417,1
"Spindoc",0.070146280872253,-0.542257450873661,0.071,0.417,1
"Purb",0.0701975593417638,1.01789253620026,0.429,0.083,1
"Marchf1",0.0713425351699599,0.979509160683868,0.929,0.75,1
"Grm7",0.0715733295516517,0.841924092389433,0.571,0.25,1
"Pard3",0.0715733295516517,0.801870856725731,0.571,0.25,1
"Cwf19l2",0.0715733295516517,-0.663921179640654,0.214,0.667,1
"Shisa9",0.0715733295516517,0.850686745116861,0.571,0.25,1
"Lamp2",0.0715733295516517,0.918051472998556,0.571,0.25,1
"Agfg1",0.073040817812563,-0.723069387457304,0.143,0.5,1
"Gnai1",0.073040817812563,-0.882464335113667,0.143,0.5,1
"Zfp326",0.073040817812563,-0.853728719117597,0.143,0.5,1
"Bms1",0.073040817812563,-0.752051314775834,0.143,0.5,1
"Dlc1",0.073040817812563,-0.56859211796459,0.143,0.5,1
"5330432J10Rik",0.073040817812563,-0.815180539930696,0.143,0.5,1
"Etfa",0.073040817812563,-0.648486765745824,0.143,0.5,1
"Gng12",0.0731724960610614,-0.802149783206266,0.429,0.75,1
"Gab2",0.0733508055296528,0.787482246403145,0.571,0.167,1
"Sdha",0.0733508055296528,0.864661164879225,0.571,0.167,1
"Zdhhc14",0.0739533116043761,-1.0911910405241,0.214,0.5,1
"Lrrtm4",0.0759322487101498,0.808446253100263,1,0.833,1
"Rgs7",0.0759823785771689,0.525533242558064,0.929,1,1
"Opcml",0.0759823785771689,-0.587872651564148,1,1,1
"Chd7",0.0760944467109819,0.737745530791201,0.714,0.5,1
"Nnat",0.0778821417489558,-0.972610569153851,0.286,0.667,1
"Rpl13",0.0778821417489558,0.947595786840104,0.571,0.333,1
"Dyrk1a",0.0778821417489558,0.865086792284606,0.571,0.333,1
"Sfpq",0.0781898476437085,-0.736377141135898,0.214,0.583,1
"Usp47",0.0781898476437085,-0.825252083975585,0.214,0.583,1
"Rbbp6",0.0781898476437085,-0.778916005183322,0.214,0.583,1
"Insyn2a",0.0781898476437085,-0.750411014433506,0.214,0.583,1
"Pknox2",0.0781898476437085,-0.695060441829703,0.214,0.583,1
"Cacna1b",0.0789948906591011,-0.802760246456818,0.071,0.333,1
"Srsf6",0.0789948906591011,-1.05396932649607,0.071,0.333,1
"Atp9a",0.0789948906591011,-0.739175303443005,0.071,0.333,1
"Gstm5",0.0789948906591011,-0.869179026966526,0.071,0.333,1
"Map7d1",0.0789948906591011,-0.795104976851052,0.071,0.333,1
"Tmem175",0.0789948906591011,-0.952116429763852,0.071,0.333,1
"Spcs2",0.0789948906591011,-0.855434487938594,0.071,0.333,1
"Nek1",0.0789948906591011,-0.91360104344808,0.071,0.333,1
"Rnf150",0.0789948906591011,-0.819855638927924,0.071,0.333,1
"Insyn2b",0.0789948906591011,-0.661249949382336,0.071,0.333,1
"Cipc",0.0789948906591011,-0.681539444185697,0.071,0.333,1
"Gm53055",0.0789948906591011,-0.895142057293164,0.071,0.333,1
"Pbx1",0.0798136504165405,0.605689568167122,0.929,0.75,1
"Ramp1",0.0810209855417785,-0.830968380364688,0.143,0.417,1
"Srsf10",0.0810209855417785,0.884406152186941,0.429,0.083,1
"Hectd4",0.0810209855417785,0.880568613417247,0.429,0.083,1
"Sfxn1",0.0810209855417785,0.893359522002885,0.429,0.083,1
"Abhd6",0.0810209855417785,0.810449434822791,0.429,0.083,1
"Tcerg1",0.0810209855417785,0.936493927820329,0.429,0.083,1
"Chuk",0.0810209855417785,-0.824444300488655,0.143,0.417,1
"Wnk2",0.0810507185389369,-0.825692801075854,0.286,0.583,1
"Rasa1",0.0810507185389369,0.763428815245566,0.571,0.25,1
"Stag2",0.0810507185389369,-0.525147939128026,0.214,0.667,1
"Dnah7b",0.0816288284842673,0.823032270654621,0.357,0.083,1
"Hspd1",0.0816288284842673,1.16937486964251,0.357,0.083,1
"Paxx",0.0816288284842673,0.764438811041282,0.357,0.083,1
"Fnbp1l",0.0816288284842673,0.954272562758534,0.357,0.083,1
"Wdr1",0.0816288284842673,1.07501721295375,0.357,0.083,1
"Eif3b",0.0816288284842673,0.920836975572591,0.357,0.083,1
"Cbx3",0.0816288284842673,1.00215704400505,0.357,0.083,1
"Copg1",0.0816288284842673,0.891314324267664,0.357,0.083,1
"Kdm5a",0.0816288284842673,0.866712963359227,0.357,0.083,1
"Carmil1",0.0816288284842673,0.803370228179915,0.357,0.083,1
"Rtn1",0.0818960834543734,-0.649073055006942,0.643,0.833,1
"Baz2b",0.0821635835911662,0.973156002209092,0.643,0.5,1
"9630028H03Rik",0.0821635835911662,1.14489164910776,0.714,0.417,1
"Ahcyl1",0.0821635835911662,-0.819344249891436,0.429,0.75,1
"Dnajc1",0.0832856405236325,0.847276995268083,0.571,0.167,1
"Exoc6b",0.0833624089265822,-0.829472953211161,0.357,0.667,1
"Kat6a",0.0833624089265822,-0.81125941683978,0.286,0.75,1
"Fbxw2",0.0836877913521295,-0.911707821681627,0.143,0.5,1
"Cnot6",0.0836877913521295,0.899758042570533,0.429,0.167,1
"Slc38a9",0.0836877913521295,1.26625976744678,0.429,0.167,1
"Ppp4r1",0.0836877913521295,0.85282583227004,0.429,0.167,1
"Sgcd",0.0838135265738387,0.631991694927476,0.929,0.667,1
"Nvl",0.0842882129084644,0.839041641917893,0.5,0.167,1
"Plppr5",0.0842882129084644,0.855481829437974,0.5,0.167,1
"Tril",0.0842882129084644,-0.880426979862403,0.214,0.5,1
"Polg",0.0842882129084644,0.797768535995373,0.5,0.167,1
"Gm15520",0.0842882129084644,0.944103407823784,0.5,0.167,1
"Ctnna2",0.0848787467755344,0.427906287999158,1,0.917,1
"Qki",0.0848787467755344,-0.574995621979227,0.929,1,1
"Klf7",0.0877965747430839,-0.578259529425962,0.286,0.667,1
"Cnot2",0.0877965747430839,-0.666604735543503,0.286,0.667,1
"Cspp1",0.0901918705185185,-0.640369879798946,0.5,0.75,1
"Bclaf1",0.0915224069116811,0.633178285498808,0.571,0.25,1
"Abi1",0.0920304589493094,-0.681313871248207,0.429,0.75,1
"Ubap2l",0.0926073894483914,-1.01221645664452,0.071,0.333,1
"Ints8",0.0926073894483914,-0.619648748401844,0.071,0.333,1
"Pnrc2",0.0926073894483914,-0.736502790366247,0.071,0.333,1
"Pitpnm2",0.0926073894483914,-0.722715068231843,0.071,0.333,1
"Chchd2",0.0926073894483914,-0.874430994537338,0.071,0.333,1
"Mfge8",0.0926073894483914,-1.09165975150003,0.071,0.333,1
"Pde8a",0.0926073894483914,-0.925610061406281,0.071,0.333,1
"Numa1",0.0926073894483914,-0.783986405765403,0.071,0.333,1
"Zbtb44",0.0926073894483914,-0.86986686490294,0.071,0.333,1
"Cep164",0.0926073894483914,-1.02213321034173,0.071,0.333,1
"4930455C13Rik",0.0926073894483914,-0.990173303646541,0.071,0.333,1
"Pdia6",0.0926073894483914,-0.823567887575696,0.071,0.333,1
"Mrs2",0.0926073894483914,-0.837975134811284,0.071,0.333,1
"Homer1",0.0926073894483914,-0.720229666818843,0.071,0.333,1
"Il6st",0.0926073894483914,-0.686799431626895,0.071,0.333,1
"Senp5",0.0926073894483914,-1.11083221671746,0.071,0.333,1
"Slc35a2",0.0926073894483914,-0.944336153313496,0.071,0.333,1
"Txlng",0.0926073894483914,-0.863497129519432,0.071,0.333,1
"Tafa1",0.093122572946181,0.788122375036109,0.643,0.25,1
"Lrrc57",0.0931615305354862,-0.957814973853189,0.143,0.417,1
"Src",0.0931615305354862,0.723193395991597,0.429,0.083,1
"D3Ertd751e",0.0931615305354862,-0.859507074390112,0.143,0.417,1
"Foxj3",0.0931615305354862,-0.938302001709834,0.143,0.417,1
"Hmgb1",0.0931615305354862,-1.11667627787381,0.143,0.417,1
"Fgfr1op2",0.0931615305354862,0.666526857965133,0.429,0.083,1
"Rps13",0.0931615305354862,-0.820419333436659,0.143,0.417,1
"2610005L07Rik",0.0931615305354862,0.814917154418367,0.429,0.083,1
"Syne2",0.0931615305354862,0.655433832392301,0.429,0.083,1
"Agtpbp1",0.0931615305354862,-1.10740496192265,0.143,0.417,1
"Sap130",0.0931615305354862,-0.736963857911345,0.143,0.417,1
"Mllt10",0.0936338537071211,0.917641845661461,0.643,0.333,1
"Gtdc1",0.0945913991868126,1.26257773989146,0.357,0.083,1
"Trim35",0.0945913991868126,0.840000815724523,0.357,0.083,1
"Scaf11",0.0945913991868126,0.848524753258651,0.357,0.083,1
"Dlgap1",0.0945993524699114,0.509786633603449,1,1,1
"Birc6",0.0953332621512737,0.72680656072251,0.714,0.5,1
"Ttc17",0.095558003270629,0.777658663895463,0.429,0.167,1
"Ecpas",0.095558003270629,0.871085015400984,0.429,0.167,1
"Sorcs2",0.095558003270629,0.735972400273825,0.429,0.167,1
"Creb5",0.095558003270629,0.924210129917989,0.429,0.167,1
"Pld3",0.095558003270629,-0.719874439602086,0.143,0.5,1
"Pgap2",0.095558003270629,0.729205719269802,0.429,0.167,1
"Ppp2r3a",0.095558003270629,-0.767038447378705,0.143,0.5,1
"Vmp1",0.095558003270629,-0.724315664074148,0.143,0.5,1
"Mgat5b",0.095558003270629,-0.622008955869928,0.143,0.5,1
"Laptm4a",0.095558003270629,0.713345828587979,0.429,0.167,1
"Mrtfb",0.095558003270629,-0.890685706130387,0.143,0.5,1
"Tmem63b",0.095558003270629,-0.512147252284608,0.143,0.5,1
"Pot1b",0.095558003270629,0.876615676970583,0.429,0.167,1
"Shc4",0.0957619826148404,0.788137647296506,0.5,0.167,1
"Mfn1",0.0957619826148404,0.352620098411916,0.5,0.167,1
"Adgrl1",0.0957619826148404,0.7931279789364,0.5,0.167,1
"6820431F20Rik",0.0987048097910909,-0.712679019288921,0.286,0.667,1
"Fat3",0.100183897451469,-0.656535421461889,0.571,0.833,1
"Nfasc",0.100203508523114,-1.03895789947614,0.214,0.583,1
"Lrp4",0.100203508523114,1.09242780817268,0.5,0.25,1
"Cdk11b",0.100203508523114,-0.698917867644424,0.214,0.583,1
"Rabac1",0.100203508523114,-1.11794934583157,0.214,0.583,1
"Elavl1",0.100203508523114,0.890848308121607,0.5,0.25,1
"Pcdh10",0.102827505755541,0.709309198329252,0.714,0.417,1
"Ptprj",0.103054924421116,-0.828188403582563,0.286,0.583,1
"Gm48678",0.103054924421116,0.92059222249985,0.571,0.25,1
"Grik2",0.103108586054622,0.722702234392299,0.857,0.667,1
"Robo1",0.103108586054622,-0.628454766972915,0.571,1,1
"Nrg3",0.104002244885742,0.447268539514884,0.929,0.667,1
"Gm38505",0.104270034403399,1.14315493953487,0.643,0.417,1
"Gm16041",0.104849863836215,0.703589967395789,0.214,0,1
"Rpl31",0.104849863836215,0.692522070004055,0.214,0,1
"Pms1",0.104849863836215,0.705120858908327,0.214,0,1
"Ttll4",0.104849863836215,0.750210141547346,0.214,0,1
"Ube2f",0.104849863836215,0.752779346544294,0.214,0,1
"Septin2",0.104849863836215,0.610841955862619,0.214,0,1
"Ipo9",0.104849863836215,0.782798143101573,0.214,0,1
"Mgst3",0.104849863836215,0.630169258400955,0.214,0,1
"Adss",0.104849863836215,0.658016600353865,0.214,0,1
"Mia3",0.104849863836215,0.671915622247355,0.214,0,1
"Fbh1",0.104849863836215,0.806139779083644,0.214,0,1
"Rprm",0.104849863836215,0.76163588676492,0.214,0,1
"Sestd1",0.104849863836215,0.832166995220317,0.214,0,1
"Arl14ep",0.104849863836215,0.634566339562026,0.214,0,1
"Zc3h8",0.104849863836215,0.899441619054218,0.214,0,1
"Shld1",0.104849863836215,0.65011027891901,0.214,0,1
"Naa20",0.104849863836215,0.732413369447644,0.214,0,1
"Gm10130",0.104849863836215,0.754214222745774,0.214,0,1
"Vapb",0.104849863836215,0.618901002638427,0.214,0,1
"Gm16337",0.104849863836215,0.80723403172895,0.214,0,1
"Lxn",0.104849863836215,0.711538875523344,0.214,0,1
"Fdps",0.104849863836215,0.815050659210278,0.214,0,1
"Dpm3",0.104849863836215,0.761108404961905,0.214,0,1
"Ilf2",0.104849863836215,0.627928956066648,0.214,0,1
"Snapin",0.104849863836215,0.822173415280872,0.214,0,1
"Them4",0.104849863836215,0.978196953159809,0.214,0,1
"Gabpb2",0.104849863836215,0.666048173607381,0.214,0,1
"6330562C20Rik",0.104849863836215,0.670108671938701,0.214,0,1
"Rap1a",0.104849863836215,0.679385751129177,0.214,0,1
"Dnttip2",0.104849863836215,0.707518071587682,0.214,0,1
"Adh5",0.104849863836215,0.598119602892419,0.214,0,1
"Odf2l",0.104849863836215,0.751301348022817,0.214,0,1
"Topors",0.104849863836215,0.679077262453708,0.214,0,1
"Tex10",0.104849863836215,0.936139843542077,0.214,0,1
"Msantd3",0.104849863836215,0.70201791280765,0.214,0,1
"Gm12743",0.104849863836215,0.68163665507712,0.214,0,1
"Lrrc41",0.104849863836215,0.748585928087875,0.214,0,1
"Tmem53",0.104849863836215,0.713578031671698,0.214,0,1
"Ccdc28b",0.104849863836215,0.71920392697121,0.214,0,1
"Ahdc1",0.104849863836215,0.682214361192404,0.214,0,1
"Sdhb",0.104849863836215,0.739875216377113,0.214,0,1
"Elapor2",0.104849863836215,0.771321295110674,0.214,0,1
"Tnip2",0.104849863836215,0.732817365760635,0.214,0,1
"Hs3st1",0.104849863836215,0.715279468611971,0.214,0,1
"Slit2",0.104849863836215,0.849847214178089,0.214,0,1
"ENSMUSG00000120639",0.104849863836215,0.688010151161619,0.214,0,1
"Nudt9",0.104849863836215,0.730387586599233,0.214,0,1
"Sgsm1",0.104849863836215,0.771321295110674,0.214,0,1
"Sart3",0.104849863836215,0.64533126068346,0.214,0,1
"Acacb",0.104849863836215,0.670108671938701,0.214,0,1
"Vsig10",0.104849863836215,0.854380129064544,0.214,0,1
"Bcl7a",0.104849863836215,0.770862496944105,0.214,0,1
"Ddx55",0.104849863836215,0.682214361192404,0.214,0,1
"Cnpy4",0.104849863836215,0.76335598608163,0.214,0,1
"Rfc3",0.104849863836215,0.884025898787536,0.214,0,1
"Asns",0.104849863836215,0.91355864719348,0.214,0,1
"Cep41",0.104849863836215,0.802673526429025,0.214,0,1
"Scrn1",0.104849863836215,0.711531542215653,0.214,0,1
"Nt5c3",0.104849863836215,0.727559367933275,0.214,0,1
"Aup1",0.104849863836215,0.606371856078936,0.214,0,1
"Bola3",0.104849863836215,0.665679393206441,0.214,0,1
"Tet3",0.104849863836215,0.657332587934184,0.214,0,1
"Lsm3",0.104849863836215,0.630169258400955,0.214,0,1
"Adamts9",0.104849863836215,0.93403602347868,0.214,0,1
"Mtmr14",0.104849863836215,0.698136017907567,0.214,0,1
"Lpcat3",0.104849863836215,0.59124060218586,0.214,0,1
"Cracr2a",0.104849863836215,0.598119602892419,0.214,0,1
"Gpr19",0.104849863836215,0.696344503148259,0.214,0,1
"Cnot3",0.104849863836215,0.617472849461282,0.214,0,1
"Zfp606",0.104849863836215,0.728297783007409,0.214,0,1
"Ppp5c",0.104849863836215,0.657430797868923,0.214,0,1
"Nova2",0.104849863836215,1.13445215242535,0.214,0,1
"BC024978",0.104849863836215,0.657661555791181,0.214,0,1
"Pdcd2l",0.104849863836215,0.697814569385501,0.214,0,1
"2610021A01Rik",0.104849863836215,0.658016600353865,0.214,0,1
"Zfp975",0.104849863836215,0.721306982743385,0.214,0,1
"Kcnc1",0.104849863836215,0.739638227167786,0.214,0,1
"Uevld",0.104849863836215,0.644541442346276,0.214,0,1
"Svip",0.104849863836215,0.716028904688418,0.214,0,1
"Gm44508",0.104849863836215,0.727651955665157,0.214,0,1
"Zfp592",0.104849863836215,0.958706878603075,0.214,0,1
"Acer3",0.104849863836215,0.708025377277313,0.214,0,1
"Rras2",0.104849863836215,0.798689217085645,0.214,0,1
"Cog7",0.104849863836215,0.833838087021993,0.214,0,1
"Rabep2",0.104849863836215,0.879734506633816,0.214,0,1
"Bub3",0.104849863836215,0.666048173607381,0.214,0,1
"Rnh1",0.104849863836215,0.75072170447426,0.214,0,1
"Gpat4",0.104849863836215,0.644639514001598,0.214,0,1
"Trmt9b",0.104849863836215,1.01821789727059,0.214,0,1
"Mtus1",0.104849863836215,0.779858013046858,0.214,0,1
"AW046200",0.104849863836215,0.625395661137577,0.214,0,1
"Tmem184c",0.104849863836215,0.652648172718199,0.214,0,1
"Calr",0.104849863836215,0.813992899024143,0.214,0,1
"Neto2",0.104849863836215,0.810649468616649,0.214,0,1
"Amfr",0.104849863836215,0.76433963328967,0.214,0,1
"Phaf1",0.104849863836215,0.820518631677957,0.214,0,1
"Rhou",0.104849863836215,0.864574506637203,0.214,0,1
"Kbtbd3",0.104849863836215,0.562379977550235,0.214,0,1
"4931406C07Rik",0.104849863836215,0.858049615712155,0.214,0,1
"ENSMUSG00000120169",0.104849863836215,0.739009285720128,0.214,0,1
"Tbcel",0.104849863836215,0.74820498362186,0.214,0,1
"Oaf",0.104849863836215,0.71814389030124,0.214,0,1
"Gm7435",0.104849863836215,0.606003869964781,0.214,0,1
"Parp6",0.104849863836215,0.729095108933148,0.214,0,1
"Ints14",0.104849863836215,0.661745693715354,0.214,0,1
"Gm16153",0.104849863836215,0.59124060218586,0.214,0,1
"Echdc1",0.104849863836215,0.666478300667676,0.214,0,1
"Zup1",0.104849863836215,0.680618827959852,0.214,0,1
"Ppil6",0.104849863836215,0.730387586599233,0.214,0,1
"Man1a",0.104849863836215,0.8435655782002,0.214,0,1
"Sar1a",0.104849863836215,0.643420126719504,0.214,0,1
"Gstt1",0.104849863836215,0.59346333426307,0.214,0,1
"Nopchap1",0.104849863836215,0.723522744378042,0.214,0,1
"Washc4",0.104849863836215,0.779787467469162,0.214,0,1
"Xpot",0.104849863836215,0.598119602892419,0.214,0,1
"Dtx3",0.104849863836215,0.887366802799009,0.214,0,1
"Patz1",0.104849863836215,0.896724419295605,0.214,0,1
"Papolg",0.104849863836215,0.739926845159931,0.214,0,1
"Ccnjl",0.104849863836215,0.652962364134696,0.214,0,1
"Nt5m",0.104849863836215,0.59124060218586,0.214,0,1
"Ndel1",0.104849863836215,0.6793782525499,0.214,0,1
"Wscd1",0.104849863836215,0.735139995208074,0.214,0,1
"Wdr81",0.104849863836215,0.647777067107124,0.214,0,1
"Cpd",0.104849863836215,0.751301348022817,0.214,0,1
"Aatf",0.104849863836215,0.698977741145959,0.214,0,1
"4930556N13Rik",0.104849863836215,0.683773212275943,0.214,0,1
"Mrpl27",0.104849863836215,0.802673526429025,0.214,0,1
"Stat3",0.104849863836215,0.702675267240569,0.214,0,1
"ENSMUSG00000120012",0.104849863836215,0.651889243215444,0.214,0,1
"Gm11714",0.104849863836215,0.965647869643504,0.214,0,1
"Rgs9",0.104849863836215,1.10243208473834,0.214,0,1
"Mafg",0.104849863836215,0.847695519742174,0.214,0,1
"Dtnb",0.104849863836215,0.986786453404159,0.214,0,1
"Fam228a",0.104849863836215,0.722879588959619,0.214,0,1
"Gm43517",0.104849863836215,0.75727868433976,0.214,0,1
"Pals1",0.104849863836215,0.809312077607461,0.214,0,1
"Gm5441",0.104849863836215,0.734583102374858,0.214,0,1
"Mfsd14b",0.104849863836215,0.678177360254702,0.214,0,1
"Arrdc3",0.104849863836215,0.732817365760635,0.214,0,1
"Mrps36",0.104849863836215,0.924605449543026,0.214,0,1
"Plpp1",0.104849863836215,0.736912892194325,0.214,0,1
"Snx18",0.104849863836215,0.735451692982769,0.214,0,1
"Nkiras1",0.104849863836215,0.711463670681738,0.214,0,1
"Fezf2",0.104849863836215,0.773767494435348,0.214,0,1
"Gm48602",0.104849863836215,0.803222219767362,0.214,0,1
"Ercc6",0.104849863836215,0.619842085790928,0.214,0,1
"4930527F14Rik",0.104849863836215,0.746603542527439,0.214,0,1
"Cgrrf1",0.104849863836215,0.643420126719504,0.214,0,1
"Pip4p1",0.104849863836215,0.772270118519641,0.214,0,1
"Scara3",0.104849863836215,0.746603542527439,0.214,0,1
"Bmp1",0.104849863836215,0.727559367933275,0.214,0,1
"Gfra2",0.104849863836215,0.632332860161111,0.214,0,1
"Atpsckmt",0.104849863836215,0.698976111775228,0.214,0,1
"Rnf19a",0.104849863836215,0.716028904688418,0.214,0,1
"Lrp12",0.104849863836215,0.669739265424021,0.214,0,1
"Tbc1d31",0.104849863836215,0.794335941031615,0.214,0,1
"Lynx1",0.104849863836215,0.727651955665157,0.214,0,1
"Top1mt",0.104849863836215,0.751301348022817,0.214,0,1
"Vps28",0.104849863836215,0.686228032468477,0.214,0,1
"Arhgap39",0.104849863836215,0.726139874099352,0.214,0,1
"1700037C18Rik",0.104849863836215,0.869379931936451,0.214,0,1
"Usp7",0.104849863836215,0.688010151161619,0.214,0,1
"Spice1",0.104849863836215,0.706952031997946,0.214,0,1
"Htr1f",0.104849863836215,0.662177557269322,0.214,0,1
"9030025P20Rik",0.104849863836215,0.694104500318154,0.214,0,1
"Eci1",0.104849863836215,0.702675267240569,0.214,0,1
"Noxo1",0.104849863836215,0.657661555791181,0.214,0,1
"Metrn",0.104849863836215,0.739083068320719,0.214,0,1
"Fance",0.104849863836215,0.674385872088122,0.214,0,1
"Abhd16a",0.104849863836215,0.723023257237893,0.214,0,1
"Cenpq",0.104849863836215,0.732413369447644,0.214,0,1
"Oard1",0.104849863836215,0.656744829814133,0.214,0,1
"Polr2d",0.104849863836215,0.652648172718199,0.214,0,1
"Cdo1",0.104849863836215,0.730701906657621,0.214,0,1
"Sema6a",0.104849863836215,0.993897261339106,0.214,0,1
"Rps6kb2",0.104849863836215,0.957962849583451,0.214,0,1
"Gm21992",0.104849863836215,0.640508288729892,0.214,0,1
"Dtx4",0.104849863836215,0.598119602892419,0.214,0,1
"Cep78",0.104849863836215,0.770772641299294,0.214,0,1
"Got1",0.104849863836215,0.681547615289167,0.214,0,1
"Entpd7",0.104849863836215,0.770862496944105,0.214,0,1
"Ldb1",0.104849863836215,0.778201950011112,0.214,0,1
"Ddx3x",0.104849863836215,0.649682441954975,0.214,0,1
"Atp6ap1",0.104849863836215,0.667861878480328,0.214,0,1
"Apoo",0.104849863836215,0.948066890698498,0.214,0,1
"Yipf6",0.104849863836215,0.723752043351256,0.214,0,1
"5530601H04Rik",0.104849863836215,0.652962364134696,0.214,0,1
"Trmt2b",0.104849863836215,0.779787467469162,0.214,0,1
"Fgd1",0.104849863836215,0.754897804099592,0.214,0,1
"Wnk3",0.104849863836215,0.92625468547333,0.214,0,1
"Usp51",0.104849863836215,0.802673526429025,0.214,0,1
"ENSMUSG00000120664",0.104849863836215,0.661415983577216,0.214,0,1
"Kdm4c",0.104896601754959,1.09257551316189,0.643,0.333,1
"Chd2",0.104896601754959,0.664397559383033,0.571,0.417,1
"Tnik",0.104954573117102,-0.45995278418496,0.786,1,1
"Ptprd",0.105192505120041,0.494621845359869,1,0.917,1
"Zbtb20",0.105192505120041,0.442588706937673,1,1,1
"Acadm",0.106720590743143,-0.593442184951589,0.143,0.417,1
"Smarcad1",0.106720590743143,-0.817736248695742,0.143,0.417,1
"Eefsec",0.106720590743143,-0.650577860843759,0.143,0.417,1
"Ftl1",0.106720590743143,-0.682815122551767,0.143,0.417,1
"Zdhhc17",0.106720590743143,-0.801533223034559,0.143,0.417,1
"Gm55122",0.106720590743143,-0.831871395024509,0.143,0.417,1
"Rbm10",0.106720590743143,-0.901337397033699,0.143,0.417,1
"Eloc",0.108042410551999,-0.718994752345371,0.071,0.333,1
"Ppid",0.108042410551999,-0.649217063020557,0.071,0.333,1
"Fbxo42",0.108042410551999,-0.662404634358936,0.071,0.333,1
"Gna12",0.108042410551999,-0.982724014739592,0.071,0.333,1
"Far1os",0.108042410551999,-0.963042587909902,0.071,0.333,1
"Syt17",0.108042410551999,-0.828364654357163,0.071,0.333,1
"Sh3pxd2b",0.108042410551999,-0.839858611420622,0.071,0.333,1
"Fndc9",0.108042410551999,-0.700835353141695,0.071,0.333,1
"2610507B11Rik",0.108042410551999,-0.643820334293526,0.071,0.333,1
"Sirt7",0.108042410551999,-0.685464160205826,0.071,0.333,1
"Cct5",0.108042410551999,-0.850310087101795,0.071,0.333,1
"Boc",0.108042410551999,-0.750313476073838,0.071,0.333,1
"Zfp318",0.108042410551999,-0.682305293756463,0.071,0.333,1
"R3hcc1l",0.108042410551999,-0.716573712181441,0.071,0.333,1
"AA387883",0.108042410551999,-0.933613107102179,0.071,0.333,1
"Cops5",0.108453482452089,-0.796359136727067,0.214,0.5,1
"Dock10",0.108453482452089,-0.717043985361845,0.214,0.5,1
"Elovl6",0.108453482452089,0.917892539075156,0.5,0.167,1
"Ube2d3",0.108453482452089,-1.02072285979226,0.214,0.5,1
"Fam110b",0.108453482452089,0.912115760570399,0.5,0.167,1
"5031425E22Rik",0.108453482452089,-0.995288948896513,0.214,0.5,1
"Cox5a",0.108453482452089,-0.915745428257153,0.214,0.5,1
"Top2b",0.108453482452089,-0.69462951516245,0.214,0.5,1
"Clpp",0.108453482452089,0.745526394914778,0.5,0.167,1
"Thap3",0.108739758162487,0.783575359978601,0.429,0.167,1
"Mfhas1",0.108739758162487,-0.944467940487904,0.143,0.5,1
"Mtif2",0.108739758162487,0.836245956636883,0.429,0.167,1
"6720427I07Rik",0.108739758162487,-0.773170145964126,0.143,0.5,1
"Sdc2",0.108739758162487,-0.672913922548877,0.143,0.5,1
"Slitrk2",0.108739758162487,0.829403224981949,0.429,0.167,1
"Dynlrb1",0.109153965157568,0.73748939465772,0.357,0.083,1
"Ldb2",0.109153965157568,0.719934212368569,0.357,0.083,1
"Nipsnap2",0.109153965157568,1.01558556456907,0.357,0.083,1
"Gm16984",0.109153965157568,0.644650646842252,0.357,0.083,1
"Marchf6",0.109153965157568,0.895725841162783,0.357,0.083,1
"Grin2c",0.11017192175012,0.79719091660808,0.714,0.333,1
"Rims2",0.110221011395383,0.614782946143912,0.929,0.75,1
"Kansl1",0.11066893298355,-0.507219783001252,0.286,0.667,1
"Sema6d",0.110770259892868,0.517636881743534,0.929,0.917,1
"Zfp462",0.113196687797496,-0.700765034318222,0.643,0.833,1
"Ralgapa1",0.114514734452873,0.316609317143786,0.857,0.667,1
"Mycbp2",0.11545470861137,-0.717793033772844,0.786,0.833,1
"Specc1",0.115714260958828,0.84833474454205,0.571,0.25,1
"Ssh2",0.115714260958828,0.864212403465831,0.571,0.25,1
"Arhgap5",0.116455951673283,-0.410913064691583,0.786,1,1
"Ntrk2",0.116455951673283,-0.312727631587666,0.857,0.917,1
"Dmd",0.116706034152522,0.45711521661649,1,0.917,1
"Copg2",0.11706612320357,0.727453556992728,0.643,0.25,1
"Micu3",0.11706612320357,-0.849239945651846,0.357,0.583,1
"Hmgn3",0.117209075170092,0.729896791953747,0.643,0.333,1
"Atxn1",0.117209075170092,0.834028988246815,0.643,0.333,1
"Vcl",0.117209075170092,0.770830308573024,0.643,0.333,1
"Fnbp1",0.117423830058091,0.438063821241892,0.786,0.583,1
"Acsl3",0.121277822788301,0.59728375639452,0.714,0.583,1
"Trpc4ap",0.121798425497185,-0.702752373284371,0.143,0.417,1
"Slc10a7",0.121798425497185,-0.743488034633798,0.143,0.417,1
"Fxyd6",0.121798425497185,-0.706356783675376,0.143,0.417,1
"Stx7",0.121798425497185,-0.759412013266157,0.143,0.417,1
"Tmem267",0.121798425497185,-1.09453043925561,0.143,0.417,1
"Uchl3",0.121798425497185,-0.674311279823001,0.143,0.417,1
"Abcf1",0.121798425497185,-0.69995000048641,0.143,0.417,1
"Kdm3b",0.121798425497185,-0.931712433356247,0.143,0.417,1
"Prex2",0.122182365992006,0.644133941767641,0.929,0.75,1
"Tank",0.122440553885725,-0.610738318968946,0.214,0.5,1
"Khdrbs1",0.122440553885725,-0.744131392763336,0.214,0.5,1
"Gm37679",0.123320192218783,0.910099566788425,0.429,0.167,1
"Madd",0.123320192218783,-0.502570084233832,0.143,0.5,1
"Tet2",0.123320192218783,-0.565483159463027,0.143,0.5,1
"Runx1t1",0.123320192218783,0.764224066998417,0.429,0.167,1
"Atxn7",0.123320192218783,0.727216557813672,0.429,0.167,1
"Gucy1b1",0.125434870740229,0.604017217670664,0.357,0.083,1
"Ptpre",0.125434870740229,0.71847229526848,0.357,0.083,1
"Alkbh8",0.125434870740229,0.764456637478804,0.357,0.083,1
"Rab8b",0.125434870740229,0.899952760934555,0.357,0.083,1
"Mif",0.125434870740229,0.746672968770941,0.357,0.083,1
"Kansl3",0.125446499533706,-0.735729602719049,0.071,0.333,1
"Ilkap",0.125446499533706,-0.616565961835818,0.071,0.333,1
"Angel2",0.125446499533706,-0.593386843348859,0.071,0.333,1
"Bbln",0.125446499533706,-0.697625685157498,0.071,0.333,1
"Psmc3",0.125446499533706,-0.727767488100151,0.071,0.333,1
"Eif3j1",0.125446499533706,-0.946415503120181,0.071,0.333,1
"Spata5",0.125446499533706,-0.793860747199435,0.071,0.333,1
"4921511C10Rik",0.125446499533706,-0.61157463391817,0.071,0.333,1
"Akr1a1",0.125446499533706,-0.874836411903451,0.071,0.333,1
"Cnot6l",0.125446499533706,-0.628664313300888,0.071,0.333,1
"St3gal5",0.125446499533706,-0.89072264555525,0.071,0.333,1
"Rlbp1",0.125446499533706,-0.574053367068011,0.071,0.333,1
"Fam76b",0.125446499533706,-0.804716200028191,0.071,0.333,1
"Ryk",0.125446499533706,-0.60463695685315,0.071,0.333,1
"Hace1",0.125446499533706,-0.558224519078449,0.071,0.333,1
"Pcbd2",0.125446499533706,-0.614144179681307,0.071,0.333,1
"Gm47423",0.125446499533706,-0.946458178938094,0.071,0.333,1
"4833420G17Rik",0.125446499533706,-0.794470516487118,0.071,0.333,1
"Psmb5",0.125446499533706,-0.712102756099323,0.071,0.333,1
"Slc2a13",0.125446499533706,-0.769899521857369,0.071,0.333,1
"Flrt1",0.125446499533706,-0.542481159290496,0.071,0.333,1
"mt-Co1",0.125446499533706,-0.657963179593389,0.071,0.333,1
"Tmcc1",0.125509367366797,-0.625995367288486,0.643,0.833,1
"Srrm2",0.125509367366797,-0.566673074706437,0.643,0.833,1
"Glis3",0.125509367366797,0.646690955530933,0.786,0.667,1
"Glrb",0.126898159537999,0.756330946297232,0.5,0.25,1
"Sbno1",0.126898159537999,0.80914631974837,0.5,0.25,1
"Zfp266",0.126898159537999,0.705605312617301,0.5,0.25,1
"Mark2",0.126898159537999,0.801010801925176,0.5,0.25,1
"Pcm1",0.127426941987692,0.710074697115409,0.714,0.417,1
"Calm2",0.128924974481407,-0.668042974245134,0.786,1,1
"Negr1",0.129186851175455,-0.39928252387845,0.929,1,1
"Pygb",0.129565134931674,-0.632563998721285,0.286,0.583,1
"Pag1",0.129565134931674,-1.09550554121344,0.286,0.583,1
"Lncpint",0.129565134931674,-0.961004025167919,0.286,0.583,1
"A230057D06Rik",0.129565134931674,-0.888564984798215,0.286,0.583,1
"Gm48091",0.129565134931674,-0.75390066811599,0.286,0.583,1
"Nova1",0.129565134931674,-1.14731799442647,0.286,0.583,1
"Zmynd11",0.129565134931674,-0.613626246068494,0.286,0.583,1
"Pias2",0.129565134931674,-0.699778385429916,0.286,0.583,1
"Nsd3",0.130628513735064,0.817351171548832,0.643,0.333,1
"Kazn",0.13072830478561,-1.3527338731357,0.357,0.583,1
"Kcnq3",0.131282698649148,0.815504311161632,0.714,0.5,1
"Gdap1",0.133060613327982,-0.466270167120977,0,0.167,1
"Rab23",0.133060613327982,-0.785460280955143,0,0.167,1
"Plekhb2",0.133060613327982,-0.386991954192597,0,0.167,1
"Osgepl1",0.133060613327982,-0.498497912340639,0,0.167,1
"Gtf3c3",0.133060613327982,-0.518767741235361,0,0.167,1
"Coq10b",0.133060613327982,-0.528814295528539,0,0.167,1
"Satb2",0.133060613327982,-0.598157065321461,0,0.167,1
"Nif3l1",0.133060613327982,-0.693298186970235,0,0.167,1
"Fam117b",0.133060613327982,-0.616449159340834,0,0.167,1
"Gm13748",0.133060613327982,-0.527929333305341,0,0.167,1
"Rnf25",0.133060613327982,-0.474423848734659,0,0.167,1
"Dnajb2",0.133060613327982,-0.444734954875127,0,0.167,1
"Dnpep",0.133060613327982,-0.466270167120977,0,0.167,1
"Chpf",0.133060613327982,-0.476189952775282,0,0.167,1
"Kdsr",0.133060613327982,-0.557891088916068,0,0.167,1
"A830008E24Rik",0.133060613327982,-0.529314483725295,0,0.167,1
"Qsox1",0.133060613327982,-0.531014693374537,0,0.167,1
"Gm37848",0.133060613327982,-0.657461753591271,0,0.167,1
"Rcsd1",0.133060613327982,-0.529314483725295,0,0.167,1
"Kcnj10",0.133060613327982,-0.703611307886364,0,0.167,1
"Cnst",0.133060613327982,-0.583477341081242,0,0.167,1
"Pycr2",0.133060613327982,-0.527929333305341,0,0.167,1
"Cnih3",0.133060613327982,-0.718114984996533,0,0.167,1
"ENSMUSG00000121189",0.133060613327982,-0.52316327384927,0,0.167,1
"Kctd3",0.133060613327982,-0.474423848734659,0,0.167,1
"Ints7",0.133060613327982,-0.571168325301876,0,0.167,1
"Cd46",0.133060613327982,-0.531014693374537,0,0.167,1
"Prpf18",0.133060613327982,-0.557891088916068,0,0.167,1
"Bend7",0.133060613327982,-0.657461753591271,0,0.167,1
"Dhtkd1",0.133060613327982,-0.618030711467295,0,0.167,1
"8030442B05Rik",0.133060613327982,-0.529314483725295,0,0.167,1
"Thnsl1",0.133060613327982,-0.757923110360496,0,0.167,1
"Zdhhc12",0.133060613327982,-0.519271424159161,0,0.167,1
"Ntmt1",0.133060613327982,-0.52316327384927,0,0.167,1
"Ptges",0.133060613327982,-0.694087334442594,0,0.167,1
"Ncs1",0.133060613327982,-0.528429828362965,0,0.167,1
"Fam102a",0.133060613327982,-0.519271424159161,0,0.167,1
"Fpgs",0.133060613327982,-0.476189952775282,0,0.167,1
"Psmd5",0.133060613327982,-0.617279262221117,0,0.167,1
"ENSMUSG00000121160",0.133060613327982,-0.525981151969001,0,0.167,1
"Atp5g3",0.133060613327982,-0.488237248365574,0,0.167,1
"Mtx2",0.133060613327982,-0.470828335452785,0,0.167,1
"Dnajc10",0.133060613327982,-0.568616769365822,0,0.167,1
"Ndufs3",0.133060613327982,-0.645684067566096,0,0.167,1
"Ptpmt1",0.133060613327982,-0.891335035178217,0,0.167,1
"Api5",0.133060613327982,-0.519271424159161,0,0.167,1
"Gm13883",0.133060613327982,-0.598157065321461,0,0.167,1
"Exd1",0.133060613327982,-0.498497912340639,0,0.167,1
"Itpka",0.133060613327982,-0.583477341081242,0,0.167,1
"Ccndbp1",0.133060613327982,-0.580857723554782,0,0.167,1
"Ckmt1",0.133060613327982,-0.525372300925118,0,0.167,1
"Serf2",0.133060613327982,-0.58183788229396,0,0.167,1
"Mfap1a",0.133060613327982,-0.748696876096859,0,0.167,1
"1810024B03Rik",0.133060613327982,-0.498497912340639,0,0.167,1
"Pcna",0.133060613327982,-0.422090096744625,0,0.167,1
"AV099323",0.133060613327982,-0.523665424778624,0,0.167,1
"4930545L23Rik",0.133060613327982,-0.531126054951634,0,0.167,1
"Syndig1",0.133060613327982,-0.710428218811277,0,0.167,1
"Ninl",0.133060613327982,-0.475770160564333,0,0.167,1
"Nsfl1c",0.133060613327982,-0.536945799838034,0,0.167,1
"Gm45609",0.133060613327982,-0.530131080279655,0,0.167,1
"Cnbd2",0.133060613327982,-0.803554122950141,0,0.167,1
"4930405A21Rik",0.133060613327982,-0.647252593000846,0,0.167,1
"Dbndd2",0.133060613327982,-0.664934780860448,0,0.167,1
"Pigt",0.133060613327982,-0.555731333886273,0,0.167,1
"Nfatc2",0.133060613327982,-0.442929897362614,0,0.167,1
"Gm14326",0.133060613327982,-0.386991954192597,0,0.167,1
"Col9a3",0.133060613327982,-0.645222647083489,0,0.167,1
"Eef1a2",0.133060613327982,-0.470828335452785,0,0.167,1
"Arfrp1",0.133060613327982,-0.571168325301876,0,0.167,1
"Impa1",0.133060613327982,-0.528429828362965,0,0.167,1
"ENSMUSG00000121477",0.133060613327982,-0.475770160564333,0,0.167,1
"Cp",0.133060613327982,-0.466270167120977,0,0.167,1
"1700112D23Rik",0.133060613327982,-0.694087334442594,0,0.167,1
"Gm37123",0.133060613327982,-0.627134581175991,0,0.167,1
"Gm42695",0.133060613327982,-0.52316327384927,0,0.167,1
"Cog6",0.133060613327982,-0.442929897362614,0,0.167,1
"Gm42608",0.133060613327982,-0.422090096744625,0,0.167,1
"Eif2a",0.133060613327982,-0.57626362238954,0,0.167,1
"Pdgfc",0.133060613327982,-0.693298186970235,0,0.167,1
"Gucy1a1",0.133060613327982,-0.571168325301876,0,0.167,1
"Map9",0.133060613327982,-0.442929897362614,0,0.167,1
"Hdgf",0.133060613327982,-0.422090096744625,0,0.167,1
"Ssr2",0.133060613327982,-0.529314483725295,0,0.167,1
"Scamp3",0.133060613327982,-0.488237248365574,0,0.167,1
"Hax1",0.133060613327982,-0.531126054951634,0,0.167,1
"Tdrkh",0.133060613327982,-0.571168325301876,0,0.167,1
"Rfx5",0.133060613327982,-0.52316327384927,0,0.167,1
"Pip5k1a",0.133060613327982,-0.422090096744625,0,0.167,1
"Vps72",0.133060613327982,-0.466270167120977,0,0.167,1
"Ctsk",0.133060613327982,-0.520983503756383,0,0.167,1
"Bola1",0.133060613327982,-0.528814295528539,0,0.167,1
"Rbm8a",0.133060613327982,-0.606829600472441,0,0.167,1
"Pias3",0.133060613327982,-0.602317592163651,0,0.167,1
"Synpo2",0.133060613327982,-0.645684067566096,0,0.167,1
"Lamtor3",0.133060613327982,-0.575407301081027,0,0.167,1
"Gm43445",0.133060613327982,-0.556222277929229,0,0.167,1
"Miga1",0.133060613327982,-0.664934780860448,0,0.167,1
"Cth",0.133060613327982,-0.557891088916068,0,0.167,1
"Sdcbp",0.133060613327982,-0.386991954192597,0,0.167,1
"Ndufaf6",0.133060613327982,-0.386991954192597,0,0.167,1
"Coq3",0.133060613327982,-0.518767741235361,0,0.167,1
"Lyrm2",0.133060613327982,-0.741169907109079,0,0.167,1
"Pnrc1",0.133060613327982,-0.419716992752087,0,0.167,1
"Slc35a1",0.133060613327982,-0.442398838773844,0,0.167,1
"Phf24",0.133060613327982,-0.718114984996533,0,0.167,1
"Pigo",0.133060613327982,-0.420256464973202,0,0.167,1
"Fam214b",0.133060613327982,-0.647252593000846,0,0.167,1
"Rusc2",0.133060613327982,-0.685131604518614,0,0.167,1
"Fbxo10",0.133060613327982,-0.793079682194187,0,0.167,1
"Slc25a51",0.133060613327982,-0.49272664488716,0,0.167,1
"Slc31a1",0.133060613327982,-0.476189952775282,0,0.167,1
"Cdk5rap2",0.133060613327982,-0.555731333886273,0,0.167,1
"Mroh7",0.133060613327982,-0.689049050237895,0,0.167,1
"Lrrc42",0.133060613327982,-0.476189952775282,0,0.167,1
"Orc1",0.133060613327982,-0.470828335452785,0,0.167,1
"Gm12959",0.133060613327982,-0.422090096744625,0,0.167,1
"Cap1",0.133060613327982,-0.745306901010777,0,0.167,1
"Gm12925",0.133060613327982,-0.691827240339912,0,0.167,1
"Mrps15",0.133060613327982,-0.825223853807434,0,0.167,1
"Oscp1",0.133060613327982,-0.419716992752087,0,0.167,1
"Zscan20",0.133060613327982,-0.466270167120977,0,0.167,1
"Txlna",0.133060613327982,-0.474423848734659,0,0.167,1
"Kpna6",0.133060613327982,-0.520983503756383,0,0.167,1
"Taf12",0.133060613327982,-0.556222277929229,0,0.167,1
"Sesn2",0.133060613327982,-0.474423848734659,0,0.167,1
"Tmem222",0.133060613327982,-0.422090096744625,0,0.167,1
"Gale",0.133060613327982,-0.49272664488716,0,0.167,1
"Ece1",0.133060613327982,-0.422090096744625,0,0.167,1
"Slc66a1",0.133060613327982,-0.466270167120977,0,0.167,1
"Atp13a2",0.133060613327982,-0.422090096744625,0,0.167,1
"B330016D10Rik",0.133060613327982,-0.6323933921677,0,0.167,1
"Pdpn",0.133060613327982,-0.57202716563303,0,0.167,1
"Lzic",0.133060613327982,-0.794871183829649,0,0.167,1
"Slc25a33",0.133060613327982,-0.475770160564333,0,0.167,1
"Ajap1",0.133060613327982,-0.606829600472441,0,0.167,1
"Morn1",0.133060613327982,-0.488237248365574,0,0.167,1
"Gm4128",0.133060613327982,-0.497594151120454,0,0.167,1
"Orc5",0.133060613327982,-0.419716992752087,0,0.167,1
"Nupl2",0.133060613327982,-0.5045855500784,0,0.167,1
"Rnf32",0.133060613327982,-0.656530773124681,0,0.167,1
"Ift172",0.133060613327982,-0.386991954192597,0,0.167,1
"Zbtb49",0.133060613327982,-0.466270167120977,0,0.167,1
"Gm42413",0.133060613327982,-0.57626362238954,0,0.167,1
"Pi4k2b",0.133060613327982,-0.386991954192597,0,0.167,1
"Ppat",0.133060613327982,-0.442398838773844,0,0.167,1
"Coq2",0.133060613327982,-0.476189952775282,0,0.167,1
"Gm15788",0.133060613327982,-0.530131080279655,0,0.167,1
"ENSMUSG00000121115",0.133060613327982,-0.527929333305341,0,0.167,1
"Gatc",0.133060613327982,-0.444734954875127,0,0.167,1
"Rplp0",0.133060613327982,-0.386991954192597,0,0.167,1
"Naa25",0.133060613327982,-0.476189952775282,0,0.167,1
"Tmem116",0.133060613327982,-0.476189952775282,0,0.167,1
"Arpc3",0.133060613327982,-0.598157065321461,0,0.167,1
"Camkk2",0.133060613327982,-0.476687692744356,0,0.167,1
"Psmd9",0.133060613327982,-0.476687692744356,0,0.167,1
"Diablo",0.133060613327982,-0.422090096744625,0,0.167,1
"Zfp664",0.133060613327982,-0.5045855500784,0,0.167,1
"Mmp17",0.133060613327982,-0.685131604518614,0,0.167,1
"Gm42992",0.133060613327982,-0.475770160564333,0,0.167,1
"Gtf2ird2",0.133060613327982,-0.476687692744356,0,0.167,1
"Eln",0.133060613327982,-0.52316327384927,0,0.167,1
"Stx1a",0.133060613327982,-0.475770160564333,0,0.167,1
"Tmem120a",0.133060613327982,-0.581355579665372,0,0.167,1
"Srrt",0.133060613327982,-0.831681511406143,0,0.167,1
"Zkscan1",0.133060613327982,-0.58183788229396,0,0.167,1
"Ap4m1",0.133060613327982,-0.606829600472441,0,0.167,1
"6330418K02Rik",0.133060613327982,-0.475770160564333,0,0.167,1
"Tmem130",0.133060613327982,-0.647252593000846,0,0.167,1
"Gm42636",0.133060613327982,-0.58183788229396,0,0.167,1
"Stard13",0.133060613327982,-0.525372300925118,0,0.167,1
"Ica1",0.133060613327982,-0.386991954192597,0,0.167,1
"Tmem168",0.133060613327982,-0.685131604518614,0,0.167,1
"Gm15581",0.133060613327982,-0.520983503756383,0,0.167,1
"Tmem229a",0.133060613327982,-0.848221031207167,0,0.167,1
"Pot1a",0.133060613327982,-0.528429828362965,0,0.167,1
"Mest",0.133060613327982,-0.758349862657571,0,0.167,1
"Zfp212",0.133060613327982,-0.529314483725295,0,0.167,1
"Zfp783",0.133060613327982,-0.557870256530644,0,0.167,1
"Skap2",0.133060613327982,-0.62304511161397,0,0.167,1
"Vamp5",0.133060613327982,-0.444734954875127,0,0.167,1
"Lrrtm1",0.133060613327982,-0.555731333886273,0,0.167,1
"Ino80b",0.133060613327982,-0.60766747786543,0,0.167,1
"Fam136a",0.133060613327982,-0.474423848734659,0,0.167,1
"Snrpg",0.133060613327982,-0.476189952775282,0,0.167,1
"2610306M01Rik",0.133060613327982,-0.693298186970235,0,0.167,1
"Isy1",0.133060613327982,-0.825464135188377,0,0.167,1
"Chchd4",0.133060613327982,-0.518767741235361,0,0.167,1
"Frmd4b",0.133060613327982,-0.758349862657571,0,0.167,1
"Cand2",0.133060613327982,-0.488237248365574,0,0.167,1
"Gm20404",0.133060613327982,-0.618030711467295,0,0.167,1
"Phb2",0.133060613327982,-0.580857723554782,0,0.167,1
"Vamp1",0.133060613327982,-0.442929897362614,0,0.167,1
"Parp11",0.133060613327982,-0.597204858466232,0,0.167,1
"Bcat1",0.133060613327982,-0.571168325301876,0,0.167,1
"Zscan22",0.133060613327982,-0.631569756610156,0,0.167,1
"Rps5",0.133060613327982,-0.56654321580716,0,0.167,1
"Slc8a2",0.133060613327982,-0.488237248365574,0,0.167,1
"Gm29443",0.133060613327982,-0.442398838773844,0,0.167,1
"Ccdc61",0.133060613327982,-0.475770160564333,0,0.167,1
"Ercc1",0.133060613327982,-0.647252593000846,0,0.167,1
"Ercc2",0.133060613327982,-0.475770160564333,0,0.167,1
"Coq8b",0.133060613327982,-0.557891088916068,0,0.167,1
"Zfp60",0.133060613327982,-0.645684067566096,0,0.167,1
"Dyrk1b",0.133060613327982,-0.571168325301876,0,0.167,1
"Fbxo17",0.133060613327982,-0.57626362238954,0,0.167,1
"Zfp790",0.133060613327982,-0.386991954192597,0,0.167,1
"Gm12781",0.133060613327982,-0.476708719544228,0,0.167,1
"Lrp3",0.133060613327982,-0.552134477279085,0,0.167,1
"Nr1h2",0.133060613327982,-0.420256464973202,0,0.167,1
"Trpm4",0.133060613327982,-0.663841021549972,0,0.167,1
"Lin7b",0.133060613327982,-0.531126054951634,0,0.167,1
"Tulp2",0.133060613327982,-0.476687692744356,0,0.167,1
"Tubgcp5",0.133060613327982,-0.474423848734659,0,0.167,1
"Mtmr10",0.133060613327982,-0.557891088916068,0,0.167,1
"ENSMUSG00000121090",0.133060613327982,-0.606829600472441,0,0.167,1
"Acan",0.133060613327982,-0.606829600472441,0,0.167,1
"Blm",0.133060613327982,-0.56654321580716,0,0.167,1
"Gm45223",0.133060613327982,-0.556222277929229,0,0.167,1
"Ccdc90b",0.133060613327982,-0.529314483725295,0,0.167,1
"Aamdc",0.133060613327982,-0.575407301081027,0,0.167,1
"Clns1a",0.133060613327982,-0.645684067566096,0,0.167,1
"Slco2b1",0.133060613327982,-0.529314483725295,0,0.167,1
"Arap1",0.133060613327982,-0.527929333305341,0,0.167,1
"Apbb1",0.133060613327982,-0.523665424778624,0,0.167,1
"Gm15645",0.133060613327982,-0.419716992752087,0,0.167,1
"Tmem41b",0.133060613327982,-0.528429828362965,0,0.167,1
"Nucb2",0.133060613327982,-0.470828335452785,0,0.167,1
"4933432K03Rik",0.133060613327982,-0.571168325301876,0,0.167,1
"Usp31",0.133060613327982,-0.419716992752087,0,0.167,1
"Zkscan2",0.133060613327982,-0.664934780860448,0,0.167,1
"Sgf29",0.133060613327982,-0.645222647083489,0,0.167,1
"Kctd13",0.133060613327982,-0.84645520810811,0,0.167,1
"Bcl7c",0.133060613327982,-0.419716992752087,0,0.167,1
"9430038I01Rik",0.133060613327982,-0.575407301081027,0,0.167,1
"Glrx3",0.133060613327982,-0.575407301081027,0,0.167,1
"Urah",0.133060613327982,-0.583477341081242,0,0.167,1
"Bet1l",0.133060613327982,-0.442398838773844,0,0.167,1
"Abhd13",0.133060613327982,-0.419716992752087,0,0.167,1
"Cul4a",0.133060613327982,-0.444734954875127,0,0.167,1
"Champ1",0.133060613327982,-0.466270167120977,0,0.167,1
"Alg11",0.133060613327982,-0.57626362238954,0,0.167,1
"Smim19",0.133060613327982,-0.497594151120454,0,0.167,1
"Gm45555",0.133060613327982,-0.531126054951634,0,0.167,1
"Naf1",0.133060613327982,-0.555731333886273,0,0.167,1
"Mpv17l2",0.133060613327982,-0.602317592163651,0,0.167,1
"Pik3r2",0.133060613327982,-0.442929897362614,0,0.167,1
"Arhgap10",0.133060613327982,-0.488237248365574,0,0.167,1
"Gm4890",0.133060613327982,-0.557891088916068,0,0.167,1
"Abce1",0.133060613327982,-0.56654321580716,0,0.167,1
"Adgre5",0.133060613327982,-0.442398838773844,0,0.167,1
"Prkaca",0.133060613327982,-0.761362109014442,0,0.167,1
"Junb",0.133060613327982,-0.718114984996533,0,0.167,1
"Herpud1",0.133060613327982,-0.519271424159161,0,0.167,1
"Gm45767",0.133060613327982,-0.498497912340639,0,0.167,1
"Cbfb",0.133060613327982,-0.665844956843275,0,0.167,1
"4931428F04Rik",0.133060613327982,-0.442929897362614,0,0.167,1
"Nob1",0.133060613327982,-0.555731333886273,0,0.167,1
"Ddx19b",0.133060613327982,-0.56654321580716,0,0.167,1
"Cdyl2",0.133060613327982,-0.793399034070015,0,0.167,1
"Mphosph6",0.133060613327982,-0.575407301081027,0,0.167,1
"Galnt2",0.133060613327982,-0.442398838773844,0,0.167,1
"ENSMUSG00000120963",0.133060613327982,-0.49272664488716,0,0.167,1
"Med17",0.133060613327982,-0.525981151969001,0,0.167,1
"S1pr2",0.133060613327982,-0.466270167120977,0,0.167,1
"Pde4a",0.133060613327982,-0.647252593000846,0,0.167,1
"Fli1",0.133060613327982,-0.529314483725295,0,0.167,1
"Ei24",0.133060613327982,-0.694087334442594,0,0.167,1
"Gm48740",0.133060613327982,-0.70622930948128,0,0.167,1
"Rbm7",0.133060613327982,-0.665844956843275,0,0.167,1
"Usp28",0.133060613327982,-0.488237248365574,0,0.167,1
"Dlat",0.133060613327982,-0.444734954875127,0,0.167,1
"Mpi",0.133060613327982,-0.476708719544228,0,0.167,1
"Ubl7",0.133060613327982,-0.476687692744356,0,0.167,1
"Cln6",0.133060613327982,-0.466270167120977,0,0.167,1
"Rsl24d1",0.133060613327982,-0.476189952775282,0,0.167,1
"Lca5",0.133060613327982,-0.530131080279655,0,0.167,1
"5830418P13Rik",0.133060613327982,-0.476189952775282,0,0.167,1
"ENSMUSG00000121142",0.133060613327982,-0.497594151120454,0,0.167,1
"Usp19",0.133060613327982,-0.635330343980005,0,0.167,1
"Dalrd3",0.133060613327982,-0.693298186970235,0,0.167,1
"Ccdc51",0.133060613327982,-0.386991954192597,0,0.167,1
"Elp6",0.133060613327982,-0.606829600472441,0,0.167,1
"Zdhhc3",0.133060613327982,-0.519271424159161,0,0.167,1
"Lztfl1",0.133060613327982,-0.57202716563303,0,0.167,1
"Rmnd1",0.133060613327982,-0.474423848734659,0,0.167,1
"Mtrf1l",0.133060613327982,-0.60766747786543,0,0.167,1
"Abracl",0.133060613327982,-0.580857723554782,0,0.167,1
"Gm17917",0.133060613327982,-0.488237248365574,0,0.167,1
"Tspyl1",0.133060613327982,-0.794871183829649,0,0.167,1
"Ppa1",0.133060613327982,-0.475770160564333,0,0.167,1
"Tet1",0.133060613327982,-0.49272664488716,0,0.167,1
"Gm29783",0.133060613327982,-0.647252593000846,0,0.167,1
"ENSMUSG00000120695",0.133060613327982,-0.529314483725295,0,0.167,1
"Rexo1",0.133060613327982,-0.555731333886273,0,0.167,1
"Klf16",0.133060613327982,-0.444734954875127,0,0.167,1
"Abhd17a",0.133060613327982,-0.531126054951634,0,0.167,1
"Slc39a3",0.133060613327982,-0.531014693374537,0,0.167,1
"Sgta",0.133060613327982,-0.552134477279085,0,0.167,1
"Zfr2",0.133060613327982,-0.419716992752087,0,0.167,1
"Llph",0.133060613327982,-0.809069541908581,0,0.167,1
"Msrb3",0.133060613327982,-1.01151383284479,0,0.167,1
"Gm15910",0.133060613327982,-0.693298186970235,0,0.167,1
"Gls2",0.133060613327982,-0.476189952775282,0,0.167,1
"Dnajc14",0.133060613327982,-0.444734954875127,0,0.167,1
"Tcn2",0.133060613327982,-0.498497912340639,0,0.167,1
"4930556J24Rik",0.133060613327982,-0.556222277929229,0,0.167,1
"Sec14l2",0.133060613327982,-0.61271918819268,0,0.167,1
"Ccdc157",0.133060613327982,-0.442929897362614,0,0.167,1
"Ascc2",0.133060613327982,-0.647252593000846,0,0.167,1
"Rhbdd3",0.133060613327982,-0.466270167120977,0,0.167,1
"Ccm2",0.133060613327982,-0.528814295528539,0,0.167,1
"Pno1",0.133060613327982,-0.722267587761175,0,0.167,1
"Lgalsl",0.133060613327982,-0.62304511161397,0,0.167,1
"Lcp2",0.133060613327982,-0.529314483725295,0,0.167,1
"Maml1",0.133060613327982,-0.528814295528539,0,0.167,1
"Cnot8",0.133060613327982,-0.525981151969001,0,0.167,1
"Mrpl55",0.133060613327982,-0.627134581175991,0,0.167,1
"Llgl1",0.133060613327982,-0.817882235449349,0,0.167,1
"Tmem11",0.133060613327982,-0.466270167120977,0,0.167,1
"Borcs6",0.133060613327982,-0.734954569518601,0,0.167,1
"Cntrob",0.133060613327982,-0.420256464973202,0,0.167,1
"Kcnab3",0.133060613327982,-0.581355579665372,0,0.167,1
"Naa38",0.133060613327982,-0.568616769365822,0,0.167,1
"Arrb2",0.133060613327982,-0.665844956843275,0,0.167,1
"Derl2",0.133060613327982,-0.58183788229396,0,0.167,1
"Unc119",0.133060613327982,-0.527929333305341,0,0.167,1
"Rffl",0.133060613327982,-0.794871183829649,0,0.167,1
"Bcas3os1",0.133060613327982,-0.528429828362965,0,0.167,1
"Rnft1",0.133060613327982,-0.552134477279085,0,0.167,1
"Gdpd1",0.133060613327982,-0.645222647083489,0,0.167,1
"Gm11510",0.133060613327982,-0.531014693374537,0,0.167,1
"Akap1",0.133060613327982,-0.619648618699006,0,0.167,1
"B230206L02Rik",0.133060613327982,-0.556222277929229,0,0.167,1
"Cdk5rap3",0.133060613327982,-0.442929897362614,0,0.167,1
"Sp2",0.133060613327982,-0.475770160564333,0,0.167,1
"Mrpl10",0.133060613327982,-0.5045855500784,0,0.167,1
"Psmb3",0.133060613327982,-0.617198832918049,0,0.167,1
"Wipf2",0.133060613327982,-0.523665424778624,0,0.167,1
"Jup",0.133060613327982,-0.444734954875127,0,0.167,1
"Brca1",0.133060613327982,-0.552134477279085,0,0.167,1
"Dhx8",0.133060613327982,-0.781796393139078,0,0.167,1
"Tmub2",0.133060613327982,-0.6323933921677,0,0.167,1
"Gm11659",0.133060613327982,-0.656530773124681,0,0.167,1
"Strada",0.133060613327982,-0.444734954875127,0,0.167,1
"Abca8b",0.133060613327982,-0.618030711467295,0,0.167,1
"Slc9a3r1",0.133060613327982,-0.635330343980005,0,0.167,1
"Fads6",0.133060613327982,-0.525372300925118,0,0.167,1
"Kctd2",0.133060613327982,-0.466270167120977,0,0.167,1
"Armc7",0.133060613327982,-0.442398838773844,0,0.167,1
"Gga3",0.133060613327982,-0.386991954192597,0,0.167,1
"Srp68",0.133060613327982,-0.386991954192597,0,0.167,1
"Endov",0.133060613327982,-0.386991954192597,0,0.167,1
"P4hb",0.133060613327982,-0.694087334442594,0,0.167,1
"Alyref",0.133060613327982,-0.557891088916068,0,0.167,1
"Fkbp1b",0.133060613327982,-0.742638030568093,0,0.167,1
"Klhl29",0.133060613327982,-0.476189952775282,0,0.167,1
"Itgb1bp1",0.133060613327982,-0.419716992752087,0,0.167,1
"Lrrn3",0.133060613327982,-0.466270167120977,0,0.167,1
"Gm48543",0.133060613327982,-0.645684067566096,0,0.167,1
"Fbxo33",0.133060613327982,-0.419716992752087,0,0.167,1
"2700049A03Rik",0.133060613327982,-0.422090096744625,0,0.167,1
"Dhrs7",0.133060613327982,-0.597204858466232,0,0.167,1
"Prkch",0.133060613327982,-0.580857723554782,0,0.167,1
"Dbpht2",0.133060613327982,-0.711208054161702,0,0.167,1
"Zfyve1",0.133060613327982,-0.694087334442594,0,0.167,1
"Ppp4r4",0.133060613327982,-0.444734954875127,0,0.167,1
"Atg2b",0.133060613327982,-0.715083957496728,0,0.167,1
"Slc25a47",0.133060613327982,-0.498497912340639,0,0.167,1
"Tasor2",0.133060613327982,-0.718114984996533,0,0.167,1
"Chrm3",0.133060613327982,-0.58183788229396,0,0.167,1
"Ero1b",0.133060613327982,-0.657461753591271,0,0.167,1
"Yae1d1",0.133060613327982,-0.528814295528539,0,0.167,1
"H2bc4",0.133060613327982,-0.531014693374537,0,0.167,1
"Elovl2",0.133060613327982,-0.531126054951634,0,0.167,1
"Gm10790",0.133060613327982,-0.529314483725295,0,0.167,1
"Gm47460",0.133060613327982,-0.527929333305341,0,0.167,1
"Rnf44",0.133060613327982,-0.693298186970235,0,0.167,1
"Hnrnpa0",0.133060613327982,-0.529314483725295,0,0.167,1
"Gm36298",0.133060613327982,-0.420256464973202,0,0.167,1
"Habp4",0.133060613327982,-0.442929897362614,0,0.167,1
"Ndufs6",0.133060613327982,-0.657461753591271,0,0.167,1
"Tppp",0.133060613327982,-0.557891088916068,0,0.167,1
"Iqgap2",0.133060613327982,-0.442929897362614,0,0.167,1
"Mrps27",0.133060613327982,-0.575407301081027,0,0.167,1
"Rad17",0.133060613327982,-0.476189952775282,0,0.167,1
"Cd180",0.133060613327982,-0.529314483725295,0,0.167,1
"Gm47479",0.133060613327982,-0.62304511161397,0,0.167,1
"Zfp131",0.133060613327982,-0.583477341081242,0,0.167,1
"Gm48163",0.133060613327982,-0.657461753591271,0,0.167,1
"Gm2237",0.133060613327982,-0.657461753591271,0,0.167,1
"Atg14",0.133060613327982,-0.470828335452785,0,0.167,1
"Gm20521",0.133060613327982,-0.525981151969001,0,0.167,1
"Psme1",0.133060613327982,-0.525372300925118,0,0.167,1
"Pnma2",0.133060613327982,-0.602317592163651,0,0.167,1
"Lpar6",0.133060613327982,-0.57202716563303,0,0.167,1
"Gm49003",0.133060613327982,-0.793399034070015,0,0.167,1
"Ptger4",0.133060613327982,-0.497594151120454,0,0.167,1
"Retreg1",0.133060613327982,-0.523665424778624,0,0.167,1
"Eif3h",0.133060613327982,-0.639415258097847,0,0.167,1
"Derl1",0.133060613327982,-0.57202716563303,0,0.167,1
"Bop1",0.133060613327982,-0.530131080279655,0,0.167,1
"1700088E04Rik",0.133060613327982,-0.518767741235361,0,0.167,1
"Sun2",0.133060613327982,-0.422090096744625,0,0.167,1
"Dnal4",0.133060613327982,-0.419716992752087,0,0.167,1
"Ttll1",0.133060613327982,-0.758292221967424,0,0.167,1
"Shisal1",0.133060613327982,-0.645222647083489,0,0.167,1
"Gm29666",0.133060613327982,-0.476687692744356,0,0.167,1
"Ttll8",0.133060613327982,-0.636259383856566,0,0.167,1
"Tubgcp6",0.133060613327982,-0.475770160564333,0,0.167,1
"Rabl2",0.133060613327982,-0.49272664488716,0,0.167,1
"Kmt2d",0.133060613327982,-0.466270167120977,0,0.167,1
"Gm17241",0.133060613327982,-0.49272664488716,0,0.167,1
"Igfbp6",0.133060613327982,-0.606829600472441,0,0.167,1
"Calcoco1",0.133060613327982,-0.527929333305341,0,0.167,1
"Ubald1",0.133060613327982,-0.575407301081027,0,0.167,1
"Rogdi",0.133060613327982,-0.575407301081027,0,0.167,1
"Litaf",0.133060613327982,-0.557891088916068,0,0.167,1
"Rrn3",0.133060613327982,-0.615507270262833,0,0.167,1
"Ess2",0.133060613327982,-0.581355579665372,0,0.167,1
"Arvcf",0.133060613327982,-0.474423848734659,0,0.167,1
"B3gnt5",0.133060613327982,-0.529314483725295,0,0.167,1
"2510009E07Rik",0.133060613327982,-0.520983503756383,0,0.167,1
"Ehhadh",0.133060613327982,-0.58183788229396,0,0.167,1
"Rtp4",0.133060613327982,-0.49272664488716,0,0.167,1
"Pigx",0.133060613327982,-0.528429828362965,0,0.167,1
"Ndufb4",0.133060613327982,-0.581355579665372,0,0.167,1
"9430092D12Rik",0.133060613327982,-0.518767741235361,0,0.167,1
"Zfp948",0.133060613327982,-0.575407301081027,0,0.167,1
"Zfp946",0.133060613327982,-0.497594151120454,0,0.167,1
"Hcfc1r1",0.133060613327982,-0.442929897362614,0,0.167,1
"Syngr3",0.133060613327982,-1.1062784912665,0,0.167,1
"Ciao3",0.133060613327982,-0.741033011125875,0,0.167,1
"Haghl",0.133060613327982,-0.759800615771001,0,0.167,1
"Pigq",0.133060613327982,-0.420256464973202,0,0.167,1
"ENSMUSG00000120301",0.133060613327982,-0.694087334442594,0,0.167,1
"Uhrf1bp1",0.133060613327982,-0.657461753591271,0,0.167,1
"Zfp472",0.133060613327982,-0.528429828362965,0,0.167,1
"Zfp763",0.133060613327982,-0.476687692744356,0,0.167,1
"Pfdn6",0.133060613327982,-0.475770160564333,0,0.167,1
"Rps18",0.133060613327982,-0.442398838773844,0,0.167,1
"H2-Ke6",0.133060613327982,-0.685131604518614,0,0.167,1
"Rnf5",0.133060613327982,-0.583477341081242,0,0.167,1
"Prrt1",0.133060613327982,-0.57626362238954,0,0.167,1
"Polr1h",0.133060613327982,-0.760602346784605,0,0.167,1
"Mog",0.133060613327982,-0.531014693374537,0,0.167,1
"Xpo5",0.133060613327982,-0.5045855500784,0,0.167,1
"Ppp2r5d",0.133060613327982,-0.386991954192597,0,0.167,1
"Lrfn2",0.133060613327982,-0.748696876096859,0,0.167,1
"Plcl2",0.133060613327982,-0.474423848734659,0,0.167,1
"Prkd3",0.133060613327982,-0.442398838773844,0,0.167,1
"Tmem178",0.133060613327982,-0.571168325301876,0,0.167,1
"Mcfd2",0.133060613327982,-0.575407301081027,0,0.167,1
"Kcnk12",0.133060613327982,-0.528429828362965,0,0.167,1
"Mtpap",0.133060613327982,-0.422090096744625,0,0.167,1
"Gm17036",0.133060613327982,-0.62304511161397,0,0.167,1
"Ttc39c",0.133060613327982,-0.442398838773844,0,0.167,1
"Hbegf",0.133060613327982,-0.631569756610156,0,0.167,1
"Gnpda1",0.133060613327982,-0.57626362238954,0,0.167,1
"ENSMUSG00000120640",0.133060613327982,-0.420256464973202,0,0.167,1
"Synpo",0.133060613327982,-0.627134581175991,0,0.167,1
"Psmg2",0.133060613327982,-0.56654321580716,0,0.167,1
"St8sia5",0.133060613327982,-0.580857723554782,0,0.167,1
"Epg5",0.133060613327982,-0.57202716563303,0,0.167,1
"ENSMUSG00000120353",0.133060613327982,-0.466270167120977,0,0.167,1
"Cndp2",0.133060613327982,-0.419716992752087,0,0.167,1
"Socs6",0.133060613327982,-0.488237248365574,0,0.167,1
"Ndufs8",0.133060613327982,-0.531126054951634,0,0.167,1
"Ctsf",0.133060613327982,-0.617279262221117,0,0.167,1
"Tmem151a",0.133060613327982,-0.56654321580716,0,0.167,1
"Ltbp3",0.133060613327982,-0.420256464973202,0,0.167,1
"Gm14964",0.133060613327982,-0.703245176827646,0,0.167,1
"Gda",0.133060613327982,-0.693298186970235,0,0.167,1
"A830019P07Rik",0.133060613327982,-0.730560781167225,0,0.167,1
"Exosc1",0.133060613327982,-0.693298186970235,0,0.167,1
"Lzts2",0.133060613327982,-0.5045855500784,0,0.167,1
"Casp7",0.133060613327982,-0.470828335452785,0,0.167,1
"Gm14634",0.133060613327982,-0.442398838773844,0,0.167,1
"Ndp",0.133060613327982,-0.84288674833817,0,0.167,1
"Upf3b",0.133060613327982,-0.793079682194187,0,0.167,1
"Gm15385",0.133060613327982,-0.575407301081027,0,0.167,1
"Dach2",0.133060613327982,-0.475770160564333,0,0.167,1
"Cstf2",0.133060613327982,-0.57626362238954,0,0.167,1
"Bex1",0.133060613327982,-0.476708719544228,0,0.167,1
"Alg13",0.133060613327982,-0.607666554179197,0,0.167,1
"Trpc5",0.133060613327982,-0.470828335452785,0,0.167,1
"Kantr",0.133060613327982,-0.888361622679219,0,0.167,1
"Phex",0.133060613327982,-0.520983503756383,0,0.167,1
"Cdh20",0.13345800537623,-0.690351822356402,0.643,0.917,1
"Mapk10",0.13345800537623,-0.558591989729736,0.643,0.917,1
"Glud1",0.13345800537623,0.639596425826447,0.786,0.75,1
"Grip1",0.134416881603548,0.748162618420252,0.786,0.5,1
"Kif13a",0.136455467477478,-0.718537035616911,0.429,0.667,1
"Idh1",0.137799013562249,0.736578820321851,0.5,0.167,1
"Bcas1os2",0.137799013562249,-1.07862713319922,0.214,0.5,1
"Tsc22d2",0.137799013562249,0.722887457735923,0.5,0.167,1
"Gm10125",0.137799013562249,-0.843147299597247,0.214,0.5,1
"Kif5b",0.137799013562249,-0.756762779343125,0.214,0.5,1
"2810459M11Rik",0.138492653988812,-0.663305495119403,0.143,0.417,1
"Sec23b",0.138492653988812,-0.698818165062574,0.143,0.417,1
"Gsap",0.138492653988812,-0.630221343151901,0.143,0.417,1
"Rps16",0.138492653988812,-0.653374578922693,0.143,0.417,1
"Atp6v1b2",0.138492653988812,-0.645369811772859,0.143,0.417,1
"Slc15a2",0.138492653988812,-0.651420343080993,0.143,0.417,1
"Sil1",0.138492653988812,-0.684814228355206,0.143,0.417,1
"Hdac8",0.138841503172406,0.760343192168256,0.786,0.667,1
"Cep170",0.139384060555365,0.761867990184357,0.429,0.167,1
"Ckap5",0.139384060555365,0.850721284647788,0.429,0.167,1
"Irak2",0.139384060555365,0.944302359842073,0.429,0.167,1
"Bsg",0.139384060555365,0.799256534467116,0.429,0.167,1
"Atp6v0c",0.141312960358,-0.614678974501591,0.786,0.833,1
"Hnrnpk",0.142175098670888,0.644128642669317,0.5,0.25,1
"Wapl",0.142175098670888,-0.566759790146611,0.214,0.583,1
"Gabrb1",0.142680484297223,0.402344234076562,0.929,1,1
"Snd1",0.143548817794719,0.61827919845892,0.357,0.083,1
"Nxpe4",0.143548817794719,0.702325990277046,0.357,0.083,1
"Cdh18",0.143548817794719,0.543168402722181,0.357,0.083,1
"Ammecr1",0.143548817794719,0.802862605460241,0.357,0.083,1
"Zfp36l1",0.143728542687465,-0.588736955898224,0.357,0.75,1
"Ulk2",0.144670207625467,0.814529723068511,0.571,0.25,1
"Mrps26",0.144961566975979,-0.487417595991668,0.071,0.333,1
"Phtf1",0.144961566975979,-0.506480258514659,0.071,0.333,1
"Slc35a3",0.144961566975979,-0.432446379115676,0.071,0.333,1
"Ssbp3",0.144961566975979,-0.564671520997911,0.071,0.333,1
"Meaf6",0.144961566975979,-0.507573065793927,0.071,0.333,1
"Ugdh",0.144961566975979,-0.517017187684075,0.071,0.333,1
"Zfp428",0.144961566975979,-0.43623053767416,0.071,0.333,1
"Hnrnpul1",0.144961566975979,-0.597820113815187,0.071,0.333,1
"Lrrc4b",0.144961566975979,-0.540016538478487,0.071,0.333,1
"Thrsp",0.144961566975979,-0.327211598054674,0.071,0.333,1
"Caly",0.144961566975979,-0.50859666022701,0.071,0.333,1
"Hpf1",0.144961566975979,-0.487846150113014,0.071,0.333,1
"Specc1l",0.144961566975979,-0.714253470691232,0.071,0.333,1
"Sqstm1",0.144961566975979,-0.27451889163288,0.071,0.333,1
"Iars",0.144961566975979,-0.636287943056251,0.071,0.333,1
"Csdc2",0.144961566975979,-0.613024242739307,0.071,0.333,1
"Fam131a",0.144961566975979,-0.547185827188823,0.071,0.333,1
"Eaf2",0.144961566975979,-0.570148054666622,0.071,0.333,1
"Gap43",0.144961566975979,-0.61376930837976,0.071,0.333,1
"Ppp1r21",0.144961566975979,-0.402069952215626,0.071,0.333,1
"Tmem167",0.145210325606838,0.779742037157576,0.571,0.417,1
"Tbl1xr1",0.145596077054003,-1.03265477659505,0.357,0.583,1
"Asxl2",0.145596077054003,-0.70508085932409,0.357,0.583,1
"Enah",0.151228525851247,0.603404231362847,0.714,0.667,1
"E130114P18Rik",0.152820777694706,0.673568269852244,0.786,0.417,1
"Tmem59",0.15349962076728,0.571886044158678,0.571,0.333,1
"Arhgef9",0.15349962076728,0.621692906284749,0.571,0.333,1
"Zc3h15",0.154601577449847,-0.62118863552213,0.214,0.5,1
"Acss1",0.154601577449847,0.871743486388098,0.429,0.25,1
"Arhgef11",0.154601577449847,0.64932268980154,0.429,0.25,1
"Pwwp2a",0.154601577449847,0.599287370343662,0.429,0.25,1
"Scamp1",0.154601577449847,0.787248263875335,0.429,0.25,1
"Pcdh11x",0.154740042360161,0.483792950629653,0.857,0.667,1
"Elp4",0.156378557277957,-0.595583679914912,0.429,0.75,1
"Nhsl1",0.156378557277957,0.664752704574804,0.714,0.417,1
"Ndufs2",0.156896632232715,-0.723609836409492,0.143,0.417,1
"Rps20",0.156896632232715,-0.712621174344249,0.143,0.417,1
"Fhip1b",0.156896632232715,-0.671475448178556,0.143,0.417,1
"Eef2",0.156896632232715,-0.663853265374748,0.143,0.417,1
"Ppm1h",0.156896632232715,-0.590685341117976,0.143,0.417,1
"Exoc3",0.156896632232715,-0.604044070788249,0.143,0.417,1
"Pdzd2",0.156896632232715,-0.706711982510972,0.143,0.417,1
"Zcchc18",0.156896632232715,-0.614192983030981,0.143,0.417,1
"Kcnh7",0.157012435557274,0.944804796026625,0.429,0.167,1
"Cry2",0.157012435557274,0.691523788044368,0.429,0.167,1
"Klhl32",0.157012435557274,0.689605326777275,0.429,0.167,1
"Tmem234",0.157012435557274,0.852466176712319,0.429,0.167,1
"Cmip",0.157012435557274,0.692984437354995,0.429,0.167,1
"Rps23",0.157012435557274,0.632533890972925,0.429,0.167,1
"Ptprt",0.157230588570627,0.375128298937184,1,1,1
"Hnrnpa2b1",0.157230588570627,-0.45915774093632,0.929,1,1
"Odf2",0.158826427545957,0.570569111773255,0.5,0.25,1
"Frmd5",0.158826427545957,1.0315255773827,0.5,0.25,1
"Myo5a",0.158826427545957,0.850408215363157,0.5,0.25,1
"Vti1b",0.158826427545957,0.693226524949759,0.5,0.25,1
"Eml5",0.158826427545957,0.742967992863191,0.5,0.25,1
"Srpk2",0.161007402752181,0.708842721022647,0.643,0.333,1
"Camkmt",0.161007402752181,0.512682174374611,0.643,0.333,1
"Me3",0.161089251799289,-0.655312809501982,0.286,0.583,1
"Nrg1",0.162379260076873,-0.645244344477044,0.643,0.917,1
"Prkg2",0.163604688200821,0.370464844524639,0.357,0.083,1
"Pde3a",0.163604688200821,0.425639445195694,0.357,0.083,1
"Tead1",0.163604688200821,0.412933139148667,0.357,0.083,1
"Trappc6b",0.163604688200821,0.55932143688086,0.357,0.083,1
"Zfx",0.163604688200821,0.465980054133843,0.357,0.083,1
"Arfgef1",0.16672179851109,0.919110062067559,0.286,0.083,1
"Gm28175",0.16672179851109,0.928065986872851,0.286,0.083,1
"Stk25",0.16672179851109,0.708656052175449,0.286,0.083,1
"Rab3gap2",0.16672179851109,0.902010728626007,0.286,0.083,1
"Iars2",0.16672179851109,0.965673942142433,0.286,0.083,1
"Notch1",0.16672179851109,0.665614799902047,0.286,0.083,1
"Kif5c",0.16672179851109,0.767438306737239,0.286,0.083,1
"Gca",0.16672179851109,0.655858593955584,0.286,0.083,1
"Ergic3",0.16672179851109,0.834978631153339,0.286,0.083,1
"Notch2",0.16672179851109,0.677952941996289,0.286,0.083,1
"Znhit6",0.16672179851109,0.837590586427164,0.286,0.083,1
"Prkacb",0.16672179851109,0.674507750130001,0.286,0.083,1
"Per3",0.16672179851109,0.662512301765628,0.286,0.083,1
"Mrfap1",0.16672179851109,0.923860655749378,0.286,0.083,1
"Fbxl5",0.16672179851109,0.631615436944709,0.286,0.083,1
"Atp5j2",0.16672179851109,0.99904854040443,0.286,0.083,1
"Washc2",0.16672179851109,0.742392039071062,0.286,0.083,1
"Sox5os2",0.16672179851109,0.831214241275136,0.286,0.083,1
"Nipa2",0.16672179851109,0.729360871247393,0.286,0.083,1
"B230209E15Rik",0.16672179851109,0.673987044509173,0.286,0.083,1
"Tmem38a",0.16672179851109,0.69335909178571,0.286,0.083,1
"Gnpat",0.16672179851109,1.00713318719417,0.286,0.083,1
"Fbxl12os",0.16672179851109,0.652120995613071,0.286,0.083,1
"Tdg",0.16672179851109,0.903105584065223,0.286,0.083,1
"Kcnip1",0.16672179851109,0.862669099867798,0.286,0.083,1
"Clint1",0.16672179851109,0.601115745051892,0.286,0.083,1
"9530068E07Rik",0.16672179851109,0.808612476602401,0.286,0.083,1
"Rad50",0.16672179851109,1.06081688567896,0.286,0.083,1
"Acox1",0.16672179851109,0.93627833906446,0.286,0.083,1
"Fam228b",0.16672179851109,0.917223988786783,0.286,0.083,1
"Ccnh",0.16672179851109,0.957305769351123,0.286,0.083,1
"Ndufaf2",0.16672179851109,0.797406568845211,0.286,0.083,1
"Cab39l",0.16672179851109,0.75588333617691,0.286,0.083,1
"Tm9sf2",0.16672179851109,0.825005158143033,0.286,0.083,1
"Txn2",0.16672179851109,0.655519275464403,0.286,0.083,1
"Cdip1",0.16672179851109,0.860845916833462,0.286,0.083,1
"2610020C07Rik",0.16672179851109,1.14303427169492,0.286,0.083,1
"Prkdc",0.16672179851109,0.611040947382812,0.286,0.083,1
"Klhl22",0.16672179851109,0.594574206211849,0.286,0.083,1
"Dzip3",0.16672179851109,0.81097043860668,0.286,0.083,1
"1600012H06Rik",0.16672179851109,0.635242508634817,0.286,0.083,1
"Gm37376",0.16672179851109,0.957340965597872,0.286,0.083,1
"Ids",0.16672179851109,0.626686474541478,0.286,0.083,1
"Slc16a2",0.16672179851109,0.697700146514269,0.286,0.083,1
"Zfp445",0.167333870666221,-0.750114577415912,0.429,0.667,1
"Atpif1",0.167686802124043,-0.698061183335154,0.286,0.5,1
"Lncppara",0.167686802124043,-0.597080843713588,0.286,0.5,1
"Phyhipl",0.168608421186433,-0.636105887044793,0.5,0.75,1
"Abhd17b",0.168743949691288,0.508384044844424,0.857,0.583,1
"Grm5",0.170279323585118,1.02746125633681,0.571,0.333,1
"Acsl6",0.170279323585118,0.802510550293255,0.571,0.333,1
"Arid1b",0.170279323585118,0.670156593628318,0.571,0.333,1
"Fbxo11",0.170279323585118,0.758098569085681,0.571,0.333,1
"Calm1",0.17140699209564,-0.477324140955363,0.714,0.917,1
"Cpe",0.172584606966517,0.542646321513956,0.929,0.833,1
"Dner",0.172607886784402,0.747582627954112,0.714,0.417,1
"Wdr17",0.17287843731443,0.284737904434857,1,0.917,1
"Pcdh15",0.17287843731443,0.465316868216869,1,1,1
"Atf2",0.172916727183967,-0.642493249754092,0.214,0.5,1
"Ccnl1",0.172916727183967,-0.559056813837694,0.214,0.5,1
"Mtor",0.172916727183967,-0.480122105380175,0.214,0.5,1
"Rpl21",0.172916727183967,-0.674650404889282,0.214,0.5,1
"Btbd1",0.172916727183967,-0.624814433911393,0.214,0.5,1
"Plxdc2",0.174392713845791,-0.990780956431831,0.143,0.333,1
"Slc4a10",0.174392713845791,-0.73946682711488,0.143,0.333,1
"Zyg11b",0.174392713845791,-0.788028028943649,0.143,0.333,1
"Orc6",0.174392713845791,-0.792458691693049,0.143,0.333,1
"Fam107a",0.174392713845791,-0.918117367290966,0.143,0.333,1
"Pafah1b1",0.174806112269407,0.50357765111391,0.786,0.583,1
"Gnas",0.175817265343185,-0.621186998681221,0.5,0.583,1
"Dis3l2",0.176281333962239,0.633757154269523,0.429,0.167,1
"H3f3a",0.176281333962239,0.608929988753673,0.429,0.167,1
"Cstf3",0.176281333962239,0.815908751664532,0.429,0.167,1
"Mrps5",0.176281333962239,0.55951533997921,0.429,0.167,1
"Dnaja2",0.176281333962239,0.701707043366496,0.429,0.167,1
"Phf6",0.176281333962239,0.646204221602392,0.429,0.167,1
"Nudt5",0.176913361245466,0.906199080620965,0.5,0.25,1
"Gle1",0.177097733835048,0.677791524650328,0.357,0.167,1
"Ssb",0.177097733835048,-0.355802983644964,0.143,0.417,1
"Rps3a1",0.177097733835048,-0.570528681259678,0.143,0.417,1
"Man1a2",0.177097733835048,-0.267031594585166,0.143,0.417,1
"Sars",0.177097733835048,-0.60528125135781,0.143,0.417,1
"Glg1",0.177097733835048,-0.478331289514888,0.143,0.417,1
"Olfm2",0.177097733835048,0.773725918213133,0.357,0.167,1
"Chd8",0.177097733835048,0.773003033454161,0.357,0.167,1
"Zfp563",0.177097733835048,-0.385056976874103,0.143,0.417,1
"Bicral",0.177097733835048,1.03280416089657,0.357,0.167,1
"Pacs1",0.177097733835048,0.743002844706649,0.357,0.167,1
"Mmd2",0.178069408777816,-0.537013410731353,0.357,0.667,1
"Tmem163",0.178878284463223,-0.432932252566571,0.286,0.583,1
"Ubn2",0.178878284463223,0.904927335055266,0.571,0.25,1
"Taf15",0.178878284463223,-0.519056819609302,0.286,0.583,1
"Cd2ap",0.178878284463223,0.683801106066628,0.571,0.25,1
"Slc24a3",0.179168058773798,-0.931127658665071,0.357,0.583,1
"Cdk14",0.180460069199861,-0.645412059428242,0.571,0.75,1
"Hepacam",0.180460069199861,0.577233523991239,0.786,0.5,1
"Clmn",0.180460069199861,-0.507939276705987,0.571,0.75,1
"Slc22a23",0.184617347333605,-0.771705905913615,0.429,0.667,1
"Hibadh",0.186553002741799,-0.60190180897856,0.214,0.417,1
"Smim13",0.186553002741799,-0.526334061717863,0.214,0.417,1
"Mt1",0.188397295012054,0.732040834738593,0.571,0.333,1
"Ank2",0.189359510758196,0.489091580681018,0.929,0.833,1
"Nav3",0.189586702353765,0.50764117890018,1,0.833,1
"Lrp1b",0.189662399764146,0.310292054392734,1,0.917,1
"Dscam",0.189662399764146,-0.407650752122354,0.929,1,1
"Agap1",0.190065042004216,0.471421039587894,0.714,0.417,1
"Arpc2",0.190131738037534,-0.663812703406405,0.071,0.25,1
"Gpr107",0.190131738037534,-0.610084994349121,0.071,0.25,1
"Chp1",0.190131738037534,-0.751861768807148,0.071,0.25,1
"Dusp15",0.190131738037534,-0.894496142382044,0.071,0.25,1
"Pmepa1",0.190131738037534,-0.525862712381131,0.071,0.25,1
"Fbxw7",0.190131738037534,-0.668472808823274,0.071,0.25,1
"Dctn3",0.190131738037534,-0.875561083153182,0.071,0.25,1
"Prkaa2",0.190131738037534,-0.876528077243075,0.071,0.25,1
"Ociad1",0.190131738037534,-0.601284046612362,0.071,0.25,1
"Gm42669",0.190131738037534,-0.960568409115706,0.071,0.25,1
"Wsb2",0.190131738037534,-0.609171407429974,0.071,0.25,1
"Nars2",0.190131738037534,-0.684410571034806,0.071,0.25,1
"Tm2d2",0.190131738037534,-0.697936613373064,0.071,0.25,1
"Zfp617",0.190131738037534,-0.549137387440499,0.071,0.25,1
"Rpl4",0.190131738037534,-0.732684628901832,0.071,0.25,1
"Pygo1",0.190131738037534,-0.523924051125177,0.071,0.25,1
"Nkain2",0.190131738037534,-0.663414301333646,0.071,0.25,1
"Zfp287",0.190131738037534,-0.558677798234355,0.071,0.25,1
"Fxr2",0.190131738037534,-1.1909921308953,0.071,0.25,1
"Gm11627",0.190131738037534,-0.571761838173471,0.071,0.25,1
"Psmd12",0.190131738037534,-0.595857921858752,0.071,0.25,1
"Cdyl",0.190131738037534,-0.684804846216303,0.071,0.25,1
"Shld2",0.190131738037534,-0.520892186592274,0.071,0.25,1
"Mtss1",0.190131738037534,-0.610886598176878,0.071,0.25,1
"Faim2",0.190131738037534,-0.563520046447288,0.071,0.25,1
"Mrps18a",0.190131738037534,-0.681384012495858,0.071,0.25,1
"Rbm27",0.190131738037534,-0.683342097270393,0.071,0.25,1
"Lage3",0.190131738037534,-0.579938911871738,0.071,0.25,1
"Snx12",0.190131738037534,-0.670488924777116,0.071,0.25,1
"Mageh1",0.190131738037534,-0.518671769551534,0.071,0.25,1
"Rab9",0.190131738037534,-0.702018421144793,0.071,0.25,1
"Gm37629",0.190850372842719,0.576558186034269,0.286,0.083,1
"Gm10561",0.190850372842719,0.7293108552072,0.286,0.083,1
"Srp9",0.190850372842719,0.660289083000973,0.286,0.083,1
"Pigu",0.190850372842719,0.712695426297514,0.286,0.083,1
"Btf3l4",0.190850372842719,0.716949486646188,0.286,0.083,1
"6030443J06Rik",0.190850372842719,0.560547832991008,0.286,0.083,1
"Rfc1",0.190850372842719,0.598647517244223,0.286,0.083,1
"Aldh2",0.190850372842719,0.617711444859724,0.286,0.083,1
"Pcyox1",0.190850372842719,0.663720988852501,0.286,0.083,1
"Pcbp1",0.190850372842719,0.614515203629355,0.286,0.083,1
"Rpl32",0.190850372842719,0.587049940922988,0.286,0.083,1
"Fkbp4",0.190850372842719,0.582631501992221,0.286,0.083,1
"Ctr9",0.190850372842719,0.592707881105485,0.286,0.083,1
"Hras",0.190850372842719,0.555217115532914,0.286,0.083,1
"Hexa",0.190850372842719,0.585586596514505,0.286,0.083,1
"Rad54l2",0.190850372842719,0.542054425986571,0.286,0.083,1
"Nr2e1",0.190850372842719,0.679143143416904,0.286,0.083,1
"Izumo4",0.190850372842719,0.582417232866522,0.286,0.083,1
"Tle2",0.190850372842719,0.64602032194263,0.286,0.083,1
"5730522E02Rik",0.190850372842719,0.624199955456184,0.286,0.083,1
"Zfp354c",0.190850372842719,0.647303855619168,0.286,0.083,1
"Rcbtb2",0.190850372842719,1.03167690879321,0.286,0.083,1
"Mzt1",0.190850372842719,0.576321136186819,0.286,0.083,1
"4930505G20Rik",0.190850372842719,0.851302558273006,0.286,0.083,1
"Ccnt1",0.190850372842719,0.697577735791633,0.286,0.083,1
"Enpp5",0.190850372842719,0.562961475031969,0.286,0.083,1
"Ppp1r14b",0.190850372842719,0.871991874575186,0.286,0.083,1
"Nlgn3",0.190850372842719,0.679711233092124,0.286,0.083,1
"Abcb7",0.190850372842719,1.0099300973174,0.286,0.083,1
"Spopl",0.192807534775797,0.577655762561145,0.429,0.25,1
"Mapkap1",0.192807534775797,0.903347128447674,0.429,0.25,1
"Top1",0.192807534775797,-0.552662733347716,0.214,0.5,1
"Dido1",0.192807534775797,-0.625899206941333,0.214,0.5,1
"Stxbp6",0.192807534775797,0.894234609048283,0.429,0.25,1
"Cryl1",0.192807534775797,-0.543261506359736,0.214,0.5,1
"Acaca",0.193739249786511,0.53762050731719,0.643,0.417,1
"Map4k4",0.195795268295151,0.45944820127534,0.929,0.583,1
"Prkg1",0.195795268295151,0.40185585327913,0.929,0.583,1
"Shc3",0.196442047988301,-0.505298047060057,0.357,0.667,1
"Asap1",0.196442047988301,0.775648485801657,0.571,0.417,1
"Ash1l",0.196492090132991,0.673114553358127,0.5,0.25,1
"Sec24b",0.196492090132991,0.673822144630349,0.5,0.25,1
"Cdk8",0.196492090132991,0.580720302486474,0.5,0.25,1
"Antxr1",0.196492090132991,-0.366326360396034,0.214,0.583,1
"Afdn",0.196492090132991,0.590432914951502,0.5,0.25,1
"Scn2a",0.197260293973201,0.621501178113993,0.429,0.167,1
"Gm45153",0.197260293973201,0.462340613822014,0.429,0.167,1
"Gm20275",0.197260293973201,1.06727499880055,0.429,0.167,1
"Usp11",0.197260293973201,0.813067823931377,0.429,0.167,1
"Mapre3",0.197547201683213,-0.81128887164368,0.143,0.333,1
"Gtf3c1",0.197547201683213,-0.622607193297806,0.143,0.333,1
"Trir",0.197547201683213,-0.609960060026631,0.143,0.333,1
"Dcakd",0.197547201683213,-0.703572589889623,0.143,0.333,1
"Csad",0.197547201683213,-0.615949108873074,0.143,0.333,1
"Tubb5",0.197547201683213,-0.825379228776175,0.143,0.333,1
"Ccser1",0.197723353160076,-0.524003350709668,0.786,0.917,1
"Tmem108",0.197972574000893,-0.845652463964469,0.357,0.583,1
"Ptch1",0.197972574000893,-0.388363420914932,0.357,0.583,1
"Nme7",0.198088675423661,0.436985554035016,0.571,0.25,1
"Abcd3",0.198088675423661,-0.524551787923069,0.357,0.5,1
"Rnf144a",0.198088675423661,-0.465114100012913,0.286,0.583,1
"Ranbp9",0.198088675423661,0.705708449827785,0.5,0.333,1
"Gm16168",0.198088675423661,-0.594486606389029,0.286,0.583,1
"Slc9a9",0.19815818637545,-0.579998803884051,0.5,0.833,1
"Rc3h2",0.19917556351412,-0.426363764395352,0.143,0.417,1
"Zzz3",0.19917556351412,0.89476022534118,0.357,0.167,1
"Xpa",0.19917556351412,0.720999268184249,0.357,0.167,1
"Uqcrh",0.19917556351412,-0.507774243298298,0.143,0.417,1
"Igf2bp3",0.19917556351412,-0.315936293143208,0.143,0.417,1
"Brk1",0.19917556351412,-0.632716217044991,0.143,0.417,1
"Dcaf5",0.19917556351412,0.605893116757286,0.357,0.167,1
"Foxn2",0.19917556351412,-0.544279427704351,0.143,0.417,1
"A830018L16Rik",0.200685190946151,0.573944224861118,0.143,0,1
"8030445P17Rik",0.200685190946151,0.483096926789794,0.143,0,1
"Cracdl",0.200685190946151,0.532818132040119,0.143,0,1
"Mitd1",0.200685190946151,0.819953533547402,0.143,0,1
"Bivm",0.200685190946151,0.533817056891704,0.143,0,1
"Pgap1",0.200685190946151,0.428877351639203,0.143,0,1
"Als2",0.200685190946151,0.56859615178833,0.143,0,1
"Smarcal1",0.200685190946151,0.359135021074419,0.143,0,1
"Fbxo36",0.200685190946151,0.439381441881747,0.143,0,1
"Rnpepl1",0.200685190946151,0.482062245776952,0.143,0,1
"Dtymk",0.200685190946151,0.464641375688933,0.143,0,1
"D2hgdh",0.200685190946151,0.505543478523182,0.143,0,1
"Gm36944",0.200685190946151,0.673911402696968,0.143,0,1
"Zranb3",0.200685190946151,0.542432806871815,0.143,0,1
"Plekha6",0.200685190946151,0.597645578987333,0.143,0,1
"Rgl1",0.200685190946151,0.754893096242487,0.143,0,1
"Tor3a",0.200685190946151,0.464641375688933,0.143,0,1
"Gm37861",0.200685190946151,0.630914199999523,0.143,0,1
"9430087J23Rik",0.200685190946151,0.389669756495776,0.143,0,1
"Gm32569",0.200685190946151,0.519515078887353,0.143,0,1
"Pea15a",0.200685190946151,0.482062245776952,0.143,0,1
"Efcab2",0.200685190946151,0.579760030166519,0.143,0,1
"ENSMUSG00000120002",0.200685190946151,0.468280561419937,0.143,0,1
"Brox",0.200685190946151,0.613336050735532,0.143,0,1
"Gm10516",0.200685190946151,0.439381441881747,0.143,0,1
"Cr2",0.200685190946151,0.459196769033962,0.143,0,1
"Dclre1c",0.200685190946151,0.592418854697233,0.143,0,1
"C630004M23Rik",0.200685190946151,0.566258086176493,0.143,0,1
"Vim",0.200685190946151,0.508998218811672,0.143,0,1
"Gad2",0.200685190946151,0.483096926789794,0.143,0,1
"Pmpca",0.200685190946151,0.486731028592934,0.143,0,1
"Ntng2",0.200685190946151,0.394863041283082,0.143,0,1
"Dync2i2",0.200685190946151,0.718793939597794,0.143,0,1
"Spout1",0.200685190946151,0.462939045095411,0.143,0,1
"Pomt1",0.200685190946151,0.503439623887769,0.143,0,1
"Ptges2",0.200685190946151,0.592418854697233,0.143,0,1
"Rabepk",0.200685190946151,0.468280561419937,0.143,0,1
"Lypd6b",0.200685190946151,0.359135021074419,0.143,0,1
"Ttc21b",0.200685190946151,0.422382391863858,0.143,0,1
"D230022J07Rik",0.200685190946151,0.543692975634017,0.143,0,1
"Rbm45",0.200685190946151,0.417287403427675,0.143,0,1
"Prkra",0.200685190946151,0.597645578987333,0.143,0,1
"Cwc22",0.200685190946151,0.454230369808713,0.143,0,1
"4933423P22Rik",0.200685190946151,0.597645578987333,0.143,0,1
"Pacsin3",0.200685190946151,0.511566811985294,0.143,0,1
"Mdk",0.200685190946151,0.596689900060691,0.143,0,1
"Pex16",0.200685190946151,0.389669756495776,0.143,0,1
"Kif18a",0.200685190946151,0.394863041283082,0.143,0,1
"Slc12a6",0.200685190946151,0.82351396933931,0.143,0,1
"Map1a",0.200685190946151,0.500993451661838,0.143,0,1
"Spg11",0.200685190946151,0.459693716018629,0.143,0,1
"Snrnp200",0.200685190946151,0.720080217769347,0.143,0,1
"Snrpb",0.200685190946151,0.597645578987333,0.143,0,1
"ENSMUSG00000120148",0.200685190946151,0.505543478523182,0.143,0,1
"Cdc25b",0.200685190946151,0.394863041283082,0.143,0,1
"Pak5",0.200685190946151,0.414690569936582,0.143,0,1
"Pdrg1",0.200685190946151,0.601902944359379,0.143,0,1
"Dnmt3b",0.200685190946151,0.394863041283082,0.143,0,1
"Manbal",0.200685190946151,0.459196769033962,0.143,0,1
"Acot8",0.200685190946151,0.462939045095411,0.143,0,1
"Slc12a5",0.200685190946151,0.900680733327733,0.143,0,1
"Ddx27",0.200685190946151,0.491985337397164,0.143,0,1
"Rae1",0.200685190946151,0.459693716018629,0.143,0,1
"Prelid3b",0.200685190946151,0.453440621081813,0.143,0,1
"Gm14443",0.200685190946151,0.453440621081813,0.143,0,1
"Osbpl2",0.200685190946151,0.394863041283082,0.143,0,1
"Ythdf1",0.200685190946151,0.682778846537856,0.143,0,1
"Zfp512b",0.200685190946151,0.511095844923852,0.143,0,1
"Oprl1",0.200685190946151,0.534675202176742,0.143,0,1
"Prkci",0.200685190946151,0.448454332696768,0.143,0,1
"Usp13",0.200685190946151,0.503439623887769,0.143,0,1
"Bbs7",0.200685190946151,0.459693716018629,0.143,0,1
"Gm43820",0.200685190946151,0.487705543689115,0.143,0,1
"Selenot",0.200685190946151,0.513524962157724,0.143,0,1
"Mfsd1",0.200685190946151,0.500993451661838,0.143,0,1
"Ift80",0.200685190946151,0.507981954576317,0.143,0,1
"B3galnt1",0.200685190946151,0.448454332696768,0.143,0,1
"Fstl5",0.200685190946151,0.625805122175921,0.143,0,1
"Gatb",0.200685190946151,0.797307149987741,0.143,0,1
"Gm19710",0.200685190946151,0.748699540162823,0.143,0,1
"Slc39a1",0.200685190946151,0.533817056891704,0.143,0,1
"S100a2",0.200685190946151,0.462939045095411,0.143,0,1
"Anp32e",0.200685190946151,0.516348419806654,0.143,0,1
"Plekho1",0.200685190946151,0.459693716018629,0.143,0,1
"Sv2a",0.200685190946151,0.477437437157831,0.143,0,1
"6330549D23Rik",0.200685190946151,0.464641375688933,0.143,0,1
"Syt6",0.200685190946151,0.454230369808713,0.143,0,1
"Rhoc",0.200685190946151,0.389669756495776,0.143,0,1
"Dram2",0.200685190946151,0.454230369808713,0.143,0,1
"Lrif1",0.200685190946151,0.76773673893801,0.143,0,1
"Csf1",0.200685190946151,0.494446818118293,0.143,0,1
"Sypl2",0.200685190946151,0.630914199999523,0.143,0,1
"Stxbp3",0.200685190946151,0.448454332696768,0.143,0,1
"Ntng1",0.200685190946151,0.459693716018629,0.143,0,1
"Sec24d",0.200685190946151,0.595987628113349,0.143,0,1
"Alpk1",0.200685190946151,0.775089340136562,0.143,0,1
"Cyp2u1",0.200685190946151,0.542432806871815,0.143,0,1
"Gm30648",0.200685190946151,0.566988262048817,0.143,0,1
"Gm42611",0.200685190946151,0.56859615178833,0.143,0,1
"Trp53inp1",0.200685190946151,0.389669756495776,0.143,0,1
"Virma",0.200685190946151,0.507981954576317,0.143,0,1
"Gm11906",0.200685190946151,0.389669756495776,0.143,0,1
"Aco1",0.200685190946151,0.682778846537856,0.143,0,1
"Kif24",0.200685190946151,0.666250384141886,0.143,0,1
"Rpp25l",0.200685190946151,0.511566811985294,0.143,0,1
"Invs",0.200685190946151,0.579036291419718,0.143,0,1
"Epb41l4b",0.200685190946151,0.52501219729046,0.143,0,1
"C630043F03Rik",0.200685190946151,0.448722993037404,0.143,0,1
"Ttc39b",0.200685190946151,0.44951339083021,0.143,0,1
"Adamtsl1",0.200685190946151,0.508998218811672,0.143,0,1
"Gm12709",0.200685190946151,0.553232075484276,0.143,0,1
"Fam151a",0.200685190946151,0.513524962157724,0.143,0,1
"Hspb11",0.200685190946151,0.513524962157724,0.143,0,1
"Ebna1bp2",0.200685190946151,0.500993451661838,0.143,0,1
"Trit1",0.200685190946151,0.533817056891704,0.143,0,1
"Rragc",0.200685190946151,0.482062245776952,0.143,0,1
"Snip1",0.200685190946151,0.511095844923852,0.143,0,1
"Col16a1",0.200685190946151,0.359135021074419,0.143,0,1
"Fam76a",0.200685190946151,0.434346238869755,0.143,0,1
"Ubxn11",0.200685190946151,0.462939045095411,0.143,0,1
"Pdik1l",0.200685190946151,0.433931644579518,0.143,0,1
"Akr7a5",0.200685190946151,0.532818132040119,0.143,0,1
"Aldh4a1",0.200685190946151,0.518768716573156,0.143,0,1
"Tmem51",0.200685190946151,0.454230369808713,0.143,0,1
"Pramel12",0.200685190946151,0.516348419806654,0.143,0,1
"Miip",0.200685190946151,0.547839828664002,0.143,0,1
"Dffa",0.200685190946151,0.547105145743174,0.143,0,1
"A430005L14Rik",0.200685190946151,0.459196769033962,0.143,0,1
"Faap20",0.200685190946151,0.547839828664002,0.143,0,1
"1500002C15Rik",0.200685190946151,0.433931644579518,0.143,0,1
"Tmem240",0.200685190946151,0.518768716573156,0.143,0,1
"Vwa1",0.200685190946151,0.608506335576849,0.143,0,1
"Cdk6",0.200685190946151,0.532818132040119,0.143,0,1
"Abcb4",0.200685190946151,0.56859615178833,0.143,0,1
"Fam126a",0.200685190946151,0.513524962157724,0.143,0,1
"Fastk",0.200685190946151,0.606835645074457,0.143,0,1
"Insig1",0.200685190946151,0.451620591516346,0.143,0,1
"Maea",0.200685190946151,0.505435480183537,0.143,0,1
"Gm42520",0.200685190946151,0.494446818118293,0.143,0,1
"Adgra3",0.200685190946151,0.500993451661838,0.143,0,1
"Gm42726",0.200685190946151,0.516340024080792,0.143,0,1
"Bend4",0.200685190946151,0.524007155164866,0.143,0,1
"Guf1",0.200685190946151,0.505543478523182,0.143,0,1
"Gm42733",0.200685190946151,0.547839828664002,0.143,0,1
"Ccni",0.200685190946151,0.359135021074419,0.143,0,1
"Antxr2",0.200685190946151,0.596689900060691,0.143,0,1
"Enoph1",0.200685190946151,0.514360260730147,0.143,0,1
"Brdt",0.200685190946151,0.513524962157724,0.143,0,1
"Gm8152",0.200685190946151,0.529574363624228,0.143,0,1
"Ficd",0.200685190946151,0.518868391023069,0.143,0,1
"A430102K17Rik",0.200685190946151,0.464641375688933,0.143,0,1
"Rad9b",0.200685190946151,0.507981954576317,0.143,0,1
"Ift81",0.200685190946151,0.462939045095411,0.143,0,1
"Gm34086",0.200685190946151,0.500993451661838,0.143,0,1
"Slc15a4",0.200685190946151,0.422382391863858,0.143,0,1
"Galnt17",0.200685190946151,0.477437437157831,0.143,0,1
"Baz1b",0.200685190946151,0.462939045095411,0.143,0,1
"Pdgfa",0.200685190946151,0.449084881496034,0.143,0,1
"Gpr146",0.200685190946151,0.513524962157724,0.143,0,1
"Micall2",0.200685190946151,0.451620591516346,0.143,0,1
"Psmg3",0.200685190946151,0.583965507999115,0.143,0,1
"Wipi2",0.200685190946151,0.538266711139604,0.143,0,1
"Cyth3",0.200685190946151,0.449084881496034,0.143,0,1
"Zscan25",0.200685190946151,0.482062245776952,0.143,0,1
"Pomp",0.200685190946151,0.797307149987741,0.143,0,1
"Gstk1",0.200685190946151,0.359135021074419,0.143,0,1
"Zfp282",0.200685190946151,0.505435480183537,0.143,0,1
"5430402O13Rik",0.200685190946151,0.483096926789794,0.143,0,1
"Polr1a",0.200685190946151,0.505435480183537,0.143,0,1
"Htra2",0.200685190946151,0.626741713925272,0.143,0,1
"Stambp",0.200685190946151,0.422382391863858,0.143,0,1
"Gm26588",0.200685190946151,0.516340024080792,0.143,0,1
"Gm15756",0.200685190946151,0.533817056891704,0.143,0,1
"Rbsn",0.200685190946151,0.419794721330064,0.143,0,1
"A730049H05Rik",0.200685190946151,0.489201482709317,0.143,0,1
"Gm44065",0.200685190946151,0.454230369808713,0.143,0,1
"Sec13",0.200685190946151,0.44951339083021,0.143,0,1
"Zfp239",0.200685190946151,0.583965507999115,0.143,0,1
"ENSMUSG00000120675",0.200685190946151,0.459196769033962,0.143,0,1
"Zfp248",0.200685190946151,0.453440621081813,0.143,0,1
"Il17ra",0.200685190946151,0.453440621081813,0.143,0,1
"Gpr162",0.200685190946151,0.543692975634017,0.143,0,1
"Mrpl51",0.200685190946151,0.422382391863858,0.143,0,1
"H2aj",0.200685190946151,0.696160300307961,0.143,0,1
"Etfrf1",0.200685190946151,0.533817056891704,0.143,0,1
"Ccdc91",0.200685190946151,0.518768716573156,0.143,0,1
"Rps4l",0.200685190946151,0.491985337397164,0.143,0,1
"Caprin2",0.200685190946151,0.493043813600198,0.143,0,1
"Ndufa3",0.200685190946151,0.482062245776952,0.143,0,1
"Leng9",0.200685190946151,0.626741713925272,0.143,0,1
"Tmem86b",0.200685190946151,0.414690569936582,0.143,0,1
"Opa3",0.200685190946151,0.448454332696768,0.143,0,1
"Mark4",0.200685190946151,0.434346238869755,0.143,0,1
"Smg9",0.200685190946151,0.583965507999115,0.143,0,1
"Erf",0.200685190946151,0.548828409969612,0.143,0,1
"Sertad3",0.200685190946151,0.553232075484276,0.143,0,1
"Gm44567",0.200685190946151,0.598278044195215,0.143,0,1
"Rhpn2",0.200685190946151,0.433931644579518,0.143,0,1
"Zfp141",0.200685190946151,0.468280561419937,0.143,0,1
"Zfp976",0.200685190946151,0.434346238869755,0.143,0,1
"Tbc1d17",0.200685190946151,0.720428226347377,0.143,0,1
"Ap2a1",0.200685190946151,0.459693716018629,0.143,0,1
"6530437J22Rik",0.200685190946151,0.543421462709723,0.143,0,1
"Prrg2",0.200685190946151,0.459693716018629,0.143,0,1
"Rpl14-ps1",0.200685190946151,0.508998218811672,0.143,0,1
"Gys1",0.200685190946151,0.449084881496034,0.143,0,1
"Chrna7",0.200685190946151,0.448454332696768,0.143,0,1
"Fam174b",0.200685190946151,0.487705543689115,0.143,0,1
"Wdr73",0.200685190946151,0.417287403427675,0.143,0,1
"Gm44899",0.200685190946151,0.738997504434731,0.143,0,1
"Hikeshi",0.200685190946151,0.422382391863858,0.143,0,1
"Gm26862",0.200685190946151,0.451620591516346,0.143,0,1
"Cln3",0.200685190946151,0.529574363624228,0.143,0,1
"Bola2",0.200685190946151,0.789865843042573,0.143,0,1
"Tlcd3b",0.200685190946151,0.487705543689115,0.143,0,1
"Tmem219",0.200685190946151,0.743733424434215,0.143,0,1
"Gm21984",0.200685190946151,0.538266711139604,0.143,0,1
"Stx4a",0.200685190946151,0.477437437157831,0.143,0,1
"Uros",0.200685190946151,0.464641375688933,0.143,0,1
"Tssc4",0.200685190946151,0.511566811985294,0.143,0,1
"Dhcr7",0.200685190946151,0.666250384141886,0.143,0,1
"Cars2",0.200685190946151,0.448722993037404,0.143,0,1
"Sox1",0.200685190946151,0.529574363624228,0.143,0,1
"Grtp1",0.200685190946151,0.583965507999115,0.143,0,1
"Cfap97d2",0.200685190946151,0.513524962157724,0.143,0,1
"Upf3a",0.200685190946151,0.547839828664002,0.143,0,1
"Nek3",0.200685190946151,0.598360044493429,0.143,0,1
"Zmat4",0.200685190946151,0.483096926789794,0.143,0,1
"Adam32",0.200685190946151,0.453440621081813,0.143,0,1
"Cfap97",0.200685190946151,0.505435480183537,0.143,0,1
"C130073E24Rik",0.200685190946151,0.712578518429149,0.143,0,1
"Gm45345",0.200685190946151,0.51987701815805,0.143,0,1
"Homer3",0.200685190946151,0.538264889767083,0.143,0,1
"Smim7",0.200685190946151,0.806367605466841,0.143,0,1
"Gm39214",0.200685190946151,0.448722993037404,0.143,0,1
"Zfp423",0.200685190946151,0.524007155164866,0.143,0,1
"Gm17910",0.200685190946151,0.449084881496034,0.143,0,1
"Cx3cl1",0.200685190946151,0.56859615178833,0.143,0,1
"Tk2",0.200685190946151,0.451620591516346,0.143,0,1
"Tppp3",0.200685190946151,0.434346238869755,0.143,0,1
"Pard6a",0.200685190946151,0.462939045095411,0.143,0,1
"Edc4",0.200685190946151,0.477437437157831,0.143,0,1
"Smpd3",0.200685190946151,0.505543478523182,0.143,0,1
"Phlpp2",0.200685190946151,0.729828855914298,0.143,0,1
"Vac14",0.200685190946151,0.592418854697233,0.143,0,1
"Dcun1d5",0.200685190946151,0.443720344399671,0.143,0,1
"Cfap300",0.200685190946151,0.417287403427675,0.143,0,1
"Gm16833",0.200685190946151,0.505435480183537,0.143,0,1
"Ccdc82",0.200685190946151,0.601902944359379,0.143,0,1
"Keap1",0.200685190946151,0.503439623887769,0.143,0,1
"Anln",0.200685190946151,0.483096926789794,0.143,0,1
"Snx19",0.200685190946151,0.507981954576317,0.143,0,1
"Cdon",0.200685190946151,0.417287403427675,0.143,0,1
"Scn3b",0.200685190946151,0.547839828664002,0.143,0,1
"Sc5d",0.200685190946151,0.688434224859686,0.143,0,1
"Usp2",0.200685190946151,0.486731028592934,0.143,0,1
"Pcsk7",0.200685190946151,0.61946130147038,0.143,0,1
"Wdr61",0.200685190946151,0.434346238869755,0.143,0,1
"Adpgk",0.200685190946151,0.433931644579518,0.143,0,1
"Arpp19",0.200685190946151,0.534675202176742,0.143,0,1
"Gnb5",0.200685190946151,0.613336050735532,0.143,0,1
"C920006O11Rik",0.200685190946151,0.548828409969612,0.143,0,1
"Ddx43",0.200685190946151,0.459196769033962,0.143,0,1
"Gm46123",0.200685190946151,0.491985337397164,0.143,0,1
"ENSMUSG00000120772",0.200685190946151,0.468280561419937,0.143,0,1
"Cep162",0.200685190946151,0.422382391863858,0.143,0,1
"Zfp949",0.200685190946151,0.422382391863858,0.143,0,1
"Trim43a",0.200685190946151,0.52501219729046,0.143,0,1
"Gm16185",0.200685190946151,0.483096926789794,0.143,0,1
"Mrps22",0.200685190946151,0.606835645074457,0.143,0,1
"Cdc25a",0.200685190946151,0.579036291419718,0.143,0,1
"Als2cl",0.200685190946151,0.462939045095411,0.143,0,1
"1110059G10Rik",0.200685190946151,0.451620591516346,0.143,0,1
"Gm49323",0.200685190946151,0.529489048878881,0.143,0,1
"Ccr9",0.200685190946151,0.593609847429683,0.143,0,1
"Gm48749",0.200685190946151,0.613336050735532,0.143,0,1
"Sf3b5",0.200685190946151,0.486731028592934,0.143,0,1
"Heca",0.200685190946151,0.448454332696768,0.143,0,1
"Tmem200a",0.200685190946151,0.453440621081813,0.143,0,1
"Rwdd1",0.200685190946151,0.507981954576317,0.143,0,1
"Gm47512",0.200685190946151,0.511095844923852,0.143,0,1
"Qrsl1",0.200685190946151,0.690376600752918,0.143,0,1
"Prep",0.200685190946151,0.433931644579518,0.143,0,1
"Ccdc138",0.200685190946151,0.727484993610002,0.143,0,1
"Septin10",0.200685190946151,0.608506335576849,0.143,0,1
"Slc25a16",0.200685190946151,0.451620591516346,0.143,0,1
"Adarb1",0.200685190946151,0.475598416989845,0.143,0,1
"Cfap410",0.200685190946151,0.453440621081813,0.143,0,1
"Fgf22",0.200685190946151,0.597645578987333,0.143,0,1
"Cbarp",0.200685190946151,0.489201482709317,0.143,0,1
"Apc2",0.200685190946151,0.475598416989845,0.143,0,1
"Timm13",0.200685190946151,0.454496026519382,0.143,0,1
"Dapk3",0.200685190946151,0.464641375688933,0.143,0,1
"Mfsd12",0.200685190946151,0.494446818118293,0.143,0,1
"Nfic",0.200685190946151,0.519515078887353,0.143,0,1
"Polr3b",0.200685190946151,0.795061389615152,0.143,0,1
"Mterf2",0.200685190946151,0.579036291419718,0.143,0,1
"Arl1",0.200685190946151,0.503439623887769,0.143,0,1
"Nr2c1",0.200685190946151,0.649724214617517,0.143,0,1
"Cep290",0.200685190946151,0.52501219729046,0.143,0,1
"Ptprq",0.200685190946151,0.529489048878881,0.143,0,1
"Rab3ip",0.200685190946151,0.518868391023069,0.143,0,1
"Yeats4",0.200685190946151,0.635748863725813,0.143,0,1
"Kif5a",0.200685190946151,0.533817056891704,0.143,0,1
"Ddit3",0.200685190946151,0.606835645074457,0.143,0,1
"Zbtb39",0.200685190946151,0.486731028592934,0.143,0,1
"Pan2",0.200685190946151,0.516340024080792,0.143,0,1
"Tmem198b",0.200685190946151,0.598278044195215,0.143,0,1
"Slc35e4",0.200685190946151,0.903967131768832,0.143,0,1
"Gal3st1",0.200685190946151,0.547105145743174,0.143,0,1
"Ccdc117",0.200685190946151,0.434346238869755,0.143,0,1
"Cct4",0.200685190946151,0.516340024080792,0.143,0,1
"Hba-a1",0.200685190946151,0.459196769033962,0.143,0,1
"Stk10",0.200685190946151,0.566258086176493,0.143,0,1
"Fstl4",0.200685190946151,0.518768716573156,0.143,0,1
"Nmur2",0.200685190946151,0.543692975634017,0.143,0,1
"Sap30l",0.200685190946151,0.486731028592934,0.143,0,1
"2810021J22Rik",0.200685190946151,0.516348419806654,0.143,0,1
"4933439C10Rik",0.200685190946151,0.847897919135192,0.143,0,1
"Adora2b",0.200685190946151,0.626741713925272,0.143,0,1
"2410006H16Rik",0.200685190946151,0.596689900060691,0.143,0,1
"Mmgt2",0.200685190946151,0.529574363624228,0.143,0,1
"Zfp286",0.200685190946151,0.417287403427675,0.143,0,1
"Gm12296",0.200685190946151,0.494446818118293,0.143,0,1
"Shisa6",0.200685190946151,0.729828855914298,0.143,0,1
"Dnah2",0.200685190946151,0.615212728862409,0.143,0,1
"Myo1c",0.200685190946151,0.601902944359379,0.143,0,1
"Proca1",0.200685190946151,0.532818132040119,0.143,0,1
"Omg",0.200685190946151,0.449084881496034,0.143,0,1
"Myo19",0.200685190946151,0.505543478523182,0.143,0,1
"Ypel2",0.200685190946151,0.477437437157831,0.143,0,1
"Supt4a",0.200685190946151,0.428877351639203,0.143,0,1
"Coil",0.200685190946151,0.448722993037404,0.143,0,1
"Xylt2",0.200685190946151,0.389669756495776,0.143,0,1
"Pdk2",0.200685190946151,0.459196769033962,0.143,0,1
"Snx11",0.200685190946151,0.65858945152172,0.143,0,1
"Tbkbp1",0.200685190946151,0.428877351639203,0.143,0,1
"Nr1d1",0.200685190946151,0.548828409969612,0.143,0,1
"Klhl10",0.200685190946151,0.448722993037404,0.143,0,1
"Coasy",0.200685190946151,0.448454332696768,0.143,0,1
"Ubtf",0.200685190946151,0.451620591516346,0.143,0,1
"Acbd4",0.200685190946151,0.459196769033962,0.143,0,1
"Plekhm1",0.200685190946151,0.453440621081813,0.143,0,1
"Rprml",0.200685190946151,0.533817056891704,0.143,0,1
"Map3k3",0.200685190946151,0.595987628113349,0.143,0,1
"Nol11",0.200685190946151,0.428877351639203,0.143,0,1
"Cdc42ep4",0.200685190946151,0.448454332696768,0.143,0,1
"Evpl",0.200685190946151,0.532818132040119,0.143,0,1
"Timp2",0.200685190946151,0.56859615178833,0.143,0,1
"Gaa",0.200685190946151,0.543421462709723,0.143,0,1
"Nptx1",0.200685190946151,0.454230369808713,0.143,0,1
"2900052L18Rik",0.200685190946151,0.542432806871815,0.143,0,1
"Rfng",0.200685190946151,0.449084881496034,0.143,0,1
"Wdr45b",0.200685190946151,0.52501219729046,0.143,0,1
"Dnmt3aos",0.200685190946151,0.453440621081813,0.143,0,1
"Lpin1",0.200685190946151,0.595987628113349,0.143,0,1
"Nol10",0.200685190946151,0.592418854697233,0.143,0,1
"2900060N12Rik",0.200685190946151,0.505543478523182,0.143,0,1
"Dus4l",0.200685190946151,0.538264889767083,0.143,0,1
"Gpr22",0.200685190946151,0.462939045095411,0.143,0,1
"Gm47096",0.200685190946151,0.518768716573156,0.143,0,1
"Gm33869",0.200685190946151,0.52501219729046,0.143,0,1
"Brms1l",0.200685190946151,0.538264889767083,0.143,0,1
"Klhdc1",0.200685190946151,0.434346238869755,0.143,0,1
"Snapc1",0.200685190946151,0.690376600752918,0.143,0,1
"Erh",0.200685190946151,0.448454332696768,0.143,0,1
"Cyp46a1",0.200685190946151,0.454496026519382,0.143,0,1
"Degs2",0.200685190946151,0.514360260730147,0.143,0,1
"Crip2",0.200685190946151,0.519515078887353,0.143,0,1
"Gm48261",0.200685190946151,0.598278044195215,0.143,0,1
"C230035I16Rik",0.200685190946151,0.491985337397164,0.143,0,1
"Eef1e1",0.200685190946151,0.597645578987333,0.143,0,1
"Slc35b3",0.200685190946151,0.359135021074419,0.143,0,1
"Nol7",0.200685190946151,0.422382391863858,0.143,0,1
"Gm20751",0.200685190946151,0.459196769033962,0.143,0,1
"Gm48250",0.200685190946151,0.453440621081813,0.143,0,1
"ENSMUSG00000120113",0.200685190946151,0.394863041283082,0.143,0,1
"Higd2a",0.200685190946151,0.483096926789794,0.143,0,1
"Gm48228",0.200685190946151,0.889663728556688,0.143,0,1
"Fancc",0.200685190946151,0.439381441881747,0.143,0,1
"Cdc14b",0.200685190946151,0.389669756495776,0.143,0,1
"ENSMUSG00000120981",0.200685190946151,0.494446818118293,0.143,0,1
"Nsun2",0.200685190946151,0.547839828664002,0.143,0,1
"Pdcd6",0.200685190946151,0.538264889767083,0.143,0,1
"Rhobtb3",0.200685190946151,0.506561461317608,0.143,0,1
"Arsk",0.200685190946151,0.453440621081813,0.143,0,1
"Cmya5",0.200685190946151,0.513524962157724,0.143,0,1
"Ptcd2",0.200685190946151,0.417287403427675,0.143,0,1
"Plk2",0.200685190946151,0.462939045095411,0.143,0,1
"Synpr",0.200685190946151,0.592418854697233,0.143,0,1
"Fhitos",0.200685190946151,0.464641375688933,0.143,0,1
"Sec24c",0.200685190946151,0.553232075484276,0.143,0,1
"Lrtm1",0.200685190946151,0.566258086176493,0.143,0,1
"Tnnc1",0.200685190946151,0.566988262048817,0.143,0,1
"Mapk1ip1l",0.200685190946151,0.454496026519382,0.143,0,1
"Emc9",0.200685190946151,0.595987628113349,0.143,0,1
"Dhrs1",0.200685190946151,0.543692975634017,0.143,0,1
"Parp4",0.200685190946151,0.553232075484276,0.143,0,1
"Trim13",0.200685190946151,0.433931644579518,0.143,0,1
"Gm27017",0.200685190946151,0.443720344399671,0.143,0,1
"ENSMUSG00000120039",0.200685190946151,0.543752124645854,0.143,0,1
"Msra",0.200685190946151,0.434346238869755,0.143,0,1
"Ipo5",0.200685190946151,0.417287403427675,0.143,0,1
"Fbxo4",0.200685190946151,0.422382391863858,0.143,0,1
"Polr2k",0.200685190946151,0.694845580044451,0.143,0,1
"Gm49311",0.200685190946151,0.538264889767083,0.143,0,1
"Peg13",0.200685190946151,0.494446818118293,0.143,0,1
"Oplah",0.200685190946151,0.491985337397164,0.143,0,1
"Maf1",0.200685190946151,0.443720344399671,0.143,0,1
"Kifc2",0.200685190946151,0.417287403427675,0.143,0,1
"C030006K11Rik",0.200685190946151,0.454496026519382,0.143,0,1
"Cby1",0.200685190946151,0.52501219729046,0.143,0,1
"Parvb",0.200685190946151,0.824309452119563,0.143,0,1
"Chkb",0.200685190946151,0.493043813600198,0.143,0,1
"C730034F03Rik",0.200685190946151,0.486731028592934,0.143,0,1
"Gxylt1",0.200685190946151,0.475598416989845,0.143,0,1
"Slc38a1",0.200685190946151,0.417287403427675,0.143,0,1
"Asb8",0.200685190946151,0.453440621081813,0.143,0,1
"1700120C14Rik",0.200685190946151,0.538266711139604,0.143,0,1
"Gm49494",0.200685190946151,0.739321733172801,0.143,0,1
"Atf1",0.200685190946151,0.529574363624228,0.143,0,1
"Mettl7a1",0.200685190946151,0.665367959442962,0.143,0,1
"Atp5g2",0.200685190946151,0.417287403427675,0.143,0,1
"Hnrnpa1",0.200685190946151,0.462939045095411,0.143,0,1
"Zfp597",0.200685190946151,0.459196769033962,0.143,0,1
"Mettl22",0.200685190946151,0.489201482709317,0.143,0,1
"Pmm2",0.200685190946151,0.389669756495776,0.143,0,1
"Tvp23a",0.200685190946151,0.755985472071283,0.143,0,1
"Snap29",0.200685190946151,0.548828409969612,0.143,0,1
"Txnrd2",0.200685190946151,0.511095844923852,0.143,0,1
"2510002D24Rik",0.200685190946151,0.503439623887769,0.143,0,1
"Gm28539",0.200685190946151,0.459693716018629,0.143,0,1
"Alg3",0.200685190946151,0.518868391023069,0.143,0,1
"Clcn2",0.200685190946151,0.389669756495776,0.143,0,1
"Trp63",0.200685190946151,0.508998218811672,0.143,0,1
"Apod",0.200685190946151,0.615286830078556,0.143,0,1
"Pcyt1a",0.200685190946151,0.69986640001187,0.143,0,1
"Tfrc",0.200685190946151,0.543752124645854,0.143,0,1
"Lmln",0.200685190946151,0.464641375688933,0.143,0,1
"Slc49a4",0.200685190946151,0.702011456307673,0.143,0,1
"Gtf2e1",0.200685190946151,0.459196769033962,0.143,0,1
"Phldb2",0.200685190946151,0.571381030799776,0.143,0,1
"Rbm11",0.200685190946151,0.448722993037404,0.143,0,1
"Bach1",0.200685190946151,0.468280561419937,0.143,0,1
"Gm49961",0.200685190946151,0.543692975634017,0.143,0,1
"Cbr1",0.200685190946151,0.690674116429257,0.143,0,1
"Psmg1",0.200685190946151,0.511095844923852,0.143,0,1
"ENSMUSG00000121395",0.200685190946151,0.477437437157831,0.143,0,1
"4732491K20Rik",0.200685190946151,0.468280561419937,0.143,0,1
"Gm49926",0.200685190946151,0.50753865620499,0.143,0,1
"Acat2",0.200685190946151,0.543752124645854,0.143,0,1
"Dynlt2a2",0.200685190946151,0.494446818118293,0.143,0,1
"Zfp760",0.200685190946151,0.475598416989845,0.143,0,1
"Zfp13",0.200685190946151,0.454230369808713,0.143,0,1
"Thoc6",0.200685190946151,0.491985337397164,0.143,0,1
"BC003965",0.200685190946151,0.542432806871815,0.143,0,1
"Ilrun",0.200685190946151,0.449084881496034,0.143,0,1
"Wiz",0.200685190946151,0.489201482709317,0.143,0,1
"Zfp101",0.200685190946151,0.394863041283082,0.143,0,1
"BC051226",0.200685190946151,0.449084881496034,0.143,0,1
"Col11a2",0.200685190946151,0.448454332696768,0.143,0,1
"Agpat1",0.200685190946151,0.507981954576317,0.143,0,1
"Gtf2h4",0.200685190946151,0.518868391023069,0.143,0,1
"Gm16279",0.200685190946151,0.475598416989845,0.143,0,1
"Prr3",0.200685190946151,0.486731028592934,0.143,0,1
"Ppp1r11",0.200685190946151,0.448722993037404,0.143,0,1
"Yipf3",0.200685190946151,0.855628374583611,0.143,0,1
"Tjap1",0.200685190946151,0.513524962157724,0.143,0,1
"Lonp1",0.200685190946151,0.543421462709723,0.143,0,1
"Dus3l",0.200685190946151,0.506561461317608,0.143,0,1
"Man2a1",0.200685190946151,0.588366695827496,0.143,0,1
"Rab12",0.200685190946151,0.505543478523182,0.143,0,1
"A930029G22Rik",0.200685190946151,0.507981954576317,0.143,0,1
"Gm49876",0.200685190946151,0.712191789063611,0.143,0,1
"Slc30a6",0.200685190946151,0.428877351639203,0.143,0,1
"Qpct",0.200685190946151,0.538266711139604,0.143,0,1
"Lrpprc",0.200685190946151,0.588366695827496,0.143,0,1
"Prepl",0.200685190946151,0.596689900060691,0.143,0,1
"Srbd1",0.200685190946151,0.359135021074419,0.143,0,1
"Mkx",0.200685190946151,0.414690569936582,0.143,0,1
"Greb1l",0.200685190946151,0.468280561419937,0.143,0,1
"Tmem241",0.200685190946151,0.6734780567124,0.143,0,1
"Rmc1",0.200685190946151,0.477437437157831,0.143,0,1
"Gm47898",0.200685190946151,0.417287403427675,0.143,0,1
"Srp19",0.200685190946151,0.613336050735532,0.143,0,1
"Reep2",0.200685190946151,0.459196769033962,0.143,0,1
"Gm50371",0.200685190946151,0.464641375688933,0.143,0,1
"Slc35a4",0.200685190946151,0.542432806871815,0.143,0,1
"Hars2",0.200685190946151,0.482062245776952,0.143,0,1
"Pcdhgc4",0.200685190946151,0.482062245776952,0.143,0,1
"Spry4",0.200685190946151,0.542700867879794,0.143,0,1
"Lmnb1",0.200685190946151,0.511095844923852,0.143,0,1
"Tcof1",0.200685190946151,0.542700867879794,0.143,0,1
"Slc14a1",0.200685190946151,0.516340024080792,0.143,0,1
"Sart1",0.200685190946151,0.511566811985294,0.143,0,1
"Mus81",0.200685190946151,0.419794721330064,0.143,0,1
"Sipa1",0.200685190946151,0.529489048878881,0.143,0,1
"Tm7sf2",0.200685190946151,0.56859615178833,0.143,0,1
"Stip1",0.200685190946151,0.505543478523182,0.143,0,1
"Gm50232",0.200685190946151,0.505543478523182,0.143,0,1
"Mta2",0.200685190946151,0.489201482709317,0.143,0,1
"Sdhaf2",0.200685190946151,0.542432806871815,0.143,0,1
"Tmem132a",0.200685190946151,0.468280561419937,0.143,0,1
"4931403E22Rik",0.200685190946151,0.538264889767083,0.143,0,1
"Ccnj",0.200685190946151,0.394863041283082,0.143,0,1
"Hps1",0.200685190946151,0.394863041283082,0.143,0,1
"Cnnm1",0.200685190946151,0.434346238869755,0.143,0,1
"Ina",0.200685190946151,0.477437437157831,0.143,0,1
"4930484I04Rik",0.200685190946151,0.514360260730147,0.143,0,1
"Fhip2a",0.200685190946151,0.459196769033962,0.143,0,1
"Dennd10",0.200685190946151,0.595987628113349,0.143,0,1
"Mid1ip1",0.200685190946151,0.696984418559606,0.143,0,1
"Chst7",0.200685190946151,0.439381441881747,0.143,0,1
"Jade3",0.200685190946151,0.505543478523182,0.143,0,1
"Rpl39",0.200685190946151,0.454230369808713,0.143,0,1
"Bcorl1",0.200685190946151,0.443720344399671,0.143,0,1
"Idh3g",0.200685190946151,0.630914199999523,0.143,0,1
"Ssr4",0.200685190946151,0.513524962157724,0.143,0,1
"Irak1",0.200685190946151,0.792355109877446,0.143,0,1
"Gm14764",0.200685190946151,0.491985337397164,0.143,0,1
"Pola1",0.200685190946151,0.51987701815805,0.143,0,1
"Atp7a",0.200685190946151,0.449084881496034,0.143,0,1
"Nox1",0.200685190946151,0.454496026519382,0.143,0,1
"Dcx",0.200685190946151,0.459196769033962,0.143,0,1
"Nbdy",0.200685190946151,0.503439623887769,0.143,0,1
"Eif1ax",0.200685190946151,0.731571243451715,0.143,0,1
"Gm15246",0.200685190946151,0.448454332696768,0.143,0,1
"Chaserr",0.203187813326956,-0.449178788133672,0.429,0.667,1
"Myo6",0.203237084174911,0.476439687404799,0.786,0.667,1
"Adarb2",0.206059793051636,0.648739875059964,0.929,0.667,1
"Mast4",0.206059793051636,0.376476694636988,0.857,0.75,1
"Ube2e2",0.206059793051636,-0.456352802739328,0.786,0.833,1
"Fam171b",0.20685681055869,-0.723612261087304,0.286,0.5,1
"Cpeb2",0.20685681055869,-0.61890639839299,0.286,0.5,1
"Gm26827",0.20685681055869,-0.577706344055645,0.286,0.5,1
"Hnrnph3",0.20685681055869,-0.579087614249186,0.286,0.5,1
"Spred2",0.20685681055869,-0.726959294560868,0.286,0.5,1
"Mertk",0.207617411154846,-0.402594851272568,0.929,1,1
"Mdga2",0.207617411154846,-0.299750689142004,1,1,1
"Rab28",0.207899093266401,-0.451467464605475,0.286,0.667,1
"Atxn7l3b",0.207899093266401,0.652669679154892,0.571,0.333,1
"Tenm1",0.207899093266401,0.723225627748212,0.571,0.333,1
"Camsap2",0.208410649971598,-0.706500739071516,0.214,0.417,1
"Capn7",0.208410649971598,-0.491935147776687,0.214,0.417,1
"Tenm3",0.208789286122239,0.618666011176759,0.643,0.5,1
"Scaper",0.212967564640007,0.474657399297051,0.643,0.417,1
"Paip2",0.212967564640007,0.705415369704533,0.643,0.417,1
"Tle4",0.212967564640007,-0.612407803962366,0.357,0.75,1
"Cox5b",0.214330464312966,-0.473677002642164,0.214,0.5,1
"Ndufs1",0.214330464312966,0.6608122342074,0.429,0.25,1
"Tiparp",0.214330464312966,-0.741693790209078,0.214,0.5,1
"Tmed5",0.214330464312966,-0.431157466793568,0.214,0.5,1
"Aplp1",0.214330464312966,-0.501282765940645,0.214,0.5,1
"1110004F10Rik",0.214330464312966,-0.285995306935327,0.214,0.5,1
"Tuba1a",0.214330464312966,-0.452993290135486,0.214,0.5,1
"Kmt2a",0.2161663255926,-0.596079636518152,0.357,0.667,1
"Dock1",0.216257031307943,-0.440309013015471,0.786,0.917,1
"Insig2",0.21745606157201,0.704902597438273,0.286,0.083,1
"Ralgps1",0.21745606157201,0.555421465799377,0.286,0.083,1
"Mcl1",0.21745606157201,0.518062231882175,0.286,0.083,1
"Actr3b",0.21745606157201,0.521690429138487,0.286,0.083,1
"Grk4",0.21745606157201,0.758928011461947,0.286,0.083,1
"Gm42993",0.21745606157201,0.628610154421007,0.286,0.083,1
"Lysmd4",0.21745606157201,0.65063313796118,0.286,0.083,1
"Zdhhc2",0.21745606157201,0.540450282199048,0.286,0.083,1
"Anapc16",0.21745606157201,0.574308979620772,0.286,0.083,1
"Sanbr",0.21745606157201,0.542830746971003,0.286,0.083,1
"Sbf1",0.21745606157201,0.605098735339287,0.286,0.083,1
"Mapk6",0.217612752622715,0.452690734586002,0.5,0.25,1
"Fam193a",0.21818168096674,-0.754842442170603,0.357,0.583,1
"Tox3",0.2187662446805,-0.496589261806881,0.357,0.5,1
"Atr",0.2187662446805,0.488732531971145,0.5,0.333,1
"Ltbp1",0.2187662446805,-0.865358196210211,0.286,0.583,1
"Ppm1b",0.2187662446805,-0.691012952875103,0.357,0.5,1
"Inpp1",0.219333375386121,-0.467517086797897,0.071,0.25,1
"Gm38251",0.219333375386121,-0.538081616060183,0.071,0.25,1
"Arl5a",0.219333375386121,-0.577104632984062,0.071,0.25,1
"Traf6",0.219333375386121,-0.75579553815532,0.071,0.25,1
"Ano3",0.219333375386121,-0.553441011184636,0.071,0.25,1
"Myef2",0.219333375386121,-0.51501491676837,0.071,0.25,1
"Ift52",0.219333375386121,-0.739464425998983,0.071,0.25,1
"Gm17494",0.219333375386121,-0.491920430519152,0.071,0.25,1
"Ggh",0.219333375386121,-0.553441011184636,0.071,0.25,1
"Fsd1l",0.219333375386121,-0.896782166254741,0.071,0.25,1
"Pgm1",0.219333375386121,-0.592764013010244,0.071,0.25,1
"Lrp8",0.219333375386121,-0.606828817161097,0.071,0.25,1
"Lap3",0.219333375386121,-0.49003442437827,0.071,0.25,1
"Tmem33",0.219333375386121,-0.428253493908194,0.071,0.25,1
"Septin11",0.219333375386121,-0.551024106462984,0.071,0.25,1
"Zfp800",0.219333375386121,-0.515570709960802,0.071,0.25,1
"Zfp862-ps",0.219333375386121,-0.399251778060595,0.071,0.25,1
"Adcyap1r1",0.219333375386121,-0.517838943310592,0.071,0.25,1
"Gcfc2",0.219333375386121,-0.472506940733753,0.071,0.25,1
"Copb1",0.219333375386121,-0.607997299505336,0.071,0.25,1
"Saraf",0.219333375386121,-0.538726291060202,0.071,0.25,1
"ENSMUSG00000121028",0.219333375386121,-0.629213040822361,0.071,0.25,1
"Cryab",0.219333375386121,-0.490543395322296,0.071,0.25,1
"Bbs4",0.219333375386121,-0.485480079791204,0.071,0.25,1
"Dpp8",0.219333375386121,-0.88161155411119,0.071,0.25,1
"Polr2m",0.219333375386121,-0.485756974557297,0.071,0.25,1
"Gpd1l",0.219333375386121,-0.512328147955254,0.071,0.25,1
"Tspyl4",0.219333375386121,-0.517417555319672,0.071,0.25,1
"Bcr",0.219333375386121,-0.568497185209791,0.071,0.25,1
"Kitl",0.219333375386121,-0.648393712324318,0.071,0.25,1
"Cox11",0.219333375386121,-0.562058906948327,0.071,0.25,1
"Cyth1",0.219333375386121,-0.467662186921359,0.071,0.25,1
"Arhgdia",0.219333375386121,-0.851607336327331,0.071,0.25,1
"Fasn",0.219333375386121,-0.533454557122532,0.071,0.25,1
"Mbip",0.219333375386121,-0.72564123815656,0.071,0.25,1
"Dusp22",0.219333375386121,-0.444141433543472,0.071,0.25,1
"Smad5",0.219333375386121,-0.641039208760615,0.071,0.25,1
"Ube2e1",0.219333375386121,-0.682623451595904,0.071,0.25,1
"Rtraf",0.219333375386121,-0.921558955200895,0.071,0.25,1
"Gm17922",0.219333375386121,-0.634979214158221,0.071,0.25,1
"Uggt2",0.219333375386121,-0.750552389148588,0.071,0.25,1
"Glis2",0.219333375386121,-0.479648505853144,0.071,0.25,1
"Abcf3",0.219333375386121,-0.634505791951079,0.071,0.25,1
"St3gal6",0.219333375386121,-0.60859064754225,0.071,0.25,1
"Zfp523",0.219333375386121,-0.468510349145612,0.071,0.25,1
"Rnf8",0.219333375386121,-0.548786995773026,0.071,0.25,1
"Gtf2f1",0.219333375386121,-1.05347956012869,0.071,0.25,1
"Gm29994",0.219333375386121,-0.47167474121355,0.071,0.25,1
"Prrc1",0.219333375386121,-0.558531371286017,0.071,0.25,1
"Afg3l2",0.219333375386121,-0.574260566008781,0.071,0.25,1
"Rpl17",0.219333375386121,-0.59921685247786,0.071,0.25,1
"Zbtb7c",0.219333375386121,-0.644324753186688,0.071,0.25,1
"Polr2g",0.219333375386121,-0.859567049578305,0.071,0.25,1
"Rragb",0.219333375386121,-0.699088884839866,0.071,0.25,1
"Pde7a",0.220010926996213,0.544768101892645,0.429,0.167,1
"Gm20642",0.220010926996213,0.684582023438223,0.429,0.167,1
"Ndfip1",0.220029982170902,-0.764737081828771,0.571,0.833,1
"Rtn3",0.220029982170902,-0.504556574066702,0.571,0.833,1
"Atp6v0b",0.222294724999771,-0.583347330213404,0.643,0.833,1
"Ncl",0.222875050839931,-0.635934327151176,0.143,0.333,1
"Man1c1",0.222875050839931,-0.631139507207155,0.143,0.333,1
"B3glct",0.222875050839931,-0.721401119241021,0.143,0.333,1
"Tbca",0.222875050839931,-0.653676977469172,0.143,0.333,1
"Hes5",0.223082695224347,0.702729788461449,0.714,0.333,1
"Hsp90aa1",0.223082695224347,-0.735908450988311,0.429,0.667,1
"Usp37",0.223200137109276,0.796050885082521,0.357,0.167,1
"Psmd1",0.223200137109276,0.722561719218774,0.357,0.167,1
"Epb41l1",0.223200137109276,0.553921102211217,0.357,0.167,1
"Cenpc1",0.223200137109276,0.706891441926169,0.357,0.167,1
"Bbs9",0.223200137109276,0.705497934417007,0.357,0.167,1
"Fbxl2",0.223200137109276,0.813664339121073,0.357,0.167,1
"Nprl3",0.223200137109276,0.507654967524271,0.357,0.167,1
"Galnt16",0.223200137109276,0.534995028911413,0.357,0.167,1
"Txndc16",0.223200137109276,0.774353424355232,0.357,0.167,1
"Mtmr6",0.223200137109276,-0.450557813928274,0.143,0.417,1
"Ndufa6",0.223200137109276,-0.2590331663809,0.143,0.417,1
"Osbpl11",0.223200137109276,0.607515878236968,0.357,0.167,1
"Uba1",0.223200137109276,0.719861274938668,0.357,0.167,1
"Vti1a",0.223284678317092,0.510168535731339,0.643,0.583,1
"Trim9",0.223982360833479,-0.384125676178102,0.571,1,1
"Cntn4",0.225182116608327,0.58223900999648,0.857,0.75,1
"Grid2",0.226774441922786,0.397377803041035,1,1,1
"Rorb",0.226774441922786,0.280758559125287,1,0.917,1
"Rabgap1l",0.228765069745532,-0.838362363614902,0.286,0.5,1
"Tlk1",0.228765069745532,-0.567168872050293,0.286,0.5,1
"Sec62",0.228765069745532,-0.871086364356718,0.286,0.5,1
"Rapgef2",0.228765069745532,-0.471813421637742,0.286,0.5,1
"Myt1l",0.228765069745532,-0.582683684700659,0.286,0.5,1
"Slc25a27",0.228765069745532,-0.612638008398274,0.286,0.5,1
"Frmpd1",0.228824770952751,0.58811574212418,0.571,0.333,1
"Fbrsl1",0.228824770952751,0.641644696009173,0.571,0.333,1
"1700025G04Rik",0.23206735056521,-0.557179544887997,0.214,0.417,1
"Chgb",0.23206735056521,-0.63115630761149,0.214,0.417,1
"Atp1a1",0.23206735056521,-0.70203421784726,0.214,0.417,1
"Hnrnpr",0.23206735056521,-0.780497643194091,0.214,0.417,1
"Emid1",0.23206735056521,-0.605421233581882,0.214,0.417,1
"Ap2b1",0.23206735056521,-0.722459901669967,0.214,0.417,1
"Rps29",0.23206735056521,-0.515991878658587,0.214,0.417,1
"Sat1",0.233510138206751,0.610038800358737,0.714,0.5,1
"Fut9",0.233993634476527,-0.387017506230048,0.643,0.917,1
"Slc39a12",0.237277809939696,-0.349378081195147,0.357,0.667,1
"Gnb1",0.237277809939696,-0.372805292836577,0.357,0.667,1
"Spacdr",0.237277809939696,-0.528607784868535,0.357,0.667,1
"Epha5",0.237296802040597,0.391424848780526,0.786,0.5,1
"Gjc3",0.237296802040597,-0.62084906949557,0.5,0.833,1
"Arnt",0.237534171482274,-0.532609079822278,0.214,0.5,1
"Babam2",0.237534171482274,-0.314981892419114,0.214,0.5,1
"Tns3",0.237534171482274,-1.02621764170995,0.286,0.417,1
"Jkamp",0.237534171482274,-0.651508124578387,0.214,0.5,1
"Xiap",0.237534171482274,0.54236016793729,0.429,0.25,1
"Ambra1",0.239832378190703,-0.626481922506158,0.357,0.583,1
"Scg3",0.239832378190703,0.299063668846618,0.643,0.25,1
"Stau2",0.240318409907282,0.504746164977776,0.5,0.25,1
"Gab1",0.240318409907282,0.530100015109378,0.5,0.25,1
"Kat2b",0.240318409907282,0.625697706740934,0.5,0.25,1
"Zswim5",0.240950363077447,-0.475693187968692,0.286,0.583,1
"Gtf2i",0.240950363077447,0.704429756022819,0.5,0.333,1
"Mdh2",0.240950363077447,-0.490548067594355,0.286,0.583,1
"Ntrk3",0.240950363077447,-0.436201734892212,0.286,0.583,1
"Myo9a",0.240950363077447,0.536557405262938,0.5,0.333,1
"Asb3",0.240950363077447,0.425925514826307,0.571,0.25,1
"Prodh",0.240950363077447,0.68990380566886,0.5,0.333,1
"Thrb",0.242599105790629,-0.556454900879376,0.643,0.833,1
"Znrf3",0.244317949893362,0.269923861998401,0.857,0.667,1
"Zfpm2",0.244317949893362,-0.519866831116147,0.714,0.833,1
"mt-Rnr2",0.244317949893362,-0.280750165728451,0.714,0.833,1
"Gpr158",0.244334058662101,0.461818486788025,0.714,0.333,1
"Lix1",0.244334058662101,-0.659932219606802,0.429,0.667,1
"Mir124-2hg",0.244585471511265,0.479947269275211,0.429,0.167,1
"Ap4s1",0.244585471511265,0.54385950260977,0.429,0.167,1
"Wdr26",0.246629797267361,0.549065052835992,0.286,0.083,1
"Tgfb2",0.246629797267361,0.514713376824461,0.286,0.083,1
"Ctdspl2",0.246629797267361,0.518488609867253,0.286,0.083,1
"Dpm1",0.246629797267361,0.533756073692864,0.286,0.083,1
"Dapp1",0.246629797267361,0.506712561609089,0.286,0.083,1
"Ndufaf4",0.246629797267361,0.463769392537523,0.286,0.083,1
"Phactr4",0.246629797267361,0.46758814674898,0.286,0.083,1
"Fam133b",0.246629797267361,0.484394535630825,0.286,0.083,1
"Nr2c2",0.246629797267361,0.543539180987361,0.286,0.083,1
"Naxd",0.246629797267361,0.517212823156999,0.286,0.083,1
"Rxylt1",0.246629797267361,0.772081198456302,0.286,0.083,1
"Prkar1a",0.246629797267361,0.623630184316224,0.286,0.083,1
"Grb2",0.246629797267361,0.463237117815078,0.286,0.083,1
"1700086L19Rik",0.246629797267361,0.6048479910182,0.286,0.083,1
"Vipas39",0.246629797267361,0.585178109662288,0.286,0.083,1
"Gm31323",0.246629797267361,0.587160128137276,0.286,0.083,1
"Syap1",0.246629797267361,0.5389225800418,0.286,0.083,1
"Ppp2r2b",0.246836599114362,0.319802237041614,0.929,0.833,1
"Brinp3",0.247159973211907,0.374276545593022,1,1,1
"Psmd14",0.249230066009008,0.557134136158398,0.357,0.167,1
"Sdc4",0.249230066009008,0.646763197848107,0.357,0.167,1
"Ift74",0.249230066009008,0.535082033375186,0.357,0.167,1
"Snca",0.249230066009008,-0.369031630907534,0.143,0.417,1
"Gabarapl1",0.249230066009008,-0.257698463781517,0.143,0.417,1
"Bicra",0.249230066009008,0.532176418365423,0.357,0.167,1
"Kcnh5",0.249230066009008,-0.430820327642336,0.143,0.417,1
"Exoc5",0.249230066009008,0.525541832124508,0.357,0.167,1
"Ank",0.249230066009008,0.52798955732227,0.357,0.167,1
"Tmbim6",0.249230066009008,0.658976783267105,0.357,0.167,1
"Paxbp1",0.249230066009008,0.767822723393095,0.357,0.167,1
"Map4k3",0.249230066009008,0.531421352961792,0.357,0.167,1
"Bex2",0.249230066009008,-0.439115796804707,0.143,0.417,1
"Hivep2",0.250172205901744,-0.629708357492278,0.5,0.667,1
"Copa",0.25044622918403,-0.517626338241814,0.143,0.333,1
"Hipk1",0.25044622918403,-0.649145407490787,0.143,0.333,1
"Col11a1",0.25044622918403,-0.506977070071484,0.143,0.333,1
"Cyp51",0.25044622918403,-0.606916450742292,0.143,0.333,1
"G3bp2",0.25044622918403,-0.794380171385895,0.143,0.333,1
"6530409C15Rik",0.25044622918403,-0.457165435936908,0.143,0.333,1
"Dbp",0.25044622918403,-0.492977568991084,0.143,0.333,1
"Rab11a",0.25044622918403,-0.666066484053022,0.143,0.333,1
"Lars2",0.25044622918403,-0.563331896389492,0.143,0.333,1
"Aig1",0.25044622918403,-0.697242013305158,0.143,0.333,1
"E130307A14Rik",0.25044622918403,-0.679256277282069,0.143,0.333,1
"Zwint",0.25044622918403,-0.6899623661617,0.143,0.333,1
"Aftph",0.25044622918403,-0.805577732546453,0.143,0.333,1
"Cfap36",0.25044622918403,-0.541514010240387,0.143,0.333,1
"Ankrd40",0.25044622918403,-0.619417866585433,0.143,0.333,1
"Aopep",0.25044622918403,-0.805101603181009,0.143,0.333,1
"Atp6v1a",0.25044622918403,-0.446358842908634,0.143,0.333,1
"Srsf11",0.251208074657894,0.452321879527379,0.571,0.333,1
"Nxn",0.251208074657894,0.571443228297844,0.571,0.333,1
"Tagln3",0.251208074657894,0.651596345588138,0.571,0.333,1
"Npas2",0.251623144249577,-0.486224343310897,0.071,0.25,1
"Nop58",0.251623144249577,-0.602213541732722,0.071,0.25,1
"Cops8",0.251623144249577,-0.398344595723435,0.071,0.25,1
"Gm38043",0.251623144249577,-0.405808518266253,0.071,0.25,1
"Zbtb18",0.251623144249577,-0.436487213508778,0.071,0.25,1
"Mtarc2",0.251623144249577,-0.452079720135671,0.071,0.25,1
"Cers6",0.251623144249577,-0.489515229393409,0.071,0.25,1
"Gm13708",0.251623144249577,-0.452852466458687,0.071,0.25,1
"Ddb2",0.251623144249577,-0.62919092142125,0.071,0.25,1
"Ubox5",0.251623144249577,-0.424973218127891,0.071,0.25,1
"Bcl2l1",0.251623144249577,-0.417152646892941,0.071,0.25,1
"Map1lc3a",0.251623144249577,-0.417152646892941,0.071,0.25,1
"Slc32a1",0.251623144249577,-0.556354729686803,0.071,0.25,1
"Pogz",0.251623144249577,-0.400833858528377,0.071,0.25,1
"Mindy1",0.251623144249577,-0.535424107177025,0.071,0.25,1
"Wars2",0.251623144249577,-0.556508647057535,0.071,0.25,1
"Lamtor5",0.251623144249577,-0.547308723087427,0.071,0.25,1
"Gstm1",0.251623144249577,-0.503350695844153,0.071,0.25,1
"Rragd",0.251623144249577,-0.647322232094891,0.071,0.25,1
"Tdrd7",0.251623144249577,-0.455789648213117,0.071,0.25,1
"Trim32",0.251623144249577,-0.495183165472717,0.071,0.25,1
"Klhl9",0.251623144249577,-0.404372537821693,0.071,0.25,1
"Itgb3bp",0.251623144249577,-0.509230149267263,0.071,0.25,1
"Gm17354",0.251623144249577,-0.509276494577294,0.071,0.25,1
"Sf3a3",0.251623144249577,-0.763138444403001,0.071,0.25,1
"Mecr",0.251623144249577,-0.412492395103194,0.071,0.25,1
"Ppp1cb",0.251623144249577,-0.54437445490255,0.071,0.25,1
"Rgs12",0.251623144249577,-0.580326250084022,0.071,0.25,1
"Hnrnpd",0.251623144249577,-0.529391459671132,0.071,0.25,1
"1500011B03Rik",0.251623144249577,-0.534879757638558,0.071,0.25,1
"Zcchc8",0.251623144249577,-0.4759191657505,0.071,0.25,1
"Amz1",0.251623144249577,-0.582270507670492,0.071,0.25,1
"Smim30",0.251623144249577,-0.555231476526719,0.071,0.25,1
"Rbm28",0.251623144249577,-0.493858999779477,0.071,0.25,1
"Tpk1",0.251623144249577,-0.537905712699467,0.071,0.25,1
"Eogt",0.251623144249577,-0.41720398121508,0.071,0.25,1
"Ccnd2",0.251623144249577,-0.443360555426053,0.071,0.25,1
"Cacng8",0.251623144249577,-0.391920263615127,0.071,0.25,1
"Pnma8b",0.251623144249577,-0.504314910842877,0.071,0.25,1
"Zfp780b",0.251623144249577,-0.516207657358092,0.071,0.25,1
"Uba2",0.251623144249577,-0.419650901104728,0.071,0.25,1
"Emc10",0.251623144249577,-0.4759191657505,0.071,0.25,1
"C2cd3",0.251623144249577,-0.48806830628449,0.071,0.25,1
"Cdipt",0.251623144249577,-0.513308901417397,0.071,0.25,1
"Atp11a",0.251623144249577,-0.658105756230153,0.071,0.25,1
"Fnta",0.251623144249577,-0.430833900748399,0.071,0.25,1
"Zfp866",0.251623144249577,-0.480718973478613,0.071,0.25,1
"Fam32a",0.251623144249577,-0.435802365307352,0.071,0.25,1
"Smad1",0.251623144249577,-0.432790373350166,0.071,0.25,1
"Sntb2",0.251623144249577,-0.56843223578086,0.071,0.25,1
"Fam118b",0.251623144249577,-0.551805632389121,0.071,0.25,1
"Wdr6",0.251623144249577,-0.40992136826137,0.071,0.25,1
"Zcwpw2",0.251623144249577,-0.47355529584539,0.071,0.25,1
"Ctdspl",0.251623144249577,-0.627089239185791,0.071,0.25,1
"Rpl14",0.251623144249577,-0.560395332869676,0.071,0.25,1
"Gask1a",0.251623144249577,-0.599557515562462,0.071,0.25,1
"Tcaim",0.251623144249577,-0.461980096582449,0.071,0.25,1
"Snrpd3",0.251623144249577,-0.44699385069708,0.071,0.25,1
"Tcf3",0.251623144249577,-0.444122628772655,0.071,0.25,1
"Nap1l1",0.251623144249577,-0.432790373350166,0.071,0.25,1
"Cand1",0.251623144249577,-0.690870444413379,0.071,0.25,1
"Grip1os2",0.251623144249577,-0.496126456977393,0.071,0.25,1
"Selenom",0.251623144249577,-0.510381500100102,0.071,0.25,1
"Mrps24",0.251623144249577,-0.476963424333012,0.071,0.25,1
"Ppp3r1",0.251623144249577,-0.513308901417397,0.071,0.25,1
"Trim41",0.251623144249577,-0.5208262511031,0.071,0.25,1
"2810001G20Rik",0.251623144249577,-0.428337136031951,0.071,0.25,1
"Neurl4",0.251623144249577,-0.48623829681205,0.071,0.25,1
"Gabarap",0.251623144249577,-0.488086131886233,0.071,0.25,1
"Dlg4",0.251623144249577,-0.511786293563457,0.071,0.25,1
"Mcrip1",0.251623144249577,-0.483596262911151,0.071,0.25,1
"Dld",0.251623144249577,-0.637074502497974,0.071,0.25,1
"Npc2",0.251623144249577,-0.583067552860277,0.071,0.25,1
"Tecpr2",0.251623144249577,-0.420158176836261,0.071,0.25,1
"Lyrm4",0.251623144249577,-0.480987890855546,0.071,0.25,1
"Enc1",0.251623144249577,-0.407765676258053,0.071,0.25,1
"Rab3c",0.251623144249577,-0.61000403621139,0.071,0.25,1
"Nrg3os",0.251623144249577,-0.446409138638995,0.071,0.25,1
"Tox4",0.251623144249577,-0.591616005785544,0.071,0.25,1
"Micu2",0.251623144249577,-0.461248451507248,0.071,0.25,1
"Ccdc25",0.251623144249577,-0.46200686194372,0.071,0.25,1
"Zfat",0.251623144249577,-0.398371088058595,0.071,0.25,1
"Nup50",0.251623144249577,-0.559037335940642,0.071,0.25,1
"Nudt16l1",0.251623144249577,-0.510068979209451,0.071,0.25,1
"Abcc1",0.251623144249577,-0.56471209276267,0.071,0.25,1
"Snx4",0.251623144249577,-0.427680301168123,0.071,0.25,1
"Tomm70a",0.251623144249577,-0.630172005117227,0.071,0.25,1
"Gm21926",0.251623144249577,-0.444288826943007,0.071,0.25,1
"Nudt3",0.251623144249577,-0.509230149267263,0.071,0.25,1
"Mtch1",0.251623144249577,-0.436928935690653,0.071,0.25,1
"Ndufa7",0.251623144249577,-0.425625180594058,0.071,0.25,1
"Runx2",0.251623144249577,-0.545503049836886,0.071,0.25,1
"Gtpbp2",0.251623144249577,-0.510462258867264,0.071,0.25,1
"Rmdn2",0.251623144249577,-0.575533460792977,0.071,0.25,1
"Elp2",0.251623144249577,-0.458695081097052,0.071,0.25,1
"Lims2",0.251623144249577,-0.45760302446839,0.071,0.25,1
"3222401L13Rik",0.251623144249577,-0.467903687647433,0.071,0.25,1
"Ccdc112",0.251623144249577,-0.436580667296279,0.071,0.25,1
"Marchf5",0.251623144249577,-0.480244850691627,0.071,0.25,1
"Fbxw4",0.251623144249577,-0.66527217821638,0.071,0.25,1
"Actr1a",0.251623144249577,-0.459981799818381,0.071,0.25,1
"Wdr44",0.251623144249577,-0.607485275670392,0.071,0.25,1
"Slc25a12",0.252276885025316,-0.689958918168309,0.286,0.5,1
"Rsrc1",0.252276885025316,0.712326133823188,0.429,0.333,1
"Mier1",0.252276885025316,0.678778136519245,0.429,0.333,1
"Ust",0.252276885025316,-1.26265661851274,0.286,0.5,1
"Rhoq",0.252276885025316,-0.527258199039249,0.286,0.5,1
"Gli3",0.255476811454503,-0.610199448371983,0.5,0.583,1
"Arhgef10l",0.257570123028734,-0.797411569517608,0.214,0.417,1
"Hdgfl3",0.257570123028734,-0.44192690153638,0.214,0.417,1
"Rpl18a",0.257570123028734,-0.482970715006473,0.214,0.417,1
"Gpr137c",0.257570123028734,-0.734730505454025,0.214,0.417,1
"Firre",0.257570123028734,-0.626056243645239,0.214,0.417,1
"Actb",0.258793523688227,-0.654285292076043,0.571,0.75,1
"Map4",0.259805908460048,-0.617477929856322,0.429,0.583,1
"Sdccag8",0.26245832358261,0.444843740781646,0.429,0.25,1
"Prrc2b",0.26245832358261,0.443268170222073,0.429,0.25,1
"Ndufa4",0.26245832358261,-0.880223400113531,0.286,0.417,1
"Sltm",0.26245832358261,0.585408798345417,0.429,0.25,1
"Pcyt2",0.26245832358261,-0.628521728277621,0.286,0.417,1
"Gm26724",0.26245832358261,0.656113327862922,0.429,0.25,1
"Zfp407",0.26245832358261,-0.349767069293246,0.214,0.5,1
"Celf1",0.262954965823438,0.590478045166764,0.5,0.417,1
"Foxn3",0.26417353287603,-0.614593667657713,0.714,0.75,1
"A330076H08Rik",0.264644041110288,0.530202734025121,0.5,0.25,1
"Psd2",0.264644041110288,0.76686586440864,0.5,0.25,1
"Mllt3",0.264673071689182,-0.297385772495643,0.286,0.583,1
"Nr1d2",0.264673071689182,0.66026886569048,0.5,0.333,1
"Csnk1a1",0.266967943477298,-0.394255127410353,0.429,0.667,1
"Gm14858",0.266967943477298,-0.586079624197179,0.429,0.667,1
"Zeb2",0.267975906916991,-0.390611228012955,0.714,1,1
"Ncam1",0.26846795341281,-0.398050572231186,0.929,0.833,1
"Kcnd2",0.268795486268778,0.38362461872869,1,0.917,1
"Dnmt3a",0.271025378967155,0.431095332504794,0.429,0.167,1
"Tafa2",0.272883627113251,0.649295859502788,0.643,0.5,1
"Pja2",0.272883627113251,-0.620475573605962,0.5,0.667,1
"Clasp2",0.273089642862355,0.453863282714324,0.786,0.583,1
"Ndufb5",0.27731078732568,0.592695586710478,0.357,0.167,1
"Psmb2",0.27731078732568,0.534712633598106,0.357,0.167,1
"Uvrag",0.27731078732568,0.716268958845862,0.357,0.167,1
"Map3k5",0.27731078732568,0.703429857677159,0.357,0.167,1
"Eci2",0.27731078732568,0.597711886331875,0.357,0.167,1
"Ralbp1",0.27731078732568,0.511253673225044,0.357,0.167,1
"Cacul1",0.27731078732568,0.678733521342969,0.357,0.167,1
"Atf6",0.277422829359172,0.432787001631018,0.429,0.333,1
"Rab14",0.277422829359172,-0.569672179865742,0.286,0.5,1
"Tpt1",0.277422829359172,-0.539979690750278,0.286,0.5,1
"Comt",0.277422829359172,-0.447591881086055,0.286,0.5,1
"Kcnh8",0.277422829359172,-0.459318930653989,0.286,0.5,1
"mt-Nd1",0.277422829359172,-0.636124829985262,0.286,0.5,1
"Ncoa6",0.278441306711568,0.360109330490346,0.286,0.083,1
"Ddi2",0.278441306711568,0.416365052762139,0.286,0.083,1
"Gm15614",0.278441306711568,0.457727352184219,0.286,0.083,1
"Nagk",0.278441306711568,0.269408875328139,0.286,0.083,1
"Tom1l1",0.278441306711568,0.358038363252739,0.286,0.083,1
"Gm33680",0.278441306711568,0.356437172605154,0.286,0.083,1
"Gtf2a1",0.278441306711568,0.443961594453469,0.286,0.083,1
"Snrnp48",0.278441306711568,0.464980767308294,0.286,0.083,1
"Cnpy3",0.278441306711568,0.381012516585171,0.286,0.083,1
"Atad1",0.278441306711568,0.423947918857859,0.286,0.083,1
"Sgk3",0.280314235090584,-0.259347441535229,0.143,0.333,1
"Cab39",0.280314235090584,-0.900654209225013,0.143,0.333,1
"Atp5e",0.280314235090584,-0.418947805763035,0.143,0.333,1
"Naa15",0.280314235090584,-0.606213245049678,0.143,0.333,1
"4930509J09Rik",0.280314235090584,-0.522298807305162,0.143,0.333,1
"Pdcd10",0.280314235090584,-0.431603574048666,0.143,0.333,1
"St7l",0.280314235090584,-0.540943079679537,0.143,0.333,1
"Gnai3",0.280314235090584,-0.53174977464014,0.143,0.333,1
"Rnpc3",0.280314235090584,-0.401015957900278,0.143,0.333,1
"Asph",0.280314235090584,-0.728223713822229,0.143,0.333,1
"Myh14",0.280314235090584,-0.537062152796275,0.143,0.333,1
"Plpp4",0.280314235090584,-0.49778981256238,0.143,0.333,1
"Lrrc49",0.280314235090584,-0.554977077164426,0.143,0.333,1
"Vps54",0.280314235090584,-0.467953369826968,0.143,0.333,1
"Npm1",0.280314235090584,-0.44887321526076,0.143,0.333,1
"Stxbp4",0.280314235090584,-0.504065879877949,0.143,0.333,1
"Brf1",0.280314235090584,-0.436755610842899,0.143,0.333,1
"Hapln1",0.280314235090584,-0.496069543634887,0.143,0.333,1
"Fam149b",0.280314235090584,-0.485382893371071,0.143,0.333,1
"Zmym5",0.280314235090584,-0.490523531439675,0.143,0.333,1
"Ppp2r2a",0.280314235090584,-0.657345036533824,0.143,0.333,1
"Akap11",0.280314235090584,-0.553271156859419,0.143,0.333,1
"Dbx2",0.280314235090584,-0.589274217947402,0.143,0.333,1
"1810013L24Rik",0.280314235090584,-0.482030716892295,0.143,0.333,1
"Cpped1",0.280314235090584,-0.502205222639242,0.143,0.333,1
"Bbx",0.280314235090584,-0.676036095440275,0.143,0.333,1
"Chsy3",0.280314235090584,-0.525365940451883,0.143,0.333,1
"Ostf1",0.280314235090584,-0.503341906798719,0.143,0.333,1
"Cnnm2",0.280314235090584,-0.631975968921877,0.143,0.333,1
"Pgrmc1",0.280314235090584,-0.56829030140238,0.143,0.333,1
"Stard8",0.280314235090584,-0.535941107298595,0.143,0.333,1
"Sms",0.280314235090584,-0.442283894012221,0.143,0.333,1
"Grin3a",0.281603509455868,0.363554386243992,0.714,0.583,1
"Arhgap35",0.281603509455868,0.348783935931075,0.714,0.583,1
"Pan3",0.283773169590768,-0.466324608399148,0.429,0.583,1
"Mcu",0.283773169590768,0.412626161524825,0.571,0.417,1
"Akap6",0.284673093168753,-0.327243227316008,0.571,0.833,1
"Serinc3",0.284954513628064,-0.580091059112946,0.214,0.417,1
"Palld",0.284954513628064,-0.467997145704076,0.214,0.417,1
"Rasgrf1",0.284954513628064,-0.436249941979659,0.214,0.417,1
"Vamp2",0.284954513628064,-0.479563187124006,0.214,0.417,1
"Gm46367",0.284954513628064,-0.561789248158514,0.214,0.417,1
"Rpl30",0.284954513628064,-0.399678202304685,0.214,0.417,1
"Diaph1",0.284954513628064,-0.636857933637436,0.214,0.417,1
"Klf9",0.284954513628064,-0.527537663800221,0.214,0.417,1
"Pikfyve",0.287089139639561,-0.366150135244227,0.071,0.25,1
"Sned1",0.287089139639561,-0.317402043939526,0.071,0.25,1
"Stard9",0.287089139639561,-0.339078715537957,0.071,0.25,1
"Fabp5",0.287089139639561,-0.293474946046149,0.071,0.25,1
"Cpne3",0.287089139639561,-0.331364364276429,0.071,0.25,1
"Lingo2",0.287089139639561,-0.373067773679456,0.071,0.25,1
"Dcaf12",0.287089139639561,-0.360559520914575,0.071,0.25,1
"Sigmar1",0.287089139639561,-0.348343963527897,0.071,0.25,1
"Stx17",0.287089139639561,-0.267407200267572,0.071,0.25,1
"Rhbdl2",0.287089139639561,-0.457237002216077,0.071,0.25,1
"Nop14",0.287089139639561,-0.317837183168384,0.071,0.25,1
"AI480526",0.287089139639561,-0.377721292201318,0.071,0.25,1
"Polr1d",0.287089139639561,-0.368613999327828,0.071,0.25,1
"Chmp3",0.287089139639561,-0.392104377905716,0.071,0.25,1
"Clip3",0.287089139639561,-0.277750593929543,0.071,0.25,1
"Prmt1",0.287089139639561,-0.311393717285373,0.071,0.25,1
"Stim1",0.287089139639561,-0.38640269797648,0.071,0.25,1
"Gprc5b",0.287089139639561,-0.379697807996837,0.071,0.25,1
"Letm2",0.287089139639561,-0.320616744831845,0.071,0.25,1
"Jund",0.287089139639561,-0.489503991865426,0.071,0.25,1
"Mast3",0.287089139639561,-0.411250755002204,0.071,0.25,1
"Oaz2",0.287089139639561,-0.293094136811726,0.071,0.25,1
"Lysmd2",0.287089139639561,-0.356761932963689,0.071,0.25,1
"Msl2",0.287089139639561,-0.297109891934307,0.071,0.25,1
"Gm2415",0.287089139639561,-0.474989013740447,0.071,0.25,1
"Acaa1a",0.287089139639561,-0.358556592339681,0.071,0.25,1
"Epm2a",0.287089139639561,-0.361727128086227,0.071,0.25,1
"Map7",0.287089139639561,-0.420387088515498,0.071,0.25,1
"Asf1a",0.287089139639561,-0.354795200478625,0.071,0.25,1
"Tbc1d32",0.287089139639561,-0.407922545702387,0.071,0.25,1
"Smarcb1",0.287089139639561,-0.294650745043619,0.071,0.25,1
"Tcp11l2",0.287089139639561,-0.338034946030948,0.071,0.25,1
"Eif4enif1",0.287089139639561,-0.349165469086584,0.071,0.25,1
"Gm11508",0.287089139639561,-0.274239261517137,0.071,0.25,1
"Actr10",0.287089139639561,-0.266830400991503,0.071,0.25,1
"Erg28",0.287089139639561,-0.321375670627951,0.071,0.25,1
"Ngly1",0.287089139639561,-0.378515688729257,0.071,0.25,1
"Elf1",0.287089139639561,-0.409476235942095,0.071,0.25,1
"Azin1",0.287089139639561,-0.264481182096801,0.071,0.25,1
"Rbx1",0.287089139639561,-0.418906789860887,0.071,0.25,1
"Dnajb11",0.287089139639561,-0.382446593659974,0.071,0.25,1
"Ccdc191",0.287089139639561,-0.366730108719307,0.071,0.25,1
"Chd1",0.287089139639561,-0.33117212216201,0.071,0.25,1
"Csnk2b",0.287089139639561,-0.406740501546106,0.071,0.25,1
"Mmut",0.287089139639561,-0.33182830136652,0.071,0.25,1
"Tfeb",0.287089139639561,-0.364748037657883,0.071,0.25,1
"Msh2",0.287089139639561,-0.329349534644582,0.071,0.25,1
"Ctnna1",0.287089139639561,-0.361382189077595,0.071,0.25,1
"Ndufv1",0.287089139639561,-0.331117375148536,0.071,0.25,1
"Klhl13",0.287089139639561,-0.295415898035508,0.071,0.25,1
"Dpf3",0.28757228547352,-0.555336366714386,0.357,0.583,1
"Ptprs",0.28757228547352,-0.446730313513533,0.357,0.583,1
"Ube2d2a",0.28757228547352,0.576615330643417,0.5,0.417,1
"Fgf13",0.28757228547352,-0.620540909383309,0.357,0.583,1
"Stox2",0.288793610590482,0.462773465733964,0.857,0.667,1
"Dnm1",0.289132464085356,-0.412992048341336,0.214,0.5,1
"Dph6",0.289132464085356,0.538638814890567,0.429,0.25,1
"Cds2",0.289132464085356,-0.674265106103498,0.286,0.417,1
"Kmt2e",0.289132464085356,-0.380678374567362,0.214,0.5,1
"Gm44151",0.289132464085356,-0.422444808805944,0.214,0.5,1
"Car10",0.289132464085356,-0.450227715797463,0.214,0.5,1
"Rptor",0.289132464085356,0.420155024054171,0.429,0.25,1
"Atp13a4",0.289132464085356,-0.440927903155212,0.214,0.5,1
"Lrp1",0.289603633421827,0.44483334632163,0.643,0.583,1
"Adam12",0.28995823622951,-0.381521868483852,0.286,0.583,1
"Map2k4",0.28995823622951,0.457516761484706,0.5,0.333,1
"Nfkb1",0.290615578344209,0.717952180084537,0.5,0.25,1
"Cuedc1",0.290615578344209,0.55226786754331,0.5,0.25,1
"Klhl24",0.290615578344209,0.472594979049996,0.5,0.25,1
"Syt11",0.291003726442404,0.465683080735992,0.571,0.5,1
"Fam13c",0.291003726442404,-0.47416712599727,0.429,0.667,1
"Unc5c",0.291366821340218,0.314005413186241,0.929,0.833,1
"Epn2",0.291366821340218,0.467626983228546,1,0.75,1
"Pnisr",0.291614475493932,0.377070796995246,1,0.833,1
"Ptprz1",0.291696973589489,0.260207624218287,1,1,1
"Csmd3",0.291696973589489,0.289312848231038,1,0.917,1
"Hipk2",0.296966419160108,-0.463891490491688,0.5,0.667,1
"Mical2",0.296966419160108,0.454073311138852,0.643,0.5,1
"Rbm25",0.296966419160108,0.507901326215994,0.643,0.5,1
"Epc2",0.299359963322597,0.441535827120862,0.429,0.167,1
"Astn1",0.301830105171453,0.400228126527809,0.714,0.5,1
"Gm48512",0.30422396745648,-0.468875066782213,0.286,0.5,1
"Agmo",0.30422396745648,-0.567910885159206,0.286,0.5,1
"Gabbr1",0.30422396745648,0.502454344944722,0.429,0.333,1
"Pard3b",0.305740326126384,-0.409022763283767,0.571,0.75,1
"Dpyd",0.305740326126384,-0.774424135786107,0.714,0.583,1
"Ankrd12",0.305740326126384,-0.507099415606294,0.571,0.75,1
"Tpp2",0.307472883544879,0.50277477390757,0.357,0.167,1
"Cop1",0.307472883544879,0.46356991406672,0.357,0.167,1
"Pdia3",0.307472883544879,0.558774809233594,0.357,0.167,1
"Ppp1r16b",0.307472883544879,0.519735746576034,0.357,0.167,1
"Zdhhc21",0.307472883544879,0.583086406607502,0.357,0.167,1
"Pisd",0.307472883544879,0.282971223895929,0.357,0.167,1
"Foxp2",0.307472883544879,0.59584493391853,0.357,0.167,1
"Cntnap2",0.307472883544879,0.391715564483511,0.357,0.167,1
"Krcc1",0.307472883544879,0.575479240576134,0.357,0.167,1
"Arl6ip5",0.307472883544879,0.415407455402848,0.357,0.167,1
"Slc17a7",0.307472883544879,0.40077226195519,0.357,0.167,1
"Vps35l",0.307472883544879,0.468171863163104,0.357,0.167,1
"Adgra1",0.307472883544879,0.586422512157335,0.357,0.167,1
"Nae1",0.307472883544879,0.431115088335003,0.357,0.167,1
"Erlec1",0.307472883544879,0.410921623530641,0.357,0.167,1
"Id4",0.307472883544879,0.344069645106213,0.357,0.167,1
"Cldn10",0.307472883544879,0.356597543219707,0.357,0.167,1
"Cers5",0.307472883544879,0.383345458286484,0.357,0.167,1
"Fau",0.307472883544879,0.822179068059155,0.357,0.167,1
"Chrdl1",0.307472883544879,-0.666212491110409,0.214,0.333,1
"Bmpr2",0.309194623338879,0.355668322015319,0.571,0.417,1
"Atp11b",0.309194623338879,0.333509734926313,0.571,0.417,1
"Peli2",0.309194623338879,0.36907891194947,0.571,0.417,1
"Armh4",0.309194623338879,0.57728303075272,0.571,0.417,1
"Tmem47",0.309194623338879,0.415472478704102,0.643,0.333,1
"Kcnn3",0.31251387494273,-0.420038147751719,0.143,0.333,1
"Spen",0.31251387494273,-0.413795557323761,0.143,0.333,1
"Lrpap1",0.31251387494273,-0.434120638384675,0.143,0.333,1
"Taok3",0.31251387494273,-0.410746859778286,0.143,0.333,1
"Immt",0.31251387494273,-0.409695609554161,0.143,0.333,1
"Paip2b",0.31251387494273,-0.374483370877616,0.143,0.333,1
"Shank1",0.31251387494273,-0.618109500352156,0.143,0.333,1
"Nucb1",0.31251387494273,-0.3980936339018,0.143,0.333,1
"Ccnd1",0.31251387494273,-0.464116914630214,0.143,0.333,1
"Tecr",0.31251387494273,-0.491768657745134,0.143,0.333,1
"Ip6k2",0.31251387494273,-0.452788557176493,0.143,0.333,1
"Ncoa7",0.31251387494273,-0.436441915746408,0.143,0.333,1
"Ostm1",0.31251387494273,-0.411268947656539,0.143,0.333,1
"Ano4",0.31251387494273,-0.323840953389592,0.143,0.333,1
"Btbd7",0.31251387494273,-0.465446321439876,0.143,0.333,1
"Spin1",0.31251387494273,-0.289877088742553,0.143,0.333,1
"Gfm2",0.31251387494273,-0.51353953736317,0.143,0.333,1
"Appl1",0.31251387494273,-0.608532305342109,0.143,0.333,1
"Nedd8",0.31251387494273,-0.257343407640665,0.143,0.333,1
"Ube2v2",0.31251387494273,-0.551448641551834,0.143,0.333,1
"Lztr1",0.31251387494273,-0.495336891698439,0.143,0.333,1
"Psmd2",0.31251387494273,-0.40316305747172,0.143,0.333,1
"Nars",0.31251387494273,-0.445513706711026,0.143,0.333,1
"Gdi1",0.31251387494273,-0.482799483717305,0.143,0.333,1
"5330434G04Rik",0.31251387494273,-0.27286752300538,0.143,0.333,1
"Gpr37l1",0.313699004763176,-0.312996592614156,0.357,0.583,1
"Add1",0.313699004763176,-0.425066913697802,0.357,0.583,1
"Edil3",0.313699004763176,-0.527522844563461,0.357,0.583,1
"Ino80d",0.314243289946053,-0.41185132977136,0.214,0.417,1
"Tsc1",0.314243289946053,-0.664352174829977,0.214,0.417,1
"Tmx4",0.314243289946053,-0.449319226990802,0.214,0.417,1
"Pkn2",0.314243289946053,-0.470944318160945,0.214,0.417,1
"Nfyc",0.314243289946053,-0.468288899658977,0.214,0.417,1
"Eno1",0.314243289946053,-0.505985680448501,0.214,0.417,1
"Zfp644",0.314243289946053,0.534208472802499,0.357,0.25,1
"Prickle2",0.314243289946053,-0.359985800081769,0.214,0.417,1
"Ndufc2",0.314243289946053,-0.72628146180811,0.214,0.417,1
"Inpp4b",0.314243289946053,0.527456606859844,0.357,0.25,1
"Herc4",0.314243289946053,-0.462888168118972,0.214,0.417,1
"Arhgap23",0.314243289946053,-0.466484424367214,0.214,0.417,1
"Gm37606",0.314243289946053,0.564978686753238,0.357,0.25,1
"Psmb1",0.314243289946053,-0.651463143041955,0.214,0.417,1
"Bex3",0.314243289946053,-0.647200116213683,0.214,0.417,1
"Nckap1",0.314395385519286,-0.297893953812031,0.5,0.75,1
"Tjp1",0.315543356879126,0.375328384675447,0.929,0.833,1
"Gnao1",0.315874479830489,-0.330938020414752,0.929,1,1
"Nrxn3",0.315874479830489,0.321631122090388,1,1,1
"Dtna",0.315874479830489,0.295287399290492,1,0.917,1
"Ylpm1",0.316820753239517,0.44782698978437,0.5,0.333,1
"Cplane1",0.316820753239517,0.543581789159629,0.5,0.333,1
"Acap2",0.316820753239517,-0.451292830985618,0.357,0.5,1
"Map3k2",0.316820753239517,-0.40013410477229,0.286,0.583,1
"Ago3",0.317574946660637,-0.336424223286846,0.286,0.417,1
"D630045J12Rik",0.317574946660637,0.666077157601458,0.429,0.25,1
"Itpr1",0.317574946660637,0.465091326406446,0.429,0.25,1
"Ptms",0.317574946660637,-0.578043674975106,0.286,0.417,1
"Herc1",0.317574946660637,0.5417435423099,0.429,0.25,1
"Rpsa",0.317574946660637,0.49694558424901,0.429,0.25,1
"Egfr",0.317574946660637,0.594936420697495,0.429,0.25,1
"Acyp2",0.317574946660637,0.565997565122034,0.429,0.25,1
"Ifrd1",0.317574946660637,0.566728149832432,0.429,0.25,1
"Rictor",0.317574946660637,-0.293783150763762,0.214,0.5,1
"Gldc",0.317574946660637,-0.661887607580329,0.286,0.417,1
"Nmnat2",0.318249001761453,0.359389788604451,0.5,0.25,1
"Thsd7a",0.318249001761453,0.674590729020237,0.5,0.25,1
"Tnfaip8",0.318249001761453,0.322484294598492,0.5,0.25,1
"Hip1",0.321394359211291,0.439519032113409,0.786,0.583,1
"4632427E13Rik",0.322430457817285,0.537908191326572,0.643,0.5,1
"Uxs1",0.325783605352783,0.37160405411632,0.214,0.083,1
"Wdr75",0.325783605352783,0.526366974240121,0.214,0.083,1
"Stradb",0.325783605352783,0.503491710593119,0.214,0.083,1
"Xrcc5",0.325783605352783,0.614715840735739,0.214,0.083,1
"Catspere2",0.325783605352783,0.469211626015625,0.214,0.083,1
"Optn",0.325783605352783,0.425890264129311,0.214,0.083,1
"Pfkfb3",0.325783605352783,0.429623873150213,0.214,0.083,1
"Nacc2",0.325783605352783,0.432264817276398,0.214,0.083,1
"Secisbp2l",0.325783605352783,0.79140146487432,0.214,0.083,1
"Sppl2a",0.325783605352783,0.434446150955478,0.214,0.083,1
"Slc9a8",0.325783605352783,0.500984222973797,0.214,0.083,1
"Nceh1",0.325783605352783,0.556819491334656,0.214,0.083,1
"Rnf115",0.325783605352783,0.541210548607511,0.214,0.083,1
"Slc44a5",0.325783605352783,0.539679558569823,0.214,0.083,1
"Tmod1",0.325783605352783,0.529759311615262,0.214,0.083,1
"E130102H24Rik",0.325783605352783,0.684478688657776,0.214,0.083,1
"Yrdc",0.325783605352783,0.511682260638032,0.214,0.083,1
"Exosc10",0.325783605352783,0.43488008183193,0.214,0.083,1
"Rint1",0.325783605352783,0.550585166515553,0.214,0.083,1
"P2rx7",0.325783605352783,0.510726620955949,0.214,0.083,1
"Anapc5",0.325783605352783,0.551492500945798,0.214,0.083,1
"Aldh1l1",0.325783605352783,0.495405617884858,0.214,0.083,1
"Iffo1",0.325783605352783,0.444851435672939,0.214,0.083,1
"Itfg2",0.325783605352783,0.678045873235944,0.214,0.083,1
"Tsen34",0.325783605352783,0.562878952662816,0.214,0.083,1
"Pepd",0.325783605352783,0.604407789165416,0.214,0.083,1
"Ptov1",0.325783605352783,0.610101942423005,0.214,0.083,1
"Lrrc28",0.325783605352783,0.409944956639369,0.214,0.083,1
"Prr14",0.325783605352783,0.539780586278164,0.214,0.083,1
"LTO1",0.325783605352783,0.418448356567362,0.214,0.083,1
"Fbxo25",0.325783605352783,0.551196177842629,0.214,0.083,1
"Ap3m2",0.325783605352783,0.480967438088542,0.214,0.083,1
"Dctn6",0.325783605352783,0.611756476278126,0.214,0.083,1
"Slc25a42",0.325783605352783,0.543692009811043,0.214,0.083,1
"Ndufb7",0.325783605352783,0.486988387061641,0.214,0.083,1
"Zfp1",0.325783605352783,0.458796925472962,0.214,0.083,1
"Hsbp1",0.325783605352783,0.558512605025777,0.214,0.083,1
"Zc3h18",0.325783605352783,0.581679712102084,0.214,0.083,1
"Mvd",0.325783605352783,0.42163731134187,0.214,0.083,1
"Ttc13",0.325783605352783,0.5095849534972,0.214,0.083,1
"Fbxl12",0.325783605352783,0.47652260795737,0.214,0.083,1
"Pin1",0.325783605352783,0.489780031214948,0.214,0.083,1
"Ddx10",0.325783605352783,0.369259700205878,0.214,0.083,1
"Senp8",0.325783605352783,0.560291629426557,0.214,0.083,1
"Glce",0.325783605352783,0.54286297381472,0.214,0.083,1
"Hmgcll1",0.325783605352783,0.520457754327341,0.214,0.083,1
"Armc8",0.325783605352783,0.683388460541078,0.214,0.083,1
"Nphp3",0.325783605352783,0.425890264129311,0.214,0.083,1
"Scap",0.325783605352783,0.48917875539566,0.214,0.083,1
"Eif1b",0.325783605352783,0.725877051179238,0.214,0.083,1
"Traf3ip2",0.325783605352783,0.508897635463292,0.214,0.083,1
"Mcm9",0.325783605352783,0.452429845128193,0.214,0.083,1
"Nrbf2",0.325783605352783,0.508027529726111,0.214,0.083,1
"Dazap1",0.325783605352783,0.557307822618893,0.214,0.083,1
"Gna11",0.325783605352783,0.499425451201079,0.214,0.083,1
"H2az2",0.325783605352783,0.400730764401604,0.214,0.083,1
"Eif5a",0.325783605352783,0.490671504483432,0.214,0.083,1
"Rpa1",0.325783605352783,0.674080536153243,0.214,0.083,1
"Pigs",0.325783605352783,0.469159501473523,0.214,0.083,1
"Tmem199",0.325783605352783,0.653854636074707,0.214,0.083,1
"Cpsf3",0.325783605352783,0.6488563818648,0.214,0.083,1
"Grhl1",0.325783605352783,0.536145350091377,0.214,0.083,1
"Mboat2",0.325783605352783,0.635290431609525,0.214,0.083,1
"Slc25a21",0.325783605352783,0.477654854291131,0.214,0.083,1
"ENSMUSG00000120877",0.325783605352783,0.462412354683712,0.214,0.083,1
"Pdlim7",0.325783605352783,0.52647404603848,0.214,0.083,1
"Mtrex",0.325783605352783,0.537580035380566,0.214,0.083,1
"Fzd3",0.325783605352783,0.419936016160553,0.214,0.083,1
"Gm49356",0.325783605352783,0.928276353898343,0.214,0.083,1
"Gga1",0.325783605352783,0.501877521634998,0.214,0.083,1
"Desi1",0.325783605352783,0.508897635463292,0.214,0.083,1
"Pfdn5",0.325783605352783,0.703890077358687,0.214,0.083,1
"Cluap1",0.325783605352783,0.720556087894367,0.214,0.083,1
"Parl",0.325783605352783,0.459294651291204,0.214,0.083,1
"P3h2",0.325783605352783,0.424708406993392,0.214,0.083,1
"Cct8",0.325783605352783,0.454610627439617,0.214,0.083,1
"Gm49708",0.325783605352783,0.975519759968861,0.214,0.083,1
"Snx9",0.325783605352783,0.421693637628793,0.214,0.083,1
"Spaca6",0.325783605352783,0.51530943007076,0.214,0.083,1
"Zfp40",0.325783605352783,0.636065657297744,0.214,0.083,1
"Flywch1",0.325783605352783,0.702114206792887,0.214,0.083,1
"Pkd1",0.325783605352783,0.610525947561151,0.214,0.083,1
"U2af1",0.325783605352783,0.501682556804339,0.214,0.083,1
"Ddr1",0.325783605352783,0.553250537788811,0.214,0.083,1
"Cebpz",0.325783605352783,0.65629515458713,0.214,0.083,1
"2700062C07Rik",0.325783605352783,0.520998915946439,0.214,0.083,1
"Smad7",0.325783605352783,0.519365374305158,0.214,0.083,1
"Dpf2",0.325783605352783,0.419903002239767,0.214,0.083,1
"Fkbp2",0.325783605352783,0.447650977531627,0.214,0.083,1
"Cbwd1",0.325783605352783,0.694196700529288,0.214,0.083,1
"Shoc2",0.325783605352783,0.563730020452739,0.214,0.083,1
"Steep1",0.325783605352783,0.512187390298131,0.214,0.083,1
"Atp11c",0.325783605352783,0.571829857313005,0.214,0.083,1
"Pcyt1b",0.325783605352783,0.604800665953803,0.214,0.083,1
"Smc1a",0.325783605352783,0.459884175714359,0.214,0.083,1
"Cep85l",0.327330574893634,-0.477416139984909,0.429,0.5,1
"Nlk",0.327330574893634,0.45439043248584,0.571,0.333,1
"Pdlim5",0.331210808238356,0.626918170325776,0.643,0.667,1
"Prkcb",0.331210808238356,-0.290367747938468,0.571,0.75,1
"A330023F24Rik",0.33269098842158,-0.604702379345364,0.286,0.5,1
"Agps",0.33269098842158,0.43264332380729,0.429,0.333,1
"Rin2",0.33269098842158,-0.370393656021433,0.286,0.5,1
"Peak1",0.33269098842158,0.641777730853091,0.429,0.333,1
"Ewsr1",0.33269098842158,-0.329137889342617,0.286,0.5,1
"Tcf20",0.33269098842158,-0.44978122551008,0.286,0.5,1
"Afap1l2",0.33269098842158,-0.474993637728781,0.286,0.5,1
"Dennd4a",0.334293469129023,0.255281854621642,0.857,0.5,1
"Tnrc6a",0.33607717326365,-0.526022842282969,0.429,0.583,1
"Mt3",0.33607717326365,0.543647849489252,0.571,0.417,1
"Hnrnpm",0.33607717326365,0.316785253050931,0.571,0.417,1
"Arglu1",0.336663313492567,-0.325485474137006,0.643,0.833,1
"H13",0.339730536608501,0.526763619164943,0.357,0.167,1
"Ank1",0.339730536608501,0.431607609507488,0.357,0.167,1
"E2f3",0.339730536608501,0.467058839451264,0.357,0.167,1
"Gnl3",0.339730536608501,0.415075239350985,0.357,0.167,1
"Arhgef40",0.339730536608501,0.32055400745741,0.357,0.167,1
"Fyttd1",0.339730536608501,0.39398752043471,0.357,0.167,1
"Gabbr2",0.340543264390507,0.425259658842519,0.643,0.583,1
"Chst11",0.340543264390507,0.605896386095506,0.643,0.583,1
"Gpm6a",0.341001333048576,0.324105759909111,0.929,0.833,1
"Chd9",0.341249138001722,-0.306363822284966,0.857,1,1
"Hnrnpdl",0.341340961113019,0.669309335088188,0.5,0.417,1
"Eea1",0.341340961113019,-0.39068301809972,0.357,0.583,1
"Phactr1",0.343321639843501,-0.500464379539542,0.429,0.667,1
"Cbx5",0.343321639843501,0.295169880882753,0.571,0.5,1
"Gpam",0.343321639843501,0.466669961942797,0.571,0.5,1
"Rb1cc1",0.34526582492781,0.539772843365066,0.5,0.333,1
"Gm40578",0.34526582492781,-0.554916068218186,0.357,0.5,1
"Tbc1d5",0.34526582492781,-0.298445630699808,0.357,0.5,1
"Foxo1",0.345445247067005,-0.480215532959802,0.214,0.417,1
"Dync1i1",0.345445247067005,0.907570619409444,0.357,0.25,1
"Gpt2",0.345445247067005,-0.406277420681759,0.214,0.417,1
"Gm11149",0.345445247067005,-0.639378975364217,0.214,0.417,1
"Zfp609",0.345445247067005,-0.489068780075359,0.214,0.417,1
"Ube2w",0.347059231893433,0.413017258806569,0.286,0.167,1
"Susd4",0.347059231893433,-0.43849713326728,0.143,0.333,1
"Stk39",0.347059231893433,-0.381456264130882,0.143,0.333,1
"Ldlrad3",0.347059231893433,0.563893616800816,0.286,0.167,1
"Trim2",0.347059231893433,-0.552359809235307,0.143,0.333,1
"Rngtt",0.347059231893433,-0.345155335027795,0.143,0.333,1
"Dnaja1",0.347059231893433,-0.315732867861429,0.143,0.333,1
"Cyp2j9",0.347059231893433,-0.322173172126321,0.143,0.333,1
"Phc2",0.347059231893433,-0.276237621812471,0.143,0.333,1
"Nub1",0.347059231893433,0.470725509321338,0.286,0.167,1
"Yes1",0.347059231893433,-0.514508025247847,0.143,0.333,1
"Anapc4",0.347059231893433,-0.436362135122191,0.143,0.333,1
"Gfpt1",0.347059231893433,0.49087639395386,0.286,0.167,1
"Ppme1",0.347059231893433,-0.371867136734664,0.143,0.333,1
"Ctsd",0.347059231893433,-0.386596423175068,0.143,0.333,1
"Ctcf",0.347059231893433,-0.440341751542666,0.143,0.333,1
"Akap7",0.347059231893433,0.811367066736294,0.286,0.167,1
"2610008E11Rik",0.347059231893433,0.507857736022254,0.286,0.167,1
"Arf1",0.347059231893433,-0.390905848338345,0.143,0.333,1
"Rnf157",0.347059231893433,0.613489561113476,0.286,0.167,1
"Frmd6",0.347059231893433,0.40914380881464,0.286,0.167,1
"Bphl",0.347059231893433,-0.338009292825888,0.143,0.333,1
"Zdhhc20",0.347059231893433,-0.395437636339083,0.143,0.333,1
"Fndc3a",0.347059231893433,0.515989793497829,0.286,0.167,1
"Spry2",0.347059231893433,0.439406671302523,0.286,0.167,1
"Fmnl3",0.347059231893433,0.516821609652886,0.286,0.167,1
"Sst",0.347059231893433,0.855183743361219,0.286,0.167,1
"Hlcs",0.347059231893433,0.76204790306458,0.286,0.167,1
"Marchf2",0.347059231893433,-0.267147268810318,0.143,0.333,1
"Atp6ap2",0.347059231893433,0.446563539268075,0.286,0.167,1
"Slc25a5",0.347059231893433,-0.309959834379452,0.143,0.333,1
"Bcap31",0.347059231893433,0.480467228502129,0.286,0.167,1
"Wdr20",0.34754951483766,0.36929005280265,0.5,0.25,1
"Prr16",0.34754951483766,0.487725503080017,0.5,0.25,1
"Rnf216",0.347791963853417,-0.371287952555775,0.214,0.5,1
"Ddhd2",0.347791963853417,0.522748865171767,0.429,0.25,1
"Usp4",0.347791963853417,0.479315665439554,0.429,0.25,1
"Ube2g1",0.347791963853417,-0.534606682350278,0.286,0.417,1
"Ywhaz",0.347791963853417,0.596992316916,0.429,0.25,1
"Fgd4",0.347791963853417,0.503013355694486,0.429,0.25,1
"Yeats2",0.347791963853417,-0.778187574979854,0.286,0.417,1
"Rab11fip3",0.347791963853417,-0.490210882053391,0.286,0.417,1
"Macrod1",0.347791963853417,0.391339257561153,0.429,0.25,1
"Zfand5",0.347791963853417,0.476627365991997,0.429,0.25,1
"5330438D12Rik",0.349278069638163,0.387101081649608,0.643,0.5,1
"Zfp521",0.349278069638163,-0.442067470226232,0.5,0.667,1
"Rab11fip2",0.349278069638163,-0.396422615734352,0.429,0.75,1
"Slc6a1",0.351641827626404,-0.316718969569914,0.786,0.75,1
"Usp34",0.354125115705136,0.458157664813571,0.714,0.5,1
"B3galt1",0.354457205483525,0.270253100047303,0.929,0.917,1
"Son",0.354457205483525,-0.486449647768402,0.929,0.917,1
"Fip1l1",0.355729417741898,0.318367009587182,0.571,0.333,1
"Nwd1",0.357286657840514,0.539457557079142,0.643,0.417,1
"Ttc14",0.358014618522701,0.596813531981241,0.714,0.583,1
"Mapk4",0.358014618522701,0.335498825828175,0.714,0.583,1
"Marchf7",0.36282342865631,-0.253152559233224,0.286,0.5,1
"Ube2h",0.36282342865631,0.547453892022371,0.429,0.333,1
"Gramd1b",0.36282342865631,-0.354874225094626,0.286,0.5,1
"Unc79",0.36282342865631,-0.270931263767006,0.286,0.5,1
"Gpbp1",0.36282342865631,-0.49864865515512,0.286,0.5,1
"Pibf1",0.36282342865631,-0.389578883383326,0.286,0.5,1
"Dmxl1",0.36282342865631,0.524267440823969,0.429,0.333,1
"Cfl1",0.36282342865631,-0.287400709508166,0.286,0.5,1
"Btrc",0.36282342865631,-0.409877756515034,0.286,0.5,1
"Chl1",0.363431962987599,0.276176627245701,0.786,0.667,1
"Mir9-3hg",0.363431962987599,0.353263792576652,0.714,0.75,1
"Ncoa1",0.363431962987599,0.574721919640843,0.714,0.75,1
"Fign",0.364419052516037,0.402549328045752,0.571,0.417,1
"Nufip2",0.364419052516037,0.35414815336481,0.571,0.417,1
"Camk1d",0.365181008902757,-0.440961836222428,0.714,0.833,1
"Cflar",0.367718450112715,0.44355503926047,0.214,0.083,1
"Stk16",0.367718450112715,0.433064531488678,0.214,0.083,1
"Klhl12",0.367718450112715,0.415631369745768,0.214,0.083,1
"Zbtb37",0.367718450112715,0.425330561391379,0.214,0.083,1
"Kif26b",0.367718450112715,0.464933045592252,0.214,0.083,1
"Gad1",0.367718450112715,0.497984879212781,0.214,0.083,1
"Pdk1",0.367718450112715,0.424791695657962,0.214,0.083,1
"Lnpk",0.367718450112715,0.372879045138713,0.214,0.083,1
"Plekha3",0.367718450112715,0.355983938382701,0.214,0.083,1
"Dgkz",0.367718450112715,0.420769528337217,0.214,0.083,1
"Eif2ak4",0.367718450112715,0.361972754554699,0.214,0.083,1
"Trp53inp2",0.367718450112715,0.378495176953373,0.214,0.083,1
"Soga1",0.367718450112715,0.360860569172946,0.214,0.083,1
"Slc16a4",0.367718450112715,0.46090289781687,0.214,0.083,1
"Mttp",0.367718450112715,0.497165269883266,0.214,0.083,1
"Ube2r2",0.367718450112715,0.527379252572066,0.214,0.083,1
"Ptprf",0.367718450112715,0.709082043658863,0.214,0.083,1
"Utp11",0.367718450112715,0.398351071316202,0.214,0.083,1
"Azin2",0.367718450112715,0.430493505236169,0.214,0.083,1
"Prdm2",0.367718450112715,0.501954877382793,0.214,0.083,1
"Gatad1",0.367718450112715,0.476082044419518,0.214,0.083,1
"Ythdc1",0.367718450112715,0.365044680081846,0.214,0.083,1
"Gigyf1",0.367718450112715,0.503729145677746,0.214,0.083,1
"Ndufb2",0.367718450112715,0.389500340664845,0.214,0.083,1
"Rad52",0.367718450112715,0.440492210182064,0.214,0.083,1
"Bcl2l13",0.367718450112715,0.69374735322401,0.214,0.083,1
"Usp5",0.367718450112715,0.401337458728088,0.214,0.083,1
"4930557K07Rik",0.367718450112715,0.386170206573684,0.214,0.083,1
"E230029C05Rik",0.367718450112715,0.797088614959113,0.214,0.083,1
"Mrpl17",0.367718450112715,0.485409974492356,0.214,0.083,1
"Mcph1",0.367718450112715,0.432233161196068,0.214,0.083,1
"Fat1",0.367718450112715,0.604231347087021,0.214,0.083,1
"Nup93",0.367718450112715,0.369468818595315,0.214,0.083,1
"Csnk2a2",0.367718450112715,0.39544352882343,0.214,0.083,1
"Terf2",0.367718450112715,0.351691994382539,0.214,0.083,1
"Shfl",0.367718450112715,0.384876225613385,0.214,0.083,1
"Zbtb16",0.367718450112715,0.490046718070074,0.214,0.083,1
"Alg9",0.367718450112715,0.372568182858937,0.214,0.083,1
"Iqch",0.367718450112715,0.578811291103921,0.214,0.083,1
"Abhd14b",0.367718450112715,0.433709983260436,0.214,0.083,1
"Gm47483",0.367718450112715,0.404699121758856,0.214,0.083,1
"Ndufs7",0.367718450112715,0.446423747668335,0.214,0.083,1
"Ankrd24",0.367718450112715,0.370638180216108,0.214,0.083,1
"Gm47591",0.367718450112715,0.674280932318674,0.214,0.083,1
"4930532I03Rik",0.367718450112715,0.371604859003555,0.214,0.083,1
"A930009A15Rik",0.367718450112715,0.592286356459241,0.214,0.083,1
"Cdkl3",0.367718450112715,0.400069420799535,0.214,0.083,1
"Polr2a",0.367718450112715,0.35542909947542,0.214,0.083,1
"Nme1",0.367718450112715,0.550523821933844,0.214,0.083,1
"Rnf213",0.367718450112715,0.3991577849721,0.214,0.083,1
"Atxn7l1",0.367718450112715,0.594380689962911,0.214,0.083,1
"Slc8a3",0.367718450112715,0.399188775071253,0.214,0.083,1
"Rps6ka5",0.367718450112715,0.662133518533218,0.214,0.083,1
"Platr25",0.367718450112715,0.39145297004403,0.214,0.083,1
"Gm46430",0.367718450112715,0.400217659851882,0.214,0.083,1
"Cetn3",0.367718450112715,0.371616176246814,0.214,0.083,1
"Ppp3cc",0.367718450112715,0.446146078019071,0.214,0.083,1
"Gm2824",0.367718450112715,0.407853527952956,0.214,0.083,1
"Cyhr1",0.367718450112715,0.532044295965977,0.214,0.083,1
"Tmem184b",0.367718450112715,0.397553595937145,0.214,0.083,1
"Ufd1",0.367718450112715,0.346181647694936,0.214,0.083,1
"Ncbp2",0.367718450112715,0.422097254348915,0.214,0.083,1
"Arl13b",0.367718450112715,0.379805210735998,0.214,0.083,1
"Sod1",0.367718450112715,0.556076752020473,0.214,0.083,1
"Riok2",0.367718450112715,0.507087325869462,0.214,0.083,1
"Gm1976",0.367718450112715,0.548182901661701,0.214,0.083,1
"Rnf138",0.367718450112715,0.732814392737162,0.214,0.083,1
"Etf1",0.367718450112715,0.483163038111167,0.214,0.083,1
"Kctd16",0.367718450112715,0.625631377117027,0.214,0.083,1
"Cep120",0.367718450112715,0.489116392990439,0.214,0.083,1
"Phax",0.367718450112715,0.412403715914845,0.214,0.083,1
"4930481A15Rik",0.367718450112715,0.46626305037974,0.214,0.083,1
"Ubxn1",0.367718450112715,0.363517988727834,0.214,0.083,1
"Nmrk1",0.367718450112715,0.483540966116655,0.214,0.083,1
"Mms19",0.367718450112715,0.479627696179492,0.214,0.083,1
"Nono",0.367718450112715,0.591946111323634,0.214,0.083,1
"Hnrnph2",0.367718450112715,0.600319552609985,0.214,0.083,1
"Amot",0.367718450112715,0.467101098865006,0.214,0.083,1
"Cspg5",0.367737764283709,0.285567437947675,1,0.75,1
"Farp1",0.367737764283709,0.3677853923229,1,0.75,1
"Scg5",0.368044257653566,0.250260956159222,0.643,0.583,1
"Bmpr1a",0.368044257653566,0.287290297683693,0.643,0.583,1
"Plppr1",0.370494579046768,0.466334004442086,0.5,0.417,1
"Cul1",0.370494579046768,0.413864639693793,0.5,0.417,1
"Hacd3",0.370494579046768,0.605022901391503,0.5,0.417,1
"Psme4",0.370494579046768,-0.351059067198423,0.357,0.583,1
"Atrnl1",0.370494579046768,0.396878307463623,0.5,0.417,1
"Smarca2",0.371604088586367,0.545473505665419,0.571,0.5,1
"Mvb12b",0.37408016131082,0.40407645666041,0.357,0.167,1
"Mga",0.37408016131082,-0.668539273328116,0.214,0.333,1
"4933431E20Rik",0.37408016131082,-0.594194210725904,0.214,0.333,1
"Rlf",0.37408016131082,-0.445379478053463,0.214,0.333,1
"Shprh",0.37408016131082,0.333653554508841,0.357,0.167,1
"Metap2",0.37408016131082,-0.464218826176811,0.214,0.333,1
"Sertad2",0.37408016131082,-0.517604309600074,0.214,0.333,1
"Prpf39",0.37408016131082,-0.640677004090976,0.214,0.333,1
"Stk3",0.37408016131082,-0.380766424728351,0.214,0.333,1
"Thada",0.37408016131082,-0.915385518102295,0.214,0.333,1
"Shroom4",0.37408016131082,-0.554687968081278,0.214,0.333,1
"Pantr1",0.375288319258009,-0.369935572490447,0.357,0.5,1
"Grk3",0.375288319258009,-0.505983695107177,0.357,0.5,1
"Cnot4",0.375288319258009,-0.434879851080239,0.357,0.5,1
"Map2k6",0.375288319258009,0.662745960653909,0.5,0.333,1
"Khdrbs2",0.377503590212322,0.655347746217819,0.571,0.583,1
"Setd3",0.378510819785504,0.344211484713406,0.5,0.25,1
"Ptma",0.378554158798228,-0.354877320728338,0.214,0.417,1
"Rasgef1b",0.378554158798228,0.433060061698557,0.357,0.25,1
"Dnajc13",0.378554158798228,0.409467580683452,0.357,0.25,1
"Clec16a",0.378554158798228,0.668430504993429,0.357,0.25,1
"Meis2",0.37904111960375,0.559748841074856,0.786,0.75,1
"Scd2",0.37904111960375,-0.285863365983329,0.643,0.917,1
"E130308A19Rik",0.37977669521167,0.345168381884882,0.429,0.25,1
"Mfn2",0.37977669521167,-0.484168827248601,0.286,0.417,1
"Mkln1",0.37977669521167,0.503168152064383,0.429,0.25,1
"Kcmf1",0.37977669521167,-0.769407568830238,0.286,0.417,1
"Aplp2",0.37977669521167,-0.517772749301948,0.286,0.417,1
"Slc25a36",0.37977669521167,0.441720714586798,0.429,0.25,1
"Rpl23",0.37977669521167,0.401945589440371,0.429,0.25,1
"Gpld1",0.37977669521167,0.481767680799825,0.429,0.25,1
"Zcchc24",0.37977669521167,0.36674551547021,0.429,0.25,1
"Mapk8ip3",0.37977669521167,-0.444291420896744,0.286,0.417,1
"Huwe1",0.37977669521167,0.597778008227871,0.429,0.25,1
"Ercc5",0.383941892269621,0.408189477135971,0.286,0.167,1
"Aldh9a1",0.383941892269621,0.478559110812021,0.286,0.167,1
"Ttf1",0.383941892269621,0.436072013600483,0.286,0.167,1
"Anapc1",0.383941892269621,0.485406041415496,0.286,0.167,1
"Dnajc5",0.383941892269621,0.420043702739305,0.286,0.167,1
"Rars2",0.383941892269621,-0.298265479971154,0.143,0.333,1
"Gm12394",0.383941892269621,0.383855473876154,0.286,0.167,1
"Gm2164",0.383941892269621,0.684742884433483,0.286,0.167,1
"Ago1",0.383941892269621,0.388503632903254,0.286,0.167,1
"Gm43843",0.383941892269621,0.444694997575285,0.286,0.167,1
"Ndufa5",0.383941892269621,0.533657282743631,0.286,0.167,1
"Ahcyl2",0.383941892269621,0.693144764492749,0.286,0.167,1
"Gm44511",0.383941892269621,0.419862820772088,0.286,0.167,1
"Zbed5-ps",0.383941892269621,0.491948980102896,0.286,0.167,1
"Scoc",0.383941892269621,0.416070931013092,0.286,0.167,1
"Mthfs",0.383941892269621,0.456911155955363,0.286,0.167,1
"Tfdp2",0.383941892269621,0.451038572031095,0.286,0.167,1
"Arhgef25",0.383941892269621,0.510545098204506,0.286,0.167,1
"Actr2",0.383941892269621,0.681465963657978,0.286,0.167,1
"Nsg2",0.383941892269621,0.385984310567096,0.286,0.167,1
"Vezf1",0.383941892269621,0.500783645012563,0.286,0.167,1
"Ggps1",0.383941892269621,-0.363940598594349,0.143,0.333,1
"Gfod1",0.383941892269621,0.802772956680263,0.286,0.167,1
"Txndc15",0.383941892269621,0.447387392668087,0.286,0.167,1
"Golph3",0.383941892269621,0.476933615168959,0.286,0.167,1
"Esco1",0.383941892269621,0.72017814637334,0.286,0.167,1
"Fbxo38",0.383941892269621,0.725090456030784,0.286,0.167,1
"Aldh1a1",0.383941892269621,0.567360803959788,0.286,0.167,1
"Spata6l",0.383941892269621,-0.344483530667077,0.143,0.333,1
"Hectd1",0.385634446010189,-0.393607827413412,0.429,0.5,1
"Plcl1",0.386143865191468,0.650441568064186,0.643,0.667,1
"Strn3",0.386143865191468,-0.372660228854899,0.571,0.75,1
"Lrrn2",0.390016579730252,-0.384746105966538,0.143,0.25,1
"Tor1aip2",0.390016579730252,-0.611832766182462,0.143,0.25,1
"Grin2b",0.390016579730252,-0.39803310737817,0.143,0.25,1
"Med25",0.390016579730252,-0.563755703579238,0.143,0.25,1
"Arih2",0.390016579730252,-0.676366447235827,0.143,0.25,1
"Washc5",0.390016579730252,-0.34505041522952,0.143,0.25,1
"Eif4b",0.390016579730252,-0.50478474601579,0.143,0.25,1
"Tmem191c",0.390016579730252,-0.66452394307146,0.143,0.25,1
"Atp6v1g2",0.390016579730252,-0.456943840674124,0.143,0.25,1
"Smad4",0.390016579730252,-0.404948971114021,0.143,0.25,1
"Mbp",0.390016579730252,-0.847539377371635,0.143,0.25,1
"Arhgap31",0.391494086628267,0.396166841645846,0.786,0.667,1
"Phka1",0.391494086628267,0.290705046984825,0.786,0.667,1
"Jmjd1c",0.39322027299568,-0.457806726036829,0.714,0.833,1
"Hdac9",0.394209356146894,-0.599358022682974,0.429,0.583,1
"Tnpo1",0.394209356146894,0.280350377803404,0.571,0.417,1
"Acbd5",0.394609004553691,0.464351531423706,0.429,0.333,1
"Evi5l",0.394609004553691,0.487193379654408,0.429,0.333,1
"Ptpn9",0.394609004553691,-0.372063785750957,0.286,0.5,1
"Nr3c1",0.394609004553691,0.725895256258437,0.429,0.333,1
"Zeb1",0.396065820708938,0.351351075051315,1,0.917,1
"Csmd2",0.396887426098685,0.414825637899927,0.643,0.583,1
"Fhit",0.396887426098685,0.643162122609891,0.643,0.583,1
"Phf3",0.40114637476314,0.358030916636645,0.5,0.417,1
"Gm29514",0.40114637476314,-0.423096235573399,0.357,0.583,1
"Slc27a1",0.40114637476314,0.552741572699746,0.5,0.417,1
"Cdk12",0.40114637476314,0.377995941609397,0.5,0.417,1
"Nt5c2",0.40114637476314,0.502738461945006,0.5,0.417,1
"Kat6b",0.40128817311177,0.497285506019832,0.571,0.5,1
"Gm32509",0.40128817311177,-0.25859547833014,0.429,0.667,1
"Srgap1",0.403701550820045,-0.296168689026414,0.643,0.75,1
"Cep350",0.406872231193591,0.254895131664008,0.5,0.333,1
"Tanc1",0.406872231193591,0.409220455260578,0.5,0.333,1
"Smarcc1",0.406872231193591,0.343194111290663,0.5,0.333,1
"Eid1",0.410499261395719,-0.491846422964212,0.214,0.333,1
"Usp33",0.410499261395719,-0.418871799042834,0.214,0.333,1
"Rpl5",0.410499261395719,-0.426505366329375,0.214,0.333,1
"C2cd5",0.410499261395719,-0.549587949801034,0.214,0.333,1
"1600010M07Rik",0.410499261395719,-0.326971861465505,0.214,0.333,1
"Tmem30a",0.410499261395719,-0.480326961448324,0.214,0.333,1
"Tmbim4",0.410499261395719,0.36359166144816,0.357,0.167,1
"Ttc8",0.410499261395719,0.404694088531038,0.357,0.167,1
"Rpl8",0.410499261395719,-0.453171080095039,0.214,0.333,1
"Lpin2",0.410499261395719,0.328578051144402,0.357,0.167,1
"Dpy30",0.410499261395719,-0.368229544270433,0.214,0.333,1
"Scly",0.412861480484012,0.306397317248544,0.214,0.083,1
"B230369F24Rik",0.412861480484012,0.330132314785794,0.214,0.083,1
"Hnmt",0.412861480484012,0.343510536087766,0.214,0.083,1
"Slc39a13",0.412861480484012,0.419195843636721,0.214,0.083,1
"Snap23",0.412861480484012,0.368102846746783,0.214,0.083,1
"Gm42946",0.412861480484012,0.38866092963291,0.214,0.083,1
"Unc13b",0.412861480484012,0.310589776818295,0.214,0.083,1
"Pgap4",0.412861480484012,0.337354623800967,0.214,0.083,1
"Dnajb6",0.412861480484012,0.38272726670834,0.214,0.083,1
"Tbc1d1",0.412861480484012,0.461486691916552,0.214,0.083,1
"Mtif3",0.412861480484012,0.343510536087766,0.214,0.083,1
"Ppp1r12c",0.412861480484012,0.335495584087258,0.214,0.083,1
"2900076A07Rik",0.412861480484012,0.384038942598778,0.214,0.083,1
"Ankrd10",0.412861480484012,0.629583493873539,0.214,0.083,1
"Cnot7",0.412861480484012,0.486534402726368,0.214,0.083,1
"Map1s",0.412861480484012,0.434236258612557,0.214,0.083,1
"Pkn1",0.412861480484012,0.303412076104614,0.214,0.083,1
"Pllp",0.412861480484012,0.377836605252284,0.214,0.083,1
"Hykk",0.412861480484012,0.342121770590557,0.214,0.083,1
"Snrk",0.412861480484012,0.295954206462486,0.214,0.083,1
"Vip",0.412861480484012,0.310779441355147,0.214,0.083,1
"Lsm7",0.412861480484012,0.297643583349199,0.214,0.083,1
"Hmg20b",0.412861480484012,0.426299155689989,0.214,0.083,1
"Baz2a",0.412861480484012,0.353033532125292,0.214,0.083,1
"Bod1",0.412861480484012,0.336676276248972,0.214,0.083,1
"Nt5c3b",0.412861480484012,0.322171910240396,0.214,0.083,1
"Nt5c",0.412861480484012,0.364986259423933,0.214,0.083,1
"Dapk1",0.412861480484012,0.353812372548552,0.214,0.083,1
"Ube2ql1",0.412861480484012,0.393786181855917,0.214,0.083,1
"Styx",0.412861480484012,0.491817579070408,0.214,0.083,1
"Scel",0.412861480484012,0.397844493533475,0.214,0.083,1
"Hs6st3",0.412861480484012,0.473928518571733,0.214,0.083,1
"1700085D07Rik",0.412861480484012,0.438689485329679,0.214,0.083,1
"Tst",0.412861480484012,0.461518427872718,0.214,0.083,1
"Tob2",0.412861480484012,0.331911279082227,0.214,0.083,1
"Snu13",0.412861480484012,0.330504970024681,0.214,0.083,1
"Selenoo",0.412861480484012,0.434725547691847,0.214,0.083,1
"Smarcd1",0.412861480484012,0.421164723557429,0.214,0.083,1
"Gm19522",0.412861480484012,0.443551581056175,0.214,0.083,1
"Pdgfrb",0.412861480484012,0.431269764401228,0.214,0.083,1
"Sfr1",0.412861480484012,0.374694133404497,0.214,0.083,1
"Atp2b3",0.412861480484012,0.390239320698134,0.214,0.083,1
"Hcfc1",0.412861480484012,0.41870404785044,0.214,0.083,1
"Tafazzin",0.412861480484012,0.468464731564486,0.214,0.083,1
"Phka2",0.412861480484012,0.304056581227462,0.214,0.083,1
"Sf3b1",0.413508598605831,-0.447009754821009,0.286,0.417,1
"Abca1",0.413508598605831,-0.400684164156436,0.286,0.417,1
"1110019D14Rik",0.413508598605831,-0.39437021986088,0.286,0.417,1
"Efr3b",0.413508598605831,0.356084562207365,0.429,0.25,1
"Arid4b",0.413508598605831,-0.31170878652201,0.286,0.417,1
"Nalcn",0.413508598605831,0.388041533100665,0.429,0.25,1
"Atp6v1h",0.413547905043255,-0.449581762681229,0.214,0.417,1
"Wipf1",0.413547905043255,0.751799122189481,0.357,0.25,1
"Trmt13",0.413547905043255,0.380221417445942,0.357,0.25,1
"Dhx15",0.413547905043255,0.49888703721665,0.357,0.25,1
"Herc2",0.413547905043255,-0.277757915862155,0.214,0.417,1
"Nup98",0.413547905043255,0.784580389875935,0.357,0.25,1
"Lcmt1",0.413547905043255,-0.328245148139254,0.214,0.417,1
"Sf3b3",0.413547905043255,-0.354387885193843,0.214,0.417,1
"Afg1l",0.413547905043255,0.697518085053485,0.357,0.25,1
"4930544I03Rik",0.413547905043255,0.474385659418776,0.357,0.25,1
"Bfar",0.413547905043255,0.497902416253545,0.357,0.25,1
"Fam120b",0.413547905043255,0.590569705702273,0.357,0.25,1
"Mrps10",0.413547905043255,0.334553100198105,0.357,0.25,1
"C430049B03Rik",0.413547905043255,0.894051602939759,0.357,0.25,1
"Nsd1",0.415582784538436,-0.299771629833232,0.5,0.833,1
"Abr",0.416649397022722,0.305631287732725,0.643,0.417,1
"Fryl",0.417027066768297,-0.50718259359312,0.429,0.5,1
"Cox6c",0.417027066768297,0.34365114399491,0.571,0.333,1
"Atp9b",0.417027066768297,0.282815448247579,0.571,0.333,1
"Garem1",0.418553081629441,0.38033883271767,0.714,0.667,1
"Prkca",0.420832965663825,-0.254238570692485,0.643,0.833,1
"Zfp451",0.423129493425306,0.36742636120679,0.286,0.167,1
"Gm20646",0.423129493425306,0.525647507798449,0.286,0.167,1
"Sirpa",0.423129493425306,-0.287018423741003,0.143,0.333,1
"Rassf2",0.423129493425306,0.716459488409964,0.286,0.167,1
"Tmem60",0.423129493425306,0.472003347063885,0.286,0.167,1
"Casd1",0.423129493425306,0.390782700903477,0.286,0.167,1
"Npy",0.423129493425306,0.519423449810463,0.286,0.167,1
"Lrig1",0.423129493425306,0.398671351873631,0.286,0.167,1
"Ergic2",0.423129493425306,0.403993235577739,0.286,0.167,1
"Rpl28",0.423129493425306,0.429212022471838,0.286,0.167,1
"Gm45844",0.423129493425306,0.476242022370547,0.286,0.167,1
"Zfp110",0.423129493425306,0.386038366570221,0.286,0.167,1
"Calm3",0.423129493425306,0.497232385234615,0.286,0.167,1
"Tacc1",0.423129493425306,0.610527404955833,0.286,0.167,1
"Dmxl2",0.423129493425306,0.492995772464782,0.286,0.167,1
"Ccdc28a",0.423129493425306,0.394394082059555,0.286,0.167,1
"Rnf217",0.423129493425306,0.668757733307997,0.286,0.167,1
"Nfyb",0.423129493425306,0.452004526557878,0.286,0.167,1
"Phlda1",0.423129493425306,0.56561222147237,0.286,0.167,1
"Mon2",0.423129493425306,0.481460384928451,0.286,0.167,1
"Rnf187",0.423129493425306,-0.342289568185463,0.143,0.333,1
"Mprip",0.423129493425306,-0.257918359448312,0.143,0.333,1
"Ddx1",0.423129493425306,0.341671297056347,0.286,0.167,1
"Adgrv1",0.423129493425306,0.67211026202791,0.286,0.167,1
"Mtdh",0.423129493425306,0.493863633603237,0.286,0.167,1
"Abhd10",0.423129493425306,0.458979956133768,0.286,0.167,1
"Cmss1",0.423129493425306,0.341464234006251,0.286,0.167,1
"Strn",0.423129493425306,0.502392725407727,0.286,0.167,1
"Megf10",0.423129493425306,0.55487828977381,0.286,0.167,1
"Nedd4l",0.423129493425306,0.637598262879455,0.286,0.167,1
"Rab27b",0.423129493425306,-0.327773150465622,0.143,0.333,1
"Sox2ot",0.42499837156068,0.379575573481743,0.929,0.833,1
"Nalf1",0.42499837156068,0.253862274633464,0.929,0.833,1
"Sox6",0.425315157816193,-0.578827931695027,0.929,1,1
"Rasal2",0.42542766117947,-0.439475121252108,0.429,0.583,1
"Slc25a4",0.42542766117947,-0.507811082098578,0.429,0.583,1
"Cog5",0.42542766117947,-0.592765875724883,0.429,0.583,1
"Gm973",0.428023073399221,0.700931008207461,0.429,0.333,1
"Xpr1",0.428023073399221,-0.387114641810246,0.286,0.5,1
"Tia1",0.428023073399221,-0.287897857022383,0.286,0.5,1
"Dennd5b",0.428023073399221,-0.345077372945864,0.286,0.5,1
"Rufy2",0.428023073399221,-0.399935849990005,0.286,0.5,1
"Cbx1",0.428023073399221,-0.323613823239156,0.286,0.5,1
"Arl4a",0.428023073399221,0.509856108617055,0.429,0.333,1
"Mgat4a",0.430858707435556,-0.330629543502266,0.071,0.167,1
"Aamp",0.430858707435556,-0.334232582943201,0.071,0.167,1
"Farsb",0.430858707435556,-0.420139191678527,0.071,0.167,1
"Zbtb41",0.430858707435556,-0.433437830813851,0.071,0.167,1
"Odr4",0.430858707435556,-0.410796373918881,0.071,0.167,1
"Creg1",0.430858707435556,-0.43869664180556,0.071,0.167,1
"Acbd3",0.430858707435556,-0.553059561688384,0.071,0.167,1
"Gorasp2",0.430858707435556,-0.413132850110301,0.071,0.167,1
"Alkbh3",0.430858707435556,-0.255205099602849,0.071,0.167,1
"Disp2",0.430858707435556,-0.393132925795018,0.071,0.167,1
"Tmem230",0.430858707435556,-0.429442274079411,0.071,0.167,1
"Edem2",0.430858707435556,-0.413970727503289,0.071,0.167,1
"Stk4",0.430858707435556,-0.362525527567088,0.071,0.167,1
"Anxa5",0.430858707435556,-0.455622900467298,0.071,0.167,1
"Rit1",0.430858707435556,-0.337647503165354,0.071,0.167,1
"S100a13",0.430858707435556,-0.398703796978752,0.071,0.167,1
"Gm16740",0.430858707435556,-0.524418234634393,0.071,0.167,1
"Prkab2",0.430858707435556,-0.435320313854206,0.071,0.167,1
"Cttnbp2nl",0.430858707435556,-0.35753062735476,0.071,0.167,1
"Clcc1",0.430858707435556,-0.367185910942147,0.071,0.167,1
"H2az1",0.430858707435556,-0.35753062735476,0.071,0.167,1
"Ssx2ip",0.430858707435556,-0.348071643859922,0.071,0.167,1
"Adgrl2",0.430858707435556,-0.42161013830885,0.071,0.167,1
"Cnr1",0.430858707435556,-0.255205099602849,0.071,0.167,1
"Ubap2",0.430858707435556,-0.257010157115363,0.071,0.167,1
"Akirin1",0.430858707435556,-0.437873006248016,0.071,0.167,1
"Gm12940",0.430858707435556,-0.401481084281012,0.071,0.167,1
"Smim12",0.430858707435556,-0.373635435555181,0.071,0.167,1
"Fabp3",0.430858707435556,-0.724674461808579,0.071,0.167,1
"Wrap73",0.430858707435556,-0.327286753394243,0.071,0.167,1
"Tprgl",0.430858707435556,-0.413970727503289,0.071,0.167,1
"Abcb8",0.430858707435556,-0.368497480169464,0.071,0.167,1
"Lias",0.430858707435556,-0.509548426465506,0.071,0.167,1
"Utp3",0.430858707435556,-0.429563742717846,0.071,0.167,1
"Mthfd2l",0.430858707435556,-0.348365611516115,0.071,0.167,1
"Lrrc8d",0.430858707435556,-0.343559635551132,0.071,0.167,1
"Unc119b",0.430858707435556,-0.342297864649637,0.071,0.167,1
"Pop5",0.430858707435556,-0.437873006248016,0.071,0.167,1
"Fbxo21",0.430858707435556,-0.439409783416227,0.071,0.167,1
"Gm42917",0.430858707435556,-0.320404421717717,0.071,0.167,1
"Pop7",0.430858707435556,-0.331675550562978,0.071,0.167,1
"Vps50",0.430858707435556,-0.457959269806331,0.071,0.167,1
"Alms1-ps1",0.430858707435556,-0.379555140119293,0.071,0.167,1
"Klf15",0.430858707435556,-0.334733078000825,0.071,0.167,1
"Foxj2",0.430858707435556,-0.560972078337094,0.071,0.167,1
"Dusp16",0.430858707435556,-0.453331552358308,0.071,0.167,1
"Strap",0.430858707435556,-0.479962438134845,0.071,0.167,1
"Lmo3",0.430858707435556,-0.371275380504167,0.071,0.167,1
"Epn1",0.430858707435556,-0.304575573728155,0.071,0.167,1
"Samd4b",0.430858707435556,-0.33594062701886,0.071,0.167,1
"Zfp14",0.430858707435556,-0.343289895614772,0.071,0.167,1
"Alkbh6",0.430858707435556,-0.438430544970341,0.071,0.167,1
"Zfp719",0.430858707435556,-0.787768538883475,0.071,0.167,1
"Ndn",0.430858707435556,-0.46115103936447,0.071,0.167,1
"ENSMUSG00000120382",0.430858707435556,-0.350970399800617,0.071,0.167,1
"Thap12",0.430858707435556,-0.316649344468507,0.071,0.167,1
"Gm10603",0.430858707435556,-0.255205099602849,0.071,0.167,1
"Rpl27a",0.430858707435556,-0.441101884889364,0.071,0.167,1
"Acadsb",0.430858707435556,-0.477033427055229,0.071,0.167,1
"Oat",0.430858707435556,-0.288465155015518,0.071,0.167,1
"Phrf1",0.430858707435556,-0.399236570302566,0.071,0.167,1
"Rplp2",0.430858707435556,-0.369231857754731,0.071,0.167,1
"Disc1",0.430858707435556,-0.43869664180556,0.071,0.167,1
"Carm1",0.430858707435556,-0.362525527567088,0.071,0.167,1
"Prkcsh",0.430858707435556,-0.437873006248016,0.071,0.167,1
"2900052N01Rik",0.430858707435556,-0.37833041527089,0.071,0.167,1
"Pigb",0.430858707435556,-0.368376624563472,0.071,0.167,1
"Pik3r4",0.430858707435556,-0.387682503321262,0.071,0.167,1
"Ndufaf3",0.430858707435556,-0.463765003229131,0.071,0.167,1
"Myrip",0.430858707435556,-0.37923552844712,0.071,0.167,1
"Limd1",0.430858707435556,-0.368006536126509,0.071,0.167,1
"Arhgap18",0.430858707435556,-0.403671745736731,0.071,0.167,1
"Gm49353",0.430858707435556,-0.362034583524133,0.071,0.167,1
"Txnrd1",0.430858707435556,-0.428632762251256,0.071,0.167,1
"Washc3",0.430858707435556,-0.413969803817057,0.071,0.167,1
"Kcnc2",0.430858707435556,-0.385773704929886,0.071,0.167,1
"Mdm2",0.430858707435556,-0.576459952735782,0.071,0.167,1
"Gm12592",0.430858707435556,-0.341089497768775,0.071,0.167,1
"Uqcr10",0.430858707435556,-0.453555842638706,0.071,0.167,1
"Atox1",0.430858707435556,-0.340705030603201,0.071,0.167,1
"Usp22",0.430858707435556,-0.364287155001451,0.071,0.167,1
"Glp2r",0.430858707435556,-0.480677141097906,0.071,0.167,1
"Tmem256",0.430858707435556,-0.362525527567088,0.071,0.167,1
"Slc13a5",0.430858707435556,-0.341089497768775,0.071,0.167,1
"Mettl16",0.430858707435556,-0.362034583524133,0.071,0.167,1
"Cisd3",0.430858707435556,-0.447531381351665,0.071,0.167,1
"Cep112",0.430858707435556,-0.329968674416484,0.071,0.167,1
"Jmjd6",0.430858707435556,-0.433437830813851,0.071,0.167,1
"Gm17178",0.430858707435556,-0.280727098372519,0.071,0.167,1
"Gm34408",0.430858707435556,-0.349846068452852,0.071,0.167,1
"Srp54a",0.430858707435556,-0.327286753394243,0.071,0.167,1
"4930512B01Rik",0.430858707435556,-0.813732450758164,0.071,0.167,1
"Actn1",0.430858707435556,-0.335141551811056,0.071,0.167,1
"Otub2",0.430858707435556,-0.446352290845867,0.071,0.167,1
"Rcor1",0.430858707435556,-0.376534191495876,0.071,0.167,1
"Epdr1",0.430858707435556,-0.434540230357716,0.071,0.167,1
"Dtnbp1",0.430858707435556,-0.825026314458028,0.071,0.167,1
"Nup153",0.430858707435556,-0.413132850110301,0.071,0.167,1
"Dek",0.430858707435556,-0.370259054448036,0.071,0.167,1
"Uimc1",0.430858707435556,-0.387658829303232,0.071,0.167,1
"Ubqln1",0.430858707435556,-0.43822813377077,0.071,0.167,1
"Smim15",0.430858707435556,-0.527763526653837,0.071,0.167,1
"Gmfb",0.430858707435556,-0.387658829303232,0.071,0.167,1
"Rad1",0.430858707435556,-0.352959712681357,0.071,0.167,1
"Pdxp",0.430858707435556,-0.379769466992004,0.071,0.167,1
"Micall1",0.430858707435556,-0.31326920902051,0.071,0.167,1
"Samm50",0.430858707435556,-0.283011969182088,0.071,0.167,1
"Dnaja3",0.430858707435556,-0.34327031442845,0.071,0.167,1
"Anks3",0.430858707435556,-0.344129154759604,0.071,0.167,1
"Emp2",0.430858707435556,-0.310684015135337,0.071,0.167,1
"Snn",0.430858707435556,-0.354608247334157,0.071,0.167,1
"Ifitm7",0.430858707435556,-0.399236570302566,0.071,0.167,1
"Dvl3",0.430858707435556,-0.34890952125291,0.071,0.167,1
"Senp2",0.430858707435556,-0.34890952125291,0.071,0.167,1
"ENSMUSG00000120961",0.430858707435556,-0.495352299875755,0.071,0.167,1
"Cldnd1",0.430858707435556,-0.458174867956455,0.071,0.167,1
"Cxadr",0.430858707435556,-0.331546626399396,0.071,0.167,1
"Tiam1",0.430858707435556,-0.331546626399396,0.071,0.167,1
"Ifnar2",0.430858707435556,-0.73074792511876,0.071,0.167,1
"Slc5a3",0.430858707435556,-0.325574673797021,0.071,0.167,1
"Wtap",0.430858707435556,-0.347509290207601,0.071,0.167,1
"Cramp1",0.430858707435556,-0.435320313854206,0.071,0.167,1
"Gm50240",0.430858707435556,-0.381710550718886,0.071,0.167,1
"Gm41609",0.430858707435556,-0.30986935336069,0.071,0.167,1
"Igip",0.430858707435556,-0.359272754854776,0.071,0.167,1
"A330093E20Rik",0.430858707435556,-0.799064466126345,0.071,0.167,1
"4930549G23Rik",0.430858707435556,-0.280727098372519,0.071,0.167,1
"Me2",0.430858707435556,-0.255205099602849,0.071,0.167,1
"Cxxc1",0.430858707435556,-0.394113084534195,0.071,0.167,1
"Wdr74",0.430858707435556,-0.429554464461353,0.071,0.167,1
"Rpp30",0.430858707435556,-0.304575573728155,0.071,0.167,1
"ENSMUSG00000119984",0.430858707435556,-0.454084532268491,0.071,0.167,1
"Pdzd4",0.430858707435556,-0.435320313854206,0.071,0.167,1
"Brcc3",0.430858707435556,-0.387682503321262,0.071,0.167,1
"Tspyl2",0.430858707435556,-0.288983921784464,0.071,0.167,1
"Sumo1",0.432352158986186,0.563160320313735,0.571,0.5,1
"Zmym4",0.432352158986186,-0.398181199764375,0.429,0.667,1
"Fam126b",0.432547046772532,-0.43214828677443,0.143,0.25,1
"Sh3bp4",0.432547046772532,-0.463723157546303,0.143,0.25,1
"Sp3",0.432547046772532,-0.436031202198844,0.143,0.25,1
"Napb",0.432547046772532,-0.691398050946622,0.143,0.25,1
"Phf20",0.432547046772532,-0.547832330986367,0.143,0.25,1
"Arfgap1",0.432547046772532,-0.422184650456388,0.143,0.25,1
"Eri3",0.432547046772532,-0.479354734502977,0.143,0.25,1
"Dhdds",0.432547046772532,-0.526153592962622,0.143,0.25,1
"Chn2",0.432547046772532,-0.634809650652565,0.143,0.25,1
"Gars",0.432547046772532,-0.393024542317224,0.143,0.25,1
"Fam234b",0.432547046772532,-0.325045422690161,0.143,0.25,1
"Strn4",0.432547046772532,-0.557124349191306,0.143,0.25,1
"Gga2",0.432547046772532,-0.371144890227592,0.143,0.25,1
"Bc1",0.432547046772532,-0.622202047317298,0.143,0.25,1
"Cope",0.432547046772532,-0.360124005622852,0.143,0.25,1
"Dync1li2",0.432547046772532,-0.391543366057252,0.143,0.25,1
"Rplp1",0.432547046772532,-0.438877788085556,0.143,0.25,1
"Ubp1",0.432547046772532,-0.316826916753181,0.143,0.25,1
"Oaz1",0.432547046772532,-0.364859687544309,0.143,0.25,1
"Tspan14",0.432547046772532,-0.402673597138151,0.143,0.25,1
"Zfp641",0.432547046772532,-0.458855014937567,0.143,0.25,1
"Ezr",0.432547046772532,-0.332933247143791,0.143,0.25,1
"Lbh",0.432547046772532,-0.628472770194914,0.143,0.25,1
"Lclat1",0.432547046772532,-0.572283754864792,0.143,0.25,1
"Zdhhc24",0.432547046772532,-0.493226959579568,0.143,0.25,1
"Cd81",0.433272560836835,0.435536242438485,0.5,0.417,1
"Cck",0.433272560836835,-0.283336223707082,0.357,0.583,1
"Mapk1",0.433272560836835,-0.479202859724208,0.357,0.583,1
"Septin7",0.433721425185323,-0.360058396355167,0.643,0.75,1
"Chpt1",0.438023591700521,0.260095083819353,0.643,0.5,1
"Rabep1",0.438023591700521,0.346548598507419,0.643,0.5,1
"Med12l",0.439990259910009,0.498838563614229,0.5,0.333,1
"Zranb2",0.439990259910009,0.631718406952489,0.429,0.417,1
"Epc1",0.439990259910009,-0.333353426368245,0.357,0.5,1
"Gramd3",0.439990259910009,0.603537044259374,0.5,0.333,1
"Cox4i1",0.442624514854634,-0.318339943183256,0.571,0.667,1
"Ghr",0.442624514854634,0.300897464272325,0.714,0.5,1
"Sesn1",0.445329612179744,-0.337715152169206,0.357,0.417,1
"Tmeff2",0.446307496647843,-0.489225388270445,0.643,0.667,1
"4930445B16Rik",0.446307496647843,0.36485915603854,0.714,0.583,1
"Bach2",0.446307496647843,-0.419803967585285,0.643,0.667,1
"Prkd1",0.446307496647843,0.355133551544547,0.714,0.583,1
"Ndrg2",0.446307496647843,0.390908974417523,0.714,0.583,1
"Rab31",0.448392290843454,0.301674259390678,0.643,0.417,1
"Ndufb3",0.448945548790107,-0.433725927402576,0.214,0.333,1
"Prpf40a",0.448945548790107,-0.390741661289216,0.214,0.333,1
"Oip5os1",0.448945548790107,-0.367690151085615,0.214,0.333,1
"Kpna4",0.448945548790107,-0.559093310077825,0.214,0.333,1
"Lifr",0.448945548790107,-0.418457180381413,0.214,0.333,1
"Prickle1",0.448945548790107,-0.399159849131292,0.214,0.333,1
"Abat",0.448945548790107,-0.534628643618019,0.214,0.333,1
"Lmbrd1",0.448952866721446,0.280144709369351,0.429,0.25,1
"Slc30a10",0.448952866721446,0.367708470960712,0.429,0.25,1
"Agl",0.448952866721446,0.294169771487861,0.429,0.25,1
"Tspan5",0.448952866721446,-0.534054172551352,0.286,0.417,1
"Ywhah",0.448952866721446,-0.421463364618574,0.286,0.417,1
"Pkd2",0.448952866721446,0.441762187471381,0.429,0.25,1
"Atp6v0a1",0.448952866721446,-0.790917001981005,0.286,0.417,1
"Arf3",0.448952866721446,-0.307363057922509,0.286,0.417,1
"Npc1",0.448952866721446,-0.520905322837293,0.286,0.417,1
"Slc3a2",0.448952866721446,-0.46911527774069,0.286,0.417,1
"Dpp10",0.449202795005227,0.481714682079877,0.714,0.667,1
"Pcmtd1",0.449878227054666,0.258502586736386,0.571,0.333,1
"Ldhb",0.449878227054666,-0.399539651134262,0.429,0.5,1
"Itm2b",0.449878227054666,-0.470219706938885,0.429,0.5,1
"Mast2",0.450387804173393,-0.260425230998185,0.214,0.417,1
"Ppargc1a",0.450387804173393,-0.374137040629405,0.214,0.417,1
"Gabrg1",0.450387804173393,0.411014531030325,0.357,0.25,1
"Med13l",0.450387804173393,0.286367923244281,0.357,0.25,1
"9430041J12Rik",0.450387804173393,0.374084926131553,0.357,0.25,1
"Abhd2",0.450387804173393,0.358122774878723,0.357,0.25,1
"Immp2l",0.450387804173393,0.710014056553498,0.357,0.25,1
"Scfd1",0.450387804173393,0.451012300600973,0.357,0.25,1
"Zscan26",0.450387804173393,0.435397971751799,0.357,0.25,1
"Usp54",0.450387804173393,0.552206329267796,0.357,0.25,1
"Dach1",0.450387804173393,0.385349332528441,0.357,0.25,1
"Ncald",0.450387804173393,-0.305849991506473,0.214,0.417,1
"Mpc1",0.450387804173393,0.401375299504198,0.357,0.25,1
"Zfp532",0.450387804173393,0.599687612487136,0.357,0.25,1
"Fam120c",0.450387804173393,-0.335511647184413,0.214,0.417,1
"Ppia",0.451424087901099,-0.286708524073493,0.714,0.75,1
"Rbfox1",0.451424087901099,0.399092677431133,0.786,0.667,1
"Zcchc7",0.454241585102815,-0.388792097540958,0.786,0.833,1
"Strbp",0.455480173940243,0.25836449813492,0.929,0.833,1
"Slc1a3",0.455480173940243,0.352078191584385,0.857,0.917,1
"Dclk1",0.455788527055501,-0.269797255186132,0.929,1,1
"Luzp2",0.455788527055501,-0.289891107562266,1,1,1
"Csmd1",0.455788527055501,0.270776246001543,1,1,1
"Lgr4",0.45804374493662,-0.635899524217175,0.429,0.583,1
"Rtl4",0.45804374493662,0.2772450883911,0.571,0.417,1
"Gm38162",0.461133543856316,0.295919246107271,0.214,0.083,1
"Fbxo28",0.461133543856316,0.261980634319639,0.214,0.083,1
"Rpl35",0.461133543856316,0.32178011656527,0.214,0.083,1
"Dcaf17",0.461133543856316,0.285103047647488,0.214,0.083,1
"Mapre1",0.461133543856316,0.288192203007126,0.214,0.083,1
"D630003M21Rik",0.461133543856316,0.258172533427262,0.214,0.083,1
"Slc35d1",0.461133543856316,0.260270725116384,0.214,0.083,1
"Acot11",0.461133543856316,0.259799310598133,0.214,0.083,1
"Sdc3",0.461133543856316,0.34443775464051,0.214,0.083,1
"Pcgf3",0.461133543856316,0.291749387683594,0.214,0.083,1
"Trrap",0.461133543856316,0.304662992968543,0.214,0.083,1
"Podxl2",0.461133543856316,0.285937185117057,0.214,0.083,1
"Zfp771",0.461133543856316,0.276897477267762,0.214,0.083,1
"Ell",0.461133543856316,0.293045315450908,0.214,0.083,1
"Aktip",0.461133543856316,0.33468522918605,0.214,0.083,1
"Ogfod1",0.461133543856316,0.277407689948811,0.214,0.083,1
"Trappc4",0.461133543856316,0.368159675019951,0.214,0.083,1
"Zfc3h1",0.461133543856316,0.380392195694553,0.214,0.083,1
"Alkbh5",0.461133543856316,0.336209042592289,0.214,0.083,1
"Lmbrd2",0.461133543856316,0.271262638052643,0.214,0.083,1
"Sec22a",0.461133543856316,0.253662178433388,0.214,0.083,1
"Yipf4",0.461133543856316,0.259549248854784,0.214,0.083,1
"Gm48696",0.461133543856316,0.340085261247568,0.214,0.083,1
"Psmd7",0.463028239254588,0.313522825958031,0.429,0.333,1
"Ddx24",0.463028239254588,-0.403839886352898,0.286,0.5,1
"Memo1",0.463028239254588,-0.285099884526347,0.286,0.5,1
"2900022M07Rik",0.46456465184849,0.358274743356356,0.286,0.167,1
"Chst1",0.46456465184849,0.323118618452113,0.286,0.167,1
"Emc7",0.46456465184849,0.361794433108162,0.286,0.167,1
"Slc20a1",0.46456465184849,0.449636666173158,0.286,0.167,1
"Serpini1",0.46456465184849,0.541668486277764,0.286,0.167,1
"Chtop",0.46456465184849,0.305306792985715,0.286,0.167,1
"Cibar1",0.46456465184849,0.309709935319493,0.286,0.167,1
"Stx18",0.46456465184849,0.489849910912996,0.286,0.167,1
"Tm7sf3",0.46456465184849,0.360523253861412,0.286,0.167,1
"Dcun1d2",0.46456465184849,0.387853366228841,0.286,0.167,1
"Tnks",0.46456465184849,0.510165133369966,0.286,0.167,1
"Rbl2",0.46456465184849,0.374906048641529,0.286,0.167,1
"Chst2",0.46456465184849,0.645997475848288,0.286,0.167,1
"S100b",0.46456465184849,0.344334583085095,0.286,0.167,1
"Ksr1",0.46456465184849,0.313541720927052,0.286,0.167,1
"Ezh1",0.46456465184849,0.38471555265257,0.286,0.167,1
"Pum2",0.46456465184849,0.455365463968357,0.286,0.167,1
"Id2",0.46456465184849,0.448683139560394,0.286,0.167,1
"Gm4117",0.46456465184849,0.40210556066877,0.286,0.167,1
"Prxl2a",0.46456465184849,0.384555533492935,0.286,0.167,1
"Enox1",0.46456465184849,0.3547903020355,0.286,0.167,1
"Yaf2",0.46456465184849,0.584221566021459,0.286,0.167,1
"Ppp1r10",0.46456465184849,0.373938297453746,0.286,0.167,1
"Tshz1",0.46456465184849,0.601633248146614,0.286,0.167,1
"Apex2",0.46456465184849,0.51379023048244,0.286,0.167,1
"Hs2st1",0.464765035165055,-0.578173716788308,0.429,0.667,1
"Snap25",0.464992895939751,-0.351217048313107,0.643,0.75,1
"Gabra2",0.466838762686788,0.595470307428569,0.5,0.417,1
"Large1",0.466838762686788,0.359380811434789,0.5,0.417,1
"Gria3",0.466838762686788,0.383471400689134,0.5,0.417,1
"Abi2",0.470263842857638,-0.257037818958809,0.5,0.667,1
"Cadps",0.470263842857638,0.413243167674528,0.643,0.5,1
"Ubr5",0.470263842857638,0.294852622205291,0.643,0.5,1
"Nav2",0.471398525831829,0.258050151871067,0.929,0.917,1
"Lcorl",0.474603515273734,-0.291942303774238,0.357,0.5,1
"Rab30",0.474603515273734,-0.504293924462274,0.357,0.5,1
"Rfx4",0.474603515273734,0.257452606942512,0.5,0.333,1
"Atg3",0.474603515273734,-0.294290162909712,0.357,0.5,1
"St6galnac5",0.474720715029621,-0.299585859560641,0.571,0.667,1
"Mrpl15",0.477645937204549,-0.34974205743604,0.143,0.25,1
"Usp6nl",0.477645937204549,-0.391891257681796,0.143,0.25,1
"ENSMUSG00000120369",0.477645937204549,-0.351567909170026,0.143,0.25,1
"Srp14",0.477645937204549,-0.508327077290336,0.143,0.25,1
"Idh3b",0.477645937204549,-0.665852428962673,0.143,0.25,1
"Kif3b",0.477645937204549,-0.37241075144662,0.143,0.25,1
"Dcun1d1",0.477645937204549,-0.451099072362478,0.143,0.25,1
"Clta",0.477645937204549,-0.362794100149157,0.143,0.25,1
"Tmem50a",0.477645937204549,-0.340516037843837,0.143,0.25,1
"Arhgef19",0.477645937204549,-0.583309930780987,0.143,0.25,1
"Mrps33",0.477645937204549,-0.490716026649342,0.143,0.25,1
"Arid5b",0.477645937204549,-0.557210941739137,0.143,0.25,1
"Gns",0.477645937204549,-0.506818255635211,0.143,0.25,1
"Tada2a",0.477645937204549,-0.471042444680278,0.143,0.25,1
"Becn1",0.477645937204549,-0.260698892435613,0.143,0.25,1
"Axin2",0.477645937204549,-0.411411456403699,0.143,0.25,1
"Caskin2",0.477645937204549,-0.364781799330245,0.143,0.25,1
"Sf3b6",0.477645937204549,-0.395993315306561,0.143,0.25,1
"Tmed10",0.477645937204549,-0.447947342914297,0.143,0.25,1
"Traf3",0.477645937204549,-0.49068597386335,0.143,0.25,1
"Prr7",0.477645937204549,-0.37160738287146,0.143,0.25,1
"Timm23",0.477645937204549,-0.362944418474881,0.143,0.25,1
"Kctd4",0.477645937204549,-0.342330539826412,0.143,0.25,1
"Gm49179",0.477645937204549,-0.400194129256949,0.143,0.25,1
"Dnajc21",0.477645937204549,-0.418277734349102,0.143,0.25,1
"Spidr",0.477645937204549,-0.483547225128077,0.143,0.25,1
"Prrc2a",0.477645937204549,-0.288822263021974,0.143,0.25,1
"Rbm4b",0.477645937204549,-0.425757776952891,0.143,0.25,1
"Gab3",0.477645937204549,-0.331239791117452,0.143,0.25,1
"Galnt13",0.478285841156825,0.357187088507465,0.714,0.583,1
"Itpr2",0.478285841156825,-0.25185639831269,0.571,0.75,1
"Ubr1",0.481112248934188,-0.293488048686123,0.357,0.417,1
"Ubr2",0.481112248934188,-0.357138805256235,0.357,0.417,1
"Clcn3",0.481465043380492,-0.458426633416141,0.5,0.583,1
"Cttnbp2",0.483235006649995,0.275858416198072,0.786,0.667,1
"Mgll",0.48482889060539,0.384651621112519,0.857,0.667,1
"Rnf20",0.486060068265051,0.334950287197403,0.429,0.25,1
"Zfp329",0.486060068265051,-0.307475819385874,0.286,0.417,1
"Zkscan3",0.486060068265051,0.331846192252463,0.429,0.25,1
"Btbd9",0.486060068265051,-0.493671266865854,0.286,0.417,1
"Eif5b",0.487024112525896,-0.290869730361936,0.071,0.167,1
"Eef1b2",0.487024112525896,-0.324236466405659,0.071,0.167,1
"Gm28981",0.487024112525896,-0.304052737460417,0.071,0.167,1
"Rpe",0.487024112525896,-0.316860752318635,0.071,0.167,1
"Bcs1l",0.487024112525896,-0.411546008249646,0.071,0.167,1
"Utp14b",0.487024112525896,-0.522681283903539,0.071,0.167,1
"Cul3",0.487024112525896,-0.31112350139375,0.071,0.167,1
"Steap3",0.487024112525896,-0.367437502249946,0.071,0.167,1
"Fam20b",0.487024112525896,-0.269671871750446,0.071,0.167,1
"Rcor3",0.487024112525896,-0.300363077257405,0.071,0.167,1
"Gm37340",0.487024112525896,-0.353784611776613,0.071,0.167,1
"Rpl12",0.487024112525896,-0.265124303084559,0.071,0.167,1
"Zbtb26",0.487024112525896,-0.274271879607831,0.071,0.167,1
"Wdsub1",0.487024112525896,-0.256291151692717,0.071,0.167,1
"Ola1",0.487024112525896,-0.251038204512987,0.071,0.167,1
"Caprin1",0.487024112525896,-0.367460600848642,0.071,0.167,1
"Emc4",0.487024112525896,-0.369160301269964,0.071,0.167,1
"Aqr",0.487024112525896,-0.389381251347692,0.071,0.167,1
"Ttbk2",0.487024112525896,-0.348908597566678,0.071,0.167,1
"Cep152",0.487024112525896,-0.27534569712628,0.071,0.167,1
"Ap4e1",0.487024112525896,-0.309667531003987,0.071,0.167,1
"9530056E24Rik",0.487024112525896,-0.330803448189375,0.071,0.167,1
"Dtd1",0.487024112525896,-0.453254171256747,0.071,0.167,1
"Acss2os",0.487024112525896,-0.388077451903502,0.071,0.167,1
"Gcnt7",0.487024112525896,-0.35145187105218,0.071,0.167,1
"Maml3",0.487024112525896,-0.375611125713431,0.071,0.167,1
"Clk2",0.487024112525896,-0.42872436158107,0.071,0.167,1
"Lix1l",0.487024112525896,-0.253684252263733,0.071,0.167,1
"Psma5",0.487024112525896,-0.269671871750446,0.071,0.167,1
"Cnn3",0.487024112525896,-0.319419713632689,0.071,0.167,1
"Plekhf2",0.487024112525896,-0.27526685427981,0.071,0.167,1
"C9orf72",0.487024112525896,-0.300363077257405,0.071,0.167,1
"Tln1",0.487024112525896,-0.502063909688672,0.071,0.167,1
"Trmt10b",0.487024112525896,-0.325516809804847,0.071,0.167,1
"Cmpk1",0.487024112525896,-0.506852435913978,0.071,0.167,1
"Pou3f1",0.487024112525896,-0.454313289300274,0.071,0.167,1
"Zmym6",0.487024112525896,-0.333691326025831,0.071,0.167,1
"Csmd2os",0.487024112525896,-0.267029199970373,0.071,0.167,1
"Igsf21",0.487024112525896,-0.295767413905199,0.071,0.167,1
"Szrd1",0.487024112525896,-0.291373413285736,0.071,0.167,1
"Prdm16os",0.487024112525896,-0.359648069591009,0.071,0.167,1
"Prxl2b",0.487024112525896,-0.302524138186224,0.071,0.167,1
"Rundc3b",0.487024112525896,-0.336900544361533,0.071,0.167,1
"Klhl7",0.487024112525896,-0.262229704112063,0.071,0.167,1
"Mxd4",0.487024112525896,-0.298083141095576,0.071,0.167,1
"Gm42484",0.487024112525896,-0.299480276640491,0.071,0.167,1
"Nsun7",0.487024112525896,-0.357691202728315,0.071,0.167,1
"Klhl8",0.487024112525896,-0.369306847592806,0.071,0.167,1
"Dipk1a",0.487024112525896,-0.272570627691142,0.071,0.167,1
"Gak",0.487024112525896,-0.614362285976407,0.071,0.167,1
"Rnft2",0.487024112525896,-0.356992751246949,0.071,0.167,1
"Tmed2",0.487024112525896,-0.460671220548094,0.071,0.167,1
"Por",0.487024112525896,-0.373996018904711,0.071,0.167,1
"Prkar1b",0.487024112525896,-0.270556527112775,0.071,0.167,1
"D130017N08Rik",0.487024112525896,-0.353939871420535,0.071,0.167,1
"Gm44129",0.487024112525896,-0.39711167598264,0.071,0.167,1
"Grm8",0.487024112525896,-0.86909868885831,0.071,0.167,1
"Tmem209",0.487024112525896,-0.331638630373644,0.071,0.167,1
"Vopp1",0.487024112525896,-0.565101603504627,0.071,0.167,1
"Tgoln1",0.487024112525896,-0.405068291133695,0.071,0.167,1
"Nat8f1",0.487024112525896,-0.316860752318635,0.071,0.167,1
"Gm5577",0.487024112525896,-0.353457568791947,0.071,0.167,1
"Pdzrn3",0.487024112525896,-0.357691202728315,0.071,0.167,1
"Gm44440",0.487024112525896,-0.270599901467214,0.071,0.167,1
"9530062K07Rik",0.487024112525896,-0.358521305608598,0.071,0.167,1
"Grcc10",0.487024112525896,-0.30053181748954,0.071,0.167,1
"Mlf2",0.487024112525896,-0.298083141095576,0.071,0.167,1
"Ints13",0.487024112525896,-0.415381412049824,0.071,0.167,1
"Napa",0.487024112525896,-0.28354621484473,0.071,0.167,1
"Zfp420",0.487024112525896,-0.294540498003434,0.071,0.167,1
"Gpi1",0.487024112525896,-0.915271449430522,0.071,0.167,1
"Gm44562",0.487024112525896,-0.411263905404353,0.071,0.167,1
"Gm9801",0.487024112525896,-0.325450127849421,0.071,0.167,1
"Fan1",0.487024112525896,-0.353939871420535,0.071,0.167,1
"Chsy1",0.487024112525896,-0.489196273198743,0.071,0.167,1
"Homer2",0.487024112525896,-0.405083064937453,0.071,0.167,1
"Mesd",0.487024112525896,-0.494298163059687,0.071,0.167,1
"Picalm",0.487024112525896,-0.380400183184743,0.071,0.167,1
"Trim3",0.487024112525896,-0.284534229267844,0.071,0.167,1
"Timm10b",0.487024112525896,-0.394368329957887,0.071,0.167,1
"Sox1ot",0.487024112525896,-0.429811756267577,0.071,0.167,1
"Mrps31",0.487024112525896,-0.373534598422104,0.071,0.167,1
"Ikbkb",0.487024112525896,-0.251529338891752,0.071,0.167,1
"Ash2l",0.487024112525896,-0.257939130294132,0.071,0.167,1
"Plpbp",0.487024112525896,-0.293376520666565,0.071,0.167,1
"Gm45264",0.487024112525896,-0.338446901853712,0.071,0.167,1
"Tmem192",0.487024112525896,-0.262225547143864,0.071,0.167,1
"Pbx4",0.487024112525896,-0.299480276640491,0.071,0.167,1
"Mau2",0.487024112525896,-0.357409158716325,0.071,0.167,1
"Sugp2",0.487024112525896,-0.383556057426024,0.071,0.167,1
"Tmem59l",0.487024112525896,-0.269661193079528,0.071,0.167,1
"Ednra",0.487024112525896,-0.25844303161827,0.071,0.167,1
"Vps4a",0.487024112525896,-0.271373123667136,0.071,0.167,1
"2310022B05Rik",0.487024112525896,-0.389152053693565,0.071,0.167,1
"Atg4d",0.487024112525896,-0.338068126835945,0.071,0.167,1
"Herpud2",0.487024112525896,-0.253684252263733,0.071,0.167,1
"Igsf9b",0.487024112525896,-0.534625695429798,0.071,0.167,1
"Srpr",0.487024112525896,-0.488294763364868,0.071,0.167,1
"D630033O11Rik",0.487024112525896,-0.310888799716259,0.071,0.167,1
"Timm8b",0.487024112525896,-0.307636871883643,0.071,0.167,1
"Fdx1",0.487024112525896,-0.303703228692021,0.071,0.167,1
"Zc3h12c",0.487024112525896,-0.294855167145775,0.071,0.167,1
"Npat",0.487024112525896,-0.338575012460217,0.071,0.167,1
"Gm17231",0.487024112525896,-0.439039187653683,0.071,0.167,1
"Plekho2",0.487024112525896,-0.25844303161827,0.071,0.167,1
"ENSMUSG00000120058",0.487024112525896,-0.45887273250584,0.071,0.167,1
"Cdv3",0.487024112525896,-0.25844303161827,0.071,0.167,1
"2900079G21Rik",0.487024112525896,-0.272368098339115,0.071,0.167,1
"Golga4",0.487024112525896,-0.347572938314888,0.071,0.167,1
"Mobp",0.487024112525896,-0.26346798275442,0.071,0.167,1
"Cnksr3",0.487024112525896,-0.264828634013735,0.071,0.167,1
"Samd5",0.487024112525896,-0.251029150694996,0.071,0.167,1
"Hdac2",0.487024112525896,-0.389381251347692,0.071,0.167,1
"Fig4",0.487024112525896,-0.323777632446907,0.071,0.167,1
"Atp5d",0.487024112525896,-0.329049366384577,0.071,0.167,1
"Csnk1g2",0.487024112525896,-0.423859613134287,0.071,0.167,1
"Gnptab",0.487024112525896,-0.613132538156558,0.071,0.167,1
"Gm31592",0.487024112525896,-0.308202369594365,0.071,0.167,1
"Nudt4",0.487024112525896,-0.548108389954844,0.071,0.167,1
"Tmem19",0.487024112525896,-0.34340125719187,0.071,0.167,1
"Rap1b",0.487024112525896,-0.438596804359606,0.071,0.167,1
"Gm47024",0.487024112525896,-0.264389459141858,0.071,0.167,1
"Kremen1",0.487024112525896,-0.324719384468723,0.071,0.167,1
"Pnpt1",0.487024112525896,-0.659377546633386,0.071,0.167,1
"B9d1",0.487024112525896,-0.328364391333963,0.071,0.167,1
"Slc25a35",0.487024112525896,-0.395547420463685,0.071,0.167,1
"Rnf227",0.487024112525896,-0.502352890491149,0.071,0.167,1
"Gps2",0.487024112525896,-0.727350742075991,0.071,0.167,1
"Ncbp3",0.487024112525896,-0.485310706437255,0.071,0.167,1
"Mir22hg",0.487024112525896,-0.302031888244244,0.071,0.167,1
"Sdf2",0.487024112525896,-0.353750963226636,0.071,0.167,1
"Ankfn1",0.487024112525896,-0.416527333881694,0.071,0.167,1
"Nfe2l1",0.487024112525896,-0.316518033104323,0.071,0.167,1
"Btbd17",0.487024112525896,-0.293376520666565,0.071,0.167,1
"Cyria",0.487024112525896,-0.276687539204974,0.071,0.167,1
"Gm36723",0.487024112525896,-0.332284401606861,0.071,0.167,1
"Mthfd1",0.487024112525896,-0.269513100253294,0.071,0.167,1
"Churc1",0.487024112525896,-0.277131585090645,0.071,0.167,1
"Eif5",0.487024112525896,-0.270121951297177,0.071,0.167,1
"Gm30238",0.487024112525896,-0.257453756999077,0.071,0.167,1
"Lgals8",0.487024112525896,-0.295265262975845,0.071,0.167,1
"Mrpl32",0.487024112525896,-0.29119497592714,0.071,0.167,1
"A330102I10Rik",0.487024112525896,-0.352182437791885,0.071,0.167,1
"Nrn1",0.487024112525896,-0.303476345041453,0.071,0.167,1
"Nedd9",0.487024112525896,-0.26321036863606,0.071,0.167,1
"Sncb",0.487024112525896,-0.262720648155018,0.071,0.167,1
"Gkap1",0.487024112525896,-0.287853949891161,0.071,0.167,1
"Zfp808",0.487024112525896,-0.353457568791947,0.071,0.167,1
"Ctsl",0.487024112525896,-0.41153252641333,0.071,0.167,1
"Ccdc127",0.487024112525896,-0.280105944082525,0.071,0.167,1
"4833422C13Rik",0.487024112525896,-0.28354621484473,0.071,0.167,1
"Thoc7",0.487024112525896,-0.343249049475894,0.071,0.167,1
"Pdhb",0.487024112525896,-0.409074074957636,0.071,0.167,1
"ENSMUSG00000120818",0.487024112525896,-0.361420061549293,0.071,0.167,1
"Gm4491",0.487024112525896,-0.351357062952586,0.071,0.167,1
"Ebpl",0.487024112525896,-0.257453756999077,0.071,0.167,1
"Kif13b",0.487024112525896,-0.25762643506391,0.071,0.167,1
"Stmn4",0.487024112525896,-0.295272277545499,0.071,0.167,1
"Ccdc122",0.487024112525896,-0.387288304431143,0.071,0.167,1
"Obi1",0.487024112525896,-0.2804464286177,0.071,0.167,1
"Stk24",0.487024112525896,-0.33889176239349,0.071,0.167,1
"Gm48956",0.487024112525896,-0.280105944082525,0.071,0.167,1
"Dcaf13",0.487024112525896,-0.41778605669267,0.071,0.167,1
"Ago2",0.487024112525896,-0.442330885330685,0.071,0.167,1
"Cyc1",0.487024112525896,-0.304052737460417,0.071,0.167,1
"Mroh1",0.487024112525896,-0.536864030805085,0.071,0.167,1
"Cbx6",0.487024112525896,-0.295272277545499,0.071,0.167,1
"Ccdc134",0.487024112525896,-0.30223306940623,0.071,0.167,1
"Prpf40b",0.487024112525896,-0.269671871750446,0.071,0.167,1
"Nckap5l",0.487024112525896,-0.263904581442544,0.071,0.167,1
"Coro7",0.487024112525896,-0.30992716948492,0.071,0.167,1
"Dynlt2b",0.487024112525896,-0.397601425347272,0.071,0.167,1
"Adprh",0.487024112525896,-0.298083141095576,0.071,0.167,1
"Plcxd2",0.487024112525896,-0.283103537693021,0.071,0.167,1
"Hmgn1",0.487024112525896,-0.74603303285341,0.071,0.167,1
"Abca3",0.487024112525896,-0.270556527112775,0.071,0.167,1
"Ndufb10",0.487024112525896,-0.475713297012939,0.071,0.167,1
"Tsr3",0.487024112525896,-0.289975711307032,0.071,0.167,1
"Lmf1",0.487024112525896,-0.269671871750446,0.071,0.167,1
"Abcg1",0.487024112525896,-0.270599901467214,0.071,0.167,1
"Lrrtm2",0.487024112525896,-0.586549668056413,0.071,0.167,1
"Lman1",0.487024112525896,-0.284043285224888,0.071,0.167,1
"Ptpn2",0.487024112525896,-0.524287330109502,0.071,0.167,1
"Rnmt",0.487024112525896,-0.253229548540994,0.071,0.167,1
"Poli",0.487024112525896,-0.287853949891161,0.071,0.167,1
"Ier3ip1",0.487024112525896,-0.324719384468723,0.071,0.167,1
"Pold4",0.487024112525896,-0.323113985377459,0.071,0.167,1
"Noc3l",0.487024112525896,-0.295767413905199,0.071,0.167,1
"Psd",0.487024112525896,-0.25285023695236,0.071,0.167,1
"Trim8",0.487024112525896,-0.303116682501112,0.071,0.167,1
"Pdzd8",0.487024112525896,-0.268085448996267,0.071,0.167,1
"Rpl3-ps1",0.487024112525896,-0.367437502249946,0.071,0.167,1
"Tab3",0.487024112525896,-0.271373123667136,0.071,0.167,1
"Armcx3",0.487024112525896,-0.269171376692822,0.071,0.167,1
"Tceal5",0.487024112525896,-0.414341187814306,0.071,0.167,1
"Trappc2",0.487024112525896,-0.322597623052853,0.071,0.167,1
"Apoe",0.487378856674686,0.328128368061785,1,0.833,1
"Frmd4a",0.487453290364035,-0.559064808943484,1,1,1
"Cobll1",0.489018176013869,0.353024049294377,0.357,0.25,1
"Cdh4",0.489018176013869,0.601838041778598,0.357,0.25,1
"Car2",0.489018176013869,0.449806545717796,0.357,0.25,1
"Psmd4",0.489018176013869,0.362307070600719,0.357,0.25,1
"Usp53",0.489018176013869,0.269715901731526,0.357,0.25,1
"Stim2",0.489018176013869,0.390746511163564,0.357,0.25,1
"Tmem176b",0.489018176013869,0.468381839923068,0.357,0.25,1
"Timm44",0.489018176013869,0.281790375380835,0.357,0.25,1
"Arhgap42",0.489018176013869,0.315796628307503,0.357,0.25,1
"Rab34",0.489018176013869,0.361635848809909,0.357,0.25,1
"Dip2b",0.489018176013869,0.433945531019734,0.357,0.25,1
"B4galt6",0.489018176013869,0.4044050792886,0.357,0.25,1
"Pign",0.489356361997158,-0.319262586413862,0.214,0.333,1
"Lhx2",0.489356361997158,-0.377947219841037,0.214,0.333,1
"Focad",0.489356361997158,-0.535903751016661,0.214,0.333,1
"Myo16",0.489356361997158,-0.337650588859717,0.214,0.333,1
"Ist1",0.489356361997158,-0.295510351960725,0.214,0.333,1
"Pdpr",0.489356361997158,-0.35544484758588,0.214,0.333,1
"E530011L22Rik",0.489356361997158,-0.331173838733542,0.214,0.333,1
"Aatk",0.489356361997158,-0.333709500078435,0.214,0.333,1
"Lyst",0.489356361997158,-0.351284052329685,0.214,0.333,1
"Tut7",0.489356361997158,-0.368799040161209,0.214,0.333,1
"Sucla2",0.489356361997158,-0.372023503112404,0.214,0.333,1
"Pdpk1",0.489356361997158,-0.527087246455681,0.214,0.333,1
"Satb1",0.489356361997158,-0.439975931024946,0.214,0.333,1
"Ivd",0.492017410828607,-0.383316892289708,0.429,0.583,1
"Stag1",0.492017410828607,0.302978957388635,0.571,0.417,1
"Rbm6",0.492017410828607,0.62141192847559,0.5,0.5,1
"Nrxn2",0.497479559833693,0.265195120987604,0.786,0.583,1
"Rabl6",0.499574118449886,-0.374482521362288,0.286,0.5,1
"Sox2",0.499574118449886,-0.274191988388478,0.286,0.5,1
"Usp45",0.499574118449886,0.316144814087414,0.429,0.333,1
"Elavl4",0.499574118449886,0.440975945524366,0.429,0.333,1
"Mitf",0.499574118449886,0.72982302443468,0.429,0.333,1
"Igdcc4",0.499574118449886,0.498214714911069,0.429,0.333,1
"Epb41l2",0.499574118449886,-0.36546579396708,0.429,0.333,1
"Rps27a",0.499574118449886,0.26648182008902,0.429,0.333,1
"Kif3a",0.499574118449886,-0.250458557230322,0.286,0.5,1
"Ppp2r5e",0.499574118449886,-0.269796734839012,0.286,0.5,1
"Rev3l",0.501147985825983,0.387974892737629,0.786,0.75,1
"Gpd2",0.501799856900475,0.310177755419677,0.5,0.417,1
"Phkb",0.501799856900475,-0.2875358360849,0.357,0.583,1
"Nptn",0.503773224954897,0.337047502777177,0.643,0.5,1
"Tenm2",0.508054724638461,0.564464531174663,0.571,0.667,1
"Arl8a",0.50816432292166,0.312817047615454,0.286,0.167,1
"Cacna1e",0.50816432292166,0.257104030706416,0.286,0.167,1
"Cr1l",0.50816432292166,0.407832378067677,0.286,0.167,1
"Elmo2",0.50816432292166,0.326030786300115,0.286,0.167,1
"A930005H10Rik",0.50816432292166,0.33915080369652,0.286,0.167,1
"Atp6v1g1",0.50816432292166,0.313970704978514,0.286,0.167,1
"Malsu1",0.50816432292166,0.305519337778995,0.286,0.167,1
"Hnrnpf",0.50816432292166,0.323747103362871,0.286,0.167,1
"Galnt18",0.50816432292166,0.405900069368991,0.286,0.167,1
"Spg7",0.50816432292166,0.339171466428964,0.286,0.167,1
"Gucy1a2",0.50816432292166,0.481274491903958,0.286,0.167,1
"Csnk1g1",0.50816432292166,0.29550868134217,0.286,0.167,1
"Dzip1l",0.50816432292166,0.471516230197495,0.286,0.167,1
"Gm15283",0.50816432292166,0.331956054926844,0.286,0.167,1
"Ryr2",0.50816432292166,0.478081443219263,0.286,0.167,1
"Sugct",0.50816432292166,0.324119583395111,0.286,0.167,1
"Tpmt",0.50816432292166,0.410828370433675,0.286,0.167,1
"Fdft1",0.50816432292166,0.330434920451076,0.286,0.167,1
"Rgcc",0.50816432292166,0.434154150501352,0.286,0.167,1
"5031439G07Rik",0.50816432292166,0.292535322294452,0.286,0.167,1
"Lca5l",0.50816432292166,0.311160669917933,0.286,0.167,1
"Osbpl1a",0.50816432292166,0.321691853140209,0.286,0.167,1
"4933424G05Rik",0.50816432292166,0.25515667783243,0.286,0.167,1
"Gm9750",0.50816432292166,0.424908952068268,0.286,0.167,1
"Ocrl",0.50816432292166,0.366449771514784,0.286,0.167,1
"Ankrd6",0.510661364985268,0.327275348122675,0.5,0.333,1
"Chic2",0.510661364985268,-0.391677674451611,0.429,0.417,1
"Purg",0.510661364985268,-0.302736856739808,0.357,0.5,1
"Hmg20a",0.510661364985268,-0.284920829186986,0.357,0.5,1
"Plekhg1",0.510661364985268,0.755536944640894,0.429,0.417,1
"Itsn2",0.510661364985268,-0.454242154762889,0.357,0.5,1
"Lrch3",0.510661364985268,-0.635383890163294,0.357,0.5,1
"Zfp950",0.510661364985268,-0.55970635162465,0.357,0.5,1
"Sycp2",0.51147729898877,-0.321688340482904,0.571,0.75,1
"Myo10",0.51147729898877,-0.458509024128337,0.571,0.75,1
"Prrc2c",0.515822502299383,0.405251193713796,0.643,0.417,1
"Slc25a3",0.515822502299383,-0.449728998542761,0.5,0.583,1
"Hivep3",0.516225280872154,0.313120079648534,0.857,0.583,1
"Psd3",0.517753568719551,0.310553659371481,0.857,0.667,1
"Cachd1",0.518405510168239,-0.40833451055908,0.357,0.417,1
"Rpl41",0.518405510168239,-0.759050125857257,0.357,0.417,1
"Nsf",0.518405510168239,-0.500877612779602,0.357,0.417,1
"Dio2",0.518405510168239,-0.546505251483033,0.357,0.417,1
"Tnr",0.520197784663576,-0.45006758702489,0.857,1,1
"Vps13d",0.524765990330297,-0.621640129740318,0.286,0.417,1
"Sox5os4",0.524765990330297,0.599475916902432,0.357,0.333,1
"D130040H23Rik",0.524765990330297,0.264540448607401,0.429,0.25,1
"Cs",0.524765990330297,-0.297797383927507,0.286,0.417,1
"Rps6kb1",0.524765990330297,-0.278606861517197,0.286,0.417,1
"Tnfrsf19",0.524765990330297,-0.344085862821398,0.286,0.417,1
"Tef",0.524765990330297,0.461169232979094,0.357,0.333,1
"Pdzrn4",0.524765990330297,-0.268291458125411,0.286,0.417,1
"Raph1",0.525202039971268,-0.280745417191692,0.143,0.25,1
"Il15ra",0.525202039971268,-0.318203523531207,0.143,0.25,1
"Usp20",0.525202039971268,-0.276039761729966,0.143,0.25,1
"Hspa5",0.525202039971268,-0.345736101644332,0.143,0.25,1
"Psmb7",0.525202039971268,-0.264317557299263,0.143,0.25,1
"Rtf1",0.525202039971268,-0.320318938992614,0.143,0.25,1
"Snx5",0.525202039971268,-0.275603448261273,0.143,0.25,1
"Tox2",0.525202039971268,-0.480186944452769,0.143,0.25,1
"Ror1",0.525202039971268,-0.458142797883651,0.143,0.25,1
"Mycbp",0.525202039971268,-0.303694658634345,0.143,0.25,1
"Zcchc17",0.525202039971268,-0.296463548416908,0.143,0.25,1
"Fuca1",0.525202039971268,-0.388771124703753,0.143,0.25,1
"Psmc2",0.525202039971268,-0.459462955164857,0.143,0.25,1
"D5Ertd579e",0.525202039971268,-0.29480832665084,0.143,0.25,1
"Slain2",0.525202039971268,-0.424839210057168,0.143,0.25,1
"Mrpl1",0.525202039971268,-0.36623380231951,0.143,0.25,1
"Gm42583",0.525202039971268,-0.268372633830853,0.143,0.25,1
"Zfp746",0.525202039971268,-0.293282971503674,0.143,0.25,1
"Snx10",0.525202039971268,-0.403449386853022,0.143,0.25,1
"Prdm5",0.525202039971268,-0.613498715218931,0.143,0.25,1
"Rnf103",0.525202039971268,-0.295424909571593,0.143,0.25,1
"Mrps25",0.525202039971268,-0.285756909501031,0.143,0.25,1
"Smim10l1",0.525202039971268,-0.398435772638337,0.143,0.25,1
"Gtf2h1",0.525202039971268,-0.320805912015162,0.143,0.25,1
"Eef2k",0.525202039971268,-0.364518844716088,0.143,0.25,1
"Tmem208",0.525202039971268,-0.295495870018961,0.143,0.25,1
"Zfp612",0.525202039971268,-0.580193325184305,0.143,0.25,1
"Phxr4",0.525202039971268,-0.372751797006685,0.143,0.25,1
"Agpat3",0.525202039971268,-0.30037308941889,0.143,0.25,1
"Gm12002",0.525202039971268,-0.529708134453662,0.143,0.25,1
"Zfp652",0.525202039971268,-0.300458797096855,0.143,0.25,1
"Med1",0.525202039971268,-0.295254271324127,0.143,0.25,1
"Srsf2",0.525202039971268,-0.278838509758668,0.143,0.25,1
"Larp4b",0.525202039971268,-0.289314542680392,0.143,0.25,1
"Nln",0.525202039971268,-0.431293768484981,0.143,0.25,1
"Cwc27",0.525202039971268,-0.301874706130276,0.143,0.25,1
"Gm36146",0.525202039971268,-0.254048692853287,0.143,0.25,1
"Gjb6",0.525202039971268,-0.41248484188265,0.143,0.25,1
"Ubac2",0.525202039971268,-0.464455552982056,0.143,0.25,1
"Emc2",0.525202039971268,-0.388166471942706,0.143,0.25,1
"Gm28750",0.525202039971268,-0.317130618026901,0.143,0.25,1
"Dop1b",0.525202039971268,-0.348299755150627,0.143,0.25,1
"BC031181",0.525202039971268,-0.523685365152115,0.143,0.25,1
"Ak3",0.525202039971268,-0.305723314683246,0.143,0.25,1
"Gm26618",0.525202039971268,-0.309140771403561,0.143,0.25,1
"Brwd3",0.525202039971268,-0.29453465414616,0.143,0.25,1
"Crebrf",0.527298429260511,-0.387588808894383,0.429,0.583,1
"Sorcs1",0.527298429260511,-0.257626575537409,0.643,0.333,1
"Trim44",0.52936615691402,0.345676149351147,0.357,0.25,1
"Mllt11",0.52936615691402,0.319717244949881,0.357,0.25,1
"Tmem245",0.52936615691402,0.540842589043275,0.357,0.25,1
"Ptbp3",0.52936615691402,0.371412254901884,0.357,0.25,1
"Sh3gl2",0.52936615691402,0.446613400901396,0.357,0.25,1
"Lnx1",0.52936615691402,0.554483333833187,0.357,0.25,1
"Med13",0.52936615691402,0.262046161225323,0.357,0.25,1
"Atl2",0.52936615691402,0.27949471165646,0.357,0.25,1
"Mff",0.531648413865949,-0.366485866562218,0.214,0.333,1
"Itm2c",0.531648413865949,-0.507204448882116,0.214,0.333,1
"Adora1",0.531648413865949,-0.325074337589455,0.214,0.333,1
"Ehmt1",0.531648413865949,-0.341054628613356,0.214,0.333,1
"Ppig",0.531648413865949,-0.425833922455334,0.214,0.333,1
"Exoc1",0.531648413865949,-0.283252486014061,0.214,0.333,1
"Alms1",0.531648413865949,-0.251080293409726,0.214,0.333,1
"Rassf8",0.531648413865949,-0.279455483080912,0.214,0.333,1
"Lamtor1",0.531648413865949,-0.314106380126221,0.214,0.333,1
"Mgat4c",0.531648413865949,-0.594448998820349,0.214,0.333,1
"Cep68",0.531648413865949,-0.30919574469556,0.214,0.333,1
"Flrt2",0.531648413865949,-0.271543006278576,0.214,0.333,1
"Ndufb1",0.531648413865949,-0.315028532698786,0.214,0.333,1
"Adamts6",0.531648413865949,-0.29574414587155,0.214,0.333,1
"Pstpip2",0.531648413865949,-0.285657451991828,0.214,0.333,1
"Wwc1",0.533466307489505,-0.420076131643693,0.429,0.667,1
"Gm37240",0.53759727668745,0.63783080148667,0.429,0.333,1
"Fam184a",0.538099939651035,0.274457090191935,0.5,0.417,1
"Cpsf6",0.538099939651035,0.336291163098097,0.5,0.417,1
"Ednrb",0.538099939651035,-0.608969419203635,0.357,0.583,1
"Pak3",0.538099939651035,0.256472276054846,0.5,0.417,1
"Ppp1r12a",0.538502230580377,0.301114007560945,0.571,0.583,1
"Wasf3",0.542577377715187,-0.34346257643923,0.571,0.667,1
"Dnm3",0.545833004783757,-0.356029247727063,0.643,0.667,1
"Hypk",0.546923571545755,-0.272096039396518,0.071,0.167,1
"Cct3",0.546923571545755,-0.293383180468333,0.071,0.167,1
"Chchd7",0.546923571545755,-0.265158442762784,0.071,0.167,1
"Txndc12",0.546923571545755,-0.268794469779225,0.071,0.167,1
"Gm12811",0.546923571545755,-0.263535658787517,0.071,0.167,1
"Nsun4",0.546923571545755,-0.280926597318271,0.071,0.167,1
"Cdk5",0.546923571545755,-0.301657595326338,0.071,0.167,1
"Gm42639",0.546923571545755,-0.343273503278867,0.071,0.167,1
"Cops4",0.546923571545755,-0.281905671306816,0.071,0.167,1
"Hsd17b11",0.546923571545755,-0.250144188471799,0.071,0.167,1
"Zfp956",0.546923571545755,-0.283797269796489,0.071,0.167,1
"Cycs",0.546923571545755,-0.250212395390137,0.071,0.167,1
"Eif2ak3",0.546923571545755,-0.250144188471799,0.071,0.167,1
"Dguok",0.546923571545755,-0.281905671306816,0.071,0.167,1
"Zxdc",0.546923571545755,-0.287372096671606,0.071,0.167,1
"Foxp1",0.546923571545755,-0.316977246826993,0.071,0.167,1
"2900037B21Rik",0.546923571545755,-0.277346445353022,0.071,0.167,1
"Man2c1os",0.546923571545755,-0.283797269796489,0.071,0.167,1
"Ube2n",0.546923571545755,-0.291289542390887,0.071,0.167,1
"Ipo11",0.546923571545755,-0.252345935446112,0.071,0.167,1
"0610012G03Rik",0.546923571545755,-0.292627827718242,0.071,0.167,1
"BC002059",0.546923571545755,-0.296327826595585,0.071,0.167,1
"Rpl7l1",0.546923571545755,-0.27831331997062,0.071,0.167,1
"Fam210a",0.546923571545755,-0.27304158603295,0.071,0.167,1
"Entpd1",0.546923571545755,-0.287356093780572,0.071,0.167,1
"Hmgb3",0.546923571545755,-0.274847841015691,0.071,0.167,1
"Ncoa2",0.54810143151875,-0.378704123808673,0.357,0.5,1
"Atp8a1",0.54810143151875,-0.316137437747024,0.357,0.5,1
"Ppfibp1",0.54810143151875,-0.465033966320155,0.357,0.5,1
"Rgs7bp",0.54810143151875,0.59833760383396,0.429,0.417,1
"Sorcs3",0.548388362749432,0.588263153384729,0.714,0.667,1
"Ssbp2",0.550346500702223,-0.294706323942934,0.643,0.833,1
"Atp1b1",0.551798606006728,-0.391154451248759,0.714,0.833,1
"Ankrd11",0.551798606006728,-0.264636508729599,0.714,0.833,1
"Sfxn5",0.552827305615145,-0.363184047381463,0.786,0.833,1
"Sntg1",0.553509207128814,0.26265080222353,0.857,0.833,1
"Tgfbr1",0.553819634060167,0.283932409467179,0.286,0.167,1
"Id3",0.553819634060167,0.323376796297262,0.286,0.167,1
"Nck1",0.553819634060167,0.327125802828761,0.286,0.167,1
"Pfkp",0.553819634060167,0.280362756713625,0.286,0.167,1
"Lama3",0.553819634060167,0.353879465747041,0.286,0.167,1
"Gk",0.553819634060167,0.259447167586202,0.286,0.167,1
"Msi2",0.554188017359466,0.261426877607792,0.929,1,1
"Ncam2",0.554188017359466,0.421419257726138,1,0.917,1
"Gm20754",0.556731706898197,0.333883012088622,0.571,0.333,1
"Klhl5",0.556731706898197,-0.272422793871685,0.429,0.5,1
"Pebp1",0.556731706898197,-0.448141990329548,0.429,0.5,1
"Fut8",0.557139468852721,-0.329740712063175,0.357,0.417,1
"Grina",0.56382659953486,-0.320768642988023,0.429,0.583,1
"Tmsb4x",0.56382659953486,-0.278621092053897,0.429,0.583,1
"Colgalt2",0.564991694684293,-0.361882471075765,0.286,0.417,1
"Bmyc",0.564991694684293,0.29348117089077,0.357,0.333,1
"Acvr2a",0.564991694684293,0.319126918255737,0.357,0.333,1
"Ube2e3",0.564991694684293,-0.273713024918013,0.286,0.417,1
"Eif2s2",0.564991694684293,-0.416933638717481,0.286,0.417,1
"Stmn2",0.564991694684293,-0.268904046631116,0.286,0.417,1
"Nrf1",0.564991694684293,0.491305955378773,0.429,0.25,1
"Sec63",0.564991694684293,0.280019167999824,0.357,0.333,1
"Ascc3",0.564991694684293,-0.278839985925033,0.286,0.417,1
"Ppm1a",0.564991694684293,0.379253379741139,0.357,0.333,1
"Dync1h1",0.564991694684293,-0.514921387797496,0.286,0.417,1
"Rala",0.564991694684293,0.419942118593762,0.357,0.333,1
"Nedd4",0.565912158060996,0.377469721594726,0.643,0.75,1
"Sash1",0.569224060135355,0.377514362419396,0.786,0.75,1
"Pip4k2a",0.571341783389791,0.34573995210461,0.357,0.25,1
"Vps41",0.571341783389791,-0.326788558443724,0.214,0.417,1
"Brd9",0.571341783389791,0.330986416152794,0.357,0.25,1
"Eya1",0.574392457417819,0.611454226223026,0.643,0.5,1
"Spred1",0.574392457417819,0.320876081173878,0.643,0.5,1
"Lrrtm3",0.574392457417819,0.2622419187207,0.643,0.5,1
"Fermt2",0.574392457417819,-0.434315818764436,0.5,0.667,1
"Bzw1",0.575069971139095,-0.258130306316133,0.143,0.25,1
"Upf2",0.575069971139095,-0.250510467781582,0.143,0.25,1
"Cir1",0.575069971139095,-0.27785068027794,0.143,0.25,1
"Hipk3",0.575069971139095,-0.530677228365744,0.143,0.25,1
"Gm43376",0.575069971139095,-0.292678704471548,0.143,0.25,1
"Prkcz",0.575069971139095,-0.284428405569188,0.143,0.25,1
"Cct6a",0.575069971139095,-0.264090694379982,0.143,0.25,1
"Emc3",0.575069971139095,-0.391902928733491,0.143,0.25,1
"Rsf1os2",0.575069971139095,-0.294445503113507,0.143,0.25,1
"Map1lc3b",0.575069971139095,-0.286423388129099,0.143,0.25,1
"Zfp426",0.575069971139095,-0.477422512067168,0.143,0.25,1
"Rps25",0.575069971139095,-0.28373008080278,0.143,0.25,1
"Plxnb1",0.575069971139095,-0.30208315203817,0.143,0.25,1
"Marcks",0.575069971139095,-0.267951994042822,0.143,0.25,1
"Fgd6",0.575069971139095,-0.716665941623796,0.143,0.25,1
"Dgka",0.575069971139095,-0.29762036493142,0.143,0.25,1
"Cdk5r1",0.575069971139095,-0.294187169335714,0.143,0.25,1
"Ctsb",0.575069971139095,-0.398195527139596,0.143,0.25,1
"Lima1",0.575069971139095,-0.287118808374678,0.143,0.25,1
"Ntan1",0.575069971139095,-0.277424390156284,0.143,0.25,1
"Tmed7",0.575069971139095,-0.255453079773242,0.143,0.25,1
"Commd10",0.575069971139095,-0.403688750716515,0.143,0.25,1
"Mcts1",0.575069971139095,-0.343517803642593,0.143,0.25,1
"Lrch2",0.575069971139095,-0.294751731593178,0.143,0.25,1
"Gm5089",0.57567243132202,0.39266302319334,0.5,0.417,1
"Eif2s3y",0.57567243132202,0.250866480152486,0.5,0.417,1
"Lamc1",0.575717891873709,0.311978269480439,0.286,0.25,1
"Itprid2",0.575717891873709,-0.456253597720427,0.214,0.333,1
"Snta1",0.575717891873709,0.757870982718468,0.286,0.25,1
"Pi4kb",0.575717891873709,-0.252113899557685,0.214,0.333,1
"Dop1a",0.575717891873709,-0.292186097309242,0.214,0.333,1
"Trappc10",0.575717891873709,-0.271244068430532,0.214,0.333,1
"Amph",0.575717891873709,0.717307087843179,0.286,0.25,1
"Elmo1",0.575717891873709,-0.318365906932122,0.214,0.333,1
"Fam135b",0.575717891873709,-0.459939471047448,0.214,0.333,1
"Ankhd1",0.575717891873709,-0.369963672928753,0.214,0.333,1
"Prelid3a",0.575717891873709,0.340802959240008,0.286,0.25,1
"mt-Nd4",0.575717891873709,0.293889705745773,0.286,0.25,1
"Wasl",0.577021346712784,0.355841973578559,0.429,0.333,1
"Cd47",0.577021346712784,0.367041210923834,0.429,0.333,1
"Fmnl2",0.581295853418116,-0.268637777157703,0.5,0.833,1
"Nf1",0.581295853418116,0.312766464465131,0.643,0.667,1
"Oxr1",0.581295853418116,-0.32979509968459,0.643,0.667,1
"Rock1",0.581295853418116,-0.306738939572321,0.5,0.833,1
"Rfx3",0.581295853418116,-0.432152141922843,0.571,0.75,1
"Hnrnph1",0.586849745407291,-0.25382583447855,0.357,0.5,1
"Acin1",0.586849745407291,0.329106752166842,0.5,0.333,1
"Snrnp70",0.587875263056864,-0.473340521520723,0.786,0.833,1
"Rpl38",0.592907257905336,-0.282709770853414,0.286,0.333,1
"Tcp1",0.592907257905336,-0.514389769389023,0.286,0.333,1
"Snx32",0.592907257905336,-0.268204471144936,0.286,0.333,1
"Chn1",0.59646157864656,-0.705402501389368,0.643,0.583,1
"Plce1",0.601396221249767,0.31084625570901,0.286,0.167,1
"Plp1",0.601531936638342,-0.317016640095912,0.429,0.583,1
"Epha4",0.606643796533495,0.335662728277422,0.357,0.333,1
"Dync1i2",0.606643796533495,-0.330902452464406,0.286,0.417,1
"Immp1l",0.606643796533495,-0.290027174529365,0.286,0.417,1
"Sclt1",0.606643796533495,0.373083775331294,0.357,0.333,1
"Jazf1",0.606643796533495,-0.254594197775844,0.286,0.417,1
"Kbtbd11",0.606643796533495,-0.25814105093376,0.286,0.417,1
"Cox10",0.606643796533495,0.357994874941282,0.357,0.333,1
"Vwa8",0.606643796533495,0.646696658240314,0.357,0.333,1
"Abcd2",0.606643796533495,0.299447231839016,0.429,0.25,1
"Gfra1",0.606955812165329,0.450868348281469,0.571,0.5,1
"Tbl1x",0.606955812165329,0.380862637388828,0.571,0.5,1
"Arid5a",0.610259436178333,0.279283373149101,0.143,0.083,1
"Aff3",0.610259436178333,0.472377145744229,0.143,0.083,1
"Lonrf2",0.610259436178333,0.563485214812701,0.143,0.083,1
"1700019D03Rik",0.610259436178333,0.30266441609437,0.143,0.083,1
"Tuba4a",0.610259436178333,0.287097365646629,0.143,0.083,1
"Htr2b",0.610259436178333,0.471049690490211,0.143,0.083,1
"Dsel",0.610259436178333,0.275605221383533,0.143,0.083,1
"Dars2",0.610259436178333,0.287097365646629,0.143,0.083,1
"1700080N15Rik",0.610259436178333,0.254167596840124,0.143,0.083,1
"Snapc4",0.610259436178333,0.307873174317481,0.143,0.083,1
"Brd3",0.610259436178333,0.255792999809971,0.143,0.083,1
"Gsn",0.610259436178333,0.373137808832136,0.143,0.083,1
"Tnfaip6",0.610259436178333,0.545794708053008,0.143,0.083,1
"Fmn1",0.610259436178333,0.405239767149072,0.143,0.083,1
"Ganc",0.610259436178333,0.330886877820509,0.143,0.083,1
"Tmem62",0.610259436178333,0.269818767751054,0.143,0.083,1
"Rnf24",0.610259436178333,0.262586830803625,0.143,0.083,1
"Trmt6",0.610259436178333,0.390845230654758,0.143,0.083,1
"Slx4ip",0.610259436178333,0.250600067055314,0.143,0.083,1
"Pxmp4",0.610259436178333,0.31701597677739,0.143,0.083,1
"Rpn2",0.610259436178333,0.32210804333599,0.143,0.083,1
"Prpf6",0.610259436178333,0.294380935505545,0.143,0.083,1
"Ccdc39",0.610259436178333,0.262444619510062,0.143,0.083,1
"Tmem131l",0.610259436178333,0.425448994639919,0.143,0.083,1
"Fcrls",0.610259436178333,0.268688100227367,0.143,0.083,1
"Sema4a",0.610259436178333,0.722647698626717,0.143,0.083,1
"Adar",0.610259436178333,0.288357528637271,0.143,0.083,1
"Jtb",0.610259436178333,0.31701597677739,0.143,0.083,1
"S100a6",0.610259436178333,0.33770838344271,0.143,0.083,1
"Dph5",0.610259436178333,0.310936235866306,0.143,0.083,1
"ENSMUSG00000120150",0.610259436178333,0.471647784011274,0.143,0.083,1
"Dcaf10",0.610259436178333,0.285249560814101,0.143,0.083,1
"3110021N24Rik",0.610259436178333,0.339697854695762,0.143,0.083,1
"Atpaf1",0.610259436178333,0.266573438674272,0.143,0.083,1
"Nasp",0.610259436178333,0.317975567579495,0.143,0.083,1
"Med8",0.610259436178333,0.275693685558761,0.143,0.083,1
"Hdac1",0.610259436178333,0.362533053386652,0.143,0.083,1
"Adgrb2",0.610259436178333,0.2705075322609,0.143,0.083,1
"Necap2",0.610259436178333,0.260024322743561,0.143,0.083,1
"6330411D24Rik",0.610259436178333,0.276494034977026,0.143,0.083,1
"Lmbr1",0.610259436178333,0.312423201178825,0.143,0.083,1
"Selenoi",0.610259436178333,0.294585266344758,0.143,0.083,1
"Ctbp1",0.610259436178333,0.523130167389465,0.143,0.083,1
"Dok7",0.610259436178333,0.677908991282237,0.143,0.083,1
"Mob1b",0.610259436178333,0.268081117750069,0.143,0.083,1
"Rnf10",0.610259436178333,0.299891282193148,0.143,0.083,1
"Rph3a",0.610259436178333,0.261940142939341,0.143,0.083,1
"Trafd1",0.610259436178333,0.323228142462297,0.143,0.083,1
"Sh2b3",0.610259436178333,0.404525301642975,0.143,0.083,1
"Bri3bp",0.610259436178333,0.306850006945934,0.143,0.083,1
"Rabgef1",0.610259436178333,0.330346385737622,0.143,0.083,1
"Eif2ak1",0.610259436178333,0.322553913383941,0.143,0.083,1
"Slc46a3",0.610259436178333,0.286493214625995,0.143,0.083,1
"Sdhaf3",0.610259436178333,0.258500314171989,0.143,0.083,1
"Aass",0.610259436178333,0.278974086154849,0.143,0.083,1
"Cadps2",0.610259436178333,0.317620127798024,0.143,0.083,1
"Atp6v0e2",0.610259436178333,0.281924980226162,0.143,0.083,1
"Kdm3a",0.610259436178333,0.487599949978229,0.143,0.083,1
"Wnt7a",0.610259436178333,0.286493214625995,0.143,0.083,1
"Ccdc174",0.610259436178333,0.347854128456476,0.143,0.083,1
"Gm44441",0.610259436178333,0.352182238513756,0.143,0.083,1
"Eno2",0.610259436178333,0.336454086279871,0.143,0.083,1
"Recql",0.610259436178333,0.313001048514355,0.143,0.083,1
"Ccdc106",0.610259436178333,0.534453150592808,0.143,0.083,1
"U2af2",0.610259436178333,0.499677244073331,0.143,0.083,1
"Ppp1r37",0.610259436178333,0.386090938137445,0.143,0.083,1
"Zfp61",0.610259436178333,0.256393113485853,0.143,0.083,1
"Dmac2",0.610259436178333,0.334154396064863,0.143,0.083,1
"Scn1b",0.610259436178333,0.293610751248577,0.143,0.083,1
"Zfp507",0.610259436178333,0.255973991050799,0.143,0.083,1
"Vstm2b",0.610259436178333,0.429100679849917,0.143,0.083,1
"Sv2b",0.610259436178333,0.282478139645488,0.143,0.083,1
"Rps17",0.610259436178333,0.261940142939341,0.143,0.083,1
"Map6",0.610259436178333,0.275605221383533,0.143,0.083,1
"Ppfibp2",0.610259436178333,0.250016702193691,0.143,0.083,1
"Tmem9b",0.610259436178333,0.263472500850748,0.143,0.083,1
"Uqcrc2",0.610259436178333,0.256596714073997,0.143,0.083,1
"Slx1b",0.610259436178333,0.288458175816995,0.143,0.083,1
"Gm39090",0.610259436178333,0.281942614076511,0.143,0.083,1
"Setd1a",0.610259436178333,0.268083949206732,0.143,0.083,1
"Deaf1",0.610259436178333,0.315050776237696,0.143,0.083,1
"Nap1l4",0.610259436178333,0.425432632155705,0.143,0.083,1
"Shank2",0.610259436178333,0.252069970727945,0.143,0.083,1
"Gm15991",0.610259436178333,0.294585266344758,0.143,0.083,1
"Mrpl34",0.610259436178333,0.284317159813474,0.143,0.083,1
"Ap1m1",0.610259436178333,0.318640463828037,0.143,0.083,1
"Heatr3",0.610259436178333,0.33609475763414,0.143,0.083,1
"Polr2c",0.610259436178333,0.279285194521622,0.143,0.083,1
"Cfdp1",0.610259436178333,0.364636648653711,0.143,0.083,1
"Aprt",0.610259436178333,0.364341082060069,0.143,0.083,1
"Tsnax",0.610259436178333,0.339059380029622,0.143,0.083,1
"Amotl1",0.610259436178333,0.313441183973251,0.143,0.083,1
"Slc44a2",0.610259436178333,0.255792999809971,0.143,0.083,1
"Elof1",0.610259436178333,0.480596000552533,0.143,0.083,1
"1110032A03Rik",0.610259436178333,0.36776019730729,0.143,0.083,1
"Ppp2r1b",0.610259436178333,0.255792999809971,0.143,0.083,1
"Rdx",0.610259436178333,0.287914230265944,0.143,0.083,1
"Ciao2a",0.610259436178333,0.348971725849284,0.143,0.083,1
"Prtg",0.610259436178333,0.273164951815788,0.143,0.083,1
"Slc17a5",0.610259436178333,0.376363202174303,0.143,0.083,1
"Slc35g2",0.610259436178333,0.390845230654758,0.143,0.083,1
"Nicn1",0.610259436178333,0.369334077995472,0.143,0.083,1
"Akap12",0.610259436178333,0.2705075322609,0.143,0.083,1
"Atg5",0.610259436178333,0.29608120536496,0.143,0.083,1
"Cirbp",0.610259436178333,0.332399654271876,0.143,0.083,1
"Pwwp3a",0.610259436178333,0.276135389620084,0.143,0.083,1
"Ntn4",0.610259436178333,0.430050373422039,0.143,0.083,1
"Ndufa12",0.610259436178333,0.291900161885884,0.143,0.083,1
"Mbd6",0.610259436178333,0.255378744112166,0.143,0.083,1
"Ptges3",0.610259436178333,0.267106602653888,0.143,0.083,1
"Morc2a",0.610259436178333,0.390657987830621,0.143,0.083,1
"Dock2",0.610259436178333,0.34990739699073,0.143,0.083,1
"Gabrb2",0.610259436178333,0.440660321496512,0.143,0.083,1
"Ttc1",0.610259436178333,0.276888808807976,0.143,0.083,1
"Slc22a5",0.610259436178333,0.255334055352411,0.143,0.083,1
"Fam114a2",0.610259436178333,0.29914429063411,0.143,0.083,1
"Fgf11",0.610259436178333,0.37942476666272,0.143,0.083,1
"Slc43a2",0.610259436178333,0.281336641683355,0.143,0.083,1
"Blmh",0.610259436178333,0.288941968432594,0.143,0.083,1
"Appbp2",0.610259436178333,0.315050776237696,0.143,0.083,1
"Ints2",0.610259436178333,0.417490840042164,0.143,0.083,1
"C030037D09Rik",0.610259436178333,0.62224405461649,0.143,0.083,1
"Scpep1",0.610259436178333,0.256596714073997,0.143,0.083,1
"Utp18",0.610259436178333,0.34990739699073,0.143,0.083,1
"Kpnb1",0.610259436178333,0.271521098344575,0.143,0.083,1
"Sap30bp",0.610259436178333,0.425638058791242,0.143,0.083,1
"Foxk2",0.610259436178333,0.461865691514067,0.143,0.083,1
"Ankmy2",0.610259436178333,0.258036163667054,0.143,0.083,1
"Nemf",0.610259436178333,0.327037259915388,0.143,0.083,1
"Hif1a",0.610259436178333,0.42849925398,0.143,0.083,1
"Dcaf4",0.610259436178333,0.345144612422726,0.143,0.083,1
"Gpatch2l",0.610259436178333,0.380823947516761,0.143,0.083,1
"Ccnk",0.610259436178333,0.323076441940748,0.143,0.083,1
"Wars",0.610259436178333,0.285811054244491,0.143,0.083,1
"Inf2",0.610259436178333,0.276326492188508,0.143,0.083,1
"Pitrm1",0.610259436178333,0.33609475763414,0.143,0.083,1
"Ptpdc1",0.610259436178333,0.284770608027873,0.143,0.083,1
"Faf2",0.610259436178333,0.395525600501649,0.143,0.083,1
"Dbn1",0.610259436178333,0.261375749175025,0.143,0.083,1
"Mterf3",0.610259436178333,0.275710615267287,0.143,0.083,1
"Ttc37",0.610259436178333,0.281369025722792,0.143,0.083,1
"Gm30054",0.610259436178333,0.394556019535401,0.143,0.083,1
"Tkt",0.610259436178333,0.323435933103426,0.143,0.083,1
"Dph3",0.610259436178333,0.26319098182426,0.143,0.083,1
"Ghitm",0.610259436178333,0.262444619510062,0.143,0.083,1
"Gm26782",0.610259436178333,0.324127698706808,0.143,0.083,1
"Osgep",0.610259436178333,0.523822208602609,0.143,0.083,1
"Zfp219",0.610259436178333,0.354319798922072,0.143,0.083,1
"Fam124a",0.610259436178333,0.267078907081138,0.143,0.083,1
"Esd",0.610259436178333,0.359411865480672,0.143,0.083,1
"Commd6",0.610259436178333,0.270520739456731,0.143,0.083,1
"Gm37310",0.610259436178333,0.2705075322609,0.143,0.083,1
"Them6",0.610259436178333,0.29914429063411,0.143,0.083,1
"Mief1",0.610259436178333,0.307873174317481,0.143,0.083,1
"ENSMUSG00000120310",0.610259436178333,0.250237364254514,0.143,0.083,1
"Dennd6b",0.610259436178333,0.291471418984806,0.143,0.083,1
"Gpd1",0.610259436178333,0.495313947515328,0.143,0.083,1
"Aaas",0.610259436178333,0.296303827400548,0.143,0.083,1
"Dexi",0.610259436178333,0.488636451874441,0.143,0.083,1
"Bmerb1",0.610259436178333,0.473130106797529,0.143,0.083,1
"Dgcr2",0.610259436178333,0.389820912913521,0.143,0.083,1
"Dgcr8",0.610259436178333,0.405239767149072,0.143,0.083,1
"Kpna1",0.610259436178333,0.32123998338579,0.143,0.083,1
"4933411O13Rik",0.610259436178333,0.497623975539077,0.143,0.083,1
"Jam2",0.610259436178333,0.345117655043475,0.143,0.083,1
"Cryzl1",0.610259436178333,0.294250558866294,0.143,0.083,1
"Gm16386",0.610259436178333,0.31486167723196,0.143,0.083,1
"Mettl26",0.610259436178333,0.251657857513224,0.143,0.083,1
"Srpk1",0.610259436178333,0.466654779426028,0.143,0.083,1
"Gm26549",0.610259436178333,0.433621436580914,0.143,0.083,1
"Gm16172",0.610259436178333,0.255378744112166,0.143,0.083,1
"Ccnd3",0.610259436178333,0.373511486743798,0.143,0.083,1
"Rab5a",0.610259436178333,0.25105370649259,0.143,0.083,1
"Zfp959",0.610259436178333,0.318446534640937,0.143,0.083,1
"Slc25a23",0.610259436178333,0.476535874368915,0.143,0.083,1
"Gpr108",0.610259436178333,0.595512231126266,0.143,0.083,1
"Epb41l3",0.610259436178333,0.347854128456476,0.143,0.083,1
"Spast",0.610259436178333,0.365479064185032,0.143,0.083,1
"Zfp397",0.610259436178333,0.639148012047591,0.143,0.083,1
"1700086O06Rik",0.610259436178333,0.269577056770271,0.143,0.083,1
"Ablim3",0.610259436178333,0.344974696275651,0.143,0.083,1
"Lrp5",0.610259436178333,0.285919052584136,0.143,0.083,1
"Gm31166",0.610259436178333,0.437793922655165,0.143,0.083,1
"Gpr137",0.610259436178333,0.352182238513756,0.143,0.083,1
"Plcb3",0.610259436178333,0.326756740813693,0.143,0.083,1
"Tmem216",0.610259436178333,0.277426874753711,0.143,0.083,1
"Mrpl43",0.610259436178333,0.289373792872626,0.143,0.083,1
"Nhlrc2",0.610259436178333,0.484261461178185,0.143,0.083,1
"Sfxn4",0.610259436178333,0.309864622939835,0.143,0.083,1
"Nkap",0.610259436178333,0.778731369855002,0.143,0.083,1
"Cul4b",0.610259436178333,0.329203984030566,0.143,0.083,1
"Fhl1",0.610259436178333,0.28984689335163,0.143,0.083,1
"Pls3",0.610259436178333,0.366823605557939,0.143,0.083,1
"Bclaf3",0.610259436178333,0.528909991266785,0.143,0.083,1
"Sh3d19",0.611376806833248,0.293845593709821,0.643,0.5,1
"Tcf25",0.611376806833248,0.309171004409272,0.571,0.583,1
"Bptf",0.611376806833248,-0.25334204033005,0.571,0.583,1
"Gm26691",0.614838355128212,0.34250611430244,0.357,0.25,1
"Mpdz",0.614838355128212,0.296490151993293,0.357,0.25,1
"Rps3",0.614838355128212,0.321874343400652,0.357,0.25,1
"Rab5b",0.614838355128212,0.321206826004043,0.357,0.25,1
"Cep128",0.614838355128212,0.317133723647723,0.357,0.25,1
"Hnrnpu",0.614949521329645,0.321327050763835,0.571,0.667,1
"Zhx3",0.614949521329645,-0.394208791106407,0.571,0.667,1
"N4bp2l2",0.617757332101083,0.250187906608076,0.429,0.333,1
"Ptk2",0.617800702552039,0.288108260299837,0.643,0.667,1
"Spats2l",0.621440925882971,0.262143265176469,0.286,0.25,1
"Arhgap21",0.621440925882971,0.32823773101116,0.286,0.25,1
"Caap1",0.621440925882971,0.471137916596755,0.286,0.25,1
"Zfp933",0.621440925882971,-0.254643301677739,0.214,0.333,1
"Tcaf1",0.621440925882971,0.375386272683695,0.286,0.25,1
"Gt(ROSA)26Sor",0.621440925882971,0.46199683391634,0.286,0.25,1
"ENSMUSG00000121085",0.621440925882971,-0.270376643802963,0.214,0.333,1
"Amn1",0.621440925882971,0.339196319739494,0.286,0.25,1
"Acat1",0.621440925882971,-0.375393046381892,0.214,0.333,1
"Larp1",0.621440925882971,-0.314557125615002,0.214,0.333,1
"Ifi27",0.621440925882971,-0.36822591971124,0.214,0.333,1
"Acot13",0.621440925882971,0.344580388099168,0.286,0.25,1
"Sugt1",0.621440925882971,0.499141051273411,0.286,0.25,1
"Apc",0.621749066431239,0.299389121437992,0.786,0.667,1
"Syngr1",0.625856234350882,-0.376144248049475,0.214,0.25,1
"Tmem243",0.626011211338517,-0.348892095506693,0.5,0.583,1
"Tnrc6c",0.626011211338517,-0.319442375573816,0.5,0.583,1
"Add3",0.626011211338517,-0.316123418062652,0.5,0.583,1
"Gm15398",0.626821058575193,-0.78248234327623,0.357,0.5,1
"Pcnx",0.626821058575193,-0.62856173941662,0.357,0.5,1
"Acbd6",0.627070904704189,0.313413383562787,0.214,0.167,1
"Tubb4b",0.627070904704189,0.275502405785056,0.214,0.167,1
"Gm13684",0.627070904704189,0.482120086630146,0.214,0.167,1
"Mtln",0.627070904704189,0.398909610829261,0.214,0.167,1
"Dstn",0.627070904704189,0.383649126579973,0.214,0.167,1
"Mef2d",0.627070904704189,0.279037501230375,0.214,0.167,1
"AW047730",0.627070904704189,0.444831771690835,0.214,0.167,1
"Gm43462",0.627070904704189,0.264614792203724,0.214,0.167,1
"Ampd2",0.627070904704189,0.260067583107261,0.214,0.167,1
"Amy1",0.627070904704189,0.692212072080653,0.214,0.167,1
"Dnajb14",0.627070904704189,0.603565604479223,0.214,0.167,1
"Rnf38",0.627070904704189,0.475888773023249,0.214,0.167,1
"Dvl1",0.627070904704189,0.385326822146896,0.214,0.167,1
"Ube2j2",0.627070904704189,0.29713178380386,0.214,0.167,1
"Gm26954",0.627070904704189,0.533692688079172,0.214,0.167,1
"Gm38562",0.627070904704189,0.677832992764326,0.214,0.167,1
"Zfp932",0.627070904704189,0.442844459275415,0.214,0.167,1
"Triap1",0.627070904704189,0.42501777031956,0.214,0.167,1
"Orai1",0.627070904704189,0.289606536184767,0.214,0.167,1
"Tax1bp1",0.627070904704189,0.550874851367253,0.214,0.167,1
"Cct7",0.627070904704189,0.286663845446661,0.214,0.167,1
"Marchf8",0.627070904704189,0.53415192110264,0.214,0.167,1
"Hdhd5",0.627070904704189,0.274975522841969,0.214,0.167,1
"Actn4",0.627070904704189,0.319076440115229,0.214,0.167,1
"Rpl18",0.627070904704189,0.324678972309193,0.214,0.167,1
"Gas6",0.627070904704189,0.255737202815062,0.214,0.167,1
"Sgk1",0.627070904704189,0.507681133716321,0.214,0.167,1
"Mbd3",0.627070904704189,0.347456660944675,0.214,0.167,1
"Ctdsp2",0.627070904704189,0.268007716411584,0.214,0.167,1
"Ogdh",0.627070904704189,0.415454678306414,0.214,0.167,1
"6330403K07Rik",0.627070904704189,0.449724698736653,0.214,0.167,1
"Tmem100",0.627070904704189,0.310670593847146,0.214,0.167,1
"Stat5b",0.627070904704189,0.295140261501986,0.214,0.167,1
"Lin52",0.627070904704189,0.263736892384648,0.214,0.167,1
"Dlst",0.627070904704189,0.684595749310534,0.214,0.167,1
"Serpinb6a",0.627070904704189,0.310443847751721,0.214,0.167,1
"Eef1akmt1",0.627070904704189,0.306416352697537,0.214,0.167,1
"Has2os",0.627070904704189,0.31790253071807,0.214,0.167,1
"Spats2",0.627070904704189,0.351697429643276,0.214,0.167,1
"Hmox2",0.627070904704189,0.350365808204411,0.214,0.167,1
"Poglut1",0.627070904704189,0.290479021078091,0.214,0.167,1
"Ddx39b",0.627070904704189,0.491188789990751,0.214,0.167,1
"Zfp36l2",0.627070904704189,0.364074274312493,0.214,0.167,1
"Rnf14",0.627070904704189,0.684645612828481,0.214,0.167,1
"Zc3h12b",0.627070904704189,0.307350584918137,0.214,0.167,1
"Otud7a",0.633685307030363,0.262125054243971,0.643,0.583,1
"Esrrg",0.637119228533713,-0.521795647519127,0.286,0.333,1
"Npepps",0.637119228533713,-0.402910364503071,0.286,0.333,1
"Map2k5",0.638586145570358,-0.34412589408671,0.357,0.417,1
"Pten",0.638586145570358,-0.318885004517536,0.357,0.417,1
"Adam22",0.640334984651749,0.452885783247648,0.571,0.417,1
"Nfib",0.642860272453454,-0.304129894140868,0.786,0.917,1
"Sox5",0.643372108352965,-0.328667290358205,0.929,0.917,1
"Ptprm",0.645319695819061,0.291619250946715,0.571,0.5,1
"Atp2a2",0.649379790016411,-0.25251143244871,0.5,0.667,1
"Grik5",0.649379790016411,-0.377220542927805,0.571,0.583,1
"Syt1",0.649379790016411,-0.263526449321987,0.5,0.667,1
"Srek1",0.649379790016411,-0.495940722122693,0.571,0.583,1
"Nim1k",0.649379790016411,-0.277738490004391,0.571,0.583,1
"Nr6a1",0.64961496971553,0.536310713552418,0.357,0.333,1
"Rbms1",0.64961496971553,0.504769243213917,0.357,0.333,1
"Maco1",0.64961496971553,0.30378459752291,0.357,0.333,1
"Ankib1",0.64961496971553,0.475959126909867,0.357,0.333,1
"Tom1l2",0.64961496971553,0.364645030392882,0.357,0.333,1
"H3f3b",0.64961496971553,0.338585539643201,0.357,0.333,1
"Tbc1d23",0.64961496971553,0.325301787878653,0.357,0.333,1
"A630089N07Rik",0.64961496971553,0.467392565573721,0.357,0.333,1
"Rcan2",0.64961496971553,-0.290096755193773,0.286,0.417,1
"Fyn",0.652658955458852,-0.598590890670646,0.714,0.5,1
"Dgki",0.659733081876355,0.296983345513276,0.357,0.25,1
"Safb",0.659733081876355,0.456380983709149,0.357,0.25,1
"Tanc2",0.661428267047456,-0.47529223448457,1,0.667,1
"ENSMUSG00000120164",0.664870290995179,-0.299462407765184,0.5,0.583,1
"Kdm5b",0.667919318370303,-0.408768976932708,0.357,0.5,1
"Eef1a1",0.667919318370303,0.292259399175052,0.429,0.417,1
"St6gal1",0.667919318370303,0.329229254507406,0.429,0.417,1
"Supt3",0.667919318370303,0.261002632644513,0.429,0.417,1
"Rsbn1",0.668674429301728,0.412642661345847,0.286,0.25,1
"Wls",0.668674429301728,0.49545262578264,0.286,0.25,1
"ENSMUSG00000121179",0.668674429301728,-0.276672300746444,0.214,0.333,1
"Ppp2r2d",0.668674429301728,0.614115031336871,0.286,0.25,1
"Gm31224",0.668674429301728,0.353565058339745,0.286,0.25,1
"Zfhx3",0.668674429301728,0.622694731948849,0.286,0.25,1
"Itga9",0.668674429301728,-0.681279145834892,0.214,0.333,1
"Cdc40",0.668674429301728,0.294442702881658,0.286,0.25,1
"Syn3",0.668674429301728,0.452596730588164,0.286,0.25,1
"Ppp4r3b",0.668674429301728,0.511935042569744,0.286,0.25,1
"Rack1",0.668674429301728,0.313297411001092,0.286,0.25,1
"Ap3m1",0.668674429301728,0.357350990727779,0.286,0.25,1
"Dab2",0.668674429301728,0.290496772071798,0.286,0.25,1
"Srsf3",0.668674429301728,-0.391612544254556,0.214,0.333,1
"Marchf3",0.668674429301728,0.273722725817941,0.286,0.25,1
"Xkr6",0.671860024196805,-0.273301006308748,0.643,0.583,1
"Brinp2",0.676009277245261,-0.403557963778244,0.214,0.25,1
"Nsun6",0.676009277245261,-0.419566368325533,0.214,0.25,1
"Lats1",0.676009277245261,-0.263191470947556,0.214,0.25,1
"Zfp438",0.676009277245261,-0.450066652738498,0.214,0.25,1
"Cacnb4",0.67665656603636,0.287627341497767,0.143,0.083,1
"Sp3os",0.67665656603636,0.275699068660786,0.143,0.083,1
"B4galt5",0.67665656603636,0.259058327286501,0.143,0.083,1
"Gm14296",0.67665656603636,0.289917757579633,0.143,0.083,1
"Ss18l1",0.67665656603636,0.277032512883362,0.143,0.083,1
"Nhlrc3",0.67665656603636,0.288123629125193,0.143,0.083,1
"Rbm15",0.67665656603636,0.253966260727901,0.143,0.083,1
"Selenof",0.67665656603636,0.259276769632263,0.143,0.083,1
"Spata1",0.67665656603636,0.382033492174456,0.143,0.083,1
"Casp8ap2",0.67665656603636,0.285504558788087,0.143,0.083,1
"Usp48",0.67665656603636,0.39566240413951,0.143,0.083,1
"Paxip1",0.67665656603636,0.259411775997065,0.143,0.083,1
"Smurf1",0.67665656603636,0.252813317634109,0.143,0.083,1
"C87436",0.67665656603636,0.260015927017699,0.143,0.083,1
"Camk1",0.67665656603636,0.403075153381155,0.143,0.083,1
"Atg7",0.67665656603636,0.458140075933324,0.143,0.083,1
"Phc1",0.67665656603636,0.297643140829058,0.143,0.083,1
"Gm44639",0.67665656603636,0.260235865172748,0.143,0.083,1
"Coq7",0.67665656603636,0.301842061536172,0.143,0.083,1
"Sorbs2os",0.67665656603636,0.285717063540726,0.143,0.083,1
"Aga",0.67665656603636,0.254638563901566,0.143,0.083,1
"Fbxo8",0.67665656603636,0.397987370716979,0.143,0.083,1
"1700030K09Rik",0.67665656603636,0.420042389204743,0.143,0.083,1
"Fa2h",0.67665656603636,0.349449635699202,0.143,0.083,1
"Gm42047",0.67665656603636,0.385877452351141,0.143,0.083,1
"Tubb3",0.67665656603636,0.257463690312364,0.143,0.083,1
"Egln1",0.67665656603636,0.363405337838116,0.143,0.083,1
"Bckdhb",0.67665656603636,0.456796693322613,0.143,0.083,1
"Zic1",0.67665656603636,0.389803780748455,0.143,0.083,1
"Fuca2",0.67665656603636,0.36990892987518,0.143,0.083,1
"Rspo3",0.67665656603636,0.289917757579633,0.143,0.083,1
"Smpdl3a",0.67665656603636,0.285504558788087,0.143,0.083,1
"Dynll2",0.67665656603636,0.500435491523555,0.143,0.083,1
"ENSMUSG00000121307",0.67665656603636,0.259782066033302,0.143,0.083,1
"Uqcrfs1",0.67665656603636,0.382886993265666,0.143,0.083,1
"Ccdc66",0.67665656603636,0.25140306666656,0.143,0.083,1
"Ubxn7",0.67665656603636,0.329274246939734,0.143,0.083,1
"Usf3",0.67665656603636,0.290481966192929,0.143,0.083,1
"Zfp160",0.67665656603636,0.255242714922201,0.143,0.083,1
"Phf1",0.67665656603636,0.264170083597924,0.143,0.083,1
"Eif2ak2",0.67665656603636,0.279322928965227,0.143,0.083,1
"Asxl3",0.67665656603636,0.458376241941554,0.143,0.083,1
"Zfp182",0.67665656603636,0.47698958240336,0.143,0.083,1
"Hprt",0.67665656603636,0.306852442246827,0.143,0.083,1
"Nsdhl",0.67665656603636,0.360747918283228,0.143,0.083,1
"Bhlhb9",0.67665656603636,0.250632350253624,0.143,0.083,1
"Usp8",0.680994100670482,0.293342112796945,0.214,0.167,1
"Bcl9",0.680994100670482,0.321274628650365,0.214,0.167,1
"Ak5",0.680994100670482,0.258526283208863,0.214,0.167,1
"Dnajc11",0.680994100670482,0.266864201674296,0.214,0.167,1
"Sema3e",0.680994100670482,0.554773499679616,0.214,0.167,1
"Whamm",0.680994100670482,0.339255389377871,0.214,0.167,1
"Irf2",0.680994100670482,0.267721143416119,0.214,0.167,1
"Trpc1",0.680994100670482,0.348198622287113,0.214,0.167,1
"Fabp7",0.680994100670482,0.482653693532233,0.214,0.167,1
"ENSMUSG00000120795",0.680994100670482,0.38660483118944,0.214,0.167,1
"Xbp1",0.680994100670482,-0.254759915925195,0.143,0.25,1
"Arhgap44",0.680994100670482,0.69931675036083,0.214,0.167,1
"Med31",0.680994100670482,0.307467302471767,0.214,0.167,1
"Heatr5a",0.680994100670482,0.347168534642893,0.214,0.167,1
"Kcnk10",0.680994100670482,0.475297503562352,0.214,0.167,1
"Map3k1",0.680994100670482,0.449698288794715,0.214,0.167,1
"Mrpl57",0.680994100670482,0.280241041827469,0.214,0.167,1
"Ppara",0.680994100670482,0.259067945827334,0.214,0.167,1
"Mgrn1",0.680994100670482,0.320426088719016,0.214,0.167,1
"Gm15738",0.680994100670482,0.457790567879696,0.214,0.167,1
"Rubcn",0.680994100670482,0.436100965515911,0.214,0.167,1
"Nxf1",0.680994100670482,0.257039121554442,0.214,0.167,1
"Dnmbp",0.680994100670482,0.28973086366562,0.214,0.167,1
"Dock11",0.680994100670482,0.286133128759749,0.214,0.167,1
"Enox2",0.680994100670482,0.455854004063932,0.214,0.167,1
"2810403D21Rik",0.680994100670482,0.343325010237782,0.214,0.167,1
"Elf2",0.68109676546705,-0.55411970901036,0.357,0.417,1
"Sumo2",0.68109676546705,-0.309622388931498,0.357,0.417,1
"Gmds",0.68109676546705,-0.355619438732916,0.357,0.417,1
"Tra2b",0.68109676546705,-0.453247072314643,0.357,0.417,1
"Uhrf2",0.68109676546705,-0.369208096822095,0.357,0.417,1
"Tmod2",0.682662204709753,-0.279032516994866,0.286,0.333,1
"Ddx42",0.682662204709753,-0.344680555132676,0.286,0.333,1
"Epas1",0.682662204709753,-0.307290194548684,0.286,0.333,1
"Abhd3",0.682662204709753,-0.266017476851427,0.286,0.333,1
"Chka",0.682662204709753,-0.7050031303783,0.286,0.333,1
"Iqsec2",0.682662204709753,-0.295824930655751,0.286,0.333,1
"Upp2",0.688317940674621,0.282923734432483,0.643,0.5,1
"Camk2d",0.688317940674621,-0.328841765744084,0.5,0.667,1
"Zfand6",0.688317940674621,-0.279252479240921,0.5,0.667,1
"Hspe1",0.693784677357986,-0.466594486918863,0.357,0.333,1
"Ptprn",0.693784677357986,0.543305832582038,0.357,0.333,1
"Pum1",0.693784677357986,0.390153244310089,0.357,0.333,1
"Tln2",0.693784677357986,0.293630485400791,0.357,0.333,1
"Cacna1d",0.693784677357986,0.44520660981655,0.357,0.333,1
"Stk38",0.693784677357986,0.293195730350683,0.357,0.333,1
"Wac",0.693784677357986,-0.282139860661061,0.429,0.25,1
"Pnpla8",0.702749053965284,0.343933346492448,0.429,0.333,1
"Leng8",0.710038299775259,-0.252422551183338,0.357,0.5,1
"U2surp",0.710038299775259,-0.305395155349609,0.5,0.333,1
"Atrx",0.714868777748709,0.372046609876101,0.643,0.75,1
"Sec61a2",0.715995338516444,-0.343999056030865,0.429,0.5,1
"Slc22a17",0.715995338516444,-0.253321172594044,0.429,0.5,1
"Arhgap12",0.715995338516444,0.483056877045513,0.429,0.5,1
"Slc30a9",0.717257309958617,0.387738047827178,0.286,0.25,1
"Me1",0.717257309958617,0.258013260968713,0.286,0.25,1
"Cert1",0.717257309958617,0.318872562621716,0.286,0.25,1
"4930570B17Rik",0.717257309958617,0.306428856207921,0.214,0.333,1
"Taf1",0.717257309958617,0.302854256669106,0.286,0.25,1
"Limch1",0.720871795475889,0.356770756187253,0.5,0.5,1
"Ate1",0.720871795475889,0.368619078587175,0.5,0.5,1
"Gabrb3",0.724645240506241,0.654057227996439,0.357,0.417,1
"Sobp",0.724645240506241,-0.33157510006091,0.357,0.417,1
"Atrn",0.727643064208992,-0.256031669301061,0.214,0.25,1
"Rsbn1l",0.727643064208992,-0.335272203294344,0.214,0.25,1
"Gm44257",0.727643064208992,-0.349153328927826,0.214,0.25,1
"Suz12",0.727643064208992,-0.43679410447186,0.214,0.25,1
"C1ql1",0.727643064208992,-0.498106944143225,0.214,0.25,1
"Mark3",0.727643064208992,-0.439842961376082,0.214,0.25,1
"Tubb2a",0.727643064208992,-0.370420657931447,0.214,0.25,1
"Vps13a",0.727643064208992,-0.277831565868215,0.214,0.25,1
"Ccdc50",0.728100331395747,0.332652813662987,0.429,0.75,1
"Gpr45",0.729391088239497,-0.44976777967501,0.286,0.333,1
"Pbx3",0.729391088239497,-0.462761781059233,0.286,0.333,1
"Cc2d2a",0.729391088239497,-0.272898716489842,0.286,0.333,1
"Arf5",0.729391088239497,-0.456390458674633,0.286,0.333,1
"Clybl",0.732802213354967,-0.316243335205821,0.571,0.75,1
"Lrrfip1",0.736599223326857,0.29517024746223,0.214,0.167,1
"Vps4b",0.736599223326857,0.267681643957427,0.214,0.167,1
"Hps4",0.736599223326857,0.255904110410795,0.214,0.167,1
"Vgll4",0.736599223326857,0.261328271905417,0.214,0.167,1
"Snrpd2",0.736599223326857,0.261092934220816,0.214,0.167,1
"Hps5",0.736599223326857,0.266276946865705,0.214,0.167,1
"Senp3",0.736599223326857,0.313383258060685,0.214,0.167,1
"Ankfy1",0.736599223326857,0.320077116444565,0.214,0.167,1
"Wdr37",0.736599223326857,0.290836413948256,0.214,0.167,1
"Cmtm5",0.736599223326857,0.286227686888137,0.214,0.167,1
"Elp3",0.736599223326857,0.287286424634741,0.214,0.167,1
"Dzip1",0.736599223326857,0.333460640615679,0.214,0.167,1
"Cdh6",0.736599223326857,0.350570451336141,0.214,0.167,1
"Atp6v1c1",0.736599223326857,0.484853547938738,0.214,0.167,1
"Gm20732",0.736599223326857,0.342276291449888,0.214,0.167,1
"Sec11c",0.736599223326857,0.27581413684927,0.214,0.167,1
"Cpsf7",0.736599223326857,0.291143848764149,0.214,0.167,1
"Bcan",0.736612766397116,0.294963617028192,0.714,0.833,1
"Ttyh3",0.739020121981919,0.287515102368076,0.357,0.333,1
"Rnf180",0.739020121981919,0.411890405699014,0.357,0.333,1
"Dpysl2",0.739020121981919,-0.390824059925927,0.286,0.417,1
"Arl6ip1",0.745257391494743,-0.267624354311335,0.5,0.583,1
"9530026P05Rik",0.74566810443375,-0.278197516687452,0.143,0.083,1
"Akt2",0.74566810443375,-0.266665156206193,0.143,0.083,1
"Rab18",0.74566810443375,-0.257283756972977,0.143,0.083,1
"Gbf1",0.746769001469631,0.297882140279481,0.429,0.333,1
"Zfr",0.750714436996148,-0.522703924370467,0.643,0.583,1
"Smap1",0.75306239005498,-0.289647887397174,0.357,0.5,1
"Sez6l",0.75306239005498,-0.427041669047001,0.429,0.417,1
"Grb14",0.767012037121059,0.502927160979802,0.214,0.333,1
"Cdc14a",0.767012037121059,0.468963945711485,0.286,0.25,1
"Plekha5",0.767012037121059,0.682538290994908,0.286,0.25,1
"Arhgef28",0.767012037121059,0.256614331640078,0.286,0.25,1
"Adgrb1",0.767012037121059,0.31570836040532,0.286,0.25,1
"Hunk",0.767012037121059,0.381425318584035,0.214,0.333,1
"Ptchd4",0.767012037121059,0.340274619602121,0.286,0.25,1
"Oga",0.767012037121059,0.429633863788916,0.286,0.25,1
"Itfg1",0.769103449535001,0.534694763820397,0.357,0.417,1
"Pde7b",0.774080839235874,-0.525375869855673,0.714,0.667,1
"Slc41a1",0.774415587762104,-0.52630329267169,0.143,0.167,1
"Mpzl1",0.774415587762104,-0.402329956463946,0.143,0.167,1
"Cacfd1",0.774415587762104,-0.266666658374037,0.143,0.167,1
"Ndufa8",0.774415587762104,-0.563808407182514,0.143,0.167,1
"Zfp106",0.774415587762104,-0.416985122848072,0.143,0.167,1
"Mfap1b",0.774415587762104,-0.251831528416558,0.143,0.167,1
"Shroom3",0.774415587762104,-0.72496339903727,0.143,0.167,1
"Cit",0.774415587762104,-0.324084085963462,0.143,0.167,1
"Snrnp27",0.774415587762104,-0.281339295107246,0.143,0.167,1
"Rnf214",0.774415587762104,-0.392520451876238,0.143,0.167,1
"Sh3rf3",0.774415587762104,-0.379434291677674,0.143,0.167,1
"Kif1c",0.774415587762104,-0.4384804625429,0.143,0.167,1
"Gm17750",0.774415587762104,-0.363473337699023,0.143,0.167,1
"Diaph3",0.774415587762104,-0.536145123852579,0.143,0.167,1
"Gm32618",0.774415587762104,-0.267999560101572,0.143,0.167,1
"Tango2",0.774415587762104,-0.472082247418379,0.143,0.167,1
"Pigp",0.774415587762104,-0.421711501893753,0.143,0.167,1
"Cyp4f13",0.774415587762104,-0.300827581568858,0.143,0.167,1
"Rpl10",0.774415587762104,-0.494974959738548,0.143,0.167,1
"Cdh10",0.776889934493513,0.279108535697076,0.857,0.833,1
"Galnt3",0.777147519314877,-0.250626802887805,0.286,0.333,1
"Gm12239",0.777147519314877,-0.416451740654838,0.286,0.333,1
"Rhot1",0.777147519314877,-0.333479903866309,0.286,0.333,1
"Grik1",0.779586037486039,0.533736250234911,0.5,0.417,1
"Ralgds",0.780544146131087,-0.285520801013655,0.214,0.25,1
"Thoc2l",0.780544146131087,-0.502517151045182,0.214,0.25,1
"Anp32a",0.780544146131087,-0.370295409216881,0.214,0.25,1
"9630013A20Rik",0.780544146131087,-0.34222640298546,0.214,0.25,1
"Slc38a2",0.780544146131087,-0.309704540636341,0.214,0.25,1
"Tmem44",0.780544146131087,-0.378717949043137,0.214,0.25,1
"Tubb4a",0.780544146131087,-0.723279842158151,0.214,0.25,1
"Itgb1",0.785177403951504,0.45464548093082,0.357,0.333,1
"Eml6",0.785177403951504,0.276659705263751,0.357,0.333,1
"Kcnt2",0.793619415476414,0.407200922359189,0.214,0.167,1
"ENSMUSG00000120522",0.793619415476414,0.265550698530236,0.214,0.167,1
"Glmn",0.793619415476414,0.273181597621348,0.214,0.167,1
"Tmem126a",0.793619415476414,0.26116926195078,0.214,0.167,1
"Hdac7",0.793619415476414,0.262440936117575,0.214,0.167,1
"Rpl24",0.793619415476414,0.298724571340672,0.214,0.167,1
"Atad2b",0.79686751691318,0.276141834723386,0.429,0.417,1
"Fgf1",0.801139473000695,-0.360403939601972,0.429,0.5,1
"Kcnip4",0.804631704809801,0.274757708163301,0.5,0.5,1
"Gm35552",0.804631704809801,0.270155604627039,0.5,0.5,1
"2610035D17Rik",0.809800601730739,0.421596138998961,0.571,0.583,1
"Calcrl",0.814334270782482,-0.394892699487963,0.357,0.417,1
"Egfem1",0.814334270782482,0.521762613379549,0.357,0.417,1
"4932443L11Rik",0.814334270782482,0.430981498293036,0.357,0.417,1
"Gphn",0.816930580055942,0.250501802016477,1,0.833,1
"Riok1",0.825761455289347,-0.272963392628356,0.286,0.333,1
"Rps4x",0.825761455289347,-0.335929064965183,0.286,0.333,1
"Golm2",0.832102872231911,0.292828577442059,0.357,0.333,1
"Gm26512",0.832102872231911,0.387989694264071,0.357,0.333,1
"Pi4ka",0.832102872231911,-0.394378873425886,0.357,0.333,1
"Brwd1",0.832102872231911,-0.338007531173697,0.357,0.333,1
"Kdm4b",0.832102872231911,0.320567684842983,0.357,0.333,1
"Sik2",0.834481422788781,-0.32840348511431,0.214,0.25,1
"Coro2b",0.834481422788781,-0.399963673508368,0.214,0.25,1
"Slc12a2",0.834481422788781,-0.30542055647108,0.214,0.25,1
"Frrs1l",0.837793152560077,-0.371502433807554,0.143,0.167,1
"Dennd4c",0.837793152560077,-0.265583221944587,0.143,0.167,1
"Smim14",0.837793152560077,-0.292015048763033,0.143,0.167,1
"Sem1",0.837793152560077,-0.2534736093076,0.143,0.167,1
"Rgma",0.837793152560077,-0.597143732845696,0.143,0.167,1
"Atmin",0.837793152560077,-0.257869528983921,0.143,0.167,1
"Usp10",0.837793152560077,-0.317134069498362,0.143,0.167,1
"Pex7",0.837793152560077,-0.256254252879411,0.143,0.167,1
"Micu1",0.837793152560077,-0.707745781566725,0.143,0.167,1
"Eif4ebp2",0.837793152560077,-0.277267442031332,0.143,0.167,1
"Rreb1",0.837793152560077,-0.467547611304806,0.143,0.167,1
"Selenok",0.837793152560077,-0.29102297106691,0.143,0.167,1
"Sh3bp5",0.837793152560077,-0.369663576351127,0.143,0.167,1
"Mapk8",0.837793152560077,-0.305570245962288,0.143,0.167,1
"Aldh7a1",0.837793152560077,-0.289033186782722,0.143,0.167,1
"Tceal9",0.837793152560077,-0.493185460388968,0.143,0.167,1
"Sorbs2",0.841322208168105,0.301088501361687,0.429,0.417,1
"Pcmtd2",0.844687672165054,0.331245696594363,0.429,0.5,1
"Slc7a2",0.844687672165054,-0.275617046182704,0.429,0.5,1
"Kcnk2",0.84743748974831,0.554484842507334,0.429,0.583,1
"Rap1gds1",0.84743748974831,-0.327813488570351,0.5,0.5,1
"Cntn3",0.851765067470131,-0.255396157876589,0.214,0.167,1
"Itch",0.852975291893507,0.402173286571746,0.571,0.667,1
"Cacng4",0.855764017704604,-0.454199760765905,0.786,0.667,1
"Trip12",0.860192837928657,-0.326375288153933,0.357,0.417,1
"Prnp",0.860192837928657,-0.26315317924967,0.357,0.417,1
"Myt1",0.860192837928657,-0.265820828881445,0.357,0.417,1
"Rbks",0.869256413837304,0.259278868368172,0.286,0.25,1
"Kiz",0.875052970404922,0.446740691580458,0.286,0.333,1
"2210408F21Rik",0.875052970404922,0.361191907701916,0.286,0.333,1
"Tpm1",0.879634646765152,0.27203487597549,0.286,0.417,1
"Ranbp3l",0.879634646765152,0.27070292406123,0.357,0.333,1
"Hnrnpa3",0.886288768100877,0.347893214729957,0.357,0.5,1
"Armc9",0.889209143375854,0.257959466042484,0.214,0.25,1
"Ugt8a",0.889209143375854,-0.250108496481908,0.214,0.25,1
"Agpat5",0.889209143375854,-0.257109142159572,0.214,0.25,1
"Dynlt3",0.889209143375854,-0.350744918048189,0.214,0.25,1
"Arhgef26",0.892315665475922,-0.286832200150208,0.571,0.5,1
"Daam2",0.893629579397207,0.315866024198689,0.5,0.667,1
"Atp5o",0.894688524333774,0.263304344394403,0.571,0.667,1
"Sparcl1",0.897510765665189,0.26084463065648,0.857,0.833,1
"Gm14212",0.902241507467566,-0.256372249188414,0.143,0.167,1
"Rnf220",0.902241507467566,-0.30979164806608,0.143,0.167,1
"Gmeb1",0.902241507467566,-0.344519398889879,0.143,0.167,1
"3110082I17Rik",0.902241507467566,-0.29223169229193,0.143,0.167,1
"Arpc1a",0.902241507467566,-0.499616395101451,0.143,0.167,1
"Hpgds",0.902241507467566,-0.325462435088766,0.143,0.167,1
"Ndrg4",0.902241507467566,-0.364681236167467,0.143,0.167,1
"Ccdc85a",0.902241507467566,-0.498990050524926,0.143,0.167,1
"Chd3",0.902241507467566,-0.604419464955742,0.143,0.167,1
"Slc35b1",0.902241507467566,-0.258571506787453,0.143,0.167,1
"Coa3",0.902241507467566,-0.476313760895798,0.143,0.167,1
"Rimoc1",0.902241507467566,-0.384182554319225,0.143,0.167,1
"Tmem132b",0.906527925367691,0.36513455959745,0.357,0.417,1
"Reck",0.910728194496856,-0.290967819972938,0.214,0.167,1
"Abtb2",0.910868272164642,-0.479273115202577,0.5,0.417,1
"C1qtnf4",0.921327365492009,-0.344332726746331,0.286,0.25,1
"Ythdf3",0.921327365492009,0.269247704493565,0.286,0.25,1
"Cpt1c",0.921327365492009,-0.629211865776635,0.286,0.25,1
"Fgfr3",0.924834245064576,0.250819929250646,0.286,0.333,1
"Scfd2",0.924834245064576,0.312578926651906,0.286,0.333,1
"Xpo1",0.924834245064576,-0.257436379069475,0.286,0.333,1
"Rap1gap",0.927604287552725,0.301922705853054,0.357,0.333,1
"Csrp1",0.931624553058382,0.27314058487537,0.357,0.5,1
"Abhd12",0.931624553058382,0.32582529609064,0.429,0.417,1
"Arpp21",0.931624553058382,-0.297091602077618,0.429,0.417,1
"Ccser2",0.934286937944842,-0.28301250923471,0.571,0.417,1
"Pdcd4",0.934286937944842,-0.306995440340333,0.5,0.5,1
"Rrbp1",0.944470251629064,0.440061862403673,0.214,0.25,1
"Tbc1d19",0.944470251629064,0.250924168341574,0.214,0.25,1
"Fis1",0.944470251629064,0.297721695260821,0.214,0.25,1
"Pfkfb4",0.944470251629064,0.303048222548002,0.214,0.25,1
"Fam98a",0.944470251629064,-0.252925195100316,0.214,0.25,1
"Fhod3",0.944470251629064,0.28418708553902,0.214,0.25,1
"Vps13b",0.95318344070516,0.351957809230003,0.357,0.417,1
"Mib1",0.95318344070516,-0.303370517669202,0.357,0.417,1
"Pura",0.95318344070516,0.290436947963364,0.357,0.417,1
"Dab1",0.957772083107742,-0.280612148612333,0.643,0.583,1
"3300002I08Rik",0.96734100088359,0.279057531358111,0.143,0.167,1
"1700111E14Rik",0.96734100088359,0.3601959909744,0.143,0.167,1
"Grin1",0.970187312871254,-0.301261599205492,0.214,0.167,1
"Tshz2",0.970187312871254,-0.318155675645024,0.214,0.167,1
"Galnt10",0.970187312871254,-0.276272006572461,0.214,0.167,1
"Tmem196",0.970187312871254,-0.322877825237293,0.214,0.167,1
"Lmtk2",0.973737893940688,-0.301169254113949,0.286,0.25,1
"Mxi1",0.973737893940688,-0.304729489984019,0.286,0.25,1
"Ptprn2",0.974911708162695,0.314559464154971,0.286,0.333,1
"Kif21a",0.974911708162695,0.44115768181202,0.286,0.333,1
"A930015D03Rik",0.974911708162695,0.419912349429678,0.286,0.333,1
"Ppp2r5a",0.9758385818775,-0.268315798395254,0.357,0.333,1
"Cacna2d3",0.9758385818775,0.436250327645532,0.286,0.417,1
"Prkce",0.97718332667937,-0.389410128277163,0.429,0.417,1
"Sdk1",0.977673433659386,0.382055045421016,0.429,0.5,1
"Arhgap26.1",0.977673433659386,0.294884539036112,0.429,0.5,1
"Ctnna3",0.979283660348902,0.417380839250151,0.643,0.833,1
"Arhgef4",1,0.362750453204237,0.357,0.417,1
"Creb1",1,-0.405161125086783,0.286,0.25,1
"Neu4",1,0.292478325341584,0.214,0.25,1
"Ddrgk1",1,0.49627397766972,0.143,0.167,1
"Decr1",1,0.290415645633499,0.143,0.167,1
"Zfp292",1,-0.267983299768982,0.286,0.25,1
"Fam219a",1,0.275487582945331,0.286,0.333,1
"Vkorc1l1",1,0.319037507589788,0.143,0.167,1
"Psma1",1,0.412272092946268,0.143,0.167,1
"4933406I18Rik",1,0.31519105390968,0.214,0.25,1
"Bmper",1,0.468014590701284,0.143,0.167,1
"Clk4",1,-0.267714536628391,0.5,0.583,1
"Hint1",1,-0.325025577650455,0.286,0.25,1
"Tlcd1",1,0.542684814954922,0.286,0.333,1
"Acp1",1,0.291103570239178,0.357,0.417,1
"Sel1l",1,0.268153886476989,0.143,0.167,1
"Fam120a",1,0.347620155002319,0.143,0.167,1
"St13",1,0.305208303018385,0.214,0.25,1
"Polr2h",1,0.274947360657249,0.143,0.167,1
"Scaf8",1,0.311446188946986,0.286,0.333,1
"Svil",1,0.560815847515156,0.214,0.25,1
"Fibp",1,0.279371214542411,0.214,0.25,1
