"","p_val","avg_log2FC","pct.1","pct.2","p_val_adj"
"Gm37045",1.27945347334492e-12,0.449722382959699,0.231,0,4.46107042551173e-08
"Zfp57",5.15631321191391e-11,0.730096752074985,0.308,0.009,1.79785172759802e-06
"Hapln1",7.81159578983775e-11,0.630484897769344,0.308,0.009,2.72366910404273e-06
"Sh2d4b",1.32409980376381e-09,0.515501803224305,0.231,0.005,4.61673878578329e-05
"Fut10",1.48953144562783e-09,0.725208102757262,0.231,0.005,5.19354929147055e-05
"Rnd2",2.37193158763681e-09,0.778246757543666,0.308,0.014,8.27021386661326e-05
"Chrm2",4.70881579245773e-09,1.80540131358015,0.538,0.065,0.000164182280235624
"Gm37902",7.59532035025319e-09,0.414649785289344,0.154,0,0.000264826034652278
"Gm7785",7.59532035025319e-09,0.308016300022953,0.154,0,0.000264826034652278
"Gm38352",7.59532035025319e-09,0.398530686370203,0.154,0,0.000264826034652278
"Slco4a1",7.59532035025319e-09,0.429732862252524,0.154,0,0.000264826034652278
"6430584L05Rik",7.59532035025319e-09,0.405734785079273,0.154,0,0.000264826034652278
"4930435N07Rik",7.59532035025319e-09,0.632928403190795,0.154,0,0.000264826034652278
"Eno3",7.59532035025319e-09,0.410615780346641,0.154,0,0.000264826034652278
"ENSMUSG00000120264",7.59532035025319e-09,0.510964296512137,0.154,0,0.000264826034652278
"Gm9772",7.59532035025319e-09,0.435459006640253,0.154,0,0.000264826034652278
"6330415G19Rik",7.59532035025319e-09,0.629147158786481,0.154,0,0.000264826034652278
"Gm34804",7.59532035025319e-09,0.391811183767032,0.154,0,0.000264826034652278
"Gm36368",3.611311574015e-08,0.671268341390703,0.308,0.018,0.00125915600651181
"ENSMUSG00000120164",7.9906993336917e-08,0.97467124881708,0.462,0.055,0.00278611713667828
"Adamtsl1",1.25502491974685e-07,1.65340865948264,0.462,0.06,0.00437589538768135
"Kcnmb2",4.3814447315494e-07,1.26236815566504,0.462,0.06,0.0152767833454933
"Tpk1",1.02749635006069e-06,0.822403995313393,0.538,0.088,0.0358257152375661
"ENSMUSG00000120334",1.45066526406256e-06,0.481952833328349,0.231,0.014,0.0505803457620692
"Aldh1l2",1.45066526406256e-06,0.612379598787694,0.231,0.014,0.0505803457620692
"Gm38387",1.56796414346417e-06,0.497719384655043,0.231,0.014,0.0546702057901651
"Elfn1",1.76102817813758e-06,0.650564052292077,0.231,0.014,0.061401769487123
"Thrsp",1.83050225829735e-06,0.44209465090903,0.231,0.014,0.0638241222400538
"A930005H10Rik",3.63214503089385e-06,0.848583388735009,0.385,0.051,0.126642000792176
"Mafb",4.07983048293253e-06,0.569764131929074,0.154,0.005,0.142251449448408
"Abcb1b",4.07983048293253e-06,0.31265668189871,0.154,0.005,0.142251449448408
"Mapkapk5",4.07983048293253e-06,0.53685142332866,0.154,0.005,0.142251449448408
"Nlrp5-ps",4.07983048293253e-06,0.539797050358876,0.154,0.005,0.142251449448408
"Tst",4.07983048293253e-06,0.357551155233977,0.154,0.005,0.142251449448408
"Bst2",4.53035329958652e-06,0.424895476086256,0.154,0.005,0.157959828496683
"ENSMUSG00000120772",4.53035329958652e-06,0.495129265276651,0.154,0.005,0.157959828496683
"Ddx11",4.53035329958652e-06,0.262755828788692,0.154,0.005,0.157959828496683
"Dlx1",4.81989415364084e-06,0.719885738102727,0.308,0.032,0.168055249454995
"Caprin2",4.81989415364084e-06,0.588560229447045,0.308,0.032,0.168055249454995
"Gm43848",5.02831825973977e-06,0.301161386994314,0.154,0.005,0.175322372762347
"Morn2",5.78511599319977e-06,0.729451847302516,0.385,0.051,0.201709639334896
"Erbb4",7.80193059046133e-06,2.8318066883113,0.769,0.276,0.272029913897615
"Cables2",7.89429728920835e-06,0.518327675795865,0.308,0.032,0.275250463582827
"Vwc2l",9.33259748189649e-06,1.81356557032617,0.385,0.06,0.325399676401285
"Eid2b",1.10407026875267e-05,0.737379477848768,0.462,0.083,0.384956180605995
"Nynrin",1.16627584562535e-05,0.862927624412779,0.231,0.018,0.406645399094192
"Lypd6b",1.24600787818946e-05,0.607267909192027,0.231,0.018,0.43444556688832
"F8",1.33092523127808e-05,0.492778006752235,0.231,0.018,0.46405370038973
"Tdrd5",1.42134632433233e-05,0.393607300285372,0.231,0.018,0.495580822904955
"Sox1ot",1.51666555141435e-05,0.754854653359572,0.308,0.037,0.528815777811642
"ENSMUSG00000120215",1.51760785161018e-05,0.317716972717415,0.231,0.018,0.529144329620922
"Kifc5b",1.62006574780574e-05,0.540313141936343,0.231,0.018,0.564868324287428
"Kcnip1",1.62081700818463e-05,1.11987358776344,0.538,0.106,0.565130266243734
"Slc26a8",1.72909619952227e-05,0.473040221583148,0.231,0.018,0.60288397188743
"Dlc1",2.57761253923523e-05,1.42333305382675,0.615,0.184,0.898736164055148
"Gm31793",2.75745672824905e-05,0.412469448336773,0.308,0.037,0.961442437438596
"Gm26531",7.46416626425117e-05,0.457318500453641,0.231,0.023,1
"Gm37459",7.47631151748749e-05,0.788686055476396,0.615,0.166,1
"Ccdc120",7.89831012759155e-05,0.363842053743954,0.231,0.023,1
"Frmpd4",8.93388041641393e-05,1.60328968506872,0.923,0.77,1
"Egfr",9.49936713883148e-05,0.477083659686945,0.308,0.041,1
"Kcnip4",9.58774932222734e-05,0.672687955590369,1,0.968,1
"Ccdc141",9.83970875666181e-05,0.908001146183799,0.154,0.009,1
"Junos",9.83970875666181e-05,0.572568996407303,0.154,0.009,1
"Gm38285",9.83970875666181e-05,0.502068691612125,0.154,0.009,1
"Cenpn",9.83970875666181e-05,0.42385287537257,0.154,0.009,1
"Ccdc7b",9.88530316047235e-05,0.285560527562953,0.231,0.023,1
"Ankrd24",0.000100057619270159,0.858195241365769,0.385,0.074,1
"Gm31728",0.000106379998111154,0.29281166245301,0.154,0.009,1
"AA474408",0.000106379998111154,0.264663626150821,0.154,0.009,1
"Grin3a",0.000112491102807749,1.00739720292458,0.462,0.106,1
"Prr16",0.000112552510640894,1.58867853817476,0.692,0.327,1
"A530058N18Rik.1",0.000114971281411228,0.379327800925084,0.154,0.009,1
"Zfp28",0.000114971281411228,0.387329094800133,0.154,0.009,1
"Gm29443",0.000114971281411228,0.264771776779719,0.154,0.009,1
"Pald1",0.000114971281411228,0.293221080276577,0.154,0.009,1
"4930453C13Rik",0.000114971281411228,0.338454089137607,0.154,0.009,1
"Gm30371",0.000114971281411228,0.273296369105916,0.154,0.009,1
"Tox",0.000133134609546208,1.16664196059138,0.538,0.147,1
"Gm37931",0.000134153919045325,0.269210631938915,0.154,0.009,1
"Gm15342",0.000134153919045325,0.296114686767799,0.154,0.009,1
"Ntmt1",0.000134568807277237,0.757689497424817,0.385,0.078,1
"Plcb4",0.000142410902878765,1.45304162084215,0.615,0.198,1
"Prex2",0.000147468954586849,0.748777166466687,0.308,0.046,1
"Pde10a",0.000186412234370181,-1.77355947910671,0.769,0.922,1
"Pop1",0.000198783969893642,0.695225363369031,0.462,0.106,1
"Baiap2",0.000215200119232025,-1.50504049892323,0.154,0.696,1
"Gm40841",0.000216728704527473,1.04563440664451,0.692,0.281,1
"Inpp5e",0.000246338590444566,0.529100088492152,0.231,0.028,1
"Bcl11b",0.000257677435468968,-1.45175198727624,0.154,0.747,1
"Sox2ot",0.000264207640254576,1.91693003050961,0.462,0.12,1
"Mdk",0.000315573740855473,0.500144513891612,0.231,0.028,1
"Hcrtr2",0.000315573740855473,0.553249080445256,0.231,0.028,1
"Osbpl9",0.000316178313832802,1.015696742677,0.846,0.433,1
"Zfpm2",0.000341034191601819,1.87893189595667,0.385,0.092,1
"mt-Rnr1",0.000344484469002202,-1.71318707256992,0.462,0.866,1
"Atp2b1",0.000422957150642806,-1.2474429736664,0.923,0.968,1
"Opcml",0.000425374019885004,0.918795601123042,1,0.922,1
"Lhfpl3",0.000428918628262194,-1.95224055897113,0.231,0.728,1
"Homer1",0.000468174921847252,-1.55677641363137,0.308,0.779,1
"Chadl",0.000469243176137703,0.72473190323936,0.231,0.032,1
"Negr1",0.000477412115724527,-1.01484909289145,0.923,0.972,1
"Camk2b",0.000492836014979412,-1.35345591476536,0.308,0.714,1
"Hsp90ab1",0.000516736691674309,-1.07061171337825,0.615,0.963,1
"Luc7l3",0.000517978730235036,0.982779580048468,0.923,0.548,1
"Runx2os1",0.000523023008500999,0.537873091320999,0.308,0.055,1
"4930533B01Rik",0.000537590907665863,0.591767984421401,0.231,0.032,1
"Rfesd",0.000537590907665863,0.619466428083879,0.231,0.032,1
"Tle4",0.000543809021135461,-1.68001245196843,0.077,0.59,1
"Zfp398",0.000556857929882557,0.850333820256893,0.692,0.276,1
"Gm26782",0.000566983870017285,0.745525124058876,0.385,0.092,1
"Sdk2",0.000579037030209297,0.821523865916086,0.462,0.12,1
"Lbr",0.000588192421894653,0.574671799800488,0.231,0.032,1
"Pde4d",0.00063599131887927,1.1867021679353,0.923,0.654,1
"Gm42973",0.00064319947131669,0.618091895693819,0.231,0.032,1
"Ablim1",0.000648398802455612,1.21116066147358,0.769,0.433,1
"Scn5a",0.000679911791661535,0.630408147300218,0.154,0.014,1
"Cgn",0.000723366516587444,0.387596096344375,0.154,0.014,1
"Rep15",0.000723366516587444,0.488764967104718,0.154,0.014,1
"Zfp433",0.000723366516587444,0.454612235163565,0.154,0.014,1
"Gm32151",0.000723366516587444,0.484419923474422,0.154,0.014,1
"Trpc6",0.000744588357797616,1.37522521007009,0.385,0.088,1
"Cpne9",0.000757480924461694,0.588529194526272,0.308,0.06,1
"Vav2",0.000769389756703159,0.382911734373202,0.154,0.014,1
"A930019D19Rik",0.000769389756703159,0.740342578198354,0.154,0.014,1
"Slc7a11",0.000769389756703159,0.358348762807099,0.154,0.014,1
"Gm26843",0.000769389756703159,0.293082875634726,0.154,0.014,1
"Slco2a1",0.000769389756703159,0.393766240568405,0.154,0.014,1
"Nkiras2",0.000769389756703159,0.429801448052297,0.154,0.014,1
"Mcidas",0.000769389756703159,0.476643641952191,0.154,0.014,1
"Gria4",0.000785029064411666,1.61451042895271,0.923,0.774,1
"Itfg2",0.000789539181218072,0.600449580726983,0.385,0.088,1
"Grin1",0.000790565146467191,0.770643070098302,1,0.751,1
"Gm16091",0.000811152092407124,0.617150834762078,0.308,0.06,1
"Slc66a1",0.000818119267145212,0.451242407679637,0.154,0.014,1
"Gm45165",0.000818119267145212,0.291289901429472,0.154,0.014,1
"Samd5",0.000823476691745485,0.971326200209038,0.538,0.171,1
"Mtus2",0.000830077909400482,0.79287915475226,0.769,0.461,1
"Mns1",0.000837213290620725,0.79947088622257,0.308,0.065,1
"Gm29361",0.00083929148486346,0.574396781997237,0.308,0.06,1
"ENSMUSG00000120037",0.000868334065291218,0.386528914531863,0.308,0.06,1
"Acss2os",0.000869699295735332,0.264737017917858,0.154,0.014,1
"mt-Nd2",0.00088787279058045,-1.59875156127149,0.385,0.765,1
"Ipo8",0.000924700300831248,0.772987144774646,0.538,0.198,1
"Tmem117",0.000959929421114139,1.38891615456787,0.692,0.318,1
"Aplp1",0.000976115655831914,-1.16314276095473,0.308,0.714,1
"Cdk9",0.00100088563631063,0.721941902409582,0.538,0.175,1
"Chst9",0.00102238677784472,1.51443680233154,0.231,0.037,1
"Snhg11",0.00109214900166281,0.573476399149998,1,0.982,1
"Gm7276",0.0011098787678821,0.698003241766517,0.231,0.037,1
"Shisa6",0.00111741840809314,0.61833258630533,0.462,0.124,1
"9430091E24Rik",0.00113649123658138,0.525387276476754,0.308,0.06,1
"Cdkl5",0.0011902600966663,-1.17036933287561,0.231,0.654,1
"Gm27003",0.00120424991266995,0.599874888507464,0.231,0.037,1
"Chrm3",0.00123446702430454,1.09200256186259,0.846,0.401,1
"Ccser1",0.00130670856935407,0.876895499901529,1,0.935,1
"Rasgef1b",0.00132642537528119,-1.29011838970959,0.231,0.7,1
"Calm2",0.00133785880446972,-0.978151423133596,0.692,0.991,1
"Slc22a5",0.0013597763820118,0.84510635860904,0.231,0.037,1
"Shq1",0.00136489087583818,0.604831267921261,0.308,0.065,1
"Farsa",0.0013680798159357,0.614060024073318,0.385,0.101,1
"Xrcc5",0.00145483068958586,0.671952634963008,0.308,0.065,1
"Gm4673",0.00147353727272382,0.534488263173793,0.231,0.037,1
"Stk39",0.00149472697929818,0.985318437366642,0.769,0.392,1
"Gm16060",0.00157086543927997,0.500574302175543,0.385,0.097,1
"Fmn1",0.0015892872387052,0.743536732264351,0.538,0.198,1
"Tmem200a",0.00160365980615502,0.756456851729863,0.385,0.101,1
"Lmo7",0.0016173024237673,-0.936091268766031,0.077,0.627,1
"Snx29",0.00162867238610702,0.686786952348493,0.692,0.281,1
"9330175M20Rik",0.00166070132813004,0.473875103687671,0.231,0.037,1
"Myh14",0.00172779575232986,0.287755694677145,0.231,0.037,1
"Slc4a10",0.00173260131599389,0.762039820230426,0.846,0.622,1
"Atp5a1",0.00175811631300421,-1.14076201080597,0.231,0.645,1
"Ldlrad3",0.00182791236255651,0.641569211910097,0.385,0.101,1
"Fndc4",0.00182791236255651,0.637753224487421,0.385,0.101,1
"Grm5",0.00185746926037241,-1.04244117698921,0.769,0.88,1
"Ryr3",0.00202158470734687,-1.48431873618247,0.462,0.82,1
"Grik1",0.00202448058686542,1.42552684081791,0.538,0.194,1
"Cables1",0.00204782509270052,0.624092165962562,0.385,0.097,1
"Olfm3",0.00210250692671051,1.16751037015686,0.692,0.304,1
"Plpp3",0.002242193768636,0.6008937605562,0.308,0.069,1
"Gprin3",0.00224318749541108,-1.57426328396463,0,0.456,1
"9530026P05Rik",0.00227924036200509,1.13357546621718,0.231,0.041,1
"Ikzf2",0.00236522895738433,0.606829547949543,0.231,0.041,1
"Synpr",0.00237123878031752,0.758505374107588,0.615,0.258,1
"Lix1",0.00239966644122793,0.898358347910988,0.385,0.115,1
"Gm38505",0.00241575371725502,0.860335312368333,0.308,0.074,1
"Rn18s-rs5",0.00244863689572348,-0.692318374314953,1,1,1
"Pde7b",0.00244925486443347,-1.50316060145148,0.385,0.765,1
"Gm37551",0.00250404022019777,0.326016293245283,0.154,0.018,1
"Gm47624",0.00250404022019777,0.51945428929035,0.154,0.018,1
"Cacna1g",0.00254617916585245,0.598254138390575,0.231,0.041,1
"Gm47283",0.00261564724366676,1.00752227214639,0.462,0.166,1
"Gm43679",0.00263569851300496,0.490225921486655,0.154,0.018,1
"Gm47551",0.00263569851300496,0.507786813927624,0.154,0.018,1
"Fchsd2",0.00264016838556559,0.698370409258635,0.846,0.429,1
"Sntg1",0.0026557101474591,0.7362121673218,0.923,0.908,1
"Kif9",0.00273970872548292,0.354412069725422,0.231,0.041,1
"Dcaf13",0.00277027048479815,0.615380937066344,0.462,0.143,1
"C230096K16Rik",0.00277365627148982,0.486332388924633,0.154,0.018,1
"ENSMUSG00000120053",0.00277365627148982,0.483827908556402,0.154,0.018,1
"Gm48261",0.00277365627148982,0.354317180795085,0.154,0.018,1
"Gm46404",0.00277365627148982,0.539639965533621,0.154,0.018,1
"2410022M11Rik",0.00277365627148982,0.476104535798899,0.154,0.018,1
"E330013P04Rik",0.00277365627148982,0.456548828453351,0.154,0.018,1
"Gm45844",0.00278188554323312,0.78433901641154,0.462,0.161,1
"P4ha1",0.0028154426982945,-1.2340226132184,0,0.442,1
"Gm7072",0.00291610910848241,0.629507391963425,0.385,0.111,1
"Gm29260",0.00291817999449573,0.546358134601909,0.154,0.018,1
"Gm37396",0.00291817999449573,0.282596443919351,0.154,0.018,1
"Hsd3b8",0.00291817999449573,0.250335524624058,0.154,0.018,1
"4930444F02Rik",0.00291817999449573,0.415954742683287,0.154,0.018,1
"Cdh23",0.00291817999449573,0.600151956441557,0.154,0.018,1
"Gm52992",0.00291817999449573,0.355482250107681,0.154,0.018,1
"9330020H09Rik",0.00291817999449573,0.299779039326894,0.154,0.018,1
"Hnrnpa2b1",0.00291985148637176,-0.964359731696087,0.462,0.793,1
"Ly6h",0.00292839868573246,-1.20017109078149,0.308,0.668,1
"Gm37011",0.00294658949253771,0.503237597681033,0.231,0.041,1
"Spindoc",0.00306081599803064,0.62824717210258,0.385,0.111,1
"Lcmt2",0.00306954561766488,0.277207067676571,0.154,0.018,1
"Gm42853",0.00306954561766488,0.283216792105839,0.154,0.018,1
"Tmem132c",0.00306954561766488,0.454605946766811,0.154,0.018,1
"Npas1",0.00306954561766488,0.278161239130717,0.154,0.018,1
"Wrap53",0.00306954561766488,0.357667750069517,0.154,0.018,1
"Cybc1",0.00306954561766488,0.286476500630874,0.154,0.018,1
"Klc4",0.00306954561766488,0.356817651789072,0.154,0.018,1
"Stard6",0.00306954561766488,0.334149204174252,0.154,0.018,1
"Cacna1e",0.00317798999101585,-0.952189292860736,0.692,0.903,1
"Msrb2",0.00322023883886676,0.585938586064034,0.308,0.074,1
"Arsg",0.00322803875672524,0.335464132283553,0.154,0.018,1
"Bnip2",0.00326620904914478,0.364973302747511,0.308,0.074,1
"Plekhh1",0.00328373028611863,0.321407932117243,0.231,0.041,1
"Kat2b",0.00337004985650003,0.684361494014241,0.385,0.111,1
"Ddx5",0.00339085608806758,-0.88591537650289,0.769,0.917,1
"2010320M18Rik",0.00339395495272351,0.333460739783193,0.154,0.018,1
"Htr2c",0.00339600259625681,-1.61378079426139,0.077,0.498,1
"Nrxn1",0.00347387991532706,0.643271354321935,1,0.972,1
"Pten",0.00352161005956346,-1.06827782305037,0.231,0.673,1
"Slc4a4",0.00356814296988202,-1.38346227837643,0.385,0.71,1
"Ppp6r3",0.0036726488851873,0.70823381930286,0.692,0.346,1
"Slc49a4",0.00368749896541186,0.771645853309043,0.385,0.115,1
"Zc2hc1a",0.003717281000614,0.759342039715376,0.615,0.281,1
"Pde1c",0.00378254468253544,-1.88045051223533,0,0.424,1
"Ablim3",0.00382898455243387,0.826461593407488,0.385,0.12,1
"Pcp4",0.00385539088293129,-1.26612692481015,0.308,0.71,1
"Gm43046",0.00401418135203877,0.76965708257461,0.308,0.078,1
"Cadps",0.00407527834207534,0.647648564061699,1,0.894,1
"Gabrg2",0.00410762902411404,-1.10178209259697,0.231,0.622,1
"Gap43",0.00413735529916675,-1.14417299287672,0.231,0.705,1
"Ivd",0.00419556204078881,0.565398161741575,0.462,0.147,1
"Nol4",0.00433040524862775,0.594487507520264,0.923,0.677,1
"Nopchap1",0.0043336316685408,0.965751724114546,0.538,0.267,1
"Armc9",0.00437031093817216,-1.022982640444,0,0.415,1
"Slc12a5",0.00437888995801138,-1.06635763271631,0.231,0.59,1
"Cttnbp2",0.00439032550365533,-0.777646941708823,0.615,0.917,1
"4930590L20Rik",0.00439205036683046,0.609740651943185,0.385,0.12,1
"Abhd14b",0.00449024440815968,0.471379126497175,0.231,0.046,1
"Car10",0.00451206547079118,0.694403981787032,0.923,0.493,1
"9130019P16Rik",0.00459543460126783,0.836359937724823,0.308,0.078,1
"Gm10754",0.00460669366684524,-2.02537345077879,0.077,0.493,1
"Tut4",0.00468794659392277,0.875986384115494,0.846,0.613,1
"Etl4",0.00487460412821043,1.16061851816923,0.846,0.631,1
"Lonrf1",0.00492080635163609,0.696795528499969,0.462,0.166,1
"Spop",0.00508729170387901,0.706396294160255,0.769,0.53,1
"Pitpnc1",0.0051840438068068,0.938114969159617,0.769,0.382,1
"Pde1b",0.00537248327070146,-1.26195453415958,0.077,0.475,1
"Gtf2e1",0.00548361707971359,0.448846216945351,0.231,0.046,1
"Thsd7a",0.00556945376935713,-1.47571287792485,0.231,0.636,1
"Rab7",0.00557359564898513,0.8367726622484,0.615,0.276,1
"Rgs9",0.00561686194400057,-1.70070843901342,0.154,0.539,1
"Celf2",0.00579306827472153,-0.535943622171814,1,0.991,1
"9430015G10Rik",0.00583681772912597,0.381385946796492,0.308,0.078,1
"Napepld",0.00583681772912597,0.327924160072316,0.308,0.078,1
"Itgb8",0.00585640387392217,0.434095817925451,0.231,0.046,1
"Lrrc7",0.00586892772741745,-0.677211846904591,0.923,0.972,1
"4930473D10Rik",0.00590106193232447,0.948888922781462,0.308,0.088,1
"Ptchd4",0.0059140741830193,-1.1798770002772,0.077,0.525,1
"Specc1l",0.00592229162913489,0.679006018215805,0.615,0.313,1
"Nrbp2",0.00603513209928622,0.713134107013614,0.385,0.124,1
"Grhpr",0.00606568292284234,0.747170366457507,0.231,0.051,1
"Atxn7l3b",0.00606583823556015,-1.05576910705794,0.154,0.544,1
"Cacnb2",0.00607929224272008,-1.23253759560954,0.692,0.912,1
"Cntn2",0.00614220169920791,0.582524672622845,0.385,0.12,1
"Amotl1",0.00615076260763205,0.429588505051206,0.308,0.078,1
"Strn",0.0061578064263968,-1.37574804932103,0.231,0.571,1
"Rapgef4",0.0062440236453422,0.585624520871241,0.846,0.724,1
"Zfp37",0.00625188433794689,0.3439401687129,0.231,0.046,1
"Pde6a",0.00625188433794689,0.28128586679324,0.231,0.046,1
"Rnf150",0.00630178368839131,-1.01875552780408,0.385,0.733,1
"Gm48239",0.0063455820498098,0.614618571942395,0.462,0.166,1
"Fras1",0.00639305139211911,-1.11900354801986,0.077,0.512,1
"Gm43544",0.00642131709908414,0.561128040662805,0.154,0.023,1
"Zfp324",0.00642131709908414,0.573633376595864,0.154,0.023,1
"Ascl4",0.00642131709908414,0.556320863420398,0.154,0.023,1
"Gm11940",0.00642131709908414,0.549641300233007,0.154,0.023,1
"Fam111a",0.00642131709908414,0.513426916916373,0.154,0.023,1
"Ifrd1",0.00647322053591947,0.752320302392631,0.462,0.189,1
"Gcfc2",0.00647983352696583,0.381890162367268,0.308,0.078,1
"Nfix",0.00655979922137954,0.600266843770036,0.385,0.12,1
"Rit2",0.00665514002438503,-0.951261070567573,0.308,0.733,1
"Calcoco1",0.00667857710847785,0.512767160831086,0.462,0.157,1
"Ctnnd2",0.00668576971772464,-0.659259997831771,0.769,0.982,1
"4930587E11Rik",0.00671250775131277,1.11887260887352,0.615,0.286,1
"Thap3",0.00672624563626431,0.571597664687862,0.385,0.129,1
"Dhrs1",0.00685771713549649,0.569035536008152,0.308,0.083,1
"Gm16386",0.00687607137008552,0.583313728885713,0.231,0.051,1
"Dlx6os1",0.00696910953711161,1.66034833782216,0.538,0.258,1
"Smpd3",0.00697719998751467,-1.05443737509705,0.231,0.581,1
"Gm37906",0.00700486316398677,0.442419068599792,0.154,0.023,1
"Igfbp2",0.00700486316398677,0.573987187490096,0.154,0.023,1
"Birc6",0.00703608537549398,0.806060914796933,0.692,0.627,1
"Msrb3",0.0070933024306535,0.60947559009012,0.231,0.051,1
"Gm44644",0.00720358252736249,0.615751295719153,0.308,0.088,1
"Alcam",0.00721125948995911,-1.29470037828397,0.385,0.724,1
"Astn2",0.0072884558868365,1.1482732871552,0.769,0.521,1
"Stap1",0.0073141340253586,0.437008558733962,0.154,0.023,1
"Krt20",0.0073141340253586,0.342121472669439,0.154,0.023,1
"Cyp4f13",0.0073141340253586,0.401387456088667,0.154,0.023,1
"Zbtb7c",0.0073141340253586,0.337728779438783,0.154,0.023,1
"Cldn34c1",0.0073141340253586,0.338954839961054,0.154,0.023,1
"St3gal4",0.00731667538844984,0.561114343524391,0.231,0.051,1
"Srgap3",0.00733143525967813,0.685798473982799,0.923,0.724,1
"9530059O14Rik",0.00733230261801019,-0.934351450005718,0.538,0.806,1
"Ptbp3",0.00763551993458126,0.834496038508835,0.462,0.207,1
"Gm37720",0.00763560107870469,0.40047039796668,0.154,0.023,1
"Evpl",0.00763560107870469,0.371447193435087,0.154,0.023,1
"Cers6",0.00793819670217843,0.831296894862546,0.692,0.419,1
"Kcnh2",0.00796967580854765,0.345436421579274,0.154,0.023,1
"A930037H05Rik",0.00796967580854765,0.282198194589016,0.154,0.023,1
"Slc4a9",0.00796967580854765,0.392839460719996,0.154,0.023,1
"ENSMUSG00000120303",0.0080251500584107,0.507882355856289,0.231,0.051,1
"Aff2",0.00804297361256612,0.721095754850545,0.538,0.24,1
"Gm43696",0.00812039562360047,0.742129434605058,0.231,0.055,1
"Wasl",0.00816333084388225,-0.961820621452064,0,0.373,1
"Ormdl3",0.00817370920392762,0.411171262386047,0.308,0.083,1
"Dpp10",0.00824724030970257,0.675044521268577,1,0.816,1
"Gm9831",0.0084945708671121,0.471387136612458,0.385,0.124,1
"Cntn5",0.00852243781039954,-0.949383781828711,0.846,0.963,1
"Gm32926",0.00853098410888805,0.461580584138655,0.231,0.051,1
"Tlcd3b",0.00854901869993687,0.621912146325438,0.308,0.088,1
"Gm15398",0.00858453333121252,0.770855268514482,0.538,0.217,1
"Nfib",0.00859134333464328,1.64331455957973,0.615,0.341,1
"Rab13",0.00867734835158654,0.33718352004708,0.154,0.023,1
"Fam228b",0.00880380989456797,0.31111998566514,0.308,0.083,1
"Map7d2",0.00897010111133962,-0.996971377341037,0.077,0.465,1
"Slit3",0.00911967644770025,-1.05346205900273,0.538,0.765,1
"Scg2",0.00913963268424973,-1.26824524899206,0.231,0.594,1
"Actn2",0.0093292615771338,-1.15983376899244,0,0.364,1
"Chn1",0.00935298828027822,-0.911141638477763,0.538,0.825,1
"Ranbp2",0.0093980526515449,-1.00783621221466,0.154,0.512,1
"Epb41l1",0.00943789582864322,-0.768364211474982,0.154,0.636,1
"Gpn1",0.00962895350516726,0.267309083857933,0.231,0.051,1
"Frmpd3",0.00962895350516726,0.411590820809268,0.231,0.051,1
"Tet3",0.00964810103579528,-0.900332269803207,0.154,0.493,1
"Apbb2",0.00968814100597408,-0.984148995845366,0.231,0.585,1
"Gnai3",0.0100270255851015,0.754849411422158,0.385,0.138,1
"Pcdh15",0.0100687031604767,1.34734906107175,0.692,0.382,1
"Prpf39",0.0101009653841709,0.556179239520202,0.615,0.276,1
"Chn2",0.010189896764036,0.796188775428842,0.385,0.129,1
"Gm38309",0.0102238244543954,0.267554016454718,0.231,0.051,1
"Usp39",0.0102638932195278,0.522305660716295,0.231,0.055,1
"Inpp5b",0.0103226653525497,0.567865180699441,0.385,0.134,1
"Smad2",0.0104322356498106,0.551535743214044,0.385,0.138,1
"Ric8a",0.0105645076534919,0.57848836560194,0.231,0.055,1
"Hcfc2",0.0106068239828694,0.492853534935213,0.308,0.088,1
"Gnal",0.0107276356372062,-1.24859434371661,0.538,0.747,1
"Fkbp1a",0.0108165365065029,-1.00131942615152,0.154,0.516,1
"Ubb",0.0108327152869735,-0.836365853821827,0.385,0.77,1
"Gm37629",0.0108607080145031,0.44744604964693,0.308,0.088,1
"Atxn10",0.0108984558246038,-0.977314262661289,0.154,0.53,1
"Magi3",0.0109559630370332,0.818766274446705,0.692,0.387,1
"Ublcp1",0.0111199790890281,0.392156878502932,0.308,0.088,1
"Zbed5-ps",0.0111775253195086,0.322626346981133,0.231,0.051,1
"Adcy10",0.0111893256186219,0.591636381248139,0.231,0.055,1
"Marchf3",0.01122789971929,0.754273096084868,0.308,0.092,1
"Ncam2",0.0112392460483479,0.921838852464174,0.923,0.747,1
"Mga",0.0112824369418262,0.858885986675272,0.615,0.373,1
"Atp1b1",0.0113237552261847,-0.691906543729713,0.769,0.926,1
"Inpp5f",0.0113582785295063,-0.905422866755927,0,0.35,1
"Nemf",0.0113582785295063,-0.886310754947909,0,0.35,1
"Rhou",0.0114898455095791,0.622062651668019,0.308,0.092,1
"Kmo",0.0115138737269917,0.531507039938541,0.231,0.055,1
"Ankrd49",0.0115138737269917,0.518278269455683,0.231,0.055,1
"Top1",0.0115150152196048,-0.946240015277175,0.462,0.687,1
"Ociad2",0.0115699458960445,-0.97071492960198,0.077,0.419,1
"Clasrp",0.011690200239461,0.749630510108142,0.385,0.152,1
"Kcnk2",0.0117495905236242,-1.24316877796013,0.231,0.585,1
"ENSMUSG00000120382",0.0118467489820843,0.496970311320835,0.231,0.055,1
"Ncoa4",0.0118467489820843,0.459231090484322,0.231,0.055,1
"Ablim2",0.0118803767977865,-1.01179638666036,0.308,0.631,1
"Alg11",0.0119310841405762,0.496900765131581,0.308,0.088,1
"Ntrk3",0.0119366424266755,-1.0471135023003,0.615,0.811,1
"Foxp1",0.0121615880249702,-1.72529006398344,0.462,0.691,1
"Asic2",0.0122933055162085,0.916069266511503,0.923,0.825,1
"Tfcp2",0.0123015344840503,0.290539389299969,0.385,0.124,1
"Ubash3b",0.0123079432814172,0.542769329276746,0.615,0.276,1
"Trpc5",0.0124030340158133,0.798239766248916,0.462,0.189,1
"Trpc4ap",0.0127457919031289,0.839917597543232,0.538,0.267,1
"Calm3",0.0127497618824882,-0.792682663212602,0.077,0.484,1
"Hltf",0.0128397013893328,0.701480496170169,0.385,0.152,1
"Pde1a",0.0128442889686741,0.631851508125775,0.692,0.438,1
"Rap2b",0.0129214883866197,-0.872216363656685,0,0.341,1
"Uhrf1bp1l",0.0129214883866197,-0.866124422388861,0,0.341,1
"Prelid3a",0.0130518059525469,0.652465869695126,0.615,0.359,1
"Thsd7b",0.013054810784027,0.94943889908169,0.385,0.147,1
"Gm53013",0.0131130468933788,0.53485987929462,0.154,0.028,1
"Pigk",0.0131659443944216,-0.921004753567854,0.308,0.654,1
"Tpm1",0.0132893518040461,-0.987044252043854,0.154,0.544,1
"Slc41a2",0.0133026764453486,0.639279001841876,0.385,0.147,1
"Zswim6",0.0134993545439613,-0.957833891171408,0.385,0.751,1
"E230016M11Rik",0.013509830243409,0.529907302896237,0.308,0.097,1
"Mtmr3",0.0135131280269628,0.678869211470471,0.615,0.318,1
"Iffo1",0.0135310704866144,0.595214662846043,0.462,0.212,1
"Gm7265",0.0136187378597986,0.443642689929228,0.154,0.028,1
"Far1os",0.0137171845933804,-0.819501641908425,0.077,0.475,1
"Mef2c",0.0138284764939636,0.756321188302183,0.923,0.747,1
"Dlx1as",0.0141023088043285,0.474430631326331,0.308,0.092,1
"Tmtc4",0.0141415792480705,0.434475622557532,0.154,0.028,1
"Rai14",0.0141415792480705,0.455248913335106,0.154,0.028,1
"Anapc7",0.0142098738740621,0.591071726262631,0.231,0.06,1
"Cyld",0.0143459508675647,-0.842334519353427,0.308,0.664,1
"Sag",0.0144254611772315,0.287938023728822,0.231,0.055,1
"Tmem229b",0.0144254611772315,0.271489929101193,0.231,0.055,1
"Lars2",0.0146741265916221,-0.87903098339464,0,0.332,1
"Gm43681",0.0146820539294607,0.555462381320477,0.154,0.028,1
"Tatdn2",0.0146820539294607,0.439067084264038,0.154,0.028,1
"Gm38340",0.0146820539294607,0.388809998108766,0.154,0.028,1
"Btf3l4",0.0148459424360096,0.658164020592062,0.385,0.143,1
"Rarb",0.0150281108532182,-2.02953562320631,0.385,0.59,1
"Atrn",0.0151028330178853,-0.838078385965765,0.154,0.498,1
"Unc13a",0.0152328875349986,-0.879734608140834,0.231,0.516,1
"Lin9",0.0152406545073459,0.42773753930015,0.154,0.028,1
"Gm37274",0.0152406545073459,0.401013126692492,0.154,0.028,1
"Nme6",0.0152406545073459,0.294001553949156,0.154,0.028,1
"Ccdc162",0.0152406545073459,0.499987312726199,0.154,0.028,1
"Hyi",0.0154189811377183,0.574725569129538,0.308,0.097,1
"4930567K20Rik",0.0156276151929931,-1.12199561744436,0,0.327,1
"Maf",0.0156994129505004,0.849711863293786,0.308,0.101,1
"Fdft1",0.0156994129505004,0.7093673812937,0.308,0.101,1
"Ergic1",0.0157632947891992,0.520784933513422,0.538,0.249,1
"Rsrp1",0.0158080680399976,0.641959678055413,0.846,0.71,1
"Mcm8",0.0158178833699421,0.444036235611878,0.154,0.028,1
"Ttc39a",0.0158178833699421,0.335720858159445,0.154,0.028,1
"Tfip11",0.0158178833699421,0.299053043353205,0.154,0.028,1
"Mogs",0.0158178833699421,0.433099803035113,0.154,0.028,1
"D530033B14Rik",0.0158178833699421,0.299925497071044,0.154,0.028,1
"Gm38250",0.0158178833699421,0.349505006115026,0.154,0.028,1
"Zfp870",0.0158178833699421,0.267630588726144,0.154,0.028,1
"Gm4221",0.0158178833699421,0.520892052452105,0.154,0.028,1
"Nalf2",0.0158178833699421,0.362432282185393,0.154,0.028,1
"Klhl20",0.0158220612954132,0.47762612726243,0.231,0.06,1
"Tfdp2",0.015854818045099,0.600392007899833,0.615,0.327,1
"Nxph1",0.0160391326731218,1.05210747492559,0.308,0.101,1
"Rtn4",0.0161115360251121,-0.733231757860532,0.462,0.857,1
"Rbm28",0.016236407414666,-0.558965907137521,0.077,0.475,1
"1700001G11Rik",0.0164142527375309,0.378778577279662,0.154,0.028,1
"C1qtnf4",0.0164796491500099,-0.953356399680522,0.385,0.664,1
"Cdk5r1",0.0165121567031583,-0.908032888398492,0.077,0.433,1
"Arpp21",0.0165430669702738,-0.598717064722003,0.923,0.968,1
"Srsf11",0.0165698868895026,0.660372041299801,0.769,0.645,1
"Syt5",0.016635999125492,-0.783752714312637,0,0.323,1
"Adra1a",0.0166868983059979,0.457131427433671,0.231,0.06,1
"Ift81",0.0167372528432365,0.565704399392768,0.462,0.194,1
"Zfp804a",0.0167878759210905,-0.964720872355416,0.462,0.77,1
"Zfp532",0.0169176542413602,0.676963183470194,0.615,0.359,1
"Dscam",0.0169923674913729,1.21752791982296,0.615,0.387,1
"Grhl1",0.0170302847039537,0.264865194016735,0.154,0.028,1
"Actn1",0.0170316736318843,-0.911557088274973,0.077,0.392,1
"mt-Nd4",0.0170533407232401,-1.06077077611891,0.462,0.724,1
"Kpna4",0.0172211167516189,0.549754046163882,0.692,0.378,1
"Gm43318",0.0172269030254057,0.550167193802031,0.385,0.143,1
"Nap1l1",0.017260227665191,-0.687459474090277,0.231,0.631,1
"Naa20",0.0172666242660771,0.613676583393181,0.538,0.272,1
"Canx",0.0173249407905117,-0.764923565173432,0.077,0.456,1
"Ppp3ca",0.0173354249005042,-0.825681574086786,0.923,0.977,1
"Kcnt2",0.0174479623802619,1.14368029946655,0.615,0.378,1
"Anapc16",0.017483511135394,0.67870861302745,0.385,0.157,1
"Yipf5",0.017509381021263,0.525272593025197,0.462,0.203,1
"Pdzd2",0.0175817753843147,-1.11987228935506,0.154,0.498,1
"Cdc25b",0.017592968608815,0.453734861261084,0.231,0.06,1
"Gar1",0.017592968608815,0.458473468892345,0.231,0.06,1
"Snap91",0.0176131041240892,0.644241036503775,0.769,0.622,1
"Actr3",0.0176621027097952,-0.849849963941246,0.154,0.452,1
"Hsd3b3",0.0176665112721477,0.274035578660464,0.154,0.028,1
"S100b",0.0176665112721477,0.306969494321468,0.154,0.028,1
"Tmod1",0.01770216052601,-0.808314679937187,0,0.318,1
"Gm48312",0.01770216052601,-1.09784887631011,0,0.318,1
"Rpl11",0.0177766804995101,-0.921978272449112,0.077,0.401,1
"Sfpq",0.0178409229985462,-0.746721540603883,0.308,0.71,1
"Calm1",0.0178469758257949,-0.557623115476808,1,0.977,1
"Rps6kl1",0.0179431188503929,0.477794197053201,0.308,0.097,1
"Edil3",0.0180049669504224,0.834123257383903,0.692,0.419,1
"Ppil4",0.0180183201380536,0.556998652183028,0.462,0.194,1
"Mrpl9",0.0180619666118522,0.358227461050109,0.231,0.06,1
"Syne2",0.0180619666118522,0.720758854255417,0.231,0.06,1
"Ehbp1",0.0181813399123643,0.51505327967527,0.769,0.558,1
"Dmxl1",0.01836101854259,0.691177103119662,0.846,0.622,1
"Zfp553",0.0185418787179611,0.407306364306848,0.231,0.06,1
"Fat1",0.0186033739846775,0.909295398925007,0.308,0.101,1
"Rab3a",0.0186510379314659,-0.897437746066141,0.308,0.567,1
"Amy1",0.0186576515062267,0.649765263035551,0.462,0.212,1
"Mcc",0.0187858419801075,0.521010795082586,0.231,0.06,1
"Sdk1",0.0187913385551905,0.717684053460756,0.462,0.184,1
"Zfp706",0.0188288600454504,-0.80250338506324,0,0.313,1
"Scai",0.0189261588657797,-0.890659645986518,0.231,0.544,1
"Tdp2",0.018967719919086,0.442540754706411,0.231,0.065,1
"Lcorl",0.0190108122806385,0.723276060470506,0.538,0.286,1
"Foxk1",0.0190549890264251,0.798828404609745,0.385,0.166,1
"Blmh",0.0194060077084505,0.782682330333455,0.385,0.171,1
"Pgm2l1",0.0196338077779472,-0.948308143814808,0.077,0.406,1
"Zfp148",0.0196854783330012,-0.744357756000279,0.154,0.567,1
"Gng7",0.0198343549779752,-1.07962405881262,0.154,0.479,1
"9530062K07Rik",0.0199522774610849,0.497467446844899,0.231,0.065,1
"Zfp330",0.0199522774610849,0.581341112053764,0.231,0.065,1
"Cep97",0.019961082605503,0.41965224977711,0.308,0.097,1
"Rps21",0.0200191456262888,-0.779161387213957,0,0.309,1
"Jkamp",0.0200191456262888,-0.710350541426016,0,0.309,1
"Egr1",0.020110816670734,-1.07830775032143,0.077,0.392,1
"Tuba4a",0.0201215682770849,-0.90238256192473,0.154,0.447,1
"Itpr1",0.0203240421536616,-1.05787616726075,0.538,0.774,1
"Phactr1",0.0203424086668713,-1.19959943312732,0.846,0.926,1
"Gm19522",0.0204610766260193,0.864577628631187,0.231,0.065,1
"Kifap3",0.0204888953731891,-0.802506631819653,0.385,0.71,1
"Dab1",0.0205507821809217,-0.649033362304709,0.923,0.903,1
"B230217C12Rik",0.0205762604626185,0.774424253171269,0.385,0.152,1
"Hdhd5",0.0206375948409405,0.48598308854298,0.385,0.147,1
"Trhde",0.0207537875990411,1.37168063445177,0.538,0.304,1
"Atp5g3",0.0213317830995804,-0.833786723564162,0.077,0.419,1
"Atp6v1g2",0.0213614324507713,-0.802762589049802,0.077,0.401,1
"Dnajc6",0.021491436030242,0.814073628896811,0.769,0.599,1
"Ak2",0.0215127161795603,0.479453474092322,0.231,0.065,1
"C030034I22Rik",0.0215193877404541,0.478150916414003,0.308,0.101,1
"Ano4",0.0215546408236503,1.25002354654911,0.538,0.355,1
"Nyap2",0.0215700470538413,1.02066922805624,0.769,0.553,1
"Cinp",0.0217091748594885,0.609105262831969,0.308,0.106,1
"Nipal2",0.0217176463975167,0.709550556015525,0.538,0.244,1
"Armh4",0.0220340483657437,0.647457837835288,0.385,0.166,1
"Smarcad1",0.0221272144990133,-0.766730143922192,0.077,0.382,1
"Ddx3y",0.022253687679852,0.629781420326411,0.462,0.217,1
"Cab39l",0.0223394575807709,0.699288738314574,0.462,0.235,1
"Gm30054",0.022548128253225,0.57735681193985,0.385,0.147,1
"Sptb",0.0226031656586799,-0.83006599657288,0,0.3,1
"Tagln3",0.0226031656586799,-0.76973146272865,0,0.3,1
"Kcnip2",0.0226031656586799,-0.989588439600135,0,0.3,1
"Tmem164",0.0226031656586799,-0.933831136496986,0,0.3,1
"Atg2b",0.0226038849013446,0.571427591202671,0.308,0.106,1
"Map2k5",0.0226681986302581,0.487651371948999,0.615,0.304,1
"Tango2",0.0229061476304682,0.686950760407421,0.615,0.313,1
"Sult2b1",0.0229834783777171,0.527807819014177,0.154,0.032,1
"Robo3",0.0229834783777171,0.72498739323774,0.154,0.032,1
"Grb10",0.023116086639584,0.57698901299319,0.462,0.198,1
"ENSMUSG00000120008",0.0231783516656238,0.519057782173683,0.231,0.065,1
"Celf1",0.0231929471041504,-0.733297334109251,0.385,0.774,1
"Efr3a",0.023499181658547,1.07992612594915,0.538,0.263,1
"Gm37522",0.0237632499224132,0.37386312894848,0.154,0.032,1
"Oip5os1",0.0238356957942383,-0.823803330499563,0.154,0.525,1
"Ptprm",0.0241591881670236,1.21804180044211,0.462,0.226,1
"Gm13269",0.0242654954524039,-1.02142199484378,0.231,0.521,1
"Itm2c",0.0243147526496501,-0.531894038366967,0.154,0.516,1
"Trpc3",0.0243500053060863,0.396564455662598,0.231,0.065,1
"Wdr4",0.0243500053060863,0.365411086654721,0.231,0.065,1
"Gm42771",0.0244898428000085,0.793724348152097,0.308,0.106,1
"Mcf2l",0.0245470623504817,0.610631516866939,0.615,0.401,1
"Pef1",0.0245658696081837,0.433598659946515,0.154,0.032,1
"Gm42547",0.0245658696081837,0.425634633746433,0.154,0.032,1
"Gm43946",0.0245658696081837,0.367565237194603,0.154,0.032,1
"Agbl1",0.0245658696081837,0.45775924524668,0.154,0.032,1
"Gm48727",0.0245658696081837,0.507110192633038,0.154,0.032,1
"Pparg",0.0249548443310029,0.718905051341374,0.231,0.065,1
"Ypel2",0.0249571115530912,-0.800480898486997,0.231,0.562,1
"Fam184b",0.02498819518661,0.740550010684806,0.462,0.189,1
"Cntn1",0.0250128232436688,-0.611430082442104,0.615,0.843,1
"Mical3",0.0250995490672942,0.688209911669104,0.846,0.631,1
"Prpf3",0.0251055183173032,0.805336979635394,0.308,0.115,1
"Heatr3",0.025134696388425,0.428848031994929,0.385,0.143,1
"Shank2",0.0252417095520898,0.596197911998716,0.692,0.461,1
"Pkd1l3",0.025391872125285,0.312401293023799,0.154,0.032,1
"A230107N01Rik",0.025391872125285,0.349991719115534,0.154,0.032,1
"Filip1",0.0254810019463832,-0.794964682772718,0,0.29,1
"Cdc27",0.0256971770559144,0.628061937065215,0.462,0.235,1
"Gpcpd1",0.0257108686915057,0.628873610598626,0.615,0.373,1
"Herc3",0.0259420459632101,0.522074435537515,0.615,0.341,1
"Tmem60",0.0259924033199669,0.482316798133753,0.308,0.106,1
"Cdk14",0.026025752386639,0.904667551079668,0.769,0.507,1
"Fam168a",0.0260987670055382,0.552370871434472,0.923,0.654,1
"Thoc1",0.0261813526569312,0.886706538973089,0.538,0.355,1
"Cdk5rap3",0.0262036424573659,0.376929388995741,0.231,0.065,1
"Trerf1",0.0262133613286015,-0.66968826540056,0.462,0.714,1
"Usp13",0.0263366963596697,0.472763009008257,0.462,0.203,1
"Zranb2",0.0263394614006796,0.497998663975217,0.846,0.714,1
"Dus4l",0.0263746812140292,0.574878956146003,0.231,0.069,1
"Fhod3",0.0264835040657571,0.561906427080367,0.538,0.263,1
"Nrg3",0.0267884175877196,0.581437716636497,1,0.931,1
"Fbxw4",0.027039114694199,-0.717814697687129,0,0.286,1
"Cfl1",0.0271158703786843,-0.849358992855449,0.231,0.493,1
"Gm3527",0.0271162035538689,0.42347670483959,0.154,0.032,1
"Cast",0.0271162035538689,0.548841420035991,0.154,0.032,1
"Mtrf1",0.0271162035538689,0.328865415532778,0.154,0.032,1
"Inpp4b",0.0271369519509359,1.56786213457443,0.615,0.341,1
"St6galnac3",0.0271752689176685,0.551115747956119,0.538,0.272,1
"Actg1",0.0272197347822916,-0.782287676266941,0.385,0.636,1
"Vwa8",0.0273515441476433,0.931329306086344,0.615,0.378,1
"Robo2",0.0273616663887636,-0.758786592806491,0.615,0.935,1
"Zfp804b",0.0274050455158338,2.12134755250048,0.385,0.157,1
"Gm52948",0.027506088967702,0.406010144444315,0.231,0.065,1
"Fam149b",0.027625083456277,0.601231926629611,0.462,0.23,1
"4921511C10Rik",0.027625093766496,0.606067613293549,0.308,0.115,1
"Czib",0.02763084173925,0.526642205990614,0.308,0.111,1
"Pnisr",0.027883184067933,0.61357141284341,0.923,0.797,1
"Pms2",0.0280009555582687,0.336948541294442,0.308,0.101,1
"Gm44443",0.0280156408536137,0.306804345594774,0.154,0.032,1
"Garin2",0.0280156408536137,0.304694135377282,0.154,0.032,1
"Ift27",0.0280156408536137,0.406981962507292,0.154,0.032,1
"Shd",0.0280156408536137,0.441602377619441,0.154,0.032,1
"Phka1",0.0280156408536137,0.415566571111643,0.154,0.032,1
"Stxbp6",0.0280749315032898,1.22741219474221,0.385,0.152,1
"Ppia",0.028118239518421,-0.747810947102845,0.615,0.848,1
"Zfp30",0.028285705820067,0.585470842038432,0.385,0.166,1
"Arhgap26",0.028285705820067,0.687111062410317,0.385,0.166,1
"Tcf12",0.0283431297831777,0.890321647183646,0.769,0.571,1
"Norad",0.0283624360447972,-0.797234958999698,0.385,0.668,1
"Ptges3",0.028681747852566,-0.658289428661733,0,0.281,1
"Tsga10",0.0286818130112297,-0.650069879072119,0,0.281,1
"Slc25a25",0.0286818130112297,-0.687646117649054,0,0.281,1
"Fstl5",0.0286818130112297,-1.5952872189398,0,0.281,1
"Cstf2",0.0286818130112297,0.707633645828351,0.462,0.253,1
"Adck1",0.0286923775667049,0.564439536398628,0.308,0.115,1
"Wwp1",0.0287055010759747,-0.686995252145742,0.077,0.415,1
"St6gal2",0.0287607175922603,0.522557358859481,0.462,0.207,1
"mt-Rnr2",0.028769285965917,-0.967833237660346,0.923,0.94,1
"Ccdc85c",0.0288640024022614,0.262497980817143,0.231,0.065,1
"Atp5g1",0.0289173117233481,-0.78529402931523,0.154,0.456,1
"Lsamp",0.0289264308884993,1.00787911576806,1,0.935,1
"Tchh",0.0289406776584648,0.362977634546724,0.154,0.032,1
"Plk3",0.0289406776584648,0.252341898440084,0.154,0.032,1
"Spring1",0.0289406776584648,0.340909319521214,0.154,0.032,1
"Tti2",0.0289406776584648,0.299653177856619,0.154,0.032,1
"Meg3",0.0289444263897197,0.344834254348154,1,1,1
"Mcoln1",0.0289774865079615,0.388940681258415,0.231,0.069,1
"Fbxo32",0.0289774865079615,0.481273342657566,0.231,0.069,1
"Gm26691",0.0292103531309358,0.629840714913904,0.692,0.419,1
"Gpkow",0.0292392073019053,0.571853965017864,0.308,0.115,1
"Glp2r",0.0292514055917077,-0.723022420387581,0.385,0.696,1
"Csmd1",0.0292610278459592,-0.519389253115353,1,1,1
"Zfp560",0.0292707264996296,0.703206513212903,0.308,0.111,1
"Cdc42se2",0.0296474528289391,-0.719114469035282,0.077,0.41,1
"Ccdc85b",0.0297225503225144,-0.806035828757647,0.077,0.382,1
"Bicd1",0.0297790251492278,0.674946929525973,0.769,0.608,1
"Degs1",0.0297949808200571,0.491658410635941,0.308,0.115,1
"Septin4",0.029835651927056,0.405738794502165,0.308,0.111,1
"Ubox5",0.0298918873578971,0.364441023990956,0.154,0.032,1
"Gm32856",0.0298918873578971,0.276080226221343,0.154,0.032,1
"Dennd1b",0.0299204700075434,0.524570087107601,0.615,0.355,1
"Nlgn1",0.0300643185045191,-0.716145616678084,0.923,0.977,1
"1700086L19Rik",0.0302025145939516,-0.751700329706097,0.077,0.355,1
"Spns2",0.0302919526705457,0.615237544063271,0.231,0.074,1
"Nrgn",0.0303532413248851,-0.688944204966518,0.615,0.94,1
"Rab34",0.0303598176965081,0.486373254348966,0.231,0.069,1
"Abi3bp",0.0304130795840263,-1.37143382805615,0,0.276,1
"Cfap69",0.0304131481917393,-0.833835766037477,0,0.276,1
"Clpp",0.0304131481917393,-0.719704339192601,0,0.276,1
"Parl",0.0304490362520928,0.824878097601638,0.385,0.175,1
"Gm20319",0.0305049436320962,0.453574826013494,0.385,0.161,1
"Kif16b",0.0305566918552878,0.633235918364454,0.462,0.226,1
"Me3",0.0306068788988956,-0.6755613964212,0.308,0.622,1
"2700049A03Rik",0.0309936699134455,0.435843249051419,0.308,0.111,1
"Tshz1",0.0310723797971174,1.25225263356859,0.385,0.189,1
"Gpc6",0.0312318494680636,0.888641910027768,0.692,0.452,1
"Tasor",0.0312569434078968,-0.72967592529957,0.077,0.359,1
"Wrn",0.0313099974179246,0.472839265527617,0.385,0.152,1
"Ccdc77",0.0313870559198264,0.582011610938352,0.308,0.12,1
"Atp6v1a",0.0314056632177677,-0.637873742285069,0.154,0.479,1
"Ube3a",0.031497557291785,0.589787894587222,0.923,0.908,1
"Ptms",0.0315640340922528,-0.524021853349996,0.231,0.535,1
"Slc39a14",0.0315870061392214,0.522506992182629,0.308,0.111,1
"Sez6l2",0.03165672483047,-0.703182201994535,0.077,0.359,1
"Dync1h1",0.031675907086629,0.478969841235665,0.769,0.548,1
"Zfand5",0.0317691726078522,-0.73279355025449,0.154,0.498,1
"Brpf1",0.0317984241504047,0.431957531957557,0.231,0.069,1
"Fra10ac1",0.031829051885499,0.612898381874174,0.385,0.171,1
"Npdc1",0.0322373482422952,-0.676768695133026,0,0.272,1
"Ust",0.0322373482422952,-0.713380560212075,0,0.272,1
"Ap3d1",0.0322373482422952,-0.663343041183148,0,0.272,1
"Prkar2b",0.0322712155025859,-0.783958735887753,0.154,0.465,1
"St7l",0.0323321598402089,0.486033467464198,0.538,0.263,1
"Gapdh",0.0324023603844931,-0.72432106759176,0.692,0.88,1
"Gcc2",0.0325137135214445,-0.682681086989718,0.154,0.498,1
"Slc15a4",0.032539386427325,0.475442936953141,0.231,0.069,1
"Gm43915",0.0328262943010085,0.413394371669254,0.308,0.106,1
"Smg6",0.032934382598572,0.598577972434133,0.769,0.535,1
"Arf3",0.0330435149389728,-0.581088628897647,0.154,0.525,1
"Gm13629",0.0330902286249556,0.57140703560916,0.385,0.161,1
"Pcmtd2",0.0334733741876452,0.607546091434234,0.538,0.309,1
"Adcy3",0.0334983973004798,0.520083371037915,0.462,0.203,1
"Robo1",0.0335475775889286,0.618706951051263,1,0.816,1
"Pwwp2a",0.0335759031332981,-0.789237074365598,0.077,0.35,1
"Lekr1",0.0337466547024007,0.649399859852607,0.462,0.203,1
"Usp19",0.0337705979121498,0.707721370829661,0.308,0.12,1
"Gm44829",0.0337900850501379,0.60417599534449,0.769,0.585,1
"Ppp2ca",0.033865340221734,-0.714202825751592,0.231,0.53,1
"Gpbp1l1",0.0339013882393417,0.423627850813866,0.385,0.161,1
"Sv2b",0.0339769405290433,-0.903289743397398,0.308,0.585,1
"Lrrc14",0.0340657581425457,0.4013408890853,0.231,0.069,1
"Cpd",0.0341587501038094,-0.700791703084656,0,0.267,1
"Tgfa",0.0341588261019786,-0.888718392460194,0,0.267,1
"Gm44511",0.0341588261019786,-0.615676614165576,0,0.267,1
"Tmem158",0.0341588261019786,-0.755797424425805,0,0.267,1
"Rab15",0.0341588261019786,-0.602657963275753,0,0.267,1
"Cpne8",0.0341588261019786,-0.7593851178265,0,0.267,1
"Neto1",0.0341613073316502,-0.96496314787233,0.615,0.724,1
"Nsg2",0.0343586526133839,-0.620004729349678,0.385,0.641,1
"6530403H02Rik",0.0346612907768298,-1.05168218272828,0.154,0.475,1
"Mark3",0.0347380616799056,-0.609321345226589,0.231,0.59,1
"Rab31",0.0348516250864849,0.278721163124996,0.231,0.069,1
"Kitl",0.0351722153118741,-0.82428677330291,0.077,0.355,1
"Add3",0.0353500911991045,-0.627780461062938,0.077,0.373,1
"Sod2",0.0354432215109787,0.547050453638257,0.692,0.401,1
"Snrnp48",0.0354523665228624,-0.687971497170998,0.077,0.346,1
"Kcnab1",0.03559513279922,-1.24775238462765,0.462,0.654,1
"Nars2",0.0355983170034667,0.387530329473499,0.462,0.189,1
"Kazn",0.0356823677396549,-0.489798853374881,0.538,0.834,1
"Galnt14",0.0357295293008469,0.655842517979331,0.462,0.23,1
"Pcdh9",0.0357584666362973,0.553323759772446,0.923,0.848,1
"Dlgap4",0.035760972430426,-0.696690173087127,0.231,0.553,1
"C130071C03Rik",0.0358082665906133,0.416827092984626,0.846,0.53,1
"Kcnj3",0.0358178937954617,0.944641068189395,0.692,0.47,1
"Ryr2",0.035969634599085,0.500404851657908,0.923,0.742,1
"Apc",0.0360591678154472,0.713397886756711,0.923,0.76,1
"Alg6",0.0360984695093148,0.33700631799149,0.308,0.106,1
"5330439A09Rik",0.0361716983887869,0.617157451916428,0.154,0.037,1
"Gcdh",0.0361716983887869,0.523860530417771,0.154,0.037,1
"Prtg",0.0361716983887869,0.581806844481243,0.154,0.037,1
"Ankrd34b",0.0361716983887869,0.580673931857441,0.154,0.037,1
"3830408C21Rik",0.0361716983887869,0.650175886722536,0.154,0.037,1
"Bbof1",0.0361821084529419,-0.704148291253833,0,0.263,1
"Rbm24",0.0361821084529419,-0.676143683886069,0,0.263,1
"Tppp",0.0361821884068926,-0.616604632956278,0,0.263,1
"Ndufc2",0.0362174673470822,-0.768085516101947,0.077,0.35,1
"Asxl1",0.0362440019984127,-0.688077199092777,0.077,0.382,1
"Gm48749",0.0363072524351625,0.674853059751674,0.308,0.12,1
"Scamp1",0.0365046222614105,-0.696899952696871,0.154,0.488,1
"Ktn1",0.0366726958866895,-0.461082790270074,0.385,0.641,1
"Odf2l",0.03669398733177,0.339332468980153,0.308,0.111,1
"Cep290",0.0367442261315101,0.677538559136084,0.462,0.23,1
"Bbx",0.0368062799474212,-0.775291700646646,0.077,0.359,1
"Gm26533",0.037265155718225,0.523317765616915,0.154,0.037,1
"Kcnc2",0.0372733668552632,1.11328723268176,0.538,0.3,1
"Dach1",0.0373435738927098,-1.16504875143318,0.154,0.47,1
"Spg7",0.0373523807375008,0.564226544135701,0.385,0.18,1
"Akap5",0.0376033788982281,-0.867898427184135,0.077,0.35,1
"Zfp101",0.0378601309817532,0.549619586159561,0.231,0.074,1
"Ddx42",0.0378945011997754,-0.71353796576793,0.077,0.341,1
"Atp1b3",0.0379037571081321,0.717837750859307,0.538,0.29,1
"Spaca6",0.0381046400544806,0.432976560261908,0.462,0.198,1
"Coq10b",0.0383122448516508,-0.623221931702265,0,0.258,1
"Zswim5",0.0383122448516508,-0.796251413146183,0,0.258,1
"Mmp17",0.0383122448516508,-0.597717355805945,0,0.258,1
"Copg1",0.0383122448516508,-0.594494148527912,0,0.258,1
"Abra",0.0383866255330429,0.343225468217438,0.154,0.037,1
"Ccbe1",0.0383866255330429,0.549034679054838,0.154,0.037,1
"Hnrnpa3",0.0385079887162012,-0.684666895474789,0.154,0.507,1
"Terf1",0.0385097241223072,0.571992403204736,0.385,0.18,1
"Cdc40",0.0386876493544071,0.740506602987874,0.615,0.378,1
"Cpeb1",0.0388973051002004,0.428654041966723,0.462,0.226,1
"Dhx35",0.0390045337832487,0.47512017120964,0.308,0.12,1
"ENSMUSG00000120250",0.0390170931234869,0.311752069351339,0.231,0.069,1
"Gm44831",0.0390892945093267,0.479704320357417,0.385,0.175,1
"Ubap1",0.0393516032206171,0.610614684016088,0.308,0.124,1
"Cdc42",0.0393602644823375,-0.472999781152126,0.231,0.618,1
"Tlk2",0.0394340034084365,-0.717219716022702,0.077,0.364,1
"Adpgk",0.0395366558268993,0.427232076247508,0.154,0.037,1
"Zfp219",0.0395366558268993,0.435735864317093,0.154,0.037,1
"G3bp2",0.0395446885121614,-0.800913050681938,0.154,0.419,1
"Bbs9",0.0396087321305623,0.565872897287457,0.538,0.304,1
"Map7",0.0398241892668205,0.565226882491252,0.769,0.539,1
"Arhgap15",0.0399117097488432,0.656358728256058,0.231,0.078,1
"Ahcyl2",0.0402601409718444,0.745154861131864,0.692,0.544,1
"Rasgrp1",0.0402901638439652,-0.539300271287718,0.231,0.539,1
"Npm1",0.0404397854177462,-0.694754841090438,0.231,0.507,1
"Pgap1",0.0405540182067125,-0.605990701951997,0,0.253,1
"Ppp1r12c",0.0405540182067125,-0.604626097173063,0,0.253,1
"Gopc",0.0405540182067125,-0.625672588664087,0,0.253,1
"Zdhhc23",0.0405540182067125,-0.709415563410364,0,0.253,1
"Wac",0.0405874143803815,0.471127907907241,0.692,0.498,1
"Gm44899",0.0407158000174269,0.439291344051417,0.154,0.037,1
"Ssh1",0.0407680891323994,0.66469973350906,0.231,0.078,1
"Rnf7",0.040874054169137,0.597119571798531,0.385,0.184,1
"Kctd8",0.0410135834029897,-1.17615374388062,0.077,0.35,1
"Sh3gl2",0.0412006530956549,0.527481807281511,0.846,0.645,1
"Srp68",0.0412134912040438,0.739862921676682,0.308,0.134,1
"Pfkfb2",0.0413093651369683,0.424478347496305,0.231,0.074,1
"Mif",0.0416195764945208,-0.705003807974771,0.077,0.387,1
"mt-Nd1",0.0416614022624091,-0.880015505791936,0.615,0.802,1
"Mia2",0.041703383088441,-0.602055416851806,0.077,0.346,1
"Adgrl3",0.0419354713697376,-0.460744193586127,0.846,0.959,1
"A230006K03Rik",0.041964702443018,0.723096321610882,0.846,0.668,1
"Gm4258",0.0420347754089271,0.745350063922865,0.538,0.323,1
"Kcnq5",0.0422658618658548,-0.786744634366615,0.769,0.857,1
"Smarca5",0.042292561664265,-0.687651207555764,0.154,0.438,1
"Akap8l",0.0424061113977758,0.489253994187991,0.769,0.641,1
"Lmbrd1",0.0424170075179497,0.493726554045628,0.615,0.419,1
"Sub1",0.042437454182362,-0.719011936437583,0.308,0.507,1
"Pmepa1",0.0429127550574406,-0.627246690355408,0,0.249,1
"Brd7",0.0429127550574406,-0.604024926999337,0,0.249,1
"Ireb2",0.0429127550574406,-0.623858007266347,0,0.249,1
"Dmxl2",0.0429616456425488,0.455951815996517,0.769,0.539,1
"Cmc1",0.0431315118294321,0.430312604014339,0.231,0.074,1
"Gm1715",0.0431636702114996,0.300344161790451,0.154,0.037,1
"Aph1c",0.0431636702114996,0.35497843323561,0.154,0.037,1
"Mrpl49",0.0431636702114996,0.385361536406309,0.154,0.037,1
"Mta2",0.0431636702114996,0.406805947226613,0.154,0.037,1
"Gm14703",0.0431636702114996,0.37677229488933,0.154,0.037,1
"Podxl2",0.043405542095581,0.386594620186666,0.462,0.198,1
"Tiam2",0.0437480219332414,-0.545352383458223,0.154,0.461,1
"Ndufs7",0.043926782678756,-0.71104192320023,0.077,0.355,1
"Agbl4",0.0440488828070063,1.05844565039932,0.692,0.659,1
"Samd4b",0.0440621620140829,0.520339122387991,0.308,0.124,1
"Picalm",0.0443214468626566,-0.66674722287834,0.077,0.332,1
"Gucy1b1",0.0444149666130339,-0.767904438646764,0.154,0.419,1
"Gm45447",0.0444335291481439,0.323860156301881,0.154,0.037,1
"Smad9",0.0444335291481439,0.294112273362806,0.154,0.037,1
"A230009B12Rik",0.0444335291481439,0.38341803061999,0.154,0.037,1
"Senp7",0.0444921926172622,-0.71899652194219,0.231,0.502,1
"Tcerg1",0.044803805009785,0.447745919518759,0.538,0.286,1
"Nsd1",0.0448350976758041,0.536375740059301,0.846,0.659,1
"Arhgap18",0.044908229009072,0.683416344651744,0.462,0.253,1
"Zkscan16",0.0449119798667619,0.529207586958047,0.308,0.12,1
"Fth1",0.0452912678905636,-0.586672475720484,0.692,0.88,1
"Grik4",0.0453213546047777,0.469976820756463,0.308,0.115,1
"Stard7",0.0453939373387379,-0.572247643017699,0,0.244,1
"Higd1a",0.0453939373387379,-0.531856282495459,0,0.244,1
"Nefm",0.0453939373387379,-0.552800504260565,0,0.244,1
"Sec11c",0.0453939373387379,-0.599549060349051,0,0.244,1
"Ywhaq",0.0454730930846853,-0.69114513541758,0.154,0.433,1
"Morf4l1",0.045545795797185,-0.700311619287382,0.231,0.535,1
"Ptma",0.0456342455484221,-0.53719326950296,0.154,0.525,1
"Kctd1",0.0456864302939756,-0.386263324847603,0.308,0.627,1
"Rab33b",0.0457347675971053,0.343957618100529,0.154,0.037,1
"Golph3l",0.0457347675971053,0.329919348304758,0.154,0.037,1
"Hmg20b",0.0457347675971053,0.313683141406322,0.154,0.037,1
"Skap1",0.0457347675971053,0.306038401747518,0.154,0.037,1
"Cdr2l",0.0457347675971053,0.518672444817944,0.154,0.037,1
"Fam161b",0.0457347675971053,0.296984559659676,0.154,0.037,1
"Lipo3",0.0457347675971053,0.364062935510933,0.154,0.037,1
"Kcnb2",0.0458450970001252,1.03909341760375,0.692,0.7,1
"Nkain2",0.0459844338289034,-0.478953348459099,0.923,0.954,1
"Tomm70a",0.0459918555347478,-0.867608316811712,0.231,0.452,1
"Rabgef1",0.0459967549285288,0.424872171467241,0.308,0.124,1
"Slc6a6",0.0461604797194245,-0.759754552611181,0.308,0.535,1
"Arf1",0.0461987985100774,-0.675063429576912,0.077,0.341,1
"Rxrb",0.0462398488606765,0.684831026354163,0.231,0.078,1
"Pip4k2b",0.0468636706922813,0.493172477140103,0.385,0.175,1
"Nrg1",0.0470526117971099,-0.760679029747355,0.769,0.903,1
"Gm15912",0.0470679643220759,0.271291149708561,0.154,0.037,1
"Svet1",0.0472094086156035,0.361892902416086,0.231,0.078,1
"A230057D06Rik",0.0472484934552228,0.499511761674422,0.923,0.793,1
"Camsap2",0.0473921908467971,0.910660741856658,0.538,0.359,1
"Trps1",0.0474245974398705,-0.591048194776234,0.308,0.659,1
"Ralgapb",0.0475977713198058,-0.330744808770451,0.077,0.392,1
"Lrrc49",0.0477291892171371,-0.802157643896918,0.154,0.415,1
"Phf3",0.0477981319542382,0.77797059251047,0.692,0.498,1
"Psip1",0.0479028928363406,-0.646292769351597,0.538,0.733,1
"Cog5",0.0479205475603849,0.585641748740716,0.615,0.41,1
"Lamtor2",0.0480032947482153,-0.632350522250935,0,0.24,1
"Pdxk",0.0480032947482153,-0.666421637906529,0,0.24,1
"Hmgn1",0.0480032947482153,-0.627736805538464,0,0.24,1
"Flrt1",0.0480032947482153,-0.628000854327236,0,0.24,1
"Dlgap1",0.048125712156684,0.72511709858323,0.923,0.949,1
"4732471J01Rik",0.0484139097679045,0.637119348416316,0.462,0.244,1
"Rsph9",0.0484337027585999,0.256943589827164,0.154,0.037,1
"Phf12",0.0486270917142003,0.570991290147992,0.462,0.263,1
"Drg1",0.048651353747358,0.780542080898434,0.615,0.438,1
"Rrp1",0.0486831018258166,-0.628312647414673,0.077,0.369,1
"Nat10",0.0490102314770268,0.328551720038693,0.231,0.074,1
"Mrm3",0.0491998759941827,0.564564203274948,0.231,0.078,1
"Elmod1",0.049223533041352,-0.639604072035302,0.385,0.756,1
"D130043K22Rik",0.0492395579006227,0.48260555237668,0.538,0.295,1
"Gm1043",0.0494763119606383,-0.819865410838045,0.154,0.392,1
"Osbpl8",0.0497254107295208,-0.912118471738144,0.538,0.747,1
"Fau",0.049736493805308,-0.629626056459473,0.154,0.465,1
"Itsn2",0.0499703693795853,0.390214752065062,0.692,0.373,1
"Mtg2",0.0500806930411837,0.499341315049109,0.308,0.124,1
"B230206I08Rik",0.0502172999751595,0.541043100033185,0.231,0.083,1
"Cc2d1b",0.0502212291103734,0.490510563756724,0.231,0.078,1
"Socs4",0.0502212291103734,0.403763057245141,0.231,0.078,1
"Naaladl2",0.0502723558534324,0.545880584058686,0.615,0.429,1
"Ddx55",0.0503051123307042,0.301049671920836,0.462,0.217,1
"Rgs6",0.0503598568805619,1.79364729875501,0.538,0.35,1
"Adarb2",0.0503598568805619,1.15873360543624,0.538,0.35,1
"Klhl2",0.0503648697325103,-0.724136620977123,0.385,0.636,1
"Nr4a1",0.0504090677176759,-0.704977912626228,0.077,0.332,1
"Ldhb",0.0504275066444968,-0.580045189274506,0.308,0.599,1
"Chordc1",0.0504623957682678,-0.716671987455884,0.077,0.323,1
"Apba2",0.0506028473037343,0.601469825996973,0.692,0.525,1
"Paip1",0.0506835503207024,0.351837723834306,0.308,0.12,1
"Rps27",0.0506836493547265,0.458392411448137,0.462,0.244,1
"Kif17",0.0507468181312381,-0.651322103295971,0,0.235,1
"Acadsb",0.0507468181312381,-0.57945014087359,0,0.235,1
"Frg1",0.0507468181312381,-0.561882024747956,0,0.235,1
"Scn4b",0.0507468181312381,-0.713721598634821,0,0.235,1
"Slc25a12",0.0508134601503717,0.593432687535519,0.615,0.447,1
"Gm17231",0.0509075141754972,-0.73704602038951,0.077,0.327,1
"Jph1",0.0510561680325839,0.684683312056797,0.462,0.276,1
"Arhgap20os",0.0511135222003199,0.35080265816073,0.231,0.074,1
"Satb2",0.0511921140608347,0.585973299030025,0.308,0.134,1
"Zscan21",0.0512333379912567,0.584442243196406,0.231,0.083,1
"Zfp810",0.0512333379912567,0.672422387442207,0.231,0.083,1
"8030451O07Rik",0.0512602941449967,0.711822665972932,0.231,0.078,1
"Tatdn1",0.05128423571549,0.434375559109626,0.385,0.171,1
"Zfc3h1",0.0512931572180126,0.409107789351893,0.538,0.276,1
"Pcdh17",0.0513750761160408,-0.918399795755247,0.385,0.641,1
"Tenm3",0.0513752441121905,-1.16676296729044,0.462,0.659,1
"Mysm1",0.0519084733154237,0.532939787559815,0.615,0.359,1
"Ten1",0.0520369579333812,0.64677492822944,0.308,0.134,1
"Arsb",0.0521469004088069,0.457961354856879,0.615,0.346,1
"Synrg",0.0521590547179713,-0.639721896701809,0.077,0.327,1
"Lamb1",0.0521931929368933,0.301352374251701,0.231,0.074,1
"Kif3a",0.0522523594588291,-0.68706314702099,0.231,0.461,1
"ENSMUSG00000120533",0.0522665304892885,0.537834300285315,0.231,0.083,1
"Chchd2",0.052314496774235,-0.629099206963917,0.308,0.618,1
"Gtf3c2",0.0523172967549423,0.507520247004772,0.231,0.078,1
"Anp32e",0.0524424160335352,0.377709523358314,0.308,0.12,1
"Gm10848",0.0524673492017693,-0.884584199470991,0.154,0.424,1
"Ipo13",0.0526133587206462,0.519309838664376,0.154,0.041,1
"Gm43896",0.0526133587206462,0.456288749258223,0.154,0.041,1
"Zfp65",0.0526133587206462,0.526683786857054,0.154,0.041,1
"Phyhipl",0.0527566391527762,-0.699338872082034,0.077,0.341,1
"Srpk1",0.0528831712680033,-0.653074240534008,0.077,0.359,1
"Tshz3",0.0528898491904884,0.290745114877178,0.308,0.12,1
"Comt",0.0531942655940295,0.560906835453752,0.538,0.332,1
"Pgm1",0.053291870998779,0.270398893792129,0.231,0.074,1
"Cntrl",0.0533170896118363,0.610942017602893,0.231,0.083,1
"Gsg1l",0.0533390830974742,-0.783461350901696,0.154,0.401,1
"Diras2",0.0533895982321448,-0.61974918770107,0.077,0.341,1
"Endod1",0.0533924637029692,0.339934173838633,0.231,0.078,1
"C730002L08Rik",0.0533924637029692,0.327744821461108,0.231,0.078,1
"Ankrd13d",0.0535628735846797,0.423184176350981,0.308,0.124,1
"Mme",0.0536307739431138,-0.764755942990759,0,0.23,1
"Pomp",0.0536307739431138,-0.557763830734579,0,0.23,1
"Cwc15",0.0536307739431138,-0.552597483300483,0,0.23,1
"Mpp2",0.0536307739431138,-0.55772309403365,0,0.23,1
"Hmgcs1",0.0536307739431138,-0.565206781083341,0,0.23,1
"Smc3",0.0537352388673005,-0.547480184128219,0.077,0.373,1
"Ube2ql1",0.0539061613953011,0.443620492157442,0.385,0.175,1
"Stard9",0.0541451043086412,0.516879411088073,0.308,0.129,1
"Srebf2",0.0542809520167664,-0.614376374358113,0.077,0.336,1
"Gm14325",0.0543852284840804,0.517110128592878,0.231,0.083,1
"2900093K20Rik",0.0545923543209915,0.516782610106915,0.308,0.129,1
"Frmd4a",0.0546569800220528,0.773274634327829,1,0.788,1
"Cpeb4",0.0547071469394788,-0.717315081243432,0.231,0.512,1
"Myrip",0.0547820345321069,0.964185599508036,0.462,0.244,1
"Maml3",0.0548213691411385,-0.586872320849651,0.231,0.507,1
"Sptbn1",0.0549666724713591,-0.594512654561675,0.615,0.866,1
"Fbxl17",0.0552704386929415,0.503966092824832,0.923,0.779,1
"Phf14",0.0553380015695667,0.293817548588394,0.846,0.567,1
"Gtpbp8",0.0553784167352183,0.441493795860563,0.308,0.124,1
"Rgl2",0.0553784167352183,0.371582979966615,0.308,0.124,1
"Ndc1",0.0555090454765638,0.588525009793876,0.154,0.041,1
"Arhgef28",0.0555331529677066,0.766841148016575,0.385,0.184,1
"Col19a1",0.0555346419576731,0.638514256272956,0.308,0.134,1
"Trmt10b",0.0555346419576731,0.56906542871517,0.308,0.134,1
"Zfp641",0.0555982029896342,0.512658110214076,0.231,0.078,1
"Dynlt2b",0.0555982029896342,0.401132798461936,0.231,0.078,1
"Sik3",0.0557449365984567,-0.5042417979172,0.462,0.728,1
"Ndrg3",0.055832956494509,-0.612300340619993,0.385,0.581,1
"Azin2",0.0561134458745273,0.319599451555426,0.308,0.12,1
"Gm10048",0.0563052483935265,0.438338180054332,0.308,0.124,1
"Ppp1r16b",0.0563618906794871,-0.687244276739039,0.077,0.346,1
"Dynlt3",0.0565416250402425,0.441749767941993,0.385,0.18,1
"Ttyh1",0.0565674470419237,-0.644996018650481,0.231,0.544,1
"Kbtbd3",0.0565751027041413,0.55583481573446,0.231,0.083,1
"Pelp1",0.0565751027041413,0.52102303685258,0.231,0.083,1
"Gm13268",0.0566617199073647,-0.772842819566303,0,0.226,1
"Cdin1",0.0566617199073647,-0.639916003375543,0,0.226,1
"Sem1",0.0566617199073647,-0.596493826823893,0,0.226,1
"Tmem91",0.0566617199073647,-0.66637646380206,0,0.226,1
"Elk3",0.0566617199073647,-0.636702364556997,0,0.226,1
"Wdr45b",0.0566617199073647,-0.584713091165798,0,0.226,1
"Capn7",0.0566617199073647,-0.546953443471482,0,0.226,1
"Puf60",0.0566617199073647,-0.544333483602355,0,0.226,1
"Dnajc8",0.0567438032615782,-0.70075270156992,0.077,0.327,1
"Igsf11",0.0570645402546473,-0.713136128923104,0.154,0.401,1
"Kcnh7",0.0570825203207928,0.818801251694999,0.923,0.742,1
"Magi1",0.0573345782605788,0.798351322792243,0.769,0.673,1
"Mbnl2",0.0574942192447453,-0.593367827495004,0.769,0.862,1
"Optn",0.0576972689316537,0.475126129866972,0.231,0.083,1
"A630036G19Rik",0.0576972689316537,0.556447420837741,0.231,0.083,1
"Gm17922",0.0578793469152525,0.493921928312826,0.231,0.078,1
"Trim23",0.0582810393961974,0.498056348732402,0.308,0.129,1
"Hnrnpab",0.0582844992032917,0.600109710375757,0.308,0.134,1
"2610204G07Rik",0.0585363284247341,0.419744921138345,0.154,0.041,1
"Zhx3",0.058604157251882,0.665724449369202,0.385,0.207,1
"Ctxn1",0.0586111371694169,-0.642733578289578,0.154,0.424,1
"Lrrfip2",0.0588089003830594,-0.628167144721057,0.077,0.327,1
"Ift140",0.05883787660209,0.407669012262844,0.231,0.083,1
"Naa16",0.059014971523169,0.425054380004278,0.385,0.18,1
"Sphkap",0.059183961874751,0.850313975648642,0.692,0.415,1
"Neto2",0.0592176831314632,-0.820427955257819,0.231,0.521,1
"mt-Cytb",0.0592728855943065,-0.76335001950016,0.692,0.876,1
"Klhl22",0.0596408467114863,0.369612085692623,0.462,0.23,1
"Ndst4",0.0597077793767781,-0.965088937492544,0.077,0.364,1
"Gm13944",0.0597536487643643,-0.789811443255357,0.077,0.323,1
"Trp53bp1",0.0597675236509021,-0.554310755610799,0.077,0.355,1
"Ier5",0.0598465220047978,-0.573271536460865,0,0.221,1
"Ubxn11",0.0598465220047978,-0.605333143791149,0,0.221,1
"Epn1",0.0598465220047978,-0.538512609379795,0,0.221,1
"Rps25",0.0598465220047978,-0.627939031389509,0,0.221,1
"Nus1",0.0598465220047978,-0.6258931285412,0,0.221,1
"Fam104a",0.0598465220047978,-0.629364071630707,0,0.221,1
"Inhba",0.0598465220047978,-0.638330139959665,0,0.221,1
"Tnk2",0.0598465220047978,-0.557973364177461,0,0.221,1
"Idh3g",0.0598465220047978,-0.515050184154626,0,0.221,1
"Rock1",0.0599487964900275,0.598016542474876,0.692,0.535,1
"Spink8",0.0601006530089089,0.312064142991891,0.154,0.041,1
"Gm48226",0.0601006530089089,0.407053171161152,0.154,0.041,1
"Gm47586",0.0601006530089089,0.336622878464312,0.154,0.041,1
"Exph5",0.0602377458222394,0.273610701459476,0.231,0.078,1
"Tet2",0.0603732896295536,-0.652702888815193,0.077,0.309,1
"Rbx1",0.060699115648011,-0.688829781491719,0.077,0.318,1
"Dennd5b",0.0608118547095351,0.559805709525432,0.615,0.521,1
"Ndufs1",0.0610618711971264,-0.652180626929769,0.077,0.318,1
"Ngef",0.0611340728533609,-0.759868981672346,0.231,0.452,1
"Ptpn23",0.0611752872799224,0.355825169070756,0.231,0.083,1
"Map4k4",0.0614266138608329,0.759224109727414,0.538,0.29,1
"Ep400",0.0614847643855589,-0.51183875857461,0.077,0.359,1
"Rab6b",0.0615057415316824,-0.708739025312756,0.538,0.696,1
"Rin2",0.0616994835638713,0.35768355401534,0.154,0.041,1
"Gm14377",0.0616994835638713,0.391569954921228,0.154,0.041,1
"Socs2",0.0616994835638713,0.342375464866341,0.154,0.041,1
"Nfkbil1",0.0616994835638713,0.361053134450771,0.154,0.041,1
"Pcsk2",0.0617969028972721,-0.485584193631292,0.692,0.908,1
"Cox5a",0.0620719100423423,-0.749212588058639,0.308,0.539,1
"Ndfip1",0.0621585304152358,0.522105665024546,0.769,0.829,1
"Focad",0.0623389153477735,0.683157532204599,0.692,0.502,1
"Phf10",0.0623725277157557,0.337851958021245,0.231,0.083,1
"Acap2",0.062491798312271,-0.638682526797727,0.385,0.691,1
"Rps29",0.0625763348327536,-0.59534924402155,0.154,0.424,1
"Khdrbs3",0.0625763348327536,0.62491950443867,0.615,0.396,1
"Syngr1",0.0625814865413826,-0.594421303846644,0.077,0.355,1
"Nars",0.0627669477099464,-0.684275529088464,0.231,0.456,1
"Las1l",0.0628116477386217,0.703882680232756,0.462,0.267,1
"Gria3",0.0628311047971711,-0.596473368095439,0.538,0.885,1
"Dipk1a",0.0630268399110542,0.519040292101642,0.462,0.249,1
"Cep164",0.0631524650967151,0.263655900617653,0.385,0.161,1
"Lrp1",0.0631831805029824,-0.665094035568711,0.154,0.378,1
"Fam171a2",0.063192241832996,-0.548378997073217,0,0.217,1
"Rpl31",0.0631923729462883,-0.573041724782232,0,0.217,1
"Ccnyl1",0.0631923729462883,-0.517337903872055,0,0.217,1
"Cmpk1",0.0631923729462883,-0.536774860104987,0,0.217,1
"Adap1",0.0631923729462883,-0.466053670196109,0,0.217,1
"Tomm40",0.0631923729462883,-0.552068992154675,0,0.217,1
"Zfp821",0.0631923729462883,-0.50653329941378,0,0.217,1
"C2cd2l",0.0631923729462883,-0.491227954421206,0,0.217,1
"Ndufaf2",0.0631923729462883,-0.56738106167094,0,0.217,1
"Slain1",0.0631923729462883,-0.545748548781635,0,0.217,1
"Cct5",0.0631923729462883,-0.586383263812931,0,0.217,1
"Igip",0.0631923729462883,-0.536718124281973,0,0.217,1
"Nudt6",0.0633333611576094,0.255204846687089,0.154,0.041,1
"Slc25a13",0.0633333611576094,0.340563136985613,0.154,0.041,1
"Klhl42",0.0633333611576094,0.361656095304319,0.154,0.041,1
"Gm48956",0.0633333611576094,0.279507015220211,0.154,0.041,1
"Ubc",0.0634480042555906,-0.589490242255801,0.154,0.442,1
"Tmem150c",0.0635756212839891,0.414568451690142,0.385,0.189,1
"Elmo1",0.0635945333885603,-0.821428646958837,0.538,0.645,1
"Prrc2b",0.0638878874059261,-0.582193418361708,0.231,0.539,1
"Phtf2",0.0638879852341905,0.610744022961108,0.462,0.29,1
"Gm15810",0.0641039518030197,-0.688385593413892,0.077,0.309,1
"Ywhaz",0.0641645477741778,-0.614608598569111,0.462,0.682,1
"2610316D01Rik",0.0642004430938703,0.540148636233905,0.308,0.129,1
"Ppm1f",0.0642004430938703,0.404115900702601,0.308,0.129,1
"Dync1li1",0.064299588026937,-0.595872321805707,0.077,0.304,1
"Tbl1xr1",0.0643951260289565,0.517883345822467,0.538,0.327,1
"Acsl3",0.0645019445720685,0.699877592859585,0.385,0.198,1
"Rgl1",0.0647140304360925,-0.669831225595794,0.154,0.41,1
"Kit",0.0650028291753909,0.359634836102266,0.154,0.041,1
"H2-D1",0.0650028291753909,0.290050433649443,0.154,0.041,1
"Syt11",0.0652282569768507,-0.649949026396582,0.538,0.696,1
"Psmd13",0.0652450854666424,0.614365398201701,0.385,0.207,1
"Brwd1",0.0653186201149916,-0.511155547203704,0.154,0.493,1
"Gm21992",0.0654269758110563,0.520132003133796,0.462,0.249,1
"Caly",0.0659940658646292,-0.7316492054027,0.231,0.512,1
"Pim2",0.0662806268269489,0.434726093883584,0.308,0.129,1
"Gm38162",0.0663429653107276,0.449316615930134,0.385,0.175,1
"Rnf227",0.0663760894728161,-0.683475438403611,0.154,0.406,1
"Tubb4b",0.0666457450788599,-0.650433073523312,0.077,0.304,1
"Adora1",0.0667068123032979,-0.520932232204887,0,0.212,1
"Fam102b",0.0667068123032979,-0.644614063512403,0,0.212,1
"Ldha",0.0667068123032979,-0.57899545745555,0,0.212,1
"Gaa",0.0667068123032979,-0.532573627962403,0,0.212,1
"Nptx1",0.0667068123032979,-0.571051276809492,0,0.212,1
"Ccdc66",0.0667068123032979,-0.495908226286222,0,0.212,1
"Naa50",0.0667068123032979,-0.536436088198189,0,0.212,1
"Mta3",0.0667068123032979,-0.536553418381455,0,0.212,1
"Sh3rf2",0.0667068123032979,-0.922298698806053,0,0.212,1
"Psd",0.0667068123032979,-0.561287557143126,0,0.212,1
"Eif1ax",0.0667068123032979,-0.499749964858796,0,0.212,1
"4930538E20Rik",0.0667084331484752,0.365169503519722,0.154,0.041,1
"Ankfn1",0.0667084331484752,0.333449285951024,0.154,0.041,1
"Als2",0.066760112706537,0.606932170490305,0.231,0.088,1
"Plk2",0.0667607431212403,-0.74046012706677,0.154,0.424,1
"Strn4",0.0668377049742793,-0.652979341542783,0.077,0.3,1
"Zfr2",0.067011015586772,0.375058479378746,0.462,0.235,1
"Tulp4",0.067015549561838,0.637190422176254,0.615,0.488,1
"Lonrf2",0.0670213396696802,-0.613354192068594,0.154,0.392,1
"Hspa8",0.0670250560335374,-0.609352625022858,0.769,0.82,1
"Fgd4",0.0670685584610919,0.548397358229878,0.462,0.249,1
"Ccdc191",0.067378962973901,0.342640639396835,0.308,0.124,1
"Cadm3",0.0674401782147426,-0.530605350730329,0.077,0.341,1
"Ckb",0.0677001414954765,-0.758561920724829,0.769,0.853,1
"Tbc1d14",0.0680654152005736,1.02798571290097,0.308,0.138,1
"Mia3",0.0683242197907427,-0.658107675469522,0.154,0.387,1
"Ppfia1",0.0683408116949949,0.467167074601775,0.462,0.244,1
"Slc26a10",0.0684507205779245,0.317999021640184,0.154,0.041,1
"4930547E14Rik",0.0684527930415935,-0.644387500785208,0.077,0.3,1
"Phf1",0.0686528920767,0.437482125491277,0.231,0.083,1
"Mtch2",0.0690619514664675,-0.592781924502578,0.077,0.304,1
"Cntnap4",0.0693518881060245,0.500238520810037,0.308,0.134,1
"Sh2d5",0.0693793194124173,-0.586654954063838,0.077,0.336,1
"Ntng1",0.0696779015854855,-1.72586303794183,0.308,0.553,1
"mt-Co1",0.0697179614786181,-0.77173622558969,0.231,0.479,1
"Anp32a",0.0697436900324117,0.447417124945515,0.538,0.304,1
"Magee1",0.0698739805347892,0.579267891455217,0.308,0.143,1
"Mir6236",0.0698831707777419,-0.657268790094219,0.077,0.304,1
"Sh3yl1",0.0699693491029079,0.323081981615262,0.231,0.083,1
"Megf9",0.0702937481431958,-0.682250921803829,0.077,0.295,1
"Osbpl10",0.0703848954132591,0.48116827580175,0.385,0.198,1
"Cox6b1",0.0703927199456771,-0.638018085101954,0.154,0.392,1
"Nck2",0.0703977484946613,-0.52924761470495,0,0.207,1
"Lamc1",0.0703977484946613,-0.528295486057941,0,0.207,1
"Usp8",0.0703977484946613,-0.563420562684145,0,0.207,1
"Ndufaf5",0.0703977484946613,-0.511257887234788,0,0.207,1
"Fabp5",0.0703977484946613,-0.590322273897218,0,0.207,1
"Gmeb1",0.0703977484946613,-0.538989276704385,0,0.207,1
"Fam3c",0.0703977484946613,-0.482808087407478,0,0.207,1
"Mrps12",0.0703977484946613,-0.518530560793125,0,0.207,1
"Sirt7",0.0703977484946613,-0.470038204933813,0,0.207,1
"Tmem168",0.0704383763413397,0.477709834219826,0.308,0.134,1
"Dgkb",0.0705101580366016,-0.820413874513217,0.846,0.871,1
"Clmp",0.0705536809604112,-0.601897806600826,0.154,0.41,1
"Ndufs3",0.0705872268439219,-0.558049278094798,0.077,0.341,1
"Dhx36",0.0707717236822404,-0.563141692048074,0.154,0.465,1
"Rps11",0.0708994165764387,0.396287012624847,0.462,0.235,1
"Pdhx",0.0709401581607701,0.566456602132794,0.308,0.143,1
"Ptk2",0.0709624530002098,0.467327959730834,0.769,0.641,1
"4632427E13Rik",0.0709697883077439,-0.656182686901845,0.154,0.378,1
"Zfr",0.0709898024855349,-0.524425280425036,0.385,0.76,1
"Trim8",0.0713064539387397,0.316068123967105,0.231,0.083,1
"Ikbkg",0.0713064539387397,0.349295217592048,0.231,0.083,1
"Rap1gap",0.0714050844119797,-0.641861626696654,0.231,0.516,1
"Actr2",0.0715096017302191,-0.602754810213531,0.308,0.539,1
"Aig1",0.0715933731693587,1.08833509554762,0.615,0.488,1
"Gpr88",0.0717217601703266,-0.86769503101865,0.077,0.327,1
"Timm44",0.0717881388572153,0.413293757925619,0.462,0.235,1
"Dlgap3",0.0720792508692747,-0.589502657141858,0.154,0.41,1
"Gm15496",0.0721089089801714,0.514266570402381,0.154,0.046,1
"Gm11638",0.0721089089801714,0.573761359457318,0.154,0.046,1
"Gpatch4",0.0726532490466606,0.49702213872853,0.308,0.134,1
"Gm42768",0.0726644302687925,0.347405840157021,0.231,0.083,1
"Ube2w",0.0726854984850466,0.500073700515749,0.615,0.488,1
"Tcf4",0.073223392615922,0.717746402615749,0.692,0.576,1
"Cops7b",0.0732551514757403,0.499760642443929,0.231,0.088,1
"Kdelr1",0.0734828978350315,0.525862732184161,0.308,0.138,1
"Azin1",0.0734914716681168,-0.638324733976404,0.077,0.3,1
"Hnrnph1",0.0735716636327792,-0.577903131181113,0.385,0.599,1
"Shank3",0.0738384871111843,-0.620284244432967,0.077,0.309,1
"Tpr",0.0738564180732739,0.402550271914911,0.846,0.631,1
"2510002D24Rik",0.0738899662377922,0.521625241326763,0.154,0.046,1
"Cnst",0.0742734828567622,-0.575243249576012,0,0.203,1
"Chmp4b",0.0742734828567622,-0.464839666171146,0,0.203,1
"Capza1",0.0742734828567622,-0.514035687733207,0,0.203,1
"1810037I17Rik",0.0742734828567622,-0.476871718388086,0,0.203,1
"Bpnt2",0.0742734828567622,-0.500664130198977,0,0.203,1
"Trim32",0.0742734828567622,-0.513368986135843,0,0.203,1
"Smarcb1",0.0742734828567622,-0.482918015546618,0,0.203,1
"Ppp1r9b",0.0742734828567622,-0.503348886591822,0,0.203,1
"Gm48715",0.0742734828567622,-0.550613461676376,0,0.203,1
"Extl3",0.0742734828567622,-0.518743874738645,0,0.203,1
"Ar",0.0742734828567622,-0.521460707765712,0,0.203,1
"Gabarapl1",0.0744181663721065,-0.641282920283391,0.154,0.41,1
"Vdac2",0.0746090800857054,-0.444786827756383,0.077,0.35,1
"Tmx1",0.0746142772489274,0.50541843697824,0.231,0.088,1
"Btbd8",0.0747015293464363,-0.581247473785508,0.077,0.309,1
"Fbn1",0.0749890563160227,0.849810369105306,0.231,0.092,1
"Dhx9",0.0756795944183029,-0.600036072806538,0.077,0.29,1
"Tmem255a",0.0757068264932683,0.80114855364826,0.154,0.046,1
"Pkd2",0.0758630134256231,0.606493181920803,0.385,0.217,1
"Ipo5",0.0759135545647951,0.586925560470271,0.308,0.157,1
"Galnt11",0.0763140396344704,-0.600140218755056,0.154,0.406,1
"Lrp1b",0.0763355812367354,0.338790409464018,1,0.954,1
"Phf20l1",0.0763922849420683,0.441801401114623,0.692,0.622,1
"Cntnap5b",0.0766522378597438,-0.825388790439829,0.308,0.539,1
"A330008L17Rik",0.0766596399540983,0.483695183195387,0.462,0.221,1
"Wwox",0.0769781238683118,0.771157211591564,0.615,0.429,1
"Prickle2",0.0771730799410036,-0.669263789370654,0.538,0.705,1
"Wdr47",0.0772427910048168,-0.502392668909656,0.077,0.341,1
"Adgrb2",0.07726357928124,-0.632221588479218,0.077,0.295,1
"Stk10",0.0773943314360095,0.351456611154037,0.231,0.088,1
"Gm38120",0.0775599796485785,0.407187340248875,0.154,0.046,1
"Gm28175",0.0775599796485785,0.353302336848407,0.154,0.046,1
"Gm15706",0.0775599796485785,0.463349246298913,0.154,0.046,1
"Carm1",0.0776205885825568,0.423278951601886,0.308,0.143,1
"Rragc",0.0776604936899549,0.547409032494406,0.308,0.152,1
"Nsf",0.0782572042456861,-0.657689863772211,0.462,0.751,1
"Ube2j2",0.0783427360576543,-0.527116704747104,0,0.198,1
"Tgfbr3",0.0783427360576543,-0.592868698381208,0,0.198,1
"Atp6v0a2",0.0783427360576543,-0.418165565093161,0,0.198,1
"Map3k10",0.0783427360576543,-0.527606782634538,0,0.198,1
"Zfp260",0.0783427360576543,-0.485156834035143,0,0.198,1
"Copb1",0.0783427360576543,-0.4403366361131,0,0.198,1
"Pin1",0.0783427360576543,-0.530812154196096,0,0.198,1
"Msl2",0.0783427360576543,-0.479622303407689,0,0.198,1
"Cand1",0.0783427360576543,-0.450083321507386,0,0.198,1
"Per1",0.0783427360576543,-0.488398159163084,0,0.198,1
"Mtrex",0.0783427360576543,-0.516485152465787,0,0.198,1
"Poglut1",0.0783427360576543,-0.470100597542958,0,0.198,1
"Nudt3",0.0783427360576543,-0.464023192018263,0,0.198,1
"Polr2g",0.0783427360576543,-0.465116108365386,0,0.198,1
"Cxadr",0.0784032185870881,-0.641188381788455,0.077,0.29,1
"Prkcb",0.0784310454673311,-0.407787994512269,0.692,0.866,1
"Rc3h1",0.0785441957489678,-0.553752461354159,0.077,0.304,1
"Top3b",0.078782292344777,0.515171012937074,0.308,0.143,1
"Ap5z1",0.0788156822421415,0.339960099269875,0.231,0.088,1
"Cacna1a",0.0790302260305335,-0.504665954409129,0.615,0.857,1
"Morn1",0.0791222791145212,0.377820928640793,0.231,0.092,1
"Tmem50a",0.0791411476992306,-0.593188664174296,0.077,0.309,1
"Msantd2",0.0792480294953404,0.394572355540064,0.308,0.138,1
"Map2",0.0793355876574301,-0.56042037076617,0.769,0.885,1
"Ap3b2",0.0794475163049085,-0.504506216384777,0.077,0.327,1
"Anks6",0.0794499163014924,0.296294378857351,0.154,0.046,1
"Slc35f6",0.0794499163014924,0.373536022837152,0.154,0.046,1
"Sgf29",0.0794499163014924,0.401858818523753,0.154,0.046,1
"Nphp3",0.0794499163014924,0.431284876541165,0.154,0.046,1
"Tnik",0.0797039063210103,-0.520149134892276,0.692,0.889,1
"Soga3",0.0797107821811652,-0.424950071271013,0.385,0.659,1
"Creg2",0.0797685301256238,0.497004501617298,0.385,0.198,1
"Kcnj6",0.0798587504463768,0.750139164324627,0.538,0.295,1
"Rbbp6",0.0803834199986921,-0.632211331690897,0.154,0.378,1
"Cacng8",0.0804817797477533,-0.631881443185281,0.077,0.286,1
"Fads1",0.0805405119685037,0.5885877445692,0.231,0.092,1
"Celf4",0.0805854850934539,0.327719240280181,1,0.899,1
"Gnb5",0.0807170282987995,-0.653705071457593,0.231,0.512,1
"Ppp1r7",0.0807654024542961,-0.557256705730965,0.077,0.323,1
"Ralbp1",0.0810636308181748,0.599342306248914,0.538,0.323,1
"Macrod2",0.0810902469853227,-0.379084014272741,1,0.982,1
"Zmat4",0.0811673453275571,0.91048418461571,0.538,0.415,1
"Sgk3",0.081244402609569,-0.50895504781048,0.077,0.336,1
"Paxbp1",0.0813486624026627,0.64155886362628,0.615,0.433,1
"Exosc3",0.0813771275751169,0.411916601436379,0.154,0.046,1
"Dipk2a",0.0813771275751169,0.320114297092437,0.154,0.046,1
"Gnpat",0.0818681976235092,0.524052871369586,0.385,0.198,1
"Lrrfip1",0.082093281338974,0.523942488180476,0.615,0.493,1
"Stmn4",0.0823442524839104,-0.609371337536157,0.154,0.373,1
"Dcp2",0.0824451898552131,0.378679006157179,0.308,0.129,1
"Cnih4",0.0826146771549278,-0.517531426062521,0,0.194,1
"ENSMUSG00000121160",0.0826146771549278,-0.533598502214003,0,0.194,1
"Slx4ip",0.0826146771549278,-0.419416105673211,0,0.194,1
"Ptpn3",0.0826146771549278,-0.560202971400167,0,0.194,1
"Gak",0.0826146771549278,-0.490324308099846,0,0.194,1
"Mrps25",0.0826146771549278,-0.488579290436723,0,0.194,1
"Tmem121b",0.0826146771549278,-0.502702005169419,0,0.194,1
"Afg1l",0.0826146771549278,-0.48136437162628,0,0.194,1
"Col6a1",0.0826146771549278,-0.574403724132749,0,0.194,1
"Prkch",0.0826146771549278,-0.819320698867491,0,0.194,1
"Dbpht2",0.0826146771549278,-0.491967797743376,0,0.194,1
"Prr7",0.0826146771549278,-0.481081654016323,0,0.194,1
"Arc",0.0826146771549278,-0.572199486520015,0,0.194,1
"Retreg1",0.0826302516892789,-0.513250455483143,0.077,0.332,1
"Dynll1",0.0827764019559735,-0.513605001432066,0.385,0.659,1
"Gpr107",0.0829968700231146,0.490212537945979,0.385,0.207,1
"Rfx3",0.0830078570143323,-0.871656485437197,0.538,0.641,1
"Tpi1",0.0830663441071293,-0.700483104196953,0.154,0.355,1
"Hras",0.0830664500098814,-0.702300135940016,0.154,0.355,1
"Aspscr1",0.0833421049437981,0.316244767050004,0.154,0.046,1
"Rsph3b",0.0833421049437981,0.35882728444986,0.154,0.046,1
"Cct2",0.0838148611078422,-0.65808119042205,0.077,0.295,1
"Taok3",0.0840896323948924,-0.581122309502768,0.077,0.29,1
"Cc2d2a",0.0841204562454948,0.440880334597268,0.308,0.138,1
"Pgk1",0.0841472710735043,-0.584483804239723,0.077,0.304,1
"Ptpn11",0.0842517839035475,-0.614274974612559,0.154,0.387,1
"Ociad1",0.0843386391059061,-0.585511399606856,0.077,0.286,1
"Dimt1",0.0845933105708143,0.456755002300665,0.385,0.207,1
"Plppr4",0.0846878234327769,-0.599997430029644,0.538,0.724,1
"Elavl3",0.0848535944631059,-0.485799896048669,0.231,0.525,1
"Lrrn2",0.0849217209108337,-0.375600551662805,0.077,0.336,1
"Spen",0.0849217209108337,-0.368399201096567,0.077,0.336,1
"Pcdhb20",0.0853453400554132,0.36858147558343,0.154,0.046,1
"Ankrd26",0.0853943292192704,0.463483229089567,0.308,0.147,1
"Rps16",0.0855623638007495,0.477004840719492,0.462,0.267,1
"Cplx2",0.0855925756983257,-0.586407579856755,0.308,0.553,1
"Cdh8",0.0856013192863035,-0.623292896726751,0.615,0.774,1
"Lrrk2",0.0859844460684592,-0.646628925412749,0.231,0.456,1
"Gm16552",0.0862441355101548,0.357288643335335,0.231,0.088,1
"Coq9",0.0862441355101548,0.301071477147637,0.231,0.088,1
"Tmbim6",0.0862607593194832,-0.549173661056572,0.077,0.295,1
"Rpl29",0.0863748271060114,-0.397121725069742,0.077,0.332,1
"Hmgb1",0.0865058674254678,0.511462780097009,0.692,0.475,1
"Nceh1",0.0868852989320801,-0.598786722261301,0.154,0.35,1
"Ccdc39",0.0870989556433537,-0.431336931089543,0,0.189,1
"Prkab2",0.0870989556433537,-0.449812944094414,0,0.189,1
"Por",0.0870989556433537,-0.51498117020466,0,0.189,1
"Iqce",0.0870989556433537,-0.433178039100356,0,0.189,1
"Radil",0.0870989556433537,-0.504716503968571,0,0.189,1
"Tarsl2",0.0870989556433537,-0.475241354048117,0,0.189,1
"Llph",0.0870989556433537,-0.539620799012241,0,0.189,1
"Cdkl3",0.0870989556433537,-0.498232767337309,0,0.189,1
"Polr2a",0.0870989556433537,-0.511891093489203,0,0.189,1
"Atp6ap1l",0.0870989556433537,-0.589786459649667,0,0.189,1
"Hsd17b4",0.0870989556433537,-0.457028384206552,0,0.189,1
"Pdcd11",0.0870989556433537,-0.465502009558987,0,0.189,1
"mt-Atp6",0.0870989556433537,-0.515415354642408,0,0.189,1
"Ndst1",0.0871675212084194,0.379997145812869,0.308,0.134,1
"Lnpk",0.0873525919366113,0.573091525867801,0.462,0.304,1
"Rbm15b",0.087387324550093,0.268384433913854,0.154,0.046,1
"Golga2",0.0876098284276201,0.479857506332811,0.308,0.129,1
"Cops5",0.0877900412596853,-0.552178451685752,0.077,0.276,1
"Uimc1",0.0879316498129172,0.406927536541826,0.308,0.138,1
"E230029C05Rik",0.0879443354404093,0.57175198438664,0.231,0.092,1
"Tafa5",0.0883652445542893,-0.482650851301859,0.231,0.465,1
"Atxn2",0.0884646108438231,0.790961661158076,0.615,0.415,1
"Epm2a",0.088593429137002,0.410201730296067,0.308,0.143,1
"Brsk2",0.08859697876564,-0.584276823857318,0.077,0.281,1
"Galnt16",0.0886599648570573,0.371020477862508,0.385,0.194,1
"Tmem175",0.0886993970818133,0.449704322991461,0.538,0.35,1
"Nudt5",0.0890580620683649,-0.536274966670944,0.154,0.396,1
"Ndufab1",0.0890795763177087,-0.612405839386172,0.077,0.29,1
"Atp6v1d",0.0893508107183908,-0.571817453409998,0.231,0.521,1
"C130073E24Rik",0.0893685842570821,-0.778235743320082,0.077,0.286,1
"E430024I08Rik",0.0893695950601385,0.297899144988795,0.231,0.088,1
"Wars2",0.0894685498754193,0.361451160117862,0.154,0.046,1
"Slc25a20",0.0894685498754193,0.272086479982485,0.154,0.046,1
"Lingo1",0.0894883584191583,-0.630860531412403,0.231,0.456,1
"Meis2",0.0895064932401009,-0.375778633313404,0.538,0.811,1
"Srrm1",0.0895125235732562,0.573166287955855,0.615,0.479,1
"Anp32b",0.0905381105569195,0.408865248205079,0.308,0.143,1
"Ptpn9",0.0906551715285342,-0.611827927590092,0.154,0.387,1
"Mast4",0.0907613521268423,0.550044795096887,0.615,0.41,1
"Syt4",0.0907613521268423,-0.554545257988278,0.154,0.438,1
"Dcaf5",0.0908414648928954,-0.579451711563376,0.154,0.369,1
"Rnf11",0.0909236836121691,0.517772188341686,0.462,0.263,1
"Zfp384",0.0909661881277002,0.366329057472899,0.231,0.088,1
"Mafg",0.0910884540754941,-0.529173411831635,0.077,0.304,1
"Usp4",0.0910888796336945,0.307027544453143,0.462,0.23,1
"Aifm3",0.0911400379265326,0.334449962936097,0.308,0.134,1
"Tmem59",0.0911672701210468,-0.689817634995642,0.308,0.47,1
"Tmed7",0.0911941902649875,0.511401605425888,0.308,0.143,1
"Mink1",0.0912694987375899,-0.501990119705273,0.154,0.424,1
"Ddhd1",0.0912972225273057,0.628052186591868,0.538,0.336,1
"Tgs1",0.091303286960537,0.363851155940454,0.462,0.244,1
"Pex11b",0.091589507098144,0.321194044869275,0.154,0.046,1
"Tmem17",0.091589507098144,0.265635068463045,0.154,0.046,1
"Sf3b3",0.0916356122205564,0.549438480925283,0.385,0.235,1
"Klf9",0.0916875160756991,-0.781456566629575,0.231,0.41,1
"Ulk2",0.0916992905857428,0.504012344077302,0.615,0.461,1
"Abcc5",0.0917120578439086,0.38231205970554,0.692,0.562,1
"Mdh2",0.0917183736292334,0.373609898483992,0.615,0.392,1
"Maea",0.0918055533432236,-0.442632245216654,0,0.184,1
"Gulp1",0.0918057368930054,-0.6659398508522,0,0.184,1
"Ufc1",0.0918057368930054,-0.468813461142375,0,0.184,1
"Fam189b",0.0918057368930054,-0.450266832254885,0,0.184,1
"Ssx2ip",0.0918057368930054,-0.423608055662419,0,0.184,1
"Ncbp1",0.0918057368930054,-0.443801896627706,0,0.184,1
"E130308A19Rik",0.0918057368930054,-0.548728607501309,0,0.184,1
"Akirin1",0.0918057368930054,-0.460548023484485,0,0.184,1
"Rerg",0.0918057368930054,-0.675125914719184,0,0.184,1
"Dpy19l3",0.0918057368930054,-0.460826127090785,0,0.184,1
"Rnf121",0.0918057368930054,-0.45480946209452,0,0.184,1
"Msmo1",0.0918057368930054,-0.468093677425511,0,0.184,1
"Abhd8",0.0918057368930054,-0.451748541839978,0,0.184,1
"Fcho1",0.0918057368930054,-0.479810360969407,0,0.184,1
"Myo6",0.0918057368930054,-0.462599510866205,0,0.184,1
"Csnk1g2",0.0918057368930054,-0.519405939358917,0,0.184,1
"Nup50",0.0918057368930054,-0.386350417011708,0,0.184,1
"Mrpl18",0.0918057368930054,-0.474145832217713,0,0.184,1
"Dusp12",0.0918808917909753,0.378297314184906,0.308,0.138,1
"Kbtbd11",0.0919745011002365,-0.597273044761391,0.077,0.276,1
"Gdpd1",0.0921862088836066,-0.5160884867901,0.077,0.29,1
"Wbp4",0.0921862088836066,-0.615082904172985,0.077,0.29,1
"Scfd2",0.0923104860221183,0.666157185845101,0.462,0.3,1
"Csmd2",0.0925762804805945,0.395144343897877,0.769,0.558,1
"Mettl15",0.0925856385177573,0.311296041087288,0.231,0.088,1
"Gm43320",0.0926439338548681,0.416491567118927,0.231,0.092,1
"Luc7l",0.0926522479445157,0.468420032981412,0.538,0.396,1
"Pik3r1",0.0929663041908533,0.649025857221087,0.538,0.332,1
"Arhgap10",0.0930238801541891,-0.593753059783142,0.308,0.539,1
"Slco3a1",0.0930348272505172,0.65813316398066,0.538,0.364,1
"Upf2",0.0930642173746547,-0.658014500591228,0.231,0.433,1
"Cap1",0.0936507193561185,-0.653700344046979,0.154,0.35,1
"4933423P22Rik",0.0937506867124807,0.2565290401511,0.154,0.046,1
"Pde4b",0.0938096572943468,-0.574198902873829,0.692,0.876,1
"Cend1",0.0938424965409761,-0.437502648727145,0.077,0.318,1
"Fam120a",0.0939463585704398,-0.517308607441841,0.077,0.295,1
"Gm16351",0.0940746926141044,-0.614598804154421,0.154,0.424,1
"Angpt2",0.0942281572991512,0.3101057712116,0.231,0.088,1
"Pou6f2",0.0942281572991512,0.318896338381698,0.231,0.088,1
"Gm47024",0.0942545454274917,0.345834743776554,0.231,0.092,1
"Stk32c",0.0943576632358671,-0.40037104042161,0.077,0.323,1
"Cyp46a1",0.0943619453018485,-0.588480462710926,0.077,0.272,1
"Alms1",0.0945920045148858,0.345958392669081,0.308,0.138,1
"Plcl1",0.0947328268869021,-0.501604562098231,0.154,0.396,1
"Ncdn",0.0947328268869021,-0.654675812406617,0.154,0.396,1
"Nipbl",0.0950495615651443,0.552702789354207,0.615,0.59,1
"Sesn3",0.0951567036567953,-0.625666872001105,0.385,0.53,1
"Eif4g2",0.0954441231441196,-0.556291485386438,0.231,0.47,1
"Gm11508",0.0956962005074159,0.474271928043318,0.231,0.097,1
"Ctsb",0.0957380048994179,0.429255159734834,0.538,0.336,1
"Map4k5",0.0958709313450722,0.360233448849209,0.615,0.378,1
"Actb",0.0962959450592703,-0.620985237636043,0.692,0.806,1
"Axin2",0.0965113760447747,0.42497672476761,0.154,0.051,1
"Cygb",0.0965113760447747,0.44746674389835,0.154,0.051,1
"Myo1b",0.0967457414434561,-0.530657039536888,0,0.18,1
"Per3",0.0967457414434561,-0.481673824926025,0,0.18,1
"Polr2j",0.0967457414434561,-0.476582646341911,0,0.18,1
"Resf1",0.0967457414434561,-0.41011163224904,0,0.18,1
"Aktip",0.0967457414434561,-0.408073311622056,0,0.18,1
"Dctn2",0.0967457414434561,-0.510829139107403,0,0.18,1
"Sfi1",0.0967457414434561,-0.382639724057368,0,0.18,1
"Gmfb",0.0967457414434561,-0.459523858699318,0,0.18,1
"Rad21",0.0967457414434561,-0.474614928025948,0,0.18,1
"Dennd6b",0.0967457414434561,-0.504878767600757,0,0.18,1
"Cbr1",0.0967457414434561,-0.449251632090534,0,0.18,1
"Ndufv3",0.0967457414434561,-0.441792896174221,0,0.18,1
"Adrb1",0.0967457414434561,-0.507820169751404,0,0.18,1
"Eif1b",0.0969413033896741,-0.616134854598834,0.154,0.373,1
"Ctnnbl1",0.0970719516648011,0.465552913526026,0.385,0.207,1
"Zfp326",0.0973267150955749,0.597474780114703,0.385,0.23,1
"Nefl",0.0973276571042989,-0.48572548293193,0.154,0.438,1
"Setbp1",0.0973627317819922,0.484141261845876,0.692,0.664,1
"Tmem259",0.0975026302307685,0.508030943887732,0.308,0.152,1
"Camk2d",0.0975580405049173,0.579993845404651,0.615,0.424,1
"Psmd1",0.0977023961915947,0.375674937532161,0.538,0.327,1
"Ap2a2",0.0977988093098731,-0.519088996930791,0.154,0.382,1
"Sptlc2",0.0980894967248202,0.413562702278762,0.385,0.203,1
"Cfdp1",0.0982959526352718,-0.609096780575573,0.231,0.433,1
"Arhgef9",0.0983026061807929,-0.55089310354245,0.462,0.714,1
"Rnf165",0.0985309826070587,0.291153643612331,0.615,0.336,1
"Dock7",0.0986744210377608,-0.287439086547015,0.154,0.396,1
"Calr",0.0987463334133653,-0.4719818547282,0.231,0.47,1
"Arhgef12",0.0988194181262916,0.621206458574073,0.692,0.553,1
"Gm44560",0.0988353215776136,-0.548952871735682,0.231,0.498,1
"Serpine2",0.0989031364712172,-0.25105608482643,0.154,0.424,1
"Psap",0.0989555293884581,-0.598959704647792,0.385,0.664,1
"ENSMUSG00000120241",0.0990735008739271,-0.503773056730882,0.154,0.392,1
"Rpgr",0.0990891206022021,-0.459530982488294,0.077,0.309,1
"Carmil1",0.0992158080766513,0.690767800052618,0.462,0.267,1
"Zfp711",0.0992213953904889,0.375518997449889,0.231,0.092,1
"Rnf38",0.0997308841458836,0.669472374174104,0.385,0.221,1
"Ccser2",0.0998242930187521,-0.509323246236421,0.154,0.382,1
"Gm10115",0.100206129245717,-0.427720271057112,0.077,0.318,1
"Bhlhb9",0.100206129245717,-0.420137098597474,0.077,0.318,1
"Ubac2",0.100324195086119,0.418354429112408,0.385,0.198,1
"Ankrd28",0.100465341155627,0.513191643304886,0.692,0.525,1
"Nfatc3",0.100581581446235,0.30992213506613,0.385,0.184,1
"Zbtb16",0.100626683271923,0.603809705578068,0.231,0.097,1
"Stau2",0.100666064635825,0.466242895379825,0.692,0.553,1
"1700066M21Rik",0.10088842599328,0.323785320848702,0.154,0.051,1
"Aldoc",0.10088842599328,0.414657513400944,0.154,0.051,1
"Socs5",0.100909717178489,0.423821262105173,0.385,0.217,1
"Neu1",0.100922676632503,0.434354069191411,0.231,0.092,1
"Gpr137c",0.101009830142298,0.752512241501776,0.615,0.461,1
"Gria2",0.101160045712737,-0.282447884967465,1,1,1
"Wdr12",0.101259156411914,0.568017503020081,0.308,0.147,1
"Srrm4",0.101281588786974,0.29974529539782,0.615,0.373,1
"Rab24",0.101371392832625,-0.577000287078517,0.077,0.267,1
"Cracdl",0.101384615994613,-0.47062523989043,0.462,0.654,1
"Pgrmc1",0.101546576296312,0.448964824287016,0.538,0.35,1
"Acat1",0.101725785318684,0.860558575702568,0.538,0.355,1
"Far2",0.101783823260736,0.597059608783571,0.385,0.24,1
"Spag1",0.101818024385496,0.670744655050764,0.231,0.101,1
"Mapk8ip3",0.101868407396137,-0.592160443257663,0.154,0.369,1
"Fam174a",0.101930288697017,-0.444357696036173,0,0.175,1
"Ntng2",0.101930288697017,-0.393576801175824,0,0.175,1
"Ago1",0.101930288697017,-0.493070714645993,0,0.175,1
"6030443J06Rik",0.101930288697017,-0.428644998797381,0,0.175,1
"Gm43175",0.101930288697017,-0.436145076735081,0,0.175,1
"Coq5",0.101930288697017,-0.458871851770359,0,0.175,1
"Arhgap33",0.101930288697017,-0.501342758455786,0,0.175,1
"Fam76b",0.101930288697017,-0.407206390279817,0,0.175,1
"Drd2",0.101930288697017,-0.900294307128197,0,0.175,1
"Cacna2d2",0.101930288697017,-0.517221513399809,0,0.175,1
"Zbtb4",0.101930288697017,-0.436387674242514,0,0.175,1
"ENSMUSG00000121184",0.101930288697017,-0.414781531274979,0,0.175,1
"Ints9",0.101930288697017,-0.416150969024523,0,0.175,1
"Rbm10",0.101930288697017,-0.441675258354925,0,0.175,1
"Caap1",0.101975808777832,-0.466738462457995,0.077,0.276,1
"Dpm2",0.10213283226617,0.463127701946354,0.385,0.217,1
"Gripap1",0.102162627908081,-0.603375423754523,0.231,0.438,1
"Zfp975",0.102314455602855,0.366342393002872,0.231,0.097,1
"Gls",0.102448065356775,0.384620258336565,0.923,0.724,1
"Gm26749",0.102601401571908,0.488924983074636,0.462,0.267,1
"Gm55759",0.102647118912706,0.2822593376633,0.231,0.092,1
"Dpysl3",0.102647118912706,0.364965405853241,0.231,0.092,1
"Nono",0.1027759696879,0.619562298161467,0.385,0.244,1
"Rps13",0.102918651361594,-0.520384770513223,0.077,0.304,1
"Golm2",0.103012719575449,-0.647202818322434,0.385,0.571,1
"Gm42840",0.103135508092862,0.352434060139688,0.154,0.051,1
"Gm20498",0.103135508092862,0.327654788381451,0.154,0.051,1
"Ccdc112",0.103327496282905,0.524416841164616,0.308,0.157,1
"B830012L14Rik",0.103439118964364,0.569847164829735,0.538,0.392,1
"Pacrg",0.103447815651173,0.798459009934421,0.385,0.253,1
"Tmx3",0.103961816900539,-0.575021572579322,0.077,0.281,1
"Zc3h12b",0.103983331718299,-0.617807141814992,0.154,0.369,1
"Dnm2",0.103983940632741,0.45024568177623,0.462,0.276,1
"Epb41",0.104041650285337,-0.569616170815324,0.308,0.502,1
"Cltc",0.104403012456767,0.394651958316734,0.615,0.544,1
"Ldlrad4",0.104515492228715,-0.387012884373131,0.462,0.733,1
"B230219D22Rik",0.104584087098917,-0.615827887471372,0.154,0.35,1
"Dctn1",0.104633829489282,-0.47952251031462,0.154,0.387,1
"Atp2a2",0.104656656985947,-0.61804572311336,0.462,0.714,1
"Cdc73",0.104818163057719,0.727852446507815,0.462,0.313,1
"Unc79",0.104855989760568,-0.520375321894047,0.692,0.839,1
"Sbf1",0.104953905972931,0.487199436372528,0.385,0.235,1
"Galnt17",0.105094327409785,-0.795435901443666,0.308,0.539,1
"4930506C21Rik",0.105185339523879,0.548493152177593,0.231,0.101,1
"Ywhab",0.105203754678257,-0.536565472527145,0.308,0.604,1
"Peak1",0.105228601719019,-0.377230966889912,0.077,0.313,1
"Btbd9",0.105376573001502,0.514401368203767,0.538,0.341,1
"Atp10a",0.105422205318623,0.405438128463157,0.154,0.051,1
"Ciita",0.105422205318623,0.395193950059029,0.154,0.051,1
"Csf1r",0.105422205318623,0.415855402268254,0.154,0.051,1
"Ap2a1",0.105495687017333,-0.548381426800841,0.077,0.276,1
"Urgcp",0.105623330641645,0.366296226766161,0.538,0.3,1
"Gm28294",0.105757532326189,0.441213485346381,0.231,0.097,1
"Zdhhc9",0.105757532326189,0.432486663500134,0.231,0.097,1
"Arhgap32",0.105977511626153,-0.564579389054978,0.538,0.742,1
"Dlgap2",0.106110684200533,-0.469968218735167,0.846,0.935,1
"Morf4l2",0.106225715093848,-0.592864422279013,0.154,0.35,1
"Cpsf7",0.106370708405156,-0.350691576686492,0.077,0.313,1
"Sdha",0.106675878699353,0.724179032640858,0.538,0.346,1
"Zdhhc17",0.106741334127453,0.479557967102715,0.615,0.415,1
"Dis3l2",0.106923122185924,0.348231493391911,0.615,0.406,1
"Gabra5",0.107039980730504,0.440264855995662,0.385,0.207,1
"Trappc12",0.107039980730504,0.441370165885193,0.385,0.207,1
"Gabra4",0.10712929833734,-0.544956259886957,0.308,0.604,1
"Egr4",0.107371133849006,-0.592545223880247,0,0.171,1
"2900022M07Rik",0.107371345646603,-0.46997158388168,0,0.171,1
"Tmem240",0.107371345646603,-0.373538792286882,0,0.171,1
"1500035N22Rik",0.107371345646603,-0.405560624490747,0,0.171,1
"Utp3",0.107371345646603,-0.455480933745685,0,0.171,1
"Atg5",0.107371345646603,-0.423001749845659,0,0.171,1
"Sar1a",0.107371345646603,-0.388511041832048,0,0.171,1
"Plk5",0.107371345646603,-0.519151702690592,0,0.171,1
"Pfn1",0.107371345646603,-0.413208608040808,0,0.171,1
"Ly6e",0.107371345646603,-0.433237359764803,0,0.171,1
"Rps28",0.107371345646603,-0.442590685452448,0,0.171,1
"Ypel5",0.107371345646603,-0.41491485232268,0,0.171,1
"Nkap",0.107371345646603,-0.431202776270298,0,0.171,1
"Brcc3",0.107371345646603,-0.457307521961252,0,0.171,1
"Tmem47",0.107371345646603,-0.520607912844455,0,0.171,1
"Pard3",0.107378076807822,-0.642656612998497,0.385,0.613,1
"Macrod2os1",0.107545809100718,-0.645172522690282,0.231,0.396,1
"9930021J03Rik",0.107552086220716,-0.52381696632606,0.308,0.539,1
"Gm45501",0.107748948539399,0.379336308406348,0.154,0.051,1
"Ccdc13",0.107748948539399,0.396765998971944,0.154,0.051,1
"Pnma3",0.107748948539399,0.292597008102953,0.154,0.051,1
"Fmnl2",0.108021714213898,0.706683967018023,0.538,0.373,1
"Psmb3",0.108221258408858,0.494189282846188,0.385,0.203,1
"Arhgef3",0.108244611712809,-0.591188452958785,0.077,0.272,1
"Tbc1d12",0.10832145622607,0.393908845995509,0.385,0.226,1
"Caln1",0.108581189729051,-0.533379870516604,0.692,0.788,1
"Hspa5",0.108849449924267,-0.631695703320396,0.308,0.498,1
"Map1a",0.108927662463369,-0.540080271716157,0.154,0.387,1
"H3f3b",0.109271702436756,0.376221033103916,0.692,0.535,1
"Sec24b",0.109356320412929,-0.482692766032266,0.154,0.382,1
"Fam78b",0.109470904903097,-0.491167224446476,0.077,0.272,1
"Ndufa4",0.109490673306027,-0.554301034668601,0.231,0.475,1
"Chd2",0.109671848494782,-0.521182254405253,0.231,0.498,1
"Pip5k1b",0.109681765917539,1.09873015304885,0.385,0.221,1
"Ocrl",0.109768004407173,-0.495277357201985,0.154,0.378,1
"Clip3",0.109797871467487,-0.573661164385855,0.077,0.267,1
"Smg1",0.109971581150253,-0.402839769894595,0.308,0.535,1
"Actl6b",0.110090583949514,-0.519752831997886,0.077,0.263,1
"Nsun5",0.110116166881093,0.35940837290398,0.154,0.051,1
"Tmeff2",0.110387394696066,0.438556079255429,0.769,0.636,1
"Atp1a3",0.110417939007231,-0.4879396490408,0.385,0.7,1
"Ppp3cb",0.111039711821082,-0.544152344627243,0.231,0.452,1
"Zfp335os",0.111093747943013,0.417304813891882,0.231,0.097,1
"Scmh1",0.111482776276306,-0.423044813248556,0.385,0.668,1
"Tbc1d15",0.111609294746329,0.312568957468924,0.385,0.189,1
"Chmp3",0.111663002397084,-0.363466939126018,0.077,0.309,1
"Csgalnact1",0.112079963977651,0.57635849641233,0.462,0.267,1
"Rheb",0.112104702051042,-0.499037736679422,0.231,0.475,1
"Gtpbp10",0.112524287546965,0.268799964644167,0.154,0.051,1
"Nosip",0.112524287546965,0.375284611566566,0.154,0.051,1
"Dennd2a",0.112918981259912,0.339175989063674,0.231,0.097,1
"Papolg",0.113081359236763,-0.374328879857535,0,0.166,1
"Gm13402",0.113081581385228,-0.421783613766036,0,0.166,1
"Tmx2",0.113081581385228,-0.41944112748713,0,0.166,1
"Cdh22",0.113081581385228,-0.414930368685816,0,0.166,1
"Eif2a",0.113081581385228,0.337507500255553,0.308,0.147,1
"Tex10",0.113081581385228,-0.386110538789167,0,0.166,1
"Ago4",0.113081581385228,-0.490744035405263,0,0.166,1
"Mxd4",0.113081581385228,-0.379246870501735,0,0.166,1
"Rilpl1",0.113081581385228,-0.405575449410742,0,0.166,1
"Megf8",0.113081581385228,-0.4052630840087,0,0.166,1
"Wwp2",0.113081581385228,-0.395422124351564,0,0.166,1
"Spata2l",0.113081581385228,-0.405941582301799,0,0.166,1
"Tmem263",0.113081581385228,-0.495033367447731,0,0.166,1
"Fam114a2",0.113081581385228,-0.411944704985436,0,0.166,1
"Tmem267",0.113081581385228,-0.742405364723218,0,0.166,1
"Rpl15",0.113081581385228,-0.41821300040619,0,0.166,1
"Mhrt",0.113081581385228,-0.669608982858398,0,0.166,1
"Polr2f",0.113081581385228,-0.423712882794956,0,0.166,1
"Ttbk1",0.113081581385228,-0.409736628090766,0,0.166,1
"Slc6a7",0.113081581385228,-0.456975739160185,0,0.166,1
"mt-Co3",0.113081581385228,-0.432092967689865,0,0.166,1
"Tnrc6c",0.113137937333032,0.42063395948467,0.923,0.783,1
"Thra",0.113244632848812,-0.580293622504009,0.385,0.544,1
"Zdhhc6",0.113356271801217,0.452032543290111,0.308,0.152,1
"Gm16226",0.113480318444187,-0.410491058733723,0.077,0.304,1
"Gm49678",0.113491120880543,0.278255023411057,0.231,0.092,1
"Gm37899",0.113649928221104,-0.517421908100079,0.077,0.281,1
"Camkk2",0.113764156219609,-0.565619719899507,0.308,0.521,1
"C2cd2",0.113950352566524,0.307208116477475,0.385,0.194,1
"Akap7",0.114274255791835,0.516726598351092,0.308,0.143,1
"Lsg1",0.114274255791835,0.339946421632999,0.308,0.143,1
"Pgbd5",0.114489321616853,-0.513046536693974,0.154,0.387,1
"Hsd17b12",0.114632908098858,0.291873252096508,0.308,0.147,1
"Cdh2",0.114841321531251,0.766379221203773,0.692,0.53,1
"9430060I03Rik",0.114973735635678,0.265810498001276,0.154,0.051,1
"Gm49226",0.114973735635678,0.284708090479148,0.154,0.051,1
"Grm3",0.115213094413826,-0.821214714133218,0.462,0.631,1
"Rbm27",0.115307361087884,-0.435866331241264,0.077,0.3,1
"Sil1",0.115500796841162,-0.499295482056055,0.077,0.267,1
"Nhsl2",0.115543208907784,0.384740969885233,0.462,0.258,1
"Unkl",0.115819564209433,0.501226592177506,0.231,0.101,1
"Tmem135",0.116335235178164,0.36210363566839,0.538,0.373,1
"Slk",0.116381561771536,-0.434247134514063,0.154,0.41,1
"Mir124a-1hg",0.116384987783261,0.611546625340158,0.615,0.567,1
"Gm37407",0.116445727798591,0.4178219592929,0.308,0.152,1
"Rbbp7",0.116635935321599,-0.500709414771435,0.077,0.276,1
"Jakmip1",0.11663886946915,-0.483802069930416,0.154,0.364,1
"Eri2",0.116640283977165,0.362141411755988,0.231,0.097,1
"Nptn",0.116688832944686,-0.464414462003958,0.769,0.931,1
"Agfg2",0.116805387900902,-0.448589851489402,0.077,0.258,1
"Btbd7",0.116906859664908,-0.440559039671991,0.154,0.396,1
"Taok1",0.117233741033985,-0.529962881474849,0.308,0.535,1
"Tmem231",0.117464933957193,0.360632471849476,0.154,0.051,1
"Nxpe3",0.117464933957193,0.314252217482951,0.154,0.051,1
"Ppm1e",0.117737292565724,0.300634191058848,0.769,0.484,1
"Lrig2",0.117750498986377,0.345340700206556,0.385,0.203,1
"Syp",0.117992112348981,-0.425633796732664,0.385,0.576,1
"Fam193a",0.118127117711912,0.837269863002948,0.538,0.479,1
"Inha",0.118168574851414,0.490270169775232,0.308,0.166,1
"Gm15155",0.118317982439466,-0.694176132715171,0.231,0.429,1
"Gas5",0.11844289803371,0.407797489270823,0.462,0.276,1
"Supt4a",0.118496011725951,0.501973661826372,0.231,0.106,1
"St3gal5",0.118634973102003,0.397652505598887,0.538,0.373,1
"Bsg",0.118847520827881,-0.500327422559548,0.231,0.479,1
"Cdk19",0.118987785129363,-0.473011615830223,0.077,0.29,1
"Ppp1r1b",0.118987785129363,-0.603270548913685,0.077,0.29,1
"Snrpe",0.119074428278746,-0.390871571060369,0,0.161,1
"Rsu1",0.119074428278746,-0.409454392569907,0,0.161,1
"Ube2q1",0.119074428278746,-0.414642686332082,0,0.161,1
"Gm43485",0.119074428278746,-0.434656202123232,0,0.161,1
"Tmem222",0.119074428278746,-0.407904746814023,0,0.161,1
"Mn1",0.119074428278746,-0.459089446569521,0,0.161,1
"Stk38l",0.119074428278746,-0.413219376640119,0,0.161,1
"Gm44847",0.119074428278746,-0.394461118084675,0,0.161,1
"Dgat2",0.119074428278746,-0.506126981901196,0,0.161,1
"Cdk10",0.119074428278746,-0.428493639527253,0,0.161,1
"Wdr61",0.119074428278746,-0.482084204807151,0,0.161,1
"Rmnd1",0.119074428278746,-0.36034346423121,0,0.161,1
"Amz2",0.119074428278746,-0.411964749184767,0,0.161,1
"Elfn2",0.119074428278746,-0.455604119864546,0,0.161,1
"Josd1",0.119074428278746,-0.390674145871879,0,0.161,1
"Myl12b",0.119074428278746,-0.39613483216,0,0.161,1
"Nap1l2",0.119074428278746,-0.402061841385154,0,0.161,1
"Pogz",0.119232807397464,-0.465627028752796,0.077,0.276,1
"Tctn2",0.119546346157821,0.59659801574117,0.231,0.101,1
"Ppp2r1a",0.119706586504998,-0.364866839125255,0.077,0.304,1
"Creld1",0.119754251932051,0.918130355041124,0.308,0.161,1
"Disp2",0.119757135969688,0.320539360945,0.538,0.332,1
"Bcr",0.119892727886521,-0.613184106903023,0.231,0.433,1
"Mss51",0.119998302846549,0.268002879142403,0.154,0.051,1
"Cfap20",0.120278872805171,-0.443957971678727,0.077,0.29,1
"Rap1a",0.120476165122264,-0.519040166178629,0.077,0.263,1
"St13",0.12053833071072,0.604582211347236,0.615,0.424,1
"Ube2e2",0.120692568532984,0.462184885220598,0.846,0.848,1
"Klf13",0.120967347773286,-0.550985933240155,0.154,0.355,1
"Ube2j1",0.121097624820143,0.43380664808964,0.385,0.221,1
"Gm16835",0.12120347857064,0.38700707187747,0.308,0.152,1
"Ddrgk1",0.121307288144672,0.464796139183552,0.308,0.157,1
"Snx3",0.121378276722215,-0.410744753835637,0.154,0.424,1
"Aldoa",0.121471965977906,-0.469973587074493,0.769,0.834,1
"Shisa9",0.122018849706508,-0.286538183265134,0.615,0.816,1
"Pds5a",0.122051056283409,0.445221765572298,0.538,0.364,1
"Taf1",0.122153640020435,-0.458683759528387,0.077,0.286,1
"Eif4a1",0.122182508926479,-0.568001987538758,0.077,0.258,1
"Map1b",0.122196616610655,-0.515051546356334,0.846,0.903,1
"Slc24a2",0.122399149135921,-0.273618640423674,0.769,0.866,1
"Nrp1",0.122500343049017,-0.741922481758124,0.077,0.253,1
"Rian",0.122632909561372,0.683896246629577,0.923,0.885,1
"Tab3",0.122641906100191,0.28447876061751,0.308,0.147,1
"Zeb1",0.12269546101938,-0.79685473145099,0.538,0.604,1
"Foxo1",0.122939474918578,-0.503794971566812,0.154,0.373,1
"Nnat",0.122953822131647,-1.12463566886602,0.154,0.323,1
"Atp2b3",0.123205609855026,0.367259892363043,0.385,0.221,1
"Ptprn",0.123346772712719,-0.514878127084571,0.615,0.724,1
"Gfod1",0.123671254648386,-0.510277756140046,0.154,0.378,1
"Rab40c",0.123696256332283,-0.499897285708002,0.077,0.272,1
"Dcun1d5",0.123837233114232,-0.514282950741476,0.154,0.364,1
"Gm10419",0.124035404143995,-0.474127238661051,0.077,0.281,1
"Catsper2",0.124099278725735,0.52487242300916,0.154,0.055,1
"Zfand4",0.124121784850042,0.494409986771934,0.231,0.106,1
"Mrps31",0.124121784850042,0.541737407538951,0.231,0.106,1
"Enpp5",0.124254932504795,-0.380689038569589,0.077,0.3,1
"Kcnh5",0.124256648052389,0.681002272960028,0.462,0.341,1
"B230209E15Rik",0.124338061876081,-0.566547894232455,0.308,0.512,1
"Stk16",0.124371284227371,0.296308875561427,0.231,0.097,1
"Plcb1",0.124410264092193,-0.302073951697136,0.846,0.935,1
"Senp8",0.124458883430605,0.289438312564637,0.308,0.152,1
"Cpsf6",0.124485942699903,0.430987764277888,0.692,0.442,1
"Yaf2",0.124562898065197,-0.513619816488382,0.077,0.263,1
"Lrrtm3",0.125169660828465,-0.438454663655736,0.615,0.793,1
"Dvl3",0.125311876950447,0.365630545700603,0.231,0.101,1
"Gabpb1",0.125364150847001,-0.366761714761024,0,0.157,1
"Romo1",0.125364150847001,-0.388381479970977,0,0.157,1
"Sec22b",0.125364150847001,-0.379098021725825,0,0.157,1
"Cttnbp2nl",0.125364150847001,-0.401208680207561,0,0.157,1
"Nexn",0.125364150847001,-0.549527507352457,0,0.157,1
"Sri",0.125364150847001,-0.365016115896291,0,0.157,1
"Atraid",0.125364150847001,-0.400084809926908,0,0.157,1
"Vps37b",0.125364150847001,-0.365609076445516,0,0.157,1
"Paip2b",0.125364150847001,-0.401736903287795,0,0.157,1
"Tulp3",0.125364150847001,-0.387794744912219,0,0.157,1
"C230038L03Rik",0.125364150847001,-0.40185941774963,0,0.157,1
"Sbk1",0.125364150847001,-0.374926277693163,0,0.157,1
"Gpr26",0.125364150847001,-0.380812708090228,0,0.157,1
"Npat",0.125364150847001,-0.375439973350413,0,0.157,1
"Ppcdc",0.125364150847001,-0.404164635239606,0,0.157,1
"Arid3b",0.125364150847001,-0.415977344192196,0,0.157,1
"2010315B03Rik",0.125364150847001,-0.406356562829604,0,0.157,1
"Fig4",0.125364150847001,-0.434414130318206,0,0.157,1
"Efnb3",0.125364150847001,-0.422119585285923,0,0.157,1
"Vezf1",0.125364150847001,-0.420028830239559,0,0.157,1
"Gga3",0.125364150847001,-0.370988992541438,0,0.157,1
"Gpr22",0.125364150847001,-0.426581088083886,0,0.157,1
"Naa30",0.125364150847001,-0.390806616947533,0,0.157,1
"Zfp622",0.125364150847001,-0.39986260923032,0,0.157,1
"Atg101",0.125364150847001,-0.386841605456237,0,0.157,1
"Igfbp6",0.125364150847001,-0.441955001089524,0,0.157,1
"Cggbp1",0.125364150847001,-0.421356227260915,0,0.157,1
"Brd2",0.125364150847001,-0.399416646990253,0,0.157,1
"Rpp21",0.125364150847001,-0.352818508626053,0,0.157,1
"R3hcc1l",0.125364150847001,-0.39891781669961,0,0.157,1
"Tmem130",0.125388126233307,-0.600955518789756,0.154,0.346,1
"Cnr1",0.125720285891606,-0.768876536369374,0.231,0.387,1
"Herc1",0.125971918387186,0.315519664338255,0.846,0.641,1
"Zfhx3",0.125987750740128,-0.877178780911651,0.077,0.253,1
"Gtpbp2",0.126011148865682,0.54566553628904,0.308,0.166,1
"Man1b1",0.126042665537067,0.511566680980931,0.231,0.106,1
"Phc1",0.126042665537067,0.482638497509879,0.231,0.106,1
"Rpl19",0.126106453223461,-0.666062072446703,0.308,0.544,1
"Hdgfl3",0.126146735634912,0.524702710135403,0.615,0.53,1
"Cwc27",0.126289464473419,-0.541183106446123,0.154,0.35,1
"Atl3",0.126389499506416,0.305067694195012,0.385,0.198,1
"Chp1",0.126646249672605,-0.456807581852301,0.077,0.263,1
"Slc18b1",0.12665230307419,0.46743645030975,0.154,0.055,1
"Tmem178b",0.1268679922976,0.508796640608779,1,0.829,1
"Rock2",0.12699230918092,-0.63283032931372,0.538,0.714,1
"Vat1l",0.127008303134559,-0.724881097085905,0.077,0.249,1
"Patj",0.127279841274711,0.605010098012787,0.385,0.226,1
"Dpy19l1",0.12734691168859,-0.501730532279149,0.077,0.263,1
"Aopep",0.127494195713961,-0.378329947836072,0.308,0.599,1
"Ppargc1a",0.127622529016981,-0.574440257243884,0.231,0.429,1
"Tbc1d1",0.127762958046519,0.661238032009259,0.308,0.161,1
"Slc6a15",0.127782090310332,0.364838246718644,0.308,0.152,1
"Timmdc1",0.128443280440223,-0.537238945707867,0.077,0.249,1
"Slc24a3",0.128487470432198,0.549274336803636,0.538,0.419,1
"Cdon",0.129259432617163,0.743124099427736,0.308,0.166,1
"Gm46102",0.129274429662183,0.622998127202156,0.231,0.101,1
"Smim14",0.129428853478195,-0.340132065636895,0.154,0.433,1
"Mapk9",0.129567578298955,-0.529412787856525,0.154,0.341,1
"Hace1",0.129699554438152,0.346311651030571,0.615,0.396,1
"Mrpl51",0.129953812373522,0.509423920136526,0.231,0.106,1
"Ptk2b",0.130200514242604,-0.545147365176364,0.385,0.599,1
"Gsk3b",0.130208911177821,-0.545372577433799,0.615,0.747,1
"Smg5",0.130439033136342,0.403972457818549,0.385,0.221,1
"Fam222b",0.130489137133642,0.621296831602473,0.462,0.309,1
"Pum2",0.13055376689395,0.814204984170304,0.462,0.318,1
"Pitpnm2",0.130663276432182,-0.618305258633575,0.231,0.396,1
"Pcyt2",0.130664388145728,0.337569870705013,0.462,0.29,1
"Pcm1",0.130724443914647,-0.548359532014906,0.385,0.553,1
"Hpca",0.130872081590421,-0.498192605371968,0.231,0.479,1
"Fbxo11",0.131255710314972,-0.530070663129764,0.385,0.567,1
"Wdr82",0.131351007019763,-0.569934937711272,0.077,0.249,1
"Myl6",0.131446420328235,-0.268546180459049,0.231,0.452,1
"Syt16",0.131528845635666,0.439423975386251,0.692,0.571,1
"Gon4l",0.131613401808706,-0.423179546856584,0.077,0.263,1
"Zmiz1",0.131613401808706,-0.541048930452844,0.077,0.263,1
"Gm20045",0.131880826752095,0.66767665406427,0.154,0.055,1
"Ddx52",0.131944392275557,0.667469543121498,0.231,0.106,1
"Gm13684",0.131965923598208,-0.41763904209624,0,0.152,1
"Slc16a4",0.131965923598208,-0.430399530123626,0,0.152,1
"Ezh2",0.131965923598208,-0.403858572513879,0,0.152,1
"Gm2516",0.131965923598208,-0.515733487337592,0,0.152,1
"Dda1",0.131965923598208,-0.399169477673729,0,0.152,1
"Zfp961",0.131965923598208,-0.407417951976661,0,0.152,1
"Cog8",0.131965923598208,-0.317184235508504,0,0.152,1
"Dapk3",0.131965923598208,-0.371298774269619,0,0.152,1
"Jade2",0.131965923598208,-0.375691597468505,0,0.152,1
"Rundc1",0.131965923598208,-0.388624741312385,0,0.152,1
"Nfkb2",0.131965923598208,-0.399850884627017,0,0.152,1
"Mpp7",0.132042179380487,-0.537518168710763,0.077,0.272,1
"Jpx",0.132142347411219,0.410446467310356,0.385,0.217,1
"Sars",0.132394766068693,-0.477794462846133,0.154,0.378,1
"Serinc3",0.132459875722334,-0.491431065840962,0.077,0.253,1
"Dtymk",0.132496297826534,0.342871359161809,0.231,0.097,1
"4930578G10Rik",0.132557018771175,0.681862711566733,0.462,0.378,1
"Ccnd2",0.132668340334711,-0.578325249740813,0.154,0.364,1
"Metap1d",0.132687402845335,0.717251758787548,0.308,0.184,1
"Spopl",0.132874224141918,0.331720973685601,0.308,0.157,1
"Kdm7a",0.132908480204708,-0.444557977409432,0.231,0.484,1
"Bbln",0.132938217045515,-0.499246084585251,0.154,0.373,1
"D5Ertd579e",0.132947373307022,-0.599928087467128,0.308,0.493,1
"Gtf2ird1",0.133071438645013,-0.382018695092876,0.077,0.286,1
"Gabrb3",0.133086446754455,0.390093428116702,1,0.945,1
"Hdac9",0.133316003443044,0.292898527088773,0.769,0.631,1
"Pik3ip1",0.133333622833191,0.338403563538319,0.231,0.101,1
"Gm26693",0.133333622833191,0.328147233151244,0.231,0.101,1
"Cibar1",0.133423021922268,0.466204495804215,0.385,0.221,1
"Gm36975",0.133615937496819,-0.64904769721951,0.385,0.548,1
"Calb1",0.133678964498652,-0.546939432315472,0.154,0.378,1
"Trpm7",0.133749358413578,0.78641150686576,0.538,0.424,1
"Nalcn",0.133842486432091,0.410151570233885,0.769,0.705,1
"Ccdc47",0.133862515900741,-0.576282754074263,0.154,0.336,1
"Arhgap20",0.134179821537338,-0.600836997672847,0.385,0.562,1
"Sec61a2",0.134231110888543,0.401846152096155,0.538,0.35,1
"Nalf1",0.134440946120263,0.357420266601928,0.846,0.742,1
"Sar1b",0.134487545050103,-0.311459826480507,0.077,0.295,1
"Akap9",0.134516912088554,-0.484263752947822,0.538,0.71,1
"Rpl36",0.134518723735104,-0.468136840233081,0.077,0.263,1
"Dennd4a",0.134776378527353,-0.349231082079657,0.231,0.516,1
"Mfhas1",0.134987282158188,-0.528824240925526,0.077,0.258,1
"Srek1",0.135077876742905,-0.498631749931902,0.385,0.627,1
"Dock10",0.135146967078594,1.46156015022904,0.385,0.263,1
"Hip1",0.135279058965851,-0.419249365798533,0.154,0.364,1
"Zmym4",0.135325723722638,-0.465827689654897,0.231,0.484,1
"Galk2",0.135399869008049,0.377813683017231,0.231,0.101,1
"Gm14410",0.135399869008049,0.359835831170378,0.231,0.101,1
"Syndig1",0.135603175190483,-0.701251680620801,0.231,0.406,1
"Cct3",0.135807953128423,-0.545651922863263,0.077,0.249,1
"Myo9b",0.135989856980249,-0.467491560623677,0.077,0.263,1
"Ghitm",0.135989856980249,-0.449050481933467,0.077,0.263,1
"Mt3",0.136375566635187,-0.488298701966056,0.077,0.272,1
"Dcaf11",0.136391980089327,0.458274338813799,0.308,0.152,1
"Ahi1",0.13645509303782,0.406104975700075,1,0.954,1
"Slc8a1",0.136533495473785,0.325378866458739,0.846,0.535,1
"Tpt1",0.136567627900872,-0.520807591849935,0.308,0.558,1
"4930545L23Rik",0.136699139220103,-0.547571549397074,0.154,0.35,1
"Ivns1abp",0.137102354668971,-0.603171769489823,0.154,0.359,1
"Mgat5b",0.137319275039703,-0.497692879959061,0.077,0.249,1
"Arhgef10l",0.137490764344453,0.373427889525083,0.231,0.101,1
"Fam135b",0.137567819699752,0.391464674244266,0.923,0.618,1
"Tmem181a",0.137680713758898,0.485046471224071,0.385,0.226,1
"Stk38",0.138168034353563,0.348657960626246,0.538,0.35,1
"Scaf8",0.138394874036993,1.06694867412554,0.615,0.461,1
"Cyth1",0.138426265928864,-0.496334474263237,0.077,0.253,1
"Trappc9",0.138759770449939,0.500014571790553,0.538,0.41,1
"Tesc",0.138806358360605,-0.404555242523844,0.077,0.286,1
"Tmem169",0.138895919306576,-0.365832302075914,0,0.147,1
"Sys1",0.138895919306576,-0.370117200495498,0,0.147,1
"Ubqln4",0.138895919306576,-0.415637690250123,0,0.147,1
"Tomm5",0.138895919306576,-0.36940407743705,0,0.147,1
"Alg2",0.138895919306576,-0.402639939251009,0,0.147,1
"Snrnp40",0.138895919306576,-0.414037121922705,0,0.147,1
"Ruvbl1",0.138895919306576,-0.352021706110703,0,0.147,1
"Tmem160",0.138895919306576,-0.398879871403984,0,0.147,1
"Gramd1a",0.138895919306576,-0.357168588347076,0,0.147,1
"Mcmbp",0.138895919306576,-0.363332422845086,0,0.147,1
"Gm45323",0.138895919306576,-0.399522034063023,0,0.147,1
"Fam32a",0.138895919306576,-0.373457791227089,0,0.147,1
"Sin3b",0.138895919306576,-0.398543461537646,0,0.147,1
"Prmt9",0.138895919306576,-0.385466970126199,0,0.147,1
"Snrpd3",0.138895919306576,-0.389967952960257,0,0.147,1
"Heatr6",0.138895919306576,-0.38500383855743,0,0.147,1
"Lrrc45",0.138895919306576,-0.336634042346153,0,0.147,1
"2700097O09Rik",0.138895919306576,-0.3313433109737,0,0.147,1
"Stk24",0.138895919306576,-0.293126291492686,0,0.147,1
"Slc48a1",0.138895919306576,-0.38674660223776,0,0.147,1
"Ubxn6",0.138895919306576,-0.385332333669863,0,0.147,1
"Gm50024",0.138895919306576,-0.432375982597919,0,0.147,1
"Ndufs8",0.138895919306576,-0.354228916840369,0,0.147,1
"Npas4",0.138895919306576,-0.609790564436832,0,0.147,1
"Mrpl43",0.138895919306576,-0.429313908599513,0,0.147,1
"Nlgn3",0.138895919306576,-0.406130359803386,0,0.147,1
"Arglu1",0.139236491136859,0.284999912609073,0.846,0.733,1
"Prickle1",0.139324881698078,0.45041743613443,0.692,0.76,1
"Ptpra",0.139491551423501,-0.509917920292832,0.231,0.452,1
"Tuba1a",0.13952345898784,-0.63443399708071,0.538,0.696,1
"Rad17",0.139832970684232,0.348260011867485,0.385,0.217,1
"Thoc7",0.139918541252912,0.516453961002039,0.385,0.249,1
"Ogfod1",0.139949739402352,0.343681749383397,0.385,0.235,1
"Shf",0.140035248080387,0.350205987481385,0.154,0.055,1
"Fbxl18",0.140035248080387,0.385664807591532,0.154,0.055,1
"Thyn1",0.140035248080387,0.364882459641122,0.154,0.055,1
"Lama4",0.140035248080387,0.278652980585274,0.154,0.055,1
"Tsc22d1",0.14013839525522,-0.502485031082832,0.462,0.641,1
"Fbxo44",0.140143701490905,0.434869081651121,0.231,0.106,1
"1700016P03Rik",0.140273806410101,-0.674178182748375,0.154,0.341,1
"Smad4",0.140351568496347,-0.519501627391155,0.154,0.332,1
"Faim2",0.140841912392652,0.372098783918817,0.538,0.35,1
"Tceal5",0.140853467939669,-0.609460469399604,0.154,0.313,1
"Lingo2",0.140952828718482,0.632777743516908,0.769,0.687,1
"Eps15l1",0.141149384325377,-0.447192704775947,0.154,0.359,1
"Runx1t1",0.141213981764716,-0.381913561920922,0.385,0.659,1
"Sh3kbp1",0.141367331126321,-0.537360366866824,0.308,0.544,1
"Nfat5",0.141514325444645,-0.530318418243157,0.462,0.585,1
"Trip11",0.141658509832837,0.469202758404547,0.462,0.336,1
"Ptchd1",0.14165864678021,-0.501583898285668,0.154,0.355,1
"Rpl37a",0.141744299418008,-0.338942501711879,0.077,0.286,1
"Rnf10",0.141744299418008,0.715473986382033,0.385,0.267,1
"Phykpl",0.14174714361903,0.338422133958359,0.231,0.101,1
"Ccar2",0.142253539532501,0.34606373986025,0.231,0.106,1
"Nsd3",0.142557030249173,0.719522979855667,0.615,0.548,1
"Farp1",0.14261158133527,0.310727066784033,0.538,0.323,1
"Coro7",0.142692339202847,-0.471857652256222,0.077,0.24,1
"Wapl",0.142781232379245,0.593185646370461,0.462,0.35,1
"ENSMUSG00000121275",0.142837921131307,0.310988651894468,0.154,0.055,1
"Cactin",0.142837921131307,0.316241713378717,0.154,0.055,1
"Impact",0.142928840217682,-0.33710068127312,0.231,0.475,1
"Asph",0.142970442060688,-0.466641788670544,0.231,0.447,1
"Kirrel3",0.14298070161539,-0.739826361040917,0.769,0.88,1
"Copb2",0.143220791041468,0.412952668191395,0.308,0.161,1
"Cyb5b",0.143239917004087,0.571074037672913,0.308,0.18,1
"Grin2a",0.143321872308898,0.751294639019696,0.923,0.848,1
"Ergic2",0.143532529739979,-0.474145092146943,0.077,0.263,1
"Fzd3",0.143636471389767,-0.555029639032072,0.231,0.392,1
"Epn2",0.143939672226144,-0.468716742129792,0.231,0.47,1
"Tmed10",0.143962784679592,0.334130578478771,0.462,0.29,1
"Cope",0.14408405438771,-0.473312300962338,0.077,0.258,1
"Bmyc",0.144884509824466,0.423358204061283,0.462,0.3,1
"Sh3bgrl3",0.144886841577974,-0.559498236454545,0.154,0.336,1
"Aqr",0.145071148093281,-0.458739554362191,0.077,0.249,1
"Cobl",0.145082855054945,-0.447868145514651,0.308,0.544,1
"Pld5",0.145393194095963,0.415941836629617,0.385,0.198,1
"Gm47423",0.145420742569095,-0.771859071315957,0.154,0.309,1
"Hmbox1",0.145457871950508,-0.392464815701864,0.231,0.438,1
"Mrfap1",0.145466777383889,-0.587913673777354,0.231,0.424,1
"Cnot11",0.145683445765379,0.260223409647727,0.154,0.055,1
"Lrp8",0.145889567639975,-0.463580262452845,0.077,0.24,1
"Igsf21",0.145889567639975,-0.518544243147577,0.077,0.24,1
"Dars",0.146171409526061,-0.415483934231104,0,0.143,1
"Jtb",0.146171409526061,-0.358125460793601,0,0.143,1
"Slc35a1",0.146171409526061,-0.323361073473911,0,0.143,1
"Trit1",0.146171409526061,-0.36380408638491,0,0.143,1
"Gm10563",0.146171409526061,-0.37999651231639,0,0.143,1
"Mrpl1",0.146171409526061,-0.359602417821339,0,0.143,1
"Adipor2",0.146171409526061,-0.319599268957114,0,0.143,1
"Spcs3",0.146171409526061,-0.371209240681465,0,0.143,1
"Terf2",0.146171409526061,-0.325802321966284,0,0.143,1
"Aasdhppt",0.146171409526061,-0.332062289369728,0,0.143,1
"Paqr9",0.146171409526061,-0.401384253678589,0,0.143,1
"Cep63",0.146171409526061,-0.396137425528348,0,0.143,1
"Gm4924",0.146171409526061,-0.351250613811732,0,0.143,1
"Nt5c",0.146171409526061,-0.352626042133195,0,0.143,1
"Cbx4",0.146171409526061,-0.367972682050266,0,0.143,1
"Rsl1d1",0.146171409526061,-0.420325276460846,0,0.143,1
"Bcl6",0.146171409526061,-0.344020404862673,0,0.143,1
"Snx4",0.146171409526061,-0.340123688471947,0,0.143,1
"Polq",0.146171409526061,-0.364145186395544,0,0.143,1
"Riok1",0.146282942900565,0.613784012642737,0.308,0.194,1
"Mast2",0.146308526556573,0.47418279777338,0.462,0.355,1
"Hip1r",0.146546280777844,0.428493788111835,0.231,0.106,1
"Rragd",0.146660991558772,-0.482924979140246,0.077,0.249,1
"Kctd2",0.146793810089836,0.37426654941786,0.231,0.111,1
"Setd2",0.146800077899466,-0.427601515311594,0.231,0.424,1
"Rhobtb2",0.146800077899466,-0.536037412921991,0.231,0.424,1
"Vdac1",0.146895569461166,-0.432633976473924,0.231,0.465,1
"4930415C11Rik",0.147012448452624,-0.366196490320951,0.077,0.281,1
"Bnip3l",0.147106800393782,-0.522455013906341,0.077,0.244,1
"Atp6v1g1",0.147106981060307,-0.482461294397559,0.077,0.244,1
"Srsf6",0.147508607467257,-0.42124582708509,0.077,0.24,1
"Upp2",0.147562677352394,0.342751151891913,0.769,0.59,1
"Marchf11",0.147761293735068,-0.435813262899972,0.077,0.253,1
"Tle1",0.147780884943956,0.289764617922003,0.385,0.203,1
"Rpl32",0.147798236930683,-0.581183465729954,0.154,0.318,1
"Caprin1",0.147924434643868,-0.362308981544905,0.231,0.484,1
"Anks1b",0.148133462163891,-0.349333948949277,1,0.977,1
"Ctdspl2",0.148209762355393,-0.401326384947647,0.077,0.263,1
"Cdr1os",0.148261084784728,-0.335267005843883,0.462,0.668,1
"Exd2",0.14854998770085,0.474763969142981,0.385,0.263,1
"Aptx",0.148572167373297,0.305572067580434,0.154,0.055,1
"Gm43670",0.14872490083464,0.419040133150774,0.385,0.226,1
"Eef1g",0.14872490083464,-0.450445815997979,0.077,0.244,1
"Orc6",0.148762900323282,0.280315076574263,0.385,0.198,1
"Gm42440",0.148786677136724,0.423431474694076,0.154,0.06,1
"Tmem59l",0.148805213565102,-0.474558459963782,0.077,0.258,1
"Cacna1i",0.148805213565102,-0.503665371574672,0.077,0.258,1
"Gm15577",0.148807930463585,-0.544727434984711,0.231,0.406,1
"Adamts3",0.148931854246011,-0.576395872158856,0.154,0.364,1
"Meis1",0.148981098966629,0.735283279088138,0.231,0.115,1
"Grip1",0.149063093985138,0.768771592704669,0.769,0.783,1
"Tenm2",0.149581510701255,-0.424523593412435,0.923,0.876,1
"Brip1os",0.150000896243024,0.536098579047359,0.385,0.272,1
"Septin7",0.150130062092258,-0.459233464359374,0.385,0.682,1
"Bag1",0.150265785627597,0.666698629124678,0.308,0.18,1
"Gm2164",0.150356372277065,-0.6601418193939,0.077,0.244,1
"Mrpl3",0.150535249463375,0.47878400512411,0.308,0.161,1
"Traip",0.150787841332552,-0.54446754194271,0.077,0.24,1
"Slc35b1",0.150856705544506,0.674196454973675,0.308,0.157,1
"Rint1",0.150937425600421,0.621917934567964,0.231,0.106,1
"Tom1l2",0.151424407813062,0.391314508567002,0.692,0.516,1
"Rskr",0.15150442725469,0.327663965718985,0.154,0.055,1
"Gm9706",0.15150442725469,0.306195873290854,0.154,0.055,1
"Atp11b",0.151614591181019,0.469807925262557,0.615,0.47,1
"N4bp2",0.151628248904073,0.442540577969832,0.154,0.06,1
"Slc35f3",0.151795180810404,-0.546973716903444,0.462,0.627,1
"Luc7l2",0.151840866359355,0.338048292852918,0.923,0.857,1
"Rab18",0.152001454008048,-0.465542532753181,0.077,0.244,1
"Bphl",0.152050389672605,0.286882775356507,0.231,0.106,1
"Edem3",0.152448155307648,0.371307312812066,0.385,0.221,1
"Grb14",0.152448155307648,-0.48499598306985,0.077,0.24,1
"Sgsm2",0.152450052891003,-0.325148461210472,0.077,0.276,1
"Rpl7a",0.152605644956553,-0.447042757693135,0.077,0.253,1
"Nfkb1",0.152605644956553,-0.492007677453214,0.077,0.253,1
"Cacna1d",0.152656608134296,0.42548905416805,0.923,0.751,1
"Prpf19",0.152752371388526,0.307374957649891,0.308,0.157,1
"Tacc1",0.153112761872698,-0.512940512922486,0.462,0.65,1
"Kansl3",0.153129244314807,0.493585161015488,0.308,0.184,1
"Arl15",0.153232652876729,-0.388897733563412,0.538,0.793,1
"Mtdh",0.153353085425602,-0.493023872057958,0.385,0.59,1
"Hectd4",0.153661618811326,-0.420358685549633,0.308,0.512,1
"Aamp",0.153810879509561,-0.357905153585764,0,0.138,1
"Macir",0.153810879509561,-0.357204177631991,0,0.138,1
"Tmem9",0.153810879509561,-0.336057409783685,0,0.138,1
"Smyd2",0.153810879509561,-0.298280523426972,0,0.138,1
"Mettl8",0.153810879509561,-0.401091381075104,0,0.138,1
"Lrrc57",0.153810879509561,-0.355200830456785,0,0.138,1
"Hypk",0.153810879509561,-0.37207955541121,0,0.138,1
"Rabggtb",0.153810879509561,-0.358679092632412,0,0.138,1
"Erich3",0.153810879509561,-0.358222605042006,0,0.138,1
"4930570G19Rik",0.153810879509561,-0.355140828028532,0,0.138,1
"Csmd2os",0.153810879509561,-0.389261134820994,0,0.138,1
"Ccdc28b",0.153810879509561,-0.403470947858655,0,0.138,1
"Hs3st1",0.153810879509561,-0.326015898191417,0,0.138,1
"Klf3",0.153810879509561,-0.368592902241781,0,0.138,1
"Fam20c",0.153810879509561,-0.417561162545474,0,0.138,1
"Pdgfa",0.153810879509561,-0.307123346967303,0,0.138,1
"Sumf1",0.153810879509561,-0.383062573520058,0,0.138,1
"Thumpd3",0.153810879509561,-0.318585305025895,0,0.138,1
"Lpcat3",0.153810879509561,-0.35840652261587,0,0.138,1
"Tm7sf3",0.153810879509561,-0.35176877088715,0,0.138,1
"Cd3eap",0.153810879509561,-0.327114904916206,0,0.138,1
"Egln2",0.153810879509561,-0.387343158234593,0,0.138,1
"Psmc4",0.153810879509561,-0.382888176650569,0,0.138,1
"Med25",0.153810879509561,-0.358063919888548,0,0.138,1
"Coq7",0.153810879509561,-0.339640783963937,0,0.138,1
"Babam1",0.153810879509561,-0.345153788951966,0,0.138,1
"Tmem184c",0.153810879509561,-0.288277533667964,0,0.138,1
"Rnf126",0.153810879509561,-0.306932857856545,0,0.138,1
"Phlda1",0.153810879509561,-0.39177156147239,0,0.138,1
"Txndc17",0.153810879509561,-0.393689723661144,0,0.138,1
"Kat7",0.153810879509561,-0.326176401229752,0,0.138,1
"Rab5c",0.153810879509561,-0.325032905388727,0,0.138,1
"Mpp3",0.153810879509561,-0.322893060674346,0,0.138,1
"Atg14",0.153810879509561,-0.326589055519158,0,0.138,1
"Pmm2",0.153810879509561,-0.392663381326886,0,0.138,1
"Rsph3a",0.153810879509561,-0.35275450279965,0,0.138,1
"Tjap1",0.153810879509561,-0.350168036472846,0,0.138,1
"Rbm22",0.153810879509561,-0.350369542141669,0,0.138,1
"Fibp",0.153810879509561,-0.37142889481079,0,0.138,1
"Glis3",0.153810879509561,-0.473946264791157,0,0.138,1
"Fhl1",0.153810879509561,-0.3555239663863,0,0.138,1
"Tmem65",0.153847569461744,0.399669489942932,0.308,0.166,1
"Strn3",0.154126658257235,-0.482994571862841,0.615,0.728,1
"Anapc4",0.154537890049215,-0.499071711461094,0.077,0.235,1
"Smap1",0.154837876862937,0.425999598734612,0.538,0.355,1
"Trim46",0.154900187842856,-0.496872133010799,0.154,0.323,1
"Erbin",0.154900187842856,0.49284462697824,0.462,0.304,1
"Gm38260",0.155124295248499,0.256529410686074,0.231,0.101,1
"Far1",0.155414242269088,-0.324053218647556,0.385,0.585,1
"Coq3",0.155537248778012,0.395508937525432,0.231,0.111,1
"Zfp60",0.155537248778012,0.444826276893499,0.231,0.111,1
"Gm26854",0.155731431435551,0.295229913917488,0.308,0.166,1
"Eml2",0.15581047391874,-0.478438413567195,0.077,0.24,1
"Ccnt1",0.15581047391874,-0.481813666667448,0.077,0.24,1
"Ubr4",0.155901743942453,-0.441202936171144,0.077,0.253,1
"Agpat3",0.15626263223045,0.434597495600924,0.385,0.244,1
"Srbd1",0.156414543203129,0.473652533151141,0.308,0.175,1
"A330015K06Rik",0.156451854722238,-1.18295011885085,0.538,0.585,1
"Swt1",0.156935000694851,0.446093329733068,0.385,0.24,1
"Itgav",0.157072632314004,-0.567093609824753,0.154,0.332,1
"Nae1",0.157167094522064,0.353422290762853,0.462,0.295,1
"App",0.157236043063506,-0.35902080626717,1,0.908,1
"Gad1os",0.15743513117676,0.595259985709742,0.154,0.06,1
"Actr3b",0.157564862917917,-0.514286025326613,0.231,0.392,1
"Ncapd3",0.157569918841814,0.641308280090102,0.385,0.235,1
"Cyp4x1",0.157711183469436,0.305490540883546,0.231,0.106,1
"Abcb8",0.157711183469436,0.279005651177536,0.231,0.106,1
"Hnrnph3",0.15780507550996,0.402427147667815,0.538,0.406,1
"A830018L16Rik",0.158098859635141,0.439541150073303,0.769,0.581,1
"Pdxdc1",0.158165141177656,0.48202708942931,0.385,0.23,1
"U2af2",0.158165324489807,0.423440924440731,0.385,0.23,1
"Sirpa",0.158287247362499,-0.36302320307914,0.154,0.396,1
"Rpl22l1",0.158357886936042,-0.495544905751995,0.077,0.23,1
"4933424G05Rik",0.15861150691111,-0.471071528596834,0.231,0.47,1
"Gm26954",0.158719041227054,-0.486076903567412,0.077,0.244,1
"9130024F11Rik",0.158915728573559,0.482078794566064,0.231,0.111,1
"Prpf40a",0.159012136862149,0.357289574361469,0.538,0.373,1
"Gm12394",0.159364205307409,0.347231751440174,0.462,0.286,1
"Arrb1",0.159692081500209,-0.473721220768419,0.077,0.235,1
"Snx10",0.159754163717499,-0.448215766582215,0.154,0.359,1
"Pacs2",0.159913882523101,0.475901664465877,0.231,0.115,1
"Katna1",0.160019548005715,0.34461207777141,0.231,0.106,1
"Hlcs",0.160281099234192,0.348612094597404,0.462,0.295,1
"1700008O03Rik",0.160401041224048,0.387908903739252,0.154,0.06,1
"ENSMUSG00000120362",0.160401041224048,0.396529128484266,0.154,0.06,1
"Set",0.160629609745094,-0.507178630589907,0.154,0.341,1
"Mvb12b",0.160716975042864,0.442032067219637,0.385,0.23,1
"Alkbh1",0.16094660972514,-0.414733727432122,0.077,0.253,1
"Bicc1",0.161131745658476,0.729110201382129,0.308,0.147,1
"Vcp",0.161164079953622,-0.504315321263296,0.154,0.336,1
"Uqcr10",0.161438726746206,-0.507537203880437,0.077,0.235,1
"Rbm3",0.161574648253651,-0.440436557775822,0.077,0.249,1
"Grem2",0.161834160173932,-0.323587763984685,0,0.134,1
"Ier5l",0.161834160173932,-0.335783070043581,0,0.134,1
"Usp20",0.161834160173932,-0.31882118634881,0,0.134,1
"Zdhhc5",0.161834160173932,-0.275405561959632,0,0.134,1
"Bdnf",0.161834160173932,-0.36716446327319,0,0.134,1
"Schip1",0.161834160173932,-0.254926305968366,0,0.134,1
"Nr4a3",0.161834160173932,-0.485312051617466,0,0.134,1
"1110065P20Rik",0.161834160173932,-0.328065026584933,0,0.134,1
"Acap3",0.161834160173932,-0.376903702202199,0,0.134,1
"Tomm7",0.161834160173932,-0.385953230647978,0,0.134,1
"Cox19",0.161834160173932,-0.333013879107411,0,0.134,1
"M6pr",0.161834160173932,-0.329359378366407,0,0.134,1
"Usp5",0.161834160173932,-0.402343282759981,0,0.134,1
"Zfp180",0.161834160173932,-0.278406612215513,0,0.134,1
"Dpf1",0.161834160173932,-0.300440429031138,0,0.134,1
"2610021A01Rik",0.161834160173932,-0.345327089822987,0,0.134,1
"Prmt1",0.161834160173932,-0.371412070948734,0,0.134,1
"Zfp646",0.161834160173932,-0.35213747979511,0,0.134,1
"Bccip",0.161834160173932,-0.324527824889953,0,0.134,1
"Sprn",0.161834160173932,-0.374307717686093,0,0.134,1
"Gtf2e2",0.161834160173932,-0.315895854623505,0,0.134,1
"Map1s",0.161834160173932,-0.313247246059061,0,0.134,1
"Ddx19b",0.161834160173932,-0.338700343232048,0,0.134,1
"Fbxo31",0.161834160173932,-0.37111865670072,0,0.134,1
"Nicn1",0.161834160173932,-0.439251782016463,0,0.134,1
"Ipmk",0.161834160173932,-0.360073469514511,0,0.134,1
"Sumo3",0.161834160173932,-0.321719490219023,0,0.134,1
"Mgat1",0.161834160173932,-0.281503555222616,0,0.134,1
"Sowaha",0.161834160173932,-0.34431991046531,0,0.134,1
"Slc36a1",0.161834160173932,-0.340899348787516,0,0.134,1
"Tmem11",0.161834160173932,-0.35884822987205,0,0.134,1
"Emb",0.161834160173932,-0.345394788233299,0,0.134,1
"Actr8",0.161834160173932,-0.346008660995964,0,0.134,1
"4930579G18Rik",0.161834160173932,-0.331247582228842,0,0.134,1
"Golph3",0.161834160173932,-0.363499965324655,0,0.134,1
"Polr2k",0.161834160173932,-0.322003475059963,0,0.134,1
"Txn2",0.161834160173932,-0.291902170102232,0,0.134,1
"Poldip3",0.161834160173932,-0.354930726606188,0,0.134,1
"Zfp385a",0.161834160173932,-0.292326056645957,0,0.134,1
"Gm42477",0.161834160173932,-0.327790921265439,0,0.134,1
"Ydjc",0.161834160173932,-0.321319600708007,0,0.134,1
"Pkd2l2",0.161834160173932,-0.326294059498402,0,0.134,1
"Klc2",0.161834160173932,-0.313791060854669,0,0.134,1
"mt-Atp8",0.161834160173932,-0.340797229139206,0,0.134,1
"Pigu",0.162036221871341,0.300811095295282,0.308,0.161,1
"Aimp1",0.162168116716071,-0.39918075891159,0.077,0.267,1
"Mir99ahg",0.162237100770668,0.268168518066489,0.769,0.576,1
"Rps27a",0.162295876499749,-0.360837927394182,0.231,0.488,1
"Epc1",0.162295876499749,0.390878553691205,0.615,0.465,1
"Gm41361",0.162350124005524,0.398875177202274,0.231,0.111,1
"Blzf1",0.162353367332359,0.345983218264596,0.231,0.106,1
"Snx13",0.162529387290976,-0.449696757491741,0.154,0.35,1
"Zfp236",0.162940507976744,0.482873736044144,0.385,0.244,1
"Babam2",0.163131821137532,0.26603951762569,0.538,0.323,1
"Tceal3",0.163199759939053,-0.469223796367555,0.077,0.235,1
"Zcchc10",0.163408990001683,0.391270144235209,0.154,0.06,1
"Atp1b2",0.163408990001683,0.681554863403618,0.154,0.06,1
"Oxct1",0.163549252047563,-0.52436077109461,0.462,0.659,1
"Snca",0.163748316881207,-0.427863717658813,0.538,0.696,1
"Srr",0.164190486149519,0.416553670212932,0.462,0.304,1
"Igsf8",0.164420282464973,0.418563899281515,0.462,0.35,1
"Lpin1",0.164561262843225,0.30226511061764,0.231,0.101,1
"Akt3",0.164565660296842,0.3391468638836,0.769,0.737,1
"Cnnm3",0.164670418631614,0.338177438476699,0.231,0.111,1
"Mtpn",0.164714578862228,-0.27342116714571,0.077,0.272,1
"4921511I17Rik",0.164914944480605,0.295124339481708,0.308,0.152,1
"Yme1l1",0.164967006376725,0.726018841744075,0.462,0.336,1
"Dnajb6",0.165093330610719,-0.519538125340681,0.308,0.456,1
"Pafah1b2",0.165397142811152,-0.355139736709146,0.077,0.258,1
"Tmem196",0.165414168032896,0.547841484911781,0.308,0.166,1
"Lzts3",0.16543953328307,-0.506293601244697,0.077,0.23,1
"5530601H04Rik",0.165587920447192,0.699999887880066,0.308,0.203,1
"Gabarapl2",0.165834510967892,-0.434905927853153,0.154,0.336,1
"Rbmx",0.165934705151902,0.444282605061714,0.308,0.175,1
"Trafd1",0.166013703849074,0.342876240840749,0.308,0.161,1
"Tmod2",0.166173187443501,-0.384431987468994,0.308,0.544,1
"Nrip1",0.166375555194403,-0.5689948151914,0.154,0.332,1
"Prnp",0.166514398075536,-0.378044696928702,0.154,0.355,1
"Zfp507",0.166758670736761,0.445263384203397,0.231,0.115,1
"Atrx",0.166814908377845,-0.418154456976969,0.692,0.733,1
"Eno2",0.166998987428396,-0.466025175047299,0.308,0.498,1
"Cep57",0.167015597203987,0.433683513621245,0.231,0.111,1
"Slc43a2",0.167031054273339,0.411552377555882,0.308,0.18,1
"Slc44a5",0.167246631433582,0.300352219918571,0.385,0.212,1
"Prkacb",0.167824685528959,-0.38774659072556,0.308,0.599,1
"Chga",0.168072676884968,0.598148747057017,0.462,0.336,1
"Adam22",0.168372544171522,0.370937379081377,0.769,0.705,1
"Araf",0.168704000424211,0.466289637709373,0.615,0.438,1
"Upf3b",0.168921268175113,-0.467279312898393,0.077,0.24,1
"Nrg3os",0.169216892415348,0.452969215899278,0.769,0.737,1
"Gm28494",0.16950891523281,0.266720135328932,0.231,0.106,1
"Cxcl14",0.16955215600907,0.274744478048451,0.154,0.06,1
"Hbs1l",0.169840636327113,0.40139188864321,0.385,0.253,1
"Vps41",0.170205693886338,-0.509696543868462,0.231,0.41,1
"Cacng3",0.170248891563413,-0.467504173989003,0.308,0.558,1
"Btg2",0.170262580344821,-0.409463467816951,0,0.129,1
"Flvcr1",0.170262580344821,-0.319576963137684,0,0.129,1
"Ssna1",0.170262580344821,-0.301462807083392,0,0.129,1
"Trub2",0.170262580344821,-0.329890158394446,0,0.129,1
"Slc25a44",0.170262580344821,-0.332765750911778,0,0.129,1
"Gm43192",0.170262580344821,-0.328975853360363,0,0.129,1
"Ndufaf6",0.170262580344821,-0.296439086354362,0,0.129,1
"E130114P18Rik",0.170262580344821,-0.699330744094408,0,0.129,1
"Magoh",0.170262580344821,-0.352831172068094,0,0.129,1
"Ddx54",0.170262580344821,-0.267132780628972,0,0.129,1
"Tmem120b",0.170262580344821,-0.306244534406584,0,0.129,1
"Hspbp1",0.170262580344821,-0.316033620546729,0,0.129,1
"Zfp710",0.170262580344821,-0.304984186449601,0,0.129,1
"C2cd3",0.170262580344821,-0.312015946284848,0,0.129,1
"Ap3m2",0.170262580344821,-0.359944513624307,0,0.129,1
"4933421D24Rik",0.170262580344821,-0.315645931481522,0,0.129,1
"D8Ertd738e",0.170262580344821,-0.392490715015158,0,0.129,1
"Utp4",0.170262580344821,-0.333612215178185,0,0.129,1
"Vps26b",0.170262580344821,-0.325155118684336,0,0.129,1
"Nfic",0.170262580344821,-0.345696483883352,0,0.129,1
"Yeats4",0.170262580344821,-0.400072801373027,0,0.129,1
"B4galnt1",0.170262580344821,-0.316726162621428,0,0.129,1
"Tmed4",0.170262580344821,-0.301372425043327,0,0.129,1
"ENSMUSG00000121226",0.170262580344821,-0.358875745205284,0,0.129,1
"Mrpl45",0.170262580344821,-0.337650209024472,0,0.129,1
"Limd2",0.170262580344821,-0.331459157911702,0,0.129,1
"Syndig1l",0.170262580344821,-0.373819533247158,0,0.129,1
"Spata13",0.170262580344821,-0.44875256435062,0,0.129,1
"Elp3",0.170262580344821,-0.282993865668762,0,0.129,1
"Derl1",0.170262580344821,-0.317008235962073,0,0.129,1
"Spryd3",0.170262580344821,-0.307114623102776,0,0.129,1
"Btg3",0.170262580344821,-0.355726946504439,0,0.129,1
"Ets2",0.170262580344821,-0.296297408099979,0,0.129,1
"Abhd16a",0.170262580344821,-0.295686938312767,0,0.129,1
"Bloc1s2",0.170262580344821,-0.344623350033273,0,0.129,1
"Dpcd",0.170262580344821,-0.352554007440339,0,0.129,1
"Rptor",0.170290067344647,-0.403385414042063,0.231,0.433,1
"Glrx2",0.170340388768368,-0.409877543543264,0.077,0.249,1
"Ppt1",0.170511513200803,-0.422769661908996,0.154,0.359,1
"Setdb1",0.170636687422918,-0.374015152925657,0.077,0.258,1
"Vdac3",0.170636687422918,-0.449884429316958,0.077,0.258,1
"Ctnna1",0.170636836163962,0.28360201246145,0.308,0.157,1
"Ggact",0.170790811454249,0.496823132627064,0.385,0.276,1
"Cblb",0.170940449446543,0.399572109399679,0.308,0.18,1
"Serp2",0.171035467670915,0.329947876331438,0.615,0.41,1
"Cstpp1",0.171176975101912,0.392361781407689,0.615,0.442,1
"Trnp1",0.171370368595924,-0.523344484947263,0.077,0.226,1
"Togaram1",0.171587752763946,-0.363971620725081,0.077,0.263,1
"Gnb2",0.171946225020155,-0.509004499070061,0.231,0.406,1
"Med24",0.172116986381492,0.279332866136494,0.308,0.161,1
"Ift57",0.172222741716245,-0.432373762619237,0.077,0.235,1
"Myt1l",0.172335502252041,-0.363644854713172,0.923,0.945,1
"Frmd5",0.17235533242864,0.663944646854851,0.846,0.687,1
"Ppp2r2c",0.172454390149858,-0.464979652390279,0.308,0.488,1
"Ndufb8",0.172578707024998,-0.375871361140797,0.154,0.346,1
"Wtip",0.172687937968387,0.364114902969564,0.154,0.06,1
"Prkca",0.172701503973807,-0.648874046151971,0.462,0.673,1
"Slc22a17",0.17275715088542,0.322478249010291,0.692,0.618,1
"Zfp654",0.17280384040054,-0.446196618757485,0.154,0.332,1
"Chd4",0.173390326790009,-0.457452957222294,0.231,0.465,1
"Neurl4",0.17382137392303,0.427516475404647,0.231,0.115,1
"Btrc",0.173957848444662,-0.319774542549371,0.385,0.53,1
"Cox8a",0.173972336123146,-0.43326324279234,0.462,0.691,1
"Setd4",0.174041844609825,0.384037902272938,0.462,0.286,1
"Cadps2",0.174071292999652,0.301572062834612,0.385,0.217,1
"Smpd4",0.174459928283183,-0.471778298095003,0.231,0.401,1
"Cdh4",0.174482154000225,0.599798423678968,0.538,0.336,1
"Eif2ak4",0.17477893136535,0.515166535633386,0.308,0.189,1
"Cox7a2",0.175089032910614,-0.357091980140594,0.154,0.387,1
"Zfp827",0.175284500885985,-0.437958925901653,0.154,0.359,1
"Sgta",0.175571955917611,-0.469417993851881,0.077,0.221,1
"Inafm1",0.175866887817859,0.343056060011983,0.154,0.06,1
"Timm21",0.175866887817859,0.35018831398274,0.154,0.06,1
"Esyt2",0.176056556007773,0.409304232235627,0.692,0.525,1
"Ndufaf4",0.176086807274564,-0.442177600109228,0.154,0.332,1
"Cntn4",0.176108439562801,-0.321467956315436,0.615,0.899,1
"Ccdc28a",0.176278126026133,0.369549148141517,0.308,0.161,1
"Tmpo",0.176898385712492,0.312940904125458,0.231,0.106,1
"Abl2",0.176927684947419,-0.407184972595665,0.154,0.369,1
"Coa8",0.176933039358453,0.400110637688958,0.308,0.18,1
"Nlgn2",0.17712709011052,-0.413393978192017,0.154,0.336,1
"Psmd7",0.177316340675103,-0.449751948710248,0.231,0.419,1
"Nr6a1",0.177316475353884,0.336032486430976,0.538,0.401,1
"Pabpc4",0.177436536521592,-0.488519140713362,0.154,0.304,1
"Amph",0.177546489104529,0.322067805187489,0.615,0.525,1
"Mon1a",0.177793651148928,0.485360374877234,0.154,0.065,1
"Gm45846",0.178031257605673,0.572150887330371,0.231,0.12,1
"Kiz",0.178247905311785,0.712581611328689,0.308,0.198,1
"Ei24",0.178367903515387,0.439304699258037,0.385,0.263,1
"Pggt1b",0.178652489383068,0.747031779722052,0.231,0.115,1
"Atp6v1c1",0.178749342521349,0.407119976932317,0.385,0.244,1
"Gsdme",0.178902699931006,-0.659740547724196,0.385,0.507,1
"Syt6",0.179050229406521,-0.575133357660141,0.077,0.24,1
"Polr3c",0.179089275847533,0.305205234820037,0.154,0.06,1
"Trim62",0.179089275847533,0.325637944565966,0.154,0.06,1
"Ampd3",0.179089275847533,0.32781519543102,0.154,0.06,1
"Slco5a1",0.179119143268929,-0.33734452938032,0,0.124,1
"Vps16",0.179119143268929,-0.262345059369167,0,0.124,1
"Adrm1",0.179119143268929,-0.309613922265398,0,0.124,1
"Rbm8a",0.179119143268929,-0.325282450130777,0,0.124,1
"Synpo2",0.179119143268929,-0.38939934344268,0,0.124,1
"Shb",0.179119143268929,-0.402693858941457,0,0.124,1
"Otud3",0.179119143268929,-0.275735019430526,0,0.124,1
"Dffa",0.179119143268929,-0.266194302514403,0,0.124,1
"Rnf207",0.179119143268929,-0.286830684487672,0,0.124,1
"5730480H06Rik",0.179119143268929,-0.288250205489256,0,0.124,1
"Gm43606",0.179119143268929,-0.265912091759563,0,0.124,1
"Prkg2",0.179119143268929,-0.316563599762274,0,0.124,1
"Gm42456",0.179119143268929,-0.296734617749466,0,0.124,1
"Lancl2",0.179119143268929,-0.302764139039777,0,0.124,1
"Uba3",0.179119143268929,0.286808609861396,0.231,0.111,1
"Cic",0.179119143268929,-0.298100840243517,0,0.124,1
"Erich1",0.179119143268929,-0.295439942337534,0,0.124,1
"Smim7",0.179119143268929,-0.29749005788323,0,0.124,1
"Rad23a",0.179119143268929,-0.323476239956942,0,0.124,1
"Man2b1",0.179119143268929,-0.304838335861607,0,0.124,1
"Bcar1",0.179119143268929,-0.285945520570086,0,0.124,1
"Egln1",0.179119143268929,-0.3176185669498,0,0.124,1
"Rbm34",0.179119143268929,-0.332623894852341,0,0.124,1
"Aste1",0.179119143268929,-0.316573654500355,0,0.124,1
"Pfkl",0.179119143268929,-0.284752475275775,0,0.124,1
"Pias4",0.179119143268929,-0.337886559904167,0,0.124,1
"Snrpf",0.179119143268929,-0.3230742849655,0,0.124,1
"Nudcd2",0.179119143268929,-0.333448703982463,0,0.124,1
"Zswim7",0.179119143268929,-0.341692357169231,0,0.124,1
"Doc2b",0.179119143268929,-0.376125047770281,0,0.124,1
"Slc38a10",0.179119143268929,-0.304107633442655,0,0.124,1
"Poc5",0.179119143268929,-0.326881885209877,0,0.124,1
"Mocs2",0.179119143268929,-0.350018116565062,0,0.124,1
"Osgep",0.179119143268929,-0.289245051839516,0,0.124,1
"Brix1",0.179119143268929,-0.310442013844327,0,0.124,1
"Dgcr6",0.179119143268929,-0.349581415990665,0,0.124,1
"Sema6b",0.179119143268929,-0.296742921940766,0,0.124,1
"Sra1",0.179119143268929,-0.359577862857636,0,0.124,1
"Borcs7",0.179119143268929,-0.304653597334929,0,0.124,1
"Otud7b",0.179721792930411,0.317171137852551,0.308,0.166,1
"Ubtd2",0.179721792930411,0.276202354447228,0.308,0.166,1
"Plekhm3",0.179747977210912,-0.361625650404027,0.308,0.521,1
"Flywch1",0.179851827314257,-0.284702905521327,0.154,0.387,1
"Ncoa3",0.180313614146371,-0.47476637404666,0.077,0.23,1
"Tmed2",0.180313614146371,-0.433259168634957,0.077,0.23,1
"Scd2",0.180370725848951,-0.419149769206965,0.231,0.456,1
"Dnaja1",0.180509999735462,-0.410819767866828,0.308,0.539,1
"Adgrb3",0.18058276795957,0.294170245618869,0.923,0.949,1
"Angel2",0.180654875685805,-0.476954783856753,0.231,0.382,1
"Pxk",0.180870779348756,-0.421216249266307,0.077,0.226,1
"Pigbos1",0.180945425307906,0.368804412117021,0.154,0.065,1
"Tollip",0.181105186548678,0.398577163547453,0.231,0.115,1
"Rtl4",0.181219801037563,0.727044535289598,0.385,0.258,1
"Pitpnb",0.181613828386491,-0.383334428238857,0.077,0.235,1
"Rcbtb2",0.181616238537005,0.354001062803359,0.231,0.111,1
"Dido1",0.181692883110522,-0.399600577112337,0.154,0.35,1
"Txndc16",0.181714228535612,-0.44648284241959,0.154,0.327,1
"Srsf5",0.18177341647604,0.425472796286872,0.692,0.535,1
"Mapkap1",0.182121487732224,-0.442860021256265,0.231,0.438,1
"Map2k4",0.182174765369827,0.571617621323188,0.615,0.576,1
"2610507B11Rik",0.182240603302848,-0.415253269132523,0.077,0.23,1
"Sgk1",0.182315643256601,0.402982983543911,0.538,0.396,1
"Pcif1",0.182355367247713,0.2591566841832,0.154,0.06,1
"Med27",0.182364732407772,-0.341906011750244,0.077,0.253,1
"Dnajb14",0.182412455164443,-0.260121521724292,0.077,0.263,1
"Dnm3",0.182500723384315,0.557758003137852,0.692,0.668,1
"Nfe2l1",0.182791873223208,-0.439788634010955,0.154,0.332,1
"Lrif1",0.182843270060509,-0.421170831596464,0.077,0.24,1
"Tmsb4x",0.182914771426173,-0.5037596603424,0.538,0.733,1
"Bsn",0.183253722628028,-0.449788760801228,0.385,0.553,1
"Usp50",0.183419771559853,0.349988336369032,0.462,0.309,1
"Gm29514",0.183425356257929,0.494768092505544,0.231,0.129,1
"Abr",0.183483753136594,-0.489874741218809,0.308,0.521,1
"Lmo3",0.183506070929928,-0.555512314332118,0.308,0.525,1
"Hprt",0.183901566402343,0.323958661637825,0.462,0.29,1
"Cdkl1",0.184120082275743,0.451644413361707,0.308,0.18,1
"Cep85",0.184138494070015,0.436563461613856,0.154,0.065,1
"Rgs20",0.184255469161968,-0.727045521814695,0.385,0.53,1
"Abcf1",0.184264753161693,-0.303630393784062,0.077,0.263,1
"Dop1b",0.184373436088126,-0.502889916369015,0.154,0.304,1
"Cep83os",0.184525242849596,0.286619649676318,0.231,0.106,1
"Uxs1",0.185136986714511,0.342948661691617,0.462,0.309,1
"Rcan1",0.185176025942384,0.332710979746901,0.308,0.171,1
"Hcfc1r1",0.18532098279294,-0.487296454390327,0.077,0.221,1
"Ncoa7",0.185572814411218,0.42056355128284,0.692,0.53,1
"Large1",0.185728249563549,-0.4325698178479,0.692,0.876,1
"Nin",0.185774237842487,-0.474899212378654,0.385,0.525,1
"Zfand3",0.186079732506477,0.446223691896572,0.615,0.438,1
"Pnma8a",0.186130936997555,-0.357601292096975,0.077,0.253,1
"Kcnh1",0.186492049166905,-0.447257389039944,0.308,0.539,1
"Rbm5",0.186519655974662,0.305704798619397,0.615,0.516,1
"Uso1",0.186695547091549,-0.380385621975373,0.077,0.24,1
"Tmsb10",0.186755680977517,-0.445471744066266,0.077,0.226,1
"Zdhhc14",0.186840924825389,-0.487341629747886,0.538,0.677,1
"3110021N24Rik",0.187264448040676,0.36488830720731,0.615,0.41,1
"Trir",0.187317939731541,-0.432809752258869,0.077,0.221,1
"Poln",0.187373092248604,0.382218826570191,0.154,0.065,1
"Klhdc2",0.187968965031596,0.341283402032946,0.385,0.23,1
"Polr1f",0.188300112836975,0.317710703772961,0.308,0.166,1
"Eif4a2",0.188396600443323,-0.424076000787579,0.231,0.419,1
"Uchl5",0.188428732346045,-0.293324427544373,0,0.12,1
"Mtarc2",0.188428732346045,-0.29191518461223,0,0.12,1
"Gm10516",0.188428732346045,-0.287985260380917,0,0.12,1
"Dnlz",0.188428732346045,-0.36383859334524,0,0.12,1
"Rabepk",0.188428732346045,-0.330354744212586,0,0.12,1
"1700037H04Rik",0.188428732346045,-0.299449618886166,0,0.12,1
"Gm14296",0.188428732346045,-0.288742893878322,0,0.12,1
"Rbm15",0.188428732346045,-0.265204962369129,0,0.12,1
"Sdc3",0.188428732346045,-0.276747929497706,0,0.12,1
"Drc1",0.188428732346045,-0.297669345649995,0,0.12,1
"Rnf4",0.188428732346045,-0.313860507292216,0,0.12,1
"Ptpn13",0.188428732346045,-0.419939935261816,0,0.12,1
"Setd1b",0.188428732346045,-0.329845224672289,0,0.12,1
"Tmem248",0.188428732346045,-0.287107337863329,0,0.12,1
"Gm44257",0.188428732346045,-0.307263756168273,0,0.12,1
"Cyth2",0.188428732346045,-0.314253362994017,0,0.12,1
"Gm45263",0.188428732346045,-0.309184705940275,0,0.12,1
"Vac14",0.188428732346045,-0.304503838270989,0,0.12,1
"Pik3r4",0.188428732346045,-0.255435608605593,0,0.12,1
"Ano10",0.188428732346045,-0.316866041011412,0,0.12,1
"Eif4ebp2",0.188428732346045,-0.297062167755349,0,0.12,1
"Ankrd52",0.188428732346045,-0.263193464247906,0,0.12,1
"Insyn2b",0.188428732346045,-0.341846838128214,0,0.12,1
"Lyrm9",0.188428732346045,-0.326460650757958,0,0.12,1
"Lasp1",0.188428732346045,-0.294837354572426,0,0.12,1
"Lsm12",0.188428732346045,-0.342800228292491,0,0.12,1
"Tbc1d16",0.188428732346045,-0.316983787071511,0,0.12,1
"Mideas",0.188428732346045,-0.2735503084379,0,0.12,1
"Slc35b3",0.188428732346045,-0.336617735414302,0,0.12,1
"Platr25",0.188428732346045,-0.308289296810699,0,0.12,1
"Asb8",0.188428732346045,-0.336742502721375,0,0.12,1
"Copz1",0.188428732346045,-0.290992579395776,0,0.12,1
"Clcn2",0.188428732346045,-0.261779672308286,0,0.12,1
"E430024P14Rik",0.188428732346045,-0.31779118610736,0,0.12,1
"Lmf1",0.188428732346045,-0.292634498422173,0,0.12,1
"Gm50250",0.188428732346045,-0.257808027428134,0,0.12,1
"Wiz",0.188428732346045,-0.28564173492494,0,0.12,1
"Lrrc73",0.188428732346045,-0.309326112396615,0,0.12,1
"Lonp1",0.188428732346045,-0.28484737476644,0,0.12,1
"Mettl4",0.188428732346045,-0.29181050812211,0,0.12,1
"Myo5b",0.188428732346045,-0.298443867345102,0,0.12,1
"Pard6g",0.188428732346045,-0.337332311716358,0,0.12,1
"Ddb1",0.188428732346045,-0.301738716974874,0,0.12,1
"mt-Nd6",0.188428732346045,-0.266485679063266,0,0.12,1
"Klf8",0.188969901341758,0.709224404362293,0.308,0.189,1
"Reln",0.189149393450638,-0.566658532712112,0.231,0.475,1
"4933406I18Rik",0.189245096859836,-0.461291692338796,0.154,0.323,1
"Celf6",0.189262417009724,0.255857843924154,0.231,0.111,1
"Trmt61b",0.189336943562974,0.449480392138056,0.231,0.124,1
"Bcl7a",0.189384901463927,0.449651370763817,0.308,0.18,1
"Ccny",0.189553408085839,-0.256022917254998,0.308,0.516,1
"Bicral",0.18962547606599,-0.463098625572231,0.231,0.401,1
"Zc3h4",0.189743337392237,0.266174218366559,0.231,0.106,1
"Chrm1",0.189954322854624,-0.387900310846183,0.077,0.253,1
"Mdh1",0.190067789531849,-0.482308406395261,0.538,0.747,1
"Odr4",0.190318997487043,0.435474175307204,0.231,0.12,1
"Spcs1",0.190450766109815,0.422001415223839,0.308,0.18,1
"C79798",0.190551226500136,0.4000369196649,0.308,0.175,1
"Id2",0.190551226500136,0.46802316287936,0.308,0.175,1
"4930432B10Rik",0.19064944979721,0.649562388232318,0.154,0.065,1
"Mfsd5",0.19064944979721,0.365135949940906,0.154,0.065,1
"Matk",0.190658596945954,-0.450857416448642,0.231,0.378,1
"Slc8a2",0.190988361330641,-0.483300966961851,0.154,0.309,1
"Taf11",0.191166160219702,0.342080808512241,0.231,0.115,1
"Pde4dip",0.191740911530841,-0.381944334687174,0.615,0.747,1
"Hdlbp",0.19188138743538,0.40134570954536,0.462,0.332,1
"Timm13",0.191906198588387,-0.543332758997085,0.077,0.217,1
"Clpx",0.192105042934897,-0.423958082738432,0.077,0.23,1
"Atp6v1h",0.192673971158125,-0.442538713022235,0.308,0.461,1
"Tubb5",0.192673971158125,-0.494718746697888,0.308,0.461,1
"Eml5",0.192745825764302,0.549132605011532,0.692,0.668,1
"Usp28",0.193404083718306,-0.42295125666299,0.077,0.221,1
"A330076H08Rik",0.193476156695873,-0.432092952924582,0.231,0.452,1
"Magi2",0.193512517692589,0.437874424805654,1,0.972,1
"Klf7",0.193657767576039,-0.428264702676169,0.231,0.415,1
"Cdh9",0.193657767576039,-0.686634859418981,0.231,0.415,1
"Rab27a",0.193967791680857,0.447271146387256,0.154,0.065,1
"Ebag9",0.193967791680857,0.365157884322394,0.154,0.065,1
"Gm12940",0.193971622779765,-0.465456159657178,0.077,0.217,1
"Arpc3",0.194440520977696,-0.406138386679832,0.154,0.346,1
"Rnf25",0.194571358244054,0.636203966450547,0.385,0.249,1
"Rhoa",0.194783588645693,0.288691754659777,0.385,0.24,1
"Rapgef4os1",0.194792385824654,-0.337969694659393,0.077,0.249,1
"Pacsin2",0.194929410101736,0.322338306218379,0.308,0.166,1
"Psmd14",0.195038704015345,-0.42724763641104,0.385,0.521,1
"Sec62",0.195191812931341,-0.54179082673637,0.615,0.687,1
"Cbx1",0.195392323306798,-0.359634228843563,0.077,0.235,1
"Rere",0.195511314403942,-0.324694771544483,0.615,0.788,1
"Ppp6r2",0.195568256929641,0.321542910877616,0.538,0.364,1
"Tmem19",0.19561945368184,0.608743635440181,0.231,0.129,1
"Bri3",0.195797410141558,-0.293466492478851,0.077,0.253,1
"Rnf8",0.196348255681442,0.265341846252719,0.231,0.115,1
"Son",0.196496418263289,-0.346718120677164,0.769,0.816,1
"A930017M01Rik",0.196501720842117,0.593551335474621,0.385,0.249,1
"Slc35f4",0.196577237086637,0.916397911893697,0.538,0.419,1
"Wnk3",0.19658797009512,-0.394741264646534,0.077,0.24,1
"Tigd2",0.196695767660909,0.454294840767778,0.308,0.184,1
"Prdm10",0.196774849461955,0.307657000963261,0.385,0.23,1
"Gcn1",0.196861428570361,0.769872931342383,0.231,0.124,1
"Sft2d3",0.197143291301005,0.27626330902961,0.231,0.111,1
"Dtd1",0.197279444173531,0.335962357453724,0.538,0.364,1
"1700080N15Rik",0.1973283377476,0.273017617651113,0.154,0.065,1
"Drc3",0.1973283377476,0.381423340460805,0.154,0.065,1
"Adcy5",0.197390389330369,-0.650528361618897,0.385,0.525,1
"Rtn4rl1",0.197421432226868,-0.375100465026711,0.077,0.235,1
"Arel1",0.197626539791066,-0.560861424603787,0.231,0.373,1
"Gpd2",0.197985326603723,0.370133988949343,0.231,0.12,1
"Cdyl2",0.198012601217781,-0.51805115993593,0.154,0.295,1
"Pdcd7",0.198213499491573,0.289265307133835,0.308,0.161,1
"Fastkd2",0.198218352278423,-0.302985414818003,0,0.115,1
"Zfp281",0.198218352278423,-0.276163302792342,0,0.115,1
"Fdps",0.198218352278423,-0.300460146595691,0,0.115,1
"Gtf2b",0.198218352278423,-0.31535891635337,0,0.115,1
"ENSMUSG00000120487",0.198218352278423,-0.285705125732574,0,0.115,1
"Reck",0.198218352278423,-0.403721525254538,0,0.115,1
"AU022252",0.198218352278423,-0.255019909110024,0,0.115,1
"Snhg12",0.198218352278423,-0.312170884237336,0,0.115,1
"Abcb4",0.198218352278423,-0.272454343647487,0,0.115,1
"Fam185a",0.198218352278423,-0.270486118158734,0,0.115,1
"Rhbdd2",0.198218352278423,-0.295873546880243,0,0.115,1
"Mrpl35",0.198218352278423,-0.367085335469714,0,0.115,1
"Mrpl19",0.198218352278423,-0.300261472877822,0,0.115,1
"Mrps11",0.198218352278423,-0.324127359675753,0,0.115,1
"Stard10",0.198218352278423,-0.298346528390751,0,0.115,1
"Mapk3",0.198218352278423,-0.284600026916764,0,0.115,1
"Tnpo2",0.198218352278423,-0.264383768497393,0,0.115,1
"Slc9a5",0.198218352278423,-0.290504785966569,0,0.115,1
"Eif3g",0.198218352278423,-0.297241265489336,0,0.115,1
"Gnai2",0.198218352278423,-0.290642069501868,0,0.115,1
"Rel",0.198218352278423,-0.27387450050343,0,0.115,1
"Pgs1",0.198218352278423,-0.285426431903385,0,0.115,1
"Rad51ap2",0.198218352278423,-0.292865967991737,0,0.115,1
"Adam17",0.198218352278423,-0.328350278608379,0,0.115,1
"Gm16267",0.198218352278423,-0.250569085087129,0,0.115,1
"G2e3",0.198218352278423,-0.280062561796492,0,0.115,1
"Bag5",0.198218352278423,-0.331100957822221,0,0.115,1
"Chchd1",0.198218352278423,-0.317059443604837,0,0.115,1
"Ccn3",0.198218352278423,-0.307880067609309,0,0.115,1
"B130034C11Rik",0.198218352278423,-0.274904476066121,0,0.115,1
"Fahd1",0.198218352278423,-0.287292228769939,0,0.115,1
"Rhoq",0.198218352278423,-0.311625001668214,0,0.115,1
"2700062C07Rik",0.198218352278423,-0.263684090492405,0,0.115,1
"Wdr36",0.198218352278423,-0.278207300401133,0,0.115,1
"Me2",0.198218352278423,-0.314990801409006,0,0.115,1
"Aip",0.198218352278423,-0.284703600934935,0,0.115,1
"Gm50232",0.198218352278423,-0.28875043568897,0,0.115,1
"Lrrc10b",0.198218352278423,-0.337989205171125,0,0.115,1
"Emd",0.198218352278423,-0.287597686987714,0,0.115,1
"mt-Nd3",0.198218352278423,-0.258734772730316,0,0.115,1
"Npepps",0.198750006423853,-0.295253412085825,0.385,0.544,1
"Spats2",0.198947635195991,-0.417759821664568,0.077,0.226,1
"Gabra2",0.199112761467149,-0.539244664759483,0.769,0.774,1
"Nsmaf",0.199601894136436,-0.416971217401045,0.154,0.336,1
"Ptprk",0.19960205387642,0.377968679847724,0.462,0.318,1
"Cnksr2",0.200032600613927,-0.303521384945814,0.692,0.848,1
"Miat",0.200687818838611,0.836099693786066,0.462,0.332,1
"Scaf11",0.200784024503444,-0.353953849050537,0.077,0.249,1
"Pcbp1",0.200838799114145,-0.44607983292806,0.077,0.212,1
"Cdh7",0.201313616555993,0.292901805284076,0.385,0.212,1
"Usf2",0.201329085652562,0.568960842425539,0.308,0.203,1
"Vps29",0.201413502292872,-0.372444905151604,0.154,0.336,1
"Slc35e2",0.201743170442388,-0.417422184734832,0.077,0.221,1
"Mrpl48",0.201743170442388,-0.382668192258864,0.077,0.221,1
"Retreg3",0.201743170442388,-0.401750188663404,0.077,0.221,1
"Penk",0.201784108193321,-1.47697752663906,0.154,0.295,1
"Mark2",0.202085711551126,-0.360186038083043,0.308,0.539,1
"Mamld1",0.202356570694139,-0.380503523672819,0.077,0.23,1
"Ttll4",0.202396551004806,-0.437861119098617,0.077,0.217,1
"Zc3h7a",0.202409581200068,-0.393541949141481,0.154,0.341,1
"Rac1",0.20240974022484,-0.293784472700073,0.154,0.341,1
"Lactb",0.202470977264242,0.840546403118648,0.308,0.18,1
"Trrap",0.202557315940915,0.313524348383029,0.462,0.3,1
"Zfhx2",0.20279973768245,-0.438409595777494,0.231,0.406,1
"Ppp1r10",0.202810821850571,0.302898986949894,0.385,0.23,1
"Uqcrc2",0.20286895412721,-0.446642542937431,0.231,0.373,1
"Amer2",0.202991717573626,-0.483894636218985,0.077,0.212,1
"Parp6",0.20368938440507,-0.45007109586309,0.154,0.295,1
"Neo1",0.20416732273901,-0.462849279715286,0.231,0.41,1
"Gm38043",0.204176895469167,0.362812577437414,0.154,0.065,1
"Selenon",0.204176895469167,0.328879112456619,0.154,0.065,1
"Gm43321",0.204176895469167,0.366674628969972,0.154,0.065,1
"Arhgef1",0.204176895469167,0.289520325272367,0.154,0.065,1
"Eif5",0.20444900312079,-0.316351360115979,0.154,0.382,1
"Lca5",0.204602580838392,0.493095550910142,0.231,0.124,1
"Nol4l",0.204774210082698,-0.337907097864237,0.077,0.24,1
"Hdac2",0.204774210082698,-0.335139007675022,0.077,0.24,1
"Smurf1",0.204818932162766,-0.306502485770778,0.154,0.327,1
"Gfpt1",0.204852481941622,-0.270685215938416,0.077,0.249,1
"Psmd4",0.204868529114649,-0.465330177978496,0.231,0.401,1
"Ilk",0.204910175366534,0.497779487524793,0.154,0.069,1
"Gm21926",0.204910175366534,0.484177396711089,0.154,0.069,1
"Exoc6",0.205072310834681,-0.360289648522958,0.154,0.336,1
"Pip4k2c",0.205161395969166,-0.38836291068567,0.077,0.212,1
"Ncor2",0.205571767079919,-0.373572650323281,0.154,0.323,1
"Gm44593",0.205717382685478,-0.639495918677976,0.077,0.207,1
"Ubtf",0.206009705050538,-0.452830990131599,0.077,0.221,1
"Dnajc15",0.206009705050538,-0.384453151961207,0.077,0.221,1
"Flnb",0.206297737104908,0.444787048985063,0.462,0.3,1
"Tmem9b",0.206355968871809,0.274845741291578,0.308,0.166,1
"Abce1",0.206707657007969,-0.401608095246865,0.077,0.217,1
"Mgat3",0.206707657007969,-0.44281454489923,0.077,0.217,1
"Xiap",0.206909046081048,-0.290651936280515,0.077,0.249,1
"Fam13a",0.207019738090812,0.278084271860467,0.231,0.115,1
"Plcg1",0.20723152980118,0.368692989860414,0.231,0.124,1
"Fam171b",0.207270215189991,-0.573183545345672,0.462,0.604,1
"Laptm4a",0.207347883645113,-0.438433735950515,0.077,0.212,1
"Nop58",0.207392627148044,-0.333783685109332,0.077,0.226,1
"Kdm5c",0.207392627148044,-0.387806192371554,0.077,0.226,1
"Mgat4b",0.207429342670458,0.267759004185063,0.308,0.171,1
"Crtac1",0.207539153588077,-0.617501590716576,0.154,0.295,1
"Pcdh10",0.207655510073119,0.345176297364976,0.538,0.41,1
"Eri3",0.207912176250297,0.396557961207444,0.462,0.323,1
"Crem",0.208021188618509,0.271655627370167,0.231,0.111,1
"Htt",0.208218489089464,-0.266841014657681,0.308,0.479,1
"Kctd18",0.208517413457605,-0.272661597906599,0,0.111,1
"Gm19461",0.208517413457605,-0.296162953614076,0,0.111,1
"Timm10",0.208517413457605,-0.253345647171766,0,0.111,1
"Ankrd63",0.208517413457605,-0.313288663043108,0,0.111,1
"Shld1",0.208517413457605,-0.319892031819953,0,0.111,1
"Golim4",0.208517413457605,-0.306883920475998,0,0.111,1
"Gm42722",0.208517413457605,-0.367032636669863,0,0.111,1
"Gipc2",0.208517413457605,-0.280632524390424,0,0.111,1
"Ndufb6",0.208517413457605,-0.339000416846964,0,0.111,1
"Creb3",0.208517413457605,-0.276503568404438,0,0.111,1
"Jun",0.208517413457605,-0.25213850019478,0,0.111,1
"Pou3f1",0.208517413457605,-0.287502925671236,0,0.111,1
"Ythdf2",0.208517413457605,-0.258017598497684,0,0.111,1
"Cfap74",0.208517413457605,-0.273087660229729,0,0.111,1
"Gm42948",0.208517413457605,-0.325827547461477,0,0.111,1
"Paxip1",0.208517413457605,-0.313591366537194,0,0.111,1
"Arl6ip4",0.208517413457605,-0.299634684793659,0,0.111,1
"Tprkb",0.208517413457605,-0.30125963849193,0,0.111,1
"Plxnd1",0.208517413457605,-0.298425645946554,0,0.111,1
"D830036C21Rik",0.208517413457605,-0.262668602162503,0,0.111,1
"Mcee",0.208517413457605,-0.283187439421196,0,0.111,1
"Tssc4",0.208517413457605,-0.309644731564988,0,0.111,1
"Ccdc124",0.208517413457605,-0.323071191001888,0,0.111,1
"4921524J17Rik",0.208517413457605,-0.301145900944634,0,0.111,1
"Gm31224",0.208517413457605,-0.266420579883193,0,0.111,1
"Adora2a",0.208517413457605,-0.532001165674836,0,0.111,1
"Lingo3",0.208517413457605,-0.32151345962224,0,0.111,1
"Btg1",0.208517413457605,-0.333963126423382,0,0.111,1
"H2az2",0.208517413457605,-0.314615554956489,0,0.111,1
"Zfp2",0.208517413457605,-0.303463379719974,0,0.111,1
"Tob1",0.208517413457605,-0.293149996995965,0,0.111,1
"Phb",0.208517413457605,-0.260755870704262,0,0.111,1
"Fos",0.208517413457605,-0.299966939489061,0,0.111,1
"Cep128",0.208517413457605,-0.377509070831871,0,0.111,1
"Ddx41",0.208517413457605,-0.263679968175445,0,0.111,1
"Med10",0.208517413457605,-0.266403206564742,0,0.111,1
"Gm47479",0.208517413457605,-0.256949338820218,0,0.111,1
"Mrps16",0.208517413457605,-0.282750918002984,0,0.111,1
"Gtpbp1",0.208517413457605,-0.294663912315563,0,0.111,1
"Serac1",0.208517413457605,-0.270618448534359,0,0.111,1
"Vegfa",0.208517413457605,-0.294325102360918,0,0.111,1
"Ltbp1",0.208517413457605,-0.280114029613066,0,0.111,1
"Fem1c",0.208517413457605,-0.272765960672106,0,0.111,1
"Trmt112",0.208517413457605,-0.296930325047591,0,0.111,1
"Ak3",0.208517413457605,-0.271480668156869,0,0.111,1
"Ermp1",0.208517413457605,-0.266972072969255,0,0.111,1
"Flna",0.208517413457605,-0.274601355838493,0,0.111,1
"Cdc123",0.208898224595636,-0.416627324968808,0.154,0.313,1
"Abat",0.208898224595636,-0.469265278373571,0.154,0.313,1
"Osbp",0.208980554890229,-0.263970062045858,0.077,0.249,1
"Camta2",0.20954393575214,-0.355955870468563,0.077,0.226,1
"Dap3",0.209551002712672,-0.412732707832971,0.077,0.212,1
"Rgs2",0.209551229075933,-0.568820517467494,0.077,0.212,1
"Srp14",0.209551229075933,-0.365657383956867,0.077,0.212,1
"Gm48091",0.209622703409845,0.530908069817087,0.462,0.313,1
"Apoo",0.210019706517235,0.403890930132182,0.308,0.184,1
"Nit1",0.21108504022909,-0.377446580107695,0.077,0.217,1
"Timm8b",0.21108504022909,-0.36177044431007,0.077,0.217,1
"Rprml",0.211192372636608,-0.598858450055884,0.308,0.415,1
"Sez6l",0.211202775435504,0.604087357637803,0.385,0.29,1
"Acvr2a",0.211507857390739,-0.377530802830878,0.154,0.332,1
"Mdp1",0.211750993833479,0.503476053244495,0.154,0.069,1
"Uqcrfs1",0.211771479854073,-0.430101863042343,0.077,0.212,1
"Rabgap1",0.212093483590014,0.362318182230003,0.615,0.502,1
"Xbp1",0.212155877049478,-0.325549148331172,0.077,0.244,1
"Slc4a3",0.212453164211054,-0.412320900051959,0.308,0.479,1
"Atm",0.21251066090747,0.32430182554986,0.231,0.115,1
"Wasf1",0.212933914041372,-0.281758256636301,0.308,0.599,1
"Pak5",0.21294618401133,0.597708763456584,0.538,0.502,1
"Cit",0.21340167248922,-0.286257033373313,0.385,0.636,1
"Atxn7",0.21398002791705,0.470516683670535,0.385,0.276,1
"Spacdr",0.213990939719257,0.292428836502038,0.231,0.12,1
"ENSMUSG00000121307",0.214658167434796,-0.394348975540075,0.077,0.207,1
"4921504A21Rik",0.21477145120735,0.267654346089167,0.154,0.065,1
"Impdh1",0.21477145120735,0.321838920620754,0.154,0.065,1
"Il4",0.21477145120735,0.308210364114664,0.154,0.065,1
"Fbxl4",0.215232648731814,0.309945288641593,0.154,0.069,1
"Tbc1d9b",0.215243319440918,0.400285762386327,0.308,0.189,1
"Riok2",0.215265258249251,0.427941515932577,0.231,0.124,1
"Ncs1",0.215352020406259,-0.320422732798721,0.077,0.24,1
"Mapre1",0.21552907072779,-0.371117040873032,0.077,0.217,1
"Uba5",0.215795166533203,0.495337775694416,0.308,0.194,1
"Bcas3",0.215912573153588,0.511753423639828,0.615,0.631,1
"Ankrd45",0.215978485142973,-0.472077240072229,0.154,0.29,1
"Ap1ar",0.215978485142973,-0.474720635072354,0.154,0.29,1
"Rnmt",0.216094718686636,-0.352524256389289,0.077,0.226,1
"Stx1a",0.216100349613806,-0.411675520188738,0.154,0.304,1
"Stk32a",0.216262883339409,-0.517202658577816,0.077,0.212,1
"Asap1",0.216372749243901,-0.532404080072836,0.538,0.719,1
"Gm32647",0.216383037327806,-0.554238041294203,0.077,0.235,1
"Epha4",0.216460097572573,-0.566929267987144,0.308,0.47,1
"Flrt3",0.216568769934301,-0.523433551664184,0.308,0.438,1
"AW554918",0.21676341499194,-0.494542229979232,0.154,0.3,1
"Eno1",0.217098909669863,-0.467505885817007,0.231,0.378,1
"Exoc2",0.217370192995388,-0.322603874969915,0.077,0.23,1
"Gid4",0.217377600266198,0.321239657827745,0.308,0.18,1
"Inpp5k",0.217992398436129,0.395989191996475,0.231,0.124,1
"Rps26",0.218348431804841,0.323181760223611,0.385,0.235,1
"Gm48855",0.218389536535752,0.263311018918251,0.154,0.065,1
"Gm35438.1",0.218389536535752,0.300714793818554,0.154,0.065,1
"4930509J09Rik",0.218534126712675,-0.572679185722887,0.077,0.212,1
"Mrps10",0.218534126712675,-0.366048134754824,0.077,0.212,1
"Kdm5a",0.218600892814112,-0.492802245534429,0.154,0.313,1
"1700111E14Rik",0.218624913559151,-0.576893643998989,0.385,0.562,1
"Ciao1",0.218755363332199,0.398297520532592,0.154,0.069,1
"Tmem241",0.218755363332199,0.300599287062373,0.154,0.069,1
"Dazap1",0.219201752995668,-0.309232430824248,0.077,0.221,1
"Mal2",0.219201752995668,-0.375042377504711,0.077,0.221,1
"Ppfibp1",0.219232171562093,-0.534000252121788,0.077,0.207,1
"Lin28b",0.219240821008025,0.440475769547167,0.462,0.323,1
"Gm37628",0.219358069543725,-0.316472199126433,0,0.106,1
"8030445P17Rik",0.219358069543725,-0.304468071770975,0,0.106,1
"2900092N22Rik",0.219358069543725,-0.282857091598248,0,0.106,1
"Rpl35",0.219358069543725,-0.279543405004395,0,0.106,1
"Ptpmt1",0.219358069543725,-0.295585626369809,0,0.106,1
"Aven",0.219358069543725,-0.255628751737837,0,0.106,1
"Adam15",0.219358069543725,-0.307933517250937,0,0.106,1
"Slc35a3",0.219358069543725,-0.272890989366547,0,0.106,1
"Manea",0.219358069543725,-0.26171930002232,0,0.106,1
"Nol6",0.219358069543725,-0.261129141583101,0,0.106,1
"Kpna6",0.219358069543725,-0.278791024367534,0,0.106,1
"C1qtnf12",0.219358069543725,-0.277599964250893,0,0.106,1
"Pisd",0.219358069543725,-0.270460715523923,0,0.106,1
"Crebl2",0.219358069543725,-0.257221846802944,0,0.106,1
"Bckdha",0.219358069543725,-0.262233726004676,0,0.106,1
"Rwdd4a",0.219358069543725,-0.256353319027951,0,0.106,1
"Pigyl",0.219358069543725,-0.294484837979385,0,0.106,1
"Trf",0.219358069543725,-0.302609155055033,0,0.106,1
"Shisa5",0.219358069543725,-0.279996454938744,0,0.106,1
"Cited2",0.219358069543725,-0.345965421081062,0,0.106,1
"Tpgs1",0.219358069543725,-0.272463753467981,0,0.106,1
"Dock2",0.219358069543725,-0.334178838736064,0,0.106,1
"Mrpl22",0.219358069543725,-0.320185874893219,0,0.106,1
"Tmem256",0.219358069543725,-0.25370134195805,0,0.106,1
"Nup88",0.219358069543725,-0.317081696502664,0,0.106,1
"Snx11",0.219358069543725,-0.274225971282533,0,0.106,1
"Cyb561",0.219358069543725,-0.301670479114072,0,0.106,1
"A730081D07Rik",0.219358069543725,-0.272118128370762,0,0.106,1
"Gm47460",0.219358069543725,-0.255605392221326,0,0.106,1
"Ak6",0.219358069543725,-0.27026376918557,0,0.106,1
"Gm10076",0.219358069543725,-0.284428697031215,0,0.106,1
"Tars",0.219358069543725,-0.275742779725018,0,0.106,1
"Lrrc6",0.219358069543725,-0.278909791084731,0,0.106,1
"Snn",0.219358069543725,-0.294263405114108,0,0.106,1
"Trmt2a",0.219358069543725,-0.282203794967004,0,0.106,1
"Trmt10c",0.219358069543725,-0.289665225363502,0,0.106,1
"Acat2",0.219358069543725,-0.253240912685424,0,0.106,1
"Ddr1",0.219358069543725,-0.290224817985129,0,0.106,1
"Cxxc1",0.219358069543725,-0.265233936213822,0,0.106,1
"Slc35a2",0.219358069543725,-0.272511895321695,0,0.106,1
"A230072E10Rik",0.219358069543725,-0.292574723589606,0,0.106,1
"Hccs",0.219358069543725,-0.281462698191337,0,0.106,1
"Selenof",0.219404557145837,-0.460071868804202,0.154,0.295,1
"Tbcd",0.219578749779745,0.755282741494735,0.308,0.217,1
"Apoe",0.219886189733577,-0.476574513059161,0.231,0.392,1
"Samd12",0.220017536076171,0.325392752801725,0.846,0.82,1
"Cnot7",0.220040104590745,-0.363880964317713,0.077,0.217,1
"Prpf18",0.220143908227259,0.282301949427998,0.308,0.175,1
"Zfp292",0.220562625623428,-0.295737670742599,0.308,0.498,1
"Ppp2r5c",0.220625727545695,-0.326170726647912,0.308,0.512,1
"Sec14l1",0.220933563484243,-0.485105739019275,0.308,0.452,1
"Gm44643",0.220943054361382,0.303636136078106,0.231,0.115,1
"Immt",0.221117561862098,-0.359576821614215,0.154,0.332,1
"Spock1",0.221497967746117,-0.310480634354892,0.385,0.604,1
"Hacd3",0.221513640372217,-0.441698229219489,0.231,0.364,1
"Ppp1r12a",0.221844076773209,-0.36517839534635,0.462,0.682,1
"Nipal3",0.221884683032047,-0.25405749191123,0.077,0.24,1
"Arhgef7",0.221971142379343,-0.410140594799207,0.231,0.41,1
"Ost4",0.22231930288054,0.374453441870045,0.154,0.069,1
"Gm7854",0.22231930288054,0.507581713756608,0.154,0.069,1
"Zfp811",0.22231930288054,0.371977093768863,0.154,0.069,1
"Trip4",0.222320855149352,-0.371508656299403,0.077,0.217,1
"Zfp536",0.222571251196562,0.50536897929393,0.462,0.295,1
"Acaca",0.223076480099567,0.289901234035526,0.462,0.313,1
"Cplx1",0.223078666790332,-0.429209959828579,0.154,0.29,1
"Arid1a",0.22335323440918,-0.424659100964384,0.154,0.309,1
"Dexi",0.223467330808876,0.394727137500115,0.308,0.203,1
"Phf24",0.223767080496876,0.293269675331951,0.692,0.576,1
"Sypl",0.223806461114401,0.291495668395519,0.231,0.115,1
"Skil",0.223993728206856,-0.39750420330455,0.154,0.327,1
"Ythdc1",0.223993895697325,-0.282298167310347,0.154,0.327,1
"Necab3",0.225167466802933,0.330798499034819,0.231,0.12,1
"Pkd1",0.225217285406444,0.559932702572871,0.462,0.369,1
"Rnf20",0.225450547817934,-0.389856061481849,0.077,0.212,1
"Ttc8",0.225519274877782,-0.48631939140371,0.231,0.359,1
"S100pbp",0.225823361828643,-0.302209730109988,0.154,0.355,1
"Gspt1",0.225823361828643,0.396738516371096,0.462,0.336,1
"Phyh",0.225924627134654,0.397811849259483,0.154,0.069,1
"Pptc7",0.226020681284229,-0.32847695770762,0.077,0.221,1
"Vps8",0.226195307526865,0.608840308410072,0.308,0.212,1
"Vav3",0.226223716048214,-0.576317563518445,0.077,0.207,1
"Mei4",0.226223716048214,-0.59588213416174,0.077,0.207,1
"Abhd17a",0.226223716048214,-0.382188309045244,0.077,0.207,1
"Lman1",0.226223716048214,-0.400387929259176,0.077,0.207,1
"Mtres1",0.226322591841865,0.359309661073482,0.231,0.124,1
"Dcun1d4",0.226546806568787,-0.461653146133511,0.154,0.295,1
"Htr2a",0.226934173184285,-0.391437156435172,0.077,0.203,1
"Sin3a",0.227417977572393,0.52413739151419,0.308,0.175,1
"Abi1",0.227418716495487,-0.395606535256488,0.385,0.525,1
"Rps15",0.227768510537702,-0.285002726366723,0.154,0.318,1
"Pabpc1",0.228186854339949,-0.387051691787767,0.154,0.304,1
"Rnf138",0.228430073039671,0.34085071153113,0.385,0.258,1
"Ulk4",0.228430272359025,-0.415509211129146,0.231,0.401,1
"Zfp385b",0.228501947921603,-0.35684271923972,0.769,0.802,1
"H3f3a",0.228941170720946,-0.429522305167394,0.231,0.369,1
"Zcchc18",0.229228436462563,-0.328022633214731,0.538,0.654,1
"Vps13c",0.229338720017674,0.257435807910099,0.615,0.475,1
"Nbn",0.229571490257153,0.283666054202866,0.154,0.069,1
"Smim20",0.229571490257153,0.348976468343272,0.154,0.069,1
"Ino80d",0.229796414643096,-0.321706975680392,0.154,0.318,1
"Agrn",0.229796586196255,-0.346332128385155,0.154,0.318,1
"Abca5",0.2299890745897,-0.329385323822512,0.154,0.327,1
"Casd1",0.230436658128663,0.486990206520958,0.308,0.203,1
"Oprk1",0.23077562103162,-0.332176126157893,0,0.101,1
"Gm22281",0.23077562103162,-0.257375207721187,0,0.101,1
"Bcs1l",0.23077562103162,-0.26837622850173,0,0.101,1
"Lrrc55",0.23077562103162,-0.271874074435499,0,0.101,1
"Arfrp1",0.23077562103162,-0.303955714618314,0,0.101,1
"Ampd2",0.23077562103162,-0.268170714695028,0,0.101,1
"Stxbp3",0.23077562103162,-0.262351533492936,0,0.101,1
"Gm43221",0.23077562103162,-0.269086215772652,0,0.101,1
"Tifa",0.23077562103162,-0.27757082522229,0,0.101,1
"Smu1",0.23077562103162,-0.258531560443335,0,0.101,1
"Lrrc42",0.23077562103162,-0.27633257514869,0,0.101,1
"Dtx1",0.23077562103162,-0.277673530269859,0,0.101,1
"Stx2",0.23077562103162,-0.25094978948011,0,0.101,1
"Limk1",0.23077562103162,-0.309935467622203,0,0.101,1
"Tmem120a",0.23077562103162,-0.251197225793441,0,0.101,1
"Gm19265",0.23077562103162,-0.28087424870093,0,0.101,1
"Sec61a1",0.23077562103162,-0.277201937934435,0,0.101,1
"1700126G02Rik",0.23077562103162,-0.288877559788556,0,0.101,1
"Irf2bp1",0.23077562103162,-0.289881710275576,0,0.101,1
"Smg9",0.23077562103162,-0.265535036999505,0,0.101,1
"Tlnrd1",0.23077562103162,-0.286030171484951,0,0.101,1
"Ubfd1",0.23077562103162,-0.27593272050289,0,0.101,1
"Sec23ip",0.23077562103162,-0.257255038826517,0,0.101,1
"Stxbp2",0.23077562103162,-0.32872104567911,0,0.101,1
"Golga7",0.23077562103162,-0.250034092501886,0,0.101,1
"Gm19744",0.23077562103162,-0.254656214481,0,0.101,1
"Prkcsh",0.23077562103162,-0.253413566617794,0,0.101,1
"Fbxo22",0.23077562103162,-0.253864227459216,0,0.101,1
"Zbtb24",0.23077562103162,-0.250346404401481,0,0.101,1
"C1d",0.23077562103162,-0.285760268448349,0,0.101,1
"Pttg1",0.23077562103162,-0.271172457538208,0,0.101,1
"Rmnd5b",0.23077562103162,-0.270411185068609,0,0.101,1
"Cog1",0.23077562103162,-0.281473263166948,0,0.101,1
"Gm47802",0.23077562103162,-0.26280412587376,0,0.101,1
"Gli3",0.23077562103162,-0.319007710980956,0,0.101,1
"Gm47088",0.23077562103162,-0.281435546148911,0,0.101,1
"Mrps27",0.23077562103162,-0.276502544027077,0,0.101,1
"Mettl6",0.23077562103162,-0.260021136524732,0,0.101,1
"Kcnrg",0.23077562103162,-0.286239202511358,0,0.101,1
"Eif3d",0.23077562103162,-0.296017563085542,0,0.101,1
"Gxylt1",0.23077562103162,-0.30729896656043,0,0.101,1
"Mrps34",0.23077562103162,-0.277594016167147,0,0.101,1
"Pla2g7",0.23077562103162,-0.309942471881655,0,0.101,1
"Cnpy3",0.23077562103162,-0.307895297620816,0,0.101,1
"3010001F23Rik",0.23077562103162,-0.252781277250421,0,0.101,1
"Rai2",0.23077562103162,-0.270608170633534,0,0.101,1
"Acss2",0.230869867112109,0.8195311985423,0.308,0.221,1
"Oscp1",0.230972270611767,-0.381386985021583,0.077,0.207,1
"Glrx3",0.230972270611767,-0.36695471496579,0.077,0.207,1
"Cpne5",0.231170663683784,-0.309433569713621,0.308,0.498,1
"Ankrd17",0.231213653390316,-0.301844642246445,0.538,0.691,1
"Arhgef17",0.231613035383536,-0.355026493589348,0.077,0.217,1
"Fbxl16",0.232131933957901,-0.399536130148553,0.231,0.419,1
"Rps24",0.23221991899622,-0.467294222050097,0.231,0.401,1
"Map2k6",0.232521878138135,-0.410616239963165,0.077,0.212,1
"Mphosph8",0.232960755676731,-0.489296889167328,0.462,0.544,1
"Fktn",0.233118545248581,-0.465548653686822,0.154,0.286,1
"5830417I10Rik",0.233168692987189,-0.281596264372407,0.077,0.23,1
"Coro2a",0.233260040709101,0.282931578489407,0.154,0.069,1
"Atp6v0d1",0.233362280142133,-0.432550151733935,0.154,0.304,1
"Ncan",0.233372927729893,-0.395001952703682,0.077,0.207,1
"Gm45179",0.233628398711163,0.646010500456117,0.231,0.134,1
"Nedd4l",0.233655359849594,-0.441964108941869,0.692,0.811,1
"Camta1",0.233715608144784,0.347922423404915,0.769,0.719,1
"Ndufb7",0.233749714846506,-0.532574652114487,0.154,0.281,1
"Denr",0.233978569912783,-0.314229359988247,0.077,0.217,1
"Ywhah",0.233984121467808,-0.439183834253617,0.538,0.631,1
"Hdac7",0.234162391422149,-0.405370705610896,0.077,0.203,1
"Srsf3",0.234407488424297,-0.371495927950358,0.154,0.304,1
"Pcmtd1",0.23455078871705,0.339030090273702,0.692,0.594,1
"Dbp",0.234861767785583,0.258958973663634,0.308,0.175,1
"Slc30a7",0.234877460806454,0.354793643828892,0.231,0.124,1
"Mb21d2",0.234877460806454,0.432638357336795,0.231,0.124,1
"Dnttip1",0.23491359733282,-0.400143163519219,0.077,0.212,1
"Pdcd5",0.23491359733282,-0.422837874196852,0.077,0.212,1
"Hspe1",0.235015886368717,-0.342289011976799,0.154,0.323,1
"Brinp3",0.235078408818415,0.467087472026805,0.538,0.392,1
"Zmat3",0.235167736332864,0.423715739962504,0.308,0.203,1
"Sst",0.235193077771566,1.23195063072707,0.385,0.244,1
"Nap1l4",0.235346186624297,-0.357810163027643,0.077,0.221,1
"Gin1",0.235746253223397,0.396741582724814,0.231,0.129,1
"Azi2",0.236361174851178,-0.360772696748332,0.077,0.217,1
"Gm17276",0.236361174851178,-0.406502103768768,0.077,0.217,1
"Clasp1",0.236397149100488,-0.376935355113698,0.308,0.479,1
"Them4",0.236397432915815,0.749802093171713,0.154,0.074,1
"Armcx1",0.236439966542484,0.443985106484991,0.231,0.134,1
"Tmem167",0.236509084288686,-0.446362474011643,0.231,0.396,1
"Golga1",0.236511129429952,-0.404753966560533,0.154,0.276,1
"Zfp81",0.236607664369291,0.410485774430569,0.308,0.189,1
"Kcnh3",0.236628362465826,-0.319952457019749,0.077,0.226,1
"Edem2",0.236990421144493,0.33248947107076,0.154,0.069,1
"Prmt8",0.236994558165424,-0.430085691388989,0.231,0.41,1
"Pcsk7",0.237053941981618,0.298163409440504,0.462,0.323,1
"Klhl12",0.23732268374938,0.406782821455988,0.308,0.198,1
"Tm2d1",0.23732268374938,-0.324762422763576,0.077,0.212,1
"Dmtn",0.237365826293474,-0.413968898485523,0.308,0.452,1
"Csad",0.237779329405691,0.334859006711939,0.231,0.124,1
"Prune2",0.237828538490639,-0.32487595378007,0.077,0.23,1
"Ecpas",0.237837949988379,0.528693225667189,0.769,0.641,1
"Atg16l2",0.238040430939685,0.310314548066561,0.308,0.18,1
"Ddx50",0.238061465775521,0.287365356685997,0.692,0.594,1
"Lamp1",0.238434575211788,-0.440229980415418,0.231,0.373,1
"Rabac1",0.238504006902472,-0.266723793552858,0.154,0.359,1
"Zfp207",0.239170929865622,0.314730019253921,0.538,0.465,1
"Rims2",0.239670537398495,0.253785780327994,0.846,0.982,1
"Lypd1",0.239774396747783,0.599048112652196,0.231,0.138,1
"Ubr1",0.239789649455626,0.353138822553825,0.385,0.263,1
"Ift52",0.239849850741391,-0.3890863665877,0.077,0.198,1
"Rexo4",0.239967166868649,0.460112837254094,0.308,0.203,1
"Kcnip3",0.240228891260174,-0.451564781298796,0.308,0.488,1
"Chgb",0.240348370116443,-0.402928540209703,0.462,0.613,1
"Armcx3",0.240680879954627,-0.322850189005794,0.077,0.207,1
"Cdyl",0.240706427228216,0.357488123503359,0.231,0.124,1
"Sez6",0.240860358901989,-0.319803750836674,0.231,0.41,1
"Dnajc3",0.24093856537653,0.393797454524673,0.385,0.253,1
"Kcnn2",0.241157523430713,0.69688577114848,0.538,0.475,1
"Mfap3",0.241177737339896,-0.290614042361565,0.077,0.217,1
"Cnot6l",0.241246388958198,-0.327077249418175,0.154,0.323,1
"Tbc1d23",0.241325993750602,0.606806287935662,0.385,0.281,1
"Pcsk5",0.241342423349269,-0.730379959607118,0.154,0.281,1
"Egr3",0.241552242030392,-0.420252285049831,0.077,0.203,1
"Daglb",0.241752325311089,0.258962735403846,0.308,0.171,1
"Zfp799",0.241916648508923,0.379164945956465,0.385,0.244,1
"Nap1l3",0.242134682346511,0.364945597542245,0.231,0.134,1
"Pals2",0.242904901671578,-0.568117420456038,0.385,0.475,1
"Chpf2",0.243152313012137,-0.358219258117789,0.077,0.207,1
"Cnnm2",0.243197364169595,0.27695505501855,0.462,0.295,1
"Stxbp1",0.24364307918811,-0.366013537991776,0.538,0.641,1
"4930567K12Rik",0.243770045805647,-0.264947317695001,0.077,0.226,1
"Nol9",0.243771816944948,0.35692023608352,0.154,0.074,1
"Spred1",0.243791083699976,-0.359525837352954,0.462,0.562,1
"Ino80",0.243855917868658,-0.332629137431985,0.231,0.401,1
"Eif3e",0.244051620031318,-0.34741407683888,0.077,0.203,1
"Brwd3",0.244051620031318,-0.407319819215498,0.077,0.203,1
"Nsun6",0.24439469598433,0.347177475387306,0.308,0.194,1
"Hexb",0.244425308109718,0.509510271457077,0.231,0.129,1
"Col11a1",0.244577212919398,0.310742677832398,0.154,0.069,1
"Cul5",0.24476678267328,-0.436604104714332,0.231,0.369,1
"Gm13883",0.244835226486433,0.700089386375042,0.308,0.203,1
"Mlf2",0.245002285095902,-0.28008728314884,0.154,0.35,1
"Stx3",0.24501352717151,0.306810322761155,0.385,0.235,1
"Sltm",0.245016881603941,0.287601413556118,0.692,0.585,1
"Matr3",0.245427569781957,-0.376449385662304,0.308,0.465,1
"Cd2ap",0.245464128748781,-0.282160172026451,0.154,0.323,1
"Cox6c",0.245732144828984,-0.259179546695124,0.308,0.479,1
"Rpl7",0.246142087729572,-0.480415783981333,0.154,0.286,1
"Ppp2r3a",0.246403760935339,0.583802978434265,0.385,0.3,1
"Eif3h",0.246569104462145,-0.390552087675353,0.077,0.203,1
"Ntan1",0.246569104462145,-0.368914467389488,0.077,0.203,1
"Ttc13",0.246636550734018,0.346406710297002,0.231,0.124,1
"Crk",0.247249961136307,0.578348427734846,0.385,0.272,1
"Fkbp5",0.247367564701759,0.402079656075581,0.231,0.129,1
"Pgls",0.247518996149616,0.69849749344796,0.154,0.074,1
"Adamts20",0.247518996149616,0.421570248037378,0.154,0.074,1
"Cbx3",0.247556529266346,-0.328401669744776,0.154,0.332,1
"Lrrc4b",0.247580056235946,-0.427920595111508,0.154,0.29,1
"Psmd6",0.247925206610172,0.427581388704456,0.231,0.134,1
"Pus10",0.248148560906377,-0.353005920097098,0.077,0.207,1
"Fam81a",0.248217674120916,-0.439457458467855,0.154,0.272,1
"Hpgds",0.248229516953171,-0.40980746378114,0.077,0.194,1
"Ptges2",0.248433879594629,0.278258536690876,0.154,0.069,1
"Wdr76",0.248433879594629,0.272797706263788,0.154,0.069,1
"Rftn1",0.248433879594629,0.30115906338623,0.154,0.069,1
"Znhit1",0.248571705737478,0.508776555909626,0.231,0.143,1
"Cpa6",0.248917269340064,-0.306522119388157,0.154,0.065,1
"Lrpap1",0.248964752787279,-0.459755758436596,0.154,0.295,1
"Ctnna3",0.249052660582396,-0.367493014326322,0.692,0.843,1
"Hsp90aa1",0.249560804512005,-0.332962879737768,0.769,0.82,1
"Rif1",0.249629850398342,0.428685267399519,0.308,0.198,1
"Dcaf1",0.249816994192097,-0.481702280675956,0.154,0.276,1
"Pde8b",0.249925719794873,-0.324840212275444,0.462,0.645,1
"Swi5",0.249973454620626,0.326244614831605,0.385,0.253,1
"Ccdc138",0.250334531010021,0.516686796615692,0.231,0.129,1
"Cul1",0.250799525711714,-0.455718803715481,0.308,0.433,1
"Slc35f1",0.250905461642779,0.788350254411413,0.769,0.843,1
"Chrd",0.25130631625018,0.385354202590429,0.154,0.074,1
"Inf2",0.251312121307172,-0.47147203338217,0.231,0.387,1
"Kdm2a",0.25187502486495,-0.383710004243457,0.308,0.456,1
"Pcgf2",0.252332886720411,0.258552631356647,0.154,0.069,1
"Rasa1",0.252501239465498,-0.489397030134208,0.308,0.415,1
"Chd3",0.2526307055047,-0.318946741838264,0.308,0.539,1
"Crtc1",0.252773105783013,-0.453382886687736,0.154,0.272,1
"B230216N24Rik",0.253216201272693,-0.388903380648949,0.077,0.207,1
"Atl1",0.253352317175556,0.295698709426877,0.462,0.373,1
"Abl1",0.253436905975327,-0.391231764632529,0.077,0.194,1
"Cadm2",0.253673675379597,0.663973622798154,1,0.986,1
"Gm15414",0.254054121277402,-0.27430997655684,0.154,0.323,1
"Gm15283",0.254230528676062,-0.395272589383518,0.077,0.203,1
"Ankfy1",0.254366342262172,-0.392684063981255,0.154,0.276,1
"Usp9x",0.254678244493637,-0.361854127504311,0.308,0.535,1
"Ppp1r11",0.254806602804695,-0.293509559635655,0.077,0.221,1
"Ash1l",0.254988205251905,0.280645322674766,0.769,0.691,1
"Nipsnap1",0.25507253501538,0.338255920204565,0.385,0.258,1
"Wipf3",0.255074841309583,-0.441701352834206,0.308,0.465,1
"Mfsd6",0.255109548847538,0.277942239013627,0.385,0.24,1
"Arcn1",0.255182866382885,-0.374353817325773,0.077,0.198,1
"Exoc7",0.255182866382885,-0.374161724756675,0.077,0.198,1
"Ubxn2a",0.255182866382885,-0.402863986417121,0.077,0.198,1
"Spry2",0.255182866382885,-0.342301591861911,0.077,0.198,1
"Fer",0.255403864745275,0.468033815360177,0.462,0.373,1
"Snx6",0.25577687071193,-0.307754263746943,0.077,0.207,1
"Smarca4",0.255895471686232,0.44655579439893,0.538,0.382,1
"Dek",0.256006726338242,-0.276606522842031,0.077,0.226,1
"Mgat4a",0.256068930885685,-0.355884835213802,0.077,0.194,1
"Mkln1os",0.256068930885685,0.275551291581569,0.308,0.18,1
"Tmem132b",0.256101135384782,-0.325905597306033,0.462,0.728,1
"Hook1",0.256295655804665,0.365571830740991,0.615,0.461,1
"Cspp1",0.256318961149826,0.487274094143356,0.692,0.539,1
"Fmr1",0.256662502829428,-0.381356907093632,0.154,0.276,1
"Rexo1",0.256820765348647,-0.371350155443448,0.077,0.203,1
"Psmb5",0.25706393055032,0.320787028678499,0.308,0.194,1
"Phactr2",0.257386468321531,-0.503662684364554,0.154,0.272,1
"Tax1bp1",0.25821097821658,-0.260526757977714,0.385,0.558,1
"Pnrc1",0.258719884655257,-0.347482486311488,0.077,0.194,1
"Pcca",0.25896881967719,0.435214253307786,0.462,0.387,1
"Urm1",0.259001793447139,0.342279290819425,0.154,0.074,1
"Tor1b",0.259001793447139,0.346490432397798,0.154,0.074,1
"Mterf1a",0.259001793447139,0.330236989032934,0.154,0.074,1
"Kndc1",0.259001793447139,0.357726255130569,0.154,0.074,1
"Cfap298",0.259001793447139,0.366946616348481,0.154,0.074,1
"Fbxw11",0.25921286476424,-0.376915468618338,0.231,0.355,1
"Rbis",0.259429265850415,-0.339513058118583,0.077,0.203,1
"Gm48003",0.259566238017434,-0.519582577084293,0.077,0.189,1
"Ccdc30",0.259667304551442,-0.418298775007421,0.154,0.286,1
"Glt8d1",0.259714926114444,0.366850413452186,0.385,0.258,1
"Cenpp",0.259795304004699,0.648772041894578,0.231,0.134,1
"Gm21798",0.260133659176335,0.485806535842521,0.385,0.263,1
"ENSMUSG00000119996",0.26015599410723,0.452972669396325,0.231,0.143,1
"Chst2",0.260258364179427,0.296619218718741,0.154,0.069,1
"Sec22c",0.260258364179427,0.280538217348949,0.154,0.069,1
"Ripor2",0.260416965794603,-0.517000310309469,0.308,0.447,1
"Ndufa3",0.26044212205191,-0.356059607276491,0.077,0.198,1
"Leng8",0.260668746149333,0.320039792132057,0.462,0.35,1
"Cap2",0.260792298977192,-0.342078779869934,0.538,0.696,1
"Gm15813",0.26083702692704,-0.505044987472238,0.231,0.346,1
"Tbcb",0.260952052280527,-0.32452728930785,0.077,0.207,1
"Tubb3",0.261038194075864,-0.471241991179646,0.385,0.507,1
"Syncrip",0.261085551008793,0.398576186706613,0.385,0.276,1
"Emsy",0.26110763340336,-0.289063235655707,0.231,0.392,1
"Rap1b",0.261389797121171,0.254930168348896,0.308,0.18,1
"Fgf12",0.261680415095952,0.39884836187255,0.923,0.922,1
"4930555F03Rik",0.261707366859564,-0.522941749257366,0.154,0.309,1
"Dnajc19",0.261768572091836,0.298841575492224,0.308,0.184,1
"Wdr83os",0.261907338877536,0.276642485795567,0.231,0.124,1
"Setd5",0.262023743891632,0.276194454970257,0.692,0.539,1
"Chd8",0.262091890392254,-0.450606604872709,0.231,0.359,1
"Gm38393",0.262257084765122,0.330789727305722,0.308,0.194,1
"Asah1",0.262417500091274,0.38803935035374,0.308,0.203,1
"Zdhhc21",0.262449857904589,-0.35224827437162,0.154,0.295,1
"Vps54",0.262748628634614,-0.343399345424772,0.154,0.304,1
"Amfr",0.262823315885252,0.535600316623995,0.231,0.134,1
"Pdp1",0.262878767525072,-0.312860041632143,0.154,0.313,1
"Dnajc17",0.262910143226118,0.338647430833169,0.154,0.074,1
"Rbm33",0.26295924657668,-0.318274322180746,0.231,0.424,1
"Speg",0.263195733265198,-0.334538209582285,0.231,0.392,1
"Lrch1",0.263243615105496,0.4218991842713,0.462,0.327,1
"Mgll",0.263458798790351,0.284846256314458,0.385,0.249,1
"Ubac1",0.263705929236215,-0.262898945714943,0.077,0.217,1
"Garnl3",0.26423745809226,0.517928986263787,0.462,0.346,1
"Ckmt1",0.264287982346225,-0.362050843218018,0.154,0.286,1
"Pkm",0.264707964720659,-0.465805851049273,0.385,0.576,1
"Pkig",0.265035253516701,-0.37999516423769,0.308,0.507,1
"Fam131a",0.265175072104883,-0.276858075541655,0.231,0.373,1
"6030458C11Rik",0.26554172150974,0.287061511228427,0.231,0.129,1
"Gm9856",0.265875606613566,0.366434583346768,0.231,0.134,1
"Atp6v0e",0.265875606613566,0.41398606522768,0.231,0.134,1
"2210408I21Rik",0.265886867226674,-0.384592139785214,0.308,0.461,1
"Npas3",0.266086132380533,1.69426706502492,0.231,0.143,1
"Aacs",0.266859019094623,0.34640008081761,0.154,0.074,1
"Myl4",0.266859019094623,0.261819857538342,0.154,0.074,1
"Mrpl42",0.267364623461924,-0.363384714680963,0.077,0.203,1
"Tspyl2",0.267364623461924,-0.343110296906176,0.077,0.203,1
"Mllt6",0.267523006532986,-0.251095867919349,0.077,0.221,1
"Pls3",0.267728742555499,-0.400486193551967,0.077,0.189,1
"Mast3",0.268129450004494,-0.439190402596004,0.308,0.438,1
"Prepl",0.268214892700965,0.381878549702613,0.385,0.281,1
"Tnrc6a",0.268341766399769,-0.431492125107194,0.308,0.396,1
"Plxnc1",0.268470808387992,-0.354421063828541,0.077,0.198,1
"Pigx",0.268900824820683,0.509616325017359,0.154,0.078,1
"Abca8b",0.268965040535567,-0.400371429482138,0.154,0.286,1
"Pfdn2",0.269378260784302,-0.348631304857937,0.154,0.295,1
"Noct",0.269513565469369,-0.334706022812381,0.077,0.194,1
"Ik",0.270046446296701,-0.336178824094843,0.077,0.203,1
"Nktr",0.270054870781217,0.264039220200692,0.615,0.581,1
"Auh",0.270367359437072,-0.360952993333783,0.154,0.29,1
"Sec23a",0.270488367667335,-0.408469417377902,0.077,0.189,1
"Gm37376",0.27067790187199,-0.340530880464337,0.154,0.3,1
"Gm49003",0.27074150899223,-0.506242546478929,0.154,0.276,1
"Srp54a",0.270848502538434,0.355617388723578,0.154,0.074,1
"Aftph",0.270851378099262,-0.385684078325111,0.308,0.456,1
"Ttf1",0.271377229550531,0.307574504069256,0.231,0.124,1
"Tnrc6b",0.271428305321282,0.465849729787396,0.692,0.742,1
"Lactb2",0.272152364570411,0.389396098251927,0.231,0.138,1
"Wdpcp",0.272259584871746,-0.322890328378878,0.077,0.194,1
"Hspa9",0.272529656498271,0.382572494712412,0.462,0.35,1
"Rtl8a",0.272891721760919,-0.260533400315401,0.077,0.212,1
"Srsf1",0.272940659074876,0.401022887950392,0.462,0.346,1
"Nab1",0.273267430365089,-0.344330014480331,0.077,0.189,1
"Tent4b",0.273438214565185,-0.382018769690807,0.231,0.336,1
"Pdcd4",0.273438383581714,0.277018181530727,0.462,0.323,1
"Snrnp27",0.273698608308034,-0.412560228608457,0.154,0.286,1
"Cox7a2l",0.273991733470947,-0.456883152772147,0.154,0.272,1
"Rnf169",0.274091124078239,0.37345936329892,0.615,0.484,1
"Asxl3",0.274342444791155,0.275018408695935,0.385,0.263,1
"Oaz1",0.274647565496375,-0.386701434443135,0.385,0.516,1
"Plxna4",0.274699694060592,0.396425046777246,0.615,0.571,1
"Alkbh3",0.274878668950711,0.360334481152098,0.154,0.074,1
"Gm44242",0.274878668950711,0.250239273854714,0.154,0.074,1
"Nfasc",0.275014239963931,-0.296943275477523,0.308,0.507,1
"Sh3d19",0.275178522646592,0.391724977111074,0.231,0.134,1
"Gramd1b",0.27521493306866,-0.267613380962686,0.538,0.687,1
"Kif5c",0.275420805552015,-0.331530017583075,0.615,0.714,1
"Gm1976",0.275872467025662,0.8102468164909,0.462,0.401,1
"Arhgdia",0.27606595401595,-0.350187170678962,0.077,0.189,1
"Marchf1",0.276190034864047,0.408829258407166,0.615,0.599,1
"Dot1l",0.276422369462509,-0.40270760097258,0.154,0.272,1
"Gosr2",0.276762815735573,0.422599281247787,0.154,0.078,1
"Grk6",0.276762815735573,0.443419198025685,0.154,0.078,1
"Foxj2",0.276908484033855,0.315372603859141,0.154,0.074,1
"Grina",0.276938711947011,-0.492637456362649,0.308,0.41,1
"Khdrbs1",0.277365710242554,0.489588683065659,0.462,0.332,1
"Dusp14",0.277475501882633,-0.412687205674976,0.154,0.29,1
"Agap1",0.27766277207847,-0.456410057731771,0.385,0.558,1
"Bzw1",0.27769391803799,-0.276827314380101,0.154,0.318,1
"Psmc3",0.27771732324408,-0.29336491078016,0.154,0.3,1
"Micu2",0.27771732324408,0.393957231351949,0.385,0.286,1
"Tmem87b",0.27780890983736,-0.349756534090563,0.077,0.194,1
"Rbmxl1",0.27780890983736,-0.318739029220204,0.077,0.194,1
"Ap1s2",0.27780890983736,-0.319935549524084,0.077,0.194,1
"ENSMUSG00000120369",0.278005316758983,0.460712198418358,0.308,0.207,1
"Gas6",0.27832828853857,0.345271753978543,0.231,0.134,1
"Arhgap6",0.278809847856348,-0.413533202345216,0.154,0.295,1
"Kctd16",0.278811712690853,0.417555969825079,0.769,0.862,1
"Sncb",0.278875551737596,-0.406487404020936,0.308,0.447,1
"Scamp3",0.278949587550296,0.305073242199335,0.154,0.074,1
"Lrrc41",0.278949587550296,0.310842836497025,0.154,0.074,1
"Erlin2",0.278949587550296,0.323501597331825,0.154,0.074,1
"Celsr2",0.279633194558309,-0.32135623955954,0.077,0.207,1
"Dgkg",0.279805382213795,0.578551558717865,0.538,0.392,1
"Slc6a17",0.280061111846893,0.489618343688936,0.538,0.438,1
"Gm15261",0.280137101010481,-0.352860791956736,0.154,0.309,1
"Zc3h12c",0.280397437933124,-0.495039375149609,0.231,0.35,1
"Capn2",0.280751993410431,0.408695403718093,0.154,0.078,1
"Ppp4r1l-ps",0.280751993410431,0.393919787726898,0.154,0.078,1
"Fam8a1",0.280957860474384,0.286627233004047,0.308,0.189,1
"Gm20149",0.280999801931753,0.30511278870026,0.154,0.074,1
"Pstk",0.281001503430005,0.2505642604162,0.308,0.194,1
"Vamp2",0.281004506124347,-0.332468360632613,0.308,0.512,1
"Sh3bgrl",0.281023452003085,0.46597507849001,0.231,0.147,1
"Ackr1",0.281373383048935,0.311531348481445,0.231,0.129,1
"Tmem80",0.281373383048935,0.295589581222546,0.231,0.129,1
"Minar2",0.281373383048935,0.259072132562101,0.231,0.129,1
"Rabl6",0.281428670836441,-0.289033654916606,0.308,0.47,1
"Ebna1bp2",0.281479507113582,0.674771016080422,0.231,0.138,1
"Gm11099",0.281502502096794,0.304274404916001,0.231,0.134,1
"Dlk2",0.281502502096794,0.353697985438158,0.231,0.134,1
"Ubxn7",0.281721470528233,-0.348378262604533,0.077,0.189,1
"Nrn1",0.281837920297828,0.266843608304291,0.462,0.346,1
"Cabp1",0.281844723651801,-0.507675348751656,0.308,0.419,1
"Hivep3",0.282239397572544,0.350274900925808,0.615,0.576,1
"Epg5",0.282284371567387,-0.348659971308948,0.154,0.29,1
"Cct8",0.282374350585601,-0.33284729300241,0.077,0.207,1
"Glra3",0.283061321301301,0.544423415088058,0.154,0.074,1
"Ppil6",0.283061321301301,0.316991436946108,0.154,0.074,1
"Cdkl4",0.283061321301301,0.309214360521648,0.154,0.074,1
"Tmbim4",0.283349972539478,0.358605602459151,0.308,0.207,1
"BC005624",0.283434755059048,-0.340686830214911,0.077,0.194,1
"Narf",0.283731843839586,-0.293950819653406,0.077,0.203,1
"Marchf4",0.283802288962656,0.278541386815431,0.385,0.258,1
"Map3k5",0.283802288962656,0.508757854967705,0.385,0.258,1
"Dnajc10",0.284104339514473,0.30855894567727,0.385,0.263,1
"Dnajb12",0.284364660734903,0.265867634266704,0.231,0.124,1
"Ing2",0.284701190366119,0.326517078786307,0.231,0.134,1
"Map6",0.284710934872379,-0.325418168957463,0.231,0.392,1
"Ndufs5",0.284880387209094,-0.383259772482237,0.154,0.3,1
"Tac1",0.285033883059116,-0.511430946027935,0.077,0.198,1
"Ptpn5",0.285286069875488,-0.512280975896308,0.462,0.544,1
"Slc24a4",0.285383076951447,-0.47373906071221,0.231,0.369,1
"Cdkl2",0.285652878801934,-0.326229307459738,0.077,0.184,1
"Trpc1",0.285817067262939,0.437638115988796,0.462,0.378,1
"Gm28376",0.286163447125782,0.317685600903817,0.538,0.406,1
"Dennd11",0.286436656724763,-0.2590877704216,0.077,0.212,1
"Pde7a",0.286466731955978,0.274278213225232,0.462,0.332,1
"Dtnb",0.287011060531936,0.524656590593263,0.923,0.756,1
"Gatb",0.287213926834012,0.325850458939674,0.154,0.074,1
"Csnk2a1",0.287270317079078,-0.325034455514898,0.154,0.309,1
"Apc2",0.28745507549622,-0.287838105146559,0.077,0.189,1
"Gm16068",0.287570812892258,0.462182104725747,0.231,0.143,1
"Brd4",0.287722215830002,0.278560967366218,0.615,0.465,1
"Fggy",0.287816760858272,0.395697177740657,0.231,0.138,1
"St3gal2",0.287924378100489,0.307107380538207,0.231,0.134,1
"Hnrnpll",0.287979636691348,-0.460258583859817,0.231,0.341,1
"Naa40",0.288465721600581,-0.396441642930696,0.154,0.267,1
"Jph4",0.288823781367971,-0.384402846690147,0.308,0.429,1
"Tmem163",0.289137267525064,-0.811644192583282,0.077,0.194,1
"Pfkfb3",0.289137267525064,-0.33779850612734,0.077,0.194,1
"Cux2",0.289137267525064,-0.414560761146594,0.077,0.194,1
"Galnt2",0.289137267525064,-0.264212174217486,0.077,0.194,1
"Pdcd6",0.289137267525064,-0.308576245835728,0.077,0.194,1
"Ankrd6",0.289175205512837,0.633442337632081,0.308,0.23,1
"Dynll2",0.289360547167891,-0.408720110300656,0.231,0.373,1
"Fryl",0.289712022729994,0.588605877805866,0.615,0.438,1
"1600010M07Rik",0.289724602298361,-0.334154719382541,0.154,0.3,1
"Gpr158",0.290096452851034,-0.293959735053355,0.923,0.94,1
"Bclaf1",0.290114379931985,-0.329697201410375,0.231,0.438,1
"Mras",0.29024732736357,0.27784752860702,0.462,0.341,1
"Snhg20",0.290278742642751,0.450133526862174,0.308,0.221,1
"Acvr1c",0.290351204248053,-0.361148869572611,0.077,0.189,1
"Eaf2",0.290351204248053,-0.327566447664901,0.077,0.189,1
"Atp5md",0.290704877357139,-0.332480686579143,0.231,0.396,1
"Usp47",0.29091183157863,-0.350265163070858,0.154,0.295,1
"Crebzf",0.290934011806476,-0.289850519258069,0.154,0.304,1
"Tmem126a",0.291000095771775,0.402263319606331,0.385,0.24,1
"Gm44678",0.291153090333095,0.416020858562151,0.308,0.212,1
"Gm17494",0.291172087741535,0.320755020539407,0.231,0.134,1
"4833439L19Rik",0.291173902943684,0.309255985693988,0.231,0.129,1
"Napg",0.291379107325669,0.28761635350027,0.538,0.424,1
"Vps4a",0.291497286469903,-0.337344774260779,0.077,0.184,1
"B3gat3",0.291497286469903,-0.322857055922154,0.077,0.184,1
"Vgf",0.291842492844609,-0.460322570824702,0.231,0.35,1
"Zfp771",0.292017313744709,-0.330834220942057,0.077,0.194,1
"Ttll5",0.292141173790975,0.412115146935577,0.385,0.281,1
"Ctdspl",0.292962009997993,-0.330587310475287,0.308,0.488,1
"4930532I03Rik",0.293233366548321,0.350855069881744,0.462,0.346,1
"Sclt1",0.293856625727712,0.25499926910217,0.615,0.479,1
"8030462N17Rik",0.294070665466287,-0.261222294929885,0.231,0.429,1
"Ntm",0.294071997333577,-0.288066784151458,0.923,0.968,1
"Serinc1",0.294130885025299,-0.473367700827234,0.538,0.631,1
"Rbbp5",0.294249558783301,0.435954867235237,0.231,0.138,1
"Sema3a",0.294298492579214,-0.514880396787837,0.154,0.281,1
"9630013A20Rik",0.294449425390553,-0.357217821126041,0.077,0.184,1
"Kcnv1",0.294449425390553,-0.311147982962752,0.077,0.184,1
"Rab2a",0.295122164376042,-0.366679661215956,0.462,0.599,1
"Rnft2",0.295559798172154,-0.335530094241693,0.077,0.18,1
"Ndel1",0.295850114906443,-0.359398414585667,0.154,0.295,1
"B4galt5",0.295872384549327,0.258994899903285,0.231,0.138,1
"Med13",0.296608883588597,-0.402368930407379,0.308,0.41,1
"Ube4b",0.296681980118088,0.492071419960083,0.538,0.419,1
"Dhx15",0.296820337976859,-0.369767692843087,0.154,0.281,1
"Snx32",0.297052894240807,0.447339028515812,0.385,0.29,1
"Jdp2",0.297421538801009,-0.297388927614066,0.077,0.184,1
"Plekha3",0.297741150822411,0.319240099068604,0.231,0.134,1
"Iscu",0.297835053188885,-0.323570363724084,0.077,0.194,1
"Serinc5",0.297835053188885,-0.311790238222351,0.077,0.194,1
"Psmc5",0.29787695042001,-0.39619548380774,0.231,0.359,1
"Zfp638",0.298206622095384,-0.416919030757195,0.538,0.631,1
"Gm26871",0.298462194542869,-0.495332531899212,0.615,0.705,1
"Gm20754",0.298508652624447,0.294706639086516,0.462,0.35,1
"Pex1",0.298569579588506,-0.316759594276053,0.077,0.18,1
"Pik3ca",0.298667045504594,0.87413913630498,0.385,0.313,1
"Usp31",0.298682348659163,-0.396509560936568,0.154,0.267,1
"Arid1b",0.299239288102929,0.323556094172194,0.769,0.664,1
"Ophn1",0.299669940767974,-0.307169059406007,0.231,0.373,1
"Btbd3",0.299816058090812,0.487518865866709,0.308,0.23,1
"Phaf1",0.299917443795576,0.286853751735866,0.154,0.074,1
"Mrpl30",0.300413638064923,-0.319008914886337,0.077,0.184,1
"Dnaja3",0.300413638064923,-0.295444301254442,0.077,0.184,1
"Kcnb1",0.300744519398933,-0.424444121074021,0.462,0.594,1
"Amn1",0.300772768883577,-0.329758059145712,0.077,0.194,1
"Zfp770",0.301062537395743,0.299447870117232,0.231,0.134,1
"Cbfa2t3",0.302202809184254,0.40806501731628,0.154,0.083,1
"Srrm2",0.302747590969102,0.285576443027963,0.923,0.889,1
"Rnf187",0.303014196499743,-0.467459665592624,0.308,0.378,1
"Apbb1",0.30328065206245,0.262795647722178,0.308,0.198,1
"Agpat4",0.303292433594508,-0.401414920921151,0.154,0.286,1
"Atp11a",0.303425732963207,-0.357961052782983,0.077,0.184,1
"Srp19",0.303668127213777,-0.259236129047558,0.077,0.203,1
"Usp10",0.303729727768636,-0.263825071629559,0.077,0.194,1
"Adam10",0.304029802402914,0.433352630226843,0.385,0.304,1
"Ankmy2",0.304078211441686,0.428307473689833,0.231,0.138,1
"Rtn4r",0.304078211441686,0.378599423566041,0.231,0.138,1
"Igf1r",0.304136658010494,-0.41355474950277,0.385,0.507,1
"Hmg20a",0.304210608182995,-0.354662953604333,0.231,0.41,1
"Wdr1",0.304233973391118,0.270050114314033,0.154,0.074,1
"B3galt2",0.304387658952014,0.359501806929687,0.385,0.295,1
"E4f1",0.304408512102187,0.305037502129146,0.231,0.134,1
"Tmem205",0.304622964780981,0.261466718255844,0.231,0.124,1
"Nup153",0.304650338395391,-0.337784657240408,0.077,0.18,1
"Slc25a42",0.304678378618743,0.642307082597885,0.231,0.157,1
"Adam11",0.304678378618743,0.503309128265974,0.231,0.157,1
"Abcg1",0.304939013496715,-0.279831288254663,0.077,0.184,1
"Lrrc4c",0.304940868725867,-0.287972510432611,0.923,0.917,1
"Spon1",0.304958546825602,-0.296161977241765,0.077,0.207,1
"Eif4e3",0.305504758471222,0.321413218867223,0.154,0.078,1
"Anapc10",0.305820286536385,0.302052428864891,0.308,0.203,1
"Atp6ap2",0.30585851465027,-0.254363421070251,0.231,0.447,1
"Gdap1",0.306130091328831,-0.327721328188969,0.231,0.369,1
"Pmm1",0.306457831682197,-0.353202842126885,0.077,0.184,1
"Tcaf1",0.306773757985997,-0.287327429824356,0.462,0.65,1
"Vsnl1",0.30693068665965,0.496537435649154,0.769,0.622,1
"Srsf2",0.306960759800849,-0.335299774246253,0.231,0.387,1
"Ube2v2",0.307165357556822,0.372786074548638,0.385,0.281,1
"Mboat2",0.307310776902083,-0.4243743930732,0.231,0.359,1
"Brd9",0.307674384462027,0.29553839361279,0.462,0.332,1
"Zcchc17",0.307817753604442,-0.472870158555358,0.154,0.267,1
"Cops3",0.307850085648118,0.791635258375751,0.231,0.157,1
"Scrn1",0.307856025618641,-0.410170840915183,0.231,0.373,1
"Rnaseh2c",0.30801266707716,0.260176645357907,0.231,0.129,1
"Guk1",0.308139372912665,-0.302461215803907,0.077,0.189,1
"Sap30bp",0.308737094694203,0.565431608660767,0.231,0.152,1
"2810013P06Rik",0.309038749888475,0.3087811853033,0.308,0.198,1
"Clta",0.309115805411279,-0.388861141869333,0.308,0.438,1
"Rtn1",0.309140439075043,-0.252775596847868,1,0.982,1
"Pop5",0.309358703229767,-0.376868531798848,0.154,0.272,1
"Gatad1",0.309509940802019,-0.284027779391855,0.077,0.184,1
"Papss1",0.309701403868149,-0.262985467806267,0.077,0.194,1
"Tmx4",0.309757393147306,0.360885715456036,0.538,0.516,1
"Eif6",0.309766831484883,0.341893524301412,0.154,0.078,1
"Gm28370",0.310196213046537,0.428756228643094,0.231,0.143,1
"Zadh2",0.310196213046537,0.311711401013921,0.231,0.143,1
"Ildr2",0.310582191057436,-0.461057961133374,0.385,0.456,1
"Morc3",0.310750431370586,0.301290877907218,0.231,0.138,1
"Ssbp2",0.310973128882363,0.575079512805712,0.692,0.742,1
"Ndufc1",0.311172721091287,-0.284331562658309,0.077,0.189,1
"Gnl3",0.311944722363607,0.285066873127979,0.308,0.198,1
"Fbxl2",0.311961455298501,0.368107053190465,0.462,0.392,1
"Ppp1cc",0.312042460837225,-0.322111995041061,0.077,0.175,1
"Sdhb",0.312320187191687,-0.259848182968118,0.154,0.29,1
"Cox5b",0.312384447445801,-0.526670372811812,0.308,0.378,1
"Ube2i",0.312490544551285,-0.255966406793925,0.077,0.203,1
"Faxc",0.312582065285132,-0.286361977936557,0.077,0.184,1
"Rab8b",0.312582065285132,-0.320124746504285,0.077,0.184,1
"Mettl25",0.312582065285132,-0.328124598014053,0.077,0.184,1
"Rogdi",0.312582065285132,-0.298910193236039,0.077,0.184,1
"Ipcef1",0.31264462154943,0.365637856574088,0.308,0.235,1
"Dnajc18",0.312716131730061,-0.258279760663804,0.077,0.194,1
"Ramac",0.312880755733309,0.274805066812719,0.231,0.134,1
"Gm15886",0.313521845555088,0.34825067073536,0.231,0.143,1
"Rasa2",0.313613001160092,-0.327033172728662,0.154,0.286,1
"Wdr19",0.314067994365559,0.29491454201618,0.154,0.078,1
"Lamtor3",0.314225700252762,-0.297004962648449,0.077,0.189,1
"St6galnac5",0.314480417040186,-0.499721482850902,0.385,0.493,1
"Hexdc",0.314594058533255,0.2922096161137,0.231,0.134,1
"Gm34220",0.314714270086373,0.321406264094727,0.154,0.083,1
"Rbfox2",0.314726890767728,0.299367311355969,0.769,0.779,1
"Cep170",0.314877080837278,-0.303275420646273,0.154,0.281,1
"Fam241a",0.315194989275171,-0.364305875468184,0.077,0.175,1
"Wsb1",0.315261821143915,0.664108848240958,0.308,0.249,1
"Fkbp3",0.31551417198972,0.475299275841136,0.462,0.415,1
"Zmym2",0.315826546560454,-0.395192022025974,0.308,0.433,1
"Dapk1",0.316032123097347,0.264087412353282,0.615,0.516,1
"Bag4",0.317056845746018,-0.312378242863998,0.077,0.18,1
"Ramp1",0.317246651426678,-0.426099724873523,0.154,0.249,1
"Ehmt1",0.31733757562292,0.277035721635283,0.538,0.452,1
"Runx2",0.317425396577217,0.325543833000735,0.462,0.332,1
"Iqcb1",0.317514349891924,-0.271588901401948,0.154,0.281,1
"Sf3b6",0.317542109761227,0.347891882783463,0.385,0.272,1
"Enpp2",0.317810289409611,0.281253227261733,0.308,0.198,1
"1700030K09Rik",0.318408254945803,0.272678176978484,0.154,0.078,1
"Mbnl1",0.318487765366755,-0.395313794366035,0.308,0.461,1
"Fxr2",0.318770045508591,-0.354415717490753,0.154,0.276,1
"Pradc1",0.318959366393126,0.450998054512613,0.154,0.083,1
"AI480526",0.319431692708088,0.461652961168546,0.231,0.147,1
"Stk25",0.320012010676115,-0.434169653963219,0.154,0.249,1
"Emc2",0.320012010676115,-0.41380515112493,0.154,0.249,1
"Cep170b",0.320209535321269,-0.302808875959296,0.077,0.18,1
"Rnf2",0.3202432491169,0.258630882816555,0.231,0.143,1
"Dsel",0.320390559474197,-0.25995647747883,0.077,0.189,1
"Crym",0.32156260933838,-0.334204125536434,0.077,0.175,1
"Thap2",0.32156260933838,-0.281731202775672,0.077,0.175,1
"Naa25",0.321918556038722,-0.30637301254416,0.077,0.184,1
"Hs6st3",0.321946844903937,0.313164487639102,0.923,0.857,1
"Zfx",0.322087002959692,0.399485425138039,0.308,0.212,1
"Ubl5",0.322783783877414,-0.330075198456021,0.154,0.29,1
"Cd302",0.322787614783163,0.408543564911933,0.154,0.078,1
"Prcp",0.322787614783163,0.269394117323347,0.154,0.078,1
"Acad9",0.323241773198071,0.365940959257861,0.154,0.083,1
"Fbxl19",0.323502439541688,-0.256331946129013,0.077,0.189,1
"Gm27153",0.323502439541688,-0.252497642143584,0.077,0.189,1
"Hmgxb4",0.323639020752848,0.321895952598798,0.231,0.143,1
"Nrcam",0.323849114543382,0.375272862963594,0.846,0.848,1
"Emc7",0.324161833291299,-0.304155033744482,0.154,0.286,1
"Shisa7",0.324161833291299,-0.284544376701887,0.154,0.286,1
"Rab10",0.32439231827897,-0.29846269169993,0.308,0.502,1
"Ubap2l",0.324774541515492,-0.299592745570117,0.231,0.387,1
"C78859",0.324988570116298,-0.370668745195871,0.308,0.429,1
"Hs6st1",0.325001131632281,0.291883992043254,0.231,0.134,1
"Slc4a7",0.325084557393783,-0.318021439813415,0.154,0.263,1
"Hnrnpd",0.325122129194673,-0.356280459463982,0.385,0.475,1
"Xrcc6",0.325200192766923,-0.279790493395006,0.231,0.41,1
"Cct7",0.325400961179537,-0.331484262869145,0.154,0.272,1
"Tpd52l2",0.326098083993987,-0.326956303940626,0.077,0.171,1
"9330162G02Rik",0.326600014240788,0.397242471764689,0.846,0.825,1
"Mark1",0.32661489006171,-0.393889801334939,0.385,0.576,1
"Zbtb6",0.327206069103021,0.260968932787607,0.154,0.078,1
"Crlf3",0.327206069103021,0.271185209936122,0.154,0.078,1
"Ric1",0.32733537222895,-0.345147612645447,0.154,0.253,1
"Frmd3",0.327337656858539,0.421974783140126,0.231,0.157,1
"Trim9",0.327353318853467,0.342393567517332,0.692,0.733,1
"Kat14",0.327561485369953,0.310514287268245,0.154,0.083,1
"Dnmt1",0.327561485369953,0.262502286901436,0.154,0.083,1
"Lin7b",0.328013639961227,-0.351348316628225,0.077,0.175,1
"Glyr1",0.328100338641984,-0.299530593434796,0.154,0.29,1
"Trappc2l",0.328180344742451,-0.320278678557436,0.077,0.18,1
"Gm47523",0.328242977197343,-0.322194665053567,0.077,0.184,1
"Ngly1",0.328242977197343,-0.257028838742436,0.077,0.184,1
"Gmds",0.328637172909068,0.251134747468078,0.538,0.419,1
"Eif4g1",0.328807818913026,-0.311737986742301,0.231,0.378,1
"Sarnp",0.329008818074102,-0.420743655610043,0.154,0.258,1
"Slc45a1",0.329377541803035,-0.324546346913,0.077,0.171,1
"Bcap31",0.329377541803035,-0.319800603279195,0.077,0.171,1
"Rbm41",0.330127945145054,0.339141893342524,0.308,0.217,1
"Nos1ap",0.33015154947092,-0.457185964219571,0.462,0.558,1
"Slc25a23",0.330344561758412,-0.273059633566922,0.231,0.396,1
"Spock2",0.330607398989907,-0.265301182953088,0.385,0.544,1
"Nme7",0.330712186015954,-0.395772670060098,0.462,0.585,1
"Rnf157",0.331147490203259,0.439212523662275,0.538,0.429,1
"Idh3a",0.331270424800572,-0.28621527049992,0.077,0.175,1
"Tpd52l1",0.331270424800572,-0.279052890056247,0.077,0.175,1
"Tug1",0.331270424800572,-0.295401396216782,0.077,0.175,1
"Rpgrip1l",0.331435206088829,-0.274539548693352,0.077,0.184,1
"Amigo1",0.33166360674297,0.298279686501151,0.154,0.078,1
"Far2os1",0.33166360674297,0.36999227854253,0.154,0.078,1
"Pam",0.331742974251837,0.30054750482276,0.692,0.641,1
"Arhgap1",0.331918491955602,0.329678064672944,0.154,0.083,1
"Hint3",0.331918491955602,0.355609015856919,0.154,0.083,1
"Apex1",0.331918491955602,0.347682672700331,0.154,0.083,1
"Syne1",0.331999837259375,0.277518930161655,1,0.912,1
"Eml4",0.332084051350364,-0.355868511079993,0.308,0.429,1
"Gm41505",0.332216809103099,0.663142493937381,0.308,0.203,1
"Gm44230",0.33267829210795,-0.322006971982244,0.077,0.171,1
"Foxo3",0.33267829210795,-0.333719717207761,0.077,0.171,1
"Ica1",0.333073858014337,0.299291401982901,0.692,0.631,1
"Otulin",0.333313184952415,-0.274621344190285,0.231,0.387,1
"Rxrg",0.334358610780783,-0.316033905058864,0.077,0.194,1
"Rnf14",0.334537906843933,-0.268919505589651,0.231,0.373,1
"0610043K17Rik",0.334548047304107,-0.323396919860011,0.077,0.175,1
"Gm26936",0.334573616110592,0.301355210100865,0.308,0.207,1
"Snf8",0.334647438865543,-0.299268676057065,0.077,0.184,1
"Chic2",0.33600032689787,-0.315054488726272,0.077,0.171,1
"1700037C18Rik",0.33600032689787,-0.29652645095189,0.077,0.171,1
"Chaserr",0.336061044787477,-0.250146945765672,0.231,0.364,1
"Pepd",0.336110997959699,0.536396634711581,0.154,0.088,1
"Seh1l",0.336110997959699,0.428367670336373,0.154,0.088,1
"Nubp1",0.336160210098771,0.277595261448065,0.154,0.078,1
"Slc7a6",0.33627930108929,-0.261750526707174,0.077,0.18,1
"Efcab2",0.336312776131997,0.251827023753771,0.154,0.083,1
"B430010I23Rik",0.336312776131997,0.36694649641871,0.154,0.083,1
"Tubgcp6",0.336312776131997,0.625210017203049,0.154,0.083,1
"Ralgapa2",0.336327543888526,-0.440755007649327,0.538,0.608,1
"Taf3",0.336934109368721,-0.465763728713092,0.154,0.249,1
"Elob",0.337487695639284,-0.378482558726249,0.231,0.355,1
"Pag1",0.337584407120853,0.360242145892091,0.308,0.207,1
"Tmem165",0.337584407120853,0.276612189874932,0.308,0.207,1
"Kdm4b",0.337720875934574,-0.31597174845906,0.154,0.267,1
"Gmps",0.338107629480642,0.28790057642354,0.308,0.221,1
"Ap2b1",0.338133858658274,-0.415289951737142,0.385,0.535,1
"Wdr37",0.338239401709979,0.300799312378323,0.385,0.29,1
"Pdss1",0.338276910388639,0.257817536058722,0.308,0.203,1
"Fbxl15",0.338398274279219,0.280425961586566,0.231,0.138,1
"Gm26618",0.338398274279219,0.264832037231073,0.231,0.138,1
"Kcnk9",0.33866668150807,0.343056482934824,0.231,0.152,1
"Twf2",0.340443363302843,0.466156517964053,0.154,0.088,1
"Anapc11",0.340443363302843,0.409891861331211,0.154,0.088,1
"Gm43376",0.340603584963467,0.448585723150925,0.538,0.447,1
"Smim10l1",0.340612552108616,0.302629863945398,0.308,0.207,1
"Tspan17",0.340744315159718,0.332709952097651,0.154,0.083,1
"Fkbp4",0.341165768163098,-0.279543995726245,0.077,0.175,1
"Septin1",0.341165768163098,-0.318783049796857,0.077,0.175,1
"Tmed8",0.341165768163098,-0.267503308905943,0.077,0.175,1
"Atp5o.1",0.341232253788167,-0.271839756596438,0.231,0.378,1
"Stag2",0.341443337850212,0.276956156398954,0.385,0.281,1
"Zfp141",0.341962065926767,0.272844762887043,0.231,0.138,1
"Sgtb",0.3420182974975,0.400090648836515,0.308,0.23,1
"Rtcb",0.34270820821935,-0.303571764770506,0.077,0.171,1
"Cacul1",0.342850036041935,-0.283428659051121,0.077,0.18,1
"Epha3",0.343170239267272,0.592096100923695,0.538,0.387,1
"Dclk3",0.344175950689201,-0.321406916411166,0.077,0.166,1
"Trim66",0.344811343250198,0.421140497757218,0.154,0.088,1
"Smim45",0.344811343250198,0.383161142000416,0.154,0.088,1
"Pfkfb4",0.345213080337846,0.309820819493772,0.154,0.083,1
"Supv3l1",0.345213080337846,0.298038575895827,0.154,0.083,1
"Twf1",0.345213080337846,0.301060553109379,0.154,0.083,1
"Mrpl40",0.345213080337846,0.312980239970324,0.154,0.083,1
"Nat8l",0.345607056435226,-0.415775581661893,0.154,0.249,1
"Rragb",0.345884457558432,0.310182211880388,0.308,0.212,1
"Cct4",0.34609402902625,-0.335222162514931,0.077,0.171,1
"Pdzrn4",0.346572181893926,-0.397286392285177,0.385,0.53,1
"Rgs4",0.346575390482135,-0.334327211555424,0.231,0.346,1
"Gm15563",0.346926135545574,0.303953807613779,0.385,0.281,1
"Hdgf",0.346926322059472,0.291473408789891,0.385,0.281,1
"Nploc4",0.347045921072224,0.433287919658131,0.308,0.221,1
"Srp72",0.34728813545384,-0.341279128614385,0.154,0.253,1
"Tbc1d30",0.34742806999432,-0.450675026162859,0.231,0.318,1
"Crispld1",0.347608813766233,-0.3851093893492,0.077,0.166,1
"Sdhc",0.347608813766233,-0.357221011602504,0.077,0.166,1
"Nmd3",0.347608813766233,-0.347481910662809,0.077,0.166,1
"Znhit6",0.347608813766233,-0.276847200393587,0.077,0.166,1
"4932443L11Rik",0.347696215748874,-0.256638667934027,0.077,0.184,1
"Stxbp5",0.34788065140144,0.439567098225441,0.615,0.498,1
"Ammecr1",0.347919448165087,0.376626674642058,0.308,0.23,1
"Pds5b",0.348354094775662,-0.300447792502833,0.308,0.406,1
"Tnrc18",0.348723029387582,0.352770868968284,0.385,0.295,1
"ENSMUSG00000119984",0.34893599999734,0.368282774241962,0.308,0.212,1
"Adcy2",0.349127452342625,0.497238791447868,0.462,0.429,1
"Bop1",0.349214905770944,0.516753212680728,0.154,0.088,1
"Lztr1",0.349502257114372,-0.27015495326167,0.077,0.18,1
"Ndufaf1",0.349719036960314,0.288780890012365,0.154,0.083,1
"Nrbf2",0.349719036960314,0.281811360753602,0.154,0.083,1
"Rsf1",0.35074674600615,0.296811734536368,0.308,0.484,1
"Capza2",0.351182423594817,-0.365708301722575,0.231,0.341,1
"Gnao1",0.351198871526773,-0.32564958464115,0.615,0.756,1
"Usp2",0.351467358845227,0.427197292872147,0.308,0.24,1
"Eda",0.35164600299128,0.268280731302775,0.231,0.143,1
"Gm5577",0.352547314881465,0.424968873197372,0.231,0.152,1
"Arhgef25",0.352898464801558,0.351803311005235,0.308,0.207,1
"Shank1",0.353131303865952,0.302429431597096,0.462,0.332,1
"Cck",0.353277459449532,-0.435818430276336,0.615,0.71,1
"Ssbp4",0.353307248515921,-0.444333382824271,0.231,0.313,1
"Man1a2",0.353594261557504,0.304113685308271,0.615,0.53,1
"Arhgap12",0.353735514379954,0.332263779983098,0.308,0.203,1
"Psma3",0.354093941713741,0.274364744835502,0.538,0.498,1
"Tmem183a",0.354262144273759,0.291768408747691,0.154,0.083,1
"Ndufa9",0.354539618662358,-0.294062072194487,0.077,0.166,1
"Nipsnap2",0.355255241913459,0.288264411326545,0.385,0.281,1
"Zfp738",0.355676190100219,-0.345954974087272,0.154,0.244,1
"Dhx32",0.355761812488217,0.290531879564204,0.385,0.272,1
"Zfp692",0.356013212932856,0.278248870903403,0.308,0.207,1
"Coch",0.356072951343582,-0.330945333701433,0.077,0.161,1
"Gm10125",0.356072951343582,0.354546469329357,0.231,0.152,1
"Pgam5",0.356378816436676,-0.264218487621531,0.077,0.171,1
"Ankrd13a",0.356378816436676,-0.25590783828991,0.077,0.171,1
"Ccdc136",0.356378816436676,-0.308101470148368,0.077,0.171,1
"Ccdc85a",0.35721301808984,0.728118426299119,0.385,0.378,1
"Mfn2",0.358037519801647,-0.27726735590273,0.077,0.166,1
"Hnrnpf",0.358073883212499,-0.304029904814689,0.077,0.175,1
"Polg",0.358073883212499,-0.253948648970889,0.077,0.175,1
"Gdi2",0.358247323446396,-0.418793130460977,0.231,0.318,1
"Paxx",0.358842355436897,0.274886125425457,0.154,0.083,1
"Tmem14a",0.35888078828852,0.294361181355878,0.231,0.143,1
"Eif5b",0.360145046167492,0.307735293099181,0.231,0.456,1
"Galnt1",0.360147703138787,0.38020488015319,0.385,0.304,1
"Cdk11b",0.360597992040828,-0.323871105096155,0.154,0.258,1
"Dtnbos",0.361367665005529,-0.294420333409798,0.231,0.392,1
"Slc25a26",0.36168363273841,-0.357233532767384,0.154,0.244,1
"Dlst",0.362003909320205,-0.320788366228398,0.154,0.253,1
"Sacm1l",0.362068196089078,0.364383403032319,0.462,0.369,1
"Gm48383",0.362097035797953,-0.305125333924794,0.154,0.263,1
"Cluap1",0.362533020102744,0.290512250320852,0.231,0.143,1
"Zfp523",0.363341242892054,0.390411387267812,0.231,0.161,1
"Arl3",0.363705047263168,-0.292516049215374,0.385,0.507,1
"Rgs17",0.364246611387561,-0.485367835950387,0.615,0.608,1
"Numbl",0.364743558346832,0.269255927944576,0.231,0.147,1
"Clip4",0.365048292057137,-0.347870535299215,0.154,0.258,1
"Gm43948",0.365098202112075,-0.38970918323999,0.077,0.166,1
"Vstm2b",0.365098202112075,-0.349720366658376,0.077,0.166,1
"Evl",0.365258401480452,0.336144694917429,0.538,0.424,1
"Ankrd11",0.36527879880478,-0.314732607885167,0.615,0.742,1
"Gm6994",0.365304528119306,-0.457442102656897,0.231,0.304,1
"Sik2",0.365455062338405,-0.334323691734572,0.308,0.521,1
"Gas7",0.366368628716491,-0.268364856158932,0.308,0.452,1
"Rreb1",0.366488409954322,-0.287758077668535,0.077,0.18,1
"Map4",0.366518386404769,-0.336085572596842,0.308,0.438,1
"Zfp644",0.36652469043521,0.297372385881086,0.462,0.424,1
"Ddn",0.366782647882985,-0.326073024449669,0.077,0.161,1
"Nop10",0.366854155282825,-0.310744529262991,0.077,0.171,1
"Gm38413",0.366854155282825,-0.25550199242802,0.077,0.171,1
"Tspan3",0.367857362726834,0.497216006947303,0.462,0.378,1
"Lamp2",0.36798284653779,0.273414273110536,0.385,0.281,1
"Surf2",0.368113871274601,0.286899619372116,0.154,0.083,1
"Ndufaf3",0.368113871274601,0.2591389291187,0.154,0.083,1
"Bex2",0.368502528541095,-0.257871059963194,0.615,0.737,1
"Trmt9b",0.368660930041426,-0.28698352527124,0.077,0.166,1
"5031425E22Rik",0.369352225442915,-0.335299276728227,0.231,0.336,1
"Rasgrf2",0.369533148100731,0.636551211779261,0.308,0.249,1
"Zfp46",0.370396717598539,-0.282984249925454,0.077,0.161,1
"Mboat7",0.370396717598539,0.316362441591655,0.231,0.152,1
"Gm2087",0.370396717598539,-0.282086589581065,0.077,0.161,1
"Cnih2",0.370396717598539,-0.286219262307242,0.077,0.161,1
"Suz12",0.370775143455522,-0.258110256805981,0.154,0.272,1
"Smc2",0.371764946719541,0.295380797424809,0.154,0.088,1
"Sirt4",0.371764946719541,0.585986051752185,0.154,0.088,1
"Gramd4",0.371973317303165,-0.260285549350537,0.077,0.175,1
"Dhx40",0.372166289041199,-0.327415090869761,0.154,0.24,1
"Gm17106",0.372166289041199,-0.349042155259559,0.154,0.24,1
"Cyria",0.372223582813161,-0.267056020111964,0.385,0.548,1
"Abcb9",0.372245210136305,-0.297902482953376,0.077,0.166,1
"Gm20404",0.372245210136305,-0.273318954137207,0.077,0.166,1
"Gpatch2",0.372470354377486,-0.314684677781888,0.154,0.249,1
"Eny2",0.372470354377486,0.33574241154015,0.308,0.24,1
"Tsc1",0.372849878348593,0.273385190012665,0.462,0.373,1
"Ttc37",0.373480241892758,0.331789003825726,0.308,0.226,1
"Gfm2",0.3737155034763,-0.337084883817748,0.154,0.24,1
"Lrrc28",0.373887983667671,0.784207717181084,0.308,0.235,1
"Qser1",0.373943239410349,-0.276322316842789,0.077,0.171,1
"Arl1",0.373943239410349,-0.28068104772696,0.077,0.171,1
"Larp4",0.373960642051106,0.283735338317804,0.308,0.212,1
"Zdhhc8",0.373960642051106,0.272601466473531,0.308,0.212,1
"Ski",0.373996940105035,-0.340183939088468,0.154,0.263,1
"Tmem214",0.374032821458767,-0.34073184026554,0.077,0.161,1
"1110032A03Rik",0.374032821458767,-0.309613765768233,0.077,0.161,1
"Prkag1",0.374032821458767,0.335985795471565,0.231,0.152,1
"Zfp652",0.374069828593568,-0.315696128243724,0.231,0.341,1
"Kdm1a",0.374223514090176,-0.259585304513604,0.231,0.369,1
"Zfp286",0.374966223182506,0.409961615140862,0.154,0.092,1
"Camk2n2",0.375109818296601,0.481699138963174,0.231,0.138,1
"Snap47",0.375450255433392,-0.425623241253846,0.385,0.424,1
"Bptf",0.376035341765823,-0.38422504226124,0.462,0.53,1
"Il1rap",0.376114793330858,0.296836973027557,0.308,0.203,1
"Gm5468.1",0.376381019817623,0.291545314336737,0.154,0.088,1
"Mapk14",0.376523724726072,-0.289595839245888,0.231,0.35,1
"Ptpre",0.376611765993972,-0.400896031237241,0.154,0.235,1
"Ndufa13",0.376989492249057,-0.416965090163106,0.231,0.332,1
"Nectin1",0.377519349460245,-0.258944440115134,0.077,0.171,1
"Rabl2",0.377533086539373,0.276177977720188,0.154,0.083,1
"Stard3nl",0.377690925350656,-0.276366329311668,0.077,0.161,1
"Elavl4",0.377878234822173,0.603971569256072,0.385,0.355,1
"Nsrp1",0.377913724804327,0.317554080908077,0.308,0.221,1
"Vps35l",0.378387903832948,-0.294865215182275,0.154,0.24,1
"Zbtb7a",0.378424040003236,-0.372382663780303,0.231,0.323,1
"Hipk2",0.378484025569014,-0.279344878366857,0.154,0.29,1
"Ptpn2",0.378604657962842,-0.270517446985036,0.154,0.258,1
"Mcts1",0.378604657962842,-0.305722846919631,0.154,0.258,1
"Gm37340",0.379161780369605,-0.366798305463758,0.308,0.41,1
"Gm16189",0.379172693716391,0.280344929486357,0.308,0.217,1
"Tiam1",0.379234912328425,0.537628479474634,0.538,0.465,1
"Slc44a1",0.379305664325196,-0.322192102954931,0.308,0.433,1
"Cox14",0.379478297014675,-0.283200181583613,0.077,0.166,1
"Phb2",0.379509867835373,0.383789457944276,0.154,0.092,1
"Atpsckmt",0.379509867835373,0.458959324617338,0.154,0.092,1
"Rpl3",0.379709645619513,0.325200251795084,0.538,0.479,1
"Atg10",0.379759436894219,0.259435197952157,0.308,0.226,1
"Lrrc8b",0.380394939834882,0.376818424363703,0.385,0.327,1
"Pafah1b1",0.38050901000035,-0.270314237927929,0.769,0.853,1
"Fbxo34",0.380594106993131,-0.265648526214423,0.231,0.364,1
"Tanc1",0.381116460304789,-0.254544462959298,0.077,0.171,1
"Pcyox1",0.381299699414008,-0.275164814489557,0.077,0.166,1
"Rabep1",0.381354908496577,-0.30691856177353,0.462,0.622,1
"Rbm18",0.381370992922621,-0.310498612667726,0.077,0.161,1
"Gabarap",0.381522586086209,-0.360539957570678,0.154,0.24,1
"Snd1",0.381551630958211,-0.258735076559218,0.231,0.359,1
"Rab27b",0.381658704157339,-0.39227074956744,0.154,0.258,1
"Parp8",0.381704891032442,-0.40289288153482,0.154,0.249,1
"Mrpl36",0.382297898608034,0.27699696564872,0.154,0.083,1
"Hap1",0.382379983100446,0.254964501899461,0.308,0.217,1
"Lmtk2",0.382878798338052,-0.365123503363654,0.462,0.558,1
"Ubqln2",0.383191238854422,-0.336103100839956,0.077,0.157,1
"Csnk1g3",0.383483021409737,-0.349774286731385,0.385,0.488,1
"Camk4",0.383905361439799,-0.576793616636882,0.615,0.682,1
"Mitf",0.384673153349556,-0.39695854456798,0.154,0.24,1
"Slitrk5",0.384734535981733,-0.282832266146693,0.077,0.171,1
"Gm8098",0.385072985576052,-0.284513285974618,0.077,0.161,1
"Pigp",0.385072985576052,-0.279624542895155,0.077,0.161,1
"Prkg1",0.385159350262439,-0.374508544884823,0.615,0.7,1
"Scamp2",0.385718693413167,0.278222399498699,0.154,0.088,1
"Zfp266",0.38582948724344,0.301639032343869,0.385,0.29,1
"Ube2d1",0.386103122702607,0.287203628783908,0.308,0.226,1
"Rnps1",0.386170802587477,-0.266692114601769,0.231,0.35,1
"Actr10",0.386348288862351,-0.358991431006657,0.154,0.253,1
"Washc4",0.386797181736701,0.345272712650195,0.231,0.157,1
"Drp2",0.386797181736701,-0.252642628444251,0.077,0.166,1
"Uqcrq",0.386804576456154,-0.36806978091111,0.231,0.332,1
"Pak1ip1",0.386948217543834,-0.281163302916912,0.077,0.157,1
"Aff4",0.387113351489652,-0.306821713490992,0.385,0.558,1
"Tank",0.387322125364498,-0.252766412510456,0.154,0.29,1
"Gss",0.388698190633137,0.311754506271814,0.154,0.092,1
"ENSMUSG00000121080",0.388698190633137,0.301770529881695,0.154,0.092,1
"Inpp5j",0.388698190633137,0.337263524670746,0.154,0.092,1
"2810032G03Rik",0.388698190633137,0.344250293108462,0.154,0.092,1
"Rnf115",0.389460085377895,0.398522822954898,0.308,0.244,1
"Hspa4l",0.38972531270988,-0.279709514732924,0.308,0.433,1
"Snrpn",0.389892439294099,-0.321365738281385,0.538,0.687,1
"Cep112",0.389975006922347,-0.418874067959441,0.154,0.276,1
"Mkln1",0.390416722847863,0.415137704286731,0.462,0.475,1
"Zfp830",0.390440133679555,0.298757251660829,0.154,0.088,1
"Slc6a8",0.390440133679555,0.258867773055589,0.154,0.088,1
"Ercc6l2",0.390488701071865,0.579361987943379,0.231,0.157,1
"Sap18",0.390727581125132,0.258771373015605,0.231,0.147,1
"Pikfyve",0.391021841117499,-0.362532959140816,0.154,0.24,1
"Rimbp2",0.391374376638289,0.345898426247332,0.615,0.539,1
"Elovl4",0.392542580449562,-0.276718952261169,0.077,0.161,1
"Usp7",0.393909605662693,-0.281849836740997,0.231,0.332,1
"Atp6ap1",0.394122891807096,-0.358200363687048,0.154,0.235,1
"3300002I08Rik",0.394509329246223,0.515618158091676,0.231,0.143,1
"Smarcd3",0.394529283728814,-0.290306618337461,0.077,0.157,1
"Ankrd40",0.394529283728814,-0.275538513157355,0.077,0.157,1
"Tcf25",0.394737477833352,-0.314605943688367,0.462,0.571,1
"Tomm20",0.394937503589395,-0.320444782366052,0.308,0.401,1
"Unc13c",0.395060752239476,-0.516115913863272,0.308,0.429,1
"Slc17a5",0.395374645398981,0.308064573589854,0.308,0.217,1
"Hacd1",0.395714161429821,0.334760789529473,0.231,0.161,1
"Med17",0.395714161429821,0.380928250903415,0.231,0.161,1
"Tecr",0.395950735681554,-0.323103931354778,0.462,0.622,1
"Rusc2",0.396065672365067,0.267953412887812,0.231,0.157,1
"Macf1",0.396279103171441,-0.288849601542986,0.615,0.894,1
"Ints7",0.396310094166316,-0.250787141386252,0.077,0.161,1
"Mkx",0.396442283516503,0.275603829823888,0.231,0.143,1
"Raver2",0.396701378176127,-0.329306998275264,0.154,0.267,1
"Psma4",0.397433751663403,-0.357505585415882,0.154,0.24,1
"Man2a1",0.397758785185592,-0.380846680840767,0.231,0.318,1
"Ttpal",0.398353277101636,-0.269062105670286,0.077,0.157,1
"Gspt2",0.398353277101636,-0.285644158269145,0.077,0.157,1
"Eef1b2",0.398886563862654,-0.256198124904146,0.154,0.253,1
"Cog4",0.399049917275293,0.481097461145923,0.308,0.235,1
"Taf6",0.399987777044514,0.57525206760547,0.154,0.088,1
"Arfip2",0.399987777044514,0.574666112849053,0.154,0.088,1
"Crybg3",0.400099355943558,-0.31742137901825,0.077,0.161,1
"Fgfr1op2",0.400201543152407,-0.340084643669362,0.231,0.336,1
"St8sia5",0.40029857121114,-0.265638314845805,0.154,0.258,1
"Grsf1",0.400324685967538,-0.261501627263886,0.077,0.152,1
"Snx24",0.40059069438992,0.656446147425832,0.308,0.24,1
"Sema6d",0.400812283726625,0.299251311802629,0.615,0.682,1
"Bcap29",0.401691048404441,-0.261451110134382,0.077,0.166,1
"Il34",0.402199510599423,-0.320642139253994,0.077,0.157,1
"Rtraf",0.402199510599423,-0.304128856403563,0.077,0.157,1
"Ppa1",0.402265287365364,0.278996857068452,0.308,0.235,1
"Kat2a",0.402732036900746,0.310502359823225,0.154,0.092,1
"Gna11",0.403067275071813,0.439222206434795,0.231,0.175,1
"Uhrf2",0.403333489249004,0.263473193653204,0.462,0.359,1
"Isca2",0.403787204461043,-0.368761702688915,0.154,0.23,1
"Pdhb",0.40379204003824,-0.272811108035097,0.154,0.249,1
"Oxr1",0.404378632119023,0.685371536946255,0.692,0.714,1
"Ndufa8",0.404789035127149,-0.278029334862818,0.154,0.263,1
"Soat1",0.404813784991467,0.269754663836302,0.154,0.088,1
"Atad5",0.405091101929847,0.465699511102242,0.154,0.097,1
"Cxxc5",0.405091101929847,0.336399338550983,0.154,0.097,1
"Yipf1",0.406067931180295,0.256159327965354,0.231,0.147,1
"Mef2a",0.40685500242383,-0.276784790396449,0.462,0.608,1
"Nova2",0.40689640394295,-0.275533430253145,0.231,0.332,1
"Abca3",0.407008449010352,-0.280023956076832,0.154,0.249,1
"Lncppara",0.407162668409253,0.330910469410823,0.308,0.226,1
"Prrc2a",0.407742921598809,0.530873315092648,0.231,0.152,1
"Tsnax",0.407778281501344,-0.448337380815583,0.308,0.373,1
"Arl6ip5",0.407949479016025,-0.255538806650216,0.154,0.263,1
"Gkap1",0.408157721795287,-0.332220011006727,0.077,0.152,1
"Cacna1h",0.408157721795287,-0.273787578455369,0.077,0.152,1
"Map1lc3b",0.408742457211518,-0.293377975880737,0.154,0.244,1
"Uqcrc1",0.408742457211518,-0.270012477127052,0.154,0.244,1
"Txnrd1",0.409757738760602,0.39185837649098,0.154,0.097,1
"C030017B01Rik",0.410131758896177,0.260315337688849,0.308,0.212,1
"Purg",0.410446483199324,0.396050888158188,0.462,0.442,1
"Zrsr2",0.410644625733208,0.339070023900751,0.231,0.161,1
"Vmp1",0.410732587443084,-0.33914229434521,0.462,0.535,1
"Enox2",0.41159711870572,-0.286876651262583,0.077,0.161,1
"Pex19",0.412254433745139,0.293436072518515,0.154,0.092,1
"Kif2a",0.412763120737403,0.359781776484086,0.462,0.401,1
"Mpc1",0.412917975754923,-0.265349933254243,0.308,0.456,1
"Akap13",0.413542940881115,0.611390285810187,0.154,0.272,1
"Ciao2b",0.414569641507486,0.266894852054725,0.154,0.088,1
"Rfx7",0.415350952751048,0.314960346060738,0.538,0.535,1
"Hif1a",0.415441826941937,-0.338049904383138,0.154,0.235,1
"Adcy9",0.416035340557446,0.27266969614854,0.462,0.438,1
"Fam98b",0.416081344107613,-0.285898817037593,0.077,0.152,1
"Hmgcl",0.416081344107613,-0.279703147915109,0.077,0.152,1
"Zwint",0.416575223446005,0.400679930631521,0.615,0.677,1
"Bclaf3",0.416726291324691,0.276931913135637,0.077,0.18,1
"Snx30",0.416749768666431,-0.25839520334504,0.154,0.249,1
"Pitpnm3",0.417112206909153,0.263375646576903,0.308,0.221,1
"Hipk1",0.417134077494248,0.378044875174808,0.308,0.258,1
"Rell2",0.417694285866004,0.471066365548192,0.231,0.175,1
"Imp3",0.418221232072552,-0.302543964353081,0.077,0.147,1
"Zfp932",0.418233675433102,0.282221849779055,0.231,0.161,1
"Shfl",0.418747709078745,0.252333929044693,0.308,0.217,1
"Kxd1",0.419186361214781,0.425242202408114,0.154,0.097,1
"Clip1",0.419883050519026,-0.308785504268657,0.385,0.47,1
"Ppp2r2a",0.420291866985631,0.251943197306799,0.538,0.502,1
"E530011L22Rik",0.421409277985284,-0.268396058008487,0.154,0.253,1
"Pld3",0.421621899149669,-0.314139006690934,0.231,0.332,1
"Atg4b",0.421762339232555,-0.263216805121246,0.077,0.157,1
"Jrkl",0.421909056285091,0.271371978607882,0.154,0.092,1
"Gm28750",0.421909056285091,0.618562978647597,0.154,0.092,1
"Cdh20",0.422058964943882,0.28679215026368,0.231,0.161,1
"Hnrnpul2",0.42215185693752,-0.355007384793222,0.154,0.226,1
"Rps18",0.422604115058771,0.374259854742739,0.385,0.318,1
"Slc25a4",0.422650281005967,-0.334456184494157,0.615,0.765,1
"Phf21a",0.4234465459583,0.33599714056197,0.538,0.673,1
"Atxn7l3",0.42409505171733,-0.290409171899636,0.077,0.152,1
"1500011B03Rik",0.424352226098525,0.358513302128198,0.308,0.249,1
"Cask",0.424590825921276,0.544752653959177,0.538,0.544,1
"Prkar1a",0.42473849318652,-0.28892138246375,0.385,0.507,1
"Osbpl3",0.424846430145997,0.288051534629066,0.385,0.29,1
"Cep295",0.425204634429703,-0.292875908434432,0.154,0.244,1
"Sp4",0.425506691723868,-0.35076299769948,0.154,0.235,1
"Gm47591",0.426244823962488,-0.27196397820604,0.231,0.35,1
"Fh1",0.426361887386516,-0.328705448431814,0.077,0.147,1
"Gm43316",0.426627064147257,-0.28911479991908,0.154,0.249,1
"Ank",0.42696007734994,0.280028145732686,0.538,0.433,1
"Bmerb1",0.42696007734994,-0.438476380987634,0.385,0.442,1
"Tcea1",0.427062783495936,-0.285923802591537,0.154,0.24,1
"Acvr1",0.427598454982258,-0.264686310996729,0.231,0.332,1
"Srpr",0.428050132370904,-0.279484617869578,0.308,0.387,1
"Lmtk3",0.428893022598812,0.493989632769447,0.308,0.226,1
"Arpc5",0.429008607090412,-0.342100710172715,0.154,0.226,1
"Ptdss1",0.42962774536155,0.484388348212571,0.231,0.18,1
"Fbh1",0.429770778491048,0.29663523943569,0.231,0.161,1
"Castor2",0.429770778491048,0.310407306286496,0.231,0.161,1
"Sybu",0.429786960707442,0.445308727541974,0.692,0.724,1
"Fancc",0.430466630243852,-0.278061910441314,0.077,0.147,1
"Gm28375",0.431047215133396,0.528818480358542,0.385,0.29,1
"Syngr3",0.431453888779293,-0.269671188830879,0.231,0.341,1
"Tmem70",0.432198302726832,-0.25157374525072,0.077,0.152,1
"Mfap1a",0.432198302726832,-0.265483223154241,0.077,0.152,1
"Myo1d",0.432294971916898,0.286761730662991,0.308,0.226,1
"Slc20a2",0.432629462933929,0.419952983159983,0.231,0.175,1
"Rpl10",0.432647921175901,-0.356562812442121,0.231,0.323,1
"Zfp64",0.433566024050096,0.336668092461991,0.154,0.097,1
"Adh5",0.433566024050096,0.352809296646017,0.154,0.097,1
"U2af1",0.433817916142878,-0.261298497024143,0.154,0.24,1
"Adarb1",0.435500001862375,-0.308379296677426,0.308,0.442,1
"Psmd11",0.435712496078688,-0.293320121475689,0.154,0.235,1
"Map4k3",0.436197382470137,0.349732477544606,0.385,0.318,1
"Tubb2a",0.436562537120695,-0.442576233970865,0.615,0.627,1
"Car7",0.436636849429375,0.265254473102813,0.154,0.092,1
"Gm42585",0.43842189937098,0.311334710375881,0.154,0.097,1
"Dcakd",0.438563842644482,0.307494858320608,0.231,0.166,1
"Gm44679",0.438744567153426,-0.282371070807045,0.077,0.147,1
"Lpin2",0.438767830472175,-0.335184404849793,0.231,0.323,1
"Wdr17",0.439056382539735,0.264770462608236,0.615,0.53,1
"Syt7",0.439099593367221,-0.37111322797037,0.462,0.622,1
"5330439K02Rik",0.439886595485584,0.477234723335509,0.154,0.101,1
"Etv6",0.440006845052831,0.384173928671123,0.308,0.24,1
"Os9",0.440346176493638,0.267397087755268,0.308,0.235,1
"Herc4",0.440487720349008,0.368627925537915,0.385,0.272,1
"B230307C23Rik",0.440634195064031,-0.267743080771964,0.154,0.24,1
"E130307A14Rik",0.442489511130329,0.709510177497085,0.462,0.378,1
"Fbxo33",0.442914676217597,-0.307629239765208,0.154,0.226,1
"Pi4kb",0.442917601445351,-0.266077661415833,0.077,0.147,1
"Ttc21b",0.443298262675991,0.341645796837849,0.231,0.171,1
"Snw1",0.443605021043533,-0.428196515821963,0.231,0.3,1
"Cep250",0.444519787148705,-0.252523082424581,0.077,0.152,1
"Tmem63c",0.444658415782344,0.3960736373424,0.231,0.18,1
"Gm20642",0.444910471470127,0.252935514609429,0.769,0.714,1
"Sdccag8",0.445341926589592,-0.418171571828658,0.231,0.29,1
"Pam16",0.445437559202767,0.258357017822628,0.231,0.161,1
"Cntn3",0.445523937163538,0.49241433144022,0.692,0.65,1
"Elapor1",0.445776460131334,-0.295031668713588,0.385,0.544,1
"Chst11",0.445866645440495,0.554802008063247,0.308,0.249,1
"Atg3",0.445866645440495,0.338666826403013,0.308,0.249,1
"Rnf168",0.445959031510546,-0.277691188253813,0.077,0.157,1
"Mir100hg",0.446482574357748,0.313039666246085,0.615,0.535,1
"Pls1",0.447171748608172,0.588473728697752,0.231,0.171,1
"Rpl14",0.448030618645017,-0.310900486483125,0.231,0.309,1
"Lix1l",0.448226860750909,0.292839312741188,0.154,0.097,1
"Nufip2",0.449213463231997,0.494730412712288,0.538,0.47,1
"Onecut2",0.4500673179741,-0.2869330818834,0.077,0.157,1
"Raph1",0.450675063054868,0.274601836435782,0.462,0.41,1
"Dync2i1",0.450972855714178,-0.300523321136835,0.154,0.24,1
"Cntnap5c",0.451155548902204,0.507887469401186,0.385,0.313,1
"Fnip1",0.451269535798921,-0.301117376763382,0.308,0.392,1
"Wdr48",0.451872118555749,-0.293188590143714,0.154,0.221,1
"Tm6sf1",0.453933951321566,-0.301297302670319,0.077,0.143,1
"Pgr",0.454241633343545,0.285439931805121,0.231,0.166,1
"Wdr44",0.454241633343545,0.27846402092904,0.231,0.166,1
"Pcdh19",0.454386974387388,0.675867413584077,0.154,0.101,1
"Mir670hg",0.455400406462925,-0.262285174542899,0.077,0.161,1
"Cdk5r2",0.455571952453684,-0.258057030789561,0.077,0.147,1
"Rapgef5",0.456053762810721,-0.432912679124208,0.385,0.424,1
"Rps6ka3",0.45666745275636,-0.265516625342247,0.462,0.613,1
"Pbrm1",0.457026204711893,0.31273267889644,0.462,0.392,1
"Rnpc3",0.457203551866735,-0.280648806084475,0.308,0.387,1
"Ckap5",0.457204353648363,0.377371593710228,0.538,0.521,1
"Rab3b",0.457369367064306,-0.522475608853725,0.154,0.217,1
"Nxf1",0.458155178992535,0.271285307190008,0.154,0.097,1
"Pou3f3",0.458244543779016,-0.262909939498116,0.077,0.143,1
"Dmwd",0.458244543779016,-0.296621743399891,0.077,0.143,1
"Garem1",0.460625562913988,-0.521692300051935,0.385,0.419,1
"Gm48512",0.461611375023838,0.453556356898823,0.385,0.364,1
"Igsf9b",0.461961161018504,0.469143535924927,0.385,0.332,1
"Tfg",0.462197498906569,0.273576126440751,0.231,0.166,1
"Mapk6",0.462578000387668,-0.274130250325298,0.077,0.143,1
"Med21",0.464201687632659,0.363011607425709,0.154,0.101,1
"Gsk3a",0.464201687632659,0.297057024663582,0.154,0.101,1
"Ctps2",0.464219907059645,0.358892467960661,0.231,0.184,1
"Atp11c",0.464806242845268,-0.368875252822392,0.231,0.29,1
"Rb1",0.465025985832407,-0.304399416320588,0.231,0.304,1
"Ndufs4",0.465763256503437,-0.28305528135493,0.308,0.406,1
"Gm27008",0.466257428702836,0.49336949279694,0.308,0.235,1
"Vip",0.466825395172543,1.27069285554964,0.231,0.171,1
"Arhgap26.1",0.467653132702013,-0.267055688004947,0.385,0.553,1
"Kcnma1",0.468292920032962,-0.354095728750321,1,0.949,1
"Mok",0.468326136124213,-0.33930326068609,0.154,0.217,1
"Ndrg4",0.469598412485174,-0.394489549178449,0.846,0.816,1
"Zfyve28",0.469865477750374,-0.267204873767118,0.385,0.47,1
"Armc8",0.47010341844276,-0.323540055175663,0.231,0.323,1
"Slc38a1",0.471119157110072,0.331281603318355,0.462,0.41,1
"Psma1",0.471308239844837,-0.262413089718462,0.231,0.318,1
"Mtmr1",0.4714859791653,-0.338951531359749,0.154,0.226,1
"Sppl2a",0.471707659321137,0.339738579389236,0.308,0.258,1
"Pkp4",0.472522278626691,-0.327517791426674,0.462,0.493,1
"Sdhd",0.473276346788803,0.251879684142153,0.154,0.097,1
"Qrsl1",0.473276346788803,0.265372581139195,0.154,0.097,1
"Polr3e",0.474133291794818,0.277767472635043,0.154,0.101,1
"Polr3b",0.474133291794818,0.343360770338834,0.154,0.101,1
"Cars2",0.47473121476873,0.453156738946126,0.154,0.106,1
"Myo9a",0.475561200499825,0.261774903982378,0.462,0.714,1
"Sparcl1",0.478401988818454,0.282409039315801,0.385,0.359,1
"Gde1",0.478401988818454,-0.330518147280672,0.308,0.364,1
"Dgki",0.478514251388949,-0.362874479918257,0.846,0.88,1
"Rnf13",0.478632811376473,0.568673126655695,0.308,0.235,1
"Med7",0.479142544346648,0.303706560020266,0.154,0.101,1
"Dnajc5",0.481193429922294,-0.303312645929589,0.308,0.392,1
"Pcnx2",0.482164262303143,0.275085666248873,0.538,0.438,1
"Ilf2",0.482423346164412,0.272005945575513,0.231,0.166,1
"Aldh5a1",0.483122054251984,-0.276443422607283,0.077,0.138,1
"Myo18a",0.484244096585325,-0.306479458710602,0.308,0.392,1
"Lmo2",0.484584634893907,-0.269570765593851,0.077,0.143,1
"Gls2",0.484603400988603,0.381122434258195,0.154,0.106,1
"Ndufb3",0.484657709131777,-0.309267561987952,0.231,0.304,1
"Acbd6",0.484691051216223,-0.331644745022612,0.385,0.452,1
"Cntln",0.485506745146677,0.27369629045951,0.308,0.258,1
"Grid1",0.485756567250067,-0.285102745196458,0.769,0.774,1
"R3hdm2",0.48585033004328,0.272360277773824,0.846,0.682,1
"Mapk8",0.48629513608866,0.284551874901387,0.462,0.406,1
"Gm42439",0.48630733102894,-0.346618158626093,0.385,0.567,1
"Pacsin1",0.486419963002054,-0.260250063255145,0.615,0.664,1
"Gbf1",0.487194200051389,0.317835957362072,0.538,0.447,1
"Vps33a",0.487503488855323,0.290168692948409,0.231,0.18,1
"Lig3",0.487503488855323,0.382958178729332,0.231,0.18,1
"Dpf2",0.487645728989503,0.408486653651771,0.231,0.184,1
"Gprasp2",0.487704888798538,0.398742336453631,0.231,0.189,1
"Eefsec",0.490335061625518,-0.284440717649621,0.231,0.295,1
"Ppm1k",0.490669330528141,-0.277807534574122,0.154,0.217,1
"Adk",0.490842766581788,0.780026046619318,0.385,0.35,1
"Stimate",0.491506042953742,0.45927106698146,0.231,0.18,1
"Tacc2",0.49255657473571,-0.274698158895687,0.154,0.217,1
"Apex2",0.493293162870918,0.251194789266256,0.308,0.244,1
"Mien1",0.493543607404967,-0.256254889174394,0.077,0.143,1
"Cuedc1",0.494342149569339,0.258803515605665,0.154,0.101,1
"Lims1",0.495153874375571,0.278545688377411,0.308,0.253,1
"Ssh2",0.496395533664338,0.564267169286166,0.538,0.622,1
"Slc38a9",0.497194209166098,0.343923698888231,0.385,0.35,1
"Noc2l",0.497297382800326,-0.260535308424979,0.154,0.226,1
"Plcl2",0.497792682190771,-0.262780802276931,0.615,0.65,1
"2610005L07Rik",0.497813604014716,0.263369876339466,0.308,0.249,1
"Dennd5a",0.497990962242137,0.584966874467989,0.308,0.3,1
"Phc3",0.49833439685881,0.25249441452193,0.385,0.327,1
"Rps20",0.498437583772721,0.274472933702076,0.308,0.235,1
"Cplane1",0.498500546172372,0.298426474456601,0.615,0.659,1
"ENSMUSG00000121205",0.498603020745392,-0.28710756112249,0.154,0.23,1
"Desi2",0.498792770597659,0.439109783912954,0.385,0.355,1
"Brinp1",0.498812808001031,-0.25680802086433,0.769,0.894,1
"Polr3f",0.49961791343543,0.332005694203919,0.154,0.106,1
"Gm14372",0.49961791343543,0.306262374922422,0.154,0.106,1
"Aim2",0.499927916520076,-0.266872113716754,0.077,0.134,1
"Aldh2",0.499927916520076,-0.254048559996218,0.077,0.134,1
"5330406M23Rik",0.499927916520076,-0.268427541017115,0.077,0.134,1
"Rpl13",0.499978122304426,-0.353973476111289,0.385,0.447,1
"Nptxr",0.500055544238861,-0.270610146553316,0.231,0.309,1
"Rnf208",0.501347652607432,-0.271887850901533,0.077,0.138,1
"Gm15952",0.501712382595383,0.301283555582285,0.231,0.152,1
"Kansl1",0.502470956234241,0.252815990111223,0.692,0.719,1
"Zfp943",0.50337949261682,0.269012029639202,0.231,0.171,1
"Sanbr",0.504730060609974,0.61250205508144,0.308,0.3,1
"Osbp2",0.504943197138278,-0.341002680408678,0.385,0.442,1
"Cyb5a",0.505819782188637,0.263407006682619,0.308,0.253,1
"Reep5",0.505889379904414,-0.336990080302458,0.308,0.392,1
"Akap17b",0.50727141645822,-0.311448217023175,0.154,0.221,1
"Tmem208",0.507505901916689,-0.289540693448165,0.231,0.281,1
"Daam1",0.507617836616606,0.315853060594758,0.385,0.313,1
"Pak3",0.508887293587923,-0.255210678370157,0.615,0.631,1
"Elovl6",0.509580724746219,-0.301713074540803,0.308,0.378,1
"5330434G04Rik",0.510020447426415,0.323955897806499,0.615,0.664,1
"Pdcd10",0.511146107543686,0.399275639907524,0.308,0.295,1
"Ppp3cc",0.511785079735632,0.329246149215978,0.231,0.175,1
"Gm46367",0.511905562879392,0.460841646075324,0.462,0.429,1
"Pcdh1",0.51214515324994,-0.30060093429274,0.154,0.212,1
"Pcnx",0.512385571015135,-0.260047382163555,0.308,0.387,1
"Kpna1",0.513034248481971,-0.269394373312176,0.308,0.369,1
"Slit2",0.513110074537864,0.336089434175682,0.154,0.244,1
"N4bp2l1",0.513592346801628,-0.252983244944531,0.154,0.23,1
"Dennd1a",0.513779076460567,0.301578257057034,0.846,0.747,1
"Nenf",0.514010804315734,-0.32997223031031,0.077,0.134,1
"Ddx47",0.514551758838987,0.388188191138924,0.154,0.111,1
"Lsm7",0.51457271594839,0.353551591325644,0.385,0.29,1
"Il1rapl2",0.514918483308966,-0.954941952266273,0.154,0.221,1
"Atp5d",0.514968557401509,-0.292646362726723,0.385,0.433,1
"Gm42919",0.515887380334067,0.428423547870188,0.231,0.18,1
"Tbc1d8",0.515943735015833,-0.299272261834992,0.308,0.378,1
"Ndn",0.516041316582507,-0.355626628487931,0.154,0.212,1
"Tut7",0.516290726184686,0.430700592425579,0.385,0.29,1
"Cdip1",0.517135743531004,0.3366958009024,0.462,0.378,1
"Arl8b",0.519459931531239,0.253369628310258,0.308,0.249,1
"Mt1",0.519543932973648,0.4157831323312,0.231,0.157,1
"Mrps21",0.52000655161345,-0.283101435752152,0.154,0.226,1
"Tbca",0.520011088248699,0.314413759127204,0.231,0.18,1
"4833420G17Rik",0.520226900326451,0.501216551163443,0.308,0.253,1
"Ubn1",0.521099099390647,0.3174992102508,0.385,0.286,1
"2210408F21Rik",0.521455633172871,0.291150833310547,0.462,0.465,1
"Itga9",0.522214350050133,-0.310569718701758,0.077,0.129,1
"Crim1",0.522321011651732,-0.328857029267945,0.231,0.313,1
"Jak2",0.523131541541313,-0.391245928405306,0.308,0.341,1
"Uba6",0.523762178761551,0.351691472286911,0.308,0.281,1
"Kcna4",0.52523223427672,-0.282377519195712,0.231,0.304,1
"Hs2st1",0.526009581610052,0.329270208992011,0.462,0.465,1
"Mbp",0.527821376896149,-0.304787454658247,0.154,0.212,1
"Cst3",0.528068253428734,0.328687296387932,0.615,0.622,1
"Bms1",0.528309202357917,0.277718618244695,0.231,0.18,1
"Cdk8",0.529806813215616,0.423515240074548,0.462,0.419,1
"Gm12353",0.529890806265283,0.34327558793153,0.462,0.401,1
"Actr1b",0.531236595553111,0.261587698748652,0.385,0.387,1
"Lta4h",0.53193590979284,-0.266592130162756,0.077,0.129,1
"Atp2b2",0.53232407621668,0.284880968654511,0.923,0.935,1
"Fhip1b",0.532595042257523,-0.255680470275432,0.231,0.286,1
"Depdc5",0.533631326277006,-0.267438548748087,0.231,0.3,1
"Cnih3",0.534396376880983,-0.254455178992964,0.154,0.207,1
"Mkrn1",0.535476634620729,0.466983442946008,0.308,0.258,1
"Nelfb",0.535590100564834,0.257834219102489,0.154,0.106,1
"Cstf3",0.536410233092392,-0.26183735417295,0.462,0.516,1
"Shc3",0.536627154707397,-0.277379820173358,0.308,0.406,1
"Eipr1",0.537143325181574,0.326143658895296,0.308,0.244,1
"Bcas2",0.538408376457176,-0.303767746109582,0.231,0.272,1
"Exosc7",0.53841098026853,-0.254986270659141,0.154,0.207,1
"Sorbs1",0.539106752870909,-0.282587789546586,0.615,0.696,1
"Prkag2",0.539810829078052,0.334181075009241,0.462,0.429,1
"Lrrn1",0.540082134954113,0.262989271475048,0.231,0.189,1
"Vta1",0.540082134954113,0.310760213799755,0.231,0.189,1
"Homer2",0.540515848440434,0.539277016366624,0.231,0.184,1
"Myef2",0.540905167802609,0.336137344674671,0.385,0.387,1
"Ehmt2",0.541526592369241,0.439865076085677,0.231,0.166,1
"Zfp182",0.543862832735582,0.48803104809159,0.308,0.267,1
"Ppp1r2",0.544017522269301,-0.304533356186145,0.462,0.488,1
"Etv5",0.544175141202101,-0.304571775972202,0.231,0.3,1
"Lnpep",0.545005955136799,0.250639884855888,0.462,0.438,1
"Mfn1",0.545938841359546,0.480924190527064,0.308,0.253,1
"A230103L15Rik",0.546113824284851,0.25434014169315,0.462,0.429,1
"Tm9sf3",0.546721171521146,0.278767151183233,0.385,0.373,1
"Fubp3",0.54780745748366,0.593383609745956,0.231,0.194,1
"Gm30382",0.548944069882431,-0.3244848216714,0.154,0.217,1
"Scube1",0.550056704223781,-0.310463303628868,0.154,0.221,1
"Sgcd",0.550635157898635,-0.406925965374933,0.538,0.461,1
"Xpo1",0.550720004223436,0.26549298069547,0.308,0.263,1
"Slmap",0.552375310599708,-0.31379855428722,0.462,0.512,1
"Gpr155",0.554619178852759,-0.301802590698433,0.154,0.207,1
"Cnot4",0.555385156891768,0.480977551480428,0.538,0.576,1
"Gabpb2",0.555645366572279,0.27541782217231,0.154,0.111,1
"Tcaim",0.555645366572279,0.268008575736333,0.154,0.111,1
"Hdac5",0.557341639954084,0.271074572094113,0.231,0.184,1
"Tspoap1",0.559953751405425,-0.262290692427732,0.385,0.424,1
"Gm28905",0.561530299150446,-0.294311361325468,0.462,0.544,1
"Ctns",0.562060230337156,0.261641345314937,0.154,0.106,1
"Arhgap17",0.563649671854689,0.368083749237572,0.231,0.198,1
"Gm48765",0.563649671854689,0.361993396189702,0.231,0.198,1
"Nras",0.564768103956767,0.314773439253986,0.154,0.115,1
"Scp2",0.565809714644527,-0.304787260899662,0.077,0.124,1
"Prdx1",0.565849116862514,0.296505434895976,0.231,0.184,1
"Dad1",0.568136577622081,-0.271200440235237,0.231,0.276,1
"Stx16",0.568550508951667,0.358495812760686,0.462,0.401,1
"Isy1",0.56996924860144,0.376236649591754,0.154,0.115,1
"Praf2",0.56996924860144,0.330620087326805,0.154,0.115,1
"Ap3s1",0.570316110850618,-0.312295177464371,0.308,0.346,1
"Sh3rf1",0.572891345208251,-0.310608329224278,0.385,0.424,1
"Ppwd1",0.574418459064794,0.264717150541899,0.231,0.184,1
"Vezt",0.575489941057261,0.330857764613766,0.385,0.341,1
"Fgf13",0.575541469416394,0.575464407969984,0.462,0.424,1
"Dag1",0.575810450371955,-0.290636572996608,0.231,0.281,1
"D3Ertd751e",0.576078311899834,-0.256980093557921,0.077,0.124,1
"Aifm1",0.577066891605424,0.44323621023575,0.231,0.194,1
"Gm12064",0.577922776112683,0.2683046220998,0.231,0.189,1
"Copg2",0.578291123714632,0.411096332123816,0.385,0.392,1
"Tyw5",0.578659138099636,0.376598315487677,0.154,0.12,1
"C630031E19Rik",0.580061088407682,-0.281360246550143,0.154,0.194,1
"Klhdc1",0.581362440582019,0.519234742847747,0.231,0.212,1
"Erf",0.582117776152227,0.261987922454554,0.154,0.111,1
"Mak16",0.582117776152227,0.281818596887923,0.154,0.111,1
"Mrps15",0.582886529317323,0.35447710225919,0.077,0.143,1
"Lats1",0.582886529317323,0.351474224462627,0.077,0.143,1
"Gabra3",0.58373025354244,-0.489162274520109,0.231,0.258,1
"Arl2bp",0.58383702571875,0.357244800195046,0.154,0.12,1
"Gm39469",0.584574743267109,0.368319401070817,0.231,0.198,1
"Mnat1",0.585389465539813,0.280311357576141,0.308,0.286,1
"Crip2",0.58649817645133,0.298575536311893,0.231,0.189,1
"Fam120c",0.588988481154691,0.278160633642981,0.308,0.281,1
"Prr14",0.589604777754869,0.507811270578697,0.231,0.212,1
"Spock3",0.589988944593164,-0.577730320793949,0.769,0.65,1
"Cdh18",0.590572005497604,0.857193312880958,0.769,0.636,1
"Lrrc40",0.59080788097222,0.257208834795031,0.231,0.189,1
"Elavl1",0.591748435168473,0.263386668803734,0.308,0.258,1
"Utrn",0.592580889213811,0.326799357753946,0.385,0.346,1
"Atp5c1",0.593204006651003,0.311443307816001,0.462,0.415,1
"Tmem132d",0.593958368228419,0.789382421244202,0.538,0.392,1
"Slc6a1",0.594480932662826,-0.3263950240023,0.231,0.281,1
"Gm48893",0.596106343855775,0.490322632061201,0.231,0.184,1
"Anxa7",0.596311716793644,0.251977904107725,0.154,0.115,1
"Rps8",0.596406020708244,-0.254181490434751,0.462,0.493,1
"Irs1",0.596875240829574,-0.252693409013059,0.077,0.124,1
"Dtna",0.596880902356347,-0.255861960329992,0.462,0.618,1
"Actn4",0.59812376684768,0.288118491807114,0.308,0.272,1
"Clk3",0.598278880408694,0.253908987655077,0.154,0.111,1
"Srgap2",0.598800817924205,0.342088402801942,0.615,0.613,1
"Epha7",0.599225885233627,-0.331029933471895,0.538,0.558,1
"Elmo2",0.599498700716526,0.333619181291584,0.154,0.12,1
"Dpy30",0.599498700716526,0.349008172253377,0.154,0.12,1
"Pank2",0.599998228284732,0.436190825280236,0.308,0.309,1
"Prkn",0.602734234703731,0.668675930916482,0.769,0.765,1
"Ralgapa1",0.603155206634404,0.297729207849899,0.615,0.705,1
"Gm47167",0.603320521761283,0.409556790560891,0.308,0.258,1
"Wls",0.603710816201805,0.278452728579724,0.154,0.111,1
"Xpot",0.604761222233998,0.302470560993472,0.154,0.12,1
"Arl13b",0.604761222233998,0.324820963911572,0.154,0.12,1
"Nop56",0.605854126364026,0.306588908176548,0.231,0.198,1
"Sh3bp5",0.606248995777777,0.36760889317485,0.231,0.212,1
"Slu7",0.607730741541794,0.332556232307604,0.077,0.138,1
"Klhdc10",0.608091804110122,0.323041594454258,0.462,0.544,1
"Lrfn2",0.608762326170651,0.368562290791833,0.385,0.341,1
"Plekhg5",0.609144471653949,-0.265116457707712,0.231,0.263,1
"Mid2",0.610151268464949,0.272230727627548,0.231,0.198,1
"Epha5",0.611074546988199,0.267369413136624,0.923,0.788,1
"2900064K03Rik",0.611814731937842,0.516841972896307,0.231,0.207,1
"Usp3",0.612313948244823,0.346658633756913,0.231,0.35,1
"Crocc",0.612617514908548,-0.309826053199093,0.231,0.253,1
"Prkar1b",0.612678325779087,-0.250080650651625,0.462,0.484,1
"C1qbp",0.612859644107634,0.413311565637286,0.154,0.124,1
"Abcd4",0.612859644107634,0.386531435215004,0.154,0.124,1
"Oxa1l",0.612859644107634,0.396190880103148,0.154,0.124,1
"Fam193b",0.613040796830657,-0.261025080902477,0.231,0.263,1
"Ndufa2",0.613155094074397,-0.250821686768538,0.154,0.207,1
"Ints6l",0.613691414562181,-0.268296076374243,0.308,0.35,1
"Rmdn1",0.61390718687902,0.333874159881614,0.538,0.548,1
"Gm31763",0.614825497161953,0.304777804483875,0.231,0.18,1
"Slc2a13",0.614979513606454,-0.272557597416157,0.615,0.733,1
"Srsf10",0.615001895376602,0.438091129873944,0.308,0.3,1
"Bzw2",0.615383306542176,0.324794383776893,0.385,0.364,1
"Dbndd2",0.618093180790135,0.40707732835563,0.154,0.124,1
"St3gal3",0.619444523037904,0.356586553743553,0.385,0.341,1
"Vamp4",0.62312308768059,0.532222999090894,0.231,0.198,1
"Glra2",0.623195220338275,1.08048621091088,0.154,0.115,1
"Rab21",0.62687216976282,0.254430415461081,0.308,0.272,1
"Sorl1",0.626932627067321,-0.275969626382926,0.385,0.429,1
"Tardbp",0.627503322881846,-0.257610832034873,0.385,0.415,1
"Inpp1",0.628618388572712,0.279529130795518,0.154,0.124,1
"Hjurp",0.628618388572712,0.323718890318738,0.154,0.124,1
"Klhl33",0.631378637566122,0.284819135830607,0.154,0.12,1
"Pclo",0.632067372848368,-0.267840553280432,0.769,0.894,1
"Ift74",0.632456356971851,-0.255961295812358,0.154,0.194,1
"Timm10b",0.63363145204149,0.350468281120189,0.077,0.134,1
"B3galnt2",0.63363145204149,0.370255853165359,0.077,0.134,1
"Csdc2",0.63363145204149,0.267650106545358,0.077,0.134,1
"Ppm1g",0.634093624481517,0.545559470539501,0.154,0.115,1
"2210016L21Rik",0.634317591532174,0.458389695018392,0.308,0.286,1
"Hdx",0.634702444421617,0.329676215636827,0.231,0.203,1
"Gm48742",0.635869982464427,0.274275825687345,0.231,0.212,1
"Ambra1",0.636526729189302,0.282282600254205,0.615,0.562,1
"Crcp",0.636761483943749,0.262517555938944,0.154,0.12,1
"Spink10",0.63769439178825,0.479925405716422,0.231,0.194,1
"Ube2e3",0.637783662763297,-0.297536906535237,0.308,0.323,1
"Cdh13",0.63828007013855,1.07421164075873,0.385,0.401,1
"ENSMUSG00000120081",0.639219630009279,0.256499121246698,0.154,0.124,1
"Gosr1",0.639219630009279,0.265604514965656,0.154,0.124,1
"Nell1",0.640246453217694,-0.5027540734455,0.385,0.41,1
"Zfp704",0.640644799576099,0.26693440757384,0.385,0.327,1
"Gm44562",0.641449173782977,0.27108839068942,0.462,0.387,1
"Fbxo42",0.641556121093586,0.269117992876675,0.308,0.295,1
"Tspan7",0.641603676946262,-0.26122936077114,0.769,0.737,1
"Gpr45",0.642454752788856,-0.274935419161225,0.231,0.249,1
"Cttn",0.644346296087916,-0.258408195848291,0.154,0.198,1
"Tm9sf2",0.645090563186298,0.321409186252296,0.385,0.295,1
"Tmem131l",0.647782599388373,0.270452280569525,0.231,0.203,1
"Klhl32",0.649417336904532,0.44380796394919,0.231,0.198,1
"Tafa2",0.653037443231903,0.323008368446857,0.615,0.535,1
"Grm8",0.653717631488238,0.292124712723996,0.385,0.369,1
"Sh3gl1",0.65416546452603,-0.260237484393853,0.154,0.189,1
"Slc25a51",0.654824590202789,0.279069207706356,0.231,0.207,1
"Ptprd",0.655387920549463,-0.294302425031381,1,0.986,1
"Tecpr1",0.655496593909203,0.458522424829406,0.231,0.194,1
"Birc2",0.65557829349664,0.297742117337235,0.231,0.217,1
"Sycp2",0.656713952411788,-0.293456836243533,0.231,0.253,1
"Rassf1",0.657313791002054,0.377125785060246,0.154,0.129,1
"Rcor1",0.657394037796023,0.264985322864915,0.154,0.217,1
"Rps6kb1",0.659193992773683,0.363011576456986,0.385,0.401,1
"Rpe",0.660642906698312,0.282345134203392,0.154,0.124,1
"Irs2",0.660642906698312,0.293573518862507,0.077,0.129,1
"Clasp2",0.660796740940445,0.359049969002031,0.615,0.65,1
"Gpat4",0.66262468992106,0.307474562495089,0.154,0.129,1
"Snx16",0.667952606468391,0.493500397957936,0.154,0.129,1
"Fam126a",0.667952606468391,0.300824109502814,0.154,0.129,1
"Ftx",0.667962996913095,0.411103486979758,0.538,0.558,1
"Itgbl1",0.668048358113233,0.511312698399751,0.308,0.3,1
"Cdc37l1",0.669975865389584,0.54854875081802,0.308,0.3,1
"Xrn1",0.672355013571628,0.284198286896077,0.385,0.396,1
"Adcy8",0.673089323166912,0.930235276198634,0.308,0.286,1
"Ybx3",0.673297307794861,0.306111612085659,0.154,0.129,1
"Mtss1",0.673496731350523,0.35032981448865,0.231,0.194,1
"Kcnd3",0.673868154519847,-0.272202590576392,0.385,0.442,1
"Gm35188",0.674149576759194,0.411721356828973,0.385,0.424,1
"Rnf123",0.67496645116688,0.328808373314708,0.154,0.12,1
"Cryab",0.678658558509984,0.259552932252628,0.154,0.129,1
"Ccni",0.678723280476344,0.265261265356354,0.231,0.203,1
"Dzip1l",0.680496314122822,0.313886441901297,0.154,0.12,1
"Xrn2",0.682145268354493,0.287673607657835,0.385,0.41,1
"Dstn",0.684007147061379,0.328307606271717,0.308,0.295,1
"Atp13a3",0.685310789221092,0.26559791732872,0.308,0.281,1
"Ptger4",0.685574208695187,0.310158298815754,0.154,0.134,1
"Polr3a",0.686024458105589,0.347651791653508,0.231,0.226,1
"Phf6",0.686366888414526,0.257673476849818,0.308,0.309,1
"Pbx1",0.68747053639171,0.540918422466272,0.846,0.825,1
"Unc13b",0.689321697108579,-0.304159410932041,0.231,0.258,1
"Txndc12",0.68942975401893,0.299106484388243,0.154,0.129,1
"Stmn1",0.69148743296894,-0.324827522328628,0.846,0.779,1
"Pced1b",0.694272865032578,-0.28757573403649,0.154,0.175,1
"Gm55122",0.697747825579749,0.428714994289568,0.462,0.424,1
"Gm15478",0.697872091266597,-0.278777033425083,0.231,0.253,1
"Htr1f",0.698567928615007,0.495985396201082,0.308,0.304,1
"Dcaf17",0.700578581595048,0.655602192492194,0.308,0.318,1
"Msh3",0.701164020206628,0.385432903497674,0.231,0.203,1
"Bbs7",0.701586994738309,0.289366276527008,0.154,0.134,1
"Galntl6",0.710974606540662,0.295401992466359,0.769,0.728,1
"Arfgef2",0.713316454727461,0.276244126616444,0.308,0.281,1
"Prkd1",0.713791015260764,-0.354954864397516,0.308,0.332,1
"Eya3",0.713863467836198,0.415605081259239,0.308,0.276,1
"Gcnt2",0.717783602550458,-0.321641929478972,0.231,0.24,1
"Srgap1",0.718371977342418,-0.328150907423936,0.462,0.456,1
"Ndufb9",0.71863851331973,0.307734724651465,0.385,0.438,1
"Zup1",0.719141872210713,0.346237530010613,0.154,0.217,1
"Dynlrb1",0.72132020351816,-0.28809237461096,0.231,0.249,1
"Npr2",0.724058471685642,0.42258729808585,0.154,0.138,1
"A330102I10Rik",0.727689262395303,0.281165855096672,0.385,0.364,1
"Mob4",0.730016033669051,0.298813417279081,0.308,0.304,1
"Itga8",0.732131733252401,0.431875918022237,0.154,0.124,1
"Dym",0.734251204822098,0.251138551579539,0.462,0.502,1
"Camk2n1",0.736885828659524,0.299950703808765,0.615,0.645,1
"Gm45182",0.746341437820185,0.458173819133162,0.231,0.235,1
"Atp5pb",0.74898435792724,0.377667007960497,0.385,0.452,1
"Rps23",0.749894532074135,0.267285832840829,0.308,0.281,1
"Scaper",0.750657033413272,0.335174172517643,0.462,0.53,1
"Rora",0.750803187558668,-0.261197283483793,1,0.94,1
"Uqcrb",0.75646069546493,0.284438709101009,0.231,0.295,1
"Gabrd",0.759499113384296,-0.258692645194091,0.231,0.235,1
"Tshz2",0.760095929732227,-0.821741126389219,0.231,0.171,1
"Bex4",0.760895770724144,0.418799121562111,0.154,0.129,1
"Npy",0.765567009520995,-0.271479933392488,0.231,0.253,1
"Jagn1",0.767499275491061,0.304961903865223,0.154,0.143,1
"Ncoa1",0.7687540930941,0.443620544518137,0.692,0.645,1
"Scarb1",0.771630718447543,0.475962131648857,0.154,0.189,1
"Supt3",0.775625664892383,-0.279149092868328,0.231,0.23,1
"Deptor",0.776944101697336,0.377524645236993,0.231,0.221,1
"Atp9a",0.77743454088263,0.369865095941196,0.462,0.498,1
"Cers5",0.779023967422917,0.261385373597107,0.308,0.3,1
"Map3k3",0.782092332976651,0.575156545924724,0.308,0.355,1
"Dpy19l4",0.783032333835214,0.276290019154139,0.231,0.24,1
"Sae1",0.784578422552464,0.3375787145296,0.231,0.198,1
"Ebf1",0.786149809832868,-0.523684205088933,0.154,0.189,1
"Btaf1",0.789190439145374,0.359131427885706,0.385,0.396,1
"Marchf7",0.790183214795555,0.261211589904764,0.308,0.304,1
"Arid5b",0.791162421915418,0.345377544518381,0.462,0.438,1
"Nfia",0.791860195869346,-0.428324405527533,0.231,0.24,1
"Wdr7",0.793716018213936,0.291397594204605,0.385,0.507,1
"Ring1",0.794918536018146,-0.250930930632356,0.231,0.235,1
"Chchd10",0.797245472158163,0.253799640615952,0.462,0.525,1
"Rufy2",0.810678334432798,0.434653273283336,0.385,0.419,1
"Esf1",0.811076036097001,0.398397887731958,0.308,0.318,1
"Frrs1l",0.812887799745171,0.393341989318552,0.462,0.498,1
"Copa",0.814338193347021,0.487561642747685,0.231,0.258,1
"Gm11844",0.814561011034802,0.812595404125426,0.077,0.106,1
"Phip",0.815013578246387,0.300233413796967,0.385,0.507,1
"Nisch",0.818032549962636,0.459806942845304,0.462,0.581,1
"Dscaml1",0.820635059918842,0.304302793044834,0.538,0.594,1
"6530409C15Rik",0.820741915258314,0.282428369197792,0.154,0.152,1
"Sec24a",0.820833655767751,0.272616148809378,0.231,0.249,1
"Ssr3",0.822661123420887,0.304839036670815,0.154,0.134,1
"Plekha6",0.833330115241797,-0.302080873204659,0.385,0.355,1
"Ccl27a",0.839988779402669,0.28388910788386,0.154,0.189,1
"Gprasp1",0.840654076407115,0.302953097816373,0.538,0.677,1
"Eloc",0.841549483444644,0.302188576490187,0.231,0.286,1
"Foxp2",0.843621687289605,0.894071319117781,0.385,0.507,1
"Sema5b",0.847539414740388,0.44849435328054,0.154,0.152,1
"Gphn",0.851872018186607,0.341910773149423,1,0.908,1
"Atp6v1f",0.855450620590837,0.268451576773763,0.308,0.382,1
"Sema6a",0.855761311593286,-0.252898177994522,0.308,0.304,1
"Nrp2",0.857888858691135,-0.519771940037114,0.231,0.235,1
"Mrpl12",0.862620893272852,0.299793071691186,0.154,0.157,1
"Dhdds",0.864573374695779,0.265794719007782,0.231,0.203,1
"Ola1",0.869117903125226,0.312916044666923,0.385,0.401,1
"1810034E14Rik",0.870620064190224,0.254064195385947,0.231,0.23,1
"Camsap1",0.871449002061508,0.400207939057244,0.231,0.318,1
"Agk",0.871515640641617,0.262127239068728,0.231,0.235,1
"Gm20687",0.872083835285806,0.273290582923547,0.154,0.161,1
"Osbpl1a",0.877980514878063,0.255911278409617,0.385,0.475,1
"Vps35",0.884796871084164,0.36517285953824,0.308,0.304,1
"Wipf2",0.888177422316656,0.330816043727015,0.231,0.226,1
"Zfp346",0.893262780944013,0.261011890213285,0.154,0.161,1
"Txlng",0.896271821732655,0.410960064963056,0.231,0.281,1
"Agrp",0.904741468855707,0.407758988076804,0.231,0.244,1
"Ptprt",0.906495693012013,0.391994705257094,0.615,0.705,1
"Rpl12",0.910594170768248,0.337273450542544,0.231,0.295,1
"Cdh6",0.913483177098485,0.644049381858608,0.308,0.323,1
"Rspo3",0.918845306873487,-0.256275087275041,0.231,0.212,1
"Sucla2",0.920783424893895,0.486047621777867,0.231,0.267,1
"Maml2",0.921618932227569,0.53529397696828,0.154,0.157,1
"Msi2",0.92216990946752,0.342037905040509,0.385,0.475,1
"Drap1",0.922801949310199,0.352099919058803,0.154,0.194,1
"Dagla",0.923139744779282,0.265926049823622,0.154,0.18,1
"Avl9",0.924763979142439,0.378026913687622,0.231,0.221,1
"Rprd1b",0.93076335792515,0.270938889548446,0.154,0.147,1
"Lzts1",0.93186985340099,0.372788403957371,0.308,0.355,1
"Phax",0.935273843378001,0.360945649220425,0.154,0.175,1
"Rtl1",0.936410158260842,0.256389384002688,0.231,0.244,1
"Kif21b",0.937211602967896,0.374435332913924,0.154,0.171,1
"Zfp239",0.942434468006231,0.288175597889626,0.154,0.171,1
"Pip5k1c",0.955679943662098,0.282589741433087,0.231,0.263,1
"Itsn1",0.957088820671073,0.385502348032668,0.308,0.392,1
"Zfp672",0.95811702467526,0.440219568435996,0.154,0.171,1
"Ube2a",0.95811702467526,0.291222163500136,0.154,0.171,1
"Dclk2",0.961133190992786,0.2542426730397,0.308,0.332,1
"Greb1l",0.962543612876528,0.288509532075389,0.154,0.161,1
"Erc1",0.962811569436151,0.327192231668209,0.385,0.47,1
"Gars",0.968385915077249,0.353621343376405,0.231,0.249,1
"Samd4",0.968779672727945,0.493301030009593,0.231,0.258,1
"Eea1",0.97307168707262,0.358464076662244,0.231,0.253,1
"Rchy1",0.97323790713571,0.371626174608563,0.231,0.258,1
"Gm48747",0.974019936063907,0.510132343141767,0.308,0.359,1
"Iqsec2",0.974075328401053,0.402816209944926,0.462,0.475,1
"Gm26672",0.977961922938259,0.534291606444314,0.231,0.267,1
"Cntnap3",0.980084936766641,-0.306252320847416,0.154,0.138,1
"Uqcc1",0.986464862581706,0.296412454357187,0.154,0.157,1
"Rnf217",0.986617071163838,0.411557826380742,0.231,0.258,1
"Tmtc1",0.987213076097578,0.399034008657598,0.462,0.507,1
"Clstn2",0.989097609267551,-0.267405152861978,0.615,0.512,1
"Trpc7",0.99729284786388,0.351648069004339,0.154,0.157,1
"Smap2",1,0.390888498915779,0.385,0.447,1
