"","p_val","avg_log2FC","pct.1","pct.2","p_val_adj"
"Nrgn",1.6737629473932e-05,-1.30939909735805,0.382,0.81,0.583590926867587
"Rn18s-rs5",3.59654587504105e-05,-0.566873141939033,1,1,1
"Mbp",4.9841250709814e-05,0.593845874998433,1,0.984,1
"Gapdh",0.000204375795750784,-1.13737268643596,0.294,0.667,1
"Zfp69",0.000209107342369913,0.978912230768345,0.206,0,1
"Rps8",0.000279941432741142,-1.2334120750121,0.265,0.619,1
"Cpeb3",0.000303172048720081,-1.3988134725091,0.059,0.397,1
"Clasp2",0.000412022414005771,0.95276287434839,0.853,0.587,1
"Zfp536",0.000725995558482649,0.661642789581983,0.912,0.683,1
"Malat1",0.000820885279756303,0.305981195758559,1,1,1
"Klhdc10",0.00103631567634419,0.9677643628156,0.324,0.063,1
"Cdh10",0.00124593675205135,0.996219693774296,0.706,0.381,1
"Pde7a",0.00125897528856319,1.12917111369721,0.206,0.016,1
"Gabarapl1",0.00146448363799434,-1.38320639887041,0.029,0.302,1
"Srp14",0.00149297789294859,-1.35503378442775,0,0.254,1
"Rassf1",0.00158280908694837,1.10336030295332,0.235,0.032,1
"Wdr53",0.001662404526948,1.04241185774297,0.235,0.032,1
"Bag4",0.00183275065217041,0.946487570384686,0.235,0.032,1
"Alg14",0.00194828494371353,0.770183325882994,0.147,0,1
"6030400A10Rik",0.00194828494371353,0.761684665310411,0.147,0,1
"Rasal1",0.00194828494371353,0.778294948068709,0.147,0,1
"Tnfsf13b",0.00194828494371353,0.950677521398816,0.147,0,1
"Slc38a10",0.00194828494371353,0.72943376779942,0.147,0,1
"Gm48967",0.00205297401167706,0.987434578569163,0.324,0.079,1
"Tpi1",0.00208914621235711,-1.2892828460475,0.029,0.286,1
"Myl6",0.00213933923597099,-1.20235784446785,0.118,0.413,1
"Znrf3",0.00221162153834344,1.02512763077704,0.265,0.048,1
"Dock10",0.00228092639882663,0.459630687466965,1,0.921,1
"Hspa8",0.00244420159643282,-1.06955085516264,0.5,0.683,1
"Unc5c",0.00274465617874503,0.859254851957395,0.676,0.381,1
"Mms19",0.00275539812519641,1.00342417589503,0.353,0.095,1
"Tmsb4x",0.00275919733879687,-1.05298731637977,0.5,0.714,1
"Erbb4",0.00275969738738166,0.640544155376992,0.882,0.667,1
"Ano4",0.00315490569028381,0.632692944619005,0.912,0.667,1
"St6galnac3",0.00318360936551263,0.862444179386088,0.794,0.54,1
"Abcb4",0.00327237534009707,0.915269555472665,0.176,0.016,1
"Hps3",0.00338259438728787,0.886669531287215,0.441,0.159,1
"Tenm2",0.00344188205354309,0.915184835467802,0.412,0.143,1
"Pdap1",0.00345025577779072,-1.04086563990114,0.029,0.286,1
"Dlgap1",0.00383731926812238,-1.13958279496933,0.059,0.302,1
"D3Ertd751e",0.00384799454187111,0.975921359372209,0.176,0.016,1
"Stmn1",0.00395621821246473,-0.957867717086812,0.471,0.683,1
"Mapre2",0.00395821410301034,-1.27499713030514,0.088,0.349,1
"4933406I18Rik",0.00397905400525013,0.868896314070173,0.676,0.397,1
"Zmat1",0.00405941117427406,0.759610914563693,0.176,0.016,1
"Snx27",0.00411610212436087,1.07025435038204,0.206,0.032,1
"Btbd3",0.00428131809733111,0.765723075791825,0.176,0.016,1
"Golga3",0.00428131809733111,0.726053143111066,0.176,0.016,1
"Snhg9",0.00451416968275384,0.654873767820717,0.176,0.016,1
"ENSMUSG00000120522",0.00452667079909873,0.754972564751994,0.676,0.333,1
"Stx4a",0.00486912709186249,-1.12713443700919,0,0.206,1
"Ghitm",0.00486912709186249,-1.08426857460086,0,0.206,1
"Cds1",0.0049667511852722,0.98195316133576,0.265,0.063,1
"Xpo7",0.00497393786615766,0.791655628545408,0.471,0.175,1
"Emc10",0.00499620565026093,-1.25543639577394,0.059,0.302,1
"Ptges3",0.00522080425225245,-0.982648817998153,0.029,0.27,1
"Fndc3a",0.00536536295088201,-1.12058379804605,0.029,0.254,1
"Cox7b",0.00584739929830479,-1.10830844704158,0.147,0.397,1
"Hip1r",0.00588217367615744,0.653966258858829,0.118,0,1
"ENSMUSG00000120896",0.00588217367615744,0.611427252209502,0.118,0,1
"Adat1",0.00588217367615744,0.724399546400567,0.118,0,1
"Tnfaip3",0.00588217367615744,0.629237109057868,0.118,0,1
"Rars",0.00588217367615744,0.831812131583887,0.118,0,1
"ENSMUSG00000121096",0.00588217367615744,0.651514647430993,0.118,0,1
"Gm26531",0.00588217367615744,0.736197304522785,0.118,0,1
"ENSMUSG00000121069",0.00588217367615744,0.65803453240668,0.118,0,1
"Selenoo",0.00588217367615744,0.636654631600266,0.118,0,1
"Lca5l",0.00588217367615744,0.500343046014213,0.118,0,1
"Uhrf1bp1",0.00588217367615744,0.632464965086325,0.118,0,1
"Septin6",0.00588217367615744,0.795401274649458,0.118,0,1
"Ndst2",0.00614817566211919,0.801698299322238,0.235,0.048,1
"Serinc3",0.00622900646881717,-1.1158486539202,0.206,0.444,1
"Iqsec2",0.00625833837933826,0.802051859866504,0.206,0.032,1
"Gm32036",0.00669397663053001,0.945050383799926,0.353,0.111,1
"Tspan7",0.00682213326704529,-1.06565014826623,0.294,0.524,1
"Rps14",0.00695117674537791,-1.18143128750148,0.176,0.413,1
"Hnrnpa1",0.00698241128600974,0.8122952645867,0.294,0.079,1
"Usp14",0.00710592772760974,-1.08168461894824,0.059,0.302,1
"Gria1",0.0071430600462195,-1.14780825937502,0,0.19,1
"Ddx3x",0.0071430600462195,-1.1472289518542,0,0.19,1
"Atp5md",0.00725764272698056,-0.994548693546415,0.088,0.349,1
"Ubc",0.00747871054997131,-1.11729917470344,0.118,0.365,1
"Gm20687",0.00750309006266846,0.761221248169365,0.294,0.079,1
"Cuedc1",0.00761401713720025,0.894754605399525,0.265,0.063,1
"Rcbtb1",0.00780511592775587,1.04710177150316,0.441,0.19,1
"Tspan2",0.00801587867486894,1.07025124320835,0.588,0.365,1
"Plekha1",0.00811011916497654,0.634805240851703,0.471,0.206,1
"Sumo2",0.00813520381095125,-1.15857697589392,0.088,0.317,1
"Usp31",0.00813798584858089,-0.87506527285972,0.176,0.429,1
"Daam1",0.0081387736712603,0.911358867071935,0.588,0.349,1
"Lmo4",0.00840514777327356,-0.809173759087632,0.176,0.444,1
"Arsb",0.00892381217673779,0.88743593034573,0.529,0.238,1
"Ywhah",0.00894949867696691,-0.743421589616169,0.235,0.556,1
"Scaper",0.00918347771232241,1.04475464055249,0.382,0.175,1
"Ccser1",0.00922681395704216,1.19855213349249,0.324,0.111,1
"Pigz",0.00953895071739863,0.657747348267,0.265,0.063,1
"Trim33",0.00955135463015001,0.723458725780732,0.353,0.111,1
"Ccr5",0.00975502244377746,-1.19699319064063,0.118,0.349,1
"Ubr3",0.00982063855714795,0.733754948794041,0.471,0.206,1
"Tmem147",0.00986849582669791,0.605135374563103,0.147,0.016,1
"Traf3",0.00986849582669791,0.896487493972111,0.147,0.016,1
"Zfp386",0.00986849582669791,0.670988223460232,0.147,0.016,1
"Hsp90ab1",0.00988825551684575,-0.624310939056172,0.559,0.81,1
"Wdr20",0.010110090225811,0.814464598484014,0.353,0.127,1
"Pcca",0.0101673918190121,0.991315707242782,0.324,0.111,1
"Cadps",0.0102363393013839,1.04506278058948,0.294,0.095,1
"Trrap",0.0104299036915233,-0.865279211259073,0,0.175,1
"Ptov1",0.0104299036915233,-1.14930948212467,0,0.175,1
"Sv2b",0.0104299036915233,-0.955826383168104,0,0.175,1
"Mosmo",0.0104299036915233,-0.957113306671996,0,0.175,1
"Hnrnpul2",0.0104299036915233,-0.911748251675495,0,0.175,1
"Chchd3",0.0106100038357105,-1.10828112799969,0.118,0.349,1
"Robo1",0.0108505019728902,-1.39988159940393,0.029,0.222,1
"Mavs",0.010953235816362,0.683848402088645,0.147,0.016,1
"Gm4673",0.010953235816362,0.576940217784419,0.147,0.016,1
"Taf1b",0.010953235816362,0.75540906067284,0.147,0.016,1
"Psap",0.0112134765419014,-0.742745925530554,0.294,0.556,1
"Rprd1b",0.0115343498366371,0.642412308032663,0.147,0.016,1
"Pald1",0.0115343498366371,0.803837303005515,0.147,0.016,1
"Ercc8",0.0115343498366371,0.699291641439676,0.147,0.016,1
"Vma21",0.0115343498366371,0.615933463452646,0.147,0.016,1
"P3h2",0.0115352795391656,0.679345228164149,0.471,0.206,1
"Fth1",0.011965626203991,-0.816853179499273,0.706,0.889,1
"Ica1",0.0121426620230417,0.637710915549475,0.147,0.016,1
"Ranbp17",0.0121426620230417,0.636789148825085,0.147,0.016,1
"Zfpm2",0.0121426620230417,0.763759710026261,0.147,0.016,1
"Pik3ca",0.0122635599875233,-1.02661435188408,0.088,0.317,1
"Serinc1",0.0125009554790956,-0.950801415091955,0.147,0.397,1
"Marchf1",0.0125375613864144,0.821797418149051,0.735,0.492,1
"Zc3h15",0.0126507794906598,-1.01127146869021,0.059,0.27,1
"Mrpl40",0.0127792365814861,0.635220213773751,0.147,0.016,1
"Hmg20a",0.0128009686960253,0.855982811729041,0.382,0.159,1
"Copg2",0.0129240705894234,0.838727254974032,0.294,0.095,1
"Xkr4",0.0131247780006247,1.08021671753842,0.382,0.175,1
"Scg3",0.0131275173263006,0.850154817079839,0.176,0.032,1
"Prkn",0.0143217813214166,0.553315002660212,0.765,0.46,1
"Nxf1",0.0143414980506644,0.806444593988708,0.176,0.032,1
"Rpl19",0.0145024094467752,-0.824669735229236,0.206,0.429,1
"Tuba4a",0.0147554396361401,-0.914601706346593,0.088,0.302,1
"Asap1",0.0147965229336184,-0.647580790424736,0.294,0.556,1
"Map1b",0.0149556560826834,-1.00616516665603,0.147,0.365,1
"Aspa",0.0151041437740252,0.488366387728973,0.912,0.698,1
"Lin7c",0.0151660157494582,-0.901990139964908,0,0.159,1
"Hspa4l",0.0151660157494582,-0.986619074502919,0,0.159,1
"Rplp0",0.0151660157494582,-1.13355895482796,0,0.159,1
"Asic2",0.0151660157494582,-0.915115649111906,0,0.159,1
"Zfp830",0.0151660157494582,-0.908422911765693,0,0.159,1
"Etv1",0.0151660157494582,-0.984854435664139,0,0.159,1
"Flywch1",0.0151660157494582,-1.00734262869562,0,0.159,1
"Csf1r",0.0152912806109027,0.529339744230908,0.794,0.508,1
"Kctd16",0.0153409234554513,-1.357901553572,0.088,0.286,1
"Ndufv2",0.0153505721787673,-0.955579008634483,0.147,0.365,1
"Slc17a7",0.0155828853720808,-1.0932455702176,0.029,0.206,1
"Ssrp1",0.0156534439163657,0.751607797759376,0.176,0.032,1
"Gm5535",0.0156534439163657,0.743774978668617,0.176,0.032,1
"D130040H23Rik",0.0156534439163657,0.681954718649694,0.176,0.032,1
"Ythdc2",0.0156534439163657,0.680480903018186,0.176,0.032,1
"Pex5l",0.0158408931522036,0.513357219464949,0.971,0.778,1
"Fam171b",0.015951042047142,-0.860323032169176,0.206,0.444,1
"Ptms",0.0161214844347906,-1.07886644767459,0.059,0.27,1
"Sat1",0.016635281181948,-1.0213156048475,0.118,0.333,1
"Taf1d",0.0166748847061975,-0.992152657263781,0.029,0.206,1
"Dpyd",0.0170601025704613,0.620162047683869,0.206,0.048,1
"Gsap",0.0170601025704613,0.646776680465615,0.206,0.048,1
"Fyn",0.0170601025704613,0.708543329037923,0.206,0.048,1
"Brms1l",0.0170601025704613,0.65877889183488,0.206,0.048,1
"Nasp",0.0170698368134025,0.739396168931085,0.176,0.032,1
"Rad9b",0.0170698368134025,0.613044645960161,0.176,0.032,1
"Dnajc5",0.0171102938456201,-0.89024610999762,0.059,0.27,1
"St18",0.0171740065740017,0.509677011215915,0.941,0.873,1
"Arpc3",0.0175488400825387,-0.945414469786241,0.118,0.333,1
"Wapl",0.0175488400825387,-0.928394714030784,0.118,0.333,1
"Nr2c1",0.0177360440758955,0.663797538646366,0.206,0.048,1
"Gpbp1",0.0177360440758955,0.563886476187106,0.206,0.048,1
"Pcif1",0.0178423624203681,0.63879702229038,0.294,0.095,1
"Grid2",0.0179286093356293,0.749252467558555,0.647,0.429,1
"Plp1",0.0181391144947573,0.295501942770322,1,1,1
"Ctcf",0.0184388397378301,0.762052768490473,0.265,0.079,1
"Ssr2",0.0185974565674835,0.437234778482415,0.176,0.032,1
"Adgrb3",0.0189210377257181,-0.980769861346627,0.059,0.254,1
"Gm3739",0.018955662464368,0.684669048444194,0.235,0.063,1
"Gps2",0.0190620764273857,-0.788430251123819,0.029,0.206,1
"Cdc27",0.0190620764273857,-0.857963207212581,0.029,0.206,1
"Dtna",0.019183640992716,0.86893299729281,0.412,0.19,1
"Eml6",0.019563668660117,0.794186890474415,0.441,0.222,1
"Zfp738",0.0196385638359083,0.59377117792828,0.235,0.063,1
"Map3k3",0.0197720748818842,0.837318428914091,0.382,0.175,1
"Slc8a1",0.0199849751333445,0.505613481364589,0.941,0.857,1
"Gna12",0.0200939604989206,0.69574035777062,0.559,0.333,1
"mt-Rnr1",0.0201453650762291,-0.808593840059548,0.412,0.667,1
"Nedd8",0.0203383058642665,-0.753075988026023,0.147,0.365,1
"Trim13",0.0203428556089411,0.667904091908606,0.235,0.063,1
"Txndc15",0.0203640063030762,0.540946480490095,0.265,0.079,1
"Syt4",0.0203640063030762,-1.0380346597711,0.029,0.206,1
"Cox8a",0.0206872363131777,-0.779584946725221,0.265,0.508,1
"Smc3",0.0206878664304454,-0.815508707626112,0.059,0.254,1
"Tubb2a",0.0208688684913745,-0.888446087904975,0.176,0.413,1
"Xrn2",0.0212060403068396,1.03268140012163,0.353,0.159,1
"Tmem65",0.0217428370759097,-0.857950289233324,0.029,0.206,1
"Itm2c",0.0219301871982908,0.717617942771391,0.324,0.127,1
"1810037I17Rik",0.0219753982352391,-0.855182286917217,0,0.143,1
"Mfn2",0.0219753982352391,-0.728743278649433,0,0.143,1
"Pts",0.0219753982352391,-1.06921137213106,0,0.143,1
"Sar1a",0.0219753982352391,-0.891096146053969,0,0.143,1
"Sbno2",0.0219753982352391,-0.830945314334066,0,0.143,1
"Brd2",0.0219753982352391,-0.849006198937836,0,0.143,1
"Esco1",0.0219753982352391,-0.908512543558558,0,0.143,1
"Atp2b2",0.0221482895058199,-0.863573211781566,0.088,0.286,1
"Relch",0.022294207752577,0.533273286248112,0.471,0.222,1
"Ndufb7",0.0228186724822261,-0.901486785586427,0.059,0.238,1
"Kirrel3",0.022928062739762,1.2774255049816,0.441,0.254,1
"Tut4",0.0229552474435372,0.837281316525633,0.471,0.254,1
"Zfp869",0.0231593560176361,0.479439123230784,0.206,0.048,1
"Srgap1",0.0231616849826594,0.667500054374428,0.382,0.175,1
"Ttc3",0.0232892870295961,-0.786800865676521,0.353,0.508,1
"Celf4",0.0239632844459793,-0.687822485165927,0.029,0.206,1
"Lpgat1",0.0240180005190481,0.557950269869436,0.588,0.317,1
"Qrich1",0.0243068619002926,0.956777629570833,0.206,0.063,1
"Ttc17",0.0243876729957373,0.66645239512081,0.382,0.159,1
"Rpl31",0.0246179329212708,-0.927828303848451,0.029,0.19,1
"Mrtfa",0.0246357496287972,0.721478836660223,0.265,0.095,1
"Frmd5",0.024870980260204,0.443838115173894,0.941,0.857,1
"Rps15",0.0249459807680457,0.710562633120239,0.382,0.19,1
"Nlk",0.025288366766078,-0.722048920288155,0.235,0.46,1
"Abhd15",0.0254451428946467,-0.775340909312184,0.029,0.19,1
"Mpp7",0.0258676921843456,0.993912147546769,0.235,0.079,1
"Ddx17",0.0260484913121175,-0.820198594671816,0.265,0.476,1
"Ppp3cb",0.0270449084590805,-0.786306551658379,0.118,0.317,1
"Sgce",0.0272448231089553,0.834758734684704,0.294,0.111,1
"Olfm1",0.0273982382769494,-0.757682226239837,0.353,0.587,1
"Trim30a",0.0276191228137906,0.757856142007519,0.235,0.079,1
"Abca1",0.027911662318767,-0.755610258726576,0.176,0.429,1
"Ssbp1",0.028050363036715,-0.885356828347595,0.059,0.238,1
"Limch1",0.0281805546231349,0.551267033479579,0.588,0.349,1
"Psmc5",0.028282160805211,-0.899775986404696,0.088,0.286,1
"Arl15",0.0288743777745981,0.636276198140642,0.441,0.222,1
"Fgf14",0.0289989504488637,-1.00436290132883,0.029,0.19,1
"Nfe2l1",0.0291314516986606,-0.844105636084412,0.059,0.222,1
"Ralbp1",0.029188966372744,-0.783623063695252,0.118,0.317,1
"Abhd11",0.0292246669323578,0.647722029878569,0.118,0.016,1
"Ap4m1",0.0292246669323578,0.641975517960971,0.118,0.016,1
"Vps26b",0.0292246669323578,0.5495670652412,0.118,0.016,1
"Coro2b",0.0292246669323578,0.778226517143601,0.118,0.016,1
"Gm41071",0.0292246669323578,0.68804802554554,0.118,0.016,1
"Sgms1",0.0294718919152054,0.731014629915382,0.235,0.079,1
"mt-Co1",0.0297231884120626,-0.904417672353182,0.059,0.238,1
"Ntm",0.0298284325079022,-0.844889072996709,0.088,0.286,1
"Eps15",0.0298805734191282,0.526880517735377,0.5,0.254,1
"Lnpk",0.0299514530552922,-0.888019087654819,0.029,0.19,1
"Clec16a",0.0299514530552922,-0.697810581242058,0.029,0.19,1
"Snx20",0.0300186088045402,0.695949694947589,0.206,0.063,1
"Sppl2a",0.0301068028256116,0.528561023269295,0.324,0.111,1
"Tsga10",0.0307177387402058,0.714999479461724,0.118,0.016,1
"Fam185a",0.0307177387402058,0.561552132861655,0.118,0.016,1
"Hbb-bs",0.0307177387402058,0.61030094746447,0.118,0.016,1
"Rnf41",0.0307177387402058,0.677407744530085,0.118,0.016,1
"Tmub2",0.0307177387402058,0.507473092073715,0.118,0.016,1
"Fam193b",0.0307177387402058,0.778930919820114,0.118,0.016,1
"Rragb",0.0307177387402058,0.727775086224737,0.118,0.016,1
"Kalrn",0.0309039845197513,-0.790530061958103,0.059,0.222,1
"Trim34a",0.0309871647440315,0.81175198757033,0.147,0.032,1
"Ptgr2",0.0309871647440315,0.811110606724174,0.147,0.032,1
"Zfp52",0.031074955215166,0.716232630361248,0.206,0.063,1
"Dock3",0.0310933992834643,0.67404773232809,0.441,0.254,1
"Tnik",0.0314305851844623,0.923180416707523,0.235,0.079,1
"Arrdc3",0.031481272868839,0.683772723512495,0.265,0.095,1
"Cdkl5",0.031481272868839,0.286254049335681,0.265,0.095,1
"Cadm3",0.0317556876529503,-0.79169060903718,0,0.127,1
"Ddx31",0.0317556876529503,-0.661747449941264,0,0.127,1
"Ccl27a",0.0317556876529503,-0.748184260998958,0,0.127,1
"Galnt12",0.0317556876529503,-0.807407919615542,0,0.127,1
"Brap",0.0317556876529503,-0.862046271871334,0,0.127,1
"Ap1s1",0.0317556876529503,-0.737000156729233,0,0.127,1
"Nalf1",0.0317556876529503,-0.799378513056984,0,0.127,1
"Ctdspl",0.0317556876529503,-0.805573840722387,0,0.127,1
"Tspyl1",0.0317556876529503,-0.813442258401932,0,0.127,1
"Tmem267",0.0317556876529503,-1.03128859323548,0,0.127,1
"Syap1",0.0317556876529503,-0.64753802625245,0,0.127,1
"Arhgap35",0.0318424866728841,0.802446621744797,0.294,0.127,1
"Stard3",0.0319357505000482,-0.740581554771993,0.029,0.19,1
"Plekha3",0.0322758439435976,0.565397431963916,0.118,0.016,1
"Zgpat",0.0322758439435976,0.622558993510403,0.118,0.016,1
"Gpr157",0.0322758439435976,0.703342506745979,0.118,0.016,1
"Rchy1",0.0322758439435976,0.840605693748236,0.118,0.016,1
"Ccng2",0.0322758439435976,0.521736224904562,0.118,0.016,1
"Cyria",0.0322758439435976,0.668353619432787,0.118,0.016,1
"Glis3",0.0322758439435976,0.660229692333493,0.118,0.016,1
"Gm14634",0.0322758439435976,0.620968689603811,0.118,0.016,1
"Anapc1",0.0323081723474313,0.8518042990912,0.176,0.048,1
"Akr1b10",0.0323237406497129,0.632065053200402,0.147,0.032,1
"Tesk2",0.0324422023056618,0.748111398068233,0.265,0.095,1
"0610030E20Rik",0.0324511193226639,0.912618452274593,0.235,0.079,1
"Scoc",0.0329273609086983,-0.827264893197139,0.235,0.429,1
"Cmss1",0.0329575359647465,-0.69695161451105,0.441,0.619,1
"Rybp",0.0329719442618568,-0.692376151540908,0.029,0.19,1
"Oaz1",0.0332129734463065,-0.798432990460518,0.206,0.397,1
"B4galt6",0.0332836284793306,0.631429331858048,0.206,0.063,1
"Casc3",0.0334999084240928,0.751217579439935,0.235,0.079,1
"Mphosph8",0.0337636065690919,-0.772607942710364,0.088,0.27,1
"Jam3",0.0337647769114801,-0.899540200194572,0.088,0.27,1
"Nemp2",0.0339011822236484,0.586024065684347,0.118,0.016,1
"Capn2",0.0339011822236484,0.562605841746731,0.118,0.016,1
"Napepld",0.0339011822236484,0.622025480352497,0.118,0.016,1
"Rasgef1b",0.0339011822236484,0.440013923370393,0.118,0.016,1
"Naf1",0.0339011822236484,0.533845600672519,0.118,0.016,1
"Ndufaf3",0.0339011822236484,0.577927887341735,0.118,0.016,1
"Spata7",0.0339011822236484,0.506225237894284,0.118,0.016,1
"Slitrk5",0.0339011822236484,0.524499149161485,0.118,0.016,1
"Slc15a3",0.0339011822236484,0.509218339597315,0.118,0.016,1
"Tmsb10",0.0342848399696747,0.581044401562478,0.294,0.111,1
"Farp2",0.034437450446687,0.718745751325356,0.206,0.063,1
"Dab1",0.034437450446687,0.691320094463353,0.206,0.063,1
"Elf1",0.0346714346329541,0.677765825826793,0.324,0.143,1
"Eml4",0.0346714346329541,0.709499280085293,0.324,0.143,1
"Manf",0.0347281331751429,-0.838695192073,0.059,0.222,1
"Zfp1",0.0348124092827751,0.665034823076083,0.176,0.048,1
"Ftl1",0.034846525436247,-0.487981350185074,0.147,0.349,1
"Ndufs3",0.0349914962324807,-0.896015422572782,0.029,0.175,1
"Kdm1a",0.0349914962324807,-0.880988870601803,0.029,0.175,1
"Rnf166",0.035145566676863,0.627119689432369,0.147,0.032,1
"Adssl1",0.035145566676863,0.612985152217228,0.147,0.032,1
"Tmem44",0.035145566676863,0.674290698881822,0.147,0.032,1
"Ptprm",0.035329895165961,0.66201286689595,0.382,0.19,1
"Pex2",0.0355959947040555,0.450166928900016,0.118,0.016,1
"Prcc",0.0355959947040555,0.590304319971934,0.118,0.016,1
"Lrif1",0.0355959947040555,0.292173608289469,0.118,0.016,1
"Sspo",0.0355959947040555,0.490973738565115,0.118,0.016,1
"Wrap53",0.0355959947040555,0.495356923785879,0.118,0.016,1
"H1f2",0.0355959947040555,0.525213404420995,0.118,0.016,1
"Zfp597",0.0355959947040555,0.414486566222443,0.118,0.016,1
"Mpp1",0.0355959947040555,0.478902253012237,0.118,0.016,1
"Anapc10",0.0356252754697417,0.580393018129949,0.206,0.063,1
"Synpr",0.0357723285397517,0.550481588352986,0.412,0.19,1
"Abca8b",0.036125490908151,0.654477911993745,0.176,0.048,1
"Acot13",0.036125490908151,0.643977991422002,0.176,0.048,1
"Pla2g4a",0.0361572904160488,-0.925742796056524,0.088,0.254,1
"Nr2c2",0.0365197440753591,0.492699739378645,0.382,0.175,1
"Dner",0.0366336289067228,0.702131956059362,0.147,0.032,1
"Nxpe4",0.0366336289067228,0.866513134379754,0.147,0.032,1
"H2-D1",0.0366336289067228,0.578767074779967,0.147,0.032,1
"Lrch2",0.0368478750150854,0.594622376284104,0.206,0.063,1
"1500004A13Rik",0.0369248379666854,0.685974394219866,0.471,0.27,1
"6330403K07Rik",0.0371381690557809,-1.04158950994191,0.088,0.254,1
"Rps18",0.0371381690557809,-1.03024871120998,0.088,0.254,1
"Hdac9",0.0374558194468398,0.399203455241053,0.5,0.27,1
"Itgb8",0.037480562241716,0.577474823524613,0.176,0.048,1
"Zdhhc9",0.037480562241716,0.647554567474448,0.176,0.048,1
"Syp",0.0377175875046216,-0.74633136539557,0.088,0.286,1
"Cep295",0.0379898522646774,0.728739057756543,0.235,0.079,1
"Atad1",0.0379898522646774,0.759278315113063,0.235,0.079,1
"Zfp346",0.0381060298270718,0.6132778204788,0.206,0.063,1
"Heatr3",0.0381750343059683,0.653400492309092,0.147,0.032,1
"Mfsd14b",0.0381750343059683,0.62202843144623,0.147,0.032,1
"Prag1",0.0385649241709788,-0.745318166623213,0.029,0.175,1
"Tacc1",0.0387341723794469,-0.990310551000331,0.265,0.413,1
"Slc6a9",0.0388786505240273,0.710801084275601,0.176,0.048,1
"Ncapd3",0.0388786505240273,0.666085710701242,0.176,0.048,1
"Chsy3",0.0388786505240273,0.6971703885233,0.176,0.048,1
"Ier3ip1",0.0388786505240273,0.576227158561448,0.176,0.048,1
"Ociad1",0.0389493397390815,-0.941669672043836,0.059,0.222,1
"Sec62",0.0392013676490928,0.464388377205344,0.559,0.333,1
"Rnpc3",0.0392056093949029,0.587617216854942,0.353,0.159,1
"Bod1l",0.0392888490893563,-0.660664075357101,0.118,0.317,1
"Ubxn7",0.0394005297504141,0.712856183635338,0.206,0.063,1
"Ptbp2",0.0394318637562864,0.507952829238676,0.294,0.111,1
"Sypl",0.039522765892725,-0.756662222825069,0.088,0.27,1
"Prrc2c",0.0396929330465636,0.686153207531619,0.559,0.302,1
"Zfp408",0.0397712416520792,0.582024347144973,0.147,0.032,1
"Acadm",0.0397712416520792,0.577143920257817,0.147,0.032,1
"Zfp40",0.0397712416520792,0.635171999966414,0.147,0.032,1
"U2surp",0.0398418305429626,-1.02743303403386,0.147,0.317,1
"Polr3a",0.0398978890557206,0.548609678855134,0.265,0.095,1
"Srp9",0.0400702921662133,-0.796860621514851,0.059,0.222,1
"Usp47",0.0402177817208007,0.710618541413222,0.324,0.127,1
"Zwint",0.0402751785963345,-0.753321024630481,0.265,0.444,1
"St3gal6",0.0402963882665821,0.660649813011577,0.559,0.317,1
"Lamtor2",0.0403207958866095,0.478502953019564,0.176,0.048,1
"Basp1",0.0403710753792744,-0.775093414247356,0.529,0.667,1
"ENSMUSG00000120224",0.0404204589251243,0.601809589487572,0.235,0.079,1
"Tnrc6b",0.0404955596763122,0.68674632213719,0.618,0.397,1
"Syncrip",0.0405592408719174,0.875349565562494,0.324,0.143,1
"Sh3gl3",0.0408006011830314,0.66168592002176,0.382,0.19,1
"Ubr2",0.0408275379079229,-0.719420092613878,0.206,0.429,1
"Ppia",0.0410099619001442,-0.576983034945594,0.618,0.762,1
"Tsc1",0.0411157382998292,-0.753725861441692,0.029,0.175,1
"Cetn3",0.0411157382998292,-0.787215605472001,0.029,0.175,1
"Cst3",0.0411528061833987,0.522087146963375,0.971,0.889,1
"Rit1",0.0414237299069889,0.513577235173069,0.147,0.032,1
"Kcna2",0.0414237299069889,0.536444021696749,0.147,0.032,1
"Zfp560",0.0414237299069889,0.618034002079852,0.147,0.032,1
"Angptl2",0.0418080510445767,0.560720973746145,0.176,0.048,1
"Entr1",0.0421017686623697,0.508604713976138,0.206,0.063,1
"6430590A07Rik",0.0424438489178019,-0.666816103443415,0.029,0.175,1
"Castor2",0.0424438489178019,-0.70170572073659,0.029,0.175,1
"Ncl",0.0425219822840853,0.650598817720039,0.471,0.27,1
"Gnai1",0.0425618356012374,-0.829838984245791,0.206,0.381,1
"Hint1",0.0426533751942256,-1.02687833815753,0.176,0.349,1
"Mtch1",0.0427014301576167,-0.64259050059135,0.088,0.27,1
"Cwf19l2",0.0427768892232996,0.779535426935863,0.382,0.19,1
"Smg1",0.0429702903778284,0.620424855514798,0.412,0.206,1
"Dgki",0.0430301819747201,-0.547538651907758,0.176,0.397,1
"Cyp2j6",0.0431339976495082,0.515323179700151,0.147,0.032,1
"Gsdme",0.0431339976495082,0.56335467058935,0.147,0.032,1
"Rpl18a",0.0431839970337081,-0.633162226798537,0.147,0.333,1
"Vezf1",0.0433414809680341,0.513428868181816,0.176,0.048,1
"Prrt1",0.0433414809680341,0.513111235876262,0.176,0.048,1
"Ppp1r16b",0.0433790417531124,0.569506824612783,0.647,0.381,1
"C1qtnf4",0.0435113037351171,-0.887528240029068,0.088,0.254,1
"Cenpc1",0.0435986412355019,0.769170791054149,0.265,0.111,1
"Atp6v0a1",0.0436399020915386,-0.734630375236862,0.176,0.381,1
"Arl3",0.0438080657486514,-0.858660135829716,0.029,0.175,1
"Tuba1a",0.0438198840898348,-0.663018965867173,0.441,0.571,1
"Kndc1",0.0440817953136026,0.870784672323456,0.294,0.143,1
"Cenpp",0.0443108812330739,0.784223403197506,0.235,0.079,1
"Arih2",0.0443128725158977,0.471508420401959,0.235,0.079,1
"Notch2",0.0449035624650655,0.389012904452393,0.147,0.032,1
"Ccnc",0.0449035624650655,0.462609742018189,0.147,0.032,1
"Rgs3",0.0449035624650655,0.487233883060418,0.147,0.032,1
"Nup133",0.0449221625319712,0.558428980072163,0.176,0.048,1
"Macrod2",0.0452276493905631,0.908755670636325,0.382,0.206,1
"R3hdm1",0.0457006786494377,0.713513172637357,0.529,0.365,1
"Exoc7",0.0457277510360533,0.561903617707968,0.176,0.048,1
"Dscaml1",0.0457662670639097,0.763140760615736,0.559,0.413,1
"Paqr8",0.045811060557862,-0.570160888375175,0,0.111,1
"Cdk5r2",0.045811060557862,-0.66851577202517,0,0.111,1
"Snrpe",0.045811060557862,-0.727398006440403,0,0.111,1
"Zbtb37",0.045811060557862,-0.875608539458345,0,0.111,1
"Qser1",0.045811060557862,-0.649063014307934,0,0.111,1
"Slc12a5",0.045811060557862,-0.672657488891228,0,0.111,1
"Fggy",0.045811060557862,-0.763421224959595,0,0.111,1
"Dpp6",0.045811060557862,-0.723073312833963,0,0.111,1
"Gm17130",0.045811060557862,-0.683890399436908,0,0.111,1
"Pdgfa",0.045811060557862,-0.603815145894491,0,0.111,1
"Chmp3",0.045811060557862,-0.761349229632978,0,0.111,1
"Gm15492",0.045811060557862,-0.633263627545016,0,0.111,1
"Fam234b",0.045811060557862,-0.623149156918687,0,0.111,1
"Zfp866",0.045811060557862,-0.710755118472886,0,0.111,1
"Abhd8",0.045811060557862,-0.799483407088408,0,0.111,1
"Mbtps1",0.045811060557862,-0.584038837930722,0,0.111,1
"Nus1",0.045811060557862,-0.752430580411044,0,0.111,1
"Yeats4",0.045811060557862,-0.650447557887484,0,0.111,1
"Dlg4",0.045811060557862,-0.647520051781298,0,0.111,1
"Fam222b",0.045811060557862,-0.641596942842076,0,0.111,1
"Gfod1",0.045811060557862,-0.54871723136169,0,0.111,1
"Tbca",0.045811060557862,-0.799142530577296,0,0.111,1
"Adgrb1",0.045811060557862,-0.604664985216276,0,0.111,1
"Fbxo45",0.045811060557862,-0.589716808807997,0,0.111,1
"Fam234a",0.045811060557862,-0.596240126775894,0,0.111,1
"Polr1c",0.045811060557862,-0.811184268496704,0,0.111,1
"Fam122a",0.045811060557862,-0.651282514375918,0,0.111,1
"C430049B03Rik",0.045811060557862,-0.583244221589751,0,0.111,1
"Pin4",0.045811060557862,-0.730191376208724,0,0.111,1
"Nmt1",0.0460938521181301,0.760669375345712,0.265,0.111,1
"Rab3a",0.0461783823098901,-0.674876409014965,0.176,0.365,1
"Gm43362",0.0464464627090613,0.523938381327318,0.206,0.063,1
"Tmx4",0.04664777186105,-0.692767128171459,0.029,0.175,1
"Slc25a5",0.04664777186105,-0.712668347127246,0.029,0.175,1
"Eno2",0.0467327444489765,-0.914620692881191,0.059,0.206,1
"Chst8",0.0467339602921467,0.420993079386932,0.147,0.032,1
"Ldb1",0.0467339602921467,0.282903449436775,0.147,0.032,1
"Tjp1",0.0469360675556953,0.45121967841155,0.471,0.238,1
"Slain1",0.0470318705513026,0.58504473328254,0.529,0.302,1
"Rps9",0.0472089608724774,-0.801472931609055,0.176,0.365,1
"Eea1",0.0478011720008312,-0.843820827816628,0.088,0.238,1
"Extl3",0.0478011720008312,0.626078426434501,0.294,0.127,1
"Pde4b",0.0480247154719202,0.26957381414311,1,0.984,1
"Pclo",0.048075786122068,-0.799476398259158,0.059,0.206,1
"Tma7",0.048075786122068,-1.00328827341589,0.059,0.206,1
"Pnkd",0.0481247549580499,-0.604785945875476,0.029,0.175,1
"Rsu1",0.0490701393169218,0.695986686035148,0.294,0.127,1
"Nfe2l3",0.0490701393169218,0.479268996070139,0.294,0.127,1
"Phf3",0.0491975513938935,-0.67062521553901,0.147,0.317,1
"Stmn2",0.0494861610013189,-0.760714340288338,0.265,0.444,1
"Mmadhc",0.049547857071631,-0.821133275742015,0.029,0.159,1
"Adam9",0.049547857071631,0.437135630809252,0.206,0.063,1
"Map7d2",0.049547857071631,-0.811807715357121,0.029,0.159,1
"ENSMUSG00000120580",0.0497099672655872,0.629653805564116,0.324,0.143,1
"1110059E24Rik",0.0499009474199944,0.8831259202567,0.235,0.095,1
"Bbs4",0.0499586564258363,0.468047735085991,0.176,0.048,1
"Rock1",0.050266099428351,0.581065047661819,0.441,0.27,1
"Crebrf",0.0508316531790512,-0.703213063990154,0.206,0.365,1
"Ric8b",0.050859289550771,-0.725070341020026,0.059,0.206,1
"Tet3",0.0509992582853958,-0.702355077849218,0.176,0.349,1
"Cpsf6",0.0509992582853958,0.69454006147857,0.412,0.222,1
"Vcpip1",0.0511625760449089,-0.735383245422949,0.029,0.159,1
"Nup214",0.0511625760449089,-0.798739758406331,0.029,0.159,1
"Ppp3r1",0.0511625760449089,-0.887921678214165,0.029,0.159,1
"Wdr45b",0.0511625760449089,-0.882607820291544,0.029,0.159,1
"8030462N17Rik",0.0511625760449089,-0.892616001304,0.029,0.159,1
"Tcf7l2",0.0514460448391845,0.578704699399512,0.265,0.111,1
"mt-Rnr2",0.0517403379360575,-0.498110815744963,0.618,0.778,1
"Nsd1",0.0518598702907497,-0.536652760283162,0.529,0.683,1
"Nrros",0.0523009006340028,-0.717255346838943,0.059,0.206,1
"Aldoa",0.0524355120151091,-0.589206927275415,0.412,0.571,1
"Tbl1xr1",0.0525230054878802,0.572292131351904,0.471,0.27,1
"Nalcn",0.0527543438855373,0.736376355851826,0.294,0.143,1
"Nfic",0.0528211228501448,-0.784517883859647,0.029,0.159,1
"Dgkb",0.0528211228501448,-1.032839816666,0.029,0.159,1
"Mgrn1",0.0528625370131163,-0.661421788247169,0.059,0.222,1
"Slc24a2",0.0529045905181816,0.312075391866276,0.971,0.937,1
"Lrmda",0.0533034996718619,0.542908576859864,0.676,0.508,1
"Ube3c",0.0534123029160125,0.483863637782897,0.353,0.175,1
"Nudcd3",0.0534249256490819,-0.751397326245701,0.088,0.254,1
"Ldhb",0.0534346898882823,-0.775083610108354,0.147,0.302,1
"Pnn",0.0543923328068478,0.733431709100145,0.235,0.095,1
"Birc2",0.0544312792049571,0.840994292722328,0.206,0.079,1
"Rer1",0.0545243658350605,-0.645823939383133,0.029,0.159,1
"Sod1",0.0545243658350605,-0.798930328389659,0.029,0.159,1
"Egr1",0.0545243658350605,-0.815199153131196,0.029,0.159,1
"Fam168a",0.0547262342295574,0.58621439420376,0.5,0.27,1
"Ptprk",0.054738945814643,0.394480660512141,0.706,0.524,1
"Prkca",0.0552593890292556,-0.487042569352966,0.529,0.698,1
"Cpe",0.0554601638285164,-0.571724512481588,0.147,0.333,1
"Herc4",0.0555700974591407,0.622481141366589,0.412,0.238,1
"Nkain1",0.0557934013238041,0.679636075248524,0.265,0.111,1
"Acyp2",0.0561333810220501,0.654107761746466,0.324,0.159,1
"Sub1",0.0561788439775658,-0.717635764119245,0.088,0.254,1
"D430041D05Rik",0.0562731796637327,-0.763737190077581,0.029,0.159,1
"Pcdh10",0.0562731796637327,-0.748485133645709,0.029,0.159,1
"Spag9",0.0572802208783724,-0.618072296795914,0.294,0.476,1
"Ppp2r5a",0.0579787348532066,-0.658899431218543,0.147,0.333,1
"Gmpr2",0.0580684449847544,0.359970267841276,0.206,0.063,1
"Nbas",0.058072565853709,0.659212823296379,0.5,0.317,1
"Usp12",0.0581909122067674,-0.727336614932709,0.118,0.27,1
"Nsg1",0.0584133310403863,-0.735407256609213,0.059,0.206,1
"Tnrc18",0.0587671263102741,-0.71504271540859,0.088,0.238,1
"Cald1",0.0588583907622242,0.644966416627139,0.265,0.111,1
"Sf3b3",0.0588583907622242,0.523143074233563,0.265,0.111,1
"Adk",0.0588583907622242,0.485107673720176,0.265,0.111,1
"Serpine2",0.0588905288529862,0.849203393862181,0.324,0.159,1
"Tsc22d3",0.0592160631591269,0.648817982968815,0.235,0.095,1
"Atp9b",0.0594176475885986,0.591049330131759,0.471,0.27,1
"Setbp1",0.0595971146389414,-0.758595122035915,0.118,0.27,1
"Gpr155",0.0599110480859443,-0.651716593958415,0.029,0.159,1
"Trappc4",0.0599110480859443,-0.745395913436741,0.029,0.159,1
"Sf3b5",0.0599110480859443,-0.777557133510729,0.029,0.159,1
"Ppp2r1a",0.0599110480859443,-0.686765758309223,0.029,0.159,1
"Rab14",0.0602404301025944,-0.794758350929469,0.206,0.365,1
"Rpl38",0.0602404301025944,-0.68986386267804,0.176,0.381,1
"AW554918",0.0603310831971263,0.374013570349216,0.382,0.19,1
"Mog",0.0605617682633084,0.625169427516884,0.676,0.46,1
"Ilf3",0.0609008376108351,0.633765748433835,0.235,0.095,1
"Pfdn5",0.0609008376108351,0.677104599191935,0.235,0.095,1
"Sos1",0.0609008376108351,0.687621608188791,0.235,0.095,1
"Tmem108",0.0614127761816526,0.605683360217554,0.206,0.079,1
"Klhl18",0.0614127761816526,0.695336959923657,0.206,0.079,1
"Raf1",0.061685404043026,-0.790894655224221,0.059,0.206,1
"Mtf2",0.0618018805355755,-0.661065658546329,0.029,0.159,1
"Uchl1",0.0626690243299103,-0.748547224130324,0.147,0.302,1
"Brwd1",0.062670528961972,-0.727880461528447,0.147,0.302,1
"Ypel3",0.0626999627401179,-0.785471877374395,0.176,0.333,1
"Rpl9",0.0628098518942769,-0.667809284599624,0.265,0.444,1
"Dynll1",0.0628397715575682,-0.73851444606062,0.324,0.492,1
"Gnas",0.0632218970665125,-0.915019056138072,0.353,0.492,1
"Tmod1",0.0632363263936857,0.585973574470769,0.324,0.159,1
"Ncf2",0.0632695278246775,0.709165407465288,0.206,0.079,1
"Prkar1b",0.063377493931394,-0.463273424893746,0.059,0.206,1
"St7",0.063377493931394,-0.67721582942962,0.059,0.206,1
"Sccpdh",0.0637418388101093,-0.672755581511412,0.029,0.159,1
"Dctn2",0.0637418388101093,-0.704194452147486,0.029,0.159,1
"Pabpc1",0.0637418388101093,-0.757036500427548,0.029,0.159,1
"Pten",0.0640958843540155,-0.84989167001102,0.265,0.413,1
"Ddx6",0.0642193839091981,-0.649748925308339,0.118,0.286,1
"Gpr183",0.064389600651936,-0.853956274452725,0.059,0.19,1
"Rgs7bp",0.064989357801533,-0.714724461687376,0.088,0.238,1
"Gls",0.0654497440036625,-0.832501874278447,0.176,0.333,1
"Mapk8ip3",0.0657161449044455,-0.586680024164319,0.118,0.286,1
"Cebpg",0.0662782442172498,0.571554046709366,0.324,0.159,1
"Tbc1d5",0.067602245616287,0.459133640906226,0.853,0.746,1
"Gnai2",0.0677727409526349,-0.582447504476805,0.029,0.159,1
"Zfp950",0.0678438285676914,0.49133442454663,0.324,0.159,1
"Slc35c2",0.0680417094772949,0.559110959476097,0.235,0.095,1
"Cdk17",0.0680417094772949,-0.887089176086066,0.059,0.19,1
"Hip1",0.0688565323510334,-0.649327604912085,0.147,0.317,1
"Ilf2",0.0691199128400628,0.734757114606552,0.206,0.079,1
"Mcm3ap",0.0691199128400628,0.562299159097654,0.206,0.079,1
"Bcor",0.0691199128400628,0.545305820812697,0.206,0.079,1
"Glt8d1",0.0694397038746133,0.630535228941367,0.324,0.159,1
"Nisch",0.0695907454393786,-0.472699591482197,0.235,0.413,1
"Erlec1",0.0696286128346483,-0.719439778574491,0.088,0.222,1
"Fam228b",0.0699339210015432,0.69984395992934,0.176,0.063,1
"Rprd1a",0.0700045547571569,-0.691674074138779,0.088,0.238,1
"Chd8",0.0707057574326285,0.461878542192194,0.265,0.111,1
"Nck1",0.0711661162301947,0.517605626158264,0.206,0.079,1
"Spidr",0.0711661162301947,0.438541823678625,0.206,0.079,1
"Ube3a",0.0718162341656241,-0.604873536346816,0.176,0.349,1
"Cmas",0.0718624724648978,-0.81181065454555,0.059,0.19,1
"Magi3",0.0720494780057043,0.745538528709434,0.147,0.048,1
"Sympk",0.0721751636089938,-0.723940917231201,0.029,0.143,1
"Stk39",0.0727239560388386,0.555163617469561,0.324,0.159,1
"9930021J03Rik",0.0727239560388386,0.50112022007772,0.324,0.159,1
"Dock7",0.0732617134806962,0.540959937664515,0.206,0.079,1
"Rnase4",0.0732617134806962,0.503526286781709,0.206,0.079,1
"Sparcl1",0.0736480873423462,0.576013408382528,0.324,0.175,1
"Gm31243",0.0738377676515041,-0.776669819962384,0.059,0.19,1
"Rps26",0.0738377676515041,-0.606165603376602,0.059,0.19,1
"Rc3h1",0.0739869362231974,-0.658336642065714,0.206,0.365,1
"Trim59",0.0739869362231974,0.568713631283728,0.441,0.238,1
"Eef1a1",0.0740643026480275,-0.607627884532201,0.412,0.54,1
"Hnrnpdl",0.0741132176599862,0.556803710195462,0.441,0.254,1
"Ints6",0.0743529255855693,-0.568773139861,0.059,0.206,1
"Vps35l",0.074398528156632,0.6189457463902,0.294,0.143,1
"Cdk5",0.0744291340152809,0.528468266196904,0.265,0.111,1
"Unc50",0.0744748890326688,-0.765645902826635,0.029,0.143,1
"Acbd6",0.0744748890326688,-0.682373573410166,0.029,0.143,1
"Nr6a1os",0.0744748890326688,0.84659143621505,0.176,0.063,1
"Ncbp1",0.0744748890326688,-0.71758813635858,0.029,0.143,1
"Tomm40",0.0744748890326688,-0.821417908386026,0.029,0.143,1
"Eps15l1",0.0744748890326688,-0.72559682863143,0.029,0.143,1
"Cdh11",0.0744748890326688,-0.631642808406853,0.029,0.143,1
"Polr2g",0.0744748890326688,-0.649688665275434,0.029,0.143,1
"Gm43980",0.0745933298249387,0.581539410160116,0.147,0.048,1
"Rtn1",0.0749743442597417,-0.574021576491538,0.588,0.746,1
"Cds2",0.075061778895688,-0.618763180488141,0.088,0.222,1
"Atp5g1",0.0750722883888447,-0.592772166731448,0.147,0.317,1
"Gnb2",0.0752678447214722,-0.690172207094525,0.118,0.27,1
"Cerk",0.0753504194966558,0.477502700188404,0.529,0.302,1
"Tlr4",0.075857231950171,-0.721384698093366,0.059,0.19,1
"Elavl1",0.075857231950171,0.392406733704143,0.235,0.095,1
"Dnajb2",0.0764061112581726,-0.564599883463176,0.176,0.349,1
"Mgst3",0.0768341390252703,-0.717627217036055,0.029,0.143,1
"Hsd17b12",0.0768341390252703,-0.730644655306392,0.029,0.143,1
"Smg5",0.0768341390252703,-0.724566638723503,0.029,0.143,1
"Wdr47",0.0768341390252703,-0.805155016143258,0.029,0.143,1
"Ndufb6",0.0768341390252703,-0.692627662038484,0.029,0.143,1
"Ndufa3",0.0768341390252703,-0.817049067269892,0.029,0.143,1
"Chmp2a",0.0768341390252703,-0.547908274781193,0.029,0.143,1
"Ctnnb1",0.0768341390252703,-0.775812027778703,0.029,0.143,1
"Hbp1",0.0768341390252703,-0.575912405187049,0.029,0.143,1
"Gm31323",0.0768341390252703,-0.662472096844535,0.029,0.143,1
"Abcf1",0.0768341390252703,-0.593698920585518,0.029,0.143,1
"Pls3",0.0768341390252703,-0.764927052501222,0.029,0.143,1
"Smim4",0.0769457731795475,0.621880379804086,0.265,0.127,1
"Hnrnpul1",0.0769479845148843,0.642972049903316,0.265,0.127,1
"Cdk14",0.0770069259907031,-0.641215094869278,0.118,0.27,1
"Secisbp2l",0.0770701801476613,-0.596385731818851,0.265,0.413,1
"Fgfr2",0.0771607914064376,0.364396861262351,0.824,0.683,1
"Gm44866",0.0771811721417325,-0.641028338395868,0.088,0.238,1
"mt-Nd5",0.0773244776271279,-0.533748000932726,0.059,0.206,1
"Zfp91",0.0776043607191082,0.527885992957348,0.206,0.079,1
"Sf1",0.0779032479632634,0.579880877438519,0.265,0.127,1
"Tg",0.0779215370684899,0.453252460507308,0.235,0.095,1
"Eprs",0.0780484422397857,0.801730976414681,0.206,0.095,1
"Hnrnpc",0.0781185994966846,0.565428638488702,0.353,0.19,1
"mt-Nd2",0.0790312177994048,-0.534645151590364,0.294,0.444,1
"Rala",0.0790660412841554,0.448828202800228,0.294,0.127,1
"Rabl6",0.0792539575546174,-0.611511158405301,0.029,0.143,1
"Pip4p2",0.0792539575546174,-0.650898635358574,0.029,0.143,1
"Map6",0.0792539575546174,0.48408728461717,0.176,0.063,1
"Cfap20",0.0792539575546174,0.573594035772582,0.176,0.063,1
"Csnk1e",0.0792539575546174,0.675058980753933,0.176,0.063,1
"Parn",0.0792539575546174,-0.633067783790852,0.029,0.143,1
"Gramd3",0.0792539575546174,0.694749798399501,0.176,0.063,1
"Rnf25",0.079853050460995,0.560845851750563,0.206,0.079,1
"Epha4",0.079853050460995,0.439782312953825,0.206,0.079,1
"Zfp282",0.0799011643484337,0.577883561298928,0.147,0.048,1
"Ston2",0.0800313557525728,-0.665288428646489,0.059,0.19,1
"Septin7",0.0806605771776529,0.517004798584952,0.882,0.698,1
"Opa1",0.0808362853173867,0.606747191002589,0.265,0.127,1
"Atp1a3",0.0809881812346595,-0.633539289087977,0.088,0.238,1
"Papola",0.0815424795315276,-0.566379014153769,0.235,0.397,1
"Rps13",0.0815529743616984,-0.703298280320674,0.147,0.302,1
"Arpp21",0.0815529743616984,-0.912150432438563,0.147,0.302,1
"Spg11",0.0817353902097399,-0.605680777773717,0.029,0.143,1
"Cdc26",0.0817353902097399,0.582711687725479,0.176,0.063,1
"Nfxl1",0.0821544127791193,0.504551583669144,0.206,0.079,1
"Frg1",0.0821544127791193,0.669788032506173,0.206,0.079,1
"Cyba",0.0821873614977806,-0.844163845817911,0.059,0.19,1
"Ddhd1",0.0821873614977806,0.413332537994608,0.235,0.095,1
"Pcsk2",0.0822345024298684,-0.730554969452296,0.118,0.254,1
"Fam53b",0.0826679762378265,0.597350494765151,0.147,0.048,1
"Fbxo32",0.0826679762378265,0.703924921735209,0.147,0.048,1
"Brd8",0.0828394374620802,-0.760689433602825,0.088,0.222,1
"Nup107",0.0837513045764317,0.502460318348815,0.118,0.032,1
"Gbe1",0.0837513045764317,0.556774877590649,0.118,0.032,1
"Lrrtm2",0.0837513045764317,0.738384659334367,0.118,0.032,1
"Lrp1b",0.0839951553938689,0.326625632114997,0.912,0.937,1
"Acvr2a",0.0842794835903768,-0.569809922130886,0.029,0.143,1
"Cyp46a1",0.0842794835903768,-0.561506137598168,0.029,0.143,1
"Nrbp2",0.0843594022553646,0.666642432051939,0.353,0.206,1
"Stard9",0.0843773780688127,0.575467033750619,0.471,0.286,1
"Cir1",0.0843902282526091,-0.683118842745791,0.059,0.19,1
"Dmd",0.0845092699261718,0.531173910761702,0.206,0.079,1
"Tent2",0.0849462469973632,-0.368051645271633,0.088,0.238,1
"Psme4",0.0849695634484421,0.680464365264229,0.382,0.222,1
"Degs1",0.0855119401268252,0.538930225793852,0.147,0.048,1
"Il15",0.0855119401268252,0.606442726994502,0.147,0.048,1
"Kcnc2",0.0855119401268252,0.626913593614459,0.147,0.048,1
"Zfp654",0.0855119401268252,0.547223206682109,0.147,0.048,1
"Vegfa",0.0855119401268252,0.466606009576321,0.147,0.048,1
"Nt5c2",0.0855119401268252,0.559454118691709,0.147,0.048,1
"Hspa5",0.0859075299189584,-0.602495403455058,0.206,0.381,1
"Sbno1",0.0861439275553036,0.743727834624445,0.353,0.206,1
"Hexb",0.0864667287320804,0.347840439954958,0.794,0.667,1
"Bzw1",0.0866406301158134,-0.560351621607869,0.059,0.19,1
"Hacd3",0.0868872846800915,0.514533364420009,0.176,0.063,1
"Gtf2a1",0.0868872846800915,-0.566451149739561,0.029,0.143,1
"Myo9b",0.0869184443565717,0.653821096790927,0.206,0.079,1
"Fip1l1",0.0869663897841738,-0.549388586040522,0.088,0.222,1
"Bc1",0.0869663897841738,-0.627753270511393,0.088,0.222,1
"Rcor3",0.0870414502072176,0.646791763885378,0.118,0.032,1
"Gstcd",0.0870414502072176,0.489571369977241,0.118,0.032,1
"Ndufb11",0.0870414502072176,0.724361411898086,0.118,0.032,1
"Gpatch8",0.0874018304452022,0.447941676065356,0.588,0.444,1
"E230029C05Rik",0.0881405657247914,0.419909464337943,0.676,0.492,1
"Ptprc",0.0882309057402485,-0.516848651364899,0.265,0.46,1
"Thra",0.0882870293062184,-0.715073726824756,0.235,0.381,1
"Ago1",0.0884344732391765,0.648430335392651,0.147,0.048,1
"Cpt1c",0.0889392410268561,-0.545492807588506,0.059,0.19,1
"Car14",0.0895598402032391,0.381482217493632,0.176,0.063,1
"Nub1",0.0895598402032391,-0.554704818774773,0.029,0.143,1
"Tbcel",0.0895598402032391,-0.523187580459779,0.029,0.143,1
"Erbb3",0.0895598402032391,-0.679049551767419,0.029,0.143,1
"Lgals9",0.0895598402032391,0.814988653101509,0.176,0.063,1
"Psmd11",0.0895598402032391,-0.652407248089222,0.029,0.143,1
"Heatr6",0.0895598402032391,-0.618002054361702,0.029,0.143,1
"Shtn1",0.0898449831879319,-0.569956587213687,0.324,0.429,1
"4930599N23Rik",0.0902032440609244,0.581596348662312,0.235,0.111,1
"Ltc4s",0.0903994328945951,0.780231762965778,0.324,0.19,1
"Phb2",0.0904351401975174,0.532090379998956,0.118,0.032,1
"Spns1",0.0904351401975174,0.466417061403537,0.118,0.032,1
"Sdhd",0.0904351401975174,0.512976084039207,0.118,0.032,1
"Eif2s1",0.0904351401975174,0.567439285909243,0.118,0.032,1
"Rnf168",0.0904351401975174,0.450376604230107,0.118,0.032,1
"Aplp1",0.0905788836931632,-0.284848696402627,0.588,0.746,1
"Psmc4",0.0906662069643558,-0.69870408536574,0.059,0.175,1
"Tox4",0.0906662069643558,-0.7648632843629,0.059,0.175,1
"Washc2",0.0912867344497752,0.419157009610503,0.235,0.095,1
"Thada",0.0912867344497752,0.358118749294723,0.235,0.095,1
"0610012G03Rik",0.0913528298222077,0.675766917563181,0.235,0.111,1
"Gm19445",0.0914369919431781,0.547373063163117,0.147,0.048,1
"Ezh2",0.0914369919431781,0.466054295934857,0.147,0.048,1
"Ufd1",0.0914369919431781,0.521797111658229,0.147,0.048,1
"Gm20275",0.0918747418365351,0.346425305760831,0.412,0.238,1
"A230057D06Rik",0.0919030332954624,0.469048028384801,0.206,0.079,1
"Arf3",0.0919030332954624,0.452348797795446,0.206,0.079,1
"Timm44",0.0922981959660473,0.514370001533831,0.176,0.063,1
"Cnrip1",0.0922981959660473,0.42266346317053,0.176,0.063,1
"Rpl14",0.0925964809907094,-0.508997603908441,0.147,0.302,1
"Prkar1a",0.0925964809907094,-0.723320797916939,0.147,0.302,1
"Slc40a1",0.0931277081197478,-0.754235990554644,0.059,0.175,1
"Appl1",0.0931277081197478,-0.961000899412517,0.059,0.175,1
"Il1rap",0.0931879717854532,0.682579624470675,0.471,0.333,1
"Synj1",0.0932138241848303,0.300597620603744,0.265,0.111,1
"Pde1c",0.0934663694820028,0.570240071097902,0.265,0.127,1
"Gm44144",0.0939344855948436,0.470908932695561,0.118,0.032,1
"Mrps5",0.0939344855948436,0.543956690678087,0.118,0.032,1
"Actr5",0.0939344855948436,0.497991939531329,0.118,0.032,1
"Lrrcc1",0.0939344855948436,0.459031555668741,0.118,0.032,1
"Ints3",0.0939344855948436,0.686451352015298,0.118,0.032,1
"Zc3hav1",0.0939344855948436,0.56199197604362,0.118,0.032,1
"Gmfb",0.0939344855948436,0.653810197409055,0.118,0.032,1
"Gtf2e1",0.0939344855948436,0.479997891602785,0.118,0.032,1
"Gpm6a",0.0940359828821084,-0.71933518283625,0.294,0.429,1
"Phyhipl",0.0941899213508402,0.656241085309721,0.294,0.159,1
"Cdin1",0.0945209106464626,0.537308393898806,0.147,0.048,1
"Tec",0.0945209106464626,0.490815623500696,0.147,0.048,1
"Dipk1a",0.0945209106464626,0.503642710398082,0.147,0.048,1
"Gm43843",0.0945209106464626,0.445932018835997,0.147,0.048,1
"Kantr",0.0945209106464626,0.450207917439346,0.147,0.048,1
"Agpat3",0.0950994922583456,-0.48933989587761,0.029,0.143,1
"Pcsk7",0.0951033961821009,-0.499299681930875,0.029,0.143,1
"Zfyve26",0.0951033961821009,-0.275130167174879,0.029,0.143,1
"mt-Cytb",0.0954237061028337,-0.639841161410009,0.5,0.571,1
"Nlrp1b",0.0955173984199503,0.484299725983134,0.265,0.111,1
"Ppp1cc",0.095717688087208,-0.646253253271392,0.088,0.222,1
"Ndufb5",0.0961310583682409,-0.584167073180041,0.059,0.19,1
"Mark3",0.0963116998489045,-0.68720369303776,0.118,0.254,1
"Itga6",0.0965338750606379,-0.550051920397332,0.147,0.302,1
"Zfhx3",0.0970737745029129,-0.454634681532782,0.618,0.746,1
"Kdm5d",0.097114746628629,0.360000773099846,0.206,0.079,1
"Inpp1",0.0975415928151389,0.481130140359133,0.118,0.032,1
"Msrb2",0.0975415928151389,0.431406526195452,0.118,0.032,1
"Pabpc4",0.0975415928151389,0.610006536446392,0.118,0.032,1
"Csgalnact2",0.0975415928151389,0.442540787241781,0.118,0.032,1
"Il17ra",0.0975415928151389,0.460180113144124,0.118,0.032,1
"Gm44667",0.0975415928151389,0.441548834389511,0.118,0.032,1
"ENSMUSG00000120012",0.0975415928151389,0.416303233871896,0.118,0.032,1
"Rbm27",0.0975415928151389,0.484051239557616,0.118,0.032,1
"Tmem86a",0.0976876406625321,0.528523979934094,0.147,0.048,1
"Slc35b1",0.0976876406625321,0.402285468232011,0.147,0.048,1
"Nsun2",0.0976876406625321,0.435614932951575,0.147,0.048,1
"Pcdh15",0.0977662444019634,1.03183302182835,0.265,0.143,1
"Tiprl",0.0979764827825419,0.411095834224869,0.176,0.063,1
"Setd7",0.0980122135518409,0.500660871736228,0.265,0.127,1
"Blnk",0.0982451095464498,-0.474384928277279,0.176,0.317,1
"Fam172a",0.0982751498457794,0.586835739622771,0.5,0.333,1
"Ankfy1",0.0983545782119452,-0.48307526433029,0.118,0.27,1
"Polr2a",0.0986292304795321,0.38213667390692,0.235,0.095,1
"C1qc",0.0988577231055421,0.335105774651668,0.618,0.46,1
"Adipor2",0.0992458729240931,-0.654247825319405,0.294,0.429,1
"Mbd5",0.0998322499033777,0.581841179114647,0.5,0.349,1
"Xpr1",0.100046006636205,0.780987751646004,0.265,0.143,1
"Ccdc90b",0.100350470620275,0.513411074413582,0.265,0.127,1
"Gal3st1",0.100350470620275,-0.526597668280947,0.088,0.222,1
"Stat5b",0.100350470620275,0.527819627736998,0.265,0.127,1
"Gkap1",0.100350470620275,-0.695266109131072,0.088,0.222,1
"Elob",0.100466338342577,-0.56594138584739,0.147,0.286,1
"Csnk1g1",0.100669908243023,0.716883256817961,0.294,0.159,1
"Eif1b",0.100669908243023,-0.744729386874828,0.118,0.254,1
"Stk40",0.100938589049717,0.537303298323678,0.147,0.048,1
"Asb8",0.100938589049717,0.513209803198281,0.147,0.048,1
"Atp5k",0.101178967657621,-0.468393179096889,0.059,0.19,1
"Limk1",0.101258561395821,0.394224187955835,0.118,0.032,1
"Asf1a",0.101258561395821,0.389414376371899,0.118,0.032,1
"Pnp",0.101258561395821,0.400532920036552,0.118,0.032,1
"Nelfe",0.101258561395821,0.402200363582548,0.118,0.032,1
"Anks1b",0.101502295337152,0.366085263759508,0.676,0.46,1
"Dcakd",0.101600856738764,0.413307120665666,0.324,0.159,1
"Ube2d3",0.102185717969062,0.48156107414774,0.412,0.254,1
"Ppcdc",0.102228888011962,0.675550174434155,0.324,0.175,1
"Irak2",0.102689867499639,0.522108739618756,0.353,0.19,1
"Pik3cd",0.102732982542101,-0.681303663152942,0.088,0.222,1
"Tm9sf3",0.102809517183998,-0.773737233914828,0.118,0.238,1
"Tnks2",0.102972824736908,-0.508947968988229,0.235,0.365,1
"Nrip1",0.103493312887254,-0.489670184811515,0.324,0.524,1
"Mpdz",0.103514530461618,-0.557892328934805,0.059,0.175,1
"Kifbp",0.103514530461618,-0.670575435998142,0.059,0.175,1
"Ss18",0.103514530461618,-0.759738713462588,0.059,0.175,1
"Vps8",0.103654764049043,0.363139299689214,0.353,0.175,1
"Pdhx",0.10427515742329,0.39763262530381,0.147,0.048,1
"Ppil4",0.10427515742329,0.358050264758262,0.147,0.048,1
"Ell2",0.10427515742329,0.534598416360284,0.147,0.048,1
"Stimate",0.10427515742329,0.528863840247906,0.147,0.048,1
"Riok2",0.10427515742329,0.356122276003004,0.147,0.048,1
"Atp5l",0.104732285813336,-0.680294048223122,0.029,0.127,1
"Sirt1",0.104732285813336,-0.640538862069551,0.029,0.127,1
"Zfp36l2",0.104732285813336,-0.757971054302508,0.029,0.127,1
"Fbxw11",0.104931882228029,-0.300926794057588,0.118,0.27,1
"Cpox",0.104931882228029,-0.553077454104627,0.118,0.27,1
"Kcnt2",0.105087481688801,0.380041132547012,0.118,0.032,1
"Nmi",0.105087481688801,0.386296542144567,0.118,0.032,1
"Galnt13",0.105087481688801,0.367463384689135,0.118,0.032,1
"Rabggtb",0.105087481688801,0.42152343476823,0.118,0.032,1
"Ndufaf6",0.105087481688801,0.470887435611581,0.118,0.032,1
"Ggh",0.105087481688801,0.362164556693315,0.118,0.032,1
"Haus3",0.105087481688801,0.625484955778595,0.118,0.032,1
"Tapt1",0.105087481688801,0.426056821597137,0.118,0.032,1
"Calu",0.105087481688801,0.462760231339765,0.118,0.032,1
"Gm44148",0.105087481688801,0.498546047754354,0.118,0.032,1
"A330076H08Rik",0.105087481688801,0.435057506545427,0.118,0.032,1
"Nectin1",0.105087481688801,0.419894166700678,0.118,0.032,1
"Mapkapk3",0.105087481688801,0.393191016008503,0.118,0.032,1
"Ankrd24",0.105087481688801,0.48624041882267,0.118,0.032,1
"Ptcd2",0.105087481688801,0.326610806279061,0.118,0.032,1
"Gm15738",0.105087481688801,0.337014494353107,0.118,0.032,1
"Atat1",0.105087481688801,0.381456299190805,0.118,0.032,1
"Tbxas1",0.105160270837429,-0.653945044037485,0.088,0.222,1
"Nap1l1",0.105160270837429,-0.549419116125914,0.088,0.222,1
"Spock3",0.105370837675558,-0.741523713907502,0.265,0.397,1
"Tgfbr2",0.105464461496153,-0.387828886104502,0.265,0.46,1
"Sp4",0.106049804082139,0.577053651228804,0.235,0.111,1
"Dnajc6",0.106964546163206,0.431084454306838,0.353,0.19,1
"Narf",0.107013431063844,0.414618566842538,0.176,0.063,1
"Cept1",0.107443377503785,0.605549043210018,0.353,0.222,1
"Cryab",0.107543800605809,-0.73432434535188,0.294,0.413,1
"Zmym6",0.107632855058657,0.392825277531659,0.265,0.127,1
"Ncstn",0.107698740741534,0.331011707478485,0.147,0.048,1
"Cttnbp2nl",0.107773490028163,-0.617240044745943,0.353,0.492,1
"Madd",0.107986297821712,-0.610072299650742,0.029,0.127,1
"Rab22a",0.107986297821712,-0.557784284752641,0.029,0.127,1
"Bag1",0.107986297821712,-0.642284890328053,0.029,0.127,1
"Cct4",0.107986297821712,-0.56322107638372,0.029,0.127,1
"Ttc1",0.107986297821712,-0.624648243192173,0.029,0.127,1
"Togaram1",0.107986297821712,-0.533559680424097,0.029,0.127,1
"Gm20732",0.107986297821712,-0.567629174605915,0.029,0.127,1
"Metap1d",0.108030501037523,0.363799040709022,0.353,0.175,1
"Calm2",0.108462631221569,-0.413884519661707,0.735,0.841,1
"Zmym4",0.108508314951877,0.58507819834605,0.382,0.206,1
"Gm13963",0.109030432495466,0.342754685422843,0.118,0.032,1
"Cyp4v3",0.109030432495466,0.35546398231522,0.118,0.032,1
"Ppp4r3a",0.109030432495466,0.402612450609798,0.118,0.032,1
"Stx1a",0.109042697330637,-0.553307796159729,0.059,0.175,1
"Mt3",0.109042697330637,-0.656883421521076,0.059,0.175,1
"Lrba",0.109194294935605,0.319353114015969,0.412,0.222,1
"Tmtc2",0.109772586674619,0.558035465298531,0.588,0.381,1
"Cdc37l1",0.109939135561786,0.43804976072427,0.676,0.492,1
"Gripap1",0.1101512525488,-0.533873524483319,0.088,0.222,1
"Rapgef1",0.110311164328065,-0.79321839792918,0.088,0.206,1
"Gpi1",0.110311164328065,-0.835334699929996,0.088,0.206,1
"Selenow",0.110490096964784,-0.490736981448319,0.235,0.381,1
"Vsir",0.11107930986824,-0.580292568202962,0.176,0.333,1
"Phlpp1",0.111149590764046,0.298645483530291,0.941,0.841,1
"Uap1",0.111319830501578,-0.535571916619088,0.029,0.127,1
"Gmeb1",0.111319830501578,-0.526411908568682,0.029,0.127,1
"Agap3",0.111319830501578,-0.555817161310488,0.029,0.127,1
"Cnot3",0.111319830501578,-0.472469922065683,0.029,0.127,1
"Gm39214",0.111319830501578,-0.638969343280158,0.029,0.127,1
"Gfod2",0.111319830501578,-0.608149599788049,0.029,0.127,1
"Gm38642",0.111319830501578,-0.644707437802234,0.029,0.127,1
"E530011L22Rik",0.111319830501578,-0.509299345840472,0.029,0.127,1
"Pi4k2a",0.111319830501578,-0.613419068024134,0.029,0.127,1
"Rp2",0.111319830501578,-0.568829404039753,0.029,0.127,1
"Zcchc17",0.111345816505176,0.476440322482633,0.235,0.111,1
"Csad",0.111893015821737,-0.584302239469536,0.059,0.175,1
"Agap1",0.111947255899667,0.480559543591633,0.441,0.254,1
"Olfml1",0.112087388517253,0.61651880524909,0.265,0.143,1
"Ldah",0.112715978196466,0.458259515215291,0.265,0.127,1
"Stub1",0.112715978196466,0.481807987105267,0.265,0.127,1
"Ivns1abp",0.113016246580351,-0.707558017419126,0.471,0.524,1
"Gm10701",0.113089478645818,0.338228772750954,0.118,0.032,1
"Gm39469",0.113089478645818,0.293461254081406,0.118,0.032,1
"Rnaset2b",0.113089478645818,0.337583154913882,0.118,0.032,1
"H2-T24",0.113089478645818,0.341571935536575,0.118,0.032,1
"Pold4",0.113089478645818,0.335985100588076,0.118,0.032,1
"Samd8",0.113340049149493,0.558321825157756,0.206,0.095,1
"Aatk",0.113714278033828,-0.380736861180288,0.294,0.46,1
"Pik3c2a",0.114070986127758,0.680337500697191,0.235,0.111,1
"Lcp2",0.114070986127758,0.515744626433227,0.235,0.111,1
"Cnot2",0.114334671406074,0.322572400628896,0.382,0.222,1
"Slc38a2",0.114534427846233,-0.523043950145197,0.441,0.556,1
"Phf21a",0.11468401337074,0.488530086490663,0.529,0.365,1
"Fam13b",0.114692658479551,0.461778416165361,0.294,0.159,1
"Ilkap",0.11473405667119,-0.668594607760686,0.029,0.127,1
"Rgs4",0.11473405667119,-0.655934753379747,0.029,0.127,1
"Mtarc2",0.11473405667119,-0.548715815477727,0.029,0.127,1
"Mrpl48",0.11473405667119,-0.483081687269741,0.029,0.127,1
"Wdr82",0.11473405667119,-0.503484370245268,0.029,0.127,1
"Tomm22",0.11473405667119,-0.648795557521194,0.029,0.127,1
"Disc1",0.114801784605578,-0.502253100682979,0.059,0.175,1
"Heg1",0.114801784605578,-0.422737402316126,0.059,0.175,1
"Parm1",0.114812491301174,0.306466348834133,0.147,0.048,1
"Pdxp",0.114812491301174,0.310446389381205,0.147,0.048,1
"Snx13",0.115412973130581,-0.536221785001101,0.206,0.365,1
"Tmem126a",0.115447054944771,0.417167208473778,0.324,0.159,1
"Sox10",0.116022382559804,0.407294219506833,0.5,0.333,1
"Xbp1",0.116278311379287,0.577230350180915,0.206,0.095,1
"Cnot6",0.116278311379287,0.486108811595105,0.206,0.095,1
"E330020D12Rik",0.116678983547125,0.655524225075361,0.412,0.286,1
"Otulinl",0.116729450187748,-0.335266548493763,0.412,0.556,1
"Ankrd13c",0.116848394466371,0.409767241188322,0.235,0.111,1
"Atg4c",0.117219711851209,0.376665447582183,0.353,0.175,1
"Atf2",0.117369807428492,-0.673176424734319,0.118,0.238,1
"Dop1a",0.117369807428492,-0.675485984848701,0.118,0.238,1
"Chchd2",0.117432356705954,-0.579880616673076,0.265,0.413,1
"Chl1",0.117769718350505,-0.543402723396065,0.059,0.175,1
"Clip3",0.117769718350505,-0.460250977343819,0.059,0.175,1
"Rgs2",0.118230140686149,-0.474398634036614,0.029,0.127,1
"Nup35",0.118230140686149,-0.480083626109255,0.029,0.127,1
"Noc2l",0.118230140686149,-0.591159647534783,0.029,0.127,1
"Ssr1",0.118230140686149,-0.456334760348835,0.029,0.127,1
"Psmd2",0.118230140686149,-0.553782508517771,0.029,0.127,1
"Polr1d",0.118505403901622,0.406921257025037,0.147,0.048,1
"Fam120a",0.11927609407566,0.666027220388254,0.206,0.095,1
"Rbm25",0.120193943370541,0.515437997050504,0.529,0.349,1
"Rcan2",0.120638316544018,0.42058824218647,0.353,0.19,1
"Sgip1",0.120693230918993,0.396244280051215,0.265,0.127,1
"Dnajc13",0.120693230918993,0.423629151291228,0.265,0.127,1
"Upf2",0.120797526773586,-0.553074335398617,0.059,0.175,1
"Napg",0.120797526773586,-0.284338036873855,0.059,0.175,1
"H3f3b",0.121088921446296,-0.499732585325714,0.294,0.444,1
"Gm43221",0.121809237437997,-0.494570448485707,0.029,0.127,1
"Rnf11",0.121809237437997,-0.442632033661426,0.029,0.127,1
"Prr14l",0.121809237437997,-0.539020267686831,0.029,0.127,1
"Hibadh",0.121809237437997,-0.615756610530102,0.029,0.127,1
"Hspa12a",0.121809237437997,-0.520898506241324,0.029,0.127,1
"Dock4",0.121964307877176,-0.572474650231369,0.794,0.73,1
"Gphn",0.122156450593828,-0.300390289133047,0.559,0.698,1
"Slc7a8",0.122258353254948,0.595949417319237,0.294,0.159,1
"Smarcc2",0.122334104311303,0.694314839406822,0.206,0.095,1
"Ctxn1",0.123448360239912,-0.501152962192893,0.088,0.222,1
"Bin2",0.123448360239912,0.369654092149601,0.265,0.127,1
"Glrx3",0.12355238146846,-0.649383694776046,0.059,0.159,1
"Cdc42se2",0.123683086143749,0.569054326282371,0.471,0.286,1
"Trp53",0.123885914189705,-0.417334577199369,0.059,0.175,1
"Epsti1",0.123885914189705,-0.563136950041713,0.059,0.175,1
"Zhx3",0.123973958620265,-0.728374259398947,0.088,0.206,1
"Sf3b1",0.125170750117475,-0.4713935516329,0.382,0.524,1
"H2aj",0.125243766483011,0.549058178504399,0.265,0.143,1
"Mctp1",0.125267054477019,0.415132081091792,0.5,0.333,1
"Sys1",0.125453043529173,0.384176554182333,0.206,0.095,1
"Gm47664",0.125453043529173,0.534895040232139,0.206,0.095,1
"Otud5",0.125453043529173,0.604474627905204,0.206,0.095,1
"Aff3",0.125472491337445,-0.620272635534473,0.029,0.127,1
"Ube2q1",0.125472491337445,-0.493184263482509,0.029,0.127,1
"Yes1",0.125472491337445,-0.554523995432742,0.029,0.127,1
"Ogfod1",0.125472491337445,-0.579603049178051,0.029,0.127,1
"Cirbp",0.125472491337445,-0.546072182069884,0.029,0.127,1
"Ammecr1l",0.125472491337445,-0.475824582438785,0.029,0.127,1
"Sdf4",0.125499957495625,0.451903439663528,0.235,0.111,1
"Rhobtb1",0.125499957495625,0.476720846371371,0.235,0.111,1
"Sem1",0.125707320755953,0.632241270495407,0.176,0.079,1
"Bach2",0.125753909194176,-0.597594130928917,0.147,0.286,1
"Whrn",0.126989222046449,-0.639233694607335,0.088,0.19,1
"Arhgap12",0.127515099070287,-0.411495432488429,0.118,0.254,1
"Lhfpl2",0.128262764980886,0.605203492247958,0.412,0.27,1
"Rab3gap1",0.128279120239524,0.561637637026226,0.324,0.19,1
"A230009B12Rik",0.128633607083371,0.611078662447321,0.206,0.095,1
"Ddi2",0.129105684685384,0.415305416237035,0.265,0.127,1
"Fbxo28",0.129221035283039,-0.415808202560832,0.029,0.127,1
"Dap3",0.129221035283039,-0.476354830296312,0.029,0.127,1
"Zfp862-ps",0.129221035283039,-0.495260023826219,0.029,0.127,1
"Mgat4b",0.129221035283039,-0.464345148083252,0.029,0.127,1
"Cers5",0.129221035283039,-0.506301581133534,0.029,0.127,1
"Garem1",0.129221035283039,-0.397014511376939,0.029,0.127,1
"A830008E24Rik",0.12932415189555,0.356925213704663,0.412,0.222,1
"Synj2",0.12932415189555,0.589029957852004,0.382,0.238,1
"Mat2b",0.129795418990738,-0.603331724635067,0.088,0.206,1
"Dynll2",0.129795418990738,-0.546621431189384,0.088,0.206,1
"Dock5",0.129898401272233,0.382080009891258,0.353,0.206,1
"Cyp2j12",0.130008976260207,-0.624298184355258,0.088,0.19,1
"Acvr1",0.130208583329129,-0.50766045663502,0.118,0.254,1
"Snapc3",0.130208583329129,0.564614047946,0.294,0.159,1
"Lamp2",0.130571194555369,0.490697183788311,0.412,0.27,1
"Plcb1",0.130699763253666,-0.656561910639295,0.118,0.238,1
"Asah1",0.130831725718215,0.504046598076781,0.265,0.143,1
"Ndufa13",0.130831725718215,-0.665732315515334,0.118,0.222,1
"Myo1d",0.13123770831214,-0.593283896796933,0.324,0.444,1
"Mdh2",0.131307019702822,-0.416975492634497,0.235,0.397,1
"Med12l",0.131434261250554,0.438309387132891,0.471,0.302,1
"Gria4",0.132008865239871,0.398290946232725,0.265,0.127,1
"Scrn1",0.132636782888679,0.576243035757612,0.176,0.079,1
"Lats1",0.132636782888679,0.732521582937161,0.176,0.079,1
"Prkch",0.132636782888679,0.618652572374262,0.176,0.079,1
"Mapk1",0.132712604136014,-0.586887057374145,0.206,0.349,1
"Kat6b",0.132784645484266,0.520081246808246,0.235,0.127,1
"Mblac2",0.133050956723507,-0.349058388176531,0.029,0.127,1
"Lrrfip1",0.133055989616081,-0.449791109108495,0.029,0.127,1
"Tcn2",0.133055989616081,-0.309018083929419,0.029,0.127,1
"Gabarapl2",0.133517237023474,-0.653804578811823,0.059,0.159,1
"Itpk1",0.13352150289021,-0.291365254306174,0.059,0.175,1
"Dclk1",0.133585372221933,-0.622571550212136,0.147,0.27,1
"Fa2h",0.133602530960136,-0.53298903451197,0.382,0.492,1
"Camsap2",0.133697279401114,0.547752842078583,0.265,0.143,1
"Marf1",0.133697279401114,0.750374166672105,0.265,0.143,1
"Bmp2k",0.134636738778931,-0.584236387060719,0.412,0.556,1
"Fam76b",0.134642739194067,0.485791340557211,0.235,0.111,1
"Kif3c",0.134642739194067,0.460808408018746,0.235,0.111,1
"Plekhg3",0.135182355382444,0.626085474708456,0.206,0.095,1
"Bex2",0.135284609276785,-0.653331973164645,0.235,0.365,1
"Grn",0.135826901127232,-0.614788550682853,0.088,0.206,1
"Rfx7",0.13616424333827,0.603592346184685,0.294,0.175,1
"Clstn1",0.136248352792335,-0.665111694524585,0.176,0.302,1
"Ubl3",0.136248352792335,-0.629652923261854,0.176,0.302,1
"Snx5",0.136276296776026,-0.612949194575702,0.147,0.27,1
"Afdn",0.136276296776026,-0.63261509759779,0.147,0.27,1
"Atp5a1",0.136360272065673,-0.53955575637221,0.235,0.333,1
"Trps1",0.136639760449273,-0.586874987298436,0.206,0.333,1
"Ppp1r12b",0.136859125298987,-0.317254069719089,0.059,0.175,1
"Tmed7",0.137802158458244,0.631618889647891,0.235,0.111,1
"Pacs1",0.137802158458244,0.365812396390982,0.235,0.111,1
"Stx6",0.138551896188907,0.392739136580501,0.206,0.095,1
"Ints8",0.138551896188907,0.320753739214279,0.206,0.095,1
"Dicer1",0.138551896188907,0.450885504062528,0.206,0.095,1
"Kifap3",0.138946847074726,-0.727431972169285,0.147,0.254,1
"Scg5",0.139173796130309,-0.544628104200688,0.176,0.317,1
"Nrg3",0.139403150602986,-0.682417770112938,0.088,0.19,1
"Bcar1",0.139858430576153,0.625760464084605,0.176,0.079,1
"Msantd2",0.139858430576153,0.480799686516227,0.176,0.079,1
"Slc22a17",0.140128410739133,0.506305753301683,0.412,0.27,1
"Luc7l2",0.140155163860112,0.350467491396207,0.824,0.667,1
"Ptp4a2",0.140815687600098,-0.465283969795738,0.206,0.365,1
"Sema6a",0.141258449020485,0.525526409268706,0.5,0.317,1
"Rab1a",0.141500629584657,-0.460191581524502,0.147,0.286,1
"Sez6l2",0.141691544926035,-0.597306561831644,0.206,0.333,1
"Nrd1",0.141965402985584,0.622437981614242,0.441,0.302,1
"Dot1l",0.142072562452037,0.502033268282359,0.235,0.127,1
"Myo1e",0.142185964361411,-0.489621922414063,0.118,0.238,1
"Mapk1ip1",0.143580907516985,0.600439652755465,0.176,0.079,1
"Slc7a7",0.143580907516985,0.569171753236135,0.176,0.079,1
"Trp53bp2",0.144092925032508,-0.590681164644222,0.059,0.159,1
"Ermp1",0.144092925032508,-0.558887269820874,0.059,0.159,1
"Dhx36",0.144129659411685,-0.283987301521554,0.088,0.222,1
"Zfp644",0.144343100947765,0.361181872272088,0.294,0.159,1
"Jarid2",0.144343100947765,-0.368910272717488,0.118,0.254,1
"Capza2",0.144435305904965,0.555833990406099,0.353,0.222,1
"Zfp932",0.145090307694682,0.712584964069613,0.147,0.063,1
"Dach2",0.145090307694682,0.783281378364098,0.147,0.063,1
"Pllp",0.145175218871051,0.426033672284553,0.294,0.143,1
"Itpr1",0.145484642178653,0.42499985632659,0.206,0.095,1
"Ppp4r3b",0.145647120949694,0.50847283762153,0.265,0.143,1
"St3gal4",0.145950606902341,-0.736887831680935,0.088,0.19,1
"Tial1",0.14608830359674,0.614111836022293,0.294,0.175,1
"Cox7c",0.14640745299104,-0.575659401548937,0.324,0.46,1
"Myo6",0.146482891677359,-0.344882595556472,0.529,0.571,1
"Abca9",0.146899418757155,0.326153945514608,0.353,0.206,1
"Npy",0.147073369234351,-0.497818939968587,0.147,0.286,1
"Zfp740",0.147073369234351,0.510118778420753,0.324,0.19,1
"Pbrm1",0.147110216502953,-0.323554713387592,0.176,0.333,1
"Man2a2",0.147378908772481,0.548039960177544,0.176,0.079,1
"Pfdn2",0.147757341805204,-0.510224042198416,0.059,0.159,1
"Bbln",0.147757341805204,-0.601734240994341,0.059,0.159,1
"Kif5c",0.147757341805204,-0.643084236852786,0.059,0.159,1
"Tmed10",0.148536469454046,-0.523345820809714,0.088,0.206,1
"Pcf11",0.149049154127053,0.263798790596165,0.206,0.095,1
"Nf2",0.149049154127053,0.463077942803244,0.206,0.095,1
"Spire1",0.149216329790871,-0.607685152771695,0.176,0.286,1
"Dip2c",0.149357947488825,0.469802303204406,0.441,0.286,1
"Ube2d1",0.149656904174371,-0.600095971420146,0.176,0.302,1
"Dpp10",0.150214919999563,-0.585649428251861,0.235,0.365,1
"Ranbp2",0.150315496987232,0.350035468926506,0.294,0.159,1
"Pvt1",0.150315496987232,0.408203258965525,0.294,0.159,1
"Gpm6b",0.1507296695228,0.287261054545951,0.765,0.667,1
"Arhgap45",0.151040926445661,-0.350168991775231,0.441,0.571,1
"Kdm2b",0.151253235876793,0.488852773928185,0.176,0.079,1
"Crtc3",0.151253235876793,0.606163017864796,0.176,0.079,1
"5330438D12Rik",0.151267940795323,-0.537956555279921,0.5,0.619,1
"Hypk",0.151489602075044,-0.670138205660093,0.029,0.111,1
"Aimp1",0.151489602075044,-0.745959841347606,0.029,0.111,1
"Suds3",0.151489602075044,-0.533210194699053,0.029,0.111,1
"Trnt1",0.151489602075044,-0.491248323479905,0.029,0.111,1
"Lamtor1",0.151489602075044,-0.654266116132058,0.029,0.111,1
"Banp",0.151489602075044,-0.552233454377937,0.029,0.111,1
"Cpsf3",0.151489602075044,-0.516832093553738,0.029,0.111,1
"Dlst",0.151489602075044,-0.561459204697395,0.029,0.111,1
"Map3k4",0.151489602075044,-0.722583128722752,0.029,0.111,1
"Ran",0.151492550272971,-0.617456542265357,0.059,0.159,1
"Timm8b",0.151492550272971,-0.663011577843134,0.059,0.159,1
"Nsrp1",0.151492550272971,-0.586350823468142,0.059,0.159,1
"Nsd3",0.151852541987311,0.351766160141136,0.471,0.286,1
"Soga1",0.152224037927775,-0.516148185627276,0.206,0.333,1
"Trf",0.152290815599645,-0.47860545831298,0.735,0.73,1
"Aopep",0.152523332512076,0.56003246519623,0.353,0.238,1
"Ywhaz",0.152608184254019,-0.327154287150948,0.176,0.317,1
"Atp8a2",0.152722598837575,0.419037655121442,0.5,0.333,1
"Commd8",0.152730885971108,-0.631575365324472,0.088,0.19,1
"Cox14",0.152730885971108,-0.638063823552098,0.088,0.19,1
"Bptf",0.153697462104702,-0.576636166128033,0.235,0.349,1
"Mllt3",0.153766907947709,0.393871084300795,0.265,0.127,1
"Cyb5b",0.154462832196875,0.368079802629795,0.235,0.111,1
"Ccser2",0.154516531698851,0.42194935608105,0.206,0.095,1
"Ndrg3",0.154926883636499,-0.683925250747165,0.176,0.286,1
"Dguok",0.155204677395662,0.353522555784848,0.176,0.079,1
"Ndufs4",0.155204677395662,0.395456488924727,0.176,0.079,1
"H2az1",0.15528393419764,-0.611382745980826,0.206,0.317,1
"Cbx5",0.155299252782225,-0.579935126170573,0.059,0.159,1
"Slco3a1",0.155745056208849,-0.326531764171307,0.147,0.286,1
"Cfl1",0.155745056208849,-0.486609338121261,0.147,0.286,1
"Sh3kbp1",0.156055077281337,-0.487955394283118,0.353,0.444,1
"Cybc1",0.156056011336313,-0.511378222798763,0.029,0.111,1
"Atp2b4",0.156061989292111,-0.579664390612846,0.029,0.111,1
"Timm10",0.156061989292111,-0.480673933941651,0.029,0.111,1
"Gabpb1",0.156061989292111,-0.545134775078969,0.029,0.111,1
"Elovl1",0.156061989292111,-0.489037003141887,0.029,0.111,1
"Mark4",0.156061989292111,-0.466901005175966,0.029,0.111,1
"Snx25",0.156061989292111,-0.488476786567128,0.029,0.111,1
"Mtss2",0.156061989292111,-0.454580837215252,0.029,0.111,1
"Dcps",0.156061989292111,-0.558510944449307,0.029,0.111,1
"Polr2e",0.156061989292111,-0.56022589859295,0.029,0.111,1
"Tbce",0.156061989292111,-0.620987791481218,0.029,0.111,1
"Gm16189",0.156061989292111,-0.498807345903059,0.029,0.111,1
"Nrg1",0.156209659327659,-0.637596280059868,0.088,0.19,1
"Gabra1",0.156209659327659,-0.682344590226701,0.088,0.19,1
"Qdpr",0.156356314127241,0.532980225019355,0.441,0.333,1
"Hpf1",0.156377652847925,0.346650109004034,0.206,0.095,1
"Plekhg1",0.156380131130154,0.575859015339163,0.382,0.27,1
"9330162G02Rik",0.156474491326982,0.585400226710995,0.294,0.159,1
"Rpl17",0.156553904953201,-0.659294458656339,0.147,0.254,1
"Dennd4a",0.156946995280564,0.484214095725706,0.588,0.46,1
"Tax1bp1",0.15770889941198,-0.607302586989408,0.206,0.333,1
"Arfgef1",0.157843686970402,0.649975645202749,0.324,0.206,1
"Psd3",0.158136265184062,0.359052839183971,0.412,0.27,1
"Rps21",0.158249233776668,-0.511023299876694,0.176,0.317,1
"Tet2",0.158650185179315,-0.478234920765732,0.088,0.206,1
"Fkbp15",0.158650185179315,0.534689281806205,0.235,0.127,1
"Ddx42",0.158650185179315,0.523258139406984,0.235,0.127,1
"Atxn7l1",0.158720234389516,0.387655617198457,0.324,0.19,1
"Bnip3l",0.158720234389516,-0.39478887098056,0.147,0.286,1
"Lpin2",0.15909609542133,-0.456605041072857,0.235,0.349,1
"Gucy1b1",0.159178139899498,-0.512746878860602,0.059,0.159,1
"B3galt5",0.159178139899498,-0.489253439925997,0.059,0.159,1
"Cxxc5",0.159178139899498,-0.478259834071532,0.059,0.159,1
"Ldlrad3",0.159234008216497,0.402869547157049,0.176,0.079,1
"Epn1",0.159234008216497,0.502029781353134,0.176,0.079,1
"Mbip",0.159234008216497,0.420126686677084,0.176,0.079,1
"Snn",0.159234008216497,0.438408378933367,0.176,0.079,1
"Smc5",0.159234008216497,0.410321840035586,0.176,0.079,1
"Rbbp7",0.159234008216497,0.49563430422388,0.176,0.079,1
"Ubn1",0.159501285488862,-0.482001681999953,0.206,0.317,1
"Sp3",0.16014288832367,0.383614008191894,0.206,0.095,1
"Rreb1",0.160143748038284,-0.432694807592608,0.5,0.587,1
"Lman2l",0.160738326417578,-0.457748031645854,0.029,0.111,1
"Rbm18",0.160738326417578,-0.543164569551131,0.029,0.111,1
"Sigmar1",0.160738326417578,-0.525241126643493,0.029,0.111,1
"Gm10563",0.160738326417578,-0.422671151194185,0.029,0.111,1
"Phkg2",0.160738326417578,-0.454351106502735,0.029,0.111,1
"Rwdd1",0.160738326417578,-0.467593114078526,0.029,0.111,1
"Gm12227",0.160738326417578,-0.708023746625286,0.029,0.111,1
"Gjc2",0.160738326417578,-0.43498636442882,0.029,0.111,1
"Eml5",0.160738326417578,-0.413157263639352,0.029,0.111,1
"Hdgfl2",0.160738326417578,-0.559183695217683,0.029,0.111,1
"Carns1",0.160738326417578,-0.504390293650502,0.029,0.111,1
"Rnaseh2c",0.160738326417578,-0.595659835697314,0.029,0.111,1
"Csde1",0.160925408933906,0.477852667394973,0.353,0.238,1
"Dgkd",0.161038352784449,-0.562230135115699,0.235,0.381,1
"Hmgb1",0.161283595513403,0.483531739207182,0.382,0.254,1
"Fcrls",0.161373145185588,-0.445977336242565,0.353,0.476,1
"Smarca5",0.1621347716831,0.430024508720491,0.235,0.127,1
"Soat1",0.162411138467892,0.514260422819177,0.147,0.063,1
"Prpf6",0.162411138467892,0.512196770639442,0.147,0.063,1
"Tal1",0.162411138467892,0.463462787184413,0.147,0.063,1
"Wdr91",0.162411138467892,0.509119489060437,0.147,0.063,1
"Mak16",0.162411138467892,0.642211519585323,0.147,0.063,1
"Rptor",0.162680672283362,-0.468329884947413,0.206,0.349,1
"Lrrc8d",0.16278428556309,-0.558419215700109,0.147,0.254,1
"Ptpre",0.162823008979121,0.323746900805268,0.294,0.159,1
"Ehd4",0.163129889821603,-0.436188403688523,0.059,0.159,1
"Selenof",0.163129889821603,-0.437960545997466,0.059,0.159,1
"Rraga",0.163129889821603,-0.470657584522293,0.059,0.159,1
"Smarcb1",0.163129889821603,-0.421548107415912,0.059,0.159,1
"Ptk2b",0.163129889821603,-0.471171328430369,0.059,0.159,1
"Cfdp1",0.163342192348392,-0.46656467100217,0.206,0.333,1
"Rftn1",0.163347053998575,-0.56792105575931,0.088,0.19,1
"Rnf216",0.163493556728724,-0.384884917254823,0.441,0.556,1
"Hsp90b1",0.163801812095922,-0.748668953620187,0.176,0.286,1
"Syngr1",0.164095345755477,-0.459821027862248,0.206,0.349,1
"Mag",0.16456346940327,0.426971191890019,0.765,0.619,1
"Macroh2a1",0.165079295325563,-0.642690886199793,0.118,0.222,1
"Ccnyl1",0.165519775570499,-0.442622730535543,0.029,0.111,1
"Ctsc",0.165519775570499,-0.486790981704432,0.029,0.111,1
"Fam32a",0.165519775570499,-0.672748453263602,0.029,0.111,1
"Prkaca",0.165519775570499,-0.477164603165686,0.029,0.111,1
"Slc30a5",0.165519775570499,-0.457973369405168,0.029,0.111,1
"Cep19",0.165519775570499,-0.44964606321924,0.029,0.111,1
"Foxn2",0.165519775570499,-0.459548616885949,0.029,0.111,1
"Edem3",0.16697584712139,0.515442008116315,0.147,0.063,1
"Ppa1",0.16697584712139,0.571552693901648,0.147,0.063,1
"Isca2",0.16697584712139,0.423393786055533,0.147,0.063,1
"Tgfbr1",0.167122684632882,0.335966925888548,0.882,0.698,1
"Nrn1",0.167155167783352,-0.412932182217104,0.059,0.159,1
"Jmy",0.167155167783352,-0.519136702819164,0.059,0.159,1
"Jakmip3",0.167779920821278,0.657180952593623,0.206,0.111,1
"Phc3",0.167903900332276,0.446942198096535,0.324,0.19,1
"Zfp266",0.168503061714099,0.400726262499296,0.265,0.143,1
"Rab11fip2",0.168656395576523,0.40990342977077,0.471,0.302,1
"Stk38",0.169148521622734,0.629292169679883,0.265,0.159,1
"Cd86",0.170095894349392,-0.478410118509156,0.176,0.302,1
"Esf1",0.170407471602706,-0.442182236727077,0.029,0.111,1
"Zfp120",0.170407471602706,-0.401035407569881,0.029,0.111,1
"Pdp1",0.170407471602706,-0.453928563113371,0.029,0.111,1
"Otud3",0.170407471602706,-0.428916353274755,0.029,0.111,1
"Gtf3c2",0.170407471602706,-0.382250274021426,0.029,0.111,1
"Psmd12",0.170407471602706,-0.446602378530852,0.029,0.111,1
"Syngr3",0.170407471602706,-0.538507639221184,0.029,0.111,1
"Hmgxb3",0.170407471602706,-0.414888783588959,0.029,0.111,1
"Dpf2",0.170407471602706,-0.397547949265838,0.029,0.111,1
"Tmod3",0.170727584997345,-0.55113476583952,0.088,0.19,1
"Asrgl1",0.170727584997345,-0.574661336519086,0.088,0.19,1
"Mib1",0.170833028736405,0.510827464258791,0.294,0.175,1
"Setd3",0.171254625463277,-0.398605342431024,0.059,0.159,1
"Slc15a2",0.171254625463277,-0.390974604884644,0.059,0.159,1
"Abhd6",0.17162483933669,0.471841961850914,0.206,0.111,1
"Ppid",0.171636306105196,0.474614744647552,0.147,0.063,1
"Hdac11",0.171796865182656,0.423924592760673,0.176,0.079,1
"Ptpro",0.171796865182656,0.502040495454508,0.176,0.079,1
"Gpr137c",0.171796865182656,0.476774543852096,0.176,0.079,1
"Rac1",0.17197673334851,-0.495246202690398,0.118,0.222,1
"Wasl",0.17197673334851,-0.623804375770561,0.118,0.222,1
"Rasal2",0.172752150691906,-0.450194589800566,0.206,0.349,1
"Psma2",0.172935051727531,-0.634202586992868,0.088,0.206,1
"Zfp280d",0.173213565440192,0.649405794691984,0.382,0.27,1
"mt-Nd4",0.173213565440192,-0.67624394864281,0.235,0.349,1
"Atrn",0.173429324334438,0.324044614488241,0.5,0.333,1
"Eif1ax",0.174876507880497,0.567710984041955,0.118,0.048,1
"Cdip1",0.175061817520097,0.334266828276219,0.382,0.238,1
"Anp32b",0.175402520624937,-0.505765247430468,0.029,0.111,1
"Ulk1",0.175402520624937,-0.426575090573673,0.029,0.111,1
"Gclc",0.175402520624937,-0.581251395151188,0.029,0.111,1
"Lasp1",0.175402520624937,-0.434162337233741,0.029,0.111,1
"Smug1",0.175402520624937,-0.511773073218666,0.029,0.111,1
"Cldnd1",0.175402520624937,-0.474728675357947,0.029,0.111,1
"Dynlt2a2",0.175402520624937,-0.510392382704052,0.029,0.111,1
"Rxrb",0.175402520624937,-0.447332102775755,0.029,0.111,1
"Copb1",0.17542890038787,-0.385926012447511,0.059,0.159,1
"Tmbim4",0.17542890038787,-0.471375464660385,0.059,0.159,1
"Map6d1",0.175535332302151,0.525187220712596,0.206,0.111,1
"Acaa1a",0.175891125239531,0.302188276650217,0.206,0.095,1
"Efcab14",0.176099877563584,0.279437791263924,0.294,0.159,1
"Fbxo42",0.176145203481043,0.327133137870429,0.176,0.079,1
"9530059O14Rik",0.176145203481043,0.383918782862902,0.176,0.079,1
"Cyfip2",0.176145203481043,0.468906536239789,0.176,0.079,1
"Mrps18a",0.176145203481043,0.338085803745659,0.176,0.079,1
"Gtf3c3",0.176393450357101,0.49099115383226,0.147,0.063,1
"Pikfyve",0.176393450357101,0.396435963331644,0.147,0.063,1
"Dnajb14",0.176393450357101,0.381555344818307,0.147,0.063,1
"Tmem176b",0.176393450357101,0.327544860358378,0.147,0.063,1
"Cep63",0.176393450357101,0.440016759501431,0.147,0.063,1
"Slc44a1",0.176417747508319,0.357068327063875,0.618,0.476,1
"Gramd1b",0.17665213832328,-0.254622827092785,0.088,0.206,1
"Rb1",0.177844327706348,-0.509730976082585,0.235,0.365,1
"Arpc4",0.178355128253504,-0.322721197910563,0.088,0.19,1
"Gcc2",0.178476294536328,-0.524523522735406,0.147,0.27,1
"Dpy19l1",0.178710230844883,0.422124947830913,0.382,0.254,1
"Pak2",0.178855684290081,0.357439524151689,0.441,0.302,1
"Creb5",0.178941796141442,0.415782010740704,0.588,0.397,1
"Plekho1",0.179084370502228,0.377634254041438,0.265,0.143,1
"Adgrl2",0.179084370502228,0.374564515197029,0.265,0.143,1
"Galnt7",0.179084370502228,0.41776928948736,0.265,0.143,1
"Abca2",0.179115564646817,-0.537271699609108,0.235,0.349,1
"Psmd4",0.179436660976888,-0.618844912451542,0.176,0.286,1
"Tm6sf1",0.17951190945304,0.651342150757206,0.206,0.111,1
"Cpeb4",0.179528519267654,0.394807515395919,0.265,0.159,1
"Psmc3",0.179678615334821,-0.326890706013506,0.059,0.159,1
"Max",0.179678615334821,-0.37846651092805,0.059,0.159,1
"Rab11fip3",0.179678615334821,-0.334490062422861,0.059,0.159,1
"Ncoa3",0.180221176606073,0.548831702018227,0.382,0.254,1
"Klhl7",0.180295182128246,0.598324465099937,0.118,0.048,1
"Zmym5",0.18042844240933,0.414188518508027,0.235,0.127,1
"Morc3",0.18042844240933,0.44327039168788,0.235,0.127,1
"Dusp10",0.180505998529411,-0.440698145518524,0.029,0.111,1
"Pcna",0.180505998529411,-0.41038442200629,0.029,0.111,1
"Katna1",0.180505998529411,-0.453237958202848,0.029,0.111,1
"Runx2",0.180505998529411,-0.386953040806808,0.029,0.111,1
"Cript",0.180505998529411,-0.340446148920511,0.029,0.111,1
"Ak3",0.180505998529411,-0.33970823681016,0.029,0.111,1
"Asah2",0.180505998529411,-0.342123264342886,0.029,0.111,1
"Ssx2ip",0.18057507527101,-0.57632119922729,0.059,0.143,1
"Phactr4",0.18057507527101,0.383336642380176,0.176,0.079,1
"Tbp",0.18057507527101,0.34113109373611,0.176,0.079,1
"Gm42413",0.180845298146352,0.644160101474206,0.559,0.381,1
"Ndufab1",0.18124819013047,0.453333355832362,0.147,0.063,1
"Tmed4",0.18124819013047,0.405211500636271,0.147,0.063,1
"Aldoc",0.18124819013047,0.482962727114476,0.147,0.063,1
"Spata13",0.18124819013047,0.350463049805782,0.147,0.063,1
"1700037C18Rik",0.18124819013047,0.453074951958531,0.147,0.063,1
"ENSMUSG00000120175",0.18124819013047,0.371812178203278,0.147,0.063,1
"Arap3",0.18124819013047,0.400067789782042,0.147,0.063,1
"Cox5a",0.182122058778068,-0.46604630758609,0.235,0.349,1
"Eif1",0.182215313054502,-0.467577141861162,0.5,0.571,1
"Papss1",0.182262697200044,-0.545012820032003,0.088,0.19,1
"Pycard",0.182262697200044,-0.519674682184679,0.088,0.19,1
"Ttc19",0.182262697200044,-0.42016071721911,0.088,0.19,1
"Fli1",0.182281597589884,0.501739012425823,0.412,0.286,1
"Sbf1",0.182399116789212,0.453889042930123,0.353,0.222,1
"Mapk14",0.182399116789212,0.401733967690421,0.353,0.222,1
"Setd2",0.182692584456229,0.581250018195989,0.324,0.206,1
"Meis2",0.182719073983406,-0.78726842254446,0.118,0.222,1
"ENSMUSG00000121179",0.182719073983406,0.263259294087267,0.265,0.143,1
"ENSMUSG00000120400",0.182719073983406,-0.541220483501623,0.118,0.222,1
"Calm1",0.182875305245085,-0.417285794156381,0.853,0.889,1
"Dock11",0.18309167514228,0.362989634481768,0.265,0.159,1
"Bin1",0.18326027306941,-0.2884575148296,0.706,0.762,1
"Aig1",0.183450231977194,0.36961149373355,0.471,0.317,1
"Il18",0.18355506874232,0.504412617783733,0.206,0.111,1
"Slc1a2",0.184087970134882,0.310333416893625,0.324,0.19,1
"S100pbp",0.18508715829721,-0.581709911136311,0.059,0.143,1
"Tmem132b",0.18508715829721,-0.578942583244804,0.059,0.143,1
"Lsm14a",0.18508715829721,-0.543045983399363,0.059,0.143,1
"Wipi1",0.18508715829721,-0.662492465470073,0.059,0.143,1
"Rab28",0.185718949510628,-0.358768554662873,0.029,0.111,1
"Vamp8",0.185718949510628,-0.420510050250009,0.029,0.111,1
"Tmem98",0.185718949510628,-0.343914869430654,0.029,0.111,1
"Ccdc152",0.185718949510628,-0.308560466366784,0.029,0.111,1
"Heatr5b",0.185718949510628,-0.390579838846749,0.029,0.111,1
"Cse1l",0.185837604431439,0.386188843108064,0.118,0.048,1
"Wrap73",0.185837604431439,0.443656363275642,0.118,0.048,1
"Resp18",0.186201409862571,0.429969976674095,0.147,0.063,1
"Tarsl2",0.186201409862571,0.343612725157625,0.147,0.063,1
"Wdr59",0.186201409862571,0.447823365510129,0.147,0.063,1
"Arl10",0.186201409862571,0.43858327696727,0.147,0.063,1
"Arsk",0.186201409862571,0.330785321670844,0.147,0.063,1
"Ipo11",0.186201409862571,0.340364936510765,0.147,0.063,1
"Gm49797",0.186201409862571,0.337539705882451,0.147,0.063,1
"Supt6",0.18623339940294,-0.432097273948004,0.088,0.19,1
"Ncoa6",0.187458992437691,0.32826113200297,0.324,0.19,1
"Aplp2",0.187615081504559,-0.343074223474456,0.294,0.381,1
"Dnajb6",0.188228298574948,0.435622642263352,0.353,0.238,1
"Akap8l",0.188282172806346,0.395322293260729,0.412,0.286,1
"Uckl1",0.188406779079059,-0.406657152570704,0.059,0.159,1
"Pfkp",0.188406779079059,-0.440001519192515,0.059,0.159,1
"Mdm4",0.188667504203571,-0.442302467811053,0.147,0.27,1
"Tmem59",0.189263427284565,-0.384051249317189,0.294,0.413,1
"Ubr5",0.189335462473883,0.503033727067156,0.324,0.206,1
"Rprd2",0.189583476388554,-0.587962214219439,0.147,0.254,1
"Gng11",0.189682111587649,-0.759677724013776,0.059,0.143,1
"Cwc27",0.189682111587649,-0.472719060601716,0.059,0.143,1
"Pphln1",0.189682111587649,-0.513170528433964,0.059,0.143,1
"Lrrc58",0.189682111587649,-0.525511079451743,0.059,0.143,1
"Rpl13",0.18989768808579,-0.520893344977618,0.235,0.365,1
"Ndufb10",0.190167663704459,-0.733956557990246,0.147,0.238,1
"Kdm4c",0.190374735713634,0.495966108918003,0.265,0.159,1
"Fmnl2",0.190784886470396,-0.504204658929193,0.353,0.46,1
"Nrp2",0.191253967043245,0.413496256338128,0.147,0.063,1
"Pmpca",0.191253967043245,0.392041168336282,0.147,0.063,1
"Aasdh",0.191253967043245,0.440479758254257,0.147,0.063,1
"Tprkb",0.191253967043245,0.347677419779302,0.147,0.063,1
"Tom1",0.191253967043245,0.421447252369327,0.147,0.063,1
"Nmral1",0.191253967043245,0.393056699089634,0.147,0.063,1
"Slc3a2",0.191253967043245,0.352267407477378,0.147,0.063,1
"Wasf3",0.191504990923417,0.550779942979347,0.118,0.048,1
"Apba2",0.191504990923417,0.499370218093388,0.118,0.048,1
"Fbxo22",0.191504990923417,0.476205241834221,0.118,0.048,1
"Abhd17a",0.191504990923417,0.405447956619686,0.118,0.048,1
"Klhl28",0.191504990923417,0.487501337060665,0.118,0.048,1
"Pde8b",0.191504990923417,0.558849715763958,0.118,0.048,1
"Gfer",0.191504990923417,0.491632336214527,0.118,0.048,1
"Ofd1",0.191504990923417,0.472038779090573,0.118,0.048,1
"Xpnpep3",0.19184306406393,-0.705645837463814,0.088,0.175,1
"Prox1",0.192116794461423,0.546611780274838,0.235,0.127,1
"Rxylt1",0.192116794461423,0.378125197377963,0.235,0.127,1
"Kdm6a",0.192127233126497,-0.367093603592614,0.176,0.317,1
"Micu3",0.192158188669891,0.540304856603976,0.294,0.19,1
"A330023F24Rik",0.194360574731884,-0.616985419352951,0.059,0.143,1
"Plod1",0.194360574731884,-0.63805095212599,0.059,0.143,1
"Dync2h1",0.194360574731884,-0.431404728514789,0.059,0.143,1
"Cntn5",0.194360574731884,-0.554786299859743,0.059,0.143,1
"Asap2",0.194360574731884,-0.512352716163768,0.059,0.143,1
"Plekhh2",0.194360574731884,-0.594187746397815,0.059,0.143,1
"Ntan1",0.194365941929945,-0.504263696595187,0.088,0.19,1
"Rpl8",0.194522692717265,-0.417487872600979,0.235,0.349,1
"Rbm5",0.194567380763244,0.504625703945054,0.382,0.286,1
"Wwox",0.19533746587218,0.316986626664522,0.676,0.46,1
"Itfg1",0.19569612749088,0.496652995824489,0.294,0.19,1
"Ppip5k2",0.196088833233865,0.585057221231074,0.206,0.111,1
"Scai",0.196088833233865,0.60854242033103,0.206,0.111,1
"Fuca1",0.196406691085175,0.286548162042459,0.147,0.063,1
"Fig4",0.196406691085175,0.440632157222039,0.147,0.063,1
"Fam184a",0.196406691085175,0.317022918170096,0.147,0.063,1
"Unk",0.196406691085175,0.303068395207258,0.147,0.063,1
"Phka2",0.196406691085175,0.378987942022233,0.147,0.063,1
"Golga2",0.197298513380024,0.36404002599195,0.118,0.048,1
"5730507A11Rik",0.197298513380024,0.564084052028378,0.118,0.048,1
"Snapin",0.197298513380024,0.43626637843489,0.118,0.048,1
"Mbd6",0.197298513380024,0.528261990533818,0.118,0.048,1
"Cd68",0.197298513380024,0.420242280892436,0.118,0.048,1
"Bahcc1",0.197298513380024,0.42599628705052,0.118,0.048,1
"Lpin1",0.197298513380024,0.498047992935718,0.118,0.048,1
"Akt1",0.197298513380024,0.494430098784459,0.118,0.048,1
"Zfp101",0.197298513380024,0.363314906842332,0.118,0.048,1
"Larp6",0.197443781250831,-0.25383777443232,0.059,0.159,1
"Vps54",0.197805353147174,0.349615845798099,0.265,0.143,1
"Trappc9",0.197805353147174,0.434453098600338,0.265,0.143,1
"Ccnl1",0.198049270889444,0.512508388014877,0.353,0.238,1
"Apbb1ip",0.198485981434226,-0.567856580463574,0.441,0.508,1
"Swi5",0.198528622310672,-0.447467086649446,0.088,0.19,1
"Zfyve1",0.198528622310672,-0.54052235896679,0.088,0.19,1
"Gm19710",0.199123167160766,-0.596363405244581,0.059,0.143,1
"Cyp51",0.199123167160766,-0.515179746544192,0.059,0.143,1
"Prdx2",0.199123167160766,-0.581472801449396,0.059,0.143,1
"Psmb3",0.199123167160766,-0.56051729846924,0.059,0.143,1
"Far1",0.199241223741003,0.623183848488965,0.235,0.143,1
"Dzip3",0.199241223741003,-0.71980429202535,0.118,0.206,1
"Psmb1",0.199241223741003,-0.613757935953776,0.118,0.206,1
"Ppp2r5e",0.199281579221704,0.437355989964976,0.294,0.19,1
"Ppp6r3",0.199721894163096,-0.553972113022768,0.206,0.317,1
"Gatm",0.199865394148797,0.34212930454273,0.676,0.54,1
"Serbp1",0.200331507628144,-0.315809188568126,0.265,0.381,1
"Sumo1",0.200403049963131,0.496652610893308,0.206,0.111,1
"Nos1ap",0.200429523943838,-0.527468407986686,0.147,0.254,1
"Efhd1",0.2016603821971,0.283756421675363,0.147,0.063,1
"Gm13708",0.2016603821971,0.355249149611011,0.147,0.063,1
"Dhdds",0.2016603821971,0.449742675999025,0.147,0.063,1
"Enoph1",0.2016603821971,0.309250902326767,0.147,0.063,1
"Gm15446",0.2016603821971,0.307824329869044,0.147,0.063,1
"Atg12",0.2016603821971,0.314939366874821,0.147,0.063,1
"Crebzf",0.201715467994796,-0.500775149038278,0.118,0.222,1
"Igsf11",0.201715467994796,-0.443149559790124,0.118,0.222,1
"Fbxo38",0.202079479975635,0.551827102903894,0.176,0.095,1
"Lsamp",0.20251543929389,0.285276353423024,0.618,0.508,1
"Sdcbp",0.202756115323579,-0.449510512950287,0.088,0.19,1
"Ksr1",0.202756115323579,-0.320150369547332,0.088,0.19,1
"Ywhab",0.203193495218514,-0.530195623045746,0.176,0.27,1
"Ro60",0.203219297216563,0.386751533935578,0.118,0.048,1
"Gpatch2",0.203219297216563,0.384656348590834,0.118,0.048,1
"Zfp157",0.203219297216563,0.432550094784086,0.118,0.048,1
"Malsu1",0.203219297216563,0.449480154689248,0.118,0.048,1
"Pcolce2",0.203219297216563,0.467380521810597,0.118,0.048,1
"Ipcef1",0.203219297216563,0.515427790088985,0.118,0.048,1
"Skp1",0.203219297216563,0.360063939757099,0.118,0.048,1
"Fibp",0.203219297216563,0.362957185876251,0.118,0.048,1
"Abi1",0.203695269945568,0.54791689380133,0.471,0.349,1
"Dennd5a",0.203733989929375,-0.382130650683025,0.294,0.397,1
"Chpt1",0.203970487428432,-0.487115279498133,0.059,0.143,1
"Cpped1",0.203970487428432,0.269704949771723,0.176,0.079,1
"Pantr1",0.204786146874254,0.387009622337593,0.206,0.111,1
"Chmp4b",0.204786146874254,0.312509446752241,0.206,0.111,1
"Uqcr10",0.204786146874254,-0.769602566115331,0.088,0.175,1
"Sv2a",0.20568425625757,-0.4829451962446,0.206,0.302,1
"Selenok",0.206718307899803,-0.382734893058294,0.176,0.286,1
"Mat2a",0.206962250888591,-0.463158828098025,0.324,0.444,1
"Prmt7",0.207015810261305,0.366030547899683,0.147,0.063,1
"Zswim8",0.207015810261305,0.325112433314234,0.147,0.063,1
"Tasor2",0.207048810220463,-0.30109516355266,0.088,0.19,1
"Gm37459",0.207538032960082,0.376334849143356,0.559,0.397,1
"Vapa",0.207907623193306,-0.551636433388815,0.147,0.254,1
"Hook3",0.208270183452278,-0.348452340051107,0.353,0.476,1
"Tafa5",0.208554528793098,0.362572276582837,0.235,0.127,1
"Suclg1",0.20890311249728,-0.433655736871531,0.059,0.143,1
"Strn4",0.20890311249728,-0.503455185203101,0.059,0.143,1
"Smim13",0.20890311249728,-0.490668857752114,0.059,0.143,1
"Tank",0.20923854224728,0.432875434341871,0.206,0.111,1
"Wars2",0.20923854224728,0.390127041018953,0.206,0.111,1
"Rhot1",0.20923854224728,0.430520542884292,0.206,0.111,1
"Gxylt1",0.20923854224728,0.430269837925891,0.206,0.111,1
"Ssna1",0.209268419493417,0.29763797005123,0.118,0.048,1
"Gm12743",0.209268419493417,0.409781883429595,0.118,0.048,1
"Abcb8",0.209268419493417,0.386610322241834,0.118,0.048,1
"Prkag2",0.209268419493417,0.325144246350586,0.118,0.048,1
"Clip2",0.209268419493417,0.412662227012459,0.118,0.048,1
"Ate1",0.209268419493417,0.372633088107409,0.118,0.048,1
"Atxn7l3",0.209268419493417,0.332820874494302,0.118,0.048,1
"Pmm2",0.209268419493417,0.332832007618156,0.118,0.048,1
"Ptpn2",0.209268419493417,0.674595609819612,0.118,0.048,1
"Zdhhc24",0.209268419493417,0.364029427180584,0.118,0.048,1
"Akap9",0.209884458488385,-0.33802014613109,0.176,0.302,1
"Desi2",0.210329679076688,-0.465187643636881,0.176,0.286,1
"Pgam1",0.210329679076688,-0.45737128180142,0.176,0.286,1
"Armc8",0.210835459727415,0.491195579809087,0.265,0.175,1
"Ralgapb",0.211407083283554,-0.329965859267383,0.088,0.19,1
"Nedd4l",0.211407083283554,-0.423503383969048,0.088,0.19,1
"Cabin1",0.211587880925157,0.529623777650503,0.176,0.095,1
"Lmbrd1",0.211721660787185,-0.415003608594443,0.147,0.254,1
"Coq5",0.212473713716752,0.28302424550658,0.147,0.063,1
"Adrb1",0.212473713716752,0.299895444124538,0.147,0.063,1
"Git2",0.212567347610548,0.257833948006102,0.412,0.254,1
"Mir6236",0.212717753049992,-0.398399758406343,0.176,0.317,1
"Tle5",0.212795258675454,-0.60550605364578,0.147,0.238,1
"Chaserr",0.213500378361135,0.510240251892526,0.265,0.159,1
"Tubgcp5",0.21376063959837,0.450439690311943,0.206,0.111,1
"Ggps1",0.21376063959837,0.399246288614439,0.206,0.111,1
"Orc4",0.213921597026649,-0.493277494890152,0.059,0.143,1
"Fes",0.213921597026649,-0.519990907439684,0.059,0.143,1
"Zc3h14",0.213921597026649,-0.486561312467986,0.059,0.143,1
"Snx24",0.214861191766071,0.350396446043406,0.412,0.302,1
"Surf2",0.215446906933392,0.361266213849709,0.118,0.048,1
"Metap1",0.215446906933392,0.2867333959623,0.118,0.048,1
"Iscu",0.215446906933392,0.40793393375449,0.118,0.048,1
"Mphosph9",0.215446906933392,0.285939194381985,0.118,0.048,1
"Snapc5",0.215446906933392,0.356885013876731,0.118,0.048,1
"Rad54l2",0.215446906933392,0.335139451702468,0.118,0.048,1
"Rnaseh1",0.215446906933392,0.35483138461077,0.118,0.048,1
"Chrac1",0.215446906933392,0.453233530709459,0.118,0.048,1
"Fam162a",0.215446906933392,0.404521909480229,0.118,0.048,1
"St8sia3",0.215446906933392,0.385948591171996,0.118,0.048,1
"BC003965",0.216461569357945,0.425210479427093,0.176,0.095,1
"Dpysl2",0.216521326237476,-0.569636274962439,0.265,0.381,1
"Stag2",0.21768893491066,0.546851391123267,0.324,0.206,1
"1700085D07Rik",0.21791949423132,-0.539012937983955,0.118,0.222,1
"Tcp1",0.21791949423132,-0.305523443501371,0.118,0.222,1
"H13",0.21803479844923,0.335059076128403,0.147,0.063,1
"Hmgcr",0.21803479844923,0.285155741408719,0.147,0.063,1
"6720427I07Rik",0.218352827260832,-0.524523495131313,0.088,0.175,1
"Ddr1",0.218805434069792,0.508188394857032,0.353,0.238,1
"Gm13269",0.219026472665953,-0.42678046187271,0.059,0.143,1
"Dusp15",0.219026472665953,-0.415212515779268,0.059,0.143,1
"Ramac",0.219026472665953,-0.305517427270836,0.059,0.143,1
"Ndufa12",0.219026472665953,-0.341980343468637,0.059,0.143,1
"Fancl",0.219026472665953,-0.442114298758767,0.059,0.143,1
"Jup",0.219026472665953,-0.35371290409045,0.059,0.143,1
"Ndufv3",0.219026472665953,-0.400502607056524,0.059,0.143,1
"Slc25a4",0.219492193169114,-0.439084413271187,0.471,0.556,1
"Mia3",0.219949549010963,-0.501683006342237,0.118,0.206,1
"Fam91a1",0.219949549010963,-0.393065477071513,0.118,0.206,1
"Tpd52l2",0.221415540826458,0.383330438683428,0.176,0.095,1
"Tmem170b",0.221415540826458,0.421370744064629,0.176,0.095,1
"Larp1",0.221437218527316,0.340064690336918,0.324,0.206,1
"Plcb4",0.221755733953884,0.368151770779496,0.118,0.048,1
"Cass4",0.221755733953884,0.28212800964314,0.118,0.048,1
"Rbis",0.221755733953884,0.359439874815931,0.118,0.048,1
"Lrrc41",0.221755733953884,0.287010997625047,0.118,0.048,1
"Mrps18c",0.221755733953884,0.33073862350904,0.118,0.048,1
"Clec4a3",0.221755733953884,0.324431960534692,0.118,0.048,1
"Trmt1",0.221755733953884,0.321992401391814,0.118,0.048,1
"Mrpl4",0.221755733953884,0.360783077879819,0.118,0.048,1
"Cand1",0.221755733953884,0.29437760538805,0.118,0.048,1
"Gm33255",0.221755733953884,0.322022091866749,0.118,0.048,1
"Gm26724",0.221755733953884,0.347989489312575,0.118,0.048,1
"Slc25a23",0.221755733953884,0.290913343718017,0.118,0.048,1
"Tshz1",0.221755733953884,0.301137809954146,0.118,0.048,1
"Skap2",0.221761281790877,-0.444248633028954,0.471,0.524,1
"Auts2",0.221763010433488,0.259724846222434,0.588,0.46,1
"Ank",0.222642646521959,0.370799355693471,0.412,0.27,1
"Phf20l1",0.222642646521959,-0.491417242568586,0.235,0.365,1
"Mpc1",0.222668553850925,-0.592266640177461,0.206,0.286,1
"Upp2",0.223015477968958,0.277020289541992,0.206,0.111,1
"Psmd7",0.223463655495195,-0.388519871691029,0.147,0.254,1
"Plpp1",0.223699736689933,0.273604120014187,0.147,0.063,1
"Cdk19",0.223793740275087,0.605213701882104,0.735,0.667,1
"Sytl2",0.223904612358674,0.607907951380557,0.382,0.302,1
"Mrpl42",0.224213222129972,-0.603909965604207,0.059,0.143,1
"Rab11a",0.224218247353027,-0.475933961425374,0.059,0.143,1
"Dock2",0.224265566867261,-0.417926055037132,0.324,0.429,1
"Fscn1",0.224270194383311,-0.557476191300906,0.118,0.206,1
"Ndel1",0.224270194383311,-0.489652358092893,0.118,0.206,1
"Supt3",0.224270194383311,0.599956948301851,0.235,0.143,1
"Slk",0.224270194383311,0.548691705727785,0.235,0.143,1
"Usp54",0.224379954119628,0.500862942896664,0.382,0.286,1
"Ly6h",0.224663997882961,-0.30602865271669,0.235,0.349,1
"Sel1l",0.225231527410235,-0.427289312436448,0.176,0.286,1
"Sfswap",0.225795390434224,0.392888036088305,0.265,0.159,1
"Gspt1",0.225795390434224,0.42760283307588,0.265,0.159,1
"Tcf25",0.226126929491273,0.302228259027268,0.412,0.27,1
"Mkln1",0.227012948577886,0.294205847485187,0.471,0.317,1
"Fgf13",0.227302344857123,0.350239901595068,0.176,0.317,1
"Cep170",0.227899848600979,-0.403877676735743,0.206,0.317,1
"Idh1",0.228195820717014,0.263597554287453,0.118,0.048,1
"Mrpl54",0.228195820717014,0.322245385965213,0.118,0.048,1
"Gm17922",0.228195820717014,0.268614780552206,0.118,0.048,1
"6030458C11Rik",0.228195820717014,0.255736580657776,0.118,0.048,1
"Kif16b",0.228651170855474,0.478622845247492,0.235,0.143,1
"Resf1",0.228919974064175,-0.432408104253243,0.147,0.238,1
"Gatb",0.229497404618421,-0.40500045473297,0.059,0.143,1
"Twf2",0.229497404618421,-0.332460776058521,0.059,0.143,1
"Enc1",0.229497404618421,-0.41758149522526,0.059,0.143,1
"Bex1",0.229497404618421,-0.390289674559719,0.059,0.143,1
"Rasa3",0.229510765910118,0.362596078452741,0.294,0.175,1
"Fmn1",0.230003928149656,0.523675108706154,0.265,0.159,1
"Trappc10",0.230504870157973,0.310046577319976,0.235,0.127,1
"Prkcq",0.231057343865681,0.380028283385267,0.353,0.222,1
"Ssr4",0.231548151207491,-0.378382082058022,0.147,0.254,1
"Snrk",0.231566082136352,0.422198167669918,0.176,0.095,1
"Flnb",0.231566082136352,0.473128602868506,0.176,0.095,1
"Pip4p1",0.231795612711196,-0.382627435214711,0.235,0.349,1
"Gas7",0.231906427296649,-0.258709163318396,0.206,0.333,1
"Stxbp3",0.232696049650455,0.326437143385062,0.441,0.302,1
"Dpp8",0.233087529575646,-0.402099123547436,0.147,0.238,1
"Mob4",0.233092742504078,-0.546671179872114,0.118,0.206,1
"Vamp4",0.233092742504078,-0.609746325144307,0.118,0.206,1
"Cntnap2",0.233092742504078,-0.49355981174423,0.118,0.206,1
"Grm5",0.233092742504078,-0.491628255090229,0.118,0.206,1
"Pcp4",0.233330540999315,-0.505814908174279,0.294,0.397,1
"Kdm7a",0.233500590670559,-0.603111306278901,0.176,0.27,1
"Kif3a",0.233500590670559,-0.458842452838682,0.176,0.27,1
"Gngt2",0.234768031200902,0.266851974106616,0.118,0.048,1
"Rad51b",0.234768031200902,0.260347289659868,0.118,0.048,1
"Hars",0.234768031200902,0.316968619026167,0.118,0.048,1
"Gopc",0.234864402896426,-0.337132748075961,0.059,0.143,1
"Msn",0.236763472975444,0.429988924592873,0.176,0.095,1
"Rps4x",0.236892395408362,-0.352702554078667,0.176,0.286,1
"Dock1",0.237464353304968,-0.509732239551097,0.353,0.444,1
"Myo18a",0.23869908729919,-0.568172693439552,0.206,0.302,1
"Rps3a1",0.239234738039889,-0.250189323237559,0.294,0.429,1
"Rapgef6",0.23933733199334,0.272856334104932,0.382,0.254,1
"Asb3",0.239463421251346,-0.461716860312747,0.118,0.222,1
"Rapgef5",0.239828250632965,0.445169677937665,0.588,0.508,1
"Ctnna3",0.23992913309906,0.379874717526,0.647,0.492,1
"Slc9a8",0.240319674843594,-0.294230979534802,0.059,0.143,1
"Sorcs1",0.240562261785819,0.527016660410388,0.529,0.444,1
"Ankrd28",0.240843955767578,0.601383786657461,0.471,0.381,1
"Cox6c",0.241079696363828,0.457317350136764,0.353,0.238,1
"Pcdh17",0.241473171295306,0.273001894390401,0.118,0.048,1
"Itsn2",0.241522595955463,-0.255700206511389,0.471,0.587,1
"Pcmtd2",0.241577058188048,-0.516269856125879,0.147,0.238,1
"Ppm1b",0.241577058188048,0.518125294148345,0.265,0.175,1
"Rrbp1",0.241774414051499,0.418066890908432,0.559,0.46,1
"Gsn",0.242042787718557,0.395705781313753,0.176,0.095,1
"Pex1",0.242042787718557,0.357479407149678,0.176,0.095,1
"Thsd7a",0.242042787718557,0.48976266955823,0.176,0.095,1
"Dop1b",0.242042787718557,0.454481744381047,0.176,0.095,1
"Mtmr2",0.242158666193896,0.57060111058726,0.235,0.143,1
"Slc4a10",0.242377596953246,-0.439214052219203,0.088,0.175,1
"5830417I10Rik",0.242377596953246,0.298794402124595,0.206,0.111,1
"Dennd4c",0.242377596953246,-0.507145514987144,0.088,0.175,1
"Hsph1",0.242377596953246,-0.392927783419714,0.088,0.175,1
"U2af2",0.242377596953246,-0.437160810401583,0.088,0.175,1
"Tcirg1",0.242377596953246,0.347042861211556,0.206,0.111,1
"Eml1",0.242586127172601,-0.543410616088195,0.206,0.302,1
"Soga3",0.242963325492722,-0.625080255671035,0.147,0.222,1
"Cx3cl1",0.243779900747917,-0.295342900668579,0.088,0.19,1
"Cisd1",0.243779900747917,-0.343841288434107,0.088,0.19,1
"Wnk1",0.244088147592534,0.320564388135504,0.765,0.603,1
"Rin2",0.246517465038575,0.359395098203584,0.353,0.222,1
"Cacybp",0.246783484145666,0.41707584818407,0.235,0.143,1
"Arl6ip5",0.246783484145666,-0.302116187716109,0.118,0.206,1
"Tbc1d22a",0.246783484145666,-0.60134759179929,0.118,0.206,1
"Agpat4",0.246783484145666,0.472824455510214,0.235,0.143,1
"Nsg2",0.247397579238054,-0.478938245762667,0.088,0.175,1
"Atp5g3",0.2483383390504,-0.359623300732265,0.147,0.254,1
"ENSMUSG00000120369",0.248784697735402,-0.528334377522637,0.059,0.127,1
"Rab24",0.248784697735402,-0.600713159632257,0.059,0.127,1
"Eif4g1",0.248973631301228,0.577472562611397,0.294,0.222,1
"Abhd17b",0.249794933109168,-0.371614886143931,0.412,0.492,1
"Gm15478",0.250281908090283,0.464303519331392,0.265,0.175,1
"Cntn2",0.250524323061937,0.379500480571963,0.441,0.302,1
"Actb",0.250971051100501,-0.345932087552306,0.735,0.698,1
"Kif21a",0.251385083574575,0.391103422473046,0.5,0.413,1
"Krcc1",0.251469828568959,0.387996317062219,0.235,0.143,1
"Arhgap30",0.251496637452664,-0.338781445617406,0.059,0.143,1
"Gad1",0.251496637452664,-0.37018882009364,0.059,0.143,1
"Map3k2",0.251618624305959,0.277856947497063,0.235,0.127,1
"Glod4",0.252489910536204,-0.447783025479249,0.088,0.175,1
"Zfp451",0.252848582819115,0.322564405444245,0.176,0.095,1
"4732471J01Rik",0.253637761688169,0.659481933015536,0.206,0.127,1
"Pafah1b2",0.253832581073942,-0.405080523554605,0.118,0.206,1
"Il10ra",0.25395821297429,-0.44091202948195,0.206,0.286,1
"Norad",0.254142663346744,-0.324550750687971,0.235,0.349,1
"Fam13c",0.254513551560258,0.470647424613574,0.324,0.238,1
"Lmbr1",0.254711711540094,0.48698803323459,0.147,0.079,1
"Ociad2",0.254711711540094,-0.547699359101104,0.059,0.127,1
"Tmem184c",0.254711711540094,-0.475090385189727,0.059,0.127,1
"Ifngr1",0.254715515859181,0.581066516845425,0.265,0.175,1
"C030029H02Rik",0.256148976200936,0.374537986640733,0.647,0.508,1
"Hspe1",0.256217899720047,-0.48187425142947,0.118,0.206,1
"Apobec1",0.256217899720047,-0.39213541191836,0.118,0.206,1
"Rplp2",0.256427624104719,0.311000407782072,0.265,0.159,1
"Fto",0.256447094697174,-0.418947842185715,0.265,0.365,1
"Fer",0.256949556864454,-0.404087426311814,0.147,0.238,1
"Mfsd4a",0.257654843049423,-0.390540736005981,0.088,0.175,1
"Numa1",0.257654843049423,-0.405575792695411,0.088,0.175,1
"Lrp6",0.258074670388635,0.378018978990025,0.324,0.222,1
"R3hdm2",0.25824332738494,-0.57769449553666,0.176,0.27,1
"Dram2",0.258375700953521,0.406077877693404,0.176,0.095,1
"Psma1",0.258375700953521,0.386086022123427,0.176,0.095,1
"Fn3k",0.258375700953521,0.313056309756984,0.176,0.095,1
"Cspg5",0.258669402221381,0.576068366427305,0.206,0.127,1
"Ldlrad4",0.259139597348194,0.552664837749915,0.647,0.651,1
"Tbl1x",0.260469019087695,-0.380409631293027,0.235,0.333,1
"Nkx2-2os",0.260736233587991,0.530285540296644,0.147,0.079,1
"C130089K02Rik",0.260736233587991,0.431595426348286,0.147,0.079,1
"Maea",0.260736233587991,0.516092304889076,0.147,0.079,1
"Cdkn2d",0.260736233587991,-0.428705076434405,0.059,0.127,1
"Eif3e",0.260736233587991,-0.448203927428313,0.059,0.127,1
"D16Ertd472e",0.260736233587991,-0.457956405405206,0.059,0.127,1
"Psmd14",0.261027884313809,0.367308233577083,0.235,0.143,1
"Ubr1",0.261027884313809,-0.422765596038429,0.118,0.206,1
"Pcbp1",0.261151806949272,-0.464701678333421,0.088,0.159,1
"Tubb4a",0.262048138563546,0.281661576381953,0.735,0.571,1
"Aak1",0.262237167149543,-0.519353736198553,0.206,0.286,1
"Tln1",0.262892610196443,0.297073684731963,0.206,0.111,1
"Atp6v0e2",0.262892610196443,0.282437342181842,0.206,0.111,1
"Ube2v2",0.262892610196443,-0.326980543455708,0.088,0.175,1
"Ulk2",0.263156110909046,0.36001245412633,0.5,0.381,1
"Thap3",0.263293632156367,0.389657037342577,0.294,0.19,1
"Rassf2",0.263710492401029,0.266113425479389,0.294,0.175,1
"Rab6a",0.26374588135903,-0.723101165519058,0.147,0.238,1
"Shprh",0.263920633251046,-0.598301324253494,0.118,0.19,1
"4933431E20Rik",0.263986017478027,0.293515399109433,0.176,0.095,1
"Coq2",0.263986017478027,0.338981997158651,0.176,0.095,1
"Dennd10",0.263986017478027,0.341145016945098,0.176,0.095,1
"Ccny",0.264443361795722,-0.358040149596132,0.235,0.333,1
"Rab31",0.264590107422223,0.447821462231123,0.647,0.492,1
"Odf2",0.265534667822634,-0.369233769337616,0.088,0.175,1
"2610203C22Rik",0.265899955272858,-0.392324004176955,0.118,0.206,1
"Evi5",0.265899955272858,-0.494915262097014,0.118,0.206,1
"Hid1",0.265899955272858,-0.486768416363273,0.118,0.206,1
"4930512B01Rik",0.265899955272858,0.275995021177263,0.235,0.143,1
"Mnat1",0.265899955272858,0.396840897711068,0.235,0.143,1
"Slco2b1",0.266140619662831,0.338245508444099,0.471,0.333,1
"Angel2",0.26660971082131,-0.489008278948393,0.088,0.159,1
"Rpl39",0.26660971082131,-0.594815901993497,0.088,0.159,1
"P4ha1",0.2668429622593,-0.385458012852221,0.206,0.302,1
"Hmgn1",0.266852965736508,-0.480198204121646,0.059,0.127,1
"Ccdc174",0.266858611268451,-0.42162080525278,0.059,0.127,1
"Car10",0.266858611268451,-0.498412592093791,0.059,0.127,1
"Pcyt1b",0.266858611268451,-0.452181772290663,0.059,0.127,1
"Magt1",0.266858611268451,0.393473860888039,0.147,0.079,1
"Camk1d",0.267505677647327,-0.348009973498391,0.618,0.698,1
"Sirt2",0.268464154633924,-0.447710282927532,0.235,0.333,1
"B4galt1",0.268954156089147,-0.621395005869364,0.118,0.19,1
"Selenot",0.269679789719952,0.29797557205241,0.176,0.095,1
"Acot7",0.269679789719952,0.350547884799491,0.176,0.095,1
"Tm9sf2",0.269679789719952,0.309155078451945,0.176,0.095,1
"Dnajb4",0.269950941265913,0.468110001307165,0.147,0.079,1
"Gm33989",0.270053581097249,0.417379125113703,0.324,0.206,1
"Ubb",0.270669843108469,-0.401188898576174,0.382,0.508,1
"Dis3l2",0.27070070236597,0.271702999059459,0.324,0.222,1
"Sclt1",0.270834271480639,0.261841862167979,0.235,0.143,1
"Tfdp2",0.270834271480639,0.392599238597516,0.235,0.143,1
"Pgrmc1",0.270834271480639,-0.387353945708764,0.118,0.206,1
"Dync1li2",0.271273557986227,0.349586092707927,0.294,0.206,1
"Ktn1",0.271675842963996,-0.414028553746626,0.382,0.492,1
"Ralgapa1",0.271762055699515,-0.26727291501726,0.324,0.413,1
"1810062O18Rik",0.272195676404641,0.308832081451202,0.294,0.19,1
"Pds5a",0.272628669289204,0.379213730354699,0.412,0.302,1
"Ski",0.272994701629609,-0.482270601219368,0.147,0.238,1
"Fcgr3",0.273079157120971,-0.499071051188508,0.059,0.127,1
"Gm9645",0.273079157120971,-0.575749939358364,0.059,0.127,1
"Ttc4",0.273079157120971,-0.365367403601257,0.059,0.127,1
"Wbp11",0.273079157120971,-0.436163343799212,0.059,0.127,1
"Fgd4",0.273079157120971,0.57320244231531,0.147,0.079,1
"Gm26749",0.273079157120971,-0.500812084135432,0.059,0.127,1
"Zkscan3",0.274412318365687,-0.26850263493173,0.176,0.286,1
"Cox6a1",0.274991246040591,0.295247550523944,0.412,0.27,1
"Rps16",0.275001933085239,-0.386927008484176,0.206,0.286,1
"Dmtf1",0.275173394282821,-0.546408632418913,0.147,0.222,1
"Man2b1",0.27545724945336,0.338384215121531,0.176,0.095,1
"Wbp4",0.27545724945336,0.299136598746611,0.176,0.095,1
"Nceh1",0.275830977538685,-0.386065762940278,0.118,0.206,1
"Exoc6",0.275830977538685,-0.420482444742335,0.118,0.206,1
"Gna13",0.27775963246829,-0.43169905409826,0.088,0.159,1
"Psmb5",0.27775963246829,-0.561216004331458,0.088,0.159,1
"Dnaja2",0.278818865861431,-0.634531783627717,0.206,0.27,1
"Itgb5",0.27885266811752,-0.529041893888382,0.382,0.413,1
"Edem2",0.279044964069866,-0.309840512690862,0.088,0.175,1
"Fam219a",0.279044964069866,-0.315581024327424,0.088,0.175,1
"Dnajc21",0.279044964069866,-0.367660829724005,0.088,0.175,1
"Arl6ip1",0.279187014369336,-0.383569454738766,0.353,0.413,1
"Eif3c",0.279217894013516,-0.607531454674102,0.118,0.19,1
"Camkk2",0.279392472776654,-0.365258057324654,0.059,0.127,1
"Arhgef9",0.279392472776654,-0.493265174665508,0.059,0.127,1
"Ralgds",0.279398148078816,-0.375178988649521,0.059,0.127,1
"Agrn",0.279398148078816,-0.360014008523731,0.059,0.127,1
"Smurf1",0.279398148078816,-0.401178012798338,0.059,0.127,1
"Edem1",0.279398148078816,-0.458314905374019,0.059,0.127,1
"Aebp1",0.279398148078816,-0.397620553585445,0.059,0.127,1
"Bicd2",0.279398148078816,-0.370466398667726,0.059,0.127,1
"Zcchc24",0.279398148078816,-0.505763407067336,0.059,0.127,1
"Mrpl18",0.279398148078816,-0.476315854994254,0.059,0.127,1
"1600012H06Rik",0.279398148078816,-0.53517208771372,0.059,0.127,1
"Atp1b3",0.279884414061187,0.462149753771272,0.412,0.286,1
"Uqcrq",0.280002437404919,-0.562520102547631,0.147,0.222,1
"Irf2",0.280770089380273,-0.58560154258662,0.235,0.333,1
"Dnajc7",0.280770089380273,-0.265555378051522,0.235,0.333,1
"Rp9",0.280890203528262,-0.374006981704355,0.118,0.206,1
"Dido1",0.281318602398846,0.271195118672634,0.176,0.095,1
"Rbl2",0.281318602398846,0.301018651312148,0.176,0.095,1
"Atp5j",0.281538171492318,-0.597558653491516,0.206,0.286,1
"C2cd5",0.282462928854145,0.397604346770418,0.265,0.175,1
"Srsf5",0.283319312365828,0.43102463466308,0.441,0.333,1
"Tent4b",0.283452024355217,-0.561005205558441,0.088,0.159,1
"Ep300",0.284421828769062,-0.334620583821231,0.147,0.254,1
"Sar1b",0.28444838474578,-0.447309708309984,0.118,0.19,1
"Bcl2l1",0.285278840704696,0.278768851298597,0.441,0.333,1
"Znfx1",0.285815824729977,0.532166226292286,0.147,0.079,1
"Pkd2",0.285815824729977,-0.341285934446859,0.059,0.127,1
"Tm7sf3",0.285815824729977,-0.411686346077145,0.059,0.127,1
"Tmem9b",0.285815824729977,-0.433816402002166,0.059,0.127,1
"Cotl1",0.285815824729977,-0.442259578254026,0.059,0.127,1
"Vps26a",0.285815824729977,-0.483091968234982,0.059,0.127,1
"Mfsd11",0.285815824729977,-0.467542649097562,0.059,0.127,1
"Arhgdia",0.285815824729977,0.411444040906022,0.147,0.079,1
"Trappc12",0.285815824729977,0.355023304032437,0.147,0.079,1
"Jdp2",0.285815824729977,-0.474033118986354,0.059,0.127,1
"Sugt1",0.285815824729977,-0.413062797400548,0.059,0.127,1
"Derl1",0.285815824729977,-0.369787078983671,0.059,0.127,1
"Hnrnph2",0.285815824729977,-0.372853230684539,0.059,0.127,1
"Usp6nl",0.286012064776615,0.308754890466552,0.235,0.143,1
"Akr1a1",0.286012064776615,-0.406339036828881,0.118,0.206,1
"Hprt",0.286012064776615,-0.534736078293189,0.118,0.206,1
"Rpl41",0.286208364483689,-0.267776685906987,0.235,0.349,1
"Sfi1",0.287264027734301,0.445470745271809,0.176,0.095,1
"Atp1a1",0.288184463119757,0.274241817569121,0.324,0.222,1
"Rbfox1",0.288184463119757,-0.540900913014393,0.206,0.286,1
"Rsrp1",0.288595064408645,0.379950083373414,0.794,0.698,1
"Rbm6",0.288987682989441,-0.456464411570956,0.294,0.381,1
"Atad2b",0.289169925572302,0.495028871862503,0.265,0.19,1
"Tcea1",0.289222914508786,-0.464383026325277,0.088,0.159,1
"Nell2",0.289222914508786,-0.504055945111801,0.088,0.159,1
"Ddrgk1",0.289744779817281,-0.506581825552902,0.118,0.19,1
"Atp6v1g2",0.28983240685505,-0.55009730511952,0.147,0.222,1
"Pcmtd1",0.290612009608739,-0.415752820655911,0.176,0.254,1
"Gm21984",0.290612009608739,-0.528230913326721,0.176,0.254,1
"Map1lc3a",0.291196661628011,-0.451648744366268,0.118,0.206,1
"Arhgef28",0.291379585071987,-0.375271575116501,0.235,0.365,1
"Cwc22",0.29232669404964,-0.438043951175292,0.059,0.127,1
"Timm17a",0.292332390596514,0.414486298805637,0.147,0.079,1
"Gm37298",0.292332390596514,-0.360080574975503,0.059,0.127,1
"Ahctf1",0.292332390596514,-0.4627094032454,0.059,0.127,1
"Adamtsl4",0.292332390596514,0.360022439312286,0.147,0.079,1
"Tmem33",0.292332390596514,-0.511827756291487,0.059,0.127,1
"Syn2",0.292332390596514,-0.399735286816023,0.059,0.127,1
"Cep57",0.292332390596514,-0.361820390937891,0.059,0.127,1
"Thap2",0.292332390596514,-0.370874418633229,0.059,0.127,1
"Pik3r5",0.292332390596514,0.326655361745508,0.147,0.079,1
"Zzef1",0.292332390596514,0.437062209277563,0.147,0.079,1
"Rnf144a",0.292332390596514,0.303772961504875,0.147,0.079,1
"Susd3",0.292332390596514,-0.500642530700695,0.059,0.127,1
"Auh",0.292332390596514,-0.400989520205803,0.059,0.127,1
"Dcp1a",0.292332390596514,-0.428660492758299,0.059,0.127,1
"Stk19",0.292332390596514,-0.316911239127068,0.059,0.127,1
"Zfp24",0.292332390596514,0.419108065522528,0.147,0.079,1
"Cobll1",0.292671811746558,0.309141233369321,0.324,0.222,1
"Gm2629",0.292846900295433,0.364732173022075,0.647,0.46,1
"Lrch3",0.292955190865829,-0.272719229073542,0.353,0.46,1
"Rab3gap2",0.293293677617266,0.272293654955732,0.176,0.095,1
"Vwa8",0.293293677617266,0.292585695574088,0.176,0.095,1
"Mllt11",0.294833501204558,-0.394945548119838,0.147,0.222,1
"Mef2d",0.295072431607921,-0.54686058531027,0.088,0.159,1
"2610008E11Rik",0.295072431607921,-0.517417666671046,0.088,0.159,1
"Rab11b",0.295072431607921,-0.522283602825756,0.088,0.159,1
"9330159F19Rik",0.295107175757815,-0.545946484720037,0.118,0.19,1
"Adam22",0.295344116819438,-0.539050035878426,0.176,0.254,1
"Elovl7",0.295344116819438,0.297262268509882,0.294,0.19,1
"Mef2a",0.295466705327876,-0.279968740379608,0.794,0.841,1
"Trmt13",0.29585510172951,-0.257477016150714,0.088,0.175,1
"Inpp5f",0.296366201176213,-0.508387638875453,0.235,0.317,1
"Rpl29",0.296444079219804,-0.388884946483325,0.118,0.206,1
"Ppm1a",0.296444079219804,-0.335163305194656,0.118,0.206,1
"Got1",0.296444079219804,-0.295539460922903,0.118,0.206,1
"Fcer1g",0.296901535920838,-0.320278544296279,0.206,0.317,1
"4930511M06Rik",0.296924639055038,0.610851416855126,0.324,0.206,1
"Prpf40a",0.297166687730191,0.51948288323507,0.235,0.159,1
"Sipa1l2",0.298666399316781,-0.302396902234024,0.176,0.27,1
"Camkmt",0.298666399316781,0.431785675021274,0.294,0.206,1
"Stxbp1",0.298948011433299,-0.334630391300528,0.059,0.127,1
"Tmem127",0.298948011433299,0.542644627649,0.147,0.079,1
"Usp46",0.298948011433299,0.444966241385577,0.147,0.079,1
"3110082I17Rik",0.298948011433299,0.519090781729418,0.147,0.079,1
"Gfpt1",0.298948011433299,0.381644281314816,0.147,0.079,1
"Ikbkb",0.298948011433299,-0.307881385715366,0.059,0.127,1
"Ssbp4",0.298948011433299,-0.339165084495054,0.059,0.127,1
"1700011L22Rik",0.298948011433299,0.493273640509735,0.147,0.079,1
"ENSMUSG00000120169",0.298948011433299,-0.307310581634498,0.059,0.127,1
"Galnt10",0.298948011433299,-0.517993992518337,0.059,0.127,1
"Ptdss1",0.298948011433299,0.415602487345174,0.147,0.079,1
"Larp4",0.298948011433299,-0.370547504119849,0.059,0.127,1
"Gm26672",0.298948011433299,-0.353327977452767,0.059,0.127,1
"Fam210a",0.298948011433299,-0.357878138373473,0.059,0.127,1
"Fam120c",0.298948011433299,0.348468291921545,0.147,0.079,1
"Txlng",0.298948011433299,0.363167625552475,0.147,0.079,1
"Dnaja1",0.299122918517052,-0.53915872336071,0.235,0.302,1
"Csnk1a1",0.299317649912516,-0.32367084162175,0.324,0.381,1
"Sipa1l3",0.299407676719452,0.271684008451915,0.176,0.095,1
"Rbbp4",0.300127555431641,-0.370237793567232,0.176,0.254,1
"Ralgapa2",0.301000680272675,-0.415086097089712,0.088,0.159,1
"Cox11",0.301000680272675,-0.514129339105275,0.088,0.159,1
"Snrnp27",0.301754387263728,-0.348778657881861,0.118,0.206,1
"Rabac1",0.302060505120268,0.25483714297745,0.265,0.175,1
"Naca",0.303225005647064,-0.362145644654464,0.235,0.349,1
"Srsf2",0.304196243625328,0.356500001120533,0.471,0.365,1
"Stx16",0.304741154067486,0.407908738229325,0.382,0.302,1
"Ewsr1",0.304741154067486,-0.292832177000207,0.265,0.365,1
"Mtss1",0.304962368311935,-0.414657676569381,0.176,0.254,1
"Atp13a3",0.305008233069645,0.262621602063166,0.265,0.159,1
"Chd6",0.305194742096445,0.333369125216935,0.353,0.254,1
"Farsb",0.305662814547201,0.320789906128429,0.147,0.079,1
"Cops2",0.305662814547201,0.336026159286849,0.147,0.079,1
"Gcnt7",0.305662814547201,-0.280088883649368,0.059,0.127,1
"Amy1",0.305662814547201,0.357245243654428,0.147,0.079,1
"Cdk6",0.305662814547201,0.449316072467328,0.147,0.079,1
"Lrrc1",0.305662814547201,-0.275980235696807,0.059,0.127,1
"Pcnx",0.305662814547201,0.481174184699231,0.147,0.079,1
"Rab18",0.305662814547201,-0.380848525513554,0.059,0.127,1
"Tbc1d16",0.306206869741424,0.289724495195856,0.294,0.175,1
"Reep5",0.306414087478503,-0.567687189828587,0.206,0.286,1
"Manba",0.306672723874885,0.744610244911236,0.118,0.063,1
"Tmem260",0.307007740686923,-0.434863120868586,0.088,0.159,1
"Btbd8",0.307067777617987,0.349692469222044,0.206,0.127,1
"Rnf13",0.307074011808519,0.251116792917039,0.559,0.444,1
"Tia1",0.307098008044133,0.357148290303986,0.265,0.175,1
"Mboat2",0.307127639832614,0.258053468128989,0.235,0.143,1
"Rab5a",0.307127639832614,0.361402592809037,0.235,0.143,1
"Akt3",0.307620108098729,0.495424458821434,0.235,0.159,1
"Atp6v1e1",0.308194174337124,-0.296584772726706,0.176,0.27,1
"ENSMUSG00000120942",0.308693953219157,0.524469557516492,0.265,0.19,1
"Dst",0.309557564153452,0.253088148884606,0.853,0.714,1
"Pak1",0.309938170567018,0.329830962557566,0.588,0.587,1
"Hnrnpd",0.311088368782533,-0.405304385785125,0.206,0.286,1
"Cd2ap",0.311980544239497,0.473965631274572,0.382,0.27,1
"Pcyt2",0.312190835040225,-0.407425830205111,0.147,0.238,1
"Wdr37",0.312190835040225,0.319566789876967,0.265,0.175,1
"C130071C03Rik",0.312190835040225,0.346346635747702,0.265,0.175,1
"Dennd6a",0.312190835040225,-0.310136936800181,0.147,0.238,1
"Cops8",0.312476888137719,-0.299122637315979,0.059,0.127,1
"Uhmk1",0.312476888137719,-0.252466568296523,0.059,0.127,1
"Gpr158",0.312476888137719,-0.37275941689287,0.059,0.127,1
"Itpka",0.312476888137719,-0.40368503249633,0.059,0.127,1
"Agpat5",0.312476888137719,-0.280863931516534,0.059,0.127,1
"Tmx1",0.312476888137719,-0.317764084972229,0.059,0.127,1
"Aldh6a1",0.312476888137719,0.302447546204061,0.147,0.079,1
"Fgd3",0.312476888137719,0.265937301098693,0.147,0.079,1
"Tmem132a",0.312476888137719,-0.282287783425346,0.059,0.127,1
"Atp11c",0.312476888137719,0.29486109016619,0.147,0.079,1
"Sh3bgrl",0.312476888137719,0.293154727012529,0.147,0.079,1
"Clcn5",0.312563875152748,-0.29538799430122,0.118,0.206,1
"Dlc1",0.312793547708446,0.509058362856513,0.206,0.127,1
"Evi2a",0.312793547708446,0.295677994514565,0.206,0.127,1
"Grin2b",0.313093668232017,-0.325515741597657,0.088,0.159,1
"Kansl2",0.313093668232017,-0.478481015328835,0.088,0.159,1
"Map4k4",0.313694059028442,-0.387293731902135,0.353,0.476,1
"Plpbp",0.314232771545159,0.443564664679851,0.118,0.063,1
"Tifab",0.314232771545159,0.363049213717324,0.118,0.063,1
"Ndufs5",0.315413301639786,-0.429672005644457,0.147,0.222,1
"Leng8",0.315413301639786,-0.445704891433535,0.147,0.222,1
"Bicral",0.315413301639786,-0.549652369452161,0.147,0.222,1
"Zfand6",0.315525496415374,-0.258496214606768,0.206,0.302,1
"Zfp608",0.315614375172689,-0.306659925545758,0.382,0.429,1
"Cstpp1",0.316166217615776,0.572744861703576,0.176,0.111,1
"Tpp2",0.316235133402174,-0.644519465884296,0.176,0.238,1
"Chka",0.317218099719122,-0.352591060296495,0.118,0.19,1
"Kcmf1",0.317339004859273,-0.344315087353984,0.147,0.238,1
"Atp5h",0.318166522710208,0.649715555782615,0.382,0.333,1
"Frrs1",0.318256594357577,0.284343838537277,0.176,0.095,1
"Lysmd4",0.319297620884986,-0.296283126299741,0.471,0.556,1
"Cox5b",0.319385192878228,-0.332038979035795,0.265,0.349,1
"Prkacb",0.319385192878228,-0.329739818366245,0.265,0.349,1
"Tdrd7",0.319390280660082,0.262878235794908,0.147,0.079,1
"Lrrc28",0.319390280660082,-0.262486030768016,0.059,0.127,1
"Edrf1",0.319390280660082,0.283797863259657,0.147,0.079,1
"Cdkl3",0.319390280660082,0.255818429160902,0.147,0.079,1
"Hmbox1",0.319390280660082,0.259381924561051,0.147,0.079,1
"Safb2",0.319390280660082,-0.313470715195605,0.059,0.127,1
"Atxn10",0.320226567853874,0.501359412052407,0.324,0.238,1
"Calm3",0.320577326271661,-0.447595094638247,0.206,0.286,1
"Tpt1",0.321214946335642,-0.278798580506002,0.324,0.429,1
"0610040J01Rik",0.321945703190136,0.302910562656182,0.353,0.238,1
"Ndufa6",0.32254252372832,-0.391940315370974,0.147,0.238,1
"Prr14",0.32291134555246,-0.440114386565743,0.118,0.19,1
"Cpd",0.32291134555246,0.461807572325382,0.206,0.143,1
"Cd84",0.323367719631773,0.255829726576892,0.353,0.254,1
"Ppp1cb",0.323625366514428,-0.367845594327896,0.118,0.206,1
"Tusc3",0.323896230006882,-0.293977520929969,0.147,0.254,1
"Tppp",0.323896230006882,0.418727959352252,0.265,0.19,1
"Phactr2",0.324454704693343,0.288091561773713,0.206,0.127,1
"Zdhhc17",0.324454704693343,0.404522521639641,0.206,0.127,1
"Plekhm3",0.324815849109239,-0.474473395041246,0.176,0.254,1
"Rhoh",0.324815849109239,-0.42687356172858,0.176,0.254,1
"Plppr4",0.325502220109784,-0.377645544464198,0.088,0.159,1
"C87436",0.325502220109784,-0.307258639708994,0.088,0.159,1
"Gng7",0.325502220109784,-0.392683919302852,0.088,0.159,1
"Arrb2",0.325502220109784,-0.381452209754917,0.088,0.159,1
"Chordc1",0.326048854479429,-0.456199372075787,0.147,0.222,1
"Parg",0.326048854479429,-0.454294127638166,0.147,0.222,1
"Nckap5",0.326403000211791,0.274768382418738,0.147,0.079,1
"Gm13684",0.326403000211791,-0.296041555342084,0.059,0.127,1
"Psma5",0.326403000211791,-0.334712785184251,0.059,0.127,1
"Vps35",0.326403000211791,-0.276590047219499,0.059,0.127,1
"Gap43",0.326640647949725,-0.256111172877864,0.206,0.317,1
"Usp34",0.328022072597664,0.255109814398282,0.5,0.365,1
"Cap1",0.328653666299615,0.427978966057055,0.176,0.111,1
"Slc25a36",0.328670806738865,-0.362932998338351,0.118,0.19,1
"Snx3",0.328670806738865,-0.371221949268733,0.118,0.19,1
"Arap2",0.329248675821681,0.440182191212884,0.235,0.159,1
"Fasn",0.329717492983334,0.369762405781736,0.118,0.063,1
"Myt1l",0.329717492983334,0.402303277623656,0.118,0.063,1
"Rbfox2",0.329717492983334,0.408509964084063,0.118,0.063,1
"Senp5",0.329717492983334,0.450503385107114,0.118,0.063,1
"Dmxl1",0.329986666427421,-0.358836985717009,0.265,0.333,1
"Abl1",0.330253480692129,-0.527045755667478,0.206,0.286,1
"Wdr44",0.330390082593019,0.264734516935717,0.206,0.127,1
"Magi1",0.33109798735288,0.491879046785723,0.588,0.492,1
"Trappc11",0.331824828057835,-0.440556216663553,0.088,0.159,1
"Chic1",0.331824828057835,-0.286145316263817,0.088,0.159,1
"Glrx2",0.333515013943589,0.303962566152693,0.147,0.079,1
"Katnip",0.333515013943589,0.259637411623063,0.147,0.079,1
"1500015L24Rik",0.333515013943589,0.301844540511801,0.147,0.079,1
"Klhl2",0.334101124888677,0.283357293048161,0.529,0.429,1
"Plekhb1",0.334496456131603,-0.328452138803427,0.118,0.19,1
"Swt1",0.334806182343104,0.319250282496801,0.235,0.159,1
"Atp6v1g1",0.335015698657615,0.424031997803534,0.176,0.111,1
"Camk2n1",0.335118842919253,0.300353676787295,0.441,0.333,1
"Erp29",0.335161723988438,0.306868789387336,0.324,0.222,1
"Naaladl2",0.335534224305894,0.600772531295481,0.382,0.302,1
"Anln",0.335536496697881,-0.283141788071291,0.294,0.349,1
"Cyth4",0.335536496697881,-0.359148608229397,0.265,0.365,1
"Atp5b",0.335700822195767,-0.464841515990522,0.294,0.365,1
"Arcn1",0.337642092977465,0.361046744538103,0.118,0.063,1
"Gm31763",0.337642092977465,0.473588222975074,0.118,0.063,1
"Mrpl36",0.337642092977465,0.486736264755875,0.118,0.063,1
"Utp3",0.338226269718625,-0.318637766534641,0.088,0.159,1
"Prpsap1",0.338226269718625,-0.417582665824905,0.088,0.159,1
"Rin3",0.338226269718625,-0.391771453622254,0.088,0.159,1
"Cep350",0.33847077878042,-0.43168261804353,0.235,0.333,1
"Suco",0.338485046193372,0.42532303044011,0.265,0.175,1
"Syt1",0.33866704712304,-0.257892703905837,0.529,0.556,1
"Arih1",0.340151059020254,0.253579683818403,0.441,0.302,1
"Cep120",0.340388248054088,-0.329117369786965,0.118,0.19,1
"Chst11",0.340726247495835,0.250708538466527,0.147,0.079,1
"Sdhb",0.34223823013938,-0.356291621380833,0.176,0.238,1
"Cspp1",0.34310801938179,0.325629461587288,0.294,0.206,1
"Pdia6",0.34325163824037,0.505130380372467,0.235,0.159,1
"Mrpl41",0.344706471380437,-0.385147081923919,0.088,0.159,1
"Ndufa8",0.344706471380437,-0.274174745777056,0.088,0.159,1
"Etnk1",0.345533889769766,-0.642031489120828,0.118,0.175,1
"Spred1",0.345559398691437,-0.506818488216335,0.206,0.27,1
"Rpl5",0.345559398691437,-0.399331084560638,0.206,0.27,1
"Scg2",0.345688033015524,0.344140446448644,0.118,0.063,1
"Tmco1",0.345688033015524,0.421435489773611,0.118,0.063,1
"Scrn3",0.345688033015524,0.370984710771109,0.118,0.063,1
"ENSMUSG00000121236",0.345688033015524,0.303884288918012,0.118,0.063,1
"Dctn3",0.345688033015524,0.370079786709598,0.118,0.063,1
"Itgb3bp",0.345688033015524,0.428825649043629,0.118,0.063,1
"Tprgl",0.345688033015524,0.34491227450603,0.118,0.063,1
"Stk32c",0.345688033015524,0.462937376423621,0.118,0.063,1
"Cttn",0.345688033015524,0.386465990892124,0.118,0.063,1
"Atm",0.345688033015524,0.312822738769299,0.118,0.063,1
"Dazap1",0.345688033015524,0.399304167915918,0.118,0.063,1
"Pus10",0.345688033015524,0.322102572583822,0.118,0.063,1
"Ero1b",0.345688033015524,0.327873262890368,0.118,0.063,1
"Ice1",0.345688033015524,0.359860891175733,0.118,0.063,1
"Jph4",0.345688033015524,0.409659884322226,0.118,0.063,1
"Gm47283",0.345688033015524,0.392717512893015,0.118,0.063,1
"Mysm1",0.346101400574634,0.362982830750242,0.235,0.159,1
"Srsf3",0.346101400574634,0.41800048314416,0.235,0.159,1
"Psma4",0.347808008613501,-0.650545549219267,0.059,0.111,1
"Jkamp",0.347808008613501,-0.382766806446368,0.059,0.111,1
"Lmbrd2",0.347808008613501,-0.464451519846177,0.059,0.111,1
"Zc3h3",0.347808008613501,-0.486022157167155,0.059,0.111,1
"Lzts2",0.347808008613501,-0.424633353444144,0.059,0.111,1
"Vps9d1",0.347976076871217,0.41934787385153,0.176,0.111,1
"Pspc1",0.347976076871217,0.326611875271852,0.176,0.111,1
"Sh3tc2",0.347976076871217,0.580911475014073,0.176,0.111,1
"Vdac1",0.348010905211639,-0.318388945169045,0.147,0.222,1
"Glg1",0.34829445776386,-0.316585535611692,0.176,0.27,1
"Jph1",0.348614930196441,0.313918045385727,0.206,0.127,1
"Ostc",0.348614930196441,0.279313294469699,0.206,0.127,1
"Mthfs",0.349389678154817,0.306140516951423,0.265,0.175,1
"Larp4b",0.349389678154817,0.329415610979766,0.265,0.175,1
"Atp11a",0.351265332585842,-0.306294093704749,0.088,0.159,1
"Camkv",0.351265332585842,-0.317330619908004,0.088,0.159,1
"Meaf6",0.351361785914814,-0.643695846114651,0.088,0.143,1
"Rps5",0.353645087922615,-0.536559568537851,0.147,0.222,1
"Arrb1",0.353855119450756,0.416287626221151,0.118,0.063,1
"Pced1b",0.353855119450756,0.254708814907686,0.118,0.063,1
"Satb1",0.353855119450756,0.27598457031226,0.118,0.063,1
"Wwp1",0.354001049682639,-0.284914946223307,0.265,0.365,1
"Nptn",0.354885286635825,-0.314894382102835,0.353,0.429,1
"Mlph",0.355575910851365,-0.331289223985006,0.059,0.111,1
"Dpm1",0.355575910851365,-0.428718203307839,0.059,0.111,1
"Zfp746",0.355575910851365,-0.393941542214057,0.059,0.111,1
"Ctc1",0.355575910851365,-0.521678000133872,0.059,0.111,1
"Tecpr2",0.355575910851365,-0.525483238455984,0.059,0.111,1
"Actg1",0.3558639785824,-0.410458759084097,0.206,0.27,1
"Zswim6",0.356224098068384,-0.341118211237073,0.412,0.46,1
"Ptprn",0.356483678723674,0.467870062873443,0.235,0.175,1
"Prcp",0.357507942670086,0.523787591709096,0.147,0.095,1
"Prdx5",0.357636439272388,-0.50633790441494,0.147,0.206,1
"Pard3",0.357657758165097,-0.262250362734597,0.235,0.333,1
"Ppp2r3a",0.357867874564355,-0.372808596209387,0.471,0.508,1
"Tgfb1",0.357902725854283,-0.26853785832817,0.088,0.159,1
"Ppp1r11",0.357902725854283,-0.282187239792866,0.088,0.159,1
"Rpl36",0.357902725854283,-0.264658386029306,0.088,0.159,1
"Cop1",0.358815935946041,0.269134530669895,0.294,0.206,1
"Lyst",0.35945057913787,0.308383430330484,0.324,0.238,1
"Top2b",0.360514760825889,-0.555395076677605,0.176,0.222,1
"Vgll4",0.360764371400031,-0.384653122089056,0.235,0.302,1
"Dnm2",0.360976213052839,-0.371267852673302,0.265,0.349,1
"Kif1a",0.361088187651818,-0.431528674688505,0.206,0.27,1
"Rpl35",0.361250824720298,0.373648150381276,0.176,0.111,1
"Dhx15",0.361250824720298,0.357294813063182,0.176,0.111,1
"Xrcc6",0.361536236955236,0.260455602059757,0.588,0.508,1
"6820431F20Rik",0.361537505825272,-0.36837873417462,0.176,0.254,1
"Arid1a",0.361793189674149,-0.362630901640572,0.235,0.317,1
"Kiz",0.362143094413592,0.359131764217317,0.118,0.063,1
"Frrs1l",0.362143094413592,0.331448094606447,0.118,0.063,1
"Hpca",0.362143094413592,0.358970066244438,0.118,0.063,1
"2810454H06Rik",0.362143094413592,0.293574288797132,0.118,0.063,1
"Timmdc1",0.362143094413592,0.36818353108824,0.118,0.063,1
"Gm17227",0.362143094413592,0.264022215208677,0.118,0.063,1
"Ddx24",0.363085770068871,-0.449244478071749,0.324,0.365,1
"Acp2",0.36345236050919,-0.368016557544313,0.059,0.111,1
"Slbp",0.36345236050919,-0.359996323873235,0.059,0.111,1
"Sepsecs",0.36345236050919,-0.395657476137558,0.059,0.111,1
"Galntl6",0.36345236050919,-0.437002293973281,0.059,0.111,1
"9930111J21Rik2",0.36345236050919,-0.427998254092967,0.059,0.111,1
"Smad5",0.36345236050919,-0.345935435597988,0.059,0.111,1
"Wdr41",0.36345236050919,-0.329367933604525,0.059,0.111,1
"Snx18",0.363493662339175,-0.381897263758154,0.147,0.206,1
"Tle4",0.363997581640903,-0.508831046818203,0.176,0.238,1
"Marchf2",0.364615268397031,-0.270032716580979,0.118,0.19,1
"Fcgr1",0.364729016217372,0.490221261134632,0.147,0.095,1
"Lrpap1",0.365085299394516,-0.293404462094865,0.147,0.222,1
"Matn4",0.366325393727578,0.267071076941554,0.118,0.063,1
"Ptma",0.366328099247886,0.501684630024963,0.5,0.476,1
"Btrc",0.366360237427813,-0.376102910540725,0.206,0.27,1
"Klf3",0.367466014339403,0.282621279671307,0.206,0.127,1
"Kmt2c",0.368004248273572,-0.281383343944947,0.382,0.444,1
"Zfp462",0.368005717300438,0.434394442060668,0.176,0.111,1
"Srrt",0.368005717300438,0.289680858832345,0.176,0.111,1
"Sucla2",0.368005717300438,0.311394317133093,0.176,0.111,1
"Hnrnpll",0.368005717300438,0.278849922759154,0.176,0.111,1
"Tbc1d12",0.368005717300438,0.311662166828695,0.176,0.111,1
"Gdi2",0.36826674679495,0.420360283344572,0.382,0.302,1
"Pbx1",0.369410533919884,-0.439135129753269,0.147,0.206,1
"Stau1",0.369410533919884,0.316750982180752,0.235,0.159,1
"Dhx30",0.369410533919884,0.371794584795896,0.235,0.159,1
"Foxo1",0.370551635048638,0.250940788493588,0.118,0.063,1
"Rfwd3",0.370551635048638,0.322945202524053,0.118,0.063,1
"Fancc",0.370551635048638,0.300852845830712,0.118,0.063,1
"Hcls1",0.370551635048638,0.292236983740584,0.118,0.063,1
"Sorcs3",0.370551635048638,0.317210951411126,0.118,0.063,1
"Mrps14",0.370668504516751,-0.461114692731326,0.118,0.175,1
"Cnot1",0.370668504516751,-0.425193059788282,0.118,0.175,1
"Glp2r",0.370668504516751,-0.55523917713171,0.118,0.175,1
"Dstyk",0.370836426239135,0.385436219284379,0.206,0.143,1
"Mau2",0.370836426239135,0.396296419263363,0.206,0.143,1
"Zfp106",0.370891110423919,-0.275276906128296,0.147,0.222,1
"Peg3",0.371412461978876,-0.271814712920363,0.088,0.159,1
"Il1rl2",0.37143707250562,-0.366325829023378,0.059,0.111,1
"Gle1",0.37143707250562,-0.369121448954548,0.059,0.111,1
"Smox",0.37143707250562,-0.358736135769652,0.059,0.111,1
"Nedd4",0.371677295945292,-0.37138436371221,0.206,0.27,1
"Psmc6",0.371859559722592,-0.501728531686167,0.176,0.222,1
"Bcas1os2",0.372387877929212,0.289127285284664,0.235,0.159,1
"Phldb1",0.374648246329322,0.285781839501744,0.529,0.429,1
"Rab11fip4",0.374834225152284,0.426423070612298,0.176,0.111,1
"Lactb2",0.374838703326176,0.4869728962222,0.176,0.111,1
"Garnl3",0.374838703326176,0.35217371129977,0.176,0.111,1
"Lgi3",0.374838703326176,0.35835868511875,0.176,0.111,1
"Mif",0.374996650481877,-0.425022517723345,0.265,0.317,1
"Kmt2a",0.375191581535168,0.277158860814027,0.265,0.19,1
"Prickle1",0.37530580686409,0.573566325218276,0.382,0.317,1
"Rpl34",0.375386918417618,-0.383557207500335,0.147,0.206,1
"Cmip",0.375562936383087,-0.460821185992057,0.265,0.349,1
"Srpr",0.377123053207992,0.534454275442364,0.206,0.143,1
"Vip",0.377123053207992,0.482182477103679,0.206,0.143,1
"Vps13b",0.377971606689258,0.389539893768116,0.382,0.302,1
"Snx30",0.378026771406187,0.339395994795322,0.265,0.19,1
"E2f3",0.378284412464963,-0.279904996937101,0.088,0.159,1
"Snap91",0.379080352806112,0.343409969394721,0.118,0.063,1
"Ap1b1",0.379080352806112,0.294906889522491,0.118,0.063,1
"Socs7",0.379080352806112,0.254676930760416,0.118,0.063,1
"Frmd8",0.37936090305648,-0.478952484846696,0.088,0.143,1
"Fabp3",0.379529708653118,-0.351142854922378,0.059,0.111,1
"Letm2",0.379529708653118,-0.340300862479097,0.059,0.111,1
"Gm48370",0.379529708653118,-0.375825260891991,0.059,0.111,1
"Rimoc1",0.379529708653118,-0.277512623550547,0.059,0.111,1
"Zfp943",0.379529708653118,-0.287591889433261,0.059,0.111,1
"Camk2a",0.379529708653118,-0.41157175311981,0.059,0.111,1
"2610002M06Rik",0.379529708653118,-0.342708695458954,0.059,0.111,1
"Stmn3",0.379756165025461,-0.366794667972324,0.353,0.397,1
"Gm46367",0.38076681547055,0.346441387948012,0.441,0.397,1
"Anxa3",0.381422664000597,0.33566681693294,0.235,0.159,1
"Marchf8",0.381422664000597,0.307513861266179,0.235,0.159,1
"Zfp445",0.381432642140892,-0.374451701521103,0.206,0.286,1
"Ube2q2",0.381749558762221,0.260860014431277,0.176,0.111,1
"St3gal3",0.382673487761273,-0.253497951084375,0.147,0.222,1
"Rufy2",0.382673487761273,-0.398726090140526,0.147,0.222,1
"Arsg",0.382673487761273,-0.393415626725462,0.147,0.222,1
"Ppp1r21",0.382882572286693,-0.336211155336574,0.294,0.349,1
"Lncpint",0.383423122886294,-0.257578882374901,0.147,0.238,1
"Erbin",0.383464768598166,0.252283205166736,0.824,0.73,1
"Sema6d",0.383645444730182,0.477747319708218,0.265,0.206,1
"Stau2",0.383650936296597,-0.479827873314531,0.118,0.175,1
"Rps25",0.383650936296597,-0.546487515872229,0.118,0.175,1
"Tgfa",0.386569519828614,-0.364455233508926,0.088,0.143,1
"Micu1",0.386569519828614,-0.401892785309243,0.088,0.143,1
"Chchd10",0.386569519828614,-0.521817410904334,0.088,0.143,1
"Gm16599",0.386601981227211,-0.388450617134743,0.176,0.238,1
"Trim3",0.386933820498256,0.426432259290252,0.147,0.095,1
"Lacc1",0.386933820498256,0.455868569121383,0.147,0.095,1
"Kcna1",0.387485562970237,-0.39954855235656,0.294,0.365,1
"Zfp639",0.387729877164586,-0.46090960695884,0.059,0.111,1
"Actl6a",0.387729877164586,-0.299464353538394,0.059,0.111,1
"Wsb2",0.387729877164586,-0.339331657351655,0.059,0.111,1
"Gtf2ird2",0.387729877164586,-0.302574976252391,0.059,0.111,1
"Zfp384",0.387729877164586,-0.458887602461235,0.059,0.111,1
"Got2",0.387729877164586,-0.349304034886353,0.059,0.111,1
"Tmem191c",0.387729877164586,-0.342346577321964,0.059,0.111,1
"Arl2",0.387729877164586,-0.370361684424352,0.059,0.111,1
"Rpl3",0.387832440510496,-0.391844175234065,0.265,0.365,1
"5031425E22Rik",0.387924849025225,0.319522141484206,0.294,0.222,1
"Arnt2",0.387924849025225,-0.379325712136823,0.206,0.27,1
"Naa20",0.388738031485045,0.250416181914439,0.176,0.111,1
"Stard3nl",0.388738031485045,0.287325287905576,0.176,0.111,1
"Rpp21",0.388738031485045,0.425398700456586,0.176,0.111,1
"Frmd4b",0.389288945003205,0.267594064599596,0.824,0.714,1
"Cd33",0.389299145743408,0.458919689422823,0.265,0.206,1
"Dleu2",0.389843435408332,-0.251915474072848,0.735,0.714,1
"Celf1",0.390038585436013,-0.358943492299354,0.382,0.429,1
"Gm28376",0.390328267484138,-0.277960933712025,0.412,0.492,1
"Tab2",0.390508193707258,-0.37077510725175,0.265,0.349,1
"Elf2",0.391562768662212,0.265077657843862,0.294,0.206,1
"Rpl6",0.391852960424109,-0.323795871692702,0.294,0.381,1
"Gab2",0.391896523637991,0.262653670482186,0.676,0.556,1
"Pebp1",0.392423282802927,-0.328393948051114,0.294,0.365,1
"Acin1",0.392423282802927,-0.275378270779579,0.294,0.365,1
"Ankhd1",0.392423282802927,-0.305137130693937,0.294,0.365,1
"Ube2h",0.392821111613112,-0.34586043818908,0.294,0.349,1
"Krit1",0.393434514858443,-0.445302989899065,0.206,0.27,1
"Pik3ap1",0.393434514858443,-0.368094809980528,0.206,0.27,1
"Dnajc24",0.393671549295659,0.266377570137675,0.235,0.159,1
"Ggta1",0.393861118377138,-0.406215367110909,0.088,0.143,1
"Cops3",0.393861118377138,-0.324576931793028,0.088,0.143,1
"Smad2",0.39451494721268,0.339647499747277,0.147,0.095,1
"Rpl10",0.394682490591031,-0.288433101999952,0.147,0.222,1
"Acap2",0.394879409896562,0.297192501461465,0.529,0.429,1
"C1ql3",0.395003250833153,-0.304721800932453,0.176,0.254,1
"Agk",0.395803841089125,0.28497974946286,0.176,0.111,1
"Ltn1",0.395803841089125,0.259777172057637,0.176,0.111,1
"Ttll5",0.395998555491378,0.40288199186513,0.412,0.333,1
"Kctd18",0.396037132202024,-0.317976760392657,0.059,0.111,1
"Rnf19b",0.396037132202024,-0.412737396519127,0.059,0.111,1
"Gcfc2",0.396037132202024,-0.30832199012338,0.059,0.111,1
"Thumpd3",0.396037132202024,-0.314531203305397,0.059,0.111,1
"Qtrt1",0.396037132202024,-0.258895219828336,0.059,0.111,1
"Celf5",0.396037132202024,-0.289137607749115,0.059,0.111,1
"Mettl16",0.396037132202024,-0.321345208189885,0.059,0.111,1
"Sgpp1",0.396037132202024,-0.28919958537448,0.059,0.111,1
"Gpatch2l",0.396037132202024,-0.272410046600027,0.059,0.111,1
"Caml",0.396037132202024,-0.274287146614017,0.059,0.111,1
"B4galt4",0.396037132202024,-0.348103577706142,0.059,0.111,1
"Pcdh7",0.396373846443809,0.342196264825576,0.206,0.143,1
"Wsb1",0.396373846443809,0.303770978231542,0.206,0.143,1
"Lmo2",0.396908034835663,-0.431034521051367,0.118,0.175,1
"Man2c1os",0.396908034835663,-0.343657841400006,0.118,0.175,1
"Rpl11",0.398182938044515,0.334822908502858,0.353,0.286,1
"Brd9",0.399884303257202,-0.429133152103636,0.147,0.206,1
"Sh3glb1",0.400650223230068,0.432928718512191,0.324,0.286,1
"Efnb3",0.400757597666142,-0.462425335159074,0.206,0.238,1
"Clu",0.401235365227965,-0.314307237862873,0.088,0.143,1
"Kdm5c",0.401235365227965,-0.377114125304333,0.088,0.143,1
"Slc37a2",0.402185240763624,0.350766198835837,0.147,0.095,1
"Naip2",0.402185240763624,0.325176272926457,0.147,0.095,1
"Gria2",0.402383245929571,-0.409301885100152,0.353,0.413,1
"Cmtm7",0.402920347844736,-0.300196604416817,0.118,0.19,1
"mt-Nd1",0.403543686086266,-0.391506353961091,0.412,0.46,1
"Gdi1",0.403837090892024,0.288237417968514,0.235,0.175,1
"Lrrc4c",0.403873118507363,0.351016435593674,0.676,0.635,1
"Romo1",0.404450973468271,-0.312748223964066,0.059,0.111,1
"Ubxn2b",0.404450973468271,-0.280634770102232,0.059,0.111,1
"Ncor2",0.404450973468271,-0.402515152050702,0.059,0.111,1
"Copb2",0.404450973468271,-0.307705440005244,0.059,0.111,1
"Mras",0.404450973468271,-0.367726749127116,0.059,0.111,1
"Wipf2",0.404450973468271,-0.449885023394975,0.059,0.111,1
"Paip1",0.404450973468271,-0.332465148867401,0.059,0.111,1
"Mmut",0.404450973468271,-0.267492964740231,0.059,0.111,1
"Rbm41",0.404450973468271,-0.259678543451963,0.059,0.111,1
"Slmap",0.404595087875804,-0.362166609198858,0.206,0.27,1
"Zfand5",0.404595087875804,-0.457494117775405,0.206,0.27,1
"Ptgs1",0.406155646628299,0.271080085641787,0.235,0.159,1
"Cd63",0.406155646628299,-0.393259396029029,0.147,0.206,1
"Zfp704",0.407067418817881,0.250337444035466,0.265,0.19,1
"Pbx3",0.407793995921727,-0.415766910623613,0.235,0.302,1
"H2aw",0.408691894081455,-0.309443849849501,0.088,0.143,1
"Cd180",0.408691894081455,-0.416250763888812,0.088,0.143,1
"Cdh2",0.409531217298458,-0.396800946116714,0.118,0.19,1
"Ndufaf2",0.410166206861339,0.256669877923814,0.176,0.111,1
"4930455C13Rik",0.410437794865258,-0.384584682688757,0.118,0.175,1
"Mtm1",0.410437794865258,-0.265178136532323,0.118,0.175,1
"Ensa",0.412485344966619,-0.459529669229979,0.147,0.206,1
"Fbrsl1",0.412485344966619,-0.360609593926101,0.147,0.206,1
"Zfp207",0.412536769199219,-0.445361822685911,0.235,0.286,1
"Grina",0.412536769199219,0.273490880045888,0.324,0.238,1
"BC035044",0.412970845842907,-0.254942242949361,0.059,0.111,1
"Aamdc",0.412970845842907,-0.279385165634973,0.059,0.111,1
"Apbb1",0.412970845842907,-0.271407797794058,0.059,0.111,1
"1600010M07Rik",0.412970845842907,-0.295861060332612,0.059,0.111,1
"Trir",0.412970845842907,-0.255524967710212,0.059,0.111,1
"Zbtb4",0.412970845842907,-0.280089060352396,0.059,0.111,1
"Dld",0.412970845842907,-0.364137391718348,0.059,0.111,1
"Luc7l3",0.413161578936258,0.291926455816688,0.382,0.302,1
"Ino80",0.413280881585955,0.715909107266753,0.235,0.19,1
"Cdk13",0.413863052297415,0.330416523202919,0.353,0.27,1
"Rpl28",0.41435523001249,-0.32626395395867,0.206,0.286,1
"Etv6",0.415604128066791,0.3702437358805,0.529,0.413,1
"E130307A14Rik",0.415942894948362,-0.466726185533652,0.206,0.27,1
"Rnf187",0.41620617420327,-0.268232870921869,0.118,0.19,1
"Arl8a",0.416230305636345,-0.337737664890074,0.088,0.143,1
"Ankrd13a",0.416230305636345,-0.29781373019476,0.088,0.143,1
"Anapc16",0.416230305636345,-0.365261395515331,0.088,0.143,1
"Pip5k1c",0.416230305636345,-0.357308269476644,0.088,0.143,1
"Cplx2",0.416230305636345,-0.351159517835629,0.088,0.143,1
"Timm23",0.416230305636345,-0.298939645284523,0.088,0.143,1
"Sh3pxd2a",0.416230305636345,-0.440208255399966,0.088,0.143,1
"Cfl2",0.416531557210239,0.25036535809671,0.353,0.27,1
"Uba5",0.4173041981269,-0.326381600819976,0.118,0.175,1
"Pex7",0.417462059295739,0.34440287104642,0.176,0.111,1
"Tmem132d",0.417791631014752,0.288024131124597,0.147,0.095,1
"Ufc1",0.421596139063246,-0.288682226326475,0.059,0.111,1
"Ostf1",0.421596139063246,-0.318747450447089,0.059,0.111,1
"Gm26542",0.421686563038074,0.283133684304575,0.294,0.222,1
"Ust",0.422944917613343,0.45188934573421,0.206,0.143,1
"Ap2m1",0.423845510089255,-0.425419618953944,0.088,0.143,1
"Tet1",0.42385016743491,-0.281419464354833,0.088,0.143,1
"Selenom",0.42385016743491,-0.304521005002338,0.088,0.143,1
"Tfcp2",0.424833840873884,0.299848588204854,0.176,0.111,1
"Selenos",0.424909374902033,0.309419757600191,0.176,0.127,1
"Rbm26",0.425134562181265,-0.286587211568642,0.441,0.46,1
"Srsf6",0.425318784926286,-0.347003303208492,0.147,0.206,1
"Trafd1",0.425726782685962,0.351777164957069,0.147,0.095,1
"Usp2",0.425726782685962,0.310105901555498,0.147,0.095,1
"Apobec3",0.425726782685962,0.340749687454447,0.147,0.095,1
"Unc93b1",0.427108352508209,0.277824336380017,0.412,0.317,1
"Snrpn",0.427330343153073,-0.295667235155096,0.265,0.317,1
"Rnpep",0.428165587756924,-0.367543770748269,0.176,0.238,1
"Retreg3",0.428165587756924,-0.398629480040184,0.176,0.238,1
"Large1",0.429763930970061,-0.31954039096734,0.441,0.444,1
"Mettl7a1",0.429837646265016,-0.330487386939398,0.265,0.333,1
"Bmpr2",0.430276422607192,-0.363093011168306,0.176,0.254,1
"Abcg2",0.431238403576056,-0.316437376799439,0.118,0.175,1
"Gpr37",0.431551013729727,-0.371933772838349,0.088,0.143,1
"Fxyd7",0.431551013729727,-0.318857920160263,0.088,0.143,1
"Bub3",0.431551013729727,-0.293034148102863,0.088,0.143,1
"Saraf",0.431821973639223,-0.256020887116823,0.147,0.206,1
"Hexa",0.431821973639223,-0.295169819701258,0.147,0.206,1
"Rbm28",0.432124168939242,0.414274230190931,0.176,0.127,1
"Tbc1d9b",0.432124168939242,0.438429991018228,0.176,0.127,1
"Sec11c",0.432787942098989,-0.393045816285817,0.265,0.317,1
"Tpk1",0.433749210795885,0.35625832281992,0.147,0.095,1
"Nek1",0.433749210795885,0.28577170032696,0.147,0.095,1
"Tmem134",0.433749210795885,0.315794323302308,0.147,0.095,1
"Cab39",0.434308535928194,-0.319373392925677,0.176,0.238,1
"Agmo",0.437027131362411,0.416187598378645,0.529,0.46,1
"Grm7",0.43722585934198,0.685506114192147,0.5,0.429,1
"Ctsh",0.437399005332004,0.256623708425423,0.265,0.19,1
"Ywhae",0.437465311979384,-0.311783209580315,0.265,0.349,1
"Ranbp9",0.438129675059489,0.536893128932522,0.235,0.19,1
"Arpc1a",0.438301675703691,-0.295258740283217,0.118,0.175,1
"Dcaf6",0.438305478475682,-0.309142580198435,0.118,0.175,1
"Pja2",0.439194214598515,-0.264935218565689,0.206,0.27,1
"Csnk2a2",0.439332345372376,-0.33227944516315,0.088,0.143,1
"Gga3",0.439332345372376,-0.262704541271578,0.088,0.143,1
"Dtnbp1",0.439332345372376,-0.315187999816305,0.088,0.143,1
"Ccdc85b",0.439332345372376,-0.302013249082965,0.088,0.143,1
"Nsmaf",0.439409418899825,0.444933700409733,0.176,0.127,1
"Arid1b",0.440140533701839,-0.278437973118162,0.324,0.397,1
"Prpf4b",0.440388594832741,-0.29022544573058,0.529,0.571,1
"Vti1b",0.440502093990644,-0.29968425808666,0.176,0.238,1
"Fam102a",0.441858345764637,0.298595716712038,0.147,0.095,1
"Rragc",0.441858345764637,0.257750656314227,0.147,0.095,1
"Rbks",0.441858345764637,0.314935950035507,0.147,0.095,1
"Hcn2",0.441858345764637,0.338193192139574,0.147,0.095,1
"Gabarap",0.441858345764637,0.320233333624553,0.147,0.095,1
"Senp7",0.442428593550886,-0.266097781566256,0.176,0.254,1
"Ptbp3",0.442766434700106,0.432668520496613,0.382,0.333,1
"Skil",0.443617767645306,0.274942800750447,0.265,0.19,1
"Gde1",0.443823328162451,-0.253533263295975,0.265,0.317,1
"Cltc",0.444252544159133,-0.28096305384538,0.382,0.46,1
"Atrx",0.444252544159133,-0.270561300507248,0.382,0.46,1
"Rps23",0.44447352228783,-0.410583190170522,0.176,0.222,1
"Pld4",0.444554801687851,-0.524818407340335,0.147,0.19,1
"Neo1",0.445121581158547,0.264291768919903,0.294,0.222,1
"Zfp329",0.445438678562483,-0.355120914879446,0.118,0.175,1
"Synrg",0.445438678562483,-0.303593823969034,0.118,0.175,1
"Tmem119",0.446197992365572,-0.345567810712773,0.265,0.333,1
"Kdm2a",0.446506137209476,-0.342814261914586,0.235,0.286,1
"Negr1",0.446537404364144,0.324709269435336,0.382,0.317,1
"Ptpn4",0.446764687075702,0.362311395764283,0.176,0.127,1
"3110021N24Rik",0.446764687075702,0.42864183977063,0.176,0.127,1
"Ntpcr",0.446764687075702,0.286061526328102,0.176,0.127,1
"Gm37376",0.446764687075702,0.450702094308925,0.176,0.127,1
"Gm2245",0.446780226368974,-0.295557714801605,0.235,0.302,1
"Fis1",0.447193629724444,-0.250285913739341,0.088,0.143,1
"Gabrb1",0.448097608635485,-0.310262333310009,0.059,0.111,1
"2210016L21Rik",0.450053578977224,0.37994658329677,0.147,0.095,1
"Slc46a3",0.450053578977224,0.259575839439872,0.147,0.095,1
"Fgf12",0.450869459858282,-0.420207373901969,0.176,0.222,1
"Npc1",0.450869459858282,-0.399606057509356,0.176,0.222,1
"Mark2",0.452318576043995,-0.34746960297412,0.235,0.286,1
"Gm28375",0.452637583016098,-0.412534993167975,0.118,0.175,1
"Lrig2",0.452637583016098,-0.294680311655194,0.118,0.175,1
"C1qa",0.452699395678181,-0.288316347385527,0.471,0.54,1
"Alkbh1",0.45418951001934,0.386091247492077,0.176,0.127,1
"Gtf2h2",0.455015409067984,0.326944057673692,0.353,0.27,1
"Eef2",0.455134300591114,-0.274951878515908,0.088,0.143,1
"Epb41",0.457137371205302,0.666504432446128,0.118,0.079,1
"Scd2",0.458101331637006,-0.267904930888822,0.676,0.635,1
"Stim1",0.458267437348737,-0.402581393164246,0.147,0.19,1
"Jpx",0.458267437348737,-0.30154104783938,0.147,0.19,1
"Abca8a",0.458334262711534,0.252370285834024,0.147,0.095,1
"4930444A19Rik",0.459189200114647,-0.300585331728593,0.206,0.254,1
"Itgav",0.459336237750856,0.316848168397563,0.382,0.286,1
"Enox1",0.459465976734569,0.413077046159881,0.5,0.413,1
"Pxk",0.459901748079561,-0.285861468643562,0.118,0.175,1
"Ctdspl2",0.461379239484789,0.251459441233781,0.235,0.175,1
"ENSMUSG00000120976",0.461379239484789,0.286017661024212,0.235,0.175,1
"Hsbp1",0.461683398512146,-0.602653211667844,0.118,0.159,1
"Wdpcp",0.461683398512146,0.343231448995327,0.176,0.127,1
"Hnrnpa3",0.462907212228047,-0.45490933274765,0.265,0.333,1
"Atp5c1",0.463816352579934,-0.263275465739579,0.176,0.222,1
"Arhgef11",0.463816352579934,0.325162047855914,0.235,0.19,1
"Sgk3",0.464697462526783,0.25338069534009,0.206,0.143,1
"Gm9895",0.466278668280663,0.328876894934646,0.118,0.079,1
"Cacna1c",0.466699710095227,-0.339127665707773,0.088,0.127,1
"Irf2bp2",0.466699710095227,-0.305983287620324,0.088,0.127,1
"Osbp",0.466699710095227,0.313481263478563,0.147,0.095,1
"Cltb",0.467230707042796,-0.408857341985493,0.118,0.175,1
"Sf3b2",0.467230707042796,-0.282579449582492,0.118,0.175,1
"Pcm1",0.468219451478912,0.332980866600481,0.382,0.317,1
"Clta",0.469229343982291,-0.333362693658409,0.265,0.317,1
"Nfatc3",0.469245837548401,0.309354730562145,0.176,0.127,1
"Rps6kb2",0.469245837548401,0.277471781571326,0.176,0.127,1
"Psat1",0.469245837548401,0.308100805328345,0.176,0.127,1
"Vamp2",0.46928194236522,0.306790329967062,0.294,0.222,1
"Pibf1",0.46928194236522,-0.274539723760683,0.206,0.27,1
"Pik3c2b",0.469786305000488,-0.453734673697088,0.235,0.27,1
"Akap11",0.470366645005276,-0.392439053886816,0.176,0.222,1
"Cdc5l",0.470881342569702,0.619736020614956,0.118,0.079,1
"Mir100hg",0.47203158469087,-0.266258031118465,0.147,0.206,1
"Rpl32",0.47221415024645,0.272458679304143,0.206,0.159,1
"Nrxn1",0.474673885088439,-0.284976506263168,0.412,0.476,1
"Aff1",0.475149195091866,-0.321154477349003,0.088,0.127,1
"Flrt2",0.475520554684472,0.347060617736517,0.118,0.079,1
"Trappc8",0.475991012760815,-0.41717791169635,0.235,0.286,1
"Atp2a2",0.476498080998655,-0.252225262628046,0.294,0.365,1
"Usp48",0.476876286334915,0.334726826821128,0.176,0.127,1
"Denn2b",0.476876286334915,0.536108882204791,0.176,0.127,1
"Calr",0.476876286334915,-0.325780200701772,0.118,0.159,1
"Ccdc12",0.476876286334915,-0.422918573207116,0.118,0.159,1
"Hace1",0.476876286334915,0.334650525292477,0.176,0.127,1
"Igfbp6",0.476876286334915,-0.493150261577819,0.118,0.159,1
"Nr3c1",0.477876407166695,-0.335637270683454,0.265,0.317,1
"Capza1",0.478137187182096,-0.447372626947051,0.176,0.206,1
"Bmt2",0.479108305106158,0.251980280212526,0.206,0.143,1
"Ap3d1",0.479108305106158,0.294866049763455,0.206,0.143,1
"Chgb",0.479274237997893,0.296978450500018,0.206,0.159,1
"Zfyve9",0.479274237997893,0.522176857275875,0.206,0.159,1
"Rbbp6",0.479274237997893,-0.337476530870131,0.147,0.19,1
"Marchf5",0.479426466233023,-0.334877502190672,0.088,0.143,1
"Rabgap1",0.480550276060864,0.335340609536296,0.412,0.317,1
"Fmnl3",0.481628855421164,-0.274572052444378,0.206,0.27,1
"Rictor",0.482013501234807,-0.277107096876773,0.235,0.286,1
"Xpo1",0.482081025055971,-0.266745924186357,0.118,0.175,1
"Ube2d2a",0.483619157164438,-0.391076326024778,0.176,0.222,1
"Ephx4",0.48367720981556,-0.383789339391855,0.088,0.127,1
"Arhgef2",0.48368195251658,-0.355770779119525,0.088,0.127,1
"Pdcd4",0.48368195251658,-0.402028422660481,0.088,0.127,1
"Fau",0.484772729543927,-0.274031375004889,0.382,0.429,1
"Taok1",0.484807950183998,0.254174915478883,0.324,0.254,1
"Rnf103",0.484862029199693,0.292559471366947,0.118,0.079,1
"Ap3m1",0.484862029199693,0.303174672597329,0.118,0.079,1
"Fkbp5",0.484862029199693,0.393348896168156,0.118,0.079,1
"Gria3",0.485879531805727,-0.260875181542732,0.147,0.206,1
"Ndufb1",0.486391550554286,-0.435433606186862,0.147,0.19,1
"Stx7",0.488077190951398,-0.30270850856956,0.235,0.286,1
"Vrk2",0.488104040389153,0.302179034320005,0.294,0.238,1
"Gm19500",0.488106459786823,0.329292794895955,0.294,0.238,1
"Mical3",0.488354366406993,0.267340116684413,0.235,0.175,1
"9130019P16Rik",0.489095486013809,0.443728326663584,0.382,0.302,1
"Ccdc59",0.489601335956691,-0.255203629206716,0.118,0.175,1
"Stxbp6",0.490130662449765,0.351427899659084,0.5,0.429,1
"Slc30a9",0.490320627806094,0.255265891336728,0.235,0.19,1
"Appl2",0.490320627806094,-0.302339821076044,0.176,0.222,1
"Zfp646",0.492292483877298,-0.372586730032574,0.088,0.127,1
"Ncf1",0.492297178081583,-0.337290447674062,0.088,0.127,1
"Homer1",0.492297178081583,-0.334740226390633,0.088,0.127,1
"Mpeg1",0.492297178081583,-0.407999457975852,0.088,0.127,1
"Npat",0.492338921157574,0.403868232334486,0.176,0.127,1
"Cert1",0.492338921157574,-0.385443331944645,0.118,0.159,1
"8030442B05Rik",0.492670216106701,0.411118689657444,0.382,0.349,1
"Rpl35a",0.492885058620451,-0.266248797261448,0.147,0.206,1
"Atp6v0d1",0.493565617583553,0.294671465001129,0.206,0.159,1
"Npepps",0.494297722219033,-0.349112350470195,0.235,0.27,1
"Samd4",0.494297722219033,0.258846580823673,0.294,0.238,1
"Coro1a",0.494302034640475,0.450199100126569,0.118,0.079,1
"Pdcd6",0.494302034640475,0.456610007865482,0.118,0.079,1
"Trp53cor1",0.494302034640475,0.306638053458633,0.118,0.079,1
"Ccnl2",0.495228625593822,0.308358383708069,0.235,0.175,1
"Ctsa",0.496006283347793,-0.317088383470755,0.088,0.143,1
"Esyt2",0.497071718156533,0.585692752020179,0.235,0.19,1
"Jund",0.499944353628898,-0.263862284636866,0.147,0.206,1
"Amn1",0.50016989688952,0.293270652613576,0.176,0.127,1
"Adam17",0.50016989688952,0.275836588307829,0.176,0.127,1
"Wdr17",0.500994028471765,-0.635796878782859,0.088,0.127,1
"Twf1",0.500994028471765,-0.30219216046483,0.088,0.127,1
"Arhgdig",0.500994028471765,-0.308321151860415,0.088,0.127,1
"5330434G04Rik",0.500994028471765,-0.3171008320018,0.088,0.127,1
"Abcc5",0.501948369563019,-0.264149631173936,0.294,0.333,1
"Tmem234",0.502154235696239,-0.50867557111585,0.176,0.206,1
"Tns3",0.502438415136446,-0.303580853529482,0.353,0.397,1
"Kcnab1",0.503829456963431,-0.330361009803624,0.324,0.381,1
"Pigv",0.503839457974818,0.285681422987431,0.118,0.079,1
"Plbd2",0.503839457974818,0.264609083480965,0.118,0.079,1
"Cep44",0.503839457974818,0.25605020150792,0.118,0.079,1
"Amd1",0.503839457974818,0.312545739993968,0.118,0.079,1
"Cebpzos",0.503839457974818,0.323652684566797,0.118,0.079,1
"Wdr13",0.503839457974818,0.288048312080984,0.118,0.079,1
"Gmds",0.503872017803506,-0.33303850663735,0.176,0.222,1
"Cadm4",0.50440950150763,-0.275623922119065,0.088,0.143,1
"Gnb1",0.505253983281442,-0.316014762853316,0.265,0.302,1
"Cct7",0.508066461874716,-0.340407968704298,0.118,0.159,1
"Atg10",0.508066461874716,0.279448011647995,0.176,0.127,1
"Myrf",0.508066461874716,-0.287482843655521,0.118,0.159,1
"Rbm47",0.508082040837554,-0.32531644953461,0.147,0.19,1
"Tmem87b",0.509771621450598,-0.255467805845136,0.088,0.127,1
"Gm45640",0.509771621450598,-0.316691700663656,0.088,0.127,1
"Arid3b",0.509771621450598,-0.363064676956124,0.088,0.127,1
"Tbc1d4",0.509771621450598,-0.429246983093735,0.088,0.127,1
"Sod2",0.509771621450598,-0.286785214441651,0.088,0.127,1
"Prrc2a",0.509771621450598,-0.275006645673739,0.088,0.127,1
"Elp2",0.509771621450598,-0.273666991967254,0.088,0.127,1
"Slc20a2",0.509852935303532,0.27191200163447,0.265,0.222,1
"Med14",0.512887202531505,0.401693919869811,0.147,0.111,1
"Gusb",0.513473130499197,0.336976226625194,0.118,0.079,1
"Mcu",0.513473130499197,0.369986057777917,0.118,0.079,1
"Ap4s1",0.513473130499197,0.330006643520719,0.118,0.079,1
"Ndst1",0.513473130499197,0.285772450232852,0.118,0.079,1
"Ube2a",0.513473130499197,0.262231198261361,0.118,0.079,1
"Ccz1",0.5154233636475,0.267213854427015,0.206,0.159,1
"Cdc40",0.5154233636475,-0.295017873597445,0.147,0.19,1
"Sarnp",0.5154233636475,-0.292435050355233,0.147,0.19,1
"4732440D04Rik",0.51602794693651,-0.286194632533747,0.118,0.159,1
"Rps12",0.51602794693651,-0.521318550579948,0.118,0.159,1
"Pdia3",0.516323963771245,-0.447432521950338,0.294,0.302,1
"Taf15",0.517408528408392,0.291777834831056,0.324,0.27,1
"Pop5",0.518629035996548,-0.381270014785455,0.088,0.127,1
"Polr2c",0.518629035996548,-0.288563280424863,0.088,0.127,1
"Lin52",0.518629035996548,-0.377509222229822,0.088,0.127,1
"Myh9",0.518629035996548,-0.355683387874575,0.088,0.127,1
"Fech",0.518629035996548,-0.266785593265639,0.088,0.127,1
"Timp2",0.520303629809484,0.333539413110388,0.176,0.143,1
"Foxp1",0.521046869323483,-0.341607761706354,0.265,0.333,1
"Wasf2",0.521410841848158,-0.515540543228551,0.265,0.286,1
"Rab21",0.52143855218093,0.45271515164297,0.147,0.111,1
"Maco1",0.522819374220362,0.292429161661721,0.206,0.159,1
"Pgk1",0.522819374220362,-0.366721398287154,0.147,0.19,1
"Pacs2",0.522961032194306,0.321630136035661,0.265,0.222,1
"Fbxl4",0.523201828065482,0.263483020080844,0.118,0.079,1
"Psmd8",0.523201828065482,0.276782910198347,0.118,0.079,1
"Senp1",0.523201828065482,0.269272563237817,0.118,0.079,1
"Slc38a9",0.523234622343935,-0.398364962669775,0.176,0.206,1
"Spacdr",0.523542069072169,-0.395078843745083,0.265,0.302,1
"Nfyc",0.524053657445722,0.253012461944932,0.176,0.127,1
"Tanc1",0.524563854341161,-0.463363168666877,0.176,0.222,1
"Olfml3",0.524563854341161,-0.292604910854409,0.176,0.222,1
"Capzb",0.524563854341161,-0.284050478716764,0.176,0.222,1
"Clip1",0.524563854341161,-0.283906993173294,0.176,0.222,1
"Ube2e2",0.527011174083384,0.342743834533005,0.647,0.619,1
"Dnajc19",0.527565312470134,-0.307206255709275,0.088,0.127,1
"Lamtor4",0.527565312470134,-0.326924429925511,0.088,0.127,1
"Cdipt",0.527565312470134,-0.302938964876439,0.088,0.127,1
"Grin2a",0.527565312470134,-0.367028049031927,0.088,0.127,1
"Smap2",0.52810635857091,-0.300629720578041,0.412,0.413,1
"Akap13",0.529708563552724,0.317508523837204,0.382,0.302,1
"Slc25a27",0.529712695927709,-0.313224273645039,0.265,0.302,1
"Rpl7l1",0.530062683121286,0.393014013561962,0.147,0.111,1
"Il6ra",0.530269509832367,-0.288673326466664,0.147,0.19,1
"Zfp609",0.531556601970873,0.364466079116583,0.235,0.19,1
"Oxct1",0.531650887446265,-0.37779562382686,0.235,0.286,1
"Rpl27a",0.532142873433544,-0.250859402467602,0.118,0.159,1
"Rps15a",0.532142873433544,-0.283128070396076,0.118,0.159,1
"4833420G17Rik",0.532142873433544,-0.263613324566897,0.118,0.159,1
"Eif4enif1",0.533024271360443,0.284027397626238,0.118,0.079,1
"Rtn4rl1",0.533024271360443,0.267788360184442,0.118,0.079,1
"Sorbs3",0.533024271360443,0.275923389868087,0.118,0.079,1
"Picalm",0.535690318301022,0.28503079272963,0.559,0.54,1
"Gm5086",0.53603025560773,0.479147731207503,0.206,0.175,1
"Pgap1",0.536579452811776,-0.302651290835649,0.088,0.127,1
"Psmb7",0.536579452811776,0.335138212125684,0.088,0.127,1
"Mios",0.536579452811776,-0.314151599039321,0.088,0.127,1
"Phka1",0.536579452811776,-0.327869957328324,0.088,0.127,1
"Mindy2",0.538596293472717,0.257401797547728,0.235,0.19,1
"Ehbp1",0.538596293472717,0.41115762688628,0.235,0.19,1
"Arhgap31",0.538786789921567,-0.336606600828089,0.235,0.27,1
"Ankub1",0.540294849720934,0.345831991466586,0.176,0.127,1
"2700049A03Rik",0.542939126238028,0.312216676899239,0.118,0.079,1
"Tcp11l1",0.543129313531138,0.29564707589166,0.147,0.111,1
"Ggact",0.543401667547925,0.350330409906641,0.206,0.175,1
"Btbd9",0.54476014412893,0.412814335603926,0.235,0.175,1
"Atp6v1h",0.545329814056664,-0.253580949130154,0.147,0.19,1
"Pard3b",0.545329814056664,-0.365083380791094,0.147,0.19,1
"Map3k5",0.545329814056664,-0.322005559205303,0.147,0.19,1
"Khdrbs3",0.545329814056664,-0.318008112809982,0.147,0.19,1
"Dph6",0.545670420770505,-0.262429587214331,0.088,0.127,1
"Yipf1",0.545670420770505,-0.437836390891104,0.088,0.127,1
"Eya3",0.545670420770505,-0.268762872332322,0.088,0.127,1
"Rab8b",0.545682433485692,-0.315380061411188,0.176,0.222,1
"Birc6",0.546952454119432,0.268549502930151,0.353,0.27,1
"Agfg1",0.548508816064522,-0.313905693823264,0.118,0.159,1
"Rab39",0.548508816064522,-0.351984199468312,0.118,0.159,1
"Rab7",0.552031827971033,-0.358462887739587,0.176,0.206,1
"Ccdc93",0.552938766295426,0.277245895611761,0.206,0.159,1
"Havcr2",0.552938766295426,-0.330276975481611,0.147,0.19,1
"Nme1",0.552938766295426,-0.327577784830401,0.147,0.19,1
"Sptlc2",0.552938766295426,-0.320966530833114,0.147,0.19,1
"4930420G21Rik",0.552938766295426,0.295851932479005,0.206,0.159,1
"Abcf2",0.552945004104572,0.269746467342993,0.118,0.079,1
"Pla2g15",0.552945004104572,0.29068818001752,0.118,0.079,1
"Cab39l",0.553296402171108,0.297759241847121,0.265,0.206,1
"Vxn",0.554837142163605,-0.305196808788354,0.088,0.127,1
"Timm10b",0.554837142163605,-0.378335992208548,0.088,0.127,1
"Ppp1r2",0.554837142163605,-0.286472915888099,0.088,0.127,1
"Atxn3",0.556362597683855,0.268285750124601,0.147,0.111,1
"Sik2",0.557487530388182,0.256880881992284,0.382,0.317,1
"Gpr34",0.559138572888513,0.425979563979007,0.412,0.365,1
"Npc2",0.562550086590564,-0.2967521291684,0.147,0.175,1
"Sertad2",0.564078505167198,-0.270372626280445,0.088,0.127,1
"Hdgfl3",0.565268525055402,0.404396596812657,0.147,0.111,1
"Cbx1",0.565268525055402,0.410701280140509,0.147,0.111,1
"Zfp871",0.565268525055402,0.319389534809272,0.147,0.111,1
"Cisd2",0.567214382577464,-0.270852170715987,0.176,0.222,1
"Tmbim6",0.567217094928002,0.33789612559272,0.294,0.254,1
"Crppa",0.568149436348087,0.305082333927328,0.176,0.143,1
"Inpp4b",0.56914478447017,-0.271933982629027,0.588,0.619,1
"Pomp",0.569884935989567,-0.419458989033095,0.118,0.143,1
"2610035D17Rik",0.570508353381251,-0.399095524816851,0.265,0.27,1
"Wdr26",0.573130598914046,0.300673080685052,0.382,0.333,1
"Ogfrl1",0.573393360637759,-0.254761395142229,0.088,0.127,1
"Rpl30",0.574185753477619,-0.351217398313874,0.206,0.238,1
"Eif2ak4",0.57424240748343,0.398365652753056,0.147,0.111,1
"Ubr4",0.57424240748343,0.323953960574667,0.147,0.111,1
"Mrpl20",0.57424240748343,0.255950747308866,0.147,0.111,1
"Naa16",0.57424240748343,0.328522911502849,0.147,0.111,1
"St13",0.574481085774729,-0.25226469520305,0.176,0.222,1
"Prkcz",0.574486948464199,0.433923875016471,0.235,0.206,1
"Akap10",0.576073148460378,0.29972443700451,0.206,0.159,1
"Gon4l",0.577730819401961,-0.253064335747677,0.118,0.159,1
"Zzz3",0.578442178944275,-0.443023841309422,0.147,0.175,1
"Gm16541",0.58196830944144,-0.274691000578089,0.118,0.159,1
"Ctr9",0.582780522464515,-0.253848962230773,0.088,0.127,1
"Cfap74",0.583283183529245,0.261609930491725,0.147,0.111,1
"Pcsk6",0.583283183529245,0.320325761660307,0.147,0.111,1
"5830418P13Rik",0.587348118009654,-0.306151524011984,0.118,0.143,1
"Ybx1",0.589088810575977,-0.260085860082833,0.176,0.206,1
"Mrfap1",0.590479807460228,-0.289639433458302,0.118,0.159,1
"Ywhaq",0.590752142533436,-0.306085012005713,0.382,0.429,1
"Gatad2b",0.590996280261017,-0.291961251611538,0.206,0.254,1
"Lrrtm3",0.591976790983504,-0.287347451470109,0.235,0.27,1
"1700110C19Rik",0.592238767952642,-0.27111199940599,0.088,0.127,1
"Pkd1",0.592836689530287,0.351354152591977,0.176,0.143,1
"Atp5o.1",0.595467437395071,-0.266944975895703,0.294,0.317,1
"Mapkap1",0.596370700472569,0.36048662029279,0.206,0.175,1
"Chd2",0.59654145940796,-0.326192177072234,0.176,0.222,1
"Akirin2",0.598017655573439,0.373171297038469,0.265,0.222,1
"Rps2",0.598017655573439,-0.342574567768043,0.206,0.254,1
"Pum1",0.598655227972783,-0.288227417036424,0.265,0.286,1
"Slc1a3",0.598655227972783,-0.265683508456997,0.265,0.286,1
"Pigk",0.601766838237132,-0.348486429080215,0.088,0.127,1
"Zfp182",0.603104390752288,0.327936936965275,0.353,0.317,1
"Tmeff1",0.603889376604485,0.274673566816173,0.294,0.254,1
"Sec24b",0.603979702606176,0.305753801000794,0.235,0.19,1
"Ube2e3",0.604226363777503,-0.336354264745873,0.176,0.206,1
"Rnf111",0.6050766679063,-0.393298891875917,0.206,0.254,1
"Plekhm2",0.60980809441153,0.270988147684257,0.265,0.206,1
"Eftud2",0.610795790436593,0.250034761978547,0.147,0.111,1
"Nr1d2",0.610843988311591,-0.335002508937447,0.147,0.175,1
"ENSMUSG00000120385",0.611860051105943,-0.351057121492509,0.176,0.206,1
"Khdrbs1",0.612526412683403,0.266993372400954,0.294,0.238,1
"Adgrl3",0.612526412683403,-0.285280921716303,0.235,0.27,1
"Uvrag",0.613143936039704,0.353687739066314,0.324,0.27,1
"Fut8",0.614220497523189,-0.4132929336452,0.235,0.254,1
"Rps24",0.614220497523189,0.411109128502636,0.265,0.238,1
"Atxn1",0.615981788129112,-0.266115249820547,0.353,0.381,1
"Ankrd10",0.619068506127063,-0.38900457307276,0.147,0.175,1
"Syf2",0.621112603060193,-0.319821906555001,0.088,0.111,1
"Snrpd2",0.621112603060193,-0.316205321776973,0.088,0.111,1
"Pura",0.627251209816984,0.438793484974566,0.324,0.286,1
"Zc3h12b",0.627340996356265,-0.429476912895224,0.147,0.175,1
"Dad1",0.627657434393212,-0.364300134305759,0.176,0.19,1
"Ankrd17",0.627845197397681,0.26182056141094,0.353,0.286,1
"Cux1",0.628318113067885,0.54873309971101,0.265,0.238,1
"Gm17106",0.628318113067885,-0.3186914030443,0.235,0.254,1
"Rps6kc1",0.62945114129688,0.351858182280481,0.147,0.111,1
"Dbi",0.631264845642788,-0.311576578240169,0.088,0.111,1
"Gcn1",0.632053956521793,-0.347923050457373,0.118,0.143,1
"Arhgap32",0.633678375141834,-0.254818839334525,0.206,0.254,1
"Usp25",0.635012676446284,-0.296154943521941,0.176,0.206,1
"Cul5",0.635038009558216,0.298695331556034,0.176,0.143,1
"Ncoa1",0.63505014085715,-0.252765368342665,0.324,0.349,1
"Rock2",0.638355860668242,0.350869054979357,0.441,0.397,1
"Ppp1r9a",0.639810792172113,-0.284154438297988,0.5,0.476,1
"Eif2s2",0.64100446177468,-0.295590514359261,0.324,0.302,1
"Copa",0.641166195464803,-0.466194417361183,0.118,0.143,1
"Tlr7",0.641166195464803,-0.344104833478709,0.118,0.143,1
"Spg7",0.641487135439393,0.419918534027092,0.118,0.095,1
"Gm35154",0.641487135439393,0.461436444662131,0.118,0.095,1
"Dtnb",0.641487135439393,-0.303790425398595,0.088,0.111,1
"Dhrs7",0.641487135439393,-0.324122849496422,0.088,0.111,1
"Ermn",0.641612188139884,-0.377883457977,0.441,0.444,1
"Il1rapl1",0.642679134361857,-0.367902928236076,0.529,0.524,1
"Yy1",0.642811748220454,-0.406256202746187,0.176,0.206,1
"Chm",0.642811748220454,-0.295068820919903,0.176,0.206,1
"Rpl22l1",0.644026441205413,-0.312891599305429,0.147,0.175,1
"Dennd1a",0.64588858219372,0.346218780757655,0.412,0.381,1
"Immp2l",0.647926788526268,-0.287270221665179,0.324,0.333,1
"Rhoq",0.64822384031307,0.361473510234445,0.176,0.159,1
"Gtdc1",0.649719842706214,-0.351355341091002,0.235,0.254,1
"Nudt5",0.650332824459234,-0.259698670693549,0.118,0.143,1
"Slc25a37",0.650332824459234,-0.281588041539741,0.118,0.143,1
"Atp5d",0.65065038911884,-0.310468349855713,0.176,0.206,1
"Phip",0.651094246738912,0.277048748769802,0.353,0.333,1
"Dstn",0.65177784333491,-0.295590083342818,0.088,0.111,1
"Slc25a11",0.65177784333491,-0.301905670287601,0.088,0.111,1
"Rb1cc1",0.652037739666298,-0.395487044526559,0.265,0.27,1
"1110004F10Rik",0.652267034150598,0.290725743111697,0.176,0.143,1
"Luzp2",0.652437625107783,-0.531297796966032,0.147,0.175,1
"Babam2",0.655585558849903,0.362929727925336,0.235,0.206,1
"Washc4",0.656919626482162,0.286789294618397,0.265,0.238,1
"Bmpr1a",0.659628229998858,0.283633938943721,0.206,0.175,1
"Gca",0.662135301133344,-0.265994654455682,0.088,0.111,1
"Stx17",0.662135301133344,0.291459981452452,0.118,0.095,1
"Napa",0.662135301133344,-0.274479657834752,0.088,0.111,1
"Pmm1",0.662135301133344,-0.391935989218581,0.088,0.111,1
"Pigq",0.662135301133344,0.309134936547539,0.118,0.095,1
"Rnf14",0.662135301133344,-0.299108373650561,0.088,0.111,1
"Rps6ka3",0.664151400496681,0.439220084131348,0.265,0.238,1
"Frs2",0.667719805841743,0.339480827553965,0.206,0.175,1
"Inpp5d",0.668225687658658,-0.356921074468222,0.676,0.73,1
"Dnm1",0.66882451345368,-0.277630064431285,0.118,0.143,1
"Arl8b",0.66882451345368,-0.259530071000733,0.118,0.143,1
"Phf8",0.66882451345368,-0.256840996693192,0.118,0.143,1
"Jun",0.672557802330755,-0.402143741327932,0.088,0.111,1
"Scfd2",0.672557802330755,0.312612552287831,0.118,0.095,1
"Parl",0.672557802330755,-0.277321458800692,0.088,0.111,1
"Stk4",0.674066164134672,-0.253509948800571,0.147,0.159,1
"Ttc9b",0.677934035429805,-0.265969559221344,0.147,0.175,1
"Kctd13",0.677934035429805,-0.397932400264606,0.147,0.175,1
"Pycr2",0.678147143723027,-0.277765535500782,0.118,0.143,1
"Mrps10",0.678147143723027,-0.261654997124126,0.118,0.143,1
"Ahcyl2",0.678459770334141,0.376443852725201,0.176,0.143,1
"Cep68",0.682330202836625,-0.290477569225353,0.206,0.222,1
"Ppp1r10",0.682330202836625,-0.267543528621687,0.206,0.222,1
"Ahsa1",0.683043602924758,-0.279993416119408,0.088,0.111,1
"Tomm70a",0.683043602924758,0.327595166869584,0.118,0.095,1
"Tnfaip8",0.683043602924758,-0.402247209456349,0.088,0.111,1
"Fbxl5",0.684218293872884,0.402940798723128,0.294,0.27,1
"Zfp710",0.685461505327347,0.256270582676737,0.412,0.397,1
"Rack1",0.687519305503181,-0.432544451221043,0.118,0.143,1
"Thoc2",0.689004541555436,-0.270200421013755,0.353,0.365,1
"Tmem30a",0.692233133210496,-0.356219046701988,0.176,0.19,1
"Nsmce3",0.693590922260001,0.273654364459708,0.118,0.095,1
"Hbs1l",0.693590922260001,-0.29272578232974,0.088,0.111,1
"Filip1l",0.693590922260001,-0.266192779054158,0.088,0.111,1
"Stmn4",0.694899425550578,0.305734913587359,0.324,0.286,1
"St7l",0.700589501159236,-0.416376371668032,0.147,0.159,1
"Tmem245",0.703774104713421,-0.328061170998969,0.235,0.238,1
"Rpn1",0.703804716559782,-0.275468704109268,0.147,0.175,1
"ENSMUSG00000121063",0.704197943908942,-0.496110849524941,0.088,0.111,1
"Mrpl21",0.704197943908942,0.317027629740269,0.118,0.095,1
"Bcl7a",0.711158001959244,0.327056896334663,0.147,0.127,1
"Klf9",0.71250684983286,0.264749903658375,0.176,0.159,1
"Purb",0.71338970369035,-0.253682735494476,0.206,0.222,1
"Rps19",0.714862816587255,0.331868154439552,0.118,0.095,1
"Cpm",0.714862816587255,0.271673264176452,0.118,0.095,1
"Man1a",0.715953601360576,0.463282236626774,0.265,0.254,1
"Ube2j1",0.716115086086415,0.276886076708148,0.294,0.254,1
"Gns",0.723278823280781,-0.25206836288275,0.265,0.286,1
"Bcas2",0.730272338110034,0.380419846691343,0.147,0.127,1
"Klc1",0.733799171641383,-0.330779275877399,0.176,0.19,1
"4931403E22Rik",0.736358541339512,0.3384495149194,0.118,0.095,1
"Btaf1",0.737003630902692,-0.313276880529318,0.206,0.222,1
"Ccp110",0.737003826518222,0.344211570069965,0.353,0.333,1
"Vps13d",0.738096432570926,0.259763479522006,0.265,0.238,1
"Klhl5",0.74955570163738,0.360285726768531,0.147,0.127,1
"Gnao1",0.753794027149647,0.342426375478092,0.529,0.556,1
"Cacna1a",0.756066427505291,-0.250095333395968,0.118,0.127,1
"Lrrk1",0.756874510298986,0.328153158701251,0.235,0.206,1
"Zfp36l1",0.766137319653128,-0.284656396915579,0.118,0.127,1
"2310011J03Rik",0.768987832850788,0.265303319185171,0.118,0.095,1
"Tomm20",0.776247885822185,-0.306811236738477,0.118,0.127,1
"Ints9",0.776247885822185,-0.360659388704495,0.118,0.127,1
"Rps27a",0.776803822787308,-0.286769005686851,0.382,0.365,1
"Gm46224",0.779959106460754,0.307995447873655,0.118,0.095,1
"Pank3",0.779959106460754,0.480468191366241,0.088,0.111,1
"E130102H24Rik",0.79150190207441,-0.274738378567568,0.147,0.159,1
"Mtus1",0.792622845952154,0.348672126627647,0.235,0.222,1
"Pkn2",0.793308600883246,-0.326834557853959,0.206,0.206,1
"Vps13a",0.793402957052449,0.324502728171714,0.206,0.19,1
"Brinp3",0.79658155173686,-0.261249047519819,0.118,0.127,1
"Snx1",0.79658155173686,-0.281387130179097,0.118,0.127,1
"Hck",0.809265679200271,-0.331832316808072,0.206,0.222,1
"Pals1",0.810073737354883,0.44303388084436,0.118,0.111,1
"Lap3",0.817054258902526,-0.292324648543378,0.118,0.127,1
"Rbx1",0.817054258902526,-0.293945752911015,0.118,0.127,1
"Fance",0.820736571961732,0.262878695538625,0.118,0.111,1
"Aebp2",0.823916241211272,0.257256039529507,0.176,0.175,1
"Ctsb",0.823980734132975,-0.278324074397107,0.382,0.365,1
"Serp2",0.824077695039452,-0.293711527522786,0.176,0.143,1
"Sdccag8",0.824573863731484,0.312587821579931,0.206,0.238,1
"Atp5o",0.827338559827036,-0.459475174209802,0.118,0.127,1
"Nipsnap2",0.831432639515143,0.279526310473896,0.118,0.111,1
"5430405H02Rik",0.838257854837715,0.352678248665053,0.147,0.143,1
"Nbea",0.849856431817868,0.352788843824007,0.618,0.54,1
"Rbpj",0.857620878498544,-0.409482038360272,0.265,0.27,1
"Tagln3",0.858362733077087,-0.264137561204347,0.118,0.127,1
"Nrxn3",0.861212848450246,-0.30442517594009,0.294,0.286,1
"Gm26740",0.874510588336412,0.3909173579783,0.118,0.111,1
"Brk1",0.87586496492579,-0.284292095465854,0.147,0.159,1
"Atp8b1",0.877573496244205,-0.290624601383942,0.176,0.175,1
"Tpm3",0.878578349182275,-0.420909814529027,0.206,0.19,1
"Thy1",0.879170849067225,-0.335594782109632,0.118,0.127,1
"Insyn2b",0.883192815917516,-0.338242286026697,0.206,0.222,1
"Gm15563",0.886869014301127,-0.343558283761063,0.147,0.143,1
"Rad23a",0.896198267240188,0.266704099340005,0.118,0.111,1
"Gm47167",0.900708112507899,-0.256565114505664,0.265,0.238,1
"Atxn7",0.902241345648527,0.271722556778902,0.147,0.175,1
"Cep95",0.90644402250091,-0.457975309901039,0.147,0.143,1
"Tnpo3",0.915641570899602,0.381349696940968,0.176,0.19,1
"Slc25a13",0.924751313747765,0.482233233237517,0.206,0.222,1
"Rassf8",0.939388937835155,-0.366935429164726,0.176,0.159,1
"Fkbp2",0.942223702867242,0.256466453162985,0.176,0.19,1
"N4bp1",0.950722600526051,-0.279546364365407,0.118,0.111,1
"Gpcpd1",0.965184156616143,-0.286731619791567,0.206,0.19,1
"5033421B08Rik",0.96546343575874,-0.282632877257987,0.147,0.143,1
"Psmb2",0.979068905821409,-0.278687094240171,0.235,0.206,1
"Clpp",0.983564906427191,-0.32387554102698,0.118,0.111,1
"Dnajc18",0.984179985373601,0.263323288696268,0.118,0.127,1
"Tor1aip1",0.995551801392764,0.316300287139982,0.176,0.19,1
"Nme7",1,-0.324597519871771,0.206,0.19,1
