"","p_val","avg_log2FC","pct.1","pct.2","p_val_adj"
"Cntnap2",5.3744053077231e-05,0.767247135848574,1,1,1
"mt-Rnr2",8.1637614906006e-05,-1.55836084728804,0.652,0.865,1
"Pde10a",9.52461446369258e-05,-0.897178289686874,0.783,0.962,1
"Tdrd5",0.000195972828971842,0.679556594739674,0.348,0.038,1
"Ube2n",0.000203375607176652,-0.803631707476722,0,0.442,1
"Agk",0.000217305942519463,0.854068764897187,0.609,0.212,1
"mt-Rnr1",0.000230269773381079,-1.20083353297333,0.391,0.846,1
"Calm2",0.000294334000673251,-0.802574623852535,0.87,0.942,1
"Erc2",0.000467548842386647,-0.672133669653153,0.957,1,1
"Basp1",0.00050388815152191,-0.687934645710126,0.783,0.923,1
"Gm50270",0.000817861171622636,0.532070115166903,0.261,0.019,1
"Hs3st4",0.000824581222665071,-0.841231620466219,0.87,0.942,1
"Tfcp2",0.000873400847831675,0.617633808869809,0.304,0.038,1
"B3galnt2",0.000926508319822688,0.616738490176323,0.435,0.115,1
"Lsm12",0.00100967832079399,0.561977193615858,0.391,0.096,1
"Top3b",0.00101007482370182,0.57121440889251,0.304,0.038,1
"Poldip2",0.00101520101097152,0.583316154876526,0.348,0.058,1
"Chrm2",0.00109979752393602,-0.910855944172672,0.304,0.654,1
"Dmtn",0.00111550423857793,-0.901800847286475,0.174,0.577,1
"Mgat4c",0.00112437248710879,0.605829441815215,1,0.981,1
"Ehd3",0.00113148240830099,0.502198640402243,0.261,0.019,1
"Rhbdd3",0.00115837641077065,0.505764558419275,0.348,0.058,1
"Oprd1",0.00125255804075721,0.429461642342562,0.304,0.038,1
"Tmeff1",0.00138155277482016,-0.677415864553146,0.043,0.442,1
"Rad17",0.00153721554189426,-0.592212806468509,0,0.346,1
"Slx4",0.00154783921067081,0.448130133264362,0.304,0.038,1
"Rsf1",0.00158972720964111,0.706151350579978,0.739,0.442,1
"Pdia3",0.00165133707432739,-0.780376854708283,0.13,0.519,1
"Bc1",0.00167408327482373,-0.814221228674737,0.391,0.712,1
"P4ha1",0.00205750781689216,-0.712167040101782,0.13,0.519,1
"Tmem131",0.0020609672390018,0.589620953843264,0.652,0.346,1
"Pdzd8",0.00218798827542928,0.695172031344197,0.478,0.173,1
"Rapgef2",0.00222704351057239,0.660996873120653,0.957,0.865,1
"Bbox1",0.00225872353183682,0.309815910375712,0.174,0,1
"Plagl2",0.00225872353183682,0.350594152971206,0.174,0,1
"ENSMUSG00000121094",0.00225872353183682,0.269467400989316,0.174,0,1
"Gm40309",0.00225872353183682,0.294431695559588,0.174,0,1
"Mtfmt",0.00225872353183682,0.315798725046336,0.174,0,1
"Krt10",0.00225872353183682,0.433468675878101,0.174,0,1
"Mideas",0.00225872353183682,0.279836240263393,0.174,0,1
"Mtrf1",0.00225872353183682,0.409523094342042,0.174,0,1
"C030047K22Rik",0.00225872353183682,0.385312102165188,0.174,0,1
"Plekha5",0.0022747499933565,0.560491359316147,1,0.865,1
"Alpk1",0.00233845313825511,0.652265438938406,0.304,0.058,1
"Rab6b",0.00238643955144091,-0.704075477056911,0.522,0.788,1
"Sgms1",0.00260917363285541,-0.65237872420092,0.087,0.462,1
"Gfra1",0.00262428714245672,-0.772916421658446,0.609,0.904,1
"Trim9",0.00286507859496461,-0.617554970079476,0.826,1,1
"4732440D04Rik",0.00290196630067146,-0.717886466234072,0.043,0.404,1
"Slc24a3",0.00293072218586005,-0.797023746178103,0.391,0.692,1
"Ift46",0.00297895193174727,0.436024295030767,0.261,0.038,1
"Gm43885",0.00321640618961592,0.559281958753177,0.304,0.058,1
"Sod2",0.00324487493360911,0.520872830439038,0.696,0.385,1
"Slc35e2",0.0032498835994173,-0.63394563338829,0,0.308,1
"Gm42899",0.00325134604931854,0.388853166053414,0.217,0.019,1
"Ap5z1",0.00325134604931854,0.408397141455726,0.217,0.019,1
"Arhgap27os2",0.00342232492115289,0.475829095927734,0.261,0.038,1
"Zfand4",0.00343955404792217,0.525320031317343,0.348,0.077,1
"Galnt14",0.00356321921086734,0.786525212086754,1,0.846,1
"Ddx46",0.00363826364187991,-0.718594316006496,0.217,0.558,1
"Camk1d",0.00364721014885621,-0.654909768624145,0.87,0.981,1
"ENSMUSG00000121115",0.00366583013894452,0.461040261998344,0.261,0.038,1
"Hsp90ab1",0.0037161570177327,-0.750994158287946,0.652,0.865,1
"Scn9a",0.00383459730859499,0.791796880466153,0.435,0.154,1
"Plxdc2",0.00384906659117348,-0.935600607925768,0.565,0.827,1
"Ppip5k2",0.00389813876724382,0.583396221341385,0.478,0.173,1
"Ap4e1",0.00408600665469434,0.415873169699027,0.348,0.077,1
"Gm46430",0.00420068090678426,0.36759699805597,0.261,0.038,1
"Bdnf",0.00422026049170024,-0.783476948943547,0.174,0.5,1
"Jmjd1c",0.00423090027017925,0.578875228500668,0.913,0.712,1
"Junb",0.00427986798241249,-0.556789237677962,0.043,0.365,1
"Elovl2",0.00435037540186485,0.655221722182064,0.522,0.231,1
"Epdr1",0.00437584112692286,-0.581751884394216,0.043,0.346,1
"Ephb6",0.00449382586479347,0.349747943502282,0.261,0.038,1
"Dmac2",0.00449382586479347,0.434883956032486,0.261,0.038,1
"4933424G05Rik",0.00458770322841344,-0.732428096668079,0.609,0.827,1
"Arpc5",0.00467117213307564,-0.472441685393922,0,0.288,1
"Gng4",0.00467117213307564,-0.534177153907711,0,0.288,1
"Etv5",0.00467117213307564,-0.633216917714179,0,0.288,1
"ENSMUSG00000121500",0.00480538544143661,0.378367331927169,0.261,0.038,1
"Ccnb1",0.00491624583859264,-0.700619193796885,0.043,0.365,1
"Thoc3",0.00495214368446925,0.309797036616998,0.304,0.058,1
"Alg6",0.00504111529314053,0.572725523374661,0.348,0.096,1
"Gas8",0.00513636417744276,0.345381323915788,0.261,0.038,1
"Atp5mpl",0.00513636417744276,0.354652527042802,0.261,0.038,1
"Rcbtb1",0.00532024046540486,0.517586244124975,0.348,0.096,1
"Ankrd37",0.00548781081532715,0.407800686473265,0.261,0.038,1
"Nbea",0.00552316643734036,0.348909656496798,1,1,1
"Mrpl3",0.00558439658707043,0.435555984508202,0.304,0.058,1
"Cacna1e",0.00562116777228097,-0.440883570864365,0.957,0.981,1
"Cacng3",0.00568791777644779,-0.700344642274446,0.652,0.846,1
"Xbp1",0.00578922583507869,-0.648574377825985,0.043,0.346,1
"Kcnq5",0.005926080697499,0.455821860438326,1,1,1
"Gm43879",0.00595658660570822,0.537312098660703,0.478,0.192,1
"Wwox",0.00603920406052252,0.83767045122214,0.783,0.615,1
"Sorcs3",0.00624507773286794,-0.583468633861888,0.957,0.981,1
"D5Ertd579e",0.00630920764288603,-0.537354563459988,0.13,0.5,1
"Vgll4",0.00633718020483472,0.635147955134699,0.522,0.212,1
"Pbx1",0.00635379973522816,-0.533860053532923,0.87,1,1
"Rab11fip3",0.00643573376507047,-0.60860391821616,0.174,0.481,1
"Pld5",0.00648135624381783,-0.898357122468731,0.565,0.75,1
"Grk5",0.00659199163307966,0.589227881057293,0.304,0.077,1
"Lamtor2",0.00666606014212948,-0.426103795764353,0,0.269,1
"Lrp11",0.00666606014212948,-0.475535960073678,0,0.269,1
"Fsd1",0.00666606014212948,-0.547583674734253,0,0.269,1
"Ipo11",0.00698699000188434,0.726588861760149,0.609,0.346,1
"Rufy3",0.00720748020745306,-0.699897679987842,0.478,0.75,1
"Med14",0.00755851582216701,-0.571043738811622,0.087,0.423,1
"Atp5l",0.00778238869504713,0.5565520801427,0.435,0.154,1
"Enox1",0.00807755175181115,-0.649586561581795,0.826,0.981,1
"Slc1a2",0.00831025269413645,-0.721276148618969,0.783,0.923,1
"Atp5d",0.00831063455526742,-0.491093458483198,0.043,0.346,1
"Adk",0.00833030164096581,0.596837548803178,0.652,0.385,1
"5031439G07Rik",0.00833163252241183,0.486510627042502,0.391,0.135,1
"Rgs17",0.00834043445416801,-0.700895496330562,0.391,0.654,1
"Mapk14",0.00837634264108464,-0.616087425545551,0.174,0.519,1
"Dixdc1",0.00850571974030108,0.474757271054799,0.522,0.212,1
"Amn1",0.0085497712101967,-0.457009000611968,0.087,0.423,1
"Gm12394",0.00855688366300684,0.488499565480937,0.913,0.712,1
"Ago1",0.00863712545972269,0.471435179031957,0.261,0.058,1
"Gm28960",0.00872371787909058,0.314315556409628,0.13,0,1
"Napepld",0.00872371787909058,0.327116162244823,0.13,0,1
"Tacc3",0.00872371787909058,0.279980751956596,0.13,0,1
"Irak2",0.00872371787909058,0.263926292884373,0.13,0,1
"Etfrf1",0.00872371787909058,0.344163022346156,0.13,0,1
"Gm44509",0.00872371787909058,0.360487103571454,0.13,0,1
"Gm45692",0.00872371787909058,0.298143672252867,0.13,0,1
"Bud13",0.00872371787909058,0.254363255499353,0.13,0,1
"Gm20470",0.00872371787909058,0.363860157733739,0.13,0,1
"Pigh",0.00872371787909058,0.260388182633919,0.13,0,1
"Olfr277-ps1",0.00872371787909058,0.272366937732731,0.13,0,1
"Gm15938",0.00872371787909058,0.257974817760412,0.13,0,1
"Ift27",0.00872371787909058,0.255810049932537,0.13,0,1
"Gm15342",0.00872371787909058,0.290676826503394,0.13,0,1
"Pcdha5",0.00872371787909058,0.285584290987508,0.13,0,1
"Zdhhc16",0.00872371787909058,0.250670082384584,0.13,0,1
"Pkd1",0.00892467618953303,0.639116575298047,0.565,0.269,1
"Hlf",0.00914007899746883,0.723794202556402,0.609,0.365,1
"Pcyt2",0.009201117124387,0.418158093144283,0.565,0.25,1
"Tbc1d12",0.00927363323428719,0.647160928549707,0.478,0.25,1
"Mrps24",0.00944887325671499,-0.507024327592681,0,0.25,1
"Cfap298",0.00944887325671499,-0.481836080420327,0,0.25,1
"Cript",0.00944887325671499,-0.424931889284635,0,0.25,1
"Pfdn1",0.00944887325671499,0.478932657135633,0.348,0.096,1
"Slc2a3",0.00948477807019224,-0.515139563956726,0.043,0.346,1
"E2f3",0.00949823445648128,0.5575659677424,0.391,0.154,1
"Map1b",0.009559938782605,-0.442709572502779,0.87,0.962,1
"ENSMUSG00000121013",0.00970749135549448,0.418668934379391,0.304,0.077,1
"Ptger4",0.00970749135549448,0.393729331990056,0.304,0.077,1
"Rnf20",0.00993678778493269,-0.480626720753052,0.087,0.385,1
"Hmgcs1",0.0100298249580197,-0.530474052819386,0.13,0.462,1
"Washc4",0.0100516924403664,0.529933483316468,0.522,0.231,1
"Rn18s-rs5",0.0102285855968146,-0.437338229390003,1,1,1
"Rpl39",0.0103169584843817,0.313859012007998,0.261,0.058,1
"Nrg1",0.0105726678761147,0.384119448891997,1,0.981,1
"Osbpl1a",0.0106363213826135,0.493661361518323,0.913,0.615,1
"Eif4a2",0.0106383687670685,-0.618755507770822,0.13,0.423,1
"Nin",0.010670201660957,-0.724894851465856,0.435,0.673,1
"Smarca2",0.0107015934829259,-0.502714177828962,0.783,0.942,1
"Pdss2",0.0108814192949755,0.624360271575117,0.609,0.327,1
"Unc5d",0.0109247414665665,0.347180343837694,0.957,0.962,1
"Txnrd1",0.0109383055900236,0.552290579547949,0.261,0.058,1
"Adamts3",0.0110396217639264,0.712089029485225,0.696,0.558,1
"Gm55122",0.0110599813068305,0.621475005246105,0.957,0.865,1
"Ctif",0.0110901820433815,0.466983048976753,0.478,0.231,1
"Mgat1",0.0111339386506707,0.452693882709696,0.217,0.038,1
"Prnp",0.0113152672661447,-0.609048134612631,0.087,0.404,1
"ENSMUSG00000120334",0.0113771700138623,0.724991168367088,0.391,0.154,1
"Setd4",0.0115052697509457,0.395998903635426,0.565,0.231,1
"Frmpd3",0.0115239349623651,0.532255591807236,0.435,0.173,1
"Atp6v0b",0.0115369421383442,-0.662083786743488,0.739,0.904,1
"Spats2l",0.0115443993913121,0.592671148253984,0.478,0.231,1
"Sft2d3",0.0115926871368438,0.543237218046067,0.261,0.058,1
"Slc16a7",0.011608251039543,-0.576304136085476,0.174,0.5,1
"Resp18",0.0116254486172013,-0.550459049927615,0.043,0.327,1
"Dcun1d4",0.0116923105854271,0.459336470643903,0.565,0.269,1
"Ralyl",0.0118588293316065,0.501434092775892,0.957,0.981,1
"Cacna1c",0.0120535568488194,0.393104307426504,1,0.962,1
"Son",0.0123693659929507,0.534684511776589,0.87,0.788,1
"Gm15513",0.0124995473640165,0.289705775728198,0.174,0.019,1
"9630041A04Rik",0.0124995473640165,0.325151879736002,0.174,0.019,1
"Gm42766",0.0126531250524267,0.518760140962886,0.304,0.096,1
"Crlf3",0.0126692500182801,0.470031542803318,0.217,0.038,1
"Hhipl1",0.0126692500182801,0.30926463564038,0.217,0.038,1
"Rft1",0.0126692500182801,0.428358584994062,0.217,0.038,1
"Fkbp5",0.0126692500182801,0.405401835617616,0.217,0.038,1
"4930570G19Rik",0.0126798910868655,-0.46701891084545,0.043,0.327,1
"Gabrg3",0.0128393598556576,-0.817768187046296,0.913,0.923,1
"Auts2",0.0128617425980938,-0.436364844972072,1,1,1
"Washc5",0.0130064848248166,0.344350703726171,0.261,0.058,1
"Stxbp1",0.0130531847891424,-0.601288689627813,0.478,0.731,1
"Nsmaf",0.0130581708703909,-0.508243792414206,0.174,0.519,1
"Osbpl10",0.0130980602811537,-0.740281652391322,0.174,0.462,1
"Zdbf2",0.0133093326231636,-0.446874107067048,0,0.231,1
"Dennd1b",0.0133093326231636,-0.434649129522967,0,0.231,1
"Tmem131l",0.0133093326231636,-0.496435545784923,0,0.231,1
"Lrrn1",0.0133093326231636,-0.423319712265639,0,0.231,1
"Mettl3",0.0133093326231636,-0.403662955383983,0,0.231,1
"Vwc2l",0.0134018803300612,-1.16133836638193,0.087,0.346,1
"Acot8",0.0134680503857016,0.469029219654684,0.174,0.019,1
"Msto1",0.0134680503857016,0.303816686599959,0.174,0.019,1
"Vangl1",0.0134680503857016,0.371018446357583,0.174,0.019,1
"Efcc1",0.0134680503857016,0.381117721626368,0.174,0.019,1
"Dgat1",0.0134680503857016,0.336789483360927,0.174,0.019,1
"Nckap5l",0.0134680503857016,0.34849877780893,0.174,0.019,1
"C130023A14Rik",0.0134680503857016,0.332927932838484,0.174,0.019,1
"Ppil3",0.0135049920232553,0.425556093435087,0.217,0.038,1
"Adam17",0.0135049920232553,0.335838742547721,0.217,0.038,1
"Dtnbp1",0.0136538224577267,0.532825582759606,0.435,0.173,1
"Jade1",0.013768987711725,0.299068508587815,0.261,0.058,1
"5330406M23Rik",0.013768987711725,0.280840642686184,0.261,0.058,1
"Snx6",0.0138201868968903,-0.520704997251007,0.043,0.288,1
"Atp6ap2",0.0139908291593412,-0.702844818128242,0.261,0.558,1
"B230369F24Rik",0.0143890782816752,0.301113339265482,0.217,0.038,1
"A430027C01Rik",0.0143890782816752,0.284537963529162,0.217,0.038,1
"Cdkl3",0.0143890782816752,0.457498365909278,0.217,0.038,1
"Ankrd34a",0.0145022775725834,0.329328161222977,0.174,0.019,1
"Gm45193",0.0145022775725834,0.369896293581136,0.174,0.019,1
"Gm14634",0.0145022775725834,0.356899205478327,0.174,0.019,1
"ENSMUSG00000120303",0.0145022775725834,0.482892952589244,0.174,0.019,1
"Capn6",0.0145022775725834,0.250127426504893,0.174,0.019,1
"Gm28153",0.0145706996674681,0.337109555495159,0.261,0.058,1
"Gm38155",0.0145706996674681,0.504755346291685,0.261,0.058,1
"Ranbp17",0.0145706996674681,0.448029133116621,0.261,0.058,1
"Nup35",0.0145811203711536,0.455171530715871,0.348,0.115,1
"Snap25",0.0146217334921852,-0.375021043615822,1,1,1
"Ipcef1",0.0146306657818743,-0.481414063682373,0.13,0.481,1
"Tuba1b",0.0146448885877951,0.4854748651799,0.565,0.269,1
"Slc33a1",0.0148150642806072,-0.395553255579103,0.043,0.308,1
"Pnma8b",0.0148150642806072,-0.512265474110563,0.043,0.308,1
"Tbc1d9",0.0148292467398739,-0.547800456674767,0.174,0.481,1
"Ror1",0.0148837820441464,0.676613318533484,0.478,0.212,1
"Itfg1",0.0150736442913648,0.676853338698718,0.652,0.365,1
"Mast4",0.0152452401721423,0.611073814405361,0.826,0.808,1
"Gm43872",0.0153238207156305,0.367332935167943,0.217,0.038,1
"Kif15",0.0153238207156305,0.371216087693837,0.217,0.038,1
"4933431E20Rik",0.0154132876369192,0.367496753386789,0.261,0.058,1
"Zfp101",0.0154132876369192,0.326097421787262,0.261,0.058,1
"Uri1",0.015460552161701,0.569808518288399,0.478,0.25,1
"Dad1",0.015460552161701,0.522992580964376,0.478,0.25,1
"Prkg1",0.0155170371596716,-0.5408725186297,0.826,0.923,1
"Ntng2",0.0155376339266634,-0.567006680104775,0.826,0.942,1
"Gm21955",0.0156059096306406,0.265618384916894,0.174,0.019,1
"Ptprf",0.0156059096306406,0.30643762020666,0.174,0.019,1
"ENSMUSG00000120387",0.0156059096306406,0.331051876738616,0.174,0.019,1
"Tmem241",0.0156059096306406,0.583900598880122,0.174,0.019,1
"mt-Cytb",0.0159664741346749,-0.71478741443142,0.609,0.846,1
"Cnot6l",0.0161511338055096,-0.521935959804391,0.261,0.538,1
"Ntan1",0.0164359002572474,0.496779791959067,0.435,0.192,1
"Rps17",0.0164961376026156,-0.55065953716397,0.043,0.288,1
"Homer1",0.0164982636152539,-0.69691035773338,0.826,0.904,1
"Bex3",0.0166623627845545,-0.563985769017724,0.217,0.481,1
"Arrdc1",0.0167827730180674,0.264046437542048,0.174,0.019,1
"Cebpb",0.0167827730180674,0.28363354802221,0.174,0.019,1
"Gm43268",0.0167827730180674,0.254205088924442,0.174,0.019,1
"Olfr46",0.0167827730180674,0.31079518691843,0.174,0.019,1
"Gtpbp4",0.0168482393820267,-0.501744953053975,0.13,0.423,1
"Kitl",0.0168895964089238,-0.621659471126546,0.478,0.769,1
"Fam228b",0.0170619901789598,0.441191257621491,0.304,0.096,1
"Tcf4",0.0171100303562669,0.395053286836568,1,0.923,1
"Tm9sf2",0.0174869249793049,-0.441259882466912,0.13,0.423,1
"Mri1",0.0175487943057042,0.388769781445568,0.348,0.115,1
"Zbtb20",0.0175735516570875,0.613470609117591,0.522,0.269,1
"Ccdc59",0.0178091606902498,0.481978126460857,0.435,0.192,1
"Ranbp10",0.0180894884268919,-0.438886249711186,0.087,0.385,1
"Gm48678",0.0182516725994571,0.636236929180896,0.739,0.481,1
"Gtdc1",0.0183834138786769,0.742011177530365,0.609,0.462,1
"Cd2ap",0.0183834138786769,0.572864752456912,0.652,0.442,1
"Gm37640",0.0184436787429375,0.622088661421578,0.826,0.654,1
"Prdx1",0.0185327500416407,0.474906244735815,0.435,0.192,1
"Ankrd45",0.0186387861932777,-0.365745827162834,0,0.212,1
"Jun",0.0186387861932777,-0.427063539187514,0,0.212,1
"Txlna",0.0186387861932777,-0.407698604281409,0,0.212,1
"Asns",0.0186387861932777,-0.505864845956695,0,0.212,1
"Hid1",0.0186387861932777,-0.411160518555348,0,0.212,1
"4930484I04Rik",0.0186387861932777,-0.416686274111848,0,0.212,1
"Dnajb6",0.0190154857712882,-0.596536971308043,0.261,0.558,1
"Rarb",0.0191857043153707,-0.456853684464217,0.304,0.712,1
"Antxr1",0.0193291091549426,-0.597051564398495,0.348,0.596,1
"Fnbp4",0.0195321421425911,0.4623547459938,0.478,0.212,1
"Supt3",0.019558888937812,-0.440220390403496,0.217,0.538,1
"P2ry14",0.0196225471676897,0.546666218705714,0.739,0.442,1
"Cfap97",0.0198435695359179,0.372915820127558,0.478,0.192,1
"Yy1",0.0200574585361833,-0.454577169850049,0.087,0.346,1
"Ina",0.0200574585361833,-0.487995956293717,0.087,0.346,1
"Ier3ip1",0.0201098779485877,0.432159349449333,0.348,0.115,1
"Syngap1",0.020110851306855,0.48274268624289,0.478,0.25,1
"Arhgef17",0.0202587178156315,-0.594339222492306,0.13,0.423,1
"Grid2",0.0202737475193959,0.400997366816594,0.87,0.808,1
"Rab39b",0.0203012470665944,0.275423027488085,0.261,0.058,1
"Vgf",0.0204733926468611,-0.547467690286431,0.043,0.288,1
"Jpx",0.0209799893113413,0.604763066758082,0.391,0.192,1
"Hnrnph1",0.0210524444827536,-0.577525302597774,0.478,0.692,1
"Gnptab",0.0210743051189103,-0.62685016765864,0.13,0.365,1
"Caln1",0.0212052936439187,0.589294507504619,1,0.885,1
"Nkain2",0.021237495980417,0.460780527562032,1,0.981,1
"Gle1",0.0213028294613311,0.375083022874407,0.348,0.135,1
"Tex10",0.0213028294613311,0.475351128297698,0.348,0.135,1
"Tafa2",0.0213028294613311,0.541005747972224,0.348,0.135,1
"Prag1",0.0213623211648367,-0.387390837453742,0.043,0.288,1
"Mkrn1",0.0214122930798926,0.571416875483865,0.478,0.231,1
"Dnajc6",0.0214779134918236,-0.46728764596528,0.609,0.808,1
"Dcc",0.0214842408469521,-0.51558402058903,0.87,0.904,1
"Trerf1",0.0216118134870499,-0.518002280533782,0.348,0.615,1
"Lxn",0.0216857226514289,0.337725313942012,0.391,0.154,1
"Gm49599",0.0217127745964054,0.63150465554583,0.304,0.096,1
"Ptpru",0.0220785763111764,-0.490543600243768,0.435,0.769,1
"Ankrd24",0.0222213166991139,0.591121958008031,0.478,0.231,1
"mt-Nd4",0.0224043952698819,-0.91180711894671,0.478,0.692,1
"Rtn4r",0.0224536734213523,-0.6889018875319,0.174,0.462,1
"Mgll",0.0225872283069441,-0.518278531523895,0.348,0.635,1
"Atxn2",0.0230402037434533,-0.551413987209493,0.304,0.577,1
"Paip2",0.0231836615527622,-0.564151097937813,0.391,0.673,1
"Gm47472",0.0232824222016955,-0.446913782927602,0.13,0.404,1
"Becn1",0.0234381137767325,-0.437211592700745,0.087,0.346,1
"Atp5g1",0.0235547851988873,-0.658963323958662,0.217,0.481,1
"BC031181",0.0235547851988873,0.505395761487838,0.565,0.327,1
"Cntnap5b",0.0236055877038845,0.546677089849865,0.826,0.654,1
"Inha",0.0242337207416814,-0.389295341871214,0.043,0.288,1
"1700109K24Rik",0.0242937505784443,0.635905590198127,0.609,0.365,1
"Dpp6",0.0245028127198847,-0.584539629515588,0.435,0.635,1
"Zdhhc21",0.0246960377487555,0.367545622493772,0.652,0.346,1
"Nup93",0.02481633303291,0.525305561222814,0.565,0.346,1
"Runx1t1",0.0248858257782603,-0.611801053035567,0.391,0.654,1
"Adck1",0.0250036147714132,0.408186427447234,0.304,0.096,1
"Eny2",0.0253066390986027,0.355567827393576,0.435,0.192,1
"Fam168a",0.0253306435931724,0.435296516075296,0.87,0.731,1
"Gucy1b1",0.0257690548084436,-0.448700198558318,0.174,0.462,1
"Znfx1",0.0259665082141943,-0.282131870733701,0,0.192,1
"9930104L06Rik",0.0259665082141943,-0.441916800522773,0,0.192,1
"C1qtnf12",0.0259665082141943,-0.395149704715934,0,0.192,1
"Ankle2",0.0259665082141943,-0.354037104990495,0,0.192,1
"Gm43980",0.0259665082141943,-0.378659945782136,0,0.192,1
"M6pr",0.0259665082141943,-0.348722915695597,0,0.192,1
"Mesd",0.0259665082141943,-0.364972737705667,0,0.192,1
"Mvb12a",0.0259665082141943,-0.339458245388725,0,0.192,1
"Nol3",0.0259665082141943,-0.332877524141847,0,0.192,1
"Plxnc1",0.0259665082141943,-0.387518088493914,0,0.192,1
"Ppm1d",0.0259665082141943,-0.320399185685725,0,0.192,1
"Usp36",0.0259665082141943,-0.374730952414522,0,0.192,1
"Aggf1",0.0259665082141943,-0.395829016517266,0,0.192,1
"Eif2b5",0.0259665082141943,-0.408397591304183,0,0.192,1
"Ets2",0.0259665082141943,-0.33979066805504,0,0.192,1
"Zfp945",0.0259665082141943,-0.373206805125997,0,0.192,1
"Uqcc2",0.0259665082141943,-0.425809560390572,0,0.192,1
"Klhdc3",0.0259665082141943,-0.333119173862306,0,0.192,1
"Ogfod1",0.0260378080903814,0.589235787576493,0.478,0.269,1
"Ptpn5",0.0260840402466408,-0.622339916538788,0.261,0.481,1
"Vdac2",0.0262883138851204,-0.527496764850037,0.087,0.346,1
"Zdhhc1",0.0263288514949664,-0.323927096419952,0.043,0.288,1
"Ddr1",0.0263957569074387,0.479718633444543,0.348,0.135,1
"Gphn",0.0264944200469664,0.362086154227647,0.957,0.865,1
"Rhoa",0.026677284137327,-0.547539619117288,0.13,0.385,1
"Grin1",0.0268490066670237,0.382364796334056,1,0.827,1
"Sfpq",0.026922697183494,-0.547127145873102,0.478,0.692,1
"Prkar1b",0.026922697183494,-0.59944188733063,0.478,0.692,1
"2310058D17Rik",0.0269586762325748,-0.401495961096682,0.043,0.269,1
"Nsun6",0.0273027246226602,0.426303186120749,0.435,0.192,1
"Tbc1d30",0.0273885906945022,0.445244728585112,0.435,0.212,1
"Prr16",0.027679380196377,0.421340856958555,0.391,0.154,1
"Htr2c",0.0277965499508555,-1.16802219765722,0.435,0.577,1
"Dnah14",0.0278504186338927,0.694912437158856,0.478,0.25,1
"Aldh1l2",0.027953268873044,0.347664002703708,0.217,0.058,1
"Olfm3",0.0281925508695724,-0.33562398363171,0.957,0.981,1
"Rnf19a",0.0282224566242009,0.43339239828258,0.565,0.308,1
"Fmnl2",0.0282595923418137,0.710687696119652,0.826,0.654,1
"Tma7",0.0283514093329982,-0.522138614135309,0.13,0.365,1
"Zfp638",0.0285174375970295,0.370661114913714,0.913,0.712,1
"Pdhb",0.0285924821338488,-0.433182120551577,0.043,0.25,1
"Zrsr2",0.028710039694755,0.355059343874353,0.348,0.135,1
"Luzp1",0.0287916889309376,-0.438292824255494,0.304,0.596,1
"Sbf2",0.0288104557118286,0.712792480988791,0.783,0.808,1
"Camkk1",0.028826606037449,-0.528715629404402,0.087,0.308,1
"Dennd1a",0.0289889484183909,-0.468411194744039,0.522,0.731,1
"Rps6ka3",0.0290962051012089,-0.585654353128088,0.696,0.827,1
"Lars2",0.0294332204430018,-0.42406212659402,0.087,0.346,1
"Aar2",0.0295180241068622,0.423046123653669,0.217,0.058,1
"Tcp11l1",0.0296992263543283,0.51977420742626,0.609,0.462,1
"Wipf3",0.0298438964357169,-0.483893420400493,0.043,0.25,1
"Rpl37",0.0298438964357169,-0.481528463388787,0.043,0.25,1
"Ddrgk1",0.0298907079513849,-0.492306319150221,0.174,0.423,1
"Bcr",0.0299313052801058,0.407293988390106,0.348,0.135,1
"Pip4k2a",0.0299682041837919,0.447028714959347,0.391,0.173,1
"Chic2",0.0299682041837919,-0.417558699983321,0.087,0.308,1
"Exoc1",0.0301118670336756,0.436373227661293,0.304,0.115,1
"Snap23",0.0301305092734523,0.318750477115506,0.261,0.077,1
"Mrpl11",0.0301305092734523,0.373784229805004,0.261,0.077,1
"Itm2c",0.0302284783149125,-0.56962091648776,0.217,0.5,1
"Ubr2",0.0302467406837069,0.454252789269684,0.522,0.288,1
"Tasor",0.0304632676990071,-0.480228262051251,0.174,0.404,1
"Pex5l",0.0305310507812177,-0.579769289978138,0.391,0.673,1
"Hagh",0.0305585075185188,-0.453174098912135,0.043,0.269,1
"H3f3b",0.0307554024807176,-0.488753703183357,0.435,0.692,1
"Glod4",0.0307786299739163,0.384732678522594,0.478,0.231,1
"Ak5",0.0308432814560045,0.535821749304596,0.87,0.75,1
"Zfc3h1",0.0309273809719447,-0.546142151739825,0.174,0.423,1
"Akt3",0.0310135496378758,-0.446465021591973,0.739,0.923,1
"Tanc2",0.0312102712476544,-0.310286130720938,1,0.962,1
"Slc25a26",0.0315200627931551,0.357846024570183,0.435,0.173,1
"Mamld1",0.0315331021086432,-0.380335672291031,0.174,0.462,1
"E2f4",0.0316404869156099,0.351222378135561,0.261,0.077,1
"Vps37c",0.0316404869156099,0.291578806381549,0.261,0.077,1
"Fam149b",0.0318848001714202,0.36506739415649,0.478,0.231,1
"Csmd2",0.0321108030967186,-0.386018651246403,0.913,0.962,1
"Ptk2b",0.0322179737612911,0.287396151171174,0.652,0.365,1
"Atf2",0.0322353459584572,-0.509306401910505,0.435,0.635,1
"Cep164",0.0323683643479011,-0.604129118434634,0.087,0.308,1
"Dgcr8",0.0323683643479011,-0.479681338557878,0.087,0.308,1
"Pstk",0.03242626582614,0.38386980000795,0.391,0.154,1
"4930570B17Rik",0.03242626582614,0.332798797863103,0.391,0.154,1
"Gm42669",0.0324884975237642,-0.357298020197712,0.043,0.25,1
"Qki",0.0325765574569029,-0.609849860430088,0.304,0.577,1
"Syn2",0.0327888626078576,0.380118845229307,0.913,0.692,1
"Tmem9",0.0328745885659341,0.313346527570943,0.217,0.058,1
"Tsc22d2",0.0329116993887268,-0.434487865573702,0.261,0.558,1
"Traf3",0.0331711449588955,0.396744315612163,0.478,0.25,1
"Hpcal4",0.0331814514539997,-0.356106222140671,0.043,0.269,1
"Nckap1",0.0335527609874009,-0.553447335345898,0.696,0.885,1
"Pdcd5",0.0338844381794084,-0.523515035383806,0.043,0.25,1
"Eif1b",0.0341996749990157,-0.479963624856221,0.13,0.385,1
"A230004M16Rik",0.034224527969829,-0.460141095948146,0.174,0.423,1
"Asb8",0.0343142041710747,0.465701666400535,0.304,0.115,1
"Atad1",0.0343382530243348,0.638109596608045,0.478,0.269,1
"Tpi1",0.0343754794429589,-0.440277820054107,0.217,0.5,1
"Pkm",0.0345789382256388,-0.5382717815735,0.261,0.519,1
"Agfg1",0.0345880993517157,-0.55664113233107,0.348,0.538,1
"Nelfa",0.0346720202031166,0.375308875912297,0.217,0.058,1
"Gm38250",0.0346720202031166,0.310349925858204,0.217,0.058,1
"Kctd5",0.0346720202031166,0.344245113320273,0.217,0.058,1
"Mmut",0.0346720202031166,0.414469438128662,0.217,0.058,1
"Nox1",0.0346720202031166,0.311443692037443,0.217,0.058,1
"Prkaa2",0.0347232529915208,-0.479244167253463,0.391,0.654,1
"Gm45645",0.0348082418113152,-0.455692017984028,0.174,0.462,1
"Dnajc1",0.0352532162489969,-0.524979829421421,0.565,0.808,1
"Rnf185",0.0352729959490369,0.334162165334044,0.348,0.135,1
"Mrpl15",0.0353313455061596,-0.356247529541824,0.043,0.25,1
"Mef2a",0.0357333067095134,0.410536250243841,0.826,0.731,1
"Csmd3",0.0358901082904284,0.433981045482244,1,0.846,1
"Zmat1",0.035921813349783,0.425823219813587,0.391,0.192,1
"Nfkb1",0.0359856987457748,-0.601365677801273,0.13,0.346,1
"Map1lc3b",0.0359947316299286,-0.330580894661887,0.043,0.269,1
"Gadl1",0.0359947316299286,-0.311882174576522,0.043,0.269,1
"Gprasp2",0.0359947316299286,-0.285808759006908,0.043,0.269,1
"Grin2b",0.0360009809717988,-0.28767107271021,1,0.981,1
"Ercc5",0.0360110343525766,-0.309935292636341,0,0.173,1
"Blcap",0.0360110343525766,-0.398007770780709,0,0.173,1
"Mrps12",0.0360110343525766,-0.363560331579631,0,0.173,1
"Zfp788",0.0360110343525766,-0.368799989627711,0,0.173,1
"Ccdc82",0.0360110343525766,-0.357745239735608,0,0.173,1
"Cilk1",0.0360110343525766,-0.34279094623994,0,0.173,1
"Pcbp4",0.0360110343525766,-0.323275101359497,0,0.173,1
"Gnai2",0.0360110343525766,-0.334148737046597,0,0.173,1
"Slc22a14",0.0360110343525766,-0.296751600301957,0,0.173,1
"Slc25a16",0.0360110343525766,-0.32206566345094,0,0.173,1
"Glrx5",0.0360110343525766,-0.353826331572517,0,0.173,1
"Yae1d1",0.0360110343525766,-0.346169355784036,0,0.173,1
"Prelid1",0.0360110343525766,-0.394371751325088,0,0.173,1
"Tmem267",0.0360110343525766,-0.682193827808425,0,0.173,1
"Ebpl",0.0360110343525766,-0.3149964975827,0,0.173,1
"Pdzd2",0.0360110343525766,-0.43784550004062,0,0.173,1
"Ptp4a3",0.0360110343525766,-0.321779385233612,0,0.173,1
"Polr2f",0.0360110343525766,-0.299770023619282,0,0.173,1
"Gm49705",0.0360110343525766,-0.289268147793867,0,0.173,1
"ENSMUSG00000121103",0.0360110343525766,-0.255296564560131,0,0.173,1
"Brd2",0.0360110343525766,-0.359767759235655,0,0.173,1
"Hdgfl2",0.0360110343525766,-0.346064192207989,0,0.173,1
"Cxxc5",0.0360110343525766,-0.382693029786414,0,0.173,1
"Prdx4",0.0360110343525766,-0.33825090770644,0,0.173,1
"Kcnab2",0.0360881050250105,0.528768155654516,0.522,0.327,1
"Lims1",0.0360881050250105,0.498088926525509,0.522,0.327,1
"Arc",0.0362765626157258,-0.413644503402368,0.087,0.308,1
"Prkn",0.0362793632994446,0.518549798521531,0.87,0.769,1
"Atp2b4",0.0364876833072331,-0.606299705547649,0.304,0.519,1
"Ildr2",0.0365237889388004,-0.598887530721984,0.348,0.615,1
"Yipf6",0.0365527294574329,0.279989113356054,0.217,0.058,1
"Tmem169",0.036565603454258,0.256081947727514,0.261,0.077,1
"Cisd1",0.0365915492430008,-0.479270858602663,0.087,0.327,1
"ENSMUSG00000120285",0.0371435174006244,0.620480277361677,0.696,0.5,1
"4930545L23Rik",0.0371495090856315,-0.397599033925597,0.174,0.462,1
"Acot7",0.0371495090856315,-0.512020258731215,0.217,0.442,1
"Cd81",0.0371495090856315,0.542600005464932,0.522,0.308,1
"Rasa1",0.0371495090856315,0.423537578291755,0.522,0.308,1
"B230334C09Rik",0.0372274965246005,0.496818293602996,0.609,0.404,1
"Purb",0.0373574207872911,-0.548643122642334,0.174,0.404,1
"Braf",0.0375703095484605,0.438336191223631,0.783,0.635,1
"Gnal",0.037683382180954,-0.620523663848793,0.522,0.635,1
"A930017M01Rik",0.0378175387828481,0.486119704241134,0.522,0.269,1
"Atp6v1c1",0.0379629780235955,-0.348351304332607,0.087,0.327,1
"Tmem132d",0.0380852138251838,0.369290345779112,1,0.981,1
"Ndufs7",0.0381522685464715,-0.414548940118525,0.174,0.442,1
"Zmat3",0.0382359343207612,0.365199699185243,0.348,0.135,1
"Gm16091",0.0382359343207612,0.346121073169411,0.348,0.135,1
"Ss18",0.0382359343207612,0.39030421121698,0.348,0.135,1
"Trim26",0.0383462619211036,0.262581574997136,0.261,0.077,1
"Celsr2",0.0383838109935443,-0.3859833555759,0.043,0.25,1
"Zfp523",0.0383838109935443,-0.480447542262023,0.043,0.25,1
"Zfand3",0.0383858605084743,-0.269194337776073,0.609,0.885,1
"Dsel",0.0385196700966993,0.356856899858332,0.217,0.058,1
"Smg6",0.0387764159324708,0.38575369772387,0.826,0.596,1
"Appbp2",0.0389991952680492,-0.412625917353794,0.217,0.5,1
"Pigb",0.0390078411631661,0.359647396769203,0.304,0.115,1
"Sdk2",0.0390078411631661,0.293929079803115,0.304,0.115,1
"Mrfap1",0.0390323871844991,-0.429510786117989,0.13,0.365,1
"Ccdc6",0.0390951138423873,-0.397563110542196,0.217,0.462,1
"Rassf8",0.0393085769366226,0.45776292931731,0.348,0.154,1
"Gm12353",0.0393388888678025,0.558189243108388,0.478,0.25,1
"Gm45904",0.0393778801231234,0.310221742305583,0.435,0.173,1
"Plppr2",0.0396235313022084,0.377914890914505,0.565,0.288,1
"Mapk9",0.0396235313022084,0.599676934989681,0.478,0.327,1
"Nap1l5",0.0396676445753008,-0.469753771247737,0.261,0.596,1
"Serp2",0.0397213887541155,0.384777013802206,0.522,0.327,1
"Snrpd3",0.0402001032019413,0.303686173608523,0.261,0.077,1
"Egr1",0.0403871476273734,-0.666240756146121,0.174,0.423,1
"Ndufaf1",0.0405758502228716,0.337944521280857,0.217,0.058,1
"Gas5",0.0406828216210358,0.370575180185152,0.478,0.25,1
"Gm7452",0.040688967520591,0.366468239385322,0.304,0.115,1
"Tmed9",0.0407724560783049,-0.553759430183215,0.261,0.558,1
"Trak2",0.0409121011517024,-0.497055128480506,0.217,0.442,1
"Txndc11",0.0409121011517024,-0.33822381042894,0.174,0.462,1
"Scg5",0.0411875864738334,0.459194037629296,0.87,0.673,1
"Kif2a",0.0412303936218302,-0.472676754183608,0.261,0.538,1
"Zeb1",0.041390258892671,0.528124335957144,0.652,0.385,1
"ENSMUSG00000120148",0.0414217538980208,0.353551602867257,0.174,0.038,1
"Gm43852",0.0414217538980208,0.302192983837866,0.174,0.038,1
"Wbp1",0.0414217538980208,0.330289050986343,0.174,0.038,1
"Pde2a",0.0414217538980208,0.428717928350368,0.174,0.038,1
"Zfp810",0.0414217538980208,0.35307808734302,0.174,0.038,1
"Apc",0.0414557160258553,0.328633325574946,0.87,0.654,1
"Ubash3b",0.0416246510331013,-0.536948301984497,0.087,0.288,1
"Eno2",0.0416515240611145,-0.398231775253654,0.217,0.462,1
"Ntrk3",0.0417390621113828,-0.425688596803138,0.783,0.904,1
"Elovl6",0.0418227114798408,-0.51639168999984,0.13,0.365,1
"Tbp",0.0418254375725514,0.611901490108874,0.261,0.096,1
"Abca8b",0.041925639651904,0.29713244710993,0.609,0.346,1
"Slc4a3",0.0420436001751352,-0.466306528350268,0.174,0.442,1
"Car12",0.0420654702503753,-0.689871261115214,0.174,0.385,1
"4732471J01Rik",0.0421503336276579,0.665709656550108,0.652,0.558,1
"Lrrc8b",0.0422807529301047,-0.440766424614079,0.217,0.481,1
"Acsl4",0.0422807529301047,-0.568085621032917,0.261,0.462,1
"4930428E07Rik",0.0424311062557218,-0.395175155707161,0.043,0.231,1
"Cnnm3",0.0427243305077969,0.330774518996051,0.217,0.058,1
"Nab2",0.0427243305077969,0.278341251351487,0.217,0.058,1
"Fancm",0.0427243305077969,0.281933685969213,0.217,0.058,1
"Cnrip1",0.0429577892752832,0.401285851164648,0.783,0.462,1
"Phf14",0.0429881498485016,0.450717001068153,0.739,0.577,1
"Pde8b",0.0430897369931243,-0.501287308014695,0.609,0.731,1
"Wnk1",0.0431385462191337,-0.507731591623682,0.348,0.596,1
"B4galt5",0.0432195262979474,-0.403822116069428,0.087,0.288,1
"Reep5",0.0432914318728739,0.428929926257048,0.609,0.404,1
"Azin1",0.0433812526341794,-0.321267254531992,0.043,0.25,1
"Pwwp2a",0.0434652503543588,-0.379910183737656,0.13,0.385,1
"Ywhab",0.0435584031585258,-0.494625681768677,0.348,0.615,1
"Rbis",0.0436674498375395,0.381362645999483,0.435,0.212,1
"Ghr",0.0436832624416629,-0.555867459596061,0.087,0.308,1
"Csrnp3",0.0437231319107309,0.534130216926406,0.87,0.731,1
"Gm42993",0.0438800196698906,0.431505366528881,0.391,0.212,1
"Sp3os",0.043919234271964,0.328314466083449,0.174,0.038,1
"Sf3b4",0.043919234271964,0.269333210980979,0.174,0.038,1
"Asphd2",0.043919234271964,0.253614438626274,0.174,0.038,1
"Dusp14",0.0442359239991495,-0.417341053381932,0.043,0.231,1
"Cmip",0.0448195375912324,-0.509888688054988,0.478,0.673,1
"Hivep2",0.0449481520951268,-0.276360161855936,1,0.923,1
"Ppm1g",0.0449682222501044,0.302826443316377,0.217,0.058,1
"Mepce",0.0449682222501044,0.351284398401012,0.217,0.058,1
"Rbm7",0.0449682222501044,0.257630130372457,0.217,0.058,1
"Rbbp6",0.0449850619137501,0.37320105436063,0.565,0.327,1
"Pld3",0.0449927488837799,-0.635885937930594,0.217,0.442,1
"Macroh2a1",0.0451647698561232,-0.425769051295182,0.043,0.25,1
"Scg2",0.0452658715120509,-0.540542893163352,0.304,0.538,1
"Dctn5",0.0453086010593666,-0.293939310719154,0.087,0.308,1
"Eftud2",0.0457053129342885,0.555691638194328,0.435,0.25,1
"Sacm1l",0.0459036087231836,-0.447144117436847,0.435,0.654,1
"Brip1os",0.0459722513782249,0.415575051210578,0.478,0.288,1
"Etl4",0.0460199388062143,-0.531968150843263,0.739,0.942,1
"Tm2d1",0.0461051086318902,0.297112875517774,0.304,0.115,1
"Tmem160",0.0461051086318902,-0.328437824924222,0.043,0.231,1
"Gm16126",0.0461051086318902,0.400005117906444,0.304,0.115,1
"Nol7",0.0461051086318902,-0.3623545122794,0.043,0.231,1
"Dock10",0.0464054203394003,0.250431536755023,0.13,0.019,1
"4921504A21Rik",0.0464054203394003,0.307964880285511,0.13,0.019,1
"Nosip",0.0464054203394003,0.417305566610972,0.13,0.019,1
"Fan1",0.0464054203394003,0.341356476409273,0.13,0.019,1
"Tmem115",0.0464054203394003,0.324453774044558,0.13,0.019,1
"Gm48770",0.0464054203394003,0.286236510048221,0.13,0.019,1
"Ddx4",0.0464054203394003,0.264088179340954,0.13,0.019,1
"Gm16386",0.0464054203394003,0.311961802997647,0.13,0.019,1
"Cul7",0.0464054203394003,0.302121537254541,0.13,0.019,1
"Rpgr",0.0464732914484909,0.348584681063147,0.478,0.231,1
"Rsph10b",0.0465426783219889,0.280546308110028,0.174,0.038,1
"Bhlhe41",0.0465426783219889,0.310207515774294,0.174,0.038,1
"Nme6",0.0465426783219889,0.32460992414907,0.174,0.038,1
"Gm47889",0.0465426783219889,0.302746048157649,0.174,0.038,1
"Zbed4",0.0465426783219889,0.36568224972485,0.174,0.038,1
"Poli",0.0465426783219889,0.301126630288399,0.174,0.038,1
"Gda",0.0466525108790471,-0.490782746327275,0.304,0.577,1
"Ndufb5",0.0469846202275686,-0.359765057115523,0.087,0.308,1
"Srrt",0.0469846202275686,-0.456976076812296,0.087,0.308,1
"Abca5",0.0474660154160723,-0.409588792439586,0.174,0.423,1
"Adgrb3",0.0474773577712932,0.284241376605798,1,1,1
"Rabac1",0.0478031549965511,0.465369950919267,0.478,0.269,1
"Pabpc4",0.0479118670202465,-0.39785487090589,0.13,0.365,1
"Kdm3a",0.0483171118505161,-0.431122705879857,0.087,0.288,1
"1700016P03Rik",0.0487124936454447,-0.685888645497885,0.087,0.308,1
"Trhde",0.0487459290541297,0.479674217919324,0.957,0.923,1
"Rpl22l1",0.0488397778578669,-0.361192208636877,0.087,0.327,1
"0610012G03Rik",0.0489176448803965,-0.280794593067619,0.043,0.25,1
"2610507B11Rik",0.0492438311460336,-0.374786172192808,0.13,0.346,1
"Mterf4",0.0492967960574683,0.259325007555947,0.174,0.038,1
"Cc2d1b",0.0492967960574683,0.327669495348122,0.174,0.038,1
"Dnajc14",0.0492967960574683,0.298746638931975,0.174,0.038,1
"Ccdc66",0.0492967960574683,0.305569108697602,0.174,0.038,1
"Tmem151a",0.0494113700139703,-0.478870714556603,0.174,0.462,1
"Eif4b",0.0494476713712382,0.514637075434863,0.348,0.154,1
"Pfkp",0.0494670338034056,-0.499465616625132,0.565,0.75,1
"Cltc",0.0494811650112527,-0.43860243794661,0.304,0.558,1
"Tmed10",0.0495455609053748,-0.473995439461465,0.13,0.365,1
"Jakmip1",0.0495891988986755,-0.434131936050945,0.174,0.385,1
"Gm12446",0.0497414801512975,0.251846435155414,0.13,0.019,1
"Gm20700",0.0497414801512975,0.309463737095666,0.13,0.019,1
"Dlx6os1",0.0497414801512975,0.320006620541756,0.13,0.019,1
"Gm15082",0.0497414801512975,0.280995345200172,0.13,0.019,1
"B930095G15Rik",0.0497414801512975,0.360213982739902,0.13,0.019,1
"Gm37706",0.0497549254969443,-0.253621507512817,0,0.154,1
"Rae1",0.0497549254969443,-0.301204626787768,0,0.154,1
"Rbm8a",0.0497549254969443,-0.345587133684838,0,0.154,1
"Gm37928",0.0497549254969443,-0.35570343599423,0,0.154,1
"Utp11",0.0497549254969443,-0.312298840339566,0,0.154,1
"Gm43681",0.0497549254969443,-0.281394527851814,0,0.154,1
"Gm15787",0.0497549254969443,-0.33278898246676,0,0.154,1
"Gm42853",0.0497549254969443,-0.257096505481426,0,0.154,1
"Gm37995",0.0497549254969443,-0.320541981845038,0,0.154,1
"Pdia4",0.0497549254969443,-0.281100227958469,0,0.154,1
"Gpr19",0.0497549254969443,-0.333056778225682,0,0.154,1
"Sult2b1",0.0497549254969443,-0.325288586832856,0,0.154,1
"Nudt21",0.0497549254969443,-0.340159872993582,0,0.154,1
"Kirrel3",0.0497549254969443,-0.257608335567562,0,0.154,1
"Paqr9",0.0497549254969443,-0.304502623186795,0,0.154,1
"B530045E10Rik",0.0497549254969443,-0.315351175394284,0,0.154,1
"Krt222",0.0497549254969443,-0.285218835480187,0,0.154,1
"Cacng5",0.0497549254969443,-0.319232563354235,0,0.154,1
"Gm47484",0.0497549254969443,-0.320728360558427,0,0.154,1
"Fos",0.0497549254969443,-0.387180812447613,0,0.154,1
"Dok3",0.0497549254969443,-0.270791803021098,0,0.154,1
"Zfp72",0.0497549254969443,-0.30237796421225,0,0.154,1
"4930579G18Rik",0.0497549254969443,-0.290495681573811,0,0.154,1
"Tbc1d31",0.0497549254969443,-0.289403194461845,0,0.154,1
"C030034I22Rik",0.0497549254969443,-0.289669040886819,0,0.154,1
"Mbp",0.0497549254969443,-0.329167882994856,0,0.154,1
"Gm37331",0.0499298266807754,0.30141772933815,0.261,0.096,1
"Usp35",0.0499298266807754,0.291518874353926,0.261,0.096,1
"Zcchc14",0.0499298266807754,0.460589814921009,0.261,0.096,1
"ENSMUSG00000120224",0.0499298266807754,0.332385704782218,0.261,0.096,1
"Zfp428",0.0500434314742538,-0.349907130243538,0.043,0.231,1
"Tbcb",0.0500434314742538,-0.403378661027549,0.043,0.231,1
"Sh3bp5",0.0500434314742538,-0.380714089748332,0.043,0.231,1
"Large1",0.0501084634077793,-0.264586507192847,1,0.981,1
"Calm1",0.0501084634077793,-0.410826925313188,0.957,1,1
"Ric3",0.050443882106495,0.507068932934248,0.391,0.212,1
"Zwint",0.0505717950964852,0.325483501595706,0.783,0.673,1
"Gm28375",0.0505739427579689,-0.472478449361634,0.304,0.5,1
"Atp5a1",0.0509329014376253,0.641978704639357,0.652,0.519,1
"Prpf4b",0.0511956066590882,-0.507880965479895,0.826,0.885,1
"Map2k1",0.0512221060605591,0.47569682691847,0.478,0.25,1
"Cabp1",0.0513252605055499,-0.460173442325913,0.261,0.519,1
"Agap1",0.0517403102476692,0.59110842227588,0.478,0.346,1
"Hpca",0.0517403102476692,-0.550235440562479,0.217,0.462,1
"Cnot3",0.0517902139887388,-0.460518091245132,0.174,0.404,1
"Snx21",0.0521160442080718,-0.354465966006725,0.043,0.231,1
"Eif2a",0.0521160442080718,-0.390699439612468,0.043,0.231,1
"Tmem29",0.0521160442080718,-0.35921519254683,0.043,0.231,1
"Gm10563",0.0521863723829548,0.297207537371624,0.174,0.038,1
"Vhl",0.0521863723829548,0.253393507414139,0.174,0.038,1
"Septin4",0.0521863723829548,0.298640081605171,0.174,0.038,1
"Gt(ROSA)26Sor",0.0521941783667838,0.47545470065227,0.478,0.288,1
"Tead1",0.0522077202931178,-0.442651150929342,0.13,0.327,1
"Slit3",0.0522145775341609,-0.608203000481151,0.348,0.577,1
"Septin11",0.052230869092994,-0.493133325143158,0.565,0.75,1
"Cst3",0.0522315980383892,0.521430379405348,0.739,0.577,1
"Pop1",0.052304192673059,0.266577644675266,0.217,0.058,1
"Slc8a3",0.0523757904591931,-0.523417923921585,0.391,0.635,1
"Ppt1",0.0526201382791577,0.470574468795319,0.478,0.269,1
"Micos10",0.052953333565499,-0.326044819896856,0.13,0.365,1
"Zfp324",0.0532763738831487,0.256437642239646,0.13,0.019,1
"Map4k2",0.0532812644769884,0.406396885978869,0.348,0.154,1
"Atp6v0c",0.0532877936613477,-0.444165053146307,0.696,0.942,1
"Mirg",0.0538739450380942,-0.258100578836207,0.304,0.577,1
"Scn3a",0.0539873529298425,0.498024028635101,0.522,0.346,1
"Gga3",0.0542191464542821,-0.334754842895149,0.087,0.308,1
"Adrb1",0.0542599710035575,-0.351296523914972,0.043,0.231,1
"Fgf1",0.0544245913823385,-0.460970897275171,0.261,0.519,1
"Aph1b",0.0544523531458722,0.436496022566967,0.261,0.096,1
"Zfyve16",0.0544523531458722,0.36608608021989,0.261,0.096,1
"Nme1",0.0546231500057786,0.946501429662088,0.435,0.269,1
"Atl3",0.0547293590430591,-0.426421448909323,0.13,0.365,1
"Gm17106",0.0547678622484446,-0.363597220903942,0.13,0.385,1
"Tnik",0.0549463880289027,0.311805797525387,0.87,0.942,1
"Dcaf5",0.0554169258720803,0.309179841264434,0.609,0.385,1
"Ppm1b",0.0558640336855059,-0.413377543111273,0.217,0.442,1
"Nup160",0.0564769928748464,-0.344316520619426,0.043,0.231,1
"Rps27",0.0564769928748464,0.254418788406337,0.304,0.115,1
"Rtl1",0.0565547876119037,-0.448761985300688,0.13,0.365,1
"Pdia6",0.0566515838627803,-0.424185549109326,0.217,0.462,1
"Cntn3",0.0567698913515178,0.400639850067556,0.783,0.788,1
"Trmt13",0.0568387812500149,0.386894278030171,0.261,0.096,1
"Prr3",0.0568387812500149,0.359356669449137,0.261,0.096,1
"Gm4258",0.0569109214262417,-0.466570534213671,0.391,0.635,1
"Dnajc19",0.0569382492943846,-0.348125798792217,0.174,0.404,1
"Porcn",0.0571298046235655,0.425225854084905,0.391,0.192,1
"Adgrl1",0.0571438978325003,-0.394678605291016,0.435,0.635,1
"Fam227a",0.0572112993402498,0.463564791263905,0.304,0.135,1
"Tmem130",0.0573099667113196,0.542275356254761,0.478,0.288,1
"Sec61a2",0.0575825799253511,0.350511651200613,0.522,0.308,1
"Mtf2",0.0578153425762846,-0.551214171812616,0.391,0.596,1
"Zfp62",0.0582105062398803,-0.424220090526055,0.174,0.385,1
"Cep170",0.0583725267789769,0.569349152821781,0.478,0.346,1
"Rnps1",0.0585168034964555,0.455786684437295,0.565,0.385,1
"Tenm3",0.0585293048861717,0.306366427450804,0.913,0.865,1
"Parp1",0.0587689064546491,-0.370817631286892,0.043,0.231,1
"Ddx27",0.0587689064546491,-0.386458883091813,0.043,0.231,1
"Psmb4",0.0587689064546491,-0.324242934984867,0.043,0.231,1
"Stx3",0.0587689064546491,-0.377492758596528,0.043,0.231,1
"Supt5",0.0591229018439196,0.35045311048485,0.391,0.192,1
"Dpy19l1",0.059206817779375,0.483004898907725,0.435,0.212,1
"Rab30",0.0595459116580625,0.418232348682956,0.565,0.346,1
"Eef1d",0.0596934471148881,0.455351511123717,0.217,0.077,1
"P4htm",0.0599323238490519,-0.396947431423994,0.043,0.212,1
"Mettl7a1",0.0599323238490519,-0.447565033406437,0.043,0.212,1
"Tcerg1",0.0600763270643885,0.363188170091713,0.478,0.25,1
"Cracr2a",0.0601901571714729,0.455123535828633,0.391,0.231,1
"Ankrd11",0.0602125846069044,0.548167685817829,0.783,0.712,1
"Ppwd1",0.0603578267094196,0.462555336549873,0.435,0.231,1
"Stx16",0.0606014766667754,-0.492798188863456,0.174,0.404,1
"Dlgap4",0.0606361998727297,-0.341716327045672,0.522,0.654,1
"Atrnl1",0.0608479629572178,0.393061070323908,0.87,0.769,1
"Il1rapl1",0.0610855660630996,0.318291865966538,0.957,0.981,1
"Pi4kb",0.0611375228616679,-0.299077384303819,0.043,0.231,1
"Rph3a",0.0611491595131467,-0.500675108169581,0.348,0.558,1
"Etf1",0.061173374473159,-0.359865851817432,0.13,0.308,1
"4930578G10Rik",0.0616627687052195,0.423112984604484,0.87,0.885,1
"Ip6k1",0.061695131249042,-0.499121741885217,0.087,0.269,1
"Tpk1",0.0617780824643316,0.538079030497036,0.304,0.135,1
"Cep20",0.0617780824643316,0.408520671759552,0.304,0.135,1
"Gm43829",0.0618730422649181,0.416509629681686,0.261,0.096,1
"Gm50250",0.0618730422649181,0.327829357988745,0.261,0.096,1
"Ccni",0.0619914680801248,-0.399619277651743,0.174,0.385,1
"Zfp738",0.0619914680801248,-0.405148032348961,0.174,0.385,1
"Pip4p1",0.0621995643969454,0.427603712153946,0.348,0.173,1
"Myo5a",0.0624534551300588,0.351869256301293,0.87,0.769,1
"Smoc2",0.0626036895286898,0.535138414003243,0.783,0.673,1
"Pds5b",0.0628718243301108,-0.401644404449056,0.348,0.558,1
"Itpr1",0.0630926920762218,0.370394606437022,0.913,0.827,1
"Pcf11",0.063255250440324,0.366916697019948,0.435,0.25,1
"Ankrd52",0.0635846665118866,-0.279114194003197,0.043,0.231,1
"Mmp24",0.064172257342853,0.402747087788569,0.304,0.135,1
"Gm43319",0.064172257342853,0.338335438804996,0.304,0.135,1
"Gm44433",0.064172257342853,0.451583581542626,0.304,0.135,1
"Tmem65",0.064172257342853,0.350928614202349,0.304,0.135,1
"Med15",0.0642620403778256,-0.276354428842593,0.13,0.385,1
"Tatdn1",0.064429043185457,0.573039089233991,0.348,0.173,1
"Apip",0.0645253607868664,0.277895661091731,0.261,0.096,1
"Il1rap",0.0646090131189406,-0.440476616350479,0.609,0.731,1
"ENSMUSG00000120926",0.0649126770025957,0.379489651789382,0.783,0.635,1
"Ndst1",0.0649960069202897,-0.337222081070705,0.043,0.212,1
"Hsp90aa1",0.0651045492127186,-0.379259561213835,0.565,0.769,1
"Tmem178b",0.0651631197412504,-0.334800566462339,1,0.981,1
"Klhl3",0.0652744586524393,-0.502728131109813,0.348,0.577,1
"Cyp20a1",0.06542595070579,0.390799948391978,0.217,0.077,1
"Mul1",0.06542595070579,0.39614889274584,0.217,0.077,1
"Nfxl1",0.06542595070579,0.333000303339736,0.217,0.077,1
"Rps6ka5",0.06542595070579,0.395795254256835,0.217,0.077,1
"Ttc9c",0.06542595070579,0.377438939119618,0.217,0.077,1
"Hs3st2",0.0655308896189779,-0.70125674102096,0.391,0.538,1
"Nras",0.0661121738736796,-0.256362563304864,0.043,0.231,1
"Ppm1h",0.0663140568963176,-0.463122442876687,0.565,0.75,1
"Miga1",0.066341990357232,0.394772415589919,0.522,0.346,1
"Mcrip1",0.0667240742364325,-0.374441103562623,0.087,0.288,1
"Cox17",0.0667240742364325,-0.371822217915384,0.087,0.288,1
"Nek1",0.0670818238871679,0.513998742799167,0.565,0.481,1
"Dgkb",0.0671113895456069,-0.465169195970717,0.522,0.712,1
"Mat2a",0.0671861017183549,-0.435212492108503,0.435,0.635,1
"Zscan26",0.0672209267174882,-0.400752172066903,0.261,0.5,1
"1700126G02Rik",0.0672708219116376,0.297778632356482,0.261,0.096,1
"Homer2",0.0672708219116376,0.27644338822761,0.261,0.096,1
"Abcd4",0.0672708219116376,0.281235339094331,0.261,0.096,1
"Arid1b",0.0672767623571255,0.411736970354703,0.826,0.673,1
"Mtmr1",0.0675999781993912,0.31209864875455,0.609,0.385,1
"Cntnap4",0.0676337551144818,0.389176878195398,0.696,0.442,1
"1600020E01Rik",0.0676572608162201,-0.501493688469698,0.043,0.212,1
"Abhd18",0.0684234306611543,0.25328901586346,0.609,0.365,1
"Bbs2",0.0684581501573748,0.369030290216725,0.217,0.077,1
"Gm37363",0.0685580114506128,-0.251378786929899,0,0.135,1
"Serpine2",0.0685580114506128,-0.278960803147843,0,0.135,1
"Tfb2m",0.0685580114506128,-0.267583081542814,0,0.135,1
"Pmpca",0.0685580114506128,-0.333799195500198,0,0.135,1
"Mettl5",0.0685580114506128,-0.3098410867485,0,0.135,1
"A330069E16Rik",0.0685580114506128,-0.361225194614174,0,0.135,1
"Ddah1",0.0685580114506128,-0.254378864614052,0,0.135,1
"Rims3",0.0685580114506128,-0.301356586536899,0,0.135,1
"Syf2",0.0685580114506128,-0.309287270395814,0,0.135,1
"Ddost",0.0685580114506128,-0.326184454792632,0,0.135,1
"Zbtb17",0.0685580114506128,-0.278200932473755,0,0.135,1
"Gm26918",0.0685580114506128,-0.291827291916386,0,0.135,1
"Snx17",0.0685580114506128,-0.287537290804233,0,0.135,1
"Mmab",0.0685580114506128,-0.34346314907732,0,0.135,1
"Rita1",0.0685580114506128,-0.273059190625355,0,0.135,1
"Tcf7l1",0.0685580114506128,-0.308120429406074,0,0.135,1
"2610306M01Rik",0.0685580114506128,-0.287640164435548,0,0.135,1
"Usp5",0.0685580114506128,-0.273908228969079,0,0.135,1
"Gm14329",0.0685580114506128,-0.346311407089472,0,0.135,1
"Tsen34",0.0685580114506128,-0.26514283785283,0,0.135,1
"Zfp790",0.0685580114506128,-0.278895605566094,0,0.135,1
"Mapk3",0.0685580114506128,-0.306173954262131,0,0.135,1
"Kcnmb4os2",0.0685580114506128,-0.271584827857406,0,0.135,1
"Cmpk2",0.0685580114506128,-0.266748990363437,0,0.135,1
"Heatr1",0.0685580114506128,-0.28551718198638,0,0.135,1
"Gm47523",0.0685580114506128,-0.310601639051312,0,0.135,1
"Mrpl28",0.0685580114506128,-0.26660315541054,0,0.135,1
"Kat2b",0.0685580114506128,-0.307324140899194,0,0.135,1
"Slitrk3",0.0687034260744916,-0.320527214348412,0.087,0.269,1
"Fam162a",0.0687034260744916,-0.471031872672677,0.087,0.269,1
"Foxp1",0.0687190202163798,0.304279767110122,0.87,0.731,1
"Ppp1r12a",0.0687190202163798,-0.381744367102429,0.652,0.827,1
"Slc12a5",0.0687732812718774,-0.523963153590507,0.391,0.635,1
"Hnrnpr",0.0688401542697739,0.395425402437895,0.522,0.308,1
"Thap2",0.0690860048344403,-0.365433755401363,0.087,0.288,1
"Rpl19",0.0702719227782305,-0.365927330612318,0.217,0.481,1
"Drg1",0.0703271636884758,-0.279479056268451,0.348,0.635,1
"Ptar1",0.0704075132294948,-0.268084733447101,0.043,0.212,1
"Brf1",0.0704253420333749,-0.467332345651829,0.087,0.25,1
"Ddhd2",0.0704253982028082,0.390750221507094,0.652,0.462,1
"Ncor1",0.0707719592342776,0.315621213303432,0.826,0.769,1
"Igsf9b",0.0708402855689871,-0.273000412477047,0.348,0.673,1
"Pgm2l1",0.0708719944590132,-0.398898807213922,0.478,0.712,1
"Erlec1",0.0708823334896334,0.371349931544994,0.478,0.288,1
"Nr2f1",0.0708823334896334,0.287560217670186,0.522,0.269,1
"Abhd2",0.0711801183358898,0.344090753452383,0.348,0.154,1
"Sort1",0.0712681473406339,0.462308870132427,0.652,0.5,1
"Npat",0.0715161882037248,0.307991358737608,0.348,0.173,1
"Hdac1",0.0716049233960611,0.286288269657434,0.217,0.077,1
"Gm16185",0.0716049233960611,0.281395483793766,0.217,0.077,1
"Nsun2",0.0720971370021318,-0.492609755628532,0.348,0.558,1
"Dclk1",0.0721407667210719,-0.268171383724167,0.957,0.962,1
"Aldoa",0.072171892260456,-0.511315734809984,0.696,0.75,1
"Atg16l2",0.0723395139997872,-0.445767869383588,0.174,0.385,1
"Adcy3",0.0723395139997872,-0.48726149922773,0.174,0.385,1
"Fam234b",0.0728481773174693,-0.380460784606018,0.13,0.327,1
"Tlk1",0.0728656650967856,-0.429126656694535,0.435,0.654,1
"Tbc1d2",0.0732488194848423,-0.384534341168527,0.043,0.212,1
"4921524J17Rik",0.0732488194848423,-0.450390253439914,0.043,0.212,1
"Gmcl1",0.0734367167212783,-0.418694271770187,0.304,0.538,1
"Gm16351",0.0735151777273992,0.522819972842081,0.783,0.788,1
"Atpaf1",0.0737295281894771,-0.328348118376104,0.087,0.269,1
"Rgma",0.0737295281894771,-0.366894327850834,0.087,0.269,1
"Fam118b",0.0737295281894771,-0.319281354330252,0.087,0.269,1
"Marchf2",0.0737295281894771,0.264309953708834,0.348,0.154,1
"Zfp322a",0.0739314633125563,0.329065182565652,0.435,0.25,1
"Dnm3",0.0739804676731784,-0.420928504632241,0.696,0.865,1
"Lsamp",0.0739879896209392,-0.282164463609716,1,0.981,1
"Dcakd",0.0740159826693535,-0.327503057802334,0.087,0.288,1
"Relch",0.0741531801105404,0.557392880831448,0.609,0.519,1
"Smyd3",0.0741655123530598,0.372349235014444,0.87,0.731,1
"Ppp6r1",0.0743433043849137,0.405944072931102,0.304,0.154,1
"Tln1",0.0745268333556842,0.322208739246788,0.304,0.135,1
"Eipr1",0.0745701546808197,0.430874481063267,0.435,0.269,1
"Rps21",0.0747473085752508,-0.399469043688441,0.13,0.308,1
"Fam169a",0.0748237319735828,0.369344479621343,0.522,0.327,1
"Gm16759",0.074869246638372,0.338097621619801,0.217,0.077,1
"Abhd10",0.074869246638372,0.327409404992315,0.217,0.077,1
"Zdhhc14",0.0749011247691499,-0.450640447355478,0.87,0.981,1
"Megf11",0.0749912383027952,-0.461207069001838,0.174,0.404,1
"Emc2",0.0749912383027952,0.398609493921445,0.435,0.288,1
"Tle2",0.0751136230870257,-0.366574574714104,0.217,0.442,1
"Cdc42bpb",0.0751136230870257,-0.416135890598567,0.217,0.442,1
"Frs2",0.0752117436047491,0.260719250523326,0.522,0.269,1
"Spen",0.0752369616240102,-0.414697866166201,0.13,0.327,1
"Timmdc1",0.0753723322322785,0.366719191056761,0.435,0.231,1
"Matk",0.0754993195541662,-0.442140187513546,0.304,0.519,1
"Rskr",0.0760889199864246,0.25712559434046,0.261,0.096,1
"Galnt2",0.0760897858285824,-0.462744356881031,0.522,0.731,1
"Narf",0.0761832429667149,-0.381583620046067,0.043,0.212,1
"Pum1",0.0762923494822402,0.370906117155734,0.652,0.462,1
"Gns",0.0763506620362933,0.371448650194367,0.478,0.308,1
"Ifngr2",0.0763531157363254,-0.404034259356833,0.087,0.269,1
"Sdcbp",0.076586750789045,-0.355091476605368,0.087,0.288,1
"Mical3",0.0766929728672311,0.284587282437812,0.87,0.712,1
"Rora",0.0771769394431613,0.342161130089149,0.913,0.808,1
"Hdac9",0.0771769394431613,0.538379047786488,0.913,0.808,1
"Orc3",0.0772326297315653,0.317024435335333,0.391,0.192,1
"Ap3b1",0.0774560787935717,-0.46030294912126,0.217,0.404,1
"Rock2",0.0776037100567726,-0.339146703648269,0.826,0.923,1
"Stmn2",0.0776628720504637,-0.373193511447959,0.783,0.962,1
"Uso1",0.0777472511556591,0.336007475677787,0.435,0.231,1
"Nrg3os",0.0777600696436606,0.356763141952571,0.913,0.962,1
"Pip4k2c",0.0778505330956047,-0.369943291128606,0.13,0.346,1
"Trip12",0.0780472533222583,0.372661585829065,0.783,0.615,1
"Gatm",0.078254108053615,0.416510580004008,0.217,0.077,1
"Ash1l",0.0783218725531839,-0.412732734195565,0.522,0.712,1
"Spata5",0.0784123018035576,0.307717368217277,0.478,0.269,1
"Pdgfb",0.0784375961000108,-0.308288052979384,0.087,0.25,1
"C130073E24Rik",0.0785882281011445,0.461320975154436,0.609,0.365,1
"Rxfp1",0.0787068284640708,0.64035653985046,0.826,0.615,1
"Adarb2",0.0788099951085931,-0.602255641347752,0.435,0.673,1
"Ing2",0.0790523448494974,0.299610398334088,0.348,0.154,1
"Vcan",0.0790523448494974,-0.40756034224485,0.087,0.269,1
"Ppp2r2d",0.0792128533461031,-0.300466648106537,0.043,0.212,1
"Acad8",0.0792128533461031,-0.285017776296905,0.043,0.212,1
"Dpysl3",0.0792298584559136,0.397893169484372,0.348,0.173,1
"Brd4",0.079656413080022,-0.451724060637812,0.304,0.538,1
"Mysm1",0.0797228350835394,-0.33106245163168,0.261,0.538,1
"Lrrc3b",0.0797848744924281,-0.51283834676052,0.13,0.308,1
"Pank3",0.0798424656016525,0.3666173867599,0.304,0.154,1
"Fam98b",0.0801946856888686,0.352973684113196,0.304,0.135,1
"Gm14410",0.0801946856888686,0.308874977838943,0.304,0.135,1
"Ehmt2",0.0801946856888686,0.268505595104156,0.304,0.135,1
"Map9",0.0802063858285759,-0.355766774528626,0.13,0.327,1
"Cfdp1",0.0802063858285759,-0.366632446015573,0.13,0.327,1
"Gm9856",0.0802063858285759,0.429203643932011,0.391,0.212,1
"Pomp",0.0808394253131916,-0.324322614124919,0.043,0.192,1
"Pdcd7",0.0808394253131916,-0.315021592702734,0.043,0.192,1
"Snu13",0.080895553676415,-0.37202604945828,0.217,0.423,1
"Rexo4",0.0812677175263035,-0.411392912967887,0.087,0.25,1
"Cttnbp2",0.0816878756185299,-0.324771842151927,1,0.904,1
"Itch",0.0816982520487286,0.531974600907954,0.522,0.385,1
"Mettl25",0.0817625044251806,0.264363393655778,0.217,0.077,1
"Akap1",0.0817625044251806,0.277192564064292,0.217,0.077,1
"Plcd3",0.0817625044251806,0.301872308993555,0.217,0.077,1
"Pik3ca",0.081846298016222,0.281521120459836,0.522,0.308,1
"Sel1l",0.0819055168413467,-0.470254144666105,0.304,0.519,1
"Enc1",0.0819452283741144,-0.461144465334168,0.435,0.577,1
"Scap",0.0819466739724201,-0.25520740004895,0.087,0.288,1
"Tmem9b",0.0823397247409635,0.366953608550433,0.261,0.115,1
"H2az2",0.0823397247409635,0.314513045700692,0.261,0.115,1
"Mthfd1",0.0823397247409635,-0.2618728956702,0.043,0.212,1
"Kdm4b",0.0823397247409635,-0.272049701873046,0.043,0.212,1
"Ccdc88a",0.0825343592734878,-0.353042138717307,0.696,0.846,1
"Gm26691",0.0827893134688024,0.426099071424424,0.391,0.212,1
"Unc13b",0.0829008911171383,0.520349330498818,0.652,0.596,1
"Pgbd5",0.0829231915260513,0.38802140643617,0.609,0.404,1
"Stx17",0.0831572495859843,0.312109066805206,0.304,0.135,1
"Bloc1s2",0.0831572495859843,0.295589675780019,0.304,0.135,1
"Zfp654",0.0832205485286235,0.535637756184323,0.478,0.365,1
"Strada",0.0834958918306949,0.349849688284899,0.435,0.25,1
"Gm17231",0.0836345978597251,-0.415165539077297,0.348,0.596,1
"Nxpe4",0.0837831466373789,0.458709420857947,0.522,0.327,1
"Flnb",0.0839591254376616,-0.323290458653077,0.261,0.5,1
"Rpl7a",0.0841381931519523,-0.339721212514333,0.043,0.192,1
"Iqcj",0.0841381931519523,-0.3248391223783,0.043,0.192,1
"Rbmxl1",0.0841381931519523,-0.359272149973828,0.043,0.192,1
"Wwp2",0.0841381931519523,-0.319516351969517,0.043,0.192,1
"Adprh",0.0841381931519523,-0.265011613612713,0.043,0.192,1
"Atp1b1",0.0844339739761137,-0.340986737089644,0.87,0.865,1
"Gm17167",0.0846835958752479,-0.299147624933153,0.087,0.269,1
"Tmem256",0.0846835958752479,-0.327240923688189,0.087,0.269,1
"Dgke",0.0846835958752479,0.298038864528816,0.348,0.154,1
"Ubn1",0.0846835958752479,-0.295672954968729,0.087,0.269,1
"Kcnd3",0.0847287244775188,-0.509950257472282,0.391,0.577,1
"Gpatch1",0.0847385670958663,0.339052899501827,0.348,0.173,1
"Gm13883",0.0847429432443407,0.482337257393029,0.652,0.519,1
"Nlk",0.0847772813357915,-0.370537867141013,0.957,0.942,1
"Dzank1",0.0849617517318944,0.327459363602614,0.565,0.308,1
"Mlec",0.0853974376740377,0.322907642337648,0.217,0.077,1
"Tubgcp6",0.0853974376740377,0.258927486904206,0.217,0.077,1
"Trem2",0.0853974376740377,0.250588839583982,0.217,0.077,1
"Polr2g",0.0854392452206364,0.353647739804388,0.391,0.212,1
"Tmed2",0.085565933811125,-0.267849703285431,0.043,0.212,1
"Polr2e",0.085565933811125,0.534043867419303,0.261,0.115,1
"Lrrk2",0.0856576863643194,-0.387315284329042,0.217,0.423,1
"Ltbp1",0.0856677474574157,0.471308873916707,0.304,0.154,1
"Mast3",0.0860622528493373,-0.506065496310948,0.348,0.538,1
"Rpl8",0.0862703830976058,-0.406487293094706,0.304,0.481,1
"Esyt2",0.0865945761690648,0.260054787666603,0.87,0.654,1
"Snca",0.0866951114992104,0.369668832798837,0.826,0.788,1
"Cep170b",0.0872045918503312,0.44219514922666,0.348,0.192,1
"Vps4a",0.0875450760424439,-0.283146081745797,0.043,0.192,1
"Etaa1",0.0875450760424439,-0.321372118852104,0.043,0.192,1
"Prpf19",0.0875450760424439,-0.296365614994681,0.043,0.192,1
"Rnf13",0.0876069080558248,0.309671426244325,0.348,0.173,1
"Syt12",0.0876185549021291,-0.343217091853067,0.087,0.269,1
"Zfp975",0.0877312310499164,0.282140254385799,0.174,0.058,1
"Cinp",0.0877312310499164,0.380994962898662,0.174,0.058,1
"Grm3",0.0883649227896268,0.394356620408129,0.565,0.346,1
"Swt1",0.0886410170605941,-0.438517471699364,0.174,0.365,1
"Uba5",0.0886410170605941,-0.424090913397428,0.174,0.365,1
"Gm55759",0.0888935577886947,0.3176794177502,0.261,0.115,1
"Snrnp40",0.0888935577886947,0.306454004180377,0.261,0.115,1
"Anxa6",0.0888935577886947,0.355420889887897,0.261,0.115,1
"Exoc7",0.0888935577886947,0.417126024684074,0.261,0.115,1
"Txndc15",0.0888935577886947,-0.258342614939601,0.043,0.212,1
"Snrnp70",0.0890117459675878,0.265402569664666,0.957,0.942,1
"Zfp280c",0.089060415962791,0.421896881528328,0.522,0.308,1
"Scamp1",0.089160712727793,0.362192429181677,0.435,0.269,1
"Gm42639",0.0891619112466985,0.278881979761846,0.217,0.077,1
"Tpm3",0.0891722329304527,-0.489156775801937,0.478,0.596,1
"Wdr43",0.0893482487097765,0.42244299713085,0.304,0.135,1
"Gm47339",0.0898109024468174,0.354463382879569,0.478,0.346,1
"Tmem245",0.0898126714097166,0.407426534803388,0.739,0.673,1
"Osbpl11",0.0902583461060883,-0.446481904374669,0.087,0.25,1
"Gm44151",0.0903851020887621,-0.405942575470623,0.261,0.462,1
"Arhgap23",0.0903851020887621,-0.286838241633806,0.217,0.481,1
"Ddx10",0.0905514485753489,-0.464221918406887,0.174,0.346,1
"Mbd2",0.0905514485753489,-0.402761793088378,0.174,0.346,1
"Aars",0.0905530665439493,0.251759515720161,0.348,0.173,1
"BC005624",0.0906350274891323,-0.309695539386948,0.087,0.269,1
"Gm15614",0.0906350274891323,-0.339212019733316,0.087,0.269,1
"Fscn1",0.0906872897115525,-0.364286356178579,0.13,0.308,1
"Slc22a17",0.0906921605952087,-0.352950557414095,0.304,0.558,1
"Ncor2",0.0908878768059106,-0.271878490907417,0.13,0.346,1
"Gmps",0.0909447030923792,0.314359481753475,0.391,0.212,1
"Vps35",0.0909447030923792,0.318858426642155,0.391,0.212,1
"Ankrd44",0.0910623909145678,-0.297043850546556,0.043,0.192,1
"Smyd2",0.0910623909145678,-0.354972917820758,0.043,0.192,1
"Psmc4",0.0910623909145678,-0.386526082021806,0.043,0.192,1
"Dhps",0.0910623909145678,-0.283860955092834,0.043,0.192,1
"Rnf24",0.0918024632871676,-0.361554673043847,0.174,0.385,1
"Slc4a10",0.0918115718844557,0.567538783401623,0.87,0.846,1
"Sec14l1",0.0921535604012857,0.635708548842707,0.565,0.481,1
"Txndc12",0.0923246724451446,0.362427664662535,0.261,0.115,1
"Arhgef10",0.0923246724451446,0.484969564325108,0.261,0.115,1
"Trim41",0.0923246724451446,0.254626619970268,0.261,0.115,1
"Nyap2",0.0929240636322859,0.306080378997019,0.783,0.615,1
"Atxn3",0.0930248690988103,0.333062787204004,0.348,0.192,1
"Creld1",0.0930589263703549,0.376945351851202,0.217,0.077,1
"Nr2c2",0.0930811285173369,0.41647451534095,0.565,0.442,1
"Gm37679",0.0932231176501061,-0.433417305325458,0.217,0.423,1
"Cdk8",0.0935707774740803,0.413289832443756,0.739,0.596,1
"Bcl9",0.0935784106766596,0.333430485734917,0.348,0.173,1
"Gm49878",0.0935784106766596,0.289763661134972,0.348,0.173,1
"Cep120",0.0935784106766596,0.30743858653495,0.348,0.173,1
"Itm2b",0.0936931315063199,-0.42538840618652,0.652,0.769,1
"1810034E14Rik",0.0936951244238338,-0.279060521688606,0.13,0.346,1
"Brap",0.0937344801741779,-0.326533396847943,0.087,0.269,1
"Scg3",0.0937344801741779,-0.318181929492317,0.087,0.269,1
"Efhd2",0.0938025178973028,-0.341078604273498,0.13,0.327,1
"Elavl1",0.0938025178973028,-0.323468414844963,0.13,0.327,1
"Nme7",0.0940342620453518,-0.420887641075758,0.478,0.635,1
"Wdr5",0.0943381152103355,-0.282352820468055,0,0.115,1
"Ccdc141",0.0943381152103355,-0.269433628376706,0,0.115,1
"Kbtbd4",0.0943381152103355,-0.329602180776037,0,0.115,1
"Iftap",0.0943381152103355,-0.277024835162276,0,0.115,1
"Gm37773",0.0943381152103355,-0.302665946390946,0,0.115,1
"Ddx54",0.0943381152103355,-0.279571468158561,0,0.115,1
"Nptx2",0.0943381152103355,-0.284230635127651,0,0.115,1
"Repin1",0.0943381152103355,-0.345529360416219,0,0.115,1
"Gm44438",0.0943381152103355,-0.252350022676457,0,0.115,1
"2410002F23Rik",0.0943381152103355,-0.288895237660948,0,0.115,1
"Pwwp2b",0.0943381152103355,-0.250561476455628,0,0.115,1
"Sidt2",0.0943381152103355,-0.263408203482975,0,0.115,1
"Dnajc12",0.0943381152103355,-0.268599988113534,0,0.115,1
"Mrps23",0.0943381152103355,-0.252914036640994,0,0.115,1
"Gm20208",0.0943381152103355,-0.299765703747973,0,0.115,1
"Lman2",0.0943381152103355,-0.27348843582758,0,0.115,1
"Ttc33",0.0943381152103355,-0.289140014857389,0,0.115,1
"Pick1",0.0943381152103355,-0.252690574082809,0,0.115,1
"4930506C21Rik",0.0943381152103355,-0.262681861257954,0,0.115,1
"Gfer",0.0943381152103355,-0.260414690582829,0,0.115,1
"Tfe3",0.0943381152103355,-0.279083763907272,0,0.115,1
"Zfp711",0.0943381152103355,-0.251731113523461,0,0.115,1
"Tmem35a",0.0943381152103355,-0.255393978790309,0,0.115,1
"Sntg1",0.0944840187891334,-0.303317412034833,0.913,0.923,1
"Deaf1",0.0946924515647976,-0.409253017263714,0.043,0.192,1
"Itga9",0.0946924515647976,-0.355440995435074,0.043,0.192,1
"Irf2bpl",0.0946924515647976,-0.335604975950703,0.043,0.192,1
"Gm5141",0.0946924515647976,-0.262064504878231,0.043,0.192,1
"Zadh2",0.0946924515647976,-0.314980977598869,0.043,0.192,1
"Hdac6",0.0946924515647976,-0.25592181764756,0.043,0.192,1
"Pitpnb",0.0947320299205904,-0.322842327030691,0.174,0.404,1
"Snph",0.0948804176886454,-0.352258864395285,0.217,0.462,1
"Atxn7l3b",0.0950857227519393,-0.483499829800492,0.391,0.538,1
"Tango2",0.0955203402492151,0.390298711648999,0.565,0.442,1
"Satb1",0.0955203402492151,0.507675969657002,0.609,0.423,1
"Myo9a",0.095681225089317,0.37097021052013,0.957,0.942,1
"Fbxw7",0.0956983917964381,-0.459845373502335,0.609,0.827,1
"Dnaja3",0.0959051975545683,0.304210326692301,0.304,0.135,1
"Ehmt1",0.0959099846465169,0.3375188390596,0.696,0.481,1
"Grip1",0.0960340176120093,0.614460001962734,0.522,0.385,1
"Slc22a23",0.0960340176120093,0.322394322259216,0.522,0.385,1
"Tubb2a",0.0961063893159091,-0.470207450486207,0.304,0.5,1
"Mir124a-1hg",0.0963320199336476,-0.394178153261155,0.739,0.904,1
"Arid5b",0.0963873839906454,-0.377322748339721,0.435,0.673,1
"Klhl5",0.0965216370427286,0.323538017800983,0.174,0.058,1
"Zfp583",0.0965216370427286,0.345697876251095,0.174,0.058,1
"Dcaf13",0.0965216370427286,0.366007339599556,0.174,0.058,1
"Mrps9",0.0965714968591546,-0.396245743963545,0.13,0.308,1
"Gm42770",0.0965714987952373,0.414314757704384,0.391,0.231,1
"Calb1",0.0966848116443199,-0.427713395185167,0.087,0.25,1
"Egr3",0.0966848116443199,-0.337417608178282,0.087,0.25,1
"Mfsd6",0.0967319126171187,-0.339232275537543,0.13,0.327,1
"Chmp3",0.0967319126171187,0.273475540416752,0.391,0.212,1
"Nars2",0.0967319126171187,0.497167137497411,0.391,0.212,1
"Safb2",0.0967319126171187,-0.284539557412307,0.13,0.327,1
"Arih2",0.0967782337469695,-0.334510566406749,0.217,0.442,1
"Tada2a",0.0969183765671649,-0.335887474172115,0.087,0.269,1
"Fndc9",0.0973169630358822,0.385713646066727,0.739,0.577,1
"Tacc1",0.0978125747483461,-0.391436381031124,0.609,0.769,1
"Tmem178",0.0980104699724831,-0.405453637305508,0.304,0.558,1
"Snx30",0.0980377903748303,-0.444368244924478,0.261,0.462,1
"Ctsd",0.0983473261122225,0.354042253118232,0.304,0.154,1
"Rfwd3",0.0984375660968776,-0.344376214294911,0.043,0.192,1
"Cpne7",0.0984375660968776,-0.351510491866134,0.043,0.192,1
"Alkbh5",0.0984375660968776,-0.324795174666244,0.043,0.192,1
"Gm31356",0.0984375660968776,-0.276322803911825,0.043,0.192,1
"Dennd10",0.0984375660968776,-0.259756236683334,0.043,0.192,1
"Efna5",0.0989939488603527,-0.352446082948803,0.522,0.769,1
"Idh3b",0.0990149582213726,0.261401185357647,0.435,0.231,1
"Capn15",0.0990149582213726,0.380992772045477,0.391,0.25,1
"Smg5",0.0994666093923351,0.354262081207258,0.478,0.327,1
"Exosc10",0.0995056569476098,0.280263317698007,0.261,0.115,1
"Fads3",0.0995056569476098,0.326787098468393,0.261,0.115,1
"Cend1",0.0996260735944524,-0.355980309614864,0.13,0.308,1
"Syp",0.0997222261747367,-0.402629540336183,0.565,0.654,1
"Tppp",0.099734025705577,0.307313215567368,0.391,0.212,1
"Palmd",0.100032592868668,-0.295616858701407,0.087,0.25,1
"Coq3",0.100032592868668,-0.350892478963268,0.087,0.25,1
"Slc17a6",0.100032592868668,-0.348946564159607,0.087,0.25,1
"Gm10658",0.100032592868668,-0.353642560697189,0.087,0.25,1
"5730522E02Rik",0.100032592868668,-0.397965587555415,0.087,0.25,1
"Tbc1d22a",0.100032592868668,-0.409786613438596,0.087,0.25,1
"Tut7",0.100106687482422,-0.292053583849617,0.174,0.385,1
"Dgkz",0.100189814447463,-0.517466823843092,0.652,0.75,1
"Trim46",0.100700774842668,0.44829365529468,0.522,0.346,1
"Zc3h13",0.100942514793518,-0.36018516859432,0.435,0.712,1
"mt-Nd2",0.101129525719643,-0.748185780784459,0.478,0.673,1
"Cd46",0.101162219095936,0.353687913353245,0.565,0.404,1
"Cdc26",0.101173845149985,0.285425398930728,0.174,0.058,1
"Gm45264",0.101173845149985,0.275862624273421,0.174,0.058,1
"Atp1a3",0.101177191821536,-0.431205846221556,0.609,0.808,1
"Gm44560",0.101268223083231,0.380504371382021,0.696,0.538,1
"Akap9",0.101295791081135,-0.445477983356344,0.391,0.577,1
"Luc7l2",0.101515350158665,0.294474161957036,0.913,0.942,1
"Ap3s1",0.101536912711874,0.292612244243088,0.522,0.327,1
"Negr1",0.101563990539894,0.347647378057582,1,1,1
"Plppr4",0.101655749852277,-0.280249987316471,0.783,0.827,1
"Vstm2b",0.10174080776707,0.356893706233783,0.304,0.154,1
"Inpp5k",0.10174080776707,0.305347675008926,0.304,0.154,1
"Marchf5",0.10174080776707,0.609548812065067,0.304,0.154,1
"Sobp",0.101976314248199,-0.284163285612556,0.696,0.808,1
"Fam219a",0.102174671128095,-0.458396170760114,0.565,0.654,1
"Pdgfa",0.102300034288557,-0.258648997426381,0.043,0.192,1
"Bcap29",0.102300034288557,-0.314601003279081,0.043,0.192,1
"Ift57",0.102757232835976,-0.260555064150058,0.13,0.308,1
"Pgrmc1",0.102757232835976,-0.446814172763934,0.13,0.308,1
"Galnt18",0.103158581303811,0.296202718668565,0.826,0.615,1
"Gcn1",0.103545332898548,-0.318896825580342,0.087,0.269,1
"Marchf3",0.103545332898548,-0.304526348231188,0.087,0.269,1
"Chd2",0.10361708092268,-0.448501986962275,0.478,0.673,1
"Zfp462",0.103754015924055,-0.57039659322456,0.304,0.462,1
"Mdm4",0.103921874688813,0.277996993041371,0.565,0.365,1
"Gfod1",0.104301486807111,-0.451161355048083,0.261,0.442,1
"mt-Nd5",0.104301486807111,-0.47352476740668,0.261,0.442,1
"Gls",0.105006468447504,-0.351946595106018,0.87,0.904,1
"Gm15398",0.105189631692744,-0.412248266587333,0.957,0.942,1
"Rad21",0.105575117784784,0.252525600916719,0.217,0.077,1
"Col25a1",0.105613243756359,-0.403118194915334,0.652,0.769,1
"Taf1",0.105623086921683,-0.374325262047041,0.174,0.365,1
"Mapre1",0.105626179416753,0.417858382286372,0.391,0.231,1
"Ints8",0.105626179416753,0.569627099379386,0.391,0.231,1
"Rpl10",0.105968084027529,-0.380367896624658,0.217,0.365,1
"Panct2",0.106002939712137,0.269052265623852,0.174,0.058,1
"P3h3",0.106002939712137,0.275444342824872,0.174,0.058,1
"2810001G20Rik",0.106002939712137,0.273739808916319,0.174,0.058,1
"Stard6",0.106002939712137,0.270416940001926,0.174,0.058,1
"Gm10135",0.106282144886663,-0.269393293840241,0.043,0.192,1
"Ssh1",0.106282144886663,-0.320153651195893,0.043,0.192,1
"Tsen2",0.106282144886663,-0.274780236030907,0.043,0.192,1
"ENSMUSG00000121080",0.106282144886663,-0.252555029919489,0.043,0.192,1
"Csnk1d",0.106282144886663,-0.302040182609692,0.043,0.192,1
"9530059O14Rik",0.106404274530585,-0.275614211060051,0.826,0.981,1
"Atp2b1",0.106451569047426,-0.284537517809353,0.913,1,1
"Kmt2a",0.106917122879736,-0.482205006666393,0.522,0.75,1
"Sil1",0.107005092703152,-0.326969954465055,0.087,0.25,1
"Sipa1l2",0.107125383173816,0.256710037250001,0.261,0.115,1
"Slc35a5",0.107125383173816,0.273151047241146,0.261,0.115,1
"1110059E24Rik",0.107125383173816,0.35812205019849,0.261,0.115,1
"Hecw2",0.108051254546104,0.273694142475221,0.87,0.808,1
"Peli1",0.108098255301283,-0.423001542319539,0.174,0.346,1
"Kif1a",0.108218797479761,-0.394452663802528,0.478,0.712,1
"Gabbr1",0.108237206951959,-0.482724810554248,0.348,0.615,1
"Inf2",0.108689322187558,-0.427969824289891,0.174,0.365,1
"Nhsl2",0.108689322187558,-0.341427279525987,0.174,0.365,1
"Dynll1",0.108737932420714,-0.269858200253793,0.391,0.712,1
"6430548M08Rik",0.108789837009145,0.435918108419095,0.391,0.231,1
"Gria3",0.108917779384279,-0.256511203314948,0.87,0.962,1
"Adcy1",0.108999169126833,0.417598902051611,0.435,0.269,1
"Ube4a",0.109036759769453,-0.261092406737382,0.217,0.481,1
"Gm42583",0.10925407001934,-0.356333693071871,0.13,0.308,1
"Nfe2l1",0.109333008280718,-0.389406100644543,0.304,0.462,1
"Hmgn3",0.109460517210286,0.4758693362867,0.522,0.385,1
"Phf21a",0.109564735329881,-0.332370305291564,0.565,0.769,1
"AI480526",0.109940553610949,0.319988327604706,0.348,0.173,1
"Mlf2",0.109958001247204,-0.277010880488023,0.217,0.423,1
"Zdhhc8",0.109958001247204,0.314951143320817,0.478,0.308,1
"Gpr162",0.110386172833047,-0.263864364029079,0.043,0.192,1
"Gm49127",0.110386172833047,-0.279510698284237,0.043,0.192,1
"Bcor",0.110386172833047,-0.25404482587304,0.043,0.192,1
"Ccnyl1",0.110632924611677,-0.283415978621875,0.087,0.25,1
"Gpr85",0.110632924611677,-0.359574237319907,0.087,0.25,1
"Disp2",0.110839309232042,0.308047241983945,0.609,0.365,1
"Kcnq1ot1",0.110968665694334,-0.359086434629436,0.826,0.865,1
"Rad9b",0.111013048941198,0.334000107122907,0.174,0.058,1
"Gm47592",0.111013048941198,0.399535652249901,0.174,0.058,1
"Bicra",0.1111048866946,0.292884378720424,0.261,0.115,1
"Samd4b",0.1111048866946,0.28457516734398,0.261,0.115,1
"Apbb1",0.1111048866946,0.446208594571629,0.261,0.115,1
"Fnta",0.1111048866946,0.433151280303789,0.261,0.115,1
"Gm21798",0.1111048866946,0.308383486750958,0.261,0.115,1
"Gm33228",0.111268518728594,0.295207019879633,0.435,0.231,1
"Gabrb3",0.11152638715123,0.315600151721102,1,0.962,1
"Mapk4",0.111595213805033,-0.526569529713068,0.478,0.635,1
"Nrn1",0.111825553493013,-0.350624677315985,0.174,0.365,1
"Mtmr7",0.111890381818625,0.402137400744221,0.478,0.288,1
"Habp4",0.111890381818625,-0.341128330943235,0.217,0.404,1
"Gkap1",0.112372943837456,0.346105933454905,0.348,0.192,1
"Arhgef3",0.112492278938769,-0.25313907388307,0.13,0.327,1
"Ift43",0.112622117728625,-0.409961588976268,0.13,0.308,1
"Snhg3",0.112977145235431,0.436510992794842,0.217,0.096,1
"Polg",0.112977145235431,-0.277410821674249,0.043,0.173,1
"Mto1",0.112977145235431,-0.384271764674204,0.043,0.173,1
"Pttg1",0.112977145235431,-0.297771086992829,0.043,0.173,1
"0610009B22Rik",0.112977145235431,-0.310933693308497,0.043,0.173,1
"Malt1",0.112977145235431,-0.253474534655004,0.043,0.173,1
"Myef2",0.113437396465449,-0.276340693895318,0.304,0.577,1
"Gatad2b",0.113667141184147,0.459245556569313,0.609,0.5,1
"Fut11",0.114357203843474,-0.288823244404398,0.087,0.25,1
"Naa12",0.114357203843474,-0.269091614454713,0.087,0.25,1
"Cpne8",0.114511716116161,0.487865657388984,0.391,0.25,1
"Actr1b",0.114556754430777,-0.301883437433456,0.304,0.538,1
"Dusp8",0.11461437642415,-0.251977731874619,0.043,0.192,1
"Srgap1",0.11461437642415,-0.266616121600851,0.043,0.192,1
"Zmat4",0.11463651421249,0.255576752345437,0.217,0.077,1
"Ppig",0.114924712526345,-0.389698958603194,0.348,0.5,1
"Pspc1",0.115146561932216,-0.379928181665135,0.304,0.462,1
"Rpl36al",0.115200183402005,0.269795104185706,0.261,0.115,1
"Clstn3",0.115229961684883,-0.479533982520167,0.304,0.481,1
"Gng2",0.115241489508807,-0.351116490446176,0.783,0.942,1
"Filip1l",0.115266754571588,0.275917606048946,0.435,0.269,1
"Npdc1",0.11587489672666,-0.309218466692177,0.13,0.327,1
"Rpl32",0.116071485535729,-0.407152194632841,0.13,0.308,1
"Colgalt2",0.116208264687771,0.318823659470998,0.174,0.058,1
"Vwa3a",0.116208264687771,0.266748260737002,0.174,0.058,1
"Crim1",0.116208264687771,0.271933740947086,0.174,0.058,1
"Gm19461",0.116255989850739,0.269983995639072,0.304,0.154,1
"Gpr158",0.116766508055465,-0.497190464822009,0.435,0.596,1
"Srrm4",0.116792205908232,0.354754793168563,0.696,0.577,1
"Gria4",0.11679281869357,0.256691451907461,1,1,1
"Dock9",0.11694399413946,0.271315593732453,0.826,0.731,1
"Cul4a",0.116957220926765,0.612470885038969,0.261,0.135,1
"Mrpl30",0.117464510702756,-0.263012195203327,0.043,0.173,1
"Usp1",0.117464510702756,-0.2796241285867,0.043,0.173,1
"Ppargc1a",0.117464510702756,-0.334149052860734,0.043,0.173,1
"Cand1",0.117464510702756,-0.251136363370063,0.043,0.173,1
"Stk40",0.117828848622403,-0.328667712261511,0.174,0.346,1
"Tmbim6",0.117828848622403,-0.437299649036787,0.174,0.346,1
"Gm16552",0.117908184375145,-0.328407127402302,0.087,0.231,1
"Tle5",0.117909267286716,-0.355294396483694,0.261,0.462,1
"Gm43376",0.118144650601822,-0.412289989456519,0.652,0.75,1
"Naa50",0.118311848800343,0.280777662230033,0.435,0.25,1
"Tbc1d24",0.118505094161673,0.330884541808664,0.435,0.269,1
"Tmem218",0.118731974022518,0.332962686281844,0.391,0.231,1
"Ankrd17",0.119213486847098,0.311772439403692,0.783,0.731,1
"Mprip",0.119309359660162,-0.446850640233153,0.391,0.596,1
"Vps29",0.119336953033689,-0.286612723142817,0.13,0.327,1
"Ttyh3",0.119485080131885,-0.395935879218175,0.13,0.288,1
"Tdrd3",0.119485080131885,0.326692623793146,0.348,0.192,1
"Zfp706",0.119485080131885,0.290237634430867,0.348,0.192,1
"Por",0.119603338098889,-0.420393686321382,0.13,0.308,1
"Nectin3",0.119603338098889,-0.265790125748554,0.13,0.308,1
"Lrrc4",0.119883008033802,-0.338742707035577,0.435,0.635,1
"Atp11b",0.120082380552644,0.588149186581338,0.783,0.712,1
"Gm45183",0.120127804760393,0.288342913093016,0.304,0.154,1
"Prkcb",0.120440461458496,-0.420376492846378,0.652,0.846,1
"Shisa6",0.120440461458496,-0.38212872158943,0.652,0.846,1
"Yaf2",0.120590307987342,-0.295013848636584,0.217,0.462,1
"Ubxn2a",0.121080215829802,0.374665521772674,0.261,0.135,1
"Gm43713",0.121342292150845,-0.375366753560344,0.217,0.404,1
"Dagla",0.121663817792313,0.304439153146236,0.435,0.25,1
"Bend6",0.121814346603252,0.332264168949126,0.435,0.269,1
"Tspan14",0.12193311337576,-0.325810753749089,0.087,0.231,1
"Rpl36",0.12193311337576,-0.434686318896109,0.087,0.231,1
"Kmt2c",0.121984076097326,0.299184211594016,0.826,0.712,1
"Cd302",0.122090589578331,-0.298403049156092,0.043,0.173,1
"Zkscan2",0.122090589578331,0.34040165801669,0.217,0.096,1
"Kif13a",0.122090589578331,0.311283543908566,0.217,0.096,1
"Atp7a",0.122090589578331,-0.293312498676277,0.043,0.173,1
"Paip1",0.122101211008297,-0.270854008406574,0.087,0.25,1
"Pdcd11",0.122101211008297,-0.272850460592183,0.087,0.25,1
"Nup50",0.122682535468064,-0.333770186481374,0.13,0.269,1
"Hectd2",0.122879541191156,0.293502073555335,0.391,0.212,1
"Coro2b",0.123171011472567,0.344299007300763,0.348,0.192,1
"Grb2",0.12317445014571,-0.389596055914472,0.217,0.442,1
"Cbx5",0.12317445014571,0.340455373793002,0.478,0.327,1
"Klhl2",0.124001719030964,-0.445093754692576,0.261,0.404,1
"Ccdc39",0.124099866398236,0.344020372797877,0.304,0.154,1
"Hnrnpa3",0.124173850704423,-0.438003198600366,0.304,0.5,1
"Gm48747",0.124173850704423,0.321921188675416,0.565,0.385,1
"Tpd52",0.124215094884183,0.313918326937704,0.652,0.538,1
"Grin3a",0.124252788027594,0.668583648690056,0.565,0.481,1
"Smurf1",0.124688884427828,0.476553446053682,0.391,0.25,1
"Gm41361",0.125316059047473,0.367650065114112,0.261,0.135,1
"Marchf11",0.125746495838496,0.419193801572867,0.391,0.231,1
"Dapk3",0.126064661328881,-0.324171347977916,0.087,0.231,1
"Zmym5",0.126064661328881,-0.350761239495887,0.087,0.231,1
"Zdhhc6",0.126503744452652,0.272763257825532,0.391,0.212,1
"Nus1",0.126527415767699,-0.352678268505693,0.13,0.269,1
"Socs6",0.126527415767699,-0.373472541429175,0.13,0.269,1
"Cdh7",0.126547399239724,0.349129022708569,0.13,0.038,1
"Lyplal1",0.126547399239724,0.31523498980106,0.13,0.038,1
"Pcif1",0.126547399239724,0.260246328395571,0.13,0.038,1
"Idnk",0.126547399239724,0.266012303783117,0.13,0.038,1
"Cdk20",0.126547399239724,0.257259933024101,0.13,0.038,1
"Rwdd4a",0.126857866519515,-0.252545765169328,0.043,0.173,1
"Ptpn23",0.126857866519515,-0.302002183273098,0.043,0.173,1
"Ccdc117",0.126857866519515,-0.283986507096474,0.043,0.173,1
"1700086L19Rik",0.126857866519515,-0.367281225455974,0.043,0.173,1
"Rhot2",0.126857866519515,-0.284542064267831,0.043,0.173,1
"Rack1",0.126919105611147,-0.289670359802064,0.13,0.308,1
"Zkscan1",0.126945141180414,-0.292823541224208,0.13,0.288,1
"Spast",0.126945141180414,-0.313357801566017,0.13,0.288,1
"Zfp445",0.127538929522645,-0.320208901095561,0.522,0.692,1
"Ccnd2",0.127549612230135,-0.451335988180767,0.174,0.327,1
"Bri3",0.128233748469001,0.293059316137243,0.391,0.25,1
"Mtcl1",0.128251355153052,0.313822545808728,0.696,0.577,1
"Wapl",0.128438512450523,0.322795618693885,0.435,0.288,1
"Arl6ip5",0.128623692846102,0.322967282450203,0.522,0.327,1
"Cdk11b",0.128982019288546,-0.355806930907923,0.217,0.423,1
"Sesn3",0.128982019288546,-0.318982170427021,0.217,0.423,1
"Nalf1",0.129346351853652,-0.420474363225607,0.957,0.981,1
"Ric1",0.129666519161622,0.338855935515438,0.261,0.135,1
"Dok5",0.129741988906887,-0.272381782933601,0.261,0.423,1
"Hecw1",0.130022893335645,-0.382018191609102,0.826,0.846,1
"Plxna2",0.130069677328801,-0.392128223166414,0.565,0.808,1
"Uty",0.130119080298968,-0.351655708609679,0.304,0.519,1
"Camk2n1",0.130477911036015,-0.3579117400559,0.739,0.942,1
"Cltb",0.130705296262879,-0.350314871857455,0.13,0.308,1
"Nr4a1",0.130705296262879,-0.320228925363881,0.13,0.308,1
"Chac2",0.130808670545107,0.253473409581832,0.348,0.192,1
"Rgs4",0.131768793613706,-0.263347547856851,0.043,0.173,1
"Cxxc4",0.131768793613706,-0.288266433932163,0.043,0.173,1
"Rragc",0.131768793613706,-0.326070928393867,0.043,0.173,1
"Cep83os",0.131768793613706,0.406268466526017,0.217,0.096,1
"Elfn2",0.131768793613706,-0.29236386122033,0.043,0.173,1
"Cldnd1",0.131768793613706,-0.318752898967485,0.043,0.173,1
"Tnfrsf21",0.131768793613706,0.346369707384473,0.217,0.096,1
"Nck1",0.131856467502735,-0.315103738056552,0.174,0.346,1
"Crtc1",0.131951158500078,-0.346961662761185,0.261,0.442,1
"Proser1",0.132350686098632,0.317075148434423,0.304,0.154,1
"Lamp1",0.132387624004612,-0.280110934763576,0.217,0.423,1
"Dmxl2",0.132441531400673,-0.478793773642419,0.609,0.692,1
"Gm50152",0.132469832971727,0.252165845824659,0.348,0.173,1
"ENSMUSG00000121513",0.132752457667404,-0.325174452186634,0.739,0.865,1
"Arhgef10l",0.133281052599529,0.261035288491692,0.13,0.038,1
"Creb3l2",0.133281052599529,0.261592393683857,0.13,0.038,1
"Pate2",0.133281052599529,0.261443119254831,0.13,0.038,1
"Arsk",0.133281052599529,0.280381000258804,0.13,0.038,1
"Plcxd2",0.133281052599529,0.292183744905877,0.13,0.038,1
"Rtn4",0.133427945219456,-0.256465594395737,0.826,0.904,1
"Clptm1",0.133719108914546,0.420399686192335,0.304,0.173,1
"Slc35f3",0.133943799328705,-0.250117798791687,0.261,0.462,1
"Hprt",0.133979782067131,-0.350447766196661,0.304,0.481,1
"Reep2",0.133983012007529,0.327613154834901,0.391,0.269,1
"Ppp1cc",0.134133342130023,0.40941230399651,0.261,0.135,1
"Gm3294",0.134497963892222,-0.428658283593014,0.13,0.269,1
"Csnk1e",0.134654044351845,-0.286247371055482,0.087,0.231,1
"Rps10",0.134654044351845,-0.353705222827229,0.087,0.231,1
"Ilf3",0.134762786749024,-0.32548878542066,0.13,0.288,1
"Gpm6a",0.13515842006413,0.295107422479899,0.957,0.904,1
"Mir9-3hg",0.135317725075591,0.311272216229297,0.565,0.442,1
"Hsp90b1",0.135317725075591,-0.327380276490305,0.348,0.538,1
"Uggt2",0.135317725075591,0.412416505112686,0.565,0.442,1
"Ptma",0.135344939237841,-0.363032960651993,0.261,0.442,1
"Psmd1",0.135557996283507,-0.301402050566091,0.174,0.346,1
"Rasgrf2",0.135819009692423,0.25241136749966,0.435,0.25,1
"Naca",0.136081995288639,-0.266105384702126,0.348,0.558,1
"mt-Co1",0.136578205357033,-0.419386998904014,0.261,0.423,1
"Slc50a1",0.13663237690971,0.260343037445111,0.304,0.154,1
"Naa35",0.13663237690971,0.28665866153925,0.304,0.154,1
"Pcdh15",0.136764380410631,-0.364249574328503,1,1,1
"Trmt10a",0.136825786567303,-0.312665786482492,0.043,0.173,1
"Kbtbd2",0.136825786567303,-0.255575915239497,0.043,0.173,1
"Gm12064",0.136825786567303,0.28963651919796,0.217,0.096,1
"Med24",0.136825786567303,-0.293997729820243,0.043,0.173,1
"Gm31907",0.136825786567303,-0.260852597033327,0.043,0.173,1
"Wdr13",0.136825786567303,-0.296710732989255,0.043,0.173,1
"Soga3",0.13704335967739,-0.365825052858958,0.522,0.673,1
"Eif3c",0.137322245016231,-0.438662120062498,0.348,0.462,1
"Ctcf",0.137344315884037,-0.3237888745404,0.261,0.462,1
"Astn1",0.13751649982518,0.395737936465104,0.783,0.769,1
"5330438D12Rik",0.13751649982518,0.414966925304688,0.783,0.769,1
"Gm48749",0.137557887629417,0.311010202511884,0.609,0.5,1
"Meis2",0.137624827070301,0.319450984789954,0.739,0.615,1
"Pan3",0.137624827070301,-0.310133726181798,0.478,0.731,1
"Zswim6",0.137681903601752,-0.443418455353945,0.348,0.519,1
"Ahctf1",0.138469403402652,-0.261930676061857,0.217,0.404,1
"Farp1",0.138539884506026,-0.304308291382131,0.13,0.308,1
"Morc2b",0.13880866168709,0.269758106994172,0.348,0.192,1
"Mttp",0.139115041620952,-0.298192493946108,0.087,0.231,1
"Fbxo21",0.139115041620952,-0.306645709734113,0.087,0.231,1
"Skap2",0.139115041620952,-0.376223018767037,0.087,0.231,1
"Hras",0.139115041620952,-0.312339338172579,0.087,0.231,1
"Adam11",0.139115041620952,-0.317040814622556,0.087,0.231,1
"Cul4b",0.139115041620952,-0.398284740715427,0.087,0.231,1
"Cenpv",0.139135371141759,0.280638755083552,0.522,0.365,1
"Gtf3c3",0.139339277836429,-0.340728584776576,0.174,0.346,1
"Id2",0.139339277836429,0.301776426802219,0.391,0.25,1
"Wdr47",0.139407320293285,-0.321761269808201,0.217,0.423,1
"Ptprd",0.139820738434883,0.462447822700945,0.957,1,1
"Zfp329",0.139964338663504,-0.353993926336965,0.391,0.558,1
"Ndufaf4",0.140098951422441,-0.369930979133209,0.261,0.423,1
"Gm13622",0.140288734285393,0.253388331860995,0.13,0.038,1
"Cers2",0.140288734285393,0.271458161430291,0.13,0.038,1
"Lrrc39",0.140288734285393,0.296572336913808,0.13,0.038,1
"Cd9",0.140288734285393,0.364083828593264,0.13,0.038,1
"Fah",0.140288734285393,0.274862691244698,0.13,0.038,1
"Slc25a11",0.140288734285393,0.390357747066321,0.13,0.038,1
"Myl4",0.140288734285393,0.331824703304658,0.13,0.038,1
"Eif1ad",0.140288734285393,0.254628735274405,0.13,0.038,1
"Abcc8",0.140553959441111,0.351464253366086,0.348,0.212,1
"Thra",0.140566033942801,-0.331540867217559,0.522,0.654,1
"Gm26749",0.140811026642714,0.618542118836998,0.478,0.365,1
"Aplp1",0.141052472476923,-0.273612389827533,0.435,0.654,1
"Sdk1",0.141144769059302,0.466145724420783,0.609,0.538,1
"Trpc4",0.141206240423681,-0.34144584897274,0.261,0.404,1
"4930405A21Rik",0.142031220835693,0.304314964805398,0.217,0.096,1
"Lin7b",0.142031220835693,-0.282813949168302,0.043,0.173,1
"Lamtor1",0.142031220835693,-0.262297146231411,0.043,0.173,1
"Sf3b5",0.142031220835693,-0.292752409050293,0.043,0.173,1
"Rpap3",0.142031220835693,-0.324156336014137,0.043,0.173,1
"Bach1",0.142031220835693,-0.259045722381997,0.043,0.173,1
"1700110C19Rik",0.142031220835693,-0.30133958833703,0.043,0.173,1
"Myo9b",0.142108260589571,0.343860572268106,0.435,0.308,1
"Coq10a",0.14223492780472,0.374351986036196,0.304,0.173,1
"Xrcc4",0.142605392880918,0.381921988413517,0.522,0.365,1
"Nt5c2",0.142674403241016,-0.28684412679001,0.348,0.558,1
"Spata2",0.142851261046532,-0.354311495327466,0.13,0.269,1
"Morc2a",0.142851261046532,-0.298212233093362,0.13,0.269,1
"Camta2",0.142851261046532,-0.455109037601288,0.13,0.269,1
"2900093K20Rik",0.142947450773488,-0.281474049304516,0.13,0.288,1
"2610020C07Rik",0.143022948946762,0.301921618050841,0.478,0.308,1
"Ddx55",0.143201242620053,-0.435069931617343,0.174,0.346,1
"Skil",0.143688978389524,-0.299490315002403,0.087,0.231,1
"Senp7",0.143861090408334,0.523266903560471,0.565,0.385,1
"Cul3",0.144199661018411,-0.257756484113682,0.304,0.481,1
"Septin3",0.144199661018411,0.253606745441961,0.565,0.365,1
"Celf3",0.144344625117984,-0.357066573562981,0.261,0.462,1
"Ptpn9",0.144419365801193,-0.371148787216787,0.348,0.519,1
"Lingo2",0.144500615095529,-0.295651239907354,0.957,0.981,1
"Zc3h6",0.144649569110079,0.54462697134188,0.348,0.212,1
"Hivep1",0.145316602824757,-0.392776492076087,0.348,0.538,1
"Nfib",0.145431346901485,0.272330958894812,0.652,0.462,1
"Acap3",0.145515498654474,0.269607393446812,0.304,0.154,1
"Tmem161b",0.145604059951782,0.492248028361343,0.522,0.404,1
"Ntrk2",0.145746484074694,-0.420520676402582,0.87,0.885,1
"Gm10048",0.145820112576295,0.293424079082456,0.435,0.308,1
"Nploc4",0.145820112576295,0.353468943456894,0.478,0.288,1
"Unc80",0.146079331949803,-0.285214063391253,0.913,0.981,1
"Slc20a1",0.146710105854534,-0.417304675337808,0.217,0.423,1
"Nsd1",0.146938231518826,0.371763784834916,0.87,0.731,1
"Snx32",0.147039276227215,0.254372129024012,0.435,0.269,1
"Gm28376",0.147054958777903,0.400321004159081,0.696,0.577,1
"Itpkb",0.147174510616301,-0.341323535653414,0.13,0.269,1
"ENSMUSG00000121307",0.147180291736392,-0.34995610023949,0.13,0.288,1
"Irf3",0.147387427699913,-0.265492031098393,0.043,0.173,1
"Zfp653",0.147387427699913,0.305257901722008,0.217,0.096,1
"Snrpc",0.147387427699913,-0.308371455325064,0.043,0.173,1
"Sepsecs",0.148249061584263,0.278393573859573,0.261,0.135,1
"Sdf2",0.148249061584263,0.327139421973073,0.261,0.135,1
"Cdh10",0.148251043079629,0.358177318879389,0.913,0.788,1
"Lypla2",0.148377374121471,-0.300198165153223,0.087,0.231,1
"Nsun7",0.148377374121471,-0.294760095593089,0.087,0.231,1
"Hmgn1",0.148377374121471,-0.257029607965544,0.087,0.231,1
"Atg12",0.148377374121471,-0.257383193547504,0.087,0.231,1
"Hnrnpul2",0.148836010700612,0.319298970609938,0.348,0.212,1
"Pde4b",0.149143407123215,-0.328861109766458,0.87,0.923,1
"Srrm2",0.149143407123215,0.255274332589476,0.913,0.904,1
"Abhd6",0.14921948930423,-0.392226821029091,0.217,0.346,1
"Dhx32",0.150022031839358,0.323415448454158,0.391,0.212,1
"Lmtk2",0.150313269430951,-0.302921282655763,0.609,0.788,1
"Kcnc1",0.150384143184581,0.323625836721519,0.696,0.577,1
"Far2",0.150551689173463,0.382488616168223,0.609,0.481,1
"Mettl16",0.150786220075413,-0.326477224381322,0.174,0.327,1
"Desi1",0.150786220075413,-0.445291274560477,0.174,0.327,1
"Lonp2",0.150930014263141,-0.312791625443292,0.304,0.5,1
"Lgi1",0.150947501279907,0.303197300415602,0.435,0.269,1
"Cycs",0.150963621338266,-0.284805937237866,0.13,0.308,1
"Exd2",0.151170875804679,0.457662845531099,0.391,0.25,1
"Mllt3",0.151244080521515,0.258744659564498,0.913,0.769,1
"Rpl18a",0.151508303401836,-0.367647231839861,0.13,0.288,1
"Tmem163",0.152515460023653,-0.262024824973384,0.826,0.981,1
"C030017B01Rik",0.152791601228524,-0.31330467109488,0.391,0.615,1
"Ebna1bp2",0.152896690295951,0.289317241504441,0.217,0.096,1
"Vps33b",0.152896690295951,-0.256036738806851,0.043,0.173,1
"Pym1",0.152896690295951,-0.278833701487554,0.043,0.173,1
"Ammecr1",0.152896690295951,0.357731616859143,0.217,0.096,1
"Fndc3b",0.153181720084903,-0.34397270278228,0.087,0.231,1
"Ttc5",0.153181720084903,-0.284795126134825,0.087,0.231,1
"Jagn1",0.153198264823092,0.337899665200126,0.261,0.135,1
"Ptch1",0.153198264823092,-0.320732209320974,0.087,0.212,1
"Hdgfl3",0.153599923270662,0.332380606661709,0.609,0.462,1
"Nmnat2",0.153953912409963,-0.560461025632597,0.348,0.5,1
"Igf2bp3",0.153953912409963,0.340664757919516,0.565,0.404,1
"Thsd7b",0.15424539882783,0.327382204794966,0.826,0.788,1
"Copg2",0.154995514741381,-0.415865855798745,0.348,0.519,1
"Htra2",0.155932584467952,0.291294746139188,0.348,0.192,1
"Stxbp4",0.155932584467952,-0.287905827204166,0.13,0.288,1
"Srek1",0.156198825453486,0.268714360760547,0.739,0.596,1
"Ankfy1",0.156245777730854,-0.349217769795248,0.261,0.404,1
"Dstn",0.156317455584929,-0.3250212495391,0.217,0.385,1
"Rbms1",0.156845837533286,-0.263648562072818,0.652,0.827,1
"Mrps27",0.157117475707088,-0.263556484014936,0.043,0.154,1
"Cbl",0.157401289245236,-0.475975894798519,0.261,0.385,1
"Cbfa2t2",0.157591143856603,0.44804019421934,0.609,0.481,1
"Gm1043",0.157613873131922,-0.294115347182808,0.348,0.5,1
"Tnrc6b",0.157921596250114,0.371090319977722,0.826,0.808,1
"Eef1a1",0.15810358448112,-0.375437401581854,0.435,0.615,1
"Cab39",0.158208111830078,0.288107959702495,0.478,0.308,1
"Sptbn2",0.158260601857573,-0.438470746529529,0.304,0.5,1
"Rpn1",0.158272142736268,0.315208665286944,0.261,0.135,1
"Aktip",0.158272142736268,0.287048710937034,0.261,0.135,1
"Zfp91",0.158272142736268,-0.341157824702666,0.087,0.212,1
"Nek9",0.15856123960291,0.310391167808017,0.217,0.096,1
"Sun1",0.158742580072897,0.450365749011978,0.522,0.385,1
"Sparcl1",0.158758244869681,-0.280444882321508,0.261,0.423,1
"Garre1",0.159000752664389,-0.337166085191649,0.217,0.365,1
"Stambpl1",0.159393003640801,-0.328031910095406,0.174,0.365,1
"Rps13",0.159474055901466,-0.315336020230643,0.174,0.346,1
"Adamts17",0.159660359503698,0.275595367822728,0.304,0.154,1
"Septin7",0.160047650205439,-0.393467999517221,0.652,0.712,1
"Gm12963",0.160158620355217,0.33822016751662,0.174,0.077,1
"Zzef1",0.160226101899018,0.290224284710841,0.609,0.442,1
"Nfu1",0.160454212270793,-0.281809408064481,0.13,0.288,1
"Sptbn4",0.161485530002708,0.538058197422091,0.565,0.519,1
"Tmem126a",0.161950699253972,0.345600604305746,0.348,0.212,1
"Wnk2",0.162366466865472,0.494963447567081,0.522,0.442,1
"Dscam",0.162538222457504,0.26471046491035,1,0.865,1
"Slc8a1",0.162693730278376,-0.280089334351575,1,0.942,1
"Dgkd",0.163039521388223,-0.311813170809195,0.261,0.462,1
"Dnajc10",0.163147364866148,-0.289689883606753,0.217,0.365,1
"Rtf2",0.163174015138553,-0.261183882705402,0.043,0.154,1
"Iqschfp",0.163174015138553,-0.26981908595511,0.043,0.154,1
"Fndc4",0.163174015138553,-0.275764170104222,0.043,0.154,1
"Clk3",0.163174015138553,-0.251610128492557,0.043,0.154,1
"Prpsap2",0.163174015138553,-0.312268705374717,0.043,0.154,1
"Cap2",0.163185506558424,-0.458787886479098,0.565,0.673,1
"Irs1",0.163472258031558,-0.275222295352715,0.087,0.212,1
"Cep250",0.163472258031558,-0.296429582945482,0.087,0.212,1
"Zfp37",0.163472258031558,-0.275518942659065,0.087,0.212,1
"Sdf4",0.163472258031558,0.323339864962672,0.261,0.135,1
"Pex1",0.163472258031558,0.300718861832969,0.261,0.135,1
"Katnal1",0.163472258031558,-0.295499950026955,0.087,0.212,1
"Zfp949",0.163472258031558,0.369280076468446,0.261,0.135,1
"Cnot6",0.163472258031558,0.25355064581542,0.261,0.135,1
"Tdp1",0.163552744940517,-0.324498579297864,0.174,0.327,1
"Ccdc148",0.163752894377272,0.395514317366606,0.391,0.25,1
"Rev3l",0.163775253937414,-0.376328435823137,0.522,0.673,1
"Supt6",0.163933164290236,-0.303170217228816,0.348,0.481,1
"Fbxl17",0.164190368871475,0.399890385152243,0.957,0.865,1
"Neto1",0.164285909432744,-0.435816991514167,0.565,0.692,1
"Fam126b",0.164472547499764,-0.280951482499268,0.391,0.558,1
"Ube2h",0.164472547499764,-0.436195196130243,0.435,0.538,1
"Zc3h7a",0.164472547499764,-0.295902790737816,0.435,0.538,1
"Cd47",0.164472547499764,-0.343092172089176,0.391,0.558,1
"Thy1",0.164476164596132,-0.398992232488425,0.217,0.385,1
"Spg11",0.165074241543038,-0.253718561115353,0.13,0.288,1
"Tspan13",0.165131009974831,-0.327669033495789,0.348,0.5,1
"Galnt11",0.165205637302131,-0.41065652990747,0.435,0.635,1
"Farp2",0.165342167036027,0.277408518779291,0.304,0.173,1
"Arntl",0.166418092077661,-0.271770897458831,0.304,0.481,1
"Eif3a",0.166565093084301,0.308348437849543,0.435,0.288,1
"Steap2",0.166635754101459,0.276499712558812,0.174,0.077,1
"Trpm4",0.166635754101459,0.250426929322435,0.174,0.077,1
"1810062O18Rik",0.166635754101459,0.289019923223282,0.174,0.077,1
"Fra10ac1",0.166635754101459,0.276925052044911,0.174,0.077,1
"Zfp451",0.166969845501614,0.327174462993095,0.478,0.346,1
"Usp13",0.166988448659773,0.408878559364816,0.478,0.365,1
"Cdc42se2",0.167374999648593,-0.311090161149851,0.217,0.365,1
"Itgbl1",0.167374999648593,0.35791885396639,0.435,0.269,1
"H2aj",0.167984486615728,-0.270759573301181,0.174,0.327,1
"Nob1",0.167984486615728,-0.315365230421972,0.174,0.327,1
"Cacna1i",0.167984486615728,-0.320929783610383,0.174,0.327,1
"Gnaq",0.168033237366049,0.30389554056282,0.783,0.808,1
"Soat1",0.168304907107602,0.338262041097786,0.261,0.154,1
"Krit1",0.16865501927394,0.2822099633616,0.652,0.558,1
"Ube2m",0.168673904390972,-0.451056377810338,0.217,0.385,1
"Tubgcp5",0.1688001347547,0.294166082395636,0.261,0.135,1
"Cdh22",0.169404943755668,-0.34687805288199,0.043,0.154,1
"Extl2",0.169404943755668,-0.266146100995317,0.043,0.154,1
"Tlcd4",0.169404943755668,-0.361177079767544,0.043,0.154,1
"Tmem64",0.169404943755668,-0.271185205944144,0.043,0.154,1
"Gatad1",0.169404943755668,-0.263177348307045,0.043,0.154,1
"Mrpl22",0.169404943755668,-0.279795369902296,0.043,0.154,1
"P3h2",0.169404943755668,-0.265130343864821,0.043,0.154,1
"Anxa7",0.169652621236227,0.259472836090768,0.304,0.154,1
"6530402F18Rik",0.169793703166878,-0.319424243632401,0.13,0.288,1
"Usp54",0.170285121876006,0.265873885288355,0.304,0.173,1
"Wipi2",0.17030380594824,0.390763249393975,0.304,0.192,1
"Cyp46a1",0.17030380594824,0.290716613891714,0.304,0.192,1
"Eef1g",0.17030380594824,-0.369119389090088,0.13,0.269,1
"Qtrt1",0.170364837174919,0.258773523768604,0.217,0.096,1
"Septin8",0.170375871851285,-0.339912786880892,0.217,0.423,1
"Hipk3",0.170802687928861,0.381323252856437,0.435,0.288,1
"Ppp2r5e",0.170870026028034,-0.285962026000728,0.391,0.615,1
"Rpl18",0.17116664767234,0.28354219186557,0.348,0.212,1
"Ppp1r9a",0.171273899628323,0.270795197140503,0.957,0.865,1
"Arhgef7",0.171684410303576,-0.364271372013077,0.217,0.365,1
"Ppp4r1",0.171684410303576,-0.346110974992177,0.217,0.365,1
"Fntb",0.171733154654655,0.358820932858319,0.522,0.404,1
"Dnajc7",0.172036640855411,-0.253298946675713,0.391,0.558,1
"Abcc1",0.172505793733194,-0.287545977949048,0.174,0.327,1
"Ndrg4",0.172554596697761,0.336138744934305,0.739,0.635,1
"Acsl1",0.172569252804401,0.259537351407464,0.391,0.25,1
"Arhgap39",0.172653579843037,-0.385263160303539,0.391,0.596,1
"Chgb",0.172874798281212,-0.431558002791957,0.652,0.769,1
"Macrod2os1",0.17291488323796,0.280835637862363,0.522,0.423,1
"Gabrg2",0.17291488323796,0.37172232557239,0.565,0.404,1
"Klhl1",0.17291488323796,0.334920195670877,0.565,0.404,1
"Ccsap",0.17308535170239,-0.271838064666099,0.261,0.442,1
"Efcab2",0.173307857203896,0.284976200358098,0.174,0.077,1
"6030443J06Rik",0.173307857203896,0.337155598476583,0.174,0.077,1
"Gdpd3",0.173307857203896,0.268055562908129,0.174,0.077,1
"Senp1",0.173307857203896,0.312522260587385,0.174,0.077,1
"Fktn",0.173587332640177,-0.266416701091388,0.087,0.231,1
"Kif5c",0.173759235572838,-0.5207512656773,0.87,0.788,1
"Mcl1",0.174257255929567,-0.251438679314386,0.087,0.212,1
"Ecsit",0.174257255929567,-0.27931980251669,0.087,0.212,1
"G2e3",0.174257255929567,-0.275861669206281,0.087,0.212,1
"Phactr2",0.174613602922467,-0.286649045141187,0.13,0.288,1
"Grina",0.174832465179867,-0.338542756785683,0.304,0.462,1
"Lmo7",0.175101258207156,-0.329917025391065,0.261,0.462,1
"Gm45321",0.175240130332665,-0.257949023499295,0.13,0.269,1
"Adcy9",0.175337990754097,0.351205622467961,0.304,0.173,1
"Oscp1",0.175812626908925,-0.258827265631165,0.043,0.154,1
"Rasl11b",0.175812626908925,-0.285954086781173,0.043,0.154,1
"Gins2",0.175812626908925,-0.273754851408381,0.043,0.154,1
"Zfp169",0.175812626908925,-0.260653028993774,0.043,0.154,1
"Dnai4",0.17582469496236,0.366364284013204,0.217,0.115,1
"Dop1a",0.175897382534568,0.414225186146257,0.565,0.423,1
"Syt16",0.176485198667389,0.295141560406185,0.913,0.846,1
"Tmx3",0.176716674804671,-0.322369506996218,0.261,0.404,1
"Foxn2",0.17673647375809,-0.41625189488186,0.174,0.308,1
"B3gat1",0.178334038817518,0.264819116278191,0.652,0.538,1
"Rnf111",0.17895560522589,-0.283527387684826,0.304,0.462,1
"4930587E11Rik",0.179366772155484,0.321238240246802,0.478,0.346,1
"Pex19",0.179845061190735,0.272812933530647,0.261,0.135,1
"1700003F12Rik",0.180177639025463,0.263127255962084,0.174,0.077,1
"Ostm1",0.180177639025463,0.276265706516343,0.174,0.077,1
"Greb1",0.180177639025463,0.306747211142179,0.174,0.077,1
"Gm16054",0.180282437494058,-0.306270639689305,0.13,0.269,1
"Mycbp",0.180551485528283,-0.345543884570424,0.217,0.365,1
"Rtn3",0.180645583413681,-0.289242375854986,0.87,0.962,1
"Manf",0.180969872561875,-0.303703661311121,0.348,0.5,1
"Pde4dip",0.181695102726554,-0.32712545566264,0.783,0.865,1
"Gm37077",0.181820437471841,-0.278406770298349,0.174,0.327,1
"Anp32a",0.181820437471841,-0.313709954409672,0.174,0.327,1
"Rad52",0.182399348504143,-0.276788990301575,0.043,0.154,1
"Rfx3",0.182600926016534,0.447858804776005,0.522,0.385,1
"Ros1",0.183386383417579,-0.708631164095158,0.435,0.519,1
"Pou2f1",0.183997703014638,-0.284065513870605,0.304,0.538,1
"Alms1",0.184522203525234,0.362553914532949,0.261,0.154,1
"Hspa12a",0.184558606909956,-0.274592368304147,0.13,0.288,1
"Micu3",0.184845987229085,0.34214381383744,0.739,0.654,1
"Cx3cl1",0.185100351328783,-0.393056334272065,0.348,0.5,1
"Cabin1",0.185422972644111,0.464020028037005,0.565,0.462,1
"Ints13",0.185431738155325,-0.27411116210037,0.13,0.269,1
"Fkbp8",0.185431738155325,-0.301306660293207,0.13,0.269,1
"Cox8a",0.185449046050808,-0.299410208370816,0.478,0.654,1
"Heatr5b",0.185564944411917,0.258813839202441,0.261,0.135,1
"Gabra2",0.186176438590619,-0.253219603841998,0.391,0.654,1
"B230303A05Rik",0.186823188390059,0.471054438600561,0.522,0.385,1
"Purg",0.187116580464474,0.311084409136481,0.435,0.308,1
"Mrrf",0.187247704765705,0.267503742601902,0.174,0.077,1
"Gm16000",0.187247704765705,0.257476680571303,0.174,0.077,1
"Gm42902",0.187247704765705,0.304060047711923,0.174,0.077,1
"A930016O22Rik",0.187247704765705,0.312789476514432,0.174,0.077,1
"Pcx",0.187247704765705,0.313121945178691,0.174,0.077,1
"Akap8l",0.187291950575013,0.278233269472464,0.783,0.692,1
"Apba1",0.18794069845561,-0.374570776501148,0.391,0.558,1
"Slf2",0.18794069845561,0.401676644226376,0.609,0.462,1
"Phf20l1",0.188132467096262,0.348033118836317,0.957,0.885,1
"Gpcpd1",0.188176283353791,0.301197808606239,0.696,0.519,1
"Psmd8",0.189167305831222,-0.298336383682861,0.043,0.154,1
"Ap2a1",0.189754258741704,-0.274958681720221,0.217,0.365,1
"Med27",0.19029328167062,-0.274025797004403,0.304,0.5,1
"Gabarapl2",0.19068901138392,0.318431624046246,0.304,0.192,1
"Golgb1",0.190874713161681,-0.279156479307156,0.217,0.385,1
"Shprh",0.191026298341975,0.280489303690696,0.522,0.462,1
"Efr3a",0.191026298341975,-0.32222053973547,0.348,0.538,1
"Cacna1g",0.191117136220827,-0.356871040845396,0.304,0.481,1
"Gm14296",0.191167070330132,0.27705596531568,0.304,0.173,1
"Clpb",0.191167070330132,0.264206113073367,0.304,0.173,1
"Tmem200a",0.191258913326889,-0.280062915256513,0.174,0.346,1
"Odf2l",0.191418251333784,-0.289941177378123,0.087,0.212,1
"Spcs1",0.191418251333784,-0.300106564333871,0.087,0.212,1
"Slc11a2",0.191418251333784,-0.304390091907463,0.087,0.212,1
"Btbd9",0.19208114696739,-0.320165078026879,0.391,0.558,1
"Ptprk",0.192132962878653,0.29089447918208,0.957,0.923,1
"Gdi1",0.192443392002578,-0.296932745516593,0.348,0.481,1
"Tubgcp4",0.194388005190734,0.35125400998749,0.217,0.115,1
"Tspan33",0.194520548754503,0.313343048980797,0.174,0.077,1
"9630028H03Rik",0.194708828025094,0.268710888461385,0.783,0.635,1
"Ndfip1",0.194982655017925,-0.252997542422572,0.696,0.885,1
"Kcnv1",0.195857253029189,0.300178442592146,0.609,0.442,1
"Tm6sf1",0.195916177788598,0.320539093357382,0.348,0.212,1
"Med1",0.196055203195357,-0.291043388961366,0.13,0.269,1
"2700097O09Rik",0.196118604393948,-0.275597176929006,0.043,0.154,1
"Ppp3cc",0.196155908051416,0.316125565857038,0.391,0.25,1
"Smarca4",0.196288279130384,0.325821471163754,0.565,0.481,1
"Arrb1",0.196323376123348,0.370778546808497,0.435,0.308,1
"Ercc6",0.196420394176244,-0.428275848763517,0.174,0.308,1
"Wdr44",0.196420394176244,-0.366910473930181,0.174,0.308,1
"Gm14858",0.196420394176244,0.290079692509512,0.348,0.231,1
"Spock3",0.196726892188054,-0.438011122653922,0.652,0.692,1
"Gorasp2",0.197406277194822,-0.252759536457537,0.087,0.212,1
"Tmem191c",0.197561209878792,-0.273457079116668,0.565,0.673,1
"Flrt2",0.198345529163847,-0.272157343602142,0.522,0.673,1
"Psmd14",0.198413613100595,-0.252788232942806,0.478,0.615,1
"Fhod3",0.199048732333143,0.319363815036358,0.87,0.712,1
"mt-Nd1",0.199219317878948,-0.324962665724724,0.652,0.75,1
"Tef",0.199575675129908,0.356791500218982,0.565,0.442,1
"Dock3",0.200036090424758,0.340051560594488,0.913,0.923,1
"Ndufa8",0.200884713820917,0.33002608205426,0.217,0.115,1
"9430015G10Rik",0.200884713820917,0.334679920058479,0.217,0.115,1
"Tmed5",0.200884713820917,0.293990328748228,0.217,0.115,1
"Diablo",0.200884713820917,0.310941961705477,0.217,0.115,1
"Dpf1",0.200884713820917,0.313141218962907,0.217,0.115,1
"Efcab5",0.200884713820917,0.288291211098371,0.217,0.115,1
"Fubp3",0.201166117873999,-0.340012682977052,0.174,0.288,1
"Cdin1",0.201559907380038,-0.254493815861514,0.174,0.327,1
"Pgam1",0.201625093054266,-0.354352546291547,0.261,0.423,1
"Pla2g12a",0.201998547757102,0.289331613881757,0.174,0.077,1
"Stoml2",0.201998547757102,0.281485961066693,0.174,0.077,1
"Zfp758",0.201998547757102,0.273376448548267,0.174,0.077,1
"Gm50013",0.201998547757102,0.250479536591689,0.174,0.077,1
"Anks3",0.202288897316617,-0.328579099088413,0.13,0.25,1
"Snx2",0.202288897316617,-0.341376973860537,0.13,0.25,1
"Mtus2",0.202864278979712,0.33531926328186,0.739,0.615,1
"Gm48383",0.202932177166699,-0.286013431696674,0.261,0.481,1
"1700024B18Rik",0.203227295263268,0.449476452352709,0.522,0.442,1
"Tox",0.203315913755269,0.335427097188338,0.826,0.673,1
"Srcap",0.20437101628042,-0.282801909735389,0.087,0.192,1
"Mbnl1",0.204509627040259,-0.255068556345162,0.348,0.558,1
"Mical2",0.204748308587611,-0.490792561104372,0.522,0.596,1
"Psma3",0.20495235465648,-0.294446608456359,0.565,0.731,1
"Wipf2",0.205695046723721,0.332711005415328,0.304,0.212,1
"Vcl",0.206517947638189,0.252147002444696,0.348,0.212,1
"Dph6",0.206730375517666,0.314742446797378,0.348,0.25,1
"Jade3",0.206844407656789,-0.290895348411268,0.174,0.308,1
"6330403K07Rik",0.206892214039221,-0.273418325356082,0.478,0.615,1
"Gm37731",0.207117953016644,0.342621245559414,0.304,0.192,1
"Rapgef5",0.207263259980235,-0.353426522777553,0.696,0.788,1
"Crocc",0.207538441092263,0.299209710788242,0.217,0.115,1
"Tpd52l1",0.207538441092263,0.310311823472475,0.217,0.115,1
"Leng8",0.207692481239762,0.311007130164611,0.522,0.442,1
"Med6",0.207906332458027,0.302584572328162,0.261,0.154,1
"Gm9828",0.207906332458027,0.316854658253728,0.261,0.154,1
"Elavl4",0.20799597922827,-0.290366836368174,0.304,0.5,1
"Phldb1",0.208023461115322,-0.28401299640568,0.13,0.25,1
"Mdga2",0.208337582424747,0.268697697006284,1,1,1
"Clasp2",0.209178205097125,-0.310762603326169,0.522,0.712,1
"Larp6",0.209683954306385,0.251137733825953,0.174,0.077,1
"Selenom",0.209791400013386,-0.250604512978923,0.087,0.212,1
"Pdcd4",0.209951573803443,0.362146201292413,0.565,0.423,1
"Wdfy3",0.210080497255343,-0.304279630413587,0.609,0.731,1
"Zfp148",0.210122484019408,-0.332635096711361,0.565,0.673,1
"Ndufs5",0.210129039100322,-0.294594235016509,0.217,0.385,1
"Pkd2",0.211243803102848,0.405028915634829,0.304,0.212,1
"Pacsin1",0.211336105595097,0.255310474531233,0.913,0.788,1
"Sbf1",0.211972410924962,0.327063678762274,0.348,0.212,1
"Ell2",0.21199645831974,0.340583784622185,0.348,0.25,1
"Pfkfb4",0.212816225289565,0.298465831789184,0.304,0.192,1
"Syn3",0.213022365626655,0.293775574353657,0.391,0.269,1
"Atp11c",0.213022365626655,-0.341827902782049,0.217,0.346,1
"Fmr1",0.213022365626655,0.28243745088875,0.391,0.269,1
"Mapre2",0.21358364015354,-0.313698498667607,0.652,0.808,1
"Csgalnact1",0.213679354694834,-0.353744897207352,0.348,0.462,1
"Evi5l",0.213874995882265,-0.293228506631721,0.13,0.25,1
"Mgat3",0.214074472394298,0.517149643699845,0.261,0.154,1
"Pced1b",0.214264186384765,-0.323511116405445,0.217,0.365,1
"Gm16541",0.214330584938637,-0.297751218288562,0.13,0.231,1
"Klhl23",0.214350606606656,0.392643363617968,0.217,0.115,1
"Slc1a6",0.214350606606656,0.276063164673954,0.217,0.115,1
"Hook3",0.214523012753361,-0.364470414342562,0.391,0.5,1
"Garnl3",0.215267994555046,0.510306959353324,0.478,0.365,1
"Sub1",0.215267994555046,0.366775408744799,0.478,0.365,1
"Gm15563",0.21619081373155,-0.27650195291312,0.087,0.212,1
"Actn1",0.216957470848917,-0.370989780922463,0.348,0.442,1
"Adss",0.217358794426186,0.368561612730075,0.348,0.25,1
"Xpr1",0.217418016013081,0.258093405965234,0.783,0.827,1
"Psd3",0.217418016013081,0.26337666275565,0.87,0.788,1
"Dusp12",0.21750456782388,-0.299502157154211,0.087,0.192,1
"Slc25a51",0.21750456782388,-0.261141949562205,0.087,0.192,1
"Prpf6",0.217530218984244,-0.420110701324909,0.174,0.288,1
"Btg2",0.217578890078708,-0.373698941590087,0.043,0.135,1
"1110017D15Rik",0.217578890078708,-0.257308070344489,0.043,0.135,1
"Ak2",0.217578890078708,-0.256508030736357,0.043,0.135,1
"Spred3",0.217578890078708,-0.277769714691305,0.043,0.135,1
"Gm12576",0.217578890078708,-0.411958116004792,0.043,0.135,1
"Slc16a4",0.217664246586967,0.268246408707152,0.348,0.231,1
"Psmc2",0.217664246586967,0.256300465358034,0.348,0.231,1
"Rab11fip4",0.21770030615117,0.303334089797861,0.435,0.288,1
"Hnrnpu",0.217973961211107,0.251781203165636,0.87,0.827,1
"Rmst",0.218338861926123,0.533370307586856,0.609,0.462,1
"Cmss1",0.21844914120956,-0.299263322940955,0.435,0.596,1
"Sfr1",0.218626841919501,-0.267678638985353,0.13,0.269,1
"D430041D05Rik",0.218637160181674,-0.294196323140184,0.87,0.904,1
"Ext1",0.219013537495437,0.312854302690362,0.652,0.577,1
"Prkacb",0.219165784802647,-0.440009900858482,0.391,0.5,1
"Ppm1l",0.219228156278955,-0.394011443406755,0.826,0.788,1
"Hsf2",0.219844351861973,-0.338296975710913,0.13,0.25,1
"Wdr17",0.220349547593868,0.336466387933632,0.913,0.827,1
"Fbxl12",0.220373523113212,0.303256552665221,0.261,0.154,1
"4930512B01Rik",0.220373523113212,0.348374906651803,0.261,0.154,1
"Dnajc21",0.220373523113212,0.264240714550482,0.261,0.154,1
"Hmgxb4",0.221322551999385,0.283535334735355,0.217,0.115,1
"Gtf2i",0.222164682475031,-0.251548402278561,0.391,0.519,1
"Nsd3",0.222225516886255,-0.258814783176855,0.739,0.769,1
"Ddx3x",0.222664329910986,0.382022482554357,0.304,0.212,1
"Ccdc50",0.222855592563269,0.321876337152216,0.435,0.288,1
"Lrp1",0.22295469982234,0.417680865650975,0.609,0.462,1
"A330023F24Rik",0.223215662672755,-0.250861920252737,0.696,0.75,1
"Ncl",0.223222563696417,-0.356952930356262,0.348,0.462,1
"Sugp1",0.223224259148098,0.275269276452015,0.348,0.231,1
"Mdga1",0.223545128764836,0.340937212138887,0.391,0.269,1
"Metap1",0.224294371300218,-0.303999533032769,0.087,0.192,1
"Rps25",0.224294371300218,-0.278465835016975,0.087,0.192,1
"Fcf1",0.224294371300218,-0.264306223642495,0.087,0.192,1
"Ccdc57",0.224550562901827,-0.255633376749087,0.13,0.269,1
"A430090L17Rik",0.224550562901827,-0.267182765094783,0.13,0.269,1
"Dnajc5",0.224681815411233,-0.351991266630081,0.217,0.365,1
"Mapk11",0.225450334230657,-0.272582564056233,0.348,0.5,1
"Elapor2",0.225465752799417,-0.301581664152329,0.217,0.385,1
"Dynll2",0.225622850823788,0.259184809776042,0.478,0.346,1
"Gcfc2",0.225685339329946,-0.27349954846101,0.043,0.135,1
"Psma7",0.225926597829835,0.29771419176885,0.435,0.308,1
"Glud1",0.225926597829835,-0.29300959826434,0.261,0.385,1
"Slc22a15",0.225932335202866,0.386742483472494,0.304,0.173,1
"Fxyd7",0.225932335202866,-0.266718411188433,0.13,0.25,1
"Cnih3",0.225982476423917,-0.250949792431882,0.261,0.423,1
"Etfa",0.226062175171305,0.557111647099462,0.304,0.231,1
"Epha3",0.226708370541324,0.329296743945514,0.696,0.635,1
"Grk4",0.226804425221794,0.266400948015563,0.261,0.154,1
"Gas6",0.226804425221794,0.325133107500715,0.261,0.154,1
"Cnot1",0.22686336677455,0.370561024046872,0.478,0.423,1
"Faim2",0.226894040799459,-0.337484814054761,0.435,0.5,1
"Pja2",0.227151209593431,-0.28756466800419,0.739,0.788,1
"Gm34583",0.227763300708304,-0.350614656153436,0.391,0.596,1
"Ppp3r1",0.22810690484475,-0.382035062091693,0.304,0.481,1
"Pias4",0.228455537677232,0.253314038629822,0.217,0.115,1
"Kcnb1",0.231004994778741,-0.352581279828972,0.565,0.654,1
"Ssu72",0.231096009400741,-0.281793458035556,0.261,0.423,1
"Tom1l1",0.231234346340961,-0.363369673160083,0.087,0.192,1
"Phyhip",0.231234346340961,-0.267026968258336,0.087,0.192,1
"Eml1",0.231694761371103,-0.328986318952582,0.348,0.538,1
"Khdrbs2",0.232931639196149,0.289976377435106,0.739,0.692,1
"Ubac2",0.233025030320531,-0.316407112821499,0.217,0.327,1
"Ppip5k1",0.233066905680827,0.367569845566409,0.522,0.385,1
"Taf12",0.233368062888615,0.309855635125044,0.261,0.154,1
"ENSMUSG00000120670",0.233368062888615,0.273891415859467,0.261,0.154,1
"Dguok",0.234005142408693,-0.265189215502726,0.043,0.135,1
"Gpc6",0.234005142408693,-0.287358124853529,0.043,0.135,1
"Stmn4",0.234434553837517,-0.296688311655967,0.217,0.346,1
"Trappc4",0.234830312183622,0.275907089153171,0.348,0.212,1
"Gnptg",0.235456438478095,-0.268944705822805,0.217,0.365,1
"Atp9a",0.235681911351759,-0.29886358733588,0.435,0.654,1
"Gm47405",0.235750739594625,0.28325925960297,0.217,0.115,1
"Mctp2",0.235814957085447,0.345165902512069,0.478,0.346,1
"Adgra1",0.235982561378828,0.309017665379053,0.522,0.442,1
"Hlcs",0.23646889012288,0.430775404632817,0.435,0.308,1
"Zfx",0.236740150107525,-0.271560864969914,0.13,0.269,1
"Gm13619",0.23832551576277,-0.252580219371969,0.087,0.192,1
"Bcl11b",0.238467179037289,-0.335005131958905,0.13,0.25,1
"Cdh8",0.238507061393247,0.400821430635136,0.957,0.846,1
"Vsnl1",0.238841377314971,-0.277695588925629,0.87,0.962,1
"Filip1",0.239611907241636,-0.352093419359221,0.13,0.231,1
"Sybu",0.240248287633506,0.346988842902955,0.87,0.827,1
"Myl6",0.240263176059933,-0.310112158278981,0.304,0.442,1
"Eif5",0.240263176059933,0.250985568579267,0.478,0.365,1
"Vps13c",0.240422671050361,-0.300224928800426,0.478,0.635,1
"Zfp74",0.240807921379095,0.389341193232253,0.348,0.212,1
"Cbwd1",0.240807921379095,-0.3763757947153,0.174,0.288,1
"Zfp365",0.240978781790335,-0.261493846688772,0.217,0.365,1
"Prr14l",0.241568482390872,-0.270995346847751,0.261,0.423,1
"Mtmr12",0.24185863265743,-0.393774414400451,0.348,0.442,1
"Sirpa",0.241896510764223,-0.365604133940603,0.435,0.519,1
"mt-Atp8",0.242539989363814,-0.278597254369544,0.043,0.135,1
"Hacd3",0.244455115512462,-0.253130535857901,0.304,0.462,1
"Trit1",0.245568825612275,-0.296208387040993,0.087,0.192,1
"Knop1",0.245568825612275,-0.267155758325157,0.087,0.192,1
"Fbxo45",0.245568825612275,-0.254442048391391,0.087,0.192,1
"Il1rapl2",0.245694496342459,0.876141757435116,0.391,0.269,1
"2900009J06Rik",0.246019745047609,0.280093356146526,0.13,0.058,1
"Lurap1l",0.246019745047609,0.30337725496234,0.13,0.058,1
"Kcna4",0.246478711631491,-0.268856622829839,0.174,0.308,1
"Pex13",0.246891904269915,-0.307237918354448,0.174,0.288,1
"Gm48321",0.246891904269915,-0.296537790525793,0.174,0.288,1
"Ccdc173",0.246896787774238,0.345802619159915,0.261,0.154,1
"Rab14",0.247081514570324,-0.263730875301547,0.391,0.558,1
"Rnf169",0.248301363223238,-0.400151390449365,0.478,0.615,1
"Lhfp",0.248540470258904,0.334555054931067,0.565,0.423,1
"D130043K22Rik",0.249706638418305,-0.349583684306402,0.304,0.462,1
"Foxj3",0.250020341482806,0.270610994115398,0.435,0.327,1
"Ube2q2",0.250020341482806,0.354361569529754,0.435,0.327,1
"B230209E15Rik",0.250760866051785,0.537314440603466,0.609,0.558,1
"Raph1",0.251298295351048,-0.255719071057356,0.435,0.615,1
"Miat",0.251298295351048,0.476478363464023,0.522,0.577,1
"Zfp318",0.251464489869408,-0.28676957474018,0.217,0.346,1
"Rnf214",0.251586095206951,0.316690020129725,0.348,0.25,1
"Las1l",0.251586095206951,0.348080918118171,0.348,0.25,1
"Mkln1",0.251617570767171,-0.289810123653405,0.348,0.538,1
"Safb",0.252370585768242,0.394758741157107,0.435,0.346,1
"Zfand6",0.252926701931179,-0.379142047919784,0.261,0.385,1
"Pcca",0.252926701931179,0.362834745783563,0.435,0.308,1
"Edrf1",0.252965142576863,0.374745892493857,0.217,0.135,1
"Gcnt2",0.252965142576863,0.339073864852995,0.217,0.135,1
"Mrps26",0.25301224055262,-0.304546479653058,0.13,0.231,1
"Sdhb",0.25301224055262,-0.326212435323798,0.13,0.231,1
"Depdc5",0.253082753660707,-0.254587085378524,0.174,0.288,1
"Glrb",0.253628827731823,-0.33211534044898,0.609,0.692,1
"Caml",0.25386334382994,0.562136072161292,0.261,0.154,1
"Tspyl4",0.2550466891445,-0.373439013130565,0.522,0.615,1
"Phax",0.255569893834084,-0.335660300290777,0.261,0.404,1
"Pea15a",0.255624197698393,-0.260854415415828,0.348,0.5,1
"Orc5",0.256103565839235,0.261553098573348,0.13,0.058,1
"Lgi2",0.256103565839235,0.276828430277212,0.13,0.058,1
"Gm43948",0.256103565839235,0.275049355266702,0.13,0.058,1
"Fxr1",0.256296114794379,-0.316596754505878,0.435,0.615,1
"Fkbp3",0.256779675632923,-0.297899560103127,0.391,0.519,1
"Elapor1",0.257226607048831,0.330211877158997,0.565,0.481,1
"B130024G19Rik",0.257226607048831,0.39441041256021,0.522,0.5,1
"Rbm33",0.257896068610304,0.30245038192461,0.435,0.346,1
"Syt5",0.258585918149884,-0.289965363961306,0.261,0.385,1
"Wsb2",0.258721761116059,0.331814541213513,0.348,0.231,1
"Tcf12",0.259231117399917,0.31704675478001,0.696,0.558,1
"Arel1",0.259380922259875,-0.257110560044688,0.174,0.288,1
"Myo6",0.259557235955002,0.275635779065591,0.304,0.212,1
"Memo1",0.260069964119341,0.254405053274727,0.522,0.404,1
"Mfsd8",0.260515251443868,-0.25899843771429,0.087,0.192,1
"Map1lc3a",0.260914088260468,0.409071294244177,0.522,0.423,1
"Anapc5",0.261681701461965,0.314632055007259,0.478,0.365,1
"Bbx",0.262165953994996,-0.354768540475571,0.478,0.558,1
"8030445P17Rik",0.262207288656164,-0.288919064546302,0.217,0.327,1
"Emc3",0.262505270531595,0.26115113848555,0.304,0.192,1
"Sec22a",0.262505270531595,0.296441115867165,0.304,0.192,1
"Naa10",0.262576284594843,-0.297655532632379,0.087,0.173,1
"Tnr",0.26258498318571,0.318489966830792,0.913,0.981,1
"Mrps5",0.263286412947012,0.288618262029687,0.391,0.269,1
"Shtn1",0.264434127124569,0.342306095076799,0.522,0.385,1
"Susd4",0.264855649424604,0.314401685645367,0.696,0.635,1
"Gm39469",0.264990621377872,-0.26105763903372,0.13,0.25,1
"Trmt11",0.264990621377872,-0.303916531611451,0.13,0.25,1
"Zfp639",0.264998782171215,0.329259629934578,0.348,0.231,1
"Gm44686",0.264998782171215,0.265889029704724,0.348,0.231,1
"Asb3",0.265133105082686,0.35670217651834,0.609,0.577,1
"Ptcd3",0.265786821670212,-0.260009690939064,0.174,0.288,1
"Snapc1",0.265786821670212,-0.255567250771099,0.174,0.288,1
"Hectd2os",0.265786821670212,-0.309112400306824,0.174,0.288,1
"Rps15",0.265932198233494,-0.256470619680697,0.304,0.462,1
"Dctn4",0.265932198233494,-0.337320574786151,0.304,0.462,1
"Iffo2",0.266470966231588,0.321969393867793,0.13,0.058,1
"Mettl27",0.266470966231588,0.286352018815712,0.13,0.058,1
"Zfp574",0.266470966231588,0.279773711159641,0.13,0.058,1
"Garin5a",0.266470966231588,0.313916339718966,0.13,0.058,1
"Gm44812",0.266470966231588,0.374956795867697,0.13,0.058,1
"Wdr11",0.266470966231588,0.299978103273077,0.13,0.058,1
"Timp2",0.266470966231588,0.342934881536546,0.13,0.058,1
"Lrp6",0.267236460412199,-0.301537481235023,0.304,0.442,1
"Phlpp1",0.267573863550694,-0.325967438341958,0.435,0.519,1
"Lrch3",0.267573863550694,0.296345791747301,0.522,0.481,1
"Cars",0.268219852613366,0.260653580832694,0.217,0.135,1
"Mctp1",0.268530052070054,0.4506770210459,0.696,0.654,1
"Rnf227",0.269339004731386,-0.310343802585571,0.217,0.346,1
"4933411O13Rik",0.269339004731386,-0.298544586534028,0.217,0.346,1
"Cdh9",0.270453070019967,0.68271978708899,0.87,0.673,1
"Mest",0.270485114987693,0.354331914221723,0.261,0.173,1
"Diaph2",0.271222149532399,0.29503393536161,0.739,0.596,1
"Rac1",0.271379952698621,-0.289414496501295,0.174,0.308,1
"Trp53inp2",0.271639552351116,0.259227846923868,0.174,0.096,1
"Gm6602",0.271639552351116,0.286003127940606,0.174,0.096,1
"Nap1l2",0.271639552351116,0.360535693737968,0.174,0.096,1
"Ube2o",0.272300821399487,-0.288597188682151,0.174,0.288,1
"Sf1",0.272300821399487,-0.257413337650489,0.174,0.288,1
"Snx27",0.272746470956899,0.476872204820023,0.304,0.212,1
"Slc25a46",0.272746470956899,0.366176138241368,0.304,0.212,1
"Cfap54",0.274076659605004,-0.264045393311956,0.13,0.231,1
"Cstf2",0.274558930362326,0.299102277590488,0.348,0.269,1
"Rab7",0.275486404093685,-0.275038822758848,0.217,0.346,1
"Mlip",0.275491009158132,-0.342232463676473,0.522,0.615,1
"Gm48239",0.276027657091015,0.411659497877226,0.391,0.288,1
"Pebp1",0.27697550645241,-0.286940211737258,0.478,0.596,1
"Blm",0.277123565675802,0.275493054041067,0.13,0.058,1
"Dcdc2c",0.277123565675802,0.317180294719745,0.13,0.058,1
"6230400D17Rik",0.277123565675802,0.263801714684926,0.13,0.058,1
"Babam2",0.277235974863019,0.340398325818975,0.565,0.404,1
"Lrrc28",0.277700652830146,0.27309455993687,0.261,0.173,1
"Ppp2r2c",0.278791995733473,0.275518186836884,0.696,0.654,1
"B4galnt4",0.278817929990554,-0.261016291505651,0.087,0.173,1
"Gpr137c",0.278923247892524,-0.2738602535408,0.174,0.288,1
"Fdft1",0.278923247892524,-0.279922498892018,0.174,0.288,1
"Fbxl3",0.278923247892524,-0.359887540720451,0.174,0.288,1
"Trim44",0.278940006269722,0.410322668530807,0.565,0.577,1
"Usf2",0.279510169375475,0.253420632275851,0.304,0.212,1
"Gm11418",0.279510169375475,-0.300117372476017,0.174,0.269,1
"Lin52",0.279510169375475,0.40899923462706,0.304,0.212,1
"Hs6st3",0.279874925942817,0.259478630336142,0.826,0.75,1
"ENSMUSG00000120525",0.280615648046392,0.257121860620005,0.174,0.096,1
"Gm26910",0.280615648046392,0.346897599280719,0.174,0.096,1
"Rasgrf1",0.280759299390636,-0.351935302363944,0.826,0.788,1
"Rps3",0.280881467270609,-0.330440114496132,0.217,0.327,1
"Ppp1r12b",0.281091465829339,-0.379429558706835,0.391,0.538,1
"Ap4s1",0.28172886000351,0.260445263267794,0.391,0.269,1
"Pom121",0.282275211181385,0.440264509269851,0.304,0.231,1
"Adam23",0.282318257209053,-0.31365389724209,0.478,0.596,1
"Ncam2",0.282491725664187,0.282704987680996,0.957,0.885,1
"Slc35b1",0.283057667983777,0.340061968824363,0.304,0.192,1
"Keap1",0.284094897017302,0.263046921681667,0.217,0.135,1
"Cog4",0.286386999069023,-0.334887483085633,0.174,0.269,1
"Pafah1b2",0.286386999069023,-0.265102174295262,0.174,0.269,1
"Sf3b3",0.286778443146331,0.283261860783057,0.435,0.346,1
"Sos1",0.288659793842155,0.294120821629999,0.435,0.365,1
"Fam110b",0.288767762943544,-0.258579731930202,0.13,0.231,1
"Ccdc136",0.288767762943544,-0.314689534399334,0.13,0.231,1
"Ndufb1",0.288767762943544,-0.276163733256374,0.13,0.231,1
"Psmd6",0.288767762943544,-0.261269836017151,0.13,0.231,1
"Atf6",0.289293629013059,-0.346038094483974,0.391,0.519,1
"Camk2d",0.289380960239411,0.32672430774748,0.565,0.481,1
"Wdr73",0.289791071196279,0.277605292422523,0.174,0.096,1
"Adamts2",0.289791071196279,0.611131386336686,0.174,0.096,1
"Atpsckmt",0.289791071196279,0.252388090546967,0.174,0.096,1
"Parg",0.290262875728459,-0.302355268144697,0.304,0.442,1
"Kmt2b",0.290741612352162,0.251533088766905,0.261,0.154,1
"Slco3a1",0.291601686006472,-0.347362908653382,0.261,0.365,1
"Tbcd",0.291601686006472,-0.336468259216759,0.261,0.365,1
"Tmem121b",0.292494465988908,-0.258382496630927,0.174,0.288,1
"Zfp280d",0.293212215920067,0.296374760349932,0.609,0.538,1
"Rlf",0.29358000000741,-0.330408433713091,0.348,0.481,1
"Cct2",0.293821121696659,0.502297502046199,0.348,0.269,1
"Gm10785",0.294239954387325,0.260784990371005,0.522,0.423,1
"Cpne9",0.295065271037382,-0.279713078851828,0.435,0.519,1
"Emc1",0.295729817809985,-0.297496948858883,0.087,0.173,1
"Rxylt1",0.295729817809985,-0.267323826603909,0.087,0.173,1
"Pitpnm3",0.296222166114955,-0.307231854542227,0.348,0.423,1
"Kdm7a",0.297530632312313,-0.312254094933427,0.348,0.442,1
"Dicer1",0.297951799074401,0.253472074840109,0.348,0.231,1
"Vps28",0.298529410394378,0.352202433015477,0.261,0.154,1
"Gm37788",0.299166362181856,0.25587965008386,0.174,0.096,1
"Tbc1d1",0.299166362181856,0.283155217614875,0.174,0.096,1
"Sec13",0.300259734005577,-0.267725389715308,0.043,0.115,1
"Ube2cbp",0.300259734005577,-0.562702373401387,0.043,0.115,1
"Dclk2",0.300438587887382,0.286598909006764,0.348,0.269,1
"Gm30054",0.300594100604962,0.357394272921735,0.217,0.135,1
"Rbmx",0.300594100604962,0.340864406359716,0.217,0.135,1
"Tll1",0.30123843657814,0.429834366283538,0.391,0.288,1
"Gm13944",0.302581145764759,0.27046204599089,0.652,0.558,1
"Wee1",0.303980510867441,-0.299250444947791,0.13,0.231,1
"Rpl35",0.30443814677941,-0.254958739625953,0.087,0.173,1
"Smarcd3",0.30443814677941,-0.258176687410638,0.087,0.173,1
"Rrp1b",0.30443814677941,-0.277304026620129,0.087,0.173,1
"Macir",0.304673720371243,0.261325361928757,0.304,0.192,1
"Nceh1",0.305118845683078,0.260523732468842,0.435,0.346,1
"Clvs2",0.305118845683078,0.255485887803504,0.435,0.346,1
"Nvl",0.305789148809196,-0.250328017342032,0.609,0.75,1
"Sorbs1",0.306548577259269,0.2793092328498,0.522,0.462,1
"Osbpl2",0.307154649412477,0.254123862786306,0.348,0.269,1
"Tbcc",0.308741905733044,0.293511902051998,0.174,0.096,1
"Mettl9",0.309078549471922,0.295778779698121,0.217,0.135,1
"Qrich1",0.309370328197783,-0.263969599646863,0.261,0.404,1
"Tubb4b",0.309619194760633,-0.368746217221596,0.348,0.442,1
"Psmd12",0.309681362495545,0.276872552826113,0.348,0.25,1
"Pura",0.309998236092703,0.342607594912269,0.652,0.654,1
"Prkar1a",0.310002060528563,-0.325934146667114,0.304,0.423,1
"Tafazzin",0.310072456671314,0.33978753802255,0.304,0.231,1
"Ubr5",0.310075688682265,-0.272100859347028,0.478,0.596,1
"Odf2",0.310809180061053,-0.325837471226456,0.261,0.365,1
"Urgcp",0.310809180061053,-0.283888223578596,0.261,0.365,1
"Zscan21",0.311007601852665,-0.259263984801716,0.043,0.115,1
"Tnpo2",0.311007601852665,-0.251104839588756,0.043,0.115,1
"Slc6a8",0.311007601852665,-0.264406603161704,0.043,0.115,1
"Mrps15",0.313315068572004,-0.261408295415117,0.087,0.173,1
"Cep44",0.313315068572004,-0.253565031337825,0.087,0.173,1
"Scrn1",0.3139693849821,-0.345704209746066,0.217,0.327,1
"Cdkl5",0.314107107205903,-0.251645688264438,0.652,0.731,1
"Tmco3",0.315733337316044,0.252691778834774,0.261,0.173,1
"Snap91",0.316922419554905,0.324540736481608,0.739,0.769,1
"Mllt11",0.318163505325331,0.284377162294586,0.565,0.481,1
"Fbxo34",0.318294370784659,-0.28922199321058,0.435,0.481,1
"Arpp19",0.318423240536043,-0.345910337239256,0.391,0.519,1
"Ywhah",0.318463337077102,-0.262314498442657,0.609,0.673,1
"Prepl",0.319459926651258,0.254846176547969,0.435,0.365,1
"Prkar2a",0.319716391629755,-0.289840815107962,0.13,0.231,1
"Rmnd5b",0.320163588547045,-0.262510294621257,0.217,0.308,1
"Hs3st5",0.320536278596826,0.385602165232857,0.478,0.423,1
"Vmp1",0.320536278596826,-0.321580537967761,0.391,0.462,1
"Sox11",0.320873213721174,0.261201832202334,0.478,0.365,1
"Eef1b2",0.322475014148369,-0.285992781903794,0.174,0.269,1
"Ppp2r5a",0.322475014148369,-0.256433393057144,0.174,0.269,1
"Dleu2",0.322940961239087,-0.256851501075104,0.348,0.462,1
"Serinc1",0.322968512517049,-0.344956577796391,0.478,0.673,1
"Zfp560",0.323708625592118,0.271836634761231,0.348,0.25,1
"Iars",0.323732171594333,0.31304626522514,0.261,0.173,1
"Nt5c3",0.323953925083399,0.391256965998772,0.261,0.192,1
"Napb",0.324221199020117,0.327084399501987,0.435,0.346,1
"5330434G04Rik",0.325180012919915,0.312114252703877,0.478,0.385,1
"Atp6v1e1",0.326739606799969,-0.414818365915305,0.391,0.462,1
"Cwh43",0.327439249391936,0.250063039270692,0.391,0.308,1
"Trpc3",0.327894995534552,0.276967714461171,0.348,0.269,1
"Gm37240",0.328298041419322,0.278989924508142,0.696,0.712,1
"Mroh1",0.328494488337829,0.343028952516988,0.174,0.096,1
"Bcas3",0.329544675972963,0.25570406362121,0.652,0.538,1
"Vps37d",0.331062274081535,-0.277988191342846,0.13,0.212,1
"Tut4",0.33138715751632,0.298884091970491,0.652,0.558,1
"Stk25",0.33218127748649,-0.436819337297571,0.304,0.385,1
"Fam136a",0.333255664979449,-0.297300235144304,0.043,0.115,1
"Gm27032",0.333542037436497,0.268471917829328,0.565,0.462,1
"Atp5g3",0.334496572195838,-0.349355640961481,0.217,0.308,1
"Vwa8",0.334756583280662,0.442653123139192,0.435,0.404,1
"Samd4",0.334845440786766,-0.342105356980016,0.261,0.346,1
"Wdr20",0.335005828604208,-0.266615897237953,0.217,0.327,1
"Dcun1d1",0.335526527349502,-0.264397587384248,0.261,0.404,1
"4930555F03Rik",0.335638175219364,-0.37725024333544,0.304,0.423,1
"Diras2",0.33607586366605,-0.27549852824163,0.522,0.635,1
"Aff3",0.336594512362479,-0.252423930802138,0.826,0.865,1
"Cdh18",0.337379669514771,0.841375450931958,0.435,0.346,1
"Slc44a5",0.337689529714175,-0.321403334360972,0.261,0.365,1
"Usp48",0.338143469572328,0.300123468238588,0.348,0.25,1
"Tspyl1",0.339541038285402,-0.282839716183286,0.13,0.212,1
"Prune2",0.33993772694308,0.310451269911273,0.261,0.192,1
"Tom1l2",0.341239358522596,-0.284622699178132,0.696,0.846,1
"Plekho1",0.34184621505779,0.281080172009484,0.348,0.308,1
"Map2k5",0.34184621505779,0.324269203187873,0.391,0.288,1
"Cbx6",0.34184621505779,-0.30765279837166,0.261,0.346,1
"1700085D07Rik",0.342254649888932,-0.305266715251295,0.304,0.423,1
"Efcab14",0.342461072560259,0.404010345888454,0.217,0.154,1
"Bbs9",0.342495702342128,0.297448611976173,0.609,0.462,1
"Gabrb1",0.343498074663432,-0.322486316453672,0.565,0.673,1
"Reps2",0.343498074663432,0.266889119531879,0.696,0.615,1
"2610316D01Rik",0.344085833328938,0.277496720339214,0.435,0.346,1
"Mark3",0.345079238826778,0.354972824612664,0.565,0.5,1
"Hnrnpa1",0.345493371717406,-0.279896884594838,0.174,0.269,1
"Chrm1",0.345493371717406,0.276172757636797,0.304,0.212,1
"Mphosph9",0.345513554128331,0.250265960781313,0.348,0.25,1
"Sdccag8",0.345799736857184,0.304824963345801,0.348,0.288,1
"Mrtfb",0.34712354193833,-0.254420283557102,0.739,0.827,1
"Cdc27",0.347279303056178,0.260699384563104,0.304,0.231,1
"Garem1",0.347805082957977,-0.305626399452112,0.348,0.442,1
"Tpm1",0.348143701824268,0.332485326658521,0.391,0.308,1
"Ccdc12",0.348513499416421,0.296710227978204,0.261,0.173,1
"Pou2f2",0.348544374110628,0.267610912132754,0.478,0.404,1
"Slc2a13",0.348859215635683,-0.256242970446955,0.87,0.923,1
"Mfhas1",0.348939937671435,0.266787536776981,0.391,0.288,1
"Adamts20",0.349048642604709,0.27146459272771,0.174,0.096,1
"Pgp",0.349236703893182,-0.261466647998054,0.217,0.308,1
"Wasl",0.349368824221373,-0.254530540279033,0.391,0.481,1
"Ulk4",0.349368824221373,0.316599781495419,0.478,0.442,1
"L1cam",0.349411128946607,-0.314508548982404,0.217,0.346,1
"Kcna1",0.351203217897461,0.298666159458582,0.652,0.577,1
"Zranb1",0.352334626067574,-0.317757160250177,0.348,0.404,1
"Thada",0.352334626067574,-0.286007581076534,0.348,0.404,1
"Kif5b",0.352334626067574,0.390953984036821,0.435,0.365,1
"Gabra1",0.353519117317642,-0.306493341766984,0.348,0.423,1
"Rplp1",0.353753045806958,-0.374678625036042,0.478,0.558,1
"Angptl2",0.355048326987361,0.451407934147109,0.304,0.231,1
"Cntln",0.355048326987361,0.280531175041247,0.304,0.231,1
"Arhgef11",0.355096504372282,0.269281510656041,0.565,0.481,1
"Fer",0.355667905085722,-0.251174388819183,0.478,0.635,1
"Rps6kc1",0.355829869624623,0.258179313232075,0.565,0.442,1
"Ugp2",0.356149647086558,-0.286632084823477,0.217,0.288,1
"Zfp160",0.356149647086558,0.37451921629862,0.304,0.25,1
"Fyco1",0.356759103720285,-0.270761681558102,0.217,0.308,1
"Mfn1",0.357034995691461,0.347573248478021,0.261,0.173,1
"C78859",0.361104425225613,0.257275534825425,0.391,0.327,1
"Lrrtm3",0.362497553164801,-0.370617719994704,0.652,0.769,1
"Rgs11",0.363387890953437,0.34148163589284,0.261,0.212,1
"Cpsf6",0.363750110060531,0.257655001565116,0.739,0.769,1
"Arhgap10",0.364710643730259,-0.280686667154973,0.304,0.404,1
"Ralbp1",0.365583596797842,-0.335173945453164,0.391,0.462,1
"Cdv3",0.365804181066505,-0.29280594789486,0.13,0.212,1
"Plgrkt",0.365804181066505,-0.280740888373948,0.13,0.212,1
"Fbxw5",0.365837403779578,0.33949104093486,0.174,0.115,1
"Pparg",0.370401476168876,0.407128415662807,0.174,0.096,1
"Ehbp1",0.370421139479263,0.261661967808561,0.783,0.769,1
"Iws1",0.370777107383698,0.310625835838531,0.391,0.288,1
"Ccdc191",0.370912501721022,0.359045879621075,0.304,0.231,1
"Peg3",0.371300841554048,0.250592707217264,0.87,0.769,1
"Bpnt2",0.371719411027741,-0.284140027492532,0.174,0.25,1
"Plxna4os3",0.371719411027741,-0.260200876437065,0.174,0.25,1
"Uvrag",0.372427863847354,0.357623524556981,0.478,0.462,1
"Nr6a1os",0.37339368711474,0.260754227612228,0.261,0.192,1
"Arf3",0.374538615624717,-0.257300332359418,0.435,0.538,1
"Sppl3",0.375114651104062,0.34575284127637,0.522,0.481,1
"Commd10",0.375114651104062,-0.274504642218067,0.435,0.519,1
"Egln2",0.376237140524454,-0.258360621408624,0.087,0.154,1
"Bbip1",0.376576451397674,-0.280028932540167,0.304,0.423,1
"Rps7",0.37777166300523,-0.250332802194132,0.174,0.269,1
"Zmynd11",0.379229102482264,-0.285171233877422,0.696,0.788,1
"Bcl2l1",0.3797072526323,0.285446285339606,0.304,0.25,1
"Klf12",0.381717807731168,-0.257672144081673,0.478,0.577,1
"Top2b",0.382841234133929,0.314860376576719,0.391,0.327,1
"Pcbp3",0.38337823303125,0.305416211809621,0.261,0.173,1
"Psip1",0.385067801237641,0.265656521278967,0.696,0.692,1
"Thrb",0.385974588454823,-0.298578666651349,0.522,0.635,1
"Exph5",0.386122728477587,0.319837087971731,0.304,0.212,1
"2410004B18Rik",0.386817378094112,-0.302100734230563,0.087,0.154,1
"Exosc1",0.386817378094112,-0.271070864898091,0.087,0.154,1
"Trappc10",0.387209362101216,0.263854091854015,0.304,0.231,1
"Dcaf1",0.387767993337917,-0.280187541502222,0.217,0.288,1
"C1ql3",0.390395879993862,-0.356459938092879,0.478,0.596,1
"Capza1",0.390860685832522,0.263969784280434,0.261,0.192,1
"Sv2b",0.391808297769441,-0.276731111114123,0.826,0.942,1
"Bcl11a",0.392408044250022,0.259437091447607,0.478,0.385,1
"Zfp956",0.393246617216699,0.252697705965612,0.13,0.077,1
"Ppp1r14b",0.393246617216699,0.271876846624891,0.13,0.077,1
"Mdn1",0.393384521200926,0.316920203372308,0.391,0.365,1
"Tor1aip2",0.393443123187908,-0.26801007996899,0.261,0.346,1
"Mpc2",0.393443123187908,-0.327315536626747,0.261,0.346,1
"Ppp2r5c",0.393751587064619,-0.295524884445007,0.696,0.673,1
"Gnl3",0.394585552971447,-0.251281380290882,0.174,0.269,1
"Wasf3",0.395519041367443,0.267965738033402,0.304,0.231,1
"Taf3",0.395884350938931,-0.270670898540074,0.217,0.308,1
"Ppp1r7",0.397416787634843,-0.274467239554652,0.174,0.25,1
"Wdr37",0.397416787634843,-0.272321602418588,0.174,0.25,1
"4930557K07Rik",0.39757717935483,0.322053739055572,0.174,0.115,1
"Elp1",0.399713984148512,-0.27947624465849,0.174,0.288,1
"Sema4f",0.399777267202032,0.348460753295545,0.261,0.192,1
"Snhg20",0.402619052950673,0.261329700386839,0.478,0.365,1
"Esco1",0.402619052950673,0.287396786412173,0.435,0.385,1
"Nagk",0.403935573552369,0.286183322644725,0.304,0.231,1
"Eya3",0.404199314478482,-0.287499947314361,0.217,0.288,1
"Ireb2",0.404199314478482,0.301980332945819,0.304,0.25,1
"Vdac3",0.405361678821171,-0.305131137438396,0.304,0.365,1
"Zdhhc22",0.405986114040141,0.379766918285783,0.13,0.077,1
"Eif4e",0.407421860322367,0.300687431600532,0.522,0.519,1
"Cadm1",0.409471863342405,-0.281997220648752,0.783,0.808,1
"Abhd12",0.410642849753771,0.302675665673834,0.478,0.442,1
"Robo2",0.410701194579759,-0.343435227761632,0.565,0.635,1
"Ywhae",0.41132169287202,-0.26158015718339,0.609,0.673,1
"Atp6v0e2",0.412458405095569,0.255246009679191,0.304,0.231,1
"Mcph1",0.412568894253651,0.486600757475462,0.304,0.25,1
"Sms",0.415112747030779,0.267673860316393,0.391,0.308,1
"Minpp1",0.418968906316761,0.391551439229001,0.13,0.077,1
"Rpl17",0.419683392546343,0.27852113338817,0.348,0.269,1
"Selenok",0.420805768857434,0.329588996920696,0.391,0.327,1
"Gm44675",0.42201111916254,0.275463390437911,0.217,0.173,1
"Klhl7",0.422354199339314,0.266825188398425,0.565,0.538,1
"Gm10125",0.424156946064291,0.437512997980114,0.261,0.212,1
"Helz",0.424652771100167,-0.278344990273683,0.435,0.481,1
"Apoe",0.425079229098382,0.255395576908934,0.478,0.442,1
"Gm42446",0.430922293538373,0.277808174922971,0.174,0.115,1
"Zfp30",0.431848087733084,0.3295513563584,0.217,0.173,1
"Prodh",0.432192784830912,0.26616690321369,0.13,0.077,1
"Gm20517",0.432192784830912,0.256794079170688,0.13,0.077,1
"Sik3",0.434290973364176,-0.255021180044378,0.478,0.558,1
"Miga2",0.438286226430129,0.265767053724175,0.304,0.25,1
"Ryk",0.44183637429253,0.312042899860629,0.391,0.346,1
"Baz2a",0.442553825196706,-0.274661091719583,0.174,0.25,1
"Rapgef6",0.44296932988645,0.389808031996997,0.478,0.462,1
"Rps29",0.443086071445646,-0.251296517202087,0.261,0.365,1
"Pnn",0.443588425953875,0.2696056894957,0.565,0.538,1
"Plk2",0.444608263000581,-0.354408410063056,0.304,0.365,1
"4930533B01Rik",0.445655247181434,0.441682460782762,0.13,0.077,1
"Il12rb2",0.445655247181434,0.298920841229565,0.13,0.077,1
"Dcaf10",0.446163384719571,-0.30364725719198,0.174,0.231,1
"Srp72",0.447348661673342,-0.335549829976857,0.261,0.327,1
"Dnajc13",0.44949567161526,-0.254927983305882,0.261,0.346,1
"Kcnab1",0.451494248836916,0.313153254798963,0.478,0.423,1
"Psmd4",0.455805481036168,-0.302234549415126,0.261,0.327,1
"Bbof1",0.455805481036168,0.269818729254923,0.348,0.288,1
"Aftph",0.457878484736021,-0.329172338359985,0.304,0.385,1
"Atp1a1",0.459419882751489,-0.275931203308408,0.522,0.654,1
"Rasa3",0.460859139059635,0.273734258613487,0.522,0.462,1
"Lgr5",0.462143839136953,0.413542462522115,0.217,0.173,1
"Snx25",0.463343146406466,-0.258047269330512,0.391,0.442,1
"Vps54",0.463343146406466,0.277354372527946,0.478,0.404,1
"Cstpp1",0.465288872176372,0.297816161898073,0.739,0.654,1
"Lysmd4",0.465419683213957,0.320248391048693,0.565,0.538,1
"Dctd",0.46583493821518,0.301270808531488,0.174,0.115,1
"Dnajc27",0.46583493821518,0.272134161090151,0.174,0.115,1
"Tent4b",0.466305384610808,-0.268978803095088,0.261,0.346,1
"Hacd2",0.470804490897659,-0.26017312095326,0.348,0.385,1
"Nsf",0.470909840911466,0.334490737902934,0.739,0.827,1
"Ilrun",0.470986859873975,0.265954727493042,0.261,0.212,1
"5031425E22Rik",0.471390965709528,-0.275545290390735,0.348,0.442,1
"Ppil4",0.472499984805797,0.310430581617675,0.217,0.173,1
"Marchf4",0.472985982740644,-0.302482626403681,0.261,0.327,1
"Nebl",0.473665791010995,0.251631233681916,0.522,0.5,1
"Shc2",0.47396916920402,0.26383512725142,0.304,0.25,1
"Tgfbrap1",0.475405643077582,0.287245277302826,0.261,0.192,1
"Plcb1",0.476228179560582,-0.272496777489943,0.957,0.981,1
"Armc9",0.477883064548212,-0.273475110962162,0.391,0.481,1
"Fap",0.479690494358778,0.567818513447559,0.739,0.654,1
"Ergic2",0.480586836979186,-0.298936022510911,0.304,0.346,1
"Cul1",0.484815590622884,-0.309174108223031,0.435,0.481,1
"Marf1",0.485381741268667,0.265225567236173,0.261,0.192,1
"Serinc5",0.489956478048355,0.267925072903762,0.174,0.115,1
"Suco",0.490600201991768,0.261593504541752,0.304,0.269,1
"Atp1b3",0.493460929397025,0.299703390473129,0.348,0.327,1
"Fmn1",0.499257928101337,0.434289681433486,0.522,0.558,1
"Chchd2",0.499381180084016,-0.315496020054287,0.435,0.5,1
"Cep126",0.499546104248701,0.292234625666969,0.478,0.385,1
"Srgap2",0.500809597645497,0.277605288455011,0.913,0.827,1
"Ptchd4",0.502465109910011,0.282303817453742,0.217,0.154,1
"2900022M07Rik",0.503979928215346,0.290209631343486,0.391,0.365,1
"Zfyve1",0.506598159574005,-0.250984530234316,0.261,0.308,1
"Atpif1",0.513697602212632,0.296056927730464,0.609,0.654,1
"Taf6",0.515174560663645,0.304399710822441,0.217,0.173,1
"Car2",0.516522165489666,0.321189422708009,0.391,0.346,1
"Gm15577",0.51975331391736,0.464473721211125,0.348,0.327,1
"Man2a1",0.521312450959536,0.272254577776456,0.652,0.635,1
"Bcap31",0.524397948591106,0.273226413550148,0.261,0.231,1
"Zfp746",0.524920528946912,0.276410367641503,0.217,0.154,1
"Gfra4",0.525526567070788,0.274510875943779,0.174,0.135,1
"Rps15a",0.526394695123572,-0.258281900174718,0.174,0.231,1
"Slc25a23",0.526394695123572,-0.285983008501059,0.174,0.231,1
"Pdgfc",0.527798783787083,0.485245984202472,0.348,0.308,1
"Gm1992",0.529648104614899,-0.259901573641762,0.348,0.385,1
"Fnip2",0.533965197583087,0.254601965139663,0.391,0.346,1
"Rps6kb2",0.53440489321484,0.275817055984137,0.304,0.288,1
"Ndufaf2",0.537238858494607,0.251969626651714,0.217,0.173,1
"Zfp955a",0.537238858494607,0.360065370474484,0.217,0.173,1
"Mga",0.53767467859444,0.250226158732771,0.348,0.327,1
"Smarca5",0.538154148154541,-0.304695582039789,0.304,0.365,1
"Zfp804a",0.538741739160348,-0.254975394470329,1,0.962,1
"Rp9",0.540430720456325,0.297680972799758,0.565,0.519,1
"Cpne5",0.544320627035681,0.251647534479693,0.522,0.5,1
"Pdzd4",0.546252840237746,-0.26185226907209,0.348,0.423,1
"Pde7a",0.547122019401244,0.430779827207612,0.435,0.346,1
"1500004A13Rik",0.547265273145227,0.304603437183457,0.609,0.577,1
"Gak",0.54754549308724,-0.258348721235445,0.174,0.231,1
"Kdm2b",0.54754549308724,-0.31502779666231,0.174,0.231,1
"Clip1",0.554916730905146,0.317997311049955,0.391,0.404,1
"Ndufa3",0.55539739756139,0.272145431934855,0.13,0.096,1
"Cpne2",0.55539739756139,0.272686132473699,0.13,0.096,1
"Pard6a",0.55539739756139,0.267853495217741,0.13,0.096,1
"Mtpap",0.55539739756139,0.269374611409808,0.13,0.096,1
"Ndrg3",0.560651776039654,0.252565535324736,0.696,0.712,1
"Rab24",0.562026788525032,0.262505867188655,0.261,0.212,1
"Hsbp1",0.565140086987699,0.394002599874367,0.261,0.231,1
"Gm49066",0.565140086987699,0.26803547138423,0.261,0.231,1
"Mtpn",0.565279651639776,0.283906602919191,0.348,0.346,1
"Ndufb7",0.57065455583113,-0.290846604427433,0.13,0.173,1
"Atp5pb",0.577673801407178,0.270677757905676,0.435,0.442,1
"Ppp4r2",0.577710350151461,0.288560371198439,0.391,0.385,1
"Ywhaz",0.578945295066145,-0.267521359239463,0.652,0.692,1
"Gm10501",0.584512721361597,0.276836792521192,0.13,0.096,1
"Rsrc1",0.585718639434651,0.255677192158664,0.522,0.5,1
"Dnaaf9",0.593611678570041,-0.273337812953952,0.696,0.75,1
"Cfap20",0.596662757676515,0.285628882865747,0.261,0.231,1
"Mgat2",0.599331809590956,0.32068351150906,0.13,0.096,1
"Slc37a3",0.60214573540346,0.321439265610264,0.304,0.288,1
"Prpf40b",0.604403063624897,0.28182844959956,0.217,0.192,1
"Vapa",0.607011539117101,0.38623219886284,0.478,0.481,1
"Wdr70",0.612517316407352,0.257077242513552,0.348,0.308,1
"Gpr61",0.614159344766194,0.295703971583066,0.174,0.135,1
"Ube2a",0.61801458181786,0.346205897842664,0.217,0.173,1
"Vps72",0.620546037261296,0.323568861491142,0.174,0.154,1
"Kcna6",0.623260688433806,0.278351896388278,0.391,0.385,1
"Sez6l2",0.625402015769395,0.278319439084552,0.391,0.346,1
"Nol4l",0.629370744421295,-0.250365403302453,0.522,0.558,1
"Acot13",0.629468566290196,0.358499005028995,0.13,0.096,1
"Mad1l1",0.633309547067054,-0.464254845463205,0.13,0.173,1
"Cux2",0.634546858802612,0.305296052715859,0.652,0.654,1
"Focad",0.636791097296184,0.398857816465169,0.696,0.692,1
"Eaf2",0.637166913352038,0.349871645215143,0.304,0.269,1
"Fam184a",0.641906242896908,0.25174436972304,0.391,0.385,1
"Mllt10",0.642065716390163,0.253809422104831,0.565,0.673,1
"Hmgcr",0.648876611855648,-0.25296985209536,0.478,0.462,1
"Slc41a2",0.660140603588327,0.278756370839549,0.348,0.346,1
"6530409C15Rik",0.661988113672898,0.257224638620122,0.261,0.231,1
"Xkr7",0.684381618223546,0.284126930211692,0.261,0.231,1
"Erbb4",0.685431431818995,0.465089883098955,0.13,0.173,1
"Clpp",0.693586597671011,0.261501306189948,0.348,0.288,1
"Ankrd42",0.695221137590543,0.357450744439518,0.261,0.212,1
"Ppme1",0.69664473021373,-0.26575835086894,0.522,0.519,1
"Rsbn1l",0.698096068336672,-0.289213967214235,0.348,0.365,1
"Gucy1a1",0.698711861763182,0.283471601676671,0.174,0.154,1
"Ptgds",0.710967270439558,0.322886007558038,0.478,0.442,1
"1810037I17Rik",0.712085152473975,0.313484961819054,0.174,0.154,1
"Nalcn",0.717191457872753,-0.269722582556966,0.652,0.577,1
"Zfhx4",0.718905277830286,0.260092659617642,0.652,0.615,1
"Creb1",0.721211307412051,0.432822402835179,0.391,0.404,1
"Lpcat2",0.721651174680445,0.364820085896821,0.13,0.115,1
"Oxct1",0.72515072303494,0.405034235022026,0.565,0.596,1
"Zfyve26",0.725547589492576,0.295423856502494,0.174,0.154,1
"Gm6209",0.728943895803827,-0.261843092253336,0.174,0.192,1
"Trnau1ap",0.736949597822922,0.295030323136712,0.13,0.115,1
"Mdh2",0.738085641002791,0.37213808524367,0.348,0.365,1
"Cntn5",0.739095375633287,0.396688180820506,0.13,0.173,1
"Rpl11",0.750522335291102,0.285791697801193,0.348,0.346,1
"Insr",0.753273334797425,0.303054299586089,0.391,0.346,1
"Hspa4l",0.753428140823929,0.348118970450712,0.478,0.5,1
"Agpat5",0.758203924160003,-0.286047291056167,0.391,0.385,1
"Gm20616",0.758784514788621,0.328813181956754,0.261,0.308,1
"Eml2",0.769679109551112,0.273823504851687,0.304,0.288,1
"Ap2b1",0.786070498966428,-0.26564894646879,0.609,0.635,1
"Lnx1",0.787203016921286,0.265227986716673,0.609,0.673,1
"Sox5",0.796001161419831,0.260571339882603,1,0.962,1
"Gm26673",0.80235410917223,0.253644377997919,0.348,0.346,1
"Sirt2",0.807976259818625,0.356634372486322,0.13,0.173,1
"C1qtnf4",0.818996212562474,0.2609613896236,0.261,0.269,1
"Gin1",0.820857814855227,0.27799863734086,0.174,0.173,1
"Ilf2",0.820857814855227,0.265335496263611,0.174,0.173,1
"Col19a1",0.830490446576705,0.369488627328789,0.261,0.269,1
"Zbtb16",0.834430122506667,0.25148589131787,0.174,0.173,1
"Snx29",0.835932806599598,0.356701128528077,0.304,0.288,1
"Ppid",0.841104622567343,0.279390443784577,0.217,0.212,1
"Edil3",0.857379820987687,0.333970794173665,0.478,0.481,1
"Gm26854",0.865181808933636,0.36826540417713,0.261,0.269,1
"2810004N23Rik",0.873895485288745,0.262377332374627,0.13,0.154,1
"Trpm3",0.873895485288745,0.434443401972016,0.13,0.154,1
"Sema6a",0.888097783262871,0.291691765653047,0.261,0.327,1
"Uqcrh",0.900134983111636,0.267303707368388,0.261,0.269,1
"Gm32647",0.921562082089024,0.328882790080843,0.696,0.769,1
"Pcp4",0.928131717203645,0.373719077984939,0.304,0.327,1
"Rragb",0.929708558304801,0.296681104691569,0.217,0.212,1
"Usp28",0.932765337731745,0.294600366543792,0.217,0.25,1
"Cpt1c",0.955233657593518,0.251235929770717,0.391,0.5,1
"Kcnh5",0.959410566573806,-0.378423367299232,0.13,0.115,1
"Cebpz",0.972326419729957,0.315347809665136,0.304,0.327,1
"Zfp804b",0.972495633161943,0.280472101325747,0.87,0.942,1
"Tmem243",0.975823777861083,0.341841010125318,0.435,0.577,1
"Slc30a6",0.979771080992591,0.3314982038476,0.174,0.192,1
"Slc35a2",0.979771080992591,0.291345313663465,0.174,0.192,1
"Slc6a15",0.982907429067303,0.346340560998315,0.304,0.288,1
"Robo1",0.985492845752196,0.284891075932701,0.478,0.558,1
"Cnot4",1,0.301657765826796,0.609,0.635,1
