"","p_val","avg_log2FC","pct.1","pct.2","p_val_adj"
"Rn18s-rs5",2.58054219573021e-05,-0.554648471300919,1,1,0.899757647385254
"Cspg5",0.000558098352216927,-1.47674417843094,0.067,0.379,1
"Cbx5",0.00136141732285499,-1.28533552644872,0.044,0.31,1
"Wars2",0.00165451216935152,-1.09797350346794,0,0.207,1
"Arhgap17",0.00219598219476377,-1.16232298219443,0.2,0.517,1
"Ppp1r16b",0.00243330616578225,1.15169158831491,0.578,0.207,1
"Dock8",0.00253916064526812,-1.04062560275299,0.356,0.69,1
"Bex3",0.0027078185783651,-1.34982858189012,0.022,0.241,1
"Qki",0.0027426870482881,0.522822194107191,0.978,1,1
"Snhg20",0.00275950025530539,1.16909464561382,0.267,0,1
"Xrcc6",0.0028446372369177,1.0609083180344,0.622,0.241,1
"5330434G04Rik",0.00330098286289706,-1.20281224269441,0.067,0.345,1
"Ufl1",0.00344837823007582,-1.13447155466009,0.089,0.345,1
"Pom121",0.00354434609514043,-1.29702228878435,0.044,0.276,1
"3222401L13Rik",0.00354897868343953,-1.20194344798841,0.067,0.31,1
"Dctn4",0.00357750883112379,1.363221159512,0.378,0.069,1
"Hsp90ab1",0.00368604724935168,-0.943607680115105,0.422,0.69,1
"Cops5",0.00402946758985221,-1.03365431984026,0.022,0.241,1
"Cmas",0.00402946758985221,-1.01299786677053,0.022,0.241,1
"Rp9",0.00403540456803151,-1.21154785655437,0.111,0.379,1
"Pcdh9",0.004132880864312,0.519409568307497,1,1,1
"Cdc37l1",0.00432659087175077,0.777865123114913,0.867,0.552,1
"Abcd2",0.00436950476817968,-0.893978266969915,0,0.172,1
"Aurkaip1",0.00437103642763859,-0.993321348415019,0,0.172,1
"Grk3",0.00437103642763859,-1.06371946160548,0,0.172,1
"Sec61a1",0.00437103642763859,-1.03475506950911,0,0.172,1
"Capns1",0.00437103642763859,-0.932244962362323,0,0.172,1
"Gm12185",0.00437103642763859,-0.894455740124116,0,0.172,1
"Psd",0.00437103642763859,-0.950018650928617,0,0.172,1
"Tardbp",0.00466510963474309,-1.14155128939371,0.111,0.379,1
"Gab1",0.00475058999244309,-0.817163667283632,0.333,0.655,1
"Shroom2",0.00475860995347976,-1.15213410133954,0.044,0.276,1
"Wapl",0.00477893990576311,1.02526210082424,0.444,0.103,1
"Syt1",0.00486597220349928,-0.973543071621102,0.289,0.621,1
"Ckb",0.0049510618121448,0.911266315989953,0.667,0.31,1
"Srsf5",0.00557407125887142,0.883551969219912,0.689,0.379,1
"Unc5c",0.0056521949513001,1.21629004720345,0.667,0.345,1
"Snrnp48",0.00573463563851879,-1.02287156772275,0.089,0.345,1
"Tmed10",0.00587855826613464,1.3180358353229,0.289,0.034,1
"Pgp",0.00591656540711167,-1.20947006705085,0.111,0.379,1
"Ssbp2",0.00609899625688492,1.07678334570329,0.4,0.103,1
"A330015K06Rik",0.00613389554097061,1.34034867667749,0.422,0.138,1
"Btbd8",0.00684069077014573,-1.1082962256572,0.089,0.31,1
"Ppp2r2c",0.00709058647545112,1.00831495007023,0.222,0,1
"Tango2",0.00709178714864677,1.09939084903413,0.222,0,1
"Agpat3",0.00715231011154905,1.22958479736527,0.289,0.034,1
"Arf5",0.00731207180204595,-1.10453982928013,0.022,0.207,1
"Cycs",0.00731207180204595,-1.04385889002251,0.022,0.207,1
"Uchl1",0.00746205363298936,-1.05509151155502,0.111,0.379,1
"Klhl24",0.00748202995656291,1.28906449563377,0.333,0.069,1
"Rnf14",0.00749815377201259,-0.899507631363833,0.044,0.276,1
"Mbtd1",0.00769952719968283,1.04477025437737,0.4,0.138,1
"Mysm1",0.00796373297271619,-1.00236508290295,0.156,0.414,1
"Sptlc1",0.00832313458365477,-0.849294325514673,0.022,0.207,1
"Selplg",0.00839516927328284,-1.09426405660643,0.267,0.552,1
"Foxj3",0.00896358830161304,-1.19050424233294,0.044,0.241,1
"Mbnl1",0.00905743017745576,0.776556732848186,0.822,0.552,1
"Retreg3",0.00908990840119399,1.06508852476276,0.289,0.034,1
"Gm19710",0.00948840147993135,-1.15442566562422,0.044,0.241,1
"Ncaph2",0.00948840147993135,-0.972502798308937,0.044,0.241,1
"Tmcc2",0.00966357569861215,1.01791015449197,0.267,0.034,1
"Snrnp70",0.0100339769358195,0.643853849649981,0.778,0.483,1
"Mtss1",0.0101408433283489,-1.17743504519643,0.089,0.31,1
"Rab3a",0.0106445718398934,-1.08948767480111,0.111,0.345,1
"Emc2",0.0107277670510893,-0.754442846635196,0.022,0.207,1
"Ier5",0.011231045061062,1.01557359796917,0.2,0,1
"Tmed4",0.011231045061062,1.09888174154167,0.2,0,1
"Trim26",0.011231045061062,-0.949704748505975,0.044,0.241,1
"Rasa2",0.0114401691198843,-0.872967603840224,0,0.138,1
"Pantr1",0.0114441443034887,-0.859590030730985,0,0.138,1
"Mettl14",0.0114441443034887,-1.02332008372776,0,0.138,1
"Ncdn",0.0114441443034887,-0.803394407386298,0,0.138,1
"Tmem240",0.0114441443034887,-0.793412422970157,0,0.138,1
"ENSMUSG00000121007",0.0114441443034887,-0.917522251552783,0,0.138,1
"Rasgef1a",0.0114441443034887,-0.914012564422719,0,0.138,1
"Gm44667",0.0114441443034887,-0.759588436829278,0,0.138,1
"Fah",0.0114441443034887,-0.959208011026069,0,0.138,1
"Kctd21",0.0114441443034887,-0.929866631163505,0,0.138,1
"Gm44759",0.0114441443034887,-0.839719339582628,0,0.138,1
"Agpat5",0.0114441443034887,-0.899844877686216,0,0.138,1
"Mre11a",0.0114441443034887,-0.776231084200506,0,0.138,1
"4931406C07Rik",0.0114441443034887,-0.898479025639224,0,0.138,1
"Ero1b",0.0114441443034887,-1.04533242338837,0,0.138,1
"Trabd",0.0114441443034887,-0.853263658652573,0,0.138,1
"Mfsd5",0.0114441443034887,-0.824492886694078,0,0.138,1
"Ppp1r1a",0.0114441443034887,-0.856906966985557,0,0.138,1
"Ppp2r1a",0.0114441443034887,-1.17925349807085,0,0.138,1
"Mdc1",0.0114441443034887,-0.848770050199768,0,0.138,1
"Synpo",0.0114441443034887,-0.863792829643388,0,0.138,1
"Pcnx3",0.0114441443034887,-0.963493409054857,0,0.138,1
"Marchf8",0.0115917806285354,-0.869316089202242,0.133,0.379,1
"Fkbp3",0.0116423316548886,-1.22364871056012,0.067,0.276,1
"Luc7l",0.0117067504249264,0.96140063229908,0.267,0.034,1
"Bicc1",0.0118720997910366,-0.826566819381814,0.044,0.241,1
"Ube2d3",0.0121810226692958,-0.908311190708427,0.111,0.345,1
"Clasp2",0.0123571208726592,0.639851655987382,0.822,0.759,1
"Mgll",0.0125453937628662,-0.890539679345195,0.044,0.241,1
"Tmcc1",0.0129800063955124,0.596049760524663,0.778,0.483,1
"Gria1",0.0139941503804392,-0.782267828609433,0.044,0.241,1
"Kifap3",0.0141243618587778,0.961502649587036,0.267,0.034,1
"Taldo1",0.0141243618587778,1.0254815220312,0.267,0.034,1
"Parp8",0.0149256115267877,0.963881464324429,0.333,0.069,1
"Rps3a1",0.0149899895223271,1.12445095139058,0.244,0.034,1
"Ncam1",0.0151303785330092,0.773108357672478,0.733,0.483,1
"Mettl7a1",0.0156691382343986,0.84439227345946,0.422,0.138,1
"Vps28",0.0164442403957783,-0.719046644442982,0.044,0.241,1
"Nub1",0.0164796652364009,1.05280814861972,0.244,0.034,1
"Otud7a",0.0165528754326423,1.2919155806991,0.289,0.069,1
"Slc25a12",0.0172275694840313,-1.06767879532047,0.111,0.31,1
"Kif13a",0.017246859050457,-0.594693540111371,0.511,0.759,1
"Kazn",0.0172721374947379,1.08179198725969,0.244,0.034,1
"Fktn",0.0176646901526825,0.92104263964225,0.178,0,1
"Clec4a3",0.0176646901526825,1.03234084382999,0.178,0,1
"Zfp612",0.0176646901526825,0.808595839244178,0.178,0,1
"Nova1",0.0176646901526825,1.03349878357702,0.178,0,1
"Lpcat1",0.0176646901526825,1.20559675876241,0.178,0,1
"Nbea",0.0179421704460769,0.606490263022385,0.756,0.448,1
"Rps14",0.0180320787485709,1.21781282202192,0.289,0.069,1
"Lingo2",0.0180978384167808,1.28172364527864,0.244,0.034,1
"Txlna",0.0193290248980192,-0.916925602402685,0.022,0.172,1
"Tspan9",0.0193290248980192,-0.917877002611524,0.022,0.172,1
"Syncrip",0.0194011885261202,-1.04734709860851,0.089,0.276,1
"Ccny",0.0197126496902305,-0.920533606185435,0.2,0.414,1
"Ndufa11",0.0198535017329741,0.857246282086156,0.244,0.034,1
"Dctn1",0.0200191173556075,-0.678662292153503,0.067,0.276,1
"Megf10",0.0201234473904305,-1.0147009111688,0.156,0.379,1
"Galntl6",0.0205728728870517,-1.0571490269437,0.022,0.172,1
"ENSMUSG00000120385",0.0206022538029051,-0.931200130301445,0.178,0.414,1
"Sec14l1",0.020659858105023,0.833482669984747,0.311,0.069,1
"Scg5",0.0207858180356029,0.95353094529002,0.244,0.034,1
"Larp1",0.0209253268315125,0.928127047444218,0.333,0.103,1
"Iffo1",0.0216220055524078,-1.02716989549701,0.2,0.414,1
"Crcp",0.0218859524312299,-0.839540772409693,0.022,0.172,1
"Zc3h14",0.0218859524312299,-0.941061486222771,0.022,0.172,1
"Ttc14",0.0220870014738902,-0.850057599616983,0.311,0.517,1
"Oip5os1",0.0221273638581806,-0.818430306170951,0.2,0.448,1
"Mrps33",0.0221876308639183,-0.686105388541873,0.089,0.31,1
"Uso1",0.0231857245118791,1.06188426433024,0.289,0.069,1
"Sec16a",0.0232158450393189,-0.825149043190982,0.044,0.207,1
"Tcaf1",0.0232713587039911,-0.793955311496357,0.022,0.172,1
"Ahsa1",0.0232713587039911,-0.836115294700624,0.022,0.172,1
"Tgfbi",0.0232713587039911,-0.868480877615326,0.022,0.172,1
"Uchl3",0.0232713587039911,-0.831673863202338,0.022,0.172,1
"Ogdh",0.0235608281059323,0.773320816872827,0.356,0.103,1
"Xpnpep3",0.0238128641502085,0.90336848885155,0.244,0.034,1
"Swi5",0.0241570658538607,-0.957641922981598,0.067,0.241,1
"Rb1",0.0244176879112175,0.931529635107975,0.333,0.103,1
"Mccc1",0.0244920109985565,-0.8315851481467,0.044,0.207,1
"Uba6",0.0247275185552665,-0.753981457908299,0.022,0.172,1
"Mrpl41",0.0247322760653886,-0.839435188040845,0.022,0.172,1
"Sema4d",0.0251671340014205,1.07112537358614,0.289,0.069,1
"Cct6a",0.025352507941648,-0.93465012988877,0.067,0.241,1
"Fyco1",0.0253659514558819,0.86159729193649,0.333,0.103,1
"Supt20",0.0257337126260345,-0.794134707323687,0.178,0.414,1
"Mark1",0.0258285235338663,-0.913460200998638,0.044,0.207,1
"Plekho1",0.0259118914666402,0.932906413069291,0.4,0.172,1
"Rpl37",0.0262116711658529,1.03898720542529,0.289,0.069,1
"Gabpb1",0.0262719775813038,-0.797544116838678,0.022,0.172,1
"Akt1",0.0262719775813038,-0.703929799875422,0.022,0.172,1
"Lgi1",0.0262719775813038,-0.773185792132528,0.022,0.172,1
"Atp1b3",0.0263459178124634,-0.927684999524805,0.156,0.379,1
"Kif6",0.0265114968233315,1.00495195575871,0.222,0.034,1
"Zfp317",0.0272276457956336,-0.96955161176924,0.044,0.207,1
"Csnk1d",0.0272276457956336,-0.847805194209996,0.044,0.207,1
"Kdm2b",0.0273584278008421,0.86758113239576,0.333,0.103,1
"Bmp2k",0.0274472523083842,0.726363378907242,0.578,0.31,1
"Phldb1",0.0275433471297716,-0.788780376289358,0.467,0.69,1
"Wipi2",0.0276280138703741,0.798394654007777,0.156,0,1
"Ndrg4",0.0276280138703741,1.02780095276971,0.156,0,1
"Arhgap18",0.0276280138703741,0.751392561042958,0.156,0,1
"Prxl2c",0.0276280138703741,0.838707160377655,0.156,0,1
"Zcchc24",0.0276280138703741,0.932580618214978,0.156,0,1
"Rnase4",0.0276280138703741,0.841805383012882,0.156,0,1
"Ubald1",0.0276280138703741,0.795223351663408,0.156,0,1
"Gm33255",0.0276280138703741,0.843123486535276,0.156,0,1
"H2-K1",0.0276280138703741,0.75980276997985,0.156,0,1
"Rab3il1",0.0276280138703741,0.68105880820383,0.156,0,1
"Pola1",0.0276280138703741,0.873830139867154,0.156,0,1
"Rpl28",0.0277541664697673,1.17353299780466,0.222,0.034,1
"Adgrl3",0.0278976762203477,-1.11993164324306,0.067,0.241,1
"Nr6a1",0.0279291206871192,0.619830936576343,0.533,0.241,1
"Ppp1r21",0.028404335849475,-0.86222887459664,0.156,0.379,1
"Pts",0.0284135731912476,0.875314548987846,0.289,0.069,1
"Rprd1b",0.0286916928905051,-0.957627577984856,0.044,0.207,1
"Npat",0.0290467425143499,1.01110644826146,0.222,0.034,1
"Usp54",0.0290694066217264,0.680270031528291,0.467,0.207,1
"Sfswap",0.0292508625132218,-1.05509609230725,0.067,0.241,1
"Gm38380",0.0299307331625248,-0.690835675724116,0,0.103,1
"Actr1b",0.0299307331625248,-0.619375771459854,0,0.103,1
"Gm10516",0.0299307331625248,-0.629985086806299,0,0.103,1
"Exosc2",0.0299307331625248,-0.728004926623573,0,0.103,1
"Slc30a4",0.0299307331625248,-0.624197690539025,0,0.103,1
"Rtf2",0.0299307331625248,-0.749052530399571,0,0.103,1
"Rap2b",0.0299307331625248,-0.551285483188968,0,0.103,1
"Gm27008",0.0299307331625248,-0.698738055604742,0,0.103,1
"Smu1",0.0299307331625248,-0.786916936578302,0,0.103,1
"Ccl27a",0.0299307331625248,-0.653704420639921,0,0.103,1
"Pgm1",0.0299307331625248,-0.611182102145861,0,0.103,1
"Grik3",0.0299307331625248,-0.771207277580886,0,0.103,1
"Ube4bos1",0.0299307331625248,-0.662117844868566,0,0.103,1
"Morn1",0.0299307331625248,-0.729461602538421,0,0.103,1
"Gm42517",0.0299307331625248,-0.649474220894778,0,0.103,1
"Sgsm1",0.0299307331625248,-0.759573740324031,0,0.103,1
"Gm16552",0.0299307331625248,-0.649434031111353,0,0.103,1
"Gm42908",0.0299307331625248,-0.536128073509172,0,0.103,1
"Ift22",0.0299307331625248,-0.607554685171197,0,0.103,1
"Zfand2a",0.0299307331625248,-0.583991514282221,0,0.103,1
"Creb3l2",0.0299307331625248,-0.602131871258894,0,0.103,1
"Scrn1",0.0299307331625248,-0.567481991984197,0,0.103,1
"Pcbp1",0.0299307331625248,-0.669611632779529,0,0.103,1
"Zxdc",0.0299307331625248,-0.788083971835768,0,0.103,1
"Cntn6",0.0299307331625248,-0.681482454583243,0,0.103,1
"Clec4a2",0.0299307331625248,-0.583559179739429,0,0.103,1
"Dact3",0.0299307331625248,-0.604991797165081,0,0.103,1
"Ccdc61",0.0299307331625248,-0.703272572385892,0,0.103,1
"Exosc5",0.0299307331625248,-0.689506423067558,0,0.103,1
"ENSMUSG00000121129",0.0299307331625248,-0.642027095426058,0,0.103,1
"2310002F09Rik",0.0299307331625248,-0.660373178005611,0,0.103,1
"A230006K03Rik",0.0299307331625248,-0.616919639748732,0,0.103,1
"Cavin3",0.0299307331625248,-0.701916623116231,0,0.103,1
"Cars",0.0299307331625248,-0.693865245857161,0,0.103,1
"Fbxo25",0.0299307331625248,-0.710288348281477,0,0.103,1
"Wdr17",0.0299307331625248,-0.573529281033288,0,0.103,1
"ENSMUSG00000121028",0.0299307331625248,-0.618717730954712,0,0.103,1
"Nkd1",0.0299307331625248,-0.638333157704824,0,0.103,1
"Gm45767",0.0299307331625248,-0.687984668274328,0,0.103,1
"1190005I06Rik",0.0299307331625248,-0.619375771459854,0,0.103,1
"Gm29642",0.0299307331625248,-0.600280018530336,0,0.103,1
"Armt1",0.0299307331625248,-0.580499987013929,0,0.103,1
"Cited2",0.0299307331625248,-0.584776567137066,0,0.103,1
"Rpl32l",0.0299307331625248,-0.667943783317237,0,0.103,1
"Gamt",0.0299307331625248,-0.731120377301827,0,0.103,1
"Kcnmb4",0.0299307331625248,-0.643902574017071,0,0.103,1
"Hdac5",0.0299307331625248,-0.63997516084856,0,0.103,1
"Fasn",0.0299307331625248,-0.693681117893117,0,0.103,1
"Asap2",0.0299307331625248,-0.693865245857161,0,0.103,1
"Entpd5",0.0299307331625248,-0.598268051102702,0,0.103,1
"Cinp",0.0299307331625248,-0.622573764506466,0,0.103,1
"Aldh5a1",0.0299307331625248,-0.591396964363057,0,0.103,1
"Itih3",0.0299307331625248,-0.682489750261217,0,0.103,1
"Myh6",0.0299307331625248,-0.819899160039395,0,0.103,1
"Psme1",0.0299307331625248,-0.769881348474068,0,0.103,1
"Fzd3",0.0299307331625248,-0.761943890181073,0,0.103,1
"Gm49003",0.0299307331625248,-0.588609541902909,0,0.103,1
"Sema5a",0.0299307331625248,-0.647786772828564,0,0.103,1
"Zhx1",0.0299307331625248,-0.706638822113557,0,0.103,1
"Alg10b",0.0299307331625248,-0.676746291991813,0,0.103,1
"Gm15764",0.0299307331625248,-0.683630960359255,0,0.103,1
"N6amt1",0.0299307331625248,-0.669057066058047,0,0.103,1
"Kctd20",0.0299307331625248,-0.654458386769347,0,0.103,1
"H2-DMa",0.0299307331625248,-0.551114969915286,0,0.103,1
"Bag6",0.0299307331625248,-0.629823626456668,0,0.103,1
"Cnpy3",0.0299307331625248,-0.615351642552641,0,0.103,1
"Oard1",0.0299307331625248,-0.763551110122271,0,0.103,1
"Morn2",0.0299307331625248,-0.709795965298212,0,0.103,1
"Dcp2",0.0299307331625248,-0.632547776314311,0,0.103,1
"Ccdc112",0.0299307331625248,-0.690235828295084,0,0.103,1
"D330050I16Rik",0.0299307331625248,-0.72469092024891,0,0.103,1
"Xpnpep1",0.0299307331625248,-0.764741914980253,0,0.103,1
"Chp1",0.0302230313059524,-0.916793010296526,0.044,0.207,1
"Smg7",0.030371985313654,-0.830389831625903,0.089,0.276,1
"Ell",0.0303907988970398,0.901376372696874,0.222,0.034,1
"Pi4ka",0.0305998311890978,0.905727862011435,0.333,0.103,1
"Hnrnpul1",0.0306601482050625,-0.895970130553865,0.067,0.241,1
"Slc25a5",0.0311637832365821,-0.8711096713751,0.111,0.31,1
"Spacdr",0.0315869033827006,-0.550417742263534,0.311,0.621,1
"Tnfaip6",0.0317175349520345,-0.736147166173556,0.089,0.276,1
"Tmco1",0.03178793863313,0.87562420710054,0.222,0.034,1
"Micall1",0.031803339192247,0.79427436410447,0.267,0.069,1
"Msrb2",0.0318240782194461,-0.80376943267492,0.044,0.207,1
"Hnrnpa3",0.0319331351570299,0.901306642291755,0.356,0.138,1
"Sh3kbp1",0.0326361503636769,0.617039258534557,0.533,0.241,1
"Hsp90b1",0.0331436941227375,0.802464773449518,0.422,0.172,1
"Mir142hg",0.0331436941227375,0.759196639726709,0.422,0.172,1
"Eml4",0.033298724124997,0.959560636630947,0.289,0.069,1
"Frmd8",0.0334973006884069,-0.784633852681388,0.044,0.207,1
"Cops4",0.0336505933835829,-0.710295670372326,0.067,0.241,1
"Gm17106",0.0336505933835829,-1.03788884398548,0.067,0.241,1
"Frrs1l",0.0336543163711196,-0.894964191395215,0.067,0.241,1
"Calm2",0.0337276355520703,-0.587224481295568,0.533,0.759,1
"Slc38a9",0.0337812904937074,0.756981264950888,0.444,0.172,1
"Inpp5f",0.034121132045736,-0.992064378907617,0.156,0.345,1
"Dpp10",0.0342976702041391,-0.542258511857914,0.244,0.517,1
"Fnbp4",0.035827988577059,-0.649576212603576,0.133,0.345,1
"Rab28",0.0360649374231247,-0.938822699957761,0.089,0.276,1
"Kmt2e",0.036580372066386,-0.883821894515191,0.244,0.448,1
"Map2k2",0.0366030869637331,-0.776116597881106,0.111,0.31,1
"Tra2b",0.0367431658555632,1.0185285542534,0.356,0.138,1
"Nalcn",0.0376226903386988,-0.874307182186155,0.089,0.276,1
"Ccnd3",0.0378339841884928,1.21324414218399,0.422,0.207,1
"Cst3",0.0383803600401041,0.480088275514777,0.978,0.897,1
"Yme1l1",0.0386127995163502,-0.751936445480786,0.067,0.241,1
"P2ry12",0.0388269862787537,0.729418369840667,0.756,0.483,1
"Rbbp6",0.0391756278708225,-0.869759653443553,0.178,0.379,1
"Hmg20a",0.0391780925939608,0.891904934921368,0.333,0.138,1
"Slc1a3",0.0401670012787875,0.870959334926249,0.4,0.172,1
"Trmt13",0.0403979371001486,0.738140300717607,0.267,0.069,1
"Prima1",0.0403979371001486,0.746858912298707,0.267,0.069,1
"Ivd",0.0403979767692822,0.917344848950638,0.2,0.034,1
"Psenen",0.0403979767692822,0.8675003383488,0.2,0.034,1
"Tsg101",0.0403979767692822,0.99144240381795,0.2,0.034,1
"Srgap3",0.0404004602166802,-0.794208618835134,0.133,0.31,1
"Phf14",0.0405831704447761,0.697623417183313,0.6,0.345,1
"Atp6v0c",0.0410276888027385,-0.573579775543456,0.444,0.655,1
"Gpr37",0.0411956579310952,-0.785265033654381,0.111,0.31,1
"Havcr2",0.0419652557097162,-0.966645822552428,0.133,0.31,1
"Hnrnpk",0.0420066822881995,0.785007586321989,0.267,0.069,1
"0610012G03Rik",0.042252649666327,1.11965001907951,0.2,0.034,1
"Vip",0.0423711645633208,0.589730806523311,0.333,0.103,1
"Anp32e",0.0430309980196029,0.720024056724766,0.133,0,1
"Uggt1",0.0430378864760519,0.908374041205473,0.133,0,1
"Rgs4",0.0430378864760519,0.875108412952744,0.133,0,1
"Mettl15",0.0430378864760519,0.802994131583902,0.133,0,1
"Lrif1",0.0430378864760519,0.797623033168704,0.133,0,1
"Gstm7",0.0430378864760519,0.787197618842695,0.133,0,1
"Meaf6",0.0430378864760519,0.814254546132283,0.133,0,1
"Kpna6",0.0430378864760519,0.715258680177152,0.133,0,1
"Pik3cd",0.0430378864760519,0.727167213287672,0.133,0,1
"Maea",0.0430378864760519,0.616464586242952,0.133,0,1
"Ppp1cc",0.0430378864760519,0.848826011539917,0.133,0,1
"Aup1",0.0430378864760519,0.677340935263039,0.133,0,1
"Rab30",0.0430378864760519,0.790991873515346,0.133,0,1
"Rabep2",0.0430378864760519,0.79867503579398,0.133,0,1
"Slx1b",0.0430378864760519,0.970120809044143,0.133,0,1
"Mapk1ip1",0.0430378864760519,0.5059018343975,0.133,0,1
"Inpp5a",0.0430378864760519,0.735746632675839,0.133,0,1
"Adam9",0.0430378864760519,0.753319587449056,0.133,0,1
"Mak16",0.0430378864760519,0.794835628262006,0.133,0,1
"Zfp866",0.0430378864760519,0.684861327456812,0.133,0,1
"Zfp810",0.0430378864760519,0.711540096285663,0.133,0,1
"Gclc",0.0430378864760519,0.827190887698071,0.133,0,1
"Uba5",0.0430378864760519,0.876891000961482,0.133,0,1
"Shprh",0.0430378864760519,0.701866373527131,0.133,0,1
"Cct2",0.0430378864760519,0.848977097792777,0.133,0,1
"Xpot",0.0430378864760519,0.718903859747022,0.133,0,1
"9930111J21Rik2",0.0430378864760519,0.713420000584257,0.133,0,1
"Nup88",0.0430378864760519,0.88339859625146,0.133,0,1
"Nampt",0.0430378864760519,0.943953953899016,0.133,0,1
"Dhrs7",0.0430378864760519,1.00988971091741,0.133,0,1
"Mlh3",0.0430378864760519,0.590790775199958,0.133,0,1
"Yae1d1",0.0430378864760519,0.840823243431321,0.133,0,1
"Syk",0.0430378864760519,0.959903330442872,0.133,0,1
"Trim23",0.0430378864760519,0.703001446150038,0.133,0,1
"Kctd4",0.0430378864760519,0.587023679648924,0.133,0,1
"Hsf1",0.0430378864760519,0.677915723308416,0.133,0,1
"Tfcp2",0.0430378864760519,0.804415588453754,0.133,0,1
"Liph",0.0430378864760519,0.691308025611836,0.133,0,1
"Cep43",0.0430378864760519,0.7929389815875,0.133,0,1
"Rps6kb2",0.0430378864760519,0.674470482092902,0.133,0,1
"Tbc1d8b",0.0430378864760519,0.815783769196146,0.133,0,1
"Chfr",0.0431771374673723,-0.669988082716343,0.133,0.345,1
"Wdr26",0.0432805512615986,0.832008821903349,0.4,0.138,1
"Plekha1",0.0434163090410548,0.808861344608796,0.467,0.241,1
"Rin2",0.0436114476280746,0.772953252322419,0.356,0.138,1
"Sdhb",0.0441788547514804,-0.71671382029617,0.067,0.241,1
"Mapk6",0.0441788547514804,0.803397229231713,0.2,0.034,1
"Higd2a",0.0441788547514804,0.854259335534806,0.2,0.034,1
"Rb1cc1",0.0442698379741589,0.87173892796594,0.4,0.172,1
"Clasrp",0.0451413822265567,-1.11245757499374,0.111,0.276,1
"Zscan26",0.0453871848541682,0.796476823077418,0.267,0.069,1
"Pcsk1n",0.0454529956194546,0.735666663767629,0.333,0.103,1
"Cmss1",0.0455107999446902,-0.546743610534718,0.489,0.759,1
"Atxn2",0.0456699626974752,0.299683615122568,0.311,0.103,1
"Tjp1",0.0461195702197257,0.941509562538682,0.467,0.241,1
"Pign",0.0461786564962041,0.738130743381574,0.2,0.034,1
"Zeb2os",0.0461786564962041,0.904820717528809,0.2,0.034,1
"Psma1",0.0461786564962041,0.711195429585552,0.2,0.034,1
"Hmgxb4",0.0461786564962041,0.709745545875689,0.2,0.034,1
"Ddx46",0.0461786564962041,-0.593791908676241,0.067,0.241,1
"mt-Cytb",0.0465967971432769,-1.02275882184862,0.289,0.483,1
"Sparc",0.046647571757131,0.90530223726022,0.356,0.138,1
"Abca8b",0.0469622852034255,0.849858981930587,0.244,0.069,1
"4930517O19Rik",0.047029206343532,-1.07194759669626,0.089,0.241,1
"Agpat4",0.0482284424864775,0.831152921914986,0.356,0.138,1
"Snta1",0.0482541461805769,-0.663396608130177,0.067,0.241,1
"Rpl8",0.048746874939573,-1.11631693217421,0.133,0.31,1
"Taf1d",0.0490244091559411,-0.907304925749229,0.156,0.345,1
"Rnf187",0.0490513727381294,-0.936008721592596,0.089,0.241,1
"Zzz3",0.0495689333721025,-0.90127797015329,0.178,0.345,1
"Vgll4",0.0498914870673958,-0.693007039742587,0.156,0.345,1
"Ttll4",0.0500636972623662,-0.735478615387266,0.022,0.138,1
"Ssna1",0.0500636972623662,-0.764288116979269,0.022,0.138,1
"Gm14326",0.0500636972623662,-0.908121721798411,0.022,0.138,1
"Adora3",0.0500636972623662,-0.728790373895212,0.022,0.138,1
"Eefsec",0.0500636972623662,-0.771718432361251,0.022,0.138,1
"Csgalnact2",0.0500636972623662,-0.716880173864164,0.022,0.138,1
"Rras2",0.0500636972623662,-0.755188210864885,0.022,0.138,1
"4831440D22Rik",0.0500636972623662,-0.763255734743852,0.022,0.138,1
"Ppa1",0.0500636972623662,-0.90291320561427,0.022,0.138,1
"Cops3",0.0500636972623662,-0.772203663041164,0.022,0.138,1
"Gm11659",0.0500636972623662,-0.811056034127909,0.022,0.138,1
"Cd300a",0.0500636972623662,-0.758907236427998,0.022,0.138,1
"Vcl",0.0500636972623662,-0.887422310369453,0.022,0.138,1
"Erc2",0.0500636972623662,-1.1240308603641,0.022,0.138,1
"Cdh6",0.0500636972623662,-0.742870866001888,0.022,0.138,1
"Gpd1",0.0500636972623662,-0.731868496213266,0.022,0.138,1
"Ndst1",0.0500636972623662,-0.803851264652469,0.022,0.138,1
"Scd3",0.0500636972623662,-0.720108259019203,0.022,0.138,1
"Spock3",0.0502856436868428,-0.566957608882489,0.222,0.448,1
"Tmem164",0.0504074406937756,0.809367735055259,0.2,0.034,1
"Dhx36",0.0504285730978292,0.7577039515592,0.333,0.103,1
"Rhoq",0.0507777189693509,0.71742615968667,0.311,0.103,1
"Gm36975",0.0507898286209771,0.899002141213068,0.244,0.069,1
"Agps",0.0508434479740833,0.742873323699022,0.289,0.103,1
"Atp8a1",0.0512926800024025,0.432736651904395,0.756,0.655,1
"Trp53bp2",0.0526406812529375,0.644474224766176,0.2,0.034,1
"Fbl",0.0526406812529375,0.693538811206884,0.2,0.034,1
"Cep350",0.0526937341527249,0.758249415884707,0.289,0.103,1
"Tmem151a",0.0526937341527249,-0.933834436432638,0.156,0.31,1
"Setd5",0.0529902093871068,0.964570016984038,0.356,0.172,1
"Tmem125",0.0531165289930163,-0.715471080966047,0.022,0.138,1
"Cep85",0.0531165289930163,-0.774628289385098,0.022,0.138,1
"Gmcl1",0.0531165289930163,-0.636307378760084,0.022,0.138,1
"Pip5k1c",0.0531165289930163,-0.672742979636543,0.022,0.138,1
"Pip4k2b",0.0531165289930163,-0.693640196830114,0.022,0.138,1
"Ndufaf7",0.0531165289930163,-0.747688427160035,0.022,0.138,1
"Etnk1",0.0532958942168248,0.689730886375818,0.333,0.138,1
"Ptpn1",0.0533150374190089,-0.748563609562147,0.089,0.241,1
"Klhl2",0.0537223393124503,-0.691824722016078,0.422,0.586,1
"Slc40a1",0.0548752875461154,-1.12091584381397,0.111,0.276,1
"Fam110b",0.0549799628020373,-0.75286605158227,0.044,0.172,1
"Herpud2",0.0549799628020373,-0.798829520564921,0.044,0.172,1
"Adamts6",0.0549799628020373,-0.963300058485832,0.044,0.172,1
"Ganab",0.0549799628020373,-0.862258845944029,0.044,0.172,1
"Nsmaf",0.0555603611218383,-0.948231713212702,0.089,0.241,1
"Pnpla8",0.0555603611218383,-0.950369552132447,0.089,0.241,1
"Celf2",0.0557859063619445,-0.621119009132473,0.556,0.724,1
"Uri1",0.0559632626301746,-0.900688272333826,0.067,0.207,1
"Tut7",0.0559632626301746,-0.86001177432287,0.067,0.207,1
"Otud7b",0.0559758936169179,0.679494279393287,0.578,0.345,1
"Plekha3",0.0563233520440226,-0.662772562375705,0.022,0.138,1
"Dvl1",0.0563233520440226,-0.57746664738426,0.022,0.138,1
"Necap1",0.0563233520440226,-0.665900463793495,0.022,0.138,1
"Ngrn",0.0563233520440226,-0.728665889989539,0.022,0.138,1
"Gm15489",0.0563233520440226,-0.550616942849666,0.022,0.138,1
"Rbm7",0.0563233520440226,-0.625322326521235,0.022,0.138,1
"Dgka",0.0563233520440226,-0.893833070634583,0.022,0.138,1
"Wdpcp",0.0563233520440226,-0.717710250451426,0.022,0.138,1
"Cog1",0.0563233520440226,-0.564900621235667,0.022,0.138,1
"Ssr1",0.0563233520440226,-0.687012384218315,0.022,0.138,1
"C230037L18Rik",0.0563233520440226,-0.609068659610949,0.022,0.138,1
"Prrt1",0.0563233520440226,-0.703908956881645,0.022,0.138,1
"Scarb2",0.0565633814133294,-1.07721075906695,0.156,0.31,1
"Mier1",0.0570186397687792,0.766898240205187,0.244,0.069,1
"Fuca1",0.0577979414159561,-0.926762576932921,0.044,0.172,1
"Myl6",0.0577979414159561,-0.973873138647303,0.044,0.172,1
"Ncbp3",0.0577979414159561,-0.777668440650426,0.044,0.172,1
"Serf2",0.0578839266759622,-0.828548351486028,0.089,0.241,1
"Dnm1l",0.058495376685239,-0.785006874910753,0.133,0.31,1
"Jmy",0.0585151893949161,-1.03485769000499,0.067,0.207,1
"Tsc22d2",0.058585206944458,0.970428956839778,0.289,0.103,1
"Gpatch8",0.0588204093342592,0.788561508576312,0.489,0.31,1
"Thsd7a",0.0588699939051812,0.976086371435333,0.222,0.069,1
"Usp33",0.0592311830861773,0.826190790339644,0.244,0.069,1
"Fip1l1",0.0592311830861773,0.719971183282213,0.244,0.069,1
"Cct5",0.0592311830861773,-0.783119951107954,0.111,0.276,1
"Ddx24",0.0596616469810685,-0.613716592423795,0.2,0.379,1
"Rbm12",0.0596897535631616,-0.619417032942064,0.022,0.138,1
"Apobec1",0.0596897535631616,-0.735042061710822,0.022,0.138,1
"Mgmt",0.0596897535631616,-0.61658205435435,0.022,0.138,1
"Prkaca",0.0596897535631616,-0.636987030627056,0.022,0.138,1
"Gm11508",0.0596897535631616,-0.61529041092331,0.022,0.138,1
"Gm48765",0.0596897535631616,-0.653454438011369,0.022,0.138,1
"Elp3",0.0596897535631616,-0.561166255617094,0.022,0.138,1
"Lrrc24",0.0596897535631616,-0.692908824336744,0.022,0.138,1
"Ift140",0.0596897535631616,-0.679333433390919,0.022,0.138,1
"Ric1",0.0596897535631616,-0.669885472887921,0.022,0.138,1
"Cetn2",0.0596897535631616,-0.585540708548455,0.022,0.138,1
"Ldah",0.060287690918377,-0.8082709689173,0.089,0.241,1
"Glyr1",0.0606277374777286,1.05138572395192,0.267,0.103,1
"Map3k2",0.0606277374777286,-0.659103034835861,0.133,0.31,1
"C2cd3",0.0607349495475463,-0.869403130740472,0.044,0.172,1
"Vstm2a",0.0607349495475463,-0.777054282064693,0.044,0.172,1
"Pcnx",0.0607349495475463,-0.852173260534545,0.044,0.172,1
"Myh9",0.0607349495475463,-0.675855603624178,0.044,0.172,1
"Pcp4",0.0608163071618946,-0.759767186262966,0.178,0.379,1
"Kcnrg",0.0611630292657351,0.814607841408758,0.178,0.034,1
"St18",0.0611972082934307,0.598267403274229,0.933,0.862,1
"Slc24a2",0.0612663016919632,0.484244187287438,0.956,0.897,1
"Srsf10",0.0615145146563453,0.706380395588576,0.244,0.069,1
"Vsnl1",0.0616021723636208,0.752531118660691,0.333,0.172,1
"Dynll1",0.0625966442095934,0.656984689755054,0.356,0.138,1
"Rcn2",0.0627736260023092,-0.740917981159266,0.089,0.241,1
"Mon2",0.0628090896003353,0.713873401368222,0.289,0.103,1
"Dock11",0.0628241163132093,0.886868686864021,0.267,0.103,1
"Elf1",0.0628279873801587,0.691375880330758,0.333,0.138,1
"Gdap2",0.0632213869945224,-0.641386220635251,0.022,0.138,1
"Ptafr",0.0632213869945224,-0.369505101199679,0.022,0.138,1
"Gm15614",0.0632213869945224,-0.365313769857616,0.022,0.138,1
"Parm1",0.0632213869945224,-0.65665010941495,0.022,0.138,1
"Caln1",0.0632213869945224,-0.56365552939544,0.022,0.138,1
"Tecpr1",0.0632213869945224,-0.532420216909372,0.022,0.138,1
"Pdzrn3",0.0632213869945224,-0.679562729958568,0.022,0.138,1
"Supt16",0.0632213869945224,-0.568024946839603,0.022,0.138,1
"Snu13",0.0632213869945224,-0.541682215710102,0.022,0.138,1
"Slc11a2",0.0632213869945224,-0.42960070452828,0.022,0.138,1
"Haghl",0.0632213869945224,-0.567529524800483,0.022,0.138,1
"Gsk3b",0.0632558728661512,0.722380566064749,0.4,0.207,1
"Ehmt1",0.0636011232104434,-0.683161604023032,0.2,0.379,1
"Dlgap4",0.0637945596239335,-1.00630046389624,0.044,0.172,1
"Stx2",0.0637945596239335,-0.861676294969309,0.044,0.172,1
"Gm31763",0.0637945596239335,-0.737446824196368,0.044,0.172,1
"Gdpd1",0.0637945596239335,-0.819866546563969,0.044,0.172,1
"Klhl6",0.0637945596239335,-0.657785517959629,0.044,0.172,1
"Ndufc2",0.0638702426541436,0.733057277586098,0.244,0.069,1
"Pals1",0.0638702426541436,-0.716481812730371,0.111,0.276,1
"Pde7a",0.0639032394359351,-0.709328600309281,0.067,0.207,1
"Tlk1",0.0639093422941903,0.88834054807794,0.178,0.034,1
"Snhg12",0.0639093422941903,1.00762345367228,0.178,0.034,1
"Cyba",0.0639093422941903,0.864030583486371,0.178,0.034,1
"Cux1",0.0641011772145118,0.99337061064167,0.356,0.172,1
"Pakap",0.0648943712884793,0.94537432230864,0.333,0.138,1
"Gpm6b",0.0649147648146321,-0.544749055617622,0.667,0.759,1
"Usp32",0.0650858728669299,-0.894691871944153,0.133,0.31,1
"Rtn1",0.0651577943025829,-0.76595318049382,0.489,0.655,1
"Chtop",0.0653437179973019,-0.944172213439789,0.089,0.241,1
"Inpp4b",0.0659591835870552,-0.394909210534779,0.533,0.759,1
"Pla2g15",0.0662999852564567,0.550289325086079,0.244,0.069,1
"Fggy",0.0667504478163293,-0.654367919957448,0.067,0.207,1
"Olig1",0.0667504478163293,-0.737449236032997,0.067,0.207,1
"Lactb2",0.0667567074500071,-0.649930061694657,0.067,0.207,1
"Ralgapa2",0.0667567074500071,0.766595789556848,0.178,0.034,1
"Soga3",0.0667567074500071,-0.708489110782948,0.067,0.207,1
"Gtf2a1",0.0667567074500071,0.941922644384704,0.178,0.034,1
"Tbce",0.0667567074500071,-0.777290043458795,0.067,0.207,1
"Zfp871",0.0667567074500071,-0.664752172848898,0.067,0.207,1
"Cxxc5",0.0667567074500071,0.67063330704436,0.178,0.034,1
"Rpl9",0.0667806900151034,0.575379473794691,0.311,0.103,1
"Gm38056",0.0669239641075065,0.638814822132303,0.111,0,1
"Tsn",0.0669239641075065,0.783851644836031,0.111,0,1
"Stxbp1",0.0669239641075065,0.71703240644143,0.111,0,1
"Ggta1",0.0669239641075065,0.595278362446746,0.111,0,1
"Fkbp7",0.0669239641075065,0.716275638812389,0.111,0,1
"Eif6",0.0669239641075065,0.756842083750212,0.111,0,1
"Uckl1",0.0669239641075065,0.615701372211938,0.111,0,1
"ENSMUSG00000121477",0.0669239641075065,0.6822085360297,0.111,0,1
"Gm9645",0.0669239641075065,0.661200016984362,0.111,0,1
"Sass6",0.0669239641075065,0.661633161225296,0.111,0,1
"Slc35a3",0.0669239641075065,0.576287022819381,0.111,0,1
"Ostc",0.0669239641075065,0.554407071165811,0.111,0,1
"Odf2l",0.0669239641075065,0.600246452044214,0.111,0,1
"A530083M17Rik",0.0669239641075065,0.651906029507486,0.111,0,1
"Rabggtb",0.0669239641075065,0.620575335583326,0.111,0,1
"Casp9",0.0669239641075065,0.513993255704109,0.111,0,1
"Mfn2",0.0669239641075065,0.70508016529836,0.111,0,1
"Ptpn12",0.0669239641075065,0.690455898400852,0.111,0,1
"Snx17",0.0669239641075065,0.744706026414541,0.111,0,1
"C230096K16Rik",0.0669239641075065,0.87654925053102,0.111,0,1
"Guf1",0.0669239641075065,0.63911087006217,0.111,0,1
"Dancr",0.0669239641075065,0.747982230105126,0.111,0,1
"6330418K02Rik",0.0669239641075065,0.532788599314998,0.111,0,1
"D630045J12Rik",0.0669239641075065,0.727507176899926,0.111,0,1
"Gm20696",0.0669239641075065,0.547306540074523,0.111,0,1
"Tex52",0.0669239641075065,0.686068708598797,0.111,0,1
"Lig1",0.0669239641075065,0.8468819464112,0.111,0,1
"Dhx34",0.0669239641075065,0.726906891987851,0.111,0,1
"Yif1b",0.0669239641075065,0.735440207389673,0.111,0,1
"Fan1",0.0669239641075065,0.553001795003992,0.111,0,1
"Trim5",0.0669239641075065,0.634543420381858,0.111,0,1
"Fnta",0.0669239641075065,0.526118147276247,0.111,0,1
"Jrkl",0.0669239641075065,0.649142642320191,0.111,0,1
"Sesn3",0.0669239641075065,0.696307755968519,0.111,0,1
"AI593442",0.0669239641075065,0.664364890020962,0.111,0,1
"Tex264",0.0669239641075065,0.74124672142338,0.111,0,1
"Amd1",0.0669239641075065,0.727918858328435,0.111,0,1
"Slc25a16",0.0669239641075065,0.724241501542724,0.111,0,1
"Cisd1",0.0669239641075065,0.635271364924976,0.111,0,1
"Abhd17a",0.0669239641075065,0.684243935522597,0.111,0,1
"Ap3d1",0.0669239641075065,0.633207704434494,0.111,0,1
"Slc35e4",0.0669239641075065,0.642259652108483,0.111,0,1
"H2az2",0.0669239641075065,0.847355882371081,0.111,0,1
"Gm12227",0.0669239641075065,0.698077395401788,0.111,0,1
"Slc36a1",0.0669239641075065,0.65656090522991,0.111,0,1
"Glod4",0.0669239641075065,0.64404446676096,0.111,0,1
"Omg",0.0669239641075065,0.571281790342117,0.111,0,1
"Ankrd40",0.0669239641075065,0.724946749872399,0.111,0,1
"Stat5b",0.0669239641075065,0.82658736713107,0.111,0,1
"Coa3",0.0669239641075065,0.673966557223818,0.111,0,1
"Map3k14",0.0669239641075065,0.586808413771736,0.111,0,1
"Limd2",0.0669239641075065,0.513430335113453,0.111,0,1
"Eipr1",0.0669239641075065,0.619675112187322,0.111,0,1
"Epdr1",0.0669239641075065,0.649335093316563,0.111,0,1
"Gm47754",0.0669239641075065,0.575172640329978,0.111,0,1
"Slc35b3",0.0669239641075065,0.736801446566239,0.111,0,1
"Gm37238",0.0669239641075065,0.690416183437948,0.111,0,1
"Gm47816",0.0669239641075065,0.679133884073763,0.111,0,1
"Mterf3",0.0669239641075065,0.602145552302503,0.111,0,1
"Gm47551",0.0669239641075065,0.637662444531268,0.111,0,1
"Map3k1",0.0669239641075065,0.547744068591768,0.111,0,1
"Paip1",0.0669239641075065,0.814699172475248,0.111,0,1
"Atg14",0.0669239641075065,0.553899175059445,0.111,0,1
"Msra",0.0669239641075065,0.734628265178406,0.111,0,1
"Mir124a-1hg",0.0669239641075065,0.864832840333346,0.111,0,1
"Nckap5l",0.0669239641075065,0.635822249115069,0.111,0,1
"Zdhhc8",0.0669239641075065,0.790955865724675,0.111,0,1
"B130034C11Rik",0.0669239641075065,0.57067462007818,0.111,0,1
"Ermard",0.0669239641075065,0.731790277891982,0.111,0,1
"Eci1",0.0669239641075065,0.646711414331547,0.111,0,1
"ENSMUSG00000120301",0.0669239641075065,0.64601476728333,0.111,0,1
"Atat1",0.0669239641075065,0.68539471539185,0.111,0,1
"Gpatch11",0.0669239641075065,0.725238885990799,0.111,0,1
"Smad4",0.0669239641075065,0.6361924547337,0.111,0,1
"Mbd1",0.0669239641075065,0.502390599880123,0.111,0,1
"Dpf2",0.0669239641075065,0.66388288136394,0.111,0,1
"Idh3g",0.0669239641075065,0.714064579616914,0.111,0,1
"Rpl22",0.0669803741903959,-0.727768008771423,0.044,0.172,1
"Gm41077",0.0669803741903959,-0.730268849877272,0.044,0.172,1
"Hmgn1",0.0669803741903959,-0.794161721199505,0.044,0.172,1
"Ckap5",0.0670582755258333,0.971915067749588,0.311,0.138,1
"Pard3b",0.0672816765119251,0.810958704299226,0.289,0.103,1
"Fam171b",0.0674143743043892,-0.668714036678327,0.133,0.31,1
"Acin1",0.0677530688684983,-0.663022801623881,0.2,0.379,1
"Naa35",0.0679999654233332,-0.745897066861907,0.089,0.241,1
"Ggact",0.0679999654233332,-0.863648735805084,0.089,0.241,1
"Smyd3",0.0681366283053747,-0.665873419312644,0.244,0.448,1
"Pnn",0.0683754669603983,-0.657114439438849,0.244,0.414,1
"Stxbp3",0.068406661233008,0.639838290020779,0.378,0.172,1
"Rhoa",0.0687357908760418,0.979778917422074,0.222,0.069,1
"Frrs1",0.0688053695838965,0.624402577769997,0.244,0.069,1
"Kcna2",0.0697077203245559,0.708007297469761,0.178,0.034,1
"Pigk",0.0697077203245559,0.651643235866926,0.178,0.034,1
"Trappc3",0.0697077203245559,0.7065953150621,0.178,0.034,1
"Snrnp40",0.0697077203245559,-0.838997067869768,0.067,0.207,1
"Gtf3c2",0.0697077203245559,0.694345902870565,0.178,0.034,1
"Trafd1",0.0697077203245559,0.6666377712793,0.178,0.034,1
"A330076H08Rik",0.0697077203245559,0.725170585594918,0.178,0.034,1
"Zfp869",0.0697077203245559,-0.913618845482361,0.067,0.207,1
"Spock2",0.0697077203245559,-0.71408533964157,0.067,0.207,1
"Mettl16",0.0697077203245559,-0.714557667321897,0.067,0.207,1
"Gm27017",0.0697077203245559,0.937550840446211,0.178,0.034,1
"Ap2m1",0.0697077203245559,-0.755729715109994,0.067,0.207,1
"Rps10",0.0697077203245559,0.636668752175247,0.178,0.034,1
"Rims1",0.0702960219161419,-0.82069606373442,0.044,0.172,1
"Ube2m",0.0702960219161419,-0.731164010947166,0.044,0.172,1
"Bc1",0.0702960219161419,-0.584651671448894,0.044,0.172,1
"Usp2",0.0702960219161419,-0.652555306339663,0.044,0.172,1
"Sting1",0.0702960219161419,-0.561451901994689,0.044,0.172,1
"Vps4b",0.0713880305991336,0.559786908571752,0.244,0.069,1
"Sumo1",0.0714039480918744,0.861446467999044,0.222,0.069,1
"Hectd1",0.0720131350565833,-0.862681498076789,0.156,0.31,1
"Cacna1d",0.0720131350565833,0.456691816187261,0.289,0.103,1
"Atp6ap2",0.0721254352288457,-0.792518808187183,0.2,0.379,1
"Foxp1",0.072260570862394,-0.747283924463219,0.244,0.448,1
"Pafah1b2",0.0722728321346369,0.741645492426199,0.267,0.103,1
"Smurf1",0.0727649907240946,-0.763025475162278,0.067,0.207,1
"Cwf19l2",0.0727649907240946,1.06024899456967,0.178,0.034,1
"Tmem65",0.0727649907240946,0.628194991199856,0.178,0.034,1
"2610037D02Rik",0.0727649907240946,-0.764370254959245,0.067,0.207,1
"Zfp280d",0.0733359679063962,-0.457819793458902,0.333,0.552,1
"Tmem87b",0.0735789736447971,-0.640999857948643,0.089,0.241,1
"Trrap",0.0735789736447971,-0.643166136196168,0.089,0.241,1
"Cyb5a",0.0735789736447971,-0.61419069166799,0.089,0.241,1
"Gnl2",0.0737451533846674,-0.644990728290482,0.044,0.172,1
"Nsg1",0.0737451533846674,-0.653779013147398,0.044,0.172,1
"Prdx2",0.0737451533846674,-0.415645218361438,0.044,0.172,1
"Ubl5",0.0737451533846674,-0.683992454632877,0.044,0.172,1
"Trappc4",0.0737451533846674,-0.652314455855395,0.044,0.172,1
"Ppil4",0.0737451533846674,-0.809250853222402,0.044,0.172,1
"Gm16541",0.0737451533846674,-0.629936175829335,0.044,0.172,1
"Rab11fip2",0.0739122868791831,0.918955358799622,0.311,0.138,1
"Esyt2",0.0741563998001998,0.797530607814596,0.222,0.069,1
"Cacnb2",0.0744791423969125,0.900260132846828,0.289,0.103,1
"Urgcp",0.0744791423969125,-0.661129043455526,0.156,0.31,1
"Gng2",0.0744791423969125,0.592876679254665,0.289,0.103,1
"Gm4258",0.0751121313827406,0.57507897727015,0.6,0.414,1
"Stam2",0.0759311401534019,-0.627986385775382,0.067,0.207,1
"H13",0.0759311401534019,0.744703697749196,0.178,0.034,1
"H2bc4",0.0759311401534019,-0.724474343317837,0.067,0.207,1
"B230307C23Rik",0.0759311401534019,0.565988323499108,0.178,0.034,1
"Lrig2",0.0760286161484653,-0.934641573761571,0.133,0.276,1
"Gtdc1",0.0761882545862373,0.761842680621393,0.467,0.276,1
"Zfand6",0.0763204113063168,-0.982740757600712,0.178,0.345,1
"Atl1",0.0765057796196405,-0.845598131766297,0.089,0.241,1
"Impact",0.0767917548420645,-0.742730204355246,0.111,0.276,1
"Rhobtb1",0.0769949640853636,0.858510935811004,0.222,0.069,1
"Atxn7l3b",0.0769949640853636,0.937188004730739,0.222,0.069,1
"Tax1bp1",0.0770137175574385,-0.832738009315229,0.156,0.31,1
"Phyhipl",0.0770137175574385,0.933126040479032,0.289,0.103,1
"Ldlrad3",0.0773314366700701,-0.649155581943806,0.044,0.172,1
"Myh10",0.0773314366700701,-0.615409721520393,0.044,0.172,1
"Snx18",0.0773314366700701,-0.738638412390033,0.044,0.172,1
"Stip1",0.0773314366700701,-0.604328512593012,0.044,0.172,1
"Cox4i1",0.0779107533156673,0.831913134086181,0.489,0.276,1
"Kansl1l",0.0781257645672919,0.700023003772216,0.556,0.345,1
"Dmxl2",0.0784417420433643,-0.874543009941195,0.111,0.241,1
"Slc9a9",0.0785925114888088,0.436160739331105,0.711,0.448,1
"Kndc1",0.0787921425925849,-0.710543106567013,0.178,0.345,1
"Trir",0.0792019054154027,-0.670311878400653,0.067,0.207,1
"Ptpa",0.0792087991907018,-0.506002590828289,0.067,0.207,1
"Syn3",0.0792087991907018,-0.804243214513014,0.067,0.207,1
"1700110C19Rik",0.0792087991907018,0.641973731569826,0.178,0.034,1
"Elf4",0.0792087991907018,0.813297102793513,0.178,0.034,1
"Hmbox1",0.0799214638556408,0.713000327815032,0.222,0.069,1
"Itfg1",0.0801063249187854,-0.677887711427443,0.133,0.31,1
"Myt1l",0.0810585527013785,-0.595275244431584,0.044,0.172,1
"Morf4l2",0.0810585527013785,-0.716651105563163,0.044,0.172,1
"Dmxl1",0.0818399599203925,-0.824697207879574,0.222,0.379,1
"Plp1",0.0821347954742685,0.30018091234704,1,0.966,1
"Amn1",0.0825243499547708,-0.676435389966437,0.111,0.276,1
"Pikfyve",0.0826006047550686,0.471715112987678,0.178,0.034,1
"Cdc123",0.0826006047550686,0.532205102992982,0.178,0.034,1
"Zbtb43",0.0826006047550686,0.527778756600119,0.178,0.034,1
"Hipk3",0.0826006047550686,0.620218754368786,0.178,0.034,1
"Spg20",0.0826006047550686,0.549028156458657,0.178,0.034,1
"Polr2a",0.0826006047550686,0.450621329194917,0.178,0.034,1
"Kalrn",0.0826441552632692,-0.666782290417127,0.089,0.241,1
"Reps2",0.0829377253407417,0.664552742077253,0.222,0.069,1
"Fbxo11",0.0835211655853564,-1.00973086475245,0.2,0.345,1
"Clmn",0.0837654352411766,-0.714652224269055,0.311,0.517,1
"Nktr",0.0842076363305227,0.710396506715837,0.444,0.241,1
"Atp8a2",0.0842304840443347,-0.541503170188538,0.378,0.655,1
"Eps15",0.0843136541527548,0.750327908266213,0.356,0.172,1
"Atp6v1g1",0.0861091972677903,-0.616993859169067,0.067,0.207,1
"5031439G07Rik",0.0864327388330314,0.874567511404018,0.378,0.207,1
"Rab8b",0.0866453604843886,-0.799882502035501,0.2,0.379,1
"Galnt1",0.0873773368441878,-0.920257652679139,0.133,0.276,1
"Ikzf1",0.0877286506699428,0.870367530550577,0.422,0.276,1
"Zfp638",0.0887920873371471,-0.629891242356885,0.533,0.724,1
"Nudt5",0.0887989613593491,-0.83652142377897,0.2,0.345,1
"Nsf",0.0887989613593491,-0.727022812567982,0.2,0.345,1
"Tcea1",0.0889500417173185,-0.449570384783353,0.044,0.172,1
"Tma7",0.0891758019693957,-0.582421402003388,0.089,0.241,1
"Galnt16",0.0892468456133701,0.618513285152401,0.222,0.069,1
"Cab39l",0.0892468456133701,0.712511785706035,0.222,0.069,1
"Rsrc2",0.0899788207405726,0.43216240244508,0.422,0.207,1
"Runx1",0.0901864488137021,-0.685833432387796,0.333,0.517,1
"Ppp3r1",0.0904184098959798,-1.00108797052363,0.133,0.276,1
"Ivns1abp",0.09112132186855,0.552411764271576,0.6,0.448,1
"Pclo",0.0914993550765191,-0.542103330011972,0.244,0.414,1
"Scoc",0.0915029235943339,-0.777249750498058,0.244,0.414,1
"Bbs9",0.0915029235943339,0.550953029340154,0.4,0.172,1
"Ppib",0.0919798535027026,0.871873093620398,0.333,0.172,1
"Lhfpl2",0.0920995486466311,-0.730808574646503,0.222,0.379,1
"Kcnb2",0.0920997841931718,0.814749812818205,0.156,0.034,1
"Leng8",0.0921445241344545,0.689175659518204,0.311,0.138,1
"Abca1",0.092501299933573,0.654699489811097,0.422,0.207,1
"Kif1a",0.0925433592421163,0.706332929540353,0.222,0.069,1
"Aimp1",0.0925433592421163,0.739060200577775,0.222,0.069,1
"Aig1",0.0926025858485612,-0.867645093671676,0.333,0.414,1
"Mef2a",0.0927468800437833,0.360793630679333,0.889,0.759,1
"Uqcrfs1",0.0934873045749348,-0.533493871043657,0.067,0.207,1
"Bptf",0.0948196483159248,0.631369367749259,0.356,0.172,1
"Pcmtd1",0.0948468688660947,-0.437693578378582,0.311,0.483,1
"Tubb2a",0.0950216711809303,0.742939625283037,0.311,0.138,1
"Cep68",0.0950291168717801,-0.602056630544482,0.111,0.276,1
"Zbtb20",0.095119174169189,0.51580220802819,0.8,0.586,1
"Arid4b",0.0951198310309306,0.616874774490203,0.444,0.241,1
"Yaf2",0.0961170225112319,-0.749869674703009,0.089,0.241,1
"Slc50a1",0.0961359930897176,0.743040125267949,0.156,0.034,1
"Ndufs5",0.0961359930897176,0.773668069655867,0.156,0.034,1
"Gas6",0.0961359930897176,0.705094002323773,0.156,0.034,1
"Atp7a",0.096755815826199,-0.672996027716761,0.133,0.276,1
"Fer",0.0967842135474393,0.483023310321783,0.289,0.103,1
"Plcl2",0.0970968257391298,0.572527472160609,0.533,0.345,1
"Jakmip3",0.0972161390704342,0.621478264076717,0.333,0.138,1
"Ppp2r2a",0.0975998211516734,0.601945288418784,0.356,0.172,1
"Arl15",0.0976037437360452,-0.830968462794377,0.222,0.379,1
"Hnrnpm",0.0979703445091762,-0.611682544392449,0.178,0.345,1
"Rala",0.0983815350782496,-0.510758651934503,0.111,0.276,1
"Daam2",0.0987324787593227,-0.747677608143847,0.267,0.414,1
"Ranbp2",0.0994294091977902,0.58494171583949,0.222,0.069,1
"Prdx5",0.0994294091977902,0.573957365051653,0.222,0.069,1
"Rpl21",0.0995535283677311,0.802217469240367,0.378,0.207,1
"Fgfr1op2",0.0999138593657845,0.495967070034162,0.289,0.103,1
"Cpox",0.0999138593657845,-0.635958413358604,0.156,0.31,1
"Scd2",0.100048424781233,0.546182350083305,0.667,0.483,1
"Gpbp1l1",0.100312535438349,0.918068742442654,0.156,0.034,1
"Ptdss2",0.100312535438349,0.716524968803609,0.156,0.034,1
"Ncapd3",0.100312535438349,0.845789870757809,0.156,0.034,1
"Cd164",0.100312535438349,0.74022337977882,0.156,0.034,1
"Abcc3",0.100312535438349,0.800484228231207,0.156,0.034,1
"Ndufs4",0.100312535438349,0.845274781012958,0.156,0.034,1
"B3gat3",0.101364200161376,-0.489531940757655,0.067,0.207,1
"Rps29",0.101460958599275,0.818298256735015,0.289,0.138,1
"Emc10",0.10155423632368,-0.476215168523149,0.222,0.414,1
"Katnip",0.101738154727925,0.767329070421693,0.244,0.103,1
"Exoc4",0.102014363312399,0.640886963043415,0.489,0.345,1
"Gm2629",0.102129103868774,0.353496344759601,0.711,0.517,1
"Bank1",0.102996801177378,-0.696234013772964,0.244,0.379,1
"Tia1",0.103173649260772,-0.743983149894646,0.2,0.345,1
"Atg4c",0.103438136487125,-0.809972341554722,0.133,0.276,1
"Josd2",0.103439035250789,0.704936147404652,0.333,0.172,1
"Ola1",0.103484060924132,0.846292256298204,0.2,0.069,1
"Fut9",0.104632467266072,0.665171433427619,0.156,0.034,1
"Mpv17",0.104632467266072,0.616864755517042,0.156,0.034,1
"Tmf1",0.104632467266072,0.615174294582409,0.156,0.034,1
"Tssc4",0.104632467266072,0.511362354375439,0.156,0.034,1
"Dus2",0.104632467266072,0.66419871247476,0.156,0.034,1
"Nr1d2",0.104632467266072,0.740672248175995,0.156,0.034,1
"Ak3",0.104632467266072,0.600422699318608,0.156,0.034,1
"Gm21984",0.104635158067615,0.890792805514472,0.289,0.138,1
"Lysmd4",0.10466334422625,0.643354853623654,0.667,0.414,1
"Cnrip1",0.10517170820442,0.812887388954667,0.244,0.103,1
"Usp34",0.106148739119928,-0.666697418950153,0.444,0.586,1
"Gon4l",0.106718244364221,0.51855462585039,0.222,0.069,1
"P4ha1",0.106922642190356,-0.779514051803944,0.133,0.276,1
"Oma1",0.107332305393869,0.774642855308193,0.2,0.069,1
"Sall1",0.10779752314815,0.630946381957671,0.267,0.103,1
"Fkbp5",0.109098826462442,0.508587893648282,0.156,0.034,1
"Stxbp6",0.110493750944232,-0.864264271414784,0.133,0.276,1
"Lrrc8b",0.110502722008677,0.663579457820338,0.311,0.138,1
"Thra",0.110502722008677,0.574484868191854,0.311,0.138,1
"Arhgef28",0.110502722008677,0.486035014199416,0.311,0.138,1
"Nipa2",0.111128342252326,-0.742529514760356,0.089,0.207,1
"Preb",0.111219783791083,-0.673395642498468,0.178,0.31,1
"Cdc42bpb",0.111293034600351,0.672718374476231,0.2,0.069,1
"A930015D03Rik",0.111293034600351,0.678189234103531,0.2,0.069,1
"Mosmo",0.112457856263527,-0.781690753871644,0.111,0.241,1
"Lcor",0.113155113450784,0.424078377703116,0.422,0.241,1
"Cdc73",0.113714628251141,0.591611121411715,0.156,0.034,1
"Nup214",0.113714628251141,0.537246236840843,0.156,0.034,1
"Eif3m",0.113714628251141,0.530154548587817,0.156,0.034,1
"Hdgf",0.113714628251141,0.650379528920596,0.156,0.034,1
"Slc25a37",0.113714628251141,0.570105019236333,0.156,0.034,1
"Rasal3",0.113714628251141,0.512161987337815,0.156,0.034,1
"Ss18",0.113714628251141,0.555068692246772,0.156,0.034,1
"Srrm2",0.113894216889192,0.536032214713085,0.733,0.552,1
"Eif4g3",0.113926976160298,0.546327009109379,0.489,0.31,1
"Usp8",0.114158408514253,-0.586176195887798,0.133,0.276,1
"Hexa",0.114158408514253,-0.667013130752651,0.133,0.276,1
"Lrmda",0.114280846192832,0.620493122823464,0.711,0.552,1
"Rpl17",0.114424245409443,0.481873635855274,0.222,0.069,1
"Cox6b1",0.114632565583442,0.673367379946629,0.289,0.138,1
"Man1c1",0.114878573674404,-0.87185155458448,0.156,0.276,1
"Irf8",0.114878573674404,0.565738713820108,0.267,0.103,1
"Gls",0.115097495089769,-0.652709796480388,0.244,0.379,1
"Trim3",0.115369881084433,-0.671630126345591,0.089,0.207,1
"Ilrun",0.115369881084433,-1.00743485809005,0.089,0.207,1
"Macf1",0.115816277870904,0.317319523720218,0.822,0.655,1
"Gm16337",0.116417595112113,-0.766893809486568,0.111,0.241,1
"Pik3ca",0.116417595112113,-0.736813277392754,0.111,0.241,1
"Fbxw7",0.116417595112113,-0.608682535148153,0.111,0.241,1
"Bicra",0.116417595112113,-0.756575081099708,0.111,0.241,1
"Smim13",0.116417595112113,-0.584306471239421,0.111,0.241,1
"Opcml",0.116638221694071,0.559278848994774,0.578,0.448,1
"Fyb",0.116644276007493,-0.547202657887711,0.467,0.621,1
"Mitf",0.116928023121292,0.429859121272912,0.511,0.31,1
"Nos1ap",0.117918078367241,-0.500408381183382,0.133,0.276,1
"Map2",0.118438124660485,0.384296644594061,0.222,0.069,1
"Sacm1l",0.118438124660485,0.467445704594734,0.222,0.069,1
"Eif3a",0.118438124660485,0.347394595421232,0.222,0.069,1
"Rsu1",0.118482860546952,0.684528693990092,0.156,0.034,1
"Ppp1cb",0.118482860546952,0.58190858837547,0.156,0.034,1
"Cryab",0.118963897116132,-0.57059066990379,0.222,0.379,1
"Tom1l2",0.119351142334839,-0.548363150329418,0.267,0.448,1
"Cnot6l",0.119559862887564,0.63749554332056,0.2,0.069,1
"Rmnd5a",0.119559862887564,0.616151302884441,0.2,0.069,1
"Tent4b",0.119737698710969,-0.726650082552588,0.089,0.207,1
"Tmem181a",0.119737698710969,-0.85980383941776,0.089,0.207,1
"Smad2",0.119737698710969,-0.682392793689126,0.089,0.207,1
"Spock1",0.11981497494964,0.68682142536998,0.511,0.31,1
"Psmc1",0.119833996832758,0.673438104110132,0.244,0.103,1
"Acer3",0.12031749578954,0.601196045632275,0.422,0.276,1
"Mia2",0.120419988101144,-0.550895685441331,0.156,0.31,1
"Trmt1l",0.120486052261084,-0.643044843245982,0.111,0.241,1
"Kras",0.120486052261084,-0.766691055257575,0.111,0.241,1
"Wasf2",0.122286735665066,0.706484667275901,0.4,0.276,1
"Comt",0.122320531617721,0.334734061632389,0.267,0.103,1
"Gna12",0.122468397760387,-0.90521791898845,0.289,0.379,1
"Srsf11",0.122722902562912,0.677911443114416,0.333,0.172,1
"Fbxl3",0.122799684461483,-0.476787514225907,0.2,0.345,1
"Dusp10",0.123406479204262,0.454824389728854,0.156,0.034,1
"Ube2r2",0.123406479204262,0.400730849639683,0.156,0.034,1
"Dcp1b",0.123406479204262,0.496355567351785,0.156,0.034,1
"Zfp110",0.123406479204262,0.384393392795894,0.156,0.034,1
"Smad1",0.123406479204262,0.512149322167368,0.156,0.034,1
"Cmtm6",0.123406479204262,0.536435798500678,0.156,0.034,1
"Rnf144a",0.123406479204262,-0.738628710533289,0.067,0.172,1
"Ptprs",0.123406479204262,-0.71065056948135,0.067,0.172,1
"Srcin1",0.123868308451538,0.54966430030506,0.422,0.241,1
"Lrrn1",0.123869874847031,0.627725775084589,0.2,0.069,1
"Nedd8",0.123869874847031,0.698902386688375,0.2,0.069,1
"Pak3",0.124233993366628,-0.638243823077065,0.089,0.207,1
"Atxn7l1",0.124664968649871,-0.602789660266707,0.111,0.241,1
"Scn8a",0.124664968649871,-0.516697355659159,0.111,0.241,1
"Gm40841",0.125728244389733,-0.638782006700936,0.133,0.276,1
"Sptlc2",0.126180178738093,0.524172171053167,0.267,0.103,1
"Nkain2",0.126500585018562,0.292098098162747,1,1,1
"Abhd12",0.126771450835024,-0.574707942881295,0.422,0.621,1
"Prpf4b",0.126910434077482,-0.48463469337843,0.489,0.621,1
"Zfp68",0.127046776716713,-0.567389581604301,0.022,0.103,1
"Gm26901",0.127065104551217,-0.577904699200212,0.022,0.103,1
"Hes6",0.127065104551217,-0.472771822902664,0.022,0.103,1
"ENSMUSG00000121275",0.127065104551217,-0.720607003406288,0.022,0.103,1
"Scn1a",0.127065104551217,-0.631662604261884,0.022,0.103,1
"Zscan29",0.127065104551217,-0.440501734189746,0.022,0.103,1
"Gm27003",0.127065104551217,-0.520455823057405,0.022,0.103,1
"Apmap",0.127065104551217,-0.634955150465422,0.022,0.103,1
"Tnfaip8l2",0.127065104551217,-0.477742606052604,0.022,0.103,1
"Dennd2c",0.127065104551217,-0.534139160706797,0.022,0.103,1
"Kcnd3",0.127065104551217,-0.476086579639917,0.022,0.103,1
"1700123M08Rik",0.127065104551217,-0.574159570965315,0.022,0.103,1
"Prkaa2",0.127065104551217,-0.625936946391884,0.022,0.103,1
"Srsf4",0.127065104551217,-0.746790082801067,0.022,0.103,1
"Lzic",0.127065104551217,-0.603782663976244,0.022,0.103,1
"Cep104",0.127065104551217,-0.656058586372871,0.022,0.103,1
"Pex1",0.127065104551217,-0.567337803612987,0.022,0.103,1
"Dr1",0.127065104551217,-0.548997064809177,0.022,0.103,1
"Gm42917",0.127065104551217,-0.569967041018528,0.022,0.103,1
"Pon3",0.127065104551217,-0.622490201127064,0.022,0.103,1
"Lsm8",0.127065104551217,-0.522670688642498,0.022,0.103,1
"Tsen2",0.127065104551217,-0.67614050653457,0.022,0.103,1
"Psmc4",0.127065104551217,-0.496717463147416,0.022,0.103,1
"Fhip1b",0.127065104551217,-0.547701265638986,0.022,0.103,1
"Cacng3",0.127065104551217,-0.492211592134986,0.022,0.103,1
"Lonrf1",0.127065104551217,-0.623260299837458,0.022,0.103,1
"Atxn1l",0.127065104551217,-0.532145443383411,0.022,0.103,1
"Sf3a1",0.127065104551217,-0.770484238107262,0.022,0.103,1
"C1d",0.127065104551217,-0.573059620606936,0.022,0.103,1
"Lgalsl",0.127065104551217,-0.570254070802835,0.022,0.103,1
"ENSMUSG00000121226",0.127065104551217,-0.579402333529699,0.022,0.103,1
"Degs2",0.127065104551217,-0.611720858629768,0.022,0.103,1
"Uqcrb",0.127065104551217,-0.873474863384895,0.022,0.103,1
"Utp15",0.127065104551217,-0.559295090843698,0.022,0.103,1
"Ngdn",0.127065104551217,-0.702070507750573,0.022,0.103,1
"Taf2",0.127065104551217,-0.46261971352983,0.022,0.103,1
"Alg1",0.127065104551217,-0.541457086490262,0.022,0.103,1
"Lmln",0.127065104551217,-0.681739786061245,0.022,0.103,1
"Zfp40",0.127065104551217,-0.558543246898295,0.022,0.103,1
"Uqcc2",0.127065104551217,-0.599972191745568,0.022,0.103,1
"Dok6",0.127065104551217,-0.586740674364144,0.022,0.103,1
"Chrm1",0.127065104551217,-0.546064939464821,0.022,0.103,1
"Syn1",0.127065104551217,-0.537921024039251,0.022,0.103,1
"Pstpip2",0.127129359954176,-0.759318759746152,0.267,0.379,1
"Scmh1",0.127378030419987,0.494101694679052,0.4,0.207,1
"Eml2",0.127742418175187,0.848173204918533,0.244,0.103,1
"Slc10a7",0.128300192449427,0.568877412984087,0.2,0.069,1
"Hnrnpab",0.128488403163648,-0.722189682821192,0.067,0.172,1
"Eci2",0.128488403163648,-0.629823507079481,0.067,0.172,1
"Gm49797",0.128488403163648,-0.769465718819792,0.067,0.172,1
"Rps25",0.128713310791013,-0.644585953452839,0.133,0.241,1
"Rpl7a",0.128860937438414,-0.630264353042854,0.089,0.207,1
"Sox8",0.128860937438414,-0.649912815494455,0.089,0.207,1
"Nav1",0.129113896584062,0.574985608548234,0.289,0.138,1
"Tcf20",0.129172119921384,-0.657673110680509,0.222,0.379,1
"Grm3",0.12927551161119,0.386211155412215,0.733,0.517,1
"Ube2d2a",0.129740836538493,0.509157823007916,0.333,0.172,1
"Nrxn1",0.130083001157523,-0.435411696326813,0.333,0.517,1
"Serpine2",0.130134019430656,0.47359088386685,0.267,0.103,1
"Chchd3",0.130134019430656,0.480191919963181,0.267,0.103,1
"Ddx17",0.131043594531191,-0.481201201960277,0.422,0.552,1
"Mycbp2",0.13110150477679,-0.372311658945912,0.667,0.828,1
"Gm36944",0.131366547993476,-0.673147849987345,0.044,0.138,1
"Snapin",0.131366547993476,-0.605256501537512,0.044,0.138,1
"Snhg8",0.131366547993476,-0.639825037065627,0.044,0.138,1
"Paxip1",0.131366547993476,-0.719633365224397,0.044,0.138,1
"Gcn1",0.131366547993476,-0.66411354417477,0.044,0.138,1
"Tgfa",0.131366547993476,-0.57003382722159,0.044,0.138,1
"Arhgdib",0.131366547993476,-0.759409904926867,0.044,0.138,1
"Gm34280",0.131366547993476,-0.586172936717301,0.044,0.138,1
"Carm1",0.131366547993476,-0.63028206489442,0.044,0.138,1
"Slc39a11",0.131366547993476,-0.638416778054183,0.044,0.138,1
"Ylpm1",0.131366547993476,-0.694192334657332,0.044,0.138,1
"Sucla2",0.131366547993476,-0.598713189776016,0.044,0.138,1
"Rap2a",0.131366547993476,-0.674903692555159,0.044,0.138,1
"Clcn2",0.131366547993476,-0.622427314906186,0.044,0.138,1
"Lzts2",0.131366547993476,-0.893409185500481,0.044,0.138,1
"Stx4a",0.131845960711928,0.739373932321301,0.244,0.103,1
"Dclk1",0.132000522852735,-0.566992691791894,0.289,0.448,1
"Rps6kb1",0.132852716192143,0.565772088851076,0.2,0.069,1
"Trim2",0.133255173643581,0.520030922883415,0.6,0.517,1
"Atxn2l",0.133620674414902,-0.660651842892385,0.089,0.207,1
"Zeb1",0.133645043671636,0.84070925372924,0.311,0.172,1
"Ano4",0.133645370431175,0.402037454664229,0.867,0.724,1
"Man1a",0.133649924955572,-0.513590941819805,0.2,0.345,1
"Slc22a23",0.133649924955572,-0.512020892725502,0.2,0.345,1
"Gmps",0.133731509503623,-0.612993565775587,0.067,0.172,1
"Ahcyl1",0.133731509503623,-0.888794089484352,0.067,0.172,1
"Nfam1",0.133731509503623,-0.779467526903187,0.067,0.172,1
"5730507A11Rik",0.134257205775666,-0.525734008753569,0.022,0.103,1
"Sox2",0.134257205775666,-0.450575260959635,0.022,0.103,1
"Ptprf",0.134257205775666,-0.558716380203259,0.022,0.103,1
"Zmpste24",0.134257205775666,-0.473559509890238,0.022,0.103,1
"Lypla2",0.134257205775666,-0.498447028412862,0.022,0.103,1
"Dnajc16",0.134257205775666,-0.615209316013936,0.022,0.103,1
"Asb7",0.134257205775666,-0.533197135676697,0.022,0.103,1
"Vps33b",0.134257205775666,-0.609032699962171,0.022,0.103,1
"Gm18959",0.134257205775666,-0.491685508009417,0.022,0.103,1
"Smim19",0.134257205775666,-0.640818925140805,0.022,0.103,1
"Ddx49",0.134257205775666,-0.408199059685091,0.022,0.103,1
"Zfp961",0.134257205775666,-0.519116565888546,0.022,0.103,1
"Edc4",0.134257205775666,-0.521633137074976,0.022,0.103,1
"Dapk2",0.134257205775666,-0.783459535990762,0.022,0.103,1
"Pfkfb4",0.134257205775666,-0.601668689673723,0.022,0.103,1
"Snrpd3",0.134257205775666,-0.605246281438623,0.022,0.103,1
"Mars1",0.134257205775666,-0.473713890148808,0.022,0.103,1
"Gm12258",0.134257205775666,-0.502787020798275,0.022,0.103,1
"Nol11",0.134257205775666,-0.653072013504128,0.022,0.103,1
"Tmem251",0.134257205775666,-0.534602788247595,0.022,0.103,1
"Naip2",0.134257205775666,-0.538293690797012,0.022,0.103,1
"1700123O20Rik",0.134257205775666,-0.510977992382957,0.022,0.103,1
"Dexi",0.134257205775666,-0.417360547475029,0.022,0.103,1
"Ppp1r18",0.134257205775666,-0.47368440828539,0.022,0.103,1
"Cebpzos",0.134257205775666,-0.533298057982025,0.022,0.103,1
"Pank1",0.134257205775666,-0.545150729171323,0.022,0.103,1
"Exosc1",0.134257205775666,-0.475683285813575,0.022,0.103,1
"Calm1",0.135037046161969,-0.532921072077392,0.689,0.862,1
"Eif1",0.135365298380248,-0.435686990748681,0.289,0.448,1
"Kcnq3",0.135848260985422,-0.25864794894716,0.467,0.655,1
"Dst",0.136505431974157,-0.30169476960307,0.756,0.759,1
"Tubgcp5",0.136868594577462,0.658113869891461,0.289,0.138,1
"Epm2aip1",0.136868594577462,-0.698173773051479,0.178,0.31,1
"Apbb1ip",0.136972962216319,0.310523321917012,0.778,0.517,1
"Nfs1",0.137439821091941,-0.520821222152422,0.044,0.138,1
"Gm29170",0.137452816648909,-0.588886180047425,0.044,0.138,1
"Pgm2l1",0.137452816648909,-0.614158926272612,0.044,0.138,1
"Slc17a5",0.137452816648909,-0.634175313051905,0.044,0.138,1
"Arih2",0.137452816648909,-0.556498340181314,0.044,0.138,1
"Cenpv",0.137452816648909,-0.966457017137999,0.044,0.138,1
"Rrm2b",0.137452816648909,-0.649768858877285,0.044,0.138,1
"H3f3a",0.137529319687537,0.628995696634415,0.2,0.069,1
"Epb41l4b",0.137529319687537,0.515834910714958,0.2,0.069,1
"Mtf2",0.137529319687537,0.556794867666486,0.2,0.069,1
"Gm26827",0.137529319687537,0.638663921956566,0.2,0.069,1
"Nck1",0.137529319687537,0.418982816672284,0.2,0.069,1
"Skil",0.137874500658896,-0.615673899205336,0.111,0.241,1
"Naca",0.138329433037417,0.3184639684368,0.267,0.103,1
"Edf1",0.139138628405061,-0.645708661641833,0.067,0.172,1
"Fam219a",0.139138628405061,-0.648990614789215,0.067,0.172,1
"Foxk1",0.139138628405061,-0.641271181158702,0.067,0.172,1
"Irf3",0.139138628405061,-0.621162028353169,0.067,0.172,1
"Xpo6",0.139138628405061,-0.746713351331367,0.067,0.172,1
"Anapc10",0.139138628405061,-0.65715201866976,0.067,0.172,1
"Anp32a",0.139138628405061,-0.570877023241685,0.067,0.172,1
"Atxn1",0.139231908099044,-0.541566334503659,0.289,0.414,1
"Caprin1",0.139336916242704,0.508696199243936,0.311,0.138,1
"Samd4",0.140352392814588,-0.443414051601663,0.133,0.276,1
"Map3k7",0.140878339920666,0.375704391229755,0.289,0.138,1
"Rpl6",0.140878339920666,0.525968509884546,0.289,0.138,1
"Gm38365",0.141760133438896,-0.487306236737904,0.022,0.103,1
"Edem3",0.141760133438896,-0.641721847766334,0.022,0.103,1
"Lin9",0.141760133438896,-0.459917245059626,0.022,0.103,1
"Camsap1",0.141760133438896,-0.538003957423932,0.022,0.103,1
"Nacc2",0.141760133438896,-0.452729165490415,0.022,0.103,1
"Trub2",0.141760133438896,-0.460701265607289,0.022,0.103,1
"Cdk9",0.141760133438896,-0.558418587453122,0.022,0.103,1
"Scand1",0.141760133438896,-0.543683673698429,0.022,0.103,1
"Gm9958",0.141760133438896,-0.454065554023642,0.022,0.103,1
"Zfp605",0.141760133438896,-0.455333861744638,0.022,0.103,1
"Zfp113",0.141760133438896,-0.422330788786312,0.022,0.103,1
"Gm43378",0.141760133438896,-0.554037443133847,0.022,0.103,1
"Asns",0.141760133438896,-0.506117033252658,0.022,0.103,1
"Clec2d",0.141760133438896,-0.429076404810194,0.022,0.103,1
"Grik5",0.141760133438896,-0.422539307139811,0.022,0.103,1
"Gsk3a",0.141760133438896,-0.502352584979662,0.022,0.103,1
"Gtf2e2",0.141760133438896,-0.446699231514774,0.022,0.103,1
"Piezo1",0.141760133438896,-0.558703786119286,0.022,0.103,1
"Ei24",0.141760133438896,-0.513227947824797,0.022,0.103,1
"Clpx",0.141760133438896,-0.536681904486794,0.022,0.103,1
"Hyal1",0.141760133438896,-0.56565036078976,0.022,0.103,1
"Rhbdd3",0.141760133438896,-0.539746528357124,0.022,0.103,1
"Cnot8",0.141760133438896,-0.523937300304841,0.022,0.103,1
"Cep170b",0.141760133438896,-0.507500319955639,0.022,0.103,1
"Rangap1",0.141760133438896,-0.462107290965615,0.022,0.103,1
"Sult4a1",0.141760133438896,-0.496933455141055,0.022,0.103,1
"Gm49521",0.141760133438896,-0.529043101106983,0.022,0.103,1
"ENSMUSG00000121395",0.141760133438896,-0.472599194292712,0.022,0.103,1
"Msh2",0.141760133438896,-0.495088832845161,0.022,0.103,1
"Gm41764",0.141760133438896,-0.751507481770061,0.022,0.103,1
"Gm50232",0.141760133438896,-0.508353591574047,0.022,0.103,1
"Ide",0.141760133438896,-0.3907919797117,0.022,0.103,1
"Yipf1",0.142331847102238,0.47575553026145,0.2,0.069,1
"Tmem60",0.142331847102238,0.516946712216745,0.2,0.069,1
"Sgcz",0.142519323492789,-0.488949595407564,0.111,0.241,1
"Lyst",0.142519323492789,-0.443294328780006,0.111,0.241,1
"Ints8",0.143546937908254,-0.60540241867363,0.089,0.207,1
"Actn4",0.143546937908254,-0.706376501767639,0.089,0.207,1
"Gramd1b",0.143546937908254,-0.484751087464701,0.089,0.207,1
"Odr4",0.143754253234652,-0.551383821187612,0.044,0.138,1
"Ddx31",0.143754253234652,-0.691450982276117,0.044,0.138,1
"Nmd3",0.143754253234652,-0.579444692343389,0.044,0.138,1
"Stard5",0.143754253234652,-0.576584426796695,0.044,0.138,1
"Mettl9",0.143754253234652,-0.576572861115993,0.044,0.138,1
"Keap1",0.143754253234652,-0.549536765626581,0.044,0.138,1
"Baz1a",0.143754253234652,-0.532045766234731,0.044,0.138,1
"Mgat2",0.143754253234652,-0.559466430506132,0.044,0.138,1
"Tmx1",0.143754253234652,-0.621668257121546,0.044,0.138,1
"Zfp410",0.143754253234652,-0.592613263641768,0.044,0.138,1
"St3gal1",0.143754253234652,-0.602123484772571,0.044,0.138,1
"Ctdp1",0.143754253234652,-0.591439653182048,0.044,0.138,1
"Pitpnm1",0.143754253234652,-0.575752458748018,0.044,0.138,1
"Slc9a7",0.143754253234652,-0.617650492956904,0.044,0.138,1
"Ubc",0.143825855646117,0.522158773515127,0.356,0.172,1
"Ptn",0.143947733036625,-0.385938240488231,0.533,0.69,1
"Ppid",0.143992633291498,0.744466932192581,0.133,0.034,1
"Abcb1b",0.143992633291498,0.684972505491404,0.133,0.034,1
"Arv1",0.143992633291498,0.663866373065631,0.133,0.034,1
"Atp5b",0.143992633291498,0.845238179405491,0.133,0.034,1
"Actr2",0.144494078670894,-0.606001902947872,0.244,0.379,1
"Norad",0.144702182333432,0.50916382097862,0.333,0.172,1
"Hacd2",0.144702300068014,-0.734795250536341,0.067,0.172,1
"St3gal6",0.144708873012028,-0.604655718049524,0.378,0.552,1
"Gorasp2",0.144712538036316,-0.378305980659433,0.067,0.172,1
"Cmpk1",0.144712538036316,-0.648770675010323,0.067,0.172,1
"Vps50",0.144712538036316,-0.655400624514157,0.067,0.172,1
"Specc1l",0.144712538036316,-0.573831852363154,0.067,0.172,1
"Clu",0.144712538036316,-0.367736492152996,0.067,0.172,1
"Atp6v1c1",0.144712538036316,-0.472750115079113,0.067,0.172,1
"Chd1",0.144712538036316,-0.529160356490225,0.067,0.172,1
"Pacsin1",0.144712538036316,-0.782349326407535,0.067,0.172,1
"Mtm1",0.144712538036316,-0.568015116654346,0.067,0.172,1
"Gm48742",0.144770593120032,0.535110303621897,0.244,0.103,1
"Rplp1",0.144835180207278,0.578249660550495,0.378,0.207,1
"2610020C07Rik",0.14497779158392,0.59838181272815,0.289,0.138,1
"Gab2",0.145198614336685,0.302065353379931,0.733,0.552,1
"Jak1",0.146385522467688,0.600851346575591,0.222,0.103,1
"Ubxn7",0.147016021858801,-0.577776285403107,0.133,0.276,1
"Zfp697",0.147262110564879,0.2776541137865,0.2,0.069,1
"Dpp8",0.147262110564879,0.440916186284062,0.2,0.069,1
"Asb2",0.147262110564879,0.560462562517948,0.2,0.069,1
"Ddx3x",0.147262110564879,0.463437922814802,0.2,0.069,1
"Psmc3",0.147275898739877,-0.492773308697697,0.111,0.241,1
"Cntn4",0.147275898739877,-0.551103583796832,0.111,0.241,1
"Cldn11",0.14847552467104,-0.572730489654065,0.378,0.483,1
"Raph1",0.148717578807062,-0.490660991269916,0.089,0.207,1
"Tmed5",0.148717578807062,-0.66183625391669,0.089,0.207,1
"Itgb1",0.148717578807062,-0.610441387912039,0.089,0.207,1
"Adap1",0.149168010349882,-0.641984933429301,0.178,0.31,1
"Rc3h1",0.149287985943865,0.420409162596456,0.244,0.103,1
"Nr3c2",0.149287985943865,0.525343633150522,0.244,0.103,1
"Pspc1",0.149287985943865,0.527265676677134,0.244,0.103,1
"Kmt2c",0.149380476993912,0.539401151475194,0.444,0.276,1
"Rapgef2",0.149445724293807,-0.666860297020339,0.2,0.31,1
"Retreg2",0.149581074806132,-0.373553516893893,0.022,0.103,1
"Eng",0.149581074806132,-0.489428725733356,0.022,0.103,1
"Pigt",0.149581074806132,-0.404596442009215,0.022,0.103,1
"Ufm1",0.149581074806132,-0.400257644589167,0.022,0.103,1
"Ampd2",0.149581074806132,-0.451664273393922,0.022,0.103,1
"Agl",0.149581074806132,-0.371593018378409,0.022,0.103,1
"Mdn1",0.149581074806132,-0.381528300684483,0.022,0.103,1
"Gsdme",0.149581074806132,-0.470779733761879,0.022,0.103,1
"Gpr27",0.149581074806132,-0.396456252035566,0.022,0.103,1
"Gas2",0.149581074806132,-0.422860494148249,0.022,0.103,1
"Dlgap2",0.149581074806132,-0.419124108751138,0.022,0.103,1
"Mfap3l",0.149581074806132,-0.426382087856634,0.022,0.103,1
"Alas1",0.149581074806132,-0.420803178977872,0.022,0.103,1
"Arfgef3",0.149581074806132,-0.328534487422174,0.022,0.103,1
"Sgcd",0.149581074806132,-0.451022847909729,0.022,0.103,1
"Gm2a",0.149581074806132,-0.495905945156689,0.022,0.103,1
"Srebf1",0.149581074806132,-0.269029376427577,0.022,0.103,1
"Pik3r6",0.149581074806132,-0.373898429432578,0.022,0.103,1
"Aldoc",0.149581074806132,-0.423095885418005,0.022,0.103,1
"Rin3",0.149581074806132,-0.410095035804027,0.022,0.103,1
"A730081D07Rik",0.149581074806132,-0.398639207433809,0.022,0.103,1
"Mettl3",0.149581074806132,-0.39596404880734,0.022,0.103,1
"Dmtn",0.149581074806132,-0.480415760872626,0.022,0.103,1
"Derl1",0.149581074806132,-0.439031233748049,0.022,0.103,1
"Smpd4",0.149581074806132,-0.322596008308893,0.022,0.103,1
"Amdhd2",0.149581074806132,-0.389770128292848,0.022,0.103,1
"Adrb1",0.149581074806132,-0.358192963907453,0.022,0.103,1
"Nlgn3",0.149581074806132,-0.484338003497927,0.022,0.103,1
"Ubqln2",0.149581074806132,-0.449006655086873,0.022,0.103,1
"Cep95",0.150060659428729,0.545609315158607,0.133,0.034,1
"Rtf1",0.150072366878167,0.830434665110234,0.133,0.034,1
"Gm15952",0.150072366878167,0.556644756190488,0.133,0.034,1
"Hyi",0.150072366878167,0.635750841086865,0.133,0.034,1
"Ptov1",0.150072366878167,0.626361672772189,0.133,0.034,1
"Dot1l",0.150072366878167,0.722274236546151,0.133,0.034,1
"Atp6v1d",0.150072366878167,0.58671245778992,0.133,0.034,1
"Ptcd2",0.150072366878167,0.67011030842453,0.133,0.034,1
"Nefl",0.150072366878167,0.587476312510501,0.133,0.034,1
"Abca3",0.150072366878167,0.661884903535703,0.133,0.034,1
"Dolk",0.150274896001774,-0.768065780928338,0.044,0.138,1
"Atg13",0.150274896001774,-0.549123385170982,0.044,0.138,1
"Accs",0.150274896001774,-0.590000951658904,0.044,0.138,1
"Chmp2a",0.150274896001774,-0.557295405300655,0.044,0.138,1
"Zfp74",0.150274896001774,-0.529446486730956,0.044,0.138,1
"Ppfia1",0.150274896001774,-0.715912556135788,0.044,0.138,1
"Ilf3",0.150274896001774,-0.627039116074866,0.044,0.138,1
"Ppm1e",0.150274896001774,-0.627223081610448,0.044,0.138,1
"Rnf43",0.150274896001774,-0.557683248529726,0.044,0.138,1
"Nol7",0.150274896001774,-0.631644965806695,0.044,0.138,1
"Trim13",0.150274896001774,-0.527422137200808,0.044,0.138,1
"Tatdn1",0.150274896001774,-0.580079413429928,0.044,0.138,1
"Lst1",0.150274896001774,-0.595070681065721,0.044,0.138,1
"Eef1g",0.150274896001774,-0.57918350829808,0.044,0.138,1
"Dcaf10",0.150455959367483,-0.572922081851493,0.067,0.172,1
"Dcun1d5",0.150455959367483,-0.585924102190245,0.067,0.172,1
"Lgals9",0.150455959367483,-0.704045112503899,0.067,0.172,1
"Hmgcr",0.150455959367483,-0.549050669030287,0.067,0.172,1
"Gria3",0.150455959367483,-0.542577451453998,0.067,0.172,1
"Pvt1",0.15064855394882,-0.609919569923736,0.222,0.345,1
"Zfp451",0.152152898245361,-0.503480149297678,0.111,0.241,1
"Mpp2",0.152152898245361,-0.493323119786987,0.111,0.241,1
"Zfyve16",0.1523218875456,0.459431371274804,0.2,0.069,1
"Creb1",0.15242474229362,0.506153068195283,0.378,0.207,1
"Tasor",0.15242474229362,0.529682720027392,0.378,0.207,1
"Arhgap22",0.153450039054208,-0.464318491736984,0.178,0.31,1
"Grina",0.153912169377893,0.556505021076791,0.244,0.103,1
"Zbtb18",0.15402923497513,-0.454867752535583,0.089,0.207,1
"Gm43713",0.15402923497513,-0.659106756847004,0.089,0.207,1
"Tmem170b",0.15402923497513,-0.556949868452113,0.089,0.207,1
"Chd8",0.15402923497513,0.684281253520283,0.178,0.069,1
"Trp53cor1",0.15402923497513,-0.583481846583654,0.089,0.207,1
"Scamp5",0.154136142120189,0.606723991728515,0.422,0.276,1
"Atp5a1",0.154165608315443,-0.590146407029652,0.244,0.379,1
"Acsl3",0.154935104106732,0.710236880461858,0.267,0.138,1
"Cyth4",0.155365949864275,0.286521359093998,0.511,0.31,1
"Arsb",0.155754381652688,-0.406665260896421,0.267,0.448,1
"Acbd3",0.155883685553129,-0.680087709013498,0.133,0.241,1
"Dnajc5",0.155890648905792,0.630753532491878,0.222,0.103,1
"Ralgps2",0.156345940990595,0.543899459085582,0.133,0.034,1
"Aqr",0.156345940990595,0.516014594149508,0.133,0.034,1
"Dynlrb1",0.156345940990595,0.586941735778828,0.133,0.034,1
"Slc33a1",0.156345940990595,0.529561102903645,0.133,0.034,1
"Gm17130",0.156345940990595,0.528724609087181,0.133,0.034,1
"Brdt",0.156345940990595,0.540313528461532,0.133,0.034,1
"Glmn",0.156345940990595,0.517120045703238,0.133,0.034,1
"Zfp846",0.156345940990595,0.468432716485416,0.133,0.034,1
"Cep164",0.156345940990595,0.518323360499739,0.133,0.034,1
"Hnrnpa0",0.156345940990595,0.531423202626374,0.133,0.034,1
"Hspb3",0.156345940990595,0.549816891859054,0.133,0.034,1
"Rbfox2",0.156345940990595,0.530708020284968,0.133,0.034,1
"Cldn14",0.156345940990595,0.5510865006268,0.133,0.034,1
"Phf8",0.156345940990595,0.599293479297525,0.133,0.034,1
"Plbd2",0.15637155092271,-0.521469659888779,0.067,0.172,1
"Nectin1",0.15637155092271,-0.495125252748227,0.067,0.172,1
"Stat3",0.15637155092271,-0.614563662091661,0.067,0.172,1
"Gtpbp2",0.15637155092271,-0.435027392563985,0.067,0.172,1
"Ptpn2",0.157004971643258,-0.477606281251459,0.044,0.138,1
"Prim2",0.157018679707033,-0.474894672393583,0.044,0.138,1
"Dner",0.157018679707033,-0.474488892730028,0.044,0.138,1
"Efcab2",0.157018679707033,-0.495114826345204,0.044,0.138,1
"Ints7",0.157018679707033,-0.399181789121898,0.044,0.138,1
"Surf1",0.157018679707033,-0.515937623455685,0.044,0.138,1
"Srp14",0.157018679707033,-0.498417417942294,0.044,0.138,1
"Zfp362",0.157018679707033,-0.564565246067906,0.044,0.138,1
"Ythdf2",0.157018679707033,-0.453114545460238,0.044,0.138,1
"Chpf2",0.157018679707033,-0.474858484019048,0.044,0.138,1
"Grk4",0.157018679707033,-0.4953459284068,0.044,0.138,1
"Eif2ak3",0.157018679707033,-0.481505620110371,0.044,0.138,1
"Tafa1",0.157018679707033,-0.54313551740744,0.044,0.138,1
"Abhd2",0.157018679707033,-0.538128189243158,0.044,0.138,1
"Sobp",0.157018679707033,-0.432271847539856,0.044,0.138,1
"Ptch1",0.157018679707033,-0.510479708195691,0.044,0.138,1
"A230009B12Rik",0.157018679707033,-0.827599560903083,0.044,0.138,1
"Kcnk12",0.157018679707033,-0.538912702469165,0.044,0.138,1
"Prkg1",0.157018679707033,-0.516273238936062,0.044,0.138,1
"Prps2",0.157018679707033,-0.484293261062535,0.044,0.138,1
"Calr",0.157151882693444,-0.394313391294549,0.111,0.241,1
"Atp6v1g2",0.157151882693444,-0.641392519716969,0.111,0.241,1
"Scai",0.157512918210812,0.364180514217805,0.2,0.069,1
"Khdrbs3",0.157512918210812,0.624667074015766,0.2,0.069,1
"Tbc1d23",0.157824901476295,0.508225561669205,0.289,0.138,1
"Ppp3cb",0.15864442543735,0.504158390164962,0.244,0.103,1
"Rps27a",0.159445870798959,0.879325693534837,0.267,0.138,1
"Chmp3",0.159483858117016,0.834401988989093,0.178,0.069,1
"Itpr1",0.159483858117016,-0.477164717853306,0.089,0.207,1
"Safb2",0.160554565017482,-0.576552136615548,0.156,0.276,1
"Fcho2",0.161578894042503,0.645941303418051,0.378,0.276,1
"Scaf11",0.162242944662833,-0.480847345913451,0.244,0.379,1
"Arpp21",0.162274378290781,-0.590618463959813,0.111,0.241,1
"Akap11",0.162274378290781,-0.489043084643417,0.111,0.241,1
"Anapc1",0.162461903479901,-0.567605878409368,0.067,0.172,1
"Arfgef2",0.162461903479901,-0.517369156271272,0.067,0.172,1
"AU020206",0.162461903479901,-0.492877536282695,0.067,0.172,1
"Edrf1",0.162461903479901,-0.709529466498668,0.067,0.172,1
"Cltb",0.162461903479901,-0.591512282431797,0.067,0.172,1
"Thrb",0.162461903479901,-0.550057882323015,0.067,0.172,1
"Epsti1",0.162461903479901,-0.568366962591439,0.067,0.172,1
"6030458C11Rik",0.162461903479901,-0.536179330838313,0.067,0.172,1
"Opa1",0.162461903479901,-0.501677104653505,0.067,0.172,1
"Sec22a",0.162461903479901,-0.541676135168315,0.067,0.172,1
"Ermp1",0.162461903479901,-0.406617392932772,0.067,0.172,1
"Hsp90aa1",0.162727088258068,-0.647880235762154,0.356,0.448,1
"Ralb",0.162816458165437,0.466369227456431,0.133,0.034,1
"Ncs1",0.162816458165437,0.446664886186569,0.133,0.034,1
"Ap4e1",0.162816458165437,0.3980655791495,0.133,0.034,1
"Smox",0.162816458165437,0.510017153189235,0.133,0.034,1
"Uqcc1",0.162816458165437,0.634366544526387,0.133,0.034,1
"Htra2",0.162816458165437,0.469833841117704,0.133,0.034,1
"Itfg2",0.162816458165437,0.729686438027498,0.133,0.034,1
"Mrpl48",0.162816458165437,0.526620023151244,0.133,0.034,1
"Cope",0.162816458165437,0.571476365342117,0.133,0.034,1
"Cotl1",0.162816458165437,0.542406300613031,0.133,0.034,1
"Mcm9",0.162816458165437,0.719060534422168,0.133,0.034,1
"Tspan13",0.162816458165437,0.457809696027056,0.133,0.034,1
"Nek9",0.162816458165437,0.53332404991457,0.133,0.034,1
"Pabpn1",0.162816458165437,0.660206327308436,0.133,0.034,1
"Rad21",0.162816458165437,0.501931962887265,0.133,0.034,1
"Snap29",0.162816458165437,0.43550300872151,0.133,0.034,1
"Pcnp",0.162816458165437,0.454900946174717,0.133,0.034,1
"Atp5o",0.162816458165437,0.737783179324299,0.133,0.034,1
"Ecscr",0.162816458165437,0.492883222578964,0.133,0.034,1
"Tmcc3",0.162884265168931,-0.29980543880561,0.756,0.862,1
"Elavl3",0.163486008700464,0.502831821650365,0.244,0.103,1
"Idh3a",0.163975494047409,-0.480307400011541,0.044,0.138,1
"Rab3gap2",0.163989425475352,-0.458177468363164,0.044,0.138,1
"Spg11",0.163989425475352,-0.447404789702314,0.044,0.138,1
"Slc30a7",0.163989425475352,-0.478923200309758,0.044,0.138,1
"Kmt5a",0.163989425475352,-0.460240678166604,0.044,0.138,1
"Phaf1",0.163989425475352,-0.476354879787954,0.044,0.138,1
"Poc1b",0.163989425475352,-0.448778031977459,0.044,0.138,1
"ENSMUSG00000121307",0.163989425475352,-0.456467459135376,0.044,0.138,1
"Slc15a2",0.163989425475352,-0.435278013906019,0.044,0.138,1
"Stk19",0.163989425475352,-0.45808400537421,0.044,0.138,1
"Lrpprc",0.163989425475352,-0.597830519733461,0.044,0.138,1
"Grk2",0.163989425475352,-0.450856217051287,0.044,0.138,1
"Arpc1a",0.164055282810562,0.751787833660623,0.267,0.138,1
"Zfp329",0.16452027007792,-0.699552844392876,0.2,0.31,1
"Rev1",0.165083351877534,-0.638508950694401,0.089,0.207,1
"Eif2ak1",0.165083351877534,-0.422967085743031,0.089,0.207,1
"Apbb1",0.165083351877534,-0.55322989243892,0.089,0.207,1
"Ski",0.165233207216825,0.483507833183437,0.333,0.172,1
"Wac",0.166138134271808,0.662043408434333,0.378,0.241,1
"Vps13b",0.166547772169741,0.42413035258462,0.444,0.31,1
"Nudcd3",0.166851335908349,-0.703298921291396,0.178,0.31,1
"Rps13",0.166857120607281,0.479985792118813,0.289,0.138,1
"Rab5a",0.166857120607281,0.42414145818223,0.289,0.138,1
"Bri3",0.167521874530002,-0.492129643802486,0.111,0.241,1
"Galnt7",0.167521874530002,-0.306779066130407,0.111,0.241,1
"Gm13710",0.168295498726383,-0.991002316957876,0.111,0.207,1
"Pbx1",0.168438144671582,0.324206206089952,0.244,0.103,1
"Tmem132b",0.168729534727559,-0.625360544002573,0.067,0.172,1
"Myo1b",0.169486928134015,0.653867444906823,0.133,0.034,1
"Cir1",0.169486928134015,0.482261567005118,0.133,0.034,1
"Nkx2-2os",0.169486928134015,0.365048722218208,0.133,0.034,1
"Nfxl1",0.169486928134015,0.567973885088814,0.133,0.034,1
"Tmem159",0.169486928134015,0.454980952061051,0.133,0.034,1
"Smarcd1",0.169486928134015,0.465361125621788,0.133,0.034,1
"Hnrnpa1",0.169486928134015,0.455301692385339,0.133,0.034,1
"Tbc1d16",0.170665970962958,-0.441846043423834,0.2,0.345,1
"Akap8l",0.170665970962958,0.556443959248555,0.311,0.172,1
"Lrrc39",0.170829568548128,0.569441827424698,0.178,0.069,1
"Rftn1",0.170829568548128,-0.441141655970992,0.089,0.207,1
"Sfr1",0.170829568548128,0.627029018070292,0.178,0.069,1
"Lmo4",0.171016363322741,0.547254019575124,0.222,0.103,1
"Dalrd3",0.171016363322741,0.596084869891706,0.222,0.103,1
"Laptm4a",0.171016363322741,0.535196636184688,0.222,0.103,1
"Agbl4",0.171190830568253,-0.545370287855578,0.044,0.138,1
"Cc2d2a",0.171190830568253,-0.462053716043163,0.044,0.138,1
"Zfp646",0.171190830568253,-0.490278755590448,0.044,0.138,1
"Hmg20b",0.171190830568253,-0.270908950194568,0.044,0.138,1
"Zmat5",0.171190830568253,-0.546589924249681,0.044,0.138,1
"Atox1",0.171190830568253,-0.51816500974385,0.044,0.138,1
"Pfn1",0.171190830568253,-0.412795243852057,0.044,0.138,1
"Ttc5",0.171190830568253,-0.526042157412922,0.044,0.138,1
"Xxylt1",0.171190830568253,-0.450335391269874,0.044,0.138,1
"Tmem39a",0.171190830568253,-0.41058744600168,0.044,0.138,1
"Rbmx",0.171190830568253,-0.415827131482745,0.044,0.138,1
"Tceal9",0.171190830568253,-0.503662918572805,0.044,0.138,1
"Jam3",0.17151641952043,-0.491289404411956,0.178,0.31,1
"Ttyh2",0.1723276827746,-0.583826487464489,0.267,0.414,1
"Rsf1",0.172719254008148,-0.588362717556575,0.267,0.379,1
"Ly86",0.172835755098327,0.430237593754239,0.644,0.483,1
"Plcl1",0.173208602920251,0.372678877848231,0.956,1,1
"Kcnk13",0.173435960479069,0.27732792167833,0.533,0.31,1
"Senp5",0.173502028137376,0.380043344544675,0.244,0.103,1
"Slc6a1",0.173890318311183,0.403314460613059,0.2,0.069,1
"Kif13b",0.174096202860091,-0.322462823767229,0.533,0.724,1
"Kcnip4",0.174096669251802,-0.771185210038193,0.333,0.448,1
"Eif3j1",0.175176883888941,-0.397421770538312,0.067,0.172,1
"Pcif1",0.175176883888941,-0.476563056370547,0.067,0.172,1
"Rian",0.175176883888941,-0.35821770830697,0.067,0.172,1
"Wdr37",0.175176883888941,-0.56991850943733,0.067,0.172,1
"Pcdh15",0.175212052544911,0.569778598967151,0.311,0.172,1
"Dlgap1",0.175212052544911,0.569388972816515,0.311,0.172,1
"Kcnab1",0.176117504383601,0.509334582786142,0.444,0.276,1
"Abl2",0.176295072397005,-0.562472511390303,0.133,0.241,1
"Oga",0.176295072397005,0.616205667536362,0.222,0.103,1
"Hibadh",0.176360260573021,0.424318588763091,0.133,0.034,1
"Nfu1",0.176360260573021,0.537206211747491,0.133,0.034,1
"Tm2d3",0.176360260573021,0.503846855754347,0.133,0.034,1
"Plek",0.176360260573021,0.551707594413428,0.133,0.034,1
"Golga5",0.176360260573021,0.576862211680252,0.133,0.034,1
"Cep20",0.176360260573021,0.410207082755837,0.133,0.034,1
"Matr3",0.176360260573021,0.479860655777314,0.133,0.034,1
"Fgfbp3",0.176360260573021,0.496831789917214,0.133,0.034,1
"Snap25",0.176556654838931,-0.491494436353197,0.267,0.414,1
"Nr6a1os",0.176724305758014,0.537999915168632,0.178,0.069,1
"Akap7",0.176724305758014,0.511567337149501,0.178,0.069,1
"Mapk14",0.176724305758014,-0.694723110507954,0.089,0.207,1
"Setbp1",0.176724305758014,0.713811723013812,0.178,0.069,1
"Mms19",0.176724305758014,0.536524058763859,0.178,0.069,1
"Oaz1",0.177005437816748,-0.734772405175286,0.267,0.379,1
"Wwox",0.178442889846154,-0.314687925872186,0.333,0.517,1
"4933406I18Rik",0.178484773404801,-0.683232596904636,0.533,0.586,1
"Map1a",0.178485701801954,0.550674104900047,0.267,0.138,1
"Stag2",0.178559319101087,0.473543872761496,0.333,0.172,1
"Tmem68",0.178626458083512,-0.394204847389983,0.044,0.138,1
"Sec23a",0.178626458083512,-0.365574273619436,0.044,0.138,1
"C1galt1c1",0.178626458083512,-0.323095334606027,0.044,0.138,1
"Rps21",0.178678821518117,0.485941750935837,0.244,0.103,1
"mt-Rnr1",0.17952414557476,-0.494102217031294,0.444,0.517,1
"Kif16b",0.179847886559782,0.498741336143896,0.311,0.172,1
"Susd6",0.179847886559782,0.461762541418268,0.311,0.172,1
"Hivep2",0.180198761950201,-0.683108774875054,0.156,0.276,1
"Actb",0.180335787656798,0.383150787211387,0.622,0.483,1
"Dicer1",0.18112607661314,-0.479758629197825,0.178,0.31,1
"Pacs2",0.18112607661314,0.391399643058484,0.289,0.138,1
"Sclt1",0.181694301268831,0.526869725527046,0.222,0.103,1
"Garre1",0.181694301268831,-0.760889073768847,0.133,0.241,1
"Map6d1",0.181694301268831,0.537828223077174,0.222,0.103,1
"Firre",0.181694301268831,-0.693388969807859,0.133,0.241,1
"Rab12",0.181806306324061,-0.400154402860346,0.067,0.172,1
"Ndufb8",0.181806306324061,-0.500784830598586,0.067,0.172,1
"Cd81",0.18222468401727,-0.388897013417681,0.489,0.69,1
"Plcb1",0.182769303155523,0.515644935455569,0.178,0.069,1
"Sh3bp2",0.182769303155523,0.455026233440578,0.178,0.069,1
"Sparcl1",0.182769303155523,0.50749188574846,0.178,0.069,1
"Pcyox1",0.182769303155523,0.550904534919407,0.178,0.069,1
"Coro2b",0.182769303155523,0.624644094608249,0.178,0.069,1
"Cebpg",0.183131839240899,-0.486264546997889,0.178,0.345,1
"Cep250",0.183439257824414,0.372647782894978,0.133,0.034,1
"Fam185a",0.183439257824414,0.334438421128828,0.133,0.034,1
"Parp6",0.183439257824414,0.488376486181119,0.133,0.034,1
"Rassf1",0.183439257824414,0.330279415042432,0.133,0.034,1
"Mat2b",0.183439257824414,0.402675947039113,0.133,0.034,1
"Zadh2",0.183439257824414,0.300298267737555,0.133,0.034,1
"Cstf3",0.183499875707817,0.585904664440364,0.267,0.138,1
"Malt1",0.184028664065606,-0.47123755919373,0.111,0.241,1
"Lgmn",0.184421488943777,0.425397475770315,0.511,0.379,1
"Nckap1l",0.184574261862591,0.578505704877007,0.311,0.172,1
"Ctnnal1",0.185494834095661,-0.723771379819899,0.111,0.207,1
"Acvr2a",0.186299726612361,-0.411967182261597,0.044,0.138,1
"Vps26c",0.186299726612361,-0.331646690150085,0.044,0.138,1
"Myo18a",0.186527991558431,-0.416401005073699,0.289,0.414,1
"Ubxn4",0.187215262664687,0.525139930636436,0.222,0.103,1
"Gnai1",0.187215262664687,-0.581881479344146,0.133,0.241,1
"Ptgds",0.188541442843999,0.390510859969493,0.844,0.828,1
"Srsf2",0.188611040266841,0.292236365735665,0.444,0.276,1
"Ppp4r1",0.188617650369887,-0.79514829820359,0.178,0.276,1
"9330159F19Rik",0.188620068120451,-0.363113208566872,0.067,0.172,1
"Sod1",0.188620068120451,-0.318301678611247,0.067,0.172,1
"Arpc5l",0.1889662390852,0.484657675819795,0.178,0.069,1
"Klf3",0.1889662390852,0.474894570550386,0.178,0.069,1
"Zbed5-ps",0.1889662390852,0.609053262355028,0.178,0.069,1
"Dtx3",0.1889662390852,0.44658169609369,0.178,0.069,1
"Stx8",0.1889662390852,0.70598082981094,0.178,0.069,1
"Fam120a",0.1889662390852,-0.260565571000102,0.089,0.207,1
"Cask",0.189694050604421,0.311633711977914,0.422,0.241,1
"Folh1",0.191129760228721,0.33060138119587,0.289,0.138,1
"Adap2",0.191895494357393,0.572664283515791,0.4,0.276,1
"Phc3",0.19285912804484,-0.691997101345434,0.133,0.241,1
"Gdi2",0.195098166529514,-0.490105241091392,0.222,0.345,1
"Elmo1",0.195127995675546,0.28573846702519,0.933,1,1
"Tcp11l1",0.19531672726642,0.499349066918555,0.178,0.069,1
"Papss1",0.19531672726642,0.437936683421492,0.178,0.069,1
"Atp5j2",0.19531672726642,0.545589542045108,0.178,0.069,1
"Cntn3",0.19531672726642,0.470921531541362,0.178,0.069,1
"Mrpl4",0.19531672726642,0.533882674239547,0.178,0.069,1
"Fam114a2",0.19531672726642,0.555006815041949,0.178,0.069,1
"Atp6v1a",0.19531672726642,0.6132655815343,0.178,0.069,1
"4932438A13Rik",0.195526939809175,-0.668093879128868,0.2,0.31,1
"Btg1",0.195608950677607,-0.447138454114117,0.067,0.172,1
"Supt3",0.196064976700235,-0.703954396705217,0.156,0.276,1
"Rabgap1",0.196524259230404,0.590478498935228,0.378,0.241,1
"Prpf40a",0.197549717043098,-0.294664127861526,0.2,0.379,1
"Ewsr1",0.197549717043098,0.32956657932783,0.333,0.172,1
"Mlxipl",0.198627025688684,0.576496189146492,0.222,0.103,1
"Anln",0.198627025688684,0.529001385560339,0.222,0.103,1
"Ireb2",0.198627025688684,-0.558799680842667,0.133,0.241,1
"Rpsa",0.198627025688684,0.515768658101285,0.222,0.103,1
"Aff4",0.198627025688684,0.485807007255076,0.222,0.103,1
"Tpt1",0.19965635633506,-0.516642803898633,0.267,0.379,1
"Sox2ot",0.200148571685832,0.265578872768768,0.822,0.69,1
"Extl3",0.200157258316397,0.609370424589274,0.356,0.207,1
"Rabl6",0.200537117282631,0.396477952509686,0.244,0.103,1
"Ccdc88a",0.201173042629664,0.468121153875109,0.378,0.241,1
"G3bp2",0.20155023867875,-0.566618545919877,0.133,0.241,1
"Nucks1",0.201574806146348,0.66867624095574,0.244,0.138,1
"Tubb4b",0.201822313479363,0.518599484740191,0.178,0.069,1
"Kif3b",0.201822313479363,0.380710273799992,0.178,0.069,1
"Heca",0.201822313479363,0.461407340023882,0.178,0.069,1
"Nt5dc1",0.201822313479363,0.492137971713219,0.178,0.069,1
"4930512B01Rik",0.201822313479363,0.453246277946006,0.178,0.069,1
"Fgf14",0.201822313479363,0.450449357291997,0.178,0.069,1
"Gtf2h5",0.201822313479363,0.447186558843052,0.178,0.069,1
"Trappc8",0.201822313479363,0.512621399993977,0.178,0.069,1
"Ilkap",0.202797686570488,-0.445224799116797,0.067,0.172,1
"Apba1",0.203359356515747,0.578116444208806,0.467,0.345,1
"Lmo2",0.203960681317369,-0.753727400323877,0.111,0.207,1
"Mau2",0.203960681317369,-0.600270436931857,0.111,0.207,1
"Ywhaz",0.203960681317369,-0.594705444983049,0.111,0.207,1
"Taf1",0.203960681317369,-0.54762770615917,0.111,0.207,1
"Ypel2",0.204065167986027,0.519134698845543,0.6,0.483,1
"Dis3l2",0.204435024343974,0.335026050254485,0.378,0.207,1
"Mff",0.204520038786103,0.495799608380389,0.222,0.103,1
"Prnp",0.204520038786103,-0.592392892545635,0.133,0.241,1
"Il6st",0.204520038786103,0.410656767399931,0.222,0.103,1
"Mphosph8",0.204520038786103,-0.674282692904558,0.133,0.241,1
"Pebp1",0.20503949740979,-0.472504514652218,0.222,0.345,1
"Ubr5",0.205871564138577,-0.778902329194844,0.2,0.31,1
"Ralyl",0.205877489596845,-0.906599174598796,0.2,0.31,1
"Bmt2",0.207196697571796,0.537736911261715,0.244,0.138,1
"Rcan2",0.207581397884254,0.373061866241355,0.333,0.172,1
"4632427E13Rik",0.207781630833556,0.619336636116864,0.467,0.345,1
"Dock2",0.208245111756994,0.762450094746253,0.6,0.448,1
"Zfp710",0.20833393145133,-0.57454267432705,0.333,0.414,1
"Fam126a",0.208484472264384,0.426331762078635,0.178,0.069,1
"Anapc4",0.208484472264384,0.409229156866607,0.178,0.069,1
"Uqcrq",0.208484472264384,-0.389563764794091,0.089,0.207,1
"Irgm2",0.208484472264384,0.373194618299932,0.178,0.069,1
"mt-Nd2",0.209590232715059,-0.672871225452301,0.2,0.345,1
"Clic4",0.210244716371336,0.497825426499475,0.333,0.207,1
"2810013P06Rik",0.210403817659782,-0.442881588594582,0.111,0.207,1
"Zfp24",0.210403817659782,-0.61722516503608,0.111,0.207,1
"Acaca",0.210531524720359,-0.560717272185053,0.133,0.241,1
"Bod1l",0.210539203537698,-0.459962255655287,0.133,0.241,1
"Kctd13",0.210539203537698,-0.513899363810459,0.133,0.241,1
"Paxbp1",0.210539203537698,-0.494166362515532,0.133,0.241,1
"Yipf5",0.210539203537698,-0.694530711873116,0.133,0.241,1
"Zfp652",0.21072522530749,0.444290592089684,0.378,0.241,1
"Ccdc47",0.211954149570906,-0.783817405268259,0.089,0.172,1
"Dscaml1",0.212803536600987,0.482195861710737,0.467,0.31,1
"Cd9",0.213115656307131,0.387840394140556,0.467,0.276,1
"Itsn2",0.213936997519635,0.515796890849435,0.533,0.345,1
"Znrf2",0.214166706310465,0.646448814906038,0.2,0.103,1
"Stmn3",0.214875090628818,0.387588185664271,0.311,0.172,1
"Maml2",0.215099725848501,-0.440590310705573,0.356,0.483,1
"C1qtnf4",0.215361317345265,0.624510435631697,0.333,0.207,1
"Tmem131",0.215791108861707,-0.609660637261478,0.178,0.276,1
"Rpl37a",0.215791108861707,0.365508750698445,0.267,0.138,1
"Agtpbp1",0.215791108861707,0.46229653570782,0.267,0.138,1
"Zc3h7a",0.216620447678642,-0.522073847220247,0.2,0.31,1
"Cyld",0.216653920159571,0.325552644321331,0.4,0.241,1
"Pgap2",0.216685507266758,0.301049864966234,0.222,0.103,1
"Rps23",0.216685507266758,-0.665396827190899,0.133,0.241,1
"Rchy1",0.216992965677106,-0.579416006654693,0.111,0.207,1
"Anapc5",0.216992965677106,-0.505279886929935,0.111,0.207,1
"Gfpt1",0.216992965677106,-0.526175055427854,0.111,0.207,1
"Tln2",0.216992965677106,-0.620652175800004,0.111,0.207,1
"Cmtm5",0.216992965677106,-0.654870026321334,0.111,0.207,1
"Dusp16",0.217768648146306,0.359402237058303,0.422,0.276,1
"Pdxdc1",0.218780040722772,0.592954979804794,0.244,0.138,1
"Fign",0.219103392674796,0.397922221607619,0.4,0.241,1
"Gabra1",0.219181772896857,-0.882098705413607,0.089,0.172,1
"Myl12b",0.219181772896857,0.568687632256823,0.156,0.069,1
"Pmepa1",0.220086897261932,0.290990528532905,0.356,0.207,1
"Shtn1",0.220630177777187,-0.349539068994713,0.4,0.483,1
"Picalm",0.221563803193873,0.500005572399516,0.533,0.379,1
"Kmt5b",0.222134693098006,-0.552960327945551,0.2,0.31,1
"Gas7",0.222140734274234,-0.550292057061046,0.2,0.31,1
"Arid4a",0.222140734274234,-0.473704159289964,0.2,0.31,1
"Zbtb37",0.222284029851944,0.349337456006067,0.178,0.069,1
"4833420G17Rik",0.222284029851944,0.347495824091758,0.178,0.069,1
"Hnrnpu",0.222501634375265,-0.653039892543499,0.356,0.448,1
"Gm37376",0.222959886545859,0.405494148624245,0.222,0.103,1
"Hspa5",0.223729277430218,-0.526916525014242,0.111,0.207,1
"Gm10863",0.223729277430218,-0.740505474308827,0.111,0.207,1
"Pdzd8",0.223729277430218,-0.549813800063411,0.111,0.207,1
"Tgfbrap1",0.223853754616081,0.610437755793037,0.111,0.034,1
"Traf2",0.223853754616081,0.593717841318243,0.111,0.034,1
"Tnfrsf1b",0.223853754616081,0.514192116588682,0.111,0.034,1
"Amz2",0.223853754616081,0.584475182577941,0.111,0.034,1
"1110038F14Rik",0.223853754616081,0.620980145502689,0.111,0.034,1
"Zfp763",0.223853754616081,0.644121381258066,0.111,0.034,1
"Gm6277",0.223853754616081,0.559801158432652,0.111,0.034,1
"Ppp2r2b",0.223853754616081,0.603896881438049,0.111,0.034,1
"Ago3",0.224710591286108,-0.463730334480334,0.311,0.414,1
"Pitpnc1",0.225851123297272,-0.424891190131347,0.222,0.379,1
"Ablim2",0.22601664127218,0.548702124871464,0.311,0.207,1
"Polr3e",0.226584683981712,-0.570712179129452,0.089,0.172,1
"Ndel1",0.226584683981712,-0.864708378292438,0.089,0.172,1
"Tbc1d19",0.227168798133814,0.553149969740003,0.2,0.103,1
"Map4",0.227310785021198,0.255516273887247,0.444,0.31,1
"Uhrf2",0.227761046077396,0.464094508560057,0.289,0.172,1
"Fat3",0.228737150400286,-0.550099491177234,0.222,0.345,1
"Map7d2",0.229338845677045,-0.33540654158726,0.178,0.31,1
"Chgb",0.22936322534107,-0.50785258854272,0.133,0.241,1
"Cul4a",0.22936322534107,0.517586313495742,0.222,0.103,1
"Pcbp2",0.22936322534107,0.296812731965628,0.222,0.103,1
"Chn1",0.229423992140994,0.310948166769844,0.178,0.069,1
"Klf7",0.230569242897471,0.543236503801968,0.356,0.207,1
"Tmc7",0.230613835452435,-0.540476924347609,0.111,0.207,1
"Rfwd3",0.230613835452435,-0.491333258804339,0.111,0.207,1
"Ccdc12",0.230613835452435,-0.470127602695901,0.111,0.207,1
"Ints6",0.230613835452435,-0.49967549051939,0.111,0.207,1
"Kmt2a",0.231230683087154,-0.537378553109589,0.244,0.345,1
"Map1b",0.232235628949617,-0.346717475816399,0.289,0.448,1
"Glul",0.232463144787559,-0.399767314545791,0.311,0.483,1
"Cttnbp2",0.232490456480657,0.38939999963026,0.422,0.276,1
"Pea15a",0.232887717401093,0.495785485385393,0.111,0.034,1
"Nop10",0.232887717401093,0.496886485417768,0.111,0.034,1
"S100a16",0.232887717401093,0.520072079791129,0.111,0.034,1
"Atpaf1",0.232887717401093,0.433691825486205,0.111,0.034,1
"Arl6ip4",0.232887717401093,0.464189355455537,0.111,0.034,1
"C1galt1",0.232887717401093,0.36363538852607,0.111,0.034,1
"Suclg1",0.232887717401093,0.525897471274473,0.111,0.034,1
"Bicd1",0.232887717401093,0.585287641346138,0.111,0.034,1
"Tmco3",0.232887717401093,0.42299597851542,0.111,0.034,1
"Gm45640",0.232887717401093,0.479728391280627,0.111,0.034,1
"ENSMUSG00000120169",0.232887717401093,0.433065275892628,0.111,0.034,1
"Zdhhc3",0.232887717401093,0.460162353093512,0.111,0.034,1
"Ipcef1",0.232887717401093,0.471239567225523,0.111,0.034,1
"Togaram1",0.232887717401093,0.428699618482365,0.111,0.034,1
"Snapc1",0.232887717401093,0.560540130139445,0.111,0.034,1
"Cpsf2",0.232887717401093,0.56882233684682,0.111,0.034,1
"Lmbrd2",0.232887717401093,0.424482165316313,0.111,0.034,1
"Tob2",0.232887717401093,0.579346778506711,0.111,0.034,1
"Grik1",0.232887717401093,0.587255990799399,0.111,0.034,1
"Fez2",0.232887717401093,0.430040071346989,0.111,0.034,1
"Sall3",0.232887717401093,0.479699318003496,0.111,0.034,1
"Gm9895",0.232887717401093,0.514784280883819,0.111,0.034,1
"Rbm41",0.232887717401093,0.600128702110024,0.111,0.034,1
"Wdr33",0.233481957626841,0.522201923269144,0.289,0.172,1
"Pnpla7",0.233876852091062,0.663510625581403,0.2,0.103,1
"Pogk",0.234164250430259,0.562238727284976,0.156,0.069,1
"Whrn",0.234164250430259,0.699447148650703,0.156,0.069,1
"Htt",0.234164250430259,-0.759798359732139,0.089,0.172,1
"Tmod3",0.234164250430259,0.598844033556786,0.156,0.069,1
"Wbp2",0.234164250430259,0.649749555664303,0.156,0.069,1
"Tnni1",0.235896353176728,0.333551091763191,0.222,0.103,1
"Spi1",0.235896353176728,0.386721289869895,0.222,0.103,1
"Slx4ip",0.235896353176728,0.307783933250167,0.222,0.103,1
"Pds5a",0.235896353176728,0.405190445752305,0.222,0.103,1
"Ndufaf2",0.235896353176728,0.368569018770635,0.222,0.103,1
"Uty",0.235896353176728,-0.608130737952321,0.133,0.241,1
"Cacna2d1",0.236374184566473,-0.65417562073095,0.2,0.31,1
"Stx18",0.236725647567026,0.405594975007436,0.178,0.069,1
"Rpl19",0.236973979654808,-0.704212221408578,0.222,0.31,1
"Asxl2",0.237015542510304,0.552283420549619,0.244,0.138,1
"Mzt1",0.237647650157248,-0.496511787097824,0.111,0.207,1
"Ncoa2",0.23945830992462,-0.567616456316017,0.311,0.379,1
"Ralgps1",0.239933021226583,0.513776327510599,0.4,0.276,1
"Nrip1",0.239937807993109,0.457297891898365,0.4,0.276,1
"Car14",0.240724097571394,0.45901734620485,0.2,0.103,1
"Gm37459",0.241542593111435,0.586482930126105,0.467,0.31,1
"Naa20",0.241921736517432,0.484268175070045,0.156,0.069,1
"Ttc39b",0.241921736517432,-0.552029796258162,0.089,0.172,1
"Hpca",0.241921736517432,-0.580898838391239,0.089,0.172,1
"Arpc3",0.241921736517432,-0.758975930331486,0.089,0.172,1
"ENSMUSG00000120012",0.241921736517432,-0.531731641826745,0.089,0.172,1
"Ddx1",0.241921736517432,-0.530859271914228,0.089,0.172,1
"Scaf4",0.241921736517432,-0.713166087762688,0.089,0.172,1
"Mrps9",0.242177308134789,0.647576693334954,0.111,0.034,1
"Farsb",0.242177308134789,0.448520970129811,0.111,0.034,1
"Btg2",0.242177308134789,0.609858451566451,0.111,0.034,1
"Rgs2",0.242177308134789,0.462605587560501,0.111,0.034,1
"Arl5b",0.242177308134789,0.437130458785682,0.111,0.034,1
"Tmem127",0.242177308134789,0.442506484676468,0.111,0.034,1
"Cnbd2",0.242177308134789,0.393115260945113,0.111,0.034,1
"Sycp2",0.242177308134789,0.446182504955896,0.111,0.034,1
"Gm43821",0.242177308134789,0.426752992671067,0.111,0.034,1
"2410004B18Rik",0.242177308134789,0.518433457802506,0.111,0.034,1
"Cyp51",0.242177308134789,0.387596494808877,0.111,0.034,1
"Eif2b4",0.242177308134789,0.441548404096347,0.111,0.034,1
"Mtif3",0.242177308134789,0.438612746673201,0.111,0.034,1
"Tprkb",0.242177308134789,0.515078880406697,0.111,0.034,1
"Usp38",0.242177308134789,0.409223755189453,0.111,0.034,1
"Nae1",0.242177308134789,0.405579802190953,0.111,0.034,1
"Kri1",0.242177308134789,0.454823327823017,0.111,0.034,1
"Gm10701",0.242177308134789,0.601100124260708,0.111,0.034,1
"Polr2m",0.242177308134789,0.355035463264397,0.111,0.034,1
"Cnksr3",0.242177308134789,0.575182502152913,0.111,0.034,1
"Mrpl54",0.242177308134789,0.379656501325852,0.111,0.034,1
"Gabarap",0.242177308134789,0.382068551220144,0.111,0.034,1
"Gm48508",0.242177308134789,0.487241264735831,0.111,0.034,1
"Gm48226",0.242177308134789,0.335696438999341,0.111,0.034,1
"Mplkip",0.242177308134789,0.479553805655156,0.111,0.034,1
"Grk6",0.242177308134789,0.378559634765347,0.111,0.034,1
"Zswim8",0.242177308134789,0.509006891888795,0.111,0.034,1
"Psmc6",0.242177308134789,0.472596121916755,0.111,0.034,1
"Arc",0.242177308134789,0.589737010938023,0.111,0.034,1
"Pfdn5",0.242177308134789,0.437729897573285,0.111,0.034,1
"Ift57",0.242177308134789,0.54697636996948,0.111,0.034,1
"Ring1",0.242177308134789,0.430856838884857,0.111,0.034,1
"1500015L24Rik",0.242177308134789,0.437381302882209,0.111,0.034,1
"Hcfc1",0.242177308134789,0.449717891181589,0.111,0.034,1
"Zcchc18",0.242177308134789,0.602318136074031,0.111,0.034,1
"Ptbp2",0.242261460693778,0.373584021144493,0.333,0.207,1
"Cobl",0.242560043323792,0.270858358402798,0.222,0.103,1
"Selenok",0.242560043323792,-0.346161786899227,0.133,0.241,1
"Cox6c",0.242560043323792,-0.687120933230237,0.133,0.241,1
"Galnt6",0.242560043323792,0.375675000992085,0.222,0.103,1
"Arfgap1",0.244831657282361,-0.524086663099382,0.111,0.207,1
"Zyg11b",0.244831657282361,-0.706791829622017,0.111,0.207,1
"Aff1",0.244831657282361,-0.740112605199641,0.111,0.207,1
"Rsl1d1",0.244831657282361,-0.534711328727147,0.111,0.207,1
"Eif4g1",0.244831657282361,-0.614209463994576,0.111,0.207,1
"Myrf",0.244831657282361,-0.494936572422725,0.111,0.207,1
"Dennd6a",0.245227709010761,0.492343373982877,0.289,0.172,1
"Crebzf",0.246712485752068,-0.644545393311255,0.289,0.379,1
"Gm19500",0.246712485752068,0.372269830319664,0.378,0.241,1
"Gapvd1",0.247711342752415,0.674862949640829,0.2,0.103,1
"Dennd4c",0.247711342752415,0.491508223656892,0.2,0.103,1
"Map2k5",0.247913533500178,-0.564127662533946,0.244,0.345,1
"Cox5a",0.248606501678499,0.284072708659854,0.311,0.172,1
"Gm20528",0.249858299283573,-0.51923756967833,0.089,0.172,1
"Cnih4",0.249858299283573,0.648835312702634,0.156,0.069,1
"Ncoa5",0.249858299283573,0.434561583506455,0.156,0.069,1
"Glrx3",0.249858299283573,0.457446211461816,0.156,0.069,1
"Tubb3",0.249858299283573,0.699117687265911,0.156,0.069,1
"Pcbp4",0.249858299283573,0.537477186987563,0.156,0.069,1
"Zdhhc14",0.249948004583258,-0.303259099777783,0.422,0.552,1
"Tcf12",0.250185198700753,0.553318368250645,0.644,0.586,1
"Hapln2",0.250768367910046,-0.66097684748382,0.244,0.345,1
"Opalin",0.251168708084476,0.627173576898979,0.356,0.241,1
"Abca2",0.251253525970178,0.461157617163678,0.289,0.172,1
"Stx16",0.251253525970178,-0.499189930043829,0.2,0.31,1
"Slc20a2",0.251253525970178,-0.503188380594015,0.2,0.31,1
"Kansl3",0.251724535192047,0.266977133680795,0.111,0.034,1
"Gm10138",0.251724535192047,0.395741586570501,0.111,0.034,1
"Nvl",0.251724535192047,0.359663632335467,0.111,0.034,1
"Brox",0.251724535192047,0.495059794251536,0.111,0.034,1
"Nelfb",0.251724535192047,0.437703365262385,0.111,0.034,1
"Vps18",0.251724535192047,0.361557031465827,0.111,0.034,1
"Ssr2",0.251724535192047,0.424105145681836,0.111,0.034,1
"Miga1",0.251724535192047,0.289375416394168,0.111,0.034,1
"Fbxo10",0.251724535192047,0.30725158788323,0.111,0.034,1
"Ppm1g",0.251724535192047,0.371029807008211,0.111,0.034,1
"Slain2",0.251724535192047,0.372832977154997,0.111,0.034,1
"Mob1b",0.251724535192047,0.328974717624923,0.111,0.034,1
"Vps33a",0.251724535192047,0.311905906669091,0.111,0.034,1
"Ybx3",0.251724535192047,0.403514329469489,0.111,0.034,1
"Ebf3",0.251724535192047,0.438047038809502,0.111,0.034,1
"Mob2",0.251724535192047,0.439142342580881,0.111,0.034,1
"Bag4",0.251724535192047,0.35802979140584,0.111,0.034,1
"Primpol",0.251724535192047,0.439897555461584,0.111,0.034,1
"Spg7",0.251724535192047,0.44957984536894,0.111,0.034,1
"Snap91",0.251724535192047,0.34231459491702,0.111,0.034,1
"Ado",0.251724535192047,0.450126721570467,0.111,0.034,1
"Mbd3",0.251724535192047,0.374830083292354,0.111,0.034,1
"Llgl1",0.251724535192047,0.413927602553737,0.111,0.034,1
"Derl2",0.251724535192047,0.372104168188171,0.111,0.034,1
"Zfp830",0.251724535192047,0.41896871915973,0.111,0.034,1
"Mrpl27",0.251724535192047,0.386699605250828,0.111,0.034,1
"Wdcp",0.251724535192047,0.435173441942938,0.111,0.034,1
"Smdt1",0.251724535192047,0.297771045030073,0.111,0.034,1
"Cpped1",0.251724535192047,0.340031512698121,0.111,0.034,1
"Tfrc",0.251724535192047,0.398744192587778,0.111,0.034,1
"Gm26672",0.251724535192047,0.535972659449246,0.111,0.034,1
"1500015A07Rik",0.251724535192047,0.395108743265256,0.111,0.034,1
"Ablim1",0.251724535192047,0.373602732815916,0.111,0.034,1
"Cacul1",0.251724535192047,0.354493259633917,0.111,0.034,1
"ENSMUSG00000119984",0.251724535192047,0.346409030785214,0.111,0.034,1
"Trmt2b",0.251724535192047,0.386963854023201,0.111,0.034,1
"Dnaja1",0.252166715374948,-0.553901964364975,0.111,0.207,1
"Ube2h",0.25244361769439,-0.344231946777929,0.356,0.448,1
"Clk1",0.252587464639001,0.471213575492968,0.356,0.207,1
"Slc29a3",0.253657251319267,0.681194784204438,0.333,0.207,1
"Gigyf2",0.254334836092892,-0.491771842855128,0.222,0.345,1
"Usp12",0.254839328155712,0.425300375321201,0.2,0.103,1
"Nptn",0.255872701054695,-0.314490594551547,0.378,0.483,1
"Nrgn",0.255877080259151,-0.599439562206925,0.378,0.483,1
"Lin52",0.256281911688609,0.38622827159293,0.222,0.103,1
"Atp5g3",0.256299821716331,0.470277017975395,0.244,0.138,1
"Macrod2",0.257381895062293,0.56091337467672,0.289,0.172,1
"Vps72",0.257974984703047,-0.61955780433897,0.089,0.172,1
"Usp48",0.257974984703047,-0.395780966535087,0.089,0.172,1
"Eps15l1",0.257974984703047,0.439274163593293,0.156,0.069,1
"Rab11fip3",0.257974984703047,-0.623588038226808,0.089,0.172,1
"Commd10",0.257974984703047,0.659060264668696,0.156,0.069,1
"Gm31166",0.257974984703047,0.493931573591148,0.156,0.069,1
"Chuk",0.257974984703047,0.501049431873653,0.156,0.069,1
"Prrg1",0.257974984703047,-0.696865665712741,0.089,0.172,1
"Ube4a",0.258407526245709,-0.415280622088384,0.178,0.276,1
"Dnajc3",0.259653603323086,-0.317054683001486,0.111,0.207,1
"Elob",0.259653603323086,-0.353335879257652,0.111,0.207,1
"Sf1",0.259653603323086,-0.42267490694399,0.111,0.207,1
"Ulk2",0.260553054266513,-0.436194515785909,0.267,0.414,1
"Gm28320",0.261531176897989,0.318149112244899,0.111,0.034,1
"Pard3bos1",0.261531176897989,0.362394100831512,0.111,0.034,1
"Adcy10",0.261531176897989,0.429060710064722,0.111,0.034,1
"Arhgap30",0.261531176897989,0.285373388706967,0.111,0.034,1
"Notch1",0.261531176897989,0.297638323831654,0.111,0.034,1
"Tanc1",0.261531176897989,0.51998806188248,0.111,0.034,1
"Aph1a",0.261531176897989,0.340570890436955,0.111,0.034,1
"Pon2",0.261531176897989,0.463432554984022,0.111,0.034,1
"Gm45509",0.261531176897989,0.329213517727199,0.111,0.034,1
"Gm44883",0.261531176897989,0.332603959722863,0.111,0.034,1
"Ap3s2",0.261531176897989,0.374203628590596,0.111,0.034,1
"Wwc2",0.261531176897989,0.352038467813434,0.111,0.034,1
"Tcaim",0.261531176897989,0.44775510253559,0.111,0.034,1
"Sfi1",0.261531176897989,0.304822328145105,0.111,0.034,1
"Eif5a",0.261531176897989,0.306102325875705,0.111,0.034,1
"Rnft1",0.261531176897989,0.393429014155983,0.111,0.034,1
"Mrc2",0.261531176897989,0.498053546121476,0.111,0.034,1
"Gtpbp4",0.261531176897989,0.421765425365262,0.111,0.034,1
"Adamts16",0.261531176897989,0.324667736694403,0.111,0.034,1
"Shld2",0.261531176897989,0.285554476070749,0.111,0.034,1
"Psmb5",0.261531176897989,0.431842941683484,0.111,0.034,1
"Gm17922",0.261531176897989,0.384814303179058,0.111,0.034,1
"Etf1",0.261531176897989,0.442664755428047,0.111,0.034,1
"Snhg1",0.261531176897989,0.304088904069673,0.111,0.034,1
"Pcgf6",0.261531176897989,0.317672835480872,0.111,0.034,1
"Aff2",0.261531176897989,0.41188176623017,0.111,0.034,1
"Hdac9",0.262494384344526,0.603661274346734,0.356,0.241,1
"Srpr",0.262963640744686,0.450501261797621,0.244,0.138,1
"Micu2",0.262963640744686,0.453618308746443,0.244,0.138,1
"Agfg1",0.263341339267535,-0.404633226956616,0.133,0.241,1
"Hectd4",0.263341339267535,-0.367897291320302,0.133,0.241,1
"Tecpr2",0.263341339267535,-0.348181146925954,0.133,0.241,1
"Zmiz1",0.263341339267535,-0.472883945160555,0.133,0.241,1
"Tmem234",0.263613213285451,0.293930159478708,0.289,0.172,1
"Rasal2",0.263689007163175,-0.254845778161452,0.2,0.345,1
"Sox10",0.264020888285916,-0.28031954093507,0.311,0.448,1
"Ndfip2",0.264941844914517,0.295064719567176,0.267,0.138,1
"Tnpo1",0.265421011626941,0.312624368800849,0.333,0.207,1
"Hsd17b12",0.266066033634298,-0.695122620437281,0.067,0.138,1
"Pcdh10",0.266066033634298,-0.58295294074232,0.067,0.138,1
"Mtf1",0.266066033634298,-0.536875347059604,0.067,0.138,1
"Tubgcp2",0.266066033634298,-0.540341760964913,0.067,0.138,1
"Plpbp",0.266066033634298,-0.53616937234993,0.067,0.138,1
"Cnot10",0.266066033634298,-0.562637563870728,0.067,0.138,1
"Abhd6",0.266066033634298,-0.480885279389064,0.067,0.138,1
"Hspa9",0.266066033634298,-0.642114155882207,0.067,0.138,1
"Scg2",0.266272723935314,-0.507605151885378,0.089,0.172,1
"Tnfrsf11a",0.266272723935314,-0.482289398487699,0.089,0.172,1
"Usp20",0.266272723935314,-0.62307138127206,0.089,0.172,1
"Ndufa8",0.266272723935314,0.569134107705345,0.156,0.069,1
"Rc3h2",0.266272723935314,-0.673899796331775,0.089,0.172,1
"Ppp4r1l-ps",0.266272723935314,0.409182505658383,0.156,0.069,1
"Smg5",0.266272723935314,0.524468552978637,0.156,0.069,1
"Acot7",0.266272723935314,0.517763672578968,0.156,0.069,1
"Zfp512",0.266272723935314,0.530762265861291,0.156,0.069,1
"Cpt1c",0.266272723935314,-0.431606144420635,0.089,0.172,1
"Gabrb3",0.266272723935314,0.421395108876997,0.156,0.069,1
"Snap47",0.266272723935314,0.539906245841745,0.156,0.069,1
"Msh3",0.266272723935314,-0.54705632882978,0.089,0.172,1
"Puf60",0.266272723935314,-0.508797765440126,0.089,0.172,1
"Larp4",0.266272723935314,-0.532837917423651,0.089,0.172,1
"Anks3",0.266272723935314,-0.504306339128796,0.089,0.172,1
"Parn",0.266272723935314,-0.704141168814285,0.089,0.172,1
"Ap1s2",0.266272723935314,-0.414314107768502,0.089,0.172,1
"Plpp3",0.267293017938342,-0.427308663148419,0.111,0.207,1
"Synrg",0.267293017938342,-0.408259770583647,0.111,0.207,1
"Hspa8",0.267492517645393,-0.50563538134753,0.378,0.448,1
"mt-Nd4",0.268421239490107,-0.478150202074872,0.356,0.448,1
"Cpeb2",0.269520131233629,0.473415661760197,0.2,0.103,1
"Ppm1b",0.269520131233629,0.363793480705979,0.2,0.103,1
"Spire1",0.269520131233629,0.417783421074791,0.2,0.103,1
"Ssr4",0.269520131233629,0.637240498482222,0.2,0.103,1
"Rbm5",0.269570295294027,-0.68744112390549,0.311,0.379,1
"Wdr20",0.269941580605837,-0.579658921450252,0.2,0.31,1
"Arid1a",0.26994783939091,0.426823514395096,0.289,0.172,1
"Smad7",0.270223173240782,-0.378259218094116,0.444,0.517,1
"Dnaaf9",0.270305738226301,-0.536138001676962,0.422,0.448,1
"Clcn3",0.271441672626356,0.569834554410833,0.311,0.241,1
"Tlr4",0.271598772255533,0.371092671048514,0.111,0.034,1
"Efhd2",0.271598772255533,0.399110022148271,0.111,0.034,1
"Gabra2",0.271598772255533,0.39029606389786,0.111,0.034,1
"Ift46",0.271598772255533,0.319221512248742,0.111,0.034,1
"Senp8",0.271598772255533,0.255691765875669,0.111,0.034,1
"Mthfsl",0.271598772255533,0.367529629200202,0.111,0.034,1
"Izumo4",0.271598772255533,0.414606827569997,0.111,0.034,1
"2810410L24Rik",0.271598772255533,0.390789129421912,0.111,0.034,1
"Synj2bp",0.271598772255533,0.25981171223743,0.111,0.034,1
"Gm30054",0.271598772255533,0.28613671482462,0.111,0.034,1
"Comtd1",0.271598772255533,0.328611280901734,0.111,0.034,1
"Cbwd1",0.271598772255533,0.308169797046709,0.111,0.034,1
"Nf1",0.271706888361015,0.402791258139031,0.489,0.31,1
"Son",0.272160145708818,0.286550555886385,0.733,0.517,1
"Ank3",0.272404488468873,0.36299333651438,0.911,0.793,1
"Vapa",0.272465097088205,-0.435566201910025,0.222,0.345,1
"Pkn2",0.272539869458928,-0.544983125129518,0.311,0.414,1
"Hnrnpl",0.27269248236243,0.480843153162194,0.267,0.172,1
"Pgap1",0.274752329667533,-0.510142875835957,0.089,0.172,1
"Notch2",0.274752329667533,0.448247698011689,0.156,0.069,1
"Ssbp3",0.274752329667533,-0.490673096361606,0.089,0.172,1
"Kdm1a",0.274752329667533,0.429239363327435,0.156,0.069,1
"Gsap",0.274752329667533,0.488515783019462,0.156,0.069,1
"Atp6v1f",0.274752329667533,-0.583374283369159,0.089,0.172,1
"Avl9",0.274752329667533,0.494782335938406,0.156,0.069,1
"Tgfb1",0.274752329667533,-0.558253900528993,0.089,0.172,1
"Cyfip2",0.274752329667533,0.400726315945938,0.156,0.069,1
"Nudt13",0.274752329667533,0.558579643137819,0.156,0.069,1
"Smc3",0.274752329667533,-0.350179393657308,0.089,0.172,1
"Zfp398",0.275085571594485,-0.448455886959936,0.111,0.207,1
"Tcf7l2",0.275085571594485,-0.394714542613556,0.111,0.207,1
"Dip2a",0.275317857936566,-0.513281369593238,0.311,0.379,1
"Rad9b",0.275554359542903,-0.588514327528551,0.067,0.138,1
"Ufsp2",0.275554359542903,-0.48811693826331,0.067,0.138,1
"Sidt2",0.275554359542903,-0.475837790824012,0.067,0.138,1
"Plekhj1",0.275554359542903,-0.544977092933646,0.067,0.138,1
"Dlg4",0.275554359542903,-0.487320170400643,0.067,0.138,1
"Ankrd46",0.275554359542903,-0.537424751937676,0.067,0.138,1
"Fmr1",0.275554359542903,-0.556087779837399,0.067,0.138,1
"Tm9sf3",0.276647631799311,0.441872174303077,0.244,0.138,1
"Rps20",0.27707407352199,0.383156778561964,0.2,0.103,1
"Ube2j1",0.27707407352199,0.451036455593607,0.2,0.103,1
"Rpl5",0.27707407352199,0.384210362558793,0.2,0.103,1
"Stk10",0.27707407352199,0.407703930049994,0.2,0.103,1
"Tle4",0.277660887529419,-0.462647107797411,0.156,0.241,1
"Jak2",0.277660887529419,-0.740340735487146,0.156,0.241,1
"Srek1",0.277859180152973,0.5634194058626,0.356,0.276,1
"Tmx4",0.278349748039185,0.306100517760559,0.267,0.138,1
"Atp1a1",0.278349748039185,-0.506467163714753,0.178,0.276,1
"Herc4",0.278349748039185,-0.419818229257783,0.178,0.276,1
"Rpl3",0.278349748039185,-0.562651591302517,0.178,0.276,1
"Selenow",0.278700429430675,-0.35593679032606,0.222,0.345,1
"Abhd17b",0.278764847450291,0.427792279106442,0.578,0.448,1
"Nbeal1",0.280641258806483,0.51180735487702,0.333,0.207,1
"Myo9a",0.280845126710126,0.374541402437527,0.422,0.276,1
"Prickle2",0.282168702848106,0.442456634039752,0.689,0.586,1
"Fcer1g",0.283414492557794,0.299410038952255,0.156,0.069,1
"Gpd2",0.283414492557794,0.332573932085882,0.156,0.069,1
"Snap23",0.283414492557794,0.263442372694991,0.156,0.069,1
"Cops2",0.283414492557794,-0.422513019716809,0.089,0.172,1
"Cers2",0.283414492557794,0.43026712408498,0.156,0.069,1
"2810405F17Rik",0.283414492557794,0.344730858906521,0.156,0.069,1
"Exoc1",0.283414492557794,0.411364981325479,0.156,0.069,1
"Rnf121",0.283414492557794,0.419297477144452,0.156,0.069,1
"Birc2",0.283414492557794,0.377311567125301,0.156,0.069,1
"Smarcc1",0.283414492557794,0.368175745801902,0.156,0.069,1
"Mettl25",0.283414492557794,0.611801943155043,0.156,0.069,1
"Sertad2",0.283414492557794,-0.301563823554065,0.089,0.172,1
"Vps54",0.283414492557794,0.344459976157526,0.156,0.069,1
"Pex13",0.283414492557794,-0.413471959825037,0.089,0.172,1
"Ttc19",0.283414492557794,-0.379519699899493,0.089,0.172,1
"Wipi1",0.283414492557794,0.326605898523781,0.156,0.069,1
"Max",0.283414492557794,0.364985870274847,0.156,0.069,1
"Zfyve26",0.283414492557794,-0.426195669840889,0.089,0.172,1
"Lifr",0.283414492557794,0.387446379671293,0.156,0.069,1
"Cd80",0.283414492557794,-0.371717958534144,0.089,0.172,1
"Capn15",0.283414492557794,0.416604880712113,0.156,0.069,1
"Nfyc",0.283668544888739,0.447550673214777,0.244,0.138,1
"Cds2",0.284771001407513,0.481976807301296,0.2,0.103,1
"Mical3",0.285032139779798,-0.425024979791481,0.222,0.345,1
"Dennd5b",0.285223993569221,-0.275689093170827,0.178,0.276,1
"Pip4p1",0.285223993569221,-0.423218595658569,0.178,0.276,1
"Kcnq5",0.285270990711693,-0.471419992459094,0.067,0.138,1
"Gm13708",0.285270990711693,-0.429528309013971,0.067,0.138,1
"Cntfr",0.285270990711693,-0.470886943834768,0.067,0.138,1
"Ube4b",0.285270990711693,-0.459053580472848,0.067,0.138,1
"Ncf1",0.285270990711693,-0.421095298141982,0.067,0.138,1
"Mtpn",0.285270990711693,-0.650466056617606,0.067,0.138,1
"Washc2",0.285270990711693,-0.535301397893259,0.067,0.138,1
"Dnajc13",0.285270990711693,-0.4739868120243,0.067,0.138,1
"Usp22",0.285270990711693,-0.499171355983418,0.067,0.138,1
"Snx6",0.285270990711693,-0.545088150585468,0.067,0.138,1
"Tmem184b",0.285270990711693,-0.395880740923937,0.067,0.138,1
"Csad",0.285270990711693,-0.42754439695732,0.067,0.138,1
"Ppil2",0.285270990711693,-0.495988873818195,0.067,0.138,1
"Dlg3",0.285270990711693,-0.504060143525582,0.067,0.138,1
"Eid1",0.28587696077779,-0.591942262990758,0.222,0.31,1
"Slain1",0.285970847182603,-0.341227125995778,0.333,0.448,1
"AW554918",0.286041342644978,0.431912007972995,0.267,0.172,1
"Trio",0.286047912725172,-0.776747662557169,0.2,0.276,1
"Sytl2",0.286598413781991,0.573699365017047,0.467,0.379,1
"Luc7l2",0.287860570258397,0.318019012555694,0.778,0.793,1
"Rps16",0.288560524603652,0.576145596536788,0.222,0.138,1
"9930021J03Rik",0.28867320444114,-0.871844759477456,0.133,0.207,1
"Piga",0.28867320444114,-0.649061694326724,0.133,0.207,1
"Tra2a",0.289377026534023,-0.546752975351362,0.4,0.483,1
"Rab31",0.289433105870513,0.414684088666041,0.556,0.448,1
"Birc6",0.290785146778523,0.340939630212337,0.444,0.31,1
"Mdh2",0.290809141333314,0.352876944415819,0.244,0.138,1
"Clk2",0.291132109600335,-0.347007251182423,0.111,0.207,1
"Reep3",0.291132109600335,-0.253021904614542,0.111,0.207,1
"R3hdm2",0.291407714280395,0.392448662751989,0.333,0.241,1
"Mknk1",0.291460428803276,-0.275288855042248,0.222,0.345,1
"Ncor1",0.29217372698795,-0.302277981184252,0.378,0.517,1
"Csf3r",0.292212128107921,-0.496246471288353,0.178,0.276,1
"Tmem168",0.292248690982845,0.480107029992342,0.156,0.069,1
"Wdr44",0.292256983171302,-0.606437479439619,0.156,0.241,1
"Ccni",0.292259777788045,0.299416682324701,0.156,0.069,1
"Atp5k",0.292259777788045,-0.373682536815556,0.089,0.172,1
"Pxn",0.292259777788045,0.347404019936339,0.156,0.069,1
"Gabarapl1",0.292259777788045,0.484231798186747,0.156,0.069,1
"Sh3gl3",0.292259777788045,0.374277242293077,0.156,0.069,1
"Ctsc",0.292259777788045,0.299085389612644,0.156,0.069,1
"Rnf167",0.292259777788045,0.421202600110809,0.156,0.069,1
"Rasa1",0.292259777788045,-0.46687214519256,0.089,0.172,1
"Mapk1ip1l",0.292259777788045,-0.382834200177947,0.089,0.172,1
"Gap43",0.292259777788045,-0.58590435268503,0.089,0.172,1
"Sft2d1",0.292259777788045,0.553852888351848,0.156,0.069,1
"Exoc6",0.292259777788045,0.386305512422223,0.156,0.069,1
"Ube2d1",0.292329239764845,0.360662156261408,0.356,0.241,1
"Slmap",0.292334551942314,-0.434289473663695,0.267,0.379,1
"Naa12",0.292437997235463,-0.410887248909609,0.222,0.31,1
"Snx27",0.292611287432244,0.435994658051684,0.2,0.103,1
"Stim1",0.292611287432244,0.480926101007672,0.2,0.103,1
"Usp15",0.292888682624522,-0.562073292823148,0.2,0.276,1
"Eif5",0.292888682624522,0.385182491295435,0.267,0.172,1
"Gm38162",0.292913950655612,-0.27210769368358,0.133,0.241,1
"Ssbp1",0.292913950655612,-0.285596943660326,0.133,0.241,1
"Gm38062",0.295216689894892,-0.470858620695367,0.067,0.138,1
"Ufc1",0.295216689894892,-0.518902981136136,0.067,0.138,1
"Cr1l",0.295216689894892,-0.43536763276338,0.067,0.138,1
"Nmt2",0.295216689894892,-0.411054625030477,0.067,0.138,1
"Kiz",0.295216689894892,-0.334938240389946,0.067,0.138,1
"Tmem131l",0.295216689894892,-0.433992674782472,0.067,0.138,1
"Ccnc",0.295216689894892,-0.464714056790874,0.067,0.138,1
"Cyp2j12",0.295216689894892,-0.545097925408582,0.067,0.138,1
"Necap2",0.295216689894892,-0.488288238689041,0.067,0.138,1
"Nt5c3",0.295216689894892,-0.281630831113153,0.067,0.138,1
"B230206H07Rik",0.295216689894892,-0.486336300907469,0.067,0.138,1
"Elmod1",0.295216689894892,-0.385725204117034,0.067,0.138,1
"Zbtb24",0.295216689894892,-0.467119341700886,0.067,0.138,1
"Eif4ebp2",0.295216689894892,-0.454698392189831,0.067,0.138,1
"Uqcr10",0.295216689894892,-0.279063612852978,0.067,0.138,1
"Adamts2",0.295216689894892,-0.474034415298223,0.067,0.138,1
"Tvp23b",0.295216689894892,-0.330330152228404,0.067,0.138,1
"Rpl35a",0.295216689894892,-0.341389682331721,0.067,0.138,1
"Bcap31",0.295216689894892,-0.458711933520794,0.067,0.138,1
"Tafazzin",0.295216689894892,-0.438967961413664,0.067,0.138,1
"Rbbp7",0.295216689894892,-0.401887522696128,0.067,0.138,1
"Tmem126a",0.295985115681377,0.502148931414224,0.222,0.138,1
"Pum1",0.296325210683917,0.438304605303959,0.289,0.172,1
"Cct4",0.29677789398015,-0.45226082354467,0.044,0.103,1
"Sned1",0.296796785828608,-0.476881941460482,0.044,0.103,1
"Uap1",0.296796785828608,-0.470058007241302,0.044,0.103,1
"Nup188",0.296796785828608,-0.470855216105399,0.044,0.103,1
"Il1a",0.296796785828608,-0.537706346797193,0.044,0.103,1
"Napb",0.296796785828608,-0.457692875669319,0.044,0.103,1
"Trp53inp2",0.296796785828608,-0.565897205877014,0.044,0.103,1
"Pmvk",0.296796785828608,-0.432066811771191,0.044,0.103,1
"Dennd4b",0.296796785828608,-0.448191843046553,0.044,0.103,1
"Ift74",0.296796785828608,-0.486418284192997,0.044,0.103,1
"Ctnnbip1",0.296796785828608,-0.525147849868552,0.044,0.103,1
"Slbp",0.296796785828608,-0.430540683756203,0.044,0.103,1
"Bcl2l13",0.296796785828608,-0.416789815029831,0.044,0.103,1
"Tsen34",0.296796785828608,-0.487717846332985,0.044,0.103,1
"Gm45345",0.296796785828608,-0.596200388781823,0.044,0.103,1
"Thyn1",0.296796785828608,-0.610629531584634,0.044,0.103,1
"Nfrkb",0.296796785828608,-0.46192740437068,0.044,0.103,1
"Cyb5r4",0.296796785828608,-0.407328721551542,0.044,0.103,1
"Slc35f1",0.296796785828608,-0.607332138210872,0.044,0.103,1
"Mcm3ap",0.296796785828608,-0.375219115481649,0.044,0.103,1
"Sppl2b",0.296796785828608,-0.494993290592782,0.044,0.103,1
"Gm12146",0.296796785828608,-0.584821457647297,0.044,0.103,1
"Cluh",0.296796785828608,-0.566998535003339,0.044,0.103,1
"Cpsf3",0.296796785828608,-0.565471011372077,0.044,0.103,1
"Id2",0.296796785828608,-0.442001603420579,0.044,0.103,1
"Gfod1",0.296796785828608,-0.481105683760124,0.044,0.103,1
"Zfp458",0.296796785828608,-0.411162616319735,0.044,0.103,1
"Arhgef3",0.296796785828608,-0.426791329008084,0.044,0.103,1
"Fhip2b",0.296796785828608,-0.480897852470271,0.044,0.103,1
"Gpc6",0.296796785828608,-0.564250246727397,0.044,0.103,1
"Etv5",0.296796785828608,-0.571725704551699,0.044,0.103,1
"Zfp36l2",0.296796785828608,-0.511979085641129,0.044,0.103,1
"Arl6ip1",0.29798546120945,-0.360970342981347,0.222,0.345,1
"Ddx6",0.298069656339249,0.369340678580911,0.244,0.138,1
"Rbfox1",0.299018760716799,-0.464167532002324,0.289,0.379,1
"Esf1",0.299386876141929,-0.370216220268188,0.111,0.207,1
"Cdk6",0.299386876141929,-0.346616688524874,0.111,0.207,1
"Rp2",0.299386876141929,-0.339963146316052,0.111,0.207,1
"Tsc22d3",0.299386876141929,-0.346412673180288,0.111,0.207,1
"Gm55122",0.30021085905545,0.441470206217968,0.511,0.448,1
"Dock5",0.300595224955127,0.391172332798018,0.2,0.103,1
"Nrf1",0.300642652701915,-0.475982480746557,0.133,0.241,1
"Gm13905",0.301288621735713,0.336742936348022,0.156,0.069,1
"Mob3b",0.301288621735713,-0.340439250075841,0.089,0.172,1
"Coq2",0.301288621735713,0.378207075065584,0.156,0.069,1
"Zfp157",0.301288621735713,-0.264419174999382,0.089,0.172,1
"Ap2s1",0.301288621735713,-0.436691669196363,0.089,0.172,1
"Insyn2a",0.301288621735713,0.308799887982416,0.156,0.069,1
"Rxylt1",0.301288621735713,-0.476927791919379,0.089,0.172,1
"Gm49599",0.301288621735713,-0.371588283829497,0.089,0.172,1
"2410021H03Rik",0.301288621735713,0.386911290436663,0.156,0.069,1
"Cuedc2",0.301288621735713,0.465703565986954,0.156,0.069,1
"Smap2",0.302424355150561,0.306873880575326,0.444,0.31,1
"Krcc1",0.303180358845874,-0.349957245585119,0.2,0.31,1
"Prkce",0.303180358845874,0.523110957812709,0.289,0.172,1
"Pld1",0.303529032961016,0.355888147756661,0.422,0.31,1
"Dtnb",0.303536497080501,0.408837483135897,0.222,0.138,1
"4930420G21Rik",0.303536497080501,0.71064864253205,0.222,0.138,1
"Rap1a",0.304014724210264,0.49114471084943,0.444,0.345,1
"Tab2",0.304127079858974,-0.429256900090004,0.244,0.379,1
"Nrg3",0.304607365102688,0.371547716095749,0.311,0.207,1
"Rars2",0.304641132625079,-0.926634358620278,0.133,0.207,1
"Gmeb1",0.304641132625079,-0.500298388516335,0.133,0.207,1
"Rpe",0.305392017452942,-0.377152383173853,0.067,0.138,1
"Slc2a5",0.305392017452942,-0.411290793552808,0.067,0.138,1
"Psmc2",0.305392017452942,-0.390376126402497,0.067,0.138,1
"Enoph1",0.305392017452942,-0.47857509628935,0.067,0.138,1
"Eif3k",0.305392017452942,-0.445792861243987,0.067,0.138,1
"Tmem38a",0.305392017452942,-0.3328298489776,0.067,0.138,1
"Cx3cl1",0.305392017452942,-0.434748059580857,0.067,0.138,1
"Vps9d1",0.305392017452942,-0.422030847696769,0.067,0.138,1
"Wdr82",0.305392017452942,-0.367704033380708,0.067,0.138,1
"Snx3",0.305392017452942,-0.348844067987586,0.067,0.138,1
"Med1",0.305392017452942,-0.393806081109185,0.067,0.138,1
"Gm31243",0.307359783285087,-0.48077744060591,0.156,0.241,1
"Nfx1",0.307359783285087,-0.713954477356481,0.156,0.241,1
"Evi5",0.307359783285087,-0.605475254657407,0.156,0.241,1
"Rgl1",0.308723026424982,0.355857304531392,0.2,0.103,1
"Mia3",0.308723026424982,0.349294504797117,0.2,0.103,1
"Immt",0.308723026424982,0.46273238386156,0.2,0.103,1
"E2f3",0.308723026424982,0.400187177287548,0.2,0.103,1
"Brd9",0.308723026424982,0.511600350443516,0.2,0.103,1
"Ppp1r10",0.308723026424982,0.393081985404807,0.2,0.103,1
"ENSMUSG00000121277",0.308734902746645,-0.456067537144098,0.044,0.103,1
"Slamf6",0.308734902746645,-0.484491057354744,0.044,0.103,1
"Akirin2",0.308734902746645,-0.417213551380572,0.044,0.103,1
"Fndc5",0.308734902746645,-0.570514161024801,0.044,0.103,1
"Rbm28",0.308734902746645,-0.384585820906261,0.044,0.103,1
"Med21",0.308734902746645,-0.394722118438901,0.044,0.103,1
"Lingo1",0.308734902746645,-0.414928172948841,0.044,0.103,1
"ENSMUSG00000120766",0.308734902746645,-0.429471226391827,0.044,0.103,1
"Rab32",0.308734902746645,-0.39407575805448,0.044,0.103,1
"Cep57l1",0.308734902746645,-0.522237770665125,0.044,0.103,1
"Dnaaf10",0.308734902746645,-0.488090252153749,0.044,0.103,1
"Susd3",0.308734902746645,-0.491712122409705,0.044,0.103,1
"Polr2f",0.308734902746645,-0.406924622006381,0.044,0.103,1
"Pdzrn4",0.308734902746645,-0.604765716278482,0.044,0.103,1
"Ufd1",0.308734902746645,-0.48380653649212,0.044,0.103,1
"Cul4b",0.308734902746645,-0.583031415650482,0.044,0.103,1
"Ddx50",0.309532983218288,-0.510802766432684,0.333,0.448,1
"Smarcc2",0.310140116765546,0.296333683638895,0.289,0.172,1
"Taf3",0.310501328772952,0.315140389900698,0.156,0.069,1
"Sh3gl2",0.310501328772952,-0.324642301151508,0.089,0.172,1
"Dhx15",0.310501328772952,0.315056721689134,0.156,0.069,1
"Pcgf3",0.310501328772952,-0.298403145637959,0.089,0.172,1
"N4bp1",0.310501328772952,-0.301512568772916,0.089,0.172,1
"Gm15563",0.310501328772952,0.306331686763817,0.156,0.069,1
"Cerox1",0.310501328772952,-0.369073196462395,0.089,0.172,1
"Svil",0.310501328772952,0.277333166615937,0.156,0.069,1
"Zmat2",0.310501328772952,0.298277045656276,0.156,0.069,1
"Prkcz",0.311292589750787,-0.376838344706594,0.267,0.379,1
"Zmym4",0.311326231358633,0.3701148892388,0.311,0.207,1
"Relch",0.312723832418727,-0.501566683100859,0.222,0.31,1
"Sp4",0.31295110098762,0.469878210423154,0.244,0.138,1
"Med13l",0.313861684752209,-0.463319761452524,0.178,0.276,1
"Fgf12",0.313861684752209,-0.334179339258293,0.178,0.276,1
"Sppl2a",0.314065331576782,-0.353582584512109,0.2,0.276,1
"Tmem50a",0.314065331576782,0.45957592035754,0.267,0.172,1
"Fgf13",0.314774856023624,0.682055007274011,0.356,0.276,1
"Med13",0.315101609721538,-0.559405966441597,0.156,0.241,1
"Enox1",0.315624424904075,0.311788081743631,0.422,0.31,1
"Eprs",0.315797325822441,-0.431829120152532,0.067,0.138,1
"Eif2b3",0.315797325822441,-0.457784905188707,0.067,0.138,1
"Irf5",0.315797325822441,-0.374310917626594,0.067,0.138,1
"Ndn",0.315797325822441,-0.297241762690695,0.067,0.138,1
"Rtraf",0.315797325822441,-0.494495397036718,0.067,0.138,1
"Esco1",0.315797325822441,-0.648660929722161,0.067,0.138,1
"Clcn5",0.315797325822441,-0.414225857082622,0.067,0.138,1
"Syap1",0.315797325822441,-0.369007526005598,0.067,0.138,1
"mt-Nd5",0.315797325822441,-0.342729834749565,0.067,0.138,1
"St3gal3",0.316197504603197,0.430831050361777,0.333,0.207,1
"Iqsec2",0.316360663823806,-0.274948279881978,0.111,0.207,1
"Pcyt1b",0.316504296319099,-0.329850145035274,0.133,0.241,1
"Stambpl1",0.316994821719033,0.296905902869925,0.2,0.103,1
"Crebbp",0.317140985466443,-0.373292181937342,0.378,0.483,1
"Camk1",0.317204066875869,0.368202229474129,0.333,0.241,1
"Rnf180",0.31799040194277,0.42009524606686,0.378,0.241,1
"Gm48370",0.31902016289961,0.562212364062285,0.222,0.138,1
"Camkmt",0.319686981816128,-0.618638464353857,0.222,0.31,1
"5430405H02Rik",0.319898068202333,0.25041575737316,0.156,0.069,1
"Peds1",0.319898068202333,-0.2929711785705,0.089,0.172,1
"Dpm1",0.319898068202333,-0.458562612602066,0.089,0.172,1
"Kit",0.319898068202333,0.345353924462462,0.156,0.069,1
"Tmem106b",0.319898068202333,0.259475121973992,0.156,0.069,1
"Arhgef18",0.319898068202333,-0.369731470529658,0.089,0.172,1
"Fam118b",0.319898068202333,0.304306269506335,0.156,0.069,1
"Ctnnb1",0.319898068202333,-0.299460838692081,0.089,0.172,1
"Metap1d",0.320572215997899,0.475262945031782,0.244,0.138,1
"Pdk1",0.320572215997899,0.379241841364873,0.244,0.138,1
"Hspe1",0.320986263187196,-0.359051459828598,0.044,0.103,1
"Gm15834",0.320986263187196,-0.399669338621317,0.044,0.103,1
"Niban2",0.320986263187196,-0.355816128885058,0.044,0.103,1
"Rpl35",0.320986263187196,-0.399721076840698,0.044,0.103,1
"Pdhx",0.320986263187196,-0.383852834113565,0.044,0.103,1
"Ndufb5",0.320986263187196,-0.421566958315066,0.044,0.103,1
"Bche",0.320986263187196,-0.354973226316422,0.044,0.103,1
"Pip4p2",0.320986263187196,-0.423240551756268,0.044,0.103,1
"Dcaf12",0.320986263187196,-0.390663682393643,0.044,0.103,1
"Wrap73",0.320986263187196,-0.463029302648382,0.044,0.103,1
"Sbds",0.320986263187196,-0.389654932371615,0.044,0.103,1
"Iqce",0.320986263187196,-0.45220358764517,0.044,0.103,1
"Clstn3",0.320986263187196,-0.350075659191289,0.044,0.103,1
"Crebl2",0.320986263187196,-0.401478366944866,0.044,0.103,1
"Zfp180",0.320986263187196,-0.358591512551784,0.044,0.103,1
"Gm26981",0.320986263187196,-0.550706260136737,0.044,0.103,1
"Il4ra",0.320986263187196,-0.476764046025504,0.044,0.103,1
"Frg1",0.320986263187196,-0.453084253211644,0.044,0.103,1
"Cdh11",0.320986263187196,-0.507844596040603,0.044,0.103,1
"Zfp821",0.320986263187196,-0.402530173530659,0.044,0.103,1
"Pgbd5",0.320986263187196,-0.341430726013072,0.044,0.103,1
"Igsf9b",0.320986263187196,-0.559619922411845,0.044,0.103,1
"Atm",0.320986263187196,-0.500778991794055,0.044,0.103,1
"Wdr61",0.320986263187196,-0.482097229540974,0.044,0.103,1
"Psma4",0.320986263187196,-0.305001047747214,0.044,0.103,1
"Lrig3",0.320986263187196,-0.561960481086146,0.044,0.103,1
"Tmem104",0.320986263187196,-0.412826838658656,0.044,0.103,1
"Nemf",0.320986263187196,-0.412038712477444,0.044,0.103,1
"Wars",0.320986263187196,-0.426032038025549,0.044,0.103,1
"Acot13",0.320986263187196,-0.432909554252456,0.044,0.103,1
"Sharpin",0.320986263187196,-0.380315039591345,0.044,0.103,1
"Pacsin2",0.320986263187196,-0.387828666534137,0.044,0.103,1
"Ano6",0.320986263187196,-0.437221525488008,0.044,0.103,1
"Tmem186",0.320986263187196,-0.382435899081776,0.044,0.103,1
"Tmem178",0.320986263187196,-0.484637145985784,0.044,0.103,1
"Dnajc18",0.320986263187196,-0.391517513607919,0.044,0.103,1
"Prr16",0.320986263187196,-0.367599622616653,0.044,0.103,1
"Otud5",0.320986263187196,-0.437852600076345,0.044,0.103,1
"Sirt2",0.321306935595289,-0.350616594339253,0.178,0.276,1
"Mapk1",0.321342642011748,-0.44383890300348,0.2,0.276,1
"Rprd1a",0.321342642011748,0.604466289510629,0.267,0.172,1
"Ddi2",0.322970477788173,-0.485197844553949,0.156,0.241,1
"Nsrp1",0.322970477788173,-0.435916053085249,0.156,0.241,1
"Nrd1",0.324372074845335,0.40519127195606,0.333,0.276,1
"Sccpdh",0.325079901966118,-0.316184495737092,0.111,0.207,1
"Gm19445",0.325410656550672,0.333115034700849,0.2,0.103,1
"Ddx42",0.325410656550672,0.332658397777616,0.2,0.103,1
"Actg1",0.325410656550672,0.256045964980621,0.2,0.103,1
"Coa8",0.325410656550672,0.286503406818719,0.2,0.103,1
"Hras",0.326418859555063,-0.373598024423925,0.067,0.138,1
"Gm17227",0.326418859555063,-0.301752101003398,0.067,0.138,1
"Fam126b",0.326432754258327,-0.351140884107401,0.067,0.138,1
"Slc8a3",0.326432754258327,-0.284735848594894,0.067,0.138,1
"Chrm3",0.326432754258327,-0.299028424039877,0.067,0.138,1
"BC005537",0.326432754258327,-0.325519245204094,0.067,0.138,1
"Slc25a46",0.326432754258327,-0.406054702551046,0.067,0.138,1
"1700066B19Rik",0.326432754258327,-0.338141280929619,0.067,0.138,1
"8030442B05Rik",0.326899921117968,-0.483472093131602,0.311,0.414,1
"Ifnar2",0.32695255046887,0.425709369800781,0.222,0.138,1
"Gm11149",0.327760541046459,0.355669084817152,0.356,0.276,1
"Nap1l5",0.328313618284921,0.40586511547279,0.244,0.138,1
"Gm26542",0.328313618284921,0.436558811995469,0.244,0.138,1
"Plekhh1",0.328396562596209,-0.487088381972437,0.422,0.517,1
"Ncoa6",0.328729202424543,0.498155313745049,0.267,0.172,1
"Arfgef1",0.328866593713245,-0.379503784679802,0.178,0.276,1
"Ssh2",0.329114664654684,0.323304381305393,0.8,0.69,1
"Chic2",0.329196631143278,0.573876669219653,0.133,0.069,1
"Slf1",0.329478871337675,-0.260729760103945,0.089,0.172,1
"Zcrb1",0.329478871337675,-0.339978467239265,0.089,0.172,1
"Armh3",0.329478871337675,-0.331843138175769,0.089,0.172,1
"Cwc27",0.329672579689515,-0.561856131867036,0.133,0.207,1
"Srsf7",0.331044095717291,-0.558607277315932,0.289,0.345,1
"Rrbp1",0.331151625613934,-0.328523444550789,0.378,0.448,1
"Gm42413",0.331391113050136,-0.304145533029738,0.4,0.552,1
"Mvb12b",0.331647502984923,-0.254560309286648,0.2,0.31,1
"Lnpep",0.332064942098408,0.462964503251169,0.311,0.207,1
"Vps16",0.333532041814192,-0.340707175768202,0.044,0.103,1
"Dhrs7b",0.333532041814192,-0.377918159891616,0.044,0.103,1
"Rpl31",0.333550947870378,-0.292190646486412,0.044,0.103,1
"Wdr75",0.333550947870378,-0.369505242234837,0.044,0.103,1
"Phyh",0.333550947870378,-0.312226324500532,0.044,0.103,1
"4931422A03Rik",0.333550947870378,-0.275080318558124,0.044,0.103,1
"Fam98b",0.333550947870378,-0.398043368504616,0.044,0.103,1
"Spint1",0.333550947870378,-0.36237146371551,0.044,0.103,1
"Gucy1b1",0.333550947870378,-0.325559981391935,0.044,0.103,1
"Acp6",0.333550947870378,-0.374748114468936,0.044,0.103,1
"Chd1l",0.333550947870378,-0.341447475136411,0.044,0.103,1
"Klhl9",0.333550947870378,-0.355110883179029,0.044,0.103,1
"Plod1",0.333550947870378,-0.355499416509839,0.044,0.103,1
"Atp10d",0.333550947870378,-0.367989998247845,0.044,0.103,1
"Ube3b",0.333550947870378,-0.356761828897032,0.044,0.103,1
"Setd1b",0.333550947870378,-0.342558756439583,0.044,0.103,1
"Cyth3",0.333550947870378,-0.333107639164212,0.044,0.103,1
"Ppp1r37",0.333550947870378,-0.33677006222069,0.044,0.103,1
"Arhgap20",0.333550947870378,-0.305129946363694,0.044,0.103,1
"Lrp11",0.333550947870378,-0.274984670732877,0.044,0.103,1
"Sgk1",0.333550947870378,-0.392936580217352,0.044,0.103,1
"Ggt5",0.333550947870378,-0.399809040656267,0.044,0.103,1
"B3gntl1",0.333550947870378,-0.350141493221473,0.044,0.103,1
"Gm47371",0.333550947870378,-0.409584402493122,0.044,0.103,1
"Tmed8",0.333550947870378,-0.356795471295127,0.044,0.103,1
"Rubcnl",0.333550947870378,-0.32529570194499,0.044,0.103,1
"Fam135b",0.333550947870378,-0.36362737570189,0.044,0.103,1
"Txn2",0.333550947870378,-0.369099071949294,0.044,0.103,1
"Gga1",0.333550947870378,-0.282472064671847,0.044,0.103,1
"Eif4b",0.333550947870378,-0.328891189640221,0.044,0.103,1
"Donson",0.333550947870378,-0.250275229149471,0.044,0.103,1
"Tap2",0.333550947870378,-0.34829537107473,0.044,0.103,1
"Camk4",0.333550947870378,-0.346367284234716,0.044,0.103,1
"Drap1",0.333550947870378,-0.352406772343603,0.044,0.103,1
"Gm53055",0.333550947870378,-0.300543314554084,0.044,0.103,1
"Phf6",0.333550947870378,-0.326507347820343,0.044,0.103,1
"Vps13c",0.33391518815633,-0.435893257855921,0.222,0.31,1
"Cdh23",0.333954017228757,0.403617793388261,0.178,0.103,1
"Rbx1",0.333954017228757,0.654113985625611,0.178,0.103,1
"Eif4h",0.333970490950087,0.313073056219878,0.2,0.103,1
"2610203C22Rik",0.335011932417053,0.437316762763573,0.222,0.138,1
"Pcmt1",0.335011932417053,0.473330561915858,0.222,0.138,1
"Dym",0.336175251953265,0.363195296588556,0.244,0.138,1
"Vamp2",0.336224960410129,0.365712582284718,0.267,0.172,1
"Mark2",0.336533702815397,-0.617538556574188,0.178,0.276,1
"B3galt2",0.337298223867174,-0.296002298986241,0.067,0.138,1
"Gnai3",0.337298223867174,-0.457356783460311,0.067,0.138,1
"Gng12",0.337298223867174,-0.344893999257851,0.067,0.138,1
"Sgta",0.337298223867174,-0.310360906272917,0.067,0.138,1
"Ubxn2a",0.337298223867174,-0.280116650791135,0.067,0.138,1
"Fancc",0.337298223867174,-0.340336128792632,0.067,0.138,1
"Magt1",0.337298223867174,-0.303952813238279,0.067,0.138,1
"Scn2a",0.338304371711414,-0.465359760915954,0.133,0.207,1
"Rab21",0.338304371711414,-0.558235744800562,0.133,0.207,1
"B230219D22Rik",0.338439774652862,0.502350014040341,0.178,0.103,1
"Tnrc6a",0.339089212636051,-0.323140553176552,0.156,0.241,1
"Ndufb2",0.339243628738541,-0.302778154024256,0.089,0.172,1
"Sltm",0.339382410935892,-0.330202979687875,0.378,0.517,1
"Rnf115",0.339480825522117,0.50689258743911,0.133,0.069,1
"Hdac1",0.339480825522117,0.466863724790064,0.133,0.069,1
"Rer1",0.339480825522117,0.480212413281401,0.133,0.069,1
"Slc12a9",0.339480825522117,0.710527995838646,0.133,0.069,1
"Sar1b",0.339480825522117,0.507057604377533,0.133,0.069,1
"Rogdi",0.339480825522117,0.536084214289302,0.133,0.069,1
"4930453N24Rik",0.339480825522117,0.435683732444283,0.133,0.069,1
"Tet3",0.341180131570468,-0.403827789501086,0.222,0.31,1
"Pip4k2a",0.341638232779511,0.292688655298381,0.689,0.586,1
"Gatb",0.341962267166084,-0.437850615547222,0.111,0.172,1
"Phb2",0.342973538495245,0.514481348490503,0.178,0.103,1
"Eya4",0.342982869837962,0.467856875005154,0.178,0.103,1
"Ankrd44",0.343760050297079,-0.460510284203325,0.444,0.517,1
"Cstpp1",0.343829813122758,0.426663501695224,0.267,0.172,1
"Ralgapa1",0.34398489676377,-0.415807657673158,0.311,0.379,1
"Lrrfip1",0.344328850330373,-0.33336104418659,0.178,0.276,1
"Ap1g1",0.344328850330373,-0.364555458414293,0.178,0.276,1
"Jarid2",0.344328850330373,-0.305504739680097,0.178,0.276,1
"Limch1",0.346363365893092,0.428658820242191,0.533,0.483,1
"Ptpn18",0.346428628760726,-0.327809871762112,0.044,0.103,1
"Mrpl30",0.346428628760726,-0.258710906864376,0.044,0.103,1
"Glrp1",0.346428628760726,-0.378976631784831,0.044,0.103,1
"Gas5",0.346428628760726,-0.314564615859453,0.044,0.103,1
"Anapc2",0.346428628760726,-0.253878791447986,0.044,0.103,1
"Grin1",0.346428628760726,-0.326118208054106,0.044,0.103,1
"Psmb4",0.346428628760726,-0.251112663013583,0.044,0.103,1
"Pmpcb",0.346428628760726,-0.402800204589232,0.044,0.103,1
"Selenoi",0.346428628760726,-0.331355751745968,0.044,0.103,1
"Mob1a",0.346428628760726,-0.302020087668553,0.044,0.103,1
"Ndufa9",0.346428628760726,-0.295944219882028,0.044,0.103,1
"Hinfp",0.346428628760726,-0.307194246868708,0.044,0.103,1
"Mtrf1l",0.346428628760726,-0.319173758923411,0.044,0.103,1
"Tcf3",0.346428628760726,-0.28711840574231,0.044,0.103,1
"Cand1",0.346428628760726,-0.256979992120557,0.044,0.103,1
"Mbd6",0.346428628760726,-0.458826311058969,0.044,0.103,1
"Srsf1",0.346428628760726,-0.338886797119493,0.044,0.103,1
"ENSMUSG00000121485",0.346428628760726,-0.314906389338789,0.044,0.103,1
"Lrp12",0.346428628760726,-0.25084983163612,0.044,0.103,1
"Rufy3",0.346508849018591,0.256828815891176,0.289,0.172,1
"Mtif2",0.347071271417504,-0.500462567604105,0.133,0.207,1
"H2az1",0.347079939555642,-0.498802689121888,0.133,0.207,1
"Rps6ka1",0.347338846659235,-0.30972563475832,0.156,0.241,1
"Rev3l",0.347338846659235,-0.45660852376828,0.156,0.241,1
"Csnk1a1",0.347955375388522,-0.362779888498362,0.267,0.345,1
"Phf20",0.34826576352001,0.413457173120604,0.244,0.172,1
"Jtb",0.348393432950023,-0.271169145864741,0.067,0.138,1
"Mri1",0.348393432950023,-0.288237275202141,0.067,0.138,1
"Cep83",0.348393432950023,-0.311892598802366,0.067,0.138,1
"Frmpd4",0.348393432950023,-0.307361195709312,0.067,0.138,1
"Gtf2i",0.348545487824618,-0.417290607931891,0.222,0.31,1
"Tmtc2",0.348655305639922,0.361955023020083,0.422,0.276,1
"Samd8",0.349192087606751,-0.277468797419776,0.089,0.172,1
"2210016L21Rik",0.349968794735304,0.411803592595476,0.133,0.069,1
"Hikeshi",0.349968794735304,0.419563663840617,0.133,0.069,1
"Eef2",0.349968794735304,0.467289133489102,0.133,0.069,1
"Rel",0.349968794735304,0.472925380791628,0.133,0.069,1
"Kat7",0.349968794735304,0.45967598744693,0.133,0.069,1
"Nfatc1",0.349968794735304,0.490734069366811,0.133,0.069,1
"Arl2",0.349968794735304,0.504154510346783,0.133,0.069,1
"Mgat4a",0.350289446700585,-0.884974334938589,0.222,0.276,1
"Thap3",0.350975824498646,0.262542428400083,0.333,0.207,1
"Eml6",0.350975824498646,0.293562506406377,0.333,0.207,1
"Gm48678",0.351261778321496,0.429117322689766,0.556,0.517,1
"Gm12353",0.351324637141628,-0.471803099178897,0.289,0.379,1
"Selenof",0.351511240920242,-0.603379821922955,0.111,0.172,1
"Cab39",0.351543606606269,-0.656444987548153,0.2,0.276,1
"Otulin",0.351543606606269,0.437103772576676,0.267,0.172,1
"Slf2",0.351543606606269,0.297210319881231,0.267,0.172,1
"Prag1",0.352166217664973,0.432444798799249,0.178,0.103,1
"Adgre1",0.352166217664973,0.412033310930655,0.178,0.103,1
"Ifngr2",0.352258683511173,-0.501828126497544,0.178,0.241,1
"Trpc4ap",0.353670060373078,0.279545382309461,0.311,0.207,1
"Ephb1",0.354576654339283,-0.336304447245122,0.244,0.345,1
"9330162G02Rik",0.355715054823294,-0.30206714008538,0.156,0.241,1
"Gm5086",0.355715054823294,-0.439538996766857,0.156,0.241,1
"P2rx7",0.355999022907162,-0.482723714647124,0.133,0.207,1
"Snca",0.355999022907162,-0.399963552605402,0.133,0.207,1
"Bex2",0.356011091896676,0.425402472278245,0.289,0.207,1
"Git2",0.357554843590702,-0.383693111039463,0.311,0.379,1
"Fgd2",0.358248120401143,0.293613698798817,0.378,0.241,1
"Mrps10",0.35931281088853,-0.326459046262748,0.089,0.172,1
"B4galt1",0.359359583404087,-0.489775797231218,0.2,0.276,1
"Zc3h13",0.359359583404087,-0.538444289790249,0.2,0.276,1
"Cntn2",0.359366135161131,0.393437231811798,0.267,0.172,1
"Rassf2",0.359366135161131,-0.389309725164166,0.2,0.276,1
"Rasgrp1",0.359618559395791,-0.30176595131219,0.044,0.103,1
"Usp10",0.359618559395791,-0.264712496901927,0.044,0.103,1
"Rab10os",0.359618559395791,-0.270916512272106,0.044,0.103,1
"Nfya",0.359618559395791,-0.28969667850338,0.044,0.103,1
"Slc25a14",0.359618559395791,-0.297156010953774,0.044,0.103,1
"Nop58",0.359717852672723,-0.332165432261076,0.067,0.138,1
"Add1",0.359807664279921,0.367661263232293,0.444,0.345,1
"Numa1",0.360480060758148,0.253555533533265,0.244,0.138,1
"Srp72",0.360660064332237,0.501018458231886,0.133,0.069,1
"Copg1",0.360660064332237,0.61256531916854,0.133,0.069,1
"Rps15a",0.360660064332237,0.648752765498802,0.133,0.069,1
"Bub3",0.360660064332237,0.381449393515375,0.133,0.069,1
"Terf2",0.360660064332237,0.366890439480689,0.133,0.069,1
"Rab1a",0.360660064332237,0.586559861905451,0.133,0.069,1
"Ublcp1",0.360660064332237,0.409932481931204,0.133,0.069,1
"Dtnbp1",0.360660064332237,0.4740340669216,0.133,0.069,1
"Socs5",0.360660064332237,0.347575955290628,0.133,0.069,1
"Tspan5",0.361072788134671,0.35645018427143,0.311,0.207,1
"Aopep",0.361072788134671,0.273535858364691,0.311,0.207,1
"Tet1",0.361227426069299,-0.47871690698213,0.111,0.172,1
"Psmd4",0.36150371469257,0.465698702054679,0.178,0.103,1
"Ptms",0.36150371469257,0.645764815202906,0.178,0.103,1
"Zmym5",0.36150371469257,0.42814735628171,0.178,0.103,1
"Polb",0.364209941264462,-0.269079500493093,0.156,0.241,1
"Stxbp5",0.364217546740205,-0.308255161162211,0.156,0.241,1
"Cul1",0.36446447419058,-0.46236684834194,0.311,0.379,1
"Kcna1",0.365207767678747,0.291965139571472,0.444,0.31,1
"Eml1",0.365723937041481,-0.344023449344037,0.267,0.379,1
"Actr10",0.366220865094808,0.362354540121516,0.178,0.103,1
"Gm20275",0.366809108413668,0.363908539709074,0.4,0.276,1
"Garnl3",0.36729714074946,0.339204320371207,0.267,0.172,1
"Fbxo7",0.36729714074946,0.35208045537194,0.267,0.172,1
"Trappc6b",0.36729714074946,-0.427565196372599,0.2,0.276,1
"Myo1e",0.368377062949576,-0.377142894111478,0.178,0.276,1
"St7l",0.36851603891961,0.327304096357126,0.222,0.138,1
"Kif5b",0.36851603891961,0.354330548613597,0.222,0.138,1
"Tmem245",0.368820826543615,-0.506003693227029,0.178,0.241,1
"Qdpr",0.369474764891775,-0.343084516961351,0.267,0.345,1
"AU040320",0.369582729509628,0.277149054535539,0.289,0.172,1
"Armc8",0.370994909589515,0.346606133772571,0.178,0.103,1
"Nf2",0.370994909589515,0.480082085441469,0.178,0.103,1
"Igsf11",0.370994909589515,0.376045609824606,0.178,0.103,1
"Tm9sf2",0.371110318826749,-0.654830895210398,0.111,0.172,1
"Smc5",0.371110318826749,-0.522431351981011,0.111,0.172,1
"Tomm20",0.371553977474497,0.36679966301099,0.133,0.069,1
"Rad50",0.371553977474497,0.429070156679307,0.133,0.069,1
"2410006H16Rik",0.371553977474497,0.400466137658336,0.133,0.069,1
"Eapp",0.371553977474497,0.347648643179518,0.133,0.069,1
"Lncppara",0.371553977474497,0.386580180889997,0.133,0.069,1
"Lipa",0.371553977474497,0.300266570892575,0.133,0.069,1
"Tspan7",0.372350503708726,-0.445180998779911,0.289,0.379,1
"Ptgs1",0.372477583041696,-0.40792413494589,0.178,0.276,1
"Mrfap1",0.372838381548543,-0.345593812619691,0.156,0.241,1
"Fam102a",0.37284596084741,-0.352609680200671,0.156,0.241,1
"Itgav",0.37284596084741,-0.358420270838804,0.156,0.241,1
"Pias2",0.37284596084741,-0.329292036974757,0.156,0.241,1
"Senp6",0.372963733432063,0.362031845368794,0.311,0.241,1
"Snrnp27",0.373119566070526,-0.290836579830182,0.044,0.103,1
"Jam2",0.373119566070526,-0.283259069934742,0.044,0.103,1
"Tmem258",0.373119566070526,-0.281400957726276,0.044,0.103,1
"Stmn4",0.373519208755894,-0.834993473532851,0.222,0.276,1
"A830008E24Rik",0.374266241840541,-0.524162389985001,0.133,0.207,1
"Spopl",0.374266241840541,-0.516387548693291,0.133,0.207,1
"Scn1b",0.374266241840541,-0.515542921187151,0.133,0.207,1
"Mdga2",0.374428435924688,-0.360566856546867,0.578,0.621,1
"Tbk1",0.375336312439255,0.415883348352927,0.267,0.172,1
"Mbnl2",0.375862936382545,-0.539324414063385,0.511,0.586,1
"Banp",0.376104079685045,-0.428313539257267,0.111,0.172,1
"Shisa4",0.377330349487535,-0.27910071939723,0.333,0.448,1
"Grik2",0.379841859236755,0.318000882018501,0.578,0.448,1
"Rab10",0.379985667769907,-0.408686017250951,0.244,0.31,1
"Oxct1",0.379985667769907,-0.512201411052533,0.244,0.31,1
"Acss1",0.380639244397014,0.355119824040558,0.178,0.103,1
"Naa15",0.380639244397014,0.410529562339035,0.178,0.103,1
"Thoc1",0.380639244397014,0.376421291622229,0.178,0.103,1
"Pnrc1",0.381159290031831,-0.575432855140271,0.111,0.172,1
"Ptpn11",0.381159290031831,-0.650577482109687,0.111,0.172,1
"4930599N23Rik",0.381159290031831,-0.403501642366102,0.111,0.172,1
"Cfdp1",0.381159290031831,-0.481348286748548,0.111,0.172,1
"2010315B03Rik",0.381159290031831,-0.434306473617877,0.111,0.172,1
"Gbf1",0.381599863631147,-0.26613157752157,0.156,0.241,1
"Trmt6",0.3826496922792,0.28818917521172,0.133,0.069,1
"Xpa",0.3826496922792,0.535715540596408,0.133,0.069,1
"Eno1",0.3826496922792,0.353146492670731,0.133,0.069,1
"Rpl29",0.3826496922792,0.420523113639287,0.133,0.069,1
"Gm35154",0.3826496922792,0.333029268385627,0.133,0.069,1
"Galnt10",0.3826496922792,0.272370897233584,0.133,0.069,1
"Tlk2",0.3826496922792,0.2802497470783,0.133,0.069,1
"Itgb8",0.3826496922792,0.343275930833342,0.133,0.069,1
"Rpl30",0.3826496922792,0.344830871503868,0.133,0.069,1
"Snn",0.3826496922792,0.42770211526598,0.133,0.069,1
"Cd47",0.3826496922792,0.38984984904378,0.133,0.069,1
"Atr",0.38361340040647,-0.46111786159961,0.133,0.207,1
"Evl",0.38361340040647,-0.363175221201274,0.133,0.207,1
"Scaf8",0.38361340040647,-0.324850911043722,0.133,0.207,1
"Arhgap4",0.38361340040647,-0.387495793200649,0.133,0.207,1
"Atp6ap1",0.38361340040647,-0.375331373509448,0.133,0.207,1
"Gns",0.385684571470023,-0.253934820548082,0.289,0.414,1
"Tbck",0.386023717952913,0.290018674808783,0.222,0.138,1
"Maml3",0.386384604997247,-0.251963218584665,0.533,0.621,1
"Wipf1",0.38817021838417,0.310586601195689,0.489,0.379,1
"Marchf1",0.388294086122394,-0.26719815467992,0.622,0.655,1
"Ncstn",0.390436053331183,0.301809650167902,0.178,0.103,1
"Slc44a2",0.390436053331183,0.284495786143058,0.178,0.103,1
"Lama2",0.390436053331183,0.349988953739895,0.178,0.103,1
"Tbcd",0.390436053331183,0.289555631074546,0.178,0.103,1
"Phax",0.390436053331183,0.377599801129424,0.178,0.103,1
"Cnksr2",0.390436053331183,0.469408967926904,0.178,0.103,1
"Tspan14",0.390478748914371,-0.299369025405856,0.156,0.241,1
"Taf15",0.390834261576241,-0.271143157696484,0.222,0.31,1
"Lcorl",0.391212351953128,0.288728803285409,0.422,0.31,1
"Rab22a",0.391373583681446,-0.55355936091397,0.111,0.172,1
"Capza1",0.391373583681446,-0.737980999917173,0.111,0.172,1
"Eya3",0.391373583681446,-0.549765281668483,0.111,0.172,1
"Hnrnpf",0.391373583681446,-0.382404160947147,0.111,0.172,1
"Mrpl23",0.391373583681446,-0.492717940666572,0.111,0.172,1
"Cryl1",0.391373583681446,-0.548050283866027,0.111,0.172,1
"Snx15",0.391373583681446,-0.520744080681328,0.111,0.172,1
"Pde4d",0.391612981682418,-0.428310130862784,0.422,0.517,1
"Lpin2",0.391614566457576,-0.397902141959184,0.244,0.31,1
"Ttc17",0.391737642873842,0.329131820260885,0.267,0.172,1
"Cdk8",0.391737642873842,-0.334330103790306,0.2,0.276,1
"Gnas",0.392450626891693,0.277699175004879,0.444,0.31,1
"Nrxn2",0.393102118427779,-0.341350235103471,0.133,0.207,1
"Rps3",0.393443937989329,-0.294085360231544,0.178,0.276,1
"Nrbp1",0.393946179427172,0.263635279803819,0.133,0.069,1
"Tigd2",0.393946179427172,0.416030441559084,0.133,0.069,1
"Fkbp4",0.393946179427172,0.343274048409038,0.133,0.069,1
"Ints10",0.393946179427172,0.306530284106485,0.133,0.069,1
"Abcb10",0.393946179427172,0.337269565525044,0.133,0.069,1
"Anapc16",0.393946179427172,0.416488291722869,0.133,0.069,1
"Rpa1",0.393946179427172,0.356862552395863,0.133,0.069,1
"Psmc5",0.393946179427172,0.306194910945322,0.133,0.069,1
"Mettl23",0.393946179427172,0.331543770514946,0.133,0.069,1
"Anapc11",0.393946179427172,0.273514511266258,0.133,0.069,1
"Psen1",0.393946179427172,0.33475400779946,0.133,0.069,1
"Erg28",0.393946179427172,0.325618020495813,0.133,0.069,1
"Gm38604",0.393946179427172,0.386323994011811,0.133,0.069,1
"Coro7",0.393946179427172,0.256988309240761,0.133,0.069,1
"Zdhhc24",0.393946179427172,0.278861645977995,0.133,0.069,1
"Pard3",0.394138991636911,-0.331412526162873,0.289,0.379,1
"Cmip",0.394555436091576,-0.644933400876951,0.178,0.241,1
"Zfp207",0.394555436091576,-0.540614892868282,0.178,0.241,1
"Zcchc7",0.394634953988319,-0.293545085939755,0.578,0.586,1
"Dhx30",0.394833932776916,-0.350435642799921,0.222,0.31,1
"Mecp2",0.394964881783831,0.391719275902032,0.222,0.138,1
"Rapgef6",0.395785051258352,-0.48703524009302,0.267,0.31,1
"Nipsnap2",0.397719988395578,0.403243040711535,0.244,0.172,1
"Ccdc50",0.397844004863271,-0.417226634312033,0.311,0.345,1
"Lrba",0.398273167178511,0.419371484770813,0.467,0.414,1
"Epn2",0.39865553409388,-0.470335689341259,0.333,0.379,1
"Plgrkt",0.399423619516798,-0.537680174804763,0.267,0.345,1
"Tacc1",0.399449175979311,0.290674409792558,0.422,0.345,1
"Tor1aip1",0.400098910854273,-0.347583076562789,0.2,0.276,1
"Spred1",0.400098910854273,0.323412891645046,0.267,0.172,1
"Atp1a3",0.400098910854273,-0.462112026472406,0.2,0.276,1
"Zfp62",0.400375452586443,0.328303723349568,0.178,0.103,1
"Pou2f1",0.400384561705342,0.294941368873083,0.178,0.103,1
"Eea1",0.400384561705342,0.275096335703055,0.178,0.103,1
"Zfp322a",0.400384561705342,0.338371187533162,0.178,0.103,1
"Arl10",0.400384561705342,0.265070889480334,0.178,0.103,1
"Wnk1",0.401051147600438,0.344105040026636,0.622,0.517,1
"Cnot2",0.401569930874834,-0.335573158425944,0.289,0.379,1
"Dusp12",0.401752315614972,-0.395621246506693,0.111,0.172,1
"Prrc2c",0.402586289746446,0.356907713716754,0.356,0.241,1
"Pdgfb",0.40273167314937,-0.340226745948122,0.133,0.207,1
"Cd33",0.402895050839748,0.328421908650953,0.289,0.207,1
"Uqcrh",0.403369410402806,-0.617205499019361,0.178,0.241,1
"Snx1",0.403369410402806,-0.475078100573998,0.178,0.241,1
"Dnajc7",0.403468568387609,-0.526804270436172,0.244,0.31,1
"Btrc",0.403468568387609,-0.48764763860133,0.244,0.31,1
"B430010I23Rik",0.403575779641472,0.575925001663744,0.311,0.241,1
"Rps9",0.403873821037651,0.447386576507574,0.2,0.138,1
"Stmn1",0.404002770782705,-0.423061600430883,0.311,0.448,1
"Phf12",0.404030131211426,0.414842180786223,0.222,0.138,1
"Rad23b",0.405442220045992,0.466877765240773,0.133,0.069,1
"Cntln",0.405442220045992,0.292572421791046,0.133,0.069,1
"Smim12",0.405442220045992,0.329006269238853,0.133,0.069,1
"Alg11",0.405442220045992,0.323905778867839,0.133,0.069,1
"Abce1",0.405442220045992,0.261877622867823,0.133,0.069,1
"Mt3",0.405442220045992,0.398982581173163,0.133,0.069,1
"Cep63",0.405442220045992,0.302824313807662,0.133,0.069,1
"Ust",0.405442220045992,0.314491337901147,0.133,0.069,1
"Reps1",0.405442220045992,0.370796756466297,0.133,0.069,1
"Chpt1",0.405442220045992,0.449227166751848,0.133,0.069,1
"Ap4s1",0.405442220045992,0.372150545545659,0.133,0.069,1
"Gm34589",0.405442220045992,0.3258301988933,0.133,0.069,1
"Golph3",0.405442220045992,0.254101957086104,0.133,0.069,1
"Top3b",0.405442220045992,0.277516405991867,0.133,0.069,1
"Nrros",0.405442220045992,0.31663738632249,0.133,0.069,1
"Aftph",0.406386022347895,-0.32198053651829,0.289,0.345,1
"Nckap1",0.410483884975787,0.339054350024846,0.178,0.103,1
"Ywhab",0.410483884975787,0.259069468067361,0.178,0.103,1
"Focad",0.410483884975787,0.383087074745736,0.178,0.103,1
"Cbx1",0.410483884975787,0.364398275795861,0.178,0.103,1
"Tmem167",0.410483884975787,0.43455388036832,0.178,0.103,1
"Slc49a4",0.410483884975787,0.274712029299772,0.178,0.103,1
"Tmx3",0.410483884975787,0.283412589233611,0.178,0.103,1
"Snhg11",0.410912072516507,-0.392534484172227,0.378,0.448,1
"Lmbrd1",0.411020779019336,0.31514841939178,0.333,0.241,1
"ENSMUSG00000120006",0.411053999402678,0.302277190335177,0.289,0.207,1
"Cald1",0.412294472356852,-0.364507982496238,0.111,0.172,1
"Arhgef6",0.412294472356852,-0.408378669474355,0.111,0.172,1
"Lrch2",0.412294472356852,-0.327965329900242,0.111,0.172,1
"Smarca5",0.412501246640078,-0.34516155312225,0.133,0.207,1
"Uimc1",0.412501246640078,-0.414139999871047,0.133,0.207,1
"Nr2c2",0.413218775725887,0.295071432678239,0.222,0.138,1
"4930419G24Rik",0.413323408118327,0.267307690592075,0.533,0.483,1
"Cmtm7",0.413341022494332,0.391781001832468,0.2,0.138,1
"Phactr3",0.414297019479738,-0.553326917667373,0.222,0.276,1
"Psma3",0.414297019479738,-0.484533090691971,0.222,0.276,1
"Zfand3",0.414930490987325,-0.340073742347495,0.267,0.345,1
"E130308A19Rik",0.415102359007446,-0.615479925618856,0.2,0.241,1
"Sbno1",0.415102359007446,0.35240817277734,0.244,0.172,1
"ENSMUSG00000120224",0.415102359007446,0.484183116205591,0.244,0.172,1
"Rpl10",0.415102359007446,0.50360833082965,0.244,0.172,1
"Ubash3b",0.415117946983977,0.571310097675689,0.511,0.414,1
"BC005624",0.417136403877453,0.264528383239647,0.133,0.069,1
"Tex10",0.417136403877453,0.31361043670698,0.133,0.069,1
"Sec31a",0.417136403877453,-0.538454763298079,0.089,0.138,1
"Gusb",0.417136403877453,0.289800791637739,0.133,0.069,1
"Syt5",0.417136403877453,0.294472762192954,0.133,0.069,1
"Bcar1",0.417136403877453,-0.476653941870501,0.089,0.138,1
"Mrpl55",0.417136403877453,-0.503966819844047,0.089,0.138,1
"Trappc13",0.417136403877453,0.411667150544761,0.133,0.069,1
"Tcp1",0.417136403877453,0.321607437189506,0.133,0.069,1
"Clic1",0.417136403877453,0.281897129431004,0.133,0.069,1
"Ndufv2",0.417136403877453,0.262942147531824,0.133,0.069,1
"Fech",0.417136403877453,0.26434372438732,0.133,0.069,1
"Zdhhc17",0.417859134963813,-0.293003544117212,0.156,0.241,1
"Smg6",0.419310248403762,0.365684179643641,0.289,0.207,1
"Irf2",0.419430097055414,0.319881406375561,0.311,0.241,1
"Tuba4a",0.420733027914512,0.266681921954146,0.178,0.103,1
"Fam13b",0.421459889685897,0.401064821277458,0.267,0.172,1
"Nfatc3",0.422409925130081,-0.301514075072648,0.133,0.207,1
"Ankfy1",0.422530050197132,0.342203168150707,0.222,0.138,1
"Prdm2",0.422938396948191,-0.463587231552912,0.156,0.207,1
"Desi2",0.422998910121522,-0.463663657943754,0.111,0.172,1
"Capn7",0.422998910121522,-0.536920816459774,0.111,0.172,1
"Gprasp1",0.422998910121522,-0.349293792746332,0.111,0.172,1
"Tsc1",0.423959315520216,0.394224609825925,0.244,0.172,1
"Mkln1",0.425235149159433,-0.440953249431924,0.378,0.448,1
"Wdfy2",0.425735300077583,-0.537134572808585,0.289,0.345,1
"Gpatch2",0.4258186328303,0.287665520791678,0.267,0.172,1
"Ube2e2",0.427037258233722,0.257748483217105,0.711,0.621,1
"Thoc2",0.427799705584579,-0.470642742270385,0.244,0.31,1
"Olfml3",0.429027127738415,0.280553438588339,0.133,0.069,1
"Fyn",0.429027127738415,0.347091303563158,0.133,0.069,1
"Strada",0.429027127738415,-0.446658254253375,0.089,0.138,1
"Atp2b1",0.429522604815972,-0.479216728954392,0.422,0.483,1
"Hpgd",0.43050979360054,-0.405420561225931,0.178,0.241,1
"F11r",0.431130883912153,0.285315291082029,0.178,0.103,1
"Crebrf",0.431318757533809,-0.533156283121248,0.222,0.276,1
"Dzip3",0.431963114475636,0.279292576694076,0.222,0.138,1
"Kirrel3",0.432253345853916,0.656639321871918,0.556,0.586,1
"Atp9a",0.43245669845358,-0.289392151488981,0.133,0.207,1
"Ncor2",0.43245669845358,-0.329800466345467,0.133,0.207,1
"1110004F10Rik",0.43245669845358,-0.252902254984218,0.133,0.207,1
"Cep120",0.432665023091293,0.431917417991593,0.2,0.138,1
"Cdk14",0.432925833850647,0.3515517930774,0.244,0.172,1
"Plcg2",0.432925833850647,0.403574265678348,0.244,0.172,1
"Epb41l1",0.433864353985017,-0.355213923707436,0.111,0.172,1
"Zfp384",0.433864353985017,-0.311657412530281,0.111,0.172,1
"Elp2",0.433864353985017,0.406066869977565,0.156,0.103,1
"Lpxn",0.433864353985017,-0.302892226508351,0.111,0.172,1
"Tnks2",0.433864353985017,-0.397039040036732,0.111,0.172,1
"Fmnl2",0.435553119362322,0.286367888728945,0.422,0.345,1
"Ppp1r9a",0.43964147097272,0.43611802019876,0.556,0.483,1
"Ube2k",0.439786853611569,-0.253458833143952,0.178,0.241,1
"Wasl",0.439786853611569,-0.384571160876166,0.178,0.241,1
"Rgs7",0.441112594283436,-0.460503077215597,0.089,0.138,1
"Pde1a",0.441112594283436,-0.470913850959328,0.089,0.138,1
"Usp45",0.441112594283436,-0.50929255306835,0.089,0.138,1
"Epha5",0.441112594283436,-0.504507649318161,0.089,0.138,1
"Vkorc1l1",0.441112594283436,-0.511534265033636,0.089,0.138,1
"Phrf1",0.441112594283436,-0.48658759922986,0.089,0.138,1
"Zfp365",0.441112594283436,-0.426736686093872,0.089,0.138,1
"Hcn2",0.441112594283436,-0.730338718591462,0.089,0.138,1
"Rhob",0.441112594283436,0.298580984264647,0.133,0.069,1
"Xpo7",0.441112594283436,-0.521661782841146,0.089,0.138,1
"BC031181",0.441112594283436,-0.489140671370482,0.089,0.138,1
"C1ql3",0.442519894688588,0.360608948463504,0.2,0.138,1
"Zhx3",0.442519894688588,0.485876011485814,0.2,0.138,1
"Fkbp15",0.442519894688588,0.37400586345569,0.2,0.138,1
"Arl8b",0.442519894688588,-0.463050084485067,0.156,0.207,1
"Gm46367",0.442989056355754,0.281519762133343,0.422,0.345,1
"Sumo2",0.44348852974206,-0.28790565230322,0.2,0.276,1
"Atp9b",0.443885918236029,0.304896493054224,0.311,0.241,1
"Kdm3b",0.444484541178657,0.485458389398844,0.289,0.241,1
"Pbrm1",0.444656790808444,0.298029208417892,0.289,0.207,1
"Thrap3",0.444889397227298,-0.350860679438462,0.111,0.172,1
"Pkd2",0.444889397227298,-0.33149422080233,0.111,0.172,1
"Selenos",0.444889397227298,-0.294172912720744,0.111,0.172,1
"Ston2",0.444889397227298,-0.321732072148236,0.111,0.172,1
"Dynlt2a2",0.444889397227298,-0.354046517152744,0.111,0.172,1
"Tcirg1",0.444889397227298,-0.321037786030538,0.111,0.172,1
"Slc24a3",0.44803430711444,-0.589989802594294,0.267,0.31,1
"Dapp1",0.448733193154764,0.292400613074886,0.267,0.207,1
"Brd8",0.448739121070386,0.260639664058014,0.267,0.207,1
"Rab6a",0.449177600317366,0.413919157038904,0.222,0.172,1
"Mta3",0.449177600317366,0.435139862331938,0.222,0.172,1
"Lars",0.449177600317366,-0.44046501360376,0.178,0.241,1
"Wdfy3",0.450505835044481,-0.251547491546802,0.356,0.448,1
"Cebpz",0.451177869223792,0.344832712395328,0.244,0.172,1
"Arrdc3",0.451184332189945,0.259472899633803,0.244,0.172,1
"Fndc3a",0.451184332189945,0.371478958963811,0.244,0.172,1
"Babam2",0.451282589124398,-0.363614354675359,0.4,0.483,1
"Slc25a51",0.452501920293007,0.405305151518556,0.2,0.138,1
"Pitpna",0.452501920293007,-0.687079132607469,0.156,0.207,1
"Arhgap35",0.452960004369623,-0.255453699899743,0.133,0.207,1
"Bin2",0.452964273732879,-0.346275631867426,0.244,0.31,1
"Apbb2",0.453295997616745,0.432656375847038,0.289,0.207,1
"Gpr89",0.453390811076971,-0.537164411836128,0.089,0.138,1
"Galnt2",0.453390811076971,-0.381091774839211,0.089,0.138,1
"Fam222b",0.453390811076971,-0.426530354355658,0.089,0.138,1
"Atp5mpl",0.453390811076971,-0.337495283990457,0.089,0.138,1
"Mettl6",0.453390811076971,-0.416141878053849,0.089,0.138,1
"Utp14a",0.453390811076971,-0.4741234960428,0.089,0.138,1
"Ninj2",0.455277909218426,-0.476065669565632,0.333,0.379,1
"Camk2g",0.456063054947337,-0.283797582592945,0.111,0.172,1
"Klhl7",0.45607250084904,-0.308774637726458,0.111,0.172,1
"Nsd2",0.45607250084904,-0.442173826193101,0.111,0.172,1
"Kdm7a",0.45607250084904,-0.314206744070405,0.111,0.172,1
"Hagh",0.45607250084904,0.465104057098836,0.156,0.103,1
"Smchd1",0.45607250084904,-0.379185322046452,0.111,0.172,1
"1500004A13Rik",0.456498298542792,0.311314156921255,0.4,0.31,1
"Fgfr2",0.457131069976635,-0.310333793253827,0.667,0.69,1
"3110021N24Rik",0.458681064296036,-0.29890568299455,0.178,0.241,1
"Morc3",0.458681064296036,-0.271199154342022,0.178,0.241,1
"Sppl3",0.461280715814278,0.288908964576808,0.422,0.31,1
"Snx29",0.461416914179102,0.294949578801603,0.6,0.483,1
"Cog5",0.462029145757811,0.314158798058014,0.289,0.207,1
"Lnpk",0.462602390403257,-0.440459452639626,0.156,0.207,1
"Rmdn1",0.462602390403257,-0.618640924093136,0.156,0.207,1
"Tm6sf1",0.462609923052384,0.276981066836404,0.2,0.138,1
"Bnip2",0.462609923052384,-0.407182511594937,0.156,0.207,1
"Dmd",0.462609923052384,-0.379759701656844,0.156,0.207,1
"Zmynd8",0.463535299692681,-0.319933762329193,0.267,0.345,1
"Xkr4",0.4639783827259,0.320414193184682,0.356,0.276,1
"Unc80",0.465859589982225,-0.293832191248059,0.089,0.138,1
"Epha4",0.465859589982225,-0.367003591346595,0.089,0.138,1
"Ipo9",0.465859589982225,-0.359621835048295,0.089,0.138,1
"Mycbp",0.465859589982225,-0.405502767718303,0.089,0.138,1
"Spen",0.465859589982225,-0.308889534200444,0.089,0.138,1
"Agrn",0.465859589982225,-0.450379201526335,0.089,0.138,1
"5830418P13Rik",0.465859589982225,-0.395354300185494,0.089,0.138,1
"Polr3b",0.465859589982225,-0.380138936243585,0.089,0.138,1
"Thoc7",0.465859589982225,-0.338775769911915,0.089,0.138,1
"Gm31323",0.465859589982225,-0.291822497195174,0.089,0.138,1
"Virma",0.467411993266324,-0.324522616400795,0.111,0.172,1
"Tln1",0.467411993266324,0.516564550369945,0.156,0.103,1
"P2rx4",0.467411993266324,-0.300383913595074,0.111,0.172,1
"Nalf1",0.467411993266324,-0.457433097586417,0.111,0.172,1
"Klhl18",0.467411993266324,-0.359869588670228,0.111,0.172,1
"Gm46224",0.467411993266324,-0.282560242104519,0.111,0.172,1
"Snw1",0.467411993266324,-0.37865873936551,0.111,0.172,1
"Rnf130",0.467724078037245,0.380848344321202,0.333,0.241,1
"Nfia",0.468746175933471,0.439182410641912,0.689,0.586,1
"Dusp11",0.469870792463101,0.461914620685694,0.244,0.172,1
"Btbd1",0.470194745915011,-0.451610031803773,0.244,0.31,1
"Strbp",0.470267545295185,0.318025965105539,0.533,0.448,1
"E230029C05Rik",0.470267545295185,-0.445453688019645,0.489,0.517,1
"Prkcq",0.472842640609706,-0.505222161846309,0.156,0.207,1
"Purb",0.472842640609706,-0.445180053328882,0.156,0.207,1
"Naaladl2",0.473810042440726,0.622007188222644,0.422,0.414,1
"Ino80d",0.473993193090258,-0.263052043727292,0.133,0.207,1
"Ppp2r5a",0.474294243100411,-0.285279400644726,0.289,0.345,1
"Rpl23",0.475603550467979,0.406822987713662,0.267,0.207,1
"Ppp3ca",0.477613077261876,-0.252936258540813,0.711,0.759,1
"Sik2",0.477721129970927,0.251854971851607,0.311,0.241,1
"Slc22a17",0.477864927508323,-0.329388442245484,0.311,0.379,1
"Nipal3",0.478516546873089,-0.371543867883777,0.089,0.138,1
"1700111E14Rik",0.478516546873089,-0.302853204116617,0.089,0.138,1
"Sv2b",0.478516546873089,-0.404205143592075,0.089,0.138,1
"Copb1",0.478516546873089,-0.347313166895235,0.089,0.138,1
"Colgalt1",0.478516546873089,-0.314359032808477,0.089,0.138,1
"Brd7",0.478516546873089,-0.336460387018468,0.089,0.138,1
"Pdcd6ip",0.478516546873089,-0.314540118422929,0.089,0.138,1
"Erlec1",0.478516546873089,-0.523086335640343,0.089,0.138,1
"Zfp839",0.478516546873089,-0.375541238403532,0.089,0.138,1
"Spast",0.478516546873089,-0.713460020788847,0.089,0.138,1
"Cln3",0.478906070186353,0.514022213020975,0.156,0.103,1
"Coro1a",0.478906070186353,-0.269040203008511,0.111,0.172,1
"Ascc2",0.478906070186353,0.373483712356952,0.156,0.103,1
"Tasor2",0.478906070186353,-0.313126227303603,0.111,0.172,1
"Ndrg1",0.478906070186353,0.311912032496517,0.156,0.103,1
"Xrcc4",0.479372032529561,0.281453375063601,0.244,0.172,1
"Setd2",0.480920591783071,0.348955596885543,0.222,0.138,1
"Pde8a",0.481249334634721,0.339929611256706,0.533,0.448,1
"Rfc1",0.48319872509799,0.29292707051937,0.2,0.138,1
"Zfp397",0.48319872509799,0.288024324636737,0.2,0.138,1
"Lonp2",0.48473387200591,-0.263963266277625,0.2,0.276,1
"mt-Rnr2",0.484859261878697,-0.320653285321859,0.689,0.655,1
"Denn2b",0.485283051344951,0.373909012173403,0.111,0.069,1
"Erlin2",0.485283051344951,0.384320626565616,0.111,0.069,1
"Osbp2",0.485283051344951,0.297881234547147,0.111,0.069,1
"Baz1b",0.487857045504168,-0.301758661284155,0.178,0.241,1
"Gm47271",0.487857045504168,-0.355905928242139,0.178,0.241,1
"Smg1",0.488139005885269,0.382078755962729,0.378,0.345,1
"Zfp608",0.489353879866179,-0.430868912230592,0.222,0.276,1
"Pi4kb",0.490552794666961,0.404375352475061,0.156,0.103,1
"Ap2a1",0.490552794666961,0.458456330423339,0.156,0.103,1
"Klf13",0.490552794666961,0.259314138133444,0.156,0.103,1
"St3gal4",0.490552794666961,0.374448389063789,0.156,0.103,1
"Prpsap1",0.490552794666961,-0.293382252233828,0.111,0.172,1
"Auh",0.490552794666961,-0.29316173138441,0.111,0.172,1
"Golgb1",0.490552794666961,0.404432718639015,0.156,0.103,1
"Enox2",0.490552794666961,0.334084157057998,0.156,0.103,1
"Nrp2",0.491359101674846,-0.307417973980195,0.089,0.138,1
"Usp6nl",0.491359101674846,-0.301652775209982,0.089,0.138,1
"Metap1",0.491359101674846,-0.309769562912976,0.089,0.138,1
"Pigv",0.491359101674846,-0.424010119113504,0.089,0.138,1
"Lamtor4",0.491359101674846,-0.374988879905413,0.089,0.138,1
"Slc30a5",0.491359101674846,-0.287110567314797,0.089,0.138,1
"Phf10",0.491359101674846,-0.263824431782395,0.089,0.138,1
"Fam210a",0.491359101674846,-0.334198943375624,0.089,0.138,1
"mt-Co1",0.491359101674846,-0.292549220703843,0.089,0.138,1
"Kcnj10",0.493676743230998,-0.390144285329995,0.156,0.207,1
"Brinp1",0.493676743230998,-0.426035188388394,0.156,0.207,1
"Ppp4r2",0.493676743230998,0.282922132617068,0.2,0.138,1
"Macroh2a1",0.493676743230998,0.261902710900712,0.2,0.138,1
"Cd86",0.493676743230998,0.377296204453166,0.2,0.138,1
"Dyrk1a",0.493676743230998,-0.399785989059301,0.156,0.207,1
"Clock",0.493992048517618,-0.553046437997516,0.222,0.276,1
"Ambra1",0.494319982768924,-0.364750291236646,0.311,0.379,1
"Zdhhc20",0.495472452276526,-0.368340363765402,0.533,0.552,1
"Edem1",0.495568524692009,-0.254503309461719,0.133,0.207,1
"Adipor2",0.497065131100872,-0.273000211468275,0.378,0.414,1
"Ppm1l",0.497800324270376,0.305507764128671,0.222,0.172,1
"Atp11a",0.497800324270376,0.328686185524608,0.222,0.172,1
"Rasa3",0.497800324270376,-0.257588507674855,0.178,0.241,1
"Tmem119",0.498685042751204,0.309104875531217,0.244,0.172,1
"Sipa1l2",0.498685042751204,0.361680973016279,0.244,0.172,1
"Lpar6",0.49893853484918,-0.254094636398389,0.2,0.276,1
"Ahcyl2",0.499025705215177,0.311333630392957,0.111,0.069,1
"Akt1s1",0.499025705215177,0.34437353255753,0.111,0.069,1
"Arap1",0.499025705215177,0.458281589725043,0.111,0.069,1
"Cfap97",0.499025705215177,0.331420120899284,0.111,0.069,1
"Fto",0.501978146297661,0.269470549987769,0.333,0.241,1
"Ino80dos",0.502350097362354,0.372058620712227,0.156,0.103,1
"Tm2d1",0.502350097362354,0.272003448023508,0.156,0.103,1
"Sun1",0.502350097362354,0.319406999098907,0.156,0.103,1
"Mdm2",0.502350097362354,0.28044273108998,0.156,0.103,1
"Samsn1",0.502350097362354,0.286902225438303,0.156,0.103,1
"Fam120c",0.502350097362354,0.420129885323396,0.156,0.103,1
"Rnf220",0.502568166797885,0.254889228692564,0.622,0.552,1
"Sgk3",0.504275176490826,0.2618608436869,0.2,0.138,1
"Gm15478",0.504275176490826,-0.357428544756467,0.156,0.207,1
"Wwp2",0.504275176490826,-0.380928276330454,0.156,0.207,1
"Map2k1",0.504275176490826,0.256698803414606,0.2,0.138,1
"Ckmt1",0.5043844787386,-0.270653781869919,0.089,0.138,1
"Khdc4",0.5043844787386,-0.344339327721157,0.089,0.138,1
"Mapk10",0.5043844787386,-0.265226024595684,0.089,0.138,1
"Yipf4",0.5043844787386,-0.310290725328141,0.089,0.138,1
"Ap3s1",0.5043844787386,-0.363037401043927,0.089,0.138,1
"Dtx4",0.5043844787386,-0.300938014266757,0.089,0.138,1
"Fra10ac1",0.5043844787386,-0.266369275843102,0.089,0.138,1
"Gnb1",0.504387873390315,0.329645627686791,0.378,0.345,1
"Arhgap45",0.506641946505866,-0.330761441019022,0.578,0.552,1
"Ermn",0.507820715188454,0.345242422954913,0.378,0.31,1
"Slc25a36",0.507850453592288,0.429913540207715,0.222,0.172,1
"Atg10",0.507963299566874,-0.481325374585322,0.133,0.172,1
"Bend6",0.51249693541858,-0.372267617961851,0.067,0.103,1
"Rabif",0.51249693541858,-0.353885244384545,0.067,0.103,1
"Setx",0.51249693541858,-0.472411706624443,0.067,0.103,1
"Sars",0.51249693541858,-0.449745180505241,0.067,0.103,1
"Trim32",0.51249693541858,-0.454308408823973,0.067,0.103,1
"9430015G10Rik",0.51249693541858,-0.402352602666112,0.067,0.103,1
"Dipk1a",0.51249693541858,-0.396161104408461,0.067,0.103,1
"Tmem176a",0.51249693541858,-0.30565612853403,0.067,0.103,1
"Ogg1",0.51249693541858,-0.383340952580533,0.067,0.103,1
"Kmt2b",0.51249693541858,-0.442036828455354,0.067,0.103,1
"Bax",0.51249693541858,-0.38983345769644,0.067,0.103,1
"Rmnd1",0.51249693541858,-0.337157499356744,0.067,0.103,1
"Rimoc1",0.51249693541858,-0.304413480544041,0.067,0.103,1
"Snx4",0.51249693541858,-0.486405788174655,0.067,0.103,1
"Gabpa",0.51249693541858,-0.418730944518059,0.067,0.103,1
"Hps4",0.512754266721302,-0.312318939564537,0.222,0.276,1
"Zfp280c",0.512754266721302,-0.306117245145876,0.222,0.276,1
"Cltc",0.512930904794187,0.271366874611715,0.311,0.241,1
"Madd",0.512972448443948,0.311348849105468,0.111,0.069,1
"Tyro3",0.512972448443948,0.313573759852507,0.111,0.069,1
"Cdk5rap2",0.512972448443948,0.33103391886971,0.111,0.069,1
"Ddx55",0.512972448443948,0.311581752896895,0.111,0.069,1
"Cherp",0.512972448443948,0.315489941385509,0.111,0.069,1
"Atg4d",0.512972448443948,0.325944648314785,0.111,0.069,1
"Rnf144b",0.512972448443948,0.304146290355198,0.111,0.069,1
"Pls3",0.512972448443948,0.35241581407308,0.111,0.069,1
"Gse1",0.51429577695717,0.295010231695419,0.156,0.103,1
"Lars2",0.51429577695717,0.275747660061804,0.156,0.103,1
"Rps15",0.51429577695717,0.352757697145877,0.156,0.103,1
"Tmem161b",0.51429577695717,0.28255702114754,0.156,0.103,1
"Cers5",0.51429577695717,0.348847075232855,0.156,0.103,1
"Gm33989",0.514807740428711,-0.297718437287409,0.311,0.207,1
"Tnks",0.514985347236826,0.274326305447613,0.2,0.138,1
"Vdac3",0.514992421413242,-0.284365499194627,0.156,0.207,1
"Ntm",0.517589707553595,-0.261543876370514,0.089,0.138,1
"Hps3",0.518006056954543,-0.333142286605664,0.178,0.241,1
"Ccser1",0.518006056954543,-0.450124879208154,0.178,0.241,1
"Far1",0.518006056954543,-0.30440267978278,0.178,0.241,1
"Zkscan3",0.518006056954543,-0.426219923986783,0.178,0.241,1
"Ubn1",0.518404057993362,-0.34292037008357,0.2,0.241,1
"Serinc1",0.521271801978788,-0.570821538977515,0.4,0.379,1
"Rcbtb1",0.521271801978788,-0.300599948512584,0.356,0.448,1
"Mir6236",0.522272751522449,-0.420117519702513,0.222,0.276,1
"Dnaja2",0.524033090704758,0.280212615949004,0.333,0.241,1
"Copa",0.525826789971538,-0.29889224183551,0.156,0.207,1
"Zfhx2",0.525826789971538,-0.277634612474897,0.156,0.207,1
"Arhgef11",0.52638750079054,0.253219097888089,0.156,0.103,1
"Ndufa13",0.52638750079054,0.311671291046648,0.156,0.103,1
"Afg3l1",0.52638750079054,0.265065345956392,0.156,0.103,1
"Hnrnph1",0.526428897446011,0.261160839907183,0.489,0.414,1
"Med27",0.527119582855066,0.385462728633783,0.111,0.069,1
"Suds3",0.527119582855066,0.433811074710535,0.111,0.069,1
"Atp6v0e2",0.527119582855066,0.34428766889032,0.111,0.069,1
"Rnf122",0.527119582855066,0.302784740788502,0.111,0.069,1
"Fkbp8",0.527119582855066,0.254588903335702,0.111,0.069,1
"Trp53",0.527119582855066,0.301438907129691,0.111,0.069,1
"Kpnb1",0.527119582855066,0.282858669486159,0.111,0.069,1
"Gm34408",0.527119582855066,0.436528478565376,0.111,0.069,1
"Itpk1",0.527119582855066,0.267066861304749,0.111,0.069,1
"Ccdc167",0.527119582855066,0.391577537471139,0.111,0.069,1
"Srp19",0.527119582855066,0.327423148899897,0.111,0.069,1
"Usp37",0.527672183769287,-0.401298003157977,0.067,0.103,1
"Dpyd",0.527672183769287,-0.38947109125099,0.067,0.103,1
"Slc25a40",0.527672183769287,-0.392193593474624,0.067,0.103,1
"Lsm1",0.527672183769287,-0.373478452187788,0.067,0.103,1
"Ddx19b",0.527672183769287,-0.43785823981686,0.067,0.103,1
"Ccdc82",0.527672183769287,-0.323993957110229,0.067,0.103,1
"Aste1",0.527672183769287,-0.287001029639209,0.067,0.103,1
"Nr2c1",0.527672183769287,-0.346549561106178,0.067,0.103,1
"Tmtc3",0.527672183769287,-0.553002787851935,0.067,0.103,1
"Os9",0.527672183769287,-0.442045722865893,0.067,0.103,1
"Gm29237",0.527672183769287,-0.363894382600421,0.067,0.103,1
"Evi2a",0.527672183769287,-0.498809789373061,0.067,0.103,1
"Rab24",0.527672183769287,-0.483629321660865,0.067,0.103,1
"Gm5087",0.527672183769287,-0.385186095118254,0.067,0.103,1
"Gm3468",0.527672183769287,-0.25804918094876,0.067,0.103,1
"Prpf19",0.527672183769287,-0.40064557781224,0.067,0.103,1
"Fam50a",0.527672183769287,-0.359081499471561,0.067,0.103,1
"Usp50",0.528265690690735,0.254079054796605,0.222,0.172,1
"Tnik",0.528265690690735,0.56083860816307,0.222,0.172,1
"Il10ra",0.528412575600696,-0.45137457324013,0.2,0.241,1
"Anapc15",0.528877145428209,0.313364367991213,0.178,0.138,1
"Foxo3",0.530971623800779,-0.258214502540254,0.089,0.138,1
"Cyp4f13",0.530971623800779,-0.281811916153919,0.089,0.138,1
"Kdm4b",0.530971623800779,-0.255432862113909,0.089,0.138,1
"Rap1gds1",0.531102954850486,0.320486166846887,0.578,0.517,1
"Xiap",0.531881241368691,0.35338572883918,0.267,0.207,1
"Ankrd11",0.533315713045669,0.333383637729557,0.444,0.345,1
"Asph",0.535168506738043,-0.370549479655875,0.222,0.31,1
"Large1",0.53535451147691,0.269660846708951,0.467,0.414,1
"Depdc5",0.536776510059455,-0.265681758890374,0.156,0.207,1
"Ahi1",0.536776510059455,0.257660724043455,0.2,0.138,1
"Btbd9",0.536776510059455,-0.305588973685256,0.156,0.207,1
"Abcc5",0.537515778461066,-0.420307332103842,0.289,0.31,1
"Trim24",0.538518583016141,0.268665659515405,0.244,0.172,1
"Tspan15",0.538622805671515,0.267260406044399,0.156,0.103,1
"Dynll2",0.538622805671515,0.348005104936379,0.156,0.103,1
"Mbtps2",0.538622805671515,0.261614669113046,0.156,0.103,1
"Ctsh",0.538627844369136,0.357308720990365,0.222,0.172,1
"Pros1",0.538627844369136,-0.27158286629928,0.178,0.241,1
"Pja2",0.538627844369136,0.337327160848179,0.222,0.172,1
"Rps5",0.540227923813327,0.315969793501898,0.178,0.138,1
"Entr1",0.541463165225934,0.499788684335629,0.111,0.069,1
"Eif2ak4",0.541463165225934,0.287524812514752,0.111,0.069,1
"Nadk",0.541463165225934,0.26534681275238,0.111,0.069,1
"Ints13",0.541463165225934,0.302207866026954,0.111,0.069,1
"Tmem158",0.541463165225934,0.375847752919757,0.111,0.069,1
"Gm26740",0.541463165225934,0.406823464993932,0.111,0.069,1
"Wdr45b",0.541463165225934,0.399111936247605,0.111,0.069,1
"Crim1",0.541463165225934,0.252810109358907,0.111,0.069,1
"Cdk11b",0.542964859052995,-0.344891249742962,0.133,0.172,1
"9130024F11Rik",0.543073270594624,-0.419679203341035,0.067,0.103,1
"Usp21",0.543073270594624,-0.268531455242961,0.067,0.103,1
"Dclre1c",0.543073270594624,-0.283545088404626,0.067,0.103,1
"Rbm17",0.543073270594624,-0.260944716150169,0.067,0.103,1
"Thnsl1",0.543073270594624,-0.328053574346534,0.067,0.103,1
"Lrsam1",0.543073270594624,-0.251366979609387,0.067,0.103,1
"Tspan18",0.543073270594624,-0.329763894541455,0.067,0.103,1
"Yars",0.543073270594624,-0.30287570019484,0.067,0.103,1
"Zkscan1",0.543073270594624,-0.449075718466217,0.067,0.103,1
"Arhgap25",0.543073270594624,-0.323295808732039,0.067,0.103,1
"Ppp6r1",0.543073270594624,-0.391071286271258,0.067,0.103,1
"Cdc16",0.543073270594624,-0.321967777035069,0.067,0.103,1
"Tm2d2",0.543073270594624,-0.276680437296959,0.067,0.103,1
"Ing2",0.543073270594624,-0.28816198160192,0.067,0.103,1
"Rspry1",0.543073270594624,-0.487590755849698,0.067,0.103,1
"Tmbim4",0.543073270594624,-0.570263999475623,0.067,0.103,1
"Rmnd5b",0.543073270594624,-0.426190728543975,0.067,0.103,1
"ENSMUSG00000120232",0.543073270594624,-0.332400034982409,0.067,0.103,1
"Drosha",0.543073270594624,-0.289466201363231,0.067,0.103,1
"Pabpc1",0.543073270594624,-0.344112138492279,0.067,0.103,1
"Kansl2",0.543073270594624,-0.353755421532031,0.067,0.103,1
"Stxbp5l",0.543073270594624,-0.537509878786653,0.067,0.103,1
"Crybg3",0.543073270594624,-0.379252405452837,0.067,0.103,1
"Man2a1",0.543073270594624,-0.331297684910331,0.067,0.103,1
"Mrpl21",0.543073270594624,-0.277516911135644,0.067,0.103,1
"Rab9",0.543073270594624,-0.268006824557105,0.067,0.103,1
"Rpl4",0.544526870750187,-0.265723263835915,0.089,0.138,1
"Rdh14",0.544526870750187,-0.252632300745552,0.089,0.138,1
"Pot1b",0.544526870750187,-0.250825628146295,0.089,0.138,1
"Ftl1",0.54783972607361,-0.456320604471604,0.156,0.207,1
"A230057D06Rik",0.54783972607361,0.286480834685194,0.2,0.138,1
"Naxd",0.54783972607361,0.374541331548616,0.2,0.138,1
"Pld4",0.54783972607361,-0.307518942051382,0.156,0.207,1
"A330049N07Rik",0.548720617524984,-0.526178657139073,0.2,0.241,1
"Ldhb",0.549090941249091,0.507137032044012,0.222,0.172,1
"Cd300c2",0.550999098886786,0.310022581216651,0.156,0.103,1
"Hprt",0.551699275271424,0.387614144770982,0.178,0.138,1
"Atp1b1",0.552350123998136,0.277053107582356,0.556,0.517,1
"Map3k5",0.553406614910269,-0.259019925342082,0.156,0.207,1
"mt-Nd1",0.554324723823013,0.541160348745236,0.267,0.241,1
"Csnk2a2",0.554893382830295,-0.263530099192715,0.133,0.172,1
"Scamp1",0.554893382830295,-0.434991509992491,0.133,0.172,1
"Jakmip2",0.554893382830295,-0.414796355369904,0.133,0.172,1
"Trim36",0.554893382830295,-0.257141819569738,0.133,0.172,1
"Gramd3",0.554893382830295,-0.480522835139907,0.133,0.172,1
"Klhl20",0.555999009489647,0.373028024581192,0.111,0.069,1
"Ddx20",0.555999009489647,0.338177385436515,0.111,0.069,1
"Cibar1",0.555999009489647,0.26335715510601,0.111,0.069,1
"Bcl7b",0.555999009489647,0.255544258193641,0.111,0.069,1
"Tbcb",0.555999009489647,0.265694180225846,0.111,0.069,1
"Gm10033",0.555999009489647,0.29469260447256,0.111,0.069,1
"Kitl",0.555999009489647,0.333487842912071,0.111,0.069,1
"Smc6",0.555999009489647,0.337213490018577,0.111,0.069,1
"Zbtb11",0.555999009489647,0.28978794508658,0.111,0.069,1
"Cystm1",0.555999009489647,0.285589447785155,0.111,0.069,1
"Rbm22",0.555999009489647,0.263754140546387,0.111,0.069,1
"Gabbr1",0.558164584711398,0.272362137732188,0.422,0.379,1
"Prkca",0.558242739001556,-0.321618495157086,0.511,0.552,1
"Cnnm3",0.558695007446402,-0.253456130923516,0.067,0.103,1
"Creg2",0.558695007446402,-0.263670129333354,0.067,0.103,1
"Adipor1",0.558695007446402,-0.321881534695254,0.067,0.103,1
"Mast2",0.558695007446402,-0.453036135857872,0.067,0.103,1
"Rasgef1b",0.558695007446402,-0.355130079530858,0.067,0.103,1
"Cbx3",0.558695007446402,-0.624380919158314,0.067,0.103,1
"Mrpl51",0.558695007446402,-0.338328025219996,0.067,0.103,1
"Ipo7",0.558695007446402,-0.254005535701875,0.067,0.103,1
"Ddx60",0.558695007446402,-0.29514709775053,0.067,0.103,1
"Dync2h1",0.558695007446402,-0.420643495442692,0.067,0.103,1
"Acad8",0.558695007446402,-0.258428966043167,0.067,0.103,1
"Vwa5a",0.558695007446402,-0.40946482720433,0.067,0.103,1
"Acat1",0.558695007446402,-0.317572254285684,0.067,0.103,1
"Ppp1r9b",0.558695007446402,-0.349749815764979,0.067,0.103,1
"Erh",0.558695007446402,-0.788540477580117,0.067,0.103,1
"Ttc9",0.558695007446402,-0.366652732926526,0.067,0.103,1
"Spata7",0.558695007446402,-0.44279418917421,0.067,0.103,1
"Zfp738",0.558695007446402,-0.258753670884066,0.067,0.103,1
"Pdlim2",0.558695007446402,-0.352636350639367,0.067,0.103,1
"Slc38a1",0.558695007446402,-0.310325324127989,0.067,0.103,1
"Cox14",0.558695007446402,-0.274317095186918,0.067,0.103,1
"Iqcb1",0.558695007446402,-0.261762107381431,0.067,0.103,1
"Dynlt1c",0.558695007446402,-0.250999215918968,0.067,0.103,1
"Nol4",0.558695007446402,-0.277022832701898,0.067,0.103,1
"Sh3tc2",0.558695007446402,-0.256231312276632,0.067,0.103,1
"Ftx",0.558695007446402,-0.302825484149019,0.067,0.103,1
"Fam168b",0.559653338808214,0.303733999934885,0.222,0.172,1
"Eif4a2",0.560351260332737,0.444210078842274,0.311,0.276,1
"Rab3ip",0.560897732212267,-0.394661818261356,0.133,0.172,1
"Trappc9",0.561234019143841,0.348668896980233,0.267,0.207,1
"Dpysl2",0.561535832601423,-0.329392754690892,0.244,0.31,1
"Nav2",0.562388666962137,-0.264055851735439,0.756,0.793,1
"Sik3",0.562638235742133,-0.313705759251682,0.622,0.655,1
"Fis1",0.563513659401262,0.260837321065016,0.156,0.103,1
"2810403D21Rik",0.563513659401262,0.295649317773447,0.156,0.103,1
"Map1lc3a",0.566948588278001,-0.365006649853534,0.133,0.172,1
"D5Ertd579e",0.566948588278001,-0.369559372877634,0.133,0.172,1
"Snx10",0.566948588278001,-0.524086928768114,0.133,0.172,1
"Ghitm",0.566948588278001,-0.310832110188869,0.133,0.172,1
"Riok3",0.566948588278001,-0.345717572783029,0.133,0.172,1
"Zfx",0.566948588278001,-0.4388017399397,0.133,0.172,1
"Fcrls",0.567609327354801,0.321411806572712,0.511,0.448,1
"Lair1",0.56783889043437,-0.268814255965013,0.444,0.448,1
"Eif4g2",0.569406619910131,-0.546086554618067,0.2,0.241,1
"Slc17a7",0.57029881017442,-0.530002096631229,0.156,0.207,1
"Zbtb38",0.57029881017442,-0.345455762765874,0.156,0.207,1
"Daglb",0.570313329340434,0.278974253262531,0.222,0.172,1
"Pcca",0.570313329340434,-0.30578297452497,0.178,0.241,1
"Stx5a",0.570641011256139,-0.398140384503804,0.178,0.207,1
"Sumf1",0.570722689432632,0.274997751515788,0.111,0.069,1
"Arl13b",0.570722689432632,0.519327123485246,0.111,0.069,1
"Tjap1",0.570722689432632,0.276112699805206,0.111,0.069,1
"Mdh1",0.571189558235452,0.308286591898605,0.267,0.207,1
"Rtn4rl1",0.571189558235452,0.366312070204311,0.267,0.207,1
"Top1",0.571481402313683,0.284325878684381,0.356,0.276,1
"Stard3nl",0.572142978584873,0.26117892846267,0.089,0.138,1
"Lrch3",0.572149863673486,-0.293490078787739,0.333,0.414,1
"6030442K20Rik",0.574531888432574,-0.25815818278984,0.067,0.103,1
"Mfsd1",0.574531888432574,-0.274555577312899,0.067,0.103,1
"Bcl10",0.574531888432574,-0.320648928997216,0.067,0.103,1
"Erf",0.574531888432574,-0.258895664396901,0.067,0.103,1
"Ldha",0.574531888432574,-0.281193074620043,0.067,0.103,1
"Ctbp2",0.574531888432574,-0.261838042355086,0.067,0.103,1
"Tbrg1",0.574531888432574,-0.279326021844046,0.067,0.103,1
"Filip1l",0.574531888432574,-0.254934581000627,0.067,0.103,1
"Tmem223",0.574531888432574,-0.322256954996626,0.067,0.103,1
"Mpp1",0.574531888432574,-0.275751747870159,0.067,0.103,1
"Bckdhb",0.574994926678478,0.292495720776172,0.178,0.138,1
"A630001G21Rik",0.579127921252097,-0.400986683254206,0.133,0.172,1
"Arhgap15",0.579127921252097,-0.367965224322154,0.133,0.172,1
"Znrf1",0.581228369526795,-0.277982190903413,0.222,0.276,1
"Add3",0.58169055620751,-0.276462017425939,0.156,0.207,1
"Lta4h",0.585629541888114,0.263655439287721,0.111,0.069,1
"Dnmt3a",0.587189108251119,0.26722290084595,0.311,0.241,1
"Lamp1",0.588359458028256,0.369176380270476,0.311,0.276,1
"Mir100hg",0.588556749535514,0.313444777797803,0.244,0.207,1
"Cd2ap",0.589192062876354,0.28250663444182,0.333,0.276,1
"Sst",0.590457700616203,-0.2509452774157,0.2,0.241,1
"Ergic3",0.590578094855598,-0.293351675154474,0.067,0.103,1
"Pde3b",0.591240432821226,0.322307436319256,0.533,0.621,1
"Rbl2",0.591428721441018,-0.253286184678408,0.133,0.172,1
"Casc3",0.591428721441018,-0.280027966992213,0.133,0.172,1
"Gm48967",0.591428721441018,-0.341106611040986,0.133,0.172,1
"Marf1",0.591428721441018,-0.425445395586534,0.133,0.172,1
"D16Ertd472e",0.591428721441018,-0.320965771557043,0.133,0.172,1
"Sipa1",0.591428721441018,-0.291179653786935,0.133,0.172,1
"Cop1",0.59191893666504,0.284520529745847,0.222,0.172,1
"Msi2",0.59191893666504,-0.417535100812236,0.178,0.241,1
"ENSMUSG00000120400",0.593187555922859,-0.364314232447805,0.156,0.207,1
"Aplp2",0.594459448921279,-0.275143227951929,0.333,0.379,1
"R3hdm1",0.596334793407695,-0.279500344003155,0.511,0.517,1
"Abi1",0.596810307194291,-0.452492694858779,0.267,0.31,1
"Slc9a8",0.598479304007614,-0.358632797255272,0.111,0.138,1
"Zfp30",0.598479304007614,-0.502700877744963,0.111,0.138,1
"Atp11b",0.59895569294611,-0.435530665117775,0.222,0.241,1
"Gm17231",0.601549787647942,-0.251194177676374,0.222,0.276,1
"Trip11",0.601549787647942,0.274042890519393,0.267,0.207,1
"Itm2c",0.603632920239936,-0.457979377947861,0.244,0.276,1
"Gna15",0.604116262242109,0.286154491827274,0.2,0.172,1
"Plekhb2",0.606827500603652,-0.437496445920428,0.067,0.103,1
"ENSMUSG00000120941",0.606827500603652,-0.46130347646814,0.067,0.103,1
"Psma5",0.606827500603652,-0.251221684314806,0.067,0.103,1
"Qrich1",0.606827500603652,-0.340112736697539,0.067,0.103,1
"Cnot4",0.609437133916824,-0.519976964361239,0.222,0.241,1
"Tent2",0.609437133916824,0.291608504017195,0.244,0.207,1
"Arhgap21",0.610785461080258,0.252086719326688,0.178,0.138,1
"Cfl2",0.613726327268937,-0.291925410586122,0.244,0.276,1
"Gm28375",0.616383560477411,-0.289064436411513,0.133,0.172,1
"Fbrsl1",0.616383560477411,-0.477003858633187,0.133,0.172,1
"Napg",0.616383560477411,-0.270087880240581,0.133,0.172,1
"Ppp6c",0.616488195044528,-0.277924620874281,0.156,0.207,1
"Fry",0.61699763570268,0.434487960014417,0.311,0.276,1
"3110082I17Rik",0.621174813496617,-0.269119850341882,0.178,0.207,1
"Micu3",0.621174813496617,-0.412616501251723,0.178,0.207,1
"Dync1li1",0.621174813496617,-0.275511214088007,0.178,0.207,1
"Rps12",0.621174813496617,-0.427772914505526,0.178,0.207,1
"Slk",0.622683429807443,-0.351640457477128,0.2,0.241,1
"Psmd14",0.622931471484885,0.338026344618135,0.178,0.138,1
"Mib1",0.622931471484885,0.253869604670791,0.178,0.138,1
"Mad1l1",0.625837979924659,0.272184263379781,0.133,0.103,1
"Slc12a6",0.625845915695309,-0.304448011108792,0.111,0.138,1
"Tec",0.625845915695309,-0.335397118006108,0.111,0.138,1
"Kdm3a",0.625845915695309,-0.590608496695744,0.111,0.138,1
"Cramp1",0.625845915695309,-0.587295569044957,0.111,0.138,1
"Ppfia2",0.629031762033339,-0.299549808164092,0.133,0.172,1
"Ccm2",0.629031762033339,-0.410167050799508,0.133,0.172,1
"Phf21a",0.63272451755085,-0.33680459944567,0.4,0.379,1
"Rps2",0.634132777019909,-0.329049870685963,0.244,0.276,1
"Ccdc59",0.635180953615113,0.255673576817764,0.178,0.138,1
"Rnf169",0.635992367925069,0.470853003100382,0.289,0.276,1
"Bmpr2",0.636219063618921,0.259646186336025,0.222,0.172,1
"Eef1b2",0.63972826527568,-0.341152558599737,0.111,0.138,1
"C87436",0.63972826527568,-0.455308161539202,0.111,0.138,1
"Mxi1",0.63972826527568,-0.444743785108575,0.111,0.138,1
"Gcc2",0.644238824056257,-0.25700238346101,0.178,0.207,1
"Iars",0.644238824056257,-0.302809898671836,0.178,0.207,1
"Mgrn1",0.644442596199891,-0.422238441067659,0.244,0.276,1
"Brip1os",0.647531112424685,0.334094668021992,0.178,0.138,1
"Fam120b",0.647531112424685,0.376376077046886,0.178,0.138,1
"Bcas1",0.647709892713011,-0.28576790254593,0.4,0.448,1
"B3galt1",0.64791988193106,0.253564377158615,0.533,0.517,1
"Rbm33",0.653700302303788,-0.303275499683139,0.222,0.276,1
"Tsga10",0.653737924012968,-0.345827638697257,0.111,0.138,1
"Mapkapk2",0.653737924012968,0.265866715120342,0.133,0.103,1
"Nenf",0.653737924012968,0.271317572348159,0.133,0.103,1
"Pip5k1a",0.653737924012968,-0.280861560352812,0.111,0.138,1
"Golga7",0.653737924012968,-0.413723846158399,0.111,0.138,1
"Psmd7",0.653737924012968,-0.315188782054768,0.111,0.138,1
"Sp1",0.653737924012968,0.272695288687817,0.133,0.103,1
"Tenm1",0.653737924012968,-0.267682742544345,0.111,0.138,1
"Syne1",0.655902425144482,-0.398591155415545,0.178,0.207,1
"Atp5md",0.655902425144482,-0.431845004027198,0.178,0.207,1
"Akap13",0.655954164480245,-0.371182649108509,0.289,0.345,1
"Blnk",0.655981733541569,-0.255089917855576,0.267,0.31,1
"Eri3",0.659979069725949,0.320429450616659,0.178,0.138,1
"Stk38",0.660781878781253,-0.251128536343794,0.111,0.138,1
"Soga1",0.663564307956366,-0.454604047214869,0.356,0.345,1
"Vps53",0.666238801110868,-0.282913180330675,0.156,0.172,1
"Abtb2",0.667870682762998,0.391404413707427,0.133,0.103,1
"Caap1",0.667870682762998,-0.267169490364647,0.111,0.138,1
"Ube2q2",0.667870682762998,0.258110814421725,0.133,0.103,1
"Slc7a15",0.667870682762998,-0.736749338437983,0.111,0.138,1
"Mnat1",0.667870682762998,-0.268160408354826,0.111,0.138,1
"Asxl3",0.667870682762998,-0.487893235797386,0.111,0.138,1
"Fndc3b",0.672521866099004,0.366794144847289,0.178,0.138,1
"Gm20319",0.673957876719124,-0.339510856557052,0.222,0.241,1
"Akap6",0.676020141476484,0.264938708636998,0.311,0.276,1
"Btbd7",0.676020141476484,0.312818611125509,0.311,0.276,1
"Ppp1r12a",0.677080446545211,-0.253942842495507,0.422,0.448,1
"Rnf38",0.679480662124001,-0.32310350283328,0.178,0.207,1
"Lrrc28",0.679480662124001,-0.296257381524506,0.178,0.207,1
"Wdr7",0.679480662124001,-0.306348950275145,0.178,0.207,1
"Ikzf2",0.682122201357062,-0.283777088713319,0.111,0.138,1
"Hjurp",0.682122201357062,0.264764629998788,0.133,0.103,1
"Tmem163",0.682122201357062,-0.275684504422424,0.111,0.138,1
"Fbxo21",0.682122201357062,-0.484938677994602,0.111,0.138,1
"Smarcad1",0.682122201357062,0.488537604102773,0.133,0.103,1
"Tyrobp",0.682122201357062,0.255588959622084,0.133,0.103,1
"Trim30a",0.682122201357062,-0.452730265089932,0.111,0.138,1
"Dnal1",0.682122201357062,-0.411581227197408,0.111,0.138,1
"Btf3",0.682122201357062,-0.3797290244382,0.111,0.138,1
"3830406C13Rik",0.682122201357062,-0.320597466063768,0.111,0.138,1
"Safb",0.682122201357062,-0.258400622497659,0.111,0.138,1
"Prox1",0.684965612996875,0.326111444808017,0.244,0.207,1
"Rsf1os1",0.691390249800987,-0.41716031765316,0.178,0.207,1
"Glp2r",0.691390249800987,-0.30274387064373,0.178,0.207,1
"Dcakd",0.691390249800987,-0.298197958142342,0.178,0.207,1
"Pcm1",0.691750058909967,0.277417055011208,0.289,0.241,1
"Gnaq",0.692491618809822,-0.303191469770622,0.467,0.483,1
"Adamtsl1",0.696169193245774,0.349243416733859,0.311,0.276,1
"Pank2",0.696488012448579,-0.281580761235013,0.111,0.138,1
"Pitpnb",0.696488012448579,-0.273981497741175,0.111,0.138,1
"Mcmbp",0.696488012448579,0.2557146392535,0.133,0.103,1
"Wdfy4",0.696488012448579,0.279126066474886,0.133,0.103,1
"Yeats2",0.696488012448579,-0.25012887568729,0.111,0.138,1
"Rhou",0.703149667191179,-0.285515492647116,0.378,0.379,1
"Elk3",0.705138369187095,-0.265860987621338,0.2,0.207,1
"Adam17",0.709397888689155,0.311620017266062,0.2,0.172,1
"Ppfibp2",0.711423938660284,-0.289160623463333,0.289,0.31,1
"Prkacb",0.717123951425261,-0.691811623806095,0.156,0.172,1
"Gatad2b",0.718384199623346,-0.267199706794831,0.222,0.241,1
"Peak1",0.721494570963328,0.284485648624089,0.2,0.172,1
"Chchd10",0.723596352798718,-0.269207576762327,0.2,0.241,1
"Swt1",0.725544031508342,-0.258007997513285,0.111,0.138,1
"Csnk2a1",0.725544031508342,0.283159546857063,0.133,0.103,1
"Gak",0.725544031508342,-0.365500380624063,0.111,0.138,1
"Tfdp2",0.725544031508342,-0.265559107837609,0.111,0.138,1
"Txndc15",0.725544031508342,-0.280411029170746,0.111,0.138,1
"Rock2",0.728862284726426,-0.361258651005275,0.356,0.379,1
"Ndufa4",0.72964836966172,-0.30351456971835,0.222,0.241,1
"Csmd2",0.730054828217223,-0.278448526645802,0.156,0.172,1
"Mrtfb",0.730054828217223,-0.421869509196496,0.156,0.172,1
"Mdm4",0.738303465590935,-0.373627290814773,0.289,0.276,1
"Atp2b2",0.739770095616371,-0.269871627631117,0.178,0.207,1
"Pafah1b1",0.742792565943546,0.260663137446012,0.467,0.414,1
"Tpd52",0.743062911019625,-0.394408771001925,0.156,0.172,1
"Vps36",0.743062911019625,-0.329781313476813,0.156,0.172,1
"Gm21992",0.743062911019625,-0.264318361246286,0.156,0.172,1
"Dars",0.743586080113761,-0.624408019952356,0.089,0.103,1
"Pdss1",0.743586080113761,-0.687929271595062,0.089,0.103,1
"Ano3",0.743586080113761,-0.477582126277486,0.089,0.103,1
"Igf2bp3",0.743586080113761,-0.291701742991522,0.089,0.103,1
"Med26",0.743586080113761,-0.344023357575284,0.089,0.103,1
"Sh3pxd2a",0.747407189197882,0.288482192156345,0.133,0.172,1
"Ptp4a2",0.751032148434479,0.250703115079908,0.267,0.241,1
"Rps18",0.752036668332346,-0.346460079935453,0.178,0.207,1
"Senp2",0.752347110709618,-0.295365566371189,0.222,0.241,1
"Srcap",0.752512753170641,-0.404408447292843,0.2,0.207,1
"Fam76b",0.752512753170641,-0.256870190629992,0.2,0.207,1
"Usp46",0.7601369528507,-0.287741327455815,0.089,0.103,1
"Nek1",0.7601369528507,-0.330098109569856,0.089,0.103,1
"Rps26",0.7601369528507,-0.321723544937842,0.089,0.103,1
"Dek",0.7601369528507,-0.420930645551477,0.089,0.103,1
"Lima1",0.7601369528507,-0.37560231341613,0.089,0.103,1
"Ncbp2",0.7601369528507,-0.300257217785603,0.089,0.103,1
"Bbx",0.7601369528507,-0.257820798279496,0.089,0.103,1
"Ofd1",0.7601369528507,-0.302935768936498,0.089,0.103,1
"Lrrc8d",0.761998897281756,0.283478514981216,0.267,0.241,1
"Dcc",0.762782577840932,0.255969298336893,0.4,0.379,1
"Nisch",0.76378364939996,-0.270753636038866,0.222,0.241,1
"Ank",0.764511698240777,-0.328421083544414,0.2,0.207,1
"A230001M10Rik",0.765203343095264,-0.370269788720735,0.333,0.379,1
"Srpk2",0.765314346457068,0.251394237412231,0.4,0.345,1
"Nek7",0.766460987378614,-0.294877643718969,0.356,0.241,1
"Tbl1xr1",0.767775894224253,-0.260268256711667,0.4,0.31,1
"Tubb5",0.769296897678204,-0.339502670687049,0.156,0.172,1
"Eif1b",0.774667032767686,0.328707819843298,0.156,0.138,1
"Suco",0.776798380596067,-0.262884832546599,0.089,0.103,1
"Ptprt",0.776798380596067,-0.263626812419145,0.089,0.103,1
"2900093K20Rik",0.776798380596067,-0.286401100436573,0.089,0.103,1
"Proser1",0.776798380596067,-0.383266123346592,0.089,0.103,1
"Tprgl",0.776798380596067,-0.323067940215435,0.089,0.103,1
"Zfp141",0.776798380596067,-0.389295082902862,0.089,0.103,1
"Larp6",0.776798380596067,-0.250223902420565,0.089,0.103,1
"Fbxo9",0.776798380596067,-0.307166668541664,0.089,0.103,1
"Znrf3",0.776798380596067,-0.295842063334275,0.089,0.103,1
"Pkd1",0.776798380596067,-0.256713715994153,0.089,0.103,1
"Csf2ra",0.776798380596067,-0.341625563665958,0.089,0.103,1
"Phip",0.779779111825919,-0.352453530925649,0.333,0.31,1
"Fbxl17",0.787463619080265,-0.493178534835835,0.378,0.345,1
"Rlf",0.788677258480699,-0.450028143633788,0.2,0.207,1
"Azi2",0.793563127695337,-0.285050576564928,0.089,0.103,1
"Abcb7",0.793563127695337,-0.255855045654972,0.089,0.103,1
"Huwe1",0.797720788704474,0.260714008792554,0.333,0.345,1
"Alkbh1",0.800838351134411,-0.255511518364648,0.2,0.207,1
"Abi2",0.80220753723356,0.264214012774409,0.156,0.138,1
"Fubp1",0.804288564596066,0.259158631366051,0.267,0.276,1
"Glg1",0.805194908714999,-0.263267751305243,0.289,0.31,1
"Fbxo32",0.809139083592607,-0.328885340653704,0.156,0.172,1
"Chl1",0.810423815079591,-0.30355474734149,0.089,0.103,1
"Chsy1",0.810423815079591,-0.273040746033941,0.089,0.103,1
"Mief1",0.810423815079591,-0.255392123451726,0.089,0.103,1
"C730002L08Rik",0.810423815079591,-0.270579114241231,0.089,0.103,1
"Ints6l",0.81298244778893,-0.263379184214136,0.333,0.345,1
"Man2a2",0.814954405303513,-0.402180377137188,0.133,0.103,1
"Kat14",0.81582702601914,-0.327952848801692,0.133,0.138,1
"Snapc3",0.816072852220576,0.30494288109082,0.156,0.138,1
"Ttll5",0.819146146873978,0.273161569956249,0.378,0.379,1
"Rock1",0.819146146873978,-0.46366508353204,0.378,0.379,1
"Ubr2",0.820239106381706,-0.268822214775067,0.356,0.345,1
"Caly",0.821233077623451,0.531474825424992,0.111,0.103,1
"Trappc10",0.823568711324209,0.454793854306166,0.222,0.207,1
"Cnot1",0.825303072493451,-0.267569366622697,0.2,0.207,1
"Ndufa10",0.827372929966045,-0.340586569047016,0.089,0.103,1
"Rps19",0.827372929966045,-0.261230379571698,0.089,0.103,1
"Sh3glb1",0.828733349928641,0.28965179595363,0.244,0.276,1
"Atg3",0.830326954786701,-0.40747898203816,0.133,0.138,1
"Gpr34",0.834926769815737,0.280559268528797,0.489,0.483,1
"Pibf1",0.835556165717606,-0.344749163487868,0.222,0.207,1
"Wwp1",0.836847595139223,-0.294722742488849,0.244,0.241,1
"Fam214a",0.843972714793832,0.370839867616618,0.156,0.138,1
"Rtkn",0.844884892525503,-0.265457652127804,0.133,0.138,1
"Cpm",0.845367255756916,-0.340331188150329,0.133,0.103,1
"Gm48512",0.845367255756916,-0.360777565830904,0.133,0.103,1
"Nbas",0.85139001667137,0.315775025839733,0.511,0.552,1
"Ranbp9",0.856909553770995,-0.277473505535999,0.222,0.241,1
"Bmyc",0.858541547067126,-0.257998804988826,0.2,0.172,1
"Cox5b",0.87128364487465,-0.285509284671001,0.2,0.172,1
"Appl2",0.87128364487465,-0.516478458353125,0.2,0.172,1
"Ppp1r13b",0.874155373847979,-0.253407982330424,0.133,0.138,1
"Pum3",0.874155373847979,-0.298931656950013,0.133,0.138,1
"Ppcdc",0.876221823073709,-0.294125189489428,0.289,0.241,1
"Gm42756",0.880567302235314,0.266921857189675,0.178,0.172,1
"Elp4",0.896727965190157,-0.282312756139199,0.267,0.241,1
"Pcsk7",0.903599110827132,-0.256411708706037,0.133,0.138,1
"Efcab14",0.909697789009245,-0.389572950876492,0.2,0.172,1
"Iqsec1",0.909697789009245,-0.286929581026436,0.2,0.172,1
"Sgce",0.92021195733754,0.251633447353674,0.178,0.172,1
"4930444A19Rik",0.920386885083058,-0.40573017418038,0.222,0.207,1
"Cadm4",0.928715443512803,-0.512821368204583,0.156,0.138,1
"Pde4dip",0.931044671116389,-0.385137841130945,0.267,0.241,1
"Rpl18a",0.932603230930284,-0.269199211673887,0.222,0.207,1
"Smarcb1",0.933476020603173,-0.300635219660003,0.178,0.172,1
"Fut8",0.94483547268699,-0.257344286131149,0.222,0.207,1
"Ndufb7",0.94783830110087,0.277312365032995,0.089,0.103,1
"Upp2",0.952073452938109,-0.3401548989898,0.244,0.207,1
"Atg16l2",0.952073452938109,-0.511214700350649,0.244,0.207,1
"Sem1",0.957192764308327,-0.444420571097611,0.156,0.138,1
"Hdac7",0.967229321727917,-0.35457288574907,0.111,0.103,1
"Snrpd1",0.967229321727917,-0.309631957744771,0.111,0.103,1
"Tecr",0.968547201496791,0.255410052998781,0.333,0.345,1
"Ern1",0.971454230660739,-0.259083729039222,0.156,0.138,1
"Mob4",0.97770214190434,0.282465186258975,0.133,0.138,1
"Mrpl18",0.983611203976652,-0.303436439833805,0.111,0.103,1
"Il1rap",0.990372932127612,-0.334121839482485,0.511,0.379,1
"Bzw1",1,-0.251002111382671,0.111,0.103,1
"Megf9",1,-0.393014714913975,0.111,0.103,1
