"","p_val","avg_log2FC","pct.1","pct.2","p_val_adj"
"Rn18s-rs5",1.34338532349361e-12,-0.729773010165859,0.992,1,4.68398160742519e-08
"Mef2a",1.84751758818204e-05,1.24423780786096,0.445,0.103,0.644173957471432
"Ctnna2",2.8604649510957e-05,0.931317990503344,0.899,0.638,0.997358314498537
"Fam110b",0.000324310947059293,1.31915877806248,0.336,0.086,1
"Zfp354c",0.000346798766440272,-1.0624656763204,0.017,0.155,1
"Ctbp1",0.000766624896789897,-1.02761150725376,0.008,0.121,1
"Hipk2",0.000897090222673594,1.00510473872695,0.319,0.086,1
"Gabarapl2",0.000964040091906707,-0.833145393267945,0.076,0.259,1
"Cacng4",0.000984343094331939,1.01568319198123,0.168,0,1
"Nectin3",0.00101783346691774,-1.36245626085627,0.067,0.241,1
"Pkia",0.00107439823961637,1.06830939357615,0.328,0.103,1
"Tafa2",0.00116012244042346,-0.913303438482452,0.185,0.414,1
"Rps6ka5",0.00140741436643087,1.01010070693592,0.227,0.034,1
"Ap2a2",0.00152691562685238,1.02312985557705,0.193,0.017,1
"Atp2b1",0.00156286686478597,-0.6361522958411,0.429,0.672,1
"Brd4",0.0017968396728775,1.18308511301566,0.218,0.034,1
"Dpf2",0.00195422359539768,1.03001488927002,0.185,0.017,1
"Iqce",0.00222067107087515,-0.748868862849235,0.008,0.103,1
"Arih1",0.00227499569384171,0.800222795863389,0.353,0.121,1
"Ar",0.00229025953418444,-0.883511038274164,0.008,0.103,1
"Btg1",0.00230002126682134,0.977624508719976,0.244,0.052,1
"Arhgef9",0.0024943587683824,0.896410693613606,0.345,0.121,1
"Syt4",0.00256243784326437,-0.975654303066267,0.059,0.207,1
"Thoc2l",0.00277802122628231,1.06461875812848,0.235,0.052,1
"Mrps28",0.00291718870740331,-0.797128411656617,0.025,0.138,1
"Gars",0.0030385404196848,-1.02185007843248,0.076,0.224,1
"Ttc27",0.00312163747757964,-0.646845329017579,0.017,0.121,1
"Btbd3",0.00320573194212808,-0.857725448330416,0.017,0.121,1
"Gpr137c",0.00323814130509588,0.904469454984176,0.277,0.086,1
"Gdap1",0.00327942938292633,-0.711402343221922,0.059,0.207,1
"Sox11",0.00331690477159339,1.11121051485822,0.311,0.103,1
"Gnai2",0.00358833225281467,0.935837211189806,0.134,0,1
"Sema6a",0.00358833225281467,1.14224220032969,0.134,0,1
"Gabrb2",0.00386622163041715,1.12495838024107,0.252,0.069,1
"Smim13",0.00404075353569107,-1.10574394472571,0.059,0.19,1
"Prrc2c",0.00406159192463362,0.7407297144805,0.471,0.241,1
"mt-Rnr1",0.00421813497157837,-0.75862230981045,0.521,0.638,1
"Taok1",0.004237957108489,0.639749912521991,0.311,0.103,1
"Rnf130",0.00483295963987491,0.870102028316161,0.277,0.086,1
"Klf12",0.0050338233029645,0.586501828696977,0.731,0.448,1
"Vps13b",0.00542738301161877,0.58591447429695,0.345,0.121,1
"Prkca",0.00557478904934023,1.04569302679642,0.303,0.103,1
"Lin7a",0.0061651980382168,1.01792430738862,0.185,0.034,1
"Trim62",0.00624412428241623,-0.929643709033612,0.042,0.155,1
"Myef2",0.00649165853865146,0.64101246455534,0.269,0.086,1
"Ndufb11",0.00652735580657988,-0.798065558357412,0.059,0.19,1
"Cbfa2t2",0.00675547913661045,0.867101822297607,0.269,0.086,1
"Lrrc29",0.00676969437077215,0.752608237802189,0.118,0,1
"2900079G21Rik",0.00676969437077215,0.763078086857172,0.118,0,1
"Agk",0.00716828558917477,0.803154648265784,0.21,0.052,1
"Tasor2",0.00716967161222708,0.626379355333375,0.252,0.069,1
"Pcdh7",0.0075509926560093,-0.557878966675623,0.336,0.517,1
"Sorcs2",0.00774653210406104,-1.04816783756114,0.076,0.207,1
"Ythdf3",0.00799093543927861,0.685699990279832,0.218,0.052,1
"Mblac2",0.0081665013501747,0.819846236870927,0.176,0.034,1
"2810410L24Rik",0.0081956295190456,-1.07440576861985,0.017,0.103,1
"Mtmr7",0.00823997404968655,-0.675465039096825,0.05,0.172,1
"Nrbp2",0.00838496777576755,-0.818871628344021,0.025,0.121,1
"Rps5",0.00843989380499868,0.780232803577252,0.235,0.069,1
"Gabrg3",0.0085178436737378,-0.396464438096447,0.151,0.345,1
"Taf1",0.00852179252445978,0.902844186970132,0.143,0.017,1
"Szrd1",0.00857998841449946,-0.69424415998334,0.025,0.121,1
"Grm7",0.0086059206290807,1.10675222942901,0.378,0.19,1
"Pkd1",0.00897478918879965,0.804260635406805,0.176,0.034,1
"Plekha1",0.00903546771268779,0.515228548419394,0.244,0.069,1
"Rbbp5",0.00907617982953221,-0.583570993729396,0.017,0.103,1
"Ugp2",0.00911275920382149,-0.70692290322654,0.042,0.155,1
"Jund",0.00927718628262844,0.659964000899274,0.109,0,1
"Macroh2a2",0.00927718628262844,0.712500321084402,0.109,0,1
"Chst11",0.00927718628262844,0.557918087261328,0.109,0,1
"Slc43a2",0.00927718628262844,0.665312596278984,0.109,0,1
"Ammecr1",0.00927718628262844,0.79262846388944,0.109,0,1
"Ramp1",0.00930911329616041,-0.690534041981956,0.017,0.103,1
"Cntnap5c",0.00936463065635838,2.0528429540463,0.168,0.034,1
"Bclaf3",0.00979460356582092,0.775730646083597,0.143,0.017,1
"Mllt3",0.00983276879710105,0.551857394154174,0.437,0.207,1
"Grik3",0.00985377954158561,0.806576606642495,0.176,0.034,1
"Ak6",0.010040243418469,-0.611338763147846,0.017,0.103,1
"Cacna1e",0.0101438811665258,0.968810107331576,0.193,0.052,1
"Dmxl1",0.0102014782372873,0.589680227054691,0.336,0.138,1
"Ikbip",0.0102919055653954,-0.610279064573118,0.025,0.121,1
"Ccbe1",0.0102950787789971,-0.814340738996564,0.017,0.103,1
"Fam219a",0.0104589261983636,0.867876482772745,0.168,0.034,1
"Zfp846",0.0104589261983636,0.779499995982889,0.168,0.034,1
"Srsf10",0.0104822629351909,-0.750327014706165,0.168,0.328,1
"Prkacb",0.0105474160781437,0.873165203988357,0.277,0.103,1
"Ttc39c",0.0106438999577868,0.699140811903121,0.176,0.034,1
"Xrcc4",0.0106440237082158,0.761663576069836,0.176,0.034,1
"Ankrd46",0.0107647953602174,-0.610246201087626,0.025,0.121,1
"Dlg3",0.010961751924165,0.858441021288155,0.168,0.034,1
"Ptpn2",0.0110444843099656,0.636633667101614,0.143,0.017,1
"AW554918",0.0113464240264947,0.70688041687547,0.328,0.138,1
"Nxph1",0.0113644326123341,-0.739573967858285,0.311,0.5,1
"Mapre3",0.0114267090901355,0.600907423629616,0.143,0.017,1
"Knop1",0.0114267090901355,0.714735534364146,0.143,0.017,1
"H2aj",0.0114901342012874,0.666336285440609,0.176,0.034,1
"Arid1a",0.0115164647693961,-0.820364302459584,0.227,0.379,1
"Clk1",0.0115509011472711,0.718533747760765,0.252,0.086,1
"Brinp3",0.0116399802309184,0.563434462177359,0.277,0.103,1
"Mapk14",0.0117090177050719,-0.429978416010668,0.034,0.138,1
"Zmiz1",0.0118615510057348,0.749757630596575,0.387,0.19,1
"Rpl17",0.0119766032257803,0.859928036297982,0.202,0.052,1
"Zmat2",0.0124091613024016,0.662127282004274,0.168,0.034,1
"Efna5",0.0124649589530162,0.59912173978933,0.286,0.103,1
"Kctd1",0.0124949289939077,0.719461839307024,0.202,0.052,1
"Htr1f",0.0125127926128789,-1.02876192477632,0.185,0.345,1
"Uchl1",0.0126109777314582,-1.16512331356289,0.185,0.328,1
"Hmcn1",0.0126987252427826,1.94948734985094,0.101,0,1
"Unc13b",0.0126987252427826,0.849643283707479,0.101,0,1
"Gm33989",0.0126987252427826,0.636880111864794,0.101,0,1
"Sin3b",0.0126987252427826,0.681335483994097,0.101,0,1
"Mapk6",0.0126987252427826,0.803455581245433,0.101,0,1
"Tmbim4",0.0126987252427826,0.654718975837794,0.101,0,1
"Spidr",0.0126987252427826,0.812692007613792,0.101,0,1
"Arid1b",0.0129388868527963,0.679435033472575,0.496,0.31,1
"Dnaja2",0.0129807669096424,0.727536757658704,0.244,0.086,1
"Yy1",0.0129941128363765,0.792011279036789,0.168,0.034,1
"Trps1",0.0130378529501967,-0.715747997990067,0.244,0.414,1
"Rap1gds1",0.0130400074432018,0.83175995655662,0.294,0.121,1
"Acaca",0.013048390774468,1.04610771029139,0.185,0.052,1
"Gatad2b",0.013146554623983,0.871130859520756,0.286,0.121,1
"Epha3",0.0132810606225461,0.735128922297017,0.252,0.086,1
"Rgs20",0.0133364937865644,0.8786347117932,0.227,0.069,1
"Srrm4",0.0135445277522572,0.813107709299227,0.328,0.155,1
"Cdh12",0.0135816389784318,-0.549265965145793,0.076,0.207,1
"Ints10",0.0136349936792222,-0.674775179339681,0.059,0.172,1
"Eid1",0.0136907539621981,-0.729085945541469,0.193,0.345,1
"Marchf1",0.0137354880522069,1.00657215929956,0.521,0.362,1
"Igfbpl1",0.0138218125706276,0.652621787037742,0.378,0.172,1
"Fut9",0.0138271043584431,0.661698627522613,0.294,0.121,1
"Peg3",0.0140114792974819,0.605107108335958,0.303,0.121,1
"B4galnt4",0.0142279976465083,0.724552342796435,0.134,0.017,1
"Pak2",0.0142434473137108,0.660691734194405,0.227,0.069,1
"Prmt3",0.0144526948742586,-0.761701015324716,0.05,0.155,1
"Lingo2",0.0144660846036928,-0.903350255914933,0.269,0.414,1
"Mbnl1",0.0144714984183307,0.695948383827494,0.134,0.017,1
"Slc1a1",0.0144714984183307,0.697127826108147,0.134,0.017,1
"Golm2",0.0145586846811037,0.840713465728002,0.328,0.155,1
"Pcdh10",0.014559288695587,-0.666923639979589,0.168,0.328,1
"Cemip2",0.0149106509590975,0.973874445797345,0.269,0.121,1
"Uty",0.015100198567888,0.588872435739259,0.303,0.121,1
"4930517O19Rik",0.0151286827397317,0.873769211498145,0.319,0.155,1
"Zfp692",0.0152241894967894,0.695524175864434,0.134,0.017,1
"Peli2",0.0153638044490334,-1.16475085169232,0.109,0.224,1
"Chsy3",0.0155212667117152,1.28714108817155,0.252,0.103,1
"Pola1",0.0156244575922187,0.671727148052079,0.269,0.103,1
"Manf",0.0156400642900091,0.68875703502101,0.218,0.069,1
"Prpf4b",0.0157788046266419,-0.564084296130448,0.496,0.603,1
"Bmyc",0.01608745108701,0.924127706698131,0.16,0.034,1
"Arcn1",0.0161457184175259,-0.671979049278981,0.059,0.172,1
"Gabrb3",0.0162011214697961,0.709017379258376,0.563,0.379,1
"Aco2",0.0166976178076489,0.633018119367441,0.218,0.069,1
"Dcx",0.0172166353792145,0.548345350057691,0.58,0.362,1
"Zfp398",0.017354977690942,0.6711361077474,0.16,0.034,1
"Ccdc186",0.0176185465337837,0.570377112667778,0.16,0.034,1
"Ybx1",0.0178409027407122,-0.812463998235932,0.101,0.224,1
"Gabra5",0.0180001250718924,0.833705697941636,0.126,0.017,1
"Brwd1",0.0181212955974955,0.590265891268821,0.361,0.172,1
"Senp2",0.0181528834667954,0.808332887118034,0.151,0.034,1
"Fbxo34",0.0181915868406804,-0.736456241863549,0.05,0.155,1
"Akirin1",0.0182841867168631,-0.724072881647746,0.042,0.138,1
"Ptbp2",0.0183108212903014,0.633763207922173,0.361,0.172,1
"Rps3a1",0.0183108546375069,0.635291482305578,0.286,0.121,1
"Srrm2",0.018733474079551,0.372966515676977,0.571,0.328,1
"Pds5b",0.0189654682842358,0.506443570016567,0.277,0.103,1
"Kalrn",0.0193573343361896,0.424372780482701,0.529,0.328,1
"Dhx15",0.0195519305772837,0.651658582692197,0.21,0.069,1
"Adamts3",0.0195654450249231,0.53944501385858,0.16,0.034,1
"Gm44829",0.0196598769343197,0.701362779983191,0.185,0.052,1
"Rab3b",0.0196916610973016,-0.797502073260275,0.042,0.138,1
"4833420G17Rik",0.0197792892222369,0.659820811926115,0.261,0.103,1
"Rnf144a",0.0199165378515789,0.714539334805837,0.126,0.017,1
"Myo10",0.0200579791098902,-0.649245450918541,0.042,0.138,1
"Ripor2",0.0204877489780188,0.927761056872046,0.185,0.052,1
"Cpsf2",0.0205937772571728,0.542756012585112,0.126,0.017,1
"2310033P09Rik",0.0205943421673654,-0.831224269929509,0.034,0.121,1
"Ccdc47",0.0208158621152548,0.730005772240576,0.151,0.034,1
"Dek",0.0208158621152548,0.825092036984554,0.151,0.034,1
"Gm36975",0.0211317696933299,0.727702593047291,0.151,0.034,1
"Fem1c",0.0214254475017538,-0.740896585993475,0.034,0.121,1
"Slc25a3",0.0214264858905146,0.597159158985432,0.303,0.138,1
"Slc4a7",0.0214518459073905,0.784405435419819,0.151,0.034,1
"Brinp1",0.0215622883352553,-0.601913638690473,0.261,0.414,1
"Kifbp",0.0216192645801704,-0.558868285234591,0.05,0.155,1
"Fbxl17",0.0217463484892731,0.581916451408036,0.336,0.155,1
"Rack1",0.0217758994343328,0.752199895103032,0.151,0.034,1
"Apoe",0.0221762270521702,0.326368537590811,0.429,0.224,1
"Chpt1",0.0223832455270285,-0.524889662048539,0.042,0.138,1
"Slk",0.0225190460086947,0.628663631092454,0.21,0.069,1
"Abat",0.0225755828356052,-0.695553306828433,0.118,0.241,1
"Snhg14",0.0226362117310986,0.572028608098694,0.513,0.293,1
"Psma5",0.0228456850445873,-0.740001919152787,0.101,0.224,1
"Cmss1",0.0229884141831974,-0.633335180784425,0.479,0.586,1
"Ei24",0.0230167229036599,-0.859417462026174,0.067,0.172,1
"Clpp",0.0231403359329878,0.689801263900234,0.118,0.017,1
"D130019J16Rik",0.0231747241905942,0.840260237444661,0.193,0.069,1
"Rapgef6",0.0233309531624605,0.735295224932328,0.294,0.138,1
"Pde5a",0.023378103123835,-1.00063992864878,0.067,0.172,1
"Swt1",0.0234304683598678,-0.852970303150846,0.109,0.224,1
"Fam117b",0.0234623597117792,0.635253702517932,0.151,0.034,1
"Hmgb1",0.0236030635923845,0.742798134954331,0.328,0.155,1
"Pdzrn3",0.0237111426801584,-0.616199147390096,0.025,0.103,1
"Fip1l1",0.0237678898966237,-0.635688114145709,0.118,0.241,1
"Plcl1",0.0237752109783595,0.559368640408048,0.538,0.328,1
"Plcl2",0.0238192109003369,0.785596154378462,0.269,0.121,1
"Mta3",0.0239351290830598,0.638632153597372,0.118,0.017,1
"Cst3",0.0240483235124274,0.406176524117024,0.714,0.5,1
"Fam222b",0.0241676811084911,0.737891507781079,0.151,0.034,1
"Sdcbp",0.0241679348219676,0.583539886179059,0.151,0.034,1
"Abhd8",0.0242233609759389,-0.594056391781936,0.025,0.103,1
"Epc2",0.0244212089962009,0.758376497200349,0.176,0.052,1
"Ajap1",0.0247534904340266,0.568969064016559,0.118,0.017,1
"Foxn3",0.0249738411598429,-0.420467329390646,0.445,0.586,1
"Smg1",0.0250493783419664,0.746363650357053,0.269,0.121,1
"Atp5g3",0.0252185184853194,0.747717263178702,0.227,0.086,1
"Rmdn3",0.0252766347084889,-0.63840526932804,0.025,0.103,1
"Mrps16",0.0252766347084889,-0.690194886066812,0.025,0.103,1
"Slf2",0.0255483417807903,0.397551522118736,0.21,0.069,1
"Blcap",0.0258179770460733,-0.635109574922618,0.025,0.103,1
"Dlgap1",0.0261760539108521,0.759594596440418,0.723,0.586,1
"Afdn",0.0264483005003528,0.499132987865748,0.403,0.224,1
"Dnajc2",0.0264631570934615,0.602404628865717,0.118,0.017,1
"Guf1",0.0264631570934615,0.710179081204104,0.118,0.017,1
"Exoc6b",0.0265737030663322,0.602514618135067,0.403,0.224,1
"Gm17106",0.0268846542806522,0.709755938206524,0.143,0.034,1
"Fkbp4",0.026906185384086,0.713915333185309,0.118,0.017,1
"Dcps",0.0269307999057375,-0.505169559283891,0.025,0.103,1
"Dnm2",0.0269817210062066,-0.718909081354437,0.168,0.293,1
"Tiam2",0.0269855404574314,0.910983752199601,0.462,0.293,1
"Phb2",0.0272069194531825,-0.964179213780868,0.059,0.155,1
"Tax1bp1",0.0272319381669125,0.457426326444366,0.235,0.086,1
"Shisa9",0.0273384902448106,0.790376584031524,0.252,0.103,1
"Cep164",0.0273556026455997,0.489917838565524,0.118,0.017,1
"Gad2",0.0274245665737802,0.714164602846935,0.496,0.345,1
"Tcf12",0.0276020770637485,-0.470493311489651,0.437,0.569,1
"Rufy2",0.0276751940425346,0.758010237523959,0.269,0.121,1
"Pum1",0.0277579282260994,0.644715398042512,0.345,0.172,1
"Strn4",0.0278114819280171,0.475641720999494,0.118,0.017,1
"Rps27",0.0279162505807476,0.813067274252976,0.168,0.052,1
"Sh3glb1",0.027954935945357,0.579946845664805,0.176,0.052,1
"Scn1b",0.0281136503623037,-0.630580728448862,0.067,0.172,1
"Ncoa1",0.0281162089800692,-0.625140446663886,0.311,0.431,1
"Chic2",0.0281201190459643,0.696025181953599,0.193,0.069,1
"Gm4117",0.0286776010603513,-0.555660582000955,0.025,0.103,1
"Atg16l2",0.0287122854807932,0.59299786463455,0.176,0.052,1
"Rbfox2",0.0289368799164602,0.570183171784264,0.487,0.293,1
"Amy1",0.0294443399062197,0.607992716769097,0.227,0.086,1
"Hnrnpa1",0.0296755593158022,0.674641796145215,0.168,0.052,1
"Pkig",0.0298200200307175,0.760435980166243,0.143,0.034,1
"Pdzrn4",0.0299239809985896,-0.720334014492414,0.16,0.293,1
"Zfp280c",0.0300795343951117,-0.64095520592182,0.092,0.207,1
"Syt11",0.0305208887018258,-0.512546855622925,0.37,0.5,1
"Dgki",0.0305231678528514,0.575288421401598,0.387,0.207,1
"Senp7",0.0305350455905106,0.584643946242071,0.269,0.121,1
"Ube2e2",0.0306889989238781,0.549464676433987,0.429,0.241,1
"Sirt2",0.0311600182358024,0.573291834904925,0.143,0.034,1
"Sub1",0.0312238338235713,-0.460813411503821,0.126,0.259,1
"Tcf20",0.0312588337163766,0.356345519610662,0.378,0.19,1
"Vrk1",0.0312649240945978,0.680614973508475,0.109,0.017,1
"Zfp207",0.0312937345558646,0.493145588422706,0.252,0.103,1
"Basp1",0.0313666123959977,-0.473160685719033,0.462,0.621,1
"Atp5k",0.0315299275410843,0.726369291520372,0.168,0.052,1
"Meis2",0.0317876273085763,0.397663648187804,0.899,0.862,1
"Klhl13",0.0317927730361841,0.706443315160737,0.109,0.017,1
"Atp5l",0.0319209395774833,0.587896673587015,0.176,0.052,1
"Pou2f1",0.0320591817949557,0.666005752192296,0.437,0.276,1
"Aldoa",0.0324864961798975,-0.511030858659923,0.345,0.483,1
"Sfmbt1",0.03252859068694,0.533023745905001,0.202,0.069,1
"Cd2ap",0.0327543848912344,0.772203779259419,0.21,0.086,1
"Ap2s1",0.0328714249838408,-0.872458316874097,0.05,0.138,1
"Naa35",0.0329113306281495,0.677302930723772,0.193,0.069,1
"Akap8",0.0331169541711691,0.671333090158996,0.193,0.069,1
"Anapc4",0.0332605835548336,0.587175153786236,0.168,0.052,1
"Lats1",0.0334224002460517,0.597297866822538,0.109,0.017,1
"Galnt10",0.0334224002460517,0.659762537629652,0.109,0.017,1
"Mrtfa",0.0340785781932018,0.722615073926548,0.185,0.069,1
"Cep68",0.0341554086558065,0.580955126209578,0.168,0.052,1
"Ubxn7",0.03437241961024,0.510178549609557,0.193,0.069,1
"Sars",0.0345480840406198,-0.770430336578733,0.05,0.138,1
"Smg7",0.035071892409895,0.60690478052488,0.168,0.052,1
"Erbb4",0.0350952744515659,0.455114475554029,0.773,0.638,1
"Rai2",0.0357059980164534,0.58190881166998,0.109,0.017,1
"Zfp407",0.0358535556817198,0.560054262897816,0.328,0.172,1
"Snrpb",0.0362972629822795,0.631461618414218,0.109,0.017,1
"Otud7b",0.0362972629822795,0.443890172643261,0.109,0.017,1
"Atp6v0e",0.0362972629822795,0.596203054201458,0.109,0.017,1
"Kcnb2",0.0365164833636907,0.600810547919066,0.353,0.19,1
"Nck2",0.036757771561229,0.759007217532778,0.134,0.034,1
"Bbs9",0.0368968525272398,0.604511559452965,0.109,0.017,1
"Slc35b1",0.0368968525272398,0.575076644915913,0.109,0.017,1
"Mllt10",0.0370175224899644,0.485263451999683,0.378,0.19,1
"Tasp1",0.0370485375536652,0.377972985102145,0.143,0.034,1
"Vps72",0.0375048567397222,0.516738942061076,0.109,0.017,1
"Nudt21",0.0375048567397222,-0.790072249447209,0.05,0.138,1
"Slc25a36",0.0376347347095407,0.401668593043785,0.202,0.069,1
"Rere",0.0377782417337335,0.413409941674227,0.714,0.5,1
"Lrrc4",0.0379920096078162,0.598525507192951,0.16,0.052,1
"Cdc16",0.038121366216636,0.510355333471517,0.109,0.017,1
"Fbxl12",0.038121366216636,0.455569652377054,0.109,0.017,1
"Cadps",0.0383628050370727,0.624189004169248,0.597,0.466,1
"Gabbr1",0.0383901910029736,0.565244743294784,0.294,0.138,1
"Rgs6",0.0383990989671612,0.846934895756799,0.134,0.034,1
"Marchf2",0.0383990989671612,0.705064353283756,0.134,0.034,1
"Arhgap20",0.0384444805024423,0.62794519584647,0.168,0.052,1
"Psmc3",0.0385003410471009,0.702723794548551,0.16,0.052,1
"Fat3",0.0386133784829772,0.44687397565223,0.269,0.121,1
"Reep2",0.0387464720583319,-0.748152387765342,0.05,0.138,1
"Lpgat1",0.0387647723235891,0.688799872629895,0.252,0.121,1
"Rmst",0.0389480877351486,0.352471712767309,0.168,0.052,1
"Rheb",0.0390834646151503,0.716322371275388,0.185,0.069,1
"Prdm10",0.039457287811601,0.532932972168151,0.168,0.052,1
"Asb3",0.039745422067518,0.325973144852922,0.227,0.086,1
"Grip1os2",0.0405946794638914,0.570179857890188,0.261,0.121,1
"Prpf39",0.0409311665222293,0.714823875051693,0.21,0.086,1
"Nrxn3",0.0409401701652175,0.526628516944144,0.941,0.948,1
"Ssbp3",0.0410520514347499,0.652259212840916,0.185,0.069,1
"Tubgcp3",0.0413346984022841,-0.56350567994349,0.05,0.138,1
"Zfp609",0.0414982623538208,0.860069999788948,0.277,0.155,1
"Fscn1",0.0417757751232766,-0.739751212941466,0.067,0.155,1
"Glmn",0.0418691799947457,0.42373915846007,0.134,0.034,1
"Polr2e",0.0420393692499701,-0.793970417067848,0.042,0.121,1
"Exoc6",0.0420393692499701,-0.750692442805032,0.042,0.121,1
"Dcaf8",0.0420674439637144,0.652811646425976,0.185,0.069,1
"Pparg",0.042196125422196,0.5383790178333,0.101,0.017,1
"Ubn1",0.0423686215597761,0.438331688676445,0.21,0.086,1
"Fbxo3",0.042472590665668,0.672452697110002,0.134,0.034,1
"Ireb2",0.0425830589432552,0.589208500064365,0.185,0.069,1
"4930447N08Rik",0.0426563162392643,-0.68188606886314,0.076,0.172,1
"Rpl39",0.0426827944669376,-0.400148225623072,0.05,0.138,1
"Trpc4",0.0429012066789606,0.824892826119821,0.101,0.017,1
"Zfp90",0.0429012066789606,0.596771367912358,0.101,0.017,1
"Ankhd1",0.0429182398739829,0.623594139818565,0.244,0.103,1
"Cdkl3",0.0433409832484692,0.661323775546116,0.16,0.052,1
"Rps10",0.0436162218435946,0.658272096746836,0.101,0.017,1
"Mdh2",0.0436303337056687,-0.5515139354434,0.109,0.224,1
"Aim2",0.0437014957797949,0.530548187705764,0.134,0.034,1
"Ep400",0.0438485493168445,0.612168947117662,0.21,0.086,1
"Ids",0.0442604728119487,-0.71347298950722,0.042,0.121,1
"Supt16",0.0443501866848096,0.481379420218207,0.193,0.069,1
"Dennd1b",0.0444396590296836,0.409500870284695,0.218,0.086,1
"Man2c1os",0.0447745347830063,-0.4804520325512,0.05,0.138,1
"Arpp21",0.0448551164804216,-0.642192296323495,0.269,0.414,1
"Socs7",0.045076475758162,0.703467202490885,0.101,0.017,1
"Eny2",0.0450921845277308,-0.762124794822859,0.076,0.172,1
"Ddx39b",0.0452844889748357,0.488857837768144,0.277,0.138,1
"Arglu1",0.0453679557844075,0.36140159223128,0.395,0.224,1
"Galntl6",0.0454207373893609,-0.654397195357753,0.269,0.397,1
"Ube2e3",0.0454228475645399,0.4852534478192,0.252,0.121,1
"Ppp1r16b",0.0454907215899542,-0.509015038638363,0.05,0.138,1
"Kctd3",0.0458219267147294,0.59278204308925,0.101,0.017,1
"Ndufa2",0.0458219267147294,0.61214214913864,0.101,0.017,1
"Rab14",0.045833724370988,-0.543145091049602,0.218,0.362,1
"Plpp3",0.0462495357339575,0.513731186834705,0.134,0.034,1
"Shank2",0.0463440684120098,0.525676651819189,0.185,0.069,1
"Rapgef4",0.0464732623534782,-0.703992665392684,0.176,0.293,1
"Tprgl",0.0465777359760829,0.451881661053446,0.101,0.017,1
"Psmd11",0.0466023090825083,0.675655675856918,0.126,0.034,1
"Gmds",0.0469035324482462,0.563229097083851,0.185,0.069,1
"Fus",0.0469148499563642,0.519223271100066,0.37,0.207,1
"Dhx36",0.0470249096808534,0.563784226614207,0.319,0.172,1
"Atp6v1b2",0.0471344723719512,-0.725744611698888,0.193,0.31,1
"Pde4a",0.0473753085950777,-0.584534161185021,0.042,0.121,1
"Lrrc7",0.0474155803203884,0.590834405432501,0.571,0.466,1
"Nipsnap1",0.0481208592609285,0.574238885402028,0.101,0.017,1
"4732471J01Rik",0.0482416701210254,0.53055054042387,0.134,0.034,1
"Gm37679",0.0487676270218875,0.650224109095342,0.235,0.103,1
"Slitrk3",0.0489083893993852,0.485574958424391,0.101,0.017,1
"Fem1b",0.0489083893993852,0.448855750120606,0.101,0.017,1
"Nsa2",0.0489083893993852,0.550068101656751,0.101,0.017,1
"Srek1ip1",0.0489083893993852,0.694011923498931,0.101,0.017,1
"Rab3c",0.0489725421171212,0.406371910523615,0.353,0.207,1
"Sulf2",0.0490006058928839,-0.674786405956882,0.042,0.121,1
"Elmo2",0.04901053345203,-0.657173431262259,0.067,0.155,1
"Phtf2",0.04901053345203,-0.723255804371763,0.067,0.155,1
"Abhd6",0.04901053345203,-0.68858248762913,0.067,0.155,1
"Gtf2h5",0.0493128182965399,0.433937671887222,0.16,0.052,1
"Vdac3",0.0496105293416069,-0.581676420990034,0.118,0.224,1
"Rgs3",0.0497067100545098,0.513779853188295,0.101,0.017,1
"Dhx8",0.0497067100545098,0.498230189885676,0.101,0.017,1
"Ino80dos",0.0498306476911976,-0.53405726484625,0.042,0.121,1
"Ptpn11",0.0499934727112616,-0.428786456101154,0.05,0.138,1
"Rnf214",0.0502119565452767,0.549661830693381,0.21,0.086,1
"Apbb2",0.0504329659646636,-0.684747470233357,0.067,0.155,1
"Ppfia2",0.0504389279636868,0.523321540510424,0.588,0.431,1
"Kcnt1",0.0505159304338783,0.466638066953817,0.101,0.017,1
"Ppp1r12c",0.0505159304338783,0.450188440862705,0.101,0.017,1
"Gm17231",0.0505159304338783,0.394834014372085,0.101,0.017,1
"Cct2",0.0507939304082404,0.607018962784694,0.126,0.034,1
"Ndufs4",0.0508856065565843,0.63102849089876,0.269,0.138,1
"Gpalpp1",0.0513361601881115,0.459331056278688,0.101,0.017,1
"Relch",0.0513443752884487,0.60174871718393,0.21,0.086,1
"Gm49001",0.0515261282904311,-0.522507081983413,0.042,0.121,1
"Grina",0.0515430287821307,-0.611915969050962,0.143,0.259,1
"H3f3b",0.0515708426257329,0.517595853843074,0.538,0.397,1
"Ttc7b",0.0516597551074222,0.551410783657917,0.227,0.103,1
"Septin1",0.0519185542494806,0.559308226320828,0.21,0.086,1
"Arl6ip1",0.0521107700285702,0.514341663132774,0.336,0.172,1
"Snapc1",0.0522587198376328,-0.5895151653165,0.034,0.103,1
"Gfod2",0.0522594988638576,0.544525598685187,0.126,0.034,1
"AI480526",0.0534700009304995,0.497367943777933,0.151,0.052,1
"Csde1",0.0536734089649541,0.425064755684582,0.21,0.086,1
"Mink1",0.053760263616682,0.609103893508706,0.126,0.034,1
"Ubtf",0.0541596889592753,-0.499228480046783,0.042,0.121,1
"Hsf2",0.0541825045041504,-0.595431394707048,0.034,0.103,1
"Mon2",0.054524036806298,0.473024064703489,0.126,0.034,1
"Dscam",0.0547683933738099,0.551739296396396,0.361,0.207,1
"Ankrd10",0.0548706117465534,0.464449570214097,0.21,0.086,1
"Mpv17",0.0551663438673157,-0.658847379249032,0.034,0.103,1
"Bnip2",0.0552968402010791,0.58382372938397,0.126,0.034,1
"Camk2a",0.0553564823219344,0.37874086836614,0.235,0.103,1
"Mctp1",0.0560787513436004,0.707505060814964,0.126,0.034,1
"Sinhcaf",0.0561650298154116,-0.48958760417637,0.034,0.103,1
"Syt13",0.0564731466151281,-0.593951433001585,0.067,0.155,1
"Ubap2",0.0566642364584097,0.473278817893351,0.16,0.052,1
"Plaa",0.0568698480055362,0.544229251493893,0.126,0.034,1
"Rtcb",0.0569046388009998,-0.45999568864534,0.042,0.121,1
"Tmx1",0.0571787245437146,-0.614917371984243,0.034,0.103,1
"Mnat1",0.0572128124266211,0.67597250040506,0.193,0.086,1
"Dld",0.0575557664018227,-0.748172257760665,0.059,0.138,1
"Grm8",0.0576931333172735,1.06650899029608,0.218,0.103,1
"Rraga",0.058207590840009,-0.511890325271089,0.034,0.103,1
"Ankrd40",0.058207590840009,-0.457530178134546,0.034,0.103,1
"Prrc1",0.058207590840009,-0.496910362710132,0.034,0.103,1
"Grid1",0.0583093915869278,0.745611627216082,0.218,0.103,1
"Purb",0.0583128656764952,0.255212176084446,0.235,0.103,1
"Sugp2",0.0584710607355372,0.401577561230028,0.151,0.052,1
"Farsb",0.0584799100832897,0.461161347720481,0.126,0.034,1
"R3hdm2",0.0589599447723828,0.445361894792989,0.462,0.293,1
"Slc15a2",0.0592517920634565,-0.541336164428355,0.034,0.103,1
"Lmbr1",0.059299032132752,0.506676781354536,0.126,0.034,1
"Uqcrb",0.059299032132752,0.327054950053721,0.126,0.034,1
"Exoc4",0.0593674693500162,0.588479299093562,0.445,0.293,1
"Cdadc1",0.0599693019265979,0.42568927131508,0.151,0.052,1
"Kcnq1ot1",0.0600549946638064,0.475428311966022,0.496,0.328,1
"Fbxo33",0.0603114921230093,-0.513478615167695,0.034,0.103,1
"Ubc",0.0604138007516069,-0.692061204386584,0.193,0.293,1
"Dicer1",0.060730279482442,0.531340935259911,0.151,0.052,1
"9130019P16Rik",0.0609658513777096,0.45785048580945,0.126,0.034,1
"Cog5",0.0610188059893318,0.574151361192286,0.286,0.155,1
"2810013P06Rik",0.0613868554553658,-0.415302716824038,0.034,0.103,1
"Trappc6b",0.0614245206775271,0.256580461680948,0.185,0.069,1
"Gnai3",0.0614992410666498,0.463580959230484,0.151,0.052,1
"Commd10",0.0614992410666498,0.50744985857212,0.151,0.052,1
"Agrn",0.0618011794500701,-0.508723074931815,0.092,0.19,1
"Garre1",0.0618137064121711,0.428770588854589,0.126,0.034,1
"Usp8",0.0622762463812699,0.509187057116608,0.151,0.052,1
"Lrrc49",0.0622762463812699,0.484377630534568,0.151,0.052,1
"Map3k4",0.0622762463812699,0.459915425868425,0.151,0.052,1
"Bcl11b",0.0625580895744221,0.697122520308187,0.193,0.086,1
"Eef2",0.0626712972590176,0.383093106702638,0.126,0.034,1
"Nt5c2",0.0627779923814021,0.576699647876135,0.218,0.103,1
"Nagk",0.0628516553896552,-0.641540370094024,0.059,0.138,1
"Pak1",0.0633145509397483,0.443999049564396,0.235,0.103,1
"Nrg1",0.0634311988669232,1.10791682484258,0.412,0.293,1
"Grik1",0.0639570954661841,0.995844648503348,0.193,0.086,1
"Adgrl3",0.0643090899657808,0.64718187312657,0.412,0.276,1
"G3bp2",0.0645774474000576,-0.68630516813942,0.134,0.241,1
"Ipo9",0.0646561235573751,0.435771670155514,0.151,0.052,1
"Cyb5b",0.0647038674059822,-0.579470685760493,0.059,0.138,1
"Slc12a6",0.0647085768967232,-0.409186022925456,0.034,0.103,1
"Focad",0.0647779551352298,0.401143363968975,0.218,0.103,1
"Gsk3b",0.0651119619418596,0.597158945911933,0.42,0.293,1
"Kansl1l",0.0651588899500363,0.584392621019805,0.378,0.241,1
"Xrcc5",0.0653032792895623,0.344767596745741,0.126,0.034,1
"Rpl41",0.0654063332309498,0.398064947456505,0.303,0.155,1
"Lmnb1",0.0654659032228299,0.472988568555843,0.151,0.052,1
"Rnft1",0.0656467301608736,-0.59427632264076,0.059,0.138,1
"Nfib",0.065695455378037,0.577405740182768,0.765,0.655,1
"Ago1",0.066087633895692,0.598017405014368,0.118,0.034,1
"Far1os",0.0662006088266839,0.322801199263339,0.126,0.034,1
"Eif4g3",0.0663638719048409,0.56294064788765,0.328,0.19,1
"Epha5",0.0665127248661292,0.733510722052463,0.294,0.155,1
"Gm29260",0.066803998485,1.49388756729043,0.21,0.103,1
"Enox1",0.0669608877129351,0.435897322710838,0.613,0.431,1
"Rps12",0.0671105549591104,0.363513051139857,0.151,0.052,1
"Trip11",0.0673130576489981,0.388620034115157,0.176,0.069,1
"Tacc1",0.0673176859317994,-0.570157170491352,0.092,0.19,1
"Camkmt",0.0674525721856677,0.397829803614005,0.227,0.103,1
"Scg2",0.0675086979322521,-0.673835662494012,0.143,0.241,1
"E130102H24Rik",0.067533470150429,0.319215927299583,0.202,0.086,1
"Ptprz1",0.067935168335595,0.460010241456051,0.336,0.19,1
"Uimc1",0.0679455478838818,0.426902057830371,0.151,0.052,1
"Chchd3",0.068766331431274,0.569823642278541,0.311,0.172,1
"Rpgr",0.0687922507022704,0.511449503630407,0.168,0.069,1
"Cab39l",0.0689145896488728,0.566413921707621,0.118,0.034,1
"Med14",0.0692727569081199,0.645262983645334,0.143,0.052,1
"Rbm39",0.0695857715399923,0.514566646361343,0.622,0.5,1
"Atp5g1",0.0695863972743776,-0.811711175677685,0.118,0.207,1
"Hecw1",0.0696630973273589,0.386863127025226,0.176,0.069,1
"Sult4a1",0.0705324069957912,-0.543884211234583,0.059,0.138,1
"Rundc3a",0.0705448641728316,-0.817707438894227,0.076,0.155,1
"Rspry1",0.0708538618750687,0.525758518517258,0.118,0.034,1
"Ralbp1",0.0710263951732956,-0.647131557472039,0.101,0.19,1
"Edf1",0.0710332280488613,-0.582819392283899,0.084,0.172,1
"Ahcyl2",0.0712668993615575,0.346171046922786,0.176,0.069,1
"Trpm7",0.0712937129991987,0.28116707166927,0.311,0.155,1
"Tusc3",0.0713762837480187,-0.599828101079573,0.193,0.293,1
"Paip2",0.0716122124485705,0.571616896551907,0.303,0.172,1
"Grm5",0.0716348760147898,1.30681886136719,0.361,0.224,1
"Mms22l",0.0718401508032854,0.477602875556012,0.118,0.034,1
"Itfg2",0.0718401508032854,0.570834543624797,0.118,0.034,1
"Lrba",0.0718560532848623,-0.676294564912554,0.261,0.345,1
"Tbc1d5",0.0725757110191771,0.51597823647133,0.294,0.172,1
"Tln2",0.0728302130545625,0.684444115281248,0.143,0.052,1
"Ntrk3",0.0729201343705092,-0.675647093665478,0.16,0.259,1
"Gapvd1",0.0731580200933462,0.480262325829293,0.227,0.103,1
"Dhx9",0.0733101877809931,0.470197843852857,0.218,0.103,1
"Dgkb",0.0734519294818045,-0.279393240205751,0.412,0.534,1
"Tshz2",0.0735731722262193,1.11681142490859,0.16,0.069,1
"Uhmk1",0.0738464726628102,0.540462013728533,0.118,0.034,1
"Zfp157",0.0740326126535596,0.295684373949302,0.151,0.052,1
"Syncrip",0.0740608898061572,0.469440490585726,0.218,0.103,1
"Arnt2",0.074353605320518,0.430286679965862,0.244,0.121,1
"Rpl18",0.0745653123824902,-0.615612685530657,0.109,0.207,1
"Rpl29",0.0746642320759331,0.453150557840292,0.143,0.052,1
"Terf1",0.0748660452524805,0.41399850056551,0.118,0.034,1
"Ezr",0.07486668125711,0.363461003254552,0.118,0.034,1
"Pten",0.0749784267355539,-0.617801946926103,0.286,0.379,1
"Frmd3",0.0754422011548707,0.488242388959303,0.168,0.069,1
"Pcdh17",0.0755811448897955,-1.06074246975058,0.151,0.241,1
"Oga",0.0758874516954155,0.548441603057797,0.294,0.172,1
"Ndufb8",0.0762607022077566,-0.546264793305046,0.109,0.207,1
"Cul2",0.076309161563867,0.570871379020943,0.168,0.069,1
"Grk3",0.0765358063072566,0.506483822460096,0.143,0.052,1
"Zfp462",0.0765643762590938,0.66230997688017,0.294,0.172,1
"Kcnmb2",0.0766694926947232,-0.698900568871884,0.202,0.31,1
"Cox5a",0.0767936952812166,-0.477793501022453,0.303,0.414,1
"Unk",0.0769416336052134,0.512940922623554,0.118,0.034,1
"Crem",0.0769416336052134,0.469602876457142,0.118,0.034,1
"Limch1",0.0769815484676966,0.623368473401254,0.185,0.086,1
"Kdm5b",0.0771267737216945,0.466540071550946,0.218,0.103,1
"Cbx1",0.0771842302235787,0.516202512121903,0.168,0.069,1
"Smc1a",0.0779091930134068,0.50609376205101,0.218,0.103,1
"Nfia",0.0779850296924448,0.736279732347461,0.496,0.414,1
"Lyst",0.0782843847625572,-0.72767408459891,0.076,0.155,1
"Marcks",0.0787875282594194,0.434033784916222,0.244,0.121,1
"Tet3",0.0790500833189837,-0.620891320212284,0.118,0.207,1
"Sec22a",0.0790625646095822,0.472856729127947,0.118,0.034,1
"Cltb",0.0792293556607894,-0.621003009163355,0.05,0.121,1
"Add3",0.0794147258577432,0.495968220724642,0.143,0.052,1
"Zdhhc21",0.0794174978679474,0.481765461940916,0.193,0.086,1
"Cirbp",0.0795183114432937,0.564776236598104,0.185,0.086,1
"Dync1h1",0.0795470190324012,0.369051374545764,0.244,0.121,1
"Ptk2",0.0795676417820657,0.487837047071668,0.403,0.276,1
"Papss1",0.0801417216948312,0.408512012505628,0.118,0.034,1
"Rexo1",0.0801417216948312,0.469751153548216,0.118,0.034,1
"Gm42992",0.0802953014742467,0.340681051553096,0.218,0.103,1
"Slc8a3",0.0803236170724453,-0.592704840276336,0.076,0.155,1
"Sfxn5",0.0804181514159513,-0.652741584534344,0.05,0.121,1
"Csnk1a1",0.0805603916469976,-0.801338451051188,0.294,0.397,1
"Zfp81",0.0811988045140101,0.66292999028354,0.109,0.034,1
"Usp50",0.0812321464398936,0.446819521890436,0.118,0.034,1
"Zdhhc13",0.0812321464398936,0.454930796278417,0.118,0.034,1
"Iqgap1",0.0812321464398936,0.339404732627279,0.118,0.034,1
"Cux1",0.0813403437809539,0.500321799693866,0.261,0.138,1
"Mpp7",0.0813824735264545,0.555581435663778,0.143,0.052,1
"Lrch2",0.0813824735264545,0.479758972486889,0.143,0.052,1
"Atad1",0.0819797591584869,0.385475806190705,0.193,0.086,1
"Acadsb",0.0820157636452533,-0.83607722241003,0.092,0.172,1
"Prkag2",0.0823345826696231,0.354588613802537,0.118,0.034,1
"Smim10l1",0.0823345826696231,0.310276072930122,0.118,0.034,1
"Sdccag8",0.0823810839890138,0.405044008705847,0.143,0.052,1
"Nyap2",0.0824180978008606,0.411219508270825,0.277,0.155,1
"Cfl2",0.0826077995151145,0.456267257971452,0.168,0.069,1
"Vps13c",0.082848460394771,0.399179473298558,0.193,0.086,1
"Dlx1",0.0829556816888065,0.565388236535908,0.336,0.207,1
"Rsbn1l",0.0830230842269078,0.675999767122518,0.202,0.103,1
"Gopc",0.0834491186948434,0.408694315873968,0.118,0.034,1
"Tuba1b",0.0835687730941306,0.527330766845698,0.218,0.103,1
"Bicral",0.0835687730941306,0.491360714785636,0.218,0.103,1
"Acbd5",0.0837246065436726,0.388470979414159,0.193,0.086,1
"Anks1b",0.0838223629276069,0.424028133390745,0.765,0.672,1
"Chl1",0.0840340392264648,-0.792355203366945,0.101,0.19,1
"Cacybp",0.0840717000656221,-0.725427410764158,0.05,0.121,1
"Unc13c",0.0840763832333158,1.15306217751037,0.134,0.052,1
"Nalcn",0.0841516925807005,-0.745180198495941,0.294,0.379,1
"Lrp1b",0.0841766731406558,0.319978970069613,0.395,0.552,1
"Upf2",0.0844038082497269,-0.559601219363826,0.151,0.241,1
"Depdc5",0.0844081053882387,0.38266834659017,0.143,0.052,1
"Cpne8",0.0846223816701252,-0.619316375392821,0.143,0.241,1
"Dpy19l1",0.0846426765730386,-0.324147884464455,0.059,0.138,1
"Gm14634",0.0846426765730386,0.640564655349064,0.109,0.034,1
"Dync1i2",0.0849475340500409,0.3960668615845,0.345,0.207,1
"Zfp536",0.085207031505535,-0.373634836380359,0.176,0.293,1
"Brd8",0.0852206851923644,0.503087210535502,0.235,0.121,1
"Pcmt1",0.0852455822611798,0.444152710407637,0.218,0.103,1
"Slc6a6",0.0854366472247527,0.504555150287489,0.143,0.052,1
"Gm49003",0.0854366472247527,0.451935845897747,0.143,0.052,1
"Stox2",0.0863527712759244,-0.521242885492883,0.269,0.362,1
"Ptprm",0.0865264527837901,-0.592314324844741,0.303,0.414,1
"Adamtsl1",0.0866165002036211,0.61964543444984,0.185,0.086,1
"Tenm4",0.0867878139442723,-0.590098920677784,0.336,0.431,1
"Fyttd1",0.0868662087191899,-0.743366249451614,0.067,0.138,1
"Ndufb10",0.0873044884633215,0.635971476330331,0.193,0.086,1
"Zfp950",0.0878116971466683,0.288265969495945,0.218,0.103,1
"Tug1",0.0878584577259354,-0.54082313959943,0.05,0.121,1
"Gtdc1",0.0880801404927563,0.499328426976669,0.294,0.172,1
"Akap11",0.0881552648118999,0.482686672296037,0.286,0.172,1
"Hs3st2",0.088203768768161,0.686031710426945,0.109,0.034,1
"Vcan",0.088208957892745,0.465086194788392,0.269,0.138,1
"Ildr2",0.088468763266165,0.504055001272918,0.185,0.086,1
"Napg",0.0891402013882045,0.382913792993988,0.193,0.086,1
"Ppp1r9a",0.089169755541731,0.409068209067766,0.529,0.345,1
"Ppp1r12a",0.0891923119268848,0.433163959970274,0.353,0.224,1
"Timm17a",0.0894172983589445,0.492357458701669,0.109,0.034,1
"Nr3c2",0.0896525489185643,-0.744830206142976,0.084,0.172,1
"Rplp1",0.0902172213024542,-0.530683000385506,0.193,0.293,1
"Gm26672",0.0904397563561167,-0.649468951341376,0.151,0.241,1
"Clcn6",0.090458533707218,-0.553969032786851,0.05,0.121,1
"Mau2",0.0904601001658799,0.53087654108494,0.16,0.069,1
"Trak1",0.0904601001658799,0.515065399487124,0.16,0.069,1
"Nbr1",0.0904601001658799,0.469879569318057,0.16,0.069,1
"Wdr70",0.0905298557821052,0.508657075702296,0.134,0.052,1
"Naca",0.0905825705142787,-0.717879656383029,0.134,0.224,1
"Prepl",0.0906442379491042,0.562687136663486,0.109,0.034,1
"Upf3b",0.0906442379491042,0.587575043047926,0.109,0.034,1
"Phf14",0.0907548106767588,0.277558667170654,0.42,0.241,1
"Mrtfb",0.0910068809052375,0.414494506273278,0.193,0.086,1
"Prpf8",0.0913182908172283,-0.753994877266733,0.109,0.19,1
"Dpp8",0.0916432016289541,0.605588150612781,0.134,0.052,1
"Heatr5b",0.0916432016289541,0.520736210661407,0.134,0.052,1
"Flot2",0.0917815949497161,-0.486249494614166,0.05,0.121,1
"Tafa1",0.0918846837911541,-0.313255341027926,0.059,0.138,1
"Ska2",0.0918846837911541,0.510860300560078,0.109,0.034,1
"Rala",0.0923301005241008,0.391863633744833,0.168,0.069,1
"Orc4",0.0924480783174593,0.543861058445279,0.176,0.086,1
"Kat6b",0.0925779746718746,0.51156596230343,0.462,0.31,1
"Smpd4",0.0927675245493063,0.511549867378958,0.134,0.052,1
"Fgfr2",0.0929165524997975,0.284200320134591,0.563,0.379,1
"Myo1b",0.0931201612702875,-0.496945848254943,0.05,0.121,1
"Gm42993",0.0931307297307572,0.406840765448038,0.218,0.103,1
"Uevld",0.0931379733029638,0.429435519464694,0.109,0.034,1
"Ulk4",0.0931387320600602,0.510486494552754,0.109,0.034,1
"Lrrc8d",0.0932388523542412,0.425940493234177,0.185,0.086,1
"ENSMUSG00000121513",0.0933553236761993,-0.271438330708583,0.218,0.345,1
"Tulp4",0.0937142447170321,0.320039762396022,0.42,0.276,1
"Elmo1",0.0941360459567228,-0.721848692169267,0.21,0.293,1
"Meis1",0.0942177476061874,0.593262129433814,0.185,0.086,1
"A930017M01Rik",0.094406478840243,0.457256867066011,0.109,0.034,1
"Mrps24",0.094474349710588,-0.542648335572916,0.05,0.121,1
"Pld3",0.094652305823633,-0.425358935026186,0.076,0.155,1
"Cdk5r1",0.0954196402235698,0.345553111169051,0.168,0.069,1
"Lancl1",0.0956880201124532,0.427580889285984,0.109,0.034,1
"Mtln",0.0956880201124532,0.536078014679783,0.109,0.034,1
"Trim26",0.0956880201124532,0.255762893108602,0.109,0.034,1
"Brip1os",0.095704057355695,0.571346797439153,0.227,0.121,1
"Prpf40b",0.0965495761455887,-0.536308963859857,0.042,0.103,1
"Pgk1",0.0965495761455887,-0.885768769531449,0.042,0.103,1
"Ltn1",0.0967894812028939,0.494266023762296,0.134,0.052,1
"Gm14211",0.096983451740521,0.657322290673931,0.109,0.034,1
"C78859",0.096983451740521,0.435580064347562,0.109,0.034,1
"Ip6k1",0.096983451740521,0.313390121487206,0.109,0.034,1
"Rpl15",0.0972752008098769,0.488389559349266,0.16,0.069,1
"Gnao1",0.0974285422164016,-0.400991730527256,0.378,0.483,1
"Clasp2",0.0975268459980404,0.267160098113764,0.487,0.328,1
"Kbtbd2",0.0980568974357215,-0.73832797178887,0.042,0.103,1
"Nf1",0.0992781059940096,0.376051415703424,0.336,0.207,1
"Chn2",0.0995720234831809,0.649376725798632,0.218,0.121,1
"Ssrp1",0.0995829587209417,-0.582461421317705,0.042,0.103,1
"Pank2",0.0995829587209417,-0.596350737282421,0.042,0.103,1
"Wdr11",0.0995829587209417,-0.558263289236641,0.042,0.103,1
"Tbc1d19",0.0996163688545749,0.47018405144046,0.109,0.034,1
"Zfp942",0.0996163688545749,0.306226908593702,0.109,0.034,1
"Myl6",0.0997992168614775,-0.533239546787506,0.126,0.224,1
"Dennd5b",0.100026178149028,0.537026015968471,0.269,0.155,1
"Park7",0.100147601559968,0.680649524371997,0.151,0.069,1
"Astn2",0.100294610726625,-0.824379053029365,0.218,0.31,1
"Scg5",0.100386112888264,-0.493911532695554,0.303,0.397,1
"Mgrn1",0.100681439074707,-0.365545806340636,0.076,0.155,1
"Kazn",0.100950359613737,0.46735216975642,0.134,0.052,1
"Glyr1",0.10095099844287,-0.760066515451468,0.084,0.155,1
"Pgp",0.10095099844287,0.47976493066069,0.134,0.052,1
"Kctd17",0.100954045362631,0.382115549090965,0.109,0.034,1
"Gmcl1",0.101112267437556,0.456560138870233,0.16,0.069,1
"2410002F23Rik",0.101127906804332,-0.604455035217085,0.042,0.103,1
"mt-Rnr2",0.101291895726696,-0.439876800122847,0.681,0.776,1
"Ehbp1",0.101380013120518,0.49751225428315,0.462,0.31,1
"Evl",0.101461034994544,0.251832110429832,0.336,0.19,1
"Tatdn1",0.101483709707147,-0.323643510740076,0.05,0.121,1
"Ndn",0.101923228484216,-0.48988985184643,0.076,0.155,1
"Hnrnpll",0.102165644886458,0.44123148798252,0.134,0.052,1
"Rrp1",0.102228714766687,-0.523167207355318,0.134,0.224,1
"Inpp4a",0.102305994243324,0.325292241715076,0.109,0.034,1
"Pcbp2",0.102567434127101,-0.652112414287441,0.151,0.241,1
"Abcd3",0.102691888185718,-0.489336294557975,0.042,0.103,1
"1110032A03Rik",0.102691888185718,-0.522873562245842,0.042,0.103,1
"Etv5",0.102691888185718,-0.654461570447289,0.042,0.103,1
"Gm15563",0.102707879736196,0.587358301794834,0.176,0.086,1
"Pin1",0.102998485377946,-0.626929524190907,0.067,0.138,1
"Mir99ahg",0.103183864015206,0.528994124911289,0.471,0.345,1
"Ap3m1",0.103672310572822,0.29049783458799,0.109,0.034,1
"Xpo4",0.103672310572822,0.430403891870511,0.109,0.034,1
"Ergic1",0.103672310572822,0.375354280104764,0.109,0.034,1
"Nsf",0.104214035741558,-0.446655316268411,0.176,0.276,1
"BC005624",0.104275049033263,-0.504054790786249,0.042,0.103,1
"Emc3",0.104275049033263,-0.544087072155271,0.042,0.103,1
"Grin2d",0.104275049033263,-0.561503970425842,0.042,0.103,1
"Ccdc12",0.104275049033263,-0.690678402239421,0.042,0.103,1
"Pdxk",0.104275049033263,-0.519501984958455,0.042,0.103,1
"St6gal2",0.104275049033263,-0.456604067190065,0.042,0.103,1
"Rprd2",0.10428079350803,-0.514169186236299,0.134,0.224,1
"Skp1",0.104332191390686,-0.58715136734058,0.067,0.138,1
"mt-Cytb",0.104353440453844,-0.417881177955535,0.454,0.517,1
"Cse1l",0.105053089228303,0.293141700580742,0.109,0.034,1
"Ilf2",0.105087377023124,0.546564151745078,0.21,0.103,1
"Tm9sf3",0.105643439951404,0.398351067078082,0.16,0.069,1
"Samm50",0.105680340307173,-0.556295120153616,0.067,0.138,1
"Creg2",0.105877535154773,-0.519922300332021,0.042,0.103,1
"Acbd3",0.105877535154773,-0.492376824147585,0.042,0.103,1
"Stx12",0.105877535154773,-0.525548741757564,0.042,0.103,1
"Fam135a",0.105956471566627,0.523100206567721,0.176,0.086,1
"Nos1ap",0.10607133683469,-0.606952882449734,0.126,0.207,1
"Fkbp3",0.106245740399544,-0.46585611951583,0.193,0.293,1
"Csrnp3",0.106281612921196,-0.455953933101524,0.227,0.328,1
"Zbtb18",0.106448424873875,0.403683811249161,0.109,0.034,1
"Tle1",0.106612386410958,0.28315011917364,0.185,0.086,1
"Phkb",0.106801039526803,0.379063322071845,0.16,0.069,1
"Gm12709",0.107041498404633,-0.475419950775082,0.067,0.138,1
"Ppp4r3b",0.10707143804744,0.324362798035001,0.227,0.121,1
"Kif3b",0.107499491968744,-0.50847043285479,0.042,0.103,1
"Bckdha",0.107499491968744,-0.453856515587918,0.042,0.103,1
"Pcsk1",0.107499491968744,-0.413677429991328,0.042,0.103,1
"Grin2b",0.10764004387868,0.516638812701082,0.622,0.466,1
"Casd1",0.107858411946367,0.394524316085569,0.109,0.034,1
"Irak1bp1",0.107858411946367,0.336278271723053,0.109,0.034,1
"Mfsd6",0.107968668462462,0.316590659931107,0.16,0.069,1
"Gnaq",0.108408211332598,0.272261830091936,0.546,0.362,1
"Tcp11l1",0.108414290155676,0.378791043655561,0.134,0.052,1
"Mtpn",0.108614010983622,-0.527941185285471,0.109,0.19,1
"Ttc28",0.108743875430736,0.301964252103381,0.378,0.241,1
"Eml4",0.10905740646978,0.457752897861355,0.269,0.155,1
"Bach2",0.109066002545047,0.447796262563527,0.227,0.121,1
"Mlec",0.109141064475137,-0.38613506424151,0.042,0.103,1
"Ercc6",0.109141064475137,-0.321013940190728,0.042,0.103,1
"Trpc4ap",0.109146379954514,0.297737849683326,0.16,0.069,1
"Akt3",0.109202354957706,0.459139446508887,0.538,0.431,1
"Ptma",0.109381302572315,0.361774398724942,0.387,0.241,1
"Golga1",0.109699582411425,-0.516103517181682,0.084,0.155,1
"Zfp740",0.109699582411425,0.382844711518128,0.134,0.052,1
"Golga5",0.109731109970834,0.644718465530521,0.101,0.034,1
"Scai",0.109991916654544,0.575462610878262,0.261,0.155,1
"Ccar1",0.110642937551089,0.385092131005679,0.294,0.172,1
"Cfap97",0.110802397225892,-0.507308739467948,0.042,0.103,1
"Slc25a51",0.110996888530655,-0.794443840904688,0.084,0.155,1
"Rp9",0.110996888530655,-0.642902699058733,0.084,0.155,1
"Cct5",0.110996888530655,0.285306224032878,0.134,0.052,1
"Tenm3",0.111551312574902,0.731583046094284,0.176,0.086,1
"Zfp410",0.111639412258406,-0.387134071964163,0.042,0.103,1
"Ube2i",0.11213454914051,0.39672267821238,0.16,0.069,1
"Rnd3",0.112306276509343,0.317498890487655,0.134,0.052,1
"Rorb",0.112306276509343,0.392553677586324,0.134,0.052,1
"Sypl",0.112483634295187,-0.357761122387406,0.042,0.103,1
"Ubqln1",0.112483634295187,-0.48681872324596,0.042,0.103,1
"Tbl1x",0.112585978908508,0.258097264872227,0.311,0.172,1
"Acap3",0.112625524325629,-0.459566978917132,0.067,0.138,1
"Exoc2",0.112740539895116,0.406975612248208,0.16,0.069,1
"Evi5",0.113627814155416,-0.580073976134674,0.084,0.155,1
"Stx8",0.113627814155416,0.381871696995066,0.134,0.052,1
"Cdc42se2",0.113846345379768,0.323171738824627,0.185,0.086,1
"Got1",0.113846845026895,-0.752803592156975,0.126,0.207,1
"Selenow",0.113905662397708,-0.66091361198442,0.244,0.328,1
"Runx2",0.113958537990392,0.342785662694676,0.16,0.069,1
"Brf1",0.114184919249446,-0.385999104624409,0.042,0.103,1
"Tbc1d32",0.114251531046774,0.440747032607042,0.101,0.034,1
"Rsrp1",0.114273017779627,-0.484005077189958,0.462,0.517,1
"Nipbl",0.11435765425203,0.373700985431107,0.412,0.293,1
"Cdk19",0.114582503164534,0.444849748153649,0.218,0.121,1
"Cops8",0.115022169054221,0.637837975808491,0.126,0.052,1
"Tomm5",0.115022169054221,-0.369029707733472,0.076,0.155,1
"Ica1",0.115022169054221,0.558858742534593,0.126,0.052,1
"Plcxd3",0.115022169054221,0.790016718840457,0.126,0.052,1
"Rtl4",0.115022169054221,-0.308499821367908,0.076,0.155,1
"Rbbp8",0.115906395117102,-0.518123267475851,0.042,0.103,1
"Bzw2",0.116307608689165,0.339462670071592,0.134,0.052,1
"Enox2",0.116307608689165,0.399340589855996,0.134,0.052,1
"Sqstm1",0.116401781861883,0.491929627625786,0.126,0.052,1
"Purg",0.116462724010155,-0.513469258111712,0.176,0.276,1
"Cntnap2",0.116547387636131,-0.28700741854357,0.462,0.552,1
"Cadm2",0.116576302916444,-0.395903860816078,0.815,0.81,1
"Ccnd2",0.116804287027531,0.494580578813546,0.395,0.259,1
"Stat5b",0.116962305723594,-0.427433781435892,0.067,0.138,1
"Naa12",0.116962305723594,-0.502183323620039,0.067,0.138,1
"Cdc26",0.117345705892153,0.651588987996049,0.101,0.034,1
"Fam172a",0.118109964697151,0.505523081772051,0.353,0.241,1
"Pclo",0.118562040445092,0.338416851785543,0.277,0.155,1
"Ttc14",0.119147572234605,-0.44339196929615,0.311,0.397,1
"Nisch",0.119308846468234,-0.499957250584779,0.261,0.345,1
"Gm42439",0.11940213076748,0.315076460609499,0.462,0.328,1
"Cntn4",0.119593684545853,0.575337582591292,0.202,0.103,1
"Slc30a5",0.11992560733433,-0.466093649349204,0.067,0.138,1
"Gabbr2",0.1199718931863,-0.427885555158933,0.168,0.259,1
"Usp45",0.120618709885375,0.565167679181357,0.126,0.052,1
"Msi2",0.120999583298185,-0.39195705003263,0.613,0.638,1
"Ahi1",0.121428557027366,0.454931366638404,0.546,0.397,1
"Fstl4",0.12142914511607,-0.551758810672862,0.067,0.138,1
"Uhrf1bp1l",0.122050621468869,0.461029770613927,0.126,0.052,1
"Gm38604",0.122050621468869,0.543771948390125,0.126,0.052,1
"Phka2",0.122050621468869,0.5159704331394,0.126,0.052,1
"Ybx3",0.122109842123164,0.450439858156395,0.101,0.034,1
"Gm44593",0.122206791306298,0.4884539618295,0.176,0.086,1
"Appl1",0.122301531443231,0.282513181106803,0.21,0.103,1
"Maml2",0.122588294941542,0.38562749300536,0.328,0.207,1
"Serpinb6a",0.122781737628761,0.276321913550728,0.16,0.069,1
"Prelid3a",0.123211856022451,-0.586576090760042,0.109,0.19,1
"Map1a",0.123224420714261,0.285065257689273,0.134,0.052,1
"Ppib",0.123431761291822,0.441537807330342,0.151,0.069,1
"Ro60",0.123438259240651,0.334713234435571,0.176,0.086,1
"Chtop",0.123731056883304,0.505615746055802,0.101,0.034,1
"Adgra3",0.123731056883304,0.410270019315422,0.101,0.034,1
"E230029C05Rik",0.123731056883304,-0.666095202529296,0.059,0.121,1
"Fdft1",0.123731056883304,0.514364295582585,0.101,0.034,1
"4930503L19Rik",0.123731056883304,0.47725447046978,0.101,0.034,1
"Nav3",0.123920036929437,0.296173280096059,0.723,0.672,1
"Foxj3",0.124206634780832,-0.511285357639675,0.143,0.224,1
"Clint1",0.12467939405946,0.4017025523569,0.176,0.086,1
"Rpl24",0.126110476764084,0.643345992866036,0.151,0.069,1
"Zfp326",0.126564584967381,0.323623996586425,0.202,0.103,1
"Zfp329",0.126564584967381,0.352111787677055,0.202,0.103,1
"Arid4a",0.126597232533444,0.58275140772319,0.168,0.086,1
"Bend6",0.12702383960437,-0.656156001957413,0.059,0.121,1
"Plekhb2",0.12702383960437,-0.640334148555033,0.059,0.121,1
"Pi4kb",0.12702383960437,0.465430775794992,0.101,0.034,1
"Cdv3",0.12702383960437,-0.778251064723579,0.059,0.121,1
"Apaf1",0.12702383960437,0.396614135195901,0.101,0.034,1
"Thada",0.12702383960437,0.411977119994731,0.101,0.034,1
"Slc25a46",0.12702383960437,0.581874376521166,0.101,0.034,1
"Slc17a7",0.127586646431635,0.283503694790522,0.185,0.086,1
"Nme1",0.127911508215988,0.471479278377531,0.126,0.052,1
"Macroh2a1",0.127911508215988,0.529309004890969,0.126,0.052,1
"Crebrf",0.128029354432798,0.410026952652345,0.286,0.172,1
"Swi5",0.128695605641762,0.455362538458694,0.101,0.034,1
"Coq3",0.128695605641762,0.386082688890018,0.101,0.034,1
"Rplp0",0.128695605641762,0.386679140621988,0.101,0.034,1
"Lamtor1",0.128695605641762,-0.590031545450849,0.059,0.121,1
"Irf2",0.128695605641762,0.510321317224741,0.101,0.034,1
"Etfa",0.128695605641762,0.310000875933665,0.101,0.034,1
"Plekhg1",0.128695605641762,0.369710222016174,0.101,0.034,1
"Crk",0.128695605641762,-0.648975389314979,0.059,0.121,1
"Matn2",0.128695605641762,0.565180166875328,0.101,0.034,1
"Snhg1",0.128695605641762,0.498915693372098,0.101,0.034,1
"Cops4",0.128720088999875,-0.980626284150681,0.076,0.138,1
"Cdk4",0.129410392163948,0.409725136499534,0.126,0.052,1
"Sgms1",0.129410392163948,0.404188940076784,0.126,0.052,1
"Csnk1g3",0.129686116433603,0.56130267323725,0.193,0.103,1
"Zbtb41",0.130384419347585,0.286094171638019,0.101,0.034,1
"Taf1b",0.130384419347585,0.482421843704782,0.101,0.034,1
"Pcyt2",0.130762033732298,-0.254162463702911,0.067,0.138,1
"Rybp",0.130922880775418,0.420559531430885,0.126,0.052,1
"Plppr2",0.130922880775418,0.402058127077974,0.126,0.052,1
"Sppl3",0.130933292968988,0.391146198473548,0.244,0.138,1
"Fut8",0.131000599119839,-0.793033951864221,0.193,0.259,1
"Bcl9",0.131031043886211,0.417666139163561,0.176,0.086,1
"Mpped2",0.131743124926312,0.366625283628681,0.597,0.5,1
"Gnb1",0.132085185686139,0.342705021236132,0.361,0.224,1
"Tex2",0.132090378481837,-0.572968009859076,0.059,0.121,1
"Prrc2b",0.132404476607131,-0.356099683905338,0.261,0.362,1
"Gm4258",0.132580870021807,0.31414234119405,0.622,0.448,1
"Hif1a",0.133005350333144,0.427944761450611,0.151,0.069,1
"Cdh6",0.133664465940442,-0.360267163980652,0.092,0.172,1
"Opcml",0.133699164014825,-0.386099546788841,0.378,0.517,1
"Miga1",0.133813580260021,0.346257660872868,0.101,0.034,1
"Slmap",0.133813580260021,0.385158330780296,0.101,0.034,1
"Dnajc18",0.133813580260021,-0.599630934497777,0.059,0.121,1
"5830417I10Rik",0.133988948833607,0.422546007681157,0.126,0.052,1
"Eps15l1",0.133988948833607,0.444157178277701,0.126,0.052,1
"Rhot1",0.133988948833607,0.329569463501996,0.126,0.052,1
"Naaladl2",0.134531012321704,-0.568651900465878,0.168,0.259,1
"Gucy1a2",0.134708620745679,-0.600020358465056,0.294,0.345,1
"Mir124a-1hg",0.135407727855619,0.476234873788356,0.336,0.224,1
"Zfp74",0.135554121334557,-0.557515603489219,0.059,0.121,1
"Asic1",0.135554121334557,-0.686343210135432,0.059,0.121,1
"Ptprd",0.135740354022604,-0.424029233085123,0.588,0.603,1
"St18",0.135843651444421,0.496223012007122,0.151,0.069,1
"Fabp5",0.135905322929301,-0.492582253445321,0.126,0.207,1
"Wasl",0.135980778374546,-0.615374016700814,0.151,0.224,1
"Kcnb1",0.136509858099193,-0.417767903117133,0.109,0.19,1
"Pax6",0.136650865767646,0.719880020517648,0.185,0.103,1
"Cnksr2",0.136706791204623,0.5824760117003,0.345,0.241,1
"Emc4",0.137110262528752,0.481642354278884,0.126,0.052,1
"Tmem223",0.137110262528752,0.331866992972564,0.126,0.052,1
"Nsmaf",0.137280230665267,0.371608953247137,0.151,0.069,1
"Hnrnpl",0.137280230665267,-0.481147000423132,0.101,0.172,1
"Nsun6",0.137312097776107,0.348687029805681,0.101,0.034,1
"Rnf20",0.137312097776107,0.32893740983515,0.101,0.034,1
"Pard3",0.137549169976215,0.440066441549457,0.277,0.172,1
"Vdac1",0.137608487949999,0.360985933385918,0.202,0.103,1
"Psmc5",0.137899028601088,-0.443997979845112,0.109,0.19,1
"Mrfap1",0.138002251362001,-0.593992884725668,0.101,0.172,1
"Thsd4",0.13804483632152,-0.402984129229851,0.092,0.172,1
"Pik3ca",0.138521660565379,0.314537411020912,0.218,0.121,1
"Dyrk1a",0.13864095414385,0.314417877929387,0.261,0.155,1
"Dock2",0.138691806799257,0.436137034454412,0.126,0.052,1
"Ssx2ip",0.139087605054819,-0.573763412388116,0.059,0.121,1
"Rasgef1a",0.139087605054819,-0.558534263005458,0.059,0.121,1
"Clpx",0.139087605054819,-0.649502333749975,0.059,0.121,1
"L3mbtl3",0.139087605054819,0.278298319861135,0.101,0.034,1
"Ccdc127",0.139087605054819,-0.518351493795241,0.059,0.121,1
"Amer2",0.139087605054819,-0.573675512166476,0.059,0.121,1
"Kmt2c",0.139334682792141,0.326832612229195,0.445,0.293,1
"Rps25",0.139529289898455,0.514274110495658,0.143,0.069,1
"Vezt",0.139930773844147,0.516324901734782,0.168,0.086,1
"Rgl1",0.140188506226641,0.418073274120662,0.151,0.069,1
"Pnn",0.140355615203609,0.472110151512108,0.261,0.155,1
"Lamp1",0.140708803593004,-0.471535269564732,0.109,0.19,1
"Rpl7a",0.140880738021488,-0.553516721278229,0.059,0.121,1
"Mob2",0.140880738021488,0.345806680911671,0.101,0.034,1
"Ywhaz",0.141551329940188,-0.704358852562453,0.244,0.31,1
"Sanbr",0.141660305653064,0.294612442197527,0.151,0.069,1
"Eya3",0.141713463869726,0.406852138086917,0.176,0.086,1
"Cfap20",0.141897007418858,0.324149302412958,0.126,0.052,1
"Tfg",0.141897007418858,0.345144759925287,0.126,0.052,1
"Zfp654",0.142320300943218,0.561246358512594,0.118,0.052,1
"Zmat4",0.142666602060547,-0.760371651009771,0.202,0.276,1
"Atp5mpl",0.14269159088864,-0.480405208098192,0.059,0.121,1
"Gng4",0.14269159088864,0.260793403841454,0.101,0.034,1
"Kansl2",0.14269159088864,0.260542135081676,0.101,0.034,1
"Dcbld1",0.143520797449056,0.474653946307501,0.126,0.052,1
"Gls",0.144202342185045,-0.586993174363084,0.269,0.362,1
"Rab6b",0.144387827101397,-0.453453036145814,0.303,0.362,1
"B230303A05Rik",0.144830908389826,-0.727773322533465,0.076,0.138,1
"Cpne4",0.144932745836065,0.419656000414607,0.244,0.138,1
"Ywhah",0.14527901246385,-0.610388131163434,0.227,0.31,1
"Ppip5k2",0.145325140421991,-0.316711199587587,0.126,0.207,1
"Ube2w",0.145520201452174,0.474648403125422,0.21,0.121,1
"Atrn",0.146024917681173,0.253259274364654,0.218,0.121,1
"Suz12",0.146024917681173,0.258214880367015,0.218,0.121,1
"4930578M01Rik",0.146365832932196,0.305976614693219,0.101,0.034,1
"Vkorc1l1",0.146523405585017,-0.663326383184697,0.076,0.138,1
"Hace1",0.146990539812293,0.358530410763444,0.168,0.086,1
"Resp18",0.147086282274616,-0.724662967147983,0.092,0.155,1
"Timm8b",0.147375308392184,0.539847942935781,0.118,0.052,1
"Iffo1",0.147528920882041,-0.470504750873961,0.084,0.155,1
"Klc1",0.14787974488844,0.303175638192125,0.252,0.138,1
"Large1",0.148267547423918,0.289709702025109,0.412,0.293,1
"Rgs17",0.148721776133019,0.254360452557011,0.176,0.086,1
"Gm16351",0.148834431065359,-0.50126797715814,0.218,0.31,1
"Me3",0.149424996064835,0.485894791389626,0.21,0.121,1
"Arpc1a",0.149889525173202,0.414592219329886,0.168,0.086,1
"Supv3l1",0.149953738968663,-0.538493631331914,0.076,0.138,1
"Aatk",0.150114062207924,-0.410285195115833,0.059,0.121,1
"Eml5",0.151504562402231,0.278432290275817,0.387,0.259,1
"Nipsnap2",0.151690867554067,0.526321564153396,0.118,0.052,1
"Rnmt",0.1516917149367,-0.664824150987432,0.076,0.138,1
"Inpp4b",0.15176561127649,-0.873286468662954,0.176,0.259,1
"Dpysl3",0.15176561127649,0.365543805863894,0.235,0.138,1
"Rnf103",0.151850689775598,0.508022611679872,0.143,0.069,1
"Brd9",0.151850689775598,0.420260886830385,0.143,0.069,1
"Nptxr",0.151850689775598,0.431985178255109,0.143,0.069,1
"Gnas",0.151938868910317,-0.487008478903035,0.437,0.517,1
"Mrpl1",0.152014904092987,-0.365258035168399,0.059,0.121,1
"Rpl35a",0.152091628401275,0.368943526261896,0.168,0.086,1
"Gtf2ird2",0.152566435559841,0.380438687658364,0.118,0.052,1
"Gm37606",0.152566435559841,0.524238887769717,0.118,0.052,1
"Adgrl1",0.152831919273922,-0.63604331195602,0.118,0.19,1
"Rps18",0.153038742826427,0.533057747553039,0.235,0.138,1
"Dmd",0.153182588967065,0.436740349807122,0.546,0.397,1
"Gria2",0.153210411697869,0.273235691387406,0.857,0.793,1
"Prox1",0.153934016682014,-0.495399176258821,0.059,0.121,1
"Ube2m",0.154356343282478,-0.721606532118758,0.092,0.155,1
"Dync2i1",0.155831227043724,-0.411501160740853,0.084,0.155,1
"Tmtc4",0.155831227043724,-0.466410407939168,0.084,0.155,1
"Gabarapl1",0.156008214207904,-0.65271030297379,0.092,0.155,1
"Cdc37l1",0.156039241770554,0.430821136777671,0.277,0.172,1
"Usp54",0.156664805732121,-0.691677041409678,0.05,0.103,1
"Gm11149",0.158193741351181,-0.387525639154803,0.193,0.276,1
"St6galnac3",0.158503797344598,-0.523330967313313,0.311,0.397,1
"Vps41",0.158642740387536,-0.550590321894305,0.101,0.172,1
"BC003965",0.158774070222794,-0.704130310037902,0.05,0.103,1
"Vopp1",0.158782375370299,0.262464812663733,0.126,0.052,1
"Phactr4",0.158797286665453,-0.519659256925584,0.076,0.138,1
"Tdrd3",0.15884764182912,0.381291176925082,0.168,0.086,1
"Snca",0.159089989511596,-0.548942642257603,0.218,0.293,1
"Sorbs1",0.159145184486293,0.326323769892327,0.269,0.155,1
"Xpo1",0.159216121972956,0.309174673245546,0.218,0.121,1
"Cep290",0.159801866786957,-0.27784632067925,0.059,0.121,1
"Pip4k2a",0.159962027363054,0.392526912470251,0.143,0.069,1
"H2az2",0.160056369562903,-0.422077108555145,0.109,0.19,1
"Chn1",0.160097876805257,0.313126440003085,0.395,0.241,1
"Pnma8b",0.160100112093465,-0.534700320378612,0.134,0.207,1
"Wipi2",0.160612435180853,-0.547893096518099,0.076,0.138,1
"Pan3",0.160773914663786,0.284965868487652,0.286,0.172,1
"Cntn5",0.161116747928891,-0.61391158781618,0.261,0.345,1
"Samd4",0.161525868694945,0.462923277493366,0.118,0.052,1
"Hmgb3",0.161622905967296,0.350500702090177,0.143,0.069,1
"Rbmx",0.161824185682685,0.275870478740791,0.193,0.103,1
"Myt1",0.161922849794234,0.283180069305975,0.168,0.086,1
"Lrrc20",0.163056979875443,-0.663468042150128,0.05,0.103,1
"Dop1b",0.163056979875443,-0.502422922027935,0.05,0.103,1
"Calm2",0.163186889499039,-0.301561433278681,0.622,0.69,1
"Zfx",0.163296771914906,0.372887180127601,0.143,0.069,1
"Slc39a10",0.163347942827151,-0.39950676207203,0.143,0.224,1
"Sphkap",0.163347942827151,-0.635054152034476,0.143,0.224,1
"Hsph1",0.163364495378367,0.506433960749873,0.118,0.052,1
"Pgbd5",0.163364495378367,0.390501396423122,0.118,0.052,1
"Ftl1",0.163476892474499,0.341788164080114,0.168,0.086,1
"Stimate",0.164289704890239,-0.56148619320857,0.076,0.138,1
"Kmt5b",0.164536726660194,-0.523983603146623,0.134,0.207,1
"Srp9",0.165218856012752,0.368685719710069,0.118,0.052,1
"Bcas2",0.165218856012752,0.418582472214486,0.118,0.052,1
"Ergic2",0.165218856012752,0.354399878836299,0.118,0.052,1
"Arfgef3",0.165402774517502,0.538131929818113,0.202,0.121,1
"Ap3b1",0.165402774517502,0.364446096095326,0.202,0.121,1
"Denr",0.165837316196272,-0.308206388659802,0.059,0.121,1
"Rsrc1",0.165950358050619,0.253789868782312,0.319,0.207,1
"Dock10",0.165995665549145,0.369154077038267,0.311,0.207,1
"Ubn2",0.166335315662637,0.392775969746993,0.504,0.362,1
"Rps8",0.166439046271879,0.271004589417808,0.328,0.207,1
"Slc44a5",0.16661866632886,-0.505521711322587,0.118,0.19,1
"Actr10",0.16661866632886,0.313361997195054,0.168,0.086,1
"Rabep1",0.166845602059879,-0.502488376517316,0.16,0.241,1
"Supt6",0.16708901534582,0.35481157694302,0.118,0.052,1
"Pbrm1",0.167763123801605,0.317048805208967,0.319,0.207,1
"Pnisr",0.167854221719715,0.254166410976996,0.437,0.31,1
"Rpl37a",0.167991015590401,0.377633246235613,0.21,0.121,1
"Syne2",0.168011168014556,0.551868057045237,0.16,0.086,1
"Acsl4",0.168030039584935,-0.555805278434005,0.076,0.138,1
"C1qa",0.168975037491025,0.393904166733446,0.118,0.052,1
"Gm26936",0.168986882996318,0.251308374552241,0.412,0.293,1
"Gm9801",0.16906473474497,0.386056305984877,0.185,0.103,1
"Extl3",0.169643882550061,-0.484844864524022,0.05,0.103,1
"Ywhab",0.16968705256012,-0.432191728359249,0.16,0.241,1
"Srsf3",0.1697286442643,0.270810844547328,0.244,0.155,1
"Erbin",0.17021925013538,0.365274881439957,0.303,0.19,1
"Mir6236",0.170836399838481,-0.684315506001029,0.227,0.293,1
"Safb",0.170876985914953,0.346127996006088,0.118,0.052,1
"Cspp1",0.171131921288405,0.450452474951919,0.286,0.19,1
"Ctnnbl1",0.171862622552219,0.329134852801707,0.143,0.069,1
"Usp16",0.171883275073357,-0.811483062425352,0.05,0.103,1
"Mark2",0.171932011402908,-0.640509528253564,0.168,0.241,1
"Kcnt2",0.172135896070072,0.3278655778362,0.185,0.103,1
"Dynll1",0.172599096431382,-0.383531807899942,0.21,0.293,1
"Pdzd2",0.172713249431341,0.502024317468451,0.202,0.121,1
"Tmco3",0.172794923424693,0.362685019462629,0.118,0.052,1
"Pogz",0.172924481522336,0.428511123090239,0.16,0.086,1
"Cds2",0.172939416721869,-0.350704051925597,0.143,0.224,1
"Unc13a",0.174144715985122,-0.510448202873239,0.05,0.103,1
"Cog2",0.174144715985122,-0.45863320819991,0.05,0.103,1
"Matr3",0.174537377706239,0.350746895193023,0.235,0.138,1
"Nmnat2",0.174550503160513,0.278247368858883,0.21,0.121,1
"Nr3c1",0.175073418978544,-0.648634969006571,0.092,0.155,1
"Rit2",0.17603199171976,0.290679517124854,0.185,0.103,1
"Frs2",0.176316260059306,-0.428298598631591,0.118,0.19,1
"Scand1",0.1764283049176,-0.447902903708868,0.05,0.103,1
"Pgls",0.1764283049176,-0.504868436700649,0.05,0.103,1
"Nptx1",0.1764283049176,-0.416167995929519,0.05,0.103,1
"Ncaph2",0.1764283049176,-0.5631259598504,0.05,0.103,1
"Pigp",0.1764283049176,-0.429056475267397,0.05,0.103,1
"Caskin1",0.1764283049176,-0.51277532091522,0.05,0.103,1
"Ndufs2",0.176679013556732,0.550846770067593,0.118,0.052,1
"Pdcd4",0.176744250621321,-0.356301608385382,0.193,0.276,1
"Slc38a1",0.176954029203387,0.385457857268437,0.286,0.19,1
"Scn2b",0.178645288382071,0.292375394945709,0.118,0.052,1
"Prag1",0.178734140189539,-0.392590521495525,0.05,0.103,1
"Cox10",0.178734140189539,-0.511820268517818,0.05,0.103,1
"Top3b",0.178734140189539,-0.416245808930457,0.05,0.103,1
"Gabra2",0.178762831956924,-0.544826443203063,0.277,0.345,1
"Setx",0.179397707985754,0.351600245477755,0.244,0.155,1
"Calm3",0.179540444692941,-0.498133502796254,0.202,0.276,1
"Zfand6",0.179641634293487,0.453432124482038,0.16,0.086,1
"Mipol1",0.180449467644296,-0.822365261810326,0.067,0.121,1
"Btf3",0.180626894216901,0.252164216633009,0.118,0.052,1
"Rnaseh2b",0.180627796674027,0.358831664562455,0.118,0.052,1
"Yipf5",0.180627796674027,0.346345894800581,0.118,0.052,1
"Dhx32",0.181062318778113,-0.425600628281103,0.05,0.103,1
"Sipa1l2",0.181062318778113,-0.333664333212577,0.05,0.103,1
"Pde7b",0.181062318778113,-0.547750325701825,0.05,0.103,1
"Vps26a",0.181062318778113,-0.418887753698258,0.05,0.103,1
"Hdac4",0.181243161610142,-0.626864131923907,0.176,0.241,1
"Rab6a",0.181597893110389,0.374497482108749,0.185,0.103,1
"Slc30a9",0.181625156936104,-0.304769339402441,0.076,0.138,1
"C79798",0.181801562095763,0.406375135298825,0.202,0.121,1
"Abl1",0.182421093512225,0.36613473376563,0.134,0.069,1
"Pgm2l1",0.182580249457057,0.298487926385151,0.143,0.069,1
"Dgkg",0.183350159621628,-0.499474936338518,0.151,0.224,1
"Igip",0.183412936290856,-0.393639870574013,0.05,0.103,1
"Uso1",0.183632126423957,-0.38974236329997,0.076,0.138,1
"Ndufb3",0.183768810896949,-0.488850933297466,0.109,0.172,1
"Bbip1",0.183860492804855,0.264047009657655,0.168,0.086,1
"Clvs1",0.184403490234938,-0.717730193861316,0.126,0.19,1
"Ptn",0.184404601653172,-0.396627352777095,0.319,0.397,1
"1500004A13Rik",0.18443884309882,0.30938795922553,0.336,0.224,1
"Git2",0.184641750203046,0.306252041941655,0.118,0.052,1
"Arl8b",0.184641750203046,0.314945525300196,0.118,0.052,1
"Camk4",0.184696774076498,-0.676955560565069,0.067,0.121,1
"Api5",0.185786086937602,-0.354947908625761,0.05,0.103,1
"Crtc1",0.185786086937602,-0.377731084364328,0.05,0.103,1
"Cipc",0.185786086937602,-0.570489836010823,0.05,0.103,1
"Polr3d",0.185786086937602,-0.399164442592044,0.05,0.103,1
"Nipal2",0.185786086937602,-0.399151920539616,0.05,0.103,1
"Fubp1",0.186302650865649,0.377629021037547,0.387,0.293,1
"Set",0.186381201250784,0.439182120587245,0.176,0.103,1
"Dock11",0.186471198013361,0.423138962717468,0.185,0.103,1
"Gm12353",0.186476636863022,0.421105531219577,0.202,0.121,1
"Tmem131l",0.186547694156799,0.255519599507145,0.345,0.224,1
"Ggnbp2",0.186933105865267,-0.544423111562618,0.126,0.19,1
"Fbrsl1",0.187322320010191,-0.574293449218286,0.109,0.172,1
"Usp37",0.187996852418326,-0.594189286971044,0.143,0.207,1
"Atp6v1f",0.188121368904146,0.32070090065794,0.143,0.069,1
"Anks1",0.188121368904146,0.259319356079221,0.143,0.069,1
"Lemd3",0.188181863502447,-0.37575683175581,0.05,0.103,1
"Prdx1",0.188721339805628,0.3546521873161,0.118,0.052,1
"Raph1",0.189470422627717,0.408148514703584,0.244,0.155,1
"Ptprk",0.189773331086433,0.439689047974748,0.185,0.103,1
"Gpi1",0.19018160067985,0.447066365978913,0.109,0.052,1
"Snx13",0.19018160067985,0.534557628149362,0.109,0.052,1
"Ly6h",0.190228633240949,-0.51487425093718,0.345,0.397,1
"Rasgrp1",0.190600357315734,-0.394718328274523,0.05,0.103,1
"Slc7a14",0.190600357315734,-0.616248287966587,0.05,0.103,1
"Nipal3",0.190600357315734,-0.46135576170587,0.05,0.103,1
"Tcf3",0.190600357315734,-0.410743955296081,0.05,0.103,1
"Gramd4",0.190600357315734,-0.332478217078154,0.05,0.103,1
"Tmem164",0.190785890337555,0.260198724037012,0.118,0.052,1
"Nsd3",0.19094275389767,0.427468212975079,0.244,0.155,1
"Hdac9",0.19095428515005,0.752822218711109,0.613,0.534,1
"Nsd2",0.191200388365917,0.307215030743455,0.378,0.276,1
"Ipo11",0.191205777725666,-0.526074024204441,0.067,0.121,1
"Ubl3",0.191924154016951,-0.490616667003352,0.092,0.155,1
"Chic1",0.191924154016951,0.483510363447522,0.134,0.069,1
"Cox8a",0.192168917803096,0.306068605350234,0.387,0.276,1
"Unc80",0.192870910922778,-0.525113618926078,0.277,0.345,1
"A830082K12Rik",0.193041658226075,-0.303075854169696,0.05,0.103,1
"Parn",0.19340413080559,-0.353481988095547,0.118,0.19,1
"Rad17",0.193412524887293,-0.586625903445803,0.067,0.121,1
"Igf1r",0.193463024313282,-0.326318590687563,0.487,0.569,1
"Bex3",0.193805629570903,-0.53776865115981,0.126,0.19,1
"Tmem165",0.193867687352914,0.42493736567614,0.134,0.069,1
"Camk2n1",0.194302875845628,-0.38455618671203,0.42,0.466,1
"Mir9-3hg",0.19433408601982,0.35262879803217,0.395,0.276,1
"Serinc5",0.194467550925298,0.429534366126579,0.109,0.052,1
"Chmp3",0.194521852858616,-0.475059081320469,0.067,0.121,1
"Fzd3",0.194807010741928,0.391652028928878,0.185,0.103,1
"Thra",0.195168353812594,-0.367972103172473,0.244,0.328,1
"Usp33",0.196427595136791,-0.379026385615435,0.109,0.172,1
"Bmpr1a",0.196569753260476,0.392005709069918,0.176,0.103,1
"Gtf2i",0.196612115516906,0.44073967573808,0.277,0.19,1
"Gtpbp8",0.19663691662405,0.569020165456421,0.109,0.052,1
"Nav2",0.197051000541521,0.268639955589519,0.345,0.241,1
"Pde1c",0.197056158874113,-0.384720791864685,0.286,0.379,1
"Acvr2a",0.197279805001275,0.320757604660328,0.16,0.086,1
"Stx5a",0.197279805001275,0.338152381141814,0.16,0.086,1
"Snrnp70",0.197851455904647,-0.250205022505599,0.529,0.621,1
"Lmo3",0.198216180645824,0.389774125951977,0.185,0.103,1
"Myo9a",0.198596870283887,0.256342751632097,0.445,0.31,1
"Cnot10",0.199784116320406,0.391390605489427,0.134,0.069,1
"Syt6",0.199784921568132,0.610368189410802,0.134,0.069,1
"Slc20a2",0.199784921568132,-0.544957791819875,0.092,0.155,1
"Pde7a",0.199937946810461,0.268490749306515,0.185,0.103,1
"Rsbn1",0.199937946810461,0.301735737499272,0.185,0.103,1
"Vwa8",0.199970368596815,-0.496456954075125,0.126,0.19,1
"Klhdc10",0.201031376395968,-0.469874257907072,0.294,0.362,1
"Atp5o",0.201180144506368,-0.581817082648623,0.269,0.328,1
"Ppp6r2",0.201193684941151,0.26056319144307,0.261,0.155,1
"Plppr4",0.201670000046757,0.2832486172766,0.185,0.103,1
"Gm15738",0.202426627008612,-0.594521336531026,0.067,0.121,1
"Rims2",0.20286444842746,0.395508662024008,0.613,0.483,1
"Ccsap",0.203036676386337,-0.33299988304451,0.05,0.103,1
"Dynll2",0.203058395936889,-0.520197458351033,0.143,0.207,1
"Nr2c1",0.203251267186005,0.301139491141573,0.109,0.052,1
"Pkd2",0.203585120709189,0.388672839543438,0.176,0.103,1
"Map7",0.20380236254844,0.355274805360323,0.134,0.069,1
"Zfp788",0.20472724121762,-0.491505847935217,0.067,0.121,1
"Tcp1",0.205450349958039,-0.712780143791539,0.084,0.138,1
"Prokr2",0.205593306697622,-0.280696892185781,0.05,0.103,1
"Fars2",0.206073884866106,0.429515097525232,0.227,0.155,1
"Gm49797",0.206560133509042,0.3253149181408,0.16,0.086,1
"Ssr2",0.207046811283698,-0.624261484303269,0.067,0.121,1
"Shprh",0.207160387495166,0.413449701406952,0.176,0.103,1
"Nup153",0.207749935924974,0.362543408664748,0.109,0.052,1
"Rab24",0.207749935924974,0.356155726930424,0.109,0.052,1
"Akr1a1",0.207878280998071,0.384302278834345,0.134,0.069,1
"Zscan26",0.207878280998071,-0.354445861966394,0.092,0.155,1
"Slc24a5",0.208965011952695,0.34148160206968,0.176,0.103,1
"Gnb5",0.209385395484193,-0.452164126961326,0.067,0.121,1
"Csad",0.209385395484193,-0.515228938833882,0.067,0.121,1
"Eif5b",0.209396417620156,0.520159415787815,0.193,0.121,1
"Cltc",0.209470772706197,0.258288220523257,0.202,0.121,1
"Kif2a",0.209494934937062,0.272582032616726,0.269,0.172,1
"Slc16a4",0.209938268589391,0.307637446865206,0.134,0.069,1
"Atraid",0.209938268589391,0.359738080490784,0.134,0.069,1
"Kdm2a",0.209977529260062,0.291785281089311,0.261,0.172,1
"Tbc1d9b",0.2100261628701,0.368841161919762,0.109,0.052,1
"Gnl3",0.2100261628701,0.259035234141389,0.109,0.052,1
"Tnrc6b",0.210364156708512,0.266666274530416,0.504,0.379,1
"Gng3",0.210494518076685,0.279621070090957,0.185,0.103,1
"Dym",0.210512378102818,-0.791248622097705,0.101,0.155,1
"Uhrf2",0.211086042957543,0.306139861562666,0.353,0.259,1
"Rps2",0.211137019127533,0.391736013462911,0.193,0.121,1
"Immp1l",0.21198160310938,-0.339113773864951,0.336,0.414,1
"Cdh11",0.212012993393258,0.388653018904847,0.134,0.069,1
"Ddx42",0.212012993393258,-0.442954597995153,0.092,0.155,1
"Psmd12",0.212012993393258,0.297436947065544,0.134,0.069,1
"Mettl9",0.212608374694964,0.337038130570357,0.176,0.103,1
"Ivns1abp",0.212643402966702,0.407508587438116,0.151,0.086,1
"Celf2",0.213305249415572,0.349500624916056,0.924,0.845,1
"Mapk4",0.213351542894032,0.402191193945431,0.235,0.155,1
"Tnr",0.213352479353716,0.852901734202044,0.21,0.138,1
"Rubcn",0.213626525410105,-0.440254364346472,0.109,0.172,1
"Fam76b",0.214102493287437,0.356835906671283,0.134,0.069,1
"Txndc9",0.214110643875004,-0.565425254765294,0.084,0.138,1
"Ano3",0.214110643875004,-0.417341085179615,0.084,0.138,1
"Coa3",0.214119833777129,-0.434853351810369,0.067,0.121,1
"Slc35f1",0.214142031710964,0.769853153433058,0.286,0.207,1
"3110056K07Rik",0.214632662096837,0.276801533417499,0.109,0.052,1
"Cdc42bpa",0.214727132543451,0.447596639869998,0.378,0.276,1
"Itm2b",0.214800827198379,-0.508130232715943,0.462,0.5,1
"Cnrip1",0.214856720091441,0.287353825182451,0.227,0.138,1
"Paxbp1",0.215057410953879,0.437985708792238,0.277,0.19,1
"Fmnl2",0.215880792588384,0.296303747156339,0.303,0.207,1
"Scfd1",0.216206805460725,0.259982754126852,0.134,0.069,1
"Mvb12b",0.216403567701739,0.309221517132603,0.202,0.121,1
"Nabp2",0.216515798754508,-0.466362025695403,0.067,0.121,1
"Gm55122",0.21736046384563,0.265577353813576,0.227,0.138,1
"Camta1",0.218154339657725,-0.365543213033444,0.361,0.414,1
"Tubb4b",0.218159086297848,0.409932506157682,0.176,0.103,1
"Arhgef2",0.21832596640443,0.266556185511669,0.134,0.069,1
"Sec11c",0.21832596640443,0.31256721499314,0.134,0.069,1
"Abce1",0.218538217263801,-0.581791156604283,0.084,0.138,1
"Cycs",0.218735605110367,-0.684117849221509,0.101,0.155,1
"Ggact",0.218930999603616,-0.389415875333941,0.067,0.121,1
"Tnpo3",0.219040548563176,-0.517740636800446,0.176,0.241,1
"Txn2",0.219311556776547,0.313707006217757,0.109,0.052,1
"Tmem167",0.219997051615614,0.375932989317373,0.193,0.121,1
"Ccnl1",0.220032267378417,0.287283041869683,0.176,0.103,1
"Epha6",0.220439192862914,0.509298871596102,0.277,0.19,1
"Ap2b1",0.220537019559066,0.377783240235454,0.218,0.138,1
"Bcap31",0.221678274125684,0.286609716686516,0.109,0.052,1
"Diaph2",0.221678274125684,0.431007126227612,0.109,0.052,1
"Heca",0.22206115858137,0.259078936598648,0.16,0.086,1
"Tfdp2",0.222189568895499,0.480774077786516,0.168,0.103,1
"Prkdc",0.222608977030027,0.348638235571857,0.134,0.069,1
"Palm",0.222932676871926,-0.598662053042249,0.101,0.155,1
"Smoc1",0.223216678019835,0.436677151359188,0.235,0.155,1
"Rpl11",0.223511421070363,-0.495718996504173,0.218,0.276,1
"Septin7",0.223574193442699,-0.276540626268609,0.345,0.414,1
"Atg16l1",0.223819317754499,-0.367530912082541,0.067,0.121,1
"Nkain3",0.223819317754499,-0.37707350327898,0.067,0.121,1
"Mrps17",0.224063234269781,0.34037708758409,0.109,0.052,1
"Cask",0.224299452503316,0.431316212763417,0.504,0.379,1
"C130071C03Rik",0.225041834819431,0.389331986433353,0.714,0.621,1
"Pex5l",0.225302299776848,-0.812551578075132,0.084,0.138,1
"Nap1l4",0.225302299776848,-0.481185006591921,0.084,0.138,1
"Tmem131",0.225720976199416,0.281250912276088,0.176,0.103,1
"Caln1",0.226292536453698,-0.479457204385448,0.067,0.121,1
"Glce",0.226292536453698,-0.331863604232751,0.067,0.121,1
"Tm9sf4",0.226466482947643,0.253615557492282,0.109,0.052,1
"Ints6l",0.226466482947643,0.254838097746999,0.109,0.052,1
"Insyn2b",0.226951802823381,0.285611252276166,0.134,0.069,1
"Atp5d",0.227187070199628,-0.558438292886479,0.101,0.155,1
"Pam",0.227197764747914,0.350473020341328,0.336,0.224,1
"Fam184a",0.227274789156643,0.375874536267754,0.193,0.121,1
"Frmd5",0.227352240143055,0.316440400534949,0.286,0.19,1
"Map3k1",0.227459362496047,0.504918107762715,0.126,0.069,1
"Ecpas",0.227586604169737,0.386888947435155,0.294,0.207,1
"Cck",0.228163233217021,-0.40702381383456,0.479,0.483,1
"Ctcf",0.228580685588638,0.516880745741053,0.202,0.138,1
"Slc23a2",0.228785193787459,-0.288033818462256,0.067,0.121,1
"Ankfy1",0.228785193787459,-0.305529655049096,0.067,0.121,1
"Prim2",0.228888064799313,0.27138828325737,0.109,0.052,1
"Ino80d",0.228888064799313,0.4144619499589,0.109,0.052,1
"Foxk2",0.228888064799313,0.357680931278562,0.109,0.052,1
"Mbd5",0.229513634136521,0.469537914837548,0.42,0.328,1
"Sh3bgrl",0.229571315529626,0.360770702133958,0.176,0.103,1
"Papola",0.229887356685203,0.354956189532259,0.277,0.19,1
"Map2k2",0.230116783287843,-0.736279567544594,0.118,0.172,1
"Iws1",0.230843779396299,0.323490114499321,0.151,0.086,1
"Wdr7",0.230977341276608,0.345488431986919,0.193,0.121,1
"Gprasp1",0.232758970834036,0.302831274609162,0.218,0.138,1
"Hnrnpc",0.233100433662506,0.417451083880091,0.277,0.19,1
"Edrf1",0.233261691744632,-0.585447811720003,0.059,0.103,1
"Serp2",0.233676679075707,-0.626554168800449,0.101,0.155,1
"Nln",0.233786401008219,0.267890654906888,0.109,0.052,1
"Os9",0.233829013514891,-0.325612754728068,0.067,0.121,1
"Msra",0.233978498280154,0.255087553408692,0.479,0.379,1
"Trim2",0.234052040323684,0.354278759780565,0.731,0.552,1
"Uba1",0.234551793542199,-0.501697024206732,0.084,0.138,1
"Rad23b",0.235939939399918,-0.347612357497252,0.126,0.19,1
"Ift74",0.235982369302013,-0.568721389101724,0.059,0.103,1
"Psmd14",0.236177636829592,0.369001903344376,0.21,0.138,1
"Tank",0.236263239028676,0.252258865230032,0.109,0.052,1
"Med15",0.236263239028676,0.343298491523364,0.109,0.052,1
"Suco",0.236293380196939,-0.560001316208076,0.118,0.172,1
"Tlk2",0.236338287857659,0.330038824299065,0.218,0.138,1
"Map7d2",0.236546404241601,0.339165518716893,0.126,0.069,1
"Yme1l1",0.236871872127167,0.271356380439152,0.235,0.155,1
"Ypel1",0.238072274514729,0.257755079610109,0.134,0.069,1
"Otulin",0.238212486327934,-0.388492723796281,0.109,0.172,1
"Sec14l1",0.238378066759148,-0.577186668104728,0.118,0.172,1
"9430015G10Rik",0.23872541822037,-0.506858842951458,0.059,0.103,1
"Synrg",0.239278565027402,0.314071980372332,0.151,0.086,1
"Setbp1",0.240042785705009,0.334993606130784,0.63,0.5,1
"Ube2b",0.240184776233973,0.310670381815097,0.286,0.19,1
"Thsd7b",0.240603400807819,0.942232566091522,0.185,0.121,1
"1810037I17Rik",0.241184945456577,0.488108521512871,0.126,0.069,1
"Atp5b",0.24155757962939,0.355666332795318,0.227,0.155,1
"Ube2e1",0.242406907663422,-0.572218456603064,0.134,0.19,1
"Luzp2",0.243130299872337,-0.718809678593874,0.202,0.276,1
"Kirrel3",0.243255542853458,-0.291567746583786,0.487,0.552,1
"Coa8",0.243528079763532,0.363052758351702,0.126,0.069,1
"Hnrnpa2b1",0.243763950631832,0.292723248761379,0.588,0.483,1
"Slc25a12",0.244273150236039,0.317049707714865,0.193,0.121,1
"4732440D04Rik",0.244278836011786,-0.700763913199662,0.059,0.103,1
"Ndrg2",0.244278836011786,-0.52740215928496,0.059,0.103,1
"Uvrag",0.244782666070991,-0.477272645549841,0.101,0.155,1
"Cox5b",0.245496665625716,-0.425398080215013,0.143,0.207,1
"Fbxl2",0.246123270476701,-0.401473854446548,0.126,0.19,1
"Atcay",0.246123270476701,-0.480276708243343,0.126,0.19,1
"Arhgap21",0.246167478371809,0.365641814675546,0.303,0.207,1
"Snrpn",0.24699143670506,0.254125601694466,0.445,0.328,1
"Dennd1a",0.247087907047033,0.257474626961776,0.336,0.224,1
"Eef1a2",0.248925047222582,-0.390100528943995,0.084,0.138,1
"Orc6",0.249431686203875,0.384935394449491,0.101,0.052,1
"Srpr",0.250653283758707,0.355341214194385,0.126,0.069,1
"5330434G04Rik",0.251079118745264,0.370435543632746,0.303,0.207,1
"Ssu72",0.251379221475573,-0.404110821157106,0.084,0.138,1
"Elf2",0.251621407534538,-0.527984217492013,0.101,0.155,1
"St7l",0.251621407534538,-0.438837024525701,0.101,0.155,1
"Sobp",0.251786393732751,-0.592806703871251,0.303,0.345,1
"Gm15614",0.251853936105333,0.448687168814578,0.126,0.069,1
"Pcdh11x",0.252107650034341,-0.689127842518586,0.151,0.207,1
"Etnk1",0.252216494483058,-0.529861233364706,0.244,0.293,1
"Rasgrf2",0.252334444673009,0.313836357854064,0.151,0.086,1
"Ndufaf7",0.252334444673009,0.329813476487999,0.151,0.086,1
"Wdfy1",0.252777988855231,-0.479292310589807,0.059,0.103,1
"Wasf1",0.253060376443874,0.255734682372749,0.126,0.069,1
"Ube2d1",0.253060376443874,0.372470352319204,0.126,0.069,1
"Nme7",0.253899364714012,0.26906885668218,0.286,0.207,1
"Etv1",0.254012892324867,0.456553684222921,0.336,0.241,1
"Ttll5",0.254042704225364,-0.578800054432903,0.126,0.172,1
"Mpc2",0.254426715809155,-0.569867903403251,0.118,0.172,1
"Hmgcll1",0.254557806575703,0.281741862471956,0.151,0.086,1
"Klhl12",0.254790726308838,0.363219294552553,0.101,0.052,1
"4930578G10Rik",0.255483524709408,0.296271510298109,0.126,0.069,1
"Pcyt1b",0.255483524709408,0.336480239067926,0.126,0.069,1
"Arhgap35",0.256089909115644,0.255743526123457,0.193,0.121,1
"Fmr1",0.256253949028128,-0.530389811101241,0.101,0.155,1
"Zswim8",0.256338087699184,-0.354975442854796,0.084,0.138,1
"Rps27a",0.256717047080748,-0.790729751793843,0.176,0.224,1
"Rpl35",0.256747081033315,-0.595680490101844,0.076,0.121,1
"Nopchap1",0.256794759959545,0.282651295900084,0.151,0.086,1
"Rars2",0.25750006440909,0.4380210244203,0.101,0.052,1
"4833439L19Rik",0.258557298180498,-0.406931936469004,0.059,0.103,1
"Bfar",0.258557298180498,-0.400636567369949,0.059,0.103,1
"Bc1",0.258744984199917,-0.365870257855924,0.126,0.19,1
"Snhg11",0.259434256518807,-0.650322417533593,0.639,0.672,1
"Frrs1l",0.26028256174398,-0.327938327649248,0.176,0.241,1
"Txnrd1",0.260378085322707,0.327663074899889,0.126,0.069,1
"Amn1",0.260593685691966,0.408820149707003,0.185,0.121,1
"Capza2",0.260945398596296,-0.389197314294993,0.101,0.155,1
"Uchl3",0.2613095152648,0.277394571894901,0.151,0.086,1
"Phrf1",0.261364486383455,-0.325247010786596,0.084,0.138,1
"Map4k4",0.261644487559176,0.29417440495323,0.353,0.259,1
"Hspa4l",0.26205517526253,-0.598223718656097,0.076,0.121,1
"Zfp68",0.262849544010974,0.290450752033184,0.126,0.069,1
"Galnt1",0.262849544010974,0.273033000958795,0.126,0.069,1
"Snrpe",0.262978540861637,0.433606252830934,0.101,0.052,1
"Rab10os",0.262978540861637,0.3168189449538,0.101,0.052,1
"Khdc4",0.2633132645718,-0.36325009390964,0.101,0.155,1
"Srsf4",0.264427553842793,-0.45024980838402,0.059,0.103,1
"Coro1c",0.264427553842793,-0.446872248913661,0.059,0.103,1
"Ssr1",0.265337150943575,-0.599282341750367,0.092,0.138,1
"Pls3",0.265337150943575,0.443101748129117,0.126,0.069,1
"Dapk1",0.265650764094517,0.383000735371417,0.437,0.362,1
"Hsd17b12",0.265747740569392,0.409962564473132,0.101,0.052,1
"Rap1gap",0.265747740569392,0.371146420745735,0.101,0.052,1
"Spata7",0.265747740569392,0.305413887542581,0.101,0.052,1
"Tmem63b",0.265747740569392,0.443802714107695,0.101,0.052,1
"ENSMUSG00000120058",0.26645861374325,0.564867834604533,0.118,0.069,1
"Phf6",0.266625563469785,-0.304313391521463,0.21,0.121,1
"Arl1",0.267396879126157,-0.384738884307782,0.059,0.103,1
"Atp6v1c1",0.267396879126157,-0.358904728476859,0.059,0.103,1
"Numb",0.26740461691548,0.347060777091855,0.168,0.103,1
"Myo9b",0.26784092692249,0.269100401510983,0.126,0.069,1
"Herc4",0.26784092692249,0.272133367890772,0.126,0.069,1
"Cdc40",0.268093373308135,-0.395248315353458,0.101,0.155,1
"Kdm6a",0.268184029780927,0.310137365759804,0.151,0.086,1
"Brd1",0.26890099723677,0.305580742855161,0.185,0.121,1
"Tmem234",0.26957237040136,-0.447314383754429,0.134,0.19,1
"Usp24",0.270360891787313,0.259446242833521,0.126,0.069,1
"Dhdds",0.270360891787313,0.286069431563586,0.126,0.069,1
"Hmgn1",0.270505651423523,-0.554329986123486,0.101,0.155,1
"Apba1",0.271003160718367,-0.529577867789885,0.227,0.276,1
"E130114P18Rik",0.271807647456483,0.351769996650401,0.168,0.103,1
"Tet2",0.271847059558753,0.336289557947617,0.143,0.086,1
"Eif1",0.272635769439679,-0.361259760541071,0.37,0.397,1
"Stxbp5",0.272686615205072,-0.539974438685671,0.16,0.224,1
"Gnai1",0.272807054150714,0.407176867081536,0.244,0.172,1
"Tpm1",0.272835480307735,0.263140111315026,0.151,0.086,1
"Gpc6",0.272897064406994,0.532033351700473,0.126,0.069,1
"Alkbh8",0.272897589824583,-0.577236562233828,0.076,0.121,1
"Ddx3x",0.27293276758766,-0.262828580578889,0.101,0.155,1
"Wdr12",0.273404093097136,-0.345134316141188,0.059,0.103,1
"Snx1",0.273404093097136,-0.396192476483227,0.059,0.103,1
"Wdr20",0.275374737439312,-0.342821608312373,0.101,0.155,1
"Nup214",0.275449462671654,-0.614323322927538,0.092,0.138,1
"Dync1i1",0.275550280488014,-0.485453629546762,0.227,0.276,1
"C1ql3",0.275628543082876,-0.303794825920257,0.193,0.259,1
"Gm48700",0.275655469237541,-0.455521698816173,0.076,0.121,1
"Ptprn",0.276489257434953,-0.31407475728715,0.235,0.31,1
"Trip12",0.276726612977463,0.312494242264322,0.37,0.276,1
"Sox5",0.277439243952265,-0.370024290738234,0.412,0.448,1
"Ralyl",0.277990136510714,0.542659223406863,0.294,0.379,1
"Lncppara",0.27808861163672,-0.306430590365625,0.345,0.397,1
"Mrps9",0.2784323034802,-0.50616426211528,0.076,0.121,1
"Tox3",0.278794477941852,0.625274259243807,0.218,0.155,1
"Mindy2",0.279048477831892,0.393862691255224,0.143,0.086,1
"Pspc1",0.279607722378965,0.283722092693393,0.277,0.19,1
"Cc2d2a",0.280603002753759,0.259704044669525,0.126,0.069,1
"Fam120c",0.280603002753759,0.252682100335206,0.126,0.069,1
"Ncl",0.280682930373897,0.353464904925475,0.21,0.138,1
"Jak2",0.281228112453004,-0.505313992967142,0.076,0.121,1
"Bex2",0.28190727676576,-0.495998425064847,0.261,0.31,1
"Hs3st4",0.282586769798332,-0.492811510178645,0.059,0.103,1
"Faf1",0.283707606669305,0.35817142520938,0.286,0.207,1
"Hcn1",0.283771279126021,-0.382724950028473,0.168,0.224,1
"Emc7",0.283877703885306,0.343440255583688,0.185,0.121,1
"Adipor2",0.28392088111449,0.35571716905314,0.143,0.086,1
"B3galt1",0.284143770288256,0.257391117961866,0.513,0.379,1
"Ube2h",0.285123281685975,-0.48003157482311,0.185,0.241,1
"Casp8ap2",0.285693595656599,-0.293256110964988,0.059,0.103,1
"Parva",0.285693595656599,-0.326955238216882,0.059,0.103,1
"Prickle1",0.286062187520271,0.525339419646231,0.185,0.121,1
"H13",0.286378556010843,0.408789375855173,0.143,0.086,1
"Tmx2",0.286876727342896,-0.402540637671501,0.076,0.121,1
"Ccnt1",0.28761093337141,0.252809151526118,0.168,0.103,1
"Mtdh",0.287618320025479,0.3038623302157,0.403,0.293,1
"Cdon",0.288258000766594,0.315419646292977,0.185,0.121,1
"Arl3",0.288258000766594,0.353782087906642,0.185,0.121,1
"Klf9",0.288623878902438,0.314805350840425,0.101,0.052,1
"Nrxn1",0.288648253523321,0.34301536691973,0.966,0.931,1
"Arhgef17",0.288823426401877,-0.277882610900348,0.059,0.103,1
"Aff3",0.289108547398064,0.276991449507963,0.361,0.259,1
"Fbxw7",0.289146755502258,-0.420575970082694,0.202,0.259,1
"Grid2",0.289148145733585,0.270049362460879,0.227,0.155,1
"Ssr4",0.289729566178538,-0.44807639887742,0.076,0.121,1
"Rb1cc1",0.291111541518473,-0.363623553341411,0.202,0.259,1
"Igsf21",0.291244113136773,-0.605465118985416,0.143,0.19,1
"Scaf1",0.291336904337218,0.264408395495261,0.143,0.086,1
"Gm1673",0.291574039513868,0.266829298646996,0.101,0.052,1
"Man1a2",0.291704141444934,0.256442999812957,0.193,0.121,1
"Bms1",0.291976281824897,-0.296745997946886,0.059,0.103,1
"Pex14",0.292601445558819,-0.456879462872262,0.076,0.121,1
"Nlk",0.292791102708939,0.487144152350597,0.487,0.414,1
"Rac1",0.292885567998628,-0.335998051422551,0.101,0.155,1
"Pitpnb",0.293771862096801,-0.57082268639013,0.092,0.138,1
"Pgap1",0.293837596191257,0.322883546139684,0.143,0.086,1
"Rab8b",0.293837596191257,0.265214882160964,0.143,0.086,1
"Zfp266",0.294302935515803,-0.465790022929162,0.193,0.241,1
"Exoc3",0.295766175520414,-0.546263431392642,0.143,0.19,1
"Srsf11",0.295887230464485,-0.361223320740298,0.311,0.345,1
"Kdm7a",0.296914000977531,0.335242428625721,0.168,0.103,1
"Dock9",0.296943937286045,-0.396517968207214,0.076,0.121,1
"Chrm2",0.297534977356387,-0.402453525907759,0.101,0.052,1
"Brsk2",0.298402376330988,-0.46939131883526,0.076,0.121,1
"2610035D17Rik",0.298402376330988,-0.411943604692474,0.076,0.121,1
"Txlng",0.298402376330988,-0.432485209170495,0.076,0.121,1
"Prune2",0.29845452384744,0.390108027427807,0.118,0.069,1
"Zfp827",0.298882055312208,0.250667466902715,0.143,0.086,1
"Nek1",0.29915365814816,-0.55022727584515,0.092,0.138,1
"Cpne6",0.29915365814816,-0.449886379114224,0.092,0.138,1
"Fez1",0.300375825900031,-0.760853232001526,0.16,0.207,1
"Med6",0.300545779221044,0.268716743406626,0.101,0.052,1
"Adar",0.300614229720451,0.434614566834165,0.134,0.086,1
"Mal",0.300769779170588,0.362753123361996,0.16,0.103,1
"Kdm3a",0.300770492306639,0.36350366444132,0.16,0.103,1
"Tomm20",0.300770492306639,0.45809659731028,0.16,0.103,1
"Ncam1",0.301309922970566,0.321118589692297,0.723,0.638,1
"Tm6sf1",0.301331449342344,-0.350832263988505,0.076,0.121,1
"Dlx1as",0.301559705711826,0.295878811349022,0.311,0.224,1
"Ociad1",0.301869075794859,0.250729325496768,0.126,0.069,1
"Acbd6",0.30207332018241,-0.351620736626969,0.118,0.172,1
"Septin3",0.30207332018241,-0.276905506599444,0.118,0.172,1
"Spop",0.302475643741369,-0.427222286585834,0.193,0.241,1
"Fto",0.303182746924923,0.350987136113677,0.294,0.207,1
"Slc25a5",0.303983992213999,-0.473369637224848,0.109,0.155,1
"Npepps",0.304211308506606,0.2644181423114,0.286,0.207,1
"Rnf220",0.304279606115863,-0.386422202324855,0.076,0.121,1
"Plpbp",0.304279606115863,-0.377116269685475,0.076,0.121,1
"mt-Nd5",0.304279606115863,-0.310495423495345,0.076,0.121,1
"Gpx4",0.304600849019827,-0.459062321606143,0.092,0.138,1
"Msi1",0.304818273594754,-0.252215710044698,0.059,0.103,1
"Cspg5",0.305628955486591,-0.386206673077822,0.185,0.241,1
"Proser1",0.305841507754072,-0.270098218518609,0.101,0.155,1
"Rsf1os1",0.306838693696559,0.330929683131202,0.118,0.069,1
"Gpbp1",0.307020619844278,-0.30505944312632,0.118,0.172,1
"Mdm4",0.307659203620927,0.258663941260847,0.235,0.155,1
"Nsd1",0.3083554863375,-0.346648161555489,0.429,0.483,1
"Rap1a",0.309143448067856,0.325665893890915,0.143,0.086,1
"Cnr1",0.309143448067856,-0.657829590395343,0.109,0.155,1
"Ranbp17",0.309667756481237,0.362612239139229,0.118,0.069,1
"Phactr1",0.309669693265597,-0.47944542389198,0.647,0.655,1
"Efr3b",0.310113483276255,-0.404219678388788,0.092,0.138,1
"Sncb",0.310113483276255,-0.468900201183798,0.092,0.138,1
"Mcm3ap",0.310233198253579,-0.359877922731695,0.076,0.121,1
"Rpl23a",0.310233198253579,-0.396852800148585,0.076,0.121,1
"Stxbp1",0.311537850368699,-0.53065446766535,0.261,0.293,1
"Sgip1",0.313146656934153,-0.257126534325005,0.529,0.517,1
"Rpl13",0.313619642759152,0.259877032849002,0.328,0.224,1
"Atp5c1",0.313781478281269,-0.484909763126801,0.16,0.207,1
"Cpeb4",0.314350755827747,0.318127187329684,0.244,0.172,1
"Pou6f1",0.314360450749298,-0.408149930616049,0.109,0.155,1
"Tmeff2",0.314634370339896,0.323142032912434,0.311,0.224,1
"Slc24a2",0.315467093552707,-0.512674073568321,0.126,0.172,1
"Ftx",0.316427724906327,0.255695351334628,0.244,0.172,1
"Gm11266",0.317836999310772,0.25561130763113,0.185,0.121,1
"Prkg1",0.317892202135086,0.707461608598074,0.235,0.172,1
"Stk3",0.318258016925074,0.285445014989932,0.118,0.069,1
"Myo5a",0.319988664145653,-0.323263545394135,0.294,0.362,1
"Nmt1",0.320834779818314,-0.297117514167422,0.076,0.121,1
"Asic2",0.321137583874893,-1.10355386674102,0.277,0.328,1
"Utrn",0.322369605382728,-0.344270983723568,0.076,0.121,1
"Specc1l",0.322591241917346,-0.324234811866221,0.134,0.19,1
"St8sia2",0.324070761801277,0.300166862088229,0.118,0.069,1
"Sms",0.324070761801277,0.307711858054879,0.118,0.069,1
"Cops3",0.324614992211776,-0.56276234165868,0.067,0.103,1
"Agap1",0.324900592614184,-0.303485387525992,0.185,0.241,1
"Tmem50a",0.325030771541438,-0.347393568618363,0.176,0.224,1
"Oaz1",0.325030771541438,-0.423899350654265,0.176,0.224,1
"Parm1",0.326300061436371,0.451754311287208,0.176,0.121,1
"H2bu2",0.327044272180983,-0.337219824493162,0.092,0.138,1
"Kcnq5",0.327371346217071,-0.591508779694864,0.21,0.259,1
"Myh10",0.327503111905453,-0.311707604727411,0.134,0.19,1
"Sel1l",0.327654785931201,-0.422642945901521,0.109,0.155,1
"Atxn7",0.327654785931201,-0.427088747245189,0.109,0.155,1
"Cacna2d1",0.32775554561007,0.484327703894784,0.454,0.397,1
"Nrxn2",0.328771860198515,-0.302055594699456,0.277,0.328,1
"Crebbp",0.328789049418396,-0.342358302054928,0.353,0.397,1
"Vsnl1",0.329169280876613,-0.587202654869263,0.294,0.328,1
"Fam104a",0.329923364103493,-0.337256559501932,0.092,0.138,1
"Gm21798",0.330356815770601,-0.673804074398068,0.109,0.155,1
"Acp1",0.331174019879773,-0.586152777034868,0.143,0.19,1
"2810004N23Rik",0.331218577837671,-0.501432367760409,0.067,0.103,1
"Ythdc1",0.331480867730844,0.299910996154339,0.202,0.138,1
"Cyld",0.332137157389547,-0.545493915876901,0.151,0.19,1
"Hectd1",0.332256655086351,-0.533546860856912,0.193,0.241,1
"Mtif2",0.332818817699286,-0.385785515166795,0.092,0.138,1
"Tbcd",0.33287691695026,0.354352263010828,0.134,0.086,1
"Man1a",0.333199523319046,-0.315807224460716,0.126,0.172,1
"Hecw2",0.333628235621973,-0.51953135926847,0.143,0.19,1
"Camsap2",0.333628235621973,-0.478323231159839,0.143,0.19,1
"Dnajb6",0.334049664936994,-0.744121519401745,0.176,0.224,1
"Mmp16",0.334445179579428,-0.267590071308312,0.202,0.259,1
"Mrps26",0.335804013134163,-0.406493293124308,0.109,0.155,1
"Cntn1",0.336055395519222,-0.272231291757222,0.345,0.379,1
"Akap8l",0.336202358402733,-0.530612302049525,0.185,0.224,1
"Atp6v0b",0.336509847600303,-0.48538757075458,0.403,0.397,1
"Avl9",0.337471693098187,-0.316977079628999,0.134,0.19,1
"Eif4g1",0.338549170436924,-0.273957916213506,0.109,0.155,1
"Tmx3",0.338549170436924,-0.419180380095645,0.109,0.155,1
"Dync2h1",0.338619054153189,-0.380322780040816,0.176,0.224,1
"Laptm4a",0.340992341021648,-0.458869137635119,0.126,0.172,1
"Cdh20",0.341061081469155,-0.505620398088443,0.143,0.19,1
"Zbtb7a",0.341603287500513,-0.349598635702054,0.092,0.138,1
"Micos10",0.341793978868939,0.517951278216947,0.109,0.069,1
"Stam2",0.341921112934883,0.255631571626569,0.118,0.069,1
"Scaf8",0.343592379672847,-0.538394364649759,0.218,0.259,1
"Prdm2",0.343792685121833,0.502220995078163,0.126,0.086,1
"Impact",0.343792685121833,-0.633254607014421,0.101,0.138,1
"Vps35",0.344082570091222,-0.322948889083878,0.109,0.155,1
"Snrnp48",0.344082570091222,-0.311564290280181,0.109,0.155,1
"Qser1",0.344110453966616,0.302821374146948,0.134,0.086,1
"Kcnip2",0.344343508920666,-0.441459546863812,0.076,0.121,1
"Kcnip1",0.344572916668135,-0.412076147859284,0.252,0.293,1
"Dgcr8",0.344684436617287,-0.626524491212538,0.067,0.103,1
"Myt1l",0.346584590403971,-0.317774667391078,0.563,0.586,1
"Gucy1a1",0.348104725901023,-0.624371402119341,0.067,0.103,1
"Ppp1r10",0.34859911894158,-0.383878297970797,0.143,0.19,1
"Dlg1",0.348923403895697,-0.393519343340278,0.227,0.276,1
"Herc1",0.349050397037432,-0.291863002570943,0.345,0.379,1
"AU040320",0.349620185358006,-0.560623137598294,0.101,0.138,1
"Ncdn",0.351546513458546,-0.560342837960611,0.067,0.103,1
"Copz1",0.351546513458546,-0.422128859999065,0.067,0.103,1
"Spock1",0.352557308964569,-0.42248793938648,0.101,0.138,1
"Ttc9b",0.353947548959267,0.319220415732887,0.151,0.103,1
"Faim2",0.358166993893431,-0.323335348089786,0.109,0.155,1
"Suds3",0.358494504048018,-0.414269368682377,0.067,0.103,1
"Chaserr",0.359713770956882,0.272781273607788,0.261,0.207,1
"Srp14",0.360979568973255,-0.527543756665137,0.126,0.172,1
"Slc35a1",0.36200066229086,-0.347252990272476,0.067,0.103,1
"Adgrb1",0.36200066229086,-0.386393069938419,0.067,0.103,1
"Urgcp",0.364344006455896,0.315973743462025,0.134,0.086,1
"Dlg4",0.364461324972415,-0.497083992863385,0.101,0.138,1
"Sos2",0.364523177027127,-0.612633277290996,0.151,0.19,1
"A330023F24Rik",0.365290846720065,-0.315152999188957,0.143,0.19,1
"Chd7",0.365517648080764,-0.312055459960914,0.277,0.31,1
"Ogdh",0.366000617394083,-0.283704821092261,0.118,0.155,1
"Abhd17b",0.366120298159599,-0.276358722305494,0.151,0.207,1
"Sybu",0.366379873325024,0.252566565213452,0.218,0.155,1
"Rnf169",0.366734660215728,-0.376581260694884,0.21,0.259,1
"Itgb1",0.366789264399583,-0.347182356800441,0.109,0.155,1
"Pdss1",0.367204777034523,-0.380448834188071,0.084,0.121,1
"Srsf6",0.36720576886777,0.263635622460618,0.109,0.069,1
"Sptbn1",0.367238537921765,-0.385210695490987,0.261,0.31,1
"Brd3",0.367419763235163,-0.484942686189968,0.118,0.155,1
"Nin",0.367747822416748,0.362171167595418,0.151,0.103,1
"Grm1",0.367819608752816,-0.315940304229321,0.202,0.259,1
"Prrc2a",0.369077177251972,-0.407305895742079,0.067,0.103,1
"Aff2",0.369077177251972,-0.837014563097423,0.067,0.103,1
"Esf1",0.369213324359977,-0.32333402391412,0.143,0.19,1
"Stx6",0.369691875252216,-0.299992785160659,0.109,0.155,1
"Phtf1",0.37046302864241,0.412224234335224,0.109,0.069,1
"Bmpr2",0.371135089831044,0.270144680629321,0.235,0.172,1
"Rnf227",0.3719516617745,0.53180182870278,0.151,0.103,1
"Brk1",0.372098366127352,-0.392582952261635,0.084,0.121,1
"Pea15a",0.372647476784023,-0.536171160846756,0.067,0.103,1
"Mrps18a",0.372647476784023,-0.334642151045781,0.067,0.103,1
"Ddb1",0.372647476784023,-0.379253238905704,0.067,0.103,1
"Phf8",0.372647476784023,-0.286107154398863,0.067,0.103,1
"Hs2st1",0.37303622781749,-0.307981775383676,0.168,0.103,1
"Cilk1",0.373238631671409,0.270189379164692,0.134,0.086,1
"Mtmr6",0.373738171287387,0.347654672731289,0.109,0.069,1
"Hspa5",0.373806411836208,-0.358706784164811,0.16,0.207,1
"Sox6",0.374158999698161,0.456285865425697,0.21,0.155,1
"Lrp6",0.374571412667872,-0.44400185315836,0.118,0.155,1
"Nbeal1",0.374872419104083,-0.489218635564611,0.151,0.19,1
"Sncaip",0.375261901330322,-0.336891425335873,0.227,0.155,1
"Zwint",0.376943651771728,-0.559861792466077,0.269,0.31,1
"Pkp4",0.376968527684102,-0.364469192562254,0.235,0.276,1
"Bicd1",0.377021762526763,-0.40657700338836,0.277,0.328,1
"Nenf",0.377031171910928,0.56755524398836,0.109,0.069,1
"Tmem161b",0.379025930730832,0.326779099138211,0.151,0.103,1
"Atp5h",0.379197008749451,-0.324090912355643,0.235,0.276,1
"Hspe1",0.379690055328125,0.417188242154758,0.126,0.086,1
"Gm37124",0.379852001335911,-0.313420671831616,0.067,0.103,1
"Glrx2",0.379852001335911,-0.356828220711442,0.067,0.103,1
"Snrk",0.379852001335911,-0.38289408061498,0.067,0.103,1
"Esd",0.379852001335911,-0.43027932846193,0.067,0.103,1
"Ralgps2",0.380298546859433,0.320688440942888,0.21,0.155,1
"Ap4s1",0.380341017992604,-0.438219057243518,0.084,0.121,1
"Btrc",0.38088402422303,-0.352811347578243,0.261,0.293,1
"Syn2",0.381594203266441,0.253027823386736,0.37,0.31,1
"Usp15",0.382749527382192,-0.373871862356849,0.193,0.241,1
"Cstf3",0.382750036970532,-0.38768332470961,0.193,0.241,1
"Lars2",0.382752304615972,-0.501462213245933,0.151,0.19,1
"Zyg11b",0.382928723605669,-0.281352220734362,0.109,0.155,1
"E4f1",0.383486156615112,-0.253058859351609,0.067,0.103,1
"Hltf",0.383670640150817,0.362848298474841,0.109,0.069,1
"Tia1",0.385702635317983,-0.314372605826018,0.387,0.397,1
"Ksr2",0.386807467900284,-0.535470507498262,0.134,0.172,1
"Nup98",0.389129150383088,-0.421220870378903,0.118,0.155,1
"Galnt13",0.390147439599973,-0.592799594856203,0.168,0.207,1
"Rimklb",0.39038120465543,0.260477705686285,0.109,0.069,1
"Hp1bp3",0.390514390817098,0.340074886517071,0.151,0.103,1
"Zfp106",0.391426960031113,0.269878389075333,0.134,0.086,1
"Flna",0.392069925505635,-0.49114598835214,0.084,0.121,1
"Elavl1",0.392959123454812,0.289474989980885,0.168,0.121,1
"Prkcz",0.393763070027436,0.259332109174668,0.109,0.069,1
"Catspere2",0.394515731668443,-0.287710591204336,0.067,0.103,1
"Virma",0.395460633947951,-0.640734871137064,0.084,0.121,1
"Arih2",0.395460633947951,-0.464351050699097,0.084,0.121,1
"Ranbp2",0.397291805096014,0.312178740537236,0.202,0.155,1
"Wac",0.398192145834717,-0.424227610169725,0.185,0.224,1
"Rrbp1",0.398234485482766,-0.269806591626777,0.067,0.103,1
"Luzp1",0.398869002424245,-0.424233681364625,0.084,0.121,1
"Atp1a1",0.399754256247031,-0.482862356354228,0.193,0.241,1
"Zic1",0.400579797964555,0.415343943422529,0.109,0.069,1
"Phf20",0.401151045309028,-0.434689586107013,0.176,0.207,1
"Elp4",0.403229970102143,-0.637954154985861,0.185,0.224,1
"Cdk11b",0.404014588404504,0.265826182579488,0.109,0.069,1
"Vcp",0.404040408759118,-0.547677412735832,0.16,0.19,1
"Fbxw11",0.404855709652388,-0.418375316659606,0.101,0.138,1
"Slc9a9",0.405627799523421,-0.36949901440264,0.109,0.155,1
"Rxylt1",0.405738573723144,-0.37715226362312,0.084,0.121,1
"Sorcs1",0.406943253108652,0.582069183844313,0.168,0.121,1
"Nudc",0.407045897652827,-0.438466608863294,0.118,0.155,1
"Tjp1",0.407178731738434,-0.51871639932629,0.193,0.241,1
"Rps15a",0.407466945896088,0.292344493819856,0.109,0.069,1
"Arhgap5",0.407480004585798,-0.440089589900324,0.269,0.293,1
"Srsf2",0.407653276323502,-0.377733672938688,0.16,0.207,1
"Ints6",0.408381072965258,-0.40162436283563,0.168,0.207,1
"Ptprt",0.409532754132479,0.50404808215947,0.235,0.172,1
"Scn1a",0.410857897493547,-0.459529913341847,0.185,0.224,1
"8030462N17Rik",0.412364652323295,-0.461029497843459,0.134,0.172,1
"Kcnip3",0.41454422863934,-0.27475457606868,0.101,0.138,1
"6720427I07Rik",0.41454422863934,-0.374404191267406,0.101,0.138,1
"Zbtb38",0.414900762306267,0.305681034521699,0.185,0.138,1
"Pdap1",0.415264854654263,-0.367679740724631,0.134,0.172,1
"Ddr1",0.415619160580458,0.274408312300176,0.151,0.103,1
"Ccdc59",0.415833325825906,0.456639348824166,0.101,0.069,1
"Tm2d1",0.417803955840953,-0.377782718877004,0.101,0.138,1
"Zfp711",0.417803955840953,0.340731834889849,0.126,0.086,1
"Add2",0.417929014733269,0.288748111910749,0.109,0.069,1
"Ttll7",0.418177074294839,-0.363992531278132,0.134,0.172,1
"Arhgef1",0.419687948822713,-0.274825614118981,0.084,0.121,1
"Lars",0.419687948822713,-0.352062096439299,0.084,0.121,1
"1810013L24Rik",0.421451226893976,0.28035656181171,0.109,0.069,1
"Sfr1",0.422345823902394,-0.341041141705692,0.118,0.155,1
"Gde1",0.423056720534997,-0.348088297499867,0.168,0.207,1
"Ablim3",0.423218843159857,-0.335453304224272,0.084,0.121,1
"Atf2",0.426293303634123,-0.408555151757294,0.193,0.224,1
"Itch",0.426350919190657,0.280238638959482,0.261,0.207,1
"Smyd3",0.426858404944849,-0.355594666912668,0.303,0.328,1
"Sesn3",0.426985578011711,-0.289463786230618,0.134,0.172,1
"Smarca4",0.427112838361749,-0.260476512091874,0.202,0.138,1
"Ano6",0.427449528028087,-0.450983744845143,0.176,0.207,1
"Pdia6",0.427673300040134,0.363460691796755,0.126,0.086,1
"Mdh1",0.428542850671986,-0.390101311770764,0.328,0.345,1
"Atp5a1",0.4286565818901,-0.564041419488797,0.202,0.224,1
"Trappc8",0.428716065203029,0.36296535183718,0.185,0.138,1
"Emc10",0.42928751454421,-0.489794517672646,0.126,0.155,1
"Hivep1",0.430332571085036,-0.284864868402364,0.084,0.121,1
"Gm37298",0.43099300897821,-0.329860606993487,0.101,0.138,1
"Zfp292",0.432229125084647,-0.306210507953752,0.311,0.345,1
"Tenm2",0.432405247692218,0.481677396753577,0.37,0.31,1
"Smc5",0.435291577113408,-0.34951909636638,0.168,0.207,1
"Rnf187",0.435901274422088,-0.341026647358167,0.134,0.172,1
"Hmgn2",0.436399608307572,0.329685663857815,0.143,0.103,1
"Rragb",0.437765419810139,0.450430268663537,0.101,0.069,1
"Dscaml1",0.439948709605648,-0.270126020896185,0.529,0.552,1
"Zfp618",0.442141575290833,-0.445287148911633,0.151,0.19,1
"Desi1",0.443234822847027,-0.540158945300676,0.076,0.103,1
"A230057D06Rik",0.444648484370137,-0.396995705972931,0.504,0.483,1
"Ppp2r5c",0.446473584957074,-0.331088358270331,0.151,0.19,1
"Gstm5",0.447092148493145,-0.566705786071114,0.076,0.103,1
"Khdrbs1",0.448143479072906,0.285648552735733,0.227,0.172,1
"mt-Nd1",0.448483470614883,-0.274523547882123,0.361,0.397,1
"Zfp532",0.449121703321638,-0.343480222134213,0.202,0.138,1
"Senp6",0.449346326852891,-0.371946151478155,0.261,0.293,1
"Tmem132a",0.449374563055549,-0.361362724704804,0.151,0.19,1
"Lcor",0.45037414959083,0.27675295025895,0.345,0.293,1
"Morf4l2",0.450996808201555,-0.337915011085551,0.134,0.172,1
"Ypel2",0.451001350924322,-0.408265247290617,0.092,0.121,1
"Sirpa",0.451222621482341,-0.250424189030284,0.101,0.138,1
"Tmem135",0.451969737806209,-0.278345972581633,0.227,0.259,1
"Lrp8",0.454493294128943,-0.430759572042203,0.227,0.259,1
"Ppp3r1",0.455581868701731,0.268760563719949,0.16,0.121,1
"Rmdn1",0.456451657195246,-0.36103689518583,0.252,0.172,1
"Fsd1l",0.457394993811467,-0.417620922234099,0.126,0.155,1
"Thy1",0.458190505978792,-0.477733287822081,0.092,0.121,1
"Nkiras1",0.45877797762578,-0.461493489883679,0.076,0.103,1
"Gigyf2",0.45961174404508,0.326524271297995,0.176,0.138,1
"Fkbp2",0.461809050847669,-0.480118168789049,0.092,0.121,1
"Setd3",0.464174708622964,0.303485259544906,0.101,0.069,1
"Gfpt1",0.4666626902892,-0.404723427744829,0.076,0.103,1
"Nucks1",0.467467497747853,-0.335108534914852,0.168,0.207,1
"Mdm2",0.468018554565859,0.309271439901507,0.101,0.069,1
"Atxn10",0.468146403035549,-0.39605447785101,0.311,0.328,1
"Copg2",0.468576670462871,0.297132373917889,0.143,0.103,1
"Cep126",0.469093783576235,-0.450256433999112,0.092,0.121,1
"Nnat",0.471585905517228,0.294630996564629,0.412,0.345,1
"Erc1",0.471760039683053,-0.284896677118774,0.168,0.207,1
"Foxp2",0.472132944625178,0.350044775214606,0.269,0.224,1
"Nckap1",0.474044109309133,-0.269732614826484,0.202,0.241,1
"Abca3",0.474622025729633,-0.390053141817794,0.076,0.103,1
"Atp2c1",0.474714752403909,-0.463786487041083,0.218,0.241,1
"Grin2a",0.474965210717152,-0.603034376081175,0.227,0.259,1
"Prkar1b",0.475754212364862,0.271602857271371,0.16,0.121,1
"Cdh4",0.476820701662623,0.306854345978544,0.143,0.103,1
"Mprip",0.47733425915377,-0.272722010303446,0.261,0.293,1
"Gm15398",0.47746122191155,0.525588521186856,0.176,0.138,1
"Sp8",0.477942122061605,0.32618771448178,0.118,0.086,1
"Gnl3l",0.481557488291834,0.280384493680486,0.118,0.086,1
"Desi2",0.48198212853008,-0.356157339730458,0.151,0.19,1
"Gm26871",0.482058008442749,-0.421338070885819,0.134,0.172,1
"Smc3",0.483310873305305,0.277404541062548,0.193,0.155,1
"Dctn4",0.483592547929947,-0.349999829949996,0.16,0.19,1
"Madd",0.483852100103848,-0.405639783722446,0.092,0.121,1
"Ttyh3",0.484910957341497,-0.375261727497649,0.109,0.138,1
"Slc10a7",0.485187684931837,0.377924868969816,0.118,0.086,1
"Mtch1",0.486582703150878,-0.310157396193573,0.16,0.19,1
"Dnajc24",0.486699540046789,-0.399193081392372,0.076,0.103,1
"Nktr",0.486701043881298,-0.341299239415135,0.269,0.293,1
"Letm2",0.487580648514729,-0.352640754747626,0.092,0.121,1
"Nsmce2",0.488102636168639,-0.372477766927855,0.193,0.224,1
"Cacnb2",0.490122001747934,0.471355895044244,0.387,0.362,1
"Braf",0.49048817880628,0.265875392254196,0.395,0.328,1
"Dnaaf9",0.490566281692498,-0.259674945163786,0.437,0.466,1
"Rbms3",0.491217804054517,-0.505196936260905,0.277,0.207,1
"E2f3",0.491324650631783,-0.402708266699397,0.092,0.121,1
"Cacng2",0.491324650631783,-0.375483971943172,0.092,0.121,1
"Chd5",0.491896539788066,-0.466115619492412,0.109,0.138,1
"Auh",0.491896539788066,-0.38439158670005,0.109,0.138,1
"Pcp4",0.492295989926621,-0.343980672942346,0.193,0.224,1
"Mpc1",0.493108993187406,-0.484131273127704,0.126,0.155,1
"Eif1b",0.493882009555181,-0.376193384522516,0.185,0.207,1
"Ctps2",0.494842568760647,-0.464481776426905,0.076,0.103,1
"Apod",0.495084037033031,-0.307166325586763,0.092,0.121,1
"Khsrp",0.495084037033031,-0.31828224949862,0.092,0.121,1
"Acap2",0.495294645652975,-0.360357047000557,0.143,0.172,1
"Ap1g1",0.495683434526407,0.273920189419133,0.176,0.138,1
"Epb41l1",0.49642819966696,-0.386190767600559,0.126,0.155,1
"Nfat5",0.497915763834697,-0.371753222245177,0.193,0.224,1
"Atp2b4",0.498858736916629,-0.384971295026147,0.092,0.121,1
"Higd1a",0.49894122320524,-0.297459900709376,0.076,0.103,1
"Rlf",0.502475348248893,-0.35689409731158,0.109,0.138,1
"Gm13269",0.502648678102775,-0.299927257583602,0.092,0.121,1
"Gm10785",0.502648678102775,-0.371066769094044,0.092,0.121,1
"Pkm",0.502874794501624,-0.465023011984294,0.168,0.19,1
"Ppp1cc",0.503057848492702,-0.257389768490014,0.076,0.103,1
"Rangap1",0.503057848492702,-0.314362102026533,0.076,0.103,1
"Cit",0.504820138331961,-0.446512633493147,0.143,0.172,1
"Metap2",0.504820138331961,-0.434410689883456,0.143,0.172,1
"Zfp560",0.506028165923381,-0.351309778329738,0.109,0.138,1
"Taf3",0.506453787035822,-0.308935220721249,0.092,0.121,1
"Psmd13",0.506453787035822,-0.341006005746854,0.092,0.121,1
"Ndufa5",0.506456882149344,-0.397227420374745,0.126,0.155,1
"Tle5",0.506456882149344,-0.329449299553161,0.126,0.155,1
"Azin1",0.507192350319188,-0.313899570001623,0.076,0.103,1
"Hadha",0.507276716527237,0.26529106386134,0.118,0.086,1
"Picalm",0.50780806268946,-0.326660349466837,0.109,0.138,1
"Ptov1",0.507808790657795,-0.371783006938385,0.109,0.138,1
"Pds5a",0.509256944089109,-0.328427799780276,0.193,0.224,1
"Cdin1",0.509823295536666,-0.421613501234057,0.126,0.155,1
"Sv2b",0.510273988786605,-0.251481493026238,0.092,0.121,1
"Eif2ak4",0.511344632471285,-0.298052446551878,0.076,0.103,1
"Ttyh1",0.511344632471285,-0.413377912682683,0.076,0.103,1
"Psenen",0.511344632471285,-0.250633370160421,0.076,0.103,1
"Dhx40",0.511344632471285,-0.356268458975675,0.076,0.103,1
"Fam193a",0.511753145065359,-0.29297313072572,0.185,0.224,1
"Ncapd3",0.513173259359967,-0.302021418991274,0.109,0.138,1
"Brwd3",0.513173259359967,-0.339788479719611,0.109,0.138,1
"Ubp1",0.513938117242226,-0.302663589840294,0.16,0.19,1
"Ndufa10",0.514109207054956,-0.322027289827468,0.092,0.121,1
"Rnf165",0.514109207054956,-0.402648821753108,0.092,0.121,1
"Sgcd",0.514171725426545,-0.257101611852176,0.378,0.414,1
"Scn3a",0.514247317862859,0.329789315560864,0.16,0.121,1
"Pigk",0.514270426078596,0.313406367723032,0.176,0.138,1
"Fer",0.515506682476029,0.36158192619239,0.151,0.121,1
"Ddx10",0.515514596829867,-0.305041496798419,0.076,0.103,1
"Ift43",0.515514596829867,-0.336341920144229,0.076,0.103,1
"Wdr82",0.517959364172437,-0.305313917673249,0.092,0.121,1
"Tbk1",0.517959364172437,-0.264927511929855,0.092,0.121,1
"Snw1",0.517959364172437,-0.297056978643918,0.092,0.121,1
"Tmem178",0.517959364172437,-0.295465329802248,0.092,0.121,1
"Rabgap1",0.51853037954645,0.269494783505623,0.378,0.345,1
"Rfx7",0.519545102903951,-0.819462808452842,0.303,0.328,1
"Rpl4",0.51970214337429,-0.352421321374688,0.076,0.103,1
"Sgtb",0.51970214337429,-0.267270728282669,0.076,0.103,1
"Hsbp1",0.520370545012637,-0.370186113373663,0.109,0.138,1
"Xkr4",0.521677872031421,0.253352964483444,0.445,0.397,1
"Iqcb1",0.523405147918657,-0.307299494183142,0.126,0.155,1
"Sptbn4",0.523988599059095,-0.310492474342619,0.109,0.138,1
"Ctnnd2",0.524721578752042,-0.286575697948623,0.513,0.517,1
"G3bp1",0.525704177457511,-0.343733850434224,0.092,0.121,1
"Tom1l2",0.526519030965526,-0.317771755307112,0.193,0.224,1
"Lrrc4b",0.527416278762049,-0.328534744178262,0.143,0.172,1
"Cyfip1",0.52879659361983,0.294186093775738,0.134,0.103,1
"Cpeb3",0.528957446788764,-0.372491509761578,0.185,0.207,1
"Tmed9",0.530440670374116,-0.55808667493326,0.151,0.172,1
"Scfd2",0.530685905239766,-0.36080627575852,0.143,0.172,1
"Rabac1",0.530685905239766,-0.354994539297176,0.143,0.172,1
"Dpf3",0.53126319880611,-0.275226311841567,0.109,0.138,1
"Ephb1",0.532370901319521,0.450115091737894,0.134,0.103,1
"Nalf1",0.533743026018374,0.269833442430257,0.681,0.603,1
"Ppp2r3a",0.534924769868846,-0.344121217382672,0.185,0.207,1
"A330076H08Rik",0.535967037389217,-0.254287882930808,0.277,0.207,1
"Soga1",0.537431418709658,0.36906188234405,0.109,0.086,1
"Vps8",0.537431418709658,-0.33564148395205,0.092,0.121,1
"Atp1a3",0.539006213677317,-0.276614837992524,0.303,0.224,1
"Tra2b",0.539828509677565,-0.340987319572541,0.218,0.259,1
"Rnf157",0.540158927748606,-0.47666326788983,0.151,0.172,1
"Pcnp",0.540158927748606,0.284733119309189,0.168,0.138,1
"Heatr3",0.541369501657314,-0.262452772566279,0.092,0.121,1
"Vti1b",0.543976342243542,-0.273088157334302,0.202,0.224,1
"Tgoln1",0.544298011186228,-0.524680141076425,0.084,0.103,1
"Ankrd12",0.544603352752143,-0.530823537903918,0.387,0.362,1
"Usp14",0.545245575425947,-0.283330177318228,0.16,0.19,1
"Ptpa",0.545964447598871,-0.341519716927251,0.109,0.138,1
"Med13",0.546035279574369,0.271465334550753,0.176,0.138,1
"Timm23",0.54761221059587,-0.267684544786658,0.126,0.155,1
"Kifap3",0.547614282776534,-0.267165695939992,0.403,0.397,1
"Shoc2",0.549388188606608,0.371633870613734,0.151,0.121,1
"Grik2",0.552335792252896,0.474756529351772,0.529,0.466,1
"Tpi1",0.552835775796954,-0.394753541003724,0.134,0.155,1
"Chga",0.552989939645033,-0.471140959991713,0.101,0.121,1
"AI593442",0.557121189738305,-0.323368239386825,0.109,0.138,1
"9930021J03Rik",0.558310632133803,-0.344725416176332,0.235,0.172,1
"Zfp260",0.559561540802848,0.272234612423764,0.134,0.103,1
"5730522E02Rik",0.560894998781412,0.274460208887355,0.395,0.328,1
"St6gal1",0.563722515332486,-0.380801066505863,0.185,0.207,1
"Rbm28",0.563937836615395,-0.318391383356942,0.143,0.172,1
"Pik3c2a",0.565080214414709,-0.52510298977386,0.118,0.138,1
"Acat1",0.565136520131239,-0.602348523102642,0.176,0.19,1
"Ryr3",0.566692787897654,0.412631824952611,0.118,0.086,1
"Micu2",0.566924075573567,-0.358946614011514,0.118,0.138,1
"BC031181",0.568072336611057,-0.324764801023605,0.168,0.19,1
"Smarcd1",0.568387828494289,0.465591894691842,0.126,0.103,1
"Egfr",0.568772737888157,0.31786060064179,0.134,0.103,1
"Smad2",0.569837852978915,-0.312869881649987,0.151,0.172,1
"Dbn1",0.572764176913154,-0.29638274087576,0.193,0.207,1
"Neto2",0.573741283880086,0.250612177118455,0.151,0.121,1
"Cpeb2",0.573881527718457,-0.519843484445092,0.084,0.103,1
"App",0.575212236467138,-0.411976518086839,0.546,0.534,1
"Sod1",0.576194103683454,-0.581383506549592,0.118,0.138,1
"Rnf150",0.577802137353529,0.27272136454452,0.193,0.155,1
"Helz",0.579900865974475,-0.453587627808589,0.151,0.172,1
"Cnot6l",0.580557852963631,-0.326410697795573,0.101,0.121,1
"Vta1",0.582471752009555,-0.307864383349929,0.084,0.103,1
"Gm43713",0.584548075284081,-0.36466332085858,0.101,0.121,1
"Ube3a",0.584828998745015,-0.348361649467118,0.412,0.397,1
"Cdc42",0.585361199823784,-0.509464963371325,0.294,0.293,1
"Atp6v0e2",0.586789255709695,-0.367973184859087,0.084,0.103,1
"Ankrd6",0.588073279559638,0.274296236499915,0.261,0.224,1
"Birc6",0.588825469225766,-0.31550851462656,0.328,0.31,1
"Mboat2",0.590106596829442,-0.251540832193941,0.185,0.207,1
"Pik3r1",0.592243152543034,-0.336139008541336,0.218,0.241,1
"Mgll",0.592566554237791,-0.421792824377793,0.118,0.086,1
"Caprin1",0.594360426066603,-0.26216548927524,0.193,0.207,1
"Bcap29",0.594943093435587,-0.382391776965423,0.118,0.138,1
"Ptprs",0.596033123633447,-0.291468914171267,0.345,0.362,1
"Coro2b",0.597201152204462,-0.285322617429748,0.168,0.19,1
"Lrp1",0.597627411276918,-0.332396906823488,0.126,0.155,1
"Zfp57",0.597968091879526,0.380506423110429,0.109,0.086,1
"Gap43",0.599552982745739,-0.25882456876507,0.185,0.207,1
"Rab5b",0.599829894143651,-0.3854909891957,0.084,0.103,1
"Zfp131",0.599829894143651,-0.336531761790839,0.084,0.103,1
"Aig1",0.60234176241638,-0.26697253751408,0.269,0.207,1
"Saraf",0.60251991087635,-0.298478345332655,0.118,0.138,1
"Ppp3cc",0.602825840258163,0.30406956773565,0.126,0.103,1
"Ccl25",0.604205740542654,-0.311099127817737,0.084,0.103,1
"Tbcb",0.604687910583639,-0.308960338617764,0.101,0.121,1
"Npas3",0.605783867516035,-0.831280194939101,0.134,0.155,1
"Arpc5l",0.608595862082147,-0.310514813193128,0.084,0.103,1
"Icam5",0.608595862082147,-0.28913154712955,0.084,0.103,1
"Cyth1",0.609392548101164,-0.372592258341441,0.134,0.155,1
"Tut7",0.609392548101164,-0.441421401662056,0.134,0.155,1
"Rnf216",0.609393075963754,-0.266684533491511,0.134,0.155,1
"Msantd2",0.609393075963754,-0.271692883187644,0.134,0.155,1
"Slc25a4",0.610303812945626,-0.260200295214003,0.395,0.414,1
"Phf24",0.612344299283194,-0.320342067277648,0.176,0.138,1
"Cttnbp2",0.612437327346098,-0.280781063553825,0.387,0.397,1
"Thsd7a",0.612829421553763,-0.658294782419968,0.101,0.121,1
"Idh3b",0.613000131455425,-0.301964254541595,0.084,0.103,1
"Unc5d",0.613530237991663,-0.593060271319879,0.16,0.121,1
"Celf4",0.615201343840408,-0.303762166538916,0.63,0.569,1
"Tmx4",0.616321076154678,-0.308471833657563,0.193,0.207,1
"Arhgap32",0.616989927187484,-0.377221756398197,0.168,0.19,1
"Blmh",0.617418419826676,-0.35894950051026,0.084,0.103,1
"Kcnd2",0.617967875548579,1.32151575873447,0.412,0.448,1
"Numa1",0.6191666348634,-0.339058310084604,0.16,0.172,1
"Zranb1",0.620210588250774,-0.473150345768938,0.202,0.207,1
"Grb2",0.620962723193018,-0.481177891523166,0.151,0.172,1
"Rock1",0.621648650315491,-0.291584838925063,0.311,0.31,1
"Mrps5",0.621850596841372,-0.300344889249595,0.084,0.103,1
"Hpca",0.621850596841372,-0.368915587704655,0.084,0.103,1
"Exosc1",0.621850596841372,-0.267498102459786,0.084,0.103,1
"Mir100hg",0.622289244426756,-0.256918655436407,0.471,0.431,1
"Dchs2",0.625133228052526,-0.292114668566981,0.118,0.086,1
"Ercc5",0.626296530636921,-0.434571216372178,0.084,0.103,1
"Hectd4",0.626497107659945,-0.604430185555448,0.202,0.207,1
"Bptf",0.629039196670362,-0.283755259412438,0.21,0.224,1
"Calb2",0.630339933407111,-0.313043897286903,0.168,0.19,1
"Rps16",0.631422527715675,-0.296878449102044,0.151,0.172,1
"Ncoa7",0.632222491992264,-0.401044321673071,0.193,0.207,1
"Rab18",0.634202652001848,0.407507464154936,0.126,0.103,1
"Ywhaq",0.635232165943736,-0.280705943075274,0.21,0.224,1
"Oip5os1",0.63843713361007,-0.315788927219512,0.151,0.172,1
"Ndfip2",0.63863138631724,-0.27927599605397,0.193,0.207,1
"Actr3",0.639087080286861,-0.297198451436167,0.134,0.103,1
"Ccny",0.641670972612398,-0.379337578135931,0.218,0.224,1
"Pcnx2",0.64170077499352,-0.284765018322518,0.101,0.121,1
"Gm21992",0.642079889567006,0.311162602134932,0.143,0.121,1
"Ctif",0.64304650266625,-0.44393603500374,0.176,0.19,1
"Wasf3",0.644215144213429,-0.294477003599645,0.084,0.103,1
"Rab40c",0.644215144213429,-0.317578811397449,0.084,0.103,1
"Smdt1",0.644945668251205,-0.300222599883266,0.118,0.138,1
"Preb",0.647158753845689,-0.600139517408221,0.109,0.121,1
"Kif5a",0.647774556322713,-0.304246852937486,0.185,0.207,1
"Rimbp2",0.650052616027579,-0.254373294239137,0.101,0.121,1
"Rpsa",0.652259156771032,-0.257291209182118,0.303,0.241,1
"Necab1",0.652394187089816,-0.325980439839906,0.227,0.19,1
"Hnrnpul2",0.652790740490953,-0.310918406690026,0.118,0.138,1
"Adk",0.653092405542843,-0.412746867360839,0.176,0.19,1
"Arl8a",0.657791869093955,-0.276837596479227,0.084,0.103,1
"Gpr158",0.660115099492187,0.253918163776428,0.269,0.241,1
"Tmbim6",0.662903496160697,0.265621006666978,0.143,0.121,1
"Atf7ip",0.665425532221368,-0.356457614691685,0.202,0.155,1
"Hsp90b1",0.667800931328192,-0.290299121402523,0.193,0.207,1
"Lrrtm4",0.667926404364416,-0.270887769252407,0.42,0.414,1
"Cdh18",0.670811030782746,0.497394039295476,0.202,0.172,1
"Ttc19",0.671073887665334,-0.272495888230921,0.193,0.207,1
"Prr16",0.671691154520055,-0.365110632448326,0.143,0.155,1
"Ube2d3",0.672930242164205,-0.272219847609187,0.202,0.224,1
"Hnrnpd",0.674220957082502,-0.447867973426368,0.227,0.224,1
"H2az1",0.674858729301944,-0.376294500147915,0.261,0.259,1
"Nexmif",0.676776229171154,-0.51002072661674,0.176,0.19,1
"Zfp804b",0.677822719736953,-0.903415772336711,0.261,0.259,1
"Rps9",0.678436763251159,-0.343577809381967,0.16,0.172,1
"Usp9x",0.679472098859175,-0.271902379340415,0.269,0.276,1
"Tmem243",0.682390951390397,-0.511475531573429,0.126,0.138,1
"Trpm3",0.684384490239634,0.649398303111016,0.261,0.241,1
"Syngr1",0.684549314660511,-0.274823566922532,0.134,0.103,1
"Map4",0.685954440959107,-0.439304038636556,0.235,0.241,1
"Ndufv1",0.68632038328659,-0.390197750926372,0.126,0.138,1
"Ahcyl1",0.686562050767548,-0.36247293867193,0.16,0.121,1
"Spast",0.689119707826877,-0.357607131207145,0.16,0.172,1
"Rb1",0.690796155773834,-0.36485569514027,0.202,0.207,1
"Dach1",0.691096096778091,0.533557939335689,0.101,0.086,1
"Kcnc2",0.696353211364333,0.515656931634135,0.294,0.293,1
"Cpt1c",0.696745045182305,-0.357598794388569,0.168,0.172,1
"Tsnax",0.696919354121178,-0.287426193839374,0.109,0.121,1
"Thoc7",0.698159286039456,-0.374668208864036,0.126,0.138,1
"Zfp799",0.698159286039456,-0.556589483921782,0.126,0.138,1
"A930015D03Rik",0.699674204005799,-0.406842489730885,0.143,0.155,1
"Psmd4",0.70112928958913,-0.274197155646993,0.109,0.121,1
"Zkscan3",0.70155527791551,-0.339610234233686,0.143,0.155,1
"Myo16",0.703379553166243,0.376232544859451,0.143,0.121,1
"Dnajc7",0.707699732061111,-0.265049037470144,0.176,0.19,1
"Scn2a",0.707730596088483,-0.387080838006606,0.261,0.259,1
"Smim4",0.709576634936537,-0.415335829694688,0.109,0.121,1
"Tafazzin",0.709576634936537,-0.420913058342055,0.109,0.121,1
"Eif4g2",0.711926207164336,-0.262493636730731,0.269,0.276,1
"Nap1l1",0.712723852971793,-0.397809050413771,0.168,0.172,1
"Sarnp",0.714058999168865,-0.269115640533308,0.126,0.138,1
"Ksr1",0.716048758205372,-0.524262638261232,0.092,0.103,1
"Rptor",0.716665612464978,-0.400752920960501,0.143,0.155,1
"Cacna1b",0.720511591193822,-0.347173857353725,0.202,0.207,1
"Lrrtm3",0.720611957668626,0.263930317824539,0.227,0.207,1
"Aqr",0.720619314803767,-0.298526659611986,0.092,0.103,1
"Arf5",0.722314577393398,-0.287056944820877,0.109,0.121,1
"Vip",0.726066251873913,-0.96951954221361,0.126,0.138,1
"Lrp12",0.726066251873913,-0.284014840837545,0.126,0.138,1
"Upp2",0.726082674302474,-0.277414011670878,0.21,0.224,1
"Phf12",0.727411706155579,-0.417992714170495,0.109,0.086,1
"Stxbp6",0.7274938597756,0.336190279430444,0.101,0.086,1
"Rif1",0.728344733405528,-0.307800901774067,0.185,0.19,1
"Osbpl6",0.728830456772084,-0.367811573384023,0.168,0.172,1
"Hnrnpdl",0.730177855551802,-0.261851335555844,0.311,0.31,1
"Ntrk2",0.730376032580256,-0.508453202915978,0.445,0.397,1
"Ubl5",0.734390406647412,-0.326394395908692,0.092,0.103,1
"Rab2b",0.736693531853106,-0.558210409185858,0.092,0.103,1
"Nsg1",0.739766401810011,-0.343327093895572,0.176,0.138,1
"Mtmr1",0.740874743203066,-0.315487745682912,0.109,0.086,1
"Fbxo11",0.741174435356847,-0.305838177415167,0.294,0.276,1
"Gm17750",0.743155711334285,0.285716707895995,0.235,0.224,1
"Fam189a1",0.743714967519902,-0.318496808554524,0.109,0.121,1
"Eif4h",0.744065673351819,-0.276867610119458,0.227,0.224,1
"Smc6",0.746227425034862,-0.359344369343699,0.126,0.138,1
"Gdi2",0.746227425034862,-0.278499457143225,0.126,0.138,1
"Dclk2",0.746760544622553,0.275161667790697,0.471,0.448,1
"Atxn3",0.74824745552717,-0.299498662270552,0.092,0.103,1
"Ctsb",0.74824745552717,-0.341172019643072,0.092,0.103,1
"Sgcz",0.749559370141835,0.639953457605918,0.227,0.241,1
"6430590A07Rik",0.750281104814287,-0.31001259716869,0.126,0.138,1
"Bod1l",0.750491912153177,-0.283865060714763,0.168,0.172,1
"Sema5a",0.750565030216852,0.327111222590409,0.101,0.086,1
"Norad",0.756193790153617,-0.337422562636839,0.252,0.259,1
"Msl2",0.756651692144351,-0.309172913896507,0.109,0.121,1
"Ccnt2",0.757014555376775,-0.350203180778494,0.227,0.224,1
"Ndrg3",0.757911355844535,-0.512480737002257,0.185,0.19,1
"Sh3gl2",0.758722929234002,-0.340119509319858,0.294,0.241,1
"Pcnx",0.758778296128524,-0.275798808828805,0.143,0.155,1
"Map4k5",0.758778629676301,-0.252716403064109,0.143,0.155,1
"Uqcrh",0.760566317540869,-0.37213574758581,0.151,0.155,1
"Alms1",0.762186308873258,-0.25685523464191,0.092,0.103,1
"Chgb",0.766611775098627,-0.482904033254664,0.21,0.207,1
"Abcf1",0.766850042812324,-0.313934698200296,0.092,0.103,1
"Ndufab1",0.772592184206712,-0.494721498514152,0.109,0.086,1
"Ophn1",0.774369177317139,-0.361117091392422,0.202,0.207,1
"Brinp2",0.776960903433754,0.2600838308521,0.235,0.224,1
"Ctxn1",0.777241343026065,-0.366808257303966,0.168,0.138,1
"Leng8",0.780743023741366,-0.398293320013598,0.134,0.138,1
"Scaper",0.781289425413174,-0.274377380878698,0.311,0.259,1
"Thrap3",0.782540279808605,-0.272819910898165,0.176,0.172,1
"Trim44",0.784303530655461,-0.281583566116629,0.269,0.224,1
"Pdzd4",0.787027441629369,-0.254424958576292,0.168,0.172,1
"Syn3",0.793795415252445,-0.374984687721588,0.202,0.172,1
"Hmbox1",0.796018222907539,0.256470642259194,0.185,0.172,1
"Sez6l",0.796963803526023,-0.358495517748492,0.151,0.155,1
"Rngtt",0.79810573623576,-0.344871586372799,0.235,0.224,1
"Svop",0.798295491818933,-0.332994492046355,0.202,0.207,1
"Fhod3",0.809477736885446,0.266557648809902,0.151,0.138,1
"Ndufb1",0.811135639980223,-0.358922059042357,0.134,0.138,1
"Itsn1",0.813938262381045,-0.250260112812031,0.303,0.293,1
"Usp22",0.820196849564458,-0.294831328062015,0.202,0.172,1
"Bcl11a",0.822195687861467,-0.341661678305635,0.546,0.431,1
"Tlk1",0.823375531379053,-0.329982758254243,0.134,0.138,1
"Atp1a2",0.825808268168224,-0.350210535948969,0.101,0.086,1
"Nova2",0.827465220265213,-0.417639104464818,0.143,0.121,1
"Vamp2",0.82904468013602,-0.360404489758736,0.193,0.19,1
"Prdx5",0.830522556781485,-0.368460647383811,0.16,0.155,1
"Bclaf1",0.840228145419716,-0.320426593362907,0.277,0.259,1
"Slc2a13",0.841424470622527,-0.341701114915989,0.21,0.207,1
"Lmbrd2",0.841786542894445,-0.374131186271375,0.101,0.103,1
"Ulk2",0.844887338084335,-0.292559448682184,0.252,0.241,1
"Ganab",0.844901866164277,-0.330675483360091,0.101,0.086,1
"Nup93",0.845565102892696,-0.373958652129639,0.118,0.121,1
"Rasgrf1",0.846135330991284,-0.281586921579583,0.261,0.241,1
"Snu13",0.851118212343452,-0.444615594547699,0.101,0.103,1
"Dtnb",0.853613506019011,-0.259490682417173,0.168,0.138,1
"Anapc5",0.854288187048748,-0.320609676765048,0.118,0.121,1
"Reep1",0.855313752392309,-0.309388192514974,0.16,0.138,1
"Pi4ka",0.855859214324815,-0.513960140674314,0.176,0.172,1
"Ablim1",0.857474785123017,-0.382852737210512,0.16,0.155,1
"Hnrnpa3",0.860554827626981,-0.256723038265437,0.269,0.224,1
"Cep120",0.863029119902124,-0.373040036138509,0.118,0.121,1
"Cpne5",0.864087017533454,-0.344231682894434,0.101,0.086,1
"Map2k6",0.865125336065249,-0.273936130798503,0.151,0.155,1
"Mob3b",0.866133620759628,0.393333274193567,0.227,0.224,1
"Gm44562",0.867497882980354,-0.366881123793311,0.101,0.103,1
"Snx3",0.873710467752344,-0.385727585859368,0.101,0.086,1
"Smap1",0.87441166120049,-0.361673830320331,0.176,0.172,1
"Zcchc18",0.874411814767319,-0.304922512049644,0.176,0.172,1
"Usp7",0.874535991652261,-0.374517627659988,0.101,0.103,1
"Rpl30",0.876171690255239,-0.462663249377845,0.118,0.121,1
"Rbfox1",0.879597900822316,0.77888357192774,0.504,0.517,1
"1700109K24Rik",0.883061941211835,-0.409053292588941,0.143,0.138,1
"Homer1",0.884594223713963,-0.340200355216822,0.16,0.155,1
"Epb41l3",0.887025709732636,-0.322085864493673,0.319,0.31,1
"D830024N08Rik",0.888640960486299,-0.317158684997597,0.101,0.103,1
"Npdc1",0.889405511509862,-0.405506522828198,0.126,0.121,1
"Chrm3",0.889728438465556,-0.262330918099799,0.202,0.172,1
"Rps7",0.891168563443099,-0.312507523276512,0.185,0.155,1
"Tubgcp5",0.893350690457625,-0.385661756614203,0.101,0.103,1
"Rab30",0.894679121075318,-0.332641754122414,0.16,0.138,1
"Vgf",0.897847912612239,-0.377580392124153,0.101,0.086,1
"Aplp2",0.898687388760856,-0.251809567367452,0.319,0.259,1
"Dad1",0.903511028670637,-0.559250318710852,0.168,0.155,1
"Tceal9",0.907501804605422,-0.462480319447206,0.101,0.103,1
"Kctd16",0.910702632084446,-0.33759699259714,0.252,0.224,1
"2610020C07Rik",0.915314726746744,-0.397181998285993,0.126,0.121,1
"Mpdz",0.919657324941906,-0.405660091009607,0.16,0.155,1
"mt-Nd4",0.921071417773838,-0.435859811220602,0.319,0.293,1
"Cmip",0.92310136788941,-0.279685681830264,0.269,0.259,1
"Dennd4a",0.931150164014628,-0.354500331104515,0.101,0.103,1
"Miat",0.931955938219129,-0.392895704596502,0.202,0.19,1
"Cenpp",0.935887817044015,-0.28573660948875,0.101,0.103,1
"Caly",0.936504996591251,-0.315426779869074,0.261,0.241,1
"Cfl1",0.940466380475814,-0.280941977721914,0.227,0.224,1
"Gm6994",0.943339319144655,0.270977237586604,0.109,0.121,1
"Fgf13",0.943567969553975,-0.434766355975509,0.336,0.328,1
"Ino80",0.945369222292807,-0.368504301507982,0.151,0.138,1
"Camk2b",0.945654331740108,-0.313219727981873,0.126,0.121,1
"Zfyve9",0.946256427346635,-0.369562840130251,0.202,0.19,1
"Cacna1a",0.946504130612824,-0.268068759452172,0.319,0.276,1
"Xpo6",0.951300648049154,-0.433602716027035,0.109,0.103,1
"Thoc2",0.956935748904702,-0.363267531539583,0.252,0.224,1
"Kpna4",0.957341066090845,-0.273389123866418,0.134,0.121,1
"Aplp1",0.958176442857524,-0.275573808519227,0.336,0.31,1
"Sik3",0.958719224174084,-0.270132801820188,0.319,0.276,1
"Snd1",0.961325011735503,-0.272966185638213,0.168,0.155,1
"Dst",0.964340802414695,-0.273201654609925,0.353,0.293,1
"Capn7",0.96520415928517,-0.438682352259994,0.109,0.103,1
"Car10",0.972476237212451,-0.546481372645741,0.193,0.172,1
"Kif5b",0.974219309125534,-0.25307335895608,0.227,0.207,1
"Ctsl",0.974479309678857,-0.257684987466599,0.109,0.103,1
"Atg10",0.974479309678857,-0.288899463841595,0.109,0.103,1
"Supt20",0.976144894448667,-0.314799996679602,0.193,0.172,1
"Fam120b",0.979118257907783,-0.285105714762717,0.109,0.103,1
"Trim46",0.9837579124402,-0.610637018884055,0.109,0.103,1
"Napa",0.988398094654319,-0.294441246486822,0.109,0.103,1
"Tra2a",0.989156504596742,-0.336160387446504,0.311,0.259,1
"Ddx24",0.99051337896058,-0.301574240661345,0.286,0.259,1
"Rgs12",0.993038712831813,-0.348551154960615,0.109,0.103,1
"Sec62",1,-0.354510624906458,0.319,0.293,1
