"","p_val","avg_log2FC","pct.1","pct.2","p_val_adj"
"Rab23",0.000103146445930098,-1.92119024681293,0,1,1
"Dgkd",0.000103146445930098,-2.81196938212559,0,1,1
"Trappc3",0.000103146445930098,-1.92119024681293,0,1,1
"Ap3s1",0.000103146445930098,-2.23322810580264,0,1,1
"Traf6",0.000519994481125649,-1.93187971293154,0.071,1,1
"Fbxw7",0.000519994481125649,-1.73346544905316,0.071,1,1
"Mfsd6",0.000963547833561494,-1.6932922359395,0.071,1,1
"Fam126b",0.00135191708998,-1.80064270273054,0.143,1,1
"Akap11",0.00135191708998,-1.89558017514805,0.143,1,1
"Usp1",0.00173809474189474,-1.64340510197938,0.071,1,1
"Rbm28",0.00173809474189474,-2.03810187282839,0.071,1,1
"Mfsd9",0.00239257165132944,-1.37606854802344,0,0.667,1
"Per2",0.00239257165132944,-1.71224666293386,0,0.667,1
"Hdlbp",0.00239257165132944,-1.5224872800473,0,0.667,1
"3110009E18Rik",0.00239257165132944,-1.6351729297258,0,0.667,1
"Dhx9",0.00239257165132944,-1.5224872800473,0,0.667,1
"Gas5",0.00239257165132944,-2.00746196341111,0,0.667,1
"Cox20",0.00239257165132944,-1.5224872800473,0,0.667,1
"Fam102a",0.00239257165132944,-1.6351729297258,0,0.667,1
"Stxbp1",0.00239257165132944,-1.5224872800473,0,0.667,1
"Tcp11l1",0.00239257165132944,-1.37606854802344,0,0.667,1
"G630016G05Rik",0.00239257165132944,-1.6351729297258,0,0.667,1
"Capza1",0.00239257165132944,-1.5224872800473,0,0.667,1
"Hadh",0.00239257165132944,-1.37606854802344,0,0.667,1
"1600023N17Rik",0.00239257165132944,-1.5224872800473,0,0.667,1
"9230114K14Rik",0.00239257165132944,-1.5224872800473,0,0.667,1
"Cxcl17",0.00239257165132944,-1.5224872800473,0,0.667,1
"Coq8b",0.00239257165132944,-1.37606854802344,0,0.667,1
"Gramd1a",0.00239257165132944,-1.6351729297258,0,0.667,1
"Far1",0.00239257165132944,-1.71224666293386,0,0.667,1
"Tollip",0.00239257165132944,-1.6351729297258,0,0.667,1
"Tom1",0.00239257165132944,-1.37606854802344,0,0.667,1
"Trmt1",0.00239257165132944,-1.5224872800473,0,0.667,1
"Znrf1",0.00239257165132944,-1.81151032376438,0,0.667,1
"Cog2",0.00239257165132944,-1.5224872800473,0,0.667,1
"Dpy19l1",0.00239257165132944,-1.37606854802344,0,0.667,1
"Ei24",0.00239257165132944,-1.5224872800473,0,0.667,1
"Dlat",0.00239257165132944,-1.5224872800473,0,0.667,1
"Tle3",0.00239257165132944,-1.5224872800473,0,0.667,1
"Gm38134",0.00239257165132944,-1.5224872800473,0,0.667,1
"Dalrd3",0.00239257165132944,-2.06736395779293,0,0.667,1
"Snx3",0.00239257165132944,-1.5224872800473,0,0.667,1
"Mgat4b",0.00239257165132944,-2.00746196341111,0,0.667,1
"Slc25a11",0.00239257165132944,-1.8294295959138,0,0.667,1
"Supt6",0.00239257165132944,-2.06736395779293,0,0.667,1
"Klhl11",0.00239257165132944,-1.37606854802344,0,0.667,1
"Isca2",0.00239257165132944,-1.37606854802344,0,0.667,1
"Sptlc2",0.00239257165132944,-1.37606854802344,0,0.667,1
"Ptdss1",0.00239257165132944,-1.8294295959138,0,0.667,1
"Ak6",0.00239257165132944,-1.71224666293386,0,0.667,1
"Hmgcs1",0.00239257165132944,-2.30311945332544,0,0.667,1
"Gm41168",0.00239257165132944,-1.37606854802344,0,0.667,1
"Gm26854",0.00239257165132944,-1.37606854802344,0,0.667,1
"A230009B12Rik",0.00239257165132944,-1.37606854802344,0,0.667,1
"Tbp",0.00239257165132944,-1.6351729297258,0,0.667,1
"Bin1",0.00239257165132944,-1.81151032376438,0,0.667,1
"Lars",0.00239257165132944,-1.8294295959138,0,0.667,1
"Rbfa",0.00239257165132944,-1.37606854802344,0,0.667,1
"Dagla",0.00239257165132944,-2.00746196341111,0,0.667,1
"Gripap1",0.00239257165132944,-1.5224872800473,0,0.667,1
"Bex1",0.00239257165132944,-1.37606854802344,0,0.667,1
"1700025G04Rik",0.00251046620685307,-2.06680885864203,0.214,1,1
"E130307A14Rik",0.0038271430719902,-1.60202079780689,0.143,1,1
"Serinc1",0.00516499181682974,-1.81800512956417,0.357,1,1
"Zc3h7a",0.00622400643300287,-1.847606456242,0.143,1,1
"Dcaf17",0.00638665125776551,-1.32772691254986,0.214,1,1
"9930021J03Rik",0.00638665125776551,-1.84923522664732,0.214,1,1
"Map4",0.00639276507846474,-1.65026361823761,0.429,1,1
"Evi5",0.00906766563529168,-1.67879324511227,0.286,1,1
"Eif2ak4",0.00988512845122934,-1.3022892441745,0.214,1,1
"Efcab14",0.00988512845122934,-1.52939515351171,0.214,1,1
"Ppp2r3a",0.00989685039069306,-1.59015361626925,0.143,1,1
"Ano4",0.00989685039069306,-1.75048514379547,0.143,1,1
"Ephb1",0.0109067298197405,-1.35624494543053,0.5,1,1
"Kazn",0.0116118949219884,-2.80780768727783,0.357,1,1
"Apba1",0.0116118949219884,-1.51093538499113,0.357,1,1
"Snrnp48",0.0135703865963815,-1.41720469322986,0.286,1,1
"Wnk2",0.0135703865963815,-1.18738535794219,0.286,1,1
"Eif5b",0.0137997662391371,-1.40727491885238,0.071,0.667,1
"Rpe",0.0137997662391371,-1.18834375026368,0.071,0.667,1
"Gm35546",0.0137997662391371,-1.18834375026368,0.071,0.667,1
"Sptan1",0.0137997662391371,-1.40727491885238,0.071,0.667,1
"Edem2",0.0137997662391371,-1.61781357340224,0.071,0.667,1
"Blcap",0.0137997662391371,-1.1823717976613,0.071,0.667,1
"Dnttip1",0.0137997662391371,-1.82942098173821,0.071,0.667,1
"Pou3f2",0.0137997662391371,-1.32879052968516,0.071,0.667,1
"Map7d1",0.0137997662391371,-1.33476248228753,0.071,0.667,1
"Gm42669",0.0137997662391371,-1.44147617936366,0.071,0.667,1
"A430033K04Rik",0.0137997662391371,-1.45638746226203,0.071,0.667,1
"Vps50",0.0137997662391371,-1.64170479815403,0.071,0.667,1
"Mfge8",0.0137997662391371,-1.32879052968516,0.071,0.667,1
"Inppl1",0.0137997662391371,-1.18834375026368,0.071,0.667,1
"Cers4",0.0137997662391371,-1.52452186517409,0.071,0.667,1
"Banp",0.0137997662391371,-1.32879052968516,0.071,0.667,1
"Ulk4",0.0137997662391371,-1.54119970007726,0.071,0.667,1
"Hk1",0.0137997662391371,-1.44147617936366,0.071,0.667,1
"Ncbp3",0.0137997662391371,-1.37931372905398,0.071,0.667,1
"Gm17178",0.0137997662391371,-1.1823717976613,0.071,0.667,1
"Togaram1",0.0137997662391371,-1.37931372905398,0.071,0.667,1
"Mctp1",0.0137997662391371,-1.81376521304897,0.071,0.667,1
"Ube2e1",0.0137997662391371,-1.37931372905398,0.071,0.667,1
"C230086J09Rik",0.0137997662391371,-1.18834375026368,0.071,0.667,1
"Lrrc58",0.0137997662391371,-1.37931372905398,0.071,0.667,1
"Zfp523",0.0137997662391371,-1.44744813196604,0.071,0.667,1
"Rbm27",0.0137997662391371,-1.81376521304897,0.071,0.667,1
"Dnmt3a",0.0138595497201771,-1.83594466395078,0.429,1,1
"Rn18s-rs5",0.01401927711396,-0.979120337549834,0.929,1,1
"E130102H24Rik",0.0149989878531393,-1.5488283658845,0.214,1,1
"Agrn",0.0149989878531393,-1.37027841490219,0.214,1,1
"Clip1",0.0149989878531393,-1.36535263872296,0.214,1,1
"Gnai1",0.0153893445606501,-1.30785419607739,0.143,1,1
"Nemf",0.0153893445606501,-1.33722473881381,0.143,1,1
"Sox10",0.0160147624847036,2.15250820474241,0.929,0,1
"Vegfa",0.019464432167562,2.02411901187096,0.929,0.333,1
"Gldc",0.0199447766607993,-1.51650476144511,0.286,1,1
"Eno1",0.0223137013007001,-1.0586840361178,0.214,1,1
"Snhg14",0.0223137013007001,-1.3132735982008,0.214,1,1
"Btbd1",0.0223137013007001,-1.20679160275951,0.214,1,1
"Elmo1",0.0223137013007001,-1.36172370440678,0.214,1,1
"Synj1",0.0223137013007001,-1.29518525981287,0.214,1,1
"Stag2",0.0223137013007001,-1.07200926198772,0.214,1,1
"Gm38304",0.0230252293402725,-1.12020934735162,0.071,0.667,1
"Gapvd1",0.0230252293402725,-1.71301543346793,0.071,0.667,1
"D430041D05Rik",0.0230252293402725,-1.21647739750821,0.071,0.667,1
"Stard9",0.0230252293402725,-1.51800869399017,0.071,0.667,1
"Nfs1",0.0230252293402725,-1.35738778489226,0.071,0.667,1
"4930570G19Rik",0.0230252293402725,-1.22255615381079,0.071,0.667,1
"Rragd",0.0230252293402725,-1.29458926917387,0.071,0.667,1
"Slc31a2",0.0230252293402725,-1.22780655976729,0.071,0.667,1
"Akr1a1",0.0230252293402725,-1.12020934735162,0.071,0.667,1
"Prxl2b",0.0230252293402725,-1.22780655976729,0.071,0.667,1
"Zkscan5",0.0230252293402725,-1.26372932343478,0.071,0.667,1
"Grm8",0.0230252293402725,-1.79521972122693,0.071,0.667,1
"Adcyap1r1",0.0230252293402725,-1.26372932343478,0.071,0.667,1
"Emc10",0.0230252293402725,-1.12020934735162,0.071,0.667,1
"Pold3",0.0230252293402725,-1.23425738421076,0.071,0.667,1
"C2cd3",0.0230252293402725,-1.3404922094458,0.071,0.667,1
"Stim1",0.0230252293402725,-1.72961610232614,0.071,0.667,1
"Gde1",0.0230252293402725,-1.32916304718671,0.071,0.667,1
"Saraf",0.0230252293402725,-1.34694303388926,0.071,0.667,1
"Ednra",0.0230252293402725,-1.25079923138591,0.071,0.667,1
"Sntb2",0.0230252293402725,-1.51682960348437,0.071,0.667,1
"Uqcrc1",0.0230252293402725,-1.65951880971188,0.071,0.667,1
"Ctdspl",0.0230252293402725,-1.42401676709732,0.071,0.667,1
"Vps26a",0.0230252293402725,-1.26372932343478,0.071,0.667,1
"Tbc1d15",0.0230252293402725,-1.34167129995159,0.071,0.667,1
"Guk1",0.0230252293402725,-1.26372932343478,0.071,0.667,1
"Sdf2",0.0230252293402725,-1.22898565027309,0.071,0.667,1
"Gm5141",0.0230252293402725,-1.76725853142853,0.071,0.667,1
"Uggt2",0.0230252293402725,-1.810164148104,0.071,0.667,1
"Rps19bp1",0.0230252293402725,-1.33524180348929,0.071,0.667,1
"Dvl3",0.0230252293402725,-1.37641497311328,0.071,0.667,1
"St3gal6",0.0230252293402725,-1.52328042792784,0.071,0.667,1
"Pik3c3",0.0230252293402725,-1.29458926917387,0.071,0.667,1
"Gm27239",0.0230252293402725,-1.25079923138591,0.071,0.667,1
"Marchf5",0.0230252293402725,-1.22255615381079,0.071,0.667,1
"Drp2",0.0230252293402725,-1.12020934735162,0.071,0.667,1
"Strbp",0.0232575222928803,1.65588113617319,0.929,0.667,1
"Gabarapl1",0.0234051040691738,-1.1062715858537,0.143,1,1
"Dab1",0.0255938653512667,-1.11217319756914,0.643,1,1
"Hivep3",0.0255938653512667,2.42305544643411,0.857,0,1
"Znrf3",0.0255938653512667,2.2929455437239,0.857,0,1
"Camk1d",0.0265256657091802,-0.875675315092389,0.714,1,1
"Rora",0.0274686403856814,0.715559668320482,1,1,1
"Tanc2",0.0274686403856814,-0.838550624140497,1,1,1
"Dgkb",0.0274686403856814,1.69181237839703,1,0.667,1
"Nrcam",0.0274686403856814,-1.12731489698083,0.929,1,1
"Rptor",0.0281749530484272,-1.02603518960989,0.429,1,1
"Rin2",0.0287913624368765,-1.24281446357015,0.286,1,1
"Pag1",0.0287913624368765,-1.23383171055201,0.286,1,1
"Tnfrsf19",0.0287913624368765,-0.938340698033542,0.286,1,1
"Lncppara",0.0287913624368765,-1.11087322758448,0.286,1,1
"Cuedc1",0.0312377395461319,-1.38673287697304,0.5,1,1
"Ramp1",0.034344833723641,-1.01693352694903,0.143,0.667,1
"Nek7",0.034344833723641,-1.16335225897288,0.143,0.667,1
"Usp6nl",0.034344833723641,-1.54776824739248,0.143,0.667,1
"Snx10",0.034344833723641,-1.01693352694903,0.143,0.667,1
"Snrnp27",0.034344833723641,-1.6076702417743,0.143,0.667,1
"Adcy3",0.034344833723641,-1.37519922610508,0.143,0.667,1
"Sp4",0.034344833723641,-1.50191848488792,0.143,0.667,1
"Kctd17",0.034344833723641,-1.24030988844272,0.143,0.667,1
"Map3k12",0.034344833723641,-1.56192847760939,0.143,0.667,1
"Akap8",0.034344833723641,-1.35311164185944,0.143,0.667,1
"Atp6v1g2",0.034344833723641,-1.16335225897288,0.143,0.667,1
"Adam23",0.0344749968713851,-1.60602716155878,0.357,1,1
"Suco",0.0344749968713851,-1.21636879376348,0.357,1,1
"Hmg20a",0.0344749968713851,-1.10979004287825,0.357,1,1
"Nf2",0.0344749968713851,-1.1132884367613,0.357,1,1
"Prkca",0.0353123594184264,-1.14446094607198,0.643,1,1
"Cntn1",0.0364688821496441,-1.13530834439476,0.714,1,1
"Usf1",0.0371967678894377,-0.902964009283928,0.071,0.667,1
"Rbis",0.0371967678894377,-0.838799507100768,0.071,0.667,1
"Otud7b",0.0371967678894377,-1.08138782774344,0.071,0.667,1
"Gm17494",0.0371967678894377,-1.11731059141093,0.071,0.667,1
"Dock7",0.0371967678894377,-1.07613742178693,0.071,0.667,1
"Gpbp1l1",0.0371967678894377,-0.897980556324622,0.071,0.667,1
"Gm42585",0.0371967678894377,-1.27157400733733,0.071,0.667,1
"Tmsb10",0.0371967678894377,-1.15888835765882,0.071,0.667,1
"Tgfa",0.0371967678894377,-0.98521823912462,0.071,0.667,1
"Ttll3",0.0371967678894377,-1.0878386521869,0.071,0.667,1
"Ikbkb",0.0371967678894377,-1.0982834031899,0.071,0.667,1
"Cnep1r1",0.0371967678894377,-1.15888835765882,0.071,0.667,1
"Ilf3",0.0371967678894377,-1.11731059141093,0.071,0.667,1
"Golga4",0.0371967678894377,-1.15804809049292,0.071,0.667,1
"Phactr2",0.0371967678894377,-0.813266676363995,0.071,0.667,1
"Sh3pxd2b",0.0371967678894377,-1.11731059141093,0.071,0.667,1
"H2aw",0.0371967678894377,-1.08256691824923,0.071,0.667,1
"Flcn",0.0371967678894377,-1.0878386521869,0.071,0.667,1
"Sypl",0.0371967678894377,-1.2374134218788,0.071,0.667,1
"Sec23a",0.0371967678894377,-1.2374134218788,0.071,0.667,1
"Atl1",0.0371967678894377,-0.978309040176437,0.071,0.667,1
"Zfp322a",0.0371967678894377,-1.08256691824923,0.071,0.667,1
"Gm47423",0.0371967678894377,-1.21051439309406,0.071,0.667,1
"Ccdc127",0.0371967678894377,-1.0982834031899,0.071,0.667,1
"Srek1ip1",0.0371967678894377,-1.13494291236798,0.071,0.667,1
"Rab3c",0.0371967678894377,-1.07613742178693,0.071,0.667,1
"4833420G17Rik",0.0371967678894377,-0.951410011391705,0.071,0.667,1
"Spcs1",0.0371967678894377,-1.15888835765882,0.071,0.667,1
"Kif13b",0.0371967678894377,-1.10438049936206,0.071,0.667,1
"Stk24",0.0371967678894377,-1.08256691824923,0.071,0.667,1
"Eif4g1",0.0371967678894377,-0.978309040176437,0.071,0.667,1
"Abca3",0.0371967678894377,-1.11731059141093,0.071,0.667,1
"Nudt3",0.0371967678894377,-1.10438049936206,0.071,0.667,1
"Heatr5b",0.0371967678894377,-1.11731059141093,0.071,0.667,1
"Psat1",0.0371967678894377,-1.15888835765882,0.071,0.667,1
"Sufu",0.0371967678894377,-1.10438049936206,0.071,0.667,1
"Wbp1l",0.0371967678894377,-1.08256691824923,0.071,0.667,1
"Pdzd8",0.0371967678894377,-1.2374134218788,0.071,0.667,1
"Rlim",0.0371967678894377,-1.11731059141093,0.071,0.667,1
"Alcam",0.0375182369003121,-0.821918849610501,0.857,1,1
"Dlgap1",0.0376353137873143,1.1543599809612,1,1,1
"Efr3b",0.0392247793408098,-0.953626120380993,0.429,1,1
"Xkr4",0.0393522830785783,2.41465133914085,0.786,0,1
"Chl1",0.0393522830785783,2.1931418628695,0.786,0,1
"Rsf1",0.0408274742932206,-1.30807511028945,0.286,1,1
"Cap2",0.0408274742932206,-1.12364423477463,0.286,1,1
"Gm37409",0.0448622711529148,-0.936963697692209,0,0.333,1
"Rpl7",0.0448622711529148,-0.936963697692209,0,0.333,1
"Gdap1",0.0448622711529148,-0.936963697692209,0,0.333,1
"Ogfrl1",0.0448622711529148,-0.74941079457724,0,0.333,1
"Gm38260",0.0448622711529148,-0.936963697692209,0,0.333,1
"Gm37628",0.0448622711529148,-1.13208526794411,0,0.333,1
"Gm38157",0.0448622711529148,-0.74941079457724,0,0.333,1
"Mrpl30",0.0448622711529148,-0.74941079457724,0,0.333,1
"Creg2",0.0448622711529148,-0.936963697692209,0,0.333,1
"Gm16894",0.0448622711529148,-0.936963697692209,0,0.333,1
"Nabp1",0.0448622711529148,-0.936963697692209,0,0.333,1
"Stat1",0.0448622711529148,-1.13208526794411,0,0.333,1
"Osgepl1",0.0448622711529148,-1.13208526794411,0,0.333,1
"Coq10b",0.0448622711529148,-1.13208526794411,0,0.333,1
"Boll",0.0448622711529148,-0.936963697692209,0,0.333,1
"Satb2",0.0448622711529148,-0.936963697692209,0,0.333,1
"Tmem237",0.0448622711529148,-0.936963697692209,0,0.333,1
"Gm28411",0.0448622711529148,-1.13208526794411,0,0.333,1
"6030460B20Rik",0.0448622711529148,-0.74941079457724,0,0.333,1
"ENSMUSG00000121277",0.0448622711529148,-0.74941079457724,0,0.333,1
"Zfp142",0.0448622711529148,-0.74941079457724,0,0.333,1
"Rnf25",0.0448622711529148,-0.74941079457724,0,0.333,1
"Tm4sf20",0.0448622711529148,-0.936963697692209,0,0.333,1
"Sphkap",0.0448622711529148,-0.74941079457724,0,0.333,1
"Twist2",0.0448622711529148,-0.74941079457724,0,0.333,1
"Mterf4",0.0448622711529148,-0.74941079457724,0,0.333,1
"Macir",0.0448622711529148,-0.74941079457724,0,0.333,1
"Gm29088",0.0448622711529148,-1.13208526794411,0,0.333,1
"Ralb",0.0448622711529148,-0.936963697692209,0,0.333,1
"Mfsd4a",0.0448622711529148,-1.13208526794411,0,0.333,1
"Pik3c2b",0.0448622711529148,-1.13208526794411,0,0.333,1
"Gm26781",0.0448622711529148,-0.74941079457724,0,0.333,1
"Tsen15",0.0448622711529148,-0.74941079457724,0,0.333,1
"Arpc5",0.0448622711529148,-1.13208526794411,0,0.333,1
"Shcbp1l",0.0448622711529148,-1.13208526794411,0,0.333,1
"Mr1",0.0448622711529148,-1.13208526794411,0,0.333,1
"Gm37571",0.0448622711529148,-1.13208526794411,0,0.333,1
"Gm9694",0.0448622711529148,-0.936963697692209,0,0.333,1
"Fam163a",0.0448622711529148,-0.936963697692209,0,0.333,1
"ENSMUSG00000121275",0.0448622711529148,-0.936963697692209,0,0.333,1
"Hsd17b7",0.0448622711529148,-0.74941079457724,0,0.333,1
"B4galt3",0.0448622711529148,-0.74941079457724,0,0.333,1
"Pex19",0.0448622711529148,-1.13208526794411,0,0.333,1
"Kcnj10",0.0448622711529148,-0.936963697692209,0,0.333,1
"Gm37598",0.0448622711529148,-0.936963697692209,0,0.333,1
"Gm37313",0.0448622711529148,-0.74941079457724,0,0.333,1
"Gm37390",0.0448622711529148,-1.13208526794411,0,0.333,1
"Lin9",0.0448622711529148,-0.74941079457724,0,0.333,1
"ENSMUSG00000121189",0.0448622711529148,-0.936963697692209,0,0.333,1
"Rrp15",0.0448622711529148,-0.74941079457724,0,0.333,1
"Prpf18",0.0448622711529148,-1.13208526794411,0,0.333,1
"Sephs1",0.0448622711529148,-0.74941079457724,0,0.333,1
"Dhtkd1",0.0448622711529148,-1.13208526794411,0,0.333,1
"Echdc3",0.0448622711529148,-0.74941079457724,0,0.333,1
"Hacd1",0.0448622711529148,-1.6056452561329,0,0.333,1
"Wdr5",0.0448622711529148,-0.74941079457724,0,0.333,1
"Gm25541",0.0448622711529148,-0.74941079457724,0,0.333,1
"Tbc1d13",0.0448622711529148,-0.74941079457724,0,0.333,1
"Ntmt1",0.0448622711529148,-0.936963697692209,0,0.333,1
"Ncs1",0.0448622711529148,-0.74941079457724,0,0.333,1
"Psmd5",0.0448622711529148,-1.13208526794411,0,0.333,1
"Gm44283",0.0448622711529148,-0.74941079457724,0,0.333,1
"Gm13584",0.0448622711529148,-1.13208526794411,0,0.333,1
"Gm18791",0.0448622711529148,-1.13208526794411,0,0.333,1
"Ppp6c",0.0448622711529148,-0.74941079457724,0,0.333,1
"Ifih1",0.0448622711529148,-0.936963697692209,0,0.333,1
"Gm13625",0.0448622711529148,-1.13208526794411,0,0.333,1
"Scrn3",0.0448622711529148,-0.74941079457724,0,0.333,1
"Gm13944",0.0448622711529148,-0.74941079457724,0,0.333,1
"Agbl2",0.0448622711529148,-1.13208526794411,0,0.333,1
"Kbtbd4",0.0448622711529148,-0.74941079457724,0,0.333,1
"Arfgap2",0.0448622711529148,-0.936963697692209,0,0.333,1
"Tspan18",0.0448622711529148,-1.13208526794411,0,0.333,1
"Api5",0.0448622711529148,-0.74941079457724,0,0.333,1
"4930547E08Rik",0.0448622711529148,-1.13208526794411,0,0.333,1
"Lin7c",0.0448622711529148,-1.13208526794411,0,0.333,1
"Ccdc32",0.0448622711529148,-1.13208526794411,0,0.333,1
"AV039307",0.0448622711529148,-1.13208526794411,0,0.333,1
"Catsper2",0.0448622711529148,-0.936963697692209,0,0.333,1
"Shf",0.0448622711529148,-1.13208526794411,0,0.333,1
"4930545L23Rik",0.0448622711529148,-1.6056452561329,0,0.333,1
"Snrpb2",0.0448622711529148,-1.13208526794411,0,0.333,1
"Dzank1",0.0448622711529148,-0.74941079457724,0,0.333,1
"Ninl",0.0448622711529148,-0.936963697692209,0,0.333,1
"Rbck1",0.0448622711529148,-0.936963697692209,0,0.333,1
"2500004C02Rik",0.0448622711529148,-0.74941079457724,0,0.333,1
"Efcab8",0.0448622711529148,-0.74941079457724,0,0.333,1
"BC029722",0.0448622711529148,-1.13208526794411,0,0.333,1
"Gm14168",0.0448622711529148,-0.936963697692209,0,0.333,1
"5430405H02Rik",0.0448622711529148,-1.13208526794411,0,0.333,1
"Gm826",0.0448622711529148,-1.13208526794411,0,0.333,1
"Gm14221",0.0448622711529148,-0.74941079457724,0,0.333,1
"Lpin3",0.0448622711529148,-0.74941079457724,0,0.333,1
"Gm11454",0.0448622711529148,-0.74941079457724,0,0.333,1
"2900093K20Rik",0.0448622711529148,-0.74941079457724,0,0.333,1
"Dbndd2",0.0448622711529148,-0.936963697692209,0,0.333,1
"Pigt",0.0448622711529148,-0.936963697692209,0,0.333,1
"Zswim3",0.0448622711529148,-1.13208526794411,0,0.333,1
"Zfas1",0.0448622711529148,-0.74941079457724,0,0.333,1
"Gm20721",0.0448622711529148,-1.13208526794411,0,0.333,1
"Zfp973",0.0448622711529148,-0.936963697692209,0,0.333,1
"Gm14326",0.0448622711529148,-0.74941079457724,0,0.333,1
"Mrgbp",0.0448622711529148,-0.74941079457724,0,0.333,1
"Col9a3",0.0448622711529148,-0.936963697692209,0,0.333,1
"Gm27032",0.0448622711529148,-0.936963697692209,0,0.333,1
"Arfrp1",0.0448622711529148,-1.13208526794411,0,0.333,1
"Zgpat",0.0448622711529148,-1.13208526794411,0,0.333,1
"Gm43672",0.0448622711529148,-1.13208526794411,0,0.333,1
"Gm42196",0.0448622711529148,-0.74941079457724,0,0.333,1
"Gm43668",0.0448622711529148,-0.936963697692209,0,0.333,1
"Acad9",0.0448622711529148,-0.74941079457724,0,0.333,1
"Nudt6",0.0448622711529148,-0.74941079457724,0,0.333,1
"Pgrmc2",0.0448622711529148,-1.2401385893157,0,0.333,1
"1700027H10Rik",0.0448622711529148,-0.74941079457724,0,0.333,1
"Spg20",0.0448622711529148,-1.2401385893157,0,0.333,1
"Eif2a",0.0448622711529148,-0.74941079457724,0,0.333,1
"Prss48",0.0448622711529148,-0.936963697692209,0,0.333,1
"Paqr6",0.0448622711529148,-0.936963697692209,0,0.333,1
"Lmna",0.0448622711529148,-0.74941079457724,0,0.333,1
"Mtx1",0.0448622711529148,-0.74941079457724,0,0.333,1
"Krtcap2",0.0448622711529148,-1.13208526794411,0,0.333,1
"Flad1",0.0448622711529148,-0.74941079457724,0,0.333,1
"Shc1",0.0448622711529148,-1.13208526794411,0,0.333,1
"Gm42464",0.0448622711529148,-0.936963697692209,0,0.333,1
"Celf3",0.0448622711529148,-1.13208526794411,0,0.333,1
"Vps72",0.0448622711529148,-0.74941079457724,0,0.333,1
"Prune1",0.0448622711529148,-0.936963697692209,0,0.333,1
"Aph1a",0.0448622711529148,-0.74941079457724,0,0.333,1
"Vps45",0.0448622711529148,-1.13208526794411,0,0.333,1
"Rbm8a",0.0448622711529148,-0.936963697692209,0,0.333,1
"Acp6",0.0448622711529148,-0.74941079457724,0,0.333,1
"Gm42819",0.0448622711529148,-1.13208526794411,0,0.333,1
"Zfp697",0.0448622711529148,-0.74941079457724,0,0.333,1
"Gdap2",0.0448622711529148,-1.13208526794411,0,0.333,1
"Slc22a15",0.0448622711529148,-0.936963697692209,0,0.333,1
"Gm43061",0.0448622711529148,-1.13208526794411,0,0.333,1
"4930509H03Rik",0.0448622711529148,-0.74941079457724,0,0.333,1
"Strip1",0.0448622711529148,-0.936963697692209,0,0.333,1
"A930036I15Rik",0.0448622711529148,-0.74941079457724,0,0.333,1
"Gm43750",0.0448622711529148,-0.936963697692209,0,0.333,1
"2410004B18Rik",0.0448622711529148,-0.936963697692209,0,0.333,1
"Gm19104",0.0448622711529148,-0.74941079457724,0,0.333,1
"1700094M23Rik",0.0448622711529148,-0.936963697692209,0,0.333,1
"Sdcbp",0.0448622711529148,-0.74941079457724,0,0.333,1
"Clvs1",0.0448622711529148,-1.13208526794411,0,0.333,1
"Ccne2",0.0448622711529148,-0.74941079457724,0,0.333,1
"1700123M08Rik",0.0448622711529148,-0.74941079457724,0,0.333,1
"Otud6b",0.0448622711529148,-0.74941079457724,0,0.333,1
"Mms22l",0.0448622711529148,-1.13208526794411,0,0.333,1
"Srsf12",0.0448622711529148,-1.13208526794411,0,0.333,1
"Pnrc1",0.0448622711529148,-0.74941079457724,0,0.333,1
"Slc35a1",0.0448622711529148,-0.936963697692209,0,0.333,1
"Nudt2",0.0448622711529148,-0.936963697692209,0,0.333,1
"Dnai1",0.0448622711529148,-0.74941079457724,0,0.333,1
"Gm12395",0.0448622711529148,-1.13208526794411,0,0.333,1
"Npr2",0.0448622711529148,-1.13208526794411,0,0.333,1
"Cavin4",0.0448622711529148,-1.13208526794411,0,0.333,1
"Fktn",0.0448622711529148,-1.50028681356554,0,0.333,1
"Ptpn3",0.0448622711529148,-1.13208526794411,0,0.333,1
"Hsdl2",0.0448622711529148,-0.74941079457724,0,0.333,1
"Rraga",0.0448622711529148,-0.74941079457724,0,0.333,1
"4921539E11Rik",0.0448622711529148,-0.74941079457724,0,0.333,1
"Lrrc42",0.0448622711529148,-1.50028681356554,0,0.333,1
"Cc2d1b",0.0448622711529148,-0.936963697692209,0,0.333,1
"Tmem69",0.0448622711529148,-0.74941079457724,0,0.333,1
"Szt2",0.0448622711529148,-1.13208526794411,0,0.333,1
"Adprs",0.0448622711529148,-0.74941079457724,0,0.333,1
"Ncdn",0.0448622711529148,-0.936963697692209,0,0.333,1
"Zmym1",0.0448622711529148,-1.13208526794411,0,0.333,1
"Rbbp4",0.0448622711529148,-1.2401385893157,0,0.333,1
"Txlna",0.0448622711529148,-0.936963697692209,0,0.333,1
"Ptp4a2",0.0448622711529148,-1.13208526794411,0,0.333,1
"Ythdf2",0.0448622711529148,-0.936963697692209,0,0.333,1
"Sesn2",0.0448622711529148,-0.74941079457724,0,0.333,1
"Nudc",0.0448622711529148,-0.74941079457724,0,0.333,1
"Extl1",0.0448622711529148,-0.74941079457724,0,0.333,1
"Myom3",0.0448622711529148,-0.74941079457724,0,0.333,1
"Hmgcl",0.0448622711529148,-0.74941079457724,0,0.333,1
"Asap3",0.0448622711529148,-0.936963697692209,0,0.333,1
"Slc66a1",0.0448622711529148,-0.74941079457724,0,0.333,1
"Klhdc7a",0.0448622711529148,-0.936963697692209,0,0.333,1
"Zbtb17",0.0448622711529148,-0.936963697692209,0,0.333,1
"Gm13205",0.0448622711529148,-0.936963697692209,0,0.333,1
"Cort",0.0448622711529148,-1.13208526794411,0,0.333,1
"Lzic",0.0448622711529148,-0.936963697692209,0,0.333,1
"Nol9",0.0448622711529148,-0.936963697692209,0,0.333,1
"Acot7",0.0448622711529148,-0.936963697692209,0,0.333,1
"Smim1",0.0448622711529148,-0.74941079457724,0,0.333,1
"Gm13110",0.0448622711529148,-0.936963697692209,0,0.333,1
"Gabrd",0.0448622711529148,-0.74941079457724,0,0.333,1
"Aurkaip1",0.0448622711529148,-1.13208526794411,0,0.333,1
"Gm30835",0.0448622711529148,-1.13208526794411,0,0.333,1
"ENSMUSG00000120248",0.0448622711529148,-0.936963697692209,0,0.333,1
"Chpf2",0.0448622711529148,-0.936963697692209,0,0.333,1
"1500035N22Rik",0.0448622711529148,-0.74941079457724,0,0.333,1
"Tmem214",0.0448622711529148,-0.936963697692209,0,0.333,1
"Zfp512",0.0448622711529148,-0.936963697692209,0,0.333,1
"Gm43852",0.0448622711529148,-1.13208526794411,0,0.333,1
"Tmem129",0.0448622711529148,-0.74941079457724,0,0.333,1
"Tacc3",0.0448622711529148,-0.936963697692209,0,0.333,1
"Nelfa",0.0448622711529148,-0.936963697692209,0,0.333,1
"Acox3",0.0448622711529148,-0.74941079457724,0,0.333,1
"Prom1",0.0448622711529148,-0.74941079457724,0,0.333,1
"Tapt1",0.0448622711529148,-0.74941079457724,0,0.333,1
"Gm42984",0.0448622711529148,-0.936963697692209,0,0.333,1
"Gm42482",0.0448622711529148,-0.74941079457724,0,0.333,1
"Gm43715",0.0448622711529148,-1.13208526794411,0,0.333,1
"Nwd2",0.0448622711529148,-0.74941079457724,0,0.333,1
"Pgm2",0.0448622711529148,-0.74941079457724,0,0.333,1
"Gm43167",0.0448622711529148,-0.936963697692209,0,0.333,1
"Gm43658",0.0448622711529148,-0.74941079457724,0,0.333,1
"Ppat",0.0448622711529148,-0.74941079457724,0,0.333,1
"Gm16054",0.0448622711529148,-0.74941079457724,0,0.333,1
"Nup54",0.0448622711529148,-1.13208526794411,0,0.333,1
"Coq2",0.0448622711529148,-1.13208526794411,0,0.333,1
"Gm43789",0.0448622711529148,-0.936963697692209,0,0.333,1
"Gm42620",0.0448622711529148,-0.936963697692209,0,0.333,1
"Zfp951",0.0448622711529148,-1.13208526794411,0,0.333,1
"Gm43421",0.0448622711529148,-0.74941079457724,0,0.333,1
"A930041C12Rik",0.0448622711529148,-0.74941079457724,0,0.333,1
"Cplx1",0.0448622711529148,-0.74941079457724,0,0.333,1
"A430073D23Rik",0.0448622711529148,-0.74941079457724,0,0.333,1
"Coro1c",0.0448622711529148,-0.74941079457724,0,0.333,1
"Ssh1",0.0448622711529148,-0.936963697692209,0,0.333,1
"Rplp0",0.0448622711529148,-0.936963697692209,0,0.333,1
"Naa25",0.0448622711529148,-0.74941079457724,0,0.333,1
"Gm16552",0.0448622711529148,-1.2401385893157,0,0.333,1
"Kdm2b",0.0448622711529148,-0.74941079457724,0,0.333,1
"Psmd9",0.0448622711529148,-0.936963697692209,0,0.333,1
"Gm43133",0.0448622711529148,-1.13208526794411,0,0.333,1
"Denr",0.0448622711529148,-0.74941079457724,0,0.333,1
"Arl6ip4",0.0448622711529148,-1.13208526794411,0,0.333,1
"Snrnp35",0.0448622711529148,-0.74941079457724,0,0.333,1
"Rilpl1",0.0448622711529148,-0.936963697692209,0,0.333,1
"Zfp664",0.0448622711529148,-1.13208526794411,0,0.333,1
"Scarb1",0.0448622711529148,-1.13208526794411,0,0.333,1
"Ran",0.0448622711529148,-0.936963697692209,0,0.333,1
"Mmp17",0.0448622711529148,-1.50028681356554,0,0.333,1
"Gusb",0.0448622711529148,-0.936963697692209,0,0.333,1
"Sbds",0.0448622711529148,-1.50028681356554,0,0.333,1
"Caln1",0.0448622711529148,-1.13208526794411,0,0.333,1
"2610011E03Rik",0.0448622711529148,-0.74941079457724,0,0.333,1
"Gtf2ird2",0.0448622711529148,-1.75851900553392,0,0.333,1
"Eln",0.0448622711529148,-0.74941079457724,0,0.333,1
"Dnajc30",0.0448622711529148,-0.74941079457724,0,0.333,1
"ENSMUSG00000120510",0.0448622711529148,-0.74941079457724,0,0.333,1
"Grid2ip",0.0448622711529148,-0.74941079457724,0,0.333,1
"Kdelr2",0.0448622711529148,-0.74941079457724,0,0.333,1
"Slc7a1",0.0448622711529148,-0.936963697692209,0,0.333,1
"ENSMUSG00000120852",0.0448622711529148,-1.13208526794411,0,0.333,1
"Mios",0.0448622711529148,-1.13208526794411,0,0.333,1
"Rpa3",0.0448622711529148,-0.936963697692209,0,0.333,1
"A430035B10Rik",0.0448622711529148,-0.936963697692209,0,0.333,1
"Ica1",0.0448622711529148,-0.936963697692209,0,0.333,1
"Tmem168",0.0448622711529148,-0.936963697692209,0,0.333,1
"Mdfic",0.0448622711529148,-1.13208526794411,0,0.333,1
"Gm30270",0.0448622711529148,-0.936963697692209,0,0.333,1
"Tmem229a",0.0448622711529148,-0.74941079457724,0,0.333,1
"Tspan33",0.0448622711529148,-1.13208526794411,0,0.333,1
"Cald1",0.0448622711529148,-0.936963697692209,0,0.333,1
"Wdr91",0.0448622711529148,-1.13208526794411,0,0.333,1
"ENSMUSG00000120052",0.0448622711529148,-0.74941079457724,0,0.333,1
"Nup205",0.0448622711529148,-0.936963697692209,0,0.333,1
"Zc3hav1",0.0448622711529148,-1.75851900553392,0,0.333,1
"Gm15697",0.0448622711529148,-0.74941079457724,0,0.333,1
"8030453O22Rik",0.0448622711529148,-0.936963697692209,0,0.333,1
"Adck2",0.0448622711529148,-1.13208526794411,0,0.333,1
"Zfp212",0.0448622711529148,-1.13208526794411,0,0.333,1
"Skap2",0.0448622711529148,-0.936963697692209,0,0.333,1
"Gm36816",0.0448622711529148,-0.936963697692209,0,0.333,1
"Gm38825",0.0448622711529148,-0.936963697692209,0,0.333,1
"Mogs",0.0448622711529148,-1.13208526794411,0,0.333,1
"Dusp11",0.0448622711529148,-0.936963697692209,0,0.333,1
"Mxd1",0.0448622711529148,-0.936963697692209,0,0.333,1
"2610306M01Rik",0.0448622711529148,-0.74941079457724,0,0.333,1
"Txnrd3",0.0448622711529148,-0.74941079457724,0,0.333,1
"Rad18",0.0448622711529148,-0.936963697692209,0,0.333,1
"Tada3",0.0448622711529148,-0.936963697692209,0,0.333,1
"Csgalnact2",0.0448622711529148,-0.74941079457724,0,0.333,1
"A230083G16Rik",0.0448622711529148,-0.74941079457724,0,0.333,1
"Kcna1",0.0448622711529148,-1.50028681356554,0,0.333,1
"Parp11",0.0448622711529148,-0.74941079457724,0,0.333,1
"Gm10069",0.0448622711529148,-1.13208526794411,0,0.333,1
"Wbp11",0.0448622711529148,-0.74941079457724,0,0.333,1
"Rerg",0.0448622711529148,-1.13208526794411,0,0.333,1
"Sox5os3",0.0448622711529148,-0.74941079457724,0,0.333,1
"Gm43931",0.0448622711529148,-1.13208526794411,0,0.333,1
"Isoc2a",0.0448622711529148,-1.13208526794411,0,0.333,1
"Zfp580",0.0448622711529148,-0.74941079457724,0,0.333,1
"Zfp78",0.0448622711529148,-0.936963697692209,0,0.333,1
"Gm44863",0.0448622711529148,-1.13208526794411,0,0.333,1
"Zfp418",0.0448622711529148,-0.74941079457724,0,0.333,1
"Rps5",0.0448622711529148,-0.936963697692209,0,0.333,1
"Gm38948",0.0448622711529148,-1.13208526794411,0,0.333,1
"Sae1",0.0448622711529148,-1.13208526794411,0,0.333,1
"Pglyrp1",0.0448622711529148,-0.936963697692209,0,0.333,1
"Cd3eap",0.0448622711529148,-0.936963697692209,0,0.333,1
"Ethe1",0.0448622711529148,-0.936963697692209,0,0.333,1
"Cic",0.0448622711529148,-0.936963697692209,0,0.333,1
"Megf8",0.0448622711529148,-0.74941079457724,0,0.333,1
"4732471J01Rik",0.0448622711529148,-0.74941079457724,0,0.333,1
"Lipe",0.0448622711529148,-0.936963697692209,0,0.333,1
"Itpkc",0.0448622711529148,-0.74941079457724,0,0.333,1
"Zfp607b",0.0448622711529148,-1.13208526794411,0,0.333,1
"Zfp59",0.0448622711529148,-1.13208526794411,0,0.333,1
"Dyrk1b",0.0448622711529148,-0.74941079457724,0,0.333,1
"Lrfn1",0.0448622711529148,-0.74941079457724,0,0.333,1
"Zfp790",0.0448622711529148,-0.74941079457724,0,0.333,1
"Zfp27",0.0448622711529148,-0.74941079457724,0,0.333,1
"Zfp568",0.0448622711529148,-0.936963697692209,0,0.333,1
"Arhgap33",0.0448622711529148,-1.13208526794411,0,0.333,1
"Psenen",0.0448622711529148,-0.936963697692209,0,0.333,1
"Mag",0.0448622711529148,-0.74941079457724,0,0.333,1
"Lrp3",0.0448622711529148,-1.13208526794411,0,0.333,1
"Pdcd5",0.0448622711529148,-1.13208526794411,0,0.333,1
"Zfp788",0.0448622711529148,-0.74941079457724,0,0.333,1
"2410002F23Rik",0.0448622711529148,-0.936963697692209,0,0.333,1
"Garin5a",0.0448622711529148,-0.936963697692209,0,0.333,1
"Aldh16a1",0.0448622711529148,-0.74941079457724,0,0.333,1
"Slc6a16",0.0448622711529148,-0.936963697692209,0,0.333,1
"Ppfia3",0.0448622711529148,-0.74941079457724,0,0.333,1
"Tulp2",0.0448622711529148,-1.13208526794411,0,0.333,1
"Car11",0.0448622711529148,-0.74941079457724,0,0.333,1
"Tmem143",0.0448622711529148,-0.936963697692209,0,0.333,1
"Gm15700",0.0448622711529148,-1.13208526794411,0,0.333,1
"Gas2",0.0448622711529148,-0.74941079457724,0,0.333,1
"Gm44895",0.0448622711529148,-1.50028681356554,0,0.333,1
"Gm44894",0.0448622711529148,-0.936963697692209,0,0.333,1
"Tubgcp5",0.0448622711529148,-0.936963697692209,0,0.333,1
"Nipa1",0.0448622711529148,-0.74941079457724,0,0.333,1
"Mphosph10",0.0448622711529148,-1.13208526794411,0,0.333,1
"Lins1",0.0448622711529148,-0.74941079457724,0,0.333,1
"Gm44668",0.0448622711529148,-0.74941079457724,0,0.333,1
"Synm",0.0448622711529148,-0.74941079457724,0,0.333,1
"Klhl25",0.0448622711529148,-0.936963697692209,0,0.333,1
"Mrpl46",0.0448622711529148,-0.936963697692209,0,0.333,1
"Gm26633",0.0448622711529148,-0.936963697692209,0,0.333,1
"Gm45169",0.0448622711529148,-0.936963697692209,0,0.333,1
"Idh2",0.0448622711529148,-0.936963697692209,0,0.333,1
"Iqgap1",0.0448622711529148,-0.936963697692209,0,0.333,1
"Stard5",0.0448622711529148,-0.936963697692209,0,0.333,1
"Gm45223",0.0448622711529148,-0.936963697692209,0,0.333,1
"Gm44907",0.0448622711529148,-0.74941079457724,0,0.333,1
"Gm44947",0.0448622711529148,-1.13208526794411,0,0.333,1
"Gdpd5",0.0448622711529148,-0.74941079457724,0,0.333,1
"Plekhb1",0.0448622711529148,-1.13208526794411,0,0.333,1
"Gm45620",0.0448622711529148,-0.936963697692209,0,0.333,1
"Pde2a",0.0448622711529148,-0.74941079457724,0,0.333,1
"Trim68",0.0448622711529148,-0.936963697692209,0,0.333,1
"Nucb2",0.0448622711529148,-0.74941079457724,0,0.333,1
"Itpripl2",0.0448622711529148,-1.13208526794411,0,0.333,1
"Usp31",0.0448622711529148,-0.74941079457724,0,0.333,1
"Gm56368",0.0448622711529148,-0.74941079457724,0,0.333,1
"Zkscan2",0.0448622711529148,-1.13208526794411,0,0.333,1
"Gsg1l",0.0448622711529148,-0.936963697692209,0,0.333,1
"Ino80e",0.0448622711529148,-1.2401385893157,0,0.333,1
"B130055M24Rik",0.0448622711529148,-0.936963697692209,0,0.333,1
"Bcl7c",0.0448622711529148,-0.74941079457724,0,0.333,1
"Chst15",0.0448622711529148,-1.75851900553392,0,0.333,1
"Sprn",0.0448622711529148,-1.13208526794411,0,0.333,1
"Ric8a",0.0448622711529148,-1.50028681356554,0,0.333,1
"Cdc16",0.0448622711529148,-1.13208526794411,0,0.333,1
"Gm20797",0.0448622711529148,-0.74941079457724,0,0.333,1
"Ckap2",0.0448622711529148,-0.936963697692209,0,0.333,1
"Slc20a2",0.0448622711529148,-0.74941079457724,0,0.333,1
"Vdac3",0.0448622711529148,-0.74941079457724,0,0.333,1
"Golga7",0.0448622711529148,-0.74941079457724,0,0.333,1
"Adam18",0.0448622711529148,-0.936963697692209,0,0.333,1
"5830408C22Rik",0.0448622711529148,-0.74941079457724,0,0.333,1
"Gm45413",0.0448622711529148,-0.936963697692209,0,0.333,1
"Brf2",0.0448622711529148,-0.74941079457724,0,0.333,1
"Tti2",0.0448622711529148,-0.936963697692209,0,0.333,1
"Fut10",0.0448622711529148,-0.936963697692209,0,0.333,1
"Asah1",0.0448622711529148,-1.2401385893157,0,0.333,1
"Enpp6",0.0448622711529148,-0.936963697692209,0,0.333,1
"E330018M18Rik",0.0448622711529148,-0.74941079457724,0,0.333,1
"Ndufa13",0.0448622711529148,-0.936963697692209,0,0.333,1
"Gm16091",0.0448622711529148,-0.74941079457724,0,0.333,1
"Calr3",0.0448622711529148,-0.936963697692209,0,0.333,1
"Il15",0.0448622711529148,-1.13208526794411,0,0.333,1
"Rad23a",0.0448622711529148,-0.74941079457724,0,0.333,1
"Syce2",0.0448622711529148,-0.74941079457724,0,0.333,1
"Get3",0.0448622711529148,-0.74941079457724,0,0.333,1
"Tnpo2",0.0448622711529148,-0.936963697692209,0,0.333,1
"Adcy7",0.0448622711529148,-1.13208526794411,0,0.333,1
"Rpgrip1l",0.0448622711529148,-1.2401385893157,0,0.333,1
"Gm45290",0.0448622711529148,-1.13208526794411,0,0.333,1
"Gm3235",0.0448622711529148,-1.75851900553392,0,0.333,1
"Nudt21",0.0448622711529148,-0.74941079457724,0,0.333,1
"C78859",0.0448622711529148,-1.13208526794411,0,0.333,1
"Coq9",0.0448622711529148,-0.74941079457724,0,0.333,1
"Cbfb",0.0448622711529148,-0.74941079457724,0,0.333,1
"Ripor1",0.0448622711529148,-0.936963697692209,0,0.333,1
"Cog8",0.0448622711529148,-0.936963697692209,0,0.333,1
"Nob1",0.0448622711529148,-1.13208526794411,0,0.333,1
"Fcsk",0.0448622711529148,-0.936963697692209,0,0.333,1
"Cdyl2",0.0448622711529148,-0.74941079457724,0,0.333,1
"Gm27021",0.0448622711529148,-0.74941079457724,0,0.333,1
"C230057M02Rik",0.0448622711529148,-0.936963697692209,0,0.333,1
"Pgbd5",0.0448622711529148,-0.74941079457724,0,0.333,1
"Coa6",0.0448622711529148,-1.13208526794411,0,0.333,1
"Med17",0.0448622711529148,-0.74941079457724,0,0.333,1
"Ldlr",0.0448622711529148,-1.13208526794411,0,0.333,1
"Swsap1",0.0448622711529148,-0.936963697692209,0,0.333,1
"Gm49318",0.0448622711529148,-0.74941079457724,0,0.333,1
"Pate2",0.0448622711529148,-0.74941079457724,0,0.333,1
"Vwa5a",0.0448622711529148,-1.13208526794411,0,0.333,1
"Tlcd5",0.0448622711529148,-0.74941079457724,0,0.333,1
"Gm49380",0.0448622711529148,-0.74941079457724,0,0.333,1
"Gm47204",0.0448622711529148,-0.936963697692209,0,0.333,1
"Apoa1",0.0448622711529148,-0.74941079457724,0,0.333,1
"Drd2",0.0448622711529148,-0.74941079457724,0,0.333,1
"Sdhd",0.0448622711529148,-0.74941079457724,0,0.333,1
"Man2c1",0.0448622711529148,-0.936963697692209,0,0.333,1
"Ubl7",0.0448622711529148,-0.74941079457724,0,0.333,1
"Gm48855",0.0448622711529148,-0.74941079457724,0,0.333,1
"Parp16",0.0448622711529148,-0.74941079457724,0,0.333,1
"Fam81a",0.0448622711529148,-1.13208526794411,0,0.333,1
"Gm44503",0.0448622711529148,-0.74941079457724,0,0.333,1
"Ccpg1",0.0448622711529148,-0.936963697692209,0,0.333,1
"ENSMUSG00000120943",0.0448622711529148,-0.74941079457724,0,0.333,1
"Nek11",0.0448622711529148,-0.74941079457724,0,0.333,1
"Alas1",0.0448622711529148,-0.936963697692209,0,0.333,1
"Pcbp4",0.0448622711529148,-0.74941079457724,0,0.333,1
"Tex264",0.0448622711529148,-0.936963697692209,0,0.333,1
"Hyal1",0.0448622711529148,-0.74941079457724,0,0.333,1
"4833445I07Rik",0.0448622711529148,-0.74941079457724,0,0.333,1
"Shisa5",0.0448622711529148,-0.74941079457724,0,0.333,1
"Ccdc51",0.0448622711529148,-0.936963697692209,0,0.333,1
"Glb1",0.0448622711529148,-0.74941079457724,0,0.333,1
"Dync1li1",0.0448622711529148,-1.50028681356554,0,0.333,1
"Zfp651",0.0448622711529148,-1.13208526794411,0,0.333,1
"4632418H02Rik",0.0448622711529148,-0.936963697692209,0,0.333,1
"9530059O14Rik",0.0448622711529148,-1.50028681356554,0,0.333,1
"Zdhhc3",0.0448622711529148,-0.936963697692209,0,0.333,1
"Exosc7",0.0448622711529148,-0.936963697692209,0,0.333,1
"Gm21781",0.0448622711529148,-0.936963697692209,0,0.333,1
"Lrp11",0.0448622711529148,-0.74941079457724,0,0.333,1
"Adgb",0.0448622711529148,-1.13208526794411,0,0.333,1
"Vta1",0.0448622711529148,-0.74941079457724,0,0.333,1
"Arfgef3",0.0448622711529148,-0.74941079457724,0,0.333,1
"Gm48233",0.0448622711529148,-0.936963697692209,0,0.333,1
"Hey2",0.0448622711529148,-1.13208526794411,0,0.333,1
"Tspyl1",0.0448622711529148,-1.13208526794411,0,0.333,1
"Nt5dc1",0.0448622711529148,-1.13208526794411,0,0.333,1
"Ccn6",0.0448622711529148,-1.13208526794411,0,0.333,1
"Gm16364.1",0.0448622711529148,-0.936963697692209,0,0.333,1
"ENSMUSG00000119988",0.0448622711529148,-1.13208526794411,0,0.333,1
"Lin28b",0.0448622711529148,-1.13208526794411,0,0.333,1
"Gopc",0.0448622711529148,-0.936963697692209,0,0.333,1
"Nus1",0.0448622711529148,-1.13208526794411,0,0.333,1
"Chst3",0.0448622711529148,-1.50028681356554,0,0.333,1
"Slc29a3",0.0448622711529148,-1.13208526794411,0,0.333,1
"Tet1",0.0448622711529148,-0.74941079457724,0,0.333,1
"Gm47615",0.0448622711529148,-1.13208526794411,0,0.333,1
"Reep3",0.0448622711529148,-1.50028681356554,0,0.333,1
"Zfp365",0.0448622711529148,-0.74941079457724,0,0.333,1
"Ccdc6",0.0448622711529148,-1.13208526794411,0,0.333,1
"Fam207a",0.0448622711529148,-0.936963697692209,0,0.333,1
"Palm",0.0448622711529148,-1.50028681356554,0,0.333,1
"R3hdm4",0.0448622711529148,-1.2401385893157,0,0.333,1
"Adamtsl5",0.0448622711529148,-0.74941079457724,0,0.333,1
"Abhd17a",0.0448622711529148,-0.74941079457724,0,0.333,1
"Plekhj1",0.0448622711529148,-1.13208526794411,0,0.333,1
"Lingo3",0.0448622711529148,-1.13208526794411,0,0.333,1
"Sgta",0.0448622711529148,-0.74941079457724,0,0.333,1
"Zfr2",0.0448622711529148,-0.74941079457724,0,0.333,1
"Lta4h",0.0448622711529148,-0.74941079457724,0,0.333,1
"Snrpf",0.0448622711529148,-0.74941079457724,0,0.333,1
"Gm49628",0.0448622711529148,-0.74941079457724,0,0.333,1
"Gm48882",0.0448622711529148,-0.74941079457724,0,0.333,1
"Gm20110",0.0448622711529148,-0.74941079457724,0,0.333,1
"Csrp2",0.0448622711529148,-0.936963697692209,0,0.333,1
"Krr1",0.0448622711529148,-0.74941079457724,0,0.333,1
"Myrfl",0.0448622711529148,-0.74941079457724,0,0.333,1
"Cpm",0.0448622711529148,-0.936963697692209,0,0.333,1
"Llph",0.0448622711529148,-1.13208526794411,0,0.333,1
"Msrb3",0.0448622711529148,-1.13208526794411,0,0.333,1
"Pip4k2c",0.0448622711529148,-0.936963697692209,0,0.333,1
"ENSMUSG00000119994",0.0448622711529148,-1.13208526794411,0,0.333,1
"Tug1",0.0448622711529148,-1.13208526794411,0,0.333,1
"Nipsnap1",0.0448622711529148,-0.74941079457724,0,0.333,1
"Thoc5",0.0448622711529148,-1.75851900553392,0,0.333,1
"Rhbdd3",0.0448622711529148,-0.936963697692209,0,0.333,1
"Dbnl",0.0448622711529148,-1.13208526794411,0,0.333,1
"Ccm2",0.0448622711529148,-1.13208526794411,0,0.333,1
"Gm29237",0.0448622711529148,-0.74941079457724,0,0.333,1
"Ubtd2",0.0448622711529148,-1.13208526794411,0,0.333,1
"ENSMUSG00000120536",0.0448622711529148,-0.74941079457724,0,0.333,1
"Garin3",0.0448622711529148,-0.74941079457724,0,0.333,1
"2610507I01Rik",0.0448622711529148,-0.74941079457724,0,0.333,1
"Llgl1",0.0448622711529148,-1.13208526794411,0,0.333,1
"Gas7",0.0448622711529148,-0.74941079457724,0,0.333,1
"Borcs6",0.0448622711529148,-0.74941079457724,0,0.333,1
"Bhlha9",0.0448622711529148,-0.74941079457724,0,0.333,1
"Ankrd13b",0.0448622711529148,-0.74941079457724,0,0.333,1
"Cct6b",0.0448622711529148,-0.74941079457724,0,0.333,1
"Gm11423",0.0448622711529148,-0.936963697692209,0,0.333,1
"Lig3",0.0448622711529148,-0.74941079457724,0,0.333,1
"Rasl10b",0.0448622711529148,-0.74941079457724,0,0.333,1
"Dhx40",0.0448622711529148,-1.13208526794411,0,0.333,1
"Gdpd1",0.0448622711529148,-1.50028681356554,0,0.333,1
"Hsf5",0.0448622711529148,-0.74941079457724,0,0.333,1
"Rsad1",0.0448622711529148,-1.50028681356554,0,0.333,1
"Fam117a",0.0448622711529148,-0.74941079457724,0,0.333,1
"Cdk5rap3",0.0448622711529148,-1.13208526794411,0,0.333,1
"Kat2a",0.0448622711529148,-0.74941079457724,0,0.333,1
"Ghdc",0.0448622711529148,-0.74941079457724,0,0.333,1
"Nbr1",0.0448622711529148,-1.13208526794411,0,0.333,1
"G6pc3",0.0448622711529148,-1.13208526794411,0,0.333,1
"Slc25a39",0.0448622711529148,-0.936963697692209,0,0.333,1
"Fam171a2",0.0448622711529148,-1.13208526794411,0,0.333,1
"Adam11",0.0448622711529148,-0.74941079457724,0,0.333,1
"Myl4",0.0448622711529148,-0.936963697692209,0,0.333,1
"Strada",0.0448622711529148,-1.13208526794411,0,0.333,1
"Cep95",0.0448622711529148,-1.13208526794411,0,0.333,1
"Wipi1",0.0448622711529148,-0.74941079457724,0,0.333,1
"Hid1",0.0448622711529148,-0.936963697692209,0,0.333,1
"Prpsap1",0.0448622711529148,-0.936963697692209,0,0.333,1
"Gm11734",0.0448622711529148,-0.74941079457724,0,0.333,1
"Pgs1",0.0448622711529148,-0.74941079457724,0,0.333,1
"A930037H05Rik",0.0448622711529148,-1.50028681356554,0,0.333,1
"Gm11772",0.0448622711529148,-1.13208526794411,0,0.333,1
"Nploc4",0.0448622711529148,-1.13208526794411,0,0.333,1
"Hexdc",0.0448622711529148,-1.13208526794411,0,0.333,1
"Mfsd2b",0.0448622711529148,-0.74941079457724,0,0.333,1
"Gm48693",0.0448622711529148,-1.13208526794411,0,0.333,1
"Adam17",0.0448622711529148,-0.74941079457724,0,0.333,1
"Prkar2b",0.0448622711529148,-2.21970412498885,0,0.333,1
"Gm47376",0.0448622711529148,-0.936963697692209,0,0.333,1
"Lrrn3",0.0448622711529148,-0.74941079457724,0,0.333,1
"Gm15902",0.0448622711529148,-0.74941079457724,0,0.333,1
"Prorp",0.0448622711529148,-1.2401385893157,0,0.333,1
"Nfkbia",0.0448622711529148,-0.74941079457724,0,0.333,1
"Sstr1",0.0448622711529148,-0.74941079457724,0,0.333,1
"Gemin2",0.0448622711529148,-0.936963697692209,0,0.333,1
"Fbxo33",0.0448622711529148,-0.74941079457724,0,0.333,1
"Klhdc2",0.0448622711529148,-0.936963697692209,0,0.333,1
"Sos2",0.0448622711529148,-0.74941079457724,0,0.333,1
"Tmx1",0.0448622711529148,-0.74941079457724,0,0.333,1
"Timm9",0.0448622711529148,-1.13208526794411,0,0.333,1
"Lrrc9",0.0448622711529148,-0.936963697692209,0,0.333,1
"Gm34868",0.0448622711529148,-1.50028681356554,0,0.333,1
"Hspa2",0.0448622711529148,-1.13208526794411,0,0.333,1
"Ccdc177",0.0448622711529148,-0.74941079457724,0,0.333,1
"Gm28370",0.0448622711529148,-0.74941079457724,0,0.333,1
"Gm16572",0.0448622711529148,-0.74941079457724,0,0.333,1
"Ttc9",0.0448622711529148,-1.13208526794411,0,0.333,1
"Ptgr2",0.0448622711529148,-0.936963697692209,0,0.333,1
"Vash1",0.0448622711529148,-0.74941079457724,0,0.333,1
"Slirp",0.0448622711529148,-1.13208526794411,0,0.333,1
"4930473H19Rik",0.0448622711529148,-0.74941079457724,0,0.333,1
"Gm48015",0.0448622711529148,-0.74941079457724,0,0.333,1
"Ptpn21",0.0448622711529148,-0.74941079457724,0,0.333,1
"Glrx5",0.0448622711529148,-0.936963697692209,0,0.333,1
"Atg2b",0.0448622711529148,-0.936963697692209,0,0.333,1
"Gm17111",0.0448622711529148,-1.13208526794411,0,0.333,1
"Amn",0.0448622711529148,-0.74941079457724,0,0.333,1
"Pacs2",0.0448622711529148,-1.13208526794411,0,0.333,1
"Dync2i1",0.0448622711529148,-0.74941079457724,0,0.333,1
"Sp8",0.0448622711529148,-0.936963697692209,0,0.333,1
"Gm48889",0.0448622711529148,-1.13208526794411,0,0.333,1
"Gm47802",0.0448622711529148,-0.74941079457724,0,0.333,1
"Heatr1",0.0448622711529148,-0.74941079457724,0,0.333,1
"Hecw1",0.0448622711529148,-0.74941079457724,0,0.333,1
"Gm32036",0.0448622711529148,-0.74941079457724,0,0.333,1
"Zkscan4",0.0448622711529148,-0.936963697692209,0,0.333,1
"H2bc4",0.0448622711529148,-0.936963697692209,0,0.333,1
"Nqo2",0.0448622711529148,-0.936963697692209,0,0.333,1
"Gm17083",0.0448622711529148,-0.74941079457724,0,0.333,1
"Pak1ip1",0.0448622711529148,-0.936963697692209,0,0.333,1
"Prelid1",0.0448622711529148,-1.2401385893157,0,0.333,1
"Dok3",0.0448622711529148,-0.74941079457724,0,0.333,1
"Zfp935",0.0448622711529148,-0.74941079457724,0,0.333,1
"Habp4",0.0448622711529148,-0.74941079457724,0,0.333,1
"Zfp729a",0.0448622711529148,-0.936963697692209,0,0.333,1
"Gm10037",0.0448622711529148,-1.13208526794411,0,0.333,1
"Hmgcr",0.0448622711529148,-0.936963697692209,0,0.333,1
"5330416C01Rik",0.0448622711529148,-1.13208526794411,0,0.333,1
"Ankra2",0.0448622711529148,-0.74941079457724,0,0.333,1
"Cdk7",0.0448622711529148,-0.74941079457724,0,0.333,1
"Gm47827",0.0448622711529148,-0.74941079457724,0,0.333,1
"Pelo",0.0448622711529148,-0.936963697692209,0,0.333,1
"Gm48163",0.0448622711529148,-1.2401385893157,0,0.333,1
"Nudt13",0.0448622711529148,-0.936963697692209,0,0.333,1
"Dnajc9",0.0448622711529148,-0.936963697692209,0,0.333,1
"Gm30363",0.0448622711529148,-0.74941079457724,0,0.333,1
"Ppifos",0.0448622711529148,-0.74941079457724,0,0.333,1
"Duxbl1",0.0448622711529148,-1.2401385893157,0,0.333,1
"Tmem273",0.0448622711529148,-0.74941079457724,0,0.333,1
"Bmp4",0.0448622711529148,-0.936963697692209,0,0.333,1
"Irf9",0.0448622711529148,-1.50028681356554,0,0.333,1
"Mdp1",0.0448622711529148,-0.936963697692209,0,0.333,1
"Sdr39u1",0.0448622711529148,-0.74941079457724,0,0.333,1
"Ift88",0.0448622711529148,-1.13208526794411,0,0.333,1
"Rcbtb1",0.0448622711529148,-1.2401385893157,0,0.333,1
"Setdb2",0.0448622711529148,-0.936963697692209,0,0.333,1
"Nefm",0.0448622711529148,-1.13208526794411,0,0.333,1
"Reep4",0.0448622711529148,-0.74941079457724,0,0.333,1
"Gm49001",0.0448622711529148,-0.74941079457724,0,0.333,1
"Dnajc15",0.0448622711529148,-0.936963697692209,0,0.333,1
"Cnmd",0.0448622711529148,-0.74941079457724,0,0.333,1
"Gm49768",0.0448622711529148,-0.936963697692209,0,0.333,1
"5430437J10Rik",0.0448622711529148,-0.74941079457724,0,0.333,1
"9930017N22Rik",0.0448622711529148,-0.936963697692209,0,0.333,1
"Pop1",0.0448622711529148,-0.936963697692209,0,0.333,1
"Gm22353",0.0448622711529148,-0.936963697692209,0,0.333,1
"Gm2582",0.0448622711529148,-0.936963697692209,0,0.333,1
"Gm29394",0.0448622711529148,-0.936963697692209,0,0.333,1
"Zfp623",0.0448622711529148,-1.13208526794411,0,0.333,1
"Bop1",0.0448622711529148,-0.74941079457724,0,0.333,1
"Scrt1",0.0448622711529148,-0.936963697692209,0,0.333,1
"Slc52a2",0.0448622711529148,-0.74941079457724,0,0.333,1
"Lrrc14",0.0448622711529148,-0.74941079457724,0,0.333,1
"1700088E04Rik",0.0448622711529148,-0.936963697692209,0,0.333,1
"Mcat",0.0448622711529148,-1.13208526794411,0,0.333,1
"Shisal1",0.0448622711529148,-1.13208526794411,0,0.333,1
"Rtl6",0.0448622711529148,-0.74941079457724,0,0.333,1
"Cdpf1",0.0448622711529148,-0.936963697692209,0,0.333,1
"Celsr1",0.0448622711529148,-0.74941079457724,0,0.333,1
"Zbed4",0.0448622711529148,-0.74941079457724,0,0.333,1
"Ttll8",0.0448622711529148,-1.13208526794411,0,0.333,1
"Gm26760",0.0448622711529148,-0.936963697692209,0,0.333,1
"Pphln1",0.0448622711529148,-0.74941079457724,0,0.333,1
"Twf1",0.0448622711529148,-0.74941079457724,0,0.333,1
"ENSMUSG00000120294",0.0448622711529148,-1.13208526794411,0,0.333,1
"B130046B21Rik",0.0448622711529148,-0.74941079457724,0,0.333,1
"5330439K02Rik",0.0448622711529148,-0.74941079457724,0,0.333,1
"Pou6f1",0.0448622711529148,-1.13208526794411,0,0.333,1
"C330013E15Rik",0.0448622711529148,-0.74941079457724,0,0.333,1
"Dazap2",0.0448622711529148,-0.936963697692209,0,0.333,1
"Trap1",0.0448622711529148,-1.2401385893157,0,0.333,1
"Srl",0.0448622711529148,-0.936963697692209,0,0.333,1
"Pam16",0.0448622711529148,-0.936963697692209,0,0.333,1
"Grin2a",0.0448622711529148,-0.936963697692209,0,0.333,1
"Gm49521",0.0448622711529148,-0.74941079457724,0,0.333,1
"Gm16139",0.0448622711529148,-0.74941079457724,0,0.333,1
"Dgcr6",0.0448622711529148,-0.74941079457724,0,0.333,1
"Gm15764",0.0448622711529148,-0.936963697692209,0,0.333,1
"Eif4a2",0.0448622711529148,-1.13208526794411,0,0.333,1
"Bdh1",0.0448622711529148,-0.74941079457724,0,0.333,1
"Pdia5",0.0448622711529148,-0.936963697692209,0,0.333,1
"Ndufb4",0.0448622711529148,-0.74941079457724,0,0.333,1
"Naa50",0.0448622711529148,-1.50028681356554,0,0.333,1
"Riox2",0.0448622711529148,-0.74941079457724,0,0.333,1
"ENSMUSG00000120670",0.0448622711529148,-0.74941079457724,0,0.333,1
"Usp16",0.0448622711529148,-0.74941079457724,0,0.333,1
"Mis18a",0.0448622711529148,-0.74941079457724,0,0.333,1
"Tmem50b",0.0448622711529148,-0.74941079457724,0,0.333,1
"Smim11",0.0448622711529148,-1.13208526794411,0,0.333,1
"Morc3",0.0448622711529148,-0.74941079457724,0,0.333,1
"ENSMUSG00000120258",0.0448622711529148,-0.936963697692209,0,0.333,1
"Gm29050",0.0448622711529148,-0.936963697692209,0,0.333,1
"Rsph3a",0.0448622711529148,-1.13208526794411,0,0.333,1
"1700010I14Rik",0.0448622711529148,-0.74941079457724,0,0.333,1
"Tcp10b",0.0448622711529148,-0.936963697692209,0,0.333,1
"Gm3435",0.0448622711529148,-0.936963697692209,0,0.333,1
"Gm35455",0.0448622711529148,-1.13208526794411,0,0.333,1
"Zfp51",0.0448622711529148,-0.74941079457724,0,0.333,1
"Kctd5",0.0448622711529148,-1.2401385893157,0,0.333,1
"Pgp",0.0448622711529148,-1.13208526794411,0,0.333,1
"Syngr3",0.0448622711529148,-0.74941079457724,0,0.333,1
"Fahd1",0.0448622711529148,-1.50028681356554,0,0.333,1
"Ciao3",0.0448622711529148,-0.936963697692209,0,0.333,1
"ENSMUSG00000120308",0.0448622711529148,-0.74941079457724,0,0.333,1
"Pigq",0.0448622711529148,-0.936963697692209,0,0.333,1
"Mrpl28",0.0448622711529148,-0.936963697692209,0,0.333,1
"Gm50013",0.0448622711529148,-0.74941079457724,0,0.333,1
"Gm17382",0.0448622711529148,-1.2401385893157,0,0.333,1
"Anks1",0.0448622711529148,-0.936963697692209,0,0.333,1
"Tead3",0.0448622711529148,-0.74941079457724,0,0.333,1
"Gm26885",0.0448622711529148,-1.13208526794411,0,0.333,1
"Gm26693",0.0448622711529148,-0.74941079457724,0,0.333,1
"Wdr46",0.0448622711529148,-0.74941079457724,0,0.333,1
"Prrt1",0.0448622711529148,-0.74941079457724,0,0.333,1
"1110038B12Rik",0.0448622711529148,-0.936963697692209,0,0.333,1
"Trim39",0.0448622711529148,-0.936963697692209,0,0.333,1
"Zfp57",0.0448622711529148,-0.74941079457724,0,0.333,1
"Adgrf4",0.0448622711529148,-0.74941079457724,0,0.333,1
"ENSMUSG00000120221",0.0448622711529148,-0.936963697692209,0,0.333,1
"Xpo5",0.0448622711529148,-0.74941079457724,0,0.333,1
"Gm9706",0.0448622711529148,-1.13208526794411,0,0.333,1
"Pex6",0.0448622711529148,-0.936963697692209,0,0.333,1
"Mocs1",0.0448622711529148,-0.74941079457724,0,0.333,1
"Plcl2",0.0448622711529148,-1.13208526794411,0,0.333,1
"5830444F18Rik",0.0448622711529148,-0.74941079457724,0,0.333,1
"Fsd1",0.0448622711529148,-0.74941079457724,0,0.333,1
"Rpl36",0.0448622711529148,-0.936963697692209,0,0.333,1
"Ranbp3",0.0448622711529148,-0.74941079457724,0,0.333,1
"Gm31645",0.0448622711529148,-1.13208526794411,0,0.333,1
"Mcfd2",0.0448622711529148,-0.936963697692209,0,0.333,1
"Gm31615",0.0448622711529148,-0.74941079457724,0,0.333,1
"Gm49991",0.0448622711529148,-1.13208526794411,0,0.333,1
"Jcad",0.0448622711529148,-0.74941079457724,0,0.333,1
"Mpp7",0.0448622711529148,-0.74941079457724,0,0.333,1
"Gm50080",0.0448622711529148,-0.74941079457724,0,0.333,1
"Gm6277",0.0448622711529148,-0.74941079457724,0,0.333,1
"Ttc39c",0.0448622711529148,-1.13208526794411,0,0.333,1
"Gm49970",0.0448622711529148,-1.13208526794411,0,0.333,1
"Ss18",0.0448622711529148,-1.50028681356554,0,0.333,1
"Rnf125",0.0448622711529148,-1.13208526794411,0,0.333,1
"Slc39a6",0.0448622711529148,-0.74941079457724,0,0.333,1
"Gm33228",0.0448622711529148,-0.74941079457724,0,0.333,1
"Iws1",0.0448622711529148,-1.2401385893157,0,0.333,1
"Nrep",0.0448622711529148,-0.936963697692209,0,0.333,1
"Epb41l4aos",0.0448622711529148,-0.936963697692209,0,0.333,1
"Egr1",0.0448622711529148,-0.936963697692209,0,0.333,1
"Gm50145",0.0448622711529148,-0.74941079457724,0,0.333,1
"Pcdha10",0.0448622711529148,-0.74941079457724,0,0.333,1
"Pcdh1",0.0448622711529148,-1.2401385893157,0,0.333,1
"Rps14",0.0448622711529148,-0.74941079457724,0,0.333,1
"Slc6a7",0.0448622711529148,-1.13208526794411,0,0.333,1
"Slc26a2",0.0448622711529148,-0.936963697692209,0,0.333,1
"Ppargc1b",0.0448622711529148,-0.936963697692209,0,0.333,1
"Rps15-ps3",0.0448622711529148,-0.74941079457724,0,0.333,1
"Stard6",0.0448622711529148,-0.74941079457724,0,0.333,1
"St8sia5",0.0448622711529148,-1.13208526794411,0,0.333,1
"Pard6g",0.0448622711529148,-0.936963697692209,0,0.333,1
"Cyb5a",0.0448622711529148,-1.13208526794411,0,0.333,1
"Gm45871",0.0448622711529148,-0.936963697692209,0,0.333,1
"Ctsf",0.0448622711529148,-0.74941079457724,0,0.333,1
"Klc2",0.0448622711529148,-1.13208526794411,0,0.333,1
"Eif1ad",0.0448622711529148,-1.13208526794411,0,0.333,1
"Drap1",0.0448622711529148,-0.936963697692209,0,0.333,1
"Gm42067",0.0448622711529148,-0.74941079457724,0,0.333,1
"1700105P06Rik",0.0448622711529148,-0.936963697692209,0,0.333,1
"Tmem223",0.0448622711529148,-0.74941079457724,0,0.333,1
"Tmem258",0.0448622711529148,-0.74941079457724,0,0.333,1
"C730002L08Rik",0.0448622711529148,-0.74941079457724,0,0.333,1
"Gm50445",0.0448622711529148,-0.936963697692209,0,0.333,1
"Cd274",0.0448622711529148,-0.74941079457724,0,0.333,1
"Ifit3",0.0448622711529148,-0.74941079457724,0,0.333,1
"Ppp1r3c",0.0448622711529148,-0.936963697692209,0,0.333,1
"Ubtd1",0.0448622711529148,-0.74941079457724,0,0.333,1
"Ndufb8",0.0448622711529148,-0.936963697692209,0,0.333,1
"Gm35867",0.0448622711529148,-1.13208526794411,0,0.333,1
"Pdcd11",0.0448622711529148,-0.74941079457724,0,0.333,1
"Sh3pxd2a",0.0448622711529148,-1.13208526794411,0,0.333,1
"Stn1",0.0448622711529148,-1.13208526794411,0,0.333,1
"Gm30541",0.0448622711529148,-0.74941079457724,0,0.333,1
"Trub1",0.0448622711529148,-0.74941079457724,0,0.333,1
"Pnlip",0.0448622711529148,-1.13208526794411,0,0.333,1
"Csf2ra",0.0448622711529148,-0.936963697692209,0,0.333,1
"Nudt11",0.0448622711529148,-1.13208526794411,0,0.333,1
"Otud5",0.0448622711529148,-1.2401385893157,0,0.333,1
"Maoa",0.0448622711529148,-0.936963697692209,0,0.333,1
"Fundc1",0.0448622711529148,-0.74941079457724,0,0.333,1
"Ube2a",0.0448622711529148,-0.74941079457724,0,0.333,1
"Upf3b",0.0448622711529148,-0.936963697692209,0,0.333,1
"Gm29242",0.0448622711529148,-0.74941079457724,0,0.333,1
"Gpr119",0.0448622711529148,-0.74941079457724,0,0.333,1
"Zfp449",0.0448622711529148,-1.13208526794411,0,0.333,1
"Cfap47",0.0448622711529148,-0.74941079457724,0,0.333,1
"Gm14798",0.0448622711529148,-1.13208526794411,0,0.333,1
"Gspt2",0.0448622711529148,-0.74941079457724,0,0.333,1
"Igbp1",0.0448622711529148,-0.936963697692209,0,0.333,1
"Taf9b",0.0448622711529148,-0.74941079457724,0,0.333,1
"Tent5d",0.0448622711529148,-0.74941079457724,0,0.333,1
"Nap1l3",0.0448622711529148,-0.74941079457724,0,0.333,1
"Pcdh19",0.0448622711529148,-0.74941079457724,0,0.333,1
"Armcx4",0.0448622711529148,-0.936963697692209,0,0.333,1
"Radx",0.0448622711529148,-1.13208526794411,0,0.333,1
"Tbc1d8b",0.0448622711529148,-1.13208526794411,0,0.333,1
"3010001F23Rik",0.0448622711529148,-0.74941079457724,0,0.333,1
"Cnksr2",0.0448622711529148,-0.936963697692209,0,0.333,1
"Zrsr2",0.0448622711529148,-1.13208526794411,0,0.333,1
"BC022960",0.0448622711529148,-0.936963697692209,0,0.333,1
"Uty",0.0448622711529148,-1.89701750338334,0,0.333,1
"Bclaf1",0.0459236936766921,-0.822648349442757,0.571,1,1
"Gm14211",0.0465745998371954,-1.11306582088657,0.214,1,1
"Ptov1",0.0465745998371954,-1.11796802704556,0.214,1,1
"Selenoo",0.0465745998371954,-1.1230499289824,0.214,1,1
"Sobp",0.0479225927360571,-1.3808973924075,0.357,1,1
"Taok1",0.0479225927360571,-1.01077684983823,0.357,1,1
"Ranbp3l",0.0479225927360571,-0.842181356397359,0.357,1,1
"Marchf6",0.0479225927360571,-0.950607114099794,0.357,1,1
"Trerf1",0.0479225927360571,-0.965582253328694,0.357,1,1
"Marchf1",0.0502745685464767,2.39669993090055,0.929,0.333,1
"Gnao1",0.0508413493260578,-0.856288753202372,0.929,1,1
"Tcea1",0.0515683464446731,-1.12962945120262,0.143,0.667,1
"Kif1a",0.0515683464446731,-1.24930761783845,0.143,0.667,1
"Gm10516",0.0515683464446731,-1.08310583816555,0.143,0.667,1
"Ndufa8",0.0515683464446731,-1.10269255871723,0.143,0.667,1
"Sp3",0.0515683464446731,-1.10519987661962,0.143,0.667,1
"Cwc22",0.0515683464446731,-1.18094255991709,0.143,0.667,1
"Spg11",0.0515683464446731,-1.06279356402867,0.143,0.667,1
"Phf20",0.0515683464446731,-0.961377978086863,0.143,0.667,1
"Manbal",0.0515683464446731,-1.17597616069184,0.143,0.667,1
"Naa15",0.0515683464446731,-1.54098313772964,0.143,0.667,1
"Mapre3",0.0515683464446731,-1.21279053786195,0.143,0.667,1
"Chfr",0.0515683464446731,-1.06279356402867,0.143,0.667,1
"Eif4h",0.0515683464446731,-1.36278733072697,0.143,0.667,1
"Smim10l1",0.0515683464446731,-1.4422706752575,0.143,0.667,1
"Clasrp",0.0515683464446731,-1.21279053786195,0.143,0.667,1
"Arntl",0.0515683464446731,-0.986398791527669,0.143,0.667,1
"Tmem208",0.0515683464446731,-1.11882450991915,0.143,0.667,1
"Ubash3b",0.0515683464446731,-1.2062955780866,0.143,0.667,1
"Micu1",0.0515683464446731,-1.48837894779966,0.143,0.667,1
"Zwint",0.0515683464446731,-1.18565953889559,0.143,0.667,1
"Dctn2",0.0515683464446731,-1.13281752355152,0.143,0.667,1
"Cfap36",0.0515683464446731,-1.10779671011071,0.143,0.667,1
"Becn1",0.0515683464446731,-1.18671859702904,0.143,0.667,1
"Erh",0.0515683464446731,-1.07403294735053,0.143,0.667,1
"Gm49179",0.0515683464446731,-1.13281752355152,0.143,0.667,1
"Tatdn1",0.0515683464446731,-1.17597616069184,0.143,0.667,1
"Senp1",0.0515683464446731,-1.18067690320642,0.143,0.667,1
"Lima1",0.0515683464446731,-1.55712029195697,0.143,0.667,1
"Mcts1",0.0515683464446731,-1.24546408791468,0.143,0.667,1
"Ube3c",0.0537556577981051,-1.18117047773416,0.429,1,1
"Gpcpd1",0.0568809919988937,-1.05503067510781,0.286,1,1
"Prxl2a",0.0568809919988937,-0.980903379433718,0.286,1,1
"2610020C07Rik",0.0568809919988937,-0.585035697773652,0.286,1,1
"4930445B16Rik",0.0583663346772749,2.06084785683872,0.714,0,1
"Trpm7",0.0583663346772749,1.74565282853481,0.714,0,1
"Eif4g3",0.0583663346772749,2.22219964228731,0.714,0,1
"Enpp2",0.0583663346772749,-1.26562807279212,0.5,1,1
"Nol4",0.0583663346772749,2.15930758265339,0.714,0,1
"Rlf",0.0606640103616135,-1.04170959546273,0.214,0.667,1
"Kdm1a",0.0606640103616135,-1.04623395246569,0.214,0.667,1
"Exosc10",0.0606640103616135,-1.31625778451608,0.214,0.667,1
"Tcf7l1",0.0606640103616135,-1.18386563401524,0.214,0.667,1
"Gm10785",0.0606640103616135,-1.17974715395882,0.214,0.667,1
"Riok3",0.0606640103616135,-1.20053731599177,0.214,0.667,1
"Asrgl1",0.0606640103616135,-1.39583417729252,0.214,0.667,1
"Fads2",0.0606640103616135,-1.16768390219844,0.214,0.667,1
"Srek1",0.0618577894915742,-0.959941706492132,0.571,1,1
"Gpatch8",0.0643660284017885,1.29138289894928,0.786,0.333,1
"Zfp608",0.0643660284017885,-1.12959906097692,0.643,1,1
"Tuba1a",0.0653684530596058,-0.94561985756805,0.214,1,1
"Nxpe4",0.0655283137518912,-0.96010633251937,0.357,1,1
"Epc1",0.0655283137518912,-1.12600422617984,0.357,1,1
"Ppp3ca",0.0670524457774613,-1.33498847490397,0.786,1,1
"Nfib",0.0670524457774613,-0.82910018627249,0.786,1,1
"Slc1a2",0.0677255914784651,-0.410944309838382,1,1,1
"Ncam1",0.0677255914784651,-1.13700817253262,0.929,1,1
"Slc35f1",0.0677255914784651,1.39209725113941,0.929,1,1
"Paqr8",0.0725295770910263,-0.434757938979517,0.429,1,1
"Zkscan3",0.0725295770910263,-0.961753585453554,0.429,1,1
"Gm32509",0.0725295770910263,-1.24784442241929,0.429,1,1
"Aox1",0.0754959169209541,-1.10559856610158,0.143,0.667,1
"Zbed6",0.0754959169209541,-1.12360611774051,0.143,0.667,1
"Sirpa",0.0754959169209541,-1.04504984288947,0.143,0.667,1
"Tpd52l2",0.0754959169209541,-0.973658870077685,0.143,0.667,1
"Uckl1",0.0754959169209541,-1.16440683426985,0.143,0.667,1
"Rpl34",0.0754959169209541,-0.998480124882431,0.143,0.667,1
"Wasf2",0.0754959169209541,-0.932348203623774,0.143,0.667,1
"Tardbp",0.0754959169209541,-1.49874792372902,0.143,0.667,1
"Selenoi",0.0754959169209541,-1.03478173635818,0.143,0.667,1
"Gm26703",0.0754959169209541,-1.08634451975619,0.143,0.667,1
"Zfp746",0.0754959169209541,-1.28750316859951,0.143,0.667,1
"Lrrn1",0.0754959169209541,-0.997475082756837,0.143,0.667,1
"Gys1",0.0754959169209541,-0.926983666527411,0.143,0.667,1
"Rgma",0.0754959169209541,-0.526157848886703,0.143,0.667,1
"Pcf11",0.0754959169209541,-0.921572521504063,0.143,0.667,1
"Rnf141",0.0754959169209541,-0.998480124882431,0.143,0.667,1
"Dlc1",0.0754959169209541,-0.999738776602255,0.143,0.667,1
"Hmgxb4",0.0754959169209541,-0.95878114459577,0.143,0.667,1
"Vps35",0.0754959169209541,-1.32477929517144,0.143,0.667,1
"Bckdhb",0.0754959169209541,-0.870015949787609,0.143,0.667,1
"Ip6k2",0.0754959169209541,-1.10049772754906,0.143,0.667,1
"Cnot10",0.0754959169209541,-0.94172230915369,0.143,0.667,1
"Cct2",0.0754959169209541,-0.94172230915369,0.143,0.667,1
"Mbd6",0.0754959169209541,-1.29715006303423,0.143,0.667,1
"Gm12002",0.0754959169209541,-1.07741600372774,0.143,0.667,1
"Npm1",0.0754959169209541,-0.911427172334512,0.143,0.667,1
"Zfp672",0.0754959169209541,-0.92734555498604,0.143,0.667,1
"Rnf187",0.0754959169209541,-1.09175146701608,0.143,0.667,1
"Scpep1",0.0754959169209541,-1.00896231788957,0.143,0.667,1
"Kcnh5",0.0754959169209541,-1.11016073243534,0.143,0.667,1
"6720427I07Rik",0.0754959169209541,-1.15706323168302,0.143,0.667,1
"Appl1",0.0754959169209541,-1.22092326033695,0.143,0.667,1
"Mapk8",0.0754959169209541,-0.921838178214732,0.143,0.667,1
"Dad1",0.0754959169209541,-1.16882520022413,0.143,0.667,1
"Gjb6",0.0754959169209541,-0.859728523942653,0.143,0.667,1
"Zdhhc20",0.0754959169209541,-1.15598382662307,0.143,0.667,1
"Dbx2",0.0754959169209541,-1.56539906673861,0.143,0.667,1
"Spidr",0.0754959169209541,-1.43069887740312,0.143,0.667,1
"Cep19",0.0754959169209541,-1.02149382838546,0.143,0.667,1
"Ubxn7",0.0754959169209541,-0.985920718652853,0.143,0.667,1
"Cox17",0.0754959169209541,-1.28232445017062,0.143,0.667,1
"Agpat4",0.0754959169209541,-0.828963402280271,0.143,0.667,1
"Zfp160",0.0754959169209541,-1.12360611774051,0.143,0.667,1
"Phf1",0.0754959169209541,-0.760855819161036,0.143,0.667,1
"Gm26749",0.0754959169209541,-1.39637601817508,0.143,0.667,1
"Ndst1",0.0754959169209541,-0.953686156159587,0.143,0.667,1
"Gm50232",0.0754959169209541,-1.01694380152412,0.143,0.667,1
"Mrpl43",0.0754959169209541,-1.12617471091413,0.143,0.667,1
"Tro",0.0754959169209541,-1.49032972714268,0.143,0.667,1
"Unc13c",0.0775778871664419,1.41743853295051,0.929,0.667,1
"Norad",0.0778717291104722,-0.95161831813813,0.286,1,1
"Tia1",0.0778717291104722,-0.88639003859508,0.286,1,1
"Gm16168",0.0778717291104722,-0.879755489798522,0.286,1,1
"Megf10",0.0778717291104722,-1.16622490526186,0.286,1,1
"Spon1",0.0780035934731292,-1.95179902012995,0.5,1,1
"Gli3",0.0780035934731292,-1.15003329183475,0.5,1,1
"Trio",0.0780035934731292,-0.980138571039121,0.5,1,1
"Rfx7",0.082116857748985,-0.960495521955308,0.571,1,1
"Kcnma1",0.082116857748985,-1.12649703572342,0.571,1,1
"Chn1",0.0837609191580285,1.68111884673003,0.643,0,1
"Scg5",0.0837609191580285,1.67147520930763,0.643,0,1
"Spred1",0.0837609191580285,1.9899918461211,0.643,0,1
"Dhx36",0.0837609191580285,1.56361139035578,0.643,0,1
"Tmtc2",0.0837609191580285,2.14428057501437,0.643,0,1
"Tafa2",0.0837609191580285,2.04815923074258,0.643,0,1
"Ugp2",0.0837609191580285,1.75676645939694,0.643,0,1
"Paip2",0.0837609191580285,1.85380315967837,0.643,0,1
"Tmem47",0.0837609191580285,1.53455306304385,0.643,0,1
"Atp6v0b",0.0850559494682554,-0.86334733920105,0.643,1,1
"Magi1",0.0850559494682554,1.3010250392245,0.786,0.333,1
"Ctnna3",0.0850559494682554,-0.74310539759954,0.643,1,1
"Ankrd28",0.0850559494682554,1.38258336017722,0.786,0.333,1
"Glis3",0.0850559494682554,1.7930669579686,0.786,0.333,1
"Tank",0.0855036503281909,-1.07104634025738,0.214,0.667,1
"Mysm1",0.0855036503281909,-1.01113838436512,0.214,0.667,1
"Cdk11b",0.0855036503281909,-1.03755129749435,0.214,0.667,1
"Dnajb6",0.0855036503281909,-1.40096054703666,0.214,0.667,1
"Gm44257",0.0855036503281909,-1.11412706004144,0.214,0.667,1
"Aplp1",0.0855036503281909,-1.22984197653684,0.214,0.667,1
"Lats1",0.0855036503281909,-0.81368857047321,0.214,0.667,1
"Timp3",0.0855036503281909,-1.12140421863648,0.214,0.667,1
"Mboat2",0.0855036503281909,-1.17905125445722,0.214,0.667,1
"Zcrb1",0.0855036503281909,-1.01184042068889,0.214,0.667,1
"Ankhd1",0.0855036503281909,-1.25466063760572,0.214,0.667,1
"Smc3",0.0855036503281909,-1.05802326442122,0.214,0.667,1
"Kdm5b",0.08815356222816,-0.863363262298129,0.357,1,1
"Wwtr1",0.08815356222816,-0.923776528220111,0.357,1,1
"Ppfibp1",0.08815356222816,-0.922829899203042,0.357,1,1
"Fbxo7",0.08815356222816,-0.776852039356103,0.357,1,1
"Safb",0.08815356222816,-0.974311040318913,0.357,1,1
"Frmd4a",0.0889730117018133,-0.710362782526345,1,1,1
"Lrrc4c",0.0889730117018133,0.960503791106462,1,1,1
"Wdr17",0.0889730117018133,0.753481514816988,1,1,1
"Maml2",0.0889730117018133,-0.999270514054651,0.929,1,1
"Ccdc88a",0.0889730117018133,-0.647429981038471,0.929,1,1
"Prkn",0.0889730117018133,1.14416087292684,1,0.667,1
"Gulp1",0.0900163391243299,-0.978610111873264,0.286,0.667,1
"Creb1",0.0900163391243299,-1.21654594034999,0.286,0.667,1
"Dennd5b",0.0900163391243299,-1.13624167529986,0.286,0.667,1
"Izumo4",0.0900163391243299,-1.20542030460554,0.286,0.667,1
"Tns3",0.0900163391243299,-1.51437950795868,0.286,0.667,1
"Nbas",0.0900163391243299,-1.02999089725138,0.286,0.667,1
"Tmem161b",0.0900163391243299,-1.21989585252891,0.286,0.667,1
"Cmss1",0.0900163391243299,-1.38639451256797,0.286,0.667,1
"Atad2b",0.0963607097970892,-0.650450557960974,0.429,1,1
"Supt3",0.0963607097970892,-0.849930418910975,0.429,1,1
"Arhgap12",0.0963607097970892,-1.19452124543429,0.429,1,1
"Cdk12",0.102712842432288,-1.16547355403129,0.5,1,1
"Arhgap21",0.104778318878801,-0.846549919807647,0.286,1,1
"Acox1",0.104778318878801,-0.76528748180942,0.286,1,1
"Pdzrn4",0.104778318878801,-0.863117426099918,0.286,1,1
"Btrc",0.104778318878801,-0.949153118555066,0.286,1,1
"Hes5",0.107451742856834,1.64874745734751,0.714,0.333,1
"Csgalnact1",0.107451742856834,-0.915806906495005,0.571,1,1
"Stag1",0.107451742856834,-1.14877314668402,0.571,1,1
"Appl2",0.107451742856834,1.64865926361523,0.714,0.333,1
"Nlk",0.107451742856834,-1.18231292592106,0.571,1,1
"Fbxl17",0.107451742856834,1.38298190588737,0.714,0.333,1
"Mrpl41",0.107800192346984,-0.888363004334329,0.143,0.667,1
"Scn3a",0.107800192346984,-1.02833728465135,0.143,0.667,1
"Snrpb",0.107800192346984,-0.924841701059965,0.143,0.667,1
"Ypel3",0.107800192346984,-0.80205905369992,0.143,0.667,1
"Ssbp4",0.107800192346984,-0.894006302246493,0.143,0.667,1
"Phlpp2",0.107800192346984,-0.792658424132999,0.143,0.667,1
"Map1lc3b",0.107800192346984,-0.735243413178946,0.143,0.667,1
"1110032A03Rik",0.107800192346984,-0.895745566122025,0.143,0.667,1
"Hspa4",0.107800192346984,-0.896682157871376,0.143,0.667,1
"Rnps1",0.107800192346984,-0.858421822231401,0.143,0.667,1
"Hagh",0.107800192346984,-0.859720128216791,0.143,0.667,1
"Prr3",0.107800192346984,-0.889337519430511,0.143,0.667,1
"Tmem216",0.107800192346984,-0.925082441160369,0.143,0.667,1
"Bex2",0.107800192346984,-0.894006302246493,0.143,0.667,1
"Pbx1",0.115290617071394,0.790689020378746,0.929,1,1
"Ptn",0.115290617071394,0.828191359181903,0.929,1,1
"Pde4d",0.115290617071394,-0.605699950961079,0.929,1,1
"Dennd1b",0.116694174137547,1.54546675483082,0.571,0,1
"Slc24a3",0.116694174137547,-1.13788743900088,0.357,1,1
"Srsf11",0.116694174137547,1.57367710482939,0.571,0,1
"Nfx1",0.116694174137547,-0.740787785727564,0.357,1,1
"Tmem59",0.116694174137547,1.49764744178898,0.571,0,1
"Akap9",0.116694174137547,1.48825752363548,0.571,0,1
"Adam22",0.116694174137547,2.03876878711639,0.571,0,1
"Gsdme",0.116694174137547,1.39650870878114,0.571,0,1
"Dock3",0.116694174137547,1.88088648882352,0.571,0,1
"Psap",0.116694174137547,1.79167821936794,0.571,0,1
"Ppfia2",0.116694174137547,1.99872195960677,0.571,0,1
"Ppp1r12a",0.116694174137547,1.94228786812985,0.571,0,1
"Atxn7l3b",0.116694174137547,1.58795750899872,0.571,0,1
"Ywhae",0.116694174137547,1.6423261834541,0.571,0,1
"Nxn",0.116694174137547,1.7129150422739,0.571,0,1
"2610035D17Rik",0.116694174137547,2.05710960819189,0.571,0,1
"Akap6",0.116694174137547,1.87980345236672,0.571,0,1
"Sdha",0.116694174137547,1.49623092148938,0.571,0,1
"Ccser2",0.116694174137547,1.33520831328625,0.571,0,1
"Trim35",0.116694174137547,-0.824261183004676,0.357,1,1
"Cox6c",0.116694174137547,1.45098791340028,0.571,0,1
"Zhx2",0.116694174137547,1.5011256668478,0.571,0,1
"Phf20l1",0.116694174137547,1.84200510111861,0.571,0,1
"Chst9",0.116694174137547,2.13647124829531,0.571,0,1
"Mapre2",0.116694174137547,1.60970267222574,0.571,0,1
"Clk1",0.117986667345931,-1.27282990665132,0.214,0.667,1
"Gm38187",0.117986667345931,-1.07836021863354,0.214,0.667,1
"Mga",0.117986667345931,-0.89709161890972,0.214,0.667,1
"Sppl2a",0.117986667345931,-0.894920851747462,0.214,0.667,1
"4933431E20Rik",0.117986667345931,-0.952073271056513,0.214,0.667,1
"Tmeff1",0.117986667345931,-0.879758123039638,0.214,0.667,1
"Srrm1",0.117986667345931,-0.898576475125845,0.214,0.667,1
"Clstn1",0.117986667345931,-0.894920851747462,0.214,0.667,1
"ENSMUSG00000120023",0.117986667345931,-0.870598036831853,0.214,0.667,1
"Prr14l",0.117986667345931,-0.923709259044066,0.214,0.667,1
"Cecr2",0.117986667345931,-0.911645324184678,0.214,0.667,1
"Herc2",0.117986667345931,-0.9917528030063,0.214,0.667,1
"Gpt2",0.117986667345931,-1.02601863046538,0.214,0.667,1
"Csnk2a2",0.117986667345931,-1.3892671338248,0.214,0.667,1
"Gse1",0.117986667345931,-1.11369575437888,0.214,0.667,1
"Dop1a",0.117986667345931,-0.90275956027816,0.214,0.667,1
"Mir6236",0.117986667345931,-0.898452734686618,0.214,0.667,1
"E530011L22Rik",0.117986667345931,-1.00060659016378,0.214,0.667,1
"Lin7a",0.117986667345931,-0.865387180022016,0.214,0.667,1
"Synrg",0.117986667345931,-1.21762567104627,0.214,0.667,1
"Dtnb",0.117986667345931,-1.54597997169227,0.214,0.667,1
"Map4k5",0.117986667345931,-0.94106842940765,0.214,0.667,1
"Jkamp",0.117986667345931,-0.94404502321375,0.214,0.667,1
"Rps6ka5",0.117986667345931,-1.20062835405419,0.214,0.667,1
"Cdk13",0.117986667345931,-0.929023945784227,0.214,0.667,1
"Tubb2a",0.117986667345931,-1.00070778741051,0.214,0.667,1
"Nkiras1",0.117986667345931,-0.923709259044066,0.214,0.667,1
"Mgrn1",0.117986667345931,-1.38218790076687,0.214,0.667,1
"Ubn1",0.117986667345931,-0.972995372456482,0.214,0.667,1
"Ccny",0.117986667345931,-0.872369348872082,0.214,0.667,1
"Shroom4",0.117986667345931,-0.969124756118423,0.214,0.667,1
"Thrap3",0.120760337217362,-1.0052062800512,0.357,0.667,1
"Sesn1",0.120760337217362,-0.973098139592744,0.357,0.667,1
"Edil3",0.120760337217362,-2.15452517057571,0.357,0.667,1
"Zfand3",0.120760337217362,-1.24575280002293,0.357,0.667,1
"Sos1",0.120760337217362,-0.769864989287757,0.357,0.667,1
"Uhrf2",0.120760337217362,-1.32827000265727,0.357,0.667,1
"Xpr1",0.121648027983496,-1.22349966077383,0.286,0.667,1
"Fam171b",0.121648027983496,-0.93034107928213,0.286,0.667,1
"Ust",0.121648027983496,-1.07390018535002,0.286,0.667,1
"Lrmda",0.121648027983496,-1.17418146816142,0.286,0.667,1
"Megf11",0.126081550534921,-1.0789571331173,0.429,1,1
"Nbea",0.128207710810267,0.988210717949596,0.786,0.667,1
"Rbfox1",0.128207710810267,1.11928755537982,0.786,0.667,1
"Pias1",0.133279446867918,-0.94993073499161,0.5,1,1
"Slc7a11",0.138613780106635,1.61510538837072,0.714,0.333,1
"Syn2",0.138613780106635,-0.849659556925611,0.571,1,1
"Prkcb",0.138613780106635,-1.22148597795897,0.571,1,1
"Bcas3",0.138613780106635,-0.711803071659662,0.571,1,1
"Kcnq3",0.138613780106635,1.4900978297467,0.714,0.333,1
"Atp6v0c",0.142388922598868,1.40479800944203,0.786,0.333,1
"Rab31",0.142388922598868,-1.39921684564849,0.643,1,1
"Sat1",0.144889034924338,-0.573626555965998,0.714,1,1
"Sntg1",0.146382619056001,1.20157002761864,0.857,0.667,1
"Sfxn5",0.146382619056001,-0.775273508975173,0.786,1,1
"Mgll",0.146382619056001,0.966866504385622,0.857,0.667,1
"Sgcz",0.146382619056001,1.30785245662552,0.929,0.333,1
"Abhd17b",0.146382619056001,0.857551983945416,0.857,0.667,1
"Gphn",0.147375618623047,1.03113939077805,1,0.667,1
"Dmd",0.147375618623047,0.595559745455499,1,1,1
"Stk39",0.150184584238573,-0.773453242904462,0.143,0.667,1
"Tet2",0.150184584238573,-0.727266118491943,0.143,0.667,1
"Slc46a3",0.150184584238573,-0.832647085313722,0.143,0.667,1
"Prdm5",0.150184584238573,-0.773453242904462,0.143,0.667,1
"Zfp74",0.150184584238573,-0.886867065314128,0.143,0.667,1
"Ppme1",0.150184584238573,-0.837803658256362,0.143,0.667,1
"Zfp426",0.150184584238573,-0.822836472539169,0.143,0.667,1
"Ncapd3",0.150184584238573,-0.867070329211773,0.143,0.667,1
"Cul5",0.150184584238573,-0.856191529865394,0.143,0.667,1
"Ctnnb1",0.150184584238573,-0.828228719359443,0.143,0.667,1
"Marcks",0.150184584238573,-0.778422969036112,0.143,0.667,1
"Polr3b",0.150184584238573,-0.727425890432145,0.143,0.667,1
"Rars",0.150184584238573,-0.857200157000376,0.143,0.667,1
"Fstl4",0.150184584238573,-0.857299831450289,0.143,0.667,1
"Bcap29",0.150184584238573,-0.837801836883841,0.143,0.667,1
"Pdcd6",0.150184584238573,-0.837803658256362,0.143,0.667,1
"Nadk2",0.150184584238573,-0.79210304002433,0.143,0.667,1
"Sdc2",0.150184584238573,-0.707606273241321,0.143,0.667,1
"Foxn2",0.150184584238573,-0.685394431594188,0.143,0.667,1
"Dnajc18",0.150184584238573,-0.577098583758235,0.143,0.667,1
"Tmx3",0.150184584238573,-0.953416200507006,0.143,0.667,1
"Fam184b",0.152033933595152,-0.97930219913382,0.429,0.667,1
"Itfg1",0.152033933595152,-0.762622599981106,0.357,1,1
"Arid4a",0.152033933595152,-1.21436681038179,0.429,0.667,1
"Cspp1",0.158381344306086,1.44842349214896,0.5,0,1
"Rftn2",0.158381344306086,-0.886924211043381,0.357,0.667,1
"Abi2",0.158381344306086,1.26166721122694,0.5,0,1
"Gm15584",0.158381344306086,1.571071042112,0.5,0,1
"Akt3",0.158381344306086,1.93113451417695,0.5,0,1
"Pax6",0.158381344306086,1.61586092374919,0.5,0,1
"Mfn1",0.158381344306086,1.36489114853846,0.5,0,1
"Trim33",0.158381344306086,1.34309805974464,0.5,0,1
"Cxxc4",0.158381344306086,1.48889113564026,0.5,0,1
"Fam110b",0.158381344306086,1.6233238147321,0.5,0,1
"Cntln",0.158381344306086,1.44472174491382,0.5,0,1
"Kcnip4",0.158381344306086,1.61945830673759,0.5,0,1
"Sbno1",0.158381344306086,1.48465642152492,0.5,0,1
"Gtf2i",0.158381344306086,1.65679553236119,0.5,0,1
"Gmcl1",0.158381344306086,1.41832847915279,0.5,0,1
"Chd4",0.158381344306086,1.73102756845748,0.5,0,1
"Polg",0.158381344306086,1.5560607579628,0.5,0,1
"Emsy",0.158381344306086,-0.934305131046899,0.357,0.667,1
"Ate1",0.158381344306086,1.6877102740602,0.5,0,1
"Zranb1",0.158381344306086,-0.838678105537387,0.357,0.667,1
"Adgrl1",0.158381344306086,1.34526245621548,0.5,0,1
"Mapk6",0.158381344306086,1.29747581321157,0.5,0,1
"Spop",0.158381344306086,1.32684051570779,0.5,0,1
"Wdr20",0.158381344306086,1.33795140457214,0.5,0,1
"Erbin",0.158381344306086,1.48096751913908,0.5,0,1
"Slmap",0.158381344306086,-0.878901415531464,0.357,0.667,1
"Fermt2",0.158381344306086,1.66456066719392,0.5,0,1
"Zmym2",0.158381344306086,1.47940822830632,0.5,0,1
"ENSMUSG00000120164",0.158381344306086,1.68912575679835,0.5,0,1
"Gm5089",0.158381344306086,1.8743724562589,0.5,0,1
"Klhl24",0.158381344306086,1.41020905543706,0.5,0,1
"Grik1",0.158381344306086,1.89591155657881,0.5,0,1
"Afdn",0.158381344306086,1.37986803305344,0.5,0,1
"Ubr2",0.158381344306086,-0.96808492535501,0.357,0.667,1
"Kat2b",0.158381344306086,1.35288909137021,0.5,0,1
"Clpp",0.158381344306086,1.43457544515267,0.5,0,1
"Ube2d2a",0.158381344306086,1.68214253479016,0.5,0,1
"Jakmip2",0.158381344306086,1.45577103750179,0.5,0,1
"Prr16",0.158381344306086,1.67915463308939,0.5,0,1
"Gm9925",0.158381344306086,1.20596511598632,0.5,0,1
"Mark2",0.158381344306086,1.60925768299269,0.5,0,1
"Nt5c2",0.158381344306086,1.57059755111124,0.5,0,1
"Diaph2",0.158381344306086,1.8201060805495,0.5,0,1
"Atg16l1",0.159441528300781,-0.851839505986938,0.214,0.667,1
"Taf3",0.159441528300781,-0.820381581872003,0.214,0.667,1
"Ehmt1",0.159441528300781,-0.891295251494894,0.214,0.667,1
"Itga6",0.159441528300781,-1.00966583333168,0.214,0.667,1
"Naa20",0.159441528300781,-1.07909695431673,0.214,0.667,1
"Slc9a8",0.159441528300781,-1.3290132317822,0.214,0.667,1
"Pkn2",0.159441528300781,-0.747618212810149,0.214,0.667,1
"Nfyc",0.159441528300781,-0.802219081095433,0.214,0.667,1
"Kmt2e",0.159441528300781,-1.14754259273615,0.214,0.667,1
"Babam2",0.159441528300781,-0.876530244370062,0.214,0.667,1
"Tpcn1",0.159441528300781,-0.818654327756377,0.214,0.667,1
"Rpl21",0.159441528300781,-0.887656643520671,0.214,0.667,1
"Hibadh",0.159441528300781,-0.730737287339985,0.214,0.667,1
"Cox6b1",0.159441528300781,-0.696893134584441,0.214,0.667,1
"Katnip",0.159441528300781,-0.906655449177166,0.214,0.667,1
"Pkn1",0.159441528300781,-0.721613826654346,0.214,0.667,1
"Ogfod1",0.159441528300781,-0.747618212810149,0.214,0.667,1
"Xrn1",0.159441528300781,-0.490459127648737,0.214,0.667,1
"Tab2",0.159441528300781,-0.761222247472445,0.214,0.667,1
"Emid1",0.159441528300781,-1.13351480393437,0.214,0.667,1
"ENSMUSG00000120006",0.159441528300781,-0.806458375358879,0.214,0.667,1
"Aatk",0.159441528300781,-0.794842576241532,0.214,0.667,1
"Pals1",0.159441528300781,-0.566756470415984,0.214,0.667,1
"Lin52",0.159441528300781,-1.07158347860445,0.214,0.667,1
"Tmem196",0.159441528300781,-1.07158347860445,0.214,0.667,1
"Cetn3",0.159441528300781,-0.784827945837585,0.214,0.667,1
"Snx9",0.159441528300781,-1.28797932592917,0.214,0.667,1
"Arhgap26",0.159441528300781,-0.9355907432382,0.214,0.667,1
"Fads1",0.159441528300781,-0.810114462562967,0.214,0.667,1
"Vps13a",0.159441528300781,-0.89522397501928,0.214,0.667,1
"Hdx",0.159441528300781,-0.867323122225021,0.214,0.667,1
"Mid1",0.159441528300781,-0.835935158813357,0.214,0.667,1
"Swi5",0.161371202379415,-0.857008603408975,0.286,0.667,1
"Ralgapa2",0.161371202379415,-1.51180406826457,0.286,0.667,1
"Ptms",0.161371202379415,-0.881935312136988,0.286,0.667,1
"Btbd10",0.161371202379415,-0.842721980434583,0.286,0.667,1
"Kat6a",0.161371202379415,-0.810468732134717,0.286,0.667,1
"Taf15",0.161371202379415,-1.06367097911018,0.286,0.667,1
"Dzip3",0.161371202379415,-0.937438403956264,0.286,0.667,1
"Itsn1",0.161371202379415,-1.16722740105458,0.286,0.667,1
"Ptchd4",0.161371202379415,-1.39957596813143,0.286,0.667,1
"Kcnh7",0.162498550627488,-0.44845611748096,0.429,1,1
"Zcchc7",0.163184643668108,0.809894603649865,0.786,0.667,1
"Gpm6a",0.165527250919008,0.922754078074655,0.929,0.667,1
"Msi2",0.165527250919008,1.36061854349244,0.929,0.667,1
"Rbm5",0.170453834419036,1.14905332615586,0.643,0.333,1
"Lrp1",0.170453834419036,1.42621055718427,0.643,0.333,1
"Adcy2",0.170453834419036,1.26511190533126,0.643,0.333,1
"Ssbp2",0.170453834419036,1.38015262320793,0.643,0.333,1
"Dpp10",0.176313678593674,1.5965081484666,0.714,0.333,1
"Pcm1",0.176313678593674,1.14939562176757,0.714,0.333,1
"Ankrd12",0.176313678593674,-0.709272084615388,0.571,1,1
"Cdh20",0.180443223638954,-0.764708895342018,0.643,1,1
"Aak1",0.180443223638954,-0.733736236685218,0.643,1,1
"Ttc19",0.180443223638954,-0.610777116584315,0.643,1,1
"Oxr1",0.180443223638954,-0.678860481397084,0.643,1,1
"Shc4",0.183450042921316,-1.04477779191097,0.5,0.667,1
"Phf21a",0.18560702204669,-0.496575831124921,0.857,1,1
"B3galt1",0.185876732365876,0.536162703023465,0.929,1,1
"Ptprd",0.185876732365876,0.827674826549351,1,1,1
"Csmd3",0.185876732365876,0.889150321959093,1,1,1
"Mir99ahg",0.185876732365876,-0.253790123458089,1,1,1
"Tmem132b",0.19498701147045,-0.425991098007381,0.357,1,1
"Cntn6",0.19498701147045,-1.18436507008446,0.429,0.667,1
"Fgd4",0.19498701147045,-1.06634538735308,0.429,0.667,1
"Lix1",0.19498701147045,-0.888160508473319,0.429,0.667,1
"Sox8",0.19498701147045,-0.784189364898921,0.429,0.667,1
"Armh3",0.19498701147045,-0.692534955732601,0.357,1,1
"Hecw2",0.204268922588589,-0.917885517783448,0.357,0.667,1
"Trip12",0.204268922588589,-0.839247180934013,0.357,0.667,1
"Phkb",0.204268922588589,-1.1253967131806,0.357,0.667,1
"Pura",0.204268922588589,-0.761565020216389,0.357,0.667,1
"Lcor",0.204268922588589,-0.674062137373897,0.357,0.667,1
"Fgf13",0.204268922588589,-0.946886742597062,0.357,0.667,1
"Rbm39",0.204914705531614,0.885659622911886,0.786,0.667,1
"Abi1",0.206338891205526,-0.486283851121055,0.429,1,1
"Ahcyl1",0.206338891205526,-0.857710022896173,0.429,1,1
"Grik4",0.206338891205526,-1.03012246178998,0.429,1,1
"Arhgap26.1",0.206338891205526,-0.585786601943994,0.429,1,1
"Ndufs1",0.210185201248802,1.3175052934076,0.429,0,1
"Gm4258",0.210185201248802,1.38182760106653,0.429,0,1
"Atf6",0.210185201248802,1.28352449259147,0.429,0,1
"Cep170",0.210185201248802,1.260365902525,0.429,0,1
"Sdccag8",0.210185201248802,1.18972001328797,0.429,0,1
"Rsu1",0.210185201248802,1.22977180168858,0.429,0,1
"Epc2",0.210185201248802,1.25580905812374,0.429,0,1
"Fnbp4",0.210185201248802,1.1110804632355,0.429,0,1
"Mtch2",0.210185201248802,1.45439676034976,0.429,0,1
"Ttc17",0.210185201248802,1.16465061808806,0.429,0,1
"Mpped2",0.210185201248802,-1.18476082628839,0.286,0.667,1
"Lgr4",0.210185201248802,1.14731857923358,0.429,0,1
"Mrps5",0.210185201248802,1.2047379870627,0.429,0,1
"Acss1",0.210185201248802,1.53713342701711,0.429,0,1
"Asxl1",0.210185201248802,1.18363312845579,0.429,0,1
"Ppp4r1l-ps",0.210185201248802,-1.26402577991751,0.286,0.667,1
"Stx16",0.210185201248802,1.10030910630652,0.429,0,1
"Mir124-2hg",0.210185201248802,1.43042079579828,0.429,0,1
"Pde7a",0.210185201248802,1.19292087732615,0.429,0,1
"Fxr1",0.210185201248802,1.20853787920866,0.429,0,1
"P2ry14",0.210185201248802,-0.712873973693786,0.286,0.667,1
"Lrba",0.210185201248802,1.71690737064884,0.429,0,1
"Usp45",0.210185201248802,1.40383241276897,0.429,0,1
"Gm12394",0.210185201248802,-0.716541709426518,0.286,0.667,1
"AU040320",0.210185201248802,1.18424966081678,0.429,0,1
"Nub1",0.210185201248802,-0.744190955431263,0.286,0.667,1
"Scfd2",0.210185201248802,-0.857120557616717,0.286,0.667,1
"Wdfy3",0.210185201248802,1.44009709448349,0.429,0,1
"Pebp1",0.210185201248802,1.37621806771122,0.429,0,1
"Ccz1",0.210185201248802,1.51489836027529,0.429,0,1
"Arf5",0.210185201248802,-0.729086443290426,0.286,0.667,1
"Lncpint",0.210185201248802,-0.795120242172934,0.286,0.667,1
"D630045J12Rik",0.210185201248802,1.53376164157334,0.429,0,1
"Creb5",0.210185201248802,1.36660896869183,0.429,0,1
"Nap1l5",0.210185201248802,-0.793512645325451,0.286,0.667,1
"Nr2c2",0.210185201248802,-0.91692849751253,0.286,0.667,1
"Atp2b2",0.210185201248802,1.47082348649403,0.429,0,1
"Fgfr1op2",0.210185201248802,1.24653098353942,0.429,0,1
"Calm3",0.210185201248802,-1.04917662732151,0.286,0.667,1
"Atg16l2",0.210185201248802,1.2595462348638,0.429,0,1
"Fus",0.210185201248802,1.57180953204071,0.429,0,1
"Adam12",0.210185201248802,-0.898090962640478,0.286,0.667,1
"Evi5l",0.210185201248802,1.43964231327811,0.429,0,1
"Ccl25",0.210185201248802,1.32762510087076,0.429,0,1
"Slc7a2",0.210185201248802,1.13627210812664,0.429,0,1
"Dnaja2",0.210185201248802,1.30937452123193,0.429,0,1
"Rcn2",0.210185201248802,1.31970323301852,0.429,0,1
"Map2k1",0.210185201248802,1.10308409939264,0.429,0,1
"Igdcc4",0.210185201248802,1.50094307007462,0.429,0,1
"Sltm",0.210185201248802,1.41029612269028,0.429,0,1
"Eef1a1",0.210185201248802,1.60849453983018,0.429,0,1
"Slc25a36",0.210185201248802,1.31385608338137,0.429,0,1
"Wdr82",0.210185201248802,1.17000475552377,0.429,0,1
"Usp4",0.210185201248802,1.30365100780039,0.429,0,1
"Rpsa",0.210185201248802,1.33564245273327,0.429,0,1
"Fyco1",0.210185201248802,1.22192424442928,0.429,0,1
"P4ha1",0.210185201248802,-1.24267074660158,0.286,0.667,1
"Dip2a",0.210185201248802,1.06735321424464,0.429,0,1
"Sarnp",0.210185201248802,1.12324186551865,0.429,0,1
"Purb",0.210185201248802,1.33684765143025,0.429,0,1
"Rps27a",0.210185201248802,1.31944695621874,0.429,0,1
"Pwwp2a",0.210185201248802,1.21733714629202,0.429,0,1
"Zzef1",0.210185201248802,1.20513856490946,0.429,0,1
"Npepps",0.210185201248802,-0.961049790777777,0.286,0.667,1
"Atp6v0a1",0.210185201248802,-0.784285165205623,0.286,0.667,1
"Gm11713",0.210185201248802,1.40129226444579,0.429,0,1
"Rpl38",0.210185201248802,-1.01439161907192,0.286,0.667,1
"Laptm4a",0.210185201248802,1.15574466736182,0.429,0,1
"Ywhaq",0.210185201248802,1.21342397984505,0.429,0,1
"Cog5",0.210185201248802,1.50176451882364,0.429,0,1
"Hbp1",0.210185201248802,1.28157547417928,0.429,0,1
"Stxbp6",0.210185201248802,1.51021290071624,0.429,0,1
"Ap4s1",0.210185201248802,1.2619744876063,0.429,0,1
"Sipa1l1",0.210185201248802,1.25082377458839,0.429,0,1
"Ccdc88c",0.210185201248802,1.43445080822937,0.429,0,1
"Tent2",0.210185201248802,1.13385241686062,0.429,0,1
"Abhd6",0.210185201248802,1.38894499902138,0.429,0,1
"Gm20642",0.210185201248802,1.3520566455747,0.429,0,1
"6330576A10Rik",0.210185201248802,1.69157316500298,0.429,0,1
"Ywhaz",0.210185201248802,1.38643867254592,0.429,0,1
"Grina",0.210185201248802,1.21057211596226,0.429,0,1
"Abcd2",0.210185201248802,1.26059211697055,0.429,0,1
"St6gal1",0.210185201248802,1.39994134905366,0.429,0,1
"Mb21d2",0.210185201248802,1.06735321424464,0.429,0,1
"Pcp4",0.210185201248802,1.29020364889544,0.429,0,1
"Scaf8",0.210185201248802,-0.587945004014959,0.286,0.667,1
"Gm26724",0.210185201248802,1.47656896246269,0.429,0,1
"Reep5",0.210185201248802,1.25273295792782,0.429,0,1
"Hspa9",0.210185201248802,1.33804589528652,0.429,0,1
"Tcerg1",0.210185201248802,1.31702724842149,0.429,0,1
"Pcgf5",0.210185201248802,1.12320228324342,0.429,0,1
"Ide",0.210185201248802,1.46668561724568,0.429,0,1
"Tcf7l2",0.210185201248802,1.81563967466381,0.429,0,1
"Usp11",0.210185201248802,1.42578701212406,0.429,0,1
"Slitrk2",0.210185201248802,1.27233312234456,0.429,0,1
"Ophn1",0.210185201248802,1.27450378761996,0.429,0,1
"Tmem29",0.210185201248802,1.13492190044515,0.429,0,1
"mt-Nd2",0.210185201248802,-0.656055104881513,0.286,0.667,1
"mt-Cytb",0.210185201248802,-0.803270300840058,0.286,0.667,1
"Kcnb2",0.211071587026503,-0.620863256334033,0.214,0.667,1
"Dock10",0.211071587026503,-0.74589928962249,0.214,0.667,1
"Orc4",0.211071587026503,-0.696991285569737,0.214,0.667,1
"Atf2",0.211071587026503,-0.88354376801154,0.214,0.667,1
"Lnpk",0.211071587026503,-0.746261254801004,0.214,0.667,1
"Osbpl6",0.211071587026503,-0.830774818326093,0.214,0.667,1
"Zc3h15",0.211071587026503,-0.727762607632876,0.214,0.667,1
"Snph",0.211071587026503,-0.769993151775566,0.214,0.667,1
"Top1",0.211071587026503,-0.506589610859614,0.214,0.667,1
"Ttll7",0.211071587026503,-0.692295335747502,0.214,0.667,1
"Khdrbs1",0.211071587026503,-0.63915565582912,0.214,0.667,1
"Sdc3",0.211071587026503,-0.724348483356058,0.214,0.667,1
"Arhgef10l",0.211071587026503,-0.848002727891707,0.214,0.667,1
"Rbm33",0.211071587026503,-0.672107049098985,0.214,0.667,1
"Sipa1l3",0.211071587026503,-0.629697732890277,0.214,0.667,1
"Acer3",0.211071587026503,-0.668043170746132,0.214,0.667,1
"Anp32a",0.211071587026503,-0.652323776161472,0.214,0.667,1
"Iqch",0.211071587026503,-0.540329008835797,0.214,0.667,1
"Itga9",0.211071587026503,-0.790094915651877,0.214,0.667,1
"Rab1a",0.211071587026503,-0.70573113693449,0.214,0.667,1
"Mapk9",0.211071587026503,-0.688058396861825,0.214,0.667,1
"Dapk1",0.211071587026503,-0.714973865448017,0.214,0.667,1
"Rictor",0.211071587026503,-0.611581320623209,0.214,0.667,1
"St13",0.211071587026503,-0.394898307177461,0.214,0.667,1
"Gm17106",0.211071587026503,-0.832295628593239,0.214,0.667,1
"Gm49708",0.211071587026503,-0.61636613785647,0.214,0.667,1
"Pdzph1",0.211071587026503,-0.746261254801004,0.214,0.667,1
"Sema6a",0.211071587026503,-1.02922047076125,0.214,0.667,1
"Zfp407",0.211071587026503,-0.671283030466689,0.214,0.667,1
"Cbfa2t2",0.214901547958967,1.05430232362202,0.643,0.333,1
"Bach2",0.214901547958967,1.4482864453661,0.643,0.333,1
"Zfp462",0.214901547958967,1.25195249152106,0.643,0.333,1
"Scaper",0.214901547958967,1.23486083948829,0.643,0.333,1
"U2surp",0.214901547958967,-0.940955909134927,0.5,1,1
"Rasa2",0.214901547958967,1.34204242667902,0.643,0.333,1
"Chpt1",0.214901547958967,1.03040552962038,0.643,0.333,1
"Mtmr3",0.214901547958967,-1.09038999136138,0.571,0.667,1
"Sptbn1",0.214901547958967,1.30584239489193,0.643,0.333,1
"Ncor1",0.214901547958967,1.44810438923941,0.643,0.333,1
"Rrs1",0.216036526193981,-0.873327311331593,0.071,0.333,1
"Lancl1",0.216036526193981,-0.904187257070687,0.071,0.333,1
"Tmbim1",0.216036526193981,-0.860397219282727,0.071,0.333,1
"Farsb",0.216036526193981,-1.22859876490416,0.071,0.333,1
"Utp14b",0.216036526193981,-0.98427938864388,0.071,0.333,1
"Gm16083",0.216036526193981,-0.873327311331593,0.071,0.333,1
"B3galt2",0.216036526193981,-0.681104497020385,0.071,0.333,1
"Gm28791",0.216036526193981,-0.681104497020385,0.071,0.333,1
"Syt14",0.216036526193981,-1.46383828525391,0.071,0.333,1
"Tmem250-ps",0.216036526193981,-0.5557140442151,0.071,0.333,1
"Dnlz",0.216036526193981,-0.873327311331593,0.071,0.333,1
"Slc25a25",0.216036526193981,-0.837404547664104,0.071,0.333,1
"Zbtb34",0.216036526193981,-0.561685996817476,0.071,0.333,1
"Nr6a1os",0.216036526193981,-0.904187257070687,0.071,0.333,1
"Ola1",0.216036526193981,-0.5557140442151,0.071,0.333,1
"Gm13708",0.216036526193981,-1.5026598048621,0.071,0.333,1
"Cdin1",0.216036526193981,-0.938388517581972,0.071,0.333,1
"Slc30a4",0.216036526193981,-0.944360470184348,0.071,0.333,1
"Myef2",0.216036526193981,-0.5557140442151,0.071,0.333,1
"Cpxm1",0.216036526193981,-0.904187257070687,0.071,0.333,1
"Tmem230",0.216036526193981,-0.904187257070687,0.071,0.333,1
"Esf1",0.216036526193981,-1.47028910969738,0.071,0.333,1
"Fkbp1a",0.216036526193981,-0.843855372107572,0.071,0.333,1
"Map1lc3a",0.216036526193981,-0.838583638169902,0.071,0.333,1
"Srsf6",0.216036526193981,-0.749238899932444,0.071,0.333,1
"Slpi",0.216036526193981,-0.5557140442151,0.071,0.333,1
"Atp9a",0.216036526193981,-0.749238899932444,0.071,0.333,1
"Fabp5",0.216036526193981,-0.838583638169902,0.071,0.333,1
"Ndufc1",0.216036526193981,-0.951908693479164,0.071,0.333,1
"Frem2",0.216036526193981,-1.56482225517178,0.071,0.333,1
"Gfm1",0.216036526193981,-0.749238899932444,0.071,0.333,1
"Fnip2",0.216036526193981,-1.4997610489214,0.071,0.333,1
"Ppid",0.216036526193981,-0.876226067272288,0.071,0.333,1
"Clk2",0.216036526193981,-0.749238899932444,0.071,0.333,1
"Pogz",0.216036526193981,-0.681104497020385,0.071,0.333,1
"Ciart",0.216036526193981,-0.709065686818784,0.071,0.333,1
"Sike1",0.216036526193981,-0.837404547664104,0.071,0.333,1
"Ppa2",0.216036526193981,-0.938388517581972,0.071,0.333,1
"Gm11802",0.216036526193981,-0.743266947330069,0.071,0.333,1
"Ints8",0.216036526193981,-1.05241379155594,0.071,0.333,1
"Ttpa",0.216036526193981,-0.749238899932444,0.071,0.333,1
"Cnr1",0.216036526193981,-0.561685996817476,0.071,0.333,1
"Aptx",0.216036526193981,-0.832154141707601,0.071,0.333,1
"Myorg",0.216036526193981,-0.681104497020385,0.071,0.333,1
"Enho",0.216036526193981,-0.743266947330069,0.071,0.333,1
"Galt",0.216036526193981,-0.837404547664104,0.071,0.333,1
"Ccdc107",0.216036526193981,-0.873327311331593,0.071,0.333,1
"Ssbp3",0.216036526193981,-0.832154141707601,0.071,0.333,1
"Lrp8",0.216036526193981,-0.5557140442151,0.071,0.333,1
"Scp2",0.216036526193981,-0.5557140442151,0.071,0.333,1
"Svbp",0.216036526193981,-0.904187257070687,0.071,0.333,1
"Ago4",0.216036526193981,-0.843855372107572,0.071,0.333,1
"Pigv",0.216036526193981,-0.837404547664104,0.071,0.333,1
"Igsf21",0.216036526193981,-0.904187257070687,0.071,0.333,1
"Wrap73",0.216036526193981,-0.5557140442151,0.071,0.333,1
"Slc35e2",0.216036526193981,-0.843855372107572,0.071,0.333,1
"Mrpl20",0.216036526193981,-1.27238880269212,0.071,0.333,1
"Pex1",0.216036526193981,-1.04644183895356,0.071,0.333,1
"4921504A21Rik",0.216036526193981,-0.838583638169902,0.071,0.333,1
"Nom1",0.216036526193981,-0.5557140442151,0.071,0.333,1
"Ppp1cb",0.216036526193981,-0.876539666927229,0.071,0.333,1
"Htt",0.216036526193981,-1.13584762401117,0.071,0.333,1
"Ablim2",0.216036526193981,-0.743266947330069,0.071,0.333,1
"Gm3364",0.216036526193981,-0.5557140442151,0.071,0.333,1
"Med28",0.216036526193981,-0.873327311331593,0.071,0.333,1
"Gm42640",0.216036526193981,-0.860397219282727,0.071,0.333,1
"Ociad1",0.216036526193981,-0.5557140442151,0.071,0.333,1
"Srp72",0.216036526193981,-0.873327311331593,0.071,0.333,1
"Adamts3",0.216036526193981,-0.873327311331593,0.071,0.333,1
"Hsd17b11",0.216036526193981,-0.85430012311057,0.071,0.333,1
"Dipk1a",0.216036526193981,-0.876226067272288,0.071,0.333,1
"Gm42517",0.216036526193981,-0.873327311331593,0.071,0.333,1
"Tmem175",0.216036526193981,-0.749238899932444,0.071,0.333,1
"Pitpnb",0.216036526193981,-0.561685996817476,0.071,0.333,1
"Tfip11",0.216036526193981,-0.561685996817476,0.071,0.333,1
"Cabp1",0.216036526193981,-0.843855372107572,0.071,0.333,1
"Pop5",0.216036526193981,-0.743266947330069,0.071,0.333,1
"Wsb2",0.216036526193981,-0.743266947330069,0.071,0.333,1
"Gm42917",0.216036526193981,-0.681104497020385,0.071,0.333,1
"AI480526",0.216036526193981,-1.19427693102645,0.071,0.333,1
"Tyw1",0.216036526193981,-0.749238899932444,0.071,0.333,1
"Por",0.216036526193981,-0.860397219282727,0.071,0.333,1
"Agfg2",0.216036526193981,-0.951908693479164,0.071,0.333,1
"Fam20c",0.216036526193981,-0.749238899932444,0.071,0.333,1
"Mad1l1",0.216036526193981,-0.709065686818784,0.071,0.333,1
"Gna12",0.216036526193981,-0.82607538540502,0.071,0.333,1
"Bpgm",0.216036526193981,-0.832154141707601,0.071,0.333,1
"Zfp862-ps",0.216036526193981,-0.944360470184348,0.071,0.333,1
"Gm16499",0.216036526193981,-0.876226067272288,0.071,0.333,1
"BB365896",0.216036526193981,-0.904187257070687,0.071,0.333,1
"Rnf181",0.216036526193981,-0.561685996817476,0.071,0.333,1
"ENSMUSG00000121161",0.216036526193981,-0.843855372107572,0.071,0.333,1
"Tsen2",0.216036526193981,-0.843855372107572,0.071,0.333,1
"Gm44103",0.216036526193981,-0.837404547664104,0.071,0.333,1
"Ninj2",0.216036526193981,-0.873327311331593,0.071,0.333,1
"2810454H06Rik",0.216036526193981,-0.681104497020385,0.071,0.333,1
"Lmo3",0.216036526193981,-0.876226067272288,0.071,0.333,1
"Cacng7",0.216036526193981,-1.57079420777415,0.071,0.333,1
"Zscan18",0.216036526193981,-0.743266947330069,0.071,0.333,1
"Fkrp",0.216036526193981,-0.876226067272288,0.071,0.333,1
"Atp1a3",0.216036526193981,-1.4997610489214,0.071,0.333,1
"2310022A10Rik",0.216036526193981,-0.82607538540502,0.071,0.333,1
"Gpi1",0.216036526193981,-0.876226067272288,0.071,0.333,1
"Cebpg",0.216036526193981,-0.838583638169902,0.071,0.333,1
"Gpatch1",0.216036526193981,-0.876226067272288,0.071,0.333,1
"Irf3",0.216036526193981,-0.743266947330069,0.071,0.333,1
"Nomo1",0.216036526193981,-0.5557140442151,0.071,0.333,1
"Gm45235",0.216036526193981,-0.749238899932444,0.071,0.333,1
"Sec11a",0.216036526193981,-0.709065686818784,0.071,0.333,1
"Pde8a",0.216036526193981,-0.838583638169902,0.071,0.333,1
"Homer2",0.216036526193981,-1.96094616837633,0.071,0.333,1
"Numa1",0.216036526193981,-0.837404547664104,0.071,0.333,1
"Rnf121",0.216036526193981,-0.749238899932444,0.071,0.333,1
"Gm45025",0.216036526193981,-0.860397219282727,0.071,0.333,1
"Iqck",0.216036526193981,-0.832154141707601,0.071,0.333,1
"Mosmo",0.216036526193981,-0.5557140442151,0.071,0.333,1
"Mettl9",0.216036526193981,-0.832154141707601,0.071,0.333,1
"Sh2b1",0.216036526193981,-0.709065686818784,0.071,0.333,1
"Atxn2l",0.216036526193981,-1.56482225517178,0.071,0.333,1
"Sephs2",0.216036526193981,-0.681104497020385,0.071,0.333,1
"Rnf40",0.216036526193981,-0.837404547664104,0.071,0.333,1
"Ikzf5",0.216036526193981,-0.743266947330069,0.071,0.333,1
"Pcid2",0.216036526193981,-0.681104497020385,0.071,0.333,1
"1700041G16Rik",0.216036526193981,-0.938388517581972,0.071,0.333,1
"Trappc11",0.216036526193981,-0.749238899932444,0.071,0.333,1
"Scrg1",0.216036526193981,-0.832154141707601,0.071,0.333,1
"Galnt7",0.216036526193981,-0.681104497020385,0.071,0.333,1
"Ddx60",0.216036526193981,-0.743266947330069,0.071,0.333,1
"Pbx4",0.216036526193981,-0.968450540654319,0.071,0.333,1
"Sugp2",0.216036526193981,-0.681104497020385,0.071,0.333,1
"Crtc1",0.216036526193981,-0.838583638169902,0.071,0.333,1
"Abhd8",0.216036526193981,-0.749238899932444,0.071,0.333,1
"Tpm4",0.216036526193981,-0.85430012311057,0.071,0.333,1
"Usp38",0.216036526193981,-0.873327311331593,0.071,0.333,1
"Gm26532",0.216036526193981,-0.743266947330069,0.071,0.333,1
"Tango6",0.216036526193981,-0.944360470184348,0.071,0.333,1
"Igsf9b",0.216036526193981,-0.873327311331593,0.071,0.333,1
"Zbtb44",0.216036526193981,-0.743266947330069,0.071,0.333,1
"Foxred1",0.216036526193981,-0.5557140442151,0.071,0.333,1
"Gm48737",0.216036526193981,-0.709065686818784,0.071,0.333,1
"C2cd2l",0.216036526193981,-0.681104497020385,0.071,0.333,1
"2900052N01Rik",0.216036526193981,-0.5557140442151,0.071,0.333,1
"Pts",0.216036526193981,-0.709065686818784,0.071,0.333,1
"Lingo1",0.216036526193981,-0.938388517581972,0.071,0.333,1
"Pkm",0.216036526193981,-1.24442761289372,0.071,0.333,1
"Aph1c",0.216036526193981,-1.45858787929741,0.071,0.333,1
"ENSMUSG00000120058",0.216036526193981,-1.48683095687253,0.071,0.333,1
"Tex9",0.216036526193981,-0.938388517581972,0.071,0.333,1
"Fbxo9",0.216036526193981,-0.5557140442151,0.071,0.333,1
"Gm2087",0.216036526193981,-0.945457869035696,0.071,0.333,1
"Ryk",0.216036526193981,-0.946636959541494,0.071,0.333,1
"Pik3r4",0.216036526193981,-0.944360470184348,0.071,0.333,1
"Abhd14a",0.216036526193981,-0.709065686818784,0.071,0.333,1
"Mlh1",0.216036526193981,-0.681104497020385,0.071,0.333,1
"Ppp2r3d",0.216036526193981,-0.944360470184348,0.071,0.333,1
"Gm49353",0.216036526193981,-1.04644183895356,0.071,0.333,1
"Tspyl4",0.216036526193981,-0.873327311331593,0.071,0.333,1
"Cd164",0.216036526193981,-1.19427693102645,0.071,0.333,1
"Armc2",0.216036526193981,-0.944360470184348,0.071,0.333,1
"Hace1",0.216036526193981,-1.22859876490416,0.071,0.333,1
"Bicc1",0.216036526193981,-0.5557140442151,0.071,0.333,1
"Ube2d1",0.216036526193981,-1.45250912299483,0.071,0.333,1
"Hcn2",0.216036526193981,-0.561685996817476,0.071,0.333,1
"Washc3",0.216036526193981,-0.5557140442151,0.071,0.333,1
"Sycp3",0.216036526193981,-0.860397219282727,0.071,0.333,1
"Plxnc1",0.216036526193981,-0.860397219282727,0.071,0.333,1
"Mettl25",0.216036526193981,-0.561685996817476,0.071,0.333,1
"Tmem19",0.216036526193981,-0.749238899932444,0.071,0.333,1
"Helb",0.216036526193981,-0.873327311331593,0.071,0.333,1
"Slc16a7",0.216036526193981,-0.873327311331593,0.071,0.333,1
"Coq10a",0.216036526193981,-0.837404547664104,0.071,0.333,1
"Pym1",0.216036526193981,-0.5557140442151,0.071,0.333,1
"Zmiz2",0.216036526193981,-0.876226067272288,0.071,0.333,1
"Vwc2",0.216036526193981,-0.944360470184348,0.071,0.333,1
"Ppp3r1",0.216036526193981,-0.873327311331593,0.071,0.333,1
"Tmem17",0.216036526193981,-0.938388517581972,0.071,0.333,1
"Mat2b",0.216036526193981,-0.681104497020385,0.071,0.333,1
"Zfp454",0.216036526193981,-0.561685996817476,0.071,0.333,1
"Zcchc10",0.216036526193981,-0.843855372107572,0.071,0.333,1
"Pdlim4",0.216036526193981,-0.860397219282727,0.071,0.333,1
"Atox1",0.216036526193981,-1.31256201580578,0.071,0.333,1
"Rai1",0.216036526193981,-0.681104497020385,0.071,0.333,1
"Natd1",0.216036526193981,-1.20035568732903,0.071,0.333,1
"Rnf112",0.216036526193981,-0.561685996817476,0.071,0.333,1
"Gm12279",0.216036526193981,-0.743266947330069,0.071,0.333,1
"Stx8",0.216036526193981,-0.860397219282727,0.071,0.333,1
"Ntn1",0.216036526193981,-0.85430012311057,0.071,0.333,1
"Per1",0.216036526193981,-0.561685996817476,0.071,0.333,1
"Git1",0.216036526193981,-0.82607538540502,0.071,0.333,1
"Rhbdl3",0.216036526193981,-0.944360470184348,0.071,0.333,1
"5730455P16Rik",0.216036526193981,-0.938388517581972,0.071,0.333,1
"Ska2",0.216036526193981,-0.860397219282727,0.071,0.333,1
"Rnf43",0.216036526193981,-0.860397219282727,0.071,0.333,1
"Mks1",0.216036526193981,-0.843855372107572,0.071,0.333,1
"Ppp1r9b",0.216036526193981,-0.681104497020385,0.071,0.333,1
"Cwc25",0.216036526193981,-0.749238899932444,0.071,0.333,1
"Msl1",0.216036526193981,-0.876539666927229,0.071,0.333,1
"Cep112",0.216036526193981,-0.5557140442151,0.071,0.333,1
"Snhg20",0.216036526193981,-1.34688729952039,0.071,0.333,1
"Usp36",0.216036526193981,-0.860397219282727,0.071,0.333,1
"Mcrip1",0.216036526193981,-0.838583638169902,0.071,0.333,1
"Sirt7",0.216036526193981,-1.45858787929741,0.071,0.333,1
"Metrnl",0.216036526193981,-0.938388517581972,0.071,0.333,1
"Pdia6",0.216036526193981,-0.938388517581972,0.071,0.333,1
"Gm48715",0.216036526193981,-0.5557140442151,0.071,0.333,1
"Sptssa",0.216036526193981,-0.843855372107572,0.071,0.333,1
"F730035M05Rik",0.216036526193981,-0.843855372107572,0.071,0.333,1
"Npc2",0.216036526193981,-0.832154141707601,0.071,0.333,1
"Cipc",0.216036526193981,-0.743266947330069,0.071,0.333,1
"Spata7",0.216036526193981,-0.843855372107572,0.071,0.333,1
"Cdc42bpb",0.216036526193981,-0.876226067272288,0.071,0.333,1
"Gm266",0.216036526193981,-0.743266947330069,0.071,0.333,1
"Ppp1r13b",0.216036526193981,-0.860397219282727,0.071,0.333,1
"Mta1",0.216036526193981,-0.5557140442151,0.071,0.333,1
"Asb13",0.216036526193981,-0.860397219282727,0.071,0.333,1
"Pou6f2",0.216036526193981,-0.904187257070687,0.071,0.333,1
"Sox4",0.216036526193981,-0.860397219282727,0.071,0.333,1
"Nrn1",0.216036526193981,-0.837404547664104,0.071,0.333,1
"Gm47728",0.216036526193981,-0.876226067272288,0.071,0.333,1
"Rnf144b",0.216036526193981,-0.832154141707601,0.071,0.333,1
"Rfesd",0.216036526193981,-0.873327311331593,0.071,0.333,1
"Homer1",0.216036526193981,-0.876226067272288,0.071,0.333,1
"Lhfpl2",0.216036526193981,-0.749238899932444,0.071,0.333,1
"Serf1",0.216036526193981,-0.5557140442151,0.071,0.333,1
"Smim15",0.216036526193981,-0.873327311331593,0.071,0.333,1
"Dhx29",0.216036526193981,-1.56482225517178,0.071,0.333,1
"Thoc7",0.216036526193981,-0.938388517581972,0.071,0.333,1
"Comtd1",0.216036526193981,-0.837404547664104,0.071,0.333,1
"Bap1",0.216036526193981,-0.873327311331593,0.071,0.333,1
"Ebpl",0.216036526193981,-0.837404547664104,0.071,0.333,1
"Sorbs3",0.216036526193981,-0.85430012311057,0.071,0.333,1
"Cog3",0.216036526193981,-0.749238899932444,0.071,0.333,1
"Dgkh",0.216036526193981,-1.2078857482859,0.071,0.333,1
"Wbp4",0.216036526193981,-0.938388517581972,0.071,0.333,1
"Cct5",0.216036526193981,-0.838583638169902,0.071,0.333,1
"Wdyhv1",0.216036526193981,-0.709065686818784,0.071,0.333,1
"Mtss1",0.216036526193981,-0.749238899932444,0.071,0.333,1
"Sqle",0.216036526193981,-0.98427938864388,0.071,0.333,1
"Ago2",0.216036526193981,-0.951908693479164,0.071,0.333,1
"Cyc1",0.216036526193981,-0.85430012311057,0.071,0.333,1
"Foxred2",0.216036526193981,-0.944360470184348,0.071,0.333,1
"Cacng2",0.216036526193981,-0.837404547664104,0.071,0.333,1
"Pdxp",0.216036526193981,-0.904187257070687,0.071,0.333,1
"Micall1",0.216036526193981,-0.873327311331593,0.071,0.333,1
"Pacsin2",0.216036526193981,-0.749238899932444,0.071,0.333,1
"2610037D02Rik",0.216036526193981,-0.5557140442151,0.071,0.333,1
"Slc4a8",0.216036526193981,-0.843855372107572,0.071,0.333,1
"Tarbp2",0.216036526193981,-0.837404547664104,0.071,0.333,1
"Nubp1",0.216036526193981,-0.681104497020385,0.071,0.333,1
"Senp2",0.216036526193981,-1.4997610489214,0.071,0.333,1
"Opa1",0.216036526193981,-0.860397219282727,0.071,0.333,1
"Itgb5",0.216036526193981,-1.20678518379133,0.071,0.333,1
"Plcxd2",0.216036526193981,-0.944360470184348,0.071,0.333,1
"Nxpe3",0.216036526193981,-0.904187257070687,0.071,0.333,1
"ENSMUSG00000120961",0.216036526193981,-0.743266947330069,0.071,0.333,1
"Ltn1",0.216036526193981,-0.860397219282727,0.071,0.333,1
"Synj2",0.216036526193981,-0.944360470184348,0.071,0.333,1
"Serac1",0.216036526193981,-0.904187257070687,0.071,0.333,1
"Wtap",0.216036526193981,-0.904187257070687,0.071,0.333,1
"D330041H03Rik",0.216036526193981,-0.85430012311057,0.071,0.333,1
"Cramp1",0.216036526193981,-0.944360470184348,0.071,0.333,1
"Unkl",0.216036526193981,-0.944360470184348,0.071,0.333,1
"Kctd20",0.216036526193981,-0.681104497020385,0.071,0.333,1
"Rnf8",0.216036526193981,-0.561685996817476,0.071,0.333,1
"Gm50240",0.216036526193981,-0.5557140442151,0.071,0.333,1
"Brd2",0.216036526193981,-0.561685996817476,0.071,0.333,1
"Gm10501",0.216036526193981,-0.873327311331593,0.071,0.333,1
"Flot1",0.216036526193981,-0.904187257070687,0.071,0.333,1
"Mmut",0.216036526193981,-0.82607538540502,0.071,0.333,1
"Zfp318",0.216036526193981,-0.837404547664104,0.071,0.333,1
"Gm20517",0.216036526193981,-0.873327311331593,0.071,0.333,1
"Ypel5",0.216036526193981,-0.832154141707601,0.071,0.333,1
"Celf4",0.216036526193981,-0.743266947330069,0.071,0.333,1
"ENSMUSG00000120022",0.216036526193981,-0.837404547664104,0.071,0.333,1
"Matr3",0.216036526193981,-0.944360470184348,0.071,0.333,1
"Tmco6",0.216036526193981,-0.681104497020385,0.071,0.333,1
"Hars",0.216036526193981,-0.944360470184348,0.071,0.333,1
"Sncaip",0.216036526193981,-0.981380632703185,0.071,0.333,1
"Adamts19",0.216036526193981,-0.945457869035696,0.071,0.333,1
"Zfp516",0.216036526193981,-1.20560609328554,0.071,0.333,1
"Timm21",0.216036526193981,-0.681104497020385,0.071,0.333,1
"Cbln2",0.216036526193981,-0.749238899932444,0.071,0.333,1
"Ighmbp2",0.216036526193981,-0.709065686818784,0.071,0.333,1
"ENSMUSG00000119968",0.216036526193981,-0.561685996817476,0.071,0.333,1
"Flrt1",0.216036526193981,-1.4997610489214,0.071,0.333,1
"Jak2",0.216036526193981,-0.876226067272288,0.071,0.333,1
"Scd1",0.216036526193981,-0.873327311331593,0.071,0.333,1
"Smarca1",0.216036526193981,-0.82607538540502,0.071,0.333,1
"L1cam",0.216036526193981,-0.681104497020385,0.071,0.333,1
"Dlg3",0.216036526193981,-0.876226067272288,0.071,0.333,1
"Snx12",0.216036526193981,-0.561685996817476,0.071,0.333,1
"Chic1",0.216036526193981,-1.29963537359381,0.071,0.333,1
"Gm38020",0.216036526193981,-0.561685996817476,0.071,0.333,1
"Tceal1",0.216036526193981,-0.876226067272288,0.071,0.333,1
"Mageh1",0.216036526193981,-0.938388517581972,0.071,0.333,1
"Frmpd4",0.216036526193981,-0.681104497020385,0.071,0.333,1
"Phlpp1",0.22117395628056,-1.08442425340452,0.571,1,1
"Ppia",0.22117395628056,0.904152879879687,0.714,0.333,1
"Zeb2",0.22847771516592,-0.615461570403963,0.714,1,1
"Sik3",0.22847771516592,-0.579189160974243,0.714,1,1
"Fyn",0.22847771516592,-0.373414060596306,0.714,1,1
"Mast4",0.22847771516592,0.957657265167501,0.857,0.333,1
"Pla2g7",0.231233910680211,-1.13241757137019,0.5,0.667,1
"Macrod2",0.231350407774138,0.702052127160751,1,1,1
"Lhfpl3",0.231350407774138,0.55251027463504,1,1,1
"Auts2",0.231350407774138,0.708171242716373,1,1,1
"Grid2",0.231350407774138,-0.264965329105633,1,1,1
"Cpe",0.231350407774138,0.884462779819757,0.929,1,1
"Mdga2",0.231350407774138,0.418191943135683,1,1,1
"Prkg1",0.231350407774138,-0.624062364947087,0.929,1,1
"Acvr1",0.246232470238375,-0.635468934998406,0.357,1,1
"Abhd18",0.246232470238375,-0.623790598732552,0.429,0.667,1
"Pum1",0.246232470238375,-0.557905131704846,0.357,1,1
"Wwc1",0.246232470238375,-0.9468057458518,0.429,0.667,1
"Ktn1",0.246232470238375,-0.961679845135377,0.429,0.667,1
"Itm2b",0.246232470238375,-0.779336777756412,0.429,0.667,1
"Scg3",0.246447089768377,-0.781257098379073,0.643,0.667,1
"Pitpnc1",0.256547628781646,1.17697983652715,0.929,0.667,1
"Glul",0.258191468855752,1.41596180242615,0.571,0.333,1
"St6galnac5",0.258191468855752,1.14738323731644,0.571,0.333,1
"Arap2",0.258191468855752,-0.538620218328972,0.429,1,1
"Phf14",0.258191468855752,1.38169240579486,0.571,0.333,1
"Cpeb1",0.258191468855752,0.649923986390697,0.571,0.333,1
"Aff4",0.258191468855752,1.02126212713692,0.571,0.333,1
"Lrfn5",0.258191468855752,1.11908016159034,0.571,0.333,1
"Tmem167",0.258191468855752,1.20814379624326,0.571,0.333,1
"Zmiz1",0.258191468855752,0.788402345952085,0.571,0.333,1
"Ldlrad4",0.258191468855752,-0.680222200475651,0.429,1,1
"Cdc73",0.259138721860632,-0.632978725714261,0.357,0.667,1
"Nr6a1",0.259138721860632,-0.993478293663896,0.357,0.667,1
"Ptpra",0.259138721860632,-0.680495582356348,0.357,0.667,1
"Sclt1",0.259138721860632,-0.630073101357044,0.357,0.667,1
"Nipsnap2",0.259138721860632,-0.678431630299657,0.357,0.667,1
"Purg",0.259138721860632,-0.671728700473372,0.357,0.667,1
"Actg1",0.259138721860632,-1.46765879826195,0.357,0.667,1
"Dio2",0.259138721860632,-1.41060933836519,0.357,0.667,1
"Ppm1b",0.259138721860632,-0.699654191352637,0.357,0.667,1
"4632427E13Rik",0.267148866764386,1.09299079262598,0.643,0.333,1
"Nsd3",0.267148866764386,1.11105886777613,0.643,0.333,1
"Ppm1e",0.267148866764386,1.2059258609288,0.643,0.333,1
"Clmn",0.267148866764386,-0.432238657575715,0.571,0.667,1
"Ubr5",0.267148866764386,0.870486045612309,0.643,0.333,1
"Vti1a",0.267148866764386,0.855955890144847,0.643,0.333,1
"Tbl1x",0.267148866764386,-0.955156885838628,0.571,0.667,1
"Ngef",0.268883255745156,-0.619501982299945,0.286,0.667,1
"Tmem163",0.268883255745156,-0.595151317687288,0.286,0.667,1
"Rabgap1l",0.268883255745156,-0.949139058697702,0.286,0.667,1
"Rc3h1",0.268883255745156,-0.580851264682008,0.286,0.667,1
"Cr1l",0.268883255745156,-0.558923568093347,0.286,0.667,1
"Ptprj",0.268883255745156,-0.868080007779316,0.286,0.667,1
"C1qtnf4",0.268883255745156,-0.61285080489091,0.286,0.667,1
"Sec62",0.268883255745156,-0.964771371169024,0.286,0.667,1
"Rsbn1",0.268883255745156,-0.520754526100538,0.286,0.667,1
"Phactr4",0.268883255745156,-0.588502437141248,0.286,0.667,1
"Prdm16",0.268883255745156,-0.815198183637735,0.286,0.667,1
"Fam133b",0.268883255745156,-0.572718897162632,0.286,0.667,1
"Preb",0.268883255745156,-1.56743638212201,0.286,0.667,1
"Atp6v1f",0.268883255745156,-1.10150869050633,0.286,0.667,1
"Lysmd4",0.268883255745156,-0.80983454053871,0.286,0.667,1
"Crtc3",0.268883255745156,-1.00508103647617,0.286,0.667,1
"Rnf169",0.268883255745156,-0.661054275261906,0.286,0.667,1
"Arl2bp",0.268883255745156,-0.623151621016128,0.286,0.667,1
"Ddx6",0.268883255745156,-0.606378252994272,0.286,0.667,1
"Rufy2",0.268883255745156,-0.604097873417118,0.286,0.667,1
"Cs",0.268883255745156,-0.663051907345878,0.286,0.667,1
"Cdc42se2",0.268883255745156,-0.667374832632642,0.286,0.667,1
"Kansl1",0.268883255745156,-0.623700282060221,0.286,0.667,1
"Rnf157",0.268883255745156,-1.33817714799977,0.286,0.667,1
"Trib2",0.268883255745156,-0.407968226348769,0.286,0.667,1
"Nova1",0.268883255745156,-0.839206981549216,0.286,0.667,1
"Daam1",0.268883255745156,-0.699440756377378,0.286,0.667,1
"Zmynd11",0.268883255745156,-0.581568677372931,0.286,0.667,1
"Pkd2l2",0.268883255745156,-0.540075057418847,0.286,0.667,1
"Nedd4l",0.268883255745156,-0.509337418480776,0.286,0.667,1
"Neto1",0.268883255745156,-0.52281994979176,0.286,0.667,1
"Atp6ap2",0.268883255745156,-0.59973378800394,0.286,0.667,1
"Ocrl",0.268883255745156,-0.603903031253428,0.286,0.667,1
"Rps4x",0.268883255745156,-0.581568677372931,0.286,0.667,1
"mt-Nd1",0.268883255745156,-0.717936105938377,0.286,0.667,1
"Dner",0.273677809302682,0.968175271022076,0.714,0.333,1
"Ttc14",0.273677809302682,1.12787094834753,0.714,0.333,1
"Bmpr1b",0.273677809302682,1.09259404345533,0.714,0.333,1
"Smap1",0.273825070669789,1.17857840947849,0.357,0,1
"Arhgef4",0.273825070669789,1.54864110569767,0.357,0,1
"Pou3f3",0.273825070669789,0.944452084569365,0.357,0,1
"Hspd1",0.273825070669789,1.38899929558156,0.357,0,1
"Hspe1",0.273825070669789,1.07649625142707,0.357,0,1
"Usp37",0.273825070669789,1.32717694003415,0.357,0,1
"Ptprn",0.273825070669789,1.45784675264004,0.357,0,1
"Slc4a3",0.273825070669789,0.930556260603351,0.357,0,1
"Psmd1",0.273825070669789,1.21528836410593,0.357,0,1
"Epb41l5",0.273825070669789,1.25122148295212,0.357,0,1
"Gm29514",0.273825070669789,1.21503515740035,0.357,0,1
"Trp53bp2",0.273825070669789,1.20638169893098,0.357,0,1
"Plxna2",0.273825070669789,1.06000796510211,0.357,0,1
"Slc39a12",0.273825070669789,1.5740724014906,0.357,0,1
"Paxx",0.273825070669789,1.02076290810437,0.357,0,1
"Bmyc",0.273825070669789,1.09692906380825,0.357,0,1
"Mvb12b",0.273825070669789,1.13179344788996,0.357,0,1
"Rbms1",0.273825070669789,1.40937737216039,0.357,0,1
"Psmd14",0.273825070669789,1.18870389276855,0.357,0,1
"Pde1a",0.273825070669789,-0.6645296725001,0.214,0.667,1
"Fjx1",0.273825070669789,0.949594508280713,0.357,0,1
"Xrn2",0.273825070669789,1.30197259608281,0.357,0,1
"H13",0.273825070669789,1.27120913459059,0.357,0,1
"Dynlrb1",0.273825070669789,1.0509341632001,0.357,0,1
"Epb41l1",0.273825070669789,1.04664774709838,0.357,0,1
"Ppp1r16b",0.273825070669789,1.18667294510314,0.357,0,1
"Sdc4",0.273825070669789,1.08969309521072,0.357,0,1
"Sulf2",0.273825070669789,1.27226965012378,0.357,0,1
"Myt1",0.273825070669789,1.1431926139326,0.357,0,1
"Pkia",0.273825070669789,1.18532934572511,0.357,0,1
"Zfp704",0.273825070669789,0.984861119590966,0.357,0,1
"Fndc3b",0.273825070669789,1.12184070059333,0.357,0,1
"Egfem1",0.273825070669789,1.58845000188419,0.357,0,1
"Ndufb5",0.273825070669789,1.14891786463971,0.357,0,1
"Elf2",0.273825070669789,0.996751104549991,0.357,0,1
"Ppm1l",0.273825070669789,1.28898841716346,0.357,0,1
"Rrnad1",0.273825070669789,1.03803017043559,0.357,0,1
"Magi3",0.273825070669789,1.3573408834218,0.357,0,1
"Kcna2",0.273825070669789,1.2205007590369,0.357,0,1
"Vav3",0.273825070669789,1.54557757357912,0.357,0,1
"Trmt13",0.273825070669789,1.11708360264621,0.357,0,1
"Gm26691",0.273825070669789,1.16876233127453,0.357,0,1
"Wwp1",0.273825070669789,1.14589183803365,0.357,0,1
"Xpa",0.273825070669789,1.14308936492887,0.357,0,1
"Mpdz",0.273825070669789,1.08586512615372,0.357,0,1
"Zdhhc21",0.273825070669789,1.11410109998204,0.357,0,1
"Snapc3",0.273825070669789,1.0626593246577,0.357,0,1
"Sh3gl2",0.273825070669789,1.14634665896634,0.357,0,1
"Ift74",0.273825070669789,1.01176972611954,0.357,0,1
"Psmb2",0.273825070669789,1.00913648233277,0.357,0,1
"Micos10",0.273825070669789,-0.689840515554968,0.214,0.667,1
"Gnb1",0.273825070669789,1.24434303770285,0.357,0,1
"Pisd",0.273825070669789,1.08541239803872,0.357,0,1
"Gm1673",0.273825070669789,0.966649196812593,0.357,0,1
"Wdr1",0.273825070669789,1.33399872957173,0.357,0,1
"Prkg2",0.273825070669789,0.950468970098928,0.357,0,1
"Rasgef1b",0.273825070669789,1.05110983764692,0.357,0,1
"Zfp644",0.273825070669789,1.19245814023459,0.357,0,1
"Ep400",0.273825070669789,1.25553272558041,0.357,0,1
"Med13l",0.273825070669789,1.03989936605118,0.357,0,1
"Eif3b",0.273825070669789,1.14046140151164,0.357,0,1
"Ttyh3",0.273825070669789,1.32081577955072,0.357,0,1
"Dync1i1",0.273825070669789,1.62125625405354,0.357,0,1
"Foxp2",0.273825070669789,1.29909011074618,0.357,0,1
"Cnot4",0.273825070669789,1.17512305762427,0.357,0,1
"Cntnap2",0.273825070669789,1.09532687236988,0.357,0,1
"Tmem176b",0.273825070669789,1.26840408178986,0.357,0,1
"Cbx3",0.273825070669789,1.1952773213494,0.357,0,1
"Tax1bp1",0.273825070669789,-0.380458741781065,0.214,0.667,1
"Avl9",0.273825070669789,1.04355293510985,0.357,0,1
"Krcc1",0.273825070669789,1.15633696413092,0.357,0,1
"Copg1",0.273825070669789,1.08443460161202,0.357,0,1
"Arl6ip5",0.273825070669789,1.07274774035568,0.357,0,1
"ENSMUSG00000120580",0.273825070669789,1.09699757889983,0.357,0,1
"Kdm5a",0.273825070669789,1.05983324070358,0.357,0,1
"Etv6",0.273825070669789,1.02179760842332,0.357,0,1
"Pde3a",0.273825070669789,1.05880481928017,0.357,0,1
"Sox5os4",0.273825070669789,1.44638788054791,0.357,0,1
"Bicra",0.273825070669789,1.00886411110978,0.357,0,1
"Hnrnpl",0.273825070669789,1.23410633295578,0.357,0,1
"Zfp30",0.273825070669789,1.06309915951315,0.357,0,1
"Abhd2",0.273825070669789,1.17857840947849,0.357,0,1
"Uvrag",0.273825070669789,1.28322928505275,0.357,0,1
"Rps3",0.273825070669789,1.22989904734961,0.357,0,1
"Knop1",0.273825070669789,1.39977651841818,0.357,0,1
"Timm44",0.273825070669789,1.04127701131407,0.357,0,1
"Ank1",0.273825070669789,1.06400100167519,0.357,0,1
"Inpp4b",0.273825070669789,1.21118778160025,0.357,0,1
"Vat1l",0.273825070669789,0.955590029484845,0.357,0,1
"Itgb1",0.273825070669789,1.41196572202083,0.357,0,1
"Sesn3",0.273825070669789,1.13388257519059,0.357,0,1
"Olfm2",0.273825070669789,1.21665581557575,0.357,0,1
"Sorl1",0.273825070669789,-0.401149071736835,0.214,0.667,1
"Kmt2a",0.273825070669789,1.06437647130537,0.357,0,1
"Map2k5",0.273825070669789,0.970766897571012,0.357,0,1
"Rab8b",0.273825070669789,1.26336753107324,0.357,0,1
"Tln2",0.273825070669789,1.37467750512451,0.357,0,1
"Morf4l1",0.273825070669789,1.21524823494977,0.357,0,1
"Gm43622",0.273825070669789,1.15985040710366,0.357,0,1
"Ccdc12",0.273825070669789,0.994477030270188,0.357,0,1
"Eif1b",0.273825070669789,-0.716175601202208,0.214,0.667,1
"Cck",0.273825070669789,1.49041326337852,0.357,0,1
"Shprh",0.273825070669789,1.04496370457457,0.357,0,1
"Sec63",0.273825070669789,1.12970236155105,0.357,0,1
"Gja1",0.273825070669789,1.11810158956687,0.357,0,1
"Ddx50",0.273825070669789,1.35596211119034,0.357,0,1
"Gm15398",0.273825070669789,1.1851363879747,0.357,0,1
"Mif",0.273825070669789,1.05503325538652,0.357,0,1
"Map2k2",0.273825070669789,1.37817325867323,0.357,0,1
"Hmg20b",0.273825070669789,-0.642487082306579,0.214,0.667,1
"Tmbim4",0.273825070669789,0.965909253611811,0.357,0,1
"Os9",0.273825070669789,1.28827616740126,0.357,0,1
"Urgcp",0.273825070669789,1.06019899549171,0.357,0,1
"Sertad2",0.273825070669789,-0.7850840055469,0.214,0.667,1
"Psme4",0.273825070669789,1.19122356424062,0.357,0,1
"Erlec1",0.273825070669789,1.0630934121389,0.357,0,1
"Nprl3",0.273825070669789,1.07419818333143,0.357,0,1
"Hnrnph1",0.273825070669789,1.05669877217986,0.357,0,1
"Pitpna",0.273825070669789,1.11963151538236,0.357,0,1
"Ggnbp2",0.273825070669789,0.958349661635228,0.357,0,1
"Etv4",0.273825070669789,1.34088329686027,0.357,0,1
"Nsf",0.273825070669789,1.01169368946808,0.357,0,1
"Smurf2",0.273825070669789,1.10531497209462,0.357,0,1
"Sox9",0.273825070669789,1.19946775365335,0.357,0,1
"Fam104a",0.273825070669789,0.950040049948505,0.357,0,1
"Acp1",0.273825070669789,1.40727932922361,0.357,0,1
"Scfd1",0.273825070669789,1.23160849883708,0.357,0,1
"Trappc6b",0.273825070669789,1.01302247893159,0.357,0,1
"Fut8",0.273825070669789,1.00631977924386,0.357,0,1
"Pcnx",0.273825070669789,1.17403209070389,0.357,0,1
"Gm26512",0.273825070669789,1.56948214828877,0.357,0,1
"4930544I03Rik",0.273825070669789,1.26213554222986,0.357,0,1
"Cep128",0.273825070669789,1.21809056495753,0.357,0,1
"Esyt2",0.273825070669789,1.09738482033037,0.357,0,1
"Rala",0.273825070669789,1.1843979794926,0.357,0,1
"Zscan26",0.273825070669789,1.16778619668503,0.357,0,1
"E2f3",0.273825070669789,1.07388843992371,0.357,0,1
"Gmds",0.273825070669789,1.194951707892,0.357,0,1
"Gm16984",0.273825070669789,0.958095415384636,0.357,0,1
"Hivep1",0.273825070669789,1.01543681963426,0.357,0,1
"Rnf182",0.273825070669789,0.937078394596909,0.357,0,1
"Id4",0.273825070669789,0.959576915369046,0.357,0,1
"Slc30a5",0.273825070669789,1.0029223476073,0.357,0,1
"Hnrnpc",0.273825070669789,1.16996526015556,0.357,0,1
"Xpo7",0.273825070669789,1.00450502321158,0.357,0,1
"Pcca",0.273825070669789,1.0753159045706,0.357,0,1
"Samd12",0.273825070669789,1.60634838977678,0.357,0,1
"Tef",0.273825070669789,1.30002814547597,0.357,0,1
"Xrcc6",0.273825070669789,-0.67307449019468,0.214,0.667,1
"Cerk",0.273825070669789,1.14320933198012,0.357,0,1
"Tafa5",0.273825070669789,1.03050667273982,0.357,0,1
"Tmbim6",0.273825070669789,1.15657093438756,0.357,0,1
"Dip2b",0.273825070669789,1.30957515434759,0.357,0,1
"Pcbp2",0.273825070669789,1.15365270864836,0.357,0,1
"Clec16a",0.273825070669789,1.41483310098755,0.357,0,1
"Bfar",0.273825070669789,1.22127870372327,0.357,0,1
"Dnm1l",0.273825070669789,1.01715566296212,0.357,0,1
"Acap2",0.273825070669789,0.979485277686408,0.357,0,1
"Fyttd1",0.273825070669789,1.00165407461391,0.357,0,1
"Iqcb1",0.273825070669789,1.22280091250913,0.357,0,1
"Tbc1d23",0.273825070669789,1.35997334017942,0.357,0,1
"Gm37606",0.273825070669789,1.20235293356876,0.357,0,1
"Olig1",0.273825070669789,1.34357880791218,0.357,0,1
"Brwd1",0.273825070669789,1.03033658624733,0.357,0,1
"A630089N07Rik",0.273825070669789,1.4197583419121,0.357,0,1
"Mpc1",0.273825070669789,1.1165572797799,0.357,0,1
"Rab11b",0.273825070669789,0.980302369959941,0.357,0,1
"Mrps10",0.273825070669789,1.01873354396268,0.357,0,1
"Ralbp1",0.273825070669789,1.04237972817668,0.357,0,1
"Lpin2",0.273825070669789,1.02187623811464,0.357,0,1
"Galnt1",0.273825070669789,1.16962639030242,0.357,0,1
"Gpr17",0.273825070669789,-0.699204283779165,0.214,0.667,1
"Mcc",0.273825070669789,1.33411591375515,0.357,0,1
"Zfp532",0.273825070669789,1.39466840946164,0.357,0,1
"Smad2",0.273825070669789,1.103016803178,0.357,0,1
"Fau",0.273825070669789,1.48802402490243,0.357,0,1
"Cpsf7",0.273825070669789,-0.614096363806511,0.214,0.667,1
"Carnmt1",0.273825070669789,0.906462851518809,0.357,0,1
"Zfp950",0.273825070669789,1.2175048992694,0.357,0,1
"Zfx",0.273825070669789,0.944452084569365,0.357,0,1
"Cox7b",0.273825070669789,0.981661127657628,0.357,0,1
"Ammecr1",0.273825070669789,1.1833959260614,0.357,0,1
"Rps6ka3",0.273825070669789,1.04531137127022,0.357,0,1
"Dst",0.278245374079764,-0.723216214069575,0.643,1,1
"Grin3a",0.278245374079764,0.802735898657182,0.714,0.667,1
"Kmt2c",0.278245374079764,0.934368533580494,0.786,0.333,1
"Mtss2",0.278245374079764,0.987896682229265,0.786,0.333,1
"Asic2",0.278245374079764,0.854289442953467,0.714,0.667,1
"Ube2e2",0.278245374079764,0.726681603002025,0.786,0.333,1
"Bmpr1a",0.278245374079764,-0.859314871933555,0.643,1,1
"Rtn4",0.281247057385527,0.894145205034542,0.857,0.333,1
"Psd3",0.283031689522831,0.72739723643043,0.857,0.667,1
"Hdac8",0.283031689522831,-0.390194816713779,0.786,1,1
"Slc4a4",0.283919445768923,-0.843223443085315,0.857,1,1
"Negr1",0.284214692586307,0.550567432133337,0.929,1,1
"Magi2",0.284214692586307,0.585124836046985,1,1,1
"Cspg5",0.284214692586307,0.451815390924464,1,1,1
"Pcdh15",0.284214692586307,0.691864218477128,1,0.667,1
"C130071C03Rik",0.284214692586307,0.521344038583411,0.929,1,1
"Gpc5",0.284214692586307,0.445425356015965,1,1,1
"Pak3",0.287253648487791,-0.813619129636304,0.5,0.667,1
"Ubr3",0.306245683608085,-0.489969059209836,0.429,0.667,1
"Tnrc6a",0.306245683608085,-0.555969758454349,0.429,0.667,1
"Tom1l2",0.306245683608085,-0.475540479624196,0.357,1,1
"Xrcc4",0.306245683608085,-0.605709691854142,0.429,0.667,1
"Cnnm3",0.31144131894886,-0.521512783703815,0.071,0.333,1
"Inpp4a",0.31144131894886,-0.3247522579455,0.071,0.333,1
"Mrps9",0.31144131894886,-0.385811872188765,0.071,0.333,1
"Nab1",0.31144131894886,-0.443400912038148,0.071,0.333,1
"Gm37370",0.31144131894886,-0.630953815153117,0.071,0.333,1
"Mob4",0.31144131894886,-0.642282977412201,0.071,0.333,1
"Cul3",0.31144131894886,-0.778273988477415,0.071,0.333,1
"Cops7b",0.31144131894886,-0.385811872188765,0.071,0.333,1
"Ndufa10",0.31144131894886,-0.734325760097104,0.071,0.333,1
"Sned1",0.31144131894886,-0.665275649030824,0.071,0.333,1
"Inhbb",0.31144131894886,-0.521512783703815,0.071,0.333,1
"Yod1",0.31144131894886,-0.521512783703815,0.071,0.333,1
"Elk4",0.31144131894886,-0.643462067917998,0.071,0.333,1
"Rbbp5",0.31144131894886,-0.471625649743697,0.071,0.333,1
"Tmem9",0.31144131894886,-0.351651286730232,0.071,0.333,1
"Gm26979",0.31144131894886,-0.385811872188765,0.071,0.333,1
"Blzf1",0.31144131894886,-0.637032571455697,0.071,0.333,1
"Pogk",0.31144131894886,-0.573364775303734,0.071,0.333,1
"Tmco1",0.31144131894886,-0.630953815153117,0.071,0.333,1
"Uhmk1",0.31144131894886,-0.471625649743697,0.071,0.333,1
"Gm6345",0.31144131894886,-0.449479668340729,0.071,0.333,1
"Zbtb18",0.31144131894886,-0.665275649030824,0.071,0.333,1
"Tfb2m",0.31144131894886,-0.351651286730232,0.071,0.333,1
"1700047M11Rik",0.31144131894886,-0.603731818947176,0.071,0.333,1
"Capn2",0.31144131894886,-0.395599515110542,0.071,0.333,1
"Angel2",0.31144131894886,-0.471625649743697,0.071,0.333,1
"Slc30a1",0.31144131894886,-0.493551593905416,0.071,0.333,1
"9630010A21Rik",0.31144131894886,-0.734325760097104,0.071,0.333,1
"Phyh",0.31144131894886,-0.351651286730232,0.071,0.333,1
"Skida1",0.31144131894886,-0.659178552858666,0.071,0.333,1
"Nrarp",0.31144131894886,-0.648733801855668,0.071,0.333,1
"Dpp7",0.31144131894886,-0.490652837964721,0.071,0.333,1
"Ubac1",0.31144131894886,-0.734325760097104,0.071,0.333,1
"BC005624",0.31144131894886,-0.471625649743697,0.071,0.333,1
"Gpr107",0.31144131894886,-0.521512783703815,0.071,0.333,1
"Golga2",0.31144131894886,-0.385811872188765,0.071,0.333,1
"Bbln",0.31144131894886,-0.45590916480303,0.071,0.333,1
"Zbtb26",0.31144131894886,-0.493551593905416,0.071,0.333,1
"Gm52948",0.31144131894886,-0.490652837964721,0.071,0.333,1
"Zfp408",0.31144131894886,-0.521512783703815,0.071,0.333,1
"Mapk8ip1",0.31144131894886,-0.665275649030824,0.071,0.333,1
"Syt13",0.31144131894886,-0.768486345555638,0.071,0.333,1
"Pamr1",0.31144131894886,-0.665275649030824,0.071,0.333,1
"Caprin1",0.31144131894886,-0.637032571455697,0.071,0.333,1
"Pax6os1",0.31144131894886,-0.637032571455697,0.071,0.333,1
"Chp1",0.31144131894886,-0.67820574107969,0.071,0.333,1
"Eif3j1",0.31144131894886,-0.471625649743697,0.071,0.333,1
"Cops2",0.31144131894886,-0.637032571455697,0.071,0.333,1
"Gm14049",0.31144131894886,-0.665275649030824,0.071,0.333,1
"Kat14",0.31144131894886,-0.351651286730232,0.071,0.333,1
"Dtd1",0.31144131894886,-0.490652837964721,0.071,0.333,1
"Nkx2-2os",0.31144131894886,-0.734325760097104,0.071,0.333,1
"Zfp937",0.31144131894886,-0.521512783703815,0.071,0.333,1
"Bcl2l1",0.31144131894886,-0.45590916480303,0.071,0.333,1
"Nol4l",0.31144131894886,-0.408610248695272,0.071,0.333,1
"Acss2os",0.31144131894886,-0.443400912038148,0.071,0.333,1
"Gm11457",0.31144131894886,-0.449479668340729,0.071,0.333,1
"Cdh22",0.31144131894886,-0.454730074297232,0.071,0.333,1
"Snx16",0.31144131894886,-0.659178552858666,0.071,0.333,1
"Hltf",0.31144131894886,-0.5392041898452,0.071,0.333,1
"Rpl22l1",0.31144131894886,-0.4611808987407,0.071,0.333,1
"Setd7",0.31144131894886,-0.637032571455697,0.071,0.333,1
"Rap2b",0.31144131894886,-0.45590916480303,0.071,0.333,1
"4921511C10Rik",0.31144131894886,-0.643462067917998,0.071,0.333,1
"Dap3",0.31144131894886,-0.443400912038148,0.071,0.333,1
"Pygo2",0.31144131894886,-0.4611808987407,0.071,0.333,1
"Wars2",0.31144131894886,-0.351651286730232,0.071,0.333,1
"Phtf1",0.31144131894886,-0.573364775303734,0.071,0.333,1
"Psma5",0.31144131894886,-0.490652837964721,0.071,0.333,1
"Gpsm2",0.31144131894886,-0.351651286730232,0.071,0.333,1
"Olfm3",0.31144131894886,-0.385811872188765,0.071,0.333,1
"Rtca",0.31144131894886,-0.5392041898452,0.071,0.333,1
"Frrs1",0.31144131894886,-0.443400912038148,0.071,0.333,1
"Papss1",0.31144131894886,-0.631855250586291,0.071,0.333,1
"Ddit4l",0.31144131894886,-0.443400912038148,0.071,0.333,1
"Stpg2",0.31144131894886,-0.4611808987407,0.071,0.333,1
"Tmem68",0.31144131894886,-0.351651286730232,0.071,0.333,1
"Tmem64",0.31144131894886,-0.385811872188765,0.071,0.333,1
"Nbn",0.31144131894886,-0.521512783703815,0.071,0.333,1
"Ccnc",0.31144131894886,-0.471625649743697,0.071,0.333,1
"Lingo2",0.31144131894886,-0.643462067917998,0.071,0.333,1
"Ddx58",0.31144131894886,-0.490652837964721,0.071,0.333,1
"Ndufb6",0.31144131894886,-0.385811872188765,0.071,0.333,1
"Sigmar1",0.31144131894886,-0.631855250586291,0.071,0.333,1
"Trmt10b",0.31144131894886,-0.477722745915855,0.071,0.333,1
"Smc2",0.31144131894886,-0.521512783703815,0.071,0.333,1
"Frem1",0.31144131894886,-0.454730074297232,0.071,0.333,1
"Ccdc171",0.31144131894886,-0.477722745915855,0.071,0.333,1
"Pgm1",0.31144131894886,-0.648733801855668,0.071,0.333,1
"Ctps",0.31144131894886,-0.637032571455697,0.071,0.333,1
"Rhbdl2",0.31144131894886,-0.449479668340729,0.071,0.333,1
"9930104L06Rik",0.31144131894886,-0.642282977412201,0.071,0.333,1
"Meaf6",0.31144131894886,-0.385811872188765,0.071,0.333,1
"Crocc",0.31144131894886,-0.490652837964721,0.071,0.333,1
"Fbxo42",0.31144131894886,-0.67820574107969,0.071,0.333,1
"Rpl22",0.31144131894886,-0.643462067917998,0.071,0.333,1
"Ski",0.31144131894886,-0.631855250586291,0.071,0.333,1
"Nadk",0.31144131894886,-0.471625649743697,0.071,0.333,1
"1700109H08Rik",0.31144131894886,-0.477722745915855,0.071,0.333,1
"Mterf1a",0.31144131894886,-0.385811872188765,0.071,0.333,1
"A630072M18Rik",0.31144131894886,-0.385811872188765,0.071,0.333,1
"Ccdc146",0.31144131894886,-0.490652837964721,0.071,0.333,1
"Klhl7",0.31144131894886,-0.45590916480303,0.071,0.333,1
"Zfp513",0.31144131894886,-0.4611808987407,0.071,0.333,1
"Rgs12",0.31144131894886,-0.45590916480303,0.071,0.333,1
"Qdpr",0.31144131894886,-0.573364775303734,0.071,0.333,1
"Mthfd2l",0.31144131894886,-0.521512783703815,0.071,0.333,1
"Ankle2",0.31144131894886,-0.659178552858666,0.071,0.333,1
"1500011B03Rik",0.31144131894886,-0.659178552858666,0.071,0.333,1
"Plbd2",0.31144131894886,-0.637032571455697,0.071,0.333,1
"Ppp1cc",0.31144131894886,-0.648733801855668,0.071,0.333,1
"Tmem132c",0.31144131894886,-0.477722745915855,0.071,0.333,1
"Limk1",0.31144131894886,-0.630953815153117,0.071,0.333,1
"Vps37d",0.31144131894886,-0.271322802878417,0.071,0.333,1
"Pom121",0.31144131894886,-0.385811872188765,0.071,0.333,1
"Vgf",0.31144131894886,-0.573364775303734,0.071,0.333,1
"Prkar1b",0.31144131894886,-0.490652837964721,0.071,0.333,1
"Zfp655",0.31144131894886,-0.3247522579455,0.071,0.333,1
"Polr1d",0.31144131894886,-0.768486345555638,0.071,0.333,1
"Samd9l",0.31144131894886,-0.642282977412201,0.071,0.333,1
"Dennd11",0.31144131894886,-0.4611808987407,0.071,0.333,1
"9130019P16Rik",0.31144131894886,-0.659178552858666,0.071,0.333,1
"Gm37969",0.31144131894886,-0.493551593905416,0.071,0.333,1
"Suclg1",0.31144131894886,-0.276306255837723,0.071,0.333,1
"Nat8f6",0.31144131894886,-0.493551593905416,0.071,0.333,1
"Gm5577",0.31144131894886,-0.521512783703815,0.071,0.333,1
"Rpn1",0.31144131894886,-0.443400912038148,0.071,0.333,1
"Sec61a1",0.31144131894886,-0.5392041898452,0.071,0.333,1
"Zxdc",0.31144131894886,-0.734325760097104,0.071,0.333,1
"Tmem43",0.31144131894886,-0.659178552858666,0.071,0.333,1
"Eogt",0.31144131894886,-0.67820574107969,0.071,0.333,1
"Gm44045",0.31144131894886,-0.637032571455697,0.071,0.333,1
"Sumf1",0.31144131894886,-0.395599515110542,0.071,0.333,1
"Bhlhe40",0.31144131894886,-0.630953815153117,0.071,0.333,1
"Mbd4",0.31144131894886,-0.471625649743697,0.071,0.333,1
"Rasgef1a",0.31144131894886,-0.643462067917998,0.071,0.333,1
"Adipor2",0.31144131894886,-0.471625649743697,0.071,0.333,1
"Slc2a3",0.31144131894886,-0.454730074297232,0.071,0.333,1
"Tpi1",0.31144131894886,-0.665275649030824,0.071,0.333,1
"Gm26673",0.31144131894886,-0.490652837964721,0.071,0.333,1
"Tspan9",0.31144131894886,-0.458875705993386,0.071,0.333,1
"Ybx3",0.31144131894886,-0.385811872188765,0.071,0.333,1
"Dusp16",0.31144131894886,-0.490652837964721,0.071,0.333,1
"Cacng8",0.31144131894886,-0.454730074297232,0.071,0.333,1
"Napa",0.31144131894886,-0.449479668340729,0.071,0.333,1
"Gemin7",0.31144131894886,-0.490652837964721,0.071,0.333,1
"Clptm1",0.31144131894886,-0.351651286730232,0.071,0.333,1
"Clip3",0.31144131894886,-0.5392041898452,0.071,0.333,1
"Zfp715",0.31144131894886,-0.5392041898452,0.071,0.333,1
"Lrrc4b",0.31144131894886,-0.621463039530474,0.071,0.333,1
"Vrk3",0.31144131894886,-0.648733801855668,0.071,0.333,1
"Scaf1",0.31144131894886,-0.778273988477415,0.071,0.333,1
"Bax",0.31144131894886,-0.648733801855668,0.071,0.333,1
"Chsy1",0.31144131894886,-0.449479668340729,0.071,0.333,1
"Gm44667",0.31144131894886,-0.45590916480303,0.071,0.333,1
"Zfp710",0.31144131894886,-0.637032571455697,0.071,0.333,1
"Furin",0.31144131894886,-0.643462067917998,0.071,0.333,1
"Picalm",0.31144131894886,-0.493551593905416,0.071,0.333,1
"Thap12",0.31144131894886,-0.67820574107969,0.071,0.333,1
"Lrrc51",0.31144131894886,-0.449479668340729,0.071,0.333,1
"Trim3",0.31144131894886,-0.665275649030824,0.071,0.333,1
"Rrp8",0.31144131894886,-0.351651286730232,0.071,0.333,1
"Far1os",0.31144131894886,-0.490652837964721,0.071,0.333,1
"Gprc5b",0.31144131894886,-0.443400912038148,0.071,0.333,1
"Plekha1",0.31144131894886,-0.443400912038148,0.071,0.333,1
"Edrf1",0.31144131894886,-0.454730074297232,0.071,0.333,1
"Lrrc27",0.31144131894886,-0.490652837964721,0.071,0.333,1
"Inpp5a",0.31144131894886,-0.665275649030824,0.071,0.333,1
"Tubgcp2",0.31144131894886,-0.443400912038148,0.071,0.333,1
"Zfp511",0.31144131894886,-0.493551593905416,0.071,0.333,1
"Phrf1",0.31144131894886,-0.521512783703815,0.071,0.333,1
"Taldo1",0.31144131894886,-0.642282977412201,0.071,0.333,1
"Rplp2",0.31144131894886,-0.4611808987407,0.071,0.333,1
"Polr2l",0.31144131894886,-0.643462067917998,0.071,0.333,1
"Tspan32os",0.31144131894886,-0.648733801855668,0.071,0.333,1
"Erich1",0.31144131894886,-0.454730074297232,0.071,0.333,1
"Letm2",0.31144131894886,-0.5392041898452,0.071,0.333,1
"Ash2l",0.31144131894886,-0.449479668340729,0.071,0.333,1
"Fnta",0.31144131894886,-0.443400912038148,0.071,0.333,1
"ENSMUSG00000120575",0.31144131894886,-0.471625649743697,0.071,0.333,1
"Gm10033",0.31144131894886,-0.659178552858666,0.071,0.333,1
"Myo9b",0.31144131894886,-0.842379081468696,0.071,0.333,1
"Mvb12a",0.31144131894886,-0.659178552858666,0.071,0.333,1
"Dnajb1",0.31144131894886,-0.707426731312372,0.071,0.333,1
"Mri1",0.31144131894886,-0.521512783703815,0.071,0.333,1
"Fbxw9",0.31144131894886,-0.45590916480303,0.071,0.333,1
"Gins3",0.31144131894886,-0.45590916480303,0.071,0.333,1
"Got2",0.31144131894886,-0.642282977412201,0.071,0.333,1
"Vps4a",0.31144131894886,-0.490652837964721,0.071,0.333,1
"Ap1g1",0.31144131894886,-0.521512783703815,0.071,0.333,1
"Adat1",0.31144131894886,-0.443400912038148,0.071,0.333,1
"Vps9d1",0.31144131894886,-0.521512783703815,0.071,0.333,1
"Abcb10",0.31144131894886,-0.67820574107969,0.071,0.333,1
"Arv1",0.31144131894886,-0.454730074297232,0.071,0.333,1
"Fam76b",0.31144131894886,-0.493551593905416,0.071,0.333,1
"Zfp558",0.31144131894886,-0.477722745915855,0.071,0.333,1
"Tyk2",0.31144131894886,-0.67820574107969,0.071,0.333,1
"Smarca4",0.31144131894886,-0.642282977412201,0.071,0.333,1
"Plppr2",0.31144131894886,-0.659178552858666,0.071,0.333,1
"Rp9",0.31144131894886,-0.768486345555638,0.071,0.333,1
"Srpr",0.31144131894886,-0.45590916480303,0.071,0.333,1
"Fam118b",0.31144131894886,-0.443400912038148,0.071,0.333,1
"Gm16536",0.31144131894886,-0.490652837964721,0.071,0.333,1
"Sidt2",0.31144131894886,-0.45590916480303,0.071,0.333,1
"2300009A05Rik",0.31144131894886,-0.471625649743697,0.071,0.333,1
"Pigb",0.31144131894886,-0.67820574107969,0.071,0.333,1
"Tmod3",0.31144131894886,-0.351651286730232,0.071,0.333,1
"Mthfsl",0.31144131894886,-0.67820574107969,0.071,0.333,1
"Tmie",0.31144131894886,-0.45590916480303,0.071,0.333,1
"Susd5",0.31144131894886,-0.351651286730232,0.071,0.333,1
"Gpd1l",0.31144131894886,-0.471625649743697,0.071,0.333,1
"Gm2415",0.31144131894886,-0.659178552858666,0.071,0.333,1
"Ss18l2",0.31144131894886,-0.45590916480303,0.071,0.333,1
"Gm29571",0.31144131894886,-0.454730074297232,0.071,0.333,1
"Gtf3c6",0.31144131894886,-0.471625649743697,0.071,0.333,1
"Fig4",0.31144131894886,-0.45590916480303,0.071,0.333,1
"Bcr",0.31144131894886,-0.521512783703815,0.071,0.333,1
"Specc1l",0.31144131894886,-0.351651286730232,0.071,0.333,1
"Polr2e",0.31144131894886,-0.4611808987407,0.071,0.333,1
"Hsp90b1",0.31144131894886,-0.454730074297232,0.071,0.333,1
"Gnptab",0.31144131894886,-0.659178552858666,0.071,0.333,1
"Ikbip",0.31144131894886,-0.659178552858666,0.071,0.333,1
"Gm31592",0.31144131894886,-0.490652837964721,0.071,0.333,1
"Cradd",0.31144131894886,-0.5392041898452,0.071,0.333,1
"Poc1b",0.31144131894886,-0.521512783703815,0.071,0.333,1
"Nup107",0.31144131894886,-0.454730074297232,0.071,0.333,1
"Rnf215",0.31144131894886,-0.643462067917998,0.071,0.333,1
"Meis1",0.31144131894886,-0.271322802878417,0.071,0.333,1
"Pex13",0.31144131894886,-0.45590916480303,0.071,0.333,1
"Pnpt1",0.31144131894886,-0.643462067917998,0.071,0.333,1
"Gabrg2",0.31144131894886,-0.643462067917998,0.071,0.333,1
"Fndc9",0.31144131894886,-0.4611808987407,0.071,0.333,1
"Gfpt2",0.31144131894886,-0.643462067917998,0.071,0.333,1
"B9d1",0.31144131894886,-0.642282977412201,0.071,0.333,1
"Hs3st3a1",0.31144131894886,-0.395599515110542,0.071,0.333,1
"Glp2r",0.31144131894886,-0.659178552858666,0.071,0.333,1
"Ctc1",0.31144131894886,-0.351651286730232,0.071,0.333,1
"Gabarap",0.31144131894886,-0.454730074297232,0.071,0.333,1
"Inca1",0.31144131894886,-0.521512783703815,0.071,0.333,1
"4930563E22Rik",0.31144131894886,-0.592825216262884,0.071,0.333,1
"Rpl23a",0.31144131894886,-0.490652837964721,0.071,0.333,1
"Zfp830",0.31144131894886,-0.454730074297232,0.071,0.333,1
"Tubd1",0.31144131894886,-0.471625649743697,0.071,0.333,1
"Gm11508",0.31144131894886,-0.768486345555638,0.071,0.333,1
"Cox11",0.31144131894886,-0.643462067917998,0.071,0.333,1
"Mllt6",0.31144131894886,-0.642282977412201,0.071,0.333,1
"Cisd3",0.31144131894886,-0.45590916480303,0.071,0.333,1
"Rdm1",0.31144131894886,-0.454730074297232,0.071,0.333,1
"Lsm12",0.31144131894886,-0.5392041898452,0.071,0.333,1
"Cdc27",0.31144131894886,-0.700878537634476,0.071,0.333,1
"Dcaf7",0.31144131894886,-0.4611808987407,0.071,0.333,1
"Fdxr",0.31144131894886,-0.5392041898452,0.071,0.333,1
"Cdr2l",0.31144131894886,-0.665275649030824,0.071,0.333,1
"Cyth1",0.31144131894886,-0.490652837964721,0.071,0.333,1
"Arhgdia",0.31144131894886,-0.637032571455697,0.071,0.333,1
"Anapc11",0.31144131894886,-0.351651286730232,0.071,0.333,1
"B3gntl1",0.31144131894886,-0.45590916480303,0.071,0.333,1
"Wdr35",0.31144131894886,-0.268531691238553,0.071,0.333,1
"E2f6",0.31144131894886,-0.443400912038148,0.071,0.333,1
"Gm48182",0.31144131894886,-0.454730074297232,0.071,0.333,1
"Ppp2r3c",0.31144131894886,-0.449479668340729,0.071,0.333,1
"Synj2bp",0.31144131894886,-0.5392041898452,0.071,0.333,1
"Aldh6a1",0.31144131894886,-0.521512783703815,0.071,0.333,1
"Rps6kl1",0.31144131894886,-0.4611808987407,0.071,0.333,1
"Mlh3",0.31144131894886,-0.471625649743697,0.071,0.333,1
"Gstz1",0.31144131894886,-0.443400912038148,0.071,0.333,1
"Adck1",0.31144131894886,-0.67820574107969,0.071,0.333,1
"Evl",0.31144131894886,-0.351651286730232,0.071,0.333,1
"Yy1",0.31144131894886,-0.490652837964721,0.071,0.333,1
"4930595D18Rik",0.31144131894886,-0.4611808987407,0.071,0.333,1
"H1f2",0.31144131894886,-0.477722745915855,0.071,0.333,1
"Pxdc1",0.31144131894886,-0.573364775303734,0.071,0.333,1
"Lyrm4",0.31144131894886,-0.449479668340729,0.071,0.333,1
"A730081D07Rik",0.31144131894886,-0.521512783703815,0.071,0.333,1
"Nedd9",0.31144131894886,-0.642282977412201,0.071,0.333,1
"Tbc1d7",0.31144131894886,-0.768486345555638,0.071,0.333,1
"Sirt5",0.31144131894886,-0.42634146927857,0.071,0.333,1
"Kdm1b",0.31144131894886,-0.385811872188765,0.071,0.333,1
"Dek",0.31144131894886,-0.521512783703815,0.071,0.333,1
"B230219D22Rik",0.31144131894886,-0.573364775303734,0.071,0.333,1
"Pcbd2",0.31144131894886,-0.454730074297232,0.071,0.333,1
"Smad5",0.31144131894886,-0.490652837964721,0.071,0.333,1
"Spock1",0.31144131894886,-0.385811872188765,0.071,0.333,1
"Gkap1",0.31144131894886,-0.45590916480303,0.071,0.333,1
"Gm30655",0.31144131894886,-0.454730074297232,0.071,0.333,1
"Med10",0.31144131894886,-0.4611808987407,0.071,0.333,1
"Fam151b",0.31144131894886,-0.471625649743697,0.071,0.333,1
"Ipo11",0.31144131894886,-0.659178552858666,0.071,0.333,1
"Gng2",0.31144131894886,-0.768486345555638,0.071,0.333,1
"Anxa7",0.31144131894886,-0.45590916480303,0.071,0.333,1
"Chchd1",0.31144131894886,-0.643462067917998,0.071,0.333,1
"Tmem254",0.31144131894886,-0.493551593905416,0.071,0.333,1
"Mettl6",0.31144131894886,-0.768486345555638,0.071,0.333,1
"Arhgap22",0.31144131894886,-0.471625649743697,0.071,0.333,1
"Ttc5",0.31144131894886,-0.659178552858666,0.071,0.333,1
"Tox4",0.31144131894886,-0.384971605022862,0.071,0.333,1
"Mmp14",0.31144131894886,-0.351651286730232,0.071,0.333,1
"Gm20687",0.31144131894886,-0.521512783703815,0.071,0.333,1
"Zfhx2",0.31144131894886,-0.659178552858666,0.071,0.333,1
"Gm4491",0.31144131894886,-0.665275649030824,0.071,0.333,1
"Gtf2f2",0.31144131894886,-0.648733801855668,0.071,0.333,1
"Nufip1",0.31144131894886,-0.477722745915855,0.071,0.333,1
"Pcdh20",0.31144131894886,-0.471625649743697,0.071,0.333,1
"Slain1",0.31144131894886,-0.583152418225511,0.071,0.333,1
"Tmtc4",0.31144131894886,-0.630953815153117,0.071,0.333,1
"1700024B18Rik",0.31144131894886,-0.42286466426081,0.071,0.333,1
"Prkaa1",0.31144131894886,-0.573364775303734,0.071,0.333,1
"Cdh12",0.31144131894886,-0.436733680334388,0.071,0.333,1
"Pabpc1",0.31144131894886,-0.648733801855668,0.071,0.333,1
"Azin1",0.31144131894886,-0.5392041898452,0.071,0.333,1
"Eny2",0.31144131894886,-0.493551593905416,0.071,0.333,1
"Deptor",0.31144131894886,-0.573751541839198,0.071,0.333,1
"Eef1d",0.31144131894886,-0.573364775303734,0.071,0.333,1
"Csnk1e",0.31144131894886,-0.45590916480303,0.071,0.333,1
"Rbx1",0.31144131894886,-0.642282977412201,0.071,0.333,1
"Rangap1",0.31144131894886,-0.4611808987407,0.071,0.333,1
"Csdc2",0.31144131894886,-0.385811872188765,0.071,0.333,1
"Nup50",0.31144131894886,-0.642282977412201,0.071,0.333,1
"Alg10b",0.31144131894886,-0.493551593905416,0.071,0.333,1
"Irak4",0.31144131894886,-0.454730074297232,0.071,0.333,1
"Asic1",0.31144131894886,-0.583152418225511,0.071,0.333,1
"Letmd1",0.31144131894886,-0.493551593905416,0.071,0.333,1
"Smug1",0.31144131894886,-0.637032571455697,0.071,0.333,1
"Txndc11",0.31144131894886,-0.471625649743697,0.071,0.333,1
"Rsl1d1",0.31144131894886,-0.67820574107969,0.071,0.333,1
"Ifitm7",0.31144131894886,-0.521512783703815,0.071,0.333,1
"Abcc1",0.31144131894886,-0.45590916480303,0.071,0.333,1
"Ube2l3",0.31144131894886,-0.642282977412201,0.071,0.333,1
"Crkl",0.31144131894886,-0.642282977412201,0.071,0.333,1
"Fam131a",0.31144131894886,-0.384971605022862,0.071,0.333,1
"Gm52969",0.31144131894886,-0.471625649743697,0.071,0.333,1
"0610012G03Rik",0.31144131894886,-0.4611808987407,0.071,0.333,1
"Dynlt2b",0.31144131894886,-0.630953815153117,0.071,0.333,1
"Snx4",0.31144131894886,-0.443400912038148,0.071,0.333,1
"Ccdc14",0.31144131894886,-0.637032571455697,0.071,0.333,1
"Ccdc191",0.31144131894886,-0.643462067917998,0.071,0.333,1
"Filip1l",0.31144131894886,-0.490652837964721,0.071,0.333,1
"Hmgn1",0.31144131894886,-0.449479668340729,0.071,0.333,1
"E430024P14Rik",0.31144131894886,-0.351651286730232,0.071,0.333,1
"Zfp677",0.31144131894886,-0.659178552858666,0.071,0.333,1
"Zfp983",0.31144131894886,-0.45590916480303,0.071,0.333,1
"Zfp942",0.31144131894886,-0.490652837964721,0.071,0.333,1
"Tsc2",0.31144131894886,-0.454730074297232,0.071,0.333,1
"Tsr3",0.31144131894886,-0.643462067917998,0.071,0.333,1
"Gng13",0.31144131894886,-0.471625649743697,0.071,0.333,1
"Mdga1",0.31144131894886,-0.521512783703815,0.071,0.333,1
"Gm50250",0.31144131894886,-0.454730074297232,0.071,0.333,1
"Wdr4",0.31144131894886,-0.734325760097104,0.071,0.333,1
"Adamts10",0.31144131894886,-0.642282977412201,0.071,0.333,1
"Rgl2",0.31144131894886,-0.351651286730232,0.071,0.333,1
"Vps52",0.31144131894886,-0.573364775303734,0.071,0.333,1
"Neu1",0.31144131894886,-0.454730074297232,0.071,0.333,1
"2310061I04Rik",0.31144131894886,-0.477722745915855,0.071,0.333,1
"Atat1",0.31144131894886,-0.637032571455697,0.071,0.333,1
"Runx2",0.31144131894886,-0.4611808987407,0.071,0.333,1
"Cdc5l",0.31144131894886,-0.643462067917998,0.071,0.333,1
"Ttbk1",0.31144131894886,-0.659178552858666,0.071,0.333,1
"Rpl7l1",0.31144131894886,-0.4611808987407,0.071,0.333,1
"Hdgfl2",0.31144131894886,-0.385811872188765,0.071,0.333,1
"Mydgf",0.31144131894886,-0.490652837964721,0.071,0.333,1
"Myl12b",0.31144131894886,-0.490652837964721,0.071,0.333,1
"Ehd3",0.31144131894886,-0.573364775303734,0.071,0.333,1
"Rmdn2",0.31144131894886,-0.659178552858666,0.071,0.333,1
"Mir133a-1hg",0.31144131894886,-0.648733801855668,0.071,0.333,1
"Ammecr1l",0.31144131894886,-0.45590916480303,0.071,0.333,1
"Gm26533",0.31144131894886,-0.768486345555638,0.071,0.333,1
"Epb41l4a",0.31144131894886,-0.490652837964721,0.071,0.333,1
"Hdac3",0.31144131894886,-0.592825216262884,0.071,0.333,1
"Srfbp1",0.31144131894886,-0.477722745915855,0.071,0.333,1
"Csnk1g3",0.31144131894886,-0.281829716774623,0.071,0.333,1
"Rpl17",0.31144131894886,-0.493551593905416,0.071,0.333,1
"Pold4",0.31144131894886,-0.637032571455697,0.071,0.333,1
"Lrfn4",0.31144131894886,-0.4611808987407,0.071,0.333,1
"Dpp3",0.31144131894886,-0.642282977412201,0.071,0.333,1
"Banf1",0.31144131894886,-0.385811872188765,0.071,0.333,1
"Syvn1",0.31144131894886,-0.463859158952691,0.071,0.333,1
"Spindoc",0.31144131894886,-0.276306255837723,0.071,0.333,1
"Zfta",0.31144131894886,-0.4611808987407,0.071,0.333,1
"ENSMUSG00000120219",0.31144131894886,-0.659178552858666,0.071,0.333,1
"Ermp1",0.31144131894886,-0.67820574107969,0.071,0.333,1
"Avpi1",0.31144131894886,-0.477722745915855,0.071,0.333,1
"Kcnip2",0.31144131894886,-0.768486345555638,0.071,0.333,1
"Gm14636",0.31144131894886,-0.4611808987407,0.071,0.333,1
"Wdr44",0.31144131894886,-0.648733801855668,0.071,0.333,1
"Slc25a14",0.31144131894886,-0.454730074297232,0.071,0.333,1
"Plxnb3",0.31144131894886,-0.734325760097104,0.071,0.333,1
"4933407K13Rik",0.31144131894886,-0.351651286730232,0.071,0.333,1
"Prrg1",0.31144131894886,-0.385811872188765,0.071,0.333,1
"Pdk3",0.31144131894886,-0.642282977412201,0.071,0.333,1
"Uprt",0.31144131894886,-0.659178552858666,0.071,0.333,1
"Rpl36a",0.31144131894886,-0.5392041898452,0.071,0.333,1
"Arxes2",0.31144131894886,-0.659178552858666,0.071,0.333,1
"Rbm41",0.31144131894886,-0.443400912038148,0.071,0.333,1
"Rragb",0.31144131894886,-0.573364775303734,0.071,0.333,1
"Txlng",0.31144131894886,-0.471625649743697,0.071,0.333,1
"Mospd2",0.31144131894886,-0.4611808987407,0.071,0.333,1
"mt-Nd5",0.31144131894886,-0.378629971587295,0.071,0.333,1
"Hnrnpu",0.318446520656529,0.966034139788782,0.571,0.333,1
"Frmpd1",0.318446520656529,0.896996820278658,0.571,0.333,1
"Fip1l1",0.318446520656529,0.749752739478486,0.571,0.333,1
"Erc1",0.318446520656529,0.671213300147377,0.571,0.333,1
"Chd2",0.318446520656529,0.688716868086155,0.571,0.333,1
"Mt3",0.318446520656529,1.12086419883331,0.571,0.333,1
"Mt1",0.318446520656529,1.06450918490522,0.571,0.333,1
"Acsl6",0.318446520656529,1.08157840460823,0.571,0.333,1
"Asap2",0.318446520656529,-0.512126111200043,0.429,1,1
"Peli2",0.318446520656529,0.859904861771401,0.571,0.333,1
"Rb1",0.318446520656529,0.729278121457627,0.571,0.333,1
"Atp13a3",0.318446520656529,0.695401115618515,0.571,0.333,1
"Dyrk1a",0.318446520656529,0.923383142902978,0.571,0.333,1
"Cdc37l1",0.318446520656529,1.14362618397558,0.571,0.333,1
"Thoc2",0.318446520656529,0.862301199980474,0.571,0.333,1
"Arhgef9",0.318446520656529,0.680216342239758,0.571,0.333,1
"Ncoa2",0.323458586433235,-0.59527227722781,0.357,0.667,1
"Shisa4",0.323458586433235,-0.991172443428234,0.357,0.667,1
"Ubr1",0.323458586433235,-0.521489903915739,0.357,0.667,1
"Tbl1xr1",0.323458586433235,-0.566725685649567,0.357,0.667,1
"Abcd3",0.323458586433235,-0.708863245539047,0.357,0.667,1
"Raver2",0.323458586433235,-0.584865094191544,0.357,0.667,1
"Krit1",0.323458586433235,-0.527955717359675,0.357,0.667,1
"Grk3",0.323458586433235,-0.793980415302927,0.357,0.667,1
"Cd9",0.323458586433235,-0.575854755546952,0.357,0.667,1
"Atf7ip",0.323458586433235,-0.625306488411751,0.357,0.667,1
"Micu3",0.323458586433235,-0.633645144321775,0.357,0.667,1
"Ubb",0.323458586433235,-1.14588406094142,0.357,0.667,1
"Med13",0.323458586433235,-0.761172370808541,0.357,0.667,1
"Helz",0.323458586433235,-0.535759003330759,0.357,0.667,1
"Map1b",0.323458586433235,-0.83175634333779,0.357,0.667,1
"Rnf180",0.323458586433235,-0.564251340432404,0.357,0.667,1
"Dlg1",0.323458586433235,-0.552350123187538,0.357,0.667,1
"B4galt6",0.323458586433235,-0.828848767059027,0.357,0.667,1
"Stau2",0.327528097472958,-0.563125476208631,0.5,1,1
"Rev1",0.327528097472958,0.977542506849763,0.643,0.333,1
"Plcl1",0.327528097472958,0.815630038709441,0.643,0.333,1
"Mgat5",0.327528097472958,-0.634590117360913,0.571,0.667,1
"Itgav",0.327528097472958,-0.521670774844631,0.5,1,1
"Elovl6",0.327528097472958,-0.426791255514436,0.5,1,1
"Kdm4c",0.327528097472958,1.06838410579083,0.643,0.333,1
"Limch1",0.327528097472958,-0.449974277751059,0.5,1,1
"Tenm3",0.327528097472958,1.14552254540363,0.643,0.333,1
"Ly6h",0.327528097472958,-0.414829099247654,0.5,1,1
"Zfp521",0.327528097472958,-0.794134587690023,0.5,1,1
"Rtn3",0.327528097472958,-1.11875076229138,0.571,0.667,1
"Gm36975",0.33411827990948,0.957674011031266,0.714,0.333,1
"Atp1b1",0.33411827990948,0.894049820653773,0.714,0.333,1
"9630028H03Rik",0.33411827990948,0.901105475860052,0.714,0.333,1
"Gm20646",0.337952056417714,-0.504113127361688,0.286,0.667,1
"Insig2",0.337952056417714,-0.36280566396959,0.286,0.667,1
"Rab14",0.337952056417714,-0.506568697946566,0.286,0.667,1
"2610316D01Rik",0.337952056417714,-0.454148612008539,0.286,0.667,1
"Sort1",0.337952056417714,-0.72581540918012,0.286,0.667,1
"Epb41",0.337952056417714,-0.591357266050405,0.286,0.667,1
"Lamp1",0.337952056417714,-0.481289938574748,0.286,0.667,1
"Tacc1",0.337952056417714,-0.591705979780998,0.286,0.667,1
"Zfp827",0.337952056417714,-0.58723019643668,0.286,0.667,1
"Chst2",0.337952056417714,-0.353326530349739,0.286,0.667,1
"Ewsr1",0.337952056417714,-0.382661414770558,0.286,0.667,1
"Rack1",0.337952056417714,-0.544168118204518,0.286,0.667,1
"Hint1",0.337952056417714,-0.547402552005643,0.286,0.667,1
"Agmo",0.337952056417714,-0.78054066191248,0.286,0.667,1
"Parp8",0.337952056417714,-0.392184513413533,0.286,0.667,1
"Rcan2",0.337952056417714,-0.606386416153374,0.286,0.667,1
"Prrc2c",0.338714516034249,-0.465299528133273,0.643,1,1
"Brinp1",0.338714516034249,-0.8580910869184,0.714,0.667,1
"Hip1",0.338714516034249,0.726238657314678,0.786,0.333,1
"Gm48747",0.338714516034249,0.747421853344666,0.786,0.333,1
"Foxn3",0.338714516034249,-0.818213445962245,0.714,0.667,1
"Dip2c",0.338714516034249,-0.452308938432067,0.643,1,1
"Mapk4",0.338714516034249,0.459476501455168,0.714,0.667,1
"Dennd1a",0.343518692319476,-0.294252665290081,0.786,1,1
"Snrnp70",0.343518692319476,-0.650105878726504,0.786,1,1
"Rev3l",0.343518692319476,-0.576144746024397,0.786,1,1
"Apc",0.343518692319476,-0.382084512332525,0.786,1,1
"Stox2",0.344408414020939,0.603754172132204,0.857,1,1
"Gria2",0.344704222006958,-0.316916287662747,1,1,1
"Gabrb1",0.344704222006958,0.389766163275521,0.929,1,1
"Nav3",0.344704222006958,0.66266128990311,1,1,1
"Gpm6b",0.344704222006958,-0.545739282616454,1,1,1
"Foxo1",0.348260746459543,-0.459930499563714,0.214,0.667,1
"Actn4",0.348260746459543,-0.564265463021056,0.214,0.667,1
"Arhgef18",0.348260746459543,-0.65476156528006,0.214,0.667,1
"Vps37a",0.348260746459543,-0.507987974682226,0.214,0.667,1
"Slc25a42",0.348260746459543,-0.57339502159442,0.214,0.667,1
"Mcm9",0.348260746459543,-0.667314605832158,0.214,0.667,1
"Ppp3cb",0.348260746459543,-0.671834739723503,0.214,0.667,1
"Zfp36l2",0.348260746459543,-0.625002319518354,0.214,0.667,1
"Gm26672",0.348260746459543,-0.405954531899641,0.214,0.667,1
"Fam120c",0.348260746459543,-0.588362915401984,0.214,0.667,1
"Phyhipl",0.351778576370535,-0.572309166394554,0.5,0.667,1
"Rfx4",0.351778576370535,-1.18519783913285,0.5,0.667,1
"Pja2",0.351778576370535,-0.561152508808307,0.5,0.667,1
"Gm37629",0.35183294335473,0.832882283097362,0.286,0,1
"Arfgef1",0.35183294335473,1.13873448800661,0.286,0,1
"Sulf1",0.35183294335473,1.20152644350499,0.286,0,1
"Ube2w",0.35183294335473,0.936682683585193,0.286,0,1
"2900022M07Rik",0.35183294335473,0.956431808677817,0.286,0,1
"Tmem131",0.35183294335473,0.886867399352877,0.286,0,1
"Gm28175",0.35183294335473,1.1476904128119,0.286,0,1
"Gpr45",0.35183294335473,0.935929976158038,0.286,0,1
"Tgfbrap1",0.35183294335473,0.858223914824481,0.286,0,1
"Ercc5",0.35183294335473,0.933561778061089,0.286,0,1
"Gm10561",0.35183294335473,0.985634952270293,0.286,0,1
"Wdr12",0.35183294335473,0.960520993604819,0.286,0,1
"Ino80dos",0.35183294335473,0.884323596664147,0.286,0,1
"Rpl37a",0.35183294335473,0.905427679471609,0.286,0,1
"Stk25",0.35183294335473,0.965584300259177,0.286,0,1
"Gm10550",0.35183294335473,0.866624889761718,0.286,0,1
"Ppp1r12b",0.35183294335473,0.928076753568795,0.286,0,1
"Arl8a",0.35183294335473,0.870708136531523,0.286,0,1
"Gm28501",0.35183294335473,0.922172428584925,0.286,0,1
"Ivns1abp",0.35183294335473,0.915421092360116,0.286,0,1
"Smg7",0.35183294335473,1.03121163029036,0.286,0,1
"Ralgps2",0.35183294335473,0.963768610871762,0.286,0,1
"Aldh9a1",0.35183294335473,0.898276103564107,0.286,0,1
"Wdr26",0.35183294335473,0.900107698100478,0.286,0,1
"Srp9",0.35183294335473,0.979244198230961,0.286,0,1
"Iars2",0.35183294335473,1.15879421948679,0.286,0,1
"Esrrg",0.35183294335473,0.814198632150895,0.286,0,1
"Fam171a1",0.35183294335473,0.971751676765911,0.286,0,1
"C1ql3",0.35183294335473,1.05737705288983,0.286,0,1
"Rabl6",0.35183294335473,1.01206116994387,0.286,0,1
"Notch1",0.35183294335473,0.858735077246405,0.286,0,1
"Ttf1",0.35183294335473,0.879001910963097,0.286,0,1
"Marchf7",0.35183294335473,1.05836160661617,0.286,0,1
"Galnt3",0.35183294335473,0.770036392674971,0.286,0,1
"Tlk1",0.35183294335473,1.03026483099623,0.286,0,1
"Ube2e3",0.35183294335473,0.855190396768423,0.286,0,1
"Chst1",0.35183294335473,0.894286943753989,0.286,0,1
"Ldlrad3",0.35183294335473,1.09232344516378,0.286,0,1
"Fbxo3",0.35183294335473,0.934817961438502,0.286,0,1
"Emc7",0.35183294335473,0.890608728636701,0.286,0,1
"Rasgrp1",0.35183294335473,0.936146119589705,0.286,0,1
"Gatm",0.35183294335473,0.901985217679493,0.286,0,1
"Anapc1",0.35183294335473,1.00467746557466,0.286,0,1
"Tmem87b",0.35183294335473,0.838057068562368,0.286,0,1
"Rassf2",0.35183294335473,1.18728782386275,0.286,0,1
"Cds2",0.35183294335473,0.972250788704196,0.286,0,1
"Macrod2os1",0.35183294335473,0.986969678802025,0.286,0,1
"Pcsk2",0.35183294335473,1.49833660033118,0.286,0,1
"Tm9sf4",0.35183294335473,0.816230149997154,0.286,0,1
"Snta1",0.35183294335473,1.34532798599891,0.286,0,1
"Eif2s2",0.35183294335473,1.04380300026269,0.286,0,1
"Pigu",0.35183294335473,0.969623674381241,0.286,0,1
"Ncoa6",0.35183294335473,0.813810372541074,0.286,0,1
"Rab5if",0.35183294335473,0.995872399853658,0.286,0,1
"Dpm1",0.35183294335473,0.847200842235248,0.286,0,1
"Rps21",0.35183294335473,0.865206549638136,0.286,0,1
"Nkain4",0.35183294335473,0.959205511134421,0.286,0,1
"Stmn3",0.35183294335473,0.909255930062949,0.286,0,1
"Dnajc5",0.35183294335473,0.938811443974666,0.286,0,1
"Ythdf3",0.35183294335473,1.20389304011075,0.286,0,1
"Pik3ca",0.35183294335473,0.744096595367981,0.286,0,1
"Kcnab1",0.35183294335473,1.22230039105528,0.286,0,1
"Serpini1",0.35183294335473,1.34410966042055,0.286,0,1
"Gon4l",0.35183294335473,0.850428187829507,0.286,0,1
"Gm43713",0.35183294335473,0.987232790948862,0.286,0,1
"Chtop",0.35183294335473,0.836321486360251,0.286,0,1
"Snx27",0.35183294335473,0.873840817644003,0.286,0,1
"Mcl1",0.35183294335473,0.837017347112162,0.286,0,1
"Notch2",0.35183294335473,0.936934458614271,0.286,0,1
"Lrig2",0.35183294335473,0.873577786346401,0.286,0,1
"Prpf38b",0.35183294335473,0.926072774732831,0.286,0,1
"Ostc",0.35183294335473,0.902278531023668,0.286,0,1
"Dapp1",0.35183294335473,0.826690525742305,0.286,0,1
"Tspan5",0.35183294335473,0.879616421863476,0.286,0,1
"Cibar1",0.35183294335473,0.828981359478653,0.286,0,1
"Ndufaf4",0.35183294335473,0.772129679153105,0.286,0,1
"Tgfbr1",0.35183294335473,0.901131242385228,0.286,0,1
"Abca1",0.35183294335473,1.1017840461309,0.286,0,1
"Ctnnal1",0.35183294335473,0.946062409405619,0.286,0,1
"Fkbp15",0.35183294335473,0.831135042942002,0.286,0,1
"Caap1",0.35183294335473,1.23062455252999,0.286,0,1
"Cyp2j6",0.35183294335473,1.04006248907364,0.286,0,1
"Ak4",0.35183294335473,0.917819231683588,0.286,0,1
"Btf3l4",0.35183294335473,0.97593100326417,0.286,0,1
"Agbl4",0.35183294335473,1.22933651365941,0.286,0,1
"Zswim5",0.35183294335473,1.1709572372036,0.286,0,1
"Smap2",0.35183294335473,0.774157034831997,0.286,0,1
"Ago1",0.35183294335473,0.907775057062414,0.286,0,1
"Atpif1",0.35183294335473,0.947239916158252,0.286,0,1
"Id3",0.35183294335473,1.4378216421658,0.286,0,1
"Gm13031",0.35183294335473,0.984675389924571,0.286,0,1
"Ddi2",0.35183294335473,0.767407698026624,0.286,0,1
"Vps13d",0.35183294335473,0.872216352566915,0.286,0,1
"Mfn2",0.35183294335473,0.838057068562368,0.286,0,1
"Tmem60",0.35183294335473,1.00312940201552,0.286,0,1
"Ptpn12",0.35183294335473,1.25934190563272,0.286,0,1
"Rbks",0.35183294335473,1.01052371257522,0.286,0,1
"Grk4",0.35183294335473,1.07890597559516,0.286,0,1
"Mrfap1",0.35183294335473,1.11698093309374,0.286,0,1
"Cpeb2",0.35183294335473,0.921919936014906,0.286,0,1
"Rfc1",0.35183294335473,0.854971614307317,0.286,0,1
"Pds5a",0.35183294335473,0.89016163456311,0.286,0,1
"Slc30a9",0.35183294335473,1.19503279584519,0.286,0,1
"Gabra4",0.35183294335473,0.850428187829507,0.286,0,1
"Aldh2",0.35183294335473,0.93768940899294,0.286,0,1
"Glt1d1",0.35183294335473,0.791400362619083,0.286,0,1
"Sfswap",0.35183294335473,0.914401513560467,0.286,0,1
"Gm42993",0.35183294335473,0.8849342514841,0.286,0,1
"Gtf2ird1",0.35183294335473,0.983243354971618,0.286,0,1
"Casd1",0.35183294335473,0.865206549638136,0.286,0,1
"Cav2",0.35183294335473,0.850305508829505,0.286,0,1
"Capza2",0.35183294335473,1.33955659537641,0.286,0,1
"Gm43843",0.35183294335473,0.831686951767883,0.286,0,1
"Ndufa5",0.35183294335473,0.920649236936228,0.286,0,1
"Ahcyl2",0.35183294335473,1.26176153385857,0.286,0,1
"Zfp398",0.35183294335473,1.13653825462568,0.286,0,1
"Malsu1",0.35183294335473,0.928564449392965,0.286,0,1
"Npy",0.35183294335473,1.12174104197411,0.286,0,1
"Jazf1",0.35183294335473,0.918309712531931,0.286,0,1
"Pde1c",0.35183294335473,1.16963725448533,0.286,0,1
"E230016M11Rik",0.35183294335473,0.967211818477584,0.286,0,1
"Kcmf1",0.35183294335473,0.847237629458942,0.286,0,1
"Nagk",0.35183294335473,0.831686951767883,0.286,0,1
"Nat8f3",0.35183294335473,0.970309996190256,0.286,0,1
"Pcyox1",0.35183294335473,0.920649236936228,0.286,0,1
"Pcbp1",0.35183294335473,0.870839300692448,0.286,0,1
"Lrig1",0.35183294335473,0.87309520060829,0.286,0,1
"Gt(ROSA)26Sor",0.35183294335473,1.14572800865675,0.286,0,1
"Rpl32",0.35183294335473,0.906005056152975,0.286,0,1
"Washc2",0.35183294335473,1.06134715430105,0.286,0,1
"Hnrnpf",0.35183294335473,0.842514844598232,0.286,0,1
"Dcp1b",0.35183294335473,0.854081147694525,0.286,0,1
"Fkbp4",0.35183294335473,0.838955599055315,0.286,0,1
"Gm44511",0.35183294335473,0.940846324528471,0.286,0,1
"Plekha5",0.35183294335473,1.39418713987985,0.286,0,1
"Sox5os2",0.35183294335473,1.13957452789072,0.286,0,1
"Ergic2",0.35183294335473,0.880680928322095,0.286,0,1
"Rpl28",0.35183294335473,0.905920742016066,0.286,0,1
"Zfp329",0.35183294335473,1.10538134958716,0.286,0,1
"Zfp110",0.35183294335473,0.905309790729382,0.286,0,1
"Kmt2b",0.35183294335473,0.960022313802624,0.286,0,1
"Cpt1c",0.35183294335473,1.00564191756564,0.286,0,1
"Nipa2",0.35183294335473,0.92248114859175,0.286,0,1
"B230209E15Rik",0.35183294335473,0.86710732185353,0.286,0,1
"Selenos",0.35183294335473,0.941546939373044,0.286,0,1
"A730056A06Rik",0.35183294335473,1.00376376608637,0.286,0,1
"Me3",0.35183294335473,0.939488317736007,0.286,0,1
"Ric3",0.35183294335473,0.792566453558507,0.286,0,1
"Ipo7",0.35183294335473,0.748802557947357,0.286,0,1
"Ctr9",0.35183294335473,0.912685845238702,0.286,0,1
"Zbed5-ps",0.35183294335473,0.96771914066723,0.286,0,1
"Ndufab1",0.35183294335473,0.922732618516114,0.286,0,1
"Arhgap17",0.35183294335473,0.775142986236781,0.286,0,1
"Septin1",0.35183294335473,1.17187423476061,0.286,0,1
"Col4a2",0.35183294335473,0.921989077417812,0.286,0,1
"Naxd",0.35183294335473,0.897746143758159,0.286,0,1
"Dcun1d2",0.35183294335473,1.00513262844996,0.286,0,1
"Rasa3",0.35183294335473,0.74794197068513,0.286,0,1
"Kbtbd11",0.35183294335473,0.889387875037749,0.286,0,1
"Zdhhc2",0.35183294335473,0.799431798817029,0.286,0,1
"Mfap3l",0.35183294335473,1.21949853543503,0.286,0,1
"Zfp869",0.35183294335473,0.985020651354495,0.286,0,1
"Eps15l1",0.35183294335473,0.928076753568795,0.286,0,1
"Smarca5",0.35183294335473,1.02061681702518,0.286,0,1
"Scoc",0.35183294335473,0.859000828375706,0.286,0,1
"Nfix",0.35183294335473,1.01809876089771,0.286,0,1
"Siah1a",0.35183294335473,1.13572089130455,0.286,0,1
"Rbl2",0.35183294335473,0.905920742016066,0.286,0,1
"Lpcat2",0.35183294335473,0.981226904118005,0.286,0,1
"Gm31224",0.35183294335473,1.03106296328997,0.286,0,1
"Slc7a6os",0.35183294335473,0.863082109878478,0.286,0,1
"Zfhx3",0.35183294335473,1.23867302361681,0.286,0,1
"Spg7",0.35183294335473,0.910339791730839,0.286,0,1
"Yap1",0.35183294335473,0.929464376509555,0.286,0,1
"Fbxl12os",0.35183294335473,0.845241272957428,0.286,0,1
"Gm48091",0.35183294335473,1.16460794398871,0.286,0,1
"Cbl",0.35183294335473,0.842325693503067,0.286,0,1
"Ift46",0.35183294335473,0.803684870926329,0.286,0,1
"Ptpn9",0.35183294335473,0.90449163868603,0.286,0,1
"Csnk1g1",0.35183294335473,0.824823165067465,0.286,0,1
"Tpm1",0.35183294335473,1.32694393784965,0.286,0,1
"Tmod2",0.35183294335473,0.833189986084014,0.286,0,1
"Gclc",0.35183294335473,1.00979280323921,0.286,0,1
"Snap91",0.35183294335473,1.32970965158678,0.286,0,1
"Syncrip",0.35183294335473,1.04485659745632,0.286,0,1
"Tfdp2",0.35183294335473,0.970309996190256,0.286,0,1
"Clstn2",0.35183294335473,0.853865129163186,0.286,0,1
"Dag1",0.35183294335473,0.862881978926273,0.286,0,1
"Qrich1",0.35183294335473,1.2416672336375,0.286,0,1
"Pdcd6ip",0.35183294335473,0.87280057169085,0.286,0,1
"Stt3b",0.35183294335473,0.911271769494544,0.286,0,1
"Ppp1r14c",0.35183294335473,0.926585984609828,0.286,0,1
"Ccdc28a",0.35183294335473,0.871081774803911,0.286,0,1
"Rps12",0.35183294335473,1.05506358295881,0.286,0,1
"Akap7",0.35183294335473,1.25610202161142,0.286,0,1
"Rnf217",0.35183294335473,1.19988378825963,0.286,0,1
"Cdc40",0.35183294335473,0.912492478830017,0.286,0,1
"Foxo3",0.35183294335473,0.902479695413363,0.286,0,1
"Nr2e1",0.35183294335473,1.08933315998614,0.286,0,1
"Ascc3",0.35183294335473,1.08844848563871,0.286,0,1
"Anapc16",0.35183294335473,0.894286943753989,0.286,0,1
"Chchd10",0.35183294335473,0.799382256216825,0.286,0,1
"S100b",0.35183294335473,0.870315735054096,0.286,0,1
"Lss",0.35183294335473,0.910028462369672,0.286,0,1
"2610008E11Rik",0.35183294335473,0.978686071475039,0.286,0,1
"Nfyb",0.35183294335473,0.918274693678854,0.286,0,1
"Rtcb",0.35183294335473,0.900365937111343,0.286,0,1
"Phlda1",0.35183294335473,1.07019777155077,0.286,0,1
"Rxylt1",0.35183294335473,1.09205916258952,0.286,0,1
"Mon2",0.35183294335473,1.14893500706493,0.286,0,1
"Ankrd52",0.35183294335473,0.810454358109338,0.286,0,1
"Smarcc2",0.35183294335473,1.32820193119475,0.286,0,1
"Nudcd3",0.35183294335473,0.914401513560467,0.286,0,1
"Actr2",0.35183294335473,1.12386480243182,0.286,0,1
"Wdpcp",0.35183294335473,0.973597949563729,0.286,0,1
"Sanbr",0.35183294335473,0.799154844034096,0.286,0,1
"5730522E02Rik",0.35183294335473,0.84382438139523,0.286,0,1
"Kcnip1",0.35183294335473,1.11899319693089,0.286,0,1
"Zfp354c",0.35183294335473,0.906285372237149,0.286,0,1
"Vdac1",0.35183294335473,0.968520024132169,0.286,0,1
"9530068E07Rik",0.35183294335473,1.00173275394676,0.286,0,1
"Rad50",0.35183294335473,1.37426165422134,0.286,0,1
"G3bp1",0.35183294335473,0.839035435461239,0.286,0,1
"Ube2g1",0.35183294335473,0.967624719710858,0.286,0,1
"Tlcd1",0.35183294335473,1.41105039983635,0.286,0,1
"Ksr1",0.35183294335473,0.832813145086213,0.286,0,1
"Tspoap1",0.35183294335473,0.964354633421654,0.286,0,1
"Vezf1",0.35183294335473,1.02444906979119,0.286,0,1
"Dgke",0.35183294335473,0.918274693678854,0.286,0,1
"Tom1l1",0.35183294335473,0.811739405303468,0.286,0,1
"Cbx1",0.35183294335473,0.867365044445905,0.286,0,1
"Ezh1",0.35183294335473,0.987033144816221,0.286,0,1
"Fzd2",0.35183294335473,0.850219589179512,0.286,0,1
"Prkar1a",0.35183294335473,0.987044954454907,0.286,0,1
"Gm48512",0.35183294335473,1.10904735416287,0.286,0,1
"Fam228b",0.35183294335473,1.17354808584988,0.286,0,1
"Ddx1",0.35183294335473,0.865336721834972,0.286,0,1
"Taf1b",0.35183294335473,0.722669075005017,0.286,0,1
"Id2",0.35183294335473,1.00490541748962,0.286,0,1
"Trappc12",0.35183294335473,0.805945570620779,0.286,0,1
"Myt1l",0.35183294335473,0.865206549638136,0.286,0,1
"Etv1",0.35183294335473,1.30468935551171,0.286,0,1
"Zfp277",0.35183294335473,1.00263949716153,0.286,0,1
"Syt16",0.35183294335473,0.83093043053626,0.286,0,1
"Atp6v1d",0.35183294335473,0.76953163406125,0.286,0,1
"Arel1",0.35183294335473,0.870839300692448,0.286,0,1
"Nek9",0.35183294335473,0.818666470510405,0.286,0,1
"Vipas39",0.35183294335473,0.936220754926774,0.286,0,1
"Alkbh1",0.35183294335473,0.912492478830017,0.286,0,1
"Ppp4r3a",0.35183294335473,0.853865129163186,0.286,0,1
"Trip11",0.35183294335473,1.06742446494358,0.286,0,1
"Unc79",0.35183294335473,0.998169230126279,0.286,0,1
"Itgb8",0.35183294335473,0.864585868820866,0.286,0,1
"Pfkp",0.35183294335473,1.04454750720917,0.286,0,1
"Arid4b",0.35183294335473,0.912639935680387,0.286,0,1
"Sugct",0.35183294335473,0.933396522422656,0.286,0,1
"Acot13",0.35183294335473,1.03445849555504,0.286,0,1
"Riok1",0.35183294335473,0.829210713729698,0.286,0,1
"Secisbp2",0.35183294335473,1.06076965970937,0.286,0,1
"Txndc15",0.35183294335473,0.869477489412713,0.286,0,1
"E430024I08Rik",0.35183294335473,0.853214304289161,0.286,0,1
"Gm4117",0.35183294335473,1.11253377948005,0.286,0,1
"Arhgef28",0.35183294335473,1.34504110239942,0.286,0,1
"Bdp1",0.35183294335473,0.890245166020621,0.286,0,1
"Ndufaf2",0.35183294335473,1.01703099478426,0.286,0,1
"Gpbp1",0.35183294335473,0.814128592921792,0.286,0,1
"Gm41077",0.35183294335473,1.05228179780107,0.286,0,1
"Parp2",0.35183294335473,0.972392365862775,0.286,0,1
"Cab39l",0.35183294335473,0.975507762115956,0.286,0,1
"Ints6",0.35183294335473,1.03445849555504,0.286,0,1
"Fdft1",0.35183294335473,0.997372118978184,0.286,0,1
"Fhip2b",0.35183294335473,0.765743450687927,0.286,0,1
"Enox1",0.35183294335473,1.05714860209868,0.286,0,1
"Rgcc",0.35183294335473,1.12320320073925,0.286,0,1
"Sugt1",0.35183294335473,1.17465115304996,0.286,0,1
"Spry2",0.35183294335473,0.916115390846751,0.286,0,1
"Dnajc3",0.35183294335473,1.31098996438012,0.286,0,1
"Tm9sf2",0.35183294335473,1.08193340622676,0.286,0,1
"Rpl37",0.35183294335473,0.934660170755948,0.286,0,1
"Taf2",0.35183294335473,0.82421236024767,0.286,0,1
"Adgrb1",0.35183294335473,1.3723260357817,0.286,0,1
"Puf60",0.35183294335473,0.887426883738892,0.286,0,1
"Txn2",0.35183294335473,0.963879562079985,0.286,0,1
"Ep300",0.35183294335473,0.956873687307265,0.286,0,1
"Tcf20",0.35183294335473,0.899610988740349,0.286,0,1
"5031439G07Rik",0.35183294335473,0.9319505803923,0.286,0,1
"Gramd4",0.35183294335473,0.790476184482954,0.286,0,1
"Fmnl3",0.35183294335473,0.959751507015499,0.286,0,1
"Tfcp2",0.35183294335473,0.87309520060829,0.286,0,1
"Cdip1",0.35183294335473,1.11717001389656,0.286,0,1
"Klhl22",0.35183294335473,0.814198632150895,0.286,0,1
"Comt",0.35183294335473,0.87309520060829,0.286,0,1
"Etv5",0.35183294335473,0.854459116471945,0.286,0,1
"Il1rap",0.35183294335473,1.05040199095684,0.286,0,1
"Lsg1",0.35183294335473,0.766033955152093,0.286,0,1
"Tnk2",0.35183294335473,1.01139354140723,0.286,0,1
"Fam162a",0.35183294335473,0.736489095790181,0.286,0,1
"Gtpbp8",0.35183294335473,0.881836683240916,0.286,0,1
"Abhd10",0.35183294335473,1.11644170972504,0.286,0,1
"Pcnp",0.35183294335473,1.0515004709993,0.286,0,1
"Gm31323",0.35183294335473,1.040861170188,0.286,0,1
"Lca5l",0.35183294335473,0.834826094696557,0.286,0,1
"1700110C19Rik",0.35183294335473,0.950199106764777,0.286,0,1
"Tcp1",0.35183294335473,0.794499870650514,0.286,0,1
"1600012H06Rik",0.35183294335473,0.854866934573863,0.286,0,1
"Lnpep",0.35183294335473,0.926151504858484,0.286,0,1
"Rps2",0.35183294335473,1.00492814240433,0.286,0,1
"Mapk8ip3",0.35183294335473,0.854661881877768,0.286,0,1
"Rab11fip3",0.35183294335473,0.884323596664147,0.286,0,1
"Luc7l",0.35183294335473,0.809629782559989,0.286,0,1
"Kcnh8",0.35183294335473,1.14275296719298,0.286,0,1
"Khsrp",0.35183294335473,0.80656264440725,0.286,0,1
"Efna5",0.35183294335473,1.05040096601274,0.286,0,1
"Vapa",0.35183294335473,0.904409732295337,0.286,0,1
"Memo1",0.35183294335473,1.0378859138789,0.286,0,1
"Strn",0.35183294335473,1.07441989104076,0.286,0,1
"Npc1",0.35183294335473,0.787566110882197,0.286,0,1
"4933424G05Rik",0.35183294335473,0.781137829801431,0.286,0,1
"Map3k2",0.35183294335473,1.13458465597872,0.286,0,1
"Apbb3",0.35183294335473,0.826969014534354,0.286,0,1
"Zmat2",0.35183294335473,0.851295127159329,0.286,0,1
"Gm15336",0.35183294335473,0.884681422802401,0.286,0,1
"Marchf3",0.35183294335473,0.891772501766301,0.286,0,1
"Tshz1",0.35183294335473,1.33219402931384,0.286,0,1
"Mrpl21",0.35183294335473,0.839930511815912,0.286,0,1
"Pcx",0.35183294335473,0.886162847375177,0.286,0,1
"Gm37376",0.35183294335473,1.15046124294223,0.286,0,1
"Ppp1r14b",0.35183294335473,1.13097339119317,0.286,0,1
"Eef1g",0.35183294335473,0.879086091050675,0.286,0,1
"Gm9750",0.35183294335473,0.953723247596807,0.286,0,1
"Tjp2",0.35183294335473,0.925512957842114,0.286,0,1
"Atad1",0.35183294335473,0.804481239459019,0.286,0,1
"Lgi1",0.35183294335473,1.10924161801189,0.286,0,1
"Plce1",0.35183294335473,1.1252422537313,0.286,0,1
"Arl3",0.35183294335473,0.791400362619083,0.286,0,1
"Xpnpep1",0.35183294335473,0.887500006679861,0.286,0,1
"Ccdc186",0.35183294335473,0.74794197068513,0.286,0,1
"Eif3a",0.35183294335473,0.842805619506316,0.286,0,1
"Syn1",0.35183294335473,0.857940571468906,0.286,0,1
"Lonrf3",0.35183294335473,1.05103522363949,0.286,0,1
"Ids",0.35183294335473,0.846310900480524,0.286,0,1
"Mamld1",0.35183294335473,0.917819231683588,0.286,0,1
"Gabra3",0.35183294335473,0.782911998399082,0.286,0,1
"Gk",0.35183294335473,0.830615492888078,0.286,0,1
"Nlgn3",0.35183294335473,0.89933565903117,0.286,0,1
"Taf1",0.35183294335473,1.03971644186937,0.286,0,1
"Slc16a2",0.35183294335473,0.954024243577362,0.286,0,1
"Abcb7",0.35183294335473,1.32990806145062,0.286,0,1
"Zmat1",0.35183294335473,0.955753344404469,0.286,0,1
"Apex2",0.35183294335473,1.04491628543407,0.286,0,1
"Syap1",0.35183294335473,0.889965225306286,0.286,0,1
"mt-Nd4",0.35183294335473,0.979597396281702,0.286,0,1
"Dnm3",0.367342835886671,-0.92478413089859,0.643,0.667,1
"Gm38505",0.367342835886671,1.09592011413434,0.643,0.667,1
"Sh3d19",0.367342835886671,-0.803657770028219,0.643,0.667,1
"Arih1",0.367342835886671,-0.314800149755411,0.643,0.667,1
"Acaca",0.367342835886671,-0.588421889260204,0.643,0.667,1
"Fhit",0.367342835886671,1.33064363825115,0.643,0.667,1
"Nipbl",0.367342835886671,0.828839606948967,0.643,0.667,1
"Zfr",0.367342835886671,-0.906615562678111,0.643,0.667,1
"Slco1c1",0.374879089974294,0.523556637286583,0.786,0.667,1
"Smyd3",0.375232925301474,0.736417077385609,0.5,0.333,1
"Mbd5",0.375232925301474,1.63916082728771,0.5,0.333,1
"Lypd6",0.375232925301474,-0.540530881343497,0.429,0.667,1
"Gpd2",0.375232925301474,0.692353017381777,0.5,0.333,1
"Frmd5",0.375232925301474,1.06413954614516,0.5,0.333,1
"Fryl",0.375232925301474,-0.515426521140188,0.429,0.667,1
"Rufy3",0.375232925301474,0.834719908627197,0.5,0.333,1
"Hnrnpdl",0.375232925301474,1.12899450083506,0.5,0.333,1
"Bicd1",0.375232925301474,-0.470503656202842,0.429,0.667,1
"Dnm2",0.375232925301474,0.745752861886842,0.5,0.333,1
"Arhgap32",0.375232925301474,1.14944762263196,0.5,0.333,1
"Rapgef6",0.375232925301474,0.752447285057624,0.5,0.333,1
"Extl3",0.375232925301474,0.679739972399617,0.5,0.333,1
"Faf1",0.387239364496803,0.625111584154861,0.571,0.333,1
"Ywhag",0.387239364496803,0.475604821997249,0.571,0.333,1
"Tenm2",0.387239364496803,0.999556184282939,0.571,0.333,1
"Specc1",0.387239364496803,1.09664965002929,0.571,0.333,1
"Bptf",0.387239364496803,0.818558835350864,0.571,0.333,1
"Asap1",0.387239364496803,0.916449844716458,0.571,0.333,1
"Cbx5",0.387239364496803,0.63109070635036,0.571,0.333,1
"Ccdc50",0.387239364496803,-0.318755518926641,0.429,1,1
"Tagln3",0.387239364496803,1.16793758460477,0.571,0.333,1
"Cpeb3",0.387239364496803,-0.482388805519589,0.429,1,1
"Txndc9",0.394002708978136,-0.487878816196174,0.143,0.333,1
"4930444A19Rik",0.394002708978136,-0.613316551370957,0.143,0.333,1
"Raph1",0.394002708978136,-0.642493010328371,0.143,0.333,1
"Ncl",0.394002708978136,-1.05183248086878,0.143,0.333,1
"Gm28375",0.394002708978136,-0.517168976362145,0.143,0.333,1
"Dbi",0.394002708978136,-0.628645644056344,0.143,0.333,1
"Slc41a1",0.394002708978136,-1.04605644375683,0.143,0.333,1
"Edem3",0.394002708978136,-0.522273127755627,0.143,0.333,1
"Mpzl1",0.394002708978136,-1.17344606636266,0.143,0.333,1
"Gm37768",0.394002708978136,-0.608078112779247,0.143,0.333,1
"Susd4",0.394002708978136,-1.06294438825311,0.143,0.333,1
"Flvcr1",0.394002708978136,-0.697739029074358,0.143,0.333,1
"Lypd6b",0.394002708978136,-0.772950246869694,0.143,0.333,1
"Hipk3",0.394002708978136,-0.608078112779247,0.143,0.333,1
"Srp14",0.394002708978136,-0.650023022167161,0.143,0.333,1
"Gm14212",0.394002708978136,-0.57782867661779,0.143,0.333,1
"Rnf24",0.394002708978136,-0.612570189056759,0.143,0.333,1
"Snx21",0.394002708978136,-0.522273127755627,0.143,0.333,1
"Dnajc19",0.394002708978136,-0.390275773502821,0.143,0.333,1
"Igsf10",0.394002708978136,-0.593820378177029,0.143,0.333,1
"B3galnt1",0.394002708978136,-0.683630935247344,0.143,0.333,1
"Smg5",0.394002708978136,-0.715768780944373,0.143,0.333,1
"Arhgef2",0.394002708978136,-0.999293361903705,0.143,0.333,1
"Sars",0.394002708978136,-0.624103313367795,0.143,0.333,1
"Rps20",0.394002708978136,-0.626649787760575,0.143,0.333,1
"Asph",0.394002708978136,-1.46267126451358,0.143,0.333,1
"Virma",0.394002708978136,-0.624103313367795,0.143,0.333,1
"Cyp2j9",0.394002708978136,-0.673880503139211,0.143,0.333,1
"Rnf220",0.394002708978136,-0.602510904319884,0.143,0.333,1
"Eri3",0.394002708978136,-0.698153623364594,0.143,0.333,1
"Ndufs5",0.394002708978136,-0.612208249786062,0.143,0.333,1
"Yars",0.394002708978136,-0.650023022167161,0.143,0.333,1
"Dhdds",0.394002708978136,-0.67758924142473,0.143,0.333,1
"Paqr7",0.394002708978136,-0.67758924142473,0.143,0.333,1
"Man1c1",0.394002708978136,-1.02284937640771,0.143,0.333,1
"Spen",0.394002708978136,-1.29932223649996,0.143,0.333,1
"Gm42948",0.394002708978136,-0.66744389225518,0.143,0.333,1
"Agap3",0.394002708978136,-0.7018718781761,0.143,0.333,1
"Rheb",0.394002708978136,-1.17444810365105,0.143,0.333,1
"Prkag2",0.394002708978136,-0.736698965427935,0.143,0.333,1
"Maea",0.394002708978136,-0.626649787760575,0.143,0.333,1
"Aff1",0.394002708978136,-1.08559624362896,0.143,0.333,1
"Brdt",0.394002708978136,-0.618560305786388,0.143,0.333,1
"Vps37b",0.394002708978136,-0.517168976362145,0.143,0.333,1
"Galnt17",0.394002708978136,-0.654647830786281,0.143,0.333,1
"Baz1b",0.394002708978136,-0.669146222848702,0.143,0.333,1
"Gm16599",0.394002708978136,-1.62759539384084,0.143,0.333,1
"Zfp157",0.394002708978136,-0.650023022167161,0.143,0.333,1
"Bmt2",0.394002708978136,-0.786697968233891,0.143,0.333,1
"Gars",0.394002708978136,-1.06635516898603,0.143,0.333,1
"Gm44229",0.394002708978136,-0.680464676427766,0.143,0.333,1
"Rimklb",0.394002708978136,-0.697739029074358,0.143,0.333,1
"Etfrf1",0.394002708978136,-0.598268211052409,0.143,0.333,1
"Stk38l",0.394002708978136,-0.62308704913244,0.143,0.333,1
"Zfp444",0.394002708978136,-0.390275773502821,0.143,0.333,1
"Zfp507",0.394002708978136,-1.13004683914306,0.143,0.333,1
"Ap2a1",0.394002708978136,-0.672391551925483,0.143,0.333,1
"Ptpn5",0.394002708978136,-0.73722222666103,0.143,0.333,1
"Gga2",0.394002708978136,-0.703207916304909,0.143,0.333,1
"Gm45846",0.394002708978136,-0.57782867661779,0.143,0.333,1
"Slc10a7",0.394002708978136,-0.67758924142473,0.143,0.333,1
"Tbc1d9",0.394002708978136,-1.31006467283715,0.143,0.333,1
"Dync1li2",0.394002708978136,-0.881003568241285,0.143,0.333,1
"2810004N23Rik",0.394002708978136,-0.771858027895767,0.143,0.333,1
"Ecsit",0.394002708978136,-0.637638449825819,0.143,0.333,1
"Snx19",0.394002708978136,-0.624103313367795,0.143,0.333,1
"Usp2",0.394002708978136,-0.645354239351178,0.143,0.333,1
"Ube4a",0.394002708978136,-0.517168976362145,0.143,0.333,1
"Rab11a",0.394002708978136,-0.688364923544441,0.143,0.333,1
"Gm15563",0.394002708978136,-1.02167974813379,0.143,0.333,1
"Cilk1",0.394002708978136,-0.901715877780376,0.143,0.333,1
"Gm46123",0.394002708978136,-0.640099930546948,0.143,0.333,1
"Cep70",0.394002708978136,-0.607715459572781,0.143,0.333,1
"Ubp1",0.394002708978136,-0.881003568241285,0.143,0.333,1
"Ginm1",0.394002708978136,-0.73722222666103,0.143,0.333,1
"Sf3b5",0.394002708978136,-0.645354239351178,0.143,0.333,1
"Pex3",0.394002708978136,-0.709702876080254,0.143,0.333,1
"Wasf1",0.394002708978136,-0.921250522145826,0.143,0.333,1
"Oaz1",0.394002708978136,-1.18326286426905,0.143,0.333,1
"Zbtb7a",0.394002708978136,-0.710564225691476,0.143,0.333,1
"Mfsd12",0.394002708978136,-0.637638449825819,0.143,0.333,1
"Nfic",0.394002708978136,-0.980771734678191,0.143,0.333,1
"Cep83os",0.394002708978136,-0.805792350445949,0.143,0.333,1
"Ccdc59",0.394002708978136,-0.758076343538752,0.143,0.333,1
"Gm47339",0.394002708978136,-0.645354239351178,0.143,0.333,1
"Ppm1h",0.394002708978136,-0.624103313367795,0.143,0.333,1
"Stat2",0.394002708978136,-0.683000386448078,0.143,0.333,1
"Rufy1",0.394002708978136,-0.682571877113902,0.143,0.333,1
"Chd3",0.394002708978136,-0.99188934030817,0.143,0.333,1
"Blmh",0.394002708978136,-1.01822456778859,0.143,0.333,1
"Gm11417",0.394002708978136,-0.588392292310095,0.143,0.333,1
"Tada2a",0.394002708978136,-0.703207916304909,0.143,0.333,1
"Appbp2",0.394002708978136,-0.59741006576737,0.143,0.333,1
"Stxbp4",0.394002708978136,-0.672391551925483,0.143,0.333,1
"Dusp3",0.394002708978136,-0.669146222848702,0.143,0.333,1
"Nol11",0.394002708978136,-0.703207916304909,0.143,0.333,1
"Max",0.394002708978136,-0.639041454343914,0.143,0.333,1
"Cox16",0.394002708978136,-0.645354239351178,0.143,0.333,1
"Tmed10",0.394002708978136,-0.64700267663286,0.143,0.333,1
"Btbd7",0.394002708978136,-0.777199544220293,0.143,0.333,1
"Cltb",0.394002708978136,-0.487878816196174,0.143,0.333,1
"Naa35",0.394002708978136,-0.742415511448336,0.143,0.333,1
"Uqcrb",0.394002708978136,-0.57782867661779,0.143,0.333,1
"Fam107a",0.394002708978136,-0.91095891120994,0.143,0.333,1
"Zswim8",0.394002708978136,-0.996847189677775,0.143,0.333,1
"Ap5m1",0.394002708978136,-1.04109004453158,0.143,0.333,1
"Fam124a",0.394002708978136,-0.716131434150838,0.143,0.333,1
"Msra",0.394002708978136,-0.697739029074358,0.143,0.333,1
"Gm49417",0.394002708978136,-0.631091816282274,0.143,0.333,1
"Ubac2",0.394002708978136,-0.672391551925483,0.143,0.333,1
"Pdzd2",0.394002708978136,-0.617725007213965,0.143,0.333,1
"Fbxl7",0.394002708978136,-0.613216876921043,0.143,0.333,1
"Gm32618",0.394002708978136,-0.390275773502821,0.143,0.333,1
"Washc5",0.394002708978136,-0.683000386448078,0.143,0.333,1
"Oplah",0.394002708978136,-0.640099930546948,0.143,0.333,1
"Zfp641",0.394002708978136,-0.542100656409126,0.143,0.333,1
"Adcy6",0.394002708978136,-0.62308704913244,0.143,0.333,1
"Pmm2",0.394002708978136,-0.742415511448336,0.143,0.333,1
"Lztr1",0.394002708978136,-0.650023022167161,0.143,0.333,1
"Lmln",0.394002708978136,-1.29387762984499,0.143,0.333,1
"Slc15a2",0.394002708978136,-0.682381663317636,0.143,0.333,1
"Gm28750",0.394002708978136,-0.617725007213965,0.143,0.333,1
"Atp6v1a",0.394002708978136,-1.07140946192634,0.143,0.333,1
"Ccdc80",0.394002708978136,-0.62654178942093,0.143,0.333,1
"Prdm15",0.394002708978136,-0.825448019379122,0.143,0.333,1
"Elob",0.394002708978136,-0.772950246869694,0.143,0.333,1
"Lclat1",0.394002708978136,-0.698153623364594,0.143,0.333,1
"Srbd1",0.394002708978136,-0.772950246869694,0.143,0.333,1
"Pigf",0.394002708978136,-0.752433045626589,0.143,0.333,1
"Thoc1",0.394002708978136,-1.39639972037089,0.143,0.333,1
"Impact",0.394002708978136,-0.720623510428351,0.143,0.333,1
"Trappc8",0.394002708978136,-0.59741006576737,0.143,0.333,1
"Tpgs2",0.394002708978136,-0.637638449825819,0.143,0.333,1
"Sap130",0.394002708978136,-0.742415511448336,0.143,0.333,1
"Gm4221",0.394002708978136,-0.677854898135399,0.143,0.333,1
"Fbn2",0.394002708978136,-0.703207916304909,0.143,0.333,1
"Smad4",0.394002708978136,-0.517168976362145,0.143,0.333,1
"BC031181",0.394002708978136,-0.517168976362145,0.143,0.333,1
"Zfp236",0.394002708978136,-0.613316551370957,0.143,0.333,1
"Bloc1s2",0.394002708978136,-0.703207916304909,0.143,0.333,1
"Rtl8b",0.394002708978136,-0.680464676427766,0.143,0.333,1
"Fhl1",0.394002708978136,-0.5832568579745,0.143,0.333,1
"Htatsf1",0.394002708978136,-0.593820378177029,0.143,0.333,1
"Idh3g",0.394002708978136,-1.1276048055344,0.143,0.333,1
"Gdi1",0.394002708978136,-1.01952150109919,0.143,0.333,1
"Gab3",0.394002708978136,-0.680464676427766,0.143,0.333,1
"Jpx",0.394002708978136,-0.742415511448336,0.143,0.333,1
"Reps2",0.394002708978136,-0.669146222848702,0.143,0.333,1
"mt-Rnr1",0.394002708978136,-1.0246883965757,0.143,0.333,1
"Eya1",0.396127467634413,1.21116289161808,0.643,0.333,1
"Gigyf2",0.396127467634413,-0.391943168613019,0.5,1,1
"Usp40",0.397373213933215,-0.371904805446104,0.357,0.667,1
"Gpr37l1",0.397373213933215,-0.254322499611651,0.357,0.667,1
"Dcaf8",0.397373213933215,-0.53579115844689,0.357,0.667,1
"Calcrl",0.397373213933215,-0.935610270782216,0.357,0.667,1
"Gucy1b1",0.397373213933215,-0.463691043737199,0.357,0.667,1
"Nkain3",0.397373213933215,-0.27531774392462,0.357,0.667,1
"Ube4b",0.397373213933215,-0.556610702372546,0.357,0.667,1
"0610040J01Rik",0.397373213933215,-0.505933554349106,0.357,0.667,1
"Man2a2",0.397373213933215,-0.284322871491002,0.357,0.667,1
"Dennd5a",0.397373213933215,-0.527444216309156,0.357,0.667,1
"Septin8",0.397373213933215,-0.427468035115612,0.357,0.667,1
"Shc3",0.397373213933215,-0.931357581605535,0.357,0.667,1
"Lrch3",0.397373213933215,-0.491865821342925,0.357,0.667,1
"Ccdc58",0.397373213933215,-0.567087898989425,0.357,0.667,1
"Paxbp1",0.397373213933215,-0.518315299446164,0.357,0.667,1
"Pde10a",0.397373213933215,-0.689528971176125,0.357,0.667,1
"Ptprs",0.397373213933215,-0.252494505493849,0.357,0.667,1
"Slc1a1",0.397373213933215,-1.3742814825293,0.357,0.667,1
"Naaladl2",0.402552282995712,0.791735240048314,0.714,0.333,1
"F3",0.402552282995712,0.827621835144971,0.714,0.333,1
"Fry",0.402552282995712,-0.679995459852435,0.571,1,1
"Arhgap35",0.402552282995712,0.720231019939873,0.714,0.333,1
"Sorcs3",0.402552282995712,0.606126214049689,0.714,0.333,1
"Tmem132d",0.40702112993122,-0.542484381898188,0.643,1,1
"Cttnbp2",0.40702112993122,0.851652336529862,0.786,0.333,1
"Gabrg3",0.40702112993122,-0.420520962254074,0.714,0.667,1
"Grin2c",0.40702112993122,0.754950164286077,0.714,0.667,1
"Nrxn2",0.40702112993122,0.849138066058592,0.786,0.333,1
"Enah",0.409946642243792,0.309247040199212,0.714,1,1
"Luc7l2",0.409946642243792,-0.671283915630866,0.714,1,1
"Cadm1",0.411681813237672,0.662094684052979,0.857,0.667,1
"Fgf12",0.411681813237672,-0.348605093213817,0.786,1,1
"Tnr",0.412543817928675,-0.655801828294678,0.857,1,1
"Chd9",0.412543817928675,-0.398229617358739,0.857,1,1
"Ntrk2",0.412543817928675,-0.379921539785428,0.857,1,1
"Sema6d",0.412830332378143,-0.330261616633493,0.929,1,1
"Sox2ot",0.412830332378143,0.488035517824107,0.929,1,1
"Grm3",0.412830332378143,-0.375198567516088,0.929,1,1
"Sox5",0.412830332378143,-0.798693448579179,0.929,1,1
"Kirrel3",0.412830332378143,0.529846515412469,1,0.667,1
"Rgs6",0.412830332378143,0.639756174049702,1,1,1
"Adarb2",0.412830332378143,-0.419496595885443,0.929,1,1
"Gpc6",0.412830332378143,-0.482724920036349,0.929,1,1
"Rims2",0.412830332378143,-0.299328441179543,0.929,1,1
"Dscam",0.412830332378143,-0.3354418902517,0.929,1,1
"Rabgap1",0.417479865107894,-0.562665480846789,0.286,0.667,1
"Cstpp1",0.417479865107894,-0.303835153474984,0.286,0.667,1
"Sox2",0.417479865107894,-0.507757227034151,0.286,0.667,1
"Ptbp2",0.417479865107894,-0.544829385128373,0.286,0.667,1
"Mdh2",0.417479865107894,-0.405706974917545,0.286,0.667,1
"Rab6b",0.417479865107894,-0.476976328487087,0.286,0.667,1
"Dhx30",0.417479865107894,-0.522066408433351,0.286,0.667,1
"Tle2",0.417479865107894,-0.473724129017721,0.286,0.667,1
"Srr",0.417479865107894,-0.376045946861801,0.286,0.667,1
"Gm15283",0.417479865107894,-0.512986438144966,0.286,0.667,1
"Ddx24",0.417479865107894,-0.40959704474473,0.286,0.667,1
"Ap3m1",0.417479865107894,-0.456537209433257,0.286,0.667,1
"Arf4",0.417479865107894,-0.528867705788197,0.286,0.667,1
"Glt8d1",0.417479865107894,-0.433820159488185,0.286,0.667,1
"Sst",0.417479865107894,-0.287262541477425,0.286,0.667,1
"Lama3",0.417479865107894,-0.275435696719027,0.286,0.667,1
"Bbip1",0.417479865107894,-0.530229727241905,0.286,0.667,1
"Bmp2k",0.424798381670364,-0.288815061356483,0.5,0.667,1
"Zfp280d",0.424798381670364,-0.296445457697122,0.5,0.667,1
"Clk4",0.424798381670364,-0.334189205307678,0.5,0.667,1
"Map2k4",0.424798381670364,-0.387841265179224,0.5,0.667,1
"Eml5",0.424798381670364,-0.551126513932755,0.5,0.667,1
"Nav1",0.439710872794561,0.431857220164203,0.643,0.667,1
"Pigk",0.439710872794561,-0.404644284421008,0.643,0.667,1
"Tmem178b",0.439710872794561,-0.582355285429521,0.643,0.667,1
"Wwox",0.439710872794561,0.509725024585529,0.643,0.667,1
"Ube2b",0.439710872794561,0.306386476397393,0.643,0.667,1
"Smg6",0.439710872794561,0.40311326748226,0.643,0.667,1
"Gm16041",0.448647410243002,0.703589967395789,0.214,0,1
"Atp6v1h",0.448647410243002,0.779858013046858,0.214,0,1
"2610203C22Rik",0.448647410243002,0.728517480548638,0.214,0,1
"Bend6",0.448647410243002,0.677610172073529,0.214,0,1
"Cox5b",0.448647410243002,0.866494044913606,0.214,0,1
"Rpl31",0.448647410243002,0.692522070004055,0.214,0,1
"Uxs1",0.448647410243002,0.564724331460677,0.214,0,1
"Wdr75",0.448647410243002,0.745991400179167,0.214,0,1
"Pms1",0.448647410243002,0.705120858908327,0.214,0,1
"Ndufb3",0.448647410243002,0.706632494149608,0.214,0,1
"Cflar",0.448647410243002,0.699879136323563,0.214,0,1
"Stradb",0.448647410243002,0.723116136532165,0.214,0,1
"Pard3bos1",0.448647410243002,0.748160272013642,0.214,0,1
"Ino80d",0.448647410243002,0.68253770470521,0.214,0,1
"Xrcc5",0.448647410243002,0.871644088819466,0.214,0,1
"Ttll4",0.448647410243002,0.750210141547346,0.214,0,1
"Stk16",0.448647410243002,0.753042495621895,0.214,0,1
"Mff",0.448647410243002,0.813503290205139,0.214,0,1
"Itm2c",0.448647410243002,0.714398644053417,0.214,0,1
"Armc9",0.448647410243002,0.967112691174866,0.214,0,1
"Lrrfip1",0.448647410243002,0.902363058281732,0.214,0,1
"Scly",0.448647410243002,0.619842085790928,0.214,0,1
"Septin2",0.448647410243002,0.610841955862619,0.214,0,1
"Pign",0.448647410243002,0.653334409199482,0.214,0,1
"Tsn",0.448647410243002,0.812020794889467,0.214,0,1
"Rab3gap1",0.448647410243002,0.716125079590407,0.214,0,1
"Ipo9",0.448647410243002,0.782798143101573,0.214,0,1
"Kif21b",0.448647410243002,0.751069377280254,0.214,0,1
"Inava",0.448647410243002,0.642494303636777,0.214,0,1
"Gm26936",0.448647410243002,0.827948614128355,0.214,0,1
"Swt1",0.448647410243002,0.809147904725646,0.214,0,1
"Rnf2",0.448647410243002,0.642494303636777,0.214,0,1
"Soat1",0.448647410243002,0.68253770470521,0.214,0,1
"Abl2",0.448647410243002,0.698976111775228,0.214,0,1
"Brinp2",0.448647410243002,0.614695304045187,0.214,0,1
"Dusp12",0.448647410243002,0.697400649980816,0.214,0,1
"Adss",0.448647410243002,0.658016600353865,0.214,0,1
"B230369F24Rik",0.448647410243002,0.65011027891901,0.214,0,1
"Kif26b",0.448647410243002,0.778377814134636,0.214,0,1
"Degs1",0.448647410243002,0.592892845074094,0.214,0,1
"Fbxo28",0.448647410243002,0.613023279584125,0.214,0,1
"Mia3",0.448647410243002,0.671915622247355,0.214,0,1
"Eprs",0.448647410243002,0.730387586599233,0.214,0,1
"Optn",0.448647410243002,0.682214361192404,0.214,0,1
"Pfkfb3",0.448647410243002,0.68655212123394,0.214,0,1
"Fbh1",0.448647410243002,0.806139779083644,0.214,0,1
"Pter",0.448647410243002,0.679324410800536,0.214,0,1
"Cacnb2",0.448647410243002,0.820270807046295,0.214,0,1
"Hnmt",0.448647410243002,0.724043856688926,0.214,0,1
"Npdc1",0.448647410243002,0.782134548492857,0.214,0,1
"Rpl7a",0.448647410243002,0.593851041745961,0.214,0,1
"Ralgds",0.448647410243002,0.739009285720128,0.214,0,1
"Tsc1",0.448647410243002,0.703589967395789,0.214,0,1
"Med27",0.448647410243002,0.810649468616649,0.214,0,1
"Nup214",0.448647410243002,0.760470174315281,0.214,0,1
"Dnm1",0.448647410243002,0.825202098613282,0.214,0,1
"Rpl35",0.448647410243002,0.672822761829756,0.214,0,1
"Golga1",0.448647410243002,0.828058709191068,0.214,0,1
"Stam2",0.448647410243002,0.610841955862619,0.214,0,1
"Rprm",0.448647410243002,0.76163588676492,0.214,0,1
"Grb14",0.448647410243002,1.48191522874106,0.214,0,1
"Scn1a",0.448647410243002,1.04061822092883,0.214,0,1
"Metap1d",0.448647410243002,0.806758126750331,0.214,0,1
"Pdk1",0.448647410243002,0.683773212275943,0.214,0,1
"Plekha3",0.448647410243002,0.669428706925086,0.214,0,1
"Slc39a13",0.448647410243002,0.678177360254702,0.214,0,1
"Dgkz",0.448647410243002,0.679751044955198,0.214,0,1
"Ext2",0.448647410243002,0.76335598608163,0.214,0,1
"Arl14ep",0.448647410243002,0.634566339562026,0.214,0,1
"Mettl15",0.448647410243002,0.736912892194325,0.214,0,1
"Katnbl1",0.448647410243002,0.640508288729892,0.214,0,1
"Ryr3",0.448647410243002,0.709638218764916,0.214,0,1
"Oip5os1",0.448647410243002,0.694274868141993,0.214,0,1
"Secisbp2l",0.448647410243002,1.01102589081337,0.214,0,1
"Usp8",0.448647410243002,0.769112273361278,0.214,0,1
"Mtln",0.448647410243002,0.865179777950237,0.214,0,1
"Zc3h8",0.448647410243002,0.899441619054218,0.214,0,1
"Shld1",0.448647410243002,0.65011027891901,0.214,0,1
"Dstn",0.448647410243002,0.803905591553176,0.214,0,1
"Rrbp1",0.448647410243002,1.1250364554201,0.214,0,1
"Mapre1",0.448647410243002,0.803905591553176,0.214,0,1
"Trp53inp2",0.448647410243002,0.598119602892419,0.214,0,1
"D630003M21Rik",0.448647410243002,0.711873575477991,0.214,0,1
"Serinc3",0.448647410243002,0.617472849461282,0.214,0,1
"Kcnb1",0.448647410243002,0.657661555791181,0.214,0,1
"Tshz2",0.448647410243002,0.841442397890334,0.214,0,1
"Bmp7",0.448647410243002,0.665136762924923,0.214,0,1
"Vapb",0.448647410243002,0.618901002638427,0.214,0,1
"Gmeb2",0.448647410243002,0.670337411088955,0.214,0,1
"Mrps28",0.448647410243002,0.718532854610138,0.214,0,1
"Gm16337",0.448647410243002,0.80723403172895,0.214,0,1
"Nceh1",0.448647410243002,0.865179777950237,0.214,0,1
"Zfp639",0.448647410243002,0.98014073446104,0.214,0,1
"Intu",0.448647410243002,0.772522706936544,0.214,0,1
"Gm21954",0.448647410243002,0.711873575477991,0.214,0,1
"Pfn2",0.448647410243002,0.628450335213296,0.214,0,1
"Lxn",0.448647410243002,0.711538875523344,0.214,0,1
"Kpna4",0.448647410243002,0.7560365275441,0.214,0,1
"Mef2d",0.448647410243002,0.755227454005657,0.214,0,1
"AW047730",0.448647410243002,0.943329684031474,0.214,0,1
"Dpm3",0.448647410243002,0.761108404961905,0.214,0,1
"Ilf2",0.448647410243002,0.627928956066648,0.214,0,1
"Snapin",0.448647410243002,0.822173415280872,0.214,0,1
"Them4",0.448647410243002,0.978196953159809,0.214,0,1
"Pi4kb",0.448647410243002,0.652962364134696,0.214,0,1
"6330562C20Rik",0.448647410243002,0.670108671938701,0.214,0,1
"Setdb1",0.448647410243002,0.783540537693419,0.214,0,1
"Rnf115",0.448647410243002,0.798138796691239,0.214,0,1
"Gm43462",0.448647410243002,0.707544689566337,0.214,0,1
"Atp1a1",0.448647410243002,0.669739265424021,0.214,0,1
"Inka2",0.448647410243002,0.665679393206441,0.214,0,1
"Slc16a4",0.448647410243002,0.779858013046858,0.214,0,1
"Wdr47",0.448647410243002,0.656744829814133,0.214,0,1
"Slc30a7",0.448647410243002,0.706952031997946,0.214,0,1
"Tlcd4",0.448647410243002,0.772891632868264,0.214,0,1
"Dnttip2",0.448647410243002,0.707518071587682,0.214,0,1
"Ugt8a",0.448647410243002,0.739638227167786,0.214,0,1
"Aimp1",0.448647410243002,0.913975771432654,0.214,0,1
"Ube2d3",0.448647410243002,0.655164157822276,0.214,0,1
"Mttp",0.448647410243002,0.805525556498847,0.214,0,1
"Adh5",0.448647410243002,0.598119602892419,0.214,0,1
"Odf2l",0.448647410243002,0.751301348022817,0.214,0,1
"Ak5",0.448647410243002,0.735213975953218,0.214,0,1
"St6galnac3",0.448647410243002,0.865527702164015,0.214,0,1
"Slc44a5",0.448647410243002,0.796607806653551,0.214,0,1
"Gm42946",0.448647410243002,0.702105698175294,0.214,0,1
"Gm15577",0.448647410243002,0.692522070004055,0.214,0,1
"Ankrd13c",0.448647410243002,0.781957603449951,0.214,0,1
"Mdn1",0.448647410243002,0.724043856688926,0.214,0,1
"Topors",0.448647410243002,0.679077262453708,0.214,0,1
"Ube2r2",0.448647410243002,0.835739539187648,0.214,0,1
"Rnf38",0.448647410243002,0.968615417910409,0.214,0,1
"Erp44",0.448647410243002,0.636129307799092,0.214,0,1
"Tex10",0.448647410243002,0.936139843542077,0.214,0,1
"Msantd3",0.448647410243002,0.70201791280765,0.214,0,1
"Pgap4",0.448647410243002,0.657332587934184,0.214,0,1
"Cdc26",0.448647410243002,0.803905591553176,0.214,0,1
"Focad",0.448647410243002,0.712533665849381,0.214,0,1
"Acot11",0.448647410243002,0.610841955862619,0.214,0,1
"Lrrc41",0.448647410243002,0.748585928087875,0.214,0,1
"Ptprf",0.448647410243002,1.02803715888885,0.214,0,1
"Pabpc4",0.448647410243002,0.796607806653551,0.214,0,1
"Utp11",0.448647410243002,0.657332587934184,0.214,0,1
"Yrdc",0.448647410243002,0.704802537982389,0.214,0,1
"Azin2",0.448647410243002,0.650117931175215,0.214,0,1
"S100pbp",0.448647410243002,0.828058709191068,0.214,0,1
"Luzp1",0.448647410243002,0.71920392697121,0.214,0,1
"Sdhb",0.448647410243002,0.739875216377113,0.214,0,1
"Prdm2",0.448647410243002,0.82090999261278,0.214,0,1
"Clcn6",0.448647410243002,0.732413369447644,0.214,0,1
"Mtor",0.448647410243002,0.854284361894166,0.214,0,1
"Dvl1",0.448647410243002,0.82772566092074,0.214,0,1
"Ube2j2",0.448647410243002,0.717388248777063,0.214,0,1
"Gatad1",0.448647410243002,0.732406141482611,0.214,0,1
"Slc25a40",0.448647410243002,0.786545190336109,0.214,0,1
"Elapor2",0.448647410243002,0.771321295110674,0.214,0,1
"Sema3e",0.448647410243002,1.08270283298496,0.214,0,1
"Gm26954",0.448647410243002,0.953409680831259,0.214,0,1
"Rsbn1l",0.448647410243002,0.831286014501947,0.214,0,1
"Rint1",0.448647410243002,0.80751341459928,0.214,0,1
"Letm1",0.448647410243002,0.677610172073529,0.214,0,1
"Tnip2",0.448647410243002,0.732817365760635,0.214,0,1
"Hs3st1",0.448647410243002,0.715279468611971,0.214,0,1
"ENSMUSG00000120639",0.448647410243002,0.688010151161619,0.214,0,1
"Kctd8",0.448647410243002,0.68655212123394,0.214,0,1
"Gm38562",0.448647410243002,1.28015058492798,0.214,0,1
"Exoc1",0.448647410243002,0.682214361192404,0.214,0,1
"Cracd",0.448647410243002,0.830009026299096,0.214,0,1
"Nudt9",0.448647410243002,0.730387586599233,0.214,0,1
"Zfp932",0.448647410243002,0.864934556020041,0.214,0,1
"Hps4",0.448647410243002,0.888297502578495,0.214,0,1
"Sgsm1",0.448647410243002,0.771321295110674,0.214,0,1
"Sart3",0.448647410243002,0.64533126068346,0.214,0,1
"Acacb",0.448647410243002,0.670108671938701,0.214,0,1
"Triap1",0.448647410243002,0.899441619054218,0.214,0,1
"Vsig10",0.448647410243002,0.854380129064544,0.214,0,1
"Cux2",0.448647410243002,0.723752043351256,0.214,0,1
"Anapc5",0.448647410243002,0.808420749029525,0.214,0,1
"Bcl7a",0.448647410243002,0.770862496944105,0.214,0,1
"Mlxip",0.448647410243002,0.816365068037532,0.214,0,1
"Rsrc2",0.448647410243002,0.987534885456127,0.214,0,1
"Ddx55",0.448647410243002,0.682214361192404,0.214,0,1
"Gigyf1",0.448647410243002,0.760053242740839,0.214,0,1
"Cnpy4",0.448647410243002,0.76335598608163,0.214,0,1
"Rnf216",0.448647410243002,0.727651955665157,0.214,0,1
"Rac1",0.448647410243002,0.781957603449951,0.214,0,1
"Bri3",0.448647410243002,0.884872783145895,0.214,0,1
"Trrap",0.448647410243002,0.613023279584125,0.214,0,1
"Rnf6",0.448647410243002,0.778201950011112,0.214,0,1
"Mtif3",0.448647410243002,0.724043856688926,0.214,0,1
"Ubl3",0.448647410243002,0.719109188672278,0.214,0,1
"Gm42556",0.448647410243002,0.670647774060359,0.214,0,1
"Rfc3",0.448647410243002,0.884025898787536,0.214,0,1
"Asns",0.448647410243002,0.91355864719348,0.214,0,1
"Tes",0.448647410243002,0.725934831731332,0.214,0,1
"Ccdc136",0.448647410243002,0.656744829814133,0.214,0,1
"Cep41",0.448647410243002,0.802673526429025,0.214,0,1
"Kdm7a",0.448647410243002,0.727945802344201,0.214,0,1
"Ndufb2",0.448647410243002,0.702945109207229,0.214,0,1
"Nt5c3",0.448647410243002,0.727559367933275,0.214,0,1
"Aup1",0.448647410243002,0.606371856078936,0.214,0,1
"Bola3",0.448647410243002,0.665679393206441,0.214,0,1
"Alms1",0.448647410243002,0.575192425815731,0.214,0,1
"Cnbp",0.448647410243002,0.676009535922912,0.214,0,1
"Podxl2",0.448647410243002,0.739638227167786,0.214,0,1
"Lsm3",0.448647410243002,0.630169258400955,0.214,0,1
"Ppp4r2",0.448647410243002,0.805532427261708,0.214,0,1
"Mtmr14",0.448647410243002,0.698136017907567,0.214,0,1
"Vgll4",0.448647410243002,0.967557581386697,0.214,0,1
"Timp4",0.448647410243002,0.86867293999146,0.214,0,1
"ENSMUSG00000121085",0.448647410243002,0.785625225787029,0.214,0,1
"Marchf8",0.448647410243002,0.978886875977767,0.214,0,1
"Rad52",0.448647410243002,0.760470174315281,0.214,0,1
"Ccdc77",0.448647410243002,0.729742741395572,0.214,0,1
"Hdhd5",0.448647410243002,0.798138796691239,0.214,0,1
"Bcl2l13",0.448647410243002,0.952728869841991,0.214,0,1
"Lpcat3",0.448647410243002,0.59124060218586,0.214,0,1
"4930557K07Rik",0.448647410243002,0.642494303636777,0.214,0,1
"Cracr2a",0.448647410243002,0.598119602892419,0.214,0,1
"Itfg2",0.448647410243002,0.89767029917499,0.214,0,1
"Lrp6",0.448647410243002,0.714398644053417,0.214,0,1
"Ptpro",0.448647410243002,0.946417846015973,0.214,0,1
"Aebp2",0.448647410243002,0.650117931175215,0.214,0,1
"C2cd5",0.448647410243002,0.65232406690431,0.214,0,1
"Cnot3",0.448647410243002,0.617472849461282,0.214,0,1
"Zfp606",0.448647410243002,0.728297783007409,0.214,0,1
"Ppp5c",0.448647410243002,0.657430797868923,0.214,0,1
"Hif3a",0.448647410243002,0.71237281748433,0.214,0,1
"Snrpd2",0.448647410243002,0.759590846561456,0.214,0,1
"Zfp112",0.448647410243002,0.564724331460677,0.214,0,1
"Cadm4",0.448647410243002,0.72399165636135,0.214,0,1
"Rabac1",0.448647410243002,0.768133052823892,0.214,0,1
"BC024978",0.448647410243002,0.657661555791181,0.214,0,1
"Eif3k",0.448647410243002,0.723023257237893,0.214,0,1
"Zfp260",0.448647410243002,0.835739539187648,0.214,0,1
"Capns1",0.448647410243002,0.761972184216934,0.214,0,1
"Pdcd2l",0.448647410243002,0.697814569385501,0.214,0,1
"Pepd",0.448647410243002,0.797528066509773,0.214,0,1
"Gm33989",0.448647410243002,0.899886823735302,0.214,0,1
"Rpl18",0.448647410243002,0.767077811083037,0.214,0,1
"Hps5",0.448647410243002,0.770862496944105,0.214,0,1
"Uevld",0.448647410243002,0.644541442346276,0.214,0,1
"Svip",0.448647410243002,0.716028904688418,0.214,0,1
"Gm44508",0.448647410243002,0.727651955665157,0.214,0,1
"Pcsk6",0.448647410243002,0.877123293957247,0.214,0,1
"Lrrc28",0.448647410243002,0.603065233983726,0.214,0,1
"Zfp592",0.448647410243002,0.958706878603075,0.214,0,1
"Whamm",0.448647410243002,0.805525556498847,0.214,0,1
"Hdgfl3",0.448647410243002,0.811655239264252,0.214,0,1
"E230029C05Rik",0.448647410243002,1.11706657909233,0.214,0,1
"Tmem126a",0.448647410243002,0.791300342230435,0.214,0,1
"Ndufc2",0.448647410243002,0.718230699925455,0.214,0,1
"Mrpl48",0.448647410243002,0.730614250209329,0.214,0,1
"Lamtor1",0.448647410243002,0.74820498362186,0.214,0,1
"Mrpl17",0.448647410243002,0.744391491110337,0.214,0,1
"1600010M07Rik",0.448647410243002,0.644541442346276,0.214,0,1
"Rras2",0.448647410243002,0.798689217085645,0.214,0,1
"4933406I18Rik",0.448647410243002,1.08767899200365,0.214,0,1
"Tmc7",0.448647410243002,0.730700312724923,0.214,0,1
"Cog7",0.448647410243002,0.833838087021993,0.214,0,1
"Lcmt1",0.448647410243002,0.805532427261708,0.214,0,1
"Rabep2",0.448647410243002,0.879734506633816,0.214,0,1
"Prr14",0.448647410243002,0.798762102896145,0.214,0,1
"Stx1b",0.448647410243002,0.930158994409049,0.214,0,1
"Wdr11",0.448647410243002,0.694104500318154,0.214,0,1
"Bub3",0.448647410243002,0.666048173607381,0.214,0,1
"LTO1",0.448647410243002,0.726808643182944,0.214,0,1
"Pnpla6",0.448647410243002,0.670337411088955,0.214,0,1
"Gas6",0.448647410243002,0.642729157007659,0.214,0,1
"Fbxo25",0.448647410243002,0.808124425926356,0.214,0,1
"Ap3m2",0.448647410243002,0.739948954706523,0.214,0,1
"Gpat4",0.448647410243002,0.644639514001598,0.214,0,1
"Trmt9b",0.448647410243002,1.01821789727059,0.214,0,1
"Cnot7",0.448647410243002,0.896724419295605,0.214,0,1
"Mtmr7",0.448647410243002,0.695676962151689,0.214,0,1
"Mtus1",0.448647410243002,0.779858013046858,0.214,0,1
"Frg1",0.448647410243002,0.726087749557251,0.214,0,1
"Fat1",0.448647410243002,0.967646117225703,0.214,0,1
"Tlr3",0.448647410243002,0.750210141547346,0.214,0,1
"Snx25",0.448647410243002,0.972176021104333,0.214,0,1
"Irf2",0.448647410243002,0.790884417265388,0.214,0,1
"AW046200",0.448647410243002,0.625395661137577,0.214,0,1
"Galntl6",0.448647410243002,0.922958067434139,0.214,0,1
"Sh3rf1",0.448647410243002,1.35600994187341,0.214,0,1
"Palld",0.448647410243002,0.794976923894245,0.214,0,1
"Ell",0.448647410243002,0.613023279584125,0.214,0,1
"Rpl18a",0.448647410243002,0.628450335213296,0.214,0,1
"Map1s",0.448647410243002,0.754214222745774,0.214,0,1
"Tmem184c",0.448647410243002,0.652648172718199,0.214,0,1
"Ndufb7",0.448647410243002,0.806966351194857,0.214,0,1
"Calr",0.448647410243002,0.813992899024143,0.214,0,1
"Prdx2",0.448647410243002,0.674385872088122,0.214,0,1
"Aktip",0.448647410243002,0.643045515801632,0.214,0,1
"Nup93",0.448647410243002,0.628450335213296,0.214,0,1
"Pllp",0.448647410243002,0.697814569385501,0.214,0,1
"Kifc3",0.448647410243002,0.654454721369099,0.214,0,1
"Phaf1",0.448647410243002,0.820518631677957,0.214,0,1
"Agrp",0.448647410243002,0.716028904688418,0.214,0,1
"Slc7a6",0.448647410243002,0.655164157822276,0.214,0,1
"Zfp1",0.448647410243002,0.678421351412008,0.214,0,1
"Hsbp1",0.448647410243002,0.778137030964823,0.214,0,1
"Zcchc14",0.448647410243002,0.575192425815731,0.214,0,1
"Zc3h18",0.448647410243002,0.840661228720065,0.214,0,1
"Mvd",0.448647410243002,0.680618827959852,0.214,0,1
"Rhou",0.448647410243002,0.864574506637203,0.214,0,1
"Ttc13",0.448647410243002,0.702705230841557,0.214,0,1
"Kbtbd3",0.448647410243002,0.562379977550235,0.214,0,1
"Birc2",0.448647410243002,0.793591294218942,0.214,0,1
"Taf1d",0.448647410243002,0.958706878603075,0.214,0,1
"Fbxl12",0.448647410243002,0.669642885301727,0.214,0,1
"Pin1",0.448647410243002,0.79814031783053,0.214,0,1
"Shfl",0.448647410243002,0.641200322676479,0.214,0,1
"ENSMUSG00000120169",0.448647410243002,0.739009285720128,0.214,0,1
"Prdm10",0.448647410243002,0.72399165636135,0.214,0,1
"Tbcel",0.448647410243002,0.74820498362186,0.214,0,1
"Trappc4",0.448647410243002,0.719202320284437,0.214,0,1
"Alg9",0.448647410243002,0.62889227992203,0.214,0,1
"Sik2",0.448647410243002,0.831892346490347,0.214,0,1
"Hykk",0.448647410243002,0.662099734723773,0.214,0,1
"Gm7435",0.448647410243002,0.606003869964781,0.214,0,1
"Tspan3",0.448647410243002,0.770862496944105,0.214,0,1
"Ppcdc",0.448647410243002,0.662099734723773,0.214,0,1
"Senp8",0.448647410243002,0.779916055365603,0.214,0,1
"Ints14",0.448647410243002,0.661745693715354,0.214,0,1
"Usp3",0.448647410243002,0.706887012950228,0.214,0,1
"Adam10",0.448647410243002,0.839829457842098,0.214,0,1
"Elovl5",0.448647410243002,0.718230699925455,0.214,0,1
"Cox7a2",0.448647410243002,1.10760479524912,0.214,0,1
"Rasgrf1",0.448647410243002,0.653004453058716,0.214,0,1
"Rpl29",0.448647410243002,0.830009026299096,0.214,0,1
"Pfkfb4",0.448647410243002,0.994894448045648,0.214,0,1
"Scap",0.448647410243002,0.748160272013642,0.214,0,1
"Higd1a",0.448647410243002,0.640508288729892,0.214,0,1
"Gm16153",0.448647410243002,0.59124060218586,0.214,0,1
"Vip",0.448647410243002,0.619139727970729,0.214,0,1
"Nup43",0.448647410243002,0.705120858908327,0.214,0,1
"Gm47483",0.448647410243002,0.71814389030124,0.214,0,1
"Tpd52l1",0.448647410243002,0.58893897726011,0.214,0,1
"Zup1",0.448647410243002,0.680618827959852,0.214,0,1
"Traf3ip2",0.448647410243002,0.70201791280765,0.214,0,1
"Ppil6",0.448647410243002,0.730387586599233,0.214,0,1
"Man1a",0.448647410243002,0.8435655782002,0.214,0,1
"Fabp7",0.448647410243002,0.980247844652687,0.214,0,1
"Sar1a",0.448647410243002,0.643420126719504,0.214,0,1
"Kifbp",0.448647410243002,1.11452411647733,0.214,0,1
"Nrbf2",0.448647410243002,0.727651955665157,0.214,0,1
"Pcbp3",0.448647410243002,0.539812960079116,0.214,0,1
"Ndufs7",0.448647410243002,0.666048173607381,0.214,0,1
"Mbd3",0.448647410243002,0.767713125917877,0.214,0,1
"Lsm7",0.448647410243002,0.606003869964781,0.214,0,1
"Mrpl54",0.448647410243002,0.727644703805765,0.214,0,1
"Nopchap1",0.448647410243002,0.723522744378042,0.214,0,1
"Washc4",0.448647410243002,0.779787467469162,0.214,0,1
"ENSMUSG00000120795",0.448647410243002,0.862374991753773,0.214,0,1
"Uhrf1bp1l",0.448647410243002,0.683773212275943,0.214,0,1
"Gm47591",0.448647410243002,0.982641218934256,0.214,0,1
"Tmcc3",0.448647410243002,0.790813236966536,0.214,0,1
"4930532I03Rik",0.448647410243002,0.627928956066648,0.214,0,1
"Thap2",0.448647410243002,0.742854001595844,0.214,0,1
"Zfc3h1",0.448647410243002,0.743806965833235,0.214,0,1
"A930009A15Rik",0.448647410243002,0.943329001723727,0.214,0,1
"Frs2",0.448647410243002,0.6793782525499,0.214,0,1
"Xpot",0.448647410243002,0.598119602892419,0.214,0,1
"Ctdsp2",0.448647410243002,0.798138796691239,0.214,0,1
"Baz2a",0.448647410243002,0.666478300667676,0.214,0,1
"Patz1",0.448647410243002,0.896724419295605,0.214,0,1
"Pik3ip1",0.448647410243002,0.653004453058716,0.214,0,1
"Ykt6",0.448647410243002,0.580134770636666,0.214,0,1
"H2az2",0.448647410243002,0.593851041745961,0.214,0,1
"Cnrip1",0.448647410243002,0.654454721369099,0.214,0,1
"Cep68",0.448647410243002,1.08649776329676,0.214,0,1
"Papolg",0.448647410243002,0.739926845159931,0.214,0,1
"Bod1",0.448647410243002,0.656654240382189,0.214,0,1
"Ublcp1",0.448647410243002,0.891415215229401,0.214,0,1
"Sar1b",0.448647410243002,1.07714042965613,0.214,0,1
"Uqcrq",0.448647410243002,0.702945109207229,0.214,0,1
"Galnt10",0.448647410243002,0.624034545360679,0.214,0,1
"Alkbh5",0.448647410243002,0.655164157822276,0.214,0,1
"Arhgap44",0.448647410243002,1.17014508581361,0.214,0,1
"Ndel1",0.448647410243002,0.6793782525499,0.214,0,1
"Vamp2",0.448647410243002,0.77750629092705,0.214,0,1
"Senp3",0.448647410243002,0.801620506426258,0.214,0,1
"Polr2a",0.448647410243002,0.674384214705408,0.214,0,1
"Eif5a",0.448647410243002,0.810649468616649,0.214,0,1
"6330403K07Rik",0.448647410243002,0.978154527099618,0.214,0,1
"Med31",0.448647410243002,0.773737469592743,0.214,0,1
"Ankfy1",0.448647410243002,0.839348540603726,0.214,0,1
"Rpa1",0.448647410243002,0.930404633216336,0.214,0,1
"Wdr81",0.448647410243002,0.647777067107124,0.214,0,1
"Prpf8",0.448647410243002,0.562379977550235,0.214,0,1
"Cpd",0.448647410243002,0.751301348022817,0.214,0,1
"Pigs",0.448647410243002,0.726087749557251,0.214,0,1
"Tmem199",0.448647410243002,0.873479062013753,0.214,0,1
"Suz12",0.448647410243002,0.65232406690431,0.214,0,1
"Psmd11",0.448647410243002,0.727945802344201,0.214,0,1
"Aatf",0.448647410243002,0.698977741145959,0.214,0,1
"Mtmr4",0.448647410243002,0.539812960079116,0.214,0,1
"Srsf1",0.448647410243002,0.725213501233366,0.214,0,1
"Mrpl27",0.448647410243002,0.802673526429025,0.214,0,1
"Pip4k2b",0.448647410243002,0.580134770636666,0.214,0,1
"Casc3",0.448647410243002,0.759590846561456,0.214,0,1
"Smarce1",0.448647410243002,0.743806965833235,0.214,0,1
"Stat5b",0.448647410243002,0.739875216377113,0.214,0,1
"C1ql1",0.448647410243002,0.725848484457229,0.214,0,1
"Nmt1",0.448647410243002,0.724398017561119,0.214,0,1
"Psmc5",0.448647410243002,0.747516286205133,0.214,0,1
"Gm11714",0.448647410243002,0.965647869643504,0.214,0,1
"Rgs9",0.448647410243002,1.10243208473834,0.214,0,1
"Abca5",0.448647410243002,0.744740692591157,0.214,0,1
"Nt5c",0.448647410243002,0.716028904688418,0.214,0,1
"Unk",0.448647410243002,0.625395661137577,0.214,0,1
"Exoc7",0.448647410243002,0.906901461393337,0.214,0,1
"Mrpl12",0.448647410243002,0.798689217085645,0.214,0,1
"Mafg",0.448647410243002,0.847695519742174,0.214,0,1
"Dtnbos",0.448647410243002,0.735139995208074,0.214,0,1
"Smc6",0.448647410243002,0.680618827959852,0.214,0,1
"Cpsf3",0.448647410243002,0.905180478927893,0.214,0,1
"Grhl1",0.448647410243002,0.844505636706959,0.214,0,1
"Eipr1",0.448647410243002,0.655164157822276,0.214,0,1
"Foxg1",0.448647410243002,0.694274868141993,0.214,0,1
"Gm43517",0.448647410243002,0.75727868433976,0.214,0,1
"G2e3",0.448647410243002,0.657645760939544,0.214,0,1
"Heatr5a",0.448647410243002,0.813438701763869,0.214,0,1
"2700097O09Rik",0.448647410243002,0.58893897726011,0.214,0,1
"Slc25a21",0.448647410243002,0.734583102374858,0.214,0,1
"Prpf39",0.448647410243002,0.618901002638427,0.214,0,1
"Fkbp3",0.448647410243002,0.866488284087052,0.214,0,1
"Rps29",0.448647410243002,0.59346333426307,0.214,0,1
"ENSMUSG00000120877",0.448647410243002,0.770772641299294,0.214,0,1
"Mnat1",0.448647410243002,0.74746492831236,0.214,0,1
"Dnal1",0.448647410243002,0.624270706850738,0.214,0,1
"Bbof1",0.448647410243002,0.58893897726011,0.214,0,1
"Dlst",0.448647410243002,1.2130255776735,0.214,0,1
"Snw1",0.448647410243002,0.981424671216404,0.214,0,1
"Ndufb1",0.448647410243002,0.750210141547346,0.214,0,1
"Ifi27",0.448647410243002,0.726087749557251,0.214,0,1
"Gm5441",0.448647410243002,0.734583102374858,0.214,0,1
"Serpinb6a",0.448647410243002,0.730700312724923,0.214,0,1
"Tubb2b",0.448647410243002,0.873004618265652,0.214,0,1
"Smim13",0.448647410243002,0.575192425815731,0.214,0,1
"Mcur1",0.448647410243002,0.702994057828765,0.214,0,1
"Sptlc1",0.448647410243002,0.775483639647979,0.214,0,1
"Pdlim7",0.448647410243002,0.782798143101573,0.214,0,1
"Klhl3",0.448647410243002,0.539812960079116,0.214,0,1
"Ube2ql1",0.448647410243002,0.65011027891901,0.214,0,1
"Ice1",0.448647410243002,0.598119602892419,0.214,0,1
"Gm46430",0.448647410243002,0.619842085790928,0.214,0,1
"Nr2f1",0.448647410243002,0.718230699925455,0.214,0,1
"A830082K12Rik",0.448647410243002,0.748454338368767,0.214,0,1
"Zfyve16",0.448647410243002,0.562379977550235,0.214,0,1
"Ap3b1",0.448647410243002,0.833838087021993,0.214,0,1
"Mccc2",0.448647410243002,0.735503480307413,0.214,0,1
"Gtf2h2",0.448647410243002,0.734348427652294,0.214,0,1
"Map3k1",0.448647410243002,0.972861562643985,0.214,0,1
"Plpp1",0.448647410243002,0.736912892194325,0.214,0,1
"Mtrex",0.448647410243002,0.730700312724923,0.214,0,1
"Snx18",0.448647410243002,0.735451692982769,0.214,0,1
"Ndufs4",0.448647410243002,0.770862496944105,0.214,0,1
"Fezf2",0.448647410243002,0.773767494435348,0.214,0,1
"3830406C13Rik",0.448647410243002,0.688525895229215,0.214,0,1
"Gm48602",0.448647410243002,0.803222219767362,0.214,0,1
"Dennd6a",0.448647410243002,0.976864443497758,0.214,0,1
"Tasor",0.448647410243002,0.88428703224436,0.214,0,1
"Rft1",0.448647410243002,0.812100160056615,0.214,0,1
"Nisch",0.448647410243002,0.679324410800536,0.214,0,1
"Wapl",0.448647410243002,1.07248698394523,0.214,0,1
"Styx",0.448647410243002,0.965721838639305,0.214,0,1
"4930527F14Rik",0.448647410243002,0.746603542527439,0.214,0,1
"Cgrrf1",0.448647410243002,0.643420126719504,0.214,0,1
"Pip4p1",0.448647410243002,0.772270118519641,0.214,0,1
"Dcaf11",0.448647410243002,0.759334946364554,0.214,0,1
"Pspc1",0.448647410243002,0.623332509036917,0.214,0,1
"Eef1akmt1",0.448647410243002,0.783125072241765,0.214,0,1
"Mrpl57",0.448647410243002,0.751069377280254,0.214,0,1
"Kpna3",0.448647410243002,0.646854036686559,0.214,0,1
"Mir124a-1hg",0.448647410243002,0.694104500318154,0.214,0,1
"Elp3",0.448647410243002,0.763995144178969,0.214,0,1
"Rhobtb2",0.448647410243002,0.623147928014338,0.214,0,1
"Ppp3cc",0.448647410243002,0.759590846561456,0.214,0,1
"Bmp1",0.448647410243002,0.727559367933275,0.214,0,1
"Gfra2",0.448647410243002,0.632332860161111,0.214,0,1
"Lrch1",0.448647410243002,0.692522070004055,0.214,0,1
"Naa16",0.448647410243002,0.632332860161111,0.214,0,1
"9630013A20Rik",0.448647410243002,0.876508737885435,0.214,0,1
"Tdrd3",0.448647410243002,1.03119628846719,0.214,0,1
"Tbc1d4",0.448647410243002,0.744637384344,0.214,0,1
"Scel",0.448647410243002,0.778377814134636,0.214,0,1
"Slitrk5",0.448647410243002,0.692427199995843,0.214,0,1
"Dzip1",0.448647410243002,0.864586695567313,0.214,0,1
"Hs6st3",0.448647410243002,0.854461839172893,0.214,0,1
"Ggact",0.448647410243002,1.07205901560693,0.214,0,1
"Lifr",0.448647410243002,0.640508288729892,0.214,0,1
"Lmbrd2",0.448647410243002,0.59124060218586,0.214,0,1
"Cdh6",0.448647410243002,0.887516251174176,0.214,0,1
"Gm2824",0.448647410243002,0.726808643182944,0.214,0,1
"4930570B17Rik",0.448647410243002,1.18175277465626,0.214,0,1
"Atpsckmt",0.448647410243002,0.698976111775228,0.214,0,1
"Rpl30",0.448647410243002,0.658016600353865,0.214,0,1
"Stk3",0.448647410243002,0.564724331460677,0.214,0,1
"Rnf19a",0.448647410243002,0.716028904688418,0.214,0,1
"Lrp12",0.448647410243002,0.669739265424021,0.214,0,1
"A930017M01Rik",0.448647410243002,0.65011027891901,0.214,0,1
"Tbc1d31",0.448647410243002,0.794335941031615,0.214,0,1
"Fam135b",0.448647410243002,0.678421351412008,0.214,0,1
"1700085D07Rik",0.448647410243002,0.892390527380408,0.214,0,1
"Lynx1",0.448647410243002,0.727651955665157,0.214,0,1
"Top1mt",0.448647410243002,0.751301348022817,0.214,0,1
"Vps28",0.448647410243002,0.686228032468477,0.214,0,1
"Rpl8",0.448647410243002,0.624270706850738,0.214,0,1
"Tmem184b",0.448647410243002,0.716508711167132,0.214,0,1
"Tob2",0.448647410243002,0.651889243215444,0.214,0,1
"Desi1",0.448647410243002,0.70201791280765,0.214,0,1
"Snu13",0.448647410243002,0.681547615289167,0.214,0,1
"Ppara",0.448647410243002,0.679324410800536,0.214,0,1
"Prickle1",0.448647410243002,0.601518731147971,0.214,0,1
"Pfkm",0.448647410243002,0.806966351194857,0.214,0,1
"Spats2",0.448647410243002,0.79462732700589,0.214,0,1
"Pfdn5",0.448647410243002,0.923514503297733,0.214,0,1
"Cluap1",0.448647410243002,1.04053405202758,0.214,0,1
"Hmox2",0.448647410243002,0.847959959324865,0.214,0,1
"Abat",0.448647410243002,0.983974463128563,0.214,0,1
"Usp7",0.448647410243002,0.688010151161619,0.214,0,1
"Parn",0.448647410243002,0.642494303636777,0.214,0,1
"Mpv17l",0.448647410243002,1.03935926576952,0.214,0,1
"Cep20",0.448647410243002,0.642494303636777,0.214,0,1
"Med15",0.448647410243002,0.778137030964823,0.214,0,1
"Ufd1",0.448647410243002,0.665136762924923,0.214,0,1
"Parl",0.448647410243002,0.652414928635561,0.214,0,1
"Masp1",0.448647410243002,0.773737469592743,0.214,0,1
"P3h2",0.448647410243002,0.68163665507712,0.214,0,1
"Atp13a4",0.448647410243002,0.798138796691239,0.214,0,1
"Hes1",0.448647410243002,0.773524393201602,0.214,0,1
"Tmem44",0.448647410243002,0.644639514001598,0.214,0,1
"Ncbp2",0.448647410243002,0.678421351412008,0.214,0,1
"Sec22a",0.448647410243002,0.707363220484117,0.214,0,1
"Golgb1",0.448647410243002,0.606371856078936,0.214,0,1
"Poglut1",0.448647410243002,0.735213975953218,0.214,0,1
"Gm19522",0.448647410243002,0.806966351194857,0.214,0,1
"Spice1",0.448647410243002,0.706952031997946,0.214,0,1
"Rpl24",0.448647410243002,0.901042163504323,0.214,0,1
"Arl13b",0.448647410243002,0.636129307799092,0.214,0,1
"Htr1f",0.448647410243002,0.662177557269322,0.214,0,1
"Cct8",0.448647410243002,0.711538875523344,0.214,0,1
"Sod1",0.448647410243002,0.864437038636055,0.214,0,1
"Atp5o.1",0.448647410243002,0.771709523816951,0.214,0,1
"Zdhhc14",0.448647410243002,0.783612077712814,0.214,0,1
"9030025P20Rik",0.448647410243002,0.694104500318154,0.214,0,1
"Psmb1",0.448647410243002,0.726139874099352,0.214,0,1
"Riok2",0.448647410243002,0.815447612485044,0.214,0,1
"Spaca6",0.448647410243002,0.708429707415117,0.214,0,1
"Zfp40",0.448647410243002,0.85569008323679,0.214,0,1
"Flywch1",0.448647410243002,0.895234484137244,0.214,0,1
"Eci1",0.448647410243002,0.702675267240569,0.214,0,1
"Noxo1",0.448647410243002,0.657661555791181,0.214,0,1
"Cerox1",0.448647410243002,0.730614250209329,0.214,0,1
"Metrn",0.448647410243002,0.739083068320719,0.214,0,1
"Ergic1",0.448647410243002,0.714305201818264,0.214,0,1
"AI413582",0.448647410243002,0.628450335213296,0.214,0,1
"Fance",0.448647410243002,0.674385872088122,0.214,0,1
"Cbs",0.448647410243002,0.692132005875278,0.214,0,1
"Ddr1",0.448647410243002,0.746370815133168,0.214,0,1
"Cenpq",0.448647410243002,0.732413369447644,0.214,0,1
"Tnfrsf21",0.448647410243002,0.694997798979355,0.214,0,1
"Cul9",0.448647410243002,0.750428099963251,0.214,0,1
"Oard1",0.448647410243002,0.656744829814133,0.214,0,1
"Dpy30",0.448647410243002,0.634566339562026,0.214,0,1
"Cebpz",0.448647410243002,0.875919580526176,0.214,0,1
"Thada",0.448647410243002,0.59124060218586,0.214,0,1
"Gm10125",0.448647410243002,0.630169258400955,0.214,0,1
"Usp14",0.448647410243002,0.650117931175215,0.214,0,1
"Ankrd29",0.448647410243002,0.747516286205133,0.214,0,1
"2700062C07Rik",0.448647410243002,0.829359202562021,0.214,0,1
"Fhod3",0.448647410243002,0.871644088819466,0.214,0,1
"Polr2d",0.448647410243002,0.652648172718199,0.214,0,1
"Camk4",0.448647410243002,0.575192425815731,0.214,0,1
"Brd8",0.448647410243002,0.619842085790928,0.214,0,1
"Etf1",0.448647410243002,0.796607806653551,0.214,0,1
"Nrg2",0.448647410243002,0.681547615289167,0.214,0,1
"Cystm1",0.448647410243002,0.734583102374858,0.214,0,1
"Ik",0.448647410243002,0.678848252663708,0.214,0,1
"Diaph1",0.448647410243002,0.625395661137577,0.214,0,1
"Rnf14",0.448647410243002,1.10673570957311,0.214,0,1
"Kctd16",0.448647410243002,0.88195547418012,0.214,0,1
"Cdo1",0.448647410243002,0.730701906657621,0.214,0,1
"Cep120",0.448647410243002,0.802561161532823,0.214,0,1
"Slc12a2",0.448647410243002,0.648305940390569,0.214,0,1
"Pdgfrb",0.448647410243002,0.811803085002389,0.214,0,1
"1500015A07Rik",0.448647410243002,0.82090999261278,0.214,0,1
"Wdr7",0.448647410243002,1.05351512604814,0.214,0,1
"Smad7",0.448647410243002,0.82772566092074,0.214,0,1
"Pstpip2",0.448647410243002,0.724698403351195,0.214,0,1
"Sall3",0.448647410243002,0.796607806653551,0.214,0,1
"Cpt1a",0.448647410243002,0.619842085790928,0.214,0,1
"Gm48696",0.448647410243002,0.691127906512053,0.214,0,1
"Rps6kb2",0.448647410243002,0.957962849583451,0.214,0,1
"Sf3b2",0.448647410243002,0.897675936824811,0.214,0,1
"4930481A15Rik",0.448647410243002,0.786241014512957,0.214,0,1
"Ccdc85b",0.448647410243002,0.760229466244389,0.214,0,1
"Dpf2",0.448647410243002,0.613023279584125,0.214,0,1
"Gm14966",0.448647410243002,0.691204178895024,0.214,0,1
"Trmt112",0.448647410243002,0.711463670681738,0.214,0,1
"Fkbp2",0.448647410243002,0.706632494149608,0.214,0,1
"Nxf1",0.448647410243002,0.787170201834097,0.214,0,1
"Hnrnpul2",0.448647410243002,0.67686426424428,0.214,0,1
"Ubxn1",0.448647410243002,0.619842085790928,0.214,0,1
"Dtx4",0.448647410243002,0.598119602892419,0.214,0,1
"Zfp91",0.448647410243002,0.695676962151689,0.214,0,1
"Nmrk1",0.448647410243002,0.802496081346643,0.214,0,1
"Klf9",0.448647410243002,0.719202320284437,0.214,0,1
"Cbwd1",0.448647410243002,0.953178217147269,0.214,0,1
"Mms19",0.448647410243002,0.798582811409479,0.214,0,1
"Entpd7",0.448647410243002,0.770862496944105,0.214,0,1
"Dnmbp",0.448647410243002,0.886935722131852,0.214,0,1
"Ldb1",0.448647410243002,0.778201950011112,0.214,0,1
"Pprc1",0.448647410243002,0.657645760939544,0.214,0,1
"Sfr1",0.448647410243002,0.755227454005657,0.214,0,1
"Shoc2",0.448647410243002,0.783354446391785,0.214,0,1
"Emx2",0.448647410243002,0.977956173390627,0.214,0,1
"Dynlt3",0.448647410243002,0.759590846561456,0.214,0,1
"Ddx3x",0.448647410243002,0.649682441954975,0.214,0,1
"Enox2",0.448647410243002,0.922124171184909,0.214,0,1
"Rtl8a",0.448647410243002,0.697400649980816,0.214,0,1
"Atp11c",0.448647410243002,0.891807821446222,0.214,0,1
"Mtmr1",0.448647410243002,0.68655212123394,0.214,0,1
"Atp2b3",0.448647410243002,0.770772641299294,0.214,0,1
"Hcfc1",0.448647410243002,0.769746693114925,0.214,0,1
"Tafazzin",0.448647410243002,0.819507376828971,0.214,0,1
"Atp6ap1",0.448647410243002,0.667861878480328,0.214,0,1
"Pcyt1b",0.448647410243002,0.861124763016896,0.214,0,1
"Apoo",0.448647410243002,0.948066890698498,0.214,0,1
"Zc3h12b",0.448647410243002,0.783540537693419,0.214,0,1
"Yipf6",0.448647410243002,0.723752043351256,0.214,0,1
"Nono",0.448647410243002,0.911924075456851,0.214,0,1
"Sh3bgrl",0.448647410243002,0.606003869964781,0.214,0,1
"Phf8",0.448647410243002,0.658016600353865,0.214,0,1
"Smc1a",0.448647410243002,0.653004453058716,0.214,0,1
"Usp51",0.448647410243002,0.802673526429025,0.214,0,1
"Phka2",0.448647410243002,0.624034545360679,0.214,0,1
"ENSMUSG00000120664",0.448647410243002,0.661415983577216,0.214,0,1
"Cst3",0.449413865028602,0.630535254412899,0.929,0.667,1
"Tjp1",0.449413865028602,0.419826762013631,0.929,0.667,1
"Rb1cc1",0.453076198182894,0.563792243569491,0.5,0.333,1
"Gls",0.453076198182894,0.714464423655239,0.5,0.333,1
"Desi2",0.453076198182894,-0.316032317692508,0.429,0.667,1
"Nvl",0.453076198182894,0.607555038424573,0.5,0.333,1
"Cyp7b1",0.453076198182894,0.740185401395251,0.5,0.333,1
"Tmem243",0.453076198182894,0.351971562777153,0.5,0.333,1
"Rpl9",0.453076198182894,0.392349383403431,0.5,0.333,1
"Gabra2",0.453076198182894,1.1184797903506,0.5,0.333,1
"Atp2a2",0.453076198182894,0.736598638158582,0.5,0.333,1
"Tnrc18",0.453076198182894,0.644835550339738,0.5,0.333,1
"Ppp1r9a",0.453076198182894,0.902814344304551,0.5,0.333,1
"Thsd7a",0.453076198182894,0.735975782518036,0.5,0.333,1
"Gng12",0.453076198182894,-0.405089328068924,0.429,0.667,1
"Eps8",0.453076198182894,-0.471000062332938,0.429,0.667,1
"A330076H08Rik",0.453076198182894,0.499872866120874,0.5,0.333,1
"Cd81",0.453076198182894,0.890405134047292,0.5,0.333,1
"Fto",0.453076198182894,-0.471879539503185,0.429,0.667,1
"Neo1",0.453076198182894,0.79338712877252,0.5,0.333,1
"Trak1",0.453076198182894,0.716078731812065,0.5,0.333,1
"Aldoc",0.453076198182894,0.582049875385238,0.5,0.333,1
"Hectd1",0.453076198182894,-0.412783615957228,0.429,0.667,1
"Hnrnpk",0.453076198182894,0.420410406864357,0.5,0.333,1
"Nr1d2",0.453076198182894,0.680253641486673,0.5,0.333,1
"Camk2g",0.453076198182894,-1.00561138664698,0.429,0.667,1
"Oxct1",0.453076198182894,0.815459519897953,0.5,0.333,1
"Cthrc1",0.453076198182894,0.567557992594785,0.5,0.333,1
"Srsf7",0.453076198182894,0.629435941161629,0.5,0.333,1
"Prkce",0.453076198182894,-0.509296951956274,0.429,0.667,1
"Psd2",0.453076198182894,1.0436817918557,0.5,0.333,1
"Ctif",0.453076198182894,-0.63488472620331,0.429,0.667,1
"Khdrbs2",0.464404256081702,0.933196680139561,0.571,0.333,1
"Pcmtd1",0.472750911841846,-0.339618320229583,0.571,0.667,1
"Kcnip3",0.472750911841846,-0.758649043494176,0.571,0.667,1
"Snap25",0.472750911841846,0.978824385014826,0.643,0.333,1
"Pdlim5",0.472750911841846,0.779855642615714,0.643,0.333,1
"Gabbr2",0.472750911841846,0.942951067850689,0.643,0.333,1
"Tafa1",0.472750911841846,0.71095893103175,0.643,0.333,1
"Mcu",0.472750911841846,-0.393728416958894,0.571,0.667,1
"Rabep1",0.472750911841846,0.758446388166474,0.643,0.333,1
"Rab10",0.472750911841846,0.676686113652814,0.571,0.667,1
"Adk",0.472750911841846,0.739267827419659,0.643,0.333,1
"Rtl4",0.472750911841846,-0.574426048853842,0.571,0.667,1
"Ptprk",0.478764307954414,-0.446726241412814,0.571,1,1
"Jmjd1c",0.478764307954414,0.571381411372501,0.714,0.333,1
"Tnrc6b",0.478764307954414,-0.393331498774083,0.571,1,1
"Ndfip1",0.478764307954414,-0.52483735269794,0.571,1,1
"Gtdc1",0.480643333671694,-0.402147778104638,0.357,0.667,1
"Golm2",0.480643333671694,-0.4848156997917,0.357,0.667,1
"Zmynd8",0.480643333671694,-0.563513800936964,0.357,0.667,1
"Car2",0.480643333671694,-0.43941951553621,0.357,0.667,1
"Add1",0.480643333671694,-0.362703400172819,0.357,0.667,1
"Exoc6b",0.480643333671694,-0.270810020313061,0.357,0.667,1
"Wsb1",0.480643333671694,-0.342824933304382,0.357,0.667,1
"Cfl2",0.480643333671694,-0.369908871625014,0.357,0.667,1
"Pnn",0.480643333671694,-0.408365493892817,0.357,0.667,1
"Vps13b",0.480643333671694,-0.362693223328785,0.357,0.667,1
"Pacrg",0.480643333671694,-0.30629039665315,0.357,0.667,1
"Pten",0.480643333671694,-0.356951197603497,0.357,0.667,1
"Bcan",0.482937338548056,0.81175497588117,0.714,0.667,1
"Mapk10",0.482937338548056,-0.553769327770597,0.643,1,1
"Slc6a1",0.482937338548056,0.491995059874768,0.786,0.333,1
"Gria4",0.482937338548056,0.713433818102105,0.714,0.667,1
"Lrrtm3",0.482937338548056,-0.402098873914016,0.643,1,1
"Rtn1",0.482937338548056,-0.348149849449278,0.643,1,1
"Rbm25",0.482937338548056,-0.534541141603687,0.643,1,1
"Spire1",0.482937338548056,-0.516633420779607,0.714,0.667,1
"Sorcs1",0.482937338548056,-0.600313763289065,0.643,1,1
"Garem1",0.485664987072256,-0.409478147678903,0.714,1,1
"Unc5c",0.487281247350421,0.378317947436985,0.929,0.333,1
"Rsrp1",0.487281247350421,-0.504492860230785,0.786,1,1
"Nr3c2",0.487281247350421,0.598134433739714,0.857,0.667,1
"Prpf4b",0.487281247350421,-0.34796054110319,0.786,1,1
"Klf12",0.487281247350421,0.928600836581403,0.857,0.667,1
"Arhgap31",0.487281247350421,-0.428664800049531,0.786,1,1
"Pid1",0.488083751995072,-0.522964156554643,0.857,1,1
"Sparcl1",0.488083751995072,-0.521321359588538,0.857,1,1
"Gm3764",0.488350427184481,-0.547631896130518,1,1,1
"Ank2",0.488350427184481,-0.454850131630079,0.929,1,1
"Macf1",0.488350427184481,-0.500693811940115,0.929,1,1
"Zbtb20",0.488350427184481,-0.408891313529625,1,1,1
"Zeb1",0.488350427184481,0.571853504750627,1,1,1
"Phf3",0.505984261705382,-0.623277124052951,0.5,0.667,1
"Gnas",0.505984261705382,-0.416903235111627,0.5,0.667,1
"Cplane1",0.505984261705382,-0.428359383538484,0.5,0.667,1
"A330023F24Rik",0.507085436983432,-0.350105478016195,0.286,0.667,1
"Rif1",0.507085436983432,-0.457232149194724,0.286,0.667,1
"Dzip1l",0.507085436983432,-0.332525152192921,0.286,0.667,1
"Mzt1",0.507085436983432,-0.491387125221044,0.286,0.667,1
"Prkdc",0.507085436983432,-0.50870350357754,0.286,0.667,1
"Kdm2a",0.507085436983432,-0.414039673724364,0.286,0.667,1
"Ndufb11",0.507085436983432,-0.474083330343952,0.286,0.667,1
"Sgk3",0.507354293292052,-0.267765537400369,0.143,0.333,1
"Actr1b",0.507354293292052,-0.315479149997722,0.143,0.333,1
"Mitd1",0.507354293292052,-0.312131734396711,0.143,0.333,1
"Pgap1",0.507354293292052,-0.508086346053006,0.143,0.333,1
"Tyw5",0.507354293292052,-0.315479149997722,0.143,0.333,1
"Acadl",0.507354293292052,-0.51874921720858,0.143,0.333,1
"Dtymk",0.507354293292052,-0.472322322003276,0.143,0.333,1
"Dsel",0.507354293292052,-0.548119759944997,0.143,0.333,1
"Cntnap5a",0.507354293292052,-0.43597024603037,0.143,0.333,1
"Trmt1l",0.507354293292052,-0.420623673611416,0.143,0.333,1
"Tor1aip2",0.507354293292052,-0.359741038081464,0.143,0.333,1
"Upf2",0.507354293292052,-0.295970173495427,0.143,0.333,1
"Rc3h2",0.507354293292052,-0.418345061310075,0.143,0.333,1
"Cacnb4",0.507354293292052,-0.536097639830763,0.143,0.333,1
"Kcnj3",0.507354293292052,-0.275708456818963,0.143,0.333,1
"Slc4a10",0.507354293292052,-0.354547753294158,0.143,0.333,1
"Ttc21b",0.507354293292052,-0.51458130582835,0.143,0.333,1
"Rbm45",0.507354293292052,-0.332123391149565,0.143,0.333,1
"Kif3b",0.507354293292052,-0.300956461880472,0.143,0.333,1
"Gss",0.507354293292052,-0.48328283841261,0.143,0.333,1
"Arfgef2",0.507354293292052,-0.483523076610396,0.143,0.333,1
"Atp5e",0.507354293292052,-0.420623673611416,0.143,0.333,1
"Osbpl2",0.507354293292052,-0.354547753294158,0.143,0.333,1
"Tpd52",0.507354293292052,-0.329616073247176,0.143,0.333,1
"Prkci",0.507354293292052,-0.48850936499544,0.143,0.333,1
"Rnf13",0.507354293292052,-0.43597024603037,0.143,0.333,1
"Nras",0.507354293292052,-0.327028402713382,0.143,0.333,1
"Rbm15",0.507354293292052,-0.558141043082995,0.143,0.333,1
"Gnai3",0.507354293292052,-0.284769418888307,0.143,0.333,1
"Trp53inp1",0.507354293292052,-0.359741038081464,0.143,0.333,1
"Dennd4c",0.507354293292052,-0.300687801539836,0.143,0.333,1
"Nasp",0.507354293292052,-0.425867852768357,0.143,0.333,1
"Ebna1bp2",0.507354293292052,-0.43597024603037,0.143,0.333,1
"Foxj3",0.507354293292052,-0.327028402713382,0.143,0.333,1
"Zcchc17",0.507354293292052,-0.533807223748898,0.143,0.333,1
"Trnp1",0.507354293292052,-0.563489116155782,0.143,0.333,1
"Tmem50a",0.507354293292052,-0.508086346053006,0.143,0.333,1
"Emc1",0.507354293292052,-0.43597024603037,0.143,0.333,1
"Arhgef19",0.507354293292052,-0.485245493073217,0.143,0.333,1
"Sdf4",0.507354293292052,-0.589652461072298,0.143,0.333,1
"Insig1",0.507354293292052,-0.485343106175863,0.143,0.333,1
"D5Ertd579e",0.507354293292052,-0.393211573046354,0.143,0.333,1
"Smim14",0.507354293292052,-0.488240704654804,0.143,0.333,1
"Uba6",0.507354293292052,-0.425867852768357,0.143,0.333,1
"Scarb2",0.507354293292052,-0.443919884092011,0.143,0.333,1
"Mrpl1",0.507354293292052,-0.29989740374703,0.143,0.333,1
"Sec31a",0.507354293292052,-0.519676294264534,0.143,0.333,1
"Msi1",0.507354293292052,-0.294914768057858,0.143,0.333,1
"Taok3",0.507354293292052,-0.539666413246879,0.143,0.333,1
"Slc8b1",0.507354293292052,-0.354547753294158,0.143,0.333,1
"Trafd1",0.507354293292052,-0.420615277885555,0.143,0.333,1
"Gm43359",0.507354293292052,-0.354547753294158,0.143,0.333,1
"Gm43361",0.507354293292052,-0.290214025543278,0.143,0.333,1
"Hip1r",0.507354293292052,-0.321676867613653,0.143,0.333,1
"Smurf1",0.507354293292052,-0.370705611515716,0.143,0.333,1
"Hmgb1",0.507354293292052,-0.519676294264534,0.143,0.333,1
"Pon2",0.507354293292052,-0.359741038081464,0.143,0.333,1
"Sem1",0.507354293292052,-0.472322322003276,0.143,0.333,1
"Agbl3",0.507354293292052,-0.356209513033793,0.143,0.333,1
"Fam13a",0.507354293292052,-0.558141043082995,0.143,0.333,1
"Eva1a",0.507354293292052,-0.826808756853143,0.143,0.333,1
"Stambp",0.507354293292052,-0.327028402713382,0.143,0.333,1
"Eefsec",0.507354293292052,-0.327028402713382,0.143,0.333,1
"Rbsn",0.507354293292052,-0.329616073247176,0.143,0.333,1
"Bms1",0.507354293292052,-0.370705611515716,0.143,0.333,1
"Strn4",0.507354293292052,-0.359741038081464,0.143,0.333,1
"Opa3",0.507354293292052,-0.48850936499544,0.143,0.333,1
"Akt2",0.507354293292052,-0.334720224640658,0.143,0.333,1
"Tshz3",0.507354293292052,-0.508086346053006,0.143,0.333,1
"Ftl1",0.507354293292052,-0.51458130582835,0.143,0.333,1
"Fam189a1",0.507354293292052,-0.411657041596736,0.143,0.333,1
"Swap70",0.507354293292052,-0.519676294264534,0.143,0.333,1
"Plpp4",0.507354293292052,-0.496651114820564,0.143,0.333,1
"Uros",0.507354293292052,-0.284769418888307,0.143,0.333,1
"Tssc4",0.507354293292052,-0.425396885706915,0.143,0.333,1
"Dhcr7",0.507354293292052,-0.270713313550323,0.143,0.333,1
"D830024N08Rik",0.507354293292052,-0.51458130582835,0.143,0.333,1
"Gm45708",0.507354293292052,-0.502617458822454,0.143,0.333,1
"Cfdp1",0.507354293292052,-0.379206771694141,0.143,0.333,1
"2810013P06Rik",0.507354293292052,-0.430402236374601,0.143,0.333,1
"Phxr4",0.507354293292052,-0.305690450177569,0.143,0.333,1
"Cdon",0.507354293292052,-0.332123391149565,0.143,0.333,1
"Stt3a",0.507354293292052,-0.315479149997722,0.143,0.333,1
"Msantd2",0.507354293292052,-0.510465736619755,0.143,0.333,1
"Rnf214",0.507354293292052,-0.482733327883496,0.143,0.333,1
"Etfa",0.507354293292052,-0.5652984891845,0.143,0.333,1
"Edc3",0.507354293292052,-0.51458130582835,0.143,0.333,1
"Faim",0.507354293292052,-0.461365280702364,0.143,0.333,1
"Arih2",0.507354293292052,-0.497582255810462,0.143,0.333,1
"Pex7",0.507354293292052,-0.508086346053006,0.143,0.333,1
"Ncoa7",0.507354293292052,-0.289717078558611,0.143,0.333,1
"Prep",0.507354293292052,-0.315479149997722,0.143,0.333,1
"Smpdl3a",0.507354293292052,-0.697705782443889,0.143,0.333,1
"Sh3rf3",0.507354293292052,-0.284769418888307,0.143,0.333,1
"Septin10",0.507354293292052,-0.523578932367263,0.143,0.333,1
"AU041133",0.507354293292052,-0.505343554018841,0.143,0.333,1
"Aftph",0.507354293292052,-0.284769418888307,0.143,0.333,1
"Ccdc85a",0.507354293292052,-0.354547753294158,0.143,0.333,1
"Gm12224",0.507354293292052,-0.29989740374703,0.143,0.333,1
"Cops3",0.507354293292052,-0.534680429057184,0.143,0.333,1
"ENSMUSG00000121226",0.507354293292052,-0.354547753294158,0.143,0.333,1
"Glod4",0.507354293292052,-0.558141043082995,0.143,0.333,1
"Cdk5r1",0.507354293292052,-0.450232669099274,0.143,0.333,1
"Kat7",0.507354293292052,-0.295180424768527,0.143,0.333,1
"Kpnb1",0.507354293292052,-0.472322322003276,0.143,0.333,1
"Med1",0.507354293292052,-0.472322322003276,0.143,0.333,1
"Dcakd",0.507354293292052,-0.305690450177569,0.143,0.333,1
"Map3k3",0.507354293292052,-0.34097606957886,0.143,0.333,1
"Ccdc47",0.507354293292052,-0.332123391149565,0.143,0.333,1
"Mrps7",0.507354293292052,-0.51874921720858,0.143,0.333,1
"Srsf2",0.507354293292052,-0.430402236374601,0.143,0.333,1
"Slc26a11",0.507354293292052,-0.332123391149565,0.143,0.333,1
"Faap100",0.507354293292052,-0.289717078558611,0.143,0.333,1
"Tbcd",0.507354293292052,-0.359741038081464,0.143,0.333,1
"F730043M19Rik",0.507354293292052,-0.289717078558611,0.143,0.333,1
"Klhdc1",0.507354293292052,-0.315064555707485,0.143,0.333,1
"Gpatch2l",0.507354293292052,-0.363019472831091,0.143,0.333,1
"Sel1l",0.507354293292052,-0.496214542274382,0.143,0.333,1
"Ttc7b",0.507354293292052,-0.432218867932242,0.143,0.333,1
"Brf1",0.507354293292052,-0.289717078558611,0.143,0.333,1
"Rreb1",0.507354293292052,-0.389858551949034,0.143,0.333,1
"Nol7",0.507354293292052,-0.327028402713382,0.143,0.333,1
"Dbn1",0.507354293292052,-0.294914768057858,0.143,0.333,1
"Fancc",0.507354293292052,-0.310029352695493,0.143,0.333,1
"Rhobtb3",0.507354293292052,-0.430402236374601,0.143,0.333,1
"Ttc37",0.507354293292052,-0.43597024603037,0.143,0.333,1
"Gm55122",0.507354293292052,-0.294914768057858,0.143,0.333,1
"Zcchc9",0.507354293292052,-0.327028402713382,0.143,0.333,1
"Tbca",0.507354293292052,-0.482733327883496,0.143,0.333,1
"Cwc27",0.507354293292052,-0.43597024603037,0.143,0.333,1
"Psmd6",0.507354293292052,-0.329616073247176,0.143,0.333,1
"Samd8",0.507354293292052,-0.47726998167358,0.143,0.333,1
"Ccdc66",0.507354293292052,-0.560704237144336,0.143,0.333,1
"Timm23",0.507354293292052,-0.420623673611416,0.143,0.333,1
"Mapk1ip1l",0.507354293292052,-0.294914768057858,0.143,0.333,1
"Zfp219",0.507354293292052,-0.363019472831091,0.143,0.333,1
"Zmym5",0.507354293292052,-0.420623673611416,0.143,0.333,1
"Uchl3",0.507354293292052,-0.295970173495427,0.143,0.333,1
"Rimoc1",0.507354293292052,-0.392469920110792,0.143,0.333,1
"Dnajc21",0.507354293292052,-0.459526260534378,0.143,0.333,1
"Polr2k",0.507354293292052,-0.437239687899661,0.143,0.333,1
"Gm10863",0.507354293292052,-0.678731967493537,0.143,0.333,1
"Mgat3",0.507354293292052,-0.320533442938037,0.143,0.333,1
"Ndufa6",0.507354293292052,-0.652388894430352,0.143,0.333,1
"Nell2",0.507354293292052,-0.51458130582835,0.143,0.333,1
"Csad",0.507354293292052,-0.320533442938037,0.143,0.333,1
"Vps8",0.507354293292052,-0.525249622869655,0.143,0.333,1
"Tfrc",0.507354293292052,-0.588333143298258,0.143,0.333,1
"Slc49a4",0.507354293292052,-0.430073811636439,0.143,0.333,1
"Gtf2e1",0.507354293292052,-0.290214025543278,0.143,0.333,1
"Ift140",0.507354293292052,-0.482733327883496,0.143,0.333,1
"Srpk1",0.507354293292052,-0.408502240434357,0.143,0.333,1
"Mapk14",0.507354293292052,-0.497582255810462,0.143,0.333,1
"BC004004",0.507354293292052,-0.450232669099274,0.143,0.333,1
"Marchf2",0.507354293292052,-0.467086932370233,0.143,0.333,1
"Slc25a23",0.507354293292052,-0.543978289007743,0.143,0.333,1
"Wdr43",0.507354293292052,-0.300956461880472,0.143,0.333,1
"Lbh",0.507354293292052,-0.47726998167358,0.143,0.333,1
"Slc30a6",0.507354293292052,-0.508086346053006,0.143,0.333,1
"Zfp397",0.507354293292052,-0.299816978552164,0.143,0.333,1
"Commd10",0.507354293292052,-0.450232669099274,0.143,0.333,1
"Nars",0.507354293292052,-0.53443968895678,0.143,0.333,1
"Gnal",0.507354293292052,-0.315064555707485,0.143,0.333,1
"Sart1",0.507354293292052,-0.425396885706915,0.143,0.333,1
"Gm10353",0.507354293292052,-0.519676294264534,0.143,0.333,1
"Prune2",0.507354293292052,-0.332123391149565,0.143,0.333,1
"1110059E24Rik",0.507354293292052,-0.493243353292538,0.143,0.333,1
"Dennd10",0.507354293292052,-0.34097606957886,0.143,0.333,1
"Gm26618",0.507354293292052,-0.300956461880472,0.143,0.333,1
"Maob",0.507354293292052,-0.540602882635875,0.143,0.333,1
"Rbm10",0.507354293292052,-0.493243353292538,0.143,0.333,1
"Slc25a5",0.507354293292052,-0.294914768057858,0.143,0.333,1
"Gm16189",0.507354293292052,-0.482467671172827,0.143,0.333,1
"Gprasp1",0.507354293292052,-0.779452817904729,0.143,0.333,1
"Kdm5c",0.507354293292052,-0.284769418888307,0.143,0.333,1
"Sms",0.507354293292052,-0.589652461072298,0.143,0.333,1
"Map7d2",0.507354293292052,-0.288580445144928,0.143,0.333,1
"Ankrd17",0.519639448229631,0.587782621055447,0.643,0.667,1
"Nrg1",0.519639448229631,-0.652229188748207,0.643,0.667,1
"Hspa8",0.519639448229631,0.412722851114864,0.643,0.667,1
"Ntsr2",0.519639448229631,0.722565873210733,0.643,0.667,1
"Gm973",0.525597088997847,0.947326620601556,0.429,0.333,1
"Ikzf2",0.525597088997847,0.517967363590945,0.429,0.333,1
"Chd6",0.525597088997847,0.83229065431355,0.429,0.333,1
"Rsrc1",0.525597088997847,0.874908436665011,0.429,0.333,1
"Hs2st1",0.525597088997847,0.837252663202977,0.429,0.333,1
"Ecpas",0.525597088997847,0.422358566074348,0.429,0.333,1
"Mier1",0.525597088997847,0.72878214649172,0.429,0.333,1
"Mkln1",0.525597088997847,0.747328846207326,0.429,0.333,1
"Wnk1",0.525597088997847,0.862733753419077,0.429,0.333,1
"Uri1",0.525597088997847,0.534985182411215,0.429,0.333,1
"Rab6a",0.525597088997847,0.419724294859546,0.429,0.333,1
"Slc25a4",0.525597088997847,0.560568756511862,0.429,0.333,1
"Cmip",0.525597088997847,0.469554794746756,0.429,0.333,1
"Lims1",0.525597088997847,0.805260247683118,0.429,0.333,1
"Mtif2",0.525597088997847,0.607818665816026,0.429,0.333,1
"Mbtd1",0.525597088997847,0.733568340155263,0.429,0.333,1
"Scamp1",0.525597088997847,0.624814045118454,0.429,0.333,1
"Gbf1",0.525597088997847,0.701776603582286,0.429,0.333,1
"Phf6",0.525597088997847,0.654716537385647,0.429,0.333,1
"Huwe1",0.525597088997847,1.10445922030702,0.429,0.333,1
"Ccser1",0.526187488794126,0.527550213027672,0.786,0.667,1
"Calm2",0.526187488794126,0.422120365458795,0.786,0.667,1
"Idh1",0.539295361355233,0.517730107626174,0.5,0.333,1
"Ccdc141",0.539295361355233,0.529946305583623,0.5,0.333,1
"Plcb4",0.539295361355233,0.666312097748363,0.5,0.333,1
"Tsc22d2",0.539295361355233,0.719469197305556,0.5,0.333,1
"Med12l",0.539295361355233,0.726347753308072,0.5,0.333,1
"Arhgef11",0.539295361355233,-0.546209342294878,0.429,0.667,1
"Ash1l",0.539295361355233,0.518899882230417,0.5,0.333,1
"Scmh1",0.539295361355233,-0.773187183515077,0.429,0.667,1
"Hp1bp3",0.539295361355233,0.78065849939153,0.5,0.333,1
"Pkd2",0.539295361355233,-0.251634315435294,0.429,0.667,1
"Pals2",0.539295361355233,0.629446126844608,0.5,0.333,1
"9330162G02Rik",0.539295361355233,0.743591377703744,0.5,0.333,1
"2610005L07Rik",0.539295361355233,-0.356527480364445,0.429,0.667,1
"Ddhd2",0.539295361355233,-0.486625119076124,0.429,0.667,1
"D130040H23Rik",0.539295361355233,-0.259608755482424,0.429,0.667,1
"Gm15520",0.539295361355233,0.693190525587183,0.5,0.333,1
"Hacd3",0.539295361355233,0.643913236342514,0.5,0.333,1
"Rhoa",0.539295361355233,0.458228342491354,0.5,0.333,1
"Cdk17",0.539295361355233,0.548297681855317,0.5,0.333,1
"Eif1",0.539295361355233,0.68310475716032,0.5,0.333,1
"Fars2",0.539295361355233,0.922145470114187,0.5,0.333,1
"Phactr1",0.539295361355233,-0.445020671453656,0.429,0.667,1
"Basp1",0.539295361355233,-0.420034527848793,0.429,0.667,1
"Snx29",0.539295361355233,0.456128471122271,0.5,0.333,1
"Ppp4r1",0.539295361355233,-0.704021732709334,0.429,0.667,1
"Csnk1a1",0.539295361355233,-0.454247807826468,0.429,0.667,1
"Gnaq",0.539295361355233,0.774442519636088,0.5,0.333,1
"Nufip2",0.549444192711256,0.560595562420897,0.571,0.333,1
"Strn3",0.549444192711256,0.665512309090567,0.571,0.333,1
"Kat6b",0.549444192711256,0.693098876767203,0.571,0.333,1
"Smarca2",0.549444192711256,0.988917183080807,0.571,0.333,1
"Tmem164",0.549444192711256,0.835738098247361,0.571,0.333,1
"Vxn",0.553529267184732,-0.440881089049089,0.214,0.333,1
"Cops5",0.553529267184732,-0.763373921371219,0.214,0.333,1
"B3gat2",0.553529267184732,-0.810005224014096,0.214,0.333,1
"Celrr",0.553529267184732,-0.697613287136519,0.214,0.333,1
"Ccnt2",0.553529267184732,-1.02790475532459,0.214,0.333,1
"Klhl12",0.553529267184732,-0.408093611582762,0.214,0.333,1
"Camsap2",0.553529267184732,-0.465606967276436,0.214,0.333,1
"Ro60",0.553529267184732,-0.511840806308295,0.214,0.333,1
"Sdhc",0.553529267184732,-0.412882947659675,0.214,0.333,1
"Nacc2",0.553529267184732,-0.480196024728668,0.214,0.333,1
"Csrnp3",0.553529267184732,-0.509524339106375,0.214,0.333,1
"Eid1",0.553529267184732,-0.348024720432099,0.214,0.333,1
"Galk2",0.553529267184732,-0.423655560528995,0.214,0.333,1
"Chgb",0.553529267184732,-0.493728345882763,0.214,0.333,1
"Rprd1b",0.553529267184732,-0.482402825989137,0.214,0.333,1
"Pbxip1",0.553529267184732,-0.898768082417573,0.214,0.333,1
"Rap1a",0.553529267184732,-0.926259505003727,0.214,0.333,1
"Vcp",0.553529267184732,-0.898758243182677,0.214,0.333,1
"Unc13b",0.553529267184732,-1.13448446017324,0.214,0.333,1
"Eya3",0.553529267184732,-0.387726536644541,0.214,0.333,1
"Ahdc1",0.553529267184732,-0.5579242281233,0.214,0.333,1
"Hnrnpr",0.553529267184732,-0.872357857498896,0.214,0.333,1
"Fbxo44",0.553529267184732,-0.437980767625958,0.214,0.333,1
"Acap3",0.553529267184732,-0.453595189738785,0.214,0.333,1
"Smarcd3",0.553529267184732,-0.894282943600763,0.214,0.333,1
"Atraid",0.553529267184732,-0.433172238120846,0.214,0.333,1
"Ppargc1a",0.553529267184732,-0.727395180697279,0.214,0.333,1
"Tmem165",0.553529267184732,-0.412881340972902,0.214,0.333,1
"Arhgap24",0.553529267184732,-1.60668084540472,0.214,0.333,1
"Thoc2l",0.553529267184732,-0.841305622843234,0.214,0.333,1
"Rpl5",0.553529267184732,-0.788747938042199,0.214,0.333,1
"Git2",0.553529267184732,-0.413941377642872,0.214,0.333,1
"Lrrc4",0.553529267184732,-0.487543825597836,0.214,0.333,1
"Tril",0.553529267184732,-0.343500363429139,0.214,0.333,1
"Aldh1l1",0.553529267184732,-0.443559372714897,0.214,0.333,1
"Slc25a26",0.553529267184732,-0.474423712152931,0.214,0.333,1
"Cntn3",0.553529267184732,-0.393002199623393,0.214,0.333,1
"Iffo1",0.553529267184732,-0.428252315653192,0.214,0.333,1
"Gpr19",0.553529267184732,-0.803942310417285,0.214,0.333,1
"Arhgef1",0.553529267184732,-0.775073312332178,0.214,0.333,1
"Wtip",0.553529267184732,-0.487445753942514,0.214,0.333,1
"Sema4b",0.553529267184732,-0.516615844937662,0.214,0.333,1
"Insyn2a",0.553529267184732,-0.791857106150427,0.214,0.333,1
"Ppfia1",0.553529267184732,-0.504156311877464,0.214,0.333,1
"Cnot1",0.553529267184732,-0.419712450459783,0.214,0.333,1
"Nfatc3",0.553529267184732,-0.791213803001355,0.214,0.333,1
"Pknox2",0.553529267184732,-0.427851459644171,0.214,0.333,1
"Ddx10",0.553529267184732,-0.677758611765469,0.214,0.333,1
"Hmgcll1",0.553529267184732,-0.526560557644006,0.214,0.333,1
"Armc8",0.553529267184732,-0.882010267648484,0.214,0.333,1
"Nphp3",0.553529267184732,-0.449870906751708,0.214,0.333,1
"Klhl18",0.553529267184732,-0.81628701825371,0.214,0.333,1
"Gm39469",0.553529267184732,-0.525713411865177,0.214,0.333,1
"Echdc1",0.553529267184732,-0.833808512897867,0.214,0.333,1
"Pdss2",0.553529267184732,-0.900524397224577,0.214,0.333,1
"Spock2",0.553529267184732,-0.445533146710172,0.214,0.333,1
"Cisd1",0.553529267184732,-0.638619858167733,0.214,0.333,1
"Vezt",0.553529267184732,-0.400826561867114,0.214,0.333,1
"Phykpl",0.553529267184732,-0.587490416597505,0.214,0.333,1
"Ppp2ca",0.553529267184732,-0.935562482104866,0.214,0.333,1
"Zbtb4",0.553529267184732,-0.465254085617095,0.214,0.333,1
"Nlgn2",0.553529267184732,-0.389332255287591,0.214,0.333,1
"Dnajc7",0.553529267184732,-0.508050722583433,0.214,0.333,1
"ENSMUSG00000120012",0.553529267184732,-0.480196024728668,0.214,0.333,1
"Rnf213",0.553529267184732,-0.792768741977862,0.214,0.333,1
"Vsnl1",0.553529267184732,-0.570031579680702,0.214,0.333,1
"Gm46367",0.553529267184732,-1.01252760535475,0.214,0.333,1
"Dicer1",0.553529267184732,-0.517389963898925,0.214,0.333,1
"Mark3",0.553529267184732,-1.60261287783147,0.214,0.333,1
"Wdr37",0.553529267184732,-0.936667898211126,0.214,0.333,1
"Lyst",0.553529267184732,-0.782152496325558,0.214,0.333,1
"Tut7",0.553529267184732,-1.54607641291021,0.214,0.333,1
"Platr25",0.553529267184732,-0.484308200836989,0.214,0.333,1
"Top2b",0.553529267184732,-0.508937339929775,0.214,0.333,1
"Capn7",0.553529267184732,-0.529020033960386,0.214,0.333,1
"Fzd3",0.553529267184732,-0.563274325071424,0.214,0.333,1
"Nsmce2",0.553529267184732,-0.616990661301366,0.214,0.333,1
"Pced1b",0.553529267184732,-0.511188186361961,0.214,0.333,1
"Prr13",0.553529267184732,-0.556892842128381,0.214,0.333,1
"Gm9968",0.553529267184732,-0.556892842128381,0.214,0.333,1
"Gtf2h5",0.553529267184732,-0.531065578751515,0.214,0.333,1
"Pdpk1",0.553529267184732,-1.12016208347257,0.214,0.333,1
"Pkd1",0.553529267184732,-0.889011541354786,0.214,0.333,1
"Tubb4a",0.553529267184732,-0.6941470344819,0.214,0.333,1
"Fam98a",0.553529267184732,-0.450448612866992,0.214,0.333,1
"Zfp438",0.553529267184732,-1.05650847458977,0.214,0.333,1
"Dpysl3",0.553529267184732,-0.433949250036545,0.214,0.333,1
"B3gat3",0.553529267184732,-0.599963884732579,0.214,0.333,1
"Syp",0.553529267184732,-0.911347836305434,0.214,0.333,1
"Arhgef26",0.556892789855691,-0.325595602781269,0.571,0.667,1
"Tut4",0.556892789855691,0.359265911041892,0.571,0.667,1
"Actb",0.556892789855691,-0.286599431414772,0.571,0.667,1
"Gab2",0.556892789855691,-0.255425866244294,0.571,0.667,1
"Septin7",0.556892789855691,0.624789680645137,0.643,0.333,1
"Hmgn3",0.556892789855691,0.395080692943895,0.643,0.333,1
"Ulk2",0.556892789855691,-0.342131013775274,0.571,0.667,1
"Robo1",0.556892789855691,-0.587095797468444,0.571,0.667,1
"Arid1b",0.556892789855691,-0.578320773235999,0.571,0.667,1
"Add3",0.556892789855691,-0.368004341021863,0.5,1,1
"Rims1",0.562244320739508,0.336031061058837,0.714,0.333,1
"Calm1",0.562244320739508,0.260035356658764,0.714,0.333,1
"Galnt13",0.565950904228988,0.518926483269149,0.714,0.667,1
"Chd7",0.565950904228988,0.375465602909221,0.714,0.667,1
"Csmd2",0.565950904228988,-0.582908428170915,0.643,1,1
"Utrn",0.565950904228988,0.367253535759282,0.786,0.333,1
"Cpeb4",0.565950904228988,-0.312255441332993,0.714,0.667,1
"Ptk2",0.565950904228988,-1.04011959798362,0.643,1,1
"Kcnn2",0.565950904228988,-0.486041485885086,0.643,1,1
"Map2",0.569803162851554,0.434182234486067,0.857,0.667,1
"Fchsd2",0.569803162851554,0.360918855134657,0.786,1,1
"Spag9",0.569803162851554,-0.369309075501593,0.786,1,1
"Plpp3",0.57051416548531,-0.450522473435378,0.857,1,1
"Gm4876",0.57051416548531,-0.483105652912875,0.857,1,1
"Ddx5",0.57051416548531,-0.254699621835565,0.857,1,1
"Anks1b",0.570750388058174,0.30890732247081,1,1,1
"Nrxn3",0.570750388058174,0.651255115443344,1,0.667,1
"Qki",0.570750388058174,-0.303121895943311,0.929,1,1
"Psmd4",0.572608109054131,-0.300075842778634,0.357,0.667,1
"Lmo4",0.572608109054131,-0.296834330007243,0.357,0.667,1
"Camta1",0.572608109054131,-0.366386397844743,0.357,0.667,1
"Tead1",0.572608109054131,-0.400857332435034,0.357,0.667,1
"Tusc3",0.572608109054131,-0.357322308085937,0.357,0.667,1
"Fez1",0.572608109054131,-0.364159758421495,0.357,0.667,1
"9330159F19Rik",0.572608109054131,-0.386053766196937,0.357,0.667,1
"Luc7l3",0.572608109054131,-0.463048266670763,0.357,0.667,1
"Mrpl15",0.57388804698725,0.448454332696768,0.143,0,1
"Vcpip1",0.57388804698725,0.516348419806654,0.143,0,1
"A830018L16Rik",0.57388804698725,0.573944224861118,0.143,0,1
"Tram1",0.57388804698725,0.389669756495776,0.143,0,1
"Terf1",0.57388804698725,0.511095844923852,0.143,0,1
"Tmem14a",0.57388804698725,0.519515078887353,0.143,0,1
"8030445P17Rik",0.57388804698725,0.483096926789794,0.143,0,1
"Arid5a",0.57388804698725,0.538264889767083,0.143,0,1
"Cracdl",0.57388804698725,0.532818132040119,0.143,0,1
"Lonrf2",0.57388804698725,0.756605492157059,0.143,0,1
"Chst10",0.57388804698725,0.513524962157724,0.143,0,1
"Bivm",0.57388804698725,0.533817056891704,0.143,0,1
"1700019D03Rik",0.57388804698725,0.621619531324358,0.143,0,1
"Bzw1",0.57388804698725,0.538264889767083,0.143,0,1
"Als2",0.57388804698725,0.56859615178833,0.143,0,1
"Plekhm3",0.57388804698725,0.529574363624228,0.143,0,1
"Pecr",0.57388804698725,0.464641375688933,0.143,0,1
"Smarcal1",0.57388804698725,0.359135021074419,0.143,0,1
"Igfbp2",0.57388804698725,0.534675202176742,0.143,0,1
"Plcd4",0.57388804698725,0.602615305118983,0.143,0,1
"Tuba4a",0.57388804698725,0.543421462709723,0.143,0,1
"Nyap2",0.57388804698725,0.598278044195215,0.143,0,1
"Fbxo36",0.57388804698725,0.439381441881747,0.143,0,1
"Cab39",0.57388804698725,0.542700867879794,0.143,0,1
"2810459M11Rik",0.57388804698725,0.468280561419937,0.143,0,1
"Htr2b",0.57388804698725,0.690674116429257,0.143,0,1
"Hjurp",0.57388804698725,0.573944224861118,0.143,0,1
"Sh3bp4",0.57388804698725,0.417287403427675,0.143,0,1
"Ackr3",0.57388804698725,0.681756729218798,0.143,0,1
"Hdac4",0.57388804698725,0.459693716018629,0.143,0,1
"Rnpepl1",0.57388804698725,0.482062245776952,0.143,0,1
"D2hgdh",0.57388804698725,0.505543478523182,0.143,0,1
"Actr3",0.57388804698725,0.542432806871815,0.143,0,1
"Zranb3",0.57388804698725,0.542432806871815,0.143,0,1
"Lrrn2",0.57388804698725,0.475598416989845,0.143,0,1
"Snrpe",0.57388804698725,0.506561461317608,0.143,0,1
"Atp2b4",0.57388804698725,0.56859615178833,0.143,0,1
"Rgl1",0.57388804698725,0.754893096242487,0.143,0,1
"Tor3a",0.57388804698725,0.464641375688933,0.143,0,1
"Gm37861",0.57388804698725,0.630914199999523,0.143,0,1
"Gm37731",0.57388804698725,0.513524962157724,0.143,0,1
"Cacybp",0.57388804698725,0.583965507999115,0.143,0,1
"9430087J23Rik",0.57388804698725,0.389669756495776,0.143,0,1
"Scyl3",0.57388804698725,0.543692975634017,0.143,0,1
"Gm32569",0.57388804698725,0.519515078887353,0.143,0,1
"Sft2d2",0.57388804698725,0.459196769033962,0.143,0,1
"Adcy10",0.57388804698725,0.516340024080792,0.143,0,1
"Ndufs2",0.57388804698725,0.494446818118293,0.143,0,1
"Ufc1",0.57388804698725,0.417287403427675,0.143,0,1
"Gm20045",0.57388804698725,0.428877351639203,0.143,0,1
"Copa",0.57388804698725,0.64489973006811,0.143,0,1
"Efcab2",0.57388804698725,0.579760030166519,0.143,0,1
"ENSMUSG00000120002",0.57388804698725,0.468280561419937,0.143,0,1
"Brox",0.57388804698725,0.613336050735532,0.143,0,1
"Taf1a",0.57388804698725,0.534675202176742,0.143,0,1
"Lpgat1",0.57388804698725,0.538264889767083,0.143,0,1
"Cr2",0.57388804698725,0.459196769033962,0.143,0,1
"Nmt2",0.57388804698725,0.903717696271067,0.143,0,1
"Dclre1c",0.57388804698725,0.592418854697233,0.143,0,1
"1700080N15Rik",0.57388804698725,0.511095844923852,0.143,0,1
"Gm37107",0.57388804698725,0.483096926789794,0.143,0,1
"C630004M23Rik",0.57388804698725,0.566258086176493,0.143,0,1
"Il15ra",0.57388804698725,0.453440621081813,0.143,0,1
"Ankrd16",0.57388804698725,0.464641375688933,0.143,0,1
"Vim",0.57388804698725,0.508998218811672,0.143,0,1
"Plxdc2",0.57388804698725,0.417287403427675,0.143,0,1
"Commd3",0.57388804698725,0.389669756495776,0.143,0,1
"Gad2",0.57388804698725,0.483096926789794,0.143,0,1
"Apbb1ip",0.57388804698725,0.419794721330064,0.143,0,1
"Yme1l1",0.57388804698725,0.508998218811672,0.143,0,1
"Nelfb",0.57388804698725,0.448722993037404,0.143,0,1
"Ssna1",0.57388804698725,0.843504822799184,0.143,0,1
"Abca2",0.57388804698725,0.63653138675149,0.143,0,1
"Snapc4",0.57388804698725,0.500993451661838,0.143,0,1
"Pmpca",0.57388804698725,0.486731028592934,0.143,0,1
"ENSMUSG00000120369",0.57388804698725,0.448454332696768,0.143,0,1
"Cacfd1",0.57388804698725,0.422382391863858,0.143,0,1
"Brd3",0.57388804698725,0.606835645074457,0.143,0,1
"Ddx31",0.57388804698725,0.453440621081813,0.143,0,1
"Ntng2",0.57388804698725,0.394863041283082,0.143,0,1
"Trub2",0.57388804698725,0.751302919356622,0.143,0,1
"Dync2i2",0.57388804698725,0.718793939597794,0.143,0,1
"Spout1",0.57388804698725,0.462939045095411,0.143,0,1
"Dolk",0.57388804698725,0.52501219729046,0.143,0,1
"Sh3glb2",0.57388804698725,0.649252211072951,0.143,0,1
"Tor1a",0.57388804698725,0.451620591516346,0.143,0,1
"Usp20",0.57388804698725,0.579036291419718,0.143,0,1
"Abl1",0.57388804698725,0.513524962157724,0.143,0,1
"Plpp7",0.57388804698725,0.422382391863858,0.143,0,1
"Pomt1",0.57388804698725,0.503439623887769,0.143,0,1
"Ptges2",0.57388804698725,0.592418854697233,0.143,0,1
"Hspa5",0.57388804698725,0.507981954576317,0.143,0,1
"Rabepk",0.57388804698725,0.468280561419937,0.143,0,1
"Fbxw2",0.57388804698725,0.532818132040119,0.143,0,1
"Gsn",0.57388804698725,0.566258086176493,0.143,0,1
"Ttll11",0.57388804698725,0.681756729218798,0.143,0,1
"Rbm18",0.57388804698725,0.475598416989845,0.143,0,1
"Psmb7",0.57388804698725,0.513524962157724,0.143,0,1
"Tnfaip6",0.57388804698725,0.802722956136735,0.143,0,1
"Klhl23",0.57388804698725,0.687855540355506,0.143,0,1
"Rapgef4",0.57388804698725,0.508998218811672,0.143,0,1
"Sp3os",0.57388804698725,0.626741713925272,0.143,0,1
"Cir1",0.57388804698725,0.482062245776952,0.143,0,1
"D230022J07Rik",0.57388804698725,0.543692975634017,0.143,0,1
"Prkra",0.57388804698725,0.597645578987333,0.143,0,1
"4933423P22Rik",0.57388804698725,0.597645578987333,0.143,0,1
"Madd",0.57388804698725,0.709802454377418,0.143,0,1
"Pacsin3",0.57388804698725,0.511566811985294,0.143,0,1
"Atg13",0.57388804698725,0.477437437157831,0.143,0,1
"Mdk",0.57388804698725,0.596689900060691,0.143,0,1
"Pex16",0.57388804698725,0.389669756495776,0.143,0,1
"Iftap",0.57388804698725,0.433931644579518,0.143,0,1
"Eif3m",0.57388804698725,0.626741713925272,0.143,0,1
"Dnajc24",0.57388804698725,0.640825134844499,0.143,0,1
"Kif18a",0.57388804698725,0.394863041283082,0.143,0,1
"Ccdc34",0.57388804698725,0.625805122175921,0.143,0,1
"Gpr176",0.57388804698725,0.419794721330064,0.143,0,1
"Dnajc17",0.57388804698725,0.511095844923852,0.143,0,1
"Ino80",0.57388804698725,0.64576038976329,0.143,0,1
"Rtf1",0.57388804698725,0.394863041283082,0.143,0,1
"Lrrc57",0.57388804698725,0.422382391863858,0.143,0,1
"Tmem62",0.57388804698725,0.462939045095411,0.143,0,1
"Trp53bp1",0.57388804698725,0.782588354270071,0.143,0,1
"Ppip5k1",0.57388804698725,0.722707259587974,0.143,0,1
"Mfap1b",0.57388804698725,0.489201482709317,0.143,0,1
"Slc24a5",0.57388804698725,0.730935608584548,0.143,0,1
"Dut",0.57388804698725,0.448454332696768,0.143,0,1
"Fbn1",0.57388804698725,0.529489048878881,0.143,0,1
"Snrnp200",0.57388804698725,0.720080217769347,0.143,0,1
"Stard7",0.57388804698725,0.511095844923852,0.143,0,1
"Gm56334",0.57388804698725,0.486731028592934,0.143,0,1
"Zc3h6",0.57388804698725,0.422382391863858,0.143,0,1
"ENSMUSG00000120148",0.57388804698725,0.505543478523182,0.143,0,1
"Idh3b",0.57388804698725,0.459693716018629,0.143,0,1
"Ebf4",0.57388804698725,0.524007155164866,0.143,0,1
"Gfra4",0.57388804698725,0.483096926789794,0.143,0,1
"Cdc25b",0.57388804698725,0.394863041283082,0.143,0,1
"Smox",0.57388804698725,0.505543478523182,0.143,0,1
"Slc23a2",0.57388804698725,0.566786778759612,0.143,0,1
"Trmt6",0.57388804698725,0.583965507999115,0.143,0,1
"Pak5",0.57388804698725,0.414690569936582,0.143,0,1
"Slx4ip",0.57388804698725,0.443720344399671,0.143,0,1
"Snx5",0.57388804698725,0.500993451661838,0.143,0,1
"Sec23b",0.57388804698725,0.482062245776952,0.143,0,1
"Nkx2-2",0.57388804698725,0.487705543689115,0.143,0,1
"Napb",0.57388804698725,0.453440621081813,0.143,0,1
"3300002I08Rik",0.57388804698725,0.802722956136735,0.143,0,1
"Zfp442",0.57388804698725,0.428877351639203,0.143,0,1
"Csnk2a1",0.57388804698725,0.806367605466841,0.143,0,1
"Zcchc3",0.57388804698725,0.433931644579518,0.143,0,1
"Pdrg1",0.57388804698725,0.601902944359379,0.143,0,1
"Dnmt3b",0.57388804698725,0.394863041283082,0.143,0,1
"Pxmp4",0.57388804698725,0.573944224861118,0.143,0,1
"Trpc4ap",0.57388804698725,0.448454332696768,0.143,0,1
"Scand1",0.57388804698725,0.417287403427675,0.143,0,1
"Ralgapb",0.57388804698725,0.503439623887769,0.143,0,1
"Plcg1",0.57388804698725,0.434346238869755,0.143,0,1
"Tox2",0.57388804698725,0.516340024080792,0.143,0,1
"Acot8",0.57388804698725,0.462939045095411,0.143,0,1
"Slc12a5",0.57388804698725,0.900680733327733,0.143,0,1
"Ddx27",0.57388804698725,0.491985337397164,0.143,0,1
"B4galt5",0.57388804698725,0.579036291419718,0.143,0,1
"Rtf2",0.57388804698725,0.583965507999115,0.143,0,1
"Rae1",0.57388804698725,0.459693716018629,0.143,0,1
"Prelid3b",0.57388804698725,0.453440621081813,0.143,0,1
"Gm14443",0.57388804698725,0.453440621081813,0.143,0,1
"Gm14296",0.57388804698725,0.598278044195215,0.143,0,1
"Ss18l1",0.57388804698725,0.595987628113349,0.143,0,1
"Adrm1",0.57388804698725,0.389669756495776,0.143,0,1
"Ythdf1",0.57388804698725,0.682778846537856,0.143,0,1
"Arfgap1",0.57388804698725,0.494446818118293,0.143,0,1
"Ppdpf",0.57388804698725,0.448722993037404,0.143,0,1
"Zfp512b",0.57388804698725,0.511095844923852,0.143,0,1
"Oprl1",0.57388804698725,0.534675202176742,0.143,0,1
"Polr3k",0.57388804698725,0.449084881496034,0.143,0,1
"Pex2",0.57388804698725,0.626741713925272,0.143,0,1
"Cldn11",0.57388804698725,0.519515078887353,0.143,0,1
"Usp13",0.57388804698725,0.503439623887769,0.143,0,1
"Ccdc39",0.57388804698725,0.518768716573156,0.143,0,1
"Dcun1d1",0.57388804698725,0.449084881496034,0.143,0,1
"Bbs7",0.57388804698725,0.459693716018629,0.143,0,1
"Gm43820",0.57388804698725,0.487705543689115,0.143,0,1
"Hspa4l",0.57388804698725,0.359135021074419,0.143,0,1
"Mfsd8",0.57388804698725,0.648802429531502,0.143,0,1
"D3Ertd751e",0.57388804698725,0.417287403427675,0.143,0,1
"Rab33b",0.57388804698725,0.448454332696768,0.143,0,1
"Lhfp",0.57388804698725,0.542432806871815,0.143,0,1
"Nhlrc3",0.57388804698725,0.547105145743174,0.143,0,1
"Lekr1",0.57388804698725,0.529489048878881,0.143,0,1
"Mfsd1",0.57388804698725,0.500993451661838,0.143,0,1
"Ift80",0.57388804698725,0.507981954576317,0.143,0,1
"4930509J09Rik",0.57388804698725,0.601902944359379,0.143,0,1
"Pdcd10",0.57388804698725,0.443720344399671,0.143,0,1
"Fstl5",0.57388804698725,0.625805122175921,0.143,0,1
"Tmem131l",0.57388804698725,0.738893763182303,0.143,0,1
"Trim2",0.57388804698725,0.475598416989845,0.143,0,1
"Gatb",0.57388804698725,0.797307149987741,0.143,0,1
"Rps3a1",0.57388804698725,0.648802429531502,0.143,0,1
"Fcrls",0.57388804698725,0.52501219729046,0.143,0,1
"Adam15",0.57388804698725,0.448454332696768,0.143,0,1
"Gm19710",0.57388804698725,0.748699540162823,0.143,0,1
"Tpm3",0.57388804698725,0.602615305118983,0.143,0,1
"Rps27",0.57388804698725,0.516348419806654,0.143,0,1
"Jtb",0.57388804698725,0.573944224861118,0.143,0,1
"Slc39a1",0.57388804698725,0.533817056891704,0.143,0,1
"Ints3",0.57388804698725,0.486731028592934,0.143,0,1
"S100a2",0.57388804698725,0.462939045095411,0.143,0,1
"S100a6",0.57388804698725,0.596689900060691,0.143,0,1
"Zfp687",0.57388804698725,0.507981954576317,0.143,0,1
"Scnm1",0.57388804698725,0.506561461317608,0.143,0,1
"Cdc42se1",0.57388804698725,0.494446818118293,0.143,0,1
"Ctss",0.57388804698725,0.439381441881747,0.143,0,1
"Prpf3",0.57388804698725,0.543421462709723,0.143,0,1
"Anp32e",0.57388804698725,0.516348419806654,0.143,0,1
"Plekho1",0.57388804698725,0.459693716018629,0.143,0,1
"6330549D23Rik",0.57388804698725,0.464641375688933,0.143,0,1
"Man1a2",0.57388804698725,0.852836254055333,0.143,0,1
"Ttf2",0.57388804698725,0.511566811985294,0.143,0,1
"Syt6",0.57388804698725,0.454230369808713,0.143,0,1
"Hipk1",0.57388804698725,0.508998218811672,0.143,0,1
"Rhoc",0.57388804698725,0.389669756495776,0.143,0,1
"Dram2",0.57388804698725,0.454230369808713,0.143,0,1
"Lrif1",0.57388804698725,0.76773673893801,0.143,0,1
"Csf1",0.57388804698725,0.494446818118293,0.143,0,1
"Sypl2",0.57388804698725,0.630914199999523,0.143,0,1
"Stxbp3",0.57388804698725,0.448454332696768,0.143,0,1
"Ntng1",0.57388804698725,0.459693716018629,0.143,0,1
"Rnpc3",0.57388804698725,0.513524962157724,0.143,0,1
"Col11a1",0.57388804698725,0.462939045095411,0.143,0,1
"Dph5",0.57388804698725,0.630914199999523,0.143,0,1
"Bcar3",0.57388804698725,0.518768716573156,0.143,0,1
"1810037I17Rik",0.57388804698725,0.459196769033962,0.143,0,1
"Gm42972",0.57388804698725,0.494446818118293,0.143,0,1
"Alpk1",0.57388804698725,0.775089340136562,0.143,0,1
"Ap1ar",0.57388804698725,0.543752124645854,0.143,0,1
"Cyp2u1",0.57388804698725,0.542432806871815,0.143,0,1
"Gm30648",0.57388804698725,0.566988262048817,0.143,0,1
"Selenof",0.57388804698725,0.821554846072006,0.143,0,1
"Spata1",0.57388804698725,0.702011456307673,0.143,0,1
"Nexn",0.57388804698725,0.533817056891704,0.143,0,1
"Acadm",0.57388804698725,0.359135021074419,0.143,0,1
"Gm42611",0.57388804698725,0.56859615178833,0.143,0,1
"Rpe65",0.57388804698725,0.514360260730147,0.143,0,1
"Bpnt2",0.57388804698725,0.573944224861118,0.143,0,1
"Car8",0.57388804698725,0.519515078887353,0.143,0,1
"Cfap418",0.57388804698725,0.439381441881747,0.143,0,1
"Rbm12b2",0.57388804698725,0.451620591516346,0.143,0,1
"Gm11837",0.57388804698725,0.389669756495776,0.143,0,1
"A530072M11Rik",0.57388804698725,0.500993451661838,0.143,0,1
"Gm11906",0.57388804698725,0.389669756495776,0.143,0,1
"Casp8ap2",0.57388804698725,0.542432806871815,0.143,0,1
"Dnaja1",0.57388804698725,0.448722993037404,0.143,0,1
"Smu1",0.57388804698725,0.359135021074419,0.143,0,1
"Bag1",0.57388804698725,0.493043813600198,0.143,0,1
"Ubap1",0.57388804698725,0.519515078887353,0.143,0,1
"Kif24",0.57388804698725,0.666250384141886,0.143,0,1
"Il11ra1",0.57388804698725,0.433931644579518,0.143,0,1
"Rpp25l",0.57388804698725,0.511566811985294,0.143,0,1
"Clta",0.57388804698725,0.454496026519382,0.143,0,1
"Tomm5",0.57388804698725,0.505543478523182,0.143,0,1
"Tstd2",0.57388804698725,0.500993451661838,0.143,0,1
"Ncbp1",0.57388804698725,0.493043813600198,0.143,0,1
"Anp32b",0.57388804698725,0.532818132040119,0.143,0,1
"Invs",0.57388804698725,0.579036291419718,0.143,0,1
"Rad23b",0.57388804698725,0.511566811985294,0.143,0,1
"Frrs1l",0.57388804698725,0.615286830078556,0.143,0,1
"Epb41l4b",0.57388804698725,0.52501219729046,0.143,0,1
"Txn1",0.57388804698725,0.394863041283082,0.143,0,1
"Tle1",0.57388804698725,0.511566811985294,0.143,0,1
"C630043F03Rik",0.57388804698725,0.448722993037404,0.143,0,1
"Ttc39b",0.57388804698725,0.44951339083021,0.143,0,1
"Adamtsl1",0.57388804698725,0.508998218811672,0.143,0,1
"Plaa",0.57388804698725,0.529489048878881,0.143,0,1
"Lrrc19",0.57388804698725,0.475598416989845,0.143,0,1
"Tm2d1",0.57388804698725,0.439381441881747,0.143,0,1
"Ror1",0.57388804698725,0.459196769033962,0.143,0,1
"Jak1",0.57388804698725,0.728636907113736,0.143,0,1
"Gm12709",0.57388804698725,0.553232075484276,0.143,0,1
"Hspb11",0.57388804698725,0.513524962157724,0.143,0,1
"Yipf1",0.57388804698725,0.494446818118293,0.143,0,1
"Zyg11b",0.57388804698725,0.359135021074419,0.143,0,1
"3110021N24Rik",0.57388804698725,0.532818132040119,0.143,0,1
"Rab3b",0.57388804698725,0.419794721330064,0.143,0,1
"Atpaf1",0.57388804698725,0.459693716018629,0.143,0,1
"Hyi",0.57388804698725,0.626741713925272,0.143,0,1
"Med8",0.57388804698725,0.534675202176742,0.143,0,1
"Trit1",0.57388804698725,0.533817056891704,0.143,0,1
"Mycbp",0.57388804698725,0.500993451661838,0.143,0,1
"Gm12905",0.57388804698725,0.532818132040119,0.143,0,1
"Rragc",0.57388804698725,0.482062245776952,0.143,0,1
"Gnl2",0.57388804698725,0.464641375688933,0.143,0,1
"Snip1",0.57388804698725,0.511095844923852,0.143,0,1
"Grik3",0.57388804698725,0.702011456307673,0.143,0,1
"Phc2",0.57388804698725,0.63653138675149,0.143,0,1
"Ak2",0.57388804698725,0.519515078887353,0.143,0,1
"Hdac1",0.57388804698725,0.61946130147038,0.143,0,1
"Adgrb2",0.57388804698725,0.529489048878881,0.143,0,1
"Col16a1",0.57388804698725,0.359135021074419,0.143,0,1
"Dnajc8",0.57388804698725,0.394863041283082,0.143,0,1
"Fam76a",0.57388804698725,0.434346238869755,0.143,0,1
"Zdhhc18",0.57388804698725,0.570610314386841,0.143,0,1
"Hmgn2",0.57388804698725,0.462939045095411,0.143,0,1
"Ubxn11",0.57388804698725,0.462939045095411,0.143,0,1
"Pdik1l",0.57388804698725,0.433931644579518,0.143,0,1
"Clic4",0.57388804698725,0.468280561419937,0.143,0,1
"Fuca1",0.57388804698725,0.548828409969612,0.143,0,1
"Rpl11",0.57388804698725,0.543752124645854,0.143,0,1
"C1qa",0.57388804698725,0.511566811985294,0.143,0,1
"2810405F17Rik",0.57388804698725,0.394863041283082,0.143,0,1
"Akr7a5",0.57388804698725,0.532818132040119,0.143,0,1
"Ubr4",0.57388804698725,0.434346238869755,0.143,0,1
"Aldh4a1",0.57388804698725,0.518768716573156,0.143,0,1
"Necap2",0.57388804698725,0.516348419806654,0.143,0,1
"Tmem51",0.57388804698725,0.454230369808713,0.143,0,1
"6330411D24Rik",0.57388804698725,0.532818132040119,0.143,0,1
"Pramel12",0.57388804698725,0.516348419806654,0.143,0,1
"Dhrs3",0.57388804698725,0.543692975634017,0.143,0,1
"Miip",0.57388804698725,0.547839828664002,0.143,0,1
"Fbxo2",0.57388804698725,0.505543478523182,0.143,0,1
"Pex14",0.57388804698725,0.464641375688933,0.143,0,1
"Dffa",0.57388804698725,0.547105145743174,0.143,0,1
"Ctnnbip1",0.57388804698725,0.417287403427675,0.143,0,1
"A430005L14Rik",0.57388804698725,0.459196769033962,0.143,0,1
"Faap20",0.57388804698725,0.547839828664002,0.143,0,1
"Prkcz",0.57388804698725,0.505435480183537,0.143,0,1
"1500002C15Rik",0.57388804698725,0.433931644579518,0.143,0,1
"Tmem240",0.57388804698725,0.518768716573156,0.143,0,1
"Atad3a",0.57388804698725,0.482062245776952,0.143,0,1
"Vwa1",0.57388804698725,0.608506335576849,0.143,0,1
"Cdk6",0.57388804698725,0.532818132040119,0.143,0,1
"Cyp51",0.57388804698725,0.493043813600198,0.143,0,1
"Abcb4",0.57388804698725,0.56859615178833,0.143,0,1
"Hgf",0.57388804698725,0.596689900060691,0.143,0,1
"Gsap",0.57388804698725,0.464641375688933,0.143,0,1
"Psmc2",0.57388804698725,0.487705543689115,0.143,0,1
"Gm21846",0.57388804698725,0.414690569936582,0.143,0,1
"Fam126a",0.57388804698725,0.513524962157724,0.143,0,1
"Fastk",0.57388804698725,0.606835645074457,0.143,0,1
"Abcf2",0.57388804698725,0.543421462709723,0.143,0,1
"1700096K18Rik",0.57388804698725,0.547105145743174,0.143,0,1
"Paxip1",0.57388804698725,0.516340024080792,0.143,0,1
"Mpv17",0.57388804698725,0.454230369808713,0.143,0,1
"Ppm1g",0.57388804698725,0.483096926789794,0.143,0,1
"Mrpl33",0.57388804698725,0.56859615178833,0.143,0,1
"Gm43809",0.57388804698725,0.389669756495776,0.143,0,1
"Yes1",0.57388804698725,0.507981954576317,0.143,0,1
"Lrpap1",0.57388804698725,0.606835645074457,0.143,0,1
"Nsg1",0.57388804698725,0.414690569936582,0.143,0,1
"Gm42520",0.57388804698725,0.494446818118293,0.143,0,1
"Adgra3",0.57388804698725,0.500993451661838,0.143,0,1
"Anapc4",0.57388804698725,0.532818132040119,0.143,0,1
"Wdr19",0.57388804698725,0.359135021074419,0.143,0,1
"Gm42726",0.57388804698725,0.516340024080792,0.143,0,1
"Bend4",0.57388804698725,0.524007155164866,0.143,0,1
"Guf1",0.57388804698725,0.505543478523182,0.143,0,1
"Slain2",0.57388804698725,0.493043813600198,0.143,0,1
"Gm42733",0.57388804698725,0.547839828664002,0.143,0,1
"Mob1b",0.57388804698725,0.487705543689115,0.143,0,1
"Shroom3",0.57388804698725,0.538264889767083,0.143,0,1
"Ccni",0.57388804698725,0.359135021074419,0.143,0,1
"Antxr2",0.57388804698725,0.596689900060691,0.143,0,1
"Enoph1",0.57388804698725,0.514360260730147,0.143,0,1
"Gm8152",0.57388804698725,0.529574363624228,0.143,0,1
"Btbd8",0.57388804698725,0.483096926789794,0.143,0,1
"Ccdc18",0.57388804698725,0.464641375688933,0.143,0,1
"Atp5k",0.57388804698725,0.439381441881747,0.143,0,1
"Gm15446",0.57388804698725,0.644683124792731,0.143,0,1
"Golga3",0.57388804698725,0.529574363624228,0.143,0,1
"Miat",0.57388804698725,0.506561461317608,0.143,0,1
"Ficd",0.57388804698725,0.518868391023069,0.143,0,1
"Ube3b",0.57388804698725,0.542700867879794,0.143,0,1
"Mlec",0.57388804698725,0.621619531324358,0.143,0,1
"Rnf10",0.57388804698725,0.613336050735532,0.143,0,1
"Cox6a1",0.57388804698725,0.718547679504054,0.143,0,1
"A430102K17Rik",0.57388804698725,0.464641375688933,0.143,0,1
"Pxn",0.57388804698725,0.508998218811672,0.143,0,1
"Cit",0.57388804698725,0.475598416989845,0.143,0,1
"Ksr2",0.57388804698725,0.489201482709317,0.143,0,1
"Rita1",0.57388804698725,0.414690569936582,0.143,0,1
"Rph3a",0.57388804698725,0.518868391023069,0.143,0,1
"Sh2b3",0.57388804698725,0.597645578987333,0.143,0,1
"Rad9b",0.57388804698725,0.507981954576317,0.143,0,1
"ENSMUSG00000120573",0.57388804698725,0.505543478523182,0.143,0,1
"Gm34086",0.57388804698725,0.500993451661838,0.143,0,1
"Bri3bp",0.57388804698725,0.625805122175921,0.143,0,1
"Slc15a4",0.57388804698725,0.422382391863858,0.143,0,1
"Cct6a",0.57388804698725,0.601902944359379,0.143,0,1
"Vkorc1l1",0.57388804698725,0.789865843042573,0.143,0,1
"Rabgef1",0.57388804698725,0.589327902355604,0.143,0,1
"A430110C17Rik",0.57388804698725,0.448454332696768,0.143,0,1
"Zfp113",0.57388804698725,0.489201482709317,0.143,0,1
"Cops6",0.57388804698725,0.434346238869755,0.143,0,1
"Pdgfa",0.57388804698725,0.449084881496034,0.143,0,1
"Gpr146",0.57388804698725,0.513524962157724,0.143,0,1
"Psmg3",0.57388804698725,0.583965507999115,0.143,0,1
"Iqce",0.57388804698725,0.475598416989845,0.143,0,1
"Cyth3",0.57388804698725,0.449084881496034,0.143,0,1
"Eif2ak1",0.57388804698725,0.630914199999523,0.143,0,1
"Zscan25",0.57388804698725,0.482062245776952,0.143,0,1
"Pomp",0.57388804698725,0.797307149987741,0.143,0,1
"5930430L01Rik",0.57388804698725,0.419794721330064,0.143,0,1
"B3glct",0.57388804698725,0.518868391023069,0.143,0,1
"Pdk4",0.57388804698725,0.414690569936582,0.143,0,1
"Sdhaf3",0.57388804698725,0.451620591516346,0.143,0,1
"Gm15594",0.57388804698725,0.359135021074419,0.143,0,1
"Gm42583",0.57388804698725,0.454230369808713,0.143,0,1
"Fam3c",0.57388804698725,0.511566811985294,0.143,0,1
"Aass",0.57388804698725,0.592418854697233,0.143,0,1
"Cadps2",0.57388804698725,0.573944224861118,0.143,0,1
"6530409C15Rik",0.57388804698725,0.459693716018629,0.143,0,1
"Calu",0.57388804698725,0.503439623887769,0.143,0,1
"Gm13856",0.57388804698725,0.422382391863858,0.143,0,1
"Akr1b10",0.57388804698725,0.433931644579518,0.143,0,1
"1700111E14Rik",0.57388804698725,0.886177142943401,0.143,0,1
"Trim24",0.57388804698725,0.419794721330064,0.143,0,1
"Ttc26",0.57388804698725,0.389669756495776,0.143,0,1
"Agk",0.57388804698725,0.635748863725813,0.143,0,1
"Ssbp1",0.57388804698725,0.417287403427675,0.143,0,1
"Gstk1",0.57388804698725,0.359135021074419,0.143,0,1
"Zfp467",0.57388804698725,0.644683124792731,0.143,0,1
"Igf2bp3",0.57388804698725,0.722181997466219,0.143,0,1
"Gm43980",0.57388804698725,0.714621433164643,0.143,0,1
"5430402O13Rik",0.57388804698725,0.483096926789794,0.143,0,1
"Chn2",0.57388804698725,0.417287403427675,0.143,0,1
"Plekha8",0.57388804698725,0.359135021074419,0.143,0,1
"Smarcad1",0.57388804698725,0.529489048878881,0.143,0,1
"Hpgds",0.57388804698725,0.548828409969612,0.143,0,1
"Rnf103",0.57388804698725,0.44951339083021,0.143,0,1
"Kdm3a",0.57388804698725,0.743924047041322,0.143,0,1
"Immt",0.57388804698725,0.608506335576849,0.143,0,1
"Polr1a",0.57388804698725,0.505435480183537,0.143,0,1
"6330415B21Rik",0.57388804698725,0.394863041283082,0.143,0,1
"Gm44235",0.57388804698725,0.630914199999523,0.143,0,1
"Htra2",0.57388804698725,0.626741713925272,0.143,0,1
"Paip2b",0.57388804698725,0.459196769033962,0.143,0,1
"C87436",0.57388804698725,0.516340024080792,0.143,0,1
"1600020E01Rik",0.57388804698725,0.459693716018629,0.143,0,1
"Nfu1",0.57388804698725,0.570610314386841,0.143,0,1
"Gm26588",0.57388804698725,0.516340024080792,0.143,0,1
"Gm15756",0.57388804698725,0.533817056891704,0.143,0,1
"Slc6a6",0.57388804698725,0.56859615178833,0.143,0,1
"Ccdc174",0.57388804698725,0.606835645074457,0.143,0,1
"Mrps25",0.57388804698725,0.486731028592934,0.143,0,1
"A730049H05Rik",0.57388804698725,0.489201482709317,0.143,0,1
"9530026P05Rik",0.57388804698725,0.500993451661838,0.143,0,1
"Gm44065",0.57388804698725,0.454230369808713,0.143,0,1
"Gm44441",0.57388804698725,0.608506335576849,0.143,0,1
"Camk1",0.57388804698725,0.722030268611142,0.143,0,1
"Brk1",0.57388804698725,0.597645578987333,0.143,0,1
"Vhl",0.57388804698725,0.542700867879794,0.143,0,1
"Sec13",0.57388804698725,0.44951339083021,0.143,0,1
"Atg7",0.57388804698725,0.821554846072006,0.143,0,1
"Zfp239",0.57388804698725,0.583965507999115,0.143,0,1
"ENSMUSG00000120675",0.57388804698725,0.459196769033962,0.143,0,1
"Zfp248",0.57388804698725,0.453440621081813,0.143,0,1
"Il17ra",0.57388804698725,0.453440621081813,0.143,0,1
"Mical3",0.57388804698725,0.543752124645854,0.143,0,1
"Phc1",0.57388804698725,0.678176461430219,0.143,0,1
"P3h3",0.57388804698725,0.468280561419937,0.143,0,1
"Gpr162",0.57388804698725,0.543692975634017,0.143,0,1
"Mrpl51",0.57388804698725,0.422382391863858,0.143,0,1
"Cd27",0.57388804698725,0.625805122175921,0.143,0,1
"Ddx47",0.57388804698725,0.566258086176493,0.143,0,1
"Fam234b",0.57388804698725,0.359135021074419,0.143,0,1
"Grin2b",0.57388804698725,0.359135021074419,0.143,0,1
"Recql",0.57388804698725,0.569325145577449,0.143,0,1
"Golt1b",0.57388804698725,0.516348419806654,0.143,0,1
"Med21",0.57388804698725,0.483096926789794,0.143,0,1
"Ccdc91",0.57388804698725,0.518768716573156,0.143,0,1
"Rps4l",0.57388804698725,0.491985337397164,0.143,0,1
"Caprin2",0.57388804698725,0.493043813600198,0.143,0,1
"Resf1",0.57388804698725,0.543752124645854,0.143,0,1
"Ndufa3",0.57388804698725,0.482062245776952,0.143,0,1
"Tmem86b",0.57388804698725,0.414690569936582,0.143,0,1
"Ube2s",0.57388804698725,0.518768716573156,0.143,0,1
"Fiz1",0.57388804698725,0.595987628113349,0.143,0,1
"Ccdc106",0.57388804698725,0.847897919135192,0.143,0,1
"U2af2",0.57388804698725,0.756605492157059,0.143,0,1
"Dhx34",0.57388804698725,0.516348419806654,0.143,0,1
"Dact3",0.57388804698725,0.514360260730147,0.143,0,1
"Dmwd",0.57388804698725,0.464641375688933,0.143,0,1
"Mark4",0.57388804698725,0.434346238869755,0.143,0,1
"Ppp1r37",0.57388804698725,0.699535706679829,0.143,0,1
"Zfp61",0.57388804698725,0.44951339083021,0.143,0,1
"Smg9",0.57388804698725,0.583965507999115,0.143,0,1
"Erf",0.57388804698725,0.548828409969612,0.143,0,1
"Dmac2",0.57388804698725,0.593135912682844,0.143,0,1
"Axl",0.57388804698725,0.448454332696768,0.143,0,1
"Sertad3",0.57388804698725,0.553232075484276,0.143,0,1
"Ttc9b",0.57388804698725,0.736006662617155,0.143,0,1
"Zfp974",0.57388804698725,0.482062245776952,0.143,0,1
"Rps16",0.57388804698725,0.500993451661838,0.143,0,1
"Mrps12",0.57388804698725,0.51987701815805,0.143,0,1
"Sars2",0.57388804698725,0.454230369808713,0.143,0,1
"Ech1",0.57388804698725,0.389669756495776,0.143,0,1
"Spred3",0.57388804698725,0.631778828820209,0.143,0,1
"Dpf1",0.57388804698725,0.635748863725813,0.143,0,1
"Scn1b",0.57388804698725,0.486731028592934,0.143,0,1
"Gm44567",0.57388804698725,0.598278044195215,0.143,0,1
"Rhpn2",0.57388804698725,0.433931644579518,0.143,0,1
"Zfp141",0.57388804698725,0.468280561419937,0.143,0,1
"Zfp976",0.57388804698725,0.434346238869755,0.143,0,1
"Shank1",0.57388804698725,0.477437437157831,0.143,0,1
"Myh14",0.57388804698725,0.544493777581417,0.143,0,1
"Tbc1d17",0.57388804698725,0.720428226347377,0.143,0,1
"Med25",0.57388804698725,0.417287403427675,0.143,0,1
"6530437J22Rik",0.57388804698725,0.543421462709723,0.143,0,1
"Prrg2",0.57388804698725,0.459693716018629,0.143,0,1
"Rps11",0.57388804698725,0.553232075484276,0.143,0,1
"Rpl14-ps1",0.57388804698725,0.508998218811672,0.143,0,1
"Nucb1",0.57388804698725,0.453440621081813,0.143,0,1
"Dbp",0.57388804698725,0.419794721330064,0.143,0,1
"Odad1",0.57388804698725,0.534675202176742,0.143,0,1
"Gtf2h1",0.57388804698725,0.482062245776952,0.143,0,1
"Snrpn",0.57388804698725,0.533817056891704,0.143,0,1
"Chrna7",0.57388804698725,0.448454332696768,0.143,0,1
"Mcee",0.57388804698725,0.491985337397164,0.143,0,1
"Snrpa1",0.57388804698725,0.553232075484276,0.143,0,1
"Asb7",0.57388804698725,0.543692975634017,0.143,0,1
"Ttc23",0.57388804698725,0.493043813600198,0.143,0,1
"Gm44686",0.57388804698725,0.524007155164866,0.143,0,1
"Fam174b",0.57388804698725,0.487705543689115,0.143,0,1
"Sv2b",0.57388804698725,0.475598416989845,0.143,0,1
"Gm44639",0.57388804698725,0.56859615178833,0.143,0,1
"Gm37608",0.57388804698725,0.538264889767083,0.143,0,1
"Kif7",0.57388804698725,0.394863041283082,0.143,0,1
"Pex11a",0.57388804698725,0.486731028592934,0.143,0,1
"Gm45206",0.57388804698725,0.459196769033962,0.143,0,1
"Wdr73",0.57388804698725,0.417287403427675,0.143,0,1
"Gm44899",0.57388804698725,0.738997504434731,0.143,0,1
"Rps17",0.57388804698725,0.518868391023069,0.143,0,1
"Gm2115",0.57388804698725,0.475598416989845,0.143,0,1
"Folh1",0.57388804698725,0.543752124645854,0.143,0,1
"Hikeshi",0.57388804698725,0.422382391863858,0.143,0,1
"Gm44680",0.57388804698725,0.505543478523182,0.143,0,1
"Gm26862",0.57388804698725,0.451620591516346,0.143,0,1
"Rsf1os2",0.57388804698725,0.451620591516346,0.143,0,1
"Map6",0.57388804698725,0.583965507999115,0.143,0,1
"Clpb",0.57388804698725,0.494446818118293,0.143,0,1
"Fhip1b",0.57388804698725,0.493043813600198,0.143,0,1
"Taf10",0.57388804698725,0.51987701815805,0.143,0,1
"Tpp1",0.57388804698725,0.454496026519382,0.143,0,1
"Tmem9b",0.57388804698725,0.483096926789794,0.143,0,1
"Plekha7",0.57388804698725,0.459196769033962,0.143,0,1
"Rps13",0.57388804698725,0.417287403427675,0.143,0,1
"Coq7",0.57388804698725,0.615286830078556,0.143,0,1
"Ccp110",0.57388804698725,0.635748863725813,0.143,0,1
"Eef2k",0.57388804698725,0.464641375688933,0.143,0,1
"Gtf3c1",0.57388804698725,0.52501219729046,0.143,0,1
"Xpo6",0.57388804698725,0.494446818118293,0.143,0,1
"Cln3",0.57388804698725,0.529574363624228,0.143,0,1
"Slx1b",0.57388804698725,0.601902944359379,0.143,0,1
"Bola2",0.57388804698725,0.789865843042573,0.143,0,1
"Tlcd3b",0.57388804698725,0.487705543689115,0.143,0,1
"Tmem219",0.57388804698725,0.743733424434215,0.143,0,1
"Gm21984",0.57388804698725,0.538266711139604,0.143,0,1
"Cd2bp2",0.57388804698725,0.433931644579518,0.143,0,1
"Gm39090",0.57388804698725,0.538266711139604,0.143,0,1
"Stx4a",0.57388804698725,0.477437437157831,0.143,0,1
"Tacc2",0.57388804698725,0.459693716018629,0.143,0,1
"Pstk",0.57388804698725,0.69127220995032,0.143,0,1
"Stk32c",0.57388804698725,0.505435480183537,0.143,0,1
"Fuom",0.57388804698725,0.389669756495776,0.143,0,1
"Deaf1",0.57388804698725,0.534675202176742,0.143,0,1
"Tmem80",0.57388804698725,0.464641375688933,0.143,0,1
"Pnpla2",0.57388804698725,0.448454332696768,0.143,0,1
"Mob2",0.57388804698725,0.482062245776952,0.143,0,1
"Ctsd",0.57388804698725,0.542700867879794,0.143,0,1
"Tspan32",0.57388804698725,0.419794721330064,0.143,0,1
"Nap1l4",0.57388804698725,0.681756729218798,0.143,0,1
"Shank2",0.57388804698725,0.508998218811672,0.143,0,1
"Bc1",0.57388804698725,0.389669756495776,0.143,0,1
"Ccnd1",0.57388804698725,0.503439623887769,0.143,0,1
"Ctxn1",0.57388804698725,0.63653138675149,0.143,0,1
"Gm44799",0.57388804698725,0.428877351639203,0.143,0,1
"2900027M19Rik",0.57388804698725,0.610756172057006,0.143,0,1
"Cars2",0.57388804698725,0.448722993037404,0.143,0,1
"Sox1",0.57388804698725,0.529574363624228,0.143,0,1
"Cfap97d2",0.57388804698725,0.513524962157724,0.143,0,1
"Upf3a",0.57388804698725,0.547839828664002,0.143,0,1
"Nek3",0.57388804698725,0.598360044493429,0.143,0,1
"Slc25a15",0.57388804698725,0.394863041283082,0.143,0,1
"Zmat4",0.57388804698725,0.483096926789794,0.143,0,1
"Adam32",0.57388804698725,0.453440621081813,0.143,0,1
"Gsr",0.57388804698725,0.621619531324358,0.143,0,1
"Mfhas1",0.57388804698725,0.601902944359379,0.143,0,1
"Sorbs2os",0.57388804698725,0.666250384141886,0.143,0,1
"Ufsp2",0.57388804698725,0.534675202176742,0.143,0,1
"Cfap97",0.57388804698725,0.505435480183537,0.143,0,1
"C130073E24Rik",0.57388804698725,0.712578518429149,0.143,0,1
"Aga",0.57388804698725,0.511566811985294,0.143,0,1
"Fbxo8",0.57388804698725,0.716942485946966,0.143,0,1
"Klhl2",0.57388804698725,0.464641375688933,0.143,0,1
"Gm45345",0.57388804698725,0.51987701815805,0.143,0,1
"Gm15991",0.57388804698725,0.487705543689115,0.143,0,1
"Atp6v1b2",0.57388804698725,0.508998218811672,0.143,0,1
"Sugp1",0.57388804698725,0.443720344399671,0.143,0,1
"Homer3",0.57388804698725,0.538264889767083,0.143,0,1
"Cope",0.57388804698725,0.394863041283082,0.143,0,1
"Klhl26",0.57388804698725,0.475598416989845,0.143,0,1
"Mrpl34",0.57388804698725,0.477437437157831,0.143,0,1
"Pgls",0.57388804698725,0.506561461317608,0.143,0,1
"Colgalt1",0.57388804698725,0.422382391863858,0.143,0,1
"Zfp882",0.57388804698725,0.428877351639203,0.143,0,1
"Ap1m1",0.57388804698725,0.538264889767083,0.143,0,1
"1700030K09Rik",0.57388804698725,0.738997504434731,0.143,0,1
"Lsm6",0.57388804698725,0.511566811985294,0.143,0,1
"Mmaa",0.57388804698725,0.434346238869755,0.143,0,1
"Anapc10",0.57388804698725,0.505543478523182,0.143,0,1
"Gadd45gip1",0.57388804698725,0.579036291419718,0.143,0,1
"Farsa",0.57388804698725,0.524007155164866,0.143,0,1
"Trir",0.57388804698725,0.524369808371331,0.143,0,1
"Orc6",0.57388804698725,0.451620591516346,0.143,0,1
"Gm39214",0.57388804698725,0.448722993037404,0.143,0,1
"N4bp1",0.57388804698725,0.524369808371331,0.143,0,1
"Zfp423",0.57388804698725,0.524007155164866,0.143,0,1
"Heatr3",0.57388804698725,0.592418854697233,0.143,0,1
"Tent4b",0.57388804698725,0.486731028592934,0.143,0,1
"Gm17910",0.57388804698725,0.449084881496034,0.143,0,1
"Polr2c",0.57388804698725,0.538266711139604,0.143,0,1
"Ndrg4",0.57388804698725,0.547839828664002,0.143,0,1
"Tk2",0.57388804698725,0.451620591516346,0.143,0,1
"Tppp3",0.57388804698725,0.434346238869755,0.143,0,1
"Ctcf",0.57388804698725,0.529574363624228,0.143,0,1
"Pard6a",0.57388804698725,0.462939045095411,0.143,0,1
"Edc4",0.57388804698725,0.477437437157831,0.143,0,1
"Dus2",0.57388804698725,0.453440621081813,0.143,0,1
"Smpd3",0.57388804698725,0.505543478523182,0.143,0,1
"Zfp612",0.57388804698725,0.511095844923852,0.143,0,1
"Vac14",0.57388804698725,0.592418854697233,0.143,0,1
"Gabarapl2",0.57388804698725,0.538266711139604,0.143,0,1
"Atmin",0.57388804698725,0.453440621081813,0.143,0,1
"Gm42047",0.57388804698725,0.736920097615626,0.143,0,1
"Aprt",0.57388804698725,0.583965507999115,0.143,0,1
"Trappc2l",0.57388804698725,0.516340024080792,0.143,0,1
"Tubb3",0.57388804698725,0.608506335576849,0.143,0,1
"Egln1",0.57388804698725,0.61972943490121,0.143,0,1
"Slc35f3",0.57388804698725,0.695557305591019,0.143,0,1
"Tomm20",0.57388804698725,0.743924047041322,0.143,0,1
"Dcun1d5",0.57388804698725,0.443720344399671,0.143,0,1
"Cfap300",0.57388804698725,0.417287403427675,0.143,0,1
"Gm16833",0.57388804698725,0.505435480183537,0.143,0,1
"Cntn5",0.57388804698725,0.482062245776952,0.143,0,1
"Ccdc82",0.57388804698725,0.601902944359379,0.143,0,1
"5330432J10Rik",0.57388804698725,0.491985337397164,0.143,0,1
"Cwc15",0.57388804698725,0.483096926789794,0.143,0,1
"Amotl1",0.57388804698725,0.506561461317608,0.143,0,1
"Cep295",0.57388804698725,0.468280561419937,0.143,0,1
"Zfp560",0.57388804698725,0.548828409969612,0.143,0,1
"1700084C06Rik",0.57388804698725,0.734269626868165,0.143,0,1
"Keap1",0.57388804698725,0.503439623887769,0.143,0,1
"Slc44a2",0.57388804698725,0.606835645074457,0.143,0,1
"Tmem205",0.57388804698725,0.487705543689115,0.143,0,1
"Elavl3",0.57388804698725,0.44951339083021,0.143,0,1
"Elof1",0.57388804698725,0.736920097615626,0.143,0,1
"Anln",0.57388804698725,0.483096926789794,0.143,0,1
"Bmper",0.57388804698725,0.887731583453371,0.143,0,1
"B3gat1",0.57388804698725,0.82351396933931,0.143,0,1
"Jam3",0.57388804698725,0.579760030166519,0.143,0,1
"Scn3b",0.57388804698725,0.547839828664002,0.143,0,1
"Vps11",0.57388804698725,0.389669756495776,0.143,0,1
"Fxyd6",0.57388804698725,0.518868391023069,0.143,0,1
"Pcsk7",0.57388804698725,0.61946130147038,0.143,0,1
"Ttc12",0.57388804698725,0.44951339083021,0.143,0,1
"Nkapd1",0.57388804698725,0.439381441881747,0.143,0,1
"Ppp2r1b",0.57388804698725,0.606835645074457,0.143,0,1
"AI593442",0.57388804698725,0.505543478523182,0.143,0,1
"Elmod1",0.57388804698725,0.394863041283082,0.143,0,1
"Wdr61",0.57388804698725,0.434346238869755,0.143,0,1
"Ireb2",0.57388804698725,0.518868391023069,0.143,0,1
"Gm10658",0.57388804698725,0.459196769033962,0.143,0,1
"Sin3a",0.57388804698725,0.65858945152172,0.143,0,1
"Scamp2",0.57388804698725,0.505543478523182,0.143,0,1
"Clk3",0.57388804698725,0.503439623887769,0.143,0,1
"Adpgk",0.57388804698725,0.433931644579518,0.143,0,1
"Uchl4",0.57388804698725,0.448454332696768,0.143,0,1
"Gm47350",0.57388804698725,0.454496026519382,0.143,0,1
"Ciao2a",0.57388804698725,0.56859615178833,0.143,0,1
"Prtg",0.57388804698725,0.529489048878881,0.143,0,1
"Arpp19",0.57388804698725,0.534675202176742,0.143,0,1
"Gnb5",0.57388804698725,0.613336050735532,0.143,0,1
"C920006O11Rik",0.57388804698725,0.548828409969612,0.143,0,1
"Ddx43",0.57388804698725,0.459196769033962,0.143,0,1
"Slc17a5",0.57388804698725,0.595987628113349,0.143,0,1
"ENSMUSG00000120772",0.57388804698725,0.468280561419937,0.143,0,1
"Ibtk",0.57388804698725,0.543752124645854,0.143,0,1
"Ube2cbp",0.57388804698725,0.417287403427675,0.143,0,1
"Cyb5r4",0.57388804698725,0.79453917875939,0.143,0,1
"Cep162",0.57388804698725,0.422382391863858,0.143,0,1
"Snx14",0.57388804698725,0.449084881496034,0.143,0,1
"Zfp949",0.57388804698725,0.422382391863858,0.143,0,1
"Trim43a",0.57388804698725,0.52501219729046,0.143,0,1
"Gm16185",0.57388804698725,0.483096926789794,0.143,0,1
"Mrps22",0.57388804698725,0.606835645074457,0.143,0,1
"Slc35g2",0.57388804698725,0.583965507999115,0.143,0,1
"Uba5",0.57388804698725,0.394863041283082,0.143,0,1
"D030055H07Rik",0.57388804698725,0.439381441881747,0.143,0,1
"Dcaf1",0.57388804698725,0.588366695827496,0.143,0,1
"Rassf1",0.57388804698725,0.394863041283082,0.143,0,1
"Ip6k1",0.57388804698725,0.524007155164866,0.143,0,1
"Nicn1",0.57388804698725,0.682778846537856,0.143,0,1
"P4htm",0.57388804698725,0.533817056891704,0.143,0,1
"Prkar2a",0.57388804698725,0.503439623887769,0.143,0,1
"Plxnb1",0.57388804698725,0.626741713925272,0.143,0,1
"Cdc25a",0.57388804698725,0.579036291419718,0.143,0,1
"Als2cl",0.57388804698725,0.462939045095411,0.143,0,1
"Cmc1",0.57388804698725,0.69265751725226,0.143,0,1
"Zfp660",0.57388804698725,0.359135021074419,0.143,0,1
"1110059G10Rik",0.57388804698725,0.451620591516346,0.143,0,1
"Gm49323",0.57388804698725,0.529489048878881,0.143,0,1
"Lars2",0.57388804698725,0.506561461317608,0.143,0,1
"Sacm1l",0.57388804698725,0.602615305118983,0.143,0,1
"Ccr9",0.57388804698725,0.593609847429683,0.143,0,1
"Akap12",0.57388804698725,0.529489048878881,0.143,0,1
"Katna1",0.57388804698725,0.477437437157831,0.143,0,1
"Ppil4",0.57388804698725,0.516340024080792,0.143,0,1
"Gm48749",0.57388804698725,0.613336050735532,0.143,0,1
"Fuca2",0.57388804698725,0.750442250476341,0.143,0,1
"Aig1",0.57388804698725,0.685703114963483,0.143,0,1
"Heca",0.57388804698725,0.448454332696768,0.143,0,1
"Stx7",0.57388804698725,0.443720344399671,0.143,0,1
"Med23",0.57388804698725,0.500993451661838,0.143,0,1
"Tmem200a",0.57388804698725,0.453440621081813,0.143,0,1
"L3mbtl3",0.57388804698725,0.767078582052514,0.143,0,1
"Rspo3",0.57388804698725,0.598278044195215,0.143,0,1
"Trmt11",0.57388804698725,0.422382391863858,0.143,0,1
"Rwdd1",0.57388804698725,0.507981954576317,0.143,0,1
"Gm47512",0.57388804698725,0.511095844923852,0.143,0,1
"Ostm1",0.57388804698725,0.518768716573156,0.143,0,1
"Atg5",0.57388804698725,0.489201482709317,0.143,0,1
"Ranbp2",0.57388804698725,0.529489048878881,0.143,0,1
"Ccdc138",0.57388804698725,0.727484993610002,0.143,0,1
"Eif4ebp2",0.57388804698725,0.389669756495776,0.143,0,1
"Slc25a16",0.57388804698725,0.451620591516346,0.143,0,1
"Arid5b",0.57388804698725,0.475598416989845,0.143,0,1
"Pcnt",0.57388804698725,0.547839828664002,0.143,0,1
"Adarb1",0.57388804698725,0.475598416989845,0.143,0,1
"Sumo3",0.57388804698725,0.454496026519382,0.143,0,1
"Cfap410",0.57388804698725,0.453440621081813,0.143,0,1
"Gatd3a",0.57388804698725,0.630914199999523,0.143,0,1
"Agpat3",0.57388804698725,0.524369808371331,0.143,0,1
"Fgf22",0.57388804698725,0.597645578987333,0.143,0,1
"Cbarp",0.57388804698725,0.489201482709317,0.143,0,1
"Pwwp3a",0.57388804698725,0.535116906238065,0.143,0,1
"Ap3d1",0.57388804698725,0.477437437157831,0.143,0,1
"Timm13",0.57388804698725,0.454496026519382,0.143,0,1
"Dapk3",0.57388804698725,0.464641375688933,0.143,0,1
"Tmem263",0.57388804698725,0.543752124645854,0.143,0,1
"Mterf2",0.57388804698725,0.579036291419718,0.143,0,1
"Cry1",0.57388804698725,0.542700867879794,0.143,0,1
"Arl1",0.57388804698725,0.503439623887769,0.143,0,1
"Scyl2",0.57388804698725,0.506561461317608,0.143,0,1
"Apaf1",0.57388804698725,0.538264889767083,0.143,0,1
"Tmpo",0.57388804698725,0.508998218811672,0.143,0,1
"Ntn4",0.57388804698725,0.686374470485133,0.143,0,1
"Nr2c1",0.57388804698725,0.649724214617517,0.143,0,1
"Ndufa12",0.57388804698725,0.548828409969612,0.143,0,1
"Cep83",0.57388804698725,0.566258086176493,0.143,0,1
"Cep290",0.57388804698725,0.52501219729046,0.143,0,1
"Ptprq",0.57388804698725,0.529489048878881,0.143,0,1
"Zdhhc17",0.57388804698725,0.448454332696768,0.143,0,1
"Osbpl8",0.57388804698725,0.543421462709723,0.143,0,1
"Yeats4",0.57388804698725,0.635748863725813,0.143,0,1
"Gns",0.57388804698725,0.516340024080792,0.143,0,1
"Usp15",0.57388804698725,0.621619531324358,0.143,0,1
"Lrig3",0.57388804698725,0.543421462709723,0.143,0,1
"Tsfm",0.57388804698725,0.529574363624228,0.143,0,1
"Ddit3",0.57388804698725,0.606835645074457,0.143,0,1
"Nemp1",0.57388804698725,0.573944224861118,0.143,0,1
"Zbtb39",0.57388804698725,0.486731028592934,0.143,0,1
"Atp5b",0.57388804698725,0.592418854697233,0.143,0,1
"Pan2",0.57388804698725,0.516340024080792,0.143,0,1
"Tmem198b",0.57388804698725,0.598278044195215,0.143,0,1
"Sfi1",0.57388804698725,0.428877351639203,0.143,0,1
"Limk2",0.57388804698725,0.483096926789794,0.143,0,1
"Morc2a",0.57388804698725,0.800848004399858,0.143,0,1
"Slc35e4",0.57388804698725,0.903967131768832,0.143,0,1
"Gal3st1",0.57388804698725,0.547105145743174,0.143,0,1
"Xbp1",0.57388804698725,0.534675202176742,0.143,0,1
"Ccdc117",0.57388804698725,0.434346238869755,0.143,0,1
"Camk2b",0.57388804698725,0.486731028592934,0.143,0,1
"Cct4",0.57388804698725,0.516340024080792,0.143,0,1
"Fam161a",0.57388804698725,0.428877351639203,0.143,0,1
"Fancl",0.57388804698725,0.487705543689115,0.143,0,1
"Efemp1",0.57388804698725,0.462939045095411,0.143,0,1
"Chac2",0.57388804698725,0.726495072247994,0.143,0,1
"Hba-a1",0.57388804698725,0.459196769033962,0.143,0,1
"Fbxw11",0.57388804698725,0.997279604598852,0.143,0,1
"Dock2",0.57388804698725,0.606835645074457,0.143,0,1
"Gabra1",0.57388804698725,0.579036291419718,0.143,0,1
"Gabrb2",0.57388804698725,0.696984418559606,0.143,0,1
"Ttc1",0.57388804698725,0.533817056891704,0.143,0,1
"Mgat1",0.57388804698725,0.507981954576317,0.143,0,1
"Zfp2",0.57388804698725,0.44951339083021,0.143,0,1
"Slc22a5",0.57388804698725,0.448454332696768,0.143,0,1
"Nmur2",0.57388804698725,0.543692975634017,0.143,0,1
"Gria1",0.57388804698725,0.428877351639203,0.143,0,1
"Sap30l",0.57388804698725,0.486731028592934,0.143,0,1
"Gm12258",0.57388804698725,0.44951339083021,0.143,0,1
"2810021J22Rik",0.57388804698725,0.516348419806654,0.143,0,1
"2310033P09Rik",0.57388804698725,0.542700867879794,0.143,0,1
"Arf1",0.57388804698725,0.505543478523182,0.143,0,1
"4933439C10Rik",0.57388804698725,0.847897919135192,0.143,0,1
"Mprip",0.57388804698725,0.592418854697233,0.143,0,1
"Srebf1",0.57388804698725,0.414690569936582,0.143,0,1
"Adora2b",0.57388804698725,0.626741713925272,0.143,0,1
"2410006H16Rik",0.57388804698725,0.596689900060691,0.143,0,1
"Mmgt2",0.57388804698725,0.529574363624228,0.143,0,1
"Zfp286",0.57388804698725,0.417287403427675,0.143,0,1
"Gm12296",0.57388804698725,0.494446818118293,0.143,0,1
"Shisa6",0.57388804698725,0.729828855914298,0.143,0,1
"Pfas",0.57388804698725,0.543421462709723,0.143,0,1
"Dnah2",0.57388804698725,0.615212728862409,0.143,0,1
"Fgf11",0.57388804698725,0.635748863725813,0.143,0,1
"Ctdnep1",0.57388804698725,0.597645578987333,0.143,0,1
"Kif1c",0.57388804698725,0.433931644579518,0.143,0,1
"Ctns",0.57388804698725,0.454230369808713,0.143,0,1
"Sgsm2",0.57388804698725,0.394863041283082,0.143,0,1
"Smyd4",0.57388804698725,0.505543478523182,0.143,0,1
"Slc43a2",0.57388804698725,0.538264889767083,0.143,0,1
"Myo1c",0.57388804698725,0.601902944359379,0.143,0,1
"Vps53",0.57388804698725,0.645262484730288,0.143,0,1
"Gosr1",0.57388804698725,0.516340024080792,0.143,0,1
"Myo18a",0.57388804698725,0.682430740827235,0.143,0,1
"Flot2",0.57388804698725,0.625805122175921,0.143,0,1
"Traf4",0.57388804698725,0.451620591516346,0.143,0,1
"Proca1",0.57388804698725,0.532818132040119,0.143,0,1
"Omg",0.57388804698725,0.449084881496034,0.143,0,1
"Rab11fip4",0.57388804698725,0.506561461317608,0.143,0,1
"Ddx52",0.57388804698725,0.548828409969612,0.143,0,1
"Myo19",0.57388804698725,0.505543478523182,0.143,0,1
"Ints2",0.57388804698725,0.730935608584548,0.143,0,1
"Cltc",0.57388804698725,0.414690569936582,0.143,0,1
"Ypel2",0.57388804698725,0.477437437157831,0.143,0,1
"Supt4a",0.57388804698725,0.428877351639203,0.143,0,1
"Dynll2",0.57388804698725,0.851478136788041,0.143,0,1
"C030037D09Rik",0.57388804698725,0.815364331960848,0.143,0,1
"Coil",0.57388804698725,0.448722993037404,0.143,0,1
"Utp18",0.57388804698725,0.606835645074457,0.143,0,1
"Tob1",0.57388804698725,0.491985337397164,0.143,0,1
"Ankrd40",0.57388804698725,0.493043813600198,0.143,0,1
"Cacna1g",0.57388804698725,0.414690569936582,0.143,0,1
"Xylt2",0.57388804698725,0.389669756495776,0.143,0,1
"Pdk2",0.57388804698725,0.459196769033962,0.143,0,1
"Slc35b1",0.57388804698725,0.453440621081813,0.143,0,1
"Ube2z",0.57388804698725,0.727892518918062,0.143,0,1
"Atp5g1",0.57388804698725,0.729982956300362,0.143,0,1
"Snx11",0.57388804698725,0.65858945152172,0.143,0,1
"Tbkbp1",0.57388804698725,0.428877351639203,0.143,0,1
"Socs7",0.57388804698725,0.511566811985294,0.143,0,1
"Mien1",0.57388804698725,0.709802454377418,0.143,0,1
"Nr1d1",0.57388804698725,0.548828409969612,0.143,0,1
"Klhl10",0.57388804698725,0.448722993037404,0.143,0,1
"Coasy",0.57388804698725,0.448454332696768,0.143,0,1
"Coa3",0.57388804698725,0.468280561419937,0.143,0,1
"Acbd4",0.57388804698725,0.459196769033962,0.143,0,1
"Plekhm1",0.57388804698725,0.453440621081813,0.143,0,1
"Rprml",0.57388804698725,0.533817056891704,0.143,0,1
"ENSMUSG00000121066",0.57388804698725,0.532818132040119,0.143,0,1
"Axin2",0.57388804698725,0.419794721330064,0.143,0,1
"Amz2",0.57388804698725,0.548828409969612,0.143,0,1
"Kcnj16",0.57388804698725,0.508998218811672,0.143,0,1
"Cdc42ep4",0.57388804698725,0.448454332696768,0.143,0,1
"Mif4gd",0.57388804698725,0.534675202176742,0.143,0,1
"Caskin2",0.57388804698725,0.477437437157831,0.143,0,1
"Sap30bp",0.57388804698725,0.645262484730288,0.143,0,1
"Evpl",0.57388804698725,0.532818132040119,0.143,0,1
"Mettl23",0.57388804698725,0.718323888262938,0.143,0,1
"Mgat5b",0.57388804698725,0.579036291419718,0.143,0,1
"Septin9",0.57388804698725,0.448722993037404,0.143,0,1
"Timp2",0.57388804698725,0.56859615178833,0.143,0,1
"Gaa",0.57388804698725,0.543421462709723,0.143,0,1
"Nptx1",0.57388804698725,0.454230369808713,0.143,0,1
"Baiap2",0.57388804698725,0.422382391863858,0.143,0,1
"2900052L18Rik",0.57388804698725,0.542432806871815,0.143,0,1
"Oxld1",0.57388804698725,0.459196769033962,0.143,0,1
"Rfng",0.57388804698725,0.449084881496034,0.143,0,1
"Foxk2",0.57388804698725,0.718793939597794,0.143,0,1
"Wdr45b",0.57388804698725,0.52501219729046,0.143,0,1
"Rab10os",0.57388804698725,0.512325192116984,0.143,0,1
"Kif3c",0.57388804698725,0.417287403427675,0.143,0,1
"Dnmt3aos",0.57388804698725,0.453440621081813,0.143,0,1
"Sf3b6",0.57388804698725,0.454230369808713,0.143,0,1
"Rdh14",0.57388804698725,0.575568354447797,0.143,0,1
"Nol10",0.57388804698725,0.592418854697233,0.143,0,1
"ENSMUSG00000121307",0.57388804698725,0.579760030166519,0.143,0,1
"2900060N12Rik",0.57388804698725,0.505543478523182,0.143,0,1
"Gm47860",0.57388804698725,0.489201482709317,0.143,0,1
"Sox11",0.57388804698725,0.433931644579518,0.143,0,1
"Dus4l",0.57388804698725,0.538264889767083,0.143,0,1
"Gpr22",0.57388804698725,0.462939045095411,0.143,0,1
"Gm47096",0.57388804698725,0.518768716573156,0.143,0,1
"Gm33869",0.57388804698725,0.52501219729046,0.143,0,1
"Eapp",0.57388804698725,0.595987628113349,0.143,0,1
"Brms1l",0.57388804698725,0.538264889767083,0.143,0,1
"Nin",0.57388804698725,0.547839828664002,0.143,0,1
"Snapc1",0.57388804698725,0.690376600752918,0.143,0,1
"Wdr89",0.57388804698725,0.433931644579518,0.143,0,1
"Akap5",0.57388804698725,0.443720344399671,0.143,0,1
"Susd6",0.57388804698725,0.747463352792781,0.143,0,1
"Dcaf4",0.57388804698725,0.538264889767083,0.143,0,1
"Zfp410",0.57388804698725,0.635748863725813,0.143,0,1
"Eif2b2",0.57388804698725,0.394863041283082,0.143,0,1
"Ift43",0.57388804698725,0.547839828664002,0.143,0,1
"Gm6566",0.57388804698725,0.44951339083021,0.143,0,1
"Zc3h14",0.57388804698725,0.56859615178833,0.143,0,1
"Tdp1",0.57388804698725,0.417287403427675,0.143,0,1
"Lgmn",0.57388804698725,0.542700867879794,0.143,0,1
"Golga5",0.57388804698725,0.516348419806654,0.143,0,1
"Fam181a",0.57388804698725,0.529574363624228,0.143,0,1
"D430019H16Rik",0.57388804698725,0.394863041283082,0.143,0,1
"Ccnk",0.57388804698725,0.542700867879794,0.143,0,1
"Cyp46a1",0.57388804698725,0.454496026519382,0.143,0,1
"Degs2",0.57388804698725,0.514360260730147,0.143,0,1
"Wars",0.57388804698725,0.505435480183537,0.143,0,1
"Cinp",0.57388804698725,0.847897919135192,0.143,0,1
"Traf3",0.57388804698725,0.417287403427675,0.143,0,1
"Zfyve21",0.57388804698725,0.454496026519382,0.143,0,1
"Pitrm1",0.57388804698725,0.592418854697233,0.143,0,1
"Gm48261",0.57388804698725,0.598278044195215,0.143,0,1
"Gm48262",0.57388804698725,0.503439623887769,0.143,0,1
"Idi1",0.57388804698725,0.451620591516346,0.143,0,1
"Larp4b",0.57388804698725,0.468280561419937,0.143,0,1
"Ggps1",0.57388804698725,0.548828409969612,0.143,0,1
"Mplkip",0.57388804698725,0.417287403427675,0.143,0,1
"C230035I16Rik",0.57388804698725,0.491985337397164,0.143,0,1
"Ripor2",0.57388804698725,0.56859615178833,0.143,0,1
"Uqcrfs1",0.57388804698725,0.639815241349393,0.143,0,1
"Eef1e1",0.57388804698725,0.597645578987333,0.143,0,1
"Slc35b3",0.57388804698725,0.359135021074419,0.143,0,1
"Tmem170b",0.57388804698725,0.422382391863858,0.143,0,1
"Gm20751",0.57388804698725,0.459196769033962,0.143,0,1
"Gm48250",0.57388804698725,0.453440621081813,0.143,0,1
"ENSMUSG00000120113",0.57388804698725,0.394863041283082,0.143,0,1
"Spin1",0.57388804698725,0.851478136788041,0.143,0,1
"Diras2",0.57388804698725,0.529489048878881,0.143,0,1
"Nop16",0.57388804698725,0.459693716018629,0.143,0,1
"Higd2a",0.57388804698725,0.483096926789794,0.143,0,1
"Faf2",0.57388804698725,0.703885887117231,0.143,0,1
"Rab24",0.57388804698725,0.538266711139604,0.143,0,1
"Prr7",0.57388804698725,0.56859615178833,0.143,0,1
"Idnk",0.57388804698725,0.519515078887353,0.143,0,1
"Agtpbp1",0.57388804698725,0.417287403427675,0.143,0,1
"Gm48228",0.57388804698725,0.889663728556688,0.143,0,1
"Aopep",0.57388804698725,0.477437437157831,0.143,0,1
"Cdc14b",0.57388804698725,0.389669756495776,0.143,0,1
"ENSMUSG00000120981",0.57388804698725,0.494446818118293,0.143,0,1
"Zfp369",0.57388804698725,0.518868391023069,0.143,0,1
"Mterf3",0.57388804698725,0.584070901882869,0.143,0,1
"Zfp738",0.57388804698725,0.681756729218798,0.143,0,1
"Nsun2",0.57388804698725,0.547839828664002,0.143,0,1
"Mrpl36",0.57388804698725,0.428877351639203,0.143,0,1
"Arsk",0.57388804698725,0.453440621081813,0.143,0,1
"Polr3g",0.57388804698725,0.422382391863858,0.143,0,1
"Mblac2",0.57388804698725,0.394863041283082,0.143,0,1
"Gm17750",0.57388804698725,0.451620591516346,0.143,0,1
"Msh3",0.57388804698725,0.597645578987333,0.143,0,1
"Cmya5",0.57388804698725,0.513524962157724,0.143,0,1
"Zbed3",0.57388804698725,0.654447092081358,0.143,0,1
"Gcnt4",0.57388804698725,0.389669756495776,0.143,0,1
"Nsa2",0.57388804698725,0.500993451661838,0.143,0,1
"Gfm2",0.57388804698725,0.468280561419937,0.143,0,1
"Btf3",0.57388804698725,0.741888808098238,0.143,0,1
"Ptcd2",0.57388804698725,0.417287403427675,0.143,0,1
"Trappc13",0.57388804698725,0.491985337397164,0.143,0,1
"Kif2a",0.57388804698725,0.682778846537856,0.143,0,1
"Mier3",0.57388804698725,0.477437437157831,0.143,0,1
"Tmem267",0.57388804698725,0.626741713925272,0.143,0,1
"Synpr",0.57388804698725,0.592418854697233,0.143,0,1
"Fhitos",0.57388804698725,0.464641375688933,0.143,0,1
"Fam149b",0.57388804698725,0.491985337397164,0.143,0,1
"Gm30054",0.57388804698725,0.775089340136562,0.143,0,1
"Sec24c",0.57388804698725,0.553232075484276,0.143,0,1
"Ndst2",0.57388804698725,0.483096926789794,0.143,0,1
"Vdac2",0.57388804698725,0.448722993037404,0.143,0,1
"Polr3a",0.57388804698725,0.482062245776952,0.143,0,1
"Lrtm1",0.57388804698725,0.566258086176493,0.143,0,1
"Dcp1a",0.57388804698725,0.414690569936582,0.143,0,1
"Tnnc1",0.57388804698725,0.566988262048817,0.143,0,1
"Sh3bp5",0.57388804698725,0.511566811985294,0.143,0,1
"Ghitm",0.57388804698725,0.518768716573156,0.143,0,1
"Tspan14",0.57388804698725,0.422382391863858,0.143,0,1
"Gm36146",0.57388804698725,0.459196769033962,0.143,0,1
"Gm26782",0.57388804698725,0.543752124645854,0.143,0,1
"Osgep",0.57388804698725,0.716942485946966,0.143,0,1
"1700123O20Rik",0.57388804698725,0.448722993037404,0.143,0,1
"Myh6",0.57388804698725,0.543421462709723,0.143,0,1
"Emc9",0.57388804698725,0.595987628113349,0.143,0,1
"Nedd8",0.57388804698725,0.690112712439268,0.143,0,1
"Dhrs1",0.57388804698725,0.543692975634017,0.143,0,1
"Xpo4",0.57388804698725,0.451620591516346,0.143,0,1
"Sap18",0.57388804698725,0.592418854697233,0.143,0,1
"Cdadc1",0.57388804698725,0.443720344399671,0.143,0,1
"Mtmr6",0.57388804698725,0.511095844923852,0.143,0,1
"Spata13",0.57388804698725,0.573944224861118,0.143,0,1
"Trim13",0.57388804698725,0.433931644579518,0.143,0,1
"Gm27017",0.57388804698725,0.443720344399671,0.143,0,1
"Wdfy2",0.57388804698725,0.475598416989845,0.143,0,1
"Ctsb",0.57388804698725,0.462939045095411,0.143,0,1
"ENSMUSG00000120039",0.57388804698725,0.543752124645854,0.143,0,1
"Ints9",0.57388804698725,0.513524962157724,0.143,0,1
"Bnip3l",0.57388804698725,0.51987701815805,0.143,0,1
"Ppp2r2a",0.57388804698725,0.475598416989845,0.143,0,1
"Chmp7",0.57388804698725,0.454230369808713,0.143,0,1
"Esd",0.57388804698725,0.579036291419718,0.143,0,1
"Kctd4",0.57388804698725,0.513524962157724,0.143,0,1
"Serp2",0.57388804698725,0.489201482709317,0.143,0,1
"Diaph3",0.57388804698725,0.448454332696768,0.143,0,1
"Commd6",0.57388804698725,0.583965507999115,0.143,0,1
"1700087I21Rik",0.57388804698725,0.454496026519382,0.143,0,1
"Gm16259",0.57388804698725,0.483096926789794,0.143,0,1
"Rap2a",0.57388804698725,0.553232075484276,0.143,0,1
"Ipo5",0.57388804698725,0.417287403427675,0.143,0,1
"B930095G15Rik",0.57388804698725,0.752159934297429,0.143,0,1
"Gm5089.1",0.57388804698725,0.428877351639203,0.143,0,1
"Selenop",0.57388804698725,0.483096926789794,0.143,0,1
"Fbxo4",0.57388804698725,0.422382391863858,0.143,0,1
"Gm37310",0.57388804698725,0.529489048878881,0.143,0,1
"Skp2",0.57388804698725,0.529574363624228,0.143,0,1
"Mtmr12",0.57388804698725,0.459693716018629,0.143,0,1
"Laptm4b",0.57388804698725,0.448722993037404,0.143,0,1
"Rida",0.57388804698725,0.464641375688933,0.143,0,1
"Spag1",0.57388804698725,0.422382391863858,0.143,0,1
"Gm49311",0.57388804698725,0.538264889767083,0.143,0,1
"Emc2",0.57388804698725,0.613336050735532,0.143,0,1
"Mal2",0.57388804698725,0.514360260730147,0.143,0,1
"Gm21798",0.57388804698725,0.503439623887769,0.143,0,1
"Peg13",0.57388804698725,0.494446818118293,0.143,0,1
"Them6",0.57388804698725,0.518768716573156,0.143,0,1
"Maf1",0.57388804698725,0.443720344399671,0.143,0,1
"Kifc2",0.57388804698725,0.417287403427675,0.143,0,1
"C030006K11Rik",0.57388804698725,0.454496026519382,0.143,0,1
"Zfp251",0.57388804698725,0.722707259587974,0.143,0,1
"Elfn2",0.57388804698725,0.606835645074457,0.143,0,1
"Cby1",0.57388804698725,0.52501219729046,0.143,0,1
"Josd1",0.57388804698725,0.443720344399671,0.143,0,1
"Cbx7",0.57388804698725,0.434346238869755,0.143,0,1
"Mief1",0.57388804698725,0.500993451661838,0.143,0,1
"Atf4",0.57388804698725,0.419794721330064,0.143,0,1
"Sgsm3",0.57388804698725,0.414690569936582,0.143,0,1
"Xpnpep3",0.57388804698725,0.626741713925272,0.143,0,1
"Chadl",0.57388804698725,0.598278044195215,0.143,0,1
"Zc3h7b",0.57388804698725,0.449084881496034,0.143,0,1
"Pmm1",0.57388804698725,0.681756729218798,0.143,0,1
"Mpped1",0.57388804698725,0.516340024080792,0.143,0,1
"Parvb",0.57388804698725,0.824309452119563,0.143,0,1
"ENSMUSG00000120310",0.57388804698725,0.506561461317608,0.143,0,1
"Tbc1d22a",0.57388804698725,0.538264889767083,0.143,0,1
"Mlc1",0.57388804698725,0.511095844923852,0.143,0,1
"Dennd6b",0.57388804698725,0.511095844923852,0.143,0,1
"Chkb",0.57388804698725,0.493043813600198,0.143,0,1
"C730034F03Rik",0.57388804698725,0.486731028592934,0.143,0,1
"Gxylt1",0.57388804698725,0.475598416989845,0.143,0,1
"Ano6",0.57388804698725,0.690112712439268,0.143,0,1
"Slc38a1",0.57388804698725,0.417287403427675,0.143,0,1
"Asb8",0.57388804698725,0.453440621081813,0.143,0,1
"1700120C14Rik",0.57388804698725,0.538266711139604,0.143,0,1
"Gpd1",0.57388804698725,0.688434224859686,0.143,0,1
"Gm17058",0.57388804698725,0.506561461317608,0.143,0,1
"Gm49494",0.57388804698725,0.739321733172801,0.143,0,1
"Atf1",0.57388804698725,0.529574363624228,0.143,0,1
"Mettl7a1",0.57388804698725,0.665367959442962,0.143,0,1
"Slc11a2",0.57388804698725,0.454496026519382,0.143,0,1
"Eif4b",0.57388804698725,0.359135021074419,0.143,0,1
"Aaas",0.57388804698725,0.553232075484276,0.143,0,1
"Atp5g2",0.57388804698725,0.417287403427675,0.143,0,1
"Hnrnpa1",0.57388804698725,0.462939045095411,0.143,0,1
"Ppp1r1a",0.57388804698725,0.482062245776952,0.143,0,1
"Zfp597",0.57388804698725,0.459196769033962,0.143,0,1
"Glyr1",0.57388804698725,0.566258086176493,0.143,0,1
"Mettl22",0.57388804698725,0.489201482709317,0.143,0,1
"Dexi",0.57388804698725,0.681756729218798,0.143,0,1
"Cpped1",0.57388804698725,0.69808527380176,0.143,0,1
"Mrtfb",0.57388804698725,0.535116906238065,0.143,0,1
"Ntan1",0.57388804698725,0.482062245776952,0.143,0,1
"Bmerb1",0.57388804698725,0.666250384141886,0.143,0,1
"Marf1",0.57388804698725,0.448722993037404,0.143,0,1
"Ube2v2",0.57388804698725,0.513524962157724,0.143,0,1
"Ppil2",0.57388804698725,0.613336050735532,0.143,0,1
"Tmem191c",0.57388804698725,0.454496026519382,0.143,0,1
"Snap29",0.57388804698725,0.548828409969612,0.143,0,1
"Aifm3",0.57388804698725,0.486731028592934,0.143,0,1
"Dgcr2",0.57388804698725,0.648802429531502,0.143,0,1
"Zdhhc8",0.57388804698725,0.434346238869755,0.143,0,1
"Dgcr8",0.57388804698725,0.598360044493429,0.143,0,1
"Tango2",0.57388804698725,0.443720344399671,0.143,0,1
"Txnrd2",0.57388804698725,0.511095844923852,0.143,0,1
"2510002D24Rik",0.57388804698725,0.503439623887769,0.143,0,1
"Gm28539",0.57388804698725,0.459693716018629,0.143,0,1
"Alg3",0.57388804698725,0.518868391023069,0.143,0,1
"Psmd2",0.57388804698725,0.459693716018629,0.143,0,1
"Clcn2",0.57388804698725,0.389669756495776,0.143,0,1
"Polr2h",0.57388804698725,0.694664353409335,0.143,0,1
"Map3k13",0.57388804698725,0.732007119347688,0.143,0,1
"Trp63",0.57388804698725,0.508998218811672,0.143,0,1
"Gm20319",0.57388804698725,0.543692975634017,0.143,0,1
"Pcyt1a",0.57388804698725,0.69986640001187,0.143,0,1
"Hspbap1",0.57388804698725,0.439381441881747,0.143,0,1
"Kpna1",0.57388804698725,0.514360260730147,0.143,0,1
"4930565N06Rik",0.57388804698725,0.543752124645854,0.143,0,1
"Stxbp5l",0.57388804698725,0.529489048878881,0.143,0,1
"Tmem39a",0.57388804698725,0.532818132040119,0.143,0,1
"Slc35a5",0.57388804698725,0.451620591516346,0.143,0,1
"Bbx",0.57388804698725,0.595987628113349,0.143,0,1
"Tfg",0.57388804698725,0.51987701815805,0.143,0,1
"4930453N24Rik",0.57388804698725,0.475598416989845,0.143,0,1
"Zfp654",0.57388804698725,0.500993451661838,0.143,0,1
"4933411O13Rik",0.57388804698725,0.756605492157059,0.143,0,1
"Gbe1",0.57388804698725,0.493043813600198,0.143,0,1
"Rbm11",0.57388804698725,0.448722993037404,0.143,0,1
"Hspa13",0.57388804698725,0.548828409969612,0.143,0,1
"C130023A14Rik",0.57388804698725,0.454496026519382,0.143,0,1
"Bach1",0.57388804698725,0.468280561419937,0.143,0,1
"Cryzl1",0.57388804698725,0.553232075484276,0.143,0,1
"Gm49961",0.57388804698725,0.543692975634017,0.143,0,1
"Cbr1",0.57388804698725,0.690674116429257,0.143,0,1
"Pigp",0.57388804698725,0.462939045095411,0.143,0,1
"B230307C23Rik",0.57388804698725,0.422382391863858,0.143,0,1
"Tmem181a",0.57388804698725,0.573944224861118,0.143,0,1
"Ezr",0.57388804698725,0.389669756495776,0.143,0,1
"Map3k4",0.57388804698725,0.685703114963483,0.143,0,1
"4732491K20Rik",0.57388804698725,0.468280561419937,0.143,0,1
"Gm49926",0.57388804698725,0.50753865620499,0.143,0,1
"Acat2",0.57388804698725,0.543752124645854,0.143,0,1
"Sod2",0.57388804698725,0.729982956300362,0.143,0,1
"Dynlt2a2",0.57388804698725,0.494446818118293,0.143,0,1
"Ppp2r1a",0.57388804698725,0.505435480183537,0.143,0,1
"Zfp760",0.57388804698725,0.475598416989845,0.143,0,1
"Gm16386",0.57388804698725,0.507981954576317,0.143,0,1
"Zfp13",0.57388804698725,0.454230369808713,0.143,0,1
"Thoc6",0.57388804698725,0.491985337397164,0.143,0,1
"Mlst8",0.57388804698725,0.448722993037404,0.143,0,1
"Snhg9",0.57388804698725,0.489201482709317,0.143,0,1
"BC003965",0.57388804698725,0.542432806871815,0.143,0,1
"Ube2i",0.57388804698725,0.573944224861118,0.143,0,1
"Mettl26",0.57388804698725,0.507981954576317,0.143,0,1
"Decr2",0.57388804698725,0.434346238869755,0.143,0,1
"Arhgdig",0.57388804698725,0.635748863725813,0.143,0,1
"Pacsin1",0.57388804698725,0.679097092221239,0.143,0,1
"Ilrun",0.57388804698725,0.449084881496034,0.143,0,1
"Snrpc",0.57388804698725,0.428877351639203,0.143,0,1
"Gm26549",0.57388804698725,0.626741713925272,0.143,0,1
"Wiz",0.57388804698725,0.489201482709317,0.143,0,1
"Cyp4f17",0.57388804698725,0.434346238869755,0.143,0,1
"Zfp799",0.57388804698725,0.764223003644681,0.143,0,1
"Cyp4f13",0.57388804698725,0.417287403427675,0.143,0,1
"Zfp952",0.57388804698725,0.613336050735532,0.143,0,1
"Zfp101",0.57388804698725,0.394863041283082,0.143,0,1
"BC051226",0.57388804698725,0.449084881496034,0.143,0,1
"Col11a2",0.57388804698725,0.448454332696768,0.143,0,1
"Agpat1",0.57388804698725,0.507981954576317,0.143,0,1
"Ehmt2",0.57388804698725,0.534675202176742,0.143,0,1
"Vars",0.57388804698725,0.389669756495776,0.143,0,1
"Prrc2a",0.57388804698725,0.419794721330064,0.143,0,1
"Gtf2h4",0.57388804698725,0.518868391023069,0.143,0,1
"Tubb5",0.57388804698725,0.389669756495776,0.143,0,1
"Gm16279",0.57388804698725,0.475598416989845,0.143,0,1
"Abcf1",0.57388804698725,0.449084881496034,0.143,0,1
"Ppp1r11",0.57388804698725,0.448722993037404,0.143,0,1
"Spats1",0.57388804698725,0.500993451661838,0.143,0,1
"Tmem63b",0.57388804698725,0.872922389804258,0.143,0,1
"Gm16172",0.57388804698725,0.514360260730147,0.143,0,1
"Yipf3",0.57388804698725,0.855628374583611,0.143,0,1
"Tjap1",0.57388804698725,0.513524962157724,0.143,0,1
"Ccnd3",0.57388804698725,0.593135912682844,0.143,0,1
"Rab5a",0.57388804698725,0.507981954576317,0.143,0,1
"Gm49915",0.57388804698725,0.538264889767083,0.143,0,1
"Zfp959",0.57388804698725,0.511566811985294,0.143,0,1
"Safb2",0.57388804698725,0.505435480183537,0.143,0,1
"Lonp1",0.57388804698725,0.543421462709723,0.143,0,1
"Dus3l",0.57388804698725,0.506561461317608,0.143,0,1
"Man2a1",0.57388804698725,0.588366695827496,0.143,0,1
"Mtcl1",0.57388804698725,0.512325192116984,0.143,0,1
"Rab12",0.57388804698725,0.505543478523182,0.143,0,1
"Epb41l3",0.57388804698725,0.606835645074457,0.143,0,1
"A930029G22Rik",0.57388804698725,0.507981954576317,0.143,0,1
"Smchd1",0.57388804698725,0.451620591516346,0.143,0,1
"Clip4",0.57388804698725,0.482062245776952,0.143,0,1
"Alk",0.57388804698725,0.538264889767083,0.143,0,1
"Gm49876",0.57388804698725,0.712191789063611,0.143,0,1
"Spast",0.57388804698725,0.673839350800614,0.143,0,1
"Crim1",0.57388804698725,0.573944224861118,0.143,0,1
"Qpct",0.57388804698725,0.538266711139604,0.143,0,1
"Eml4",0.57388804698725,0.459693716018629,0.143,0,1
"Gm36279",0.57388804698725,0.417287403427675,0.143,0,1
"Lrpprc",0.57388804698725,0.588366695827496,0.143,0,1
"Prepl",0.57388804698725,0.596689900060691,0.143,0,1
"Rab18",0.57388804698725,0.543692975634017,0.143,0,1
"Mkx",0.57388804698725,0.414690569936582,0.143,0,1
"Fzd8",0.57388804698725,0.601902944359379,0.143,0,1
"Greb1l",0.57388804698725,0.468280561419937,0.143,0,1
"Rbbp8",0.57388804698725,0.547105145743174,0.143,0,1
"Tmem241",0.57388804698725,0.6734780567124,0.143,0,1
"Taf4b",0.57388804698725,0.448722993037404,0.143,0,1
"Gm47898",0.57388804698725,0.417287403427675,0.143,0,1
"Fam53c",0.57388804698725,0.493043813600198,0.143,0,1
"Kdm3b",0.57388804698725,0.464641375688933,0.143,0,1
"Reep2",0.57388804698725,0.459196769033962,0.143,0,1
"Sil1",0.57388804698725,0.503439623887769,0.143,0,1
"Gm50371",0.57388804698725,0.464641375688933,0.143,0,1
"Pfdn1",0.57388804698725,0.601902944359379,0.143,0,1
"Slc35a4",0.57388804698725,0.542432806871815,0.143,0,1
"Ndufa2",0.57388804698725,0.448722993037404,0.143,0,1
"Hars2",0.57388804698725,0.482062245776952,0.143,0,1
"Pcdhgc4",0.57388804698725,0.482062245776952,0.143,0,1
"1700086O06Rik",0.57388804698725,0.489201482709317,0.143,0,1
"Spry4",0.57388804698725,0.542700867879794,0.143,0,1
"4933407I08Rik",0.57388804698725,0.477437437157831,0.143,0,1
"Ythdc2",0.57388804698725,0.79896996426521,0.143,0,1
"Pggt1b",0.57388804698725,0.422382391863858,0.143,0,1
"Fem1c",0.57388804698725,0.475598416989845,0.143,0,1
"Tmed7",0.57388804698725,0.507981954576317,0.143,0,1
"Atg12",0.57388804698725,0.534675202176742,0.143,0,1
"Dtwd2",0.57388804698725,0.529489048878881,0.143,0,1
"Aldh7a1",0.57388804698725,0.516340024080792,0.143,0,1
"Lmnb1",0.57388804698725,0.511095844923852,0.143,0,1
"Chsy3",0.57388804698725,0.696984418559606,0.143,0,1
"Ablim3",0.57388804698725,0.601902944359379,0.143,0,1
"Txnl1",0.57388804698725,0.518868391023069,0.143,0,1
"Mppe1",0.57388804698725,0.553232075484276,0.143,0,1
"Rab27b",0.57388804698725,0.542700867879794,0.143,0,1
"Mex3c",0.57388804698725,0.462939045095411,0.143,0,1
"Dym",0.57388804698725,0.579036291419718,0.143,0,1
"Slc14a1",0.57388804698725,0.516340024080792,0.143,0,1
"Adnp2",0.57388804698725,0.571381030799776,0.143,0,1
"Mbp",0.57388804698725,0.434346238869755,0.143,0,1
"Lrp5",0.57388804698725,0.505543478523182,0.143,0,1
"Zdhhc24",0.57388804698725,0.482062245776952,0.143,0,1
"Mus81",0.57388804698725,0.419794721330064,0.143,0,1
"Gm31166",0.57388804698725,0.630914199999523,0.143,0,1
"Sipa1",0.57388804698725,0.529489048878881,0.143,0,1
"Tm7sf2",0.57388804698725,0.56859615178833,0.143,0,1
"Plcb3",0.57388804698725,0.51987701815805,0.143,0,1
"Mta2",0.57388804698725,0.489201482709317,0.143,0,1
"Sdhaf2",0.57388804698725,0.542432806871815,0.143,0,1
"Tmem132a",0.57388804698725,0.468280561419937,0.143,0,1
"Ostf1",0.57388804698725,0.516348419806654,0.143,0,1
"D030056L22Rik",0.57388804698725,0.596689900060691,0.143,0,1
"4931403E22Rik",0.57388804698725,0.538264889767083,0.143,0,1
"Spata6l",0.57388804698725,0.506561461317608,0.143,0,1
"Ak3",0.57388804698725,0.511566811985294,0.143,0,1
"Ric1",0.57388804698725,0.542700867879794,0.143,0,1
"Minpp1",0.57388804698725,0.507981954576317,0.143,0,1
"Exoc6",0.57388804698725,0.610756172057006,0.143,0,1
"Ccnj",0.57388804698725,0.394863041283082,0.143,0,1
"Tm9sf3",0.57388804698725,0.482062245776952,0.143,0,1
"Hoga1",0.57388804698725,0.433931644579518,0.143,0,1
"Hps1",0.57388804698725,0.394863041283082,0.143,0,1
"Cnnm1",0.57388804698725,0.434346238869755,0.143,0,1
"Chuk",0.57388804698725,0.414690569936582,0.143,0,1
"Dpcd",0.57388804698725,0.439381441881747,0.143,0,1
"Cnnm2",0.57388804698725,0.449084881496034,0.143,0,1
"Ina",0.57388804698725,0.477437437157831,0.143,0,1
"Atp5md",0.57388804698725,0.507981954576317,0.143,0,1
"4930484I04Rik",0.57388804698725,0.514360260730147,0.143,0,1
"Zdhhc6",0.57388804698725,0.503439623887769,0.143,0,1
"Nhlrc2",0.57388804698725,0.703885887117231,0.143,0,1
"Fhip2a",0.57388804698725,0.459196769033962,0.143,0,1
"Sfxn4",0.57388804698725,0.529489048878881,0.143,0,1
"Chst7",0.57388804698725,0.439381441881747,0.143,0,1
"Jade3",0.57388804698725,0.505543478523182,0.143,0,1
"A230072C01Rik",0.57388804698725,0.56859615178833,0.143,0,1
"Zfp182",0.57388804698725,0.951932833240194,0.143,0,1
"Pgrmc1",0.57388804698725,0.597645578987333,0.143,0,1
"Septin6",0.57388804698725,0.529574363624228,0.143,0,1
"Rpl39",0.57388804698725,0.454230369808713,0.143,0,1
"Nkap",0.57388804698725,0.971851647199359,0.143,0,1
"Cul4b",0.57388804698725,0.548828409969612,0.143,0,1
"Utp14a",0.57388804698725,0.718793939597794,0.143,0,1
"Bcorl1",0.57388804698725,0.443720344399671,0.143,0,1
"Aifm1",0.57388804698725,0.419794721330064,0.143,0,1
"Hprt",0.57388804698725,0.615212728862409,0.143,0,1
"Arhgef6",0.57388804698725,0.459693716018629,0.143,0,1
"Rbmx",0.57388804698725,0.516340024080792,0.143,0,1
"Srpk3",0.57388804698725,0.433931644579518,0.143,0,1
"Ssr4",0.57388804698725,0.513524962157724,0.143,0,1
"Irak1",0.57388804698725,0.792355109877446,0.143,0,1
"Rpl10",0.57388804698725,0.414690569936582,0.143,0,1
"Pls3",0.57388804698725,0.625805122175921,0.143,0,1
"Gm14764",0.57388804698725,0.491985337397164,0.143,0,1
"Pola1",0.57388804698725,0.51987701815805,0.143,0,1
"Gm9003",0.57388804698725,0.519515078887353,0.143,0,1
"Maged1",0.57388804698725,0.443720344399671,0.143,0,1
"Stard8",0.57388804698725,0.542432806871815,0.143,0,1
"5330434G04Rik",0.57388804698725,0.664065457815896,0.143,0,1
"Atp7a",0.57388804698725,0.449084881496034,0.143,0,1
"Chm",0.57388804698725,0.451620591516346,0.143,0,1
"Nox1",0.57388804698725,0.454496026519382,0.143,0,1
"Bhlhb9",0.57388804698725,0.570610314386841,0.143,0,1
"Tceal9",0.57388804698725,0.459693716018629,0.143,0,1
"BC065397",0.57388804698725,0.487705543689115,0.143,0,1
"Atg4a",0.57388804698725,0.459693716018629,0.143,0,1
"Dcx",0.57388804698725,0.459196769033962,0.143,0,1
"Lrch2",0.57388804698725,0.538264889767083,0.143,0,1
"Shroom2",0.57388804698725,0.839981974449043,0.143,0,1
"Klf8",0.57388804698725,0.547839828664002,0.143,0,1
"Nbdy",0.57388804698725,0.503439623887769,0.143,0,1
"Eif1ax",0.57388804698725,0.731571243451715,0.143,0,1
"Bclaf3",0.57388804698725,0.722030268611142,0.143,0,1
"Pdha1",0.57388804698725,0.573944224861118,0.143,0,1
"Ap1s2",0.57388804698725,0.529574363624228,0.143,0,1
"ENSMUSG00000120789",0.57388804698725,0.516348419806654,0.143,0,1
"Gm15246",0.57388804698725,0.448454332696768,0.143,0,1
"Pnpla7",0.594668619649798,-0.618092209947263,0.5,0.667,1
"Hipk2",0.594668619649798,-0.404966248378214,0.5,0.667,1
"Cpsf6",0.594668619649798,-0.926257646213511,0.5,0.667,1
"Pcdh17",0.594668619649798,-0.561487116011498,0.5,0.667,1
"Gm31356",0.594668619649798,-0.393979897559647,0.5,0.667,1
"Atrnl1",0.594668619649798,-0.551771628778079,0.5,0.667,1
"Reps1",0.605879288939258,-0.423506516263038,0.286,0.667,1
"Ephx2",0.605879288939258,-0.303067437665,0.286,0.667,1
"Pak2",0.605879288939258,-0.304921640071893,0.286,0.667,1
"Chst11",0.606468449174022,0.782179974544167,0.643,0.667,1
"Mef2c",0.606468449174022,0.624747303806007,0.643,0.667,1
"Ralyl",0.612106229540128,0.616236852749669,0.786,0.667,1
"Nav2",0.614077481237039,0.275598485110137,0.929,0.667,1
"Relch",0.621526714993489,0.386299354074736,0.429,0.333,1
"Spopl",0.621526714993489,0.465243804322213,0.429,0.333,1
"Cry2",0.621526714993489,0.500004082383196,0.429,0.333,1
"Ivd",0.621526714993489,0.499000667734481,0.429,0.333,1
"Acss2",0.621526714993489,0.431163657581756,0.429,0.333,1
"Prex1",0.621526714993489,0.924301594689861,0.429,0.333,1
"Fubp1",0.621526714993489,0.48749782961722,0.429,0.333,1
"Rnf20",0.621526714993489,0.437235136138926,0.429,0.333,1
"E130308A19Rik",0.621526714993489,0.760372165546195,0.429,0.333,1
"Chic2",0.621526714993489,0.367419112473544,0.429,0.333,1
"Sdk1",0.621526714993489,0.930697562333305,0.429,0.333,1
"Sgce",0.621526714993489,0.650061180910583,0.429,0.333,1
"Mat2a",0.621526714993489,0.605070670089407,0.429,0.333,1
"Dctn1",0.621526714993489,0.442033812248208,0.429,0.333,1
"Itpr1",0.621526714993489,0.475576178842266,0.429,0.333,1
"Akap13",0.621526714993489,0.553850396354867,0.429,0.333,1
"Arrb1",0.621526714993489,0.54487637801702,0.429,0.333,1
"Pgap2",0.621526714993489,0.401885021437188,0.429,0.333,1
"Tial1",0.621526714993489,0.518845952071127,0.429,0.333,1
"Phldb1",0.621526714993489,0.432871529796286,0.429,0.333,1
"Peak1",0.621526714993489,0.546459672711023,0.429,0.333,1
"Cspg4",0.621526714993489,0.686010010111517,0.429,0.333,1
"Gm47271",0.621526714993489,0.314918383628538,0.429,0.333,1
"R3hdm2",0.621526714993489,0.656931643008612,0.429,0.333,1
"Acyp2",0.621526714993489,0.618723110061279,0.429,0.333,1
"Cnot6",0.621526714993489,0.349786299070922,0.429,0.333,1
"Snap47",0.621526714993489,0.449355087978107,0.429,0.333,1
"Fam222b",0.621526714993489,0.430615789495521,0.429,0.333,1
"Rpl23",0.621526714993489,0.506252851083781,0.429,0.333,1
"Arl4a",0.621526714993489,0.477500539871314,0.429,0.333,1
"Numb",0.621526714993489,0.535645892113206,0.429,0.333,1
"Sfxn1",0.621526714993489,0.725659544212058,0.429,0.333,1
"Serinc5",0.621526714993489,0.551085221294626,0.429,0.333,1
"Rgs7bp",0.621526714993489,0.65573177911515,0.429,0.333,1
"Atxn7",0.621526714993489,0.371608439786835,0.429,0.333,1
"Zcchc24",0.621526714993489,0.399490418035488,0.429,0.333,1
"Pbrm1",0.621526714993489,0.315466042427949,0.429,0.333,1
"Slc22a17",0.621526714993489,0.767717854311864,0.429,0.333,1
"Arid2",0.621526714993489,0.339490012127191,0.429,0.333,1
"Zfp148",0.621526714993489,0.704045696761578,0.429,0.333,1
"Sema5b",0.621526714993489,0.425177759693848,0.429,0.333,1
"Gabbr1",0.621526714993489,0.416228138212969,0.429,0.333,1
"Kctd1",0.621526714993489,0.30585071826899,0.429,0.333,1
"Nr3c1",0.621526714993489,0.851008691067856,0.429,0.333,1
"Sorbs1",0.621526714993489,0.253777285758613,0.429,0.333,1
"Plppr5",0.633033630776233,0.554646988976675,0.5,0.333,1
"Tmem234",0.633033630776233,-0.276303145140295,0.429,0.667,1
"Cdk8",0.633033630776233,0.550512062923782,0.5,0.333,1
"Large1",0.633033630776233,0.604193130559943,0.5,0.333,1
"Myo5a",0.633033630776233,0.549529125152808,0.5,0.333,1
"Zfp445",0.633033630776233,-0.274425354530257,0.429,0.667,1
"Fnip1",0.633033630776233,0.457374103102303,0.5,0.333,1
"Macrod1",0.633033630776233,-0.293165017263598,0.429,0.667,1
"Fam168b",0.635824437557697,-0.263052294995241,0.143,0.333,1
"Orc2",0.635824437557697,-0.388135287722597,0.143,0.333,1
"6030407O03Rik",0.635824437557697,-0.276259210769315,0.143,0.333,1
"Cnot9",0.635824437557697,-0.41809530666914,0.143,0.333,1
"Plekha6",0.635824437557697,-0.339318118704876,0.143,0.333,1
"Sox13",0.635824437557697,-0.388135287722597,0.143,0.333,1
"D130019J16Rik",0.635824437557697,-0.286471749481829,0.143,0.333,1
"Pea15a",0.635824437557697,-0.267348548800288,0.143,0.333,1
"Pdss1",0.635824437557697,-0.306049497692686,0.143,0.333,1
"Fmn1",0.635824437557697,-0.33860365319878,0.143,0.333,1
"Zfp106",0.635824437557697,-0.266313867787446,0.143,0.333,1
"Ptpn1",0.635824437557697,-0.400156614866661,0.143,0.333,1
"Prpf6",0.635824437557697,-0.323627646956677,0.143,0.333,1
"Gm43376",0.635824437557697,-0.388135287722597,0.143,0.333,1
"Sv2a",0.635824437557697,-0.271973357419409,0.143,0.333,1
"St7l",0.635824437557697,-0.339318118704876,0.143,0.333,1
"Fam102b",0.635824437557697,-0.286471749481829,0.143,0.333,1
"Rars2",0.635824437557697,-0.328457362115359,0.143,0.333,1
"Aco1",0.635824437557697,-0.254184851154353,0.143,0.333,1
"Dcaf10",0.635824437557697,-0.343353850262526,0.143,0.333,1
"Megf9",0.635824437557697,-0.398698807925126,0.143,0.333,1
"Gmeb1",0.635824437557697,-0.262679765984306,0.143,0.333,1
"Capzb",0.635824437557697,-0.33506075333283,0.143,0.333,1
"Ssu72",0.635824437557697,-0.447783479438258,0.143,0.333,1
"Depdc5",0.635824437557697,-0.359398002774759,0.143,0.333,1
"Sel1l3",0.635824437557697,-0.300325913081206,0.143,0.333,1
"Zfp326",0.635824437557697,-0.417086679534158,0.143,0.333,1
"Ift81",0.635824437557697,-0.286471749481829,0.143,0.333,1
"Micall2",0.635824437557697,-0.297790203060894,0.143,0.333,1
"Arpc1a",0.635824437557697,-0.297790203060894,0.143,0.333,1
"Katnal1",0.635824437557697,-0.428981743115891,0.143,0.333,1
"Atp6v0e2",0.635824437557697,-0.33506075333283,0.143,0.333,1
"Ptcd3",0.635824437557697,-0.300325913081206,0.143,0.333,1
"0610030E20Rik",0.635824437557697,-0.40414556565209,0.143,0.333,1
"Iqsec1",0.635824437557697,-0.368367545903878,0.143,0.333,1
"Pgm2l1",0.635824437557697,-0.411951500401749,0.143,0.333,1
"Grtp1",0.635824437557697,-0.352998189693094,0.143,0.333,1
"Gm16159",0.635824437557697,-0.254963976458947,0.143,0.333,1
"Ccdc130",0.635824437557697,-0.398696986552605,0.143,0.333,1
"Cx3cl1",0.635824437557697,-0.368367545903878,0.143,0.333,1
"Usp10",0.635824437557697,-0.25878723626199,0.143,0.333,1
"Rplp1",0.635824437557697,-0.254963976458947,0.143,0.333,1
"Rgs17",0.635824437557697,-0.403146640800505,0.143,0.333,1
"Gcc2",0.635824437557697,-0.267348548800288,0.143,0.333,1
"Cirbp",0.635824437557697,-0.347635795336605,0.143,0.333,1
"Apc2",0.635824437557697,-0.273812377587395,0.143,0.333,1
"Eef2",0.635824437557697,-0.273812377587395,0.143,0.333,1
"Fgd6",0.635824437557697,-0.389123869028207,0.143,0.333,1
"Tbk1",0.635824437557697,-0.328457362115359,0.143,0.333,1
"Ptges3",0.635824437557697,-0.262679765984306,0.143,0.333,1
"Vps54",0.635824437557697,-0.273812377587395,0.143,0.333,1
"Canx",0.635824437557697,-0.41809530666914,0.143,0.333,1
"Fam114a2",0.635824437557697,-0.418194981119053,0.143,0.333,1
"Vmp1",0.635824437557697,-0.306049497692686,0.143,0.333,1
"Ubtf",0.635824437557697,-0.297790203060894,0.143,0.333,1
"Tex2",0.635824437557697,-0.431528217508672,0.143,0.333,1
"Slc38a10",0.635824437557697,-0.412956542527343,0.143,0.333,1
"Narf",0.635824437557697,-0.43352407380444,0.143,0.333,1
"Ankmy2",0.635824437557697,-0.422603436962062,0.143,0.333,1
"Hif1a",0.635824437557697,-0.315344166367851,0.143,0.333,1
"Inf2",0.635824437557697,-0.352276918888119,0.143,0.333,1
"Crip2",0.635824437557697,-0.417448618804856,0.143,0.333,1
"Gdi2",0.635824437557697,-0.273812377587395,0.143,0.333,1
"Ssr1",0.635824437557697,-0.281130233157303,0.143,0.333,1
"Fam120a",0.635824437557697,-0.339730158066666,0.143,0.333,1
"Tmed9",0.635824437557697,-0.423438735534484,0.143,0.333,1
"Exoc3",0.635824437557697,-0.417448618804856,0.143,0.333,1
"Hapln1",0.635824437557697,-0.393270722058191,0.143,0.333,1
"Plk2",0.635824437557697,-0.286471749481829,0.143,0.333,1
"Dph3",0.635824437557697,-0.417448618804856,0.143,0.333,1
"Sall2",0.635824437557697,-0.38816122090279,0.143,0.333,1
"Mrpl52",0.635824437557697,-0.300325913081206,0.143,0.333,1
"Usp25",0.635824437557697,-0.290512271739842,0.143,0.333,1
"ENSMUSG00000121395",0.635824437557697,-0.271973357419409,0.143,0.333,1
"Brd4",0.635824437557697,-0.36763855211476,0.143,0.333,1
"Eif2ak2",0.635824437557697,-0.338685653496994,0.143,0.333,1
"Hnrnpll",0.635824437557697,-0.389123869028207,0.143,0.333,1
"Cox7a2l",0.635824437557697,-0.344544842994975,0.143,0.333,1
"Rmc1",0.635824437557697,-0.271973357419409,0.143,0.333,1
"Srp19",0.635824437557697,-0.323627646956677,0.143,0.333,1
"C030005K06Rik",0.635824437557697,-0.423438735534484,0.143,0.333,1
"Rbm4b",0.635824437557697,-0.300325913081206,0.143,0.333,1
"Gpr137",0.635824437557697,-0.328457362115359,0.143,0.333,1
"Vegfb",0.635824437557697,-0.352998189693094,0.143,0.333,1
"Tbc1d12",0.635824437557697,-0.352998189693094,0.143,0.333,1
"Brwd3",0.635824437557697,-0.267348548800288,0.143,0.333,1
"Sh3kbp1",0.635824437557697,-0.40738933406798,0.143,0.333,1
"Pard3b",0.641521539747342,0.507795416970795,0.571,0.333,1
"Cdk14",0.641521539747342,0.445947674151446,0.571,0.333,1
"Fbrsl1",0.641521539747342,0.474497463052537,0.571,0.333,1
"Htra1",0.641521539747342,0.479202428606056,0.571,0.333,1
"Pard3",0.641521539747342,0.763420356405948,0.571,0.333,1
"Rasa1",0.641521539747342,0.488853001069999,0.571,0.333,1
"Armh4",0.641521539747342,0.634260645164175,0.571,0.333,1
"Cpq",0.641521539747342,0.454289400628728,0.571,0.333,1
"Kalrn",0.641521539747342,0.422427040937534,0.571,0.333,1
"Fbxo11",0.641521539747342,0.569709584966151,0.571,0.333,1
"Atxn2",0.647731660162439,-0.302846804926676,0.571,0.667,1
"Klhdc10",0.647731660162439,0.513291183420712,0.643,0.333,1
"Nrgn",0.647731660162439,-0.964491374270861,0.571,0.667,1
"Srgap1",0.647731660162439,0.369006782329339,0.643,0.333,1
"Dscaml1",0.652183509138037,0.268744257438047,0.714,0.333,1
"Cadps",0.655262208603336,-0.495588435560708,0.643,1,1
"Scd2",0.655262208603336,-0.42608577983088,0.643,1,1
"Ncoa1",0.657269912118343,0.467228230711369,0.714,1,1
"Ogt",0.657269912118343,0.297895422050831,0.714,1,1
"Ralgapa1",0.659047223796689,0.380626606424229,0.857,1,1
"Erbb4",0.659243003692631,0.433829012651812,0.929,1,1
"Sgcd",0.659243003692631,0.2733221035705,0.929,1,1
"Farp1",0.659243003692631,0.49530478011194,1,1,1
"Ncam2",0.659243003692631,0.29353205384085,1,1,1
"Ppp2r2b",0.659243003692631,0.349456633676624,0.929,1,1
"ENSMUSG00000120522",0.672149391661081,-0.495968833183858,0.214,0.333,1
"Ptpa",0.672149391661081,-0.318062695053782,0.214,0.333,1
"Atrn",0.672149391661081,-0.323940418108084,0.214,0.333,1
"Btbd3",0.672149391661081,-0.333824536164625,0.214,0.333,1
"Soga1",0.672149391661081,-0.317121611901281,0.214,0.333,1
"Bcas1os2",0.672149391661081,-0.26631592363185,0.214,0.333,1
"Dido1",0.672149391661081,-0.40856252356607,0.214,0.333,1
"Arnt",0.672149391661081,-0.379874142614828,0.214,0.333,1
"Bcl9",0.672149391661081,-0.3900496651368,0.214,0.333,1
"Dnajb4",0.672149391661081,-0.361222771000008,0.214,0.333,1
"Usp33",0.672149391661081,-0.345723095506349,0.214,0.333,1
"Mast2",0.672149391661081,-0.355851557071344,0.214,0.333,1
"Ppt1",0.672149391661081,-0.646326117091812,0.214,0.333,1
"Sfpq",0.672149391661081,-0.504498745380739,0.214,0.333,1
"Tbc1d19",0.672149391661081,-0.620856340209935,0.214,0.333,1
"Gm15787",0.672149391661081,-0.312692990841471,0.214,0.333,1
"Sppl3",0.672149391661081,-0.31782396972148,0.214,0.333,1
"Orai1",0.672149391661081,-0.365770012215117,0.214,0.333,1
"Gnb2",0.672149391661081,-0.345723095506349,0.214,0.333,1
"Dennd2a",0.672149391661081,-0.489416884841444,0.214,0.333,1
"Tbcb",0.672149391661081,-0.257577946563031,0.214,0.333,1
"Garre1",0.672149391661081,-0.40856252356607,0.214,0.333,1
"Sbf2",0.672149391661081,-0.421219015273621,0.214,0.333,1
"Usp47",0.672149391661081,-0.437642507969061,0.214,0.333,1
"Mcph1",0.672149391661081,-0.379874142614828,0.214,0.333,1
"Agpat5",0.672149391661081,-0.317121611901281,0.214,0.333,1
"ENSMUSG00000120183",0.672149391661081,-0.372239366231532,0.214,0.333,1
"Neto2",0.672149391661081,-0.321435799327464,0.214,0.333,1
"Cfap20",0.672149391661081,-0.339022049636199,0.214,0.333,1
"Ist1",0.672149391661081,-0.286845766516994,0.214,0.333,1
"4931406C07Rik",0.672149391661081,-0.642237197853388,0.214,0.333,1
"Zbtb16",0.672149391661081,-0.385714452810945,0.214,0.333,1
"Ube2q2",0.672149391661081,-0.372494421382657,0.214,0.333,1
"Ppib",0.672149391661081,-0.598472102716633,0.214,0.333,1
"Rnf111",0.672149391661081,-0.274271362472599,0.214,0.333,1
"Tma7",0.672149391661081,-0.356601628296134,0.214,0.333,1
"Snrk",0.672149391661081,-0.727980232884005,0.214,0.333,1
"Stxbp5",0.672149391661081,-0.349287124842539,0.214,0.333,1
"Sgpl1",0.672149391661081,-0.37718746384452,0.214,0.333,1
"Ankrd24",0.672149391661081,-0.309397269392374,0.214,0.333,1
"Ogdh",0.672149391661081,-0.329638635445101,0.214,0.333,1
"Ccnjl",0.672149391661081,-0.284001333557513,0.214,0.333,1
"ENSMUSG00000120312",0.672149391661081,-0.361771271876478,0.214,0.333,1
"Ap2b1",0.672149391661081,-0.403134864990369,0.214,0.333,1
"Eftud2",0.672149391661081,-0.286853418773198,0.214,0.333,1
"Atxn7l1",0.672149391661081,-0.648977875518905,0.214,0.333,1
"Mfsd14b",0.672149391661081,-0.258786337437506,0.214,0.333,1
"Wdr41",0.672149391661081,-0.320064473054645,0.214,0.333,1
"Dlg5",0.672149391661081,-0.452707015394212,0.214,0.333,1
"Rps24",0.672149391661081,-0.349498867128433,0.214,0.333,1
"Ercc6",0.672149391661081,-0.317121611901281,0.214,0.333,1
"Ncald",0.672149391661081,-0.451452973628893,0.214,0.333,1
"Efr3a",0.672149391661081,-0.261847847966733,0.214,0.333,1
"Arhgap39",0.672149391661081,-0.40594539384476,0.214,0.333,1
"Aco2",0.672149391661081,-0.299754262602545,0.214,0.333,1
"Yipf4",0.672149391661081,-0.267224432268187,0.214,0.333,1
"Gm21992",0.672149391661081,-0.296455408962316,0.214,0.333,1
"Pcsk1n",0.672149391661081,-0.660457355723446,0.214,0.333,1
"Dock11",0.672149391661081,-0.316637655459068,0.214,0.333,1
"Senp6",0.672177848643218,0.289080200272012,0.357,0.667,1
"Myl6",0.672177848643218,-0.347909254211989,0.357,0.667,1
"Itsn2",0.672177848643218,-0.292055661818276,0.357,0.667,1
"Rock2",0.672177848643218,-0.345084397996987,0.357,0.667,1
"Senp7",0.672177848643218,-0.29862082160197,0.357,0.667,1
"Pantr2",0.689847423563871,-0.297409013058753,0.5,0.667,1
"Cdc42bpa",0.689847423563871,-0.454037743268423,0.5,0.667,1
"Lrp4",0.689847423563871,-0.345848029076519,0.5,0.667,1
"Ankrd6",0.689847423563871,-0.372814576869541,0.5,0.667,1
"Zfp638",0.689847423563871,-0.401713019965702,0.5,0.667,1
"Hook3",0.689847423563871,-0.668089143330596,0.5,0.667,1
"Meg3",0.689847423563871,-0.789103197251997,0.5,0.667,1
"Zfp451",0.695930225265869,-0.396024535364558,0.286,0.333,1
"Hibch",0.695930225265869,-0.251686184958071,0.286,0.333,1
"Nbeal1",0.695930225265869,-0.355571049525622,0.286,0.333,1
"Cacna1e",0.695930225265869,-0.917937633746261,0.286,0.333,1
"Camsap1",0.695930225265869,-0.313697750463172,0.286,0.333,1
"Ralgps1",0.695930225265869,-0.268303515529153,0.286,0.333,1
"Dync1i2",0.695930225265869,-0.252213348253112,0.286,0.333,1
"Slc25a12",0.695930225265869,-0.571416416688445,0.286,0.333,1
"Ctdspl2",0.695930225265869,-0.262554012812374,0.286,0.333,1
"Pygb",0.695930225265869,-0.757348791282786,0.286,0.333,1
"Nnat",0.695930225265869,-1.0400662576472,0.286,0.333,1
"Elmo2",0.695930225265869,-0.415609890674949,0.286,0.333,1
"Stmn2",0.695930225265869,-0.554224404159925,0.286,0.333,1
"Zfp292",0.695930225265869,-0.293129668888797,0.286,0.333,1
"Nrd1",0.695930225265869,-0.962506591959762,0.286,0.333,1
"Cdc42",0.695930225265869,-0.49304292381537,0.286,0.333,1
"Per3",0.695930225265869,-0.321302190486983,0.286,0.333,1
"Actr3b",0.695930225265869,-1.11839882616112,0.286,0.333,1
"Rbpj",0.695930225265869,-0.918879007573219,0.286,0.333,1
"Uso1",0.695930225265869,-0.262033207723191,0.286,0.333,1
"Tnpo3",0.695930225265869,-0.281576409134757,0.286,0.333,1
"Lgi4",0.695930225265869,-0.54026449976292,0.286,0.333,1
"Zfp536",0.695930225265869,-1.36932478137657,0.286,0.333,1
"Cyfip1",0.695930225265869,-0.777617738560526,0.286,0.333,1
"Gm26827",0.695930225265869,-0.397623744717472,0.286,0.333,1
"Ntrk3",0.695930225265869,-1.01346230783378,0.286,0.333,1
"Ampd3",0.695930225265869,-0.779102780998056,0.286,0.333,1
"Hras",0.695930225265869,-0.317886635793217,0.286,0.333,1
"6820431F20Rik",0.695930225265869,-0.272482417535195,0.286,0.333,1
"Tmem38a",0.695930225265869,-0.353659220185637,0.286,0.333,1
"Aplp2",0.695930225265869,-0.314610687757554,0.286,0.333,1
"Gm12239",0.695930225265869,-0.771691453686954,0.286,0.333,1
"Cenpv",0.695930225265869,-0.418666215776833,0.286,0.333,1
"Phf12",0.695930225265869,-0.732789050076666,0.286,0.333,1
"Rhot1",0.695930225265869,-0.929332757052403,0.286,0.333,1
"Atp5h",0.695930225265869,-0.287750778914582,0.286,0.333,1
"Gtf2a1",0.695930225265869,-0.432762224723553,0.286,0.333,1
"Rian",0.695930225265869,-0.301154837407852,0.286,0.333,1
"Slc39a14",0.695930225265869,-0.309559554139495,0.286,0.333,1
"Yeats2",0.695930225265869,-0.751484255618186,0.286,0.333,1
"Timmdc1",0.695930225265869,-0.755217068303398,0.286,0.333,1
"Airn",0.695930225265869,-0.335752916364486,0.286,0.333,1
"Atp6v0e",0.695930225265869,-0.333039233143724,0.286,0.333,1
"Enpp5",0.695930225265869,-0.312195544828416,0.286,0.333,1
"Rhoq",0.695930225265869,-0.299232609424222,0.286,0.333,1
"Atp5a1",0.695930225265869,-0.580457822587086,0.286,0.333,1
"Snx32",0.695930225265869,-0.686935354332787,0.286,0.333,1
"Mxi1",0.695930225265869,-0.284383075364183,0.286,0.333,1
"Afap1l2",0.695930225265869,-0.276826797246512,0.286,0.333,1
"Fmr1",0.695930225265869,-0.359457660993609,0.286,0.333,1
"Iqsec2",0.695930225265869,-0.53916322257065,0.286,0.333,1
"R3hdm1",0.699244308909671,0.481665582899734,0.643,0.667,1
"Baz2b",0.699244308909671,0.341479014438502,0.643,0.667,1
"Ddx17",0.699244308909671,0.271266811960698,0.643,0.667,1
"Dock1",0.703721297153179,-0.496159559530333,0.786,0.667,1
"Clasp2",0.703721297153179,0.558655736565203,0.786,0.667,1
"Glud1",0.703721297153179,-0.266443170265167,0.786,0.667,1
"Mertk",0.705284787273665,-0.384049034825365,0.929,0.667,1
"Epha4",0.712466163708261,0.502973069906091,0.357,0.333,1
"Csrp1",0.712466163708261,0.749183262289654,0.357,0.333,1
"Dcaf6",0.712466163708261,0.329015219400006,0.357,0.333,1
"Gle1",0.712466163708261,0.263991100807389,0.357,0.333,1
"Prnp",0.712466163708261,0.451017548736412,0.357,0.333,1
"Matn4",0.712466163708261,0.743617601184802,0.357,0.333,1
"Mllt11",0.712466163708261,0.368917846309284,0.357,0.333,1
"Usp53",0.712466163708261,0.516192204873683,0.357,0.333,1
"Gm12353",0.712466163708261,0.487199295982018,0.357,0.333,1
"Maco1",0.712466163708261,0.450806654930945,0.357,0.333,1
"Spacdr",0.712466163708261,0.587959183999066,0.357,0.333,1
"9430041J12Rik",0.712466163708261,0.379661178460247,0.357,0.333,1
"Slc17a7",0.712466163708261,0.383459901511766,0.357,0.333,1
"Eif4g2",0.712466163708261,0.648672082410117,0.357,0.333,1
"Eea1",0.712466163708261,0.540555463456251,0.357,0.333,1
"Rpl41",0.712466163708261,0.333697243293158,0.357,0.333,1
"Rab5b",0.712466163708261,0.552839138433716,0.357,0.333,1
"Sumo2",0.712466163708261,0.382258332553608,0.357,0.333,1
"Asxl2",0.712466163708261,0.424807799818269,0.357,0.333,1
"Immp2l",0.712466163708261,0.773268164448358,0.357,0.333,1
"3110056K07Rik",0.712466163708261,0.312564177024339,0.357,0.333,1
"Ston2",0.712466163708261,0.58643002833396,0.357,0.333,1
"Txndc16",0.712466163708261,0.591415653111633,0.357,0.333,1
"Ednrb",0.712466163708261,0.383459901511766,0.357,0.333,1
"Ank",0.712466163708261,0.37673582806649,0.357,0.333,1
"Atg3",0.712466163708261,0.309564688894675,0.357,0.333,1
"Robo2",0.712466163708261,0.466049156975827,0.357,0.333,1
"Fam120b",0.712466163708261,0.596145958030967,0.357,0.333,1
"Snrpd1",0.712466163708261,0.782756967737946,0.357,0.333,1
"Pacs1",0.712466163708261,0.380584004322007,0.357,0.333,1
"Pgam1",0.712466163708261,0.250998871088871,0.357,0.333,1
"Rbm3",0.712466163708261,0.454171984941409,0.357,0.333,1
"Med14",0.712466163708261,0.321227043065076,0.357,0.333,1
"Gpatch2",0.724362762155978,0.309740656341894,0.429,0.333,1
"Dph6",0.724362762155978,0.286649710214784,0.429,0.333,1
"Zfyve9",0.724362762155978,0.720567288248636,0.429,0.333,1
"Srsf10",0.724362762155978,0.515528678210862,0.429,0.333,1
"Hectd4",0.724362762155978,0.482200464104493,0.429,0.333,1
"Vps29",0.724362762155978,0.427042064564744,0.429,0.333,1
"Wasl",0.724362762155978,0.588192250460373,0.429,0.333,1
"Chchd3",0.724362762155978,0.564844042834363,0.429,0.333,1
"Ranbp17",0.724362762155978,0.307535472343487,0.429,0.333,1
"Hlf",0.724362762155978,0.497593434078439,0.429,0.333,1
"Thra",0.724362762155978,0.360235596322386,0.429,0.333,1
"Arl15",0.724362762155978,0.491472950810874,0.429,0.333,1
"Lpp",0.724362762155978,0.69678324988576,0.429,0.333,1
"Cd47",0.724362762155978,0.566900365610419,0.429,0.333,1
"Xiap",0.724362762155978,0.429948209698359,0.429,0.333,1
"Tmsb4x",0.724362762155978,0.523707607664833,0.429,0.333,1
"Tanc1",0.733070587969495,0.51879425671517,0.5,0.333,1
"Ttc28",0.733070587969495,0.401396440601469,0.5,0.333,1
"Hivep2",0.733070587969495,0.396243549667673,0.5,0.333,1
"Cdk19",0.733070587969495,0.384906919496531,0.5,0.333,1
"Rock1",0.733070587969495,0.5194004806119,0.5,0.333,1
"Stk32a",0.733070587969495,0.399190441200028,0.5,0.333,1
"Dnajc1",0.739472649680582,0.524089466399795,0.571,0.333,1
"Nsmf",0.739472649680582,0.425712503489789,0.571,0.333,1
"Fign",0.739472649680582,0.411310184193044,0.571,0.333,1
"Ddah1",0.739472649680582,0.390187424961358,0.571,0.333,1
"Ssh2",0.739472649680582,0.515583517530691,0.571,0.333,1
"Clybl",0.739472649680582,0.462226857582021,0.571,0.333,1
"Slc8a1",0.739472649680582,0.454267766416188,0.571,0.333,1
"Dok6",0.739472649680582,0.406700135893212,0.571,0.333,1
"Dclk2",0.744145691316155,0.536872909453856,0.643,0.333,1
"Rab2a",0.744145691316155,0.446581039069241,0.571,0.667,1
"Kif1b",0.744145691316155,0.448631772851515,0.571,0.667,1
"Srgap3",0.744145691316155,0.320798052543375,0.571,0.667,1
"4930488L21Rik",0.744145691316155,-0.321617904207466,0.571,0.667,1
"Xkr6",0.744145691316155,0.393618318749889,0.643,0.333,1
"Pde7b",0.747490086653083,-0.443926258774218,0.714,0.333,1
"Agap1",0.749800250493344,0.508181918656435,0.714,0.667,1
"Slc7a10",0.749800250493344,0.39815915177784,0.714,0.667,1
"Exoc4",0.752195892749374,0.421829573596641,0.857,0.667,1
"Dock4",0.752195892749374,-0.432867537712191,0.857,0.667,1
"Pcdh7",0.752784132649847,0.408629053908268,0.929,1,1
"Myo9a",0.790207308356059,-0.341608736132287,0.5,0.667,1
"Fam184a",0.790207308356059,-0.311939287882154,0.5,0.667,1
"Prodh",0.790207308356059,-0.344952796146773,0.5,0.667,1
"Mllt10",0.796746106859104,-0.629906710407331,0.643,0.667,1
"Fut9",0.796746106859104,0.422085442389701,0.643,0.667,1
"Tmcc1",0.796746106859104,0.420841015864618,0.643,0.667,1
"Arglu1",0.796746106859104,0.547933157607934,0.643,0.667,1
"Nfat5",0.796746106859104,0.263583107795294,0.643,0.667,1
"Nedd4",0.796746106859104,0.442874316789647,0.643,0.667,1
"Kank1",0.796746106859104,0.463048274697323,0.643,0.667,1
"Ubxn4",0.799557391802833,-0.270388960432148,0.214,0.333,1
"Nsun6",0.799557391802833,-0.284548769056647,0.214,0.333,1
"Phc3",0.799557391802833,-0.253864039022918,0.214,0.333,1
"Gabpb2",0.799557391802833,-0.270915524084828,0.214,0.333,1
"Ube2j1",0.799557391802833,-0.28030945731002,0.214,0.333,1
"Ubc",0.799557391802833,-0.28280892966699,0.214,0.333,1
"Ift122",0.799557391802833,-0.265048075444854,0.214,0.333,1
"Denn2b",0.799557391802833,0.265159376429149,0.214,0.333,1
"Zfp771",0.799557391802833,-0.279532899823286,0.214,0.333,1
"Ankrd10",0.799557391802833,0.333873741347028,0.214,0.333,1
"Cox5a",0.799557391802833,-0.259353525618679,0.214,0.333,1
"Abhd14b",0.799557391802833,-0.283629288492727,0.214,0.333,1
"Trappc10",0.799557391802833,-0.262579482986801,0.214,0.333,1
"Metap2",0.799557391802833,-0.302397358130182,0.214,0.333,1
"Gna13",0.799557391802833,-0.257886435238501,0.214,0.333,1
"Brd1",0.799557391802833,-0.253864039022918,0.214,0.333,1
"Cyp4f15",0.799557391802833,-0.279863597666928,0.214,0.333,1
"Svil",0.799557391802833,0.284083888316464,0.214,0.333,1
"Rit2",0.799557391802833,-0.281996343765208,0.214,0.333,1
"Fibp",0.799557391802833,-0.356995831932925,0.214,0.333,1
"Neat1",0.799557391802833,0.296563671793023,0.214,0.333,1
"Got1",0.799557391802833,-0.255416082403042,0.214,0.333,1
"Phactr3",0.799855107882987,0.277929796015141,0.786,0.667,1
"Myo6",0.799855107882987,0.481813915256294,0.786,0.667,1
"Gm20713",0.800939921617237,0.286785470847059,0.929,0.667,1
"Tpr",0.814603002031844,-0.297990433272244,0.286,0.333,1
"Pip4p2",0.814603002031844,-0.455108974628891,0.286,0.333,1
"Igf1r",0.814603002031844,-0.484588705706899,0.286,0.333,1
"Gucy1a2",0.814603002031844,-0.571015204148681,0.286,0.333,1
"Otulin",0.814603002031844,-0.55254177854894,0.286,0.333,1
"Ppp1r10",0.814603002031844,-0.314065814582873,0.286,0.333,1
"Prelid3a",0.814603002031844,-0.446336546885298,0.286,0.333,1
"Pantr1",0.824993087788469,0.25002898238285,0.357,0.333,1
"Pam",0.824993087788469,0.297978169712782,0.357,0.333,1
"Cop1",0.824993087788469,-0.391032831932728,0.357,0.333,1
"Pip4k2a",0.824993087788469,-0.911781167661688,0.357,0.333,1
"Ambra1",0.824993087788469,-0.525248892260264,0.357,0.333,1
"Pdia3",0.824993087788469,-0.631127426934503,0.357,0.333,1
"Cdh4",0.824993087788469,0.79329582671151,0.357,0.333,1
"Ctso",0.824993087788469,0.68585256706559,0.357,0.333,1
"Zzz3",0.824993087788469,0.565605895737142,0.357,0.333,1
"Slc44a1",0.824993087788469,-1.19017434088085,0.357,0.333,1
"Ccnl2",0.824993087788469,0.384823415895143,0.357,0.333,1
"Dmtf1",0.824993087788469,0.487613398645841,0.357,0.333,1
"Sema3d",0.824993087788469,0.289141860844058,0.357,0.333,1
"Ldb2",0.824993087788469,0.289478533021316,0.357,0.333,1
"Dhx15",0.824993087788469,-0.602938909117068,0.357,0.333,1
"Stim2",0.824993087788469,0.363099789834516,0.357,0.333,1
"Uchl1",0.824993087788469,0.411794145139409,0.357,0.333,1
"Gabrg1",0.824993087788469,0.370220720805123,0.357,0.333,1
"Cenpc1",0.824993087788469,-0.582933250637667,0.357,0.333,1
"Mtf2",0.824993087788469,0.403864947080864,0.357,0.333,1
"Sun1",0.824993087788469,0.515592715386998,0.357,0.333,1
"Gabrb3",0.824993087788469,0.595960503756588,0.357,0.333,1
"Crebzf",0.824993087788469,0.488442885731247,0.357,0.333,1
"Rab30",0.824993087788469,0.292792061021592,0.357,0.333,1
"Pak1",0.824993087788469,-0.283803306406008,0.357,0.333,1
"Nup98",0.824993087788469,0.58447887738399,0.357,0.333,1
"Ptpre",0.824993087788469,-0.401281197695903,0.357,0.333,1
"Adgra1",0.824993087788469,0.493542490704776,0.357,0.333,1
"4932443L11Rik",0.824993087788469,0.602748746297455,0.357,0.333,1
"Bbs9",0.824993087788469,0.293906537649916,0.357,0.333,1
"Vps13c",0.824993087788469,0.323900181042135,0.357,0.333,1
"Fam214a",0.824993087788469,0.269322749385444,0.357,0.333,1
"Hbs1l",0.824993087788469,0.268609049736128,0.357,0.333,1
"Cox10",0.824993087788469,0.31385138344523,0.357,0.333,1
"Rab34",0.824993087788469,0.385728943967,0.357,0.333,1
"Fam20a",0.824993087788469,0.638379944925156,0.357,0.333,1
"H3f3b",0.824993087788469,0.440709000049574,0.357,0.333,1
"Galnt16",0.824993087788469,-0.850618904800429,0.357,0.333,1
"Srsf5",0.824993087788469,0.505984303590336,0.357,0.333,1
"Carmil1",0.824993087788469,-0.477292159446583,0.357,0.333,1
"Cdkal1",0.824993087788469,0.551170819192696,0.357,0.333,1
"Ptch1",0.824993087788469,0.45837134015357,0.357,0.333,1
"Brd9",0.824993087788469,0.389113456805697,0.357,0.333,1
"Cox7c",0.824993087788469,-0.567942785403803,0.357,0.333,1
"Slc4a7",0.824993087788469,0.300410597503535,0.357,0.333,1
"Usp54",0.824993087788469,0.706206742046275,0.357,0.333,1
"Samd4",0.824993087788469,-0.606067846896031,0.357,0.333,1
"Chd8",0.824993087788469,0.312229288537235,0.357,0.333,1
"Dach1",0.824993087788469,0.37586894647794,0.357,0.333,1
"Cdh18",0.824993087788469,0.582872495623074,0.357,0.333,1
"Atxn10",0.824993087788469,0.731164023521614,0.357,0.333,1
"Scaf11",0.824993087788469,0.412558727223795,0.357,0.333,1
"Cers5",0.824993087788469,-0.711332525697463,0.357,0.333,1
"Mapk1",0.824993087788469,-0.344982866008634,0.357,0.333,1
"Pi4ka",0.824993087788469,-0.546116336519155,0.357,0.333,1
"Rpl35a",0.824993087788469,0.404060357934721,0.357,0.333,1
"Osbpl11",0.824993087788469,-0.416062215784348,0.357,0.333,1
"Hacd2",0.824993087788469,0.284905068593708,0.357,0.333,1
"Atl2",0.824993087788469,0.332634130741808,0.357,0.333,1
"Cables1",0.824993087788469,0.284808347161246,0.357,0.333,1
"Prdx5",0.824993087788469,-0.890636400008828,0.357,0.333,1
"Stambpl1",0.824993087788469,0.497693463857925,0.357,0.333,1
"Hectd2os",0.824993087788469,-0.786862293602829,0.357,0.333,1
"Araf",0.824993087788469,0.499867763025244,0.357,0.333,1
"Slc30a10",0.832434350150446,0.330846038917824,0.429,0.333,1
"Mapkap1",0.832434350150446,0.484849370644457,0.429,0.333,1
"N4bp2l2",0.832434350150446,0.305647032582281,0.429,0.333,1
"Braf",0.832434350150446,0.263448858855464,0.429,0.333,1
"Arpp21",0.832434350150446,0.3180650594261,0.429,0.333,1
"Pnpla8",0.832434350150446,0.462494280555803,0.429,0.333,1
"Nudt5",0.837864108548333,0.534444295657435,0.5,0.333,1
"Glrb",0.837864108548333,0.308426122117699,0.5,0.333,1
"Sec24b",0.837864108548333,0.274125101619464,0.5,0.333,1
"Nfkb1",0.837864108548333,0.483304749346618,0.5,0.333,1
"Mef2a",0.837864108548333,0.325066131436749,0.5,0.333,1
"Insr",0.837864108548333,0.260811954653462,0.5,0.333,1
"Elavl1",0.837864108548333,0.46271412904089,0.5,0.333,1
"Smarcc1",0.837864108548333,0.311592617510526,0.5,0.333,1
"Syt1",0.837864108548333,0.333459032324148,0.5,0.333,1
"Aqp4",0.837864108548333,0.284216905926351,0.5,0.333,1
"Fam13b",0.837864108548333,0.419250538556432,0.5,0.333,1
"Ubn2",0.841847344597173,-0.256518849404902,0.571,0.333,1
"Cd2ap",0.841847344597173,0.41097530280255,0.571,0.333,1
"Sycp2",0.84475027141634,-0.356818890200626,0.571,0.667,1
"Gm20754",0.84475027141634,0.559026266727326,0.571,0.667,1
"Syt11",0.84475027141634,0.307415637867231,0.571,0.667,1
"Itpr2",0.84475027141634,0.664834123580744,0.571,0.667,1
"Cox4i1",0.84475027141634,-0.273507818312695,0.571,0.667,1
"Gm48678",0.84475027141634,0.675762697635341,0.571,0.667,1
"Ranbp9",0.84475027141634,-0.256748495230293,0.5,1,1
"Fam172a",0.84475027141634,0.598478638415091,0.571,0.667,1
"ENSMUSG00000121513",0.84475027141634,-0.555098619734826,0.643,0.333,1
"Hsp90ab1",0.84475027141634,-0.691187188265937,0.643,0.333,1
"Dpyd",0.848257926647591,0.25260463789612,0.714,0.667,1
"Rere",0.848257926647591,-0.285430989784544,0.643,1,1
"Ankrd11",0.848257926647591,-0.807344303003707,0.714,0.667,1
"Lama2",0.848257926647591,0.485373625421267,0.714,0.667,1
"Ahi1",0.849190831148212,0.271210340188673,0.714,1,1
"Ctnnbl1",0.887827564119861,-0.314208942506939,0.357,0.667,1
"Nae1",0.887827564119861,-0.327674197467325,0.357,0.667,1
"Cep350",0.894177001216001,0.296434510939755,0.5,0.667,1
"Eif2s3y",0.894177001216001,0.260417769454263,0.5,0.667,1
"Tmeff2",0.897531528001886,-0.39605911481082,0.643,0.667,1
"Srpk2",0.897531528001886,-0.327207955248143,0.643,0.667,1
"Arnt2",0.897531528001886,-0.616959881260081,0.643,0.667,1
"Ccar1",0.897531528001886,-0.337864948071068,0.643,0.667,1
"Vcl",0.897531528001886,0.312501290445233,0.643,0.667,1
"Crebbp",0.897531528001886,0.310146492903217,0.643,0.667,1
"Mapt",0.899124567706648,-0.462647404586928,0.786,0.667,1
"Igsf8",0.932547607527159,0.27630077646033,0.214,0.333,1
"Amy1",0.932547607527159,0.413629612956198,0.214,0.333,1
"Antxr1",0.932547607527159,0.300351839280184,0.214,0.333,1
"Rsf1os1",0.932547607527159,0.476557537455024,0.214,0.333,1
"Trpc1",0.932547607527159,0.265725026236981,0.214,0.333,1
"Kcnk10",0.932547607527159,0.353021290161103,0.214,0.333,1
"Gm49356",0.932547607527159,0.437847075939085,0.214,0.333,1
"Gm15738",0.932547607527159,0.306536838623916,0.214,0.333,1
"Hunk",0.932547607527159,0.313004169064189,0.214,0.333,1
"Olig2",0.932547607527159,0.473374902166734,0.214,0.333,1
"Flrt3",0.93769758416334,0.394880535999612,0.286,0.333,1
"6430590A07Rik",0.93769758416334,0.444968932131096,0.286,0.333,1
"Znhit6",0.93769758416334,0.407134907079912,0.286,0.333,1
"Mllt3",0.93769758416334,0.793166007900157,0.286,0.333,1
"Nsd2",0.93769758416334,0.354104384621095,0.286,0.333,1
"Atp5j2",0.93769758416334,0.505961842890283,0.286,0.333,1
"1110019D14Rik",0.93769758416334,0.296606098433554,0.286,0.333,1
"Pik3c2a",0.93769758416334,0.458307389995798,0.286,0.333,1
"Ppp2r2d",0.93769758416334,0.41442899369355,0.286,0.333,1
"Rab3a",0.93769758416334,0.294835192403905,0.286,0.333,1
"Gnpat",0.93769758416334,0.263289766846318,0.286,0.333,1
"Kif3a",0.93769758416334,-0.295858081583848,0.286,0.333,1
"Usp32",0.93769758416334,0.285689475098174,0.286,0.333,1
"Ppp2r5e",0.93769758416334,0.345453093081429,0.286,0.333,1
"Ttll5",0.93769758416334,0.265241882076921,0.286,0.333,1
"Ptprn2",0.93769758416334,0.516245046396361,0.286,0.333,1
"Ryr2",0.93769758416334,0.299838973943899,0.286,0.333,1
"Gm48765",0.93769758416334,0.363285473666202,0.286,0.333,1
"Adgrv1",0.93769758416334,0.569952060451515,0.286,0.333,1
"Fcho2",0.93769758416334,0.909000079385926,0.286,0.333,1
"Cacna2d3",0.93769758416334,0.366682240146729,0.286,0.333,1
"Tpt1",0.93769758416334,0.2868754553405,0.286,0.333,1
"Golph3",0.93769758416334,0.251188245370343,0.286,0.333,1
"Yaf2",0.93769758416334,0.501747969971327,0.286,0.333,1
"Pdxdc1",0.93769758416334,0.339353476200126,0.286,0.333,1
"Hlcs",0.93769758416334,0.268014102734985,0.286,0.333,1
"Dhx57",0.93769758416334,0.250947340228219,0.286,0.333,1
"Esco1",0.93769758416334,0.341105537597199,0.286,0.333,1
"Osbpl1a",0.93769758416334,0.285850725818688,0.286,0.333,1
"Fbxo38",0.93769758416334,0.504493956982082,0.286,0.333,1
"Cfl1",0.93769758416334,0.261147619595297,0.286,0.333,1
"Aldh1a1",0.93769758416334,0.53225622436454,0.286,0.333,1
"Oga",0.93769758416334,0.548606102587576,0.286,0.333,1
"Prrx1",0.941241780663704,-0.46086535052346,0.357,0.333,1
"Lnx1",0.941241780663704,0.489664032157549,0.357,0.333,1
"Dgki",0.941241780663704,0.32928210873094,0.357,0.333,1
"Cacna1c",0.941241780663704,-0.314274869187652,0.357,0.333,1
"Leng8",0.941241780663704,-0.343544805927909,0.357,0.333,1
"Msmo1",0.941241780663704,0.288086560004322,0.357,0.333,1
"Tmem108",0.941241780663704,0.480142602645787,0.357,0.333,1
"Map3k5",0.941241780663704,0.292447311953951,0.357,0.333,1
"Snx13",0.941241780663704,0.261177466255429,0.357,0.333,1
"Ppm1a",0.941241780663704,0.252369657425803,0.357,0.333,1
"Eci2",0.941241780663704,-0.42586620768944,0.357,0.333,1
"Cacna1d",0.941241780663704,0.274962606536926,0.357,0.333,1
"Baalc",0.941241780663704,-0.287801657002166,0.357,0.333,1
"Srebf2",0.941241780663704,-0.382572711836843,0.357,0.333,1
"Rapgef3",0.941241780663704,0.284536649648738,0.357,0.333,1
"Tulp4",0.941241780663704,-0.585992049854321,0.357,0.333,1
"Bicral",0.941241780663704,-0.280979889762226,0.357,0.333,1
"Gm1992",0.943774352816536,0.293420184951811,0.429,0.333,1
"Lmbrd1",0.943774352816536,-0.360793075170857,0.429,0.333,1
"Cstf3",0.943774352816536,0.315393240330575,0.429,0.333,1
"Abhd12",0.943774352816536,0.25533328557794,0.429,0.333,1
"Bcas1",0.943774352816536,-1.74960803998692,0.429,0.333,1
"Cacna2d1",0.943774352816536,-0.935782555434322,0.429,0.333,1
"Sorcs2",0.943774352816536,-0.748692281921292,0.429,0.333,1
"Sez6l",0.943774352816536,-0.297335953617636,0.429,0.333,1
"Dynll1",0.943774352816536,-0.850512475070983,0.429,0.333,1
"Chaserr",0.943774352816536,-0.315346997587747,0.429,0.333,1
"Tmem135",0.943774352816536,0.384203731800942,0.429,0.333,1
"Kcnq1ot1",0.943774352816536,0.498550635452318,0.429,0.333,1
"Sorbs2",0.943774352816536,0.424935096770132,0.429,0.333,1
"Epb41l2",0.943774352816536,-1.1334793326544,0.429,0.333,1
"Kif13a",0.943774352816536,-0.52833377122058,0.429,0.333,1
"Scn8a",0.943774352816536,-0.637865226251459,0.429,0.333,1
"Wac",0.943774352816536,-0.511680769943611,0.429,0.333,1
"Fgf1",0.943774352816536,-0.353640694668023,0.429,0.333,1
"Kcnd3",0.945619449388259,0.274621018565199,0.5,0.333,1
"Zfp266",0.945619449388259,0.29689633214291,0.5,0.333,1
"Sema5a",0.945619449388259,0.268411548897654,0.5,0.333,1
"Gapdh",0.946971513555252,-0.468074383643234,0.571,0.333,1
"Rpl13",0.946971513555252,-0.348803392567161,0.571,0.333,1
"Mbnl2",0.946971513555252,-0.374283578940866,0.571,0.333,1
"Lamp2",0.946971513555252,-0.51666031009417,0.571,0.333,1
"Fth1",0.947956108155028,0.327622030293378,0.571,0.667,1
"Zfpm2",0.949144963802933,0.569377789746382,0.714,0.667,1
"Tnik",0.949647819101853,0.294863956936615,0.786,1,1
"Sash1",0.949647819101853,-0.734346204976043,0.786,1,1
"Grik2",0.949647819101853,-0.275554435144636,0.857,0.667,1
"Adgrb3",0.949771219363484,-0.317446784397913,0.929,1,1
"Dlg2",0.949771219363484,0.295630705330689,1,1,1
"Thsd7b",1,-1.04938255628604,0.5,0.333,1
"Rgs7",1,0.26003282074531,0.929,0.667,1
"Prkcq",1,-0.343355411154656,0.429,0.333,1
"Ergic3",1,0.278688113920457,0.286,0.333,1
"Gm37240",1,0.41952374666763,0.429,0.333,1
"Gatad2b",1,0.358182953399016,0.286,0.333,1
"Tmem245",1,-0.250845144636008,0.357,0.333,1
"Zmym4",1,-0.326728661878736,0.429,0.333,1
"Rap1gap",1,0.255326988367816,0.357,0.333,1
"Stx18",1,0.271453809710293,0.286,0.333,1
"Klhl5",1,-0.296726630854423,0.429,0.333,1
"Atp8a1",1,0.263975219626451,0.357,0.333,1
"Gjc3",1,0.319942708232442,0.5,0.667,1
"Nrf1",1,0.33783542072174,0.429,0.333,1
"Mitf",1,0.477409319655184,0.429,0.667,1
"Ube3a",1,0.257575985757799,0.357,0.333,1
"Arl6ip1",1,-0.285998079066771,0.5,0.333,1
"Naca",1,0.389352425494589,0.286,0.333,1
"Atp1b2",1,0.336927127747821,0.286,0.333,1
"Mia2",1,0.264915272417205,0.286,0.333,1
"Vti1b",1,-0.277000688853648,0.5,0.333,1
"Arsb",1,0.295858838689521,0.357,0.333,1
"Zswim6",1,-0.775022161226031,0.5,0.333,1
"Pabpn1",1,0.281091591246607,0.286,0.333,1
"Trappc9",1,-0.328599828036509,0.5,0.333,1
"Srrm2",1,-0.69165049372362,0.643,0.667,1
"A930015D03Rik",1,0.634261150749016,0.286,0.333,1
"Daam2",1,0.329688432904092,0.5,0.667,1
"Rprd1a",1,0.378729072289172,0.357,0.333,1
"Gramd3",1,0.352364663653472,0.5,0.667,1
"Cox8a",1,0.566341418103051,0.357,0.333,1
"Rorb",1,-0.28972162514287,1,1,1
"Gria3",1,-0.45320592033632,0.5,0.333,1
