"","p_val","avg_log2FC","pct.1","pct.2","p_val_adj"
"Zdhhc20",0.000298040840096941,1.23314159120115,0.581,0.133,1
"Lsamp",0.000319015876209877,0.499934856682294,1,1,1
"Snhg6",0.000399927834445887,1.29709741358817,0.355,0,1
"Cnot6",0.00115238822613435,-1.17132574380733,0,0.3,1
"Tef",0.00158495109531586,1.18036450507388,0.484,0.1,1
"Sparcl1",0.00174861039227536,0.928996183491579,0.903,0.567,1
"Camsap2",0.00187264578902805,-1.11753323961738,0.032,0.333,1
"Tmem241",0.00187264578902805,-1.08436515438213,0.032,0.333,1
"Snx32",0.00190608165066961,-1.25116684432775,0.097,0.433,1
"Mllt3",0.0023197959350934,1.08821129845251,0.645,0.233,1
"Pfkp",0.00285831991168852,0.991569656894545,0.355,0.033,1
"Carmil1",0.0030584139121089,-0.993489102712838,0.129,0.467,1
"Unc13c",0.00316666148854361,1.26062894998421,0.71,0.4,1
"Bmt2",0.00329678650887556,1.0134574261303,0.258,0,1
"Ndufa11",0.00329678650887556,1.22024420853836,0.258,0,1
"Apod",0.00366930530893333,1.23063372594949,0.323,0.033,1
"Ppm1h",0.00433120161496205,-1.30449125102239,0.032,0.3,1
"Rbm5",0.00436038530369653,-0.883916786738768,0.355,0.667,1
"Fbxl4",0.00481445906888488,1.01022434258522,0.323,0.033,1
"Snapc5",0.00487660160636548,-1.06114729916419,0,0.233,1
"Twf2",0.00487660160636548,-0.894338901009346,0,0.233,1
"Park7",0.00495157433023203,0.938120357016537,0.355,0.067,1
"Fgd6",0.00511231251758547,-1.17394151620123,0.258,0.567,1
"Acss2",0.00518997072563574,-1.09441780108722,0.258,0.6,1
"Kcnip4",0.00581145224172031,-1.27622771062861,0.226,0.533,1
"Abtb2",0.00593346446017294,0.829647823889848,0.387,0.067,1
"Gpi1",0.00595547594737604,-0.96879325697969,0.097,0.433,1
"Luzp2",0.00599168632004208,0.601354128516638,1,0.967,1
"Fam20a",0.00631556390051386,-0.679563354742767,0.226,0.633,1
"Nap1l5",0.00634426982993542,1.07696664017669,0.387,0.1,1
"Lap3",0.00645268468381515,0.743404482187779,0.226,0,1
"Cux2",0.00645268468381515,0.789202431306124,0.226,0,1
"Pkp4",0.00654061868195805,-0.924882988798441,0.129,0.433,1
"Kifc3",0.00670281293213799,-1.10305213365212,0.161,0.433,1
"Csmd3",0.00771952720800588,0.806996398118972,0.903,0.567,1
"Ncoa2",0.00774977482663621,-1.10298190607114,0.161,0.467,1
"Fyn",0.00787059460784218,0.965447889336498,0.452,0.133,1
"Rnps1",0.0080114087031784,0.82833953923397,0.29,0.033,1
"Rhoq",0.0080485678769375,-0.886169179046888,0.065,0.333,1
"Atp6v0a1",0.0087472115269134,0.915293519711599,0.452,0.133,1
"Gabrg1",0.00908811265218126,0.861461802646319,0.355,0.067,1
"Rasa2",0.00916975021880618,0.923639333093839,0.581,0.233,1
"Dlc1",0.00976734438475752,-0.811233794306039,0.032,0.267,1
"Golga2",0.00981638188036982,-0.729019954222731,0,0.2,1
"2810004N23Rik",0.00981638188036982,-0.875130796407046,0,0.2,1
"Cnpy2",0.00981638188036982,-0.94822450410205,0,0.2,1
"Tbc1d31",0.00981638188036982,-0.783797043262021,0,0.2,1
"Spats2",0.00981638188036982,-0.955560025778165,0,0.2,1
"Chmp2b",0.00981638188036982,-0.902535432496582,0,0.2,1
"Ermard",0.00981638188036982,-0.798470363861568,0,0.2,1
"Rpl10a",0.00981638188036982,-0.747770756513275,0,0.2,1
"Marf1",0.0102159594486837,0.804984688337943,0.355,0.067,1
"Tlk2",0.0108253070065444,0.852142346897054,0.355,0.067,1
"Dynll1",0.0111307596246302,1.02881929313907,0.387,0.1,1
"Cacng7",0.0111746167790454,-0.950253161341634,0.032,0.267,1
"Atp13a3",0.0118055151639406,-1.07701380038556,0.065,0.3,1
"Ppp6r2",0.0122612829847815,-0.843952161466539,0.065,0.333,1
"Ndufc2",0.0124055698147144,0.937328779125507,0.387,0.1,1
"Ilkap",0.0124726092510204,0.62969516343197,0.194,0,1
"Ncf2",0.0124726092510204,0.874288669469022,0.194,0,1
"Eml2",0.0124726092510204,0.775519034744387,0.194,0,1
"Gm21984",0.0124726092510204,0.72043894953652,0.194,0,1
"9630013A20Rik",0.0124726092510204,1.03648903165653,0.194,0,1
"Ypel5",0.0124726092510204,0.711990933396154,0.194,0,1
"Cox7a2l",0.0124726092510204,0.814527912148616,0.194,0,1
"Tbc1d19",0.0127591538401246,-0.772809512766094,0.032,0.267,1
"Ndufv1",0.0131851158278894,0.931596758005353,0.258,0.033,1
"Rn18s-rs5",0.0133571921627823,-0.356607351281963,1,1,1
"Csde1",0.0137793388059215,0.824420448130618,0.323,0.067,1
"Adam22",0.0137793388059215,0.899660766774175,0.323,0.067,1
"Cpeb3",0.0144127798088724,1.01380319126352,0.548,0.233,1
"Atg13",0.0145393869700804,-0.693596443126778,0.032,0.267,1
"Slc22a23",0.0145810076933176,-0.884384083149224,0.29,0.567,1
"Ppp2r3a",0.0148472879741381,0.775858213431898,0.677,0.4,1
"Srek1ip1",0.0150173125381606,0.769554720466167,0.258,0.033,1
"Enpp2",0.0154304975094338,0.875341360244729,0.645,0.333,1
"Gm49356",0.0154610280179495,0.806963946200499,0.323,0.067,1
"Psma7",0.015583708294618,1.08144206839523,0.355,0.1,1
"Mgll",0.0158271664688706,0.735819266733641,0.677,0.333,1
"Brinp3",0.0158938921121967,0.94233646719148,0.581,0.3,1
"Rpa1",0.0160148459263234,1.00260081894241,0.258,0.033,1
"Cmss1",0.0161403401134338,-0.988725145767792,0.419,0.667,1
"Mapk1ip1l",0.0170701727724115,0.804108991011055,0.258,0.033,1
"Gbe1",0.0170701727724115,0.684238314886135,0.258,0.033,1
"Dennd1a",0.0173039072181442,-0.658313132924085,0.677,0.8,1
"Ralgapa2",0.0176429924316491,-0.898477958366144,0.032,0.233,1
"Zfp933",0.0176429924316491,-0.877283438008674,0.032,0.233,1
"Pcyox1",0.0176429924316491,-0.832585137910238,0.032,0.233,1
"Tango2",0.0176429924316491,-0.90779728346461,0.032,0.233,1
"Zfp654",0.0176429924316491,-0.807377344070009,0.032,0.233,1
"C2cd5",0.0179434038698234,-0.904222078680247,0.129,0.367,1
"Nr3c2",0.0183030986942573,0.749134677054652,0.742,0.467,1
"Ankrd52",0.0188524555600613,-0.760577042560543,0.032,0.233,1
"Rb1cc1",0.0189551770185581,-0.860821994908952,0.161,0.467,1
"Gbf1",0.0190153751415006,-0.947320705790283,0.161,0.4,1
"Aatf",0.0193738757642017,0.717359632518964,0.323,0.067,1
"Hmgcs1",0.019520372651007,-0.912100871893048,0.161,0.433,1
"Fam133b",0.019540861397729,-0.903053803622752,0.065,0.3,1
"Uap1",0.0195487510135428,-0.75712760785997,0,0.167,1
"Ugcg",0.0195487510135428,-0.675627648376372,0,0.167,1
"Oma1",0.0195487510135428,-0.671095373834664,0,0.167,1
"Mrps15",0.0195487510135428,-0.849645972989328,0,0.167,1
"Zscan25",0.0195487510135428,-0.817524436979082,0,0.167,1
"Ptcd3",0.0195487510135428,-0.704071704085696,0,0.167,1
"Stx4a",0.0195487510135428,-0.594679685509457,0,0.167,1
"Zcchc14",0.0195487510135428,-0.901496332624893,0,0.167,1
"Sipa1l2",0.0195487510135428,-0.635055032675556,0,0.167,1
"Tspan15",0.0195487510135428,-0.849459429658974,0,0.167,1
"Rab3ip",0.0195487510135428,-0.699768612871301,0,0.167,1
"ENSMUSG00000120312",0.0195487510135428,-0.773698450422946,0,0.167,1
"Abca5",0.0195487510135428,-0.672604132142978,0,0.167,1
"Mboat1",0.0195487510135428,-0.723428279932068,0,0.167,1
"Sorbs3",0.0195487510135428,-0.833619647079386,0,0.167,1
"Lgi3",0.0195487510135428,-0.662378109259701,0,0.167,1
"Rgcc",0.0195487510135428,-0.789287814608247,0,0.167,1
"Usp7",0.0195487510135428,-0.803097315336082,0,0.167,1
"Hspbap1",0.0195487510135428,-1.00601184975989,0,0.167,1
"Naa50",0.0195487510135428,-0.681666587441612,0,0.167,1
"Zfp942",0.0195487510135428,-0.701693437760484,0,0.167,1
"Khsrp",0.0195487510135428,-0.773950711906967,0,0.167,1
"Mbd2",0.0195487510135428,-0.686908426531663,0,0.167,1
"2810403D21Rik",0.0195487510135428,-0.725637098008418,0,0.167,1
"Apex2",0.0195487510135428,-0.662456822715524,0,0.167,1
"Rpl19",0.0203081172640473,0.894605478653285,0.355,0.1,1
"Ankib1",0.0208160452865201,0.908498905539304,0.452,0.167,1
"9630028H03Rik",0.0210086678613679,0.836301935755908,0.516,0.2,1
"Vps41",0.0212957584988654,-0.76360954614021,0.065,0.3,1
"Tmem208",0.0213086239420748,-0.935796728422534,0.194,0.433,1
"Xrcc5",0.0214905333396123,-0.781173848582215,0.032,0.233,1
"Psmd9",0.0214905333396123,-0.8322377088041,0.032,0.233,1
"Stimate",0.0214905333396123,-0.758100211594106,0.032,0.233,1
"Cdk11b",0.0219960497913783,-0.853143783183191,0.129,0.367,1
"Bclaf3",0.0221931294244501,-0.850042932729099,0.032,0.233,1
"Pum1",0.0227372361330222,0.656809987120499,0.548,0.2,1
"Gm17231",0.0229261644788561,-0.727981916893645,0.032,0.233,1
"Chd8",0.0230728535906121,-0.958972387253939,0.161,0.4,1
"Atrnl1",0.0231353613450945,-1.14497096324241,0.065,0.267,1
"Nrg3",0.0237061793119021,-0.952758280585289,0.129,0.367,1
"Ptpn1",0.0237062709853885,0.869752697514048,0.355,0.1,1
"Gm48742",0.0237410208916441,0.803800497942852,0.516,0.233,1
"Prkcq",0.0238778118047638,0.755321634025542,0.161,0,1
"4930473A02Rik",0.0238778118047638,0.638827323147249,0.161,0,1
"Zfp217",0.0238778118047638,0.893777749665354,0.161,0,1
"Rbm8a",0.0238778118047638,0.684875943215498,0.161,0,1
"Lamtor3",0.0238778118047638,0.747629561450016,0.161,0,1
"Trp53inp1",0.0238778118047638,0.59102687416582,0.161,0,1
"Zmpste24",0.0238778118047638,0.893411798840617,0.161,0,1
"Cit",0.0238778118047638,0.791337975743633,0.161,0,1
"Ppp1cc",0.0238778118047638,0.649054775481323,0.161,0,1
"C1galt1",0.0238778118047638,0.580433247718187,0.161,0,1
"Gt(ROSA)26Sor",0.0238778118047638,0.63741101553613,0.161,0,1
"Foxj2",0.0238778118047638,0.661613680271505,0.161,0,1
"Ccdc106",0.0238778118047638,0.755923642216456,0.161,0,1
"ENSMUSG00000120250",0.0238778118047638,0.813655567097888,0.161,0,1
"Gm45153",0.0238778118047638,0.880614600892544,0.161,0,1
"Rad23a",0.0238778118047638,0.652181780607786,0.161,0,1
"Aars",0.0238778118047638,0.622285011595212,0.161,0,1
"Stt3a",0.0238778118047638,0.677123213371878,0.161,0,1
"Tmem218",0.0238778118047638,0.729832453662376,0.161,0,1
"Idh3a",0.0238778118047638,0.56079836247887,0.161,0,1
"Lca5",0.0238778118047638,0.644456184555851,0.161,0,1
"Trim43c",0.0238778118047638,0.723812691778449,0.161,0,1
"Ppm1m",0.0238778118047638,0.778721323178505,0.161,0,1
"Sf3b5",0.0238778118047638,0.617432467481545,0.161,0,1
"Smpdl3a",0.0238778118047638,0.653403932756677,0.161,0,1
"Cry1",0.0238778118047638,0.858293266340379,0.161,0,1
"Fam228a",0.0238778118047638,0.937698246973079,0.161,0,1
"Synj2bp",0.0238778118047638,0.73841077049494,0.161,0,1
"Zfp808",0.0238778118047638,0.754906145066876,0.161,0,1
"Zfp706",0.0238778118047638,0.542874552680126,0.161,0,1
"Ndrg1",0.0238778118047638,0.684391886626594,0.161,0,1
"Xxylt1",0.0238778118047638,0.558841857350957,0.161,0,1
"Gm36963",0.0238778118047638,0.758183639956545,0.161,0,1
"Prrt1",0.0238778118047638,0.665773373810195,0.161,0,1
"Snrpd1",0.0238778118047638,0.838158370170878,0.161,0,1
"Syt4",0.0238778118047638,0.748305039911876,0.161,0,1
"Socs6",0.0238778118047638,0.933665507884016,0.161,0,1
"F3",0.0239644332275357,0.89942370131435,0.548,0.267,1
"ENSMUSG00000120150",0.0244443833774577,0.720534233491219,0.226,0.033,1
"Zfyve1",0.0244443833774577,0.648786390099923,0.226,0.033,1
"2210408I21Rik",0.024465284838512,-0.810950740165044,0.194,0.433,1
"Nipbl",0.0246811713998226,-0.61194616258681,0.452,0.633,1
"Agpat5",0.0258707411323204,0.885365500328503,0.387,0.133,1
"Cpd",0.0258707411323204,0.905010384568091,0.387,0.133,1
"Anapc1",0.0259220537464381,0.690911363886469,0.29,0.067,1
"Smc5",0.0260158649096957,-0.834132662912516,0.097,0.333,1
"Mllt11",0.0260489705112472,-0.780508371875409,0.032,0.233,1
"Dram2",0.0260489705112472,0.939544546763174,0.226,0.033,1
"Ccdc174",0.0260489705112472,0.812589070682147,0.226,0.033,1
"Rad54l2",0.0260489705112472,0.861407366968464,0.226,0.033,1
"Mipol1",0.0260489705112472,0.725239833314556,0.226,0.033,1
"Mbnl2",0.0264153027779702,0.575429929375723,0.806,0.667,1
"Tmem161b",0.0268227112226896,-0.862040504139797,0.129,0.367,1
"Hif3a",0.0273940165168384,0.65042002868676,0.29,0.067,1
"Sgcz",0.0277438140296995,-0.625358786289557,0.032,0.233,1
"Ttll8",0.028462255453414,0.862875892549193,0.387,0.133,1
"Plxnb1",0.0289375375067066,0.936251783566127,0.29,0.067,1
"Snrk",0.0289375375067066,0.852285080631872,0.29,0.067,1
"Glod4",0.0289375375067066,0.6342860601025,0.29,0.067,1
"Senp2",0.0291326531533926,-0.77035422498386,0.065,0.267,1
"Creb1",0.0292991297150662,-0.757710466474919,0.194,0.433,1
"Med1",0.0295329085975216,0.767732625304983,0.226,0.033,1
"Polr3a",0.0295329085975216,0.840653698835929,0.226,0.033,1
"Gm15601",0.0295329085975216,0.931200202700985,0.226,0.033,1
"Rps14",0.0295329085975216,0.65227113793483,0.226,0.033,1
"Vamp4",0.0295841771514047,0.885090527324505,0.323,0.1,1
"Peli1",0.0300484373884516,1.00581745017709,0.452,0.2,1
"Cdc42bpb",0.0305553460508229,0.802469219029723,0.29,0.067,1
"Tnfaip8",0.0306288069380003,-0.871098724853314,0.194,0.433,1
"Fbxo9",0.0308260814008086,-0.910672429974721,0.065,0.267,1
"Micu1",0.0312743580291469,0.743046342728948,0.387,0.133,1
"Gulp1",0.0313843736494583,0.876662419906906,0.452,0.2,1
"Miip",0.0314203539064034,0.748368555105963,0.226,0.033,1
"Myt1l",0.0314203539064034,0.740328555528868,0.226,0.033,1
"Kctd1",0.0314203539064034,0.726974398449364,0.226,0.033,1
"Rab33a",0.0314203539064034,0.873813463126728,0.226,0.033,1
"Parn",0.0314606356944683,-0.848313559054026,0.097,0.3,1
"App",0.0317396060733545,0.82389283773167,0.71,0.433,1
"Meg3",0.0320000961307105,-0.981264374680678,0.29,0.533,1
"Hp1bp3",0.0320042562912385,-1.00391691727781,0.129,0.333,1
"Sfswap",0.0320042562912385,-0.793817887425339,0.129,0.333,1
"Tbk1",0.0322502323960478,0.683928440225337,0.29,0.067,1
"Eif4e2",0.0326033369256687,-0.801739070168164,0.065,0.267,1
"Arrb1",0.0327345287716195,0.785707250831844,0.323,0.1,1
"Mblac2",0.0327345287716195,0.775766356353979,0.323,0.1,1
"Ap2b1",0.0327676514039123,0.634219034999751,0.387,0.133,1
"Gm40578",0.0327676514039123,-0.734677076763065,0.129,0.4,1
"Cadm1",0.0333384371277596,0.59456588170658,0.968,0.933,1
"Gm12239",0.0334103528431106,0.729983086408701,0.226,0.033,1
"Gm44257",0.0336054516175807,0.595855202677806,0.355,0.1,1
"Fam13c",0.0347017342818375,-0.620132109866366,0.613,0.8,1
"Gria3",0.0348903933627727,-0.993856172716341,0.097,0.3,1
"Snrnp200",0.035507209300611,0.633852235333291,0.226,0.033,1
"Lztfl1",0.035507209300611,0.465482289139635,0.226,0.033,1
"Serp2",0.035507209300611,0.510972160591363,0.226,0.033,1
"Pcdh7",0.035729669917207,0.493067661213906,0.935,0.867,1
"Slc38a3",0.0357670001835312,-0.824545555363971,0.129,0.367,1
"Pcbp2",0.0358307034382468,0.805171801463396,0.387,0.167,1
"Pmpca",0.0358810638164727,-0.970359021068372,0.032,0.2,1
"Slc23a2",0.0358810638164727,-0.820881058882869,0.032,0.2,1
"Pon2",0.0358810638164727,-0.710852240781379,0.032,0.2,1
"Knop1",0.0358810638164727,-0.858993450906194,0.032,0.2,1
"Tk2",0.0358810638164727,-0.775775416804966,0.032,0.2,1
"Rtraf",0.0358810638164727,-0.732646276291552,0.032,0.2,1
"Timm23",0.0358810638164727,-0.742605931614143,0.032,0.2,1
"Dnajc15",0.0358810638164727,-0.813549417384057,0.032,0.2,1
"Fbxo32",0.0358810638164727,-0.74582666845732,0.032,0.2,1
"Prkg1",0.0358810638164727,-0.788866427190369,0.032,0.2,1
"Fgfbp3",0.0358810638164727,-0.765764129690311,0.032,0.2,1
"Trim59",0.0358826975672158,0.640940748640801,0.29,0.067,1
"Slc7a11",0.0368598987557472,0.871625384576982,0.516,0.233,1
"Nudcd3",0.0370141517561878,-0.964811855498306,0.129,0.333,1
"Tjp2",0.0378948603921022,-0.695833915438892,0.194,0.4,1
"Polk",0.0382461233588763,-0.754013216578902,0.032,0.2,1
"Spast",0.0382461233588763,-0.684977288575212,0.032,0.2,1
"Zfc3h1",0.03847056592366,-0.669533197714216,0.065,0.267,1
"Prdm5",0.0386029051264862,0.837261225355199,0.452,0.233,1
"Prxl2a",0.0386344593278014,-0.650136495123588,0.097,0.3,1
"Gm38260",0.0386806642524589,-0.588647547778701,0,0.133,1
"Gm37628",0.0386806642524589,-0.701211200554399,0,0.133,1
"Gm38304",0.0386806642524589,-0.568570306773324,0,0.133,1
"Catspere2",0.0386806642524589,-0.632732384576379,0,0.133,1
"Ahctf1",0.0386806642524589,-0.613393075166037,0,0.133,1
"Gm37033",0.0386806642524589,-0.637963361546748,0,0.133,1
"Ttf1",0.0386806642524589,-0.711665904824377,0,0.133,1
"Zfp385b",0.0386806642524589,-0.606730547725822,0,0.133,1
"Gm4631",0.0386806642524589,-0.483688217765573,0,0.133,1
"Gdap2",0.0386806642524589,-0.524559337632925,0,0.133,1
"Nexn",0.0386806642524589,-0.781222411120824,0,0.133,1
"Ak5",0.0386806642524589,-0.63031900433455,0,0.133,1
"4930570G19Rik",0.0386806642524589,-0.606871275422372,0,0.133,1
"Szt2",0.0386806642524589,-0.530156612283725,0,0.133,1
"Usp48",0.0386806642524589,-0.559392781258752,0,0.133,1
"Pdpn",0.0386806642524589,-0.644148408919707,0,0.133,1
"Acap3",0.0386806642524589,-0.61205959669504,0,0.133,1
"Pex1",0.0386806642524589,-0.548764163890674,0,0.133,1
"Phtf2",0.0386806642524589,-0.507469899317656,0,0.133,1
"Naa25",0.0386806642524589,-0.553927902403635,0,0.133,1
"Fam3c",0.0386806642524589,-0.519139086426801,0,0.133,1
"Isy1",0.0386806642524589,-0.593383403405301,0,0.133,1
"Cfap100",0.0386806642524589,-0.575319614071171,0,0.133,1
"Rimklb",0.0386806642524589,-0.668381071354783,0,0.133,1
"Klhl42",0.0386806642524589,-0.660648939028407,0,0.133,1
"Tmtc1",0.0386806642524589,-0.560481880307306,0,0.133,1
"AI987944",0.0386806642524589,-0.576827115472423,0,0.133,1
"Zfp868",0.0386806642524589,-0.587106683105834,0,0.133,1
"Zfp866",0.0386806642524589,-0.56615398990625,0,0.133,1
"Ddx49",0.0386806642524589,-0.587446292391517,0,0.133,1
"ENSMUSG00000120076",0.0386806642524589,-0.612575799004221,0,0.133,1
"Il10ra",0.0386806642524589,-0.704258856771247,0,0.133,1
"Tent5a",0.0386806642524589,-0.602261730060121,0,0.133,1
"Ano10",0.0386806642524589,-0.489014146243182,0,0.133,1
"Fuca2",0.0386806642524589,-0.822406271283106,0,0.133,1
"Tspyl1",0.0386806642524589,-0.718721520986824,0,0.133,1
"Gstt2",0.0386806642524589,-0.629795324537892,0,0.133,1
"Coq10a",0.0386806642524589,-0.62426360910304,0,0.133,1
"Dnaaf10",0.0386806642524589,-0.583961727630233,0,0.133,1
"Nol11",0.0386806642524589,-0.569389353974105,0,0.133,1
"Adssl1",0.0386806642524589,-0.712590405837567,0,0.133,1
"Tspan17",0.0386806642524589,-0.68681222156767,0,0.133,1
"Pcbd2",0.0386806642524589,-0.650879515804276,0,0.133,1
"Ttc5",0.0386806642524589,-0.628158609330495,0,0.133,1
"Lcp1",0.0386806642524589,-0.826200843802652,0,0.133,1
"Gtpbp1",0.0386806642524589,-0.666410463159309,0,0.133,1
"Cbx7",0.0386806642524589,-0.586385229441267,0,0.133,1
"Dscam",0.0386806642524589,-0.638567188524985,0,0.133,1
"Riok2",0.0386806642524589,-0.793734102606387,0,0.133,1
"Polh",0.0386806642524589,-0.591532480026291,0,0.133,1
"Sh3gl1",0.0386806642524589,-0.623157632683967,0,0.133,1
"Lonp1",0.0386806642524589,-0.654793140732172,0,0.133,1
"Gm26533",0.0386806642524589,-0.69530787873183,0,0.133,1
"Scyl1",0.0386806642524589,-0.724963315642331,0,0.133,1
"Ermp1",0.0386806642524589,-0.672960931780306,0,0.133,1
"Ikbkg",0.0386806642524589,-0.613722372832198,0,0.133,1
"Med12",0.0386806642524589,-0.620970294973722,0,0.133,1
"Gm36975",0.0389401941802882,-0.579245917038368,0.097,0.333,1
"Pals1",0.0393663934366198,0.74056834123884,0.387,0.133,1
"Setbp1",0.0395700553276002,0.641123581556123,0.581,0.267,1
"Gria2",0.0397787631963513,0.475838761425508,0.968,0.9,1
"Scaf11",0.0400515930062579,-0.778419916193199,0.161,0.4,1
"Rasa3",0.0406159633433214,0.746335848283884,0.258,0.067,1
"Fam107a",0.0406159633433214,1.01015910698859,0.258,0.067,1
"Rpl24",0.0406159633433214,0.924958424659384,0.258,0.067,1
"Btbd8",0.0407129435708331,-0.845158147762352,0.129,0.333,1
"Notch2",0.0407424323942539,-0.689786016446315,0.032,0.2,1
"Nsg1",0.0407424323942539,-0.671528141469611,0.032,0.2,1
"Akap10",0.0408818337046794,0.886359298802119,0.323,0.1,1
"Kdm5a",0.0411822108395116,-0.925398523587384,0.161,0.367,1
"Nfatc3",0.0419826072686008,0.505173504388868,0.29,0.067,1
"Gm12224",0.0420326551063451,-0.847634817406284,0.032,0.2,1
"Lamp2",0.0422625453792861,-0.667190433778762,0.226,0.5,1
"Gm10125",0.0428619316381434,0.796135211366115,0.258,0.067,1
"Taf1",0.0428619316381434,0.67115293476654,0.258,0.067,1
"Dnmt3a",0.0431250206267715,-0.860829108678537,0.258,0.467,1
"Il18",0.0434309895094796,0.773754942269254,0.613,0.333,1
"Reep5",0.0440228558144965,0.784007690449652,0.452,0.2,1
"4932438A13Rik",0.0440436604561776,0.822792607527372,0.355,0.133,1
"Gm48747",0.0440818618421566,0.968630983949819,0.419,0.167,1
"Rpl11",0.044686943545754,0.786999665055654,0.387,0.167,1
"Smarca5",0.0447203635007011,-0.786239656888017,0.129,0.333,1
"Nkx2-2os",0.0447450377753252,0.632432608428699,0.194,0.033,1
"Atp7a",0.0447450377753252,0.847186998012174,0.194,0.033,1
"Lims1",0.0449344083611749,0.886322776891368,0.452,0.2,1
"Atp1b1",0.0452983281032066,0.536219790478885,0.806,0.433,1
"Trak2",0.0454646404150197,0.513687068282976,0.129,0,1
"Gm7967",0.0454646404150197,0.657025654070274,0.129,0,1
"Tnni1",0.0454646404150197,0.52223502412091,0.129,0,1
"Edem3",0.0454646404150197,0.526239252067293,0.129,0,1
"Mtarc2",0.0454646404150197,0.522669346564297,0.129,0,1
"Madd",0.0454646404150197,0.616800535374529,0.129,0,1
"Syt13",0.0454646404150197,0.598400806408556,0.129,0,1
"ENSMUSG00000120148",0.0454646404150197,0.632971205798958,0.129,0,1
"Zgpat",0.0454646404150197,0.513090196110752,0.129,0,1
"Snx16",0.0454646404150197,0.623606088302963,0.129,0,1
"Msto1",0.0454646404150197,0.519129667864621,0.129,0,1
"Slc50a1",0.0454646404150197,0.608896719139589,0.129,0,1
"Larp7",0.0454646404150197,0.567081262820535,0.129,0,1
"Tmem67",0.0454646404150197,0.590977369844532,0.129,0,1
"1110065P20Rik",0.0454646404150197,0.568186953941189,0.129,0,1
"Abcb8",0.0454646404150197,0.516891042781711,0.129,0,1
"Grpel1",0.0454646404150197,0.729032256795577,0.129,0,1
"Tapt1",0.0454646404150197,0.671063421271485,0.129,0,1
"Adamts3",0.0454646404150197,0.457772080261616,0.129,0,1
"Zfp664",0.0454646404150197,0.64714031467639,0.129,0,1
"Stard13",0.0454646404150197,0.643074500298891,0.129,0,1
"Ppm1k",0.0454646404150197,0.593135763615006,0.129,0,1
"Nagk",0.0454646404150197,0.657341190260423,0.129,0,1
"2610306M01Rik",0.0454646404150197,0.553692770045495,0.129,0,1
"Podxl2",0.0454646404150197,0.527864123145047,0.129,0,1
"9530062K07Rik",0.0454646404150197,0.514824571966728,0.129,0,1
"Trappc6a",0.0454646404150197,0.600848613359112,0.129,0,1
"Cep89",0.0454646404150197,0.511637608978846,0.129,0,1
"2410002F23Rik",0.0454646404150197,0.620001208687524,0.129,0,1
"Lin7b",0.0454646404150197,0.583649904762281,0.129,0,1
"Dda1",0.0454646404150197,0.581519491200468,0.129,0,1
"Mmaa",0.0454646404150197,0.60678579356649,0.129,0,1
"Irf2bp2",0.0454646404150197,0.517391781928094,0.129,0,1
"2610044O15Rik8",0.0454646404150197,0.584132931530347,0.129,0,1
"Kdm4d",0.0454646404150197,0.656972230248648,0.129,0,1
"Usp28",0.0454646404150197,0.589509814925239,0.129,0,1
"Gm28379",0.0454646404150197,0.605244748745759,0.129,0,1
"Copb2",0.0454646404150197,0.681914233712808,0.129,0,1
"Klhl18",0.0454646404150197,0.557290520995051,0.129,0,1
"Zfp651",0.0454646404150197,0.624669329011925,0.129,0,1
"Tdg",0.0454646404150197,0.660914327505543,0.129,0,1
"Ccng1",0.0454646404150197,0.468258955477552,0.129,0,1
"Mrpl22",0.0454646404150197,0.526638842606349,0.129,0,1
"Zfp867",0.0454646404150197,0.42841796289245,0.129,0,1
"Neurl4",0.0454646404150197,0.428981330979422,0.129,0,1
"Med31",0.0454646404150197,0.602950643171255,0.129,0,1
"ENSMUSG00000121079",0.0454646404150197,0.626410836332224,0.129,0,1
"Sdk2",0.0454646404150197,0.491295821572298,0.129,0,1
"Fasn",0.0454646404150197,0.504682492003753,0.129,0,1
"Map3k1",0.0454646404150197,0.549549495878285,0.129,0,1
"Sec24c",0.0454646404150197,0.648630370386718,0.129,0,1
"Ednrb",0.0454646404150197,0.650892723745876,0.129,0,1
"Slitrk1",0.0454646404150197,0.577264922584624,0.129,0,1
"Mrpl13",0.0454646404150197,0.699609932749466,0.129,0,1
"Rnf139",0.0454646404150197,0.521282016523426,0.129,0,1
"Ly6e",0.0454646404150197,0.743352535279116,0.129,0,1
"H1f0",0.0454646404150197,0.775672543311157,0.129,0,1
"Arfgap3",0.0454646404150197,0.519230364959956,0.129,0,1
"Rtp4",0.0454646404150197,0.730346119781632,0.129,0,1
"Gm37063",0.0454646404150197,0.547214599695127,0.129,0,1
"Ift140",0.0454646404150197,0.597824200107429,0.129,0,1
"Agpat1",0.0454646404150197,0.595139384087867,0.129,0,1
"Ercc3",0.0454646404150197,0.564767909802681,0.129,0,1
"Snhg4",0.0454646404150197,0.490998500925271,0.129,0,1
"A430019L02Rik",0.0454646404150197,0.510775509370226,0.129,0,1
"Osbp",0.0454646404150197,0.516648055888263,0.129,0,1
"Ccdc120",0.0454646404150197,0.498577661785618,0.129,0,1
"Fam228b",0.0458512801057228,-0.727747549142681,0.29,0.5,1
"4930445B16Rik",0.0461179332115307,0.828890246700756,0.323,0.1,1
"Ergic3",0.046150886246591,-0.813365663361625,0.032,0.2,1
"Anapc5",0.046150886246591,-0.589239707162501,0.032,0.2,1
"Itch",0.0467090728679177,0.700485828464684,0.484,0.233,1
"Ndufs1",0.0468457562808453,-0.658373363352132,0.129,0.333,1
"Chrdl1",0.0470606372580917,0.646464173999168,0.387,0.133,1
"Smyd3",0.0473407116280042,-0.539933786463625,0.226,0.467,1
"Atp2c1",0.0473407116280042,-0.654513099908162,0.226,0.467,1
"Dock8",0.0473407116280042,-0.832147302957104,0.226,0.467,1
"Ercc5",0.0475937474497705,0.675844527858134,0.194,0.033,1
"Fli1",0.0475937474497705,0.717625027665327,0.194,0.033,1
"Rcan1",0.0475937474497705,0.851069738186385,0.194,0.033,1
"Gtf2h5",0.0475937474497705,0.701324210790879,0.194,0.033,1
"Rlim",0.0475937474497705,0.568964292267781,0.194,0.033,1
"Cog4",0.0476697885460887,-0.591809563868545,0.065,0.267,1
"A330093E20Rik",0.0476697885460887,0.640833729566282,0.258,0.067,1
"Ank",0.0479829537673497,0.480287800689038,0.419,0.167,1
"Rock1",0.0485895256541558,-0.864234257595403,0.323,0.467,1
"Fggy",0.0490555091757713,-0.711499982180313,0.129,0.333,1
"Sox2",0.0490743443433356,-0.797162329036046,0.032,0.2,1
"Cradd",0.0490743443433356,-0.846351972028548,0.032,0.2,1
"Mosmo",0.049498044727045,-0.824662487000177,0.065,0.233,1
"Pantr1",0.0497668674447523,-0.279057982303894,0.161,0.4,1
"Setd2",0.0500398403633854,0.601523146544488,0.419,0.167,1
"Cr2",0.0505934058082114,0.722520984145772,0.194,0.033,1
"Aurkaip1",0.0505934058082114,0.784696288644517,0.194,0.033,1
"Myrip",0.0505934058082114,0.686865019797974,0.194,0.033,1
"Slc16a6",0.0505934058082114,1.08326919652102,0.194,0.033,1
"Csnk1d",0.051461611268848,-0.814379233451125,0.097,0.267,1
"Gm26873",0.0519736322584198,0.86050854096255,0.29,0.1,1
"4930444A19Rik",0.0521516664259619,-0.516723506890106,0.032,0.2,1
"Sh3gl2",0.0521516664259619,-0.482145249076684,0.032,0.2,1
"Abcb1b",0.0521516664259619,-0.539911540104025,0.032,0.2,1
"N4bp2l1",0.0521516664259619,-0.55715612489686,0.032,0.2,1
"Cdh23",0.0521516664259619,-0.542333011849845,0.032,0.2,1
"Eapp",0.0521516664259619,-0.631837238304613,0.032,0.2,1
"2510002D24Rik",0.0521516664259619,-0.498351005832318,0.032,0.2,1
"Fam104a",0.0522713571602597,-0.689946020000988,0.065,0.233,1
"Usp15",0.0527053609179508,0.781088327244186,0.355,0.133,1
"Immp2l",0.0527053609179508,1.17015266216111,0.355,0.133,1
"Ccny",0.0527053609179508,0.637766924302904,0.355,0.133,1
"Tubb4b",0.052923107922737,0.746945067202626,0.258,0.067,1
"Tmem60",0.052923107922737,0.585868041021106,0.258,0.067,1
"Cirbp",0.052923107922737,0.624717148991822,0.258,0.067,1
"Polr3h",0.052923107922737,-0.599844874997458,0.065,0.267,1
"Rab10",0.053041102906415,0.712957271666616,0.387,0.167,1
"Chl1",0.0536977152768784,-0.645388194003066,0.065,0.233,1
"Homer1",0.0536977152768784,-0.682496606233154,0.065,0.233,1
"Tenm2",0.0537379943833825,-0.976476317395995,0.129,0.333,1
"Cnn3",0.0537498662472903,0.761935254752349,0.194,0.033,1
"Zmym6",0.0537498662472903,0.643630642944186,0.194,0.033,1
"Pdk2",0.0537498662472903,0.645221952212045,0.194,0.033,1
"St6galnac3",0.0539188409773031,1.00413833914461,0.548,0.333,1
"Uvrag",0.054171744556966,-0.514410796710941,0.161,0.4,1
"Cox7a2",0.054281353277928,0.719062778133609,0.419,0.2,1
"Esco1",0.054281353277928,-0.624347044420013,0.226,0.4,1
"Ttyh3",0.0551325309471276,0.589417642996331,0.548,0.267,1
"Il1rapl1",0.0555532871911648,0.626899610025153,0.839,0.567,1
"Rab11fip4",0.0557260965792621,0.521346974818586,0.258,0.067,1
"Fam76b",0.0562157471046607,-0.651497402476868,0.129,0.333,1
"Zcchc18",0.0562157471046607,-0.741865188130539,0.129,0.333,1
"Glud1",0.0566306946987426,0.614253466960981,0.71,0.567,1
"Sirt7",0.0569478539141663,0.627227752390363,0.323,0.1,1
"Pabpc4",0.0570690695919967,0.673908280965049,0.194,0.033,1
"Clptm1",0.0570690695919967,0.546303451983725,0.194,0.033,1
"Eef2",0.0570690695919967,0.649531276501876,0.194,0.033,1
"Crppa",0.0570690695919967,0.608028139560662,0.194,0.033,1
"Hcfc1r1",0.0570690695919967,0.546909927913647,0.194,0.033,1
"Lrpprc",0.0570690695919967,0.654903571724446,0.194,0.033,1
"Pdia3",0.057199522164596,0.706022866772961,0.29,0.1,1
"Gm15520",0.0575443290754197,0.646147972199677,0.355,0.133,1
"Myo1d",0.0575443290754197,0.603977212316135,0.355,0.133,1
"Shisa4",0.0581212902576521,-0.573459247727192,0.355,0.6,1
"Wnk1",0.0581458127959255,0.495252003929844,0.774,0.567,1
"Cpm",0.058208593898474,-0.675547955374263,0.065,0.233,1
"Gm12353",0.0584209081380469,-0.809500890869036,0.161,0.367,1
"Ubr3",0.0588101482909092,0.616166419825602,0.452,0.233,1
"Pam",0.0588339229290741,0.641442606664812,0.419,0.2,1
"Ccnd2",0.0596937785487987,-0.876437701859725,0.097,0.267,1
"Phf14",0.0600498557949096,-0.762098497283064,0.387,0.6,1
"Ncstn",0.0605570362190389,0.64523608293013,0.194,0.033,1
"Cct3",0.0605570362190389,0.618816357367043,0.194,0.033,1
"Fbxw15",0.0605570362190389,0.521859748339178,0.194,0.033,1
"Slf1",0.0605570362190389,0.559820895228102,0.194,0.033,1
"Zfp799",0.0605570362190389,0.555727640679326,0.194,0.033,1
"Gm31166",0.0605570362190389,0.634310367015656,0.194,0.033,1
"Gramd3",0.0611255185895133,-0.854787176248525,0.258,0.433,1
"Zfpm2",0.0612116307997679,0.606037889570524,0.581,0.3,1
"Agps",0.0613812042871075,-0.73326635285182,0.065,0.233,1
"Tbcel",0.0613812042871075,-0.690760047714856,0.065,0.233,1
"Sycp3",0.0613812042871075,-0.721653240502029,0.065,0.233,1
"Nbr1",0.0613812042871075,-0.709047237870465,0.065,0.233,1
"Scrg1",0.0617036932222545,0.533571264041114,0.258,0.067,1
"Glyr1",0.0617036932222545,0.370905866880871,0.258,0.067,1
"Ptn",0.0626246147483713,0.49401671658093,0.968,0.833,1
"Usp24",0.0627179804510519,0.697307284882868,0.516,0.3,1
"Atp5g1",0.0628552510448448,0.669678386510737,0.29,0.1,1
"Mknk1",0.0630204305382254,0.897991934070902,0.226,0.067,1
"Nrcam",0.0631932223882941,-0.548285727406337,0.806,0.867,1
"Rnf144a",0.0638393221971628,-0.872879349326837,0.129,0.3,1
"Gm14964",0.0638393221971628,-0.860031707498732,0.129,0.3,1
"Ift74",0.0642198575526072,0.381243838832491,0.194,0.033,1
"Ntrk3",0.0642198575526072,0.45578089143624,0.194,0.033,1
"Rubcn",0.0642198575526072,0.45280344901162,0.194,0.033,1
"Metrn",0.0642198575526072,0.386641563278535,0.194,0.033,1
"Dhx57",0.0642198575526072,0.555605541040621,0.194,0.033,1
"Gm36944",0.0646956769937454,-0.739334364033218,0.065,0.233,1
"Ppp6c",0.0646956769937454,-0.642521085726314,0.065,0.233,1
"Gm15614",0.0646956769937454,-0.690384796985237,0.065,0.233,1
"Vdac3",0.0646956769937454,-0.645932865561565,0.065,0.233,1
"Gstz1",0.0646956769937454,-0.798829995202,0.065,0.233,1
"Csad",0.0646956769937454,-0.613119575992732,0.065,0.233,1
"Lzts2",0.0646956769937454,-0.669727641955764,0.065,0.233,1
"Thy1",0.0648860046436215,0.640103307826218,0.258,0.067,1
"Rnf216",0.065490897743369,0.614668974981851,0.355,0.133,1
"Kirrel3",0.0656641392810036,-0.352026160272846,0.806,0.967,1
"Rpl28",0.0667794088899073,0.536450247689759,0.323,0.1,1
"Prelid3a",0.0676536206227491,-0.714818800556054,0.161,0.367,1
"Ttc28",0.0679887679089661,0.602178340805352,0.387,0.167,1
"Ttc7b",0.0681564624814795,-0.548606655175117,0.065,0.233,1
"Pip4k2a",0.0689228676781774,-0.612989577742764,0.452,0.667,1
"Shroom4",0.0689897382542361,-0.820709197032064,0.097,0.267,1
"Rpl27a",0.0699431224656405,0.763981687380192,0.226,0.067,1
"Smad2",0.0699431224656405,0.738905702452282,0.226,0.067,1
"Irf2",0.0700722253873626,0.695599067104863,0.323,0.133,1
"Scg3",0.0705275866893552,-0.54673529440137,0.323,0.567,1
"Zfp652",0.0708503328430755,-0.545500959176224,0.226,0.433,1
"Atxn1",0.0709666283379158,-0.384467750309149,0.258,0.5,1
"Kpna4",0.0711541550945051,0.556215027200485,0.452,0.233,1
"Arhgap31",0.071275461049208,0.505185573764438,0.355,0.133,1
"Odf2",0.0717680441789094,-0.558248308262622,0.065,0.233,1
"Sh3glb2",0.0717680441789094,-0.483686305754337,0.065,0.233,1
"Uri1",0.0717680441789094,-0.496224651258899,0.065,0.233,1
"Prkd3",0.0717680441789094,-0.649776301788988,0.065,0.233,1
"Tuba4a",0.0717686643038492,-0.641205109612327,0.032,0.167,1
"Snhg12",0.0717686643038492,-0.674483713813244,0.032,0.167,1
"Trim3",0.0717686643038492,-0.787900225234358,0.032,0.167,1
"Cul4a",0.0717686643038492,-0.558994925353061,0.032,0.167,1
"P4htm",0.0717686643038492,-0.749623730725943,0.032,0.167,1
"Gnptab",0.0717686643038492,-0.635156418241825,0.032,0.167,1
"A930037H05Rik",0.0717686643038492,-0.683988609983115,0.032,0.167,1
"Brix1",0.0717686643038492,-0.69619016289631,0.032,0.167,1
"2510009E07Rik",0.0717686643038492,-0.658981931162689,0.032,0.167,1
"Amot",0.0717686643038492,-0.614513105610266,0.032,0.167,1
"Ctnna3",0.0719715077169511,1.16434493708091,0.355,0.167,1
"Gpr158",0.0721991192854416,0.562561370950335,0.29,0.1,1
"Plxna4",0.0721991192854416,0.692963003219247,0.29,0.1,1
"Rbm4b",0.0721991192854416,0.525665455946799,0.29,0.1,1
"Tbc1d12",0.0721991192854416,0.725959946493948,0.29,0.1,1
"Cbl",0.0729942514630056,-0.677142513437318,0.129,0.3,1
"Hmgcr",0.0729942514630056,-1.00206141540736,0.129,0.3,1
"Hdlbp",0.0731553401869159,0.823500436451306,0.323,0.133,1
"Gsdme",0.0731553401869159,0.774320787746013,0.323,0.133,1
"Frs2",0.0731553401869159,0.654041304214912,0.323,0.133,1
"Antxr1",0.0736217827742641,-0.645711753156168,0.065,0.233,1
"Traf6",0.0736317922053964,0.749731853766394,0.226,0.067,1
"Mecp2",0.0736317922053964,0.764628769072951,0.226,0.067,1
"Dok6",0.073682540277375,-0.855138129006233,0.194,0.367,1
"Setd5",0.0738537726983018,0.758190757151497,0.452,0.267,1
"Syne1",0.074346593151769,0.477933255216036,0.871,0.833,1
"Slc7a2",0.0749692020609564,-0.541780423727064,0.161,0.367,1
"Sec63",0.0755349324134526,-0.683252002106906,0.065,0.233,1
"Tmed2",0.0758242996387507,-0.617828271109535,0.097,0.267,1
"Jmy",0.0758242996387507,-0.588642367635993,0.097,0.267,1
"Wdr20",0.0762747727892437,-0.57898801867715,0.129,0.3,1
"Rrnad1",0.076283939810065,-0.588251874582759,0.032,0.167,1
"Sdcbp",0.076283939810065,-0.51980644782175,0.032,0.167,1
"Chchd6",0.076283939810065,-0.64599922290868,0.032,0.167,1
"Gm45846",0.076283939810065,-0.598900013244338,0.032,0.167,1
"Gas2l1",0.076283939810065,-0.565263393870316,0.032,0.167,1
"Osbpl7",0.076283939810065,-0.600586817928381,0.032,0.167,1
"Arhgef40",0.076283939810065,-0.65297354150053,0.032,0.167,1
"Ccdc167",0.076283939810065,-0.63805479311714,0.032,0.167,1
"Rgl2",0.076283939810065,-0.586815848551499,0.032,0.167,1
"Borcs7",0.076283939810065,-0.592071915850471,0.032,0.167,1
"Wdr13",0.076283939810065,-0.601899620170958,0.032,0.167,1
"Cntn2",0.0763485594279393,-0.381437073509817,0.129,0.333,1
"Rpl23",0.0763485594279393,-0.596710132028288,0.129,0.333,1
"Ywhaq",0.0763485594279393,0.726515761338329,0.323,0.133,1
"Arid5a",0.0765843116961819,-0.488324982848393,0,0.1,1
"Coa5",0.0765843116961819,-0.427493475222542,0,0.1,1
"1700066M21Rik",0.0765843116961819,-0.400699450821876,0,0.1,1
"Pde6d",0.0765843116961819,-0.36192466156666,0,0.1,1
"Gpc1",0.0765843116961819,-0.377835017557901,0,0.1,1
"Cdk18",0.0765843116961819,-0.3282906496554,0,0.1,1
"Gm26979",0.0765843116961819,-0.43494810133697,0,0.1,1
"Gm10138",0.0765843116961819,-0.462690967801867,0,0.1,1
"Klhl20",0.0765843116961819,-0.387409820156901,0,0.1,1
"Tmem250-ps",0.0765843116961819,-0.377861731340849,0,0.1,1
"Pax6os1",0.0765843116961819,-0.5717196327243,0,0.1,1
"Ehd4",0.0765843116961819,-0.513004195974047,0,0.1,1
"Sord",0.0765843116961819,-0.375802966399502,0,0.1,1
"Gm20721",0.0765843116961819,-0.406081484888788,0,0.1,1
"BC028528",0.0765843116961819,-0.501197803262438,0,0.1,1
"H4c14",0.0765843116961819,-0.560940445880259,0,0.1,1
"4930509H03Rik",0.0765843116961819,-0.522097294423916,0,0.1,1
"Ntng1",0.0765843116961819,-0.526133649349824,0,0.1,1
"Gm26871",0.0765843116961819,-0.424072247057686,0,0.1,1
"Gm42972",0.0765843116961819,-0.495375796115206,0,0.1,1
"Ccne2",0.0765843116961819,-0.464901917871445,0,0.1,1
"Rgp1",0.0765843116961819,-0.432744997134721,0,0.1,1
"Hint2",0.0765843116961819,-0.417948377667872,0,0.1,1
"Gne",0.0765843116961819,-0.369799422398296,0,0.1,1
"Klhl9",0.0765843116961819,-0.475996244991876,0,0.1,1
"Mroh7",0.0765843116961819,-0.643741937260394,0,0.1,1
"Hspb11",0.0765843116961819,-0.492432088118015,0,0.1,1
"Nsun4",0.0765843116961819,-0.427926158744662,0,0.1,1
"D130007C19Rik",0.0765843116961819,-0.491417959633072,0,0.1,1
"Sf3a3",0.0765843116961819,-0.513736488221667,0,0.1,1
"Trim62",0.0765843116961819,-0.522759151280912,0,0.1,1
"Tmem39b",0.0765843116961819,-0.52039031495813,0,0.1,1
"Pithd1",0.0765843116961819,-0.431000737763709,0,0.1,1
"Capzb",0.0765843116961819,-0.470709706317178,0,0.1,1
"Gm27200",0.0765843116961819,-0.406957382809259,0,0.1,1
"Tmem214",0.0765843116961819,-0.596319769032336,0,0.1,1
"Commd8",0.0765843116961819,-0.474908969046576,0,0.1,1
"Gm9958",0.0765843116961819,-0.477312700021062,0,0.1,1
"Dipk1a",0.0765843116961819,-0.705941882908206,0,0.1,1
"Coq5",0.0765843116961819,-0.471896611299057,0,0.1,1
"Srrm4",0.0765843116961819,-0.476334051941663,0,0.1,1
"Rasal1",0.0765843116961819,-0.470090242638658,0,0.1,1
"Sh2b3",0.0765843116961819,-0.42782118898554,0,0.1,1
"Gpn3",0.0765843116961819,-0.437984259721245,0,0.1,1
"Aacs",0.0765843116961819,-0.664734249069033,0,0.1,1
"Asl",0.0765843116961819,-0.467679596446381,0,0.1,1
"Zfp68",0.0765843116961819,-0.507494317411057,0,0.1,1
"Mad1l1",0.0765843116961819,-0.460583181349043,0,0.1,1
"5430402O13Rik",0.0765843116961819,-0.528603062601692,0,0.1,1
"Snrpg",0.0765843116961819,-0.568658899322747,0,0.1,1
"Mtmr14",0.0765843116961819,-0.461883402094807,0,0.1,1
"Tnfrsf1a",0.0765843116961819,-0.537748140915655,0,0.1,1
"Fkbp4",0.0765843116961819,-0.550636104158483,0,0.1,1
"Borcs5",0.0765843116961819,-0.475868489682349,0,0.1,1
"Trim28",0.0765843116961819,-0.485476293089426,0,0.1,1
"A230006K03Rik",0.0765843116961819,-0.694706525599602,0,0.1,1
"Abhd2",0.0765843116961819,-0.467511515067544,0,0.1,1
"Gm45223",0.0765843116961819,-0.468086598005061,0,0.1,1
"Rhog",0.0765843116961819,-0.495118935859989,0,0.1,1
"Thumpd1",0.0765843116961819,-0.456679423413998,0,0.1,1
"Mapk3",0.0765843116961819,-0.390574641353117,0,0.1,1
"Deaf1",0.0765843116961819,-0.611742202197183,0,0.1,1
"Unc5d",0.0765843116961819,-0.554788818633388,0,0.1,1
"Tmem161a",0.0765843116961819,-0.406021564744054,0,0.1,1
"Ednra",0.0765843116961819,-0.417679210939308,0,0.1,1
"Junb",0.0765843116961819,-0.477390830412351,0,0.1,1
"Wdr83os",0.0765843116961819,-0.486501177038844,0,0.1,1
"Prkcsh",0.0765843116961819,-0.597947350963503,0,0.1,1
"Vwa5a",0.0765843116961819,-0.522222641660837,0,0.1,1
"Wdr6",0.0765843116961819,-0.478648251537965,0,0.1,1
"Slc25a20",0.0765843116961819,-0.570733927594994,0,0.1,1
"Nckipsd",0.0765843116961819,-0.514832523661088,0,0.1,1
"Pth1r",0.0765843116961819,-0.442383914916009,0,0.1,1
"Gm20470",0.0765843116961819,-0.391774644281677,0,0.1,1
"Cep57l1",0.0765843116961819,-0.460425732228202,0,0.1,1
"Stk11",0.0765843116961819,-0.492926753094659,0,0.1,1
"Efna2",0.0765843116961819,-0.45837632651319,0,0.1,1
"Gamt",0.0765843116961819,-0.435684026526319,0,0.1,1
"Dapk3",0.0765843116961819,-0.523415020192424,0,0.1,1
"Celf5",0.0765843116961819,-0.51194334318529,0,0.1,1
"Phlda1",0.0765843116961819,-0.359572020222994,0,0.1,1
"Rnf145",0.0765843116961819,-0.564606649122701,0,0.1,1
"Col23a1",0.0765843116961819,-0.519095068582362,0,0.1,1
"Dhrs7b",0.0765843116961819,-0.499471430945145,0,0.1,1
"Myh10",0.0765843116961819,-0.460319330575097,0,0.1,1
"Derl2",0.0765843116961819,-0.38721766328088,0,0.1,1
"Pitpnm3",0.0765843116961819,-0.404199813768805,0,0.1,1
"Spns2",0.0765843116961819,-0.489613369075307,0,0.1,1
"Rad51d",0.0765843116961819,-0.689956936192108,0,0.1,1
"Xylt2",0.0765843116961819,-0.497100212724883,0,0.1,1
"Sp2",0.0765843116961819,-0.509939556327249,0,0.1,1
"Acbd4",0.0765843116961819,-0.339360346973617,0,0.1,1
"Rps11-ps2",0.0765843116961819,-0.474908969046576,0,0.1,1
"Gm46332",0.0765843116961819,-0.432575956499587,0,0.1,1
"Gm33037",0.0765843116961819,-0.613568734083094,0,0.1,1
"Coch",0.0765843116961819,-0.541079712078781,0,0.1,1
"Ap4s1",0.0765843116961819,-0.615663946617105,0,0.1,1
"A430103D13Rik",0.0765843116961819,-0.358837307792207,0,0.1,1
"Gtpbp4",0.0765843116961819,-0.530654415284768,0,0.1,1
"Gm47781",0.0765843116961819,-0.477150129878522,0,0.1,1
"Ndst2",0.0765843116961819,-0.512445442551803,0,0.1,1
"Oxa1l",0.0765843116961819,-0.567870448648406,0,0.1,1
"Gm41168",0.0765843116961819,-0.439197511447444,0,0.1,1
"Slc25a37",0.0765843116961819,-0.621640254082632,0,0.1,1
"Prkaa1",0.0765843116961819,-0.467186900109243,0,0.1,1
"Cdh12",0.0765843116961819,-0.432083846422696,0,0.1,1
"Cyc1",0.0765843116961819,-0.477564366098313,0,0.1,1
"Bop1",0.0765843116961819,-0.410433560880692,0,0.1,1
"Mcat",0.0765843116961819,-0.580221745979794,0,0.1,1
"A930001M01Rik",0.0765843116961819,-0.472414567568988,0,0.1,1
"Gpd1",0.0765843116961819,-0.45324501632077,0,0.1,1
"Map3k12",0.0765843116961819,-0.487698551917305,0,0.1,1
"Gm28539",0.0765843116961819,-0.42375477365438,0,0.1,1
"Lsg1",0.0765843116961819,-0.468691287318723,0,0.1,1
"Gtpbp8",0.0765843116961819,-0.441657574827546,0,0.1,1
"Cd200r1",0.0765843116961819,-0.570733927594994,0,0.1,1
"Tbp",0.0765843116961819,-0.424839328663517,0,0.1,1
"Spats1",0.0765843116961819,-0.509006340044604,0,0.1,1
"Fsd1",0.0765843116961819,-0.49154260695874,0,0.1,1
"Dennd1c",0.0765843116961819,-0.485471004760774,0,0.1,1
"Vav1",0.0765843116961819,-0.58541597469092,0,0.1,1
"Myom1",0.0765843116961819,-0.517720970223719,0,0.1,1
"Rbbp8",0.0765843116961819,-0.516795228363787,0,0.1,1
"Wdr36",0.0765843116961819,-0.481209156294066,0,0.1,1
"ENSMUSG00000120029",0.0765843116961819,-0.546879337400512,0,0.1,1
"Synpo",0.0765843116961819,-0.515319259671627,0,0.1,1
"Fech",0.0765843116961819,-0.467842947330356,0,0.1,1
"Ehbp1l1",0.0765843116961819,-0.438698443929206,0,0.1,1
"Dpf2",0.0765843116961819,-0.469808973836018,0,0.1,1
"Gm35438.1",0.0765843116961819,-0.421696404626298,0,0.1,1
"Gm10136",0.0765843116961819,-0.475826420898711,0,0.1,1
"Scd3",0.0765843116961819,-0.688792678631168,0,0.1,1
"Dpcd",0.0765843116961819,-0.47101534126657,0,0.1,1
"Pcgf6",0.0765843116961819,-0.43411311801756,0,0.1,1
"Fhip2a",0.0765843116961819,-0.48528706890986,0,0.1,1
"Dkc1",0.0765843116961819,-0.403815767545967,0,0.1,1
"ENSMUSG00000120242",0.0765843116961819,-0.597816161400118,0,0.1,1
"Gm38020",0.0765843116961819,-0.437177607411121,0,0.1,1
"Pcdh19",0.0765843116961819,-0.506497931712879,0,0.1,1
"Pir",0.0765843116961819,-0.384800524034075,0,0.1,1
"Prickle1",0.0766049466103691,-0.864872618032868,0.29,0.433,1
"Rbfox1",0.0771667272922692,-1.00408771422323,0.452,0.567,1
"Nfat5",0.0784615453988921,0.546885053846506,0.613,0.4,1
"Kmt5b",0.078807768511255,0.655327014628749,0.419,0.2,1
"Metap2",0.0790386552012717,0.67878301469895,0.29,0.1,1
"Camta1",0.0794391116312798,-0.715351196297124,0.258,0.467,1
"Efl1",0.0794433093290915,-0.604753945595122,0.097,0.267,1
"Cep128",0.0794433093290915,-0.740452745776992,0.097,0.267,1
"Naxd",0.0794616580202802,-0.431946923616993,0.065,0.233,1
"Naa15",0.0796745566694988,-0.679223419132847,0.129,0.3,1
"Chordc1",0.080731483528794,0.584717609421782,0.355,0.133,1
"Ppox",0.0810282629696033,-0.582154633396078,0.032,0.167,1
"Nelfb",0.0810282629696033,-0.478728293770767,0.032,0.167,1
"Snx27",0.0810282629696033,-0.694508311097074,0.032,0.167,1
"Cenpc1",0.0810282629696033,-0.54689443796433,0.032,0.167,1
"Lsm1",0.0810282629696033,-0.583395775650475,0.032,0.167,1
"Psmg2",0.0810282629696033,-0.54779444531339,0.032,0.167,1
"Tcirg1",0.0810282629696033,-0.605323333387304,0.032,0.167,1
"Bach2",0.0813614853697225,0.423863627241857,0.806,0.633,1
"Ipo8",0.0814863796866854,0.665304883013154,0.226,0.067,1
"E530011L22Rik",0.0814863796866854,0.706761194190711,0.226,0.067,1
"Hace1",0.0814863796866854,0.664797868238268,0.226,0.067,1
"Capn15",0.0814863796866854,0.6750947791363,0.226,0.067,1
"Mdga2",0.0821307677726531,0.385076282650348,0.968,0.933,1
"Pde8b",0.0822300567271285,-0.50777345572085,0.484,0.6,1
"Map4k4",0.0823043989200486,-0.534286902625444,0.355,0.567,1
"Herc2",0.0823360501939542,-0.703226073413043,0.258,0.4,1
"Mdh1",0.0823579488854314,0.42557780455678,0.484,0.233,1
"Stag1",0.0824478056555948,-0.674467448970653,0.419,0.6,1
"Il6st",0.0826510528057595,0.500777042717066,0.29,0.1,1
"Rpl41",0.0829487487344115,0.447663484544405,0.387,0.167,1
"Sgk3",0.0832015254633682,-0.5677171754085,0.097,0.267,1
"Zfp438",0.0832015254633682,-0.591752491758271,0.097,0.267,1
"Zfp280c",0.083426072204552,0.549999605511138,0.484,0.267,1
"Plgrkt",0.0835527656306795,-0.298208281106705,0.065,0.233,1
"Ranbp3l",0.0836508315017401,0.728781767012114,0.516,0.333,1
"Aff1",0.0845786694175083,-0.509985538632226,0.161,0.367,1
"Glg1",0.0845786694175083,0.700286257998555,0.355,0.167,1
"Klhl5",0.0851339445125845,0.778156732689187,0.258,0.1,1
"Dpysl2",0.0852046113815561,0.692452422311862,0.548,0.333,1
"Mir9-3hg",0.0854318550204999,0.500311827775466,0.452,0.2,1
"Scfd1",0.0856613849339016,0.550482668426725,0.226,0.067,1
"Lonrf2",0.0860093696915631,0.521263756584682,0.161,0.033,1
"Cdc14a",0.0860093696915631,0.818265768501049,0.161,0.033,1
"Fktn",0.0860093696915631,-0.622967332575901,0.032,0.167,1
"2210016L21Rik",0.0860093696915631,0.513155202277687,0.161,0.033,1
"Cic",0.0860093696915631,-0.454478378574573,0.032,0.167,1
"5330432J10Rik",0.0860093696915631,-0.61196336694294,0.032,0.167,1
"Cobl",0.0860093696915631,0.596726233702091,0.161,0.033,1
"Pfas",0.0860093696915631,0.69908416230126,0.161,0.033,1
"ENSMUSG00000120942",0.0860093696915631,0.756063869804054,0.161,0.033,1
"Chchd1",0.0860093696915631,0.746883642941184,0.161,0.033,1
"Adcy9",0.0862396041143922,-0.731880953639853,0.194,0.367,1
"Katnip",0.0863961294353034,0.554721308386315,0.29,0.1,1
"Purb",0.0863961294353034,0.554864718199371,0.29,0.1,1
"N4bp2l2",0.0864226074632092,-0.639588294510263,0.29,0.467,1
"Psip1",0.0866155113545019,0.611931821354961,0.323,0.133,1
"S1pr1",0.0866644711567221,0.406470312147198,0.677,0.433,1
"Cox6b1",0.0868435408096127,-0.718651135415042,0.129,0.3,1
"Eps15l1",0.0868435408096127,-0.645625833890577,0.129,0.3,1
"Golm1",0.0871024956431553,-0.546967391844954,0.097,0.267,1
"Pde8a",0.087106398242916,-0.542551670313063,0.226,0.467,1
"Npas3",0.0873565145982284,0.325243418146107,1,1,1
"Ccnt2",0.0874365350276456,-0.545337975509155,0.194,0.4,1
"Aopep",0.0875837367198008,0.257949091029433,0.355,0.133,1
"Tifa",0.0878128066448828,-0.491953928122455,0.065,0.233,1
"Hpgd",0.0878128066448828,-0.599401520354826,0.065,0.233,1
"Pde7b",0.0880040354230175,0.62724498557375,0.581,0.333,1
"Crot",0.089635125483309,-0.815412293436596,0.194,0.367,1
"Bzw1",0.0900075995426483,0.612282487513957,0.226,0.067,1
"Virma",0.0900075995426483,0.549610984208506,0.226,0.067,1
"Aamdc",0.0900075995426483,0.614054652801786,0.226,0.067,1
"Gpx4",0.0900075995426483,0.736139262969156,0.226,0.067,1
"St7l",0.090618560762397,-0.657067894657835,0.129,0.3,1
"Cyp51",0.090618560762397,-0.666830549401306,0.129,0.3,1
"Tent2",0.0911497675204581,-0.610566370901012,0.097,0.267,1
"Sdccag8",0.0912350038849003,0.590239551045818,0.161,0.033,1
"Tbc1d14",0.0912350038849003,-0.474878057103039,0.032,0.167,1
"Rnf103",0.0912350038849003,0.633434027608651,0.161,0.033,1
"Nat8f6",0.0912350038849003,-0.469901906492708,0.032,0.167,1
"Gm2115",0.0912350038849003,0.462819692697702,0.161,0.033,1
"Cnep1r1",0.0912350038849003,0.552657309615061,0.161,0.033,1
"Klhdc2",0.0912350038849003,0.503881109083543,0.161,0.033,1
"5430427M07Rik",0.0912350038849003,-0.615238911454232,0.032,0.167,1
"Tmem273",0.0912350038849003,0.676743083131545,0.161,0.033,1
"Brd1",0.0912350038849003,-0.554408634313863,0.032,0.167,1
"U2af1",0.0912350038849003,-0.451548056229874,0.032,0.167,1
"Nox1",0.0912350038849003,-0.602265617728167,0.032,0.167,1
"Btk",0.0912350038849003,-0.503754338364984,0.032,0.167,1
"Agfg1",0.0913728117230781,-0.43965470100171,0.161,0.4,1
"Tor1aip1",0.0915216935801577,0.701812352876611,0.355,0.167,1
"Grm7",0.0915216935801577,-0.543313114499778,0.161,0.367,1
"Epha4",0.0920889348378407,-0.710674581052189,0.065,0.2,1
"Lingo2",0.0920889348378407,-0.733183880277587,0.065,0.2,1
"Psma1",0.0922463318956699,-0.555120744705787,0.065,0.233,1
"Actr2",0.0925549749062705,0.698226149266835,0.29,0.133,1
"Plekhg1",0.0931073475496716,-0.424323738221934,0.419,0.567,1
"Arid4a",0.0931374749864642,-0.658828360834396,0.194,0.367,1
"Smad7",0.0931374749864642,-0.69169650430202,0.194,0.367,1
"Nsf",0.0932458344037972,0.665753730386785,0.419,0.2,1
"Tnfrsf19",0.093259110984206,-0.663133636735457,0.258,0.467,1
"Gna12",0.0935779015248463,-0.476223739910041,0.226,0.433,1
"Fbxw2",0.0940596133731331,0.705939389957224,0.323,0.133,1
"Cux1",0.0942710825913185,-0.548603342194846,0.194,0.4,1
"Sv2a",0.094529571216241,0.549499498886482,0.226,0.067,1
"Rchy1",0.094529571216241,0.636384651503536,0.226,0.067,1
"Hif1a",0.094529571216241,0.484785460462061,0.226,0.067,1
"Emx2",0.094529571216241,0.530967915692538,0.226,0.067,1
"Dennd4c",0.0949136767458161,-0.653756302715553,0.29,0.433,1
"Lrmda",0.095767128511139,-1.14167300228488,0.387,0.5,1
"Nt5c2",0.0959366631141343,0.492885425453003,0.484,0.267,1
"Cdc42",0.0960382263657882,-0.603234685716523,0.194,0.4,1
"Gm29514",0.0967128993150101,0.606114986895749,0.161,0.033,1
"Rgl1",0.0967128993150101,-0.416178165913611,0.032,0.167,1
"Zbtb34",0.0967128993150101,0.494497098167925,0.161,0.033,1
"Mccc1",0.0967128993150101,-0.453741233904278,0.032,0.167,1
"H2az1",0.0967128993150101,0.588145215310447,0.161,0.033,1
"Taf6",0.0967128993150101,0.49381831092615,0.161,0.033,1
"Krba1",0.0967128993150101,0.558124840341078,0.161,0.033,1
"Prr12",0.0967128993150101,-0.445698062926953,0.032,0.167,1
"Atp6v0d1",0.0967128993150101,-0.455624677670808,0.032,0.167,1
"Agrp",0.0967128993150101,0.486464061595184,0.161,0.033,1
"Dus2",0.0967128993150101,-0.458912093389462,0.032,0.167,1
"Sc5d",0.0967128993150101,-0.401544812607622,0.032,0.167,1
"Gtf2a2",0.0967128993150101,0.692274874694149,0.161,0.033,1
"Xpot",0.0967128993150101,-0.430158482814134,0.032,0.167,1
"Pan2",0.0967128993150101,-0.428706044521992,0.032,0.167,1
"Ift20",0.0967128993150101,0.527974108933538,0.161,0.033,1
"Bzw2",0.0967128993150101,-0.493547409254599,0.032,0.167,1
"Cmya5",0.0967128993150101,0.632153266030942,0.161,0.033,1
"Gm26782",0.0967128993150101,-0.471489994138087,0.032,0.167,1
"Fam131a",0.0967128993150101,0.558243166160109,0.161,0.033,1
"Tmem181a",0.0967128993150101,-0.468961699980989,0.032,0.167,1
"Dynlt2a2",0.0967128993150101,0.57970248504211,0.161,0.033,1
"Fam234a",0.0967128993150101,0.668390006111651,0.161,0.033,1
"Gm50035",0.0967128993150101,0.739477820590274,0.161,0.033,1
"Nfyc",0.0967488105207579,0.545457446792534,0.387,0.167,1
"Serpini1",0.0969367676744586,-0.673483678310555,0.065,0.2,1
"Fam149b",0.0975027380075406,0.742642133759369,0.258,0.1,1
"Gpm6a",0.0975114212213796,0.362298134850288,0.774,0.533,1
"Atxn7l1",0.097845511697287,0.761126665612056,0.387,0.2,1
"Dach1",0.0979695120386916,0.86318622226244,0.323,0.133,1
"Zc3h15",0.0982811060304399,-0.587928555041954,0.258,0.467,1
"Hipk2",0.0985132983690971,0.577291613521437,0.613,0.4,1
"Suco",0.0992318355231521,0.510342610424409,0.226,0.067,1
"Casc3",0.0992318355231521,0.609581165977809,0.226,0.067,1
"Akr1b10",0.0996973769403734,-0.487621498070339,0.097,0.267,1
"Trim24",0.0996973769403734,-0.561347398115057,0.097,0.267,1
"Tent4b",0.0996973769403734,-0.630909097580761,0.097,0.267,1
"Psme4",0.0999155095380171,-0.340773025319867,0.355,0.6,1
"Eva1a",0.0999643218924458,0.517635821050606,0.323,0.133,1
"Bptf",0.0999941749513853,-0.605249781478007,0.29,0.433,1
"Cntrl",0.100040723940697,-0.699919491908133,0.097,0.233,1
"Mfn1",0.100603635045236,-0.541495927751769,0.355,0.533,1
"Elmo1",0.100968592574605,0.432790412857724,0.774,0.5,1
"Srpr",0.101931239673812,0.852250070817209,0.258,0.1,1
"Slc48a1",0.101931239673812,0.693954583344929,0.258,0.1,1
"Tbcb",0.10198656424257,-0.639760868002687,0.065,0.2,1
"Ei24",0.10198656424257,-0.582149069011042,0.065,0.2,1
"Cep250",0.102450760602237,0.439332259127711,0.161,0.033,1
"C920021L13Rik",0.102450760602237,0.471070406098194,0.161,0.033,1
"Clcc1",0.102450760602237,0.581438031274409,0.161,0.033,1
"Fabp3",0.102450760602237,0.600021923253748,0.161,0.033,1
"Fuca1",0.102450760602237,0.556449802048338,0.161,0.033,1
"Pigb",0.102450760602237,0.669584264165501,0.161,0.033,1
"Selenok",0.102450760602237,0.466387740082657,0.161,0.033,1
"Atp5j",0.102450760602237,0.463179135287382,0.161,0.033,1
"Pde10a",0.102450760602237,0.715592184965594,0.161,0.033,1
"Axin1",0.102450760602237,0.444357176534931,0.161,0.033,1
"Trappc6b",0.10269303039479,0.452941161401483,0.355,0.133,1
"Foxo3",0.102740574804209,-0.452662365458717,0.129,0.3,1
"Usp32",0.102787370690561,-0.66782965475455,0.194,0.333,1
"Nos1ap",0.104118907823731,0.494323918116463,0.226,0.067,1
"Cntln",0.104118907823731,0.514051297777084,0.226,0.067,1
"Cyp2j6",0.104118907823731,0.501462967871766,0.226,0.067,1
"Sptlc2",0.104118907823731,0.446544455138382,0.226,0.067,1
"Filip1l",0.104118907823731,0.400774894473131,0.226,0.067,1
"Cnih4",0.104194575095961,0.765654402163348,0.258,0.1,1
"Lrrcc1",0.104204763987827,-0.642790107519827,0.097,0.267,1
"Rab11fip2",0.104489985934857,-0.523667986050239,0.258,0.5,1
"Nlgn1",0.104507800035044,0.321767026833239,0.903,0.933,1
"B3galt1",0.104594958505764,-0.27098918030157,1,0.933,1
"Macir",0.104743418716965,-0.701951791870161,0.097,0.233,1
"Srsf11",0.105301868865357,0.502450882520936,0.452,0.267,1
"Ikzf2",0.10651838616982,0.912550495089885,0.258,0.1,1
"Rpl7a",0.10651838616982,0.569122454800627,0.258,0.1,1
"Ndufb8",0.10651838616982,0.714421831599047,0.258,0.1,1
"Fjx1",0.107056519988462,-0.644499118181235,0.129,0.3,1
"Rpl18",0.107056519988462,-0.55020844625098,0.129,0.3,1
"Arhgap26",0.107056519988462,-0.427380572287559,0.129,0.3,1
"Slc6a6",0.107223352244187,-0.727701685603279,0.129,0.267,1
"Xpo1",0.107223352244187,0.416005725694846,0.29,0.1,1
"Ralgps2",0.107243558693444,-0.659553921555261,0.065,0.2,1
"Arl5a",0.107243558693444,-0.602330607138534,0.065,0.2,1
"Ctbp1",0.107243558693444,-0.552657532088655,0.065,0.2,1
"Tpk1",0.107243558693444,-0.806262082454825,0.065,0.2,1
"ENSMUSG00000120400",0.107243558693444,-0.833338696513189,0.065,0.2,1
"Mapk8",0.107243558693444,-0.579138163318445,0.065,0.2,1
"Rmst",0.108044645739674,0.404277030517188,0.677,0.5,1
"Eloc",0.108456243396322,0.524043358041285,0.161,0.033,1
"Gm15584",0.108456243396322,0.617749213239612,0.161,0.033,1
"Sec16a",0.108456243396322,0.455565957253573,0.161,0.033,1
"Bag1",0.108456243396322,0.459991728773819,0.161,0.033,1
"Thyn1",0.108456243396322,0.40845753551776,0.161,0.033,1
"4930455C13Rik",0.108456243396322,0.467108608974959,0.161,0.033,1
"Prpsap2",0.108456243396322,0.446727119989983,0.161,0.033,1
"Cdadc1",0.108456243396322,0.548813523515274,0.161,0.033,1
"Rpl30",0.108456243396322,0.508282462934912,0.161,0.033,1
"ENSMUSG00000119959",0.108456243396322,0.487951768725237,0.161,0.033,1
"Hes1",0.108456243396322,0.4778444070639,0.161,0.033,1
"Cpox",0.108456243396322,0.52882006371372,0.161,0.033,1
"ENSMUSG00000120258",0.108456243396322,0.419324562240326,0.161,0.033,1
"Psmb1",0.108456243396322,0.50554754551774,0.161,0.033,1
"Rpl7l1",0.108456243396322,0.399515687312401,0.161,0.033,1
"Me1",0.10887254083534,-0.341024011308531,0.097,0.267,1
"Hectd1",0.108958520114156,-0.577472487289115,0.29,0.433,1
"Tlk1",0.10919527492016,0.504260124520193,0.226,0.067,1
"Vamp2",0.10919527492016,0.458676181571764,0.226,0.067,1
"Tmem165",0.109221698514644,0.551548959694221,0.387,0.2,1
"Gpld1",0.109267718225796,0.712648763977374,0.29,0.133,1
"Map4",0.1105739332319,-0.612787403572284,0.419,0.633,1
"Cspg5",0.111039222127997,-0.589640070726308,0.581,0.767,1
"Gm6145",0.111204967730112,-0.435985733149431,0.516,0.7,1
"Tril",0.111267660746421,0.556456778525376,0.258,0.1,1
"Rps2",0.111267660746421,0.526579837612836,0.258,0.1,1
"Scd2",0.111271767234474,0.545820877159513,0.645,0.467,1
"Zfp641",0.111690982769916,0.462501510742672,0.419,0.2,1
"Polb",0.11183134665474,0.400490988250467,0.29,0.1,1
"Vps13a",0.11183134665474,0.299501654657204,0.29,0.1,1
"Vps72",0.112712944298418,-0.720784729677821,0.065,0.2,1
"Aco1",0.112712944298418,-0.51899943956374,0.065,0.2,1
"Nadk",0.112712944298418,-0.579406474318943,0.065,0.2,1
"Ccdc62",0.112712944298418,-0.663945180981906,0.065,0.2,1
"Eif3c",0.113693548969184,0.669328410289611,0.258,0.1,1
"Stx5a",0.113704176627606,-0.500279673102443,0.097,0.267,1
"Rsf1",0.113715443889005,-0.656643710157976,0.258,0.4,1
"Vps4b",0.114183275925062,0.494779157560807,0.29,0.1,1
"Gm38562",0.114465386441944,0.427717140439131,0.226,0.067,1
"Spcs2",0.114674221585141,-0.846214631725417,0.097,0.233,1
"Dcaf10",0.114736933766372,0.254216568977935,0.161,0.033,1
"Zfp362",0.114736933766372,0.363440711465241,0.161,0.033,1
"Necap1",0.114736933766372,0.424507913470427,0.161,0.033,1
"Usp38",0.114736933766372,0.369158283553016,0.161,0.033,1
"Wdr59",0.114736933766372,0.369067901806385,0.161,0.033,1
"Sin3a",0.114736933766372,0.418949665623463,0.161,0.033,1
"Pam16",0.114736933766372,0.380085388246309,0.161,0.033,1
"Mlst8",0.114736933766372,0.30013853908997,0.161,0.033,1
"Pank2",0.116182516979714,0.371242060033881,0.258,0.1,1
"Gm20646",0.116594163261483,-0.754386276568566,0.129,0.267,1
"Stard3",0.116594163261483,-0.629867772224243,0.129,0.267,1
"Cspp1",0.117047200694239,0.580399195228377,0.548,0.4,1
"Mir124-2hg",0.117369922665772,0.547004178310031,0.387,0.2,1
"Nsmce2",0.117369922665772,0.495892101421117,0.387,0.2,1
"Magi2",0.117427856780027,0.373416423458109,0.968,0.867,1
"Limch1",0.118214222690398,0.428388387904796,0.677,0.433,1
"Psmd4",0.118399862176709,-0.557454676786005,0.065,0.2,1
"Psmb2",0.118399862176709,0.809969237075704,0.194,0.067,1
"Ctnnbip1",0.118399862176709,-0.663799497274173,0.065,0.2,1
"Camkk2",0.118399862176709,-0.595343073562753,0.065,0.2,1
"Arf5",0.118399862176709,-0.66631028827432,0.065,0.2,1
"Ptms",0.118399862176709,-0.616314804036351,0.065,0.2,1
"Ikbkb",0.118399862176709,-0.778329108885484,0.065,0.2,1
"B3gat1",0.118399862176709,-0.467919704235675,0.065,0.2,1
"Rack1",0.118399862176709,0.553028798401956,0.194,0.067,1
"Pcgf5",0.118399862176709,-0.52242964024095,0.065,0.2,1
"Sel1l",0.119492857370457,-0.735720690326073,0.194,0.333,1
"Usp9x",0.119492857370457,-0.595479920937725,0.194,0.333,1
"Cdk8",0.119752959157938,0.499328301718386,0.419,0.233,1
"Tom1l2",0.119766653975903,-0.423789209399123,0.484,0.6,1
"Smarca2",0.119830331418387,0.421691479523856,0.419,0.2,1
"Ccdc59",0.119910080357533,-0.594570875438199,0.097,0.233,1
"Got1",0.119910080357533,-0.565593654020067,0.097,0.233,1
"Fau",0.120825239030598,-0.628696947052048,0.194,0.367,1
"Acvr1",0.120870099921817,-0.477301591003804,0.129,0.3,1
"Pds5b",0.120870099921817,-0.522641134701343,0.129,0.3,1
"Ccdc82",0.121266372848827,0.448014842119925,0.258,0.1,1
"Rab1a",0.121266372848827,0.544670950866954,0.258,0.1,1
"Usp34",0.121810592577457,-0.506906559729178,0.484,0.633,1
"Macrod2",0.122240117599672,0.377730485383385,0.774,0.6,1
"Anks1",0.123302299832113,0.541169195901736,0.29,0.133,1
"Ahcyl2",0.123400463212291,-0.449292934495915,0.258,0.433,1
"Cd84",0.124309389696524,0.562585958064801,0.194,0.067,1
"Scn2a",0.124309389696524,0.690596642656796,0.194,0.067,1
"Eya3",0.124309389696524,-0.524355473759033,0.065,0.2,1
"Pkn1",0.124309389696524,0.595868878176513,0.194,0.067,1
"B3gntl1",0.124309389696524,-0.472954103707592,0.065,0.2,1
"Flnb",0.124309389696524,0.564426698655634,0.194,0.067,1
"Txlng",0.124309389696524,0.646441758377766,0.194,0.067,1
"Zfp207",0.125259037829615,-0.511305346865365,0.194,0.367,1
"Slc38a2",0.125259037829615,-0.553973205866891,0.194,0.367,1
"Ubn2",0.125260827243501,-0.546062119807746,0.355,0.567,1
"Esyt2",0.125331338472528,-0.653426531781438,0.097,0.233,1
"Brd9",0.125772546520167,-0.528708195876978,0.129,0.3,1
"Atp1b2",0.126053338049023,-0.440133854288804,0.226,0.433,1
"Ptk2",0.126219849237949,0.87913411932888,0.581,0.433,1
"A830008E24Rik",0.126522604674314,0.416167836564559,0.258,0.1,1
"Tor1aip2",0.126522604674314,0.490970628777115,0.258,0.1,1
"Mpc2",0.126522604674314,0.618224207908037,0.258,0.1,1
"Gon4l",0.126522604674314,0.439440222942256,0.258,0.1,1
"Zfyve9",0.126522604674314,0.514524190926993,0.258,0.1,1
"Tlcd1",0.126522604674314,0.527239170034163,0.258,0.1,1
"Gm28750",0.126522604674314,0.588254551866749,0.258,0.1,1
"Lrpap1",0.126596529174423,-0.562885565685668,0.129,0.267,1
"Tet3",0.126596529174423,-0.766829386025875,0.129,0.267,1
"Baz2b",0.127297738569109,0.64466688337555,0.645,0.533,1
"Lysmd4",0.127484734561153,0.528497518889085,0.484,0.267,1
"Rere",0.127490256311329,-0.326654276022593,0.645,0.8,1
"Rpl38",0.128200182522048,0.633065031917991,0.419,0.233,1
"Kdm2a",0.128384337739242,-0.529035218387535,0.419,0.533,1
"Ppargc1a",0.129748943869159,0.429145756974709,0.452,0.233,1
"Pnpla7",0.129818641466981,-0.384996751665054,0.194,0.367,1
"Kdm4c",0.129818641466981,-0.497355414089597,0.194,0.367,1
"Mcc",0.130079476057266,0.545404025991783,0.613,0.4,1
"Snap23",0.13044652857211,-0.525071008590399,0.065,0.2,1
"Rab22a",0.13044652857211,0.567808203301897,0.194,0.067,1
"Maea",0.13044652857211,-0.448362613486022,0.065,0.2,1
"Chmp3",0.13044652857211,-0.609405937473752,0.065,0.2,1
"Hnrnpf",0.13044652857211,-0.52133564240216,0.065,0.2,1
"Arfip2",0.13044652857211,0.451788675014946,0.194,0.067,1
"Lman1",0.13044652857211,0.563590291666051,0.194,0.067,1
"Cnksr2",0.13044652857211,-0.443355313677281,0.065,0.2,1
"Osbpl2",0.130941751128485,-0.515993401111651,0.097,0.233,1
"Snhg14",0.130941751128485,-0.481777639093516,0.097,0.233,1
"Gopc",0.130941751128485,0.57537674814731,0.226,0.1,1
"Ubn1",0.130941751128485,-0.646841071014339,0.097,0.233,1
"Hagh",0.131842114619546,-0.546304637850688,0.129,0.267,1
"Ppp2r2d",0.131954540926621,0.525952817390404,0.258,0.1,1
"Gjb6",0.131954540926621,0.591449814713395,0.258,0.1,1
"Atp6v1g2",0.131954540926621,0.536405821757747,0.258,0.1,1
"Bbip1",0.131954540926621,0.408276998808217,0.258,0.1,1
"Scamp5",0.132901511051171,-0.558469729070778,0.226,0.4,1
"Ube2e2",0.13299394594691,-0.545327677188537,0.548,0.633,1
"Cck",0.133048909259831,0.560665254108732,0.452,0.267,1
"Spop",0.133196931807742,-0.482428623091708,0.387,0.533,1
"Pitpna",0.133363568496761,-0.575805563571806,0.194,0.333,1
"Zup1",0.133414960829276,0.691783509878936,0.29,0.133,1
"Phf6",0.133414960829276,0.555567319611215,0.29,0.133,1
"Tbl1xr1",0.13383281899279,0.385861199035609,0.548,0.333,1
"Cuedc1",0.134103960609498,-0.694930885570212,0.161,0.3,1
"Srek1",0.13423526316553,-0.498970011002727,0.323,0.533,1
"Tmcc1",0.134928490376458,-0.58247275033499,0.548,0.633,1
"Zranb1",0.135090801474038,-0.491114409491336,0.226,0.367,1
"9930021J03Rik",0.135090801474038,-0.635771806508422,0.226,0.367,1
"Zfp592",0.136745011880644,-0.535689448392549,0.097,0.233,1
"Zfhx2",0.136745011880644,-0.684649963510765,0.097,0.233,1
"Rpl37a",0.136816192681439,-0.471689683506995,0.065,0.2,1
"Zfp932",0.136816192681439,0.593175639142308,0.194,0.067,1
"Ube2m",0.136816192681439,0.668175793539672,0.194,0.067,1
"Wwp2",0.136816192681439,-0.582851969013036,0.065,0.2,1
"Snx19",0.136816192681439,0.608358212242219,0.194,0.067,1
"Trappc12",0.136816192681439,0.552203668774648,0.194,0.067,1
"Rhobtb2",0.136816192681439,0.649433425691803,0.194,0.067,1
"Dazap2",0.136816192681439,0.570069142154044,0.194,0.067,1
"Ssr4",0.136816192681439,0.706831346232188,0.194,0.067,1
"Sclt1",0.137254584022563,-0.403303409152645,0.129,0.267,1
"Wdfy2",0.137254584022563,-0.826292674911817,0.129,0.267,1
"Ralbp1",0.137254584022563,-0.596064943114136,0.129,0.267,1
"Lrp1",0.137437246911607,0.449268936377474,0.452,0.267,1
"Acin1",0.137437246911607,-0.270772669001751,0.258,0.467,1
"Kcna6",0.137565455914753,0.415438725312454,0.258,0.1,1
"Smarcc1",0.137565455914753,0.302968298483822,0.258,0.1,1
"Med14",0.137565455914753,0.414537059009445,0.258,0.1,1
"Tmem135",0.138254247458127,0.338572471384295,0.355,0.167,1
"Smg1",0.138254247458127,-0.524208342846202,0.194,0.333,1
"Eml1",0.138706311919262,0.586574951411656,0.29,0.133,1
"Prex2",0.1391186006998,0.38564419327356,0.903,0.933,1
"Tbce",0.139266088171616,-0.692372664527906,0.161,0.3,1
"Nsd3",0.139409726130703,0.441029511438464,0.419,0.233,1
"Auts2",0.141104331256915,0.291531895966624,1,0.867,1
"Nab1",0.141377003019028,-0.528072399501264,0.032,0.133,1
"Pgap1",0.141377003019028,-0.570460950970802,0.032,0.133,1
"Cyp20a1",0.141377003019028,-0.758607409402059,0.032,0.133,1
"Rps6kc1",0.141377003019028,-0.506145749367878,0.032,0.133,1
"Ccdc173",0.141377003019028,-0.474246546834321,0.032,0.133,1
"Scrn3",0.141377003019028,-0.632763961345806,0.032,0.133,1
"Ptpmt1",0.141377003019028,-0.502418125820727,0.032,0.133,1
"Arl14ep",0.141377003019028,-0.527489098742987,0.032,0.133,1
"Vps39",0.141377003019028,-0.499615898274711,0.032,0.133,1
"Rab5if",0.141377003019028,-0.521557369443368,0.032,0.133,1
"Gucy1b1",0.141377003019028,-0.567471333343303,0.032,0.133,1
"Strip1",0.141377003019028,-0.717299323333972,0.032,0.133,1
"Acadm",0.141377003019028,-0.603807208367797,0.032,0.133,1
"C630043F03Rik",0.141377003019028,-0.540693439465803,0.032,0.133,1
"Echdc2",0.141377003019028,-0.587732020255661,0.032,0.133,1
"Slbp",0.141377003019028,-0.484273797977158,0.032,0.133,1
"Rbm47",0.141377003019028,-0.831174350650649,0.032,0.133,1
"Ccni",0.141377003019028,-0.624180040375267,0.032,0.133,1
"Pdap1",0.141377003019028,-0.625766723444524,0.032,0.133,1
"Ppp6r1",0.141377003019028,-0.505013267354554,0.032,0.133,1
"Hnrnpul1",0.141377003019028,-0.539138651260971,0.032,0.133,1
"Kndc1",0.141377003019028,-0.420618416245472,0.032,0.133,1
"Unc13a",0.141377003019028,-0.474097046289869,0.032,0.133,1
"Gm26532",0.141377003019028,-0.403432447532226,0.032,0.133,1
"Arl2bp",0.141377003019028,-0.511706175137673,0.032,0.133,1
"Phlpp2",0.141377003019028,-0.536586986234702,0.032,0.133,1
"Fbxl12",0.141377003019028,-0.516485094446793,0.032,0.133,1
"Olfm2",0.141377003019028,-0.559808239920398,0.032,0.133,1
"Mtfmt",0.141377003019028,-0.518321009898451,0.032,0.133,1
"Gstt1",0.141377003019028,-0.546985382963899,0.032,0.133,1
"Rnf41",0.141377003019028,-0.593329925209657,0.032,0.133,1
"Cyb5d2",0.141377003019028,-0.575269212141104,0.032,0.133,1
"Mta1",0.141377003019028,-0.472353064321556,0.032,0.133,1
"Mtr",0.141377003019028,-0.56969792097109,0.032,0.133,1
"Yae1d1",0.141377003019028,-0.654266533068653,0.032,0.133,1
"Gm40841",0.141377003019028,-0.819595600439104,0.032,0.133,1
"Gm17750",0.141377003019028,-0.673529328626315,0.032,0.133,1
"Psmb5",0.141377003019028,-0.607107519672327,0.032,0.133,1
"Ppp1r1a",0.141377003019028,-0.440091635726992,0.032,0.133,1
"Mrpl28",0.141377003019028,-0.506058807563655,0.032,0.133,1
"Arhgdig",0.141377003019028,-0.566891037628671,0.032,0.133,1
"Hdgfl2",0.141377003019028,-0.415672473878149,0.032,0.133,1
"Srp19",0.141377003019028,-0.567590885802141,0.032,0.133,1
"Vma21",0.141377003019028,-0.474352861938107,0.032,0.133,1
"Mib1",0.141643974594678,0.722589553750422,0.323,0.167,1
"Arl8a",0.142744744864861,0.658892351486252,0.226,0.1,1
"Hmgb1",0.142744744864861,-0.54073342990821,0.097,0.233,1
"Hspa4",0.142744744864861,-0.837171130956278,0.097,0.233,1
"Klf7",0.142764626338091,0.663370173131448,0.516,0.333,1
"Rtf1",0.142836834714155,-0.496206892954702,0.129,0.267,1
"Trim44",0.143187908142413,0.309881761916858,0.452,0.233,1
"Grina",0.143187908142413,0.502174598631017,0.452,0.233,1
"Atxn10",0.143187908142413,-0.510965187945977,0.258,0.433,1
"Eif4g2",0.143358563365966,0.59622022482485,0.258,0.1,1
"Rpl18a",0.143358563365966,0.431641416466974,0.258,0.1,1
"Ddx10",0.143358563365966,0.40191787915411,0.258,0.1,1
"Smad1",0.143423195631182,-0.470042155912818,0.065,0.2,1
"Zfp131",0.143423195631182,0.44820859618277,0.194,0.067,1
"Tbc1d5",0.143589287233414,-0.66427640517799,0.419,0.567,1
"Dock4",0.143881505122345,0.483356585674486,0.806,0.6,1
"Sub1",0.144096070924193,0.471792152906756,0.419,0.233,1
"Eogt",0.144157857591273,0.417192505210917,0.29,0.133,1
"Shtn1",0.144157857591273,0.435031885028917,0.29,0.133,1
"Vgll4",0.144579861484714,-0.460026830595826,0.161,0.3,1
"Cipc",0.145232356324994,0.590256191939009,0.516,0.3,1
"Gm13483",0.146312553019764,0.491564244216249,0.258,0.1,1
"Rgma",0.146944509065896,-0.510648962840229,0.129,0.3,1
"Ptprs",0.147050304528641,-0.494921138940986,0.226,0.4,1
"Thrb",0.147182401443618,0.433662465487393,0.548,0.3,1
"Gm26512",0.14748065527576,-0.537050000202765,0.355,0.467,1
"Vsnl1",0.148448810631442,-0.586725896614979,0.194,0.333,1
"Ddr1",0.148591705957177,-0.582658061095574,0.129,0.267,1
"Tspan14",0.148944496895451,0.527317076438742,0.226,0.1,1
"Ppp1r21",0.148944496895451,0.621779739299394,0.226,0.1,1
"Tgs1",0.149337009907968,0.311754680876366,0.258,0.1,1
"Wdpcp",0.149337009907968,0.523596122031084,0.258,0.1,1
"Fxr1",0.149517015981511,0.633307992191476,0.452,0.3,1
"Phldb1",0.149687465334356,-0.583990778091244,0.226,0.367,1
"Uxs1",0.14976581682191,-0.526044469749161,0.032,0.133,1
"Hsd17b12",0.14976581682191,-0.467276551410208,0.032,0.133,1
"Tmem230",0.14976581682191,-0.509292350851212,0.032,0.133,1
"Nsfl1c",0.14976581682191,-0.412636160599356,0.032,0.133,1
"Gatb",0.14976581682191,-0.62823176340571,0.032,0.133,1
"Gm26691",0.14976581682191,-0.528664620479352,0.032,0.133,1
"ENSMUSG00000120262",0.14976581682191,-0.522174161891298,0.032,0.133,1
"Pxn",0.14976581682191,-0.445876811329539,0.032,0.133,1
"Dennd11",0.14976581682191,-0.499961156762842,0.032,0.133,1
"2310022A10Rik",0.14976581682191,-0.52866440143021,0.032,0.133,1
"Tmem184c",0.14976581682191,-0.459622411020417,0.032,0.133,1
"Higd1a",0.14976581682191,-0.493559969916432,0.032,0.133,1
"Gm4924",0.14976581682191,-0.602788833736531,0.032,0.133,1
"Hdac5",0.14976581682191,-0.530890990206996,0.032,0.133,1
"Dapk1",0.14976581682191,-0.424988774056398,0.032,0.133,1
"Rrn3",0.14976581682191,-0.525003055276737,0.032,0.133,1
"Crybg3",0.14976581682191,-0.473247986796779,0.032,0.133,1
"Nfatc1",0.14976581682191,-0.690478530200156,0.032,0.133,1
"Hnrnpul2",0.14976581682191,-0.467477215887117,0.032,0.133,1
"Rufy2",0.149772169010448,0.456196455516486,0.29,0.133,1
"Ccm2",0.150272238097634,-0.418970742520845,0.065,0.2,1
"5730455P16Rik",0.150272238097634,0.447320568894054,0.194,0.067,1
"Msh3",0.150272238097634,0.449590193665819,0.194,0.067,1
"Ccser2",0.150272238097634,0.457560344327609,0.194,0.067,1
"Atf4",0.150272238097634,0.571212749184811,0.194,0.067,1
"8030462N17Rik",0.150272238097634,0.654115388282485,0.194,0.067,1
"Rsrp1",0.150750138636967,-0.352222701365398,0.742,0.8,1
"Oaz1",0.151870248198676,0.557194777602744,0.484,0.267,1
"ENSMUSG00000120006",0.151870248198676,0.389013229458862,0.484,0.267,1
"Mtch1",0.153756741701135,0.580430669185259,0.355,0.167,1
"Snx13",0.153829859924731,-0.694989903021312,0.258,0.4,1
"Dhx15",0.154521973402715,-0.529447290908733,0.129,0.267,1
"Rcn2",0.154521973402715,-0.67096002150202,0.129,0.267,1
"Cdc42se2",0.154521973402715,-0.563093045335868,0.129,0.267,1
"Kcnk2",0.155347729452939,0.805019693649991,0.226,0.1,1
"Rps3a1",0.155347729452939,-0.725637009244418,0.097,0.233,1
"Rnf20",0.155347729452939,-0.502347020857956,0.097,0.233,1
"Tcerg1",0.155347729452939,-0.535987274820238,0.097,0.233,1
"Ddx3x",0.155347729452939,-0.516707910716509,0.097,0.233,1
"Lrp8",0.155503868465782,0.459936972184485,0.258,0.1,1
"Thap3",0.155503868465782,0.439668322553021,0.258,0.1,1
"Setd3",0.155503868465782,0.397381700885269,0.258,0.1,1
"E230029C05Rik",0.155551760066495,0.314247066697908,0.29,0.133,1
"Pdss2",0.155551760066495,0.518600649083581,0.29,0.133,1
"Xylt1",0.156739109202128,-0.59183590466707,0.419,0.567,1
"Sike1",0.157367894974119,0.518143632455597,0.194,0.067,1
"Mphosph9",0.157367894974119,0.564224447118402,0.194,0.067,1
"Cecr2",0.157367894974119,0.547753549714213,0.194,0.067,1
"Resf1",0.157367894974119,0.504276459221889,0.194,0.067,1
"Wdr11",0.157367894974119,0.402328645678766,0.194,0.067,1
"Cnot10",0.157367894974119,0.527836635365757,0.194,0.067,1
"2010315B03Rik",0.157367894974119,0.328482660435898,0.194,0.067,1
"Bbof1",0.157367894974119,0.409338916039013,0.194,0.067,1
"Arel1",0.157367894974119,-0.387859806416369,0.065,0.2,1
"P3h2",0.157367894974119,0.436068451343393,0.194,0.067,1
"0610012G03Rik",0.157367894974119,0.465201802694821,0.194,0.067,1
"Lncpint",0.157835210960196,-0.456752130213115,0.452,0.6,1
"Pip4p2",0.158504304206568,-0.481367943903908,0.129,0.3,1
"Galnt13",0.158529114633616,-0.434022256021847,0.032,0.133,1
"Spata5",0.158529114633616,-0.40737657830184,0.032,0.133,1
"Orc1",0.158529114633616,-0.419694743912653,0.032,0.133,1
"Fam126a",0.158529114633616,-0.427357611735721,0.032,0.133,1
"Mrpl1",0.158529114633616,-0.454608536834101,0.032,0.133,1
"Golga3",0.158529114633616,-0.413993197436907,0.032,0.133,1
"Mrps17",0.158529114633616,-0.357176082086001,0.032,0.133,1
"Spon1",0.158529114633616,-0.408028767007911,0.032,0.133,1
"Uqcr10",0.158529114633616,-0.441767299630791,0.032,0.133,1
"Cyfip2",0.158529114633616,-0.43161097542409,0.032,0.133,1
"Tnip1",0.158529114633616,-0.379766883651356,0.032,0.133,1
"Gid4",0.158529114633616,-0.67709131221375,0.032,0.133,1
"Kat7",0.158529114633616,-0.391183604495553,0.032,0.133,1
"Prr7",0.158529114633616,-0.465064335643829,0.032,0.133,1
"Aggf1",0.158529114633616,-0.643999879901835,0.032,0.133,1
"Gnl3",0.158529114633616,-0.387537720565484,0.032,0.133,1
"Gm37310",0.158529114633616,-0.481841610549093,0.032,0.133,1
"Foxred2",0.158529114633616,-0.497748795927493,0.032,0.133,1
"Mif",0.158613461983271,0.640005522507194,0.226,0.1,1
"Crtc3",0.15888045426919,-0.737937674810236,0.258,0.4,1
"Zmym2",0.160067649893259,-0.69360040605246,0.226,0.367,1
"Rars2",0.16063034348629,-0.297620503576875,0.129,0.267,1
"Insr",0.160649016621162,-0.502190268210954,0.161,0.333,1
"Gli2",0.161070163358218,-0.364093783800941,0.29,0.433,1
"Rapgef3",0.161070163358218,-0.467202894224857,0.29,0.433,1
"Thoc2",0.161070163358218,-0.501985877398435,0.29,0.433,1
"9330159F19Rik",0.161499082571039,0.396302563401368,0.29,0.133,1
"Brd4",0.161709625799428,0.564459090504717,0.484,0.3,1
"Pde4dip",0.161862131586037,0.377987727863299,0.258,0.1,1
"Plaat3",0.161862131586037,0.446719287186741,0.258,0.1,1
"Dnajc19",0.16195781057841,0.803295614679698,0.226,0.1,1
"Psmd12",0.16195781057841,0.536500481662958,0.226,0.1,1
"Npc1",0.16195781057841,0.496794390887625,0.226,0.1,1
"Ttc39c",0.16195781057841,-0.570716322533014,0.097,0.233,1
"0610009E02Rik",0.163053803576501,0.444885872763239,0.129,0.033,1
"Gm44144",0.163053803576501,0.407615969046731,0.129,0.033,1
"Bmp7",0.163053803576501,0.608346817158599,0.129,0.033,1
"G3bp2",0.163053803576501,0.481676496432714,0.129,0.033,1
"Rnf10",0.163053803576501,0.368901674577084,0.129,0.033,1
"Htra2",0.163053803576501,0.572541645082741,0.129,0.033,1
"Nfu1",0.163053803576501,0.453384700646371,0.129,0.033,1
"ENSMUSG00000120675",0.163053803576501,0.683534364852704,0.129,0.033,1
"Tomm40",0.163053803576501,0.401488288648405,0.129,0.033,1
"Det1",0.163053803576501,0.450989674494683,0.129,0.033,1
"Usp31",0.163053803576501,0.460857282718137,0.129,0.033,1
"Sh3rf1",0.163053803576501,0.595063490927252,0.129,0.033,1
"Pnpt1",0.163053803576501,0.470772545453302,0.129,0.033,1
"Ppp2r1a",0.163053803576501,0.429527333220282,0.129,0.033,1
"Csnk2b",0.163053803576501,0.45619101527791,0.129,0.033,1
"Slc25a27",0.163053803576501,0.388505428110851,0.129,0.033,1
"Pold4",0.163053803576501,0.533773183408934,0.129,0.033,1
"Exoc6",0.163053803576501,0.759486064140553,0.129,0.033,1
"Gpkow",0.163053803576501,0.482904116157506,0.129,0.033,1
"Pcyt2",0.164059414294235,-0.515864150580048,0.387,0.533,1
"Arhgap5",0.164472438709454,0.374526062232816,0.839,0.767,1
"Tmed5",0.164714602357292,0.290053676621304,0.194,0.067,1
"Gnb2",0.164714602357292,0.656454251040654,0.194,0.067,1
"Rps19",0.164714602357292,0.460844106225736,0.194,0.067,1
"Gm45640",0.164714602357292,0.457393782194366,0.194,0.067,1
"Gas7",0.164714602357292,0.431912721945094,0.194,0.067,1
"Atp11c",0.164714602357292,-0.276035183747676,0.065,0.2,1
"Vbp1",0.164714602357292,0.574909782523161,0.194,0.067,1
"Specc1",0.164910928698059,-0.434050098913226,0.516,0.6,1
"Sytl2",0.164980871514993,-0.59559201899714,0.258,0.367,1
"Ppia",0.165103963424227,0.527519428176765,0.548,0.333,1
"Hacd3",0.165422932273206,-0.420809814844296,0.194,0.367,1
"Lix1",0.16600025276718,0.391087776015361,0.613,0.367,1
"Trim2",0.166671566791812,0.467647086647806,0.484,0.3,1
"Npas2",0.166919447774681,-0.543241589732624,0.129,0.267,1
"Cwc27",0.166919447774681,-0.582893736418516,0.129,0.267,1
"Vav2",0.167675200649061,-0.544895478977992,0.032,0.133,1
"Samhd1",0.167675200649061,-0.437966435098263,0.032,0.133,1
"Dmtf1",0.167675200649061,-0.372803244409495,0.032,0.133,1
"Snrnp35",0.167675200649061,-0.410286865573817,0.032,0.133,1
"Ncf1",0.167675200649061,-0.466514299278415,0.032,0.133,1
"Lrrn1",0.167675200649061,-0.510153843762873,0.032,0.133,1
"Nlrp1b",0.167675200649061,-0.415336759693138,0.032,0.133,1
"Iqcb1",0.167675200649061,-0.435863950403998,0.032,0.133,1
"Gpr108",0.167675200649061,-0.357108076851957,0.032,0.133,1
"Klhl13",0.167675200649061,-0.414792207594262,0.032,0.133,1
"Jak1",0.16841470470209,0.376590442454664,0.258,0.1,1
"Tbca",0.168467091606132,0.384303069582633,0.194,0.067,1
"Rbis",0.168778006691985,0.525359035580058,0.226,0.1,1
"Tbc1d16",0.168778006691985,-0.352314496327499,0.097,0.233,1
"Cplx2",0.168778006691985,-0.48219208233124,0.097,0.233,1
"Dock5",0.168778006691985,0.579059788464797,0.226,0.1,1
"Sp4",0.169360467460611,0.554110180975447,0.323,0.167,1
"Mctp1",0.169360467460611,0.549910014795497,0.323,0.167,1
"Supt20",0.170983062142641,0.453255547606931,0.387,0.2,1
"Itga6",0.171747097768947,-0.417006480913938,0.323,0.467,1
"Ankrd13a",0.172316644406516,0.336551196891157,0.194,0.067,1
"Clasrp",0.172316644406516,0.345357413448356,0.194,0.067,1
"Zfp949",0.172316644406516,0.395509817531585,0.194,0.067,1
"Dnajb12",0.172316644406516,0.356885516387261,0.194,0.067,1
"Gm4491",0.172316644406516,0.378927485171779,0.194,0.067,1
"Smarcd1",0.172316644406516,0.39515601124812,0.194,0.067,1
"B3gat3",0.172316644406516,0.388374427487707,0.194,0.067,1
"Marchf5",0.172316644406516,0.273096536197386,0.194,0.067,1
"Unc50",0.172394287925213,0.412497449080179,0.129,0.033,1
"D330023K18Rik",0.172394287925213,0.427803473867415,0.129,0.033,1
"Psmb7",0.172394287925213,0.498794263660173,0.129,0.033,1
"Stk4",0.172394287925213,0.487323305969892,0.129,0.033,1
"Gmeb2",0.172394287925213,0.380517565153577,0.129,0.033,1
"Slc35a3",0.172394287925213,0.502532954219998,0.129,0.033,1
"Manea",0.172394287925213,0.448697624280707,0.129,0.033,1
"Malsu1",0.172394287925213,0.413488873019974,0.129,0.033,1
"Brpf1",0.172394287925213,0.439176813782392,0.129,0.033,1
"Tmem147",0.172394287925213,0.786153692531696,0.129,0.033,1
"Chrna7",0.172394287925213,0.549788307812833,0.129,0.033,1
"Sorbs2os",0.172394287925213,0.508410797631082,0.129,0.033,1
"Zbtb2",0.172394287925213,0.402290140273867,0.129,0.033,1
"Ppil6",0.172394287925213,0.42266554089485,0.129,0.033,1
"Lta4h",0.172394287925213,0.56555194780263,0.129,0.033,1
"Eif4enif1",0.172394287925213,0.500280235956879,0.129,0.033,1
"Cacng4",0.172394287925213,0.371056534675332,0.129,0.033,1
"Cpsf3",0.172394287925213,0.400795530799165,0.129,0.033,1
"Psma6",0.172394287925213,0.412325278781008,0.129,0.033,1
"Zfp346",0.172394287925213,0.518270831521914,0.129,0.033,1
"Rida",0.172394287925213,0.689838641698611,0.129,0.033,1
"Tbl3",0.172394287925213,0.559047105446915,0.129,0.033,1
"Abhd16a",0.172394287925213,0.526755583376362,0.129,0.033,1
"Vegfb",0.172394287925213,0.306432522518801,0.129,0.033,1
"Cfap47",0.172394287925213,0.4187401592686,0.129,0.033,1
"Pnkd",0.173391837274238,-0.366912498432346,0.129,0.267,1
"Nfkb1",0.173391837274238,-0.624841649067268,0.129,0.267,1
"Sgsm2",0.173391837274238,-0.451634399423798,0.129,0.267,1
"Prr16",0.173391837274238,-0.558262412849711,0.129,0.267,1
"Sfxn1",0.173504040942988,-0.562561603115281,0.161,0.3,1
"Smc3",0.173906389700432,0.439943844763626,0.29,0.133,1
"4930488L21Rik",0.174295932884276,-0.329799820032632,0.613,0.733,1
"Sned1",0.175164399353955,0.275019520826355,0.258,0.1,1
"Septin1",0.175288251965486,-0.702004590860438,0.065,0.167,1
"Cep70",0.175288251965486,-0.576969626632819,0.065,0.167,1
"Ccdc138",0.175288251965486,-0.660237698229974,0.065,0.167,1
"Hcn2",0.175288251965486,-0.494223811259548,0.065,0.167,1
"Zfyve26",0.175288251965486,-0.425779974105539,0.065,0.167,1
"Hapln1",0.175288251965486,-0.560395761537342,0.065,0.167,1
"Dcbld2",0.175288251965486,-0.550184861046288,0.065,0.167,1
"Fads1",0.175288251965486,-0.653122428456849,0.065,0.167,1
"Aifm1",0.175288251965486,-0.596526356642122,0.065,0.167,1
"Srsf1",0.175361908819764,0.496591481340439,0.323,0.167,1
"Il33",0.175361908819764,0.584999497547487,0.323,0.167,1
"Faf1",0.175667079000552,0.52851955043046,0.613,0.367,1
"Ndufs5",0.175811474353763,0.467610242165231,0.226,0.1,1
"Tmem229a",0.175811474353763,0.466959252788676,0.226,0.1,1
"1810062O18Rik",0.175811474353763,0.705109825047643,0.226,0.1,1
"Ndufb10",0.175811474353763,0.490001644986877,0.226,0.1,1
"Gm41609",0.175811474353763,0.66786515299825,0.226,0.1,1
"Rprd2",0.176437890372085,-0.53062428476605,0.194,0.333,1
"Bod1l",0.176437890372085,-0.557015139316766,0.194,0.333,1
"Arpp21",0.176437890372085,-0.491428736910304,0.194,0.333,1
"Leng8",0.176654182834313,-0.401417099101853,0.29,0.433,1
"Maml3",0.176836379335814,-0.310414055623552,0.194,0.367,1
"Acly",0.176836379335814,-0.332180829825144,0.194,0.367,1
"Fgfr3",0.176937428593816,0.38447556922904,0.484,0.3,1
"Pex14",0.177212022856654,-0.314036193217372,0.032,0.133,1
"Fbxl2",0.177212022856654,-0.347475974638318,0.032,0.133,1
"Slc39a11",0.177212022856654,-0.293291385177911,0.032,0.133,1
"Gskip",0.177212022856654,-0.357916274605085,0.032,0.133,1
"Rrm2b",0.177212022856654,-0.362710865150741,0.032,0.133,1
"F630040K05Rik",0.177212022856654,-0.300051028661763,0.032,0.133,1
"Smim3",0.177212022856654,-0.372744529036744,0.032,0.133,1
"Rttn",0.177212022856654,-0.394750755913525,0.032,0.133,1
"Tmem223",0.177212022856654,-0.343970702016512,0.032,0.133,1
"Plce1",0.177212022856654,-0.262849527478906,0.032,0.133,1
"Nolc1",0.177212022856654,-0.359057792674609,0.032,0.133,1
"Gm14798",0.177212022856654,-0.337961858388991,0.032,0.133,1
"Luc7l2",0.178813201111898,0.42847139974042,0.839,0.667,1
"Cdk14",0.179170715376914,0.48162160350278,0.484,0.333,1
"Atad2b",0.179177949951731,0.402814110165382,0.516,0.3,1
"Phlpp1",0.179424904504632,0.353903110161817,0.871,0.667,1
"Hdac4",0.180049976712026,-0.457549946183252,0.129,0.267,1
"Dhtkd1",0.180178140112188,0.443773197536062,0.194,0.067,1
"Fubp3",0.180178140112188,0.338786864456859,0.194,0.067,1
"Xrn2",0.180178140112188,0.353595607063359,0.194,0.067,1
"Dynll2",0.180178140112188,0.416481568298731,0.194,0.067,1
"Btbd17",0.180178140112188,0.346254488421928,0.194,0.067,1
"Tecpr2",0.180178140112188,0.393688861816896,0.194,0.067,1
"Bdh1",0.180178140112188,0.382005101192961,0.194,0.067,1
"Naa12",0.180178140112188,0.377131151932145,0.194,0.067,1
"Mpped2",0.180342570418968,-0.64296159924505,0.258,0.4,1
"Mal",0.180342570418968,0.573279229794176,0.419,0.233,1
"Sf3b6",0.180370923839184,0.440372887421601,0.29,0.133,1
"Fmnl2",0.180910183555662,-0.343161496148845,0.516,0.667,1
"Ewsr1",0.182090955642817,-0.474147104295803,0.29,0.433,1
"Tsnax",0.182113926377574,-0.610539708278558,0.129,0.233,1
"Lancl1",0.182129337088197,0.40002120607976,0.129,0.033,1
"Srp9",0.182129337088197,0.502731704589867,0.129,0.033,1
"ENSMUSG00000120385",0.182129337088197,0.54607272025998,0.129,0.033,1
"Apip",0.182129337088197,0.463378132728745,0.129,0.033,1
"Edem2",0.182129337088197,0.458283233432699,0.129,0.033,1
"ENSMUSG00000121236",0.182129337088197,0.537520493503796,0.129,0.033,1
"Prpf4",0.182129337088197,0.462513698768979,0.129,0.033,1
"Dhrs3",0.182129337088197,0.53184932997703,0.129,0.033,1
"Fbxo2",0.182129337088197,0.389522755256445,0.129,0.033,1
"Sri",0.182129337088197,0.380040169824726,0.129,0.033,1
"Crybb1",0.182129337088197,0.423665007958536,0.129,0.033,1
"Orai1",0.182129337088197,0.529510543573559,0.129,0.033,1
"Nphs1",0.182129337088197,0.449935563597486,0.129,0.033,1
"Rgs10",0.182129337088197,0.74210883667755,0.129,0.033,1
"Gipc1",0.182129337088197,0.396493794738309,0.129,0.033,1
"Rab11a",0.182129337088197,0.369910056963782,0.129,0.033,1
"Tmem158",0.182129337088197,0.547776118299991,0.129,0.033,1
"Krr1",0.182129337088197,0.479254409804999,0.129,0.033,1
"Camk2b",0.182129337088197,0.564614083903468,0.129,0.033,1
"Rnf43",0.182129337088197,0.379182111720103,0.129,0.033,1
"Atxn7l1os1",0.182129337088197,0.404847739537072,0.129,0.033,1
"Crip2",0.182129337088197,0.476152270027995,0.129,0.033,1
"Ints9",0.182129337088197,0.570686318051573,0.129,0.033,1
"Derl1",0.182129337088197,0.470343922958623,0.129,0.033,1
"Etf1",0.182129337088197,0.517564332161767,0.129,0.033,1
"Pdgfrb",0.182129337088197,0.554893568117134,0.129,0.033,1
"Atp8b1",0.182129337088197,0.29280680638732,0.129,0.033,1
"Afg3l2",0.182129337088197,0.488893720072047,0.129,0.033,1
"Cxxc1",0.182129337088197,0.390451582114086,0.129,0.033,1
"Acaa2",0.182129337088197,0.369366184376458,0.129,0.033,1
"Wnk3",0.182129337088197,0.450045011975153,0.129,0.033,1
"Rap1gds1",0.182347856303648,0.427844546269396,0.484,0.267,1
"Zfp521",0.182347856303648,0.533043132304581,0.484,0.267,1
"Acbd5",0.182479683414263,-0.445694382194071,0.194,0.333,1
"Cyld",0.182479683414263,-0.555258411422978,0.194,0.333,1
"Nrp1",0.182479683414263,-0.499092969189942,0.194,0.333,1
"Ino80",0.18306125198631,0.427935301342716,0.226,0.1,1
"Ppfibp2",0.18306125198631,0.55798821569903,0.226,0.1,1
"Ell",0.18306125198631,-0.377893790934326,0.097,0.233,1
"Jund",0.18306125198631,0.346261628762187,0.226,0.1,1
"Anln",0.18306125198631,0.694918846560729,0.226,0.1,1
"Cep68",0.18306125198631,0.521968230711313,0.226,0.1,1
"Gtpbp2",0.18306125198631,-0.397525110807659,0.097,0.233,1
"Kif13b",0.183181658716729,-0.600734066168277,0.452,0.533,1
"Gm13872",0.183735671399681,-0.652505709327291,0.065,0.167,1
"Slc12a6",0.183735671399681,-0.44643296239384,0.065,0.167,1
"Sppl2a",0.183735671399681,-0.535855042969396,0.065,0.167,1
"5830417I10Rik",0.183735671399681,-0.662956462869743,0.065,0.167,1
"Brap",0.183735671399681,-0.456765459748282,0.065,0.167,1
"Tmsb10",0.183735671399681,-0.500416668344992,0.065,0.167,1
"4930512B01Rik",0.183735671399681,-0.547812325248115,0.065,0.167,1
"Mxi1",0.184509788821539,-0.597267585550921,0.226,0.4,1
"A330023F24Rik",0.185774224612867,0.527164832550005,0.355,0.2,1
"Dgkb",0.185871859202251,0.429316093574909,0.871,0.8,1
"Rps18",0.186213380180855,0.694995188410937,0.29,0.167,1
"Ephx2",0.186431441358716,-0.67260897929727,0.097,0.2,1
"B930095G15Rik",0.186431441358716,-0.560954799271729,0.097,0.2,1
"Exoc4",0.186569331158835,0.266570183795202,0.645,0.467,1
"Parp8",0.186896238801523,-0.56457306172752,0.129,0.267,1
"A930017M01Rik",0.186896238801523,0.484023475266658,0.258,0.133,1
"Hint1",0.187433827825454,0.488785256855788,0.387,0.233,1
"Tle1",0.187838373791437,-0.697481321646136,0.194,0.3,1
"Pcf11",0.187838373791437,0.488020296467004,0.323,0.167,1
"Eif4e",0.188303030010523,0.349271424078452,0.194,0.067,1
"Slc13a1",0.188303030010523,0.268010668984877,0.194,0.067,1
"Ip6k2",0.188303030010523,0.337488082468058,0.194,0.067,1
"Ccnjl",0.188303030010523,0.319928695028143,0.194,0.067,1
"Cyth1",0.18838774627947,-0.578731153915699,0.226,0.367,1
"Pclo",0.188673538134883,0.572578850566339,0.323,0.2,1
"Garre1",0.189265889078519,0.294017481478502,0.258,0.1,1
"Gapdh",0.190205059875782,0.381463004973533,0.581,0.367,1
"Tmf1",0.190530251578549,-0.253389191156179,0.097,0.233,1
"Wscd1",0.190530251578549,0.459267511804753,0.226,0.1,1
"Fam162a",0.190530251578549,-0.310131121759141,0.097,0.233,1
"Rb1",0.191654130456336,-0.511371651752568,0.516,0.6,1
"Fam117b",0.192266293884273,0.375821889445881,0.129,0.033,1
"Timm17a",0.192266293884273,0.301256630137383,0.129,0.033,1
"Phyh",0.192266293884273,0.337575696626837,0.129,0.033,1
"Nup35",0.192266293884273,0.316373038255788,0.129,0.033,1
"Tyro3",0.192266293884273,0.359069336282106,0.129,0.033,1
"Ppdpf",0.192266293884273,0.342527673165418,0.129,0.033,1
"Slc33a1",0.192266293884273,0.435063458684754,0.129,0.033,1
"Tmem144",0.192266293884273,0.377607015041492,0.129,0.033,1
"Rit1",0.192266293884273,0.472865389834223,0.129,0.033,1
"Exosc10",0.192266293884273,0.305363898365688,0.129,0.033,1
"Smim20",0.192266293884273,0.41104935494378,0.129,0.033,1
"Rnf34",0.192266293884273,0.318933940904667,0.129,0.033,1
"Sh2b2",0.192266293884273,0.424429704641035,0.129,0.033,1
"Etfrf1",0.192266293884273,0.477571926565303,0.129,0.033,1
"Mypop",0.192266293884273,0.351589415180394,0.129,0.033,1
"Psmc4",0.192266293884273,0.283484082266058,0.129,0.033,1
"Uba2",0.192266293884273,0.318514925615297,0.129,0.033,1
"2900076A07Rik",0.192266293884273,0.305836840553985,0.129,0.033,1
"Smpd1",0.192266293884273,0.333673108944664,0.129,0.033,1
"Lcmt1",0.192266293884273,0.654500405609004,0.129,0.033,1
"Dlgap2",0.192266293884273,0.431428414839959,0.129,0.033,1
"Cbr4",0.192266293884273,0.430947337289056,0.129,0.033,1
"Cep57",0.192266293884273,0.344266480177734,0.129,0.033,1
"Hhatl",0.192266293884273,0.281183989021645,0.129,0.033,1
"Rexo1",0.192266293884273,0.342829558084571,0.129,0.033,1
"Sgta",0.192266293884273,0.438887328600798,0.129,0.033,1
"Nr2c1",0.192266293884273,0.401968924778825,0.129,0.033,1
"Mbd6",0.192266293884273,0.288769351770974,0.129,0.033,1
"Ormdl2",0.192266293884273,0.355049759238682,0.129,0.033,1
"Gm29394",0.192266293884273,0.362131414039907,0.129,0.033,1
"Ifnar1",0.192266293884273,0.406334049503982,0.129,0.033,1
"Drap1",0.192266293884273,0.390788859000918,0.129,0.033,1
"Ogfrl1",0.192480906248724,-0.663526894718212,0.065,0.167,1
"Usp20",0.192480906248724,-0.411337350417523,0.065,0.167,1
"Gclm",0.192480906248724,-0.490644366039646,0.065,0.167,1
"Rps3",0.192480906248724,-0.596121141754038,0.065,0.167,1
"Med17",0.192480906248724,-0.455524755974456,0.065,0.167,1
"Tmem108",0.192480906248724,-0.494359398728719,0.065,0.167,1
"D030055H07Rik",0.192480906248724,-0.471084185706684,0.065,0.167,1
"Zswim8",0.192480906248724,-0.556264709453778,0.065,0.167,1
"Hmox2",0.192480906248724,-0.454087440620441,0.065,0.167,1
"Gm26749",0.192480906248724,-0.617149775450233,0.065,0.167,1
"Commd3",0.192820339970691,-0.423602508000092,0.161,0.3,1
"Hes5",0.193335085403899,0.352032647248409,0.452,0.267,1
"Picalm",0.193335085403899,0.361158312805248,0.452,0.267,1
"Prdx1",0.193384282460924,0.301692671533972,0.387,0.233,1
"Fnbp4",0.193932898504983,-0.435037364390072,0.129,0.267,1
"Pros1",0.193932898504983,0.553091203080549,0.258,0.133,1
"Tsc1",0.194316964038049,0.501508098148485,0.323,0.167,1
"Ngly1",0.194316964038049,0.457010158764837,0.323,0.167,1
"Cplane1",0.194316964038049,0.304948234954801,0.323,0.167,1
"Dock7",0.195021074579469,0.56872926706942,0.323,0.2,1
"Mark2",0.195021074579469,-0.506068731956823,0.194,0.333,1
"Dtymk",0.196622776405676,-0.529642104734844,0.129,0.233,1
"Kif6",0.196695062883763,0.281321251584468,0.194,0.067,1
"Senp6",0.198205049287758,0.482423162597028,0.355,0.2,1
"Susd6",0.198205049287758,-0.515508322398879,0.226,0.333,1
"4930570B17Rik",0.198205049287758,-0.638566683410167,0.226,0.333,1
"Tnfaip6",0.198221250391525,0.321302767152277,0.226,0.1,1
"Upp2",0.198221250391525,0.515011454952817,0.226,0.1,1
"Cyp7b1",0.198221250391525,0.806259829766483,0.226,0.1,1
"E130308A19Rik",0.198221250391525,0.370755024716711,0.226,0.1,1
"Galnt18",0.198221250391525,0.548316613599867,0.226,0.1,1
"Kcnk13",0.198221250391525,0.482988182008156,0.226,0.1,1
"Lonrf3",0.198221250391525,0.397776120352332,0.226,0.1,1
"Kcnd2",0.198869692357525,0.592136796513233,0.452,0.333,1
"Tardbp",0.199597957115102,0.492176737972392,0.29,0.167,1
"Cisd2",0.200365570344082,-0.508901201195185,0.129,0.233,1
"Camk1d",0.200476654883277,0.4106765467081,0.645,0.567,1
"Klhl2",0.200695929876586,0.476993591620262,0.387,0.2,1
"Laptm4a",0.200695929876586,-0.499527117636604,0.226,0.367,1
"Tom1l1",0.200833632231101,-0.587572580531995,0.161,0.267,1
"Cacnb4",0.200958049465065,-0.612275873007568,0.194,0.3,1
"Armh3",0.200958049465065,0.304631788342811,0.323,0.167,1
"Kcnn2",0.201046823316671,0.553258174769211,0.484,0.333,1
"Aox1",0.201162127304938,-0.34775015943804,0.129,0.267,1
"Sema4a",0.201162127304938,0.49190324808929,0.258,0.133,1
"Zfp827",0.201162127304938,-0.294394647155455,0.129,0.267,1
"Ube2k",0.201523844829094,-0.474911256340124,0.194,0.333,1
"Ppp2r2b",0.201526109070597,-0.31315686147841,0.71,0.833,1
"Camsap1",0.201528307415517,-0.443208107612115,0.065,0.167,1
"Atp6v1g1",0.201528307415517,-0.495268396627241,0.065,0.167,1
"Gnl2",0.201528307415517,-0.451945817183232,0.065,0.167,1
"Pisd",0.201528307415517,-0.427050196348081,0.065,0.167,1
"Mthfsl",0.201528307415517,-0.461314073200655,0.065,0.167,1
"Rundc3a",0.201528307415517,-0.47969945911564,0.065,0.167,1
"Stard4",0.201528307415517,-0.423218497778715,0.065,0.167,1
"Nipa2",0.202507081721033,-0.56624555465923,0.097,0.2,1
"Asxl3",0.202507081721033,-0.496981031680343,0.097,0.2,1
"Gm36952",0.202812050312479,0.275296314104035,0.129,0.033,1
"4933400F21Rik",0.202812050312479,0.307765228599482,0.129,0.033,1
"Gm37768",0.202812050312479,0.338531443456383,0.129,0.033,1
"Tmem63a",0.202812050312479,0.296410086576075,0.129,0.033,1
"D730003I15Rik",0.202812050312479,0.362403787047888,0.129,0.033,1
"Npepl1",0.202812050312479,0.33786030220124,0.129,0.033,1
"Cxxc4",0.202812050312479,0.312740149090984,0.129,0.033,1
"Dnajb4",0.202812050312479,0.292357960012666,0.129,0.033,1
"Yipf1",0.202812050312479,0.259141693452772,0.129,0.033,1
"Gm15446",0.202812050312479,0.391393343226947,0.129,0.033,1
"Zfp746",0.202812050312479,0.266330472912454,0.129,0.033,1
"Lmo3",0.202812050312479,0.363628096349882,0.129,0.033,1
"Ppp1r14a",0.202812050312479,0.262813899007664,0.129,0.033,1
"Coq7",0.202812050312479,0.296293374050232,0.129,0.033,1
"Cln3",0.202812050312479,0.324723803988143,0.129,0.033,1
"1700030K09Rik",0.202812050312479,0.288089411611061,0.129,0.033,1
"Imp3",0.202812050312479,0.301727206890936,0.129,0.033,1
"Ice2",0.202812050312479,0.297186406780873,0.129,0.033,1
"Ginm1",0.202812050312479,0.298052971010556,0.129,0.033,1
"Gm29237",0.202812050312479,0.307577322642308,0.129,0.033,1
"Nfe2l1",0.202812050312479,0.297793216464845,0.129,0.033,1
"Abca8a",0.202812050312479,0.268585457868994,0.129,0.033,1
"Gm34408",0.202812050312479,0.298322873585562,0.129,0.033,1
"Baz1a",0.202812050312479,0.331453192278602,0.129,0.033,1
"1810034E14Rik",0.202812050312479,0.259730670346783,0.129,0.033,1
"B230354K17Rik",0.202812050312479,0.264114741693863,0.129,0.033,1
"9330117O12Rik",0.202812050312479,0.292221548680264,0.129,0.033,1
"Tmem151a",0.202812050312479,0.254830546407153,0.129,0.033,1
"ENSMUSG00000120219",0.202812050312479,0.294765991996097,0.129,0.033,1
"Nexmif",0.202812050312479,0.300473860127947,0.129,0.033,1
"Trf",0.203733825040658,0.477441397151979,0.548,0.4,1
"Carf",0.204186956140962,-0.534095079423568,0.129,0.233,1
"Cntn4",0.204186956140962,-0.540441625662335,0.129,0.233,1
"Jakmip2",0.204186956140962,-0.849600823177275,0.129,0.233,1
"Arhgef11",0.204643907529781,0.306034763927066,0.355,0.2,1
"Kif5b",0.204643907529781,0.394826131574598,0.355,0.2,1
"Zfp710",0.204650890793625,0.551141212622772,0.452,0.333,1
"Zdhhc21",0.206136882687193,0.479500662380361,0.226,0.1,1
"Zfp511",0.206136882687193,0.448015409020367,0.226,0.1,1
"Kat6a",0.206136882687193,0.484092230182381,0.226,0.1,1
"Rap1b",0.206166607449213,0.630248717175431,0.161,0.067,1
"Aftph",0.206547973920757,-0.537887345929844,0.161,0.3,1
"Bmpr1b",0.207518996162303,0.318859670810077,0.613,0.5,1
"Pls1",0.208017488572058,-0.794895644506331,0.161,0.267,1
"Herc1",0.208025322930391,-0.483786912026849,0.323,0.433,1
"Tab2",0.208183329688047,-0.524550141623378,0.194,0.333,1
"Fgf1",0.208183329688047,-0.48503058763676,0.194,0.333,1
"Efhd2",0.208585987497622,-0.356889990721792,0.129,0.267,1
"Gtf2a1",0.208585987497622,-0.450078494385299,0.129,0.267,1
"Slc25a12",0.208856180939709,0.497388300842506,0.387,0.233,1
"Cdh10",0.209871456175343,0.272394661309527,0.871,0.7,1
"Camk2n1",0.210553356245026,0.371853000669069,0.484,0.3,1
"Phf3",0.210851233888043,-0.560162310312865,0.29,0.4,1
"Ncs1",0.210881958618169,-0.554362246696056,0.065,0.167,1
"Bcas1os2",0.210881958618169,-0.382401516709712,0.065,0.167,1
"Rab7",0.210881958618169,-0.423019042182785,0.065,0.167,1
"Ptov1",0.210881958618169,-0.457363348286557,0.065,0.167,1
"Grn",0.210881958618169,-0.451877995548529,0.065,0.167,1
"Stk24",0.210881958618169,-0.49124903688073,0.065,0.167,1
"Zfp563",0.210881958618169,-0.490670404321666,0.065,0.167,1
"Fbxo38",0.210881958618169,-0.436665646703456,0.065,0.167,1
"3110021N24Rik",0.210913680255692,-0.826122733753707,0.097,0.2,1
"Epm2aip1",0.210913680255692,-0.565773688671883,0.097,0.2,1
"Smg6",0.211032679508919,-0.278421375391906,0.29,0.467,1
"Nme7",0.211233559236535,0.513399502185946,0.355,0.2,1
"Plp1",0.211810535281228,0.474780160408712,0.677,0.6,1
"Tkt",0.211960668121503,-0.47223849329033,0.129,0.233,1
"Akap11",0.211960668121503,-0.440498820575747,0.129,0.233,1
"Lamp1",0.21358085671976,0.486411900418015,0.355,0.233,1
"Dop1b",0.21358085671976,-0.424310654642201,0.226,0.367,1
"Sik2",0.213672043130145,0.469903502464505,0.29,0.167,1
"Bcl6",0.213672043130145,0.494079996044814,0.29,0.167,1
"Atad1",0.213672043130145,-0.420208893850986,0.161,0.3,1
"Tsn",0.214279631501908,0.525598808284844,0.226,0.1,1
"Slco2b1",0.214279631501908,-0.279001360478739,0.097,0.233,1
"Ppp2ca",0.214279631501908,0.445258538394061,0.226,0.1,1
"Wipf1",0.215000935390805,-0.417713117962372,0.194,0.333,1
"Ppp1cb",0.215000935390805,0.854912232388304,0.323,0.2,1
"Chn2",0.215000935390805,0.588222983428247,0.323,0.2,1
"Hpgds",0.215000935390805,-0.583654557013873,0.194,0.333,1
"Ubl5",0.215000935390805,-0.408841232028102,0.194,0.333,1
"Hacd2",0.215000935390805,-0.546057501198396,0.194,0.333,1
"Oga",0.215000935390805,-0.302167921259863,0.194,0.333,1
"Rfwd3",0.215385871023118,-0.519999436426611,0.161,0.267,1
"Fxyd6",0.215674826752229,0.680835861533135,0.161,0.067,1
"Magef1",0.215674826752229,0.483524511667311,0.161,0.067,1
"Gm3764",0.217197284212367,0.285809215073502,1,0.8,1
"Hsp90aa1",0.217337333090564,0.314165823588784,0.452,0.267,1
"Evi5",0.217975289954011,0.375875567144856,0.355,0.2,1
"Gja1",0.217975289954011,0.373366148356349,0.355,0.2,1
"Odr4",0.219569835227851,-0.542908482389707,0.097,0.2,1
"Rps27",0.219569835227851,-0.494670380943381,0.097,0.2,1
"Pold3",0.219569835227851,-0.417178632692293,0.097,0.2,1
"Rab21",0.219569835227851,-0.512544115194213,0.097,0.2,1
"A230009B12Rik",0.219569835227851,-0.629859233653815,0.097,0.2,1
"Gm48321",0.21994601751113,-0.637509158122478,0.129,0.233,1
"Dym",0.21994601751113,-0.522907643706105,0.129,0.233,1
"Ctdspl2",0.220545658792415,-0.35394469175499,0.065,0.167,1
"Eed",0.220545658792415,-0.417061972169096,0.065,0.167,1
"Bmper",0.220545658792415,-0.415881772336658,0.065,0.167,1
"Gclc",0.220545658792415,-0.370580020741289,0.065,0.167,1
"Rap2a",0.220545658792415,-0.290693983499646,0.065,0.167,1
"Zc3h7b",0.220545658792415,-0.339520388612939,0.065,0.167,1
"Cuedc2",0.220545658792415,-0.40574185290955,0.065,0.167,1
"Caskin1",0.220971723736305,0.597628554783024,0.29,0.167,1
"Elavl1",0.221871826251982,-0.617876698453177,0.194,0.3,1
"Dnaja2",0.22197799033456,-0.458057971786295,0.194,0.333,1
"Hspd1",0.222651820486837,0.374142428296591,0.226,0.1,1
"Cdk5rap2",0.222651820486837,0.423015781750416,0.226,0.1,1
"Gabarapl1",0.222651820486837,0.438556563075558,0.226,0.1,1
"Rps15",0.222651820486837,0.358315793967732,0.226,0.1,1
"Lgi4",0.222940453166958,-0.788812733496523,0.161,0.267,1
"Mro",0.222940453166958,-0.539877406580223,0.161,0.267,1
"Dennd5a",0.222959690237822,-0.512972914244245,0.258,0.4,1
"Snx29",0.222959690237822,0.510153963469865,0.419,0.233,1
"Gabbr2",0.223535292745535,0.50672340700018,0.419,0.267,1
"Mmadhc",0.223992296779649,0.648988644589676,0.194,0.1,1
"Gm45708",0.224025271333797,0.656624031773659,0.258,0.133,1
"Rfx3",0.224891733809585,-0.572532363470269,0.387,0.5,1
"Rps6ka3",0.225493058577294,0.261184101855046,0.323,0.167,1
"Setx",0.225494882252481,0.416997475458924,0.161,0.067,1
"Blcap",0.225494882252481,0.472404973194437,0.161,0.067,1
"Atp5e",0.225494882252481,0.564221307303234,0.161,0.067,1
"Ap4m1",0.225494882252481,0.641159792414019,0.161,0.067,1
"Tm2d3",0.225494882252481,0.526793044087417,0.161,0.067,1
"Hpf1",0.225494882252481,0.475501471025704,0.161,0.067,1
"Diaph3",0.225494882252481,0.637291095938511,0.161,0.067,1
"Klhl22",0.225494882252481,0.622714913677276,0.161,0.067,1
"Gm19500",0.225494882252481,0.561709027633776,0.161,0.067,1
"Mt3",0.225838151356529,-0.343523735002581,0.355,0.433,1
"Psmd1",0.228144968138347,-0.62798672361852,0.129,0.233,1
"Dapp1",0.228144968138347,-0.681559680054682,0.129,0.233,1
"Tnrc6a",0.228448476838318,0.478692693324283,0.29,0.167,1
"Tpcn1",0.228478082572108,-0.669297699326783,0.097,0.2,1
"Tgfa",0.228478082572108,-0.527602641553934,0.097,0.2,1
"Dync1li1",0.228478082572108,-0.523279210075712,0.097,0.2,1
"Larp4",0.228478082572108,-0.425182367378596,0.097,0.2,1
"Tfcp2",0.228478082572108,-0.57028031105266,0.097,0.2,1
"Gm49797",0.228478082572108,-0.670873015641775,0.097,0.2,1
"Napg",0.228478082572108,-0.568880085381528,0.097,0.2,1
"Mtm1",0.228478082572108,-0.482735302776159,0.097,0.2,1
"Fus",0.230111803554466,-0.391265254894392,0.29,0.433,1
"Klhl12",0.230522904685009,-0.345084580598906,0.065,0.167,1
"Fam20b",0.230522904685009,-0.335757339469034,0.065,0.167,1
"Fnbp1l",0.230522904685009,-0.357209423197897,0.065,0.167,1
"Agbl4",0.230522904685009,-0.269677163335824,0.065,0.167,1
"Prkar1b",0.230522904685009,-0.336362537648988,0.065,0.167,1
"Narf",0.230522904685009,-0.367244161222221,0.065,0.167,1
"Sec22a",0.230522904685009,-0.304990625225276,0.065,0.167,1
"Opcml",0.230682797883607,-0.710431141725128,0.161,0.267,1
"Cldn10",0.230682797883607,-0.469470107257908,0.161,0.267,1
"4930511M06Rik",0.230682797883607,-0.70093703626413,0.161,0.267,1
"Atg4b",0.231255605837919,0.406631928663441,0.226,0.1,1
"Ttc4",0.231255605837919,0.497154376974543,0.226,0.1,1
"Avl9",0.231255605837919,0.368757029918282,0.226,0.1,1
"Nars",0.231255605837919,0.264816617488346,0.226,0.1,1
"Tead1",0.231919763745282,-0.545877210650394,0.226,0.333,1
"Glrb",0.232044222849947,0.466204703004733,0.258,0.133,1
"Tspan2",0.232044222849947,-0.322042308494626,0.129,0.267,1
"Pakap",0.232044222849947,0.276319794680041,0.258,0.133,1
"Gm13110",0.232044222849947,0.390307415321216,0.258,0.133,1
"Eif4h",0.232044222849947,0.368778881962542,0.258,0.133,1
"Gm33989",0.232044222849947,0.476282944648108,0.258,0.133,1
"Rnf138",0.232044222849947,0.444370536315439,0.258,0.133,1
"Rbm25",0.232865111192815,-0.344457225901909,0.419,0.533,1
"Wwox",0.233465313342625,0.419006229529449,0.613,0.467,1
"Scaper",0.233465313342625,-0.459776886526862,0.484,0.6,1
"Taf15",0.235393769446536,-0.338277079850042,0.323,0.467,1
"Mitd1",0.235630113152585,0.403868577047469,0.161,0.067,1
"Manbal",0.235630113152585,0.422830460065395,0.161,0.067,1
"Aldh2",0.235630113152585,0.524369019305954,0.161,0.067,1
"Dctn5",0.235630113152585,0.670619861252058,0.161,0.067,1
"Cluh",0.235630113152585,0.502304782435029,0.161,0.067,1
"G2e3",0.235630113152585,0.351661293449638,0.161,0.067,1
"Prr5",0.235630113152585,0.527217916232882,0.161,0.067,1
"Lima1",0.235630113152585,0.456616820508078,0.161,0.067,1
"Tiam2",0.235630113152585,0.51703770473914,0.161,0.067,1
"3222401L13Rik",0.235630113152585,0.560738315363392,0.161,0.067,1
"Fth1",0.235739190123664,0.44031833093764,0.742,0.567,1
"Septin11",0.236103661546612,0.393701332528431,0.29,0.167,1
"Timmdc1",0.236415352972455,0.479791842195552,0.323,0.2,1
"Grik5",0.236559335918221,-0.474438135556553,0.129,0.233,1
"Atg3",0.236559335918221,-0.567483178460133,0.129,0.233,1
"Rprd1a",0.236559335918221,-0.531369164960978,0.129,0.233,1
"Nsdhl",0.236559335918221,-0.573608385588847,0.129,0.233,1
"Gpd2",0.236653835667551,-0.516634617807778,0.194,0.3,1
"Cdh19",0.236669023807946,0.422701987271997,0.581,0.467,1
"Tsg101",0.23764075245173,-0.428833166811504,0.097,0.2,1
"2300009A05Rik",0.23764075245173,-0.614762365851984,0.097,0.2,1
"Gspt1",0.23764075245173,-0.627878447404295,0.097,0.2,1
"Synj2",0.23764075245173,-0.622505992051638,0.097,0.2,1
"Afg1l",0.23895623688897,-0.440179046512231,0.258,0.367,1
"Igsf11",0.23895623688897,-0.26584619020437,0.258,0.367,1
"Rab14",0.239124702408894,0.302458263572928,0.355,0.2,1
"Fndc3b",0.239124702408894,-0.386035762815703,0.226,0.333,1
"H2aj",0.239124702408894,0.309413187097604,0.355,0.2,1
"Pde4b",0.239402298493088,0.472124372781538,0.742,0.667,1
"Atrx",0.239474362857186,0.314899351386731,0.613,0.467,1
"Crebbp",0.239700184085707,-0.352063980873215,0.452,0.6,1
"Gas5",0.240092968338422,0.36468907343129,0.226,0.1,1
"Unc13b",0.240092968338422,0.326708717680218,0.226,0.1,1
"Rnf227",0.240092968338422,0.411672214770265,0.226,0.1,1
"C1qtnf4",0.240264850457572,0.430260715046215,0.258,0.133,1
"Nr2c2",0.240264850457572,0.43464535953257,0.258,0.133,1
"Zfp36l1",0.240264850457572,0.545170700071718,0.258,0.133,1
"Dlst",0.240264850457572,0.357289191424867,0.258,0.133,1
"Zc3h12b",0.240264850457572,0.411140239294047,0.258,0.133,1
"Gm20528",0.240816873704582,-0.347646512719634,0.065,0.167,1
"Angel2",0.240816873704582,-0.341677047648724,0.065,0.167,1
"Prrc2b",0.240816873704582,-0.304565006194891,0.065,0.167,1
"Utp11",0.240816873704582,-0.455770706246282,0.065,0.167,1
"Lrrtm4",0.240816873704582,-0.344400713160798,0.065,0.167,1
"Gm10785",0.240816873704582,-0.393350588354136,0.065,0.167,1
"Mras",0.241118881013713,-0.301882273799145,0.226,0.367,1
"Ctsl",0.24393853094724,0.4977060459067,0.29,0.167,1
"Ablim1",0.24393853094724,-0.287727008317568,0.161,0.3,1
"Fbxo7",0.244300427273709,-0.343530741128063,0.194,0.3,1
"Esrrg",0.245190782375912,-0.442960966658804,0.129,0.233,1
"Pdxdc1",0.245190782375912,-0.583878246522913,0.129,0.233,1
"Fyttd1",0.245190782375912,-0.436920865905253,0.129,0.233,1
"Morc3",0.245190782375912,-0.484953985101258,0.129,0.233,1
"Tiprl",0.246083530860092,0.510484391649521,0.161,0.067,1
"Gm43362",0.246083530860092,0.396565826809883,0.161,0.067,1
"Inpp5b",0.246083530860092,0.377124432168192,0.161,0.067,1
"Rnf4",0.246083530860092,0.514922362019806,0.161,0.067,1
"Tgfb1",0.246083530860092,0.500397948121677,0.161,0.067,1
"Mphosph10",0.246083530860092,0.409558890810708,0.161,0.067,1
"Sez6l2",0.246083530860092,0.68868611442786,0.161,0.067,1
"Fat1",0.246083530860092,0.390378295104538,0.161,0.067,1
"Ndufa13",0.246083530860092,0.505739869162446,0.161,0.067,1
"Cops3",0.246083530860092,0.527375444012047,0.161,0.067,1
"Gm38604",0.246083530860092,0.393285223553418,0.161,0.067,1
"Gm49336",0.246083530860092,0.401089237438006,0.161,0.067,1
"Gart",0.246083530860092,0.395338902937401,0.161,0.067,1
"Dnm1l",0.246486105591356,0.47497046361489,0.355,0.2,1
"Arid1b",0.246486105591356,-0.579914450320035,0.226,0.333,1
"Cds2",0.247059959448699,-0.54525367386227,0.097,0.2,1
"Norad",0.247059959448699,-0.450514311788775,0.097,0.2,1
"BC005537",0.247059959448699,-0.379466653617416,0.097,0.2,1
"Sod2",0.247059959448699,-0.366736056324346,0.097,0.2,1
"E130114P18Rik",0.247660141987492,0.303521663647023,0.323,0.2,1
"Ank2",0.248453082111087,0.260541086132772,1,0.967,1
"Zfp451",0.248688586621118,0.448844123936722,0.258,0.133,1
"Plekho1",0.248688586621118,0.493520051096856,0.258,0.133,1
"4931406C07Rik",0.248688586621118,0.455807041042317,0.258,0.133,1
"Manf",0.248688586621118,0.378330065649398,0.258,0.133,1
"Ranbp2",0.248688586621118,0.435041950495303,0.258,0.133,1
"Tecr",0.248902481837866,-0.35849131335964,0.452,0.533,1
"Zcrb1",0.249574455423729,-0.777498582372897,0.129,0.233,1
"Gm11149",0.250083262781532,-0.470389604680219,0.419,0.467,1
"Azin1",0.251430407097548,-0.496358825413972,0.065,0.167,1
"Mtpap",0.251430407097548,-0.368993364391754,0.065,0.167,1
"Uba1",0.251430407097548,-0.278866488096941,0.065,0.167,1
"Ppp1r16b",0.251504366093728,0.56279208761906,0.323,0.2,1
"Nek9",0.251866363855009,0.62216029753766,0.194,0.1,1
"Ctsb",0.251866363855009,0.573493811098514,0.194,0.1,1
"Emc2",0.251866363855009,0.520732779613896,0.194,0.1,1
"Ltbp1",0.251866363855009,0.562532760157043,0.194,0.1,1
"Med12l",0.25195422813438,0.619782775193035,0.29,0.167,1
"Prkar1a",0.25195422813438,0.474515341926359,0.29,0.167,1
"Gm20732",0.25195422813438,0.501962230727385,0.29,0.167,1
"Edil3",0.252231247814796,0.530768304138862,0.548,0.467,1
"Gm37240",0.253364614040249,0.417864811371804,0.516,0.367,1
"Mtss2",0.253867160243463,0.281081181447153,0.516,0.3,1
"Tax1bp1",0.254004866333259,-0.457801566496102,0.226,0.333,1
"Cul5",0.254004866333259,-0.336216048078042,0.226,0.333,1
"Gm44511",0.254040808289695,-0.58381816990384,0.129,0.233,1
"Cyhr1",0.254040808289695,-0.51808923665339,0.129,0.233,1
"Anks1b",0.254299453317092,-0.434420023480905,0.387,0.533,1
"Sqstm1",0.255050277550797,-0.567038395501758,0.161,0.267,1
"Pacs2",0.255050277550797,-0.454237050398525,0.161,0.267,1
"Ecpas",0.255338070483939,0.357455086797629,0.484,0.3,1
"Frmd4b",0.255428579474296,0.375134956692295,0.581,0.433,1
"Rab30",0.255788136960112,0.262671356229333,0.387,0.2,1
"Mcmbp",0.256737592951667,-0.343441487678586,0.097,0.2,1
"ENSMUSG00000120058",0.256737592951667,-0.450594105229069,0.097,0.2,1
"Ppfia2",0.256737592951667,-0.414897896816742,0.097,0.2,1
"Ndufaf7",0.256737592951667,-0.421087898010529,0.097,0.2,1
"Ss18",0.256737592951667,-0.46293310861904,0.097,0.2,1
"Kctd18",0.256857802351561,0.310006796910066,0.161,0.067,1
"Fbxo3",0.256857802351561,0.325104675988905,0.161,0.067,1
"Rbak",0.256857802351561,0.394892442726108,0.161,0.067,1
"Map2k7",0.256857802351561,0.466852524284462,0.161,0.067,1
"Spock3",0.256857802351561,0.341268922984225,0.161,0.067,1
"Larp6",0.256857802351561,0.416022334074176,0.161,0.067,1
"Ccr5",0.256857802351561,0.437926474038707,0.161,0.067,1
"Arhgap18",0.256857802351561,0.591499900005866,0.161,0.067,1
"Kcnj16",0.256857802351561,0.410489974653243,0.161,0.067,1
"Pdhb",0.256857802351561,0.421660348958599,0.161,0.067,1
"Myh9",0.256857802351561,0.508754830598001,0.161,0.067,1
"Myl12b",0.256857802351561,0.321066729724452,0.161,0.067,1
"Arhgap21",0.256928112714087,-0.5097200491086,0.258,0.367,1
"C030029H02Rik",0.256937448341441,-0.543254336087016,0.29,0.333,1
"Ptma",0.257241940170254,0.359086530433003,0.452,0.267,1
"Chd6",0.257241940170254,0.329558406042989,0.419,0.3,1
"Zfp329",0.257316721589911,-0.258278797072788,0.129,0.267,1
"Kcnk1",0.257523699619845,-0.366621761690433,0.258,0.4,1
"Fam222b",0.25760769421394,-0.415026840232991,0.29,0.4,1
"Snx10",0.258475424087695,0.291210696982914,0.226,0.1,1
"Grik2",0.259037770696264,0.339834208388939,0.677,0.5,1
"Snta1",0.259295644737585,-0.44225199729004,0.194,0.333,1
"Sertad2",0.259295644737585,0.689545755884896,0.323,0.2,1
"Denn2b",0.260110042651172,-0.412655133266851,0.194,0.3,1
"Psmc6",0.260151782320373,0.522710058654112,0.29,0.167,1
"Gm4117",0.261673846186478,0.456801102224856,0.194,0.1,1
"Washc2",0.261681790835886,0.326837332829292,0.355,0.2,1
"Akap8",0.261681790835886,-0.491156869286318,0.226,0.333,1
"Cep97",0.261694710895209,0.315726938041153,0.258,0.133,1
"Zfp672",0.262345397744749,0.349212777398281,0.161,0.067,1
"Nt5c3",0.262365993517536,-0.256489009492456,0.065,0.167,1
"Plcg2",0.262365993517536,-0.273720231003699,0.065,0.167,1
"Phka2",0.262365993517536,-0.335124886767423,0.065,0.167,1
"Tmem131",0.263110747471517,-0.360901102319723,0.129,0.233,1
"Ift52",0.263110747471517,-0.37445859747332,0.129,0.233,1
"Itpr1",0.263110747471517,-0.309030311049823,0.129,0.233,1
"Rassf8",0.263110747471517,-0.389229446294128,0.129,0.233,1
"Arf1",0.263110747471517,-0.429209049361643,0.129,0.233,1
"Arfgef2",0.263556924411948,-0.5440148975953,0.161,0.267,1
"Emsy",0.263556924411948,-0.340707249542426,0.161,0.267,1
"Nr1d2",0.263556924411948,-0.462048032534468,0.161,0.267,1
"Kdm6a",0.263556924411948,-0.692278053328321,0.161,0.267,1
"Nebl",0.264230030843177,0.392451583401419,0.645,0.567,1
"Xrn1",0.264357990957683,-0.383358161960433,0.29,0.433,1
"Mtmr3",0.264833241171249,-0.411836508377518,0.29,0.4,1
"Csmd1",0.264860292447135,-0.343105385722882,0.258,0.4,1
"Ntrk2",0.266113279542624,-0.455680490541342,0.581,0.733,1
"Gtf3c2",0.266150398224228,0.344534038995226,0.258,0.133,1
"Tm7sf3",0.266150398224228,0.348299466136016,0.258,0.133,1
"Grik1",0.266150398224228,0.319189322372095,0.258,0.133,1
"Atp2b4",0.266675307774029,-0.358975841236912,0.097,0.2,1
"Ppp4r1l-ps",0.266675307774029,-0.399445902601257,0.097,0.2,1
"Hmgcl",0.266675307774029,-0.483082543870685,0.097,0.2,1
"Vps35l",0.266675307774029,-0.475570228849358,0.097,0.2,1
"Cfap20",0.266675307774029,-0.359582477153373,0.097,0.2,1
"Smarca4",0.266675307774029,-0.337288785281439,0.097,0.2,1
"Fbxw11",0.266675307774029,-0.319567755291595,0.097,0.2,1
"Apobec3",0.266675307774029,-0.343662491121598,0.097,0.2,1
"Usp50",0.267252530282838,0.250601536671588,0.323,0.2,1
"Spred1",0.267594487610085,-0.380003713332119,0.355,0.467,1
"Rasgrp1",0.26795523396459,0.314013545252149,0.161,0.067,1
"Gabpb2",0.26795523396459,0.330786123453986,0.161,0.067,1
"Slc16a4",0.26795523396459,0.384656571066875,0.161,0.067,1
"Phf24",0.26795523396459,0.291522845171655,0.161,0.067,1
"Tm2d1",0.26795523396459,0.365100378118481,0.161,0.067,1
"Txlna",0.26795523396459,0.354477802205533,0.161,0.067,1
"Slc12a9",0.26795523396459,0.266973286308565,0.161,0.067,1
"Mob2",0.26795523396459,0.284942398776846,0.161,0.067,1
"Prkaca",0.26795523396459,0.46400567846478,0.161,0.067,1
"Brf1",0.26795523396459,0.315407885972831,0.161,0.067,1
"Uqcrb",0.26795523396459,0.259391778743409,0.161,0.067,1
"Uchl3",0.26795523396459,0.338744952617249,0.161,0.067,1
"Shisa9",0.26795523396459,0.367327200766661,0.161,0.067,1
"Map6d1",0.26795523396459,0.312344759116364,0.161,0.067,1
"Senp5",0.26795523396459,0.399511154014617,0.161,0.067,1
"Cd99l2",0.26795523396459,0.358962134150094,0.161,0.067,1
"Ints6",0.268023532266965,0.252129500279229,0.226,0.1,1
"Stxbp6",0.268274859004518,0.273177586718532,0.323,0.167,1
"Samd4",0.268274859004518,-0.412636130366536,0.194,0.3,1
"Fcho2",0.269071083624583,0.278640778538579,0.516,0.333,1
"Atxn7",0.26926972722983,-0.3235385798605,0.355,0.433,1
"Atrn",0.269517595805908,0.366555490332861,0.355,0.2,1
"Gm42413",0.271066289703413,-0.505625997145038,0.258,0.333,1
"Osbpl9",0.271152997963733,0.271780093377295,0.613,0.467,1
"Uso1",0.271742146417359,0.451407418864088,0.194,0.1,1
"Ufsp2",0.271742146417359,0.489251854152309,0.194,0.1,1
"Lama2",0.271868471177189,0.405272519370594,0.677,0.5,1
"Dleu2",0.271868471177189,0.327210964675956,0.677,0.5,1
"Cttnbp2",0.27219724936126,-0.507398569610084,0.29,0.4,1
"Chst2",0.272257325989659,-0.462160341887941,0.161,0.267,1
"Itgav",0.272401760703157,-0.305551919543541,0.129,0.233,1
"Snph",0.272401760703157,-0.469653436427772,0.129,0.233,1
"Prr14l",0.272401760703157,-0.492128158494489,0.129,0.233,1
"Gmcl1",0.272401760703157,-0.374593743720642,0.129,0.233,1
"Iqgap1",0.272401760703157,-0.399157466440076,0.129,0.233,1
"Utp14b",0.273625753057322,-0.275141578833912,0.065,0.167,1
"Ak2",0.273625753057322,-0.314341552240555,0.065,0.167,1
"Napa",0.273625753057322,-0.311994166183815,0.065,0.167,1
"Cebpz",0.273625753057322,-0.319920169189451,0.065,0.167,1
"Gm37510",0.274561893159319,-0.421838126195641,0.032,0.1,1
"Map3k19",0.274561893159319,-0.646980984916796,0.032,0.1,1
"Efcab2",0.274561893159319,-0.371925157801775,0.032,0.1,1
"Spi1",0.274561893159319,-0.410613884787471,0.032,0.1,1
"Pex16",0.274561893159319,-0.320107175912167,0.032,0.1,1
"Nat10",0.274561893159319,-0.406657936750589,0.032,0.1,1
"Bbox1",0.274561893159319,-0.416881521661699,0.032,0.1,1
"Katnbl1",0.274561893159319,-0.340546292770779,0.032,0.1,1
"Dpm1",0.274561893159319,-0.301626705356933,0.032,0.1,1
"Gm14455",0.274561893159319,-0.347342110186975,0.032,0.1,1
"Anxa5",0.274561893159319,-0.314884043049566,0.032,0.1,1
"Rtca",0.274561893159319,-0.331241684031149,0.032,0.1,1
"Gm42971",0.274561893159319,-0.408782314458437,0.032,0.1,1
"Smu1",0.274561893159319,-0.393167916424272,0.032,0.1,1
"Trmt10b",0.274561893159319,-0.368590416830604,0.032,0.1,1
"Whrn",0.274561893159319,-0.304915469724787,0.032,0.1,1
"Gm11250",0.274561893159319,-0.358423120679259,0.032,0.1,1
"Pnrc2",0.274561893159319,-0.521336023736831,0.032,0.1,1
"Steap2",0.274561893159319,-0.379168637082711,0.032,0.1,1
"Rbks",0.274561893159319,-0.523831396711857,0.032,0.1,1
"5730480H06Rik",0.274561893159319,-0.383712176549157,0.032,0.1,1
"Mob1b",0.274561893159319,-0.365316862110886,0.032,0.1,1
"Fbxo21",0.274561893159319,-0.427271547306012,0.032,0.1,1
"Vkorc1l1",0.274561893159319,-0.494305292616612,0.032,0.1,1
"Zscan21",0.274561893159319,-0.602474048824407,0.032,0.1,1
"ENSMUSG00000121161",0.274561893159319,-0.331701128907858,0.032,0.1,1
"Cacna1c",0.274561893159319,-0.522692559308434,0.032,0.1,1
"Prpf31",0.274561893159319,-0.402244929503461,0.032,0.1,1
"Zfp94",0.274561893159319,-0.332013007868373,0.032,0.1,1
"Tbc1d17",0.274561893159319,-0.468784259085286,0.032,0.1,1
"Tarsl2",0.274561893159319,-0.346949532109679,0.032,0.1,1
"Tbc1d10b",0.274561893159319,-0.403275044942583,0.032,0.1,1
"Bccip",0.274561893159319,-0.280561577626875,0.032,0.1,1
"Gm16179",0.274561893159319,-0.347945925345187,0.032,0.1,1
"Rfxank",0.274561893159319,-0.344477075304002,0.032,0.1,1
"Lrrc29",0.274561893159319,-0.385949140207689,0.032,0.1,1
"Lcat",0.274561893159319,-0.287375316404581,0.032,0.1,1
"Pla2g15",0.274561893159319,-0.426271310998592,0.032,0.1,1
"Vps4a",0.274561893159319,-0.413131908543654,0.032,0.1,1
"Nob1",0.274561893159319,-0.509019548899238,0.032,0.1,1
"Galnt2",0.274561893159319,-0.372756877898484,0.032,0.1,1
"1700063D05Rik",0.274561893159319,-0.430222361029939,0.032,0.1,1
"Gm30373",0.274561893159319,-0.461018847316161,0.032,0.1,1
"Ccdc84",0.274561893159319,-0.385018649508876,0.032,0.1,1
"Sema7a",0.274561893159319,-0.385052219802856,0.032,0.1,1
"Gm2087",0.274561893159319,-0.399646068212469,0.032,0.1,1
"Glb1",0.274561893159319,-0.320862822516451,0.032,0.1,1
"Azi2",0.274561893159319,-0.396978397799555,0.032,0.1,1
"Mcm9",0.274561893159319,-0.442206383450918,0.032,0.1,1
"Dna2",0.274561893159319,-0.597167691764647,0.032,0.1,1
"Ilvbl",0.274561893159319,-0.409888760942631,0.032,0.1,1
"Adamtsl5",0.274561893159319,-0.559638776321373,0.032,0.1,1
"Zfp938",0.274561893159319,-0.379978989523225,0.032,0.1,1
"Hcfc2",0.274561893159319,-0.612290731554885,0.032,0.1,1
"Tbc1d10a",0.274561893159319,-0.376599884967224,0.032,0.1,1
"Ap1b1",0.274561893159319,-0.355797203573806,0.032,0.1,1
"Ahsa2",0.274561893159319,-0.355308057411684,0.032,0.1,1
"Zfp62",0.274561893159319,-0.462695118143959,0.032,0.1,1
"Gm12227",0.274561893159319,-0.364397345408601,0.032,0.1,1
"Akap1",0.274561893159319,-0.365631051962139,0.032,0.1,1
"Gm11714",0.274561893159319,-0.346536242406337,0.032,0.1,1
"Axin2",0.274561893159319,-0.338703912745379,0.032,0.1,1
"Ten1",0.274561893159319,-0.375003666459332,0.032,0.1,1
"Ndufaf8",0.274561893159319,-0.559378831581304,0.032,0.1,1
"Gm20063",0.274561893159319,-0.319404359098249,0.032,0.1,1
"Mlh3",0.274561893159319,-0.453951168293455,0.032,0.1,1
"9330162012Rik",0.274561893159319,-0.361889523272455,0.032,0.1,1
"Tent4a",0.274561893159319,-0.46086818606259,0.032,0.1,1
"Arhgef3",0.274561893159319,-0.373972997641431,0.032,0.1,1
"Ero1a",0.274561893159319,-0.446159022935742,0.032,0.1,1
"Slc35f4",0.274561893159319,-0.619396554718461,0.032,0.1,1
"Mir124a-1hg",0.274561893159319,-0.311961991898993,0.032,0.1,1
"Esd",0.274561893159319,-0.351563825559175,0.032,0.1,1
"Tgds",0.274561893159319,-0.407719706387783,0.032,0.1,1
"Slc25a32",0.274561893159319,-0.317416384978512,0.032,0.1,1
"Sqle",0.274561893159319,-0.749528685126721,0.032,0.1,1
"Gm26621",0.274561893159319,-0.494829012894286,0.032,0.1,1
"Galnt6",0.274561893159319,-0.368235180161385,0.032,0.1,1
"Prr13",0.274561893159319,-0.394454563224418,0.032,0.1,1
"Gabpa",0.274561893159319,-0.391563797266588,0.032,0.1,1
"Donson",0.274561893159319,-0.375674045570646,0.032,0.1,1
"Mrpl18",0.274561893159319,-0.667912756817367,0.032,0.1,1
"Abcc10",0.274561893159319,-0.384667058028806,0.032,0.1,1
"Taf8",0.274561893159319,-0.383648516509119,0.032,0.1,1
"Mtcl1",0.274561893159319,-0.360571898275084,0.032,0.1,1
"Cep192",0.274561893159319,-0.393040025658442,0.032,0.1,1
"Rnaseh2c",0.274561893159319,-0.386151059803734,0.032,0.1,1
"Scd1",0.274561893159319,-0.426816639979324,0.032,0.1,1
"Slc35a2",0.274561893159319,-0.337007313418194,0.032,0.1,1
"Septin6",0.274561893159319,-0.374361511558258,0.032,0.1,1
"Utp14a",0.274561893159319,-0.439730324379119,0.032,0.1,1
"Bcorl1",0.274561893159319,-0.399861172663953,0.032,0.1,1
"Abcd1",0.274561893159319,-0.357859489090207,0.032,0.1,1
"Nlgn3",0.274561893159319,-0.295608932626992,0.032,0.1,1
"Tspyl2",0.274561893159319,-0.41814105917931,0.032,0.1,1
"Pigk",0.274947766803372,0.565818039120514,0.581,0.467,1
"Cnp",0.275190606953512,0.348691105533857,0.258,0.133,1
"Pdzph1",0.275190606953512,0.384006217131381,0.258,0.133,1
"Ctnna1",0.275190606953512,0.426952677989972,0.258,0.133,1
"Sumo1",0.275275929624459,-0.340576297672865,0.29,0.433,1
"Prodh",0.275375718276712,-0.511948681477915,0.226,0.3,1
"Trpc4ap",0.2768745150345,-0.341789896402938,0.097,0.2,1
"Bcar3",0.2768745150345,-0.454291843139125,0.097,0.2,1
"Grm5",0.2768745150345,-0.446502636670909,0.097,0.2,1
"Zfp943",0.2768745150345,-0.340232818891959,0.097,0.2,1
"Etv6",0.277095986406787,0.372647376756959,0.29,0.167,1
"Dzip1l",0.277095986406787,-0.517551162395691,0.194,0.267,1
"Hnrnpk",0.277095986406787,0.395292924567604,0.29,0.167,1
"Amn1",0.277130484065659,0.671380129088506,0.226,0.133,1
"Pik3c2b",0.277811232705927,0.257273422249625,0.226,0.1,1
"Psd2",0.278935289131586,0.505376584143247,0.355,0.233,1
"Npdc1",0.279377755686974,0.330744290949484,0.161,0.067,1
"Gm16552",0.279377755686974,0.364097448231902,0.161,0.067,1
"Arhgef1",0.279377755686974,0.389745635980125,0.161,0.067,1
"Alkbh8",0.279377755686974,0.288076406348318,0.161,0.067,1
"Os9",0.279377755686974,0.398879334211827,0.161,0.067,1
"Snap47",0.279377755686974,0.304407940850684,0.161,0.067,1
"Riok1",0.279377755686974,0.283673480941124,0.161,0.067,1
"Nr2f1",0.279377755686974,0.303453247708449,0.161,0.067,1
"Eif4b",0.279377755686974,0.253567941140982,0.161,0.067,1
"Prrg1",0.279377755686974,0.275525535452151,0.161,0.067,1
"Ctps2",0.279377755686974,0.33078324750214,0.161,0.067,1
"Ago3",0.279700197462853,-0.3085253038409,0.29,0.4,1
"Prkce",0.279962298933541,-0.373603688109903,0.258,0.4,1
"Mrs2",0.281152285190894,-0.4284544889031,0.161,0.267,1
"Peak1",0.281574908725816,0.357749944753736,0.452,0.3,1
"Chd4",0.281815121320627,-0.456349919412295,0.355,0.467,1
"Hmg20a",0.281815121320627,0.448218218354204,0.484,0.333,1
"Chtop",0.281914829846131,-0.331441564696169,0.129,0.233,1
"B430010I23Rik",0.281914829846131,-0.340952387798798,0.129,0.233,1
"Csnk1g1",0.281914829846131,-0.417089256708892,0.129,0.233,1
"Ube2d1",0.281914829846131,-0.447614631432685,0.129,0.233,1
"Cert1",0.281914829846131,-0.441139373298202,0.129,0.233,1
"Atp8a1",0.2820217127686,0.306226119375793,0.581,0.433,1
"Lrrc8c",0.282055833136927,-0.510621805710051,0.097,0.2,1
"Hltf",0.282072550490128,0.495585465786924,0.194,0.1,1
"Cnot6l",0.282072550490128,0.414226687758159,0.194,0.1,1
"Tbxas1",0.282072550490128,0.402001615878298,0.194,0.1,1
"Xpo6",0.282072550490128,0.509878536888752,0.194,0.1,1
"Ccdc127",0.282072550490128,0.487308207665552,0.194,0.1,1
"Sh3bgrl",0.282072550490128,0.355699702295525,0.194,0.1,1
"Trip12",0.283714352106048,0.629308806645124,0.452,0.333,1
"Atp5a1",0.283714352106048,-0.43277318276411,0.323,0.467,1
"Reep3",0.284438180880925,0.349251785474165,0.258,0.133,1
"Glp2r",0.284438180880925,0.285095183632786,0.258,0.133,1
"Lifr",0.285128173983879,-0.367932287206555,0.194,0.3,1
"St3gal3",0.285668251027878,-0.345696026299907,0.226,0.333,1
"Araf",0.285672936177872,0.769261840951042,0.258,0.167,1
"Rmnd5a",0.285844091585437,0.451814629011565,0.29,0.167,1
"Fbxo11",0.286515309503639,0.290951252639854,0.452,0.267,1
"Rai1",0.286754891886041,0.436471916931939,0.226,0.133,1
"Septin4",0.286958243786273,0.549437702152615,0.355,0.233,1
"Atp6v1d",0.286958243786273,0.413194142469003,0.355,0.233,1
"4930578G10Rik",0.287336373332571,-0.290105301407609,0.097,0.2,1
"Gabra4",0.287336373332571,-0.341575779115387,0.097,0.2,1
"Tgoln1",0.287336373332571,-0.359632838296452,0.097,0.2,1
"Rps13",0.287336373332571,-0.294064841839659,0.097,0.2,1
"Tex2",0.287336373332571,-0.314834895416891,0.097,0.2,1
"Slc39a6",0.287336373332571,-0.335058007713533,0.097,0.2,1
"Pi4ka",0.287862939739073,0.389432539088587,0.323,0.2,1
"Fbxl17",0.288953381034778,0.425541268127422,0.581,0.433,1
"Zmym4",0.289114327133344,-0.366282520715621,0.355,0.467,1
"Ppil3",0.289600580722871,-0.323941539953096,0.032,0.1,1
"ENSMUSG00000121189",0.289600580722871,-0.312978484375611,0.032,0.1,1
"Anapc2",0.289600580722871,-0.308191297238626,0.032,0.1,1
"Crat",0.289600580722871,-0.303024315658154,0.032,0.1,1
"Zbtb43",0.289600580722871,-0.265164995407389,0.032,0.1,1
"Depdc7",0.289600580722871,-0.262578281040062,0.032,0.1,1
"Uckl1",0.289600580722871,-0.300196937905971,0.032,0.1,1
"Actl6a",0.289600580722871,-0.370971865059668,0.032,0.1,1
"Exosc9",0.289600580722871,-0.336879556968265,0.032,0.1,1
"Ubqln4",0.289600580722871,-0.315355203707363,0.032,0.1,1
"Cers2",0.289600580722871,-0.349484274358076,0.032,0.1,1
"Olfml3",0.289600580722871,-0.371407499327686,0.032,0.1,1
"Chchd7",0.289600580722871,-0.356120987431738,0.032,0.1,1
"Slc31a2",0.289600580722871,-0.286595914477164,0.032,0.1,1
"Haus6",0.289600580722871,-0.368197882996044,0.032,0.1,1
"Zbtb8os",0.289600580722871,-0.297871542843656,0.032,0.1,1
"9230114K14Rik",0.289600580722871,-0.282735421292319,0.032,0.1,1
"Hopx",0.289600580722871,-0.364162937076116,0.032,0.1,1
"Dgkq",0.289600580722871,-0.39688505816374,0.032,0.1,1
"Tmem132d",0.289600580722871,-0.279807901969638,0.032,0.1,1
"Gusb",0.289600580722871,-0.348591034403412,0.032,0.1,1
"Dtx2",0.289600580722871,-0.278511539760323,0.032,0.1,1
"Pomp",0.289600580722871,-0.357834538061433,0.032,0.1,1
"Mthfd2",0.289600580722871,-0.316290289503605,0.032,0.1,1
"Zfp112",0.289600580722871,-0.304276792757799,0.032,0.1,1
"Ankrd27",0.289600580722871,-0.261792973503048,0.032,0.1,1
"Tm6sf1",0.289600580722871,-0.352307917400791,0.032,0.1,1
"Rnf121",0.289600580722871,-0.31808178929452,0.032,0.1,1
"Cavin3",0.289600580722871,-0.406890090330841,0.032,0.1,1
"Crym",0.289600580722871,-0.273695145388261,0.032,0.1,1
"Gsr",0.289600580722871,-0.407416098099942,0.032,0.1,1
"Abce1",0.289600580722871,-0.331116093150013,0.032,0.1,1
"Zfp821",0.289600580722871,-0.313890285390598,0.032,0.1,1
"Abcb10",0.289600580722871,-0.378659429726842,0.032,0.1,1
"Elovl4",0.289600580722871,-0.25064378558847,0.032,0.1,1
"Pttg1ip",0.289600580722871,-0.352028142979797,0.032,0.1,1
"Polr3b",0.289600580722871,-0.376625526456278,0.032,0.1,1
"Stat2",0.289600580722871,-0.292752280880109,0.032,0.1,1
"Tcn2",0.289600580722871,-0.339406883734152,0.032,0.1,1
"Vstm2a",0.289600580722871,-0.329881508640899,0.032,0.1,1
"Sh3bp5l",0.289600580722871,-0.297665056872582,0.032,0.1,1
"Pigl",0.289600580722871,-0.348957927252242,0.032,0.1,1
"Mrpl12",0.289600580722871,-0.250056938802922,0.032,0.1,1
"Rhoj",0.289600580722871,-0.289244786361665,0.032,0.1,1
"Adarb2",0.289600580722871,-0.321450081862724,0.032,0.1,1
"Gm48770",0.289600580722871,-0.311290973327584,0.032,0.1,1
"Ngdn",0.289600580722871,-0.343848435122467,0.032,0.1,1
"Spata13",0.289600580722871,-0.297712212210195,0.032,0.1,1
"Nufip1",0.289600580722871,-0.452723709971871,0.032,0.1,1
"Nptxr",0.289600580722871,-0.326833856602348,0.032,0.1,1
"Gm37311",0.289600580722871,-0.312701219213387,0.032,0.1,1
"B130034C11Rik",0.289600580722871,-0.49078210356114,0.032,0.1,1
"Tmem50b",0.289600580722871,-0.347352381242451,0.032,0.1,1
"Tbc1d24",0.289600580722871,-0.377956030929201,0.032,0.1,1
"Fbxl16",0.289600580722871,-0.404907848079538,0.032,0.1,1
"Xpo5",0.289600580722871,-0.329273330231124,0.032,0.1,1
"Tjap1",0.289600580722871,-0.273650097709954,0.032,0.1,1
"ENSMUSG00000120175",0.289600580722871,-0.406095894633852,0.032,0.1,1
"Dpy30",0.289600580722871,-0.337531391982925,0.032,0.1,1
"Pcdhga7",0.289600580722871,-0.389938411303305,0.032,0.1,1
"Hectd2",0.289600580722871,-0.337770458705966,0.032,0.1,1
"Cacul1",0.289600580722871,-0.482207637751809,0.032,0.1,1
"Rpl36a",0.289600580722871,-0.319456175636182,0.032,0.1,1
"Mospd2",0.289600580722871,-0.367549336039467,0.032,0.1,1
"Plpp3",0.289948424485449,0.381192746673971,0.806,0.767,1
"Map2k5",0.290242463245029,-0.390050879392208,0.161,0.267,1
"Mpc1",0.290242463245029,-0.40309379495902,0.161,0.267,1
"Ro60",0.291126906012197,0.304032687064265,0.161,0.067,1
"Il6ra",0.291126906012197,0.263151846409758,0.161,0.067,1
"Ampd2",0.291126906012197,0.35505499384881,0.161,0.067,1
"Phactr4",0.291126906012197,0.275245252652573,0.161,0.067,1
"Arhgap24",0.291126906012197,0.414947977174674,0.161,0.067,1
"Gm45844",0.291126906012197,0.259862864485736,0.161,0.067,1
"Gps2",0.291126906012197,0.304245303381714,0.161,0.067,1
"Rhob",0.291126906012197,0.26303033450542,0.161,0.067,1
"Sav1",0.291126906012197,0.341479396610208,0.161,0.067,1
"Txnl1",0.291126906012197,0.291647839850009,0.161,0.067,1
"Cox6c",0.291129957948214,0.309581498321699,0.484,0.3,1
"Dpp10",0.291623458380556,-0.442363184486134,0.258,0.367,1
"Hnrnpm",0.291623458380556,-0.264218081415757,0.258,0.367,1
"Gm43765",0.291650752143384,-0.28792995434261,0.129,0.233,1
"Cc2d2a",0.291650752143384,-0.288533842257092,0.129,0.233,1
"Clock",0.291650752143384,-0.389804185485297,0.129,0.233,1
"Cpeb1",0.291650752143384,-0.336801506345286,0.129,0.233,1
"Tmpo",0.291650752143384,-0.394409917849969,0.129,0.233,1
"Fam168b",0.292123269654552,0.451169286263975,0.323,0.2,1
"Stag2",0.292123269654552,0.311033333483164,0.323,0.2,1
"Ammecr1",0.292123269654552,-0.33603338459353,0.194,0.333,1
"Ahcyl1",0.292415601152297,0.320536119509245,0.677,0.567,1
"Hivep2",0.292454669694829,0.342177797153476,0.581,0.433,1
"Chd7",0.292498378477331,-0.406885575354509,0.419,0.533,1
"Ptgs1",0.292666087536439,0.463613805083574,0.194,0.1,1
"Chst1",0.292666087536439,0.367480399867214,0.194,0.1,1
"Nipsnap2",0.292666087536439,0.442584484756963,0.194,0.1,1
"Rps11",0.292666087536439,0.46533061969356,0.194,0.1,1
"Sall1",0.292666087536439,0.593473745499794,0.194,0.1,1
"Spg7",0.292666087536439,0.489511894764246,0.194,0.1,1
"Trappc4",0.292666087536439,0.535512881384102,0.194,0.1,1
"Sbf1",0.292666087536439,0.350973857605065,0.194,0.1,1
"Sec11c",0.292666087536439,0.491312139419999,0.194,0.1,1
"Syn1",0.292666087536439,0.424520569957984,0.194,0.1,1
"Cox8a",0.292827437033315,0.41590966353885,0.419,0.333,1
"Pi4kb",0.293984064261067,-0.388144845879258,0.226,0.333,1
"Tcaf1",0.293984064261067,-0.35941467308658,0.226,0.333,1
"Slc25a3",0.294120088292352,0.441163569289754,0.484,0.367,1
"Uqcrh",0.294776957231773,0.374721998988737,0.29,0.167,1
"Kifap3",0.295135546468988,0.286264480946772,0.387,0.2,1
"Fars2",0.296170024894072,-0.301891793358501,0.452,0.533,1
"Cyp46a1",0.297289492624914,-0.271545746870368,0.032,0.1,1
"Phip",0.298042868965076,0.70386180314343,0.419,0.3,1
"Fdps",0.298061780251114,-0.275482935641065,0.097,0.2,1
"Nt5m",0.298061780251114,-0.335341123009386,0.097,0.2,1
"Dhx9",0.298217359322474,-0.349203695935602,0.194,0.3,1
"Cables1",0.298217359322474,-0.392545454491588,0.194,0.3,1
"Dpyd",0.29952837575173,-0.426069677479106,0.161,0.267,1
"Ttyh1",0.300066593633978,-0.353090039946591,0.581,0.567,1
"Prdx6",0.300466518031154,-0.333557669239734,0.645,0.7,1
"Fam135a",0.300748501846301,0.390124137303683,0.323,0.2,1
"Rpl13",0.300748501846301,0.436097555553699,0.323,0.2,1
"Lypd6",0.301552938437858,-0.281191840597121,0.355,0.5,1
"Add1",0.301552938437858,0.360241973746136,0.484,0.367,1
"Sccpdh",0.30161013473078,-0.319522959560343,0.129,0.233,1
"Actr3b",0.30161013473078,-0.303903592240853,0.129,0.233,1
"Rhou",0.301964936276647,-0.480634773501882,0.29,0.433,1
"Tial1",0.302460679116986,-0.413667008760519,0.226,0.333,1
"Pcm1",0.302460679116986,-0.469740382037965,0.226,0.333,1
"Ube2d2a",0.302460679116986,-0.421109597901418,0.226,0.333,1
"Tmem126a",0.302683289637852,-0.357581069631639,0.194,0.3,1
"Pcmt1",0.302683289637852,-0.437143389288808,0.194,0.3,1
"Prkag1",0.303203817430214,0.284170131415564,0.161,0.067,1
"Gm28376",0.303523521555341,0.518029891833875,0.194,0.1,1
"Abhd18",0.303523521555341,0.388585320216934,0.194,0.1,1
"Ciapin1",0.303523521555341,0.437868210710949,0.194,0.1,1
"Tcaim",0.303523521555341,0.37629109499292,0.194,0.1,1
"Sms",0.303523521555341,0.477006862282632,0.194,0.1,1
"Ube2n",0.303557941876152,0.258104082974446,0.258,0.133,1
"Abl2",0.303894988167373,0.361586853243228,0.29,0.167,1
"Gm46367",0.303894988167373,0.401293514751634,0.29,0.167,1
"Sptan1",0.304244852790616,0.697653174338295,0.258,0.167,1
"St3gal4",0.304427296619366,0.345838795509918,0.71,0.567,1
"Pgap2",0.305113437401489,0.342056730423753,0.323,0.2,1
"Etl4",0.305184275355081,-0.329028260157682,0.032,0.1,1
"Slc2a8",0.305184275355081,-0.292600009268404,0.032,0.1,1
"Arl6ip6",0.305184275355081,-0.266741145517305,0.032,0.1,1
"Gm43668",0.305184275355081,-0.290546372030987,0.032,0.1,1
"Gm2011",0.305184275355081,-0.26715477747956,0.032,0.1,1
"Cdc42se1",0.305184275355081,-0.258219846854118,0.032,0.1,1
"Lix1l",0.305184275355081,-0.271283663672867,0.032,0.1,1
"Necab1",0.305184275355081,-0.250374516356052,0.032,0.1,1
"Alg2",0.305184275355081,-0.284998992751491,0.032,0.1,1
"Pgm1",0.305184275355081,-0.276956435582587,0.032,0.1,1
"Pafah2",0.305184275355081,-0.303761557336669,0.032,0.1,1
"Pik3cd",0.305184275355081,-0.260756696786556,0.032,0.1,1
"Dvl1",0.305184275355081,-0.27827380940824,0.032,0.1,1
"Tec",0.305184275355081,-0.292904392850334,0.032,0.1,1
"Ephx4",0.305184275355081,-0.285534362201529,0.032,0.1,1
"Aup1",0.305184275355081,-0.278952960028306,0.032,0.1,1
"Itfg2",0.305184275355081,-0.261199936639921,0.032,0.1,1
"Zfp36",0.305184275355081,-0.457182158444732,0.032,0.1,1
"Prmt1",0.305184275355081,-0.331118067033257,0.032,0.1,1
"Gm10649",0.305184275355081,-0.390153306399539,0.032,0.1,1
"Prmt9",0.305184275355081,-0.286381368009403,0.032,0.1,1
"Rnf166",0.305184275355081,-0.284561651008545,0.032,0.1,1
"Gpd1l",0.305184275355081,-0.314528337222851,0.032,0.1,1
"Gm9856",0.305184275355081,-0.272089176539421,0.032,0.1,1
"Esr1",0.305184275355081,-0.33685607947702,0.032,0.1,1
"Actr6",0.305184275355081,-0.4719852035132,0.032,0.1,1
"Stk10",0.305184275355081,-0.363703816931707,0.032,0.1,1
"4933439C10Rik",0.305184275355081,-0.304435596275732,0.032,0.1,1
"Kif1c",0.305184275355081,-0.325359953048186,0.032,0.1,1
"Rap1gap2",0.305184275355081,-0.37187013126142,0.032,0.1,1
"Inpp5k",0.305184275355081,-0.270670837717329,0.032,0.1,1
"Tspoap1",0.305184275355081,-0.306786829888993,0.032,0.1,1
"Cdk5rap3",0.305184275355081,-0.256983582854518,0.032,0.1,1
"Cd300c2",0.305184275355081,-0.376968786443591,0.032,0.1,1
"Fam120a",0.305184275355081,-0.474298156441653,0.032,0.1,1
"Ptk2b",0.305184275355081,-0.35345328414442,0.032,0.1,1
"Bora",0.305184275355081,-0.258906625502651,0.032,0.1,1
"Epha6",0.305184275355081,-0.308180835921859,0.032,0.1,1
"Syngr3",0.305184275355081,-0.287187492704903,0.032,0.1,1
"AI413582",0.305184275355081,-0.290035944082632,0.032,0.1,1
"Prrc2a",0.305184275355081,-0.390469260898621,0.032,0.1,1
"Cul4b",0.305184275355081,-0.3428824668731,0.032,0.1,1
"3010001F23Rik",0.305184275355081,-0.267977281321049,0.032,0.1,1
"ENSMUSG00000120789",0.305184275355081,-0.311635979630908,0.032,0.1,1
"mt-Atp6",0.305184275355081,-0.421484784166243,0.032,0.1,1
"Mef2a",0.306197043497615,-0.358264707693735,0.355,0.533,1
"Slc25a23",0.3066737600812,0.394484989361464,0.226,0.133,1
"Gdi1",0.3066737600812,0.493324398351622,0.226,0.133,1
"Arhgef12",0.307875506968174,-0.336380290258948,0.548,0.667,1
"6820431F20Rik",0.308006154138635,-0.513345177216493,0.258,0.367,1
"Thoc2l",0.310226541629788,-0.473229367889099,0.355,0.433,1
"Khdrbs1",0.311098327460007,-0.37383194708812,0.226,0.333,1
"Tmcc3",0.311406343838597,0.364428799086777,0.677,0.533,1
"Fbrsl1",0.311724911681339,-0.303274176974532,0.194,0.3,1
"Rnpc3",0.311892876904234,-0.560324532513509,0.29,0.367,1
"Lmo4",0.311954303864856,-0.466633125671151,0.258,0.333,1
"Ccdc191",0.311954303864856,0.328549977925422,0.355,0.233,1
"Hexb",0.312926889899548,0.456456491859732,0.484,0.367,1
"Polg",0.313430966790855,-0.439359981302564,0.161,0.233,1
"Actr3",0.314645343466571,0.344224349359518,0.194,0.1,1
"Fkbp15",0.314645343466571,0.438836900902448,0.194,0.1,1
"Tmem234",0.314645343466571,0.633303087735205,0.194,0.1,1
"Rpl9",0.314645343466571,0.467684942171658,0.194,0.1,1
"ENSMUSG00000120580",0.314645343466571,0.466685778419415,0.194,0.1,1
"ENSMUSG00000121085",0.314645343466571,0.531078284423281,0.194,0.1,1
"Selenos",0.314645343466571,0.587088077028273,0.194,0.1,1
"Jam3",0.314645343466571,0.394083552449275,0.194,0.1,1
"Rpl14",0.314645343466571,0.325696621394222,0.194,0.1,1
"Rps12",0.314645343466571,0.394462874372948,0.194,0.1,1
"Cep20",0.314645343466571,0.41230976202141,0.194,0.1,1
"1700110C19Rik",0.314645343466571,0.40500140312241,0.194,0.1,1
"Cttn",0.315609202621872,0.270129438550799,0.161,0.067,1
"Pigyl",0.315609202621872,0.29733739582497,0.161,0.067,1
"Atp6v0e",0.315609202621872,0.254411448880238,0.161,0.067,1
"Rps5",0.316969042737488,0.384354853393506,0.226,0.133,1
"Dnajc5",0.318503228442756,0.605588229569104,0.323,0.2,1
"Acox1",0.318503228442756,0.292806162314511,0.323,0.2,1
"C230086J09Rik",0.319374425039094,-0.500544053016364,0.129,0.2,1
"Wdr7",0.319897137283374,-0.357267387702555,0.226,0.333,1
"Ccdc85a",0.320236638529613,0.58580854786223,0.387,0.267,1
"Snca",0.320305476759673,-0.258225348063083,0.097,0.2,1
"Cfap36",0.320596074851937,0.440046883243081,0.355,0.233,1
"Agap1",0.320942805311233,-0.313415485870519,0.194,0.3,1
"Camk1",0.320942805311233,-0.257647014039057,0.194,0.3,1
"Snx21",0.321314488749124,-0.257782754207044,0.032,0.1,1
"Adam15",0.321314488749124,-0.25426099940361,0.032,0.1,1
"Strap",0.321314488749124,-0.286491812612224,0.032,0.1,1
"Dock6",0.321314488749124,-0.254235231626781,0.032,0.1,1
"Gm15511",0.321314488749124,-0.25692434508605,0.032,0.1,1
"Plec",0.321314488749124,-0.310947583880196,0.032,0.1,1
"Ncaph2",0.321314488749124,-0.250135397382164,0.032,0.1,1
"Fhod3",0.321314488749124,-0.300128943137015,0.032,0.1,1
"Nrxn3",0.321438477374278,0.333631103456145,0.484,0.4,1
"Tatdn3",0.321676579627245,-0.423931191022757,0.065,0.133,1
"Mindy3",0.321676579627245,-0.38011843322014,0.065,0.133,1
"Zswim3",0.321676579627245,-0.422768766376351,0.065,0.133,1
"Gm15886",0.321676579627245,-0.565949683644922,0.065,0.133,1
"Rint1",0.321676579627245,-0.418783183641938,0.065,0.133,1
"Ddx47",0.321676579627245,-0.416705017273905,0.065,0.133,1
"Dmwd",0.321676579627245,-0.374678024161652,0.065,0.133,1
"Asb7",0.321676579627245,-0.375569539459234,0.065,0.133,1
"Gm45263",0.321676579627245,-0.552572267466437,0.065,0.133,1
"Adat1",0.321676579627245,-0.468855560119155,0.065,0.133,1
"Carm1",0.321676579627245,-0.410239028479179,0.065,0.133,1
"Vta1",0.321676579627245,-0.411664056080027,0.065,0.133,1
"4930556J24Rik",0.321676579627245,-0.506581804876592,0.065,0.133,1
"Stat3",0.321676579627245,-0.440196121877847,0.065,0.133,1
"Atp5mpl",0.321676579627245,-0.567428839553407,0.065,0.133,1
"Mterf3",0.321676579627245,-0.486265076720216,0.065,0.133,1
"Pnp",0.321676579627245,-0.465765997442034,0.065,0.133,1
"Calcoco1",0.321676579627245,-0.356450761935267,0.065,0.133,1
"Rnf168",0.321676579627245,-0.327278221654144,0.065,0.133,1
"Gm17106",0.321676579627245,-0.42598101033246,0.065,0.133,1
"Nxpe3",0.321676579627245,-0.359312563875969,0.065,0.133,1
"Cyp4f17",0.321676579627245,-0.390880749148476,0.065,0.133,1
"Cyp4f13",0.321676579627245,-0.372609265284121,0.065,0.133,1
"Rp2",0.321676579627245,-0.398378937389371,0.065,0.133,1
"Tro",0.321676579627245,-0.620822578755459,0.065,0.133,1
"Mapre2",0.322086332203331,-0.348698235453004,0.355,0.433,1
"Inf2",0.322200727463688,-0.33285695656367,0.129,0.233,1
"Gm19522",0.322200727463688,-0.290407700367416,0.129,0.233,1
"Zfx",0.322200727463688,-0.312485286529492,0.129,0.233,1
"Zfp950",0.322687486753501,0.380970464571093,0.29,0.167,1
"Nlk",0.323464350279923,-0.574912150013947,0.323,0.367,1
"Abhd3",0.323513024055754,-0.465894048544715,0.161,0.233,1
"mt-Nd4",0.325617863241258,0.443018827568393,0.29,0.2,1
"Babam2",0.325739649184715,0.387945931286374,0.484,0.433,1
"Tmcc2",0.326031763570366,0.331411634744863,0.194,0.1,1
"Selenot",0.326031763570366,0.291867621005174,0.194,0.1,1
"Ptbp3",0.326031763570366,0.423847334599894,0.194,0.1,1
"Mycbp",0.326031763570366,0.272871832662896,0.194,0.1,1
"Sema4b",0.326031763570366,0.298205699353415,0.194,0.1,1
"4930581F22Rik",0.326031763570366,0.260798999310535,0.194,0.1,1
"Rhobtb1",0.326031763570366,0.4082442490668,0.194,0.1,1
"Ppip5k2",0.327488437887955,0.496016627488098,0.226,0.133,1
"Dab1",0.327493102632138,0.357058672520989,0.645,0.533,1
"Tmem260",0.327632923115438,0.485537070919809,0.323,0.2,1
"Abcd2",0.327632923115438,0.386759608001358,0.323,0.2,1
"Clasp1",0.327653116883072,-0.26963190099788,0.29,0.4,1
"Ddx1",0.328563412892798,-0.357298448179992,0.161,0.267,1
"Baalc",0.32872499992722,0.354727655685892,0.387,0.267,1
"Rbm33",0.329325012524677,-0.545851329271445,0.29,0.333,1
"Zzef1",0.329392822567313,-0.36932073032103,0.226,0.367,1
"Clk1",0.33014938998006,0.392795882375619,0.452,0.333,1
"Sema6d",0.330247499430471,0.256638661197557,0.645,0.467,1
"Xkr6",0.330370450620979,-0.431119851084479,0.129,0.2,1
"Acat1",0.331377750826484,-0.582602421725142,0.097,0.167,1
"Pik3ip1",0.331377750826484,-0.572654124862965,0.097,0.167,1
"Serac1",0.331377750826484,-0.54191846698374,0.097,0.167,1
"Socs5",0.331377750826484,-0.409044829230622,0.097,0.167,1
"Gabrg3",0.331824185173989,-0.304783041340456,0.097,0.2,1
"Acer3",0.331876928821387,0.559777980634004,0.387,0.3,1
"Stx7",0.332250161938749,0.260625581842786,0.323,0.2,1
"Gm4258",0.332252630719341,0.325125507854844,0.581,0.467,1
"Srsf6",0.33236207649959,-0.422090820185606,0.194,0.267,1
"Tubb4a",0.333189207843823,0.296129634028229,0.516,0.367,1
"Snx3",0.333574374402037,0.418950946341123,0.258,0.167,1
"Senp1",0.333574374402037,0.547753903035791,0.258,0.167,1
"Prpf40a",0.333700874982415,0.312782498934223,0.387,0.233,1
"Prnp",0.333700874982415,0.288699565719984,0.387,0.233,1
"Actg1",0.333700874982415,0.481666516303763,0.387,0.233,1
"Rims2",0.333700874982415,-0.448463008216241,0.258,0.367,1
"Clasp2",0.333780213998742,-0.336259831439023,0.742,0.767,1
"Prpf6",0.333804092816698,-0.39542322194365,0.161,0.233,1
"Gm31224",0.333804092816698,0.42998923730045,0.258,0.133,1
"Clcn5",0.333804092816698,-0.357872122450071,0.161,0.233,1
"Grb2",0.335100149373526,0.316617116867895,0.29,0.2,1
"Insig2",0.335496127098089,-0.416843996737058,0.065,0.133,1
"Hat1",0.335496127098089,-0.40036156716596,0.065,0.133,1
"Nfe2l2",0.335496127098089,-0.393075582232822,0.065,0.133,1
"Fam184b",0.335496127098089,-0.455201616191256,0.065,0.133,1
"Ppp4r2",0.335496127098089,-0.437386513808049,0.065,0.133,1
"M6pr",0.335496127098089,-0.378476305401968,0.065,0.133,1
"Ppp1r12c",0.335496127098089,-0.4236551008726,0.065,0.133,1
"Arap1",0.335496127098089,-0.442981236824044,0.065,0.133,1
"Snx25",0.335496127098089,-0.357442482527434,0.065,0.133,1
"Disc1",0.335496127098089,-0.521959176107895,0.065,0.133,1
"Parp6",0.335496127098089,-0.386382589017618,0.065,0.133,1
"Rassf1",0.335496127098089,-0.438068123881341,0.065,0.133,1
"Mapk9",0.335496127098089,-0.451607435915488,0.065,0.133,1
"Cbx1",0.335496127098089,-0.385650230163579,0.065,0.133,1
"Gga3",0.335496127098089,-0.313246001237699,0.065,0.133,1
"Slitrk5",0.335496127098089,-0.72086696592416,0.065,0.133,1
"Pvt1",0.335496127098089,-0.526971605620725,0.065,0.133,1
"Sod1",0.335496127098089,-0.45131596602008,0.065,0.133,1
"Ankrd29",0.335496127098089,-0.346513075002917,0.065,0.133,1
"Slc9a7",0.335496127098089,-0.479801328245341,0.065,0.133,1
"Lage3",0.335496127098089,-0.349952065995536,0.065,0.133,1
"Frmpd4",0.335496127098089,-0.328887463134769,0.065,0.133,1
"Wwc1",0.335566989319164,0.331033098501647,0.484,0.333,1
"Syt11",0.336639475857893,0.677203578524876,0.452,0.3,1
"Ythdf3",0.336930778282085,0.280282180857977,0.323,0.2,1
"Stau2",0.337682704444649,0.343472193558001,0.194,0.1,1
"Naa20",0.337682704444649,0.351506283960404,0.194,0.1,1
"Setdb1",0.337682704444649,0.261220541689157,0.194,0.1,1
"Sh3bgrl3",0.337682704444649,0.286697177982119,0.194,0.1,1
"Rpl32",0.337682704444649,0.472990224630274,0.194,0.1,1
"Elob",0.337682704444649,0.259056803724944,0.194,0.1,1
"Robo2",0.337978221584653,-0.39323480416998,0.226,0.333,1
"Rhoa",0.338231847515501,0.351475213705843,0.226,0.133,1
"Rnf157",0.338231847515501,0.346635150748651,0.226,0.133,1
"Dync2i1",0.338231847515501,0.355256856207842,0.226,0.133,1
"Yeats2",0.338231847515501,0.295363874452683,0.226,0.133,1
"Cd2ap",0.338231847515501,0.375813866370306,0.226,0.133,1
"Rif1",0.34160859047866,-0.425976711882396,0.129,0.2,1
"Mecr",0.34160859047866,-0.496852823702179,0.129,0.2,1
"Appl1",0.34160859047866,-0.539628956539554,0.129,0.2,1
"Stk3",0.34160859047866,-0.499568336930556,0.129,0.2,1
"Mier1",0.34171931647585,0.35614814769042,0.387,0.267,1
"Insyn2a",0.342222070015424,0.284113363466045,0.29,0.167,1
"Zfp266",0.342222070015424,0.290500574801661,0.29,0.167,1
"Mink1",0.342599121851219,0.382522681079799,0.323,0.233,1
"Slc25a5",0.34373094295101,-0.293001134521974,0.161,0.267,1
"Thap2",0.343743382662609,0.40757177049208,0.258,0.167,1
"Trim33",0.343765394410545,-0.520566367824674,0.097,0.167,1
"Rpsa",0.343765394410545,-0.507116030754328,0.097,0.167,1
"Unc79",0.343765394410545,-0.366677737027674,0.097,0.167,1
"Plpp1",0.343765394410545,-0.448852628321119,0.097,0.167,1
"Lin7c",0.346396599961315,-0.392103334164837,0.226,0.3,1
"Pts",0.346396599961315,0.425607575715004,0.323,0.2,1
"Rplp1",0.346396599961315,0.31220388495509,0.323,0.2,1
"Chgb",0.349198961865405,0.354240015683178,0.226,0.133,1
"Elmo2",0.349198961865405,0.399810170332625,0.226,0.133,1
"Ctcf",0.349198961865405,0.394166208673427,0.226,0.133,1
"Etfa",0.349198961865405,0.405730818417739,0.226,0.133,1
"Ube3b",0.349597794309761,0.41041100530455,0.194,0.1,1
"Sf3b3",0.349597794309761,0.321916575922013,0.194,0.1,1
"Atm",0.349597794309761,0.411559958475374,0.194,0.1,1
"Sparc",0.349597794309761,0.37416456106031,0.194,0.1,1
"Ubqln1",0.349597794309761,0.282032017189111,0.194,0.1,1
"Calm1",0.349630144756045,0.3463862329829,0.677,0.633,1
"Cnst",0.349692241681073,-0.319786468477008,0.065,0.133,1
"Nfs1",0.349692241681073,-0.328846845005412,0.065,0.133,1
"Ccdc171",0.349692241681073,-0.353285540847765,0.065,0.133,1
"Gatad1",0.349692241681073,-0.428950594328865,0.065,0.133,1
"Ppm1g",0.349692241681073,-0.332428245738292,0.065,0.133,1
"Gm15083",0.349692241681073,-0.299025974528304,0.065,0.133,1
"Chst8",0.349692241681073,-0.371238431851453,0.065,0.133,1
"Srcap",0.349692241681073,-0.35915401365627,0.065,0.133,1
"Ppfia1",0.349692241681073,-0.485065524300969,0.065,0.133,1
"Nxpe2",0.349692241681073,-0.331947632757224,0.065,0.133,1
"Rxylt1",0.349692241681073,-0.312217827245535,0.065,0.133,1
"Cenpv",0.349692241681073,-0.37584781917212,0.065,0.133,1
"Stat5b",0.349692241681073,-0.681387396589099,0.065,0.133,1
"Arsg",0.349692241681073,-0.345919611162178,0.065,0.133,1
"Psma2",0.349692241681073,-0.43703967202938,0.065,0.133,1
"Gm48250",0.349692241681073,-0.338793751078637,0.065,0.133,1
"Cgrrf1",0.349692241681073,-0.356503540761837,0.065,0.133,1
"Pigx",0.349692241681073,-0.317671411272467,0.065,0.133,1
"Qtrt2",0.349692241681073,-0.309392607087161,0.065,0.133,1
"Ift57",0.349692241681073,-0.326528458022188,0.065,0.133,1
"Snx9",0.349692241681073,-0.315384245518658,0.065,0.133,1
"Clic1",0.349692241681073,-0.401097145933426,0.065,0.133,1
"Gm14966",0.349692241681073,-0.542767052900863,0.065,0.133,1
"Gng3",0.349692241681073,-0.325808816246678,0.065,0.133,1
"Blnk",0.349692241681073,-0.348516506708863,0.065,0.133,1
"Slc9a6",0.349692241681073,-0.394238056030784,0.065,0.133,1
"5330434G04Rik",0.349692241681073,-0.469766617269179,0.065,0.133,1
"Brwd3",0.349692241681073,-0.437602845106979,0.065,0.133,1
"Uhrf2",0.351582797772623,-0.383814211586943,0.323,0.4,1
"Usp40",0.352267167460326,-0.363762151128953,0.194,0.267,1
"Asic2",0.352267167460326,0.325634223059433,0.29,0.167,1
"Prr14",0.353088426440917,-0.490181943497475,0.129,0.2,1
"Fibp",0.353088426440917,-0.598981026628435,0.129,0.2,1
"Slc39a12",0.353460817714035,0.346606723861792,0.548,0.4,1
"Tmem243",0.353460817714035,-0.332448545330237,0.419,0.533,1
"Dock1",0.354040570751749,0.298215536281954,0.677,0.567,1
"Nucks1",0.354108196821734,0.372556725296798,0.258,0.167,1
"Nova1",0.354108196821734,0.425958369240904,0.258,0.167,1
"Pld3",0.354752095539723,0.396711845311822,0.226,0.133,1
"Thoc7",0.354766252619188,-0.271714392800701,0.129,0.233,1
"Grip1",0.355115112122316,-0.662434186132117,0.355,0.433,1
"Epn2",0.355115112122316,-0.428258655577478,0.355,0.433,1
"Pcdh11x",0.356030072846777,-0.647199168612715,0.226,0.3,1
"Gm36988",0.356444809723289,-0.350752201670168,0.097,0.167,1
"Plek",0.356444809723289,-0.510249234799203,0.097,0.167,1
"Paip1",0.356444809723289,-0.559577864812147,0.097,0.167,1
"Magt1",0.356444809723289,-0.414047444869749,0.097,0.167,1
"Bckdhb",0.356711535795901,-0.466313240365476,0.258,0.333,1
"Tspan5",0.357056402404267,0.449564448055497,0.452,0.4,1
"Pid1",0.357119490313402,0.540249517644116,0.516,0.467,1
"Zfand6",0.35788040631616,-0.52081646934845,0.355,0.4,1
"Cpeb2",0.359363876531706,-0.337011358428746,0.161,0.267,1
"Dpf3",0.36032847487557,-0.45418982875777,0.323,0.4,1
"Marchf7",0.360389255421638,0.283096456711986,0.226,0.133,1
"Ddrgk1",0.360389255421638,0.372377894786643,0.226,0.133,1
"Tmem68",0.360389255421638,0.34044400966586,0.226,0.133,1
"Eif3a",0.360389255421638,0.3348986706275,0.226,0.133,1
"Shroom2",0.360389255421638,0.403232894153541,0.226,0.133,1
"Elovl5",0.361776360890078,0.279908677191238,0.194,0.1,1
"Mafg",0.361776360890078,0.285725592275134,0.194,0.1,1
"Phax",0.361776360890078,0.271796382740516,0.194,0.1,1
"Ascc3",0.364121628696468,0.437259811509399,0.387,0.267,1
"Tpp2",0.36426382502883,-0.324875433973792,0.065,0.133,1
"Nop58",0.36426382502883,-0.298716659913268,0.065,0.133,1
"Elk4",0.36426382502883,-0.320537238121571,0.065,0.133,1
"Zbtb37",0.36426382502883,-0.309621340452696,0.065,0.133,1
"Ndufs2",0.36426382502883,-0.30644147532731,0.065,0.133,1
"Nr6a1os",0.36426382502883,-0.365217247779717,0.065,0.133,1
"Snapin",0.36426382502883,-0.32701544977476,0.065,0.133,1
"Znhit6",0.36426382502883,-0.300966373637499,0.065,0.133,1
"Bcl10",0.36426382502883,0.330049037558978,0.129,0.067,1
"Gpn1",0.36426382502883,-0.337886286055372,0.065,0.133,1
"Haus3",0.36426382502883,-0.420659527133029,0.065,0.133,1
"Apobec1",0.36426382502883,0.466816548872883,0.129,0.067,1
"Tssc4",0.36426382502883,-0.311235363919011,0.065,0.133,1
"Fam229b",0.36426382502883,0.386996495303449,0.129,0.067,1
"Cand1",0.36426382502883,0.353117548984955,0.129,0.067,1
"Ttc1",0.36426382502883,-0.293690649291764,0.065,0.133,1
"Llgl1",0.36426382502883,-0.301453822355459,0.065,0.133,1
"Usp22",0.36426382502883,-0.313903754009782,0.065,0.133,1
"Eif4a1",0.36426382502883,-0.336012451443495,0.065,0.133,1
"Ankrd40",0.36426382502883,-0.32145741625046,0.065,0.133,1
"Nt5c",0.36426382502883,0.331110920284119,0.129,0.067,1
"Styx",0.36426382502883,-0.281631671616513,0.065,0.133,1
"Jph4",0.36426382502883,-0.349220681194426,0.065,0.133,1
"1110038F14Rik",0.36426382502883,-0.4083007754256,0.065,0.133,1
"Zfp740",0.36426382502883,-0.287065861765835,0.065,0.133,1
"Pcnp",0.36426382502883,-0.31190182651853,0.065,0.133,1
"4932438H23Rik",0.36426382502883,-0.266717330214516,0.065,0.133,1
"Cep120",0.36426382502883,-0.367855874553126,0.065,0.133,1
"Zdhhc24",0.36426382502883,-0.283213021046673,0.065,0.133,1
"Slc25a28",0.36426382502883,-0.381498021876036,0.065,0.133,1
"Atp5o",0.364546266545872,0.295813236056067,0.581,0.433,1
"Capza2",0.364601989323658,0.43057740123744,0.29,0.2,1
"Erc1",0.364601989323658,0.499216932664002,0.29,0.2,1
"Arsb",0.364668301100064,0.60654596245964,0.258,0.167,1
"Ezh1",0.364809286778412,-0.399966630057708,0.129,0.2,1
"Mrtfb",0.364809286778412,-0.427136504592676,0.129,0.2,1
"Sgip1",0.365767651119017,-0.395224469447796,0.516,0.667,1
"6720427I07Rik",0.365830758468779,-0.426697391543035,0.226,0.3,1
"Ralgapb",0.365928396252345,-0.40387746247578,0.161,0.233,1
"Csf3r",0.365928396252345,-0.46850958773289,0.161,0.233,1
"Ywhag",0.365928396252345,-0.440128658057202,0.161,0.233,1
"Slc39a10",0.366126285798941,0.587566914055674,0.323,0.267,1
"Wdfy3",0.366126285798941,0.352539887945334,0.355,0.233,1
"Chd2",0.366126285798941,-0.518894712646266,0.258,0.333,1
"Ate1",0.366126285798941,0.335549175544739,0.355,0.233,1
"Pde3b",0.366305563621422,-0.397825043375296,0.226,0.333,1
"Ulk2",0.366305563621422,-0.31392794133333,0.226,0.333,1
"Mog",0.366926107215014,0.624400412843757,0.387,0.3,1
"Pcdh9",0.367247968651091,0.310890605383385,1,1,1
"Tmem178b",0.368624917439247,-0.587576792416705,0.484,0.533,1
"Nckap5",0.36875107189727,0.330738826957841,0.742,0.667,1
"Phyhipl",0.369209458759877,0.285809786814106,0.419,0.3,1
"Optn",0.369415023738418,-0.389227628388854,0.097,0.167,1
"Ncbp1",0.369415023738418,-0.362256224178038,0.097,0.167,1
"Dancr",0.369415023738418,-0.445227712224179,0.097,0.167,1
"Mtus1",0.369415023738418,-0.475632040550017,0.097,0.167,1
"Med23",0.369415023738418,-0.29848936394795,0.097,0.167,1
"Nde1",0.369415023738418,-0.381939072461252,0.097,0.167,1
"Fkbp2",0.369415023738418,-0.379186957669797,0.097,0.167,1
"A830019P07Rik",0.369415023738418,-0.406808473996669,0.097,0.167,1
"Gm26827",0.37002137952314,-0.265932940375114,0.161,0.267,1
"Tfdp2",0.37002137952314,-0.26708016805638,0.161,0.267,1
"Sesn1",0.370048859094686,-0.277658573674638,0.258,0.367,1
"Ppp1r12a",0.37051609839797,-0.322087892077712,0.516,0.567,1
"Mt2",0.37074460266101,-0.419800140305548,0.129,0.2,1
"Ddah1",0.371166847027869,-0.558856266109475,0.258,0.3,1
"Srsf7",0.371464001487576,-0.547547030314046,0.29,0.4,1
"Ino80dos",0.3718019832031,0.4480486619709,0.226,0.133,1
"Flrt3",0.3718019832031,0.310609185021052,0.226,0.133,1
"Arhgef19",0.3718019832031,0.385642085805768,0.226,0.133,1
"Scamp2",0.3718019832031,0.312690047615193,0.226,0.133,1
"Tnpo1",0.3718019832031,0.294936350096946,0.226,0.133,1
"Ppp1r3c",0.3718019832031,0.320561998501119,0.226,0.133,1
"Sppl3",0.372403658920202,-0.429439881415154,0.355,0.433,1
"4930544I03Rik",0.372910728006744,-0.459649083653806,0.194,0.267,1
"Gm47423",0.372910728006744,-0.557483200152495,0.194,0.267,1
"Pja2",0.37333009127278,-0.269849411383577,0.258,0.4,1
"Slc6a1",0.374027710595799,-0.328075815957956,0.355,0.5,1
"Smad5",0.374217425800871,0.311620880895788,0.194,0.1,1
"Zfp644",0.374786097546474,0.320936082754396,0.29,0.2,1
"Ncapd3",0.375423010045912,0.410132938262029,0.258,0.167,1
"Daam2",0.375770514583853,-0.287725635556718,0.548,0.667,1
"Septin8",0.375798093496094,-0.47278303716422,0.226,0.3,1
"Plcd4",0.376770241835327,-0.350433298043127,0.129,0.2,1
"Ttll4",0.376770241835327,-0.41012050556584,0.129,0.2,1
"Sp3",0.376770241835327,-0.443345493749748,0.129,0.2,1
"Pgam1",0.376770241835327,-0.524208094372086,0.129,0.2,1
"Ndufaf4",0.377051594897256,-0.402721437082675,0.161,0.233,1
"Sorbs2",0.377051594897256,-0.459372693077817,0.161,0.233,1
"Trir",0.377051594897256,-0.327570696615039,0.161,0.233,1
"Fry",0.377674485933556,0.355387626314406,0.581,0.4,1
"Golga1",0.379209157066167,-0.289950138635991,0.065,0.133,1
"Esf1",0.379209157066167,-0.271430368413684,0.065,0.133,1
"Spata2",0.379209157066167,-0.334466929364065,0.065,0.133,1
"D3Ertd751e",0.379209157066167,0.364325008664219,0.129,0.067,1
"Gmeb1",0.379209157066167,0.469649284171404,0.129,0.067,1
"Hgf",0.379209157066167,-0.350272936361457,0.065,0.133,1
"Gpr37",0.379209157066167,0.301078014121185,0.129,0.067,1
"Tyk2",0.379209157066167,-0.282404691560796,0.065,0.133,1
"Msantd2",0.379209157066167,-0.38583710101321,0.065,0.133,1
"Ss18l2",0.379209157066167,-0.287084780586936,0.065,0.133,1
"9530059O14Rik",0.379209157066167,-0.29650882962148,0.065,0.133,1
"Rab36",0.379209157066167,-0.281417192679678,0.065,0.133,1
"Atox1",0.379209157066167,-0.316856344690975,0.065,0.133,1
"Rtn4rl1",0.379209157066167,0.333315495721491,0.129,0.067,1
"Heatr1",0.379209157066167,-0.255030878110943,0.065,0.133,1
"A330033J07Rik",0.379209157066167,-0.312634857089925,0.065,0.133,1
"E430024I08Rik",0.379209157066167,-0.318052589413261,0.065,0.133,1
"Mier3",0.379209157066167,-0.300002336979734,0.065,0.133,1
"Chrac1",0.379209157066167,-0.268405945363216,0.065,0.133,1
"Mgat3",0.379209157066167,-0.275171754332926,0.065,0.133,1
"Nell2",0.379209157066167,-0.39018593334087,0.065,0.133,1
"Ifnar2",0.379209157066167,-0.277269993509791,0.065,0.133,1
"Srsf3",0.379209157066167,-0.258685136020924,0.065,0.133,1
"Ankfy1",0.380860802475554,0.294357510551885,0.258,0.167,1
"Dennd6a",0.381008830176972,0.314581331393095,0.323,0.233,1
"Brwd1",0.381008830176972,0.475157335618244,0.323,0.233,1
"Pex5l",0.382146578247439,0.528586609665532,0.452,0.367,1
"Trp53bp2",0.382674685505382,-0.513952238402121,0.097,0.167,1
"8030442B05Rik",0.382674685505382,-0.31531999750171,0.097,0.167,1
"Ttc21b",0.382674685505382,-0.433670610485132,0.097,0.167,1
"Iftap",0.382674685505382,-0.324913351943604,0.097,0.167,1
"Sdc4",0.382674685505382,-0.336319615017158,0.097,0.167,1
"Chpf2",0.382674685505382,-0.335096610216699,0.097,0.167,1
"Chic2",0.382674685505382,-0.423586754163839,0.097,0.167,1
"Rnf6",0.382674685505382,-0.322699199504375,0.097,0.167,1
"Unk",0.382674685505382,-0.349035862610143,0.097,0.167,1
"Ifrd1",0.382674685505382,-0.319671393454457,0.097,0.167,1
"E2f3",0.382674685505382,-0.345543608708418,0.097,0.167,1
"Bnip3l",0.382674685505382,-0.363391799345443,0.097,0.167,1
"Ntan1",0.382674685505382,-0.338958871418174,0.097,0.167,1
"Otud7b",0.382681358336749,-0.358361864030956,0.29,0.367,1
"Med13",0.382681358336749,0.499095775736792,0.387,0.267,1
"Phf20l1",0.382681358336749,0.584312432923705,0.355,0.3,1
"Apba1",0.382681358336749,-0.348419716019996,0.29,0.367,1
"Dixdc1",0.38343617739503,0.449645389948212,0.226,0.133,1
"Gpcpd1",0.383507838116255,-0.501497185415435,0.194,0.267,1
"Map3k5",0.383507838116255,-0.440872385612945,0.194,0.267,1
"Serinc1",0.383507838116255,-0.601109689960529,0.194,0.267,1
"Ggnbp2",0.383507838116255,-0.29513096662601,0.194,0.267,1
"Spag9",0.383841230257019,-0.294425132116674,0.742,0.8,1
"Tmem245",0.384290744994732,0.421349348738285,0.355,0.267,1
"Stau1",0.385144194173379,0.325644070834714,0.29,0.2,1
"Sh3d19",0.385415689521499,0.316250523865736,0.355,0.233,1
"Tulp3",0.385415689521499,0.38313035794194,0.355,0.233,1
"Larp1",0.385415689521499,-0.265567658627655,0.258,0.333,1
"Fkbp1a",0.385931388183377,0.264073401225752,0.323,0.2,1
"Zmynd8",0.38598935247638,-0.2540901681764,0.226,0.333,1
"Pde4d",0.386099705792331,-0.350872687226094,0.452,0.533,1
"Rpl3",0.386371466215734,0.385873767201765,0.258,0.167,1
"Tsc22d3",0.386919699487686,0.352383315279717,0.194,0.1,1
"Ptpra",0.386955981766736,0.263996899143351,0.581,0.5,1
"Ssb",0.387375476421479,-0.303791646692483,0.323,0.4,1
"Zfp462",0.388380892355476,-0.545106875207494,0.161,0.233,1
"Alms1",0.388380892355476,-0.447284553389972,0.161,0.233,1
"Chsy1",0.38886329871263,-0.355246979838696,0.194,0.267,1
"Ptprn",0.388970100091061,-0.317579955366128,0.129,0.2,1
"Napb",0.388970100091061,-0.431964687841034,0.129,0.2,1
"Cdc40",0.388970100091061,-0.281832320462932,0.129,0.2,1
"Tob1",0.388970100091061,-0.468506254078129,0.129,0.2,1
"Dhrs7",0.388970100091061,-0.365748230339637,0.129,0.2,1
"Supt16",0.388970100091061,-0.316415373237763,0.129,0.2,1
"Ppig",0.389322009203315,0.285712333386188,0.226,0.133,1
"Ptar1",0.389961382177515,-0.333141830644088,0.29,0.4,1
"Dennd4a",0.391489217090533,-0.317023434017367,0.387,0.467,1
"Api5",0.394525883869382,0.466406400020742,0.129,0.067,1
"Rnf24",0.394525883869382,0.290807709684,0.129,0.067,1
"Gfm1",0.394525883869382,0.430550232187117,0.129,0.067,1
"1810037I17Rik",0.394525883869382,0.437856112654371,0.129,0.067,1
"Srp72",0.394525883869382,-0.28777624431632,0.065,0.133,1
"Anxa3",0.394525883869382,-0.290914269891244,0.065,0.133,1
"Gramd1a",0.394525883869382,-0.258061423126617,0.065,0.133,1
"Scaf1",0.394525883869382,0.441015820761109,0.129,0.067,1
"Ldha",0.394525883869382,-0.283153275204233,0.065,0.133,1
"Gm10033",0.394525883869382,0.417885667829255,0.129,0.067,1
"Ccdc124",0.394525883869382,-0.256743893587299,0.065,0.133,1
"Tbc1d9",0.394525883869382,0.258403772242283,0.129,0.067,1
"Ints14",0.394525883869382,0.338765169251963,0.129,0.067,1
"Tpm1",0.394525883869382,0.283288923777738,0.129,0.067,1
"Psmc5",0.394525883869382,-0.27644614829833,0.065,0.133,1
"Tspan13",0.394525883869382,-0.253137645091649,0.065,0.133,1
"Eny2",0.394525883869382,0.285051268304146,0.129,0.067,1
"Pacsin2",0.394525883869382,0.296083627185383,0.129,0.067,1
"Zfp955b",0.394525883869382,0.330737497814628,0.129,0.067,1
"Tpt1",0.394671790567858,-0.477893021051162,0.323,0.367,1
"Fam214a",0.395289012863636,-0.528646001342036,0.258,0.333,1
"Grk4",0.395290644330207,0.291512031012937,0.226,0.133,1
"Znrf1",0.395290644330207,0.311100152541903,0.226,0.133,1
"Pspc1",0.395675414439457,0.473645343491281,0.29,0.2,1
"Gca",0.396222060077409,-0.287381388243132,0.097,0.167,1
"ENSMUSG00000120639",0.396222060077409,-0.348511575279323,0.097,0.167,1
"Rsf1os2",0.396222060077409,-0.286108132669048,0.097,0.167,1
"Taldo1",0.396222060077409,-0.426847628789193,0.097,0.167,1
"Bc1",0.396222060077409,-0.318299240434616,0.097,0.167,1
"Slc20a2",0.396222060077409,-0.413891296880275,0.097,0.167,1
"Afg3l1",0.396222060077409,-0.323699449317641,0.097,0.167,1
"Gm16876",0.396222060077409,-0.343618934300029,0.097,0.167,1
"Atf6",0.396229824969426,-0.450199350748614,0.226,0.3,1
"Rnf169",0.396229824969426,-0.620328922792676,0.226,0.3,1
"Ube2e3",0.397512638093531,0.409955089714837,0.258,0.167,1
"1810013L24Rik",0.397512638093531,0.344915657396919,0.258,0.167,1
"Rbm6",0.399295463797199,0.250190030449657,0.484,0.3,1
"Ttc3",0.399646630346965,-0.323084155605028,0.581,0.7,1
"Mmd2",0.39971780505292,0.2844165826632,0.516,0.433,1
"Eif4g3",0.400321359696343,0.267651500453194,0.645,0.5,1
"Ext2",0.40140740467086,-0.353670468002089,0.129,0.2,1
"Stx8",0.40140740467086,-0.31752049045898,0.129,0.2,1
"Kpna3",0.40140740467086,-0.339090629636842,0.129,0.2,1
"Erc2",0.403084923223153,-0.265827646711324,0.097,0.167,1
"Tia1",0.405313681820046,-0.318896581293227,0.258,0.333,1
"1110004F10Rik",0.406305898684726,-0.356418594394051,0.226,0.333,1
"Usp33",0.406378751956963,0.404602193653693,0.29,0.2,1
"Atp11a",0.406378751956963,0.318471154480129,0.29,0.2,1
"Golgb1",0.406378751956963,0.395755230592972,0.29,0.2,1
"Kif1a",0.406692457231269,0.255647536148542,0.323,0.2,1
"Kcnq1ot1",0.406692457231269,0.662125533417553,0.29,0.233,1
"Cdh4",0.407363961833858,0.308775913031623,0.226,0.133,1
"Jmjd1c",0.408503271990085,0.267584396120924,0.516,0.433,1
"Mapt",0.40878779266303,0.348181946298808,0.581,0.567,1
"Ssu72",0.408845318257766,0.328424049175924,0.258,0.167,1
"Dnajc7",0.408845318257766,0.296073911245065,0.258,0.167,1
"Tox",0.409090971256848,-0.348867723446797,0.419,0.5,1
"Slc41a1",0.410055023242736,0.402631479890998,0.161,0.1,1
"Ubap1",0.410055023242736,-0.290236735155021,0.097,0.167,1
"Gigyf1",0.410055023242736,-0.327779139398858,0.097,0.167,1
"Smurf1",0.410055023242736,0.489744734304736,0.161,0.1,1
"Cald1",0.410055023242736,-0.272744113763322,0.097,0.167,1
"Tpp1",0.410055023242736,-0.257489073596763,0.097,0.167,1
"Slc37a2",0.410055023242736,-0.399884939451717,0.097,0.167,1
"Rab8b",0.410055023242736,-0.374706700074259,0.097,0.167,1
"Trp53",0.410055023242736,-0.396395150596097,0.097,0.167,1
"Psmb6",0.410055023242736,-0.295825893776053,0.097,0.167,1
"Rnf182",0.410055023242736,-0.416526366414186,0.097,0.167,1
"Rab24",0.410055023242736,-0.357105819249877,0.097,0.167,1
"Hmgn1",0.410055023242736,-0.295386729879095,0.097,0.167,1
"Nudt3",0.410055023242736,-0.416416987698205,0.097,0.167,1
"Ammecr1l",0.410055023242736,-0.302068345514109,0.097,0.167,1
"Pank1",0.410055023242736,-0.291947673447689,0.097,0.167,1
"Glrx2",0.410211007234539,0.309225710687827,0.129,0.067,1
"Pamr1",0.410211007234539,0.425296856955225,0.129,0.067,1
"Macrod2os1",0.410211007234539,0.340175993500093,0.129,0.067,1
"Hck",0.410211007234539,0.277373360820568,0.129,0.067,1
"Ssr2",0.410211007234539,0.329030308618525,0.129,0.067,1
"Caap1",0.410211007234539,0.275639835268431,0.129,0.067,1
"Anapc4",0.410211007234539,0.313829525768731,0.129,0.067,1
"Tcf7l1",0.410211007234539,0.350806549654919,0.129,0.067,1
"Tada3",0.410211007234539,0.287446085837441,0.129,0.067,1
"Lrrc4b",0.410211007234539,0.257609726876409,0.129,0.067,1
"Scap",0.410211007234539,0.281309874735556,0.129,0.067,1
"Tbc1d32",0.410211007234539,0.427405898102237,0.129,0.067,1
"Tomm70a",0.410211007234539,0.354589564811052,0.129,0.067,1
"Rpl39",0.410211007234539,0.338315232252331,0.129,0.067,1
"Aff4",0.410372958875855,0.299205467941045,0.355,0.233,1
"Osbpl11",0.410372958875855,-0.304338587860059,0.258,0.333,1
"Scarb2",0.411652924468102,-0.412778958307526,0.161,0.233,1
"Arhgef10",0.411652924468102,-0.326605613937947,0.161,0.233,1
"Gfm2",0.411652924468102,-0.4126847975842,0.161,0.233,1
"Ppm1b",0.412207207695198,-0.420860367447975,0.355,0.4,1
"Pnpla8",0.413854930119683,0.450666901098712,0.387,0.3,1
"Camk2g",0.413854930119683,0.333662265727468,0.387,0.3,1
"Cops5",0.414080430323278,-0.292363986009796,0.129,0.2,1
"Trmt13",0.414080430323278,-0.437813040401135,0.129,0.2,1
"Msi1",0.414080430323278,-0.32198734999696,0.129,0.2,1
"Zfyve16",0.414080430323278,-0.341946263808536,0.129,0.2,1
"Cab39l",0.414080430323278,-0.296905076134878,0.129,0.2,1
"Adra1a",0.414080430323278,-0.316077260345497,0.129,0.2,1
"Ptprt",0.41480890372048,0.275843162941569,0.935,0.867,1
"Cs",0.415488757117093,-0.288192538252749,0.258,0.333,1
"Tjp1",0.416216083001373,0.273417349142612,0.71,0.667,1
"Galnt1",0.416389115150128,-0.530925556079874,0.194,0.267,1
"Ino80d",0.417253057483409,0.303387783374349,0.29,0.2,1
"Kif21b",0.417253057483409,-0.348607760435049,0.226,0.267,1
"Emc7",0.417253057483409,0.270619184165648,0.29,0.2,1
"Purg",0.417253057483409,0.293294602084602,0.29,0.2,1
"Ndufa6",0.417253057483409,0.362654356240325,0.29,0.2,1
"Afdn",0.417253057483409,0.341994272004218,0.29,0.2,1
"Tubgcp5",0.417318208198837,0.305176399376905,0.323,0.2,1
"Etnk1",0.418393730131116,-0.339763228714539,0.387,0.433,1
"Rtn3",0.419336707771775,-0.483151472788702,0.548,0.567,1
"Ostm1",0.419654476945449,0.254002642727101,0.226,0.133,1
"Dnajc3",0.419654476945449,0.289713206949845,0.226,0.133,1
"Sox10",0.419654476945449,0.285740274246024,0.226,0.133,1
"Sec62",0.421944248351658,-0.367111730688157,0.226,0.333,1
"Gpbp1l1",0.423592728493546,-0.424216367811939,0.161,0.233,1
"Selplg",0.423592728493546,-0.50036976683788,0.161,0.233,1
"Mical3",0.423592728493546,-0.362563836622285,0.161,0.233,1
"Ypel2",0.423649903678819,0.279299112758293,0.387,0.3,1
"C1qb",0.423876973697201,0.738841860428707,0.355,0.267,1
"Pcp4",0.423876973697201,-0.346409345196625,0.29,0.333,1
"Ppa2",0.424171057092822,-0.302715350072107,0.097,0.167,1
"Rfc1",0.424171057092822,0.303046705279518,0.161,0.1,1
"Atp5k",0.424171057092822,-0.274381789516896,0.097,0.167,1
"Mrps33",0.424171057092822,0.577677672648438,0.161,0.1,1
"Tom1",0.424171057092822,-0.27234129001556,0.097,0.167,1
"Herpud2",0.424171057092822,-0.261337559051692,0.097,0.167,1
"Slc7a8",0.424171057092822,-0.475359212251493,0.097,0.167,1
"mt-Nd1",0.425305909031917,-0.26579441063099,0.323,0.4,1
"Gramd1b",0.425813188342606,0.280785887281557,0.355,0.233,1
"Mapk1",0.425813188342606,-0.258466555318541,0.258,0.333,1
"Terf1",0.426260876018474,0.278185101434001,0.129,0.067,1
"Col9a3",0.426260876018474,0.309744042008922,0.129,0.067,1
"Kcnd3",0.426260876018474,0.274899640347944,0.129,0.067,1
"Atp6v0a2",0.426260876018474,0.28210225814577,0.129,0.067,1
"Stx1a",0.426260876018474,0.414333559197558,0.129,0.067,1
"Rbm28",0.426260876018474,0.289837554700681,0.129,0.067,1
"Tmem209",0.426260876018474,0.605486386044814,0.129,0.067,1
"Zfp282",0.426260876018474,0.291645628839925,0.129,0.067,1
"Snrpa",0.426260876018474,0.335038335125402,0.129,0.067,1
"Cd37",0.426260876018474,-0.270049665847461,0.065,0.133,1
"Sirt3",0.426260876018474,0.534626850255838,0.129,0.067,1
"Ap1m1",0.426260876018474,0.286718174447005,0.129,0.067,1
"Dhps",0.426260876018474,0.260797745916032,0.129,0.067,1
"Map1lc3b",0.426260876018474,0.315794515513969,0.129,0.067,1
"S100b",0.426260876018474,0.408319407931459,0.129,0.067,1
"Gabra1",0.426260876018474,0.359023403639051,0.129,0.067,1
"Mfap3",0.426260876018474,0.444733201395026,0.129,0.067,1
"Aldh3a2",0.426260876018474,0.314457776131687,0.129,0.067,1
"A730081D07Rik",0.426260876018474,0.296696215581679,0.129,0.067,1
"Comtd1",0.426260876018474,0.284174573652264,0.129,0.067,1
"Dgkh",0.426260876018474,0.32062585479142,0.129,0.067,1
"Sult4a1",0.426260876018474,0.3777526665707,0.129,0.067,1
"Ndufa7",0.426260876018474,0.289490239827156,0.129,0.067,1
"Gm16279",0.426260876018474,0.279645087020691,0.129,0.067,1
"Ppp1r11",0.426260876018474,0.265941114533015,0.129,0.067,1
"Pigf",0.426260876018474,0.257263214819978,0.129,0.067,1
"Dcun1d1",0.426987180881307,-0.365137267349552,0.129,0.2,1
"Fxyd1",0.426987180881307,-0.283521056961026,0.129,0.2,1
"Rps25",0.426987180881307,-0.286960586035923,0.129,0.2,1
"Retreg3",0.426987180881307,-0.441309895504474,0.129,0.2,1
"Rps29",0.426987180881307,0.496473739162715,0.194,0.133,1
"Slc30a5",0.426987180881307,-0.419385276697822,0.129,0.2,1
"Rbms1",0.427708778579282,-0.459366255328247,0.194,0.267,1
"Ndufs4",0.428105870034699,0.271758604371908,0.323,0.2,1
"4833420G17Rik",0.428105870034699,-0.268853415588546,0.226,0.3,1
"Agl",0.428297037879336,0.294740023319348,0.29,0.2,1
"Ypel3",0.428297037879336,0.368699914319807,0.29,0.2,1
"Tnks",0.428297037879336,0.334998954716067,0.29,0.2,1
"Mast4",0.430688224232988,0.304351057546409,0.645,0.667,1
"9330162G02Rik",0.432079485030645,0.312316700547106,0.258,0.167,1
"Map4k3",0.432079485030645,0.269986577355878,0.258,0.167,1
"Pogz",0.432160304029745,0.312286112972086,0.226,0.133,1
"Prr5l",0.432491815344378,0.541324421864267,0.419,0.4,1
"Adhfe1",0.432579670714111,-0.421680041660924,0.258,0.3,1
"Cadm4",0.433512878067898,-0.259286728610179,0.129,0.2,1
"Ndel1",0.4357327668257,-0.282966044129254,0.161,0.233,1
"Ccnt1",0.4357327668257,-0.294752717239957,0.161,0.233,1
"Usp25",0.4357327668257,-0.312140392911591,0.161,0.233,1
"Gli3",0.4362769442981,-0.254510994458909,0.613,0.633,1
"Plcl1",0.437454130529885,0.28715743276658,0.774,0.767,1
"Rnf2",0.438567246458961,0.310884412336595,0.161,0.1,1
"Lhx2",0.438567246458961,-0.3425390345463,0.097,0.167,1
"Stam2",0.438567246458961,0.483093901528493,0.161,0.1,1
"Cobll1",0.438567246458961,0.278736446628607,0.161,0.1,1
"Lrrc7",0.438567246458961,-0.252681650064058,0.097,0.167,1
"4921504A21Rik",0.438567246458961,-0.293491254766508,0.097,0.167,1
"Nub1",0.438567246458961,-0.276763330289381,0.097,0.167,1
"Ergic2",0.438567246458961,0.398982742282822,0.161,0.1,1
"Itga9",0.438567246458961,-0.307752029077897,0.097,0.167,1
"Sdf2",0.438567246458961,-0.302189239944023,0.097,0.167,1
"Dusp22",0.438567246458961,0.289020422259819,0.161,0.1,1
"Cox17",0.438567246458961,0.283461442645144,0.161,0.1,1
"Kansl1",0.438582702123977,0.267353507089057,0.742,0.667,1
"Ncor1",0.438888664479043,0.401329772563021,0.645,0.567,1
"Mga",0.439054103083093,-0.340928121527667,0.226,0.3,1
"Plcb4",0.439205623243321,-0.442908838396892,0.194,0.267,1
"Chst11",0.439205623243321,-0.263700900710384,0.194,0.267,1
"Gnaq",0.439347272931714,0.297846041385232,0.645,0.667,1
"Zbtb18",0.440125387222879,-0.366255514308031,0.129,0.2,1
"Slc30a7",0.440125387222879,-0.325559856287317,0.129,0.2,1
"Id2",0.440125387222879,-0.269630465960027,0.129,0.2,1
"Map3k4",0.440125387222879,-0.288014376863066,0.129,0.2,1
"Nbas",0.441111462162312,-0.282346358530918,0.355,0.4,1
"Mapk10",0.442237353576982,0.383204277824545,0.581,0.433,1
"Mrpl30",0.442671179329968,0.258989657067548,0.129,0.067,1
"Stx6",0.442671179329968,0.256482996112127,0.129,0.067,1
"Prdm10",0.442671179329968,0.282773110824135,0.129,0.067,1
"Mocs2",0.442671179329968,0.32638250236568,0.129,0.067,1
"Bmpr2",0.4433585528907,0.290202195830402,0.323,0.233,1
"Rps6kb1",0.4433585528907,0.317483443180699,0.323,0.233,1
"Gjc3",0.443641744962352,-0.471987417610639,0.323,0.367,1
"2210408F21Rik",0.443641744962352,0.313165120326459,0.387,0.3,1
"Colgalt2",0.443977664395823,0.374848319910335,0.258,0.167,1
"Fam219a",0.443977664395823,0.340242761521519,0.258,0.167,1
"Srpk2",0.44588808327032,0.282516957560652,0.613,0.5,1
"Gm47271",0.446905357575862,0.403531739695966,0.323,0.267,1
"1600010M07Rik",0.44807106640152,-0.389118999329961,0.161,0.233,1
"Cacna1a",0.44807106640152,-0.2801196540838,0.161,0.233,1
"Cyb5b",0.44807106640152,-0.274080538237888,0.161,0.233,1
"Rffl",0.44807106640152,-0.301458480085203,0.161,0.233,1
"Appbp2",0.44807106640152,0.425814882727102,0.226,0.167,1
"Pip4p1",0.44807106640152,-0.346089908499771,0.161,0.233,1
"Asxl1",0.450877945415992,-0.325241976497299,0.194,0.267,1
"Ppp4r3a",0.450877945415992,-0.344498552444647,0.194,0.267,1
"Vapa",0.450877945415992,-0.296896373748153,0.194,0.267,1
"Zfp106",0.450888126350745,0.336366014435296,0.29,0.2,1
"Ylpm1",0.450888126350745,0.302842531290307,0.29,0.2,1
"Micu2",0.450888126350745,0.34490627034637,0.29,0.2,1
"Marchf6",0.450888126350745,0.327954643994109,0.29,0.2,1
"Phactr3",0.452691647635848,0.267560222722393,0.581,0.567,1
"Bmp2k",0.452691647635848,0.303540875396184,0.645,0.5,1
"Elavl4",0.45324027624622,-0.267910332459497,0.097,0.167,1
"Uba5",0.45324027624622,0.381546042573852,0.161,0.1,1
"Tmem184b",0.45324027624622,0.322878912915909,0.161,0.1,1
"Ccdc136",0.453492505745231,-0.257509069448584,0.129,0.2,1
"4932443L11Rik",0.453492505745231,-0.372347757344436,0.129,0.2,1
"Gm39214",0.453492505745231,-0.332114880662405,0.129,0.2,1
"Adap2",0.453492505745231,-0.324381898451405,0.129,0.2,1
"Gm1976",0.453492505745231,0.394343251139706,0.194,0.133,1
"ENSMUSG00000120522",0.454289285729393,0.350057705682056,0.323,0.233,1
"Wasf3",0.454289285729393,0.376919169153707,0.323,0.233,1
"Slc25a36",0.454289285729393,-0.442151245460329,0.258,0.3,1
"Nfx1",0.455072692204952,0.367719095417591,0.355,0.267,1
"Lrch3",0.455980549647814,0.423123310075305,0.419,0.333,1
"Clk4",0.457223892745574,0.293953762841663,0.613,0.533,1
"Zmynd11",0.457280649157951,-0.266806022047373,0.29,0.367,1
"Clcn6",0.459436941641681,0.270142615911901,0.129,0.067,1
"Frmd6",0.459436941641681,0.260926611101496,0.129,0.067,1
"Cdk7",0.459436941641681,0.368043366462356,0.129,0.067,1
"Zfp160",0.459436941641681,0.256216346349548,0.129,0.067,1
"Abca2",0.46060544928413,-0.374925118264963,0.161,0.233,1
"Cdc37l1",0.461647235129634,0.294269163479122,0.548,0.533,1
"Epb41l2",0.462250274981194,-0.28057466785092,0.452,0.533,1
"Ywhab",0.462431922034916,-0.417062108918971,0.226,0.267,1
"Ppp6r3",0.462723879778603,-0.340076128040276,0.194,0.267,1
"Lrp1b",0.464133933800432,0.292209876751294,0.774,0.8,1
"Astn1",0.464161821172733,-0.524048042048771,0.323,0.367,1
"Dnm2",0.465370316953969,0.282485150483806,0.323,0.233,1
"Cst3",0.465583419061871,0.333525449551007,0.839,0.867,1
"Fnip1",0.465751662120164,-0.496037329744419,0.29,0.333,1
"Zkscan1",0.467085717366323,0.353773446686464,0.194,0.133,1
"Dhx30",0.467085717366323,0.3935960316625,0.194,0.133,1
"Vezt",0.467085717366323,-0.258400876519424,0.129,0.2,1
"Gm26618",0.467085717366323,0.354141204730949,0.194,0.133,1
"Psma5",0.468186429690911,0.275711867846453,0.161,0.1,1
"Ssx2ip",0.468186429690911,0.251195651258346,0.161,0.1,1
"Zcchc17",0.468186429690911,0.250644869550977,0.161,0.1,1
"Cdh13",0.468186429690911,0.35458041497262,0.161,0.1,1
"Myo5a",0.468186429690911,-0.374806591149648,0.097,0.167,1
"Sncb",0.468186429690911,0.302401473569061,0.161,0.1,1
"Tm9sf2",0.468186429690911,0.374189570443315,0.161,0.1,1
"Flywch1",0.468186429690911,0.271367972688137,0.161,0.1,1
"Emc3",0.468326593855734,-0.371660370639323,0.194,0.233,1
"Lrrfip2",0.468579542800532,-0.310471005314406,0.258,0.333,1
"Ywhaz",0.468579542800532,-0.387158252782323,0.258,0.333,1
"Peg3",0.472846844778825,-0.407470732534922,0.226,0.3,1
"Cabin1",0.473333532206761,0.463522863752068,0.226,0.167,1
"Tubb5",0.473333532206761,-0.257710996679888,0.161,0.233,1
"Usp47",0.474616742156952,0.298624758074413,0.387,0.3,1
"Zfp532",0.474616742156952,-0.319734179201252,0.323,0.367,1
"Ptgds",0.47561681741573,0.36861948514081,0.581,0.5,1
"Rnf13",0.476497392070534,0.319792427095642,0.452,0.333,1
"Trpm7",0.477696581908319,-0.358297816693615,0.516,0.533,1
"Slc9a9",0.479514088931505,-0.533702221739669,0.613,0.6,1
"Atp6v0c",0.479514088931505,0.337279388141898,0.677,0.533,1
"Hecw2",0.479892306845084,0.659508519411619,0.355,0.333,1
"Pacrg",0.480324351537291,-0.374198293291445,0.548,0.533,1
"Npc2",0.480772952187443,-0.403890642608743,0.194,0.233,1
"Gm4221",0.480772952187443,-0.527376467558718,0.194,0.233,1
"Cct7",0.480901927065148,-0.294583892893883,0.129,0.2,1
"Gtf2h2",0.480901927065148,0.373871592717361,0.194,0.133,1
"Gm9750",0.480901927065148,0.296643032027399,0.194,0.133,1
"Mt1",0.481399265188903,0.250164639961297,0.419,0.333,1
"Ep300",0.482019366256731,-0.281115714926029,0.29,0.333,1
"Vps13b",0.482437198684739,-0.336561018775038,0.484,0.567,1
"Ptprc",0.483401587564957,0.31015291829079,0.161,0.1,1
"P2ry14",0.483401587564957,0.256720869378601,0.161,0.1,1
"S100pbp",0.483401587564957,0.268396231939421,0.161,0.1,1
"Lmbr1",0.483401587564957,0.258154948049685,0.161,0.1,1
"Marcks",0.483401587564957,-0.257823601801359,0.097,0.167,1
"Maml1",0.483401587564957,0.33759591045481,0.161,0.1,1
"Tuba1b",0.483401587564957,0.368987947360239,0.161,0.1,1
"Pfdn6",0.483401587564957,0.298686636033538,0.161,0.1,1
"Csnk1a1",0.485960599310683,-0.278696331503645,0.387,0.467,1
"Atp5c1",0.486006640326844,0.3729421167478,0.29,0.2,1
"Tmeff1",0.486006640326844,-0.469604917764543,0.226,0.267,1
"Fbxl5",0.486006640326844,-0.578195222447519,0.226,0.267,1
"Rab5b",0.486252726466917,-0.283666896723863,0.161,0.233,1
"2610035D17Rik",0.486252726466917,-0.297431855677411,0.161,0.233,1
"Gm48765",0.486252726466917,0.399571193632615,0.226,0.167,1
"Ugp2",0.48647796217726,-0.371580785568365,0.387,0.433,1
"Lrba",0.486691440949911,0.256731676209218,0.452,0.333,1
"Prkacb",0.486928314444178,-0.66175665945309,0.194,0.267,1
"Tmed9",0.486928314444178,0.481455324144804,0.258,0.2,1
"Ndufv2",0.486928314444178,-0.257623342220441,0.194,0.267,1
"Timp3",0.487976454785757,-0.255420829070849,0.258,0.3,1
"Paxbp1",0.487976454785757,-0.397953797085993,0.258,0.3,1
"Paip2",0.491775363674478,0.252491603255961,0.419,0.333,1
"Usp14",0.492771254594639,0.499980317949517,0.226,0.167,1
"Ablim2",0.493397343035794,-0.475283453017499,0.194,0.233,1
"Enah",0.493400841911174,0.289128318294103,0.677,0.633,1
"Arhgef2",0.494937763971342,0.567267248819926,0.194,0.133,1
"Dock11",0.494937763971342,0.492746752186145,0.194,0.133,1
"Pbx1",0.497061347170319,-0.269759428006354,0.839,0.867,1
"Nptn",0.498608745923601,-0.311341524731466,0.29,0.333,1
"Zc3h6",0.498881228347496,0.30206385749096,0.161,0.1,1
"AW047730",0.498881228347496,0.360208454562101,0.161,0.1,1
"Orc6",0.498881228347496,0.291649292814919,0.161,0.1,1
"Sec24a",0.498881228347496,0.272699258454477,0.161,0.1,1
"Sptlc1",0.498881228347496,0.353155232991441,0.161,0.1,1
"Yipf5",0.498881228347496,0.275815489316963,0.161,0.1,1
"Memo1",0.499282274923474,0.442534018703665,0.258,0.2,1
"Ap3s1",0.499282274923474,0.321894384340146,0.258,0.2,1
"Kidins220",0.499299259797348,-0.252149994130776,0.645,0.7,1
"Aagab",0.499360238176516,0.331231819432124,0.226,0.167,1
"Usp6nl",0.499497846410983,0.415537937907466,0.323,0.233,1
"Nck1",0.499497846410983,0.369789749871576,0.323,0.233,1
"Dctn4",0.502270307307155,-0.272536309308322,0.355,0.4,1
"Rabgap1",0.503969328896556,-0.320787964936146,0.452,0.467,1
"Gria4",0.505312250323197,-0.286270652776671,0.226,0.333,1
"Akap13",0.505712273727332,0.284249754601229,0.387,0.267,1
"Mical2",0.506233771031255,0.264489791888825,0.484,0.367,1
"Chchd2",0.508023758921764,-0.283372242044973,0.226,0.3,1
"Scaf4",0.508023758921764,-0.270483851336826,0.226,0.3,1
"Plekhm2",0.509189582013019,0.388512322624677,0.194,0.133,1
"Glrx3",0.509189582013019,0.251710161119512,0.194,0.133,1
"Zfp692",0.509189582013019,-0.262654536611855,0.129,0.2,1
"Pkd1",0.509189582013019,0.328305668034286,0.194,0.133,1
"Rab5a",0.509189582013019,0.395996286491039,0.194,0.133,1
"Neat1",0.509338775526551,-0.444174556750925,0.613,0.633,1
"Ahi1",0.509828795016673,-0.29369074475397,0.29,0.333,1
"Gle1",0.511581617843402,-0.321458065411953,0.161,0.2,1
"Marchf8",0.511581617843402,-0.59602216869377,0.161,0.2,1
"Dicer1",0.511581617843402,-0.371885295919598,0.161,0.2,1
"Smap2",0.512653068872859,-0.320931190644027,0.161,0.233,1
"Marchf1",0.513654746889562,0.261268762806422,0.548,0.467,1
"Krcc1",0.51462042938089,0.259055374316234,0.161,0.1,1
"Rnf141",0.51462042938089,0.268867731525334,0.161,0.1,1
"Gm49708",0.51462042938089,0.252564826579333,0.161,0.1,1
"Psat1",0.51462042938089,0.265187533989541,0.161,0.1,1
"Zranb2",0.516534705105489,0.344775314699624,0.484,0.367,1
"Ddx24",0.517967957133399,0.433020166202469,0.419,0.367,1
"Fryl",0.518155002688353,-0.355056877069344,0.323,0.4,1
"Tpr",0.520551183662102,-0.271914077143726,0.419,0.467,1
"Abcd3",0.522554029649004,0.273750135094228,0.29,0.2,1
"Ninj2",0.522554029649004,0.294954440295888,0.29,0.2,1
"A230057D06Rik",0.522967075495496,-0.521467663315891,0.258,0.3,1
"Slc38a9",0.522967075495496,-0.475324496455955,0.258,0.3,1
"Erbb4",0.523610442175409,-0.397194087532021,0.355,0.4,1
"Col27a1",0.523653461130216,0.52168726627504,0.194,0.133,1
"Mtf2",0.523653461130216,0.325158469749317,0.194,0.133,1
"Ufd1",0.523653461130216,0.278504658650219,0.194,0.133,1
"Slc4a10",0.524481123198462,0.340713172269334,0.258,0.2,1
"Ptpn13",0.524481123198462,-0.252585968495135,0.194,0.267,1
"Atp5pb",0.526128016494457,0.391191639170352,0.226,0.167,1
"Ociad1",0.526128016494457,0.332613723208609,0.226,0.167,1
"Cox5a",0.526128016494457,0.29365388440562,0.226,0.167,1
"Vezf1",0.527795643735284,-0.323472104797624,0.129,0.167,1
"E130307A14Rik",0.528779657822553,-0.363334295001147,0.323,0.367,1
"Kif2a",0.530613869025038,0.264476864781236,0.161,0.1,1
"Pfdn1",0.530613869025038,0.259103705296705,0.161,0.1,1
"Sf1",0.532311326227947,-0.388356071104619,0.194,0.233,1
"Arhgef4",0.534452284771055,0.269099431592751,0.419,0.333,1
"Bmpr1a",0.534452284771055,0.409185062600965,0.419,0.333,1
"Aifm3",0.53491047046697,-0.270270736036275,0.258,0.3,1
"Urgcp",0.535042891501125,-0.381742296649259,0.226,0.267,1
"ENSMUSG00000119984",0.535042891501125,0.380344915745773,0.29,0.2,1
"Abca1",0.536114105679654,0.429063854767184,0.452,0.433,1
"Zeb1",0.536769389469282,-0.421618966104758,0.774,0.733,1
"Plcl2",0.537320506707864,0.294709105285174,0.258,0.2,1
"Gab1",0.537457755240458,0.393048006270173,0.452,0.4,1
"Gpam",0.537457755240458,0.319713299232438,0.452,0.4,1
"Rcor1",0.538325209059717,0.282725287291528,0.194,0.133,1
"Dlg1",0.539382063640158,-0.362428123301041,0.387,0.4,1
"Ago2",0.539654301386347,-0.532334171386998,0.161,0.2,1
"2610020C07Rik",0.539654301386347,-0.330860562579053,0.161,0.2,1
"Cox5b",0.539781676724814,0.307258354277517,0.226,0.167,1
"Rps23",0.539781676724814,0.454822763865053,0.226,0.167,1
"Brk1",0.543193893808667,-0.412483792948604,0.129,0.167,1
"Oip5os1",0.544527176890627,0.307120875767959,0.29,0.233,1
"Myl6",0.545619566542261,-0.339531761863242,0.194,0.233,1
"St18",0.546617957590692,0.364793568376627,0.452,0.433,1
"Ccar1",0.546989891004449,0.396045240178175,0.323,0.233,1
"Bcl2l1",0.547680497681306,-0.307431163807541,0.226,0.267,1
"Clstn1",0.54882654678656,-0.250931066482654,0.29,0.3,1
"Luc7l3",0.551293510027836,-0.334904244230786,0.323,0.367,1
"Atp6v1e1",0.553200363695419,0.514399503299119,0.194,0.133,1
"Ghitm",0.553200363695419,0.253426766648294,0.194,0.133,1
"Acap2",0.553418239762293,0.316353584973378,0.452,0.4,1
"Ppp2r2a",0.553610444706375,0.309110881192327,0.226,0.167,1
"Gpr34",0.553610444706375,-0.281703305120961,0.161,0.233,1
"Smg7",0.553974288510758,-0.325205912480816,0.161,0.2,1
"Chmp4b",0.553974288510758,-0.457086263628801,0.161,0.2,1
"Pdpr",0.553974288510758,-0.268861590592817,0.161,0.2,1
"Jak2",0.553974288510758,-0.252836312976066,0.161,0.2,1
"Nhlrc2",0.556978260523314,-0.277986166305208,0.226,0.3,1
"Lactb2",0.557557208405534,-0.324675700476237,0.097,0.133,1
"Nacc2",0.557557208405534,-0.335033454365298,0.097,0.133,1
"Dph6",0.557557208405534,-0.341538382064442,0.097,0.133,1
"Zfp467",0.557557208405534,-0.552455013224844,0.097,0.133,1
"Amotl2",0.557557208405534,-0.314808305724111,0.097,0.133,1
"Slu7",0.557557208405534,-0.342250410927305,0.097,0.133,1
"Acat3",0.557557208405534,-0.283954749489619,0.097,0.133,1
"Fem1c",0.557557208405534,-0.335673304092742,0.097,0.133,1
"Cept1",0.558812620401787,-0.294081310623582,0.129,0.167,1
"2310022B05Rik",0.558812620401787,-0.304069568945572,0.129,0.167,1
"Cdk5r1",0.558812620401787,-0.274529695789264,0.129,0.167,1
"Fam91a1",0.558812620401787,-0.311059820769925,0.129,0.167,1
"Atl3",0.558812620401787,-0.364133206260422,0.129,0.167,1
"Ubap2l",0.559090807502913,-0.309809862363855,0.194,0.233,1
"Atp5j2",0.559090807502913,-0.351818888001879,0.194,0.233,1
"Fam13b",0.559202817733844,-0.320803277073475,0.258,0.3,1
"Atp6ap1",0.559202817733844,-0.257316901141614,0.258,0.3,1
"Phc2",0.563464243430186,0.482782572159892,0.258,0.2,1
"Mtx2",0.564518084904882,-0.296939762363495,0.065,0.1,1
"Hipk3",0.564518084904882,-0.263637360516479,0.065,0.1,1
"Ncoa3",0.564518084904882,-0.348927810948067,0.065,0.1,1
"Mtfr1",0.564518084904882,-0.292758564106974,0.065,0.1,1
"Zmat3",0.564518084904882,-0.314340259666007,0.065,0.1,1
"Ndufb5",0.564518084904882,-0.359440500527223,0.065,0.1,1
"Lxn",0.564518084904882,-0.305528355512706,0.065,0.1,1
"Prkab2",0.564518084904882,-0.328050921478451,0.065,0.1,1
"Ddx20",0.564518084904882,-0.25939642439163,0.065,0.1,1
"Rbm15",0.564518084904882,-0.304589124889432,0.065,0.1,1
"Papss1",0.564518084904882,-0.299424403068613,0.065,0.1,1
"Ubxn2b",0.564518084904882,-0.280906074790621,0.065,0.1,1
"Decr1",0.564518084904882,-0.283553748294215,0.065,0.1,1
"Smc2",0.564518084904882,-0.25689984240321,0.065,0.1,1
"Lrrc19",0.564518084904882,-0.356101412094326,0.065,0.1,1
"Nipal3",0.564518084904882,-0.414384304033196,0.065,0.1,1
"Cep135",0.564518084904882,-0.262037507620993,0.065,0.1,1
"Rplp0",0.564518084904882,-0.301410667954978,0.065,0.1,1
"Kdm7a",0.564518084904882,-0.263946167755975,0.065,0.1,1
"Zfp777",0.564518084904882,-0.282511898891221,0.065,0.1,1
"Adamts9",0.564518084904882,-0.501821577785172,0.065,0.1,1
"Ucp3",0.564518084904882,-0.278715193811555,0.065,0.1,1
"Kctd13",0.564518084904882,-0.302871493260749,0.065,0.1,1
"Il15",0.564518084904882,-0.287469398966345,0.065,0.1,1
"ENSMUSG00000120169",0.564518084904882,-0.260541999149063,0.065,0.1,1
"Slc37a4",0.564518084904882,-0.275203185708915,0.065,0.1,1
"Ibtk",0.564518084904882,-0.319184987701607,0.065,0.1,1
"Gm29571",0.564518084904882,-0.351695844370553,0.065,0.1,1
"Rnf146",0.564518084904882,-0.261793858318787,0.065,0.1,1
"Pald1",0.564518084904882,-0.273523858898018,0.065,0.1,1
"Dbnl",0.564518084904882,-0.59637198793446,0.065,0.1,1
"Polr1f",0.564518084904882,-0.363487995360447,0.065,0.1,1
"2700049A03Rik",0.564518084904882,-0.347411960354905,0.065,0.1,1
"Serpinb6a",0.564518084904882,-0.357395209228419,0.065,0.1,1
"Sirt5",0.564518084904882,-0.325318190684666,0.065,0.1,1
"Nsun2",0.564518084904882,-0.257212385946582,0.065,0.1,1
"Vcan",0.564518084904882,-0.287673377565923,0.065,0.1,1
"Kctd4",0.564518084904882,-0.327930825897669,0.065,0.1,1
"Dvl3",0.564518084904882,-0.256442087076506,0.065,0.1,1
"Zfp318",0.564518084904882,-0.268645382472733,0.065,0.1,1
"Tfeb",0.564518084904882,-0.366132400891226,0.065,0.1,1
"Malt1",0.564518084904882,-0.278168417879625,0.065,0.1,1
"Exosc1",0.564518084904882,-0.363899814984514,0.065,0.1,1
"Casp7",0.564518084904882,-0.406744994313,0.065,0.1,1
"Trmt2b",0.564518084904882,-0.404768937058314,0.065,0.1,1
"Ttc14",0.566025226402874,0.29060799909112,0.484,0.433,1
"Zfp771",0.566689478770197,-0.313896046719006,0.129,0.167,1
"Cflar",0.567610517125903,0.334916061715403,0.226,0.167,1
"Ftl1",0.567610517125903,0.320702077168381,0.226,0.167,1
"Rmdn1",0.567847997137604,-0.274052895376178,0.29,0.333,1
"Mia3",0.568477817010278,-0.360038300951873,0.161,0.2,1
"Cd63",0.569566443999465,-0.622438873758949,0.258,0.267,1
"Tnrc6b",0.572770899377666,0.250057504847867,0.71,0.667,1
"Prkd1",0.573297743547272,-0.341112154373565,0.548,0.6,1
"Zzz3",0.573390257599031,-0.336665357432721,0.226,0.267,1
"Asap2",0.573931404461914,0.261584472173326,0.387,0.333,1
"Slc6a11",0.574245410475513,0.365155340943428,0.355,0.3,1
"Rnf115",0.574646320158727,-0.28144105238289,0.129,0.167,1
"Tmem175",0.574646320158727,-0.5034746314883,0.129,0.167,1
"Cwf19l2",0.574646320158727,-0.39523813007462,0.129,0.167,1
"Ube2e1",0.574646320158727,-0.271320704886164,0.129,0.167,1
"Smad4",0.574646320158727,-0.38004732036997,0.129,0.167,1
"Clns1a",0.575201017073031,-0.286611536697623,0.097,0.133,1
"Thap12",0.575201017073031,-0.582135604776083,0.097,0.133,1
"Ctbp2",0.575201017073031,-0.507794047176326,0.097,0.133,1
"Wasf1",0.575201017073031,-0.437234880886287,0.097,0.133,1
"Kif3a",0.575201017073031,-0.312692050187262,0.097,0.133,1
"H1f2",0.575201017073031,-0.31155540116586,0.097,0.133,1
"Stambpl1",0.575201017073031,-0.496408484876162,0.097,0.133,1
"Dnmbp",0.575201017073031,-0.31374913756935,0.097,0.133,1
"Ndufb11",0.575201017073031,-0.291462909071138,0.097,0.133,1
"Insig1",0.575785795930721,-0.525251077967536,0.161,0.2,1
"Itm2c",0.576762148026604,0.447598680000838,0.258,0.2,1
"Ldlrad4",0.578921979446853,-0.324500523148842,0.355,0.4,1
"Plekha1",0.581777894671593,0.258572773703172,0.226,0.167,1
"Dip2a",0.581777894671593,0.307411856765535,0.226,0.167,1
"Celf1",0.582138621446269,0.279960069545249,0.452,0.367,1
"Fbxw7",0.583160438023607,-0.372774425809422,0.161,0.2,1
"Tppp",0.583160438023607,-0.435424097131492,0.161,0.2,1
"Taok1",0.58401852734982,-0.313384718332896,0.258,0.3,1
"P4ha1",0.58518201777061,0.322416822048983,0.323,0.267,1
"Btbd3",0.585189463248398,-0.473852348869314,0.065,0.1,1
"Ttpal",0.585189463248398,-0.383742926311594,0.065,0.1,1
"Gcn1",0.585189463248398,-0.397954401714935,0.065,0.1,1
"Iqce",0.585189463248398,-0.31436963003414,0.065,0.1,1
"Pyroxd1",0.585189463248398,-0.252375984697318,0.065,0.1,1
"Itgam",0.585189463248398,-0.38754520942447,0.065,0.1,1
"Fut10",0.585189463248398,-0.271960098297376,0.065,0.1,1
"Gm38134",0.585189463248398,-0.333828294443039,0.065,0.1,1
"Slc43a2",0.585189463248398,-0.391387446101478,0.065,0.1,1
"Ddx52",0.585189463248398,-0.267748407145156,0.065,0.1,1
"Rhobtb3",0.585189463248398,-0.352054501042896,0.065,0.1,1
"Rsl1d1",0.585189463248398,-0.317924864305783,0.065,0.1,1
"Clcn7",0.585189463248398,-0.332202372577035,0.065,0.1,1
"Ythdc2",0.585189463248398,-0.338952393060117,0.065,0.1,1
"Aspa",0.585418773378382,-0.317768878187903,0.355,0.367,1
"Eif5b",0.58645621990959,-0.346897145247636,0.226,0.267,1
"Bcas1",0.58645621990959,-0.413886653049419,0.226,0.267,1
"Mast2",0.586507975839493,-0.259180886097002,0.194,0.233,1
"Gm16168",0.590305006909269,-0.370369403063006,0.355,0.4,1
"Trafd1",0.590689177329491,-0.308855084645138,0.129,0.167,1
"Olfml1",0.590689177329491,-0.361094602641094,0.129,0.167,1
"Hmgxb3",0.590689177329491,-0.255854626002031,0.129,0.167,1
"Chic1",0.590689177329491,-0.27295796685012,0.129,0.167,1
"Serbp1",0.591340829647312,0.330721247976178,0.323,0.267,1
"Kctd3",0.593104431262266,-0.309920640613403,0.097,0.133,1
"Grin1",0.593104431262266,-0.386889300798122,0.097,0.133,1
"Sh3gl3",0.593104431262266,-0.313332772115454,0.097,0.133,1
"Ust",0.593104431262266,-0.268025541538201,0.097,0.133,1
"Timm13",0.593104431262266,-0.255766532864883,0.097,0.133,1
"Acp1",0.593104431262266,-0.346210499325475,0.097,0.133,1
"Selenop",0.593104431262266,-0.334616287388117,0.097,0.133,1
"Emp2",0.593104431262266,-0.37471187661322,0.097,0.133,1
"Ube2v2",0.59610838486127,0.30810727453633,0.226,0.167,1
"Hook3",0.59661569085284,-0.377901108859163,0.258,0.3,1
"Hs2st1",0.597544427524027,0.292584452520689,0.323,0.267,1
"Arhgap32",0.597544427524027,0.420907601764467,0.323,0.267,1
"Senp7",0.597544427524027,-0.366458153823354,0.29,0.3,1
"Sec61a1",0.598017480887102,-0.440044345838695,0.161,0.2,1
"Caly",0.598017480887102,-0.290298925291368,0.161,0.2,1
"Clec16a",0.598017480887102,-0.27080801213378,0.161,0.2,1
"Tspyl4",0.598997664891469,0.352543419037678,0.194,0.133,1
"Emc10",0.600446317957734,-0.463812730918017,0.194,0.233,1
"Nrg1",0.600446317957734,-0.391414697845856,0.194,0.233,1
"Cx3cr1",0.602960314676762,0.379220780042405,0.29,0.267,1
"Foxp1",0.603792758409882,0.432585439027106,0.258,0.2,1
"Aig1",0.603792758409882,0.26910307416837,0.258,0.2,1
"Myo10",0.604531457328165,0.358222238809079,0.452,0.367,1
"Ggt7",0.606205796030435,-0.343322770548267,0.065,0.1,1
"Prkci",0.606205796030435,-0.254185214999562,0.065,0.1,1
"Lamtor2",0.606205796030435,-0.314339840156922,0.065,0.1,1
"Cd27",0.606205796030435,-0.333890663264889,0.065,0.1,1
"Zfp90",0.606205796030435,-0.282621597940416,0.065,0.1,1
"Zcwpw2",0.606205796030435,-0.307238779423987,0.065,0.1,1
"Gm38642",0.606205796030435,-0.354462350306076,0.065,0.1,1
"Pigs",0.606205796030435,-0.395558141984752,0.065,0.1,1
"Hid1",0.606205796030435,-0.373186554925681,0.065,0.1,1
"Cd200",0.606205796030435,-0.31924083811571,0.065,0.1,1
"Zfp81",0.606205796030435,-0.351253931056772,0.065,0.1,1
"ENSMUSG00000120369",0.606935069158663,-0.250822696071196,0.129,0.167,1
"Ppt1",0.606935069158663,-0.321443935677962,0.129,0.167,1
"Actn4",0.606935069158663,-0.313623138136464,0.129,0.167,1
"Ints10",0.606935069158663,-0.403466979868662,0.129,0.167,1
"Gns",0.606935069158663,-0.552722650399439,0.129,0.167,1
"Coa8",0.606935069158663,-0.409088349409858,0.129,0.167,1
"3830406C13Rik",0.606935069158663,-0.389005962685006,0.129,0.167,1
"Rps6kb2",0.606935069158663,-0.433788060532555,0.129,0.167,1
"4933406I18Rik",0.607461926489912,-0.397627155066588,0.194,0.233,1
"Rnf220",0.607570050208842,-0.448316649405123,0.452,0.3,1
"Sirpa",0.608708148928421,-0.44474768772317,0.355,0.367,1
"Cfh",0.610256520551433,0.273045099383228,0.323,0.3,1
"Pkig",0.610597605240052,0.388683016274028,0.226,0.167,1
"Edf1",0.611258932881592,-0.267989737284891,0.097,0.133,1
"Zfp639",0.611258932881592,-0.347263785043778,0.097,0.133,1
"Mmp16",0.611258932881592,-0.485092868506105,0.097,0.133,1
"Id3",0.611258932881592,-0.332840574785695,0.097,0.133,1
"Fam234b",0.611258932881592,-0.295578792218517,0.097,0.133,1
"Jakmip3",0.611258932881592,-0.264995608229538,0.097,0.133,1
"Rex1bd",0.611258932881592,-0.283988668531881,0.097,0.133,1
"Jrkl",0.611258932881592,-0.294157733836587,0.097,0.133,1
"Cep162",0.611258932881592,-0.350593833525698,0.097,0.133,1
"Lats1",0.611258932881592,-0.293770683930352,0.097,0.133,1
"Csnk1g2",0.611258932881592,-0.265142542681383,0.097,0.133,1
"Usp16",0.611258932881592,-0.291791612397759,0.097,0.133,1
"ENSMUSG00000120362",0.611258932881592,-0.365543236769603,0.097,0.133,1
"Dnajb2",0.613044056974854,-0.415290329208788,0.161,0.2,1
"Atl1",0.613044056974854,-0.278561713006182,0.161,0.2,1
"Lrp4",0.61573973219727,0.342748683234391,0.29,0.267,1
"Kat2b",0.61573973219727,0.311172336909791,0.29,0.267,1
"Cnot4",0.6174459345496,-0.318523904433272,0.484,0.533,1
"Ube3a",0.617651553640739,0.261920416547179,0.452,0.333,1
"Nedd4l",0.619197638769214,0.266212834977891,0.419,0.333,1
"Snrpn",0.619710171461443,0.307241320081235,0.258,0.233,1
"Dmxl1",0.619721513647605,-0.288141827953486,0.516,0.533,1
"Bcas3",0.620390750230871,-0.303891263570762,0.452,0.467,1
"Gm12592",0.620427552678252,0.344389131121032,0.129,0.1,1
"Il15ra",0.620619333730149,0.372111362091173,0.194,0.167,1
"Snrnp48",0.621629714177956,0.343494128411311,0.226,0.2,1
"Mgat4a",0.623377572020859,-0.262137600962881,0.129,0.167,1
"Rbbp4",0.623377572020859,-0.30088369355982,0.129,0.167,1
"Zfp326",0.623377572020859,-0.341340346771273,0.129,0.167,1
"Arpc1a",0.623377572020859,-0.353706651233608,0.129,0.167,1
"Igdcc4",0.623377572020859,-0.256813489106337,0.129,0.167,1
"Eif1b",0.623377572020859,-0.262295766751026,0.129,0.167,1
"Wdr70",0.623377572020859,-0.280378998458337,0.129,0.167,1
"Prrx1",0.625240986944849,0.262272179145997,0.226,0.167,1
"Adgrl1",0.626458422958804,-0.280496260408582,0.226,0.267,1
"Nrip1",0.626458422958804,-0.279249507461812,0.226,0.267,1
"Arl3",0.626458422958804,-0.313198947662816,0.226,0.267,1
"Blzf1",0.627553203109994,-0.3467910108591,0.065,0.1,1
"Usp19",0.628235063990407,-0.268739621200794,0.161,0.2,1
"Rev1",0.628636744119862,0.406983073332496,0.29,0.267,1
"Itgb1",0.628762301251416,-0.314914080976661,0.194,0.233,1
"Ski",0.629655540937822,-0.263928814927964,0.097,0.133,1
"Utp3",0.629655540937822,-0.344860220976069,0.097,0.133,1
"Rhot1",0.629655540937822,-0.291408577202597,0.097,0.133,1
"Bin2",0.629655540937822,-0.42295902049879,0.097,0.133,1
"Idh3b",0.631378330317906,0.296743615057728,0.258,0.2,1
"Ctif",0.634457538470943,-0.304849073835755,0.258,0.267,1
"Runx1",0.635929705895366,0.504402142010378,0.226,0.2,1
"Itsn1",0.638824884934655,-0.284201590398357,0.387,0.433,1
"Rps9",0.638941704691442,0.299587380720377,0.129,0.1,1
"Cox4i1",0.639893717668355,0.447146271321658,0.516,0.433,1
"Mrpl48",0.640009968295755,-0.305923205886381,0.129,0.167,1
"Arhgap42",0.640009968295755,-0.282759034726821,0.129,0.167,1
"Larp4b",0.640009968295755,-0.299196254774407,0.129,0.167,1
"Eci2",0.640033778632124,0.285137516709456,0.226,0.167,1
"Rufy1",0.643131367424998,-0.303381434269883,0.194,0.233,1
"Stub1",0.643131367424998,-0.357939876568243,0.194,0.233,1
"C030018K13Rik",0.645369392196513,0.319814902565278,0.258,0.2,1
"Wdr26",0.646886840691636,-0.329379132666924,0.323,0.333,1
"Ctss",0.646889782540513,0.632257466785256,0.258,0.233,1
"Atp2a2",0.647686153443578,0.258270353936219,0.323,0.3,1
"Ivns1abp",0.647802826112591,0.272493433586541,0.29,0.233,1
"Eif2s2",0.647802826112591,-0.531010956579268,0.258,0.267,1
"Ube2d3",0.648195607808701,-0.285470992274006,0.258,0.3,1
"Hps5",0.648284823626642,-0.387602126822691,0.097,0.133,1
"Hbp1",0.648284823626642,-0.26629538561718,0.097,0.133,1
"Mccc2",0.648284823626642,-0.286300487420428,0.097,0.133,1
"2610507B11Rik",0.648395198674105,0.314339406182045,0.161,0.133,1
"Mbp",0.648862806134939,-0.422946764337451,0.581,0.5,1
"Gnptg",0.649216972373598,-0.296340977489477,0.065,0.1,1
"Abcb4",0.65682525397295,-0.267376129425312,0.129,0.167,1
"Fkbp3",0.65682525397295,-0.393258942705772,0.129,0.167,1
"Elp2",0.65682525397295,-0.275054059929736,0.129,0.167,1
"Gm21954",0.657683650540984,0.315735937237258,0.129,0.1,1
"Ppm1l",0.657683650540984,0.42639637738159,0.129,0.1,1
"Arcn1",0.657683650540984,0.423836192613807,0.129,0.1,1
"Mdm2",0.657683650540984,0.255044106189779,0.129,0.1,1
"Fam117a",0.657683650540984,0.277161784871923,0.129,0.1,1
"Otulin",0.659088922138862,-0.267844435272128,0.161,0.2,1
"Mbnl1",0.659149361178831,-0.352276286611136,0.484,0.5,1
"Pikfyve",0.659487111070867,-0.280461071140334,0.226,0.233,1
"4732471J01Rik",0.661262265875417,-0.281832231982371,0.258,0.267,1
"Wapl",0.661372146327587,-0.260299201851776,0.258,0.3,1
"Dio2",0.662354805910739,0.364604453156855,0.484,0.467,1
"Lpar6",0.665299215307979,0.505225868708492,0.161,0.133,1
"Parl",0.665299215307979,0.262167094328593,0.161,0.133,1
"Las1l",0.666896611852549,0.274152480692654,0.194,0.167,1
"Mat2b",0.667136911816812,-0.378396141194555,0.097,0.133,1
"Srebf2",0.667590850738138,-0.345448626738235,0.226,0.267,1
"Fam184a",0.668653074289886,0.380060794505534,0.387,0.333,1
"Cask",0.668985657145209,-0.355512113120574,0.548,0.5,1
"Micos10",0.670047700249353,0.264873044440825,0.226,0.167,1
"Ikzf1",0.672269033793152,-0.302021259025648,0.194,0.233,1
"Pou2f2",0.676643307916828,0.346119946717394,0.129,0.1,1
"Camk2d",0.680916277653639,-0.352558109537802,0.355,0.367,1
"Mcph1",0.682375096745045,0.353223252509258,0.161,0.133,1
"Rbfox2",0.685258455426764,-0.531034834263096,0.194,0.2,1
"Carnmt1",0.686201513900197,-0.267844129732248,0.097,0.133,1
"Fer",0.690937352911532,-0.282445656206873,0.387,0.367,1
"Gm16337",0.693430761447894,0.289906046764378,0.065,0.1,1
"Ermn",0.694453100861427,0.45822656395555,0.226,0.2,1
"Lurap1",0.695810179958858,0.262853048464839,0.129,0.1,1
"Igf2bp3",0.695810179958858,0.328718057525433,0.129,0.1,1
"Tmeff2",0.700298357483946,0.51034018409461,0.548,0.567,1
"Usp53",0.702287543060916,-0.632797898626208,0.258,0.267,1
"Ssh2",0.703050499389436,-0.431466072934271,0.645,0.533,1
"Ptch1",0.7031903709444,-0.304487957372021,0.387,0.367,1
"Crebrf",0.710146763343301,-0.257389210584651,0.323,0.333,1
"Hps3",0.715173372090214,0.265030903833569,0.129,0.1,1
"Ilk",0.715173372090214,0.292734039755477,0.129,0.1,1
"Cox11",0.715173372090214,0.323669105358279,0.129,0.1,1
"Zdhhc14",0.715520971898103,-0.297963467976121,0.387,0.367,1
"Ltc4s",0.717011471633733,0.415090737714971,0.161,0.133,1
"Cetn3",0.717011471633733,0.295743500361635,0.161,0.133,1
"St6galnac5",0.718199282429279,-0.310562468976174,0.645,0.667,1
"Cep78",0.724459041516077,-0.280009059981541,0.226,0.233,1
"Kdm5b",0.727108824750436,-0.295548714116393,0.29,0.3,1
"Acss1",0.727926242222168,0.315140637265013,0.387,0.367,1
"Tspan9",0.730137075301514,0.271216299209887,0.29,0.233,1
"Rapgef6",0.73078892548488,0.279752909177443,0.387,0.333,1
"A630089N07Rik",0.731640224114855,-0.331696092428092,0.194,0.2,1
"Pbxip1",0.731820002326777,-0.392683177382347,0.226,0.233,1
"Med13l",0.731820002326777,-0.351775122532251,0.226,0.233,1
"A930005H10Rik",0.734555849025484,0.271936882536192,0.161,0.133,1
"Evl",0.734555849025484,0.291391511674453,0.161,0.133,1
"Itgb8",0.734721610120686,0.254251702097901,0.129,0.1,1
"Ly6h",0.734721610120686,0.282005474303527,0.129,0.1,1
"Per3",0.736052025966518,-0.258841815326658,0.323,0.333,1
"Cyrib",0.737674367648504,-0.405607231279422,0.677,0.533,1
"R3hdm2",0.73842017277372,0.499745804612127,0.323,0.3,1
"Tenm3",0.73932260883462,-0.368817521847039,0.516,0.467,1
"Epas1",0.745592835703135,-0.30551918330869,0.161,0.167,1
"Hexa",0.746840399668094,0.52394977896716,0.194,0.167,1
"Nemf",0.747331507344246,-0.258096651633317,0.194,0.2,1
"Ephb1",0.75103589034339,0.293896851645837,0.516,0.467,1
"Smurf2",0.751721636622224,-0.363044800972612,0.323,0.3,1
"Fis1",0.752239881134992,0.302142974879447,0.161,0.133,1
"Fyb",0.752811035848213,-0.422772721970337,0.226,0.267,1
"Cul3",0.755004000555267,-0.363097174209209,0.161,0.2,1
"Cyp2d22",0.760068011685676,-0.252417337515104,0.258,0.233,1
"Tbck",0.767775641743895,-0.255842733514721,0.29,0.3,1
"Rufy3",0.770213034136643,0.25050769260213,0.226,0.2,1
"Csf1r",0.770213034136643,0.257923173321131,0.226,0.2,1
"Rassf2",0.77464490381131,0.254415137170628,0.258,0.233,1
"Mcu",0.776444092272483,-0.314180896238187,0.226,0.233,1
"Sfmbt1",0.776444092272483,0.462692867042041,0.226,0.233,1
"Ccser1",0.779656099119895,0.305771088313045,0.194,0.167,1
"Tut7",0.779656099119895,0.263380013940722,0.194,0.167,1
"Auh",0.779705038535488,-0.554244289441666,0.161,0.167,1
"Kcnma1",0.780562502533477,-0.306221279729385,0.484,0.5,1
"Atpif1",0.785659172772999,0.255630344880494,0.226,0.2,1
"C1qa",0.79205600779043,0.502609770766279,0.323,0.3,1
"Zbed5-ps",0.795013091904831,-0.293078154262862,0.194,0.2,1
"Sorl1",0.795013091904831,-0.253585739169186,0.194,0.2,1
"Cacna2d1",0.795254503222447,-0.272288035000402,0.29,0.3,1
"Fam126b",0.801190160087097,0.285513426213147,0.226,0.2,1
"St3gal6",0.801190160087097,0.28163848478321,0.226,0.2,1
"Gprasp1",0.801261125793591,-0.428860405727032,0.258,0.267,1
"Pantr2",0.804033379191431,-0.440015116433662,0.258,0.233,1
"Sugp2",0.80604255781577,0.319207751189162,0.161,0.133,1
"mt-Cytb",0.814006685543227,0.589022483747468,0.548,0.533,1
"Plekha7",0.815284643006132,-0.390432024375053,0.129,0.133,1
"Serinc5",0.815284643006132,-0.313042729572276,0.129,0.133,1
"Ralgapa1",0.816417581045271,-0.294342130235882,0.484,0.5,1
"Nr6a1",0.818835022319846,-0.268496643066369,0.258,0.233,1
"Pag1",0.820751038795544,0.34482998502117,0.387,0.433,1
"Mgat4c",0.822989745488788,-0.327349909729937,0.29,0.3,1
"Rpl37",0.827244146301793,-0.349782185856855,0.194,0.2,1
"Vcp",0.831658773385221,-0.271750362143107,0.161,0.167,1
"Ank3",0.831896411298619,-0.43564500207219,0.484,0.433,1
"Drg1",0.832954866523272,0.286299359744161,0.323,0.3,1
"Hibch",0.834430229162387,-0.408966357698491,0.129,0.133,1
"Elovl7",0.834430229162387,-0.330730196323617,0.129,0.133,1
"Snu13",0.834819850060762,-0.467297122004144,0.129,0.1,1
"Gpatch2",0.837085161766471,-0.303226672878203,0.226,0.233,1
"Kat6b",0.837085161766471,0.301967690054541,0.226,0.233,1
"Foxo1",0.849153712243897,-0.365620344307489,0.161,0.167,1
"Ehbp1",0.850707361205147,0.289609320105021,0.387,0.4,1
"Lair1",0.850947924760365,0.418837543437347,0.29,0.3,1
"Litaf",0.852413279941317,0.270045616400431,0.226,0.233,1
"Cilk1",0.85367447344764,-0.370373321497443,0.129,0.133,1
"4632427E13Rik",0.858136452957027,-0.314063387750052,0.355,0.333,1
"Spock1",0.860779622226264,-0.352534533141272,0.161,0.133,1
"Basp1",0.873949735264077,-0.269084921281758,0.484,0.4,1
"Dazap1",0.876124569878154,0.290330271885858,0.194,0.2,1
"Atxn2",0.877806772921565,-0.364213353893636,0.419,0.4,1
"Tmem87b",0.877973972999569,-0.253201980142299,0.097,0.1,1
"Mob3b",0.877973972999569,-0.44736800540387,0.097,0.1,1
"Ccz1",0.877973972999569,-0.376745422485223,0.097,0.1,1
"1700111E14Rik",0.877973972999569,-0.382615044832613,0.097,0.1,1
"Gm30606",0.877973972999569,-0.294981778800432,0.097,0.1,1
"Dzip1",0.877973972999569,-0.288281364275222,0.097,0.1,1
"Gm26672",0.877973972999569,-0.261059082981128,0.097,0.1,1
"Mrpl21",0.877973972999569,-0.314458138944273,0.097,0.1,1
"Ccs",0.877973972999569,-0.400448097252838,0.097,0.1,1
"Rps27a",0.879094755363641,-0.251347655353455,0.29,0.3,1
"Wwp1",0.881479659524608,-0.286411106396969,0.387,0.367,1
"Lyn",0.883231633440875,0.514677340449613,0.226,0.233,1
"Timm9",0.884358914568181,-0.298595987848525,0.161,0.167,1
"Fam110b",0.892414040644023,-0.354926873783782,0.129,0.133,1
"Zc3h7a",0.892414040644023,-0.408743128123206,0.129,0.133,1
"Morf4l1",0.893711947691001,0.257698280066466,0.258,0.233,1
"Pcsk1n",0.896844541902179,-0.50175722620509,0.355,0.3,1
"Btbd10",0.897663612563025,-0.277345102023619,0.161,0.133,1
"Fbl",0.900031103992539,-0.326510716191461,0.097,0.1,1
"Zfp707",0.900031103992539,-0.263370389287387,0.097,0.1,1
"Ndufa2",0.900031103992539,-0.329944792770825,0.097,0.1,1
"Snap91",0.911886543531489,-0.308343057469708,0.129,0.133,1
"Sirt2",0.91619402527687,-0.2924193074811,0.161,0.133,1
"Garem1",0.920940558843838,0.256158719628464,0.516,0.533,1
"Agk",0.922165717154619,-0.319185110019669,0.097,0.1,1
"Gm2245",0.922165717154619,-0.25202599736346,0.097,0.1,1
"Plekhh1",0.923969446563212,-0.272033021081332,0.258,0.233,1
"Mdh2",0.925482267920888,0.464018405757994,0.194,0.2,1
"Mgrn1",0.927770256046946,-0.254851489553762,0.226,0.2,1
"Npy",0.92977789955344,-0.33610563978584,0.226,0.233,1
"Sf3b2",0.92977789955344,0.257766029833253,0.226,0.233,1
"Uqcc1",0.931412104801507,-0.309460714763418,0.129,0.133,1
"Sorcs1",0.931552785304625,0.343008019320588,0.226,0.267,1
"Slc17a7",0.934770089892033,-0.344950491682941,0.161,0.133,1
"Hdgfl3",0.934770089892033,-0.374446759120584,0.161,0.133,1
"Tet1",0.937575924119661,0.421770240634325,0.161,0.167,1
"Dbx2",0.939793873963031,-0.323302964564932,0.387,0.333,1
"Fh1",0.94436078235019,0.322166137185452,0.097,0.1,1
"Lrig2",0.94436078235019,-0.269494368632482,0.097,0.1,1
"Orc5",0.94436078235019,0.251255538412181,0.097,0.1,1
"Ndst1",0.94436078235019,0.427120612853013,0.097,0.1,1
"9130019P16Rik",0.950979033633724,-0.372949700507516,0.129,0.133,1
"Mir142hg",0.950979033633724,0.526762703122616,0.129,0.133,1
"Efna5",0.953381739283688,-0.515895757464376,0.161,0.133,1
"Arhgap23",0.954319667761175,-0.301812670526046,0.419,0.367,1
"Dscaml1",0.954337364836103,-0.256522349671648,0.258,0.233,1
"Pfkfb4",0.962820917245285,0.307120019998399,0.258,0.267,1
"Kctd12",0.966599128625703,0.342930387309162,0.097,0.1,1
"Ccp110",0.969549002816983,-0.302773873554046,0.258,0.233,1
"Kpna1",0.970575564372703,0.288810006569693,0.129,0.133,1
"Sec61a2",0.975894107597806,-0.32524759042235,0.226,0.2,1
"Gm35552",0.975894107597806,-0.417467766763164,0.226,0.2,1
"Unc93b1",0.976565702969959,0.458353683433135,0.226,0.233,1
"Fam193a",0.980413974926495,0.26951676446169,0.387,0.4,1
"Galnt7",0.988863484050403,0.332996975667827,0.097,0.1,1
"ENSMUSG00000120023",1,0.411831108301076,0.129,0.133,1
"Ubac2",1,-0.282751400105941,0.194,0.2,1
