"","p_val","avg_log2FC","pct.1","pct.2","p_val_adj"
"Nol4",2.7370845693839e-06,-1.75053829584362,0.279,0.724,0.0954339276807083
"Meis2",6.37943661127298e-06,-1.44312100546941,0.395,0.862,0.222431816325255
"Nrxn3",0.000200179884609262,-1.06541143253014,0.791,0.948,1
"Gm3764",0.000217202757472451,-1.8552292655453,0.093,0.431,1
"Cst3",0.000274853899023833,1.06867580739454,0.814,0.5,1
"Auts2",0.000407426225237723,-0.831489732521183,0.721,0.914,1
"Grin2b",0.000478588456680974,1.17624950702497,0.674,0.466,1
"Gm16351",0.000896006133118302,-1.68917692743983,0.047,0.31,1
"Dnaaf9",0.000953141471085663,-1.21340409995249,0.14,0.466,1
"Dclk2",0.00128255651558845,-1.53484581156391,0.186,0.448,1
"Prpf4b",0.00139031590599588,-1.05621309166195,0.302,0.603,1
"Mpped2",0.0015104987688638,-1.50531136925017,0.209,0.5,1
"2610307P16Rik",0.00168098311803248,-1.60149021989202,0.093,0.379,1
"Zbtb20",0.00173342722155373,-1.19850122428946,0.535,0.741,1
"Arid1a",0.00218338380853662,-1.26980282125069,0.116,0.379,1
"Serinc3",0.00243717298774762,1.06199687401315,0.279,0.052,1
"C130071C03Rik",0.00250831801064823,-0.897346433566014,0.349,0.621,1
"Trim2",0.00252733743597034,-1.02858715788428,0.302,0.552,1
"Robo2",0.00259626171126075,-0.92165506909704,0.535,0.793,1
"Man1a2",0.00260282782748612,1.28688342425509,0.372,0.121,1
"Spock3",0.00296349720064532,1.80144194636434,0.419,0.155,1
"Nedd4l",0.0031155499116909,-1.76114516780111,0.07,0.293,1
"Bicd1",0.00312653020557099,-1.48282129960827,0.093,0.328,1
"Hras",0.00323279500113525,1.3218711667469,0.279,0.069,1
"Astn1",0.00323802329641321,-1.10556763405117,0.326,0.586,1
"Wasl",0.00336193113084821,-1.46768382102582,0.023,0.224,1
"Ap2a2",0.0033632719390119,1.15548122165961,0.186,0.017,1
"Csnk2b",0.0033632719390119,1.23970133045393,0.186,0.017,1
"Nfia",0.00349683828634643,-1.17748291843209,0.14,0.414,1
"Gm17750",0.00361796692801566,-1.442403855412,0.023,0.224,1
"Mrps15",0.00363082531822908,1.3345413125227,0.14,0,1
"2210408F21Rik",0.00363082531822908,0.947545411865333,0.14,0,1
"Tbc1d10b",0.00363082531822908,1.36153975578803,0.14,0,1
"Abcb5",0.00363082531822908,1.05453304030201,0.14,0,1
"Uqcc2",0.00363082531822908,1.11303284430457,0.14,0,1
"Nlk",0.00369245285406241,-1.15408595407448,0.14,0.414,1
"Peg3",0.00377890928674798,1.30499719243926,0.349,0.121,1
"Foxp2",0.00389161606917778,-2.24646030587021,0.023,0.224,1
"Cox8a",0.00399140348694558,1.08531097342383,0.535,0.276,1
"Ctsb",0.00401297391386837,1.44279467611681,0.326,0.103,1
"Mbnl1",0.00401688047697214,1.12475589788296,0.186,0.017,1
"Slc25a3",0.00402706224491545,1.52477118274521,0.372,0.138,1
"Usp48",0.00414029657777984,1.1830958074194,0.326,0.103,1
"Otulin",0.00447523774821689,-1.14485895931099,0,0.172,1
"Pbx1",0.00475093493298472,-0.795139497566393,0.465,0.741,1
"Adra1a",0.00510400817039422,1.5071840320017,0.209,0.034,1
"Rpl17",0.00556297828133657,0.773345051313946,0.256,0.052,1
"Foxn3",0.00558249978140124,-0.892032755918597,0.279,0.586,1
"Wdpcp",0.00573966705038873,0.978104346852134,0.209,0.034,1
"Selenot",0.00595630135349359,0.884061444682667,0.279,0.069,1
"Gapdh",0.00613435146111032,0.836814591844772,0.651,0.431,1
"Mir9-3hg",0.00623927572898966,-1.27245163026501,0.07,0.276,1
"Gm4258",0.00647685178018395,-1.48010436180575,0.233,0.448,1
"Gng2",0.00721374244731353,-1.3004667145697,0.093,0.31,1
"Atp6v1f",0.00733367682069117,1.40364100776865,0.256,0.069,1
"Ldhb",0.00763517686700518,0.950041004737688,0.349,0.121,1
"Asns",0.00777076642916369,1.33932747266568,0.163,0.017,1
"Strn4",0.00777076642916369,1.17243109226845,0.163,0.017,1
"Sox2ot",0.00780235047829081,-1.03982089072068,0.488,0.759,1
"Chd6",0.00784280880059288,-1.0521566459949,0.186,0.414,1
"Pign",0.00828376703919767,0.720056666487374,0.116,0,1
"Chp1",0.00828376703919767,0.994396050908369,0.116,0,1
"Mrps25",0.00828376703919767,1.04945008244349,0.116,0,1
"Nat14",0.00828376703919767,0.81944314477278,0.116,0,1
"Nr2f2",0.00828376703919767,0.823027555005552,0.116,0,1
"Ctbp2",0.00828376703919767,0.839933331663083,0.116,0,1
"Aktip",0.00828376703919767,0.769371193740928,0.116,0,1
"Phactr2",0.00828376703919767,0.6385999643059,0.116,0,1
"Ndufaf8",0.00828376703919767,0.980302717885138,0.116,0,1
"Mrpl36",0.00828376703919767,1.00217305391813,0.116,0,1
"ENSMUSG00000120285",0.00828376703919767,1.03809683442423,0.116,0,1
"Gm1976",0.00828376703919767,0.771514742198254,0.116,0,1
"Sema6a",0.00828376703919767,0.779825431002847,0.116,0,1
"Tceal1",0.00828376703919767,1.15985798155527,0.116,0,1
"Fem1b",0.00847492824016387,1.04164177871875,0.163,0.017,1
"Zfp704",0.00848719064829889,-1.60567704745084,0.14,0.345,1
"Ptgds",0.00888437899202281,1.0483081633808,0.558,0.328,1
"Rps3a1",0.00919299034016592,1.07364728814689,0.326,0.121,1
"Agrn",0.00939851459601369,-1.07758750999755,0.023,0.19,1
"Tnpo3",0.00965113291653137,-1.04335110939476,0.047,0.241,1
"Rack1",0.00995114857641125,1.20200023502456,0.186,0.034,1
"Prpf8",0.0100890230387124,-1.21531086345963,0.023,0.19,1
"Gpatch8",0.0102081138054126,-0.836277412724945,0.256,0.517,1
"Akap6",0.0103174377145856,-0.964706203946787,0.395,0.603,1
"Zmat2",0.0103393029114051,1.45108482446801,0.186,0.034,1
"Nsd1",0.0105380914708699,-0.98373953612341,0.256,0.483,1
"Dscaml1",0.0106944970216688,-0.955631719193406,0.302,0.552,1
"Timm17a",0.0107408739097066,0.939233287519499,0.186,0.034,1
"Cttnbp2",0.010837418488176,-1.21428127675284,0.186,0.397,1
"Tmpo",0.0112095784096767,-1.19762204566884,0.023,0.19,1
"Dlx6os1",0.011275536856818,-1.13837436213785,0.512,0.707,1
"Cdk13",0.0116069349937407,-1.03946978782486,0.023,0.19,1
"Park7",0.0117034428324607,1.54427986622787,0.233,0.069,1
"Pitpnb",0.0118961030521651,-1.14193214398924,0,0.138,1
"Man2c1os",0.0118961030521651,-0.968146000528551,0,0.138,1
"Supv3l1",0.0118961030521651,-1.10609070642243,0,0.138,1
"Npc2",0.0118961030521651,-0.907445618833888,0,0.138,1
"Stimate",0.0118961030521651,-1.11248296647221,0,0.138,1
"Rnps1",0.0118961030521651,-0.977687071981688,0,0.138,1
"Nhlrc2",0.0118961030521651,-0.807345583775636,0,0.138,1
"Cox6c",0.0120293881901443,0.894282871301758,0.419,0.19,1
"Uchl1",0.0121450441200775,-1.25765554878624,0.116,0.328,1
"Atp2a2",0.0123629786230538,1.07418237587226,0.465,0.241,1
"Chd4",0.0128662529340876,-0.606233258450734,0.093,0.328,1
"Peli1",0.0128750075244352,-0.88374219185632,0.023,0.19,1
"Vdac1",0.0129081354434755,1.39011587633894,0.279,0.103,1
"Lmbr1",0.012963956047714,1.03636747956734,0.186,0.034,1
"Rnf7",0.012963956047714,1.03743176439943,0.186,0.034,1
"Lrp8",0.0132864108347245,-1.30413397856319,0.07,0.259,1
"Ccnd2",0.0132864108347245,-1.57128930395859,0.07,0.259,1
"Rps25",0.013315023065939,1.2260425942301,0.233,0.069,1
"Sdk2",0.0133264688909895,-1.733764544925,0.14,0.328,1
"Fndc3a",0.013382562044494,0.902167276342049,0.349,0.138,1
"1110004F10Rik",0.0133980515911487,1.00914428980709,0.302,0.103,1
"Dleu2",0.0134141760727397,-1.03090014555672,0.163,0.379,1
"Grm5",0.0134425619126991,1.2367953114158,0.465,0.224,1
"Rnf169",0.0140724709474513,-1.12043466252257,0.07,0.259,1
"Nme7",0.014073163618245,1.0922176978354,0.395,0.207,1
"Cracd",0.0142354577070606,-1.10969403893693,0.14,0.362,1
"Msi2",0.0144165855921209,-0.874983734415521,0.419,0.638,1
"Ndufa11",0.0144889510889311,0.86602923795191,0.279,0.086,1
"Mob3b",0.0145822121930671,-0.998821658271331,0.047,0.224,1
"Macf1",0.014648661857308,-0.611219178581063,0.372,0.621,1
"Thoc2l",0.0147557276562421,1.33010147960527,0.209,0.052,1
"Zfp292",0.0148742548705845,-0.466733883430654,0.14,0.345,1
"Supt6",0.015262177768236,0.906356208644592,0.209,0.052,1
"Nasp",0.0155466035764459,-1.02672170366842,0.023,0.172,1
"Lnpk",0.0155820332535606,-1.1576035276736,0.07,0.241,1
"Gid4",0.015611191985015,0.918668106371491,0.14,0.017,1
"Rps10",0.015611191985015,1.6916068100127,0.14,0.017,1
"Rorb",0.0157838698779345,1.17078236003523,0.209,0.052,1
"Dnajc2",0.0162931640765396,1.00577379895574,0.14,0.017,1
"Srp9",0.0163211824354513,0.947572703673911,0.209,0.052,1
"Srsf7",0.016409548358933,-1.09139837937366,0.14,0.345,1
"Npy",0.0165269401817878,1.83507929409582,0.512,0.293,1
"Rubcn",0.0166662659927389,-1.01689203738649,0.023,0.172,1
"Sgip1",0.016782442217575,-0.835996396165382,0.302,0.517,1
"Pantr1",0.0172521986147994,-1.19880277359957,0.023,0.172,1
"Gm11149",0.0176078028298415,-1.16222911686808,0.093,0.276,1
"Pnpla6",0.0177360449085199,1.06548253221212,0.14,0.017,1
"Use1",0.0177360449085199,0.815941252671281,0.14,0.017,1
"Gnptab",0.0177360449085199,0.923678549623879,0.14,0.017,1
"Map2",0.0184717280409224,-0.677585781311365,0.535,0.707,1
"Med12l",0.0184986022390269,0.896852610637543,0.14,0.017,1
"Grik1",0.0187558638674567,1.23528719087509,0.256,0.086,1
"Arf1",0.0188002519841143,1.08069366668541,0.233,0.069,1
"Pak1",0.0191724519021857,1.0750824969231,0.279,0.103,1
"Gm38505",0.0192350254190505,-1.29157336171766,0.419,0.569,1
"Nbas",0.0192557604916024,0.705696830524351,0.209,0.052,1
"Hibch",0.0192896993132479,0.700031968908312,0.14,0.017,1
"Ier5",0.0192896993132479,0.803929288803491,0.14,0.017,1
"Taf3",0.0192896993132479,-1.05817007189345,0,0.121,1
"Mvb12b",0.0192896993132479,-0.885192569820873,0,0.121,1
"Pou3f2",0.0192896993132479,-0.885499974182346,0,0.121,1
"Maea",0.0192896993132479,-1.02910239839146,0,0.121,1
"Zcchc8",0.0192896993132479,-1.00632960592231,0,0.121,1
"Mphosph9",0.0192896993132479,-0.726506414541011,0,0.121,1
"Sfxn5",0.0192896993132479,-1.13622095970888,0,0.121,1
"Ric3",0.0192896993132479,-0.647407724923876,0,0.121,1
"Mical2",0.0192896993132479,0.783746790301961,0.14,0.017,1
"Alkbh8",0.0192896993132479,-1.00397064203012,0,0.121,1
"Hdac2",0.0192896993132479,-0.764944428594547,0,0.121,1
"Rpl23a",0.0192896993132479,-1.10295846523358,0,0.121,1
"Ap4s1",0.0192896993132479,-0.99884123673893,0,0.121,1
"Dlst",0.0192896993132479,-0.861209627447949,0,0.121,1
"Ndufs8",0.0192896993132479,0.694498798356783,0.14,0.017,1
"Cd99l2",0.0192896993132479,-0.761183053141206,0,0.121,1
"Dock7",0.0195842445378574,-1.00548277501824,0.209,0.397,1
"Rnf13",0.0197803950030893,-1.05012744832932,0.023,0.172,1
"Galnt13",0.0199864425922047,-1.49548667562316,0.047,0.207,1
"Cct3",0.020256079816422,0.994911550131571,0.279,0.103,1
"Ppp3cb",0.0206430136445415,0.605428690680198,0.349,0.138,1
"Cfl2",0.0209174301713488,0.891262965320911,0.233,0.069,1
"Spag9",0.0213615899451824,-0.772147749125687,0.326,0.517,1
"Vps13c",0.0216577593633484,0.971117687167018,0.256,0.086,1
"Ilkap",0.0222437931485371,1.05707909385591,0.163,0.034,1
"Cct2",0.0222437931485371,1.20127937349694,0.163,0.034,1
"Plxna4",0.022325780701224,-0.963795754226715,0.256,0.466,1
"Zfp280c",0.0225561081568517,-0.793290408557541,0.047,0.207,1
"Hprt",0.0226414294456497,0.608745444733881,0.209,0.052,1
"Ccdc50",0.0229236525208924,-1.35381399235154,0.07,0.224,1
"Pcdh9",0.0229973039854828,-0.482480768628607,0.651,0.828,1
"Mboat2",0.0232417270041833,-0.880081826244939,0.047,0.207,1
"Mprip",0.0234587916640901,-0.65263937275181,0.093,0.293,1
"Nnat",0.0234748587892425,0.304910456214885,0.14,0.345,1
"Mef2a",0.0238337213293496,0.876828459202179,0.279,0.103,1
"Fars2",0.0242171168934106,0.86713658596308,0.326,0.155,1
"Smyd3",0.0245581995048844,-0.946255737635075,0.14,0.328,1
"Nfib",0.0245713605366236,-0.646053627171488,0.442,0.655,1
"Pcdh7",0.0246717483941735,-0.941155066899946,0.302,0.517,1
"Bmyc",0.0248011684430184,1.14242683501247,0.163,0.034,1
"Atp6v1d",0.0251423406324784,1.11397870255307,0.279,0.103,1
"Smarcad1",0.0254082372484845,-0.725962617261471,0.047,0.207,1
"Cdin1",0.0255509812092558,-1.11537842684242,0.023,0.155,1
"Slc2a3",0.0255509812092558,-0.806199148870363,0.023,0.155,1
"Sox6",0.0255509812092558,-1.31875953574271,0.023,0.155,1
"Mapk8ip1",0.0257084358197557,0.7685271232253,0.163,0.034,1
"Ubxn2a",0.0257084358197557,0.887986173911437,0.163,0.034,1
"Tmtc4",0.0264379792419372,-1.10789111940914,0.023,0.155,1
"Ezh2",0.0264848358259124,-1.14476039221349,0.047,0.19,1
"Ccdc88a",0.0266254933711343,-0.942690792379778,0.326,0.534,1
"Rnf6",0.0266442686318242,0.924217987308099,0.163,0.034,1
"Ift88",0.0266442686318242,0.619397529196161,0.163,0.034,1
"Scaf8",0.0266819828988919,-1.12064262095614,0.093,0.259,1
"Rpl32",0.0269237737779141,1.23046482599784,0.302,0.138,1
"Foxj3",0.0271143610221311,-0.997472190822893,0.07,0.224,1
"Cacna1e",0.0271165707737701,1.11388224509307,0.186,0.052,1
"Fam78b",0.0272983842679644,-1.0627284699208,0.047,0.19,1
"Plppr3",0.0272983842679644,-1.01582010993447,0.047,0.19,1
"Tox3",0.0273514561694219,-1.2070822465523,0.023,0.155,1
"Slmap",0.0276075278029906,0.813197318682194,0.163,0.034,1
"Uqcrb",0.0276093798421738,0.977630761326847,0.163,0.034,1
"Miat",0.0281334060314804,-1.41779310237333,0.047,0.19,1
"Sorbs1",0.0281643715412366,0.935799115384989,0.349,0.155,1
"Trim62",0.0282920372527688,-0.993529702277304,0.023,0.155,1
"Ssh2",0.028584524182972,-0.687160257670151,0.186,0.379,1
"Psmb5",0.0289302813003475,1.13678676711224,0.186,0.052,1
"Cadm1",0.0292059210906809,0.567183645121568,0.395,0.19,1
"Ndufa13",0.0295282367613112,0.701871345700913,0.302,0.121,1
"Amy1",0.0295457339586891,0.949848664211401,0.233,0.086,1
"Tcf12",0.0298599919735015,-0.666999267602037,0.349,0.569,1
"Hsd17b12",0.0298756545151566,1.1083772366568,0.186,0.052,1
"Bcas2",0.0298756545151566,1.02226224580716,0.186,0.052,1
"Iffo1",0.0302570573166182,-0.940453825211827,0.023,0.155,1
"Dlx1as",0.0302621100142938,-1.18414226479175,0.07,0.224,1
"Ndufa4",0.0308647167615693,1.06705679943464,0.442,0.259,1
"Atp5o",0.0309569462716928,-0.57381316426746,0.14,0.328,1
"Prkca",0.0310175882880226,0.827723922180172,0.279,0.103,1
"Gm29260",0.0312254326044589,-1.16222288915565,0,0.103,1
"Ercc5",0.0312254326044589,-0.936782414899371,0,0.103,1
"Zfp281",0.0312254326044589,-0.570959794273914,0,0.103,1
"Gm37124",0.0312254326044589,-0.823087422603676,0,0.103,1
"Mfap1a",0.0312254326044589,-0.783035048694582,0,0.103,1
"2610316D01Rik",0.0312254326044589,-0.719865237469207,0,0.103,1
"Sh3d19",0.0312254326044589,-0.879102717546619,0,0.103,1
"Trim46",0.0312254326044589,-1.23390002342614,0,0.103,1
"Casp8ap2",0.0312254326044589,-0.832005312087404,0,0.103,1
"Kpna6",0.0312254326044589,-0.824073036539455,0,0.103,1
"Hmgn2",0.0312254326044589,-0.777166296443204,0,0.103,1
"Mpv17",0.0312254326044589,-0.91194026976851,0,0.103,1
"Msi1",0.0312254326044589,-0.736028959020034,0,0.103,1
"Iqce",0.0312254326044589,-0.791276310863274,0,0.103,1
"Jazf1",0.0312254326044589,-0.960115397355476,0,0.103,1
"Bms1",0.0312254326044589,-0.797565062941374,0,0.103,1
"Unc13a",0.0312254326044589,-0.886889595524001,0,0.103,1
"Dcps",0.0312254326044589,-0.680689981520253,0,0.103,1
"Pde7b",0.0312254326044589,-1.06921294432453,0,0.103,1
"Cops3",0.0312254326044589,-1.00345519948342,0,0.103,1
"Gm11508",0.0312254326044589,-0.911901341075519,0,0.103,1
"Sypl",0.0312254326044589,-0.733472876511829,0,0.103,1
"Fntb",0.0312254326044589,-0.624163940785455,0,0.103,1
"Ncapg2",0.0312254326044589,-0.993034226202717,0,0.103,1
"Cenpp",0.0312254326044589,-1.0652218614114,0,0.103,1
"Mrps16",0.0312254326044589,-0.912061694274904,0,0.103,1
"Prpf40b",0.0312254326044589,-0.782290392036056,0,0.103,1
"E4f1",0.0312254326044589,-0.660601084262583,0,0.103,1
"Rnf138",0.0312254326044589,-0.798331348516729,0,0.103,1
"Adgrl1",0.0316972570840063,-1.00118287067356,0.047,0.19,1
"Nudt5",0.0318462912031251,0.927222828335147,0.186,0.052,1
"Ppm1l",0.0319657640899821,-1.09166375383161,0.116,0.276,1
"Tm9sf3",0.0321688616621286,1.32917420629304,0.209,0.069,1
"Zswim6",0.0322362264373789,-1.22218556006641,0.186,0.362,1
"Rapgef2",0.0327159357776888,-0.823400431491416,0.093,0.259,1
"Ccnc",0.0328727183217327,0.937062256173843,0.186,0.052,1
"Ppp4r2",0.0334240071091939,-0.856848737651478,0.023,0.155,1
"Gars",0.0337188491278267,-0.901912632449679,0.07,0.224,1
"Rps27",0.0339273390310586,0.777429317657828,0.186,0.052,1
"Rars2",0.0339273390310586,0.674788228996759,0.186,0.052,1
"Syn2",0.0340925684522617,0.661631736039495,0.488,0.31,1
"G630016G05Rik",0.0345408357776214,-0.616410579972395,0.023,0.155,1
"Ppia",0.0347098042926925,0.743294982128577,0.605,0.466,1
"Baz2b",0.0347677688680449,-0.874736898668514,0.163,0.362,1
"Srsf10",0.0350504321978107,-0.790456747357155,0.14,0.328,1
"Rpl13",0.0353642678065596,0.942432421988867,0.395,0.224,1
"Spg11",0.0353875496602833,0.800126668787841,0.116,0.017,1
"Ndnf",0.0353875496602833,1.47824260003597,0.116,0.017,1
"Vrk1",0.0353875496602833,0.722457195489279,0.116,0.017,1
"Mrps36",0.0353875496602833,0.927390803684178,0.116,0.017,1
"Rps12",0.0361235667865518,1.06227154786618,0.186,0.052,1
"Pds5a",0.0365281267972139,-0.824357035886056,0.07,0.224,1
"Psme1",0.0368762447294489,0.779128315993823,0.116,0.017,1
"Ubxn1",0.0368762447294489,0.879430268959459,0.116,0.017,1
"Fam169a",0.0383133992720608,0.837765078569167,0.209,0.069,1
"Grb14",0.0384179483079385,1.11714389202641,0.116,0.017,1
"Dhcr24",0.0384179483079385,1.00129964225289,0.116,0.017,1
"Nipsnap1",0.0384179483079385,0.94122390980582,0.116,0.017,1
"Nrgn",0.0386266565455896,0.70979875172539,0.651,0.483,1
"Rtn1",0.0387257220150682,0.538989296505737,0.791,0.638,1
"Slc44a5",0.0388677430669509,-0.97758944157213,0.047,0.19,1
"Megf9",0.0393741067465529,-0.57363747353862,0.07,0.241,1
"Ppib",0.0394288858697838,0.692760140750458,0.209,0.069,1
"Swt1",0.0395344226698937,-0.847207318127382,0.07,0.224,1
"Chmp4b",0.0396445754377184,0.78556457403897,0.186,0.052,1
"H3f3a",0.0396920384110328,-0.706261623200748,0.14,0.31,1
"Gm20275",0.0396920384110328,-0.840859422275278,0.14,0.31,1
"Cx3cl1",0.0399759025155263,0.890086168906556,0.233,0.086,1
"Cyld",0.0399968912864149,-0.882457291419708,0.047,0.19,1
"Zmiz1",0.0399968912864149,-0.690446411913111,0.047,0.19,1
"Gpd2",0.0400140992617485,0.515574740163196,0.116,0.017,1
"Tmem127",0.0400140992617485,0.869499272886029,0.116,0.017,1
"Synj2bp",0.0400140992617485,0.720850065725365,0.116,0.017,1
"Cd200",0.0400140992617485,0.901242333554956,0.116,0.017,1
"Ncam1",0.0402442988219581,-0.693180693971593,0.535,0.638,1
"Ptpn12",0.040516271503187,-1.10519555830454,0.07,0.207,1
"Sox4",0.0405594080921898,-0.90749713327399,0.116,0.276,1
"Lonrf2",0.0405718232196217,0.861356544082611,0.209,0.069,1
"Sik2",0.0405718232196217,0.704440750785731,0.209,0.069,1
"Pfdn5",0.0405718232196217,0.959195626968681,0.209,0.069,1
"Upf2",0.0409931133195229,-0.927748090201446,0.093,0.241,1
"Sec63",0.0416156029214802,-1.05993839029849,0.07,0.207,1
"Slc25a11",0.0416661561338333,0.657274651123293,0.116,0.017,1
"Fam193b",0.0416661561338333,0.668771319059301,0.116,0.017,1
"Pvt1",0.0416661561338333,0.630736344014025,0.116,0.017,1
"Mid2",0.0416661561338333,0.546787648604589,0.116,0.017,1
"Psmd12",0.0417427237128555,0.765513938371889,0.209,0.069,1
"Akirin1",0.0417483942573763,-0.944854739711212,0.023,0.138,1
"Sarnp",0.0417483942573763,-0.980680790016091,0.023,0.138,1
"Ubb",0.0423373014054085,0.529147667036813,0.535,0.328,1
"Wdfy3",0.0424247253018038,-0.813350614010561,0.14,0.31,1
"Elp4",0.0427481748609441,-1.01372506447482,0.07,0.224,1
"Rhoa",0.0429421043906903,0.986264919499955,0.209,0.069,1
"Txndc9",0.0431637719387073,-0.935041529385319,0.023,0.138,1
"Tubgcp3",0.0431637719387073,-0.815654975176755,0.023,0.138,1
"Mtif2",0.0431637719387073,-0.961613027968669,0.023,0.138,1
"Rnf217",0.043375596585141,0.373067377020361,0.116,0.017,1
"Tspyl1",0.043375596585141,0.542554246948781,0.116,0.017,1
"Psmb3",0.043375596585141,0.543241939310931,0.116,0.017,1
"Dcakd",0.043375596585141,0.495336544423084,0.116,0.017,1
"Cyp46a1",0.043375596585141,0.664799987220563,0.116,0.017,1
"Cxcl14",0.043375596585141,0.370208875157654,0.116,0.017,1
"Maoa",0.043375596585141,0.5171734122324,0.116,0.017,1
"Pacs1",0.043890149323997,-0.898920761019264,0.07,0.207,1
"Selenoi",0.0446194894109041,-0.773817796989747,0.023,0.138,1
"Wipi2",0.0446194894109041,-0.89004693157021,0.023,0.138,1
"Nagk",0.0446194894109041,-0.883327622855122,0.023,0.138,1
"Cdca7l",0.0446194894109041,-1.0798733968808,0.023,0.138,1
"Gapvd1",0.0446896756829588,0.839891219177255,0.256,0.103,1
"Pgrmc1",0.0446896756829588,0.817883937751171,0.256,0.103,1
"Evl",0.044795717938239,-0.708151083471138,0.047,0.19,1
"Tmcc1",0.0450982280690847,-1.1025981551022,0.256,0.397,1
"Rtl8a",0.0452951706618009,0.964612255610793,0.14,0.034,1
"Clstn2",0.0460140507465982,1.41837859306704,0.372,0.224,1
"Lmo4",0.0461024592842288,1.09202524392104,0.326,0.19,1
"Gm37298",0.0461164072526253,-0.820680883471111,0.023,0.138,1
"Iars",0.0461164072526253,-0.863801038182694,0.023,0.138,1
"Ndufv1",0.0461164072526253,-0.961355620135646,0.023,0.138,1
"Pigk",0.0467200520760962,1.11059267001693,0.279,0.138,1
"Kit",0.0468961403871007,1.26381266827189,0.14,0.034,1
"Rab3a",0.0474256592200872,0.908528313360017,0.326,0.155,1
"Odf2",0.0476553942601281,-0.754718568906642,0.023,0.138,1
"Baz1b",0.0476553942601281,-0.768290824136731,0.023,0.138,1
"Ap2s1",0.0476553942601281,-0.86987364713618,0.023,0.138,1
"Apoe",0.0481443098135206,0.645373516403565,0.419,0.224,1
"Mast2",0.0483692597959604,-0.829894987566368,0.14,0.31,1
"Actr1b",0.0485444556791387,1.09423814448996,0.14,0.034,1
"Psmd11",0.0485444556791387,0.825443597511748,0.14,0.034,1
"Ccdc47",0.0485444556791387,0.890329716609086,0.14,0.034,1
"Srsf11",0.0486362230734595,-0.818140465914707,0.186,0.345,1
"Hsp90aa1",0.0486717868064631,1.1216778798683,0.558,0.414,1
"Tmem59",0.0487765056013282,0.712344942300003,0.302,0.138,1
"Hk1",0.0492373271686022,-0.659797575838051,0.023,0.138,1
"Cnot2",0.0498512710029778,-0.880599853917012,0.093,0.241,1
"Peli2",0.0499793202738725,-1.2490677886066,0.093,0.224,1
"Josd2",0.0502411517155018,0.97976295013119,0.14,0.034,1
"Samd12",0.0503136146289091,0.968363117451429,0.349,0.19,1
"Kcnj9",0.0506212977228425,0.999883923737365,0.163,0.052,1
"Pik3c2a",0.0508630903594544,-0.824173356845389,0.023,0.138,1
"Spast",0.0512436953570617,-1.0223149858719,0.047,0.172,1
"8030462N17Rik",0.0512436953570617,-0.96402830693954,0.047,0.172,1
"Farsb",0.0519872729426851,0.914918999304239,0.14,0.034,1
"Swi5",0.0519872729426851,0.879708020803309,0.14,0.034,1
"Lekr1",0.0519872729426851,0.997113713313496,0.14,0.034,1
"Fam219a",0.0519872729426851,0.641052369165702,0.14,0.034,1
"Psmb6",0.0519872729426851,0.929331066385493,0.14,0.034,1
"Mblac2",0.0519872729426851,0.860773374349082,0.14,0.034,1
"Sqstm1",0.0522068471127429,1.19537603824258,0.163,0.052,1
"Cops4",0.0525335755534366,-1.09828736578114,0.023,0.138,1
"Med13l",0.0525335755534366,-0.5645958642072,0.023,0.138,1
"Snx29",0.052694076662878,-0.845596209761153,0.07,0.207,1
"Cblb",0.0527195323770997,-0.89196946791736,0.047,0.172,1
"Dner",0.0529343488412765,1.01517448023794,0.302,0.155,1
"Brd4",0.0537838726634503,0.606958269090976,0.14,0.034,1
"Prepl",0.0537838726634503,0.68861154336417,0.14,0.034,1
"Phax",0.0537838726634503,0.756025881134488,0.14,0.034,1
"Dennd10",0.0537838726634503,0.813813816606651,0.14,0.034,1
"Ints10",0.0542307291416946,-0.753888981081953,0.047,0.172,1
"Ube4b",0.0542496814895247,-0.612569299005292,0.023,0.138,1
"Pcyt2",0.0542496814895247,-0.3467085236048,0.023,0.138,1
"Pfn2",0.0548506863969599,-0.93564924876177,0.093,0.241,1
"Tra2b",0.0548909491644036,-1.0222848461319,0.116,0.259,1
"Gpi1",0.0555026939347066,0.766117028517896,0.163,0.052,1
"Snx13",0.0555026939347066,1.14786094043203,0.163,0.052,1
"Pptc7",0.0556320126044361,0.610363101105832,0.14,0.034,1
"Uqcrc1",0.0556320126044361,0.810504387108292,0.14,0.034,1
"Timp2",0.0556320126044361,0.868201691272033,0.14,0.034,1
"Mctp1",0.0556320126044361,0.863712428732084,0.14,0.034,1
"Fbrsl1",0.0557779017063344,-0.682359594184373,0.047,0.172,1
"Acadsb",0.0557779017063344,-0.881359495426853,0.047,0.172,1
"Ei24",0.0557779017063344,-0.815460543804006,0.047,0.172,1
"Eid1",0.0562634084161787,-0.286001209423178,0.163,0.345,1
"Abcc5",0.0570722108810714,-0.621964256032043,0.116,0.276,1
"Rbmxl1",0.0572145642075061,0.839788295732506,0.163,0.052,1
"Suco",0.0573616699172338,-0.727153690584488,0.047,0.172,1
"Sp4",0.0573616699172338,-0.735883413802276,0.047,0.172,1
"Rabgap1",0.0574105136930843,-0.584867451412398,0.163,0.345,1
"Rplp0",0.0575327624639189,0.605255279167187,0.14,0.034,1
"Lsm7",0.0575327624639189,0.708740535439657,0.14,0.034,1
"Rps6ka5",0.0575327624639189,0.827583883724537,0.14,0.034,1
"Cab39l",0.0575327624639189,0.363141203610002,0.14,0.034,1
"Phf21a",0.0580837660640433,-0.735528195864295,0.233,0.397,1
"Tulp4",0.0583480111396783,-0.643329847148576,0.116,0.276,1
"Trim33",0.0583566987423687,-0.964139644787722,0.07,0.207,1
"Tiam2",0.0588964104626139,-0.894279421054592,0.14,0.293,1
"Immp1l",0.0589321478704185,-0.678197816685695,0.256,0.414,1
"Stk25",0.0589701228414574,0.914762650724764,0.163,0.052,1
"Nrip3",0.0589701228414574,1.02238363692849,0.163,0.052,1
"Zswim5",0.0589826572202493,-0.564928646927384,0.047,0.172,1
"Bri3",0.0589826572202493,-0.660742827304046,0.047,0.172,1
"Inpp5a",0.0594871994396457,0.670366471876302,0.14,0.034,1
"Spns2",0.0594871994396457,0.754583054967018,0.14,0.034,1
"Ngly1",0.0594871994396457,0.646616027186969,0.14,0.034,1
"Zc3h6",0.0606065813411023,0.658783146938189,0.233,0.086,1
"Tln2",0.0607701686589776,0.91648512010725,0.163,0.052,1
"Cd81",0.0610858697715627,0.890203087873294,0.326,0.172,1
"Fam168b",0.0613723331919629,-0.765715705602022,0.07,0.207,1
"Zfp207",0.061405455383792,0.471054623551229,0.256,0.103,1
"Ehmt1",0.0614299829205526,-0.88377596900625,0.116,0.259,1
"Arl4a",0.0614964077366845,0.91931546745795,0.14,0.034,1
"Hdac4",0.0616811248713232,-0.722369473848609,0.093,0.241,1
"Sox1ot",0.0623387996908718,-0.825673681777428,0.047,0.172,1
"Cep112",0.0626155049035111,0.898481222706887,0.163,0.052,1
"Pkm",0.0628157349187852,0.809514064580318,0.372,0.19,1
"Fgd4",0.0629278786049486,-0.715583937819006,0.07,0.207,1
"Son",0.0634087302495933,-0.654272106804098,0.372,0.517,1
"Dmtf1",0.0635614780552627,0.551314725549567,0.14,0.034,1
"Rprd2",0.0636309335761456,-0.878569085458868,0.093,0.224,1
"Ppp2r1a",0.0638446795876744,0.97009759432214,0.233,0.103,1
"Nfe2l1",0.0640752179348506,0.960693557792156,0.186,0.069,1
"Map1a",0.0645069389227007,0.890106026988897,0.163,0.052,1
"Grk3",0.0645069389227007,0.707455627297269,0.163,0.052,1
"Cntn3",0.0645069389227007,0.96895334239275,0.163,0.052,1
"Fxr2",0.0645069389227007,0.929240340429347,0.163,0.052,1
"Pgp",0.0645069389227007,0.779593364208338,0.163,0.052,1
"Tmem178b",0.0645318342341897,-0.616115679310548,0.256,0.431,1
"Prkar1b",0.0646036996854174,0.801224229213804,0.256,0.121,1
"Ulk2",0.0646036996854174,-0.692867493247211,0.093,0.241,1
"4732471J01Rik",0.065683507058588,0.48703500713556,0.14,0.034,1
"Polr2m",0.065683507058588,0.55086517902705,0.14,0.034,1
"Nell2",0.0657172054710291,-1.03752197978389,0.14,0.276,1
"Cdc123",0.0658513809946034,-0.526244113423195,0.047,0.172,1
"St3gal5",0.0661073008538754,0.847023446094252,0.256,0.121,1
"Rps8",0.0663341056809201,0.593570424450046,0.395,0.207,1
"Slc6a6",0.066445281840667,0.822934366572605,0.163,0.052,1
"Phactr1",0.0666783476074658,-0.683517482340969,0.465,0.655,1
"Fsd1l",0.0674251540690771,-1.00113536157449,0.047,0.155,1
"Prmt3",0.0674251540690771,-0.897550315956937,0.047,0.155,1
"Nr3c1",0.0674251540690771,-1.11311615763187,0.047,0.155,1
"Jak1",0.0676679272134039,0.854243719371691,0.186,0.069,1
"Eif5a",0.0676679272134039,0.776509518277579,0.186,0.069,1
"Serinc1",0.0677588523680709,0.606999473137625,0.419,0.241,1
"Runx1t1",0.0677600272966524,-0.916993721087545,0.233,0.379,1
"Kcnh1",0.0678635968206744,0.318531814005851,0.14,0.034,1
"Klhl32",0.0678635968206744,-0.843532207634294,0.023,0.121,1
"Clcn6",0.0678635968206744,-0.888242292355521,0.023,0.121,1
"Zfp788",0.0678635968206744,-0.820078593054884,0.023,0.121,1
"Zup1",0.0678635968206744,-0.824157539262104,0.023,0.121,1
"Mcm3ap",0.0678635968206744,-0.88678792130861,0.023,0.121,1
"Ikbip",0.0678635968206744,-0.78766746359385,0.023,0.121,1
"Csad",0.0678635968206744,-0.973175310355377,0.023,0.121,1
"Flna",0.0678635968206744,-1.04348868356416,0.023,0.121,1
"Disp2",0.068219655540559,0.875374332086929,0.209,0.086,1
"Prrc2b",0.06826419620047,-0.323045577579982,0.186,0.362,1
"Macroh2a1",0.0684313482194176,0.859147746244695,0.163,0.052,1
"Lrfn5",0.0685573125660268,0.574026182334721,0.302,0.155,1
"Klc1",0.0686012004258704,0.965190894275562,0.279,0.138,1
"Ndufb9",0.0686305203527061,0.971518860472951,0.233,0.103,1
"Rps2",0.0692010398272024,0.804679779757598,0.256,0.121,1
"Mtmr7",0.0695254972469646,-0.354849462908057,0.047,0.172,1
"Map1lc3b",0.0695254972469646,0.834195169759213,0.186,0.069,1
"Preb",0.0701028542542206,-1.02337448163573,0.023,0.121,1
"Rasgef1b",0.0701028542542206,-0.875954567645269,0.023,0.121,1
"Zkscan1",0.0701028542542206,-0.868518976572077,0.023,0.121,1
"G3bp1",0.0701028542542206,-0.8509464936248,0.023,0.121,1
"Ankfy1",0.0701028542542206,-0.712804786963611,0.023,0.121,1
"Ly6e",0.0704659557094143,0.861076426873604,0.163,0.052,1
"Scoc",0.0707919446584414,0.839921012144069,0.256,0.121,1
"Ccdc85a",0.0713208522903068,-0.840288421033945,0.047,0.155,1
"Ppp6r2",0.0713208522903068,-0.808206799346419,0.047,0.155,1
"Dcaf8",0.071424733825518,0.639860744244162,0.186,0.069,1
"Marchf7",0.071424733825518,-0.415595537459801,0.047,0.172,1
"Suclg1",0.071424733825518,0.812336443777356,0.186,0.069,1
"Zeb1",0.0717637533213392,-1.09828825572414,0.326,0.448,1
"Myo1b",0.0724023905186168,-0.792863100798542,0.023,0.121,1
"Nrbp2",0.0724023905186168,-0.773233173552424,0.023,0.121,1
"Senp7",0.0724023905186168,-0.623554321942904,0.023,0.121,1
"Map2k4",0.0724560854827706,-0.355436824243317,0.116,0.276,1
"Magi3",0.0725499246893419,0.898237796974776,0.163,0.052,1
"Depdc5",0.0725499246893419,0.511437296201546,0.163,0.052,1
"Dpp8",0.0725499246893419,0.493746568278082,0.163,0.052,1
"Rpl21",0.0731429771428468,0.612612892052723,0.349,0.19,1
"Ccnt2",0.073208820735764,-0.734736908222731,0.093,0.224,1
"Mlf2",0.0735738638242323,0.691481675689596,0.209,0.086,1
"Rap1gds1",0.0740637498012573,0.763379243641275,0.256,0.121,1
"Grip1os2",0.0740637498012573,0.82071569289642,0.256,0.121,1
"Carmil1",0.0740637498012573,0.673222241388511,0.256,0.121,1
"Mir99ahg",0.0743331045360548,-1.40015140232114,0.209,0.345,1
"Sox5",0.0744831397614078,-0.670233774299815,0.279,0.448,1
"Hsp90ab1",0.0744870472475535,0.650891451642218,0.698,0.534,1
"Usp28",0.0746840778951332,0.594920381177806,0.163,0.052,1
"Pex14",0.0747633204081839,-0.739141870940775,0.023,0.121,1
"Glce",0.0747633204081839,-0.60547152629278,0.023,0.121,1
"Ttc27",0.0747633204081839,-0.579713840644001,0.023,0.121,1
"Gm26936",0.0749385429612191,-1.22118439086625,0.163,0.293,1
"Stk3",0.0753507864372648,0.662556772836564,0.186,0.069,1
"Elmo2",0.0753991443962201,-0.773700326972298,0.047,0.155,1
"Phtf2",0.0753991443962201,-0.876048132610984,0.047,0.155,1
"Map2k5",0.0753991443962201,-0.769383252020931,0.047,0.155,1
"Tut7",0.0753991443962201,-1.00163494856748,0.047,0.155,1
"Lars2",0.0754331917389394,-0.943918643627698,0.07,0.19,1
"Snap91",0.0762967271679302,0.564421016293027,0.395,0.224,1
"Chd2",0.0766522277994632,-0.853548350434822,0.093,0.224,1
"Ywhaq",0.0766522277994632,-0.688780977069453,0.093,0.224,1
"Tfrc",0.0768692400383197,0.524446507794497,0.163,0.052,1
"Cpsf7",0.0771867617207768,-0.635743167799149,0.023,0.121,1
"Slc32a1",0.0773788960696979,0.412866002566037,0.186,0.069,1
"Gpm6a",0.0780272993251642,0.550547813337401,0.581,0.431,1
"Gabbr1",0.0781003077226939,0.633396135410257,0.279,0.138,1
"Stag2",0.0784228163507223,-0.809022081946209,0.093,0.224,1
"Ckb",0.0786709470167657,0.984741979151279,0.558,0.466,1
"Hnrnph3",0.0787394470290406,-0.622180647819097,0.14,0.293,1
"Dbn1",0.079087185416146,-0.954250775429898,0.093,0.207,1
"Sh3bgrl",0.079087185416146,0.729434987740748,0.233,0.103,1
"Elp1",0.0791062374137872,0.699029402105848,0.163,0.052,1
"Neto1",0.0792669137367395,1.0711845851853,0.209,0.086,1
"Igf1r",0.0792780229863877,-0.478618641331198,0.395,0.569,1
"Rps15a",0.0794512589237347,0.750762597901752,0.186,0.069,1
"Bnip3l",0.0794512589237347,0.701088660603253,0.186,0.069,1
"Dcaf5",0.0796658351526418,-0.760227925122955,0.047,0.155,1
"Ssx2ip",0.0796738346069139,-0.683470912251053,0.023,0.121,1
"Glt8d1",0.0796738346069139,-0.640357324392006,0.023,0.121,1
"Cemip2",0.0796738346069139,-0.494800792926033,0.023,0.121,1
"Kcnip2",0.0796738346069139,-0.961794188106763,0.023,0.121,1
"Dnm2",0.0803435698325154,-0.60655923333025,0.14,0.293,1
"Atp6v1e1",0.0809105330846004,0.869910319025974,0.349,0.224,1
"Desi2",0.0812423700976051,-0.854868791190595,0.07,0.19,1
"Csmd2",0.0812423700976051,-0.796132938088837,0.07,0.19,1
"Paxbp1",0.0812423700976051,-0.735760228621948,0.07,0.19,1
"Jarid2",0.0814951029240975,-0.592042240560498,0.116,0.259,1
"Maml3",0.0818356743090896,-0.375162838318527,0.395,0.586,1
"Khdc4",0.0818716496414942,-0.672666825361132,0.047,0.155,1
"Rpl26",0.0821555992306495,0.829537306878687,0.349,0.19,1
"Prox1",0.0822256608996238,-0.665875003564513,0.023,0.121,1
"Hydin",0.0822256608996238,-0.609184675763682,0.023,0.121,1
"Stt3b",0.0822256608996238,-0.555066635042869,0.023,0.121,1
"Gm48700",0.0822256608996238,-0.631961026953112,0.023,0.121,1
"Gm49001",0.0822256608996238,-0.595553251766756,0.023,0.121,1
"Dnajc18",0.0822256608996238,-0.669067665646417,0.023,0.121,1
"Slc35f1",0.0822864104341786,-0.616849526409663,0.07,0.207,1
"Actr3",0.0828480628408988,0.637326573838018,0.233,0.103,1
"Nrg3",0.0829669101790633,0.531925054079142,0.581,0.483,1
"Grina",0.0832368682135806,-0.586617396369664,0.116,0.259,1
"Myef2",0.0832575990319953,0.643456825035637,0.209,0.086,1
"Tenm3",0.0832575990319953,0.656872402037603,0.209,0.086,1
"Sncaip",0.0841267488553989,-1.24634374379833,0.047,0.155,1
"Fyn",0.0841663863468381,-0.649527356611012,0.163,0.31,1
"E130307A14Rik",0.0843082698306056,-0.763980453736141,0.14,0.276,1
"Mir100hg",0.0843420567237214,-0.63612517440035,0.279,0.431,1
"Slco5a1",0.0848433634252313,-0.576945315047012,0.023,0.121,1
"Sulf2",0.0848433634252313,-0.613535273318439,0.023,0.121,1
"Gm11266",0.0848433634252313,-0.56980596212031,0.023,0.121,1
"Szrd1",0.0848433634252313,-0.465125477392128,0.023,0.121,1
"Chmp3",0.0848433634252313,-0.489721575259307,0.023,0.121,1
"Nova2",0.0848433634252313,-0.643196599738356,0.023,0.121,1
"Ikbkb",0.0848433634252313,-0.480193121961526,0.023,0.121,1
"Bcr",0.0848433634252313,-0.437072507338187,0.023,0.121,1
"Alkbh1",0.0848433634252313,-0.535540890132769,0.023,0.121,1
"Rpl7l1",0.0848433634252313,-0.476696991836866,0.023,0.121,1
"Lars",0.0848433634252313,-0.592794193767687,0.023,0.121,1
"Fem1c",0.0848433634252313,-0.43029547896314,0.023,0.121,1
"Gm14204",0.0853131325978931,-0.734952267369784,0.07,0.19,1
"Cisd1",0.0853131325978931,0.69046231935655,0.209,0.086,1
"Pcmtd1",0.0853527178066689,0.571365111200141,0.349,0.19,1
"Gm16599",0.0864318621389978,-0.638575409572493,0.047,0.155,1
"Kifbp",0.0864318621389978,-0.640117872549892,0.047,0.155,1
"Ogdh",0.0864318621389978,-0.635404893954785,0.047,0.155,1
"Mgrn1",0.0864318621389978,-0.63123744450289,0.047,0.155,1
"Rsrc2",0.0866373897203267,0.890212368823248,0.326,0.19,1
"Srgap2",0.0868678052551759,-0.717499220555883,0.256,0.431,1
"Aldoa",0.0871662674688669,0.741276325300681,0.628,0.483,1
"Amph",0.0877823149665888,0.650448148213579,0.326,0.172,1
"Usp33",0.0878936077590902,0.741508455284718,0.302,0.172,1
"Gabbr2",0.0880902802993693,0.695502753296862,0.419,0.259,1
"Atp6v0c",0.0881532952670514,0.709633087211141,0.721,0.621,1
"Nudc",0.0887877187010566,-0.614081667362439,0.047,0.155,1
"Itgb1",0.0887877187010566,-0.647836575992957,0.047,0.155,1
"Ypel3",0.0895057757208718,0.577404652059901,0.326,0.172,1
"Aopep",0.0896284275155499,-0.913085251273346,0.116,0.241,1
"U2surp",0.0900228248001873,0.5573356820654,0.326,0.19,1
"Msra",0.0901904111541033,-0.608039166294742,0.209,0.379,1
"Pou6f1",0.0911950472547636,-0.661987544312272,0.047,0.155,1
"Mettl16",0.0917268803965379,-0.456350884845056,0.07,0.19,1
"Tmem50a",0.0917683102384136,-0.633003156527353,0.093,0.224,1
"Pten",0.0917986418936839,-0.574613571310476,0.209,0.379,1
"Cntnap2",0.0921201511785368,0.985013717298555,0.674,0.552,1
"Neto2",0.0923233725904013,0.511192333452027,0.256,0.121,1
"Srsf2",0.0928865590642877,-0.926896843089001,0.093,0.207,1
"Actb",0.0934007668731323,0.802729915195822,0.558,0.431,1
"Tomm5",0.0936545756504333,-0.631685787235823,0.047,0.155,1
"Mthfd2l",0.0936545756504333,-0.506099285422377,0.047,0.155,1
"Zfp354c",0.0936545756504333,-0.649040391076682,0.047,0.155,1
"Mxi1",0.0936545756504333,-0.575504889893103,0.047,0.155,1
"Camsap2",0.0939489498839282,-0.755697685250452,0.07,0.19,1
"Prkacb",0.0947305695621249,1.0280074503778,0.209,0.103,1
"Pcsk2",0.0952188389223978,0.694012765325319,0.395,0.259,1
"Slc25a4",0.0953693442146932,0.717816637020594,0.535,0.414,1
"Phc2",0.0962139800184469,-0.517939109245227,0.07,0.19,1
"Senp2",0.0966495839569903,0.870845033187612,0.116,0.034,1
"Mrpl18",0.0966495839569903,0.848546371230367,0.116,0.034,1
"Setd2",0.0972429789388592,-0.957379065961174,0.07,0.172,1
"Prkcb",0.0973798703926271,-0.845764369360511,0.186,0.328,1
"Brinp1",0.098101425083168,-0.422639201437531,0.256,0.414,1
"Clip1",0.0985224996172621,0.669731143011742,0.209,0.086,1
"Zmym4",0.0985661537992146,-0.621416717236164,0.233,0.379,1
"Zdhhc17",0.0993639202038992,-0.877329441947295,0.093,0.207,1
"Gng3",0.0993639202038992,0.508264555705975,0.233,0.103,1
"Mpc2",0.0996473221518528,-1.16134155608711,0.07,0.172,1
"Rbm5",0.100426251504425,-0.746303037473729,0.163,0.293,1
"Stx16",0.100572105271425,-0.358278773210649,0.093,0.241,1
"Marcks",0.100572105271425,0.713216944799629,0.256,0.121,1
"Rps26",0.100572105271425,0.547275361991771,0.256,0.121,1
"Vps13b",0.100572105271425,0.527676066661152,0.256,0.121,1
"Hmgxb4",0.101018928215934,0.65124845792063,0.14,0.052,1
"Golga1",0.101353617528273,-0.492040271287688,0.047,0.155,1
"Pcdh17",0.101647005831913,-0.942007436072344,0.116,0.241,1
"Cltb",0.10237422537981,0.93778457794311,0.233,0.121,1
"Mrtfa",0.102684473590748,0.934896375573621,0.163,0.069,1
"Arhgef9",0.102723488010878,0.416074193365299,0.256,0.121,1
"Rev1",0.102867278025621,0.567704058785058,0.302,0.155,1
"Vxn",0.103076221472582,1.19164307786588,0.116,0.034,1
"Mtln",0.103076221472582,1.20454579462166,0.116,0.034,1
"Zfp664",0.103076221472582,0.813196538731536,0.116,0.034,1
"Gm44151",0.103076221472582,0.899083453560999,0.116,0.034,1
"Slc4a7",0.103076221472582,0.904861092981873,0.116,0.034,1
"Cystm1",0.103076221472582,0.757625580635554,0.116,0.034,1
"Cox5a",0.103130567988338,-0.518240367138785,0.256,0.414,1
"Cox4i1",0.103167019284332,0.806933027685146,0.558,0.431,1
"Frs2",0.103272115622494,-0.583150788469568,0.07,0.19,1
"Adam23",0.103342489173224,0.925757358783151,0.186,0.086,1
"Rpl36",0.103831303381255,1.06179984939167,0.209,0.103,1
"Clock",0.103878880303258,-0.765568406938181,0.093,0.207,1
"Tet3",0.103878880303258,-0.720455421075661,0.093,0.207,1
"Zranb1",0.103878880303258,-0.852667993530215,0.093,0.207,1
"Mtdh",0.104293868881416,-0.616296128097422,0.163,0.293,1
"Snrnp70",0.105789589703577,-0.256097730983712,0.395,0.621,1
"Hectd4",0.106196706792652,-0.889209291070689,0.093,0.207,1
"Ints6",0.106196706792652,-0.821821734123396,0.093,0.207,1
"Kdm3b",0.106215112719343,0.829884983436744,0.209,0.103,1
"Ankle2",0.106414601668461,0.743708435402031,0.116,0.034,1
"Zfp746",0.106414601668461,0.811085678869076,0.116,0.034,1
"Arpc4",0.106414601668461,0.842928238396911,0.116,0.034,1
"Rapgef5",0.106414601668461,0.569470370790877,0.116,0.034,1
"Zfp369",0.106414601668461,0.616694754738638,0.116,0.034,1
"Pacrg",0.106414601668461,0.628872277418373,0.116,0.034,1
"Psma2",0.10676058178946,-0.445458753252984,0.047,0.155,1
"Map2k2",0.107145769722879,-0.957634006457699,0.07,0.172,1
"Cdca7",0.107370978567313,-0.926991872892879,0.047,0.138,1
"Pde4d",0.107401928981115,-0.584359011808627,0.628,0.741,1
"C1qtnf4",0.107962605890603,0.993599350679879,0.279,0.155,1
"Hectd1",0.108120020999426,-0.789109071509235,0.116,0.241,1
"Ttc14",0.108123331669712,-0.53867119851405,0.233,0.397,1
"Fez1",0.108555352068941,-0.96948410119277,0.093,0.207,1
"Rpl4",0.10863938435869,0.925983751578646,0.209,0.103,1
"Grin1",0.109514946761541,0.487845331136832,0.349,0.207,1
"Hnrnpl",0.109742309924586,-0.744643965146249,0.07,0.172,1
"Cops5",0.109838125850261,-0.814964444064504,0.023,0.103,1
"Creg2",0.109838125850261,-0.732547441812783,0.023,0.103,1
"Lancl1",0.109838125850261,0.601892124450098,0.116,0.034,1
"Gm26930",0.109838125850261,-0.597037669075108,0.023,0.103,1
"Ssrp1",0.109838125850261,-0.784162993739,0.023,0.103,1
"Ckmt1",0.109838125850261,0.737660149571204,0.116,0.034,1
"Prokr2",0.109838125850261,-0.688710783356221,0.023,0.103,1
"Bag1",0.109838125850261,0.7938947533722,0.116,0.034,1
"Map7d1",0.109838125850261,-0.509092175590043,0.023,0.103,1
"Glmn",0.109838125850261,0.741107825943835,0.116,0.034,1
"Srrm3",0.109838125850261,-0.67618395835916,0.023,0.103,1
"Sinhcaf",0.109838125850261,-0.652205325392633,0.023,0.103,1
"Trir",0.109838125850261,-0.797447288433464,0.023,0.103,1
"Tcf3",0.109838125850261,-0.755439864798156,0.023,0.103,1
"Cox10",0.109838125850261,-0.786787133559561,0.023,0.103,1
"2810410L24Rik",0.109838125850261,-0.951212416792442,0.023,0.103,1
"2900060N12Rik",0.109838125850261,-0.627888777834933,0.023,0.103,1
"A830082K12Rik",0.109838125850261,-0.665536130536994,0.023,0.103,1
"Skp2",0.109838125850261,-0.650652084407698,0.023,0.103,1
"Marchf3",0.109838125850261,-0.95126044343152,0.023,0.103,1
"Cul4b",0.109838125850261,0.812768339427996,0.116,0.034,1
"Aplp1",0.109871461983061,0.60055079363391,0.442,0.31,1
"AI480526",0.109989444381081,0.845654834299691,0.14,0.052,1
"Spata7",0.109989444381081,0.969211715530921,0.14,0.052,1
"Rab24",0.109989444381081,0.987769604210077,0.14,0.052,1
"Znrf1",0.110294445816437,-0.90410492553669,0.047,0.138,1
"Wapl",0.110294445816437,-0.759083332581751,0.047,0.138,1
"Rfx7",0.110495854952073,-1.08223798857478,0.186,0.328,1
"Gls",0.110923616982324,-0.672879491470092,0.209,0.362,1
"Kmt5b",0.1109552547241,-0.720769471270382,0.093,0.207,1
"Ttc9b",0.111107224717879,0.833328345518621,0.209,0.103,1
"Chsy3",0.111107224717879,0.953052631071898,0.209,0.103,1
"Ankrd6",0.111542704969239,-0.353595729676471,0.093,0.224,1
"Sv2a",0.111895163897797,0.790211646195505,0.302,0.172,1
"Mgat4c",0.112383422186766,1.28633078982195,0.302,0.19,1
"Smap1",0.112388331838451,-0.886067512002518,0.07,0.172,1
"Nup214",0.113280437217387,-0.891772823801659,0.047,0.138,1
"Zfp644",0.113280437217387,-0.714068192627254,0.047,0.138,1
"Agtpbp1",0.113316313098469,-0.290423875795973,0.07,0.19,1
"Hspd1",0.113348111387181,0.662174141316546,0.116,0.034,1
"Wdr12",0.113348111387181,-0.693688955331418,0.023,0.103,1
"Tor1aip2",0.113348111387181,-0.78535892246316,0.023,0.103,1
"Acbd3",0.113348111387181,-0.674052914749107,0.023,0.103,1
"Pax6",0.113348111387181,-0.672247238576555,0.023,0.103,1
"Pde7a",0.113348111387181,-0.734314339564186,0.023,0.103,1
"Gstm5",0.113348111387181,-0.814297193310563,0.023,0.103,1
"Plpp3",0.113348111387181,0.71076511518862,0.116,0.034,1
"Fras1",0.113348111387181,-0.804829155695592,0.023,0.103,1
"Cacng8",0.113348111387181,0.497337736802551,0.116,0.034,1
"Gm44562",0.113348111387181,-0.777238960770475,0.023,0.103,1
"Lcmt1",0.113348111387181,0.705724566762856,0.116,0.034,1
"Cend1",0.113348111387181,0.782392008806857,0.116,0.034,1
"Ccl25",0.113348111387181,-0.67944163394816,0.023,0.103,1
"Prag1",0.113348111387181,-0.60281267892067,0.023,0.103,1
"Smpd3",0.113348111387181,-0.605375551188384,0.023,0.103,1
"Mon2",0.113348111387181,0.583996200264166,0.116,0.034,1
"Gm26542",0.113348111387181,-0.657634964010673,0.023,0.103,1
"Fam222b",0.113348111387181,0.700730568043348,0.116,0.034,1
"Ppm1d",0.113348111387181,-0.723866979742453,0.023,0.103,1
"Prelid1",0.113348111387181,0.701428505517835,0.116,0.034,1
"Capn7",0.113348111387181,-0.873370094463731,0.023,0.103,1
"Angpt1",0.113348111387181,1.00641554985348,0.116,0.034,1
"Copz1",0.113348111387181,-0.674777359011634,0.023,0.103,1
"Grm4",0.113348111387181,0.519337851233948,0.116,0.034,1
"Zfp397",0.113348111387181,-0.690750403977135,0.023,0.103,1
"Exosc1",0.113348111387181,-0.731582873052605,0.023,0.103,1
"Tceal5",0.113348111387181,0.615223202589857,0.116,0.034,1
"Chic1",0.113837914213505,0.880558660115489,0.163,0.069,1
"Scg5",0.114262609356029,-0.564224197526557,0.256,0.397,1
"Tenm1",0.114480927617025,1.25550375691456,0.279,0.155,1
"Sorcs2",0.115880576112292,-0.803480035128122,0.093,0.207,1
"St6galnac3",0.116145852865765,-0.688677998487612,0.256,0.397,1
"Rpl29",0.116311597661102,0.920788456227257,0.14,0.052,1
"Nap1l3",0.116311597661102,0.793687539618602,0.14,0.052,1
"Sel1l3",0.116329754423318,-0.871804298420613,0.047,0.138,1
"Slc30a5",0.116329754423318,-0.694426392457606,0.047,0.138,1
"Myo10",0.116329754423318,-0.68080222766789,0.047,0.138,1
"Scaper",0.116721245098063,-0.89712240574252,0.14,0.259,1
"Myo5a",0.116752700633212,-0.29409799631881,0.209,0.362,1
"Inpp4a",0.116945866315056,0.36044074926087,0.116,0.034,1
"Gm36975",0.116945866315056,0.522224932304004,0.116,0.034,1
"Rrbp1",0.116945866315056,-0.614598363115221,0.023,0.103,1
"Kif3b",0.116945866315056,-0.600139689232647,0.023,0.103,1
"Rprd1b",0.116945866315056,-0.678694729421716,0.023,0.103,1
"Ncoa3",0.116945866315056,0.426472379821494,0.116,0.034,1
"Nceh1",0.116945866315056,0.372308099230392,0.116,0.034,1
"Rnf20",0.116945866315056,0.587121448306734,0.116,0.034,1
"4933406I18Rik",0.116945866315056,0.569066153938718,0.116,0.034,1
"Zkscan2",0.116945866315056,-0.589270011485645,0.023,0.103,1
"Azi2",0.116945866315056,0.670125722118025,0.116,0.034,1
"Lrrc20",0.116945866315056,-0.821991508455981,0.023,0.103,1
"Vps26a",0.116945866315056,-0.603196974152011,0.023,0.103,1
"Gm12064",0.116945866315056,-0.628975894309547,0.023,0.103,1
"Srebf2",0.116945866315056,-0.653486832986506,0.023,0.103,1
"Mrpl43",0.116945866315056,0.588280069789371,0.116,0.034,1
"Smarca1",0.116945866315056,0.902827119728716,0.116,0.034,1
"Nav3",0.117042842020297,-0.537539969266305,0.512,0.672,1
"Cul5",0.117253283368838,0.559671721173962,0.256,0.138,1
"Dmxl1",0.117253283368838,0.602421491487854,0.256,0.138,1
"Epha4",0.117831086766081,-0.703235395897239,0.07,0.172,1
"Spred2",0.117831086766081,-0.715203041074278,0.07,0.172,1
"A330076H08Rik",0.118143323206517,0.333882016340559,0.372,0.207,1
"Tia1",0.118435186289647,-0.424208174923289,0.233,0.397,1
"Zfp608",0.118687353769321,-0.896205233122853,0.256,0.362,1
"Pcmt1",0.11877407339054,0.762051055836037,0.209,0.103,1
"Dync2h1",0.118824958637382,-0.81055042205934,0.116,0.224,1
"Fut9",0.118835040487687,0.677591676809702,0.233,0.121,1
"Trhde",0.118995852423745,-0.812174098912818,0.14,0.259,1
"Pip4p1",0.119223583891793,0.799595656585229,0.186,0.086,1
"Nek1",0.119443193612872,-0.808369268516295,0.047,0.138,1
"Bsn",0.119443193612872,-0.754970624338468,0.047,0.138,1
"Tent2",0.119443193612872,-0.661322101554322,0.047,0.138,1
"Zfp532",0.119443193612872,-1.04964719686711,0.047,0.138,1
"Prpf6",0.119577991548962,0.770356014349346,0.14,0.052,1
"Rab10os",0.119577991548962,0.670601648149838,0.14,0.052,1
"Ppp1r1a",0.119577991548962,0.58866515769324,0.14,0.052,1
"Igfbpl1",0.12062894409712,-0.857850601774048,0.07,0.172,1
"Nrg2",0.12062894409712,-0.735768240986742,0.07,0.172,1
"Pi4kb",0.120632688135157,0.461583797064448,0.116,0.034,1
"Zmym6",0.120632688135157,-0.555899184511094,0.023,0.103,1
"Sema3c",0.120632688135157,0.602661032500378,0.116,0.034,1
"Cpeb2",0.120632688135157,-0.734787304134922,0.023,0.103,1
"Suds3",0.120632688135157,-0.692345942678449,0.023,0.103,1
"Bckdhb",0.120632688135157,0.407479540779322,0.116,0.034,1
"Hsf2",0.120632688135157,-0.598944921854207,0.023,0.103,1
"Dop1b",0.120632688135157,-0.561510853304009,0.023,0.103,1
"Efna5",0.120632688135157,-0.915076077519877,0.023,0.103,1
"Csf1r",0.120632688135157,0.603775217034546,0.116,0.034,1
"Fibp",0.120632688135157,-0.540275074199306,0.023,0.103,1
"Brcc3",0.120632688135157,-0.443568783027622,0.023,0.103,1
"Enox1",0.120891959733554,-0.474061554313673,0.279,0.431,1
"Rock2",0.121305057895882,0.583313689028845,0.279,0.155,1
"Ndufa10",0.121347194479279,0.730318894334705,0.233,0.121,1
"Apbb1",0.121423701567836,0.787936626231021,0.209,0.103,1
"Setbp1",0.12149620527565,-0.617463634191634,0.326,0.5,1
"Fip1l1",0.122041635675141,-0.534194342726027,0.116,0.241,1
"Tpm1",0.122047236804287,0.916160582783355,0.186,0.086,1
"Cdh13",0.122621544950744,-0.819087369859919,0.047,0.138,1
"Rpl24",0.122812606032159,0.918720224570503,0.163,0.069,1
"Usp45",0.12291581435053,0.732072056199259,0.14,0.052,1
"Setd1b",0.12291581435053,0.500662462815199,0.14,0.052,1
"Tomm22",0.12291581435053,0.714155297769475,0.14,0.052,1
"Pard3",0.123478531169365,-0.606288834195668,0.07,0.172,1
"Ttc19",0.123588825389521,-0.574063089281452,0.093,0.207,1
"Plppr4",0.124116432429822,0.703630223780856,0.209,0.103,1
"Ppme1",0.124116432429822,0.667214676314706,0.209,0.103,1
"Rbm39",0.124216233420849,0.72693160652603,0.605,0.5,1
"Rbbp5",0.124409862593329,-0.517693543823754,0.023,0.103,1
"Gm37679",0.124409862593329,-0.660169411871601,0.023,0.103,1
"Tasp1",0.124409862593329,0.416490493737047,0.116,0.034,1
"Tpd52l2",0.124409862593329,-0.497227900802981,0.023,0.103,1
"Cept1",0.124409862593329,-0.623530147674681,0.023,0.103,1
"Cyp51",0.124409862593329,-0.549798474262288,0.023,0.103,1
"Gtf2ird1",0.124409862593329,-0.643021184135462,0.023,0.103,1
"Smurf1",0.124409862593329,-0.547351391892627,0.023,0.103,1
"Hibadh",0.124409862593329,-0.541530196425874,0.023,0.103,1
"Smim10l1",0.124409862593329,0.438485127590348,0.116,0.034,1
"Tubgcp5",0.124409862593329,-0.937833169554473,0.023,0.103,1
"Irf2",0.124409862593329,0.451587963670444,0.116,0.034,1
"Ptpn9",0.124409862593329,-0.565076726919146,0.023,0.103,1
"Ephb1",0.124409862593329,-0.531725311314153,0.023,0.103,1
"Gm4117",0.124409862593329,-0.592116738651213,0.023,0.103,1
"Pigp",0.124409862593329,-0.48105495474453,0.023,0.103,1
"Pdk3",0.124409862593329,0.366836899928163,0.116,0.034,1
"Pebp1",0.124416222955093,0.836116780199829,0.349,0.224,1
"Metap1d",0.12449245664866,-0.620657988929143,0.116,0.241,1
"Prkar1a",0.12449245664866,0.670609118897429,0.256,0.138,1
"Rab28",0.12586559204117,-0.758813060604944,0.047,0.138,1
"Zbtb7a",0.12586559204117,-0.653448149561411,0.047,0.138,1
"Atp5j2",0.125924011004091,0.655462818372832,0.163,0.069,1
"Manf",0.125924011004091,0.771816317209795,0.163,0.069,1
"Acot13",0.125924011004091,0.834753478716721,0.163,0.069,1
"Rpgr",0.125924011004091,0.698737172372738,0.163,0.069,1
"Map7d2",0.125924011004091,0.61958499621925,0.163,0.069,1
"Pdcd4",0.126279282600615,-0.57069177067375,0.163,0.276,1
"Cntnap5a",0.126325969345214,0.775711264688547,0.14,0.052,1
"Fmn1",0.126325969345214,0.627665124152868,0.14,0.052,1
"Gucy1b1",0.126325969345214,0.789628648616355,0.14,0.052,1
"C1qa",0.126325969345214,0.770346889429752,0.14,0.052,1
"Gaa",0.126325969345214,0.812874704426238,0.14,0.052,1
"Btf3",0.126325969345214,1.01756058744948,0.14,0.052,1
"Aftph",0.126380400108494,-0.699313117717097,0.07,0.172,1
"Usp22",0.126380400108494,-0.873533458872406,0.07,0.172,1
"Smg6",0.126873130014905,-0.535893382976936,0.209,0.345,1
"Basp1",0.127363828904165,-0.334922192004639,0.419,0.621,1
"Nptxr",0.127498779458678,0.700242753850021,0.163,0.069,1
"Hs6st2",0.127851111576328,0.740928543321288,0.186,0.086,1
"Stard9",0.128278662440493,-0.514791757754344,0.023,0.103,1
"Mlec",0.128278662440493,-0.572277670534574,0.023,0.103,1
"Snx1",0.128278662440493,-0.514477564424388,0.023,0.103,1
"Ccdc12",0.128278662440493,-0.561482473580047,0.023,0.103,1
"Thap2",0.128278662440493,-0.471875557910362,0.023,0.103,1
"Mapk1ip1l",0.128278662440493,0.295983033307474,0.116,0.034,1
"Snu13",0.128278662440493,-0.751274503163255,0.023,0.103,1
"Ncaph2",0.128278662440493,-0.633696344120255,0.023,0.103,1
"Ythdc2",0.128278662440493,-0.501014884798301,0.023,0.103,1
"Plcl1",0.128740467673188,-0.922973666697064,0.209,0.328,1
"Nkain2",0.128887526471855,0.701481783580688,0.535,0.431,1
"Cuedc2",0.129096480147989,0.5129190844805,0.163,0.069,1
"Pcyt1b",0.129096480147989,0.686644877716944,0.163,0.069,1
"Fbxo28",0.129176111374677,-0.580563829302158,0.047,0.138,1
"Thap3",0.129176111374677,-0.564061969434084,0.047,0.138,1
"Zfp560",0.129176111374677,-0.810742570948639,0.047,0.138,1
"Fyttd1",0.129176111374677,-0.72199269475609,0.047,0.138,1
"Scrn1",0.129809351145808,0.870836781332441,0.14,0.052,1
"Clmp",0.129809351145808,0.601540028725787,0.14,0.052,1
"Selenom",0.129809351145808,0.625216155020411,0.14,0.052,1
"Nme1",0.129809351145808,0.819671286896641,0.14,0.052,1
"Csde1",0.130832428468228,0.749273342997199,0.186,0.086,1
"Thoc2",0.131490909775817,-0.874550592854345,0.116,0.224,1
"Rprd1a",0.13207559525115,0.609985742617395,0.256,0.138,1
"Myo9a",0.132081936948064,-0.619797780693769,0.186,0.31,1
"Glrx2",0.132240346175573,-0.457051727924453,0.023,0.103,1
"Ddrgk1",0.132240346175573,-0.566417743562351,0.023,0.103,1
"Hacd4",0.132240346175573,0.281004146911556,0.116,0.034,1
"Usf2",0.132240346175573,-0.48115663345602,0.023,0.103,1
"Rps17",0.132240346175573,-0.471764962917034,0.023,0.103,1
"Msmo1",0.132240346175573,-0.391494043319532,0.023,0.103,1
"Peak1",0.132240346175573,0.31355270810287,0.116,0.034,1
"Nf2",0.132240346175573,-0.314776103786467,0.023,0.103,1
"Pphln1",0.132240346175573,-0.353088586251901,0.023,0.103,1
"Bfar",0.132240346175573,-0.4009169076342,0.023,0.103,1
"Sorl1",0.132330690206519,0.669435990992509,0.163,0.069,1
"Cep83",0.132330690206519,0.65088879475039,0.163,0.069,1
"Cdk5r1",0.132330690206519,0.702485670768464,0.163,0.069,1
"5031425E22Rik",0.132343168924695,-0.56429748645873,0.07,0.172,1
"Phactr4",0.132553871768453,-0.575015277138916,0.047,0.138,1
"Nudt21",0.132553871768453,-0.625154428143304,0.047,0.138,1
"Mapk14",0.132553871768453,-0.456089838304091,0.047,0.138,1
"Jph4",0.133366844987663,0.406886065026711,0.14,0.052,1
"Cdk17",0.133380712215213,-0.611178212356321,0.14,0.259,1
"Dync1h1",0.134535991110319,0.738080687104345,0.233,0.121,1
"Elob",0.134681322917156,0.554390900655198,0.256,0.138,1
"Podxl2",0.134774162341684,-0.434431995360295,0.163,0.293,1
"Sorbs2",0.135257851215531,-0.516250174211695,0.442,0.534,1
"Smad2",0.13540514894141,-0.512644219927894,0.07,0.172,1
"Sema6d",0.135444672931705,-0.806832746734512,0.209,0.328,1
"Tcf4",0.135499945213699,-0.38170272434281,0.744,0.845,1
"Rdx",0.135627310983812,0.704802965824455,0.163,0.069,1
"Higd2a",0.135627310983812,0.676870645774761,0.163,0.069,1
"Hnrnph1",0.135660309083192,-0.640632951835489,0.209,0.345,1
"Akap9",0.135689735136611,-0.694717626070691,0.233,0.345,1
"Aff4",0.135689735136611,-0.588331055283744,0.233,0.345,1
"Cnr1",0.13590386933564,1.08518504428429,0.279,0.155,1
"Uhrf2",0.13590386933564,-0.672885340143762,0.14,0.259,1
"Map1b",0.136411647901018,-0.406727900017092,0.349,0.517,1
"Kmt2a",0.136733013055339,-0.633808177825143,0.186,0.31,1
"Lonp2",0.136814043773804,-0.817804210390051,0.093,0.19,1
"Asph",0.136956521493331,0.673216658151441,0.186,0.086,1
"Nprl3",0.136999326009926,0.386332680061701,0.14,0.052,1
"Sema4d",0.136999326009926,0.451255316633724,0.14,0.052,1
"Gtf2h5",0.136999326009926,0.565446942189195,0.14,0.052,1
"Mbp",0.136999326009926,0.553568209618967,0.14,0.052,1
"Lrch2",0.136999326009926,0.514630511444888,0.14,0.052,1
"Itsn1",0.137190688127055,-0.482938440828693,0.163,0.293,1
"Agbl4",0.138284628986095,0.880431704244667,0.209,0.103,1
"Resp18",0.13846372447867,0.547189277240178,0.279,0.155,1
"Smarca2",0.13846372447867,0.496477551258732,0.279,0.155,1
"Zfp462",0.138521570466647,-0.474428450214121,0.07,0.172,1
"Pgm2l1",0.138987004883803,0.62207487128694,0.163,0.069,1
"Mat2a",0.139105450594861,0.605360618865657,0.326,0.207,1
"Fgfr2",0.139147053449385,-0.6996115673782,0.256,0.379,1
"Tubb2b",0.139514149239254,-0.4992339550569,0.047,0.138,1
"Specc1l",0.139767364437182,-0.776094181806543,0.093,0.19,1
"Ralbp1",0.139767364437182,-0.746555633738146,0.093,0.19,1
"Rbms1",0.140707658529359,0.5044117873756,0.14,0.052,1
"Med15",0.140707658529359,0.447158060266958,0.14,0.052,1
"Rabac1",0.140796273733723,0.699106631912515,0.302,0.172,1
"Afdn",0.14138648040904,0.279494891519206,0.372,0.224,1
"Lrpap1",0.141689534161745,0.541085008988604,0.186,0.086,1
"Car10",0.141692959601781,-0.74047841329271,0.07,0.172,1
"Rab11fip3",0.141692959601781,-0.561049844506194,0.07,0.172,1
"Xpr1",0.142357622570119,-0.470122997119283,0.116,0.224,1
"Usp3",0.142357622570119,-0.798963545960783,0.116,0.224,1
"Tmtc2",0.142357622570119,-0.828824157614064,0.116,0.224,1
"Phc3",0.142410426444481,0.528716367416759,0.163,0.069,1
"Tmem130",0.142410426444481,0.749236331731791,0.163,0.069,1
"Uqcrc2",0.142410426444481,0.626801901332318,0.163,0.069,1
"Hexb",0.142410426444481,0.604501637323078,0.163,0.069,1
"Gucy1a2",0.142503679616767,-0.576213360004347,0.233,0.345,1
"Stag1",0.142605074458238,-0.603587544549113,0.326,0.448,1
"Tafa1",0.143098160465202,-0.47022656637597,0.047,0.138,1
"Ilf3",0.143098160465202,-0.514678003216264,0.047,0.138,1
"Bcap29",0.143098160465202,-0.479135841040935,0.047,0.138,1
"Zswim8",0.143098160465202,-0.549791659484579,0.047,0.138,1
"Slc17a7",0.143299429751445,0.724674087987082,0.186,0.086,1
"Rpl41",0.143694687043469,0.538950569403633,0.279,0.155,1
"Ube2e2",0.14372645014459,0.587168617867602,0.349,0.241,1
"Stmn2",0.144070427463822,-0.332934930909932,0.349,0.483,1
"Mtch1",0.144640953500454,0.750645161093334,0.302,0.19,1
"Prrc2c",0.144910278327818,0.89939589485051,0.349,0.241,1
"Eif2s3y",0.144919836277725,-0.568292683095248,0.07,0.172,1
"Eef1g",0.145503117648229,0.52737080286803,0.256,0.138,1
"Mtmr3",0.145820890293696,-0.879273519230628,0.093,0.19,1
"Prelid3a",0.145820890293696,-0.885152557897944,0.093,0.19,1
"Prkcz",0.145898221868349,0.425897744898776,0.163,0.069,1
"Gm48678",0.145898221868349,0.47373742356806,0.163,0.069,1
"Habp4",0.145898221868349,0.571227789212341,0.163,0.069,1
"Runx2",0.145898221868349,0.513380595065476,0.163,0.069,1
"Lamtor2",0.146554243154105,0.578709221542012,0.186,0.086,1
"Pin1",0.146752399891314,-0.389074973387736,0.047,0.138,1
"Naa12",0.146752399891314,-0.498210568682132,0.047,0.138,1
"Sumo1",0.147365185410623,0.539080393928993,0.209,0.103,1
"Sod2",0.147365185410623,0.544373317314552,0.209,0.103,1
"Camk2a",0.147365185410623,0.579298291937684,0.209,0.103,1
"Dock4",0.148043363717911,-0.726713791011116,0.116,0.224,1
"Hivep3",0.148184876643803,-0.916808540454755,0.14,0.241,1
"Trpm3",0.148184876643803,-1.0007118915151,0.14,0.241,1
"Zfp157",0.148355276810368,0.325793477575794,0.14,0.052,1
"U2af1",0.148355276810368,0.355014332383313,0.14,0.052,1
"Plp1",0.14878860897113,0.382468061361931,0.442,0.276,1
"Ddx17",0.148794098937155,-0.347303980187346,0.233,0.379,1
"Fam184a",0.148806576623561,0.656433479949677,0.233,0.121,1
"Mphosph8",0.148806576623561,0.360036552737648,0.233,0.121,1
"Smc5",0.149125453902453,-0.523504819586492,0.093,0.207,1
"Ociad1",0.149451028549408,0.578597350246759,0.163,0.069,1
"Gpc6",0.149451028549408,0.60932638401842,0.163,0.069,1
"Rcan2",0.149451028549408,0.521323984197872,0.163,0.069,1
"Tpt1",0.149575486603879,0.614268849953823,0.372,0.241,1
"Vkorc1l1",0.150477589376308,-0.53360060496912,0.047,0.138,1
"H2bu2",0.150477589376308,-0.387211222352786,0.047,0.138,1
"Acox1",0.150477589376308,-0.346733038724929,0.047,0.138,1
"Adarb1",0.150491242090342,0.521600048559741,0.209,0.103,1
"Xrn1",0.150973171981348,-0.787011457985617,0.14,0.241,1
"Gm15398",0.151157858457415,0.62263445876881,0.256,0.138,1
"Gm26672",0.151157858457415,-0.319733570524644,0.116,0.241,1
"Uqcr10",0.151247936443958,0.680585412158416,0.163,0.069,1
"Ubap2l",0.151823529023683,-0.53925006066016,0.14,0.259,1
"Nexmif",0.152073108006675,-1.01195623835405,0.093,0.19,1
"Fabp5",0.152194991112832,-0.461616111793237,0.093,0.207,1
"Gnas",0.152546707088777,0.363999849958785,0.628,0.517,1
"Ftl1",0.153233138477753,0.544555314235029,0.186,0.086,1
"Stx1b",0.153233138477753,0.440918016869552,0.186,0.086,1
"9530059O14Rik",0.153233138477753,0.360247501190324,0.186,0.086,1
"Spop",0.153801271134487,-0.748435334084693,0.14,0.241,1
"Zc3h13",0.153801271134487,0.89979201916499,0.256,0.155,1
"Luc7l2",0.154101797412162,-0.646619592447385,0.372,0.5,1
"Rab3b",0.154274439635019,-0.399500013028168,0.047,0.138,1
"Asxl3",0.154938491409083,-0.407411604432559,0.07,0.172,1
"Rbm25",0.156563533270704,-0.716034061248932,0.163,0.276,1
"Ndufab1",0.156658219207259,0.494919407963415,0.186,0.086,1
"Vps28",0.156754178356724,0.346728443435704,0.163,0.069,1
"Abat",0.156978514499621,-0.272894576992261,0.116,0.241,1
"Mir124-2hg",0.158527356031748,-0.342319959785181,0.093,0.19,1
"Cep350",0.159578032250194,0.659528289396025,0.256,0.155,1
"Wsb1",0.159933132043241,-0.45960989543652,0.116,0.224,1
"Impact",0.159951824841179,0.554910171666718,0.256,0.138,1
"Ocrl",0.160172867612711,0.601633749310088,0.209,0.103,1
"Ndrg4",0.160351436649357,0.505605102650549,0.442,0.31,1
"Tspyl4",0.160466411398688,0.919057180503875,0.302,0.19,1
"Dynlrb1",0.160501583167322,0.441517057514023,0.163,0.069,1
"Cntln",0.160505747929092,0.352463192406985,0.163,0.069,1
"Slc25a36",0.160505747929092,0.500678478708872,0.163,0.069,1
"Pdia3",0.161904256976403,-0.429416811860152,0.07,0.172,1
"Chd7",0.161904655404556,-0.443277152705821,0.186,0.31,1
"Fbxo11",0.162102011180601,-0.622136423263419,0.163,0.276,1
"Gbf1",0.162106543706988,-0.53709596809435,0.163,0.276,1
"Ube2d3",0.163015454665845,-0.572627347091483,0.116,0.224,1
"Pnn",0.163200745247118,0.398117736173827,0.279,0.155,1
"Fkbp3",0.163226631307711,-0.36212098755895,0.163,0.293,1
"Eea1",0.163682086875047,0.357673475827902,0.186,0.086,1
"Gm27032",0.164324780685733,0.497756127721513,0.163,0.069,1
"Vcp",0.1651868783068,-0.589787706019194,0.093,0.19,1
"Plxna2",0.165376418430164,-0.93832351359018,0.07,0.155,1
"Nrxn2",0.166251844645479,-0.340824334985866,0.186,0.328,1
"Bbx",0.167281825655206,0.411886914050433,0.186,0.086,1
"Abi1",0.167423714540313,0.506220548227011,0.233,0.121,1
"Erc1",0.168268061512621,-0.339874288798039,0.093,0.207,1
"Aplp2",0.168440851315427,0.561913990476905,0.395,0.259,1
"Nup93",0.168859816625155,-0.814486783983708,0.047,0.121,1
"Robo1",0.170100071894174,-0.484182740350077,0.186,0.31,1
"Usp47",0.170318125133164,0.401357796859644,0.209,0.103,1
"Rbm6",0.170344973894952,-0.523177856390309,0.209,0.328,1
"Actr2",0.170689719407059,0.27688460640177,0.233,0.121,1
"Ptp4a2",0.170940721404045,0.497308989905128,0.186,0.086,1
"Mdga2",0.171101385340475,0.744746921171178,0.628,0.569,1
"Psmb1",0.171630308748974,0.861735393314673,0.209,0.121,1
"Avl9",0.172054816348761,-0.627289678973491,0.093,0.19,1
"Acat1",0.172054816348761,-0.582956726197681,0.093,0.19,1
"Ybx1",0.172528364645781,-0.486525887881354,0.116,0.224,1
"Dgkg",0.172531173366083,-0.513481584821087,0.116,0.224,1
"Nktr",0.17289984941845,-0.761098701336802,0.209,0.293,1
"Prdm2",0.172955002304261,0.887657601375771,0.163,0.086,1
"Zc3h12c",0.173204533312487,-0.869074068584824,0.047,0.121,1
"Cyb5r4",0.173204533312487,-0.735596936131416,0.047,0.121,1
"Foxg1",0.173204533312487,-0.756374775940995,0.047,0.121,1
"Calm1",0.173601524454802,0.678608312303767,0.744,0.707,1
"Cdc42",0.173877991504789,-0.702510394149895,0.186,0.293,1
"Wdr26",0.17465922820044,0.450553861200792,0.186,0.086,1
"Eif5b",0.175042590924382,1.02123689026475,0.209,0.121,1
"Rpl14",0.175042590924382,0.740119385067465,0.209,0.121,1
"Ppp1r9a",0.175096039788357,-0.498432821083224,0.233,0.345,1
"Smarcd1",0.175480391977035,0.853136879788238,0.186,0.103,1
"Parn",0.175567893044994,-0.439180029810788,0.093,0.19,1
"Tnks2",0.175567893044994,-0.665446938028246,0.093,0.19,1
"Ndufb11",0.175567893044994,-0.312550019382924,0.093,0.19,1
"Zdhhc20",0.175733939667161,-0.43030808756316,0.186,0.31,1
"Klhdc10",0.17578949177805,-0.462364587182751,0.233,0.362,1
"Tom1l2",0.175793675081559,-0.493594473765435,0.116,0.224,1
"Gpr137c",0.176840310187065,0.890138045838973,0.163,0.086,1
"Rab2a",0.177134990104392,0.345675754303655,0.395,0.241,1
"Mrps9",0.177632270596684,-0.692584161484496,0.047,0.121,1
"Atp2b4",0.177632270596684,-0.779641282326262,0.047,0.121,1
"Letm2",0.177632270596684,-0.676209445802098,0.047,0.121,1
"Cabin1",0.177632270596684,-0.786843132275682,0.047,0.121,1
"Txndc11",0.177632270596684,-0.625036294290006,0.047,0.121,1
"Slit1",0.177632270596684,-0.645757852275778,0.047,0.121,1
"Scg2",0.178320757757355,1.22016329352023,0.349,0.241,1
"Cfdp1",0.17843779077734,0.255018611672605,0.186,0.086,1
"Ndufa12",0.17843779077734,0.342363368566984,0.186,0.086,1
"Slc23a2",0.17850524826096,0.674168412786691,0.209,0.121,1
"Smg1",0.17850524826096,0.76886651276182,0.209,0.121,1
"Ranbp9",0.179063212723371,-0.817700471327275,0.116,0.207,1
"Hs3st4",0.179152237378709,1.48846441681838,0.186,0.103,1
"Atp2b2",0.179393011138046,-0.431981101621477,0.256,0.397,1
"Dip2b",0.17962393739873,-0.430947335613921,0.163,0.276,1
"Hmgn1",0.18079028272517,-0.729303203696801,0.07,0.155,1
"Map4",0.181091676061082,-0.542905474082658,0.14,0.241,1
"Ptprs",0.181217502914625,-0.502921267717466,0.233,0.362,1
"Thra",0.18145950435172,-0.330983695151895,0.209,0.328,1
"Paip2",0.181460011991405,0.595426163046384,0.279,0.172,1
"Tuba4a",0.18201861415244,0.828590106379752,0.209,0.121,1
"Asic1",0.182143743419857,-0.795404945556787,0.047,0.121,1
"Klhl24",0.182143743419857,-0.701688093429664,0.047,0.121,1
"Ubp1",0.182754101465497,-0.441932909912201,0.093,0.19,1
"Prkce",0.183558418180924,0.549413458677379,0.302,0.19,1
"Mark2",0.184333028585803,-0.640969725033341,0.14,0.241,1
"Rock1",0.184497278782963,-0.597540288704036,0.209,0.31,1
"Kif2a",0.184587324872677,0.630898977691727,0.279,0.172,1
"Eml4",0.184805396337924,-0.520817675728882,0.07,0.155,1
"Dlg2",0.185672594186104,0.480193752895955,0.674,0.586,1
"Rps20",0.185857064626862,0.550829038805627,0.233,0.138,1
"Arid2",0.186427945972124,-0.545187168658205,0.093,0.19,1
"Cadm3",0.186666800749252,0.75327934845648,0.186,0.103,1
"Nabp2",0.186739647596038,-0.627387876026237,0.047,0.121,1
"Sertad2",0.186739647596038,-0.567597880810663,0.047,0.121,1
"Cep120",0.186739647596038,-0.778502839290302,0.047,0.121,1
"Naa40",0.186739647596038,-0.530458843705994,0.047,0.121,1
"Marchf5",0.18731016543525,0.729216554662662,0.14,0.069,1
"Nr3c2",0.187754349872667,0.306414158570435,0.279,0.172,1
"Ptms",0.187865060217227,0.32837434215757,0.279,0.155,1
"Atp5g3",0.188886115681107,0.840374936144376,0.163,0.086,1
"Dync2i1",0.188886115681107,-0.519453733229673,0.07,0.155,1
"Clu",0.188886115681107,1.04695048122681,0.163,0.086,1
"Tmbim6",0.189198769725005,0.702736366800979,0.209,0.121,1
"Atp5pb",0.189698502054935,0.710455967540553,0.302,0.19,1
"Nav1",0.190142195470313,-0.507696409455929,0.209,0.328,1
"Serpini1",0.190471955107114,1.32200024734896,0.279,0.19,1
"Klhdc2",0.190510278872557,0.788773969408698,0.186,0.103,1
"Zfp266",0.190944223965899,-0.481298248298529,0.14,0.241,1
"Odr4",0.191420659044426,-0.572400095611421,0.047,0.121,1
"Denr",0.191420659044426,-0.592226769364532,0.047,0.121,1
"Lcor",0.191738234833112,-0.490927032616901,0.186,0.293,1
"Eif3j1",0.191781810364437,0.784556481355339,0.14,0.069,1
"Ndufb7",0.191781810364437,0.977106897826705,0.14,0.069,1
"C2cd5",0.19206024108238,-0.414917369218846,0.163,0.276,1
"Tmem108",0.19279869199841,-0.315327993336234,0.116,0.224,1
"Lrp6",0.193032893243923,-0.377465242684631,0.07,0.155,1
"Rnf111",0.193032893243923,-0.510823737284725,0.07,0.155,1
"Lrp1",0.193032893243923,-0.720093056533561,0.07,0.155,1
"Zfp280d",0.193090297874492,-0.702775982170885,0.116,0.207,1
"Arl15",0.19393883681821,-0.563147353975634,0.093,0.19,1
"Ylpm1",0.194314540921725,-0.529705207465134,0.14,0.241,1
"Ahi1",0.194702269329807,0.664841308629559,0.465,0.397,1
"Ywhae",0.195547392752375,0.65862882143717,0.349,0.241,1
"Npdc1",0.19618743302379,-0.655659688492184,0.047,0.121,1
"Dcun1d1",0.19618743302379,-0.507061362218923,0.047,0.121,1
"4930509J09Rik",0.19618743302379,-0.562759350204864,0.047,0.121,1
"Chn2",0.19618743302379,-0.557385891877663,0.047,0.121,1
"Ccdc174",0.19618743302379,-0.576260157828689,0.047,0.121,1
"Plpbp",0.19618743302379,-0.493441687698066,0.047,0.121,1
"Rtcb",0.19618743302379,-0.499124556212322,0.047,0.121,1
"Ubtf",0.19618743302379,-0.504725607329783,0.047,0.121,1
"Ubr2",0.19618743302379,-0.595990148556986,0.047,0.121,1
"Armh3",0.19618743302379,-0.683745699558687,0.047,0.121,1
"B3galt2",0.197246168946724,-0.552272115221319,0.07,0.155,1
"Brd3",0.197246168946724,-0.44349111651916,0.07,0.155,1
"Cdc40",0.197246168946724,-0.392615618969154,0.07,0.155,1
"Cspp1",0.197776546321204,-0.405257599087831,0.093,0.19,1
"Cacna1c",0.198619969712467,-0.556872298497499,0.279,0.379,1
"Psmc3",0.199397107022511,0.927366586509921,0.116,0.052,1
"Rrp1",0.199928976351537,-0.261859921695913,0.116,0.224,1
"Rps24",0.199928976351537,0.630170237355244,0.233,0.138,1
"Unc5c",0.20095971871722,1.11760742740342,0.14,0.069,1
"Reln",0.20095971871722,2.13676778994013,0.14,0.069,1
"Fkbp8",0.20095971871722,0.782615749682641,0.14,0.069,1
"Wasf1",0.20095971871722,0.814590435803459,0.14,0.069,1
"Ppig",0.201040603368815,-0.528940521378365,0.047,0.121,1
"Btbd3",0.201040603368815,-0.50956450052503,0.047,0.121,1
"Rnf38",0.201040603368815,-0.486401436510907,0.047,0.121,1
"Uba6",0.201040603368815,-0.261151722305649,0.047,0.121,1
"Chfr",0.201040603368815,-0.535562100670026,0.047,0.121,1
"Txndc15",0.201040603368815,-0.520551156662306,0.047,0.121,1
"Tatdn1",0.201040603368815,-0.39108267830527,0.047,0.121,1
"Gm15738",0.201040603368815,-0.544880878476352,0.047,0.121,1
"Vps8",0.201040603368815,-0.57857889207842,0.047,0.121,1
"Safb2",0.201040603368815,-0.395670832910125,0.047,0.121,1
"Yme1l1",0.201526369739799,-0.468035232908852,0.07,0.155,1
"Anapc1",0.201526369739799,0.770625718672928,0.163,0.086,1
"Ccser2",0.201526369739799,0.750381577773569,0.163,0.086,1
"Cyb5a",0.201526369739799,0.867980479465364,0.163,0.086,1
"Eno2",0.202389861333521,0.667169222508625,0.186,0.103,1
"Tagln3",0.202389861333521,0.769587881637239,0.186,0.103,1
"Otud7a",0.203565501263596,0.686373752482051,0.233,0.138,1
"Eif4a2",0.20418144392205,0.850555535523028,0.209,0.121,1
"Slc24a2",0.20419249081541,0.654922141571144,0.279,0.172,1
"Pmm1",0.204581921552318,0.861742173760432,0.116,0.052,1
"Unc79",0.205287006983633,-0.402355588285213,0.209,0.328,1
"Ddx42",0.20587390920354,-0.333646893311747,0.07,0.155,1
"Gt(ROSA)26Sor",0.205980781729144,-0.443583518314005,0.047,0.121,1
"E230029C05Rik",0.205980781729144,-0.450092914529858,0.047,0.121,1
"Parp6",0.205980781729144,-0.387488470050905,0.047,0.121,1
"Wipf2",0.205980781729144,-0.410078415943699,0.047,0.121,1
"Snx32",0.205980781729144,-0.436357661412176,0.047,0.121,1
"Syt7",0.205980781729144,-0.449062078170422,0.047,0.121,1
"Rbx1",0.206467258765026,0.598382248656553,0.186,0.103,1
"Chchd10",0.206794947283156,0.727662608927881,0.279,0.19,1
"Clta",0.207249940550654,0.608804550809653,0.233,0.138,1
"6330403K07Rik",0.207249940550654,-0.259752079688368,0.116,0.224,1
"Kcnc2",0.207406846750773,1.18536776116373,0.349,0.293,1
"Scfd2",0.207602122508947,0.47571049046964,0.279,0.172,1
"C1ql3",0.208094749127495,-0.311532542175471,0.14,0.259,1
"Hsph1",0.209864102359533,0.632664799924068,0.116,0.052,1
"Lrrc4",0.209864102359533,1.01817223254103,0.116,0.052,1
"Lsm14a",0.209864102359533,0.506701615813404,0.116,0.052,1
"Plekhm3",0.210289187150303,-0.278481569191851,0.07,0.155,1
"Sez6l2",0.210289187150303,0.620230147219819,0.163,0.086,1
"Ppp1r2",0.210289187150303,1.09757865496598,0.163,0.086,1
"Ufc1",0.210454016211316,0.868420761763903,0.14,0.069,1
"Zcchc17",0.210454016211316,0.590492818809253,0.14,0.069,1
"Cplx1",0.210454016211316,0.703153439923753,0.14,0.069,1
"Pkia",0.210603975523211,0.667301060860372,0.186,0.103,1
"Wbp4",0.210603975523211,0.711064015526632,0.186,0.103,1
"Ankhd1",0.210603975523211,0.593912974625665,0.186,0.103,1
"Tial1",0.210982529886393,0.561403078303665,0.233,0.138,1
"Mrpl1",0.211008556811928,-0.439619089590003,0.047,0.121,1
"Zfp74",0.211008556811928,-0.351821042622447,0.047,0.121,1
"Cep290",0.211008556811928,-0.376735761766257,0.047,0.121,1
"Yeats2",0.211008556811928,-0.355404560456602,0.047,0.121,1
"Me3",0.211988630670356,0.655532195121141,0.209,0.121,1
"Fat3",0.211988630670356,0.817687207343414,0.209,0.121,1
"Cpsf6",0.212952183378891,-0.382496170346716,0.233,0.345,1
"E2f3",0.21355001112513,-0.50097695384034,0.047,0.121,1
"Kpna3",0.213683131230811,-0.320784238443516,0.093,0.19,1
"Evi5",0.214772589228302,-0.476465657774716,0.07,0.155,1
"Rnf157",0.214800326061996,-0.757206197674874,0.093,0.172,1
"Sys1",0.215244320561375,0.79021371145682,0.116,0.052,1
"Dusp16",0.215244320561375,0.606139486540637,0.116,0.052,1
"Acaca",0.215244320561375,0.591617732746622,0.116,0.052,1
"Dnajc9",0.215244320561375,0.635721545925587,0.116,0.052,1
"Sgms1",0.215244320561375,0.594983742563705,0.116,0.052,1
"Pdpk1",0.215321076483282,0.522196290562659,0.14,0.069,1
"Tle5",0.215456578247771,0.727357564815957,0.256,0.155,1
"Kcnq3",0.215456578247771,0.705176954636799,0.256,0.155,1
"Sf3b1",0.215552967477715,-0.744227728975177,0.233,0.328,1
"Mbtd1",0.215619272963111,-0.536358745231084,0.116,0.207,1
"Rps29",0.215972141878424,0.527036319937892,0.209,0.121,1
"Angel2",0.216124493628683,-0.33122062741016,0.047,0.121,1
"Rimbp2",0.216124493628683,-0.299917832346682,0.047,0.121,1
"Sf3b3",0.216124493628683,-0.354890425668272,0.047,0.121,1
"Armc8",0.216124493628683,-0.252293221518955,0.047,0.121,1
"Cdv3",0.216124493628683,-0.513306024800934,0.047,0.121,1
"Flot2",0.216124493628683,-0.44566562212339,0.047,0.121,1
"Ggact",0.216124493628683,-0.385210842400879,0.047,0.121,1
"Sil1",0.216124493628683,-0.397692848343536,0.047,0.121,1
"Ubr3",0.216491246822353,0.617547674329536,0.372,0.293,1
"Kcnq1ot1",0.218019983277301,-0.357554603074342,0.209,0.328,1
"Atxn10",0.218757140968344,-0.580608438313681,0.233,0.328,1
"Ubl5",0.219056613667514,0.636487927633255,0.186,0.103,1
"Grm7",0.219206150803021,0.347188196879573,0.302,0.19,1
"Npm1",0.219206150803021,0.812886290613256,0.279,0.207,1
"Orc4",0.219324486527857,0.504514150153622,0.163,0.086,1
"Phb2",0.219324486527857,-0.323486918658884,0.07,0.155,1
"Bcl11b",0.219324486527857,0.858407451997112,0.163,0.086,1
"Cask",0.219567939704318,-0.356885848919934,0.256,0.379,1
"Fth1",0.219646039209737,0.547912903489854,0.605,0.621,1
"Txnl1",0.220009272213428,0.515393505113444,0.209,0.121,1
"Naa35",0.220268713184749,0.663411688195073,0.14,0.069,1
"Snhg6",0.220723217171204,0.677191513267598,0.116,0.052,1
"Tm9sf4",0.220723217171204,0.638982041434661,0.116,0.052,1
"Stx7",0.220723217171204,0.84145934390406,0.116,0.052,1
"Hnrnpll",0.220723217171204,0.596522144937798,0.116,0.052,1
"Tmem178",0.221329132747244,-0.303726357943601,0.047,0.121,1
"Snhg14",0.221939992961087,0.501495463995173,0.419,0.293,1
"Ube2k",0.222859424752447,0.471444073186504,0.256,0.155,1
"Slc12a5",0.223373130178087,0.66435096065557,0.186,0.103,1
"Tmsb10",0.223373130178087,0.626924540584463,0.186,0.103,1
"Rnf227",0.223373130178087,0.773322231274072,0.186,0.103,1
"ENSMUSG00000120369",0.223945235190332,-0.341464609948701,0.07,0.155,1
"Ubash3b",0.224100265658604,0.656447066286296,0.209,0.121,1
"Efhd2",0.225297377114102,0.514320668604053,0.14,0.069,1
"Zfp512",0.225297377114102,0.646839468090894,0.14,0.069,1
"Chic2",0.225297377114102,0.6081618300896,0.14,0.069,1
"Shank2",0.225297377114102,0.682738548822732,0.14,0.069,1
"Secisbp2l",0.226277254207128,0.650697209816788,0.163,0.086,1
"Kcna1",0.226301402125749,0.576269863206632,0.116,0.052,1
"Orc6",0.226301402125749,0.781636206297646,0.116,0.052,1
"Zc3h18",0.226301402125749,0.669830923708511,0.116,0.052,1
"Rhot1",0.226301402125749,0.614803009022881,0.116,0.052,1
"Safb",0.226301402125749,0.653556597258068,0.116,0.052,1
"Fam204a",0.226301402125749,0.547839811600197,0.116,0.052,1
"Nsg1",0.226398845935407,0.664375536690177,0.233,0.138,1
"Ndufa6",0.226398845935407,0.435291836852763,0.233,0.138,1
"Dock9",0.226622989549669,-0.290605139845867,0.047,0.121,1
"Cnot1",0.226628367426966,-0.355288788109375,0.14,0.241,1
"Cntn5",0.226652603947223,0.447827404729319,0.488,0.345,1
"Ppip5k2",0.227568543612992,-0.461676018757268,0.116,0.207,1
"Ophn1",0.227568543612992,-0.612248381159365,0.116,0.207,1
"Kdm5b",0.227750155706244,0.464379025047762,0.186,0.103,1
"Rab6a",0.227750155706244,0.817114916735855,0.186,0.103,1
"Grid1",0.227750155706244,0.489970212953745,0.186,0.103,1
"Tceal9",0.227750155706244,0.346445508430576,0.186,0.103,1
"Atp1b1",0.227831376905794,0.493385183080892,0.721,0.638,1
"Ildr2",0.228635176020098,0.852728672369787,0.163,0.086,1
"Eps15",0.228635176020098,0.576414491913017,0.163,0.086,1
"Hspa9",0.228635176020098,0.596399930913831,0.163,0.086,1
"Kcnj3",0.228636120237659,0.695198108954178,0.395,0.293,1
"Csnk1a1",0.231259853321149,-0.533272852919966,0.279,0.397,1
"Anapc4",0.231979453321472,0.61929193523463,0.116,0.052,1
"Cldnd1",0.231979453321472,0.647863507428357,0.116,0.052,1
"Ltn1",0.231979453321472,0.669387477559993,0.116,0.052,1
"Gm26871",0.232187958362966,-0.873646137906392,0.093,0.172,1
"Pde5a",0.232187958362966,-0.688958297851424,0.093,0.172,1
"Pds5b",0.232187958362966,0.531819484569025,0.186,0.103,1
"Grb2",0.232187958362966,-0.749862622771135,0.093,0.172,1
"Eny2",0.232187958362966,-0.631513892038291,0.093,0.172,1
"Nars",0.232444770567458,0.361053465834689,0.209,0.121,1
"Fstl5",0.232630353593242,0.287881593006564,0.279,0.172,1
"Atp6ap2",0.233328488729485,0.530717004565808,0.302,0.19,1
"Hmgcll1",0.233394634099857,0.660984089105405,0.163,0.086,1
"Sf3b6",0.233394634099857,0.289729786096436,0.163,0.086,1
"Pkn2",0.234401487391024,0.370299133297794,0.233,0.138,1
"Rab7",0.235599482740634,0.796204907809067,0.14,0.069,1
"Tm2d3",0.235599482740634,0.56693455160233,0.14,0.069,1
"Rragb",0.235599482740634,0.542371299316271,0.14,0.069,1
"Top1",0.235640308894017,-0.415543253621329,0.209,0.31,1
"Birc6",0.235640308894017,-0.289655279540767,0.209,0.31,1
"Clstn1",0.235758391856484,0.383533215610917,0.372,0.259,1
"Babam2",0.236686793984398,0.876507039831906,0.186,0.103,1
"Dzip1",0.236686793984398,-0.470875313790903,0.093,0.172,1
"Tuba1b",0.236686793984398,0.522139255090566,0.186,0.103,1
"Noc2l",0.237757915661284,0.684590135048613,0.116,0.052,1
"Prkar2a",0.237757915661284,0.496225155002706,0.116,0.052,1
"Anapc11",0.237757915661284,0.39457049857259,0.116,0.052,1
"Trappc13",0.237757915661284,0.570503116243148,0.116,0.052,1
"Rtraf",0.237757915661284,0.573272296607841,0.116,0.052,1
"Cct5",0.237757915661284,0.333815041882515,0.116,0.052,1
"Wtap",0.237757915661284,0.511777740773002,0.116,0.052,1
"Tmem63b",0.237757915661284,0.370480021649669,0.116,0.052,1
"Greb1l",0.237757915661284,0.610473005438405,0.116,0.052,1
"Diaph2",0.237757915661284,0.766358796204383,0.116,0.052,1
"Asxl1",0.238207340022462,-0.412854647117492,0.14,0.241,1
"Usp46",0.238223918409675,0.465780808192809,0.163,0.086,1
"Il1rap",0.238223918409675,0.802392721383559,0.163,0.086,1
"Tmem131l",0.238564255415081,-0.674183028623693,0.14,0.224,1
"Lamp1",0.238690657290378,0.569271897489816,0.279,0.19,1
"Pcsk1n",0.239981744876458,0.812911354931799,0.419,0.362,1
"Tlk1",0.240087165516964,-0.69078244958253,0.07,0.138,1
"Tpp2",0.24087371720605,0.534569203118681,0.14,0.069,1
"Wdr17",0.24087371720605,0.524993186193461,0.14,0.069,1
"Mtmr6",0.24087371720605,0.613818994792625,0.14,0.069,1
"Rpl7",0.241007416596209,0.475201103791195,0.209,0.121,1
"Ppt1",0.241246905861213,0.61407183040006,0.186,0.103,1
"Numb",0.241246905861213,0.411313095061081,0.186,0.103,1
"Morf4l2",0.241246905861213,-0.591350608629396,0.093,0.172,1
"Fubp1",0.242002269647253,0.589730588624044,0.372,0.293,1
"Gnb1",0.242601243803285,-0.615109367514689,0.14,0.224,1
"Dnmt3a",0.242601243803285,-0.502429086795505,0.14,0.224,1
"Hnrnpdl",0.242677957587278,-0.495369428772482,0.209,0.31,1
"Hipk2",0.243123321450053,0.471899562921083,0.163,0.086,1
"Mark3",0.243278681270685,0.524127924458154,0.256,0.172,1
"Ngef",0.24363730011282,0.440803220052324,0.116,0.052,1
"5830417I10Rik",0.24363730011282,0.3627194160882,0.116,0.052,1
"Trappc3",0.24363730011282,0.43363111780206,0.116,0.052,1
"Igf2bp3",0.24363730011282,0.522802367812974,0.116,0.052,1
"Hs3st5",0.24363730011282,0.477989797064283,0.116,0.052,1
"Tbc1d15",0.24363730011282,0.382819299209454,0.116,0.052,1
"Pacsin2",0.24363730011282,0.503564537709749,0.116,0.052,1
"Tsc2",0.24363730011282,0.542208844531609,0.116,0.052,1
"Lgi1",0.24363730011282,0.504525709700777,0.116,0.052,1
"Srsf5",0.244165441441279,0.531356469924251,0.349,0.276,1
"Syt4",0.244224550924337,-0.490878838291852,0.116,0.207,1
"Smc6",0.245207541775627,-0.836219887250711,0.07,0.138,1
"Lrp12",0.245207541775627,-0.582918951052912,0.07,0.138,1
"Brk1",0.245371048849576,0.492316800782819,0.209,0.121,1
"Thy1",0.245371048849576,0.687151012865826,0.209,0.121,1
"Rbfox3",0.245371048849576,0.372751665293187,0.209,0.121,1
"Nrf1",0.245868524470873,-0.386827802020802,0.093,0.172,1
"Enpp2",0.245868524470873,0.378175341104152,0.186,0.103,1
"Atraid",0.246230563304735,0.462059493702518,0.14,0.069,1
"Emc9",0.246230563304735,0.558913203017114,0.14,0.069,1
"Stxbp5",0.246686031205805,-0.558550844671678,0.14,0.224,1
"Cbx5",0.246686031205805,-0.603250227322536,0.14,0.224,1
"Sparcl1",0.247379691597983,0.544876603307004,0.349,0.241,1
"Rere",0.247439398541977,-0.490900523813988,0.419,0.5,1
"Aak1",0.247733966586145,0.474046044874426,0.302,0.207,1
"Relch",0.248093118869391,0.574720563647196,0.163,0.086,1
"Pafah1b2",0.248093118869391,0.563880452700537,0.163,0.086,1
"Rasgrf2",0.248093118869391,0.325973190533791,0.163,0.086,1
"Dlx1",0.248519055001878,-0.446741318805742,0.116,0.207,1
"Ipo9",0.249618082779525,0.402948817150231,0.116,0.052,1
"Miga2",0.249618082779525,0.388935247056011,0.116,0.052,1
"Dlgap3",0.249618082779525,0.423205367186871,0.116,0.052,1
"Hmgcl",0.249618082779525,0.320794690394978,0.116,0.052,1
"Arhgap20",0.249618082779525,0.449554910070278,0.116,0.052,1
"Zc3h7a",0.249618082779525,0.347443075012307,0.116,0.052,1
"Ints6l",0.249618082779525,0.34152668172789,0.116,0.052,1
"Ubl3",0.250194971413921,0.340676969344599,0.256,0.155,1
"Tsg101",0.250551867212972,0.29629001691542,0.186,0.103,1
"Ppm1h",0.250551867212972,0.478520741512691,0.186,0.103,1
"Ttll5",0.250551867212972,-0.465930559326096,0.093,0.172,1
"Cox6a1",0.250818764198914,0.760545504220021,0.233,0.155,1
"Gabra1",0.251003168304413,0.356393226021407,0.233,0.138,1
"Nebl",0.251670359614483,0.477212407702701,0.14,0.069,1
"A330015K06Rik",0.251670359614483,0.564416336415634,0.14,0.069,1
"Sdhb",0.251670359614483,0.454624607350122,0.14,0.069,1
"Gm44560",0.251670359614483,0.495331714439017,0.14,0.069,1
"Lncpint",0.251771847645668,0.28791475266258,0.279,0.172,1
"Kidins220",0.252310040375978,0.39496634657027,0.326,0.241,1
"Pbx3",0.252528470495811,-0.953625880904717,0.372,0.466,1
"Atf6",0.253133569096181,0.507138618666696,0.163,0.086,1
"Rpl8",0.253927963722694,0.504515093416949,0.279,0.19,1
"Abhd12",0.25426385394245,0.420821174331514,0.209,0.121,1
"Slf1",0.255297138147905,-0.465466916252569,0.093,0.172,1
"Rab11b",0.255676961089574,-0.581809477285777,0.07,0.138,1
"Ino80d",0.255700703985757,0.29765756256807,0.116,0.052,1
"Gpr107",0.255700703985757,0.334439684380105,0.116,0.052,1
"Tmed2",0.255700703985757,0.363077228753123,0.116,0.052,1
"Slc27a1",0.255700703985757,0.368158548059921,0.116,0.052,1
"Atp1b3",0.255700703985757,0.270205316157546,0.116,0.052,1
"Adcy9",0.255700703985757,0.436709405538561,0.116,0.052,1
"Trip12",0.255701914029339,-0.373760539180105,0.186,0.276,1
"Epc1",0.255935168186345,-0.656315489639144,0.233,0.31,1
"Usp24",0.257193420598486,0.369051500941365,0.14,0.069,1
"Ddx5",0.257212116840809,-0.255328279660344,0.512,0.603,1
"Rev3l",0.257414040058094,-0.391325551410459,0.326,0.414,1
"Rnpc3",0.257840824395915,-0.506148623236377,0.186,0.259,1
"Abhd17a",0.258244912976282,0.417105860263839,0.163,0.086,1
"Rif1",0.258793363637426,-0.632430072683565,0.116,0.19,1
"Tmx4",0.259035407013065,0.587985765881978,0.302,0.207,1
"Slc4a10",0.259049469373739,0.448446006455438,0.326,0.224,1
"2610008E11Rik",0.259604777150803,0.321198597355613,0.233,0.138,1
"Ap2b1",0.259604777150803,0.359700588414142,0.233,0.138,1
"Auh",0.259604777150803,0.415870236052974,0.233,0.138,1
"Ctnna2",0.259770517284417,-0.414567862863988,0.535,0.638,1
"Supt20",0.260104527739064,-0.325509447500406,0.093,0.172,1
"Cdk12",0.260104527739064,-0.543150615471093,0.093,0.172,1
"Daam1",0.260104527739064,0.34665585457561,0.186,0.103,1
"Csnk1g3",0.260104527739064,0.411763283165457,0.186,0.103,1
"Ppp6r3",0.260104527739064,-0.489623708286453,0.093,0.172,1
"Cwf19l2",0.261026546066863,-0.595609815271758,0.07,0.138,1
"Zfp799",0.261026546066863,-0.712414979770693,0.07,0.138,1
"Itch",0.261718432399694,-0.346653119725032,0.116,0.207,1
"Aqr",0.26188556737716,-0.834026364521312,0.047,0.103,1
"9430015G10Rik",0.26188556737716,-0.603080528425185,0.047,0.103,1
"Gatad1",0.26188556737716,0.426075362647366,0.116,0.052,1
"Coro1c",0.26188556737716,-0.662268834273026,0.047,0.103,1
"Grm8",0.26188556737716,-0.945237685501788,0.047,0.103,1
"Atg16l2",0.26188556737716,0.478353376001891,0.116,0.052,1
"Arhgef7",0.26188556737716,-0.5600968926048,0.047,0.103,1
"Ak6",0.26188556737716,-0.615843531526982,0.047,0.103,1
"Slc15a2",0.26188556737716,-0.70184285589561,0.047,0.103,1
"Ptchd4",0.26188556737716,0.422855927097175,0.116,0.052,1
"Fktn",0.262800036067168,0.446017043929727,0.14,0.069,1
"Meg3",0.263248624714991,0.306411652565141,0.86,0.81,1
"Nfasc",0.263389943238053,0.500612716655189,0.256,0.172,1
"Nrg3os",0.263427373415612,0.931852914248709,0.163,0.086,1
"Atp6ap1",0.263427373415612,0.36628890364166,0.163,0.086,1
"Rc3h1",0.264974212598772,0.342102708025647,0.186,0.103,1
"Ankib1",0.264974212598772,-0.376180121594829,0.093,0.172,1
"Cdc5l",0.264974212598772,0.374771780031634,0.186,0.103,1
"Lingo2",0.2653698218783,0.711995408366988,0.512,0.414,1
"Ndfip2",0.266223994111506,-0.302540302161606,0.116,0.207,1
"Tro",0.266223994111506,0.850516142189951,0.209,0.138,1
"Tsga10",0.266453040956811,-0.436034687542345,0.07,0.138,1
"Cyb5b",0.266453040956811,-0.453048138660624,0.07,0.138,1
"Jpx",0.266453040956811,-0.56971377865629,0.07,0.138,1
"Gtdc1",0.267546072115217,0.767259951689636,0.256,0.172,1
"Ppp2r5a",0.268173039037536,0.270872604739631,0.116,0.052,1
"Pcbp1",0.268173039037536,0.29415979123903,0.116,0.052,1
"Rab5b",0.268173039037536,-0.726692026643742,0.047,0.103,1
"Itsn2",0.268173039037536,-0.650090768736645,0.047,0.103,1
"Mal2",0.268173039037536,0.253839611213047,0.116,0.052,1
"Litaf",0.268173039037536,0.250197339219708,0.116,0.052,1
"Rps5",0.268490470649221,0.311904555221516,0.14,0.069,1
"Wdr37",0.268490470649221,0.278245232012104,0.14,0.069,1
"1810013L24Rik",0.268490470649221,0.283602951169688,0.14,0.069,1
"Hmgn3",0.268681155028613,0.411314838807653,0.163,0.086,1
"St6galnac5",0.269906355238195,-0.523516028838301,0.093,0.172,1
"Prdx2",0.269906355238195,-0.470342320501073,0.093,0.172,1
"Vstm2a",0.269906355238195,0.315150786551237,0.186,0.103,1
"Ncl",0.270782655609821,0.771861508421924,0.209,0.138,1
"Tmsb4x",0.271320897621209,0.6231125262724,0.535,0.466,1
"Ctdspl2",0.271956663710225,-0.450785317935958,0.07,0.138,1
"Tm2d1",0.271956663710225,-0.518777674904426,0.07,0.138,1
"Samm50",0.271956663710225,-0.433004851327207,0.07,0.138,1
"Tcp1",0.271956663710225,-0.636329529708941,0.07,0.138,1
"Creb1",0.272716111237759,-0.634024548549694,0.116,0.19,1
"Atcay",0.272716111237759,-0.735231935367125,0.116,0.19,1
"Cop1",0.272886215706654,0.270343815874655,0.233,0.138,1
"Hdlbp",0.274264963272459,0.290064280324557,0.14,0.069,1
"Abca5",0.274264963272459,0.278973825989476,0.14,0.069,1
"Ric1",0.274264963272459,0.306450618672652,0.14,0.069,1
"Capzb",0.274563446623461,0.277838841125162,0.116,0.052,1
"N4bp2l1",0.274563446623461,-0.454332508473084,0.047,0.103,1
"Gm9801",0.274563446623461,-0.469578271292567,0.047,0.103,1
"Arhgef17",0.274563446623461,-0.473980216619109,0.047,0.103,1
"Cog2",0.274563446623461,-0.519443656026938,0.047,0.103,1
"Snrk",0.274563446623461,-0.667230441178742,0.047,0.103,1
"Gm48512",0.274563446623461,-0.603607011119314,0.047,0.103,1
"Lima1",0.274563446623461,-0.846824125979962,0.047,0.103,1
"Top3b",0.274563446623461,-0.567358353610294,0.047,0.103,1
"Dgcr8",0.274563446623461,-0.753879035537273,0.047,0.103,1
"Ctnna1",0.274563446623461,-0.61675917738394,0.047,0.103,1
"Btaf1",0.274563446623461,-0.556007541308112,0.047,0.103,1
"Kif1a",0.276629194395488,0.591755926658342,0.233,0.155,1
"Snd1",0.277520049796639,-0.718185248078372,0.093,0.155,1
"Acap3",0.277537610320523,-0.379026963975013,0.07,0.138,1
"Nhsl1",0.277537610320523,-0.586877294963525,0.07,0.138,1
"Shank1",0.279403406709926,0.331617535744803,0.163,0.086,1
"Klhl22",0.279403406709926,0.326964691981588,0.163,0.086,1
"Bin1",0.279958591923922,0.347906654436572,0.186,0.103,1
"Gm37240",0.280059721778433,-0.439748802353133,0.116,0.207,1
"Pak2",0.280123726655099,0.272425739344347,0.14,0.069,1
"Gon4l",0.281057078517866,-0.546701223080813,0.047,0.103,1
"Gfpt1",0.281057078517866,-0.572329769863377,0.047,0.103,1
"Dhx32",0.281057078517866,-0.512529930891604,0.047,0.103,1
"D830024N08Rik",0.281057078517866,-0.705192645598487,0.047,0.103,1
"Rps6kb1",0.281057078517866,-0.587144718247912,0.047,0.103,1
"Hnrnpa0",0.281057078517866,-0.550668206572511,0.047,0.103,1
"Fbxl3",0.281057078517866,-0.462078854453656,0.047,0.103,1
"Spaca6",0.281057078517866,-0.441593213335784,0.047,0.103,1
"Rsrp1",0.282209068860239,-0.413119594134457,0.442,0.517,1
"Rad23b",0.28227772303649,-0.523751965636293,0.116,0.19,1
"Nav2",0.282323908459339,0.490872341243732,0.326,0.241,1
"Rab3gap1",0.283196054417962,-0.408717186069201,0.07,0.138,1
"Abce1",0.283196054417962,-0.419878594567948,0.07,0.138,1
"Pabpn1",0.283196054417962,-0.449786592193885,0.07,0.138,1
"Rngtt",0.285621534346288,-0.455623045311082,0.14,0.224,1
"Canx",0.285621534346288,0.434428794374261,0.233,0.155,1
"Abi2",0.286625085447357,-0.567687739680228,0.14,0.207,1
"Cers6",0.287142781040416,-0.58135157086556,0.116,0.19,1
"Coro2b",0.287142781040416,-0.495573401401949,0.116,0.19,1
"Ppp1r10",0.287142781040416,-0.526084425655154,0.116,0.19,1
"Sobp",0.287452684079511,-0.423240228173868,0.256,0.345,1
"Herc1",0.287484045851173,-0.524449998868733,0.302,0.379,1
"4732440D04Rik",0.287654183003826,-0.517381956866156,0.047,0.103,1
"Eef2k",0.287654183003826,-0.451049315890901,0.047,0.103,1
"Pgls",0.287654183003826,-0.545011731119801,0.047,0.103,1
"2810004N23Rik",0.287654183003826,-0.516537552585891,0.047,0.103,1
"Baz2a",0.287654183003826,-0.425439597659725,0.047,0.103,1
"Fbxo33",0.287654183003826,-0.525255165985028,0.047,0.103,1
"Atxn3",0.287654183003826,-0.446505032018473,0.047,0.103,1
"Etv5",0.287654183003826,-0.441728576243925,0.047,0.103,1
"Atat1",0.287654183003826,-0.547930988522275,0.047,0.103,1
"Igip",0.287654183003826,-0.425998804088632,0.047,0.103,1
"Ccbe1",0.287654183003826,-0.642836179391715,0.047,0.103,1
"Msantd2",0.288099276280061,-0.575562285597044,0.093,0.155,1
"Cdc73",0.288932146872688,-0.356385301059152,0.07,0.138,1
"Plxnc1",0.288932146872688,-0.316241366872404,0.07,0.138,1
"Kpna1",0.288932146872688,-0.380523219772579,0.07,0.138,1
"Cnot4",0.289879464347219,-0.344776818713714,0.186,0.276,1
"Sbno1",0.290190998383454,0.403387750448025,0.233,0.155,1
"Aff3",0.290649121065506,-0.436033995078662,0.186,0.259,1
"B230219D22Rik",0.290786028827244,0.786664354587039,0.163,0.103,1
"Slc22a17",0.291165400704292,0.537286886477793,0.395,0.31,1
"Bex3",0.292064120576273,-0.423663844159995,0.116,0.19,1
"Mkln1",0.29342766688712,-0.474080825856263,0.163,0.241,1
"Brinp3",0.294354967459777,-0.704396967784593,0.047,0.103,1
"Tgfbr1",0.294354967459777,-0.503852096722801,0.047,0.103,1
"Ube2j2",0.294354967459777,-0.38849840713177,0.047,0.103,1
"ENSMUSG00000121179",0.294354967459777,-0.589535646240309,0.047,0.103,1
"Bckdha",0.294354967459777,-0.383009704885974,0.047,0.103,1
"2410002F23Rik",0.294354967459777,-0.486995632642277,0.047,0.103,1
"Cers4",0.294354967459777,-0.417291357873337,0.047,0.103,1
"Tet1",0.294354967459777,-0.542112069621411,0.047,0.103,1
"Dhx40",0.294354967459777,-0.517874605696519,0.047,0.103,1
"Ercc6",0.294354967459777,-0.379451605920917,0.047,0.103,1
"Gramd4",0.294354967459777,-0.411501700268511,0.047,0.103,1
"Etv6",0.294741207480957,-0.320667625501155,0.07,0.138,1
"Clic4",0.294746015407063,-0.343102692524625,0.07,0.138,1
"Zfp821",0.294746015407063,-0.334060723949135,0.07,0.138,1
"Sesn1",0.294746015407063,-0.482662953940441,0.07,0.138,1
"Dld",0.294746015407063,-0.433120230711402,0.07,0.138,1
"Tspan5",0.295373826925032,-0.517654813305831,0.279,0.362,1
"Kdm6a",0.29602571883217,0.375128313948138,0.163,0.086,1
"Gtf2i",0.297041811445492,-0.446826533845757,0.116,0.19,1
"Nrg1",0.297085363075746,1.13421644460219,0.326,0.293,1
"Rps7",0.297737403209051,0.312174150162634,0.256,0.155,1
"Tubb2a",0.299037503739658,0.780982079763915,0.349,0.276,1
"Kcnn2",0.299271888179878,-0.674169140351042,0.186,0.259,1
"Eif3c",0.299473787132374,0.630670023352282,0.233,0.155,1
"Gm38162",0.301159597577371,-0.364521463477522,0.047,0.103,1
"Arl4c",0.301159597577371,-0.393930017406584,0.047,0.103,1
"Eif2ak4",0.301159597577371,-0.37461089464647,0.047,0.103,1
"Spata5",0.301159597577371,-0.359618995292764,0.047,0.103,1
"Hs2st1",0.301159597577371,-0.565858645055768,0.047,0.103,1
"Lrp8os2",0.301159597577371,-0.40067688701517,0.047,0.103,1
"Rbpj",0.301159597577371,-0.389057740506256,0.047,0.103,1
"Kdm7a",0.301159597577371,-0.437813811585681,0.047,0.103,1
"Kbtbd2",0.301159597577371,-0.546898998132354,0.047,0.103,1
"U2af2",0.301159597577371,-0.385184485024547,0.047,0.103,1
"Abhd8",0.301159597577371,-0.4375804925324,0.047,0.103,1
"Oprm1",0.301159597577371,-0.347429530365429,0.047,0.103,1
"Ankrd40",0.301159597577371,-0.34260787963368,0.047,0.103,1
"Zfp410",0.301159597577371,-0.321691485526971,0.047,0.103,1
"Tmem161b",0.301159597577371,-0.356230031198954,0.047,0.103,1
"Ndrg2",0.301159597577371,-0.498277356471111,0.047,0.103,1
"Rlim",0.301159597577371,-0.395277165464085,0.047,0.103,1
"Pcdh15",0.303044578573036,-0.68560682905086,0.326,0.414,1
"Hnrnpc",0.30364664281139,0.348061508407971,0.279,0.19,1
"Sec62",0.303762254437244,0.360311838062598,0.395,0.293,1
"Micu3",0.30419325826323,0.681638457515822,0.233,0.155,1
"Uso1",0.306607473607706,-0.266469234456603,0.07,0.138,1
"Kcnb1",0.307166464048251,-0.332074231939508,0.116,0.19,1
"Ncor2",0.307166464048251,-0.561302443299441,0.116,0.19,1
"Tnrc18",0.307166464048251,-0.415579916541253,0.116,0.19,1
"Rmdn3",0.308068196603185,-0.272443762410701,0.047,0.103,1
"Cdkn1b",0.308068196603185,-0.301854261264367,0.047,0.103,1
"Mettl9",0.308068196603185,-0.383902141740383,0.047,0.103,1
"2810013P06Rik",0.308068196603185,-0.311108925822713,0.047,0.103,1
"Ddx10",0.308068196603185,-0.479795666459454,0.047,0.103,1
"Pcsk1",0.308068196603185,-0.27399388034609,0.047,0.103,1
"Serp2",0.308958771333692,0.512148519126584,0.233,0.155,1
"Gm5087",0.31006427781646,-0.781815809902304,0.093,0.155,1
"Ppp2r2b",0.310576523429909,0.311711661194032,0.326,0.224,1
"Pclo",0.311356905017602,0.574856696891264,0.233,0.155,1
"Vamp2",0.31231350256165,-0.597802527549413,0.116,0.19,1
"Khdrbs2",0.312330088649093,0.604328958994111,0.186,0.121,1
"Kansl1",0.312416297589691,-0.556572922867052,0.326,0.397,1
"Stim2",0.312655199629366,-0.39442183253445,0.07,0.138,1
"Sppl3",0.312655199629366,-0.284660057316867,0.07,0.138,1
"Cct7",0.312655199629366,-0.252602647178833,0.07,0.138,1
"Pid1",0.314215285826862,0.349720554997484,0.209,0.138,1
"Sbf2",0.314796467675791,-0.612735969909952,0.279,0.362,1
"Cnbp",0.315080844605471,-0.250630193839801,0.047,0.103,1
"1110032A03Rik",0.315080844605471,-0.315276990710948,0.047,0.103,1
"Ube2q2",0.315080844605471,-0.293170246475827,0.047,0.103,1
"Ube2m",0.31572393623716,-0.554156919449796,0.093,0.155,1
"A930015D03Rik",0.31572393623716,-0.650854383951783,0.093,0.155,1
"Cd47",0.316239417479751,0.407216732868141,0.256,0.172,1
"Stmn3",0.316241775639683,0.544421696298752,0.419,0.328,1
"Pura",0.316376273145661,0.293303115037049,0.349,0.241,1
"Cck",0.317541083072012,0.499103568363275,0.581,0.483,1
"Ndufs7",0.31767738556379,0.829041246540319,0.186,0.121,1
"Slc1a3",0.318637083131068,0.658041601557723,0.233,0.155,1
"Usp37",0.32047219853422,-0.545143577769713,0.14,0.207,1
"Rnf114",0.322197577767131,-0.301971737319399,0.047,0.103,1
"Apba2",0.322777099378317,-0.319963682950162,0.116,0.19,1
"Dst",0.323367920033363,-0.549295008440551,0.233,0.293,1
"Sipa1l2",0.324339835536075,0.492867172362852,0.163,0.103,1
"Spock2",0.324457257077816,0.534524288026595,0.209,0.138,1
"Fhod3",0.324457257077816,0.44145230146592,0.209,0.138,1
"2210408I21Rik",0.324932625483954,0.594546547404242,0.256,0.19,1
"Ncam2",0.325910233590002,-0.64605628262964,0.302,0.397,1
"St7l",0.327245508467481,-0.51777742642802,0.093,0.155,1
"Apbb2",0.327245508467481,-0.515927466680969,0.093,0.155,1
"Fscn1",0.327245508467481,-0.485121530955337,0.093,0.155,1
"Frmd4a",0.327763545439067,0.255417197275532,0.465,0.379,1
"Rgs7",0.32934559133254,-0.793149072904207,0.279,0.328,1
"A630089N07Rik",0.329418387706072,-0.294765568796681,0.047,0.103,1
"Papola",0.329629120252449,0.713243782947644,0.256,0.19,1
"Glp2r",0.329655531524652,0.459800630214479,0.209,0.138,1
"Gdi2",0.329658847272797,0.513141722941179,0.209,0.138,1
"Chgb",0.329779645730954,0.502613505770592,0.302,0.207,1
"Rab3gap2",0.330168029828389,0.658338576118439,0.163,0.103,1
"Tomm20",0.330168029828389,0.614814516192306,0.163,0.103,1
"Psma4",0.330168029828389,0.683216881117855,0.163,0.103,1
"Rian",0.332195131763684,-0.331530361331853,0.209,0.293,1
"Dcx",0.332310372614143,-0.373806982412858,0.256,0.362,1
"Rundc3a",0.33310739493505,-0.612923205652526,0.093,0.155,1
"Pitpnc1",0.33310739493505,-0.704758067286277,0.093,0.155,1
"Dym",0.33310739493505,-0.64485629854626,0.093,0.155,1
"Arx",0.33310739493505,-0.462157379551261,0.093,0.155,1
"Mical3",0.33352279825702,0.360251692769507,0.233,0.155,1
"Napb",0.334077152286895,0.578761708426089,0.186,0.121,1
"Cltc",0.334077152286895,0.457566128330256,0.186,0.121,1
"Set",0.336063597900036,0.600411429223523,0.163,0.103,1
"Slc24a5",0.336063597900036,0.563828456585484,0.163,0.103,1
"Hpca",0.336063597900036,0.646675854103588,0.163,0.103,1
"Nedd8",0.336063597900036,0.535391059775461,0.163,0.103,1
"Arpc2",0.338896185866499,-0.367912826182777,0.116,0.19,1
"H2az2",0.338896185866499,-0.330157406322679,0.116,0.19,1
"Atf7ip",0.339036631625944,-0.636866701074373,0.093,0.155,1
"Iqcb1",0.339036631625944,-0.494453530959106,0.093,0.155,1
"Selenok",0.339662955427947,0.461638252249182,0.186,0.121,1
"Scarb2",0.340835677268111,0.696327302011547,0.14,0.086,1
"Dnaja1",0.340860387997334,0.75497993391245,0.233,0.172,1
"Negr1",0.340889992322361,0.263234139873979,0.721,0.621,1
"Scamp5",0.342026487799227,0.558110814700155,0.163,0.103,1
"Map3k7",0.343373350992499,-0.510519131620557,0.07,0.121,1
"Epha5",0.343691898018993,0.707425244218926,0.233,0.155,1
"Gad1",0.343769134268787,0.722426933901525,0.512,0.448,1
"Rps13",0.34438207640677,-0.344985649002452,0.116,0.19,1
"Dnajc7",0.34438207640677,-0.289478112669049,0.116,0.19,1
"Slc25a51",0.345033156884165,-0.566319324638685,0.093,0.155,1
"Nap1l1",0.345110242577525,0.342181014984058,0.256,0.172,1
"Ralgapb",0.345308289153605,0.432097029517626,0.186,0.121,1
"Clcn3",0.345507441742321,0.494886607366438,0.279,0.207,1
"Rnf187",0.345887332060443,0.87868840839178,0.233,0.172,1
"Lrig2",0.347312381117525,0.769628336030282,0.14,0.086,1
"Adamtsl1",0.347312381117525,0.711390088483214,0.14,0.086,1
"Fnbp4",0.348052482050237,0.364358463662939,0.163,0.103,1
"Anp32a",0.348056628116969,0.413540682276115,0.163,0.103,1
"Mapk9",0.348056628116969,0.534335411315219,0.163,0.103,1
"Cplx2",0.348056628116969,0.711732229505219,0.163,0.103,1
"Zcrb1",0.348056628116969,0.525260750913746,0.163,0.103,1
"Hs6st3",0.348852274605195,0.786458839730547,0.256,0.19,1
"Ogt",0.349178361647541,-0.424936272868546,0.279,0.345,1
"Ttc28",0.350080574888767,-0.384686606670789,0.163,0.241,1
"Smim4",0.350165163067197,-0.627192976711107,0.07,0.121,1
"Rab3c",0.350231291514304,0.433525531812242,0.279,0.207,1
"Cpe",0.351039216188383,0.488613734717073,0.465,0.379,1
"Spred1",0.351096889500023,-0.473740581227976,0.093,0.155,1
"Trim35",0.351096889500023,-0.491651303476605,0.093,0.155,1
"Mapk4",0.351096889500023,-0.324675220042714,0.093,0.155,1
"Nyap2",0.351482943454737,0.969460652433163,0.209,0.155,1
"Srrm2",0.35204791563877,0.290655434854608,0.419,0.328,1
"Soga1",0.353866852039999,0.773845588009382,0.14,0.086,1
"Psmd7",0.353866852039999,0.551402765063879,0.14,0.086,1
"Kcnab1",0.354153927796272,0.421458778215661,0.163,0.103,1
"Psmb4",0.354153927796272,0.720438927587473,0.163,0.103,1
"Aimp1",0.354153927796272,0.728754600251222,0.163,0.103,1
"Tasor",0.354153927796272,0.608176309221606,0.163,0.103,1
"Sf1",0.354153927796272,0.557931299805554,0.163,0.103,1
"Cplane1",0.35495804166581,-0.45440512535499,0.209,0.293,1
"Fut8",0.355000987919722,-0.613173325160848,0.209,0.259,1
"R3hdm1",0.355017964427264,0.345110679050123,0.488,0.362,1
"Scn1a",0.355123685545846,0.463294296654627,0.279,0.224,1
"Ubn2",0.35529951788375,0.551448312538914,0.419,0.362,1
"Washc2",0.355382200243247,0.668355692558786,0.116,0.069,1
"Slc1a2",0.356306021515315,0.47083225885123,0.349,0.259,1
"Cpne4",0.356471561768583,0.383115732292804,0.209,0.138,1
"Hnrnpa2b1",0.356767492027567,-0.35305040301872,0.442,0.483,1
"Mapk8",0.356777257622852,0.395419766476156,0.186,0.121,1
"Pdzd2",0.356777257622852,0.502231406480758,0.186,0.121,1
"C79798",0.357041585838757,-0.616152426634688,0.07,0.121,1
"Orc3",0.357041585838757,-0.549300615998027,0.07,0.121,1
"Mrpl20",0.357041585838757,-0.575904367254027,0.07,0.121,1
"Fam133b",0.357041585838757,-0.633164821947285,0.07,0.121,1
"Ccdc82",0.357041585838757,-0.433011637696811,0.07,0.121,1
"Xpo1",0.357041585838757,-0.609206349651472,0.07,0.121,1
"Map2k6",0.357227728523743,-0.521430441125299,0.093,0.155,1
"Lyst",0.357227728523743,-0.360563504399381,0.093,0.155,1
"Rhobtb3",0.357227728523743,-0.372098038653399,0.093,0.155,1
"Sfr1",0.357227728523743,-0.349232232073277,0.093,0.155,1
"5330434G04Rik",0.35748711921063,0.374736170010756,0.302,0.207,1
"Astn2",0.358400693391759,0.308050421828337,0.233,0.31,1
"Smim13",0.358725601674354,0.269575331707891,0.256,0.19,1
"Erbin",0.35922642940196,-0.527029442287268,0.14,0.19,1
"Tusc3",0.359626102418262,-0.382741741159777,0.209,0.293,1
"Nucks1",0.359808918309416,0.430680755848145,0.279,0.207,1
"Cstf3",0.360156706600913,-0.294862814297797,0.163,0.241,1
"Limch1",0.360498954002138,0.462419722346501,0.14,0.086,1
"Gabarap",0.360498954002138,0.787368960573147,0.14,0.086,1
"Baalc",0.360498954002138,0.589770318325165,0.14,0.086,1
"Hmgb1",0.361955775587182,0.462984306731576,0.233,0.155,1
"Gripap1",0.361994637997606,0.412851686923861,0.209,0.138,1
"Zzz3",0.362600708216243,0.372120394466127,0.186,0.121,1
"Nkain3",0.362600708216243,0.371924477888573,0.186,0.121,1
"Arhgap35",0.362600708216243,0.358969251449198,0.186,0.121,1
"St13",0.362600708216243,0.541438124978267,0.186,0.121,1
"Nek7",0.362663133903749,0.516984886600421,0.116,0.069,1
"Fabp3",0.362663133903749,0.574189055636196,0.116,0.069,1
"Gmds",0.362663133903749,0.573561640189754,0.116,0.069,1
"Slitrk4",0.362663133903749,0.778602838291362,0.116,0.069,1
"Rpl12",0.363425553088047,-0.339039465847131,0.093,0.155,1
"Dennd5b",0.363425553088047,-0.328198261443326,0.093,0.155,1
"Magi1",0.363531128586096,-0.366509738954145,0.419,0.466,1
"Rasgef1a",0.364002450833028,-0.504374755356421,0.07,0.121,1
"Tm6sf1",0.364002450833028,-0.486331262203022,0.07,0.121,1
"Ssr4",0.364002450833028,-0.522349695026396,0.07,0.121,1
"Scn2a",0.365241074477822,0.49117734037678,0.349,0.259,1
"Atp1a1",0.365262369129063,-0.425512942217691,0.163,0.241,1
"Vps13d",0.365534627115272,-0.567120499291753,0.116,0.172,1
"Numa1",0.365534627115272,-0.452960037317457,0.116,0.172,1
"Gad2",0.366180034050365,0.693377549629815,0.419,0.345,1
"1500011B03Rik",0.36654954168911,0.467398387947087,0.163,0.103,1
"Pomp",0.36654954168911,0.385512479444703,0.163,0.103,1
"Pola1",0.36654954168911,0.714569398777871,0.163,0.103,1
"Kif1b",0.366955803579056,-0.283532737427314,0.302,0.397,1
"Adar",0.367208524170404,0.475215015257329,0.14,0.086,1
"Sem1",0.367208524170404,0.578281196310311,0.14,0.086,1
"Prmt1",0.367208524170404,0.575770641518806,0.14,0.086,1
"Ifrd1",0.367208524170404,0.446004905876708,0.14,0.086,1
"Lnpep",0.367571026782794,0.282624762907552,0.209,0.138,1
"Stmn1",0.367676298001113,0.502295404817152,0.628,0.534,1
"Ip6k2",0.367678138503363,-0.313359120008123,0.14,0.207,1
"Ano6",0.367678138503363,-0.30485481767087,0.14,0.207,1
"Etl4",0.368483320839114,1.43056270138035,0.186,0.121,1
"Bach2",0.368483320839114,0.600299489795254,0.186,0.121,1
"Rab6b",0.369134312539755,-0.299413096059636,0.279,0.362,1
"Ntng1",0.370036763357864,1.66419343660171,0.116,0.069,1
"Gm43713",0.371047557669042,-0.428778448723306,0.07,0.121,1
"Virma",0.371047557669042,-0.641275639274914,0.07,0.121,1
"Crtc3",0.371047557669042,-0.626660886014966,0.07,0.121,1
"Pde4a",0.371047557669042,-0.479978332598388,0.07,0.121,1
"Rad17",0.371047557669042,-0.465333660160994,0.07,0.121,1
"Dlgap4",0.371446772464662,-0.625501993738152,0.116,0.172,1
"Smarcc1",0.371446772464662,-0.80455362598469,0.116,0.172,1
"Vti1b",0.371725505016952,-0.417321698698281,0.163,0.224,1
"Ola1",0.372847573956925,0.346620189129765,0.163,0.103,1
"Wdr47",0.372847573956925,0.405720150309761,0.163,0.103,1
"Syngr1",0.372847573956925,0.303097890701981,0.163,0.103,1
"Rps4x",0.373200617495481,0.403031010544706,0.209,0.138,1
"BC031181",0.373861417953307,0.671109872226478,0.256,0.19,1
"Pdia6",0.373995372675145,0.451790301352641,0.14,0.086,1
"Nsun2",0.373995372675145,0.545018562300675,0.14,0.086,1
"Sema5a",0.373995372675145,0.543716432108626,0.14,0.086,1
"Cyhr1",0.373995372675145,0.523495630833949,0.14,0.086,1
"Pja1",0.373995372675145,0.588011511795416,0.14,0.086,1
"Sptan1",0.374476568483092,-0.740310320879752,0.209,0.259,1
"Phip",0.375003871694598,-0.392458515105929,0.256,0.345,1
"Cdc42bpa",0.375480473119658,0.293421658751946,0.372,0.276,1
"Vps35",0.376021574781841,-0.30325245879126,0.093,0.155,1
"Wdr33",0.377033274951447,-0.444987628384574,0.163,0.224,1
"Pdzd4",0.377417876742352,-0.468661925926105,0.116,0.172,1
"Ccdc107",0.377502826578126,0.464684488813906,0.116,0.069,1
"Galnt18",0.377502826578126,0.790531281780307,0.116,0.069,1
"Xpo7",0.377911755198776,-0.421192763292258,0.233,0.293,1
"Rpl35",0.378176673776247,-0.505506309499893,0.07,0.121,1
"Ctbp1",0.378176673776247,-0.545804081324632,0.07,0.121,1
"Ccdc127",0.378176673776247,-0.486501301499898,0.07,0.121,1
"Gm10785",0.378176673776247,-0.369450043100732,0.07,0.121,1
"Caprin1",0.378728952310276,-0.315845463880427,0.14,0.207,1
"Syne1",0.378872641529235,0.333577443132866,0.419,0.345,1
"Chchd2",0.378903404684613,0.692694036851758,0.326,0.276,1
"Syncrip",0.379212201377298,0.414955019000711,0.163,0.103,1
"Smarcc2",0.379212201377298,0.308558239216441,0.163,0.103,1
"Dip2c",0.379246872001878,-0.38670676964822,0.465,0.517,1
"Atp5g1",0.379446813990201,0.418301435975586,0.279,0.207,1
"Pkp4",0.379547437414333,0.404964222276273,0.349,0.276,1
"Rasgrf1",0.380301053050804,0.445153928836434,0.302,0.241,1
"Camk2b",0.380425490552346,0.302129376560136,0.186,0.121,1
"Rpl27a",0.380859282389407,0.352190597116148,0.14,0.086,1
"Zfp827",0.380859282389407,0.400829861357341,0.14,0.086,1
"Dennd1a",0.381103946474819,0.35470628710242,0.302,0.224,1
"Atxn1",0.381633789522979,0.408488889525442,0.326,0.241,1
"Kif21a",0.381633789522979,-0.374275803238845,0.233,0.31,1
"Snrpn",0.382350330211788,0.733804284711332,0.372,0.328,1
"Foxp1",0.382419429122525,-0.364485846340078,0.093,0.155,1
"Smoc1",0.382419429122525,-0.298931285729744,0.093,0.155,1
"A230057D06Rik",0.382941248571116,-0.281947950311111,0.465,0.483,1
"Clasp2",0.383526519598791,-0.366151503659597,0.256,0.328,1
"Pitpna",0.384168201083754,0.506423856756441,0.256,0.19,1
"Klhl7",0.384330218387554,-0.268529800112245,0.14,0.207,1
"Gde1",0.384454940421521,0.424755466360544,0.279,0.207,1
"Dock10",0.384457426250847,0.384947672569229,0.279,0.207,1
"Tcea1",0.385061022325944,0.527538193623139,0.116,0.069,1
"Snph",0.385061022325944,0.341384131055928,0.116,0.069,1
"Pnrc1",0.385061022325944,0.410459986904981,0.116,0.069,1
"Dhdds",0.385061022325944,0.702137064851116,0.116,0.069,1
"Srpr",0.385061022325944,0.442460960419895,0.116,0.069,1
"Cacna2d2",0.385061022325944,0.559354176319448,0.116,0.069,1
"Pip5k1b",0.385061022325944,0.607097520886318,0.116,0.069,1
"Abhd18",0.385389534131072,-0.338361426116622,0.07,0.121,1
"Iqsec1",0.385389534131072,-0.552532014976215,0.07,0.121,1
"Amn1",0.385389534131072,-0.357129055041426,0.07,0.121,1
"Arhgef1",0.385389534131072,-0.411201275793327,0.07,0.121,1
"Cdon",0.385389534131072,-0.547970339945909,0.07,0.121,1
"Crk",0.385389534131072,-0.537049567739247,0.07,0.121,1
"Tex2",0.385389534131072,-0.326173389967427,0.07,0.121,1
"Gtf2a1",0.385389534131072,-0.522463917094792,0.07,0.121,1
"Camk4",0.385389534131072,-0.474527204673193,0.07,0.121,1
"Jak2",0.385389534131072,-0.442794475868354,0.07,0.121,1
"Rit2",0.385643232109233,0.297963986582582,0.163,0.103,1
"Khdrbs1",0.387788137331349,0.317718169339665,0.233,0.172,1
"Prpf39",0.387800008722883,0.397205944314774,0.14,0.086,1
"Csnk1e",0.387800008722883,0.342840843135175,0.14,0.086,1
"Hnrnpu",0.388636385486842,-0.264554305176834,0.302,0.397,1
"Eif1",0.388695097525783,0.330748815067128,0.465,0.397,1
"Cycs",0.388883583137658,-0.325104675029894,0.093,0.155,1
"Ccser1",0.390751459313976,-0.410188017924176,0.512,0.552,1
"Syp",0.391180104286058,0.694239610081396,0.302,0.259,1
"Tmed10",0.392140453712752,0.419479150307656,0.163,0.103,1
"Tsn",0.39260252346111,0.354608637756438,0.186,0.121,1
"Fkbp2",0.39260252346111,0.369671600161295,0.186,0.121,1
"Inka2",0.392685841013277,-0.3056300979141,0.07,0.121,1
"Ppp1cb",0.392685841013277,-0.383809399682337,0.07,0.121,1
"Fbxl5",0.392685841013277,-0.367097081878102,0.07,0.121,1
"Tmem65",0.392685841013277,-0.398116179909853,0.07,0.121,1
"Rgs4",0.392711009839531,0.477917471666388,0.116,0.069,1
"Rheb",0.392711009839531,0.56974475983974,0.116,0.069,1
"Wipf3",0.392711009839531,0.407875122754455,0.116,0.069,1
"Eml2",0.392711009839531,0.397927754095824,0.116,0.069,1
"Galnt1",0.392711009839531,0.59003849918779,0.116,0.069,1
"Ppp1ca",0.392711009839531,0.391555184764185,0.116,0.069,1
"Cbwd1",0.392711009839531,0.522861741781725,0.116,0.069,1
"Tmem29",0.392711009839531,0.41526969449396,0.116,0.069,1
"Celf1",0.394599343448318,-0.456314400232545,0.209,0.259,1
"Rps11",0.394647011902053,0.409666726075316,0.256,0.19,1
"Plxdc2",0.394817279431342,0.401177553959195,0.14,0.086,1
"Hdgf",0.394817279431342,0.382246596621231,0.14,0.086,1
"Cpd",0.394817279431342,0.394990388454482,0.14,0.086,1
"Ubxn4",0.395413814040548,-0.279674034176905,0.093,0.155,1
"Syn3",0.395683308813193,-0.795121580178749,0.116,0.172,1
"Raph1",0.395683773543545,0.510000405962856,0.209,0.155,1
"Asic2",0.397601787707927,-0.910173854751398,0.256,0.328,1
"Kif3c",0.398778654539232,0.305018515887354,0.186,0.121,1
"Map4k4",0.400001570265674,-0.36257100824521,0.186,0.259,1
"4930532I03Rik",0.400065263782541,-0.311176109538444,0.07,0.121,1
"Zfp62",0.400065263782541,-0.347903455267957,0.07,0.121,1
"2310033P09Rik",0.400065263782541,-0.323991796511476,0.07,0.121,1
"Tomm70a",0.400065263782541,-0.345329533586303,0.07,0.121,1
"Ids",0.400065263782541,-0.327503793132715,0.07,0.121,1
"Pip4k2a",0.400452408548705,0.334971507308168,0.116,0.069,1
"Castor2",0.400452408548705,0.474294583520424,0.116,0.069,1
"Map7",0.400452408548705,0.395117878360513,0.116,0.069,1
"Cox7a2l",0.400452408548705,0.636023957292262,0.116,0.069,1
"Kifap3",0.400619913237943,-0.262502455546909,0.349,0.397,1
"Prkn",0.401734754549711,-0.31828271603679,0.256,0.31,1
"Rnf180",0.401888533614576,-0.867080996698143,0.116,0.172,1
"Septin11",0.401910794441857,0.254859740579373,0.14,0.086,1
"Epm2aip1",0.401910794441857,0.251047028223057,0.14,0.086,1
"Nol7",0.401910794441857,0.740804623427505,0.14,0.086,1
"Arf3",0.401910794441857,0.337789739468709,0.14,0.086,1
"Pdzd8",0.401910794441857,0.398044550806715,0.14,0.086,1
"Ndufa8",0.402009878263066,-0.317214379807352,0.093,0.155,1
"Bptf",0.404266798671447,-0.325475458983812,0.163,0.224,1
"Zcchc7",0.405306899896119,-0.319248298816943,0.279,0.362,1
"Stmn4",0.405332516044762,0.300079174102811,0.163,0.103,1
"Cab39",0.407527438675724,-0.354624844355131,0.07,0.121,1
"Chd8",0.407527438675724,-0.275939508141434,0.07,0.121,1
"Cpeb4",0.408151778588704,-0.323651895268131,0.116,0.172,1
"Gpbp1",0.408151778588704,-0.349479856166183,0.116,0.172,1
"Uggt1",0.408284797817153,0.358080613015733,0.116,0.069,1
"Cnot10",0.408284797817153,0.368291661170542,0.116,0.069,1
"Snx9",0.408284797817153,0.293850670521045,0.116,0.069,1
"Akap8",0.408284797817153,0.365150606685555,0.116,0.069,1
"Slc25a23",0.408284797817153,0.328630380964164,0.116,0.069,1
"Btbd11",0.409080225694168,0.351248098479533,0.14,0.086,1
"Leng8",0.409374256909383,-0.667988821878213,0.093,0.138,1
"Mdh1",0.410368902418969,0.500746114380445,0.395,0.345,1
"Ndufc2",0.411305085305841,0.326507459082636,0.186,0.121,1
"Cetn3",0.412026827832289,0.560757136285596,0.163,0.103,1
"Appl1",0.412026827832289,0.302625205480662,0.163,0.103,1
"Cpt1c",0.414472807004952,-0.373460754063776,0.116,0.172,1
"Vps41",0.414472807004952,-0.420551373194883,0.116,0.172,1
"Tmed9",0.414472807004952,-0.454477032496898,0.116,0.172,1
"Sox2",0.415071968625207,-0.285810746792745,0.07,0.121,1
"Kctd8",0.415071968625207,-0.295820549638847,0.07,0.121,1
"Msl2",0.415071968625207,-0.362234786717418,0.07,0.121,1
"Rnf165",0.415071968625207,-0.252699281033895,0.07,0.121,1
"Vps13a",0.415071968625207,-0.294981348144844,0.07,0.121,1
"Oip5os1",0.415481739539204,0.416748883918505,0.233,0.172,1
"Med28",0.416207716712757,0.392185174050922,0.116,0.069,1
"Gas7",0.416207716712757,0.365765182389955,0.116,0.069,1
"Hecw1",0.416207716712757,0.659091615273839,0.116,0.069,1
"Prune2",0.416207716712757,0.295949977581777,0.116,0.069,1
"Clk1",0.416325216998462,0.358728288438248,0.14,0.086,1
"Eif3m",0.416325216998462,0.307122293325399,0.14,0.086,1
"Arpc3",0.416325216998462,0.629001560802639,0.14,0.086,1
"Heca",0.416325216998462,0.299086316471744,0.14,0.086,1
"Atxn7l3",0.416325216998462,0.330259700656052,0.14,0.086,1
"Ep300",0.416325216998462,0.305790549619644,0.14,0.086,1
"Tbc1d23",0.416325216998462,0.370923851404032,0.14,0.086,1
"Srsf1",0.41634813176708,-0.630644835873089,0.093,0.138,1
"Stat5b",0.41634813176708,-0.467522488641882,0.093,0.138,1
"Micu2",0.41634813176708,-0.542222370930579,0.093,0.138,1
"Zfp618",0.417103740896782,-0.671525868335199,0.14,0.19,1
"Synpr",0.418072319483562,-0.349048272448045,0.372,0.448,1
"Yipf4",0.418786272413417,0.250414221095655,0.163,0.103,1
"mt-Nd2",0.420281869516775,0.657840405304083,0.442,0.397,1
"Rapgef4",0.420677178930286,-0.521248866600396,0.256,0.293,1
"Tmeff1",0.420851365638082,-0.364514991292381,0.116,0.172,1
"Zfyve9",0.42158986440668,0.253740494315394,0.256,0.19,1
"Ptk2",0.422373433580993,-0.336493804094176,0.209,0.276,1
"Hipk1",0.422698423098732,-0.279480559234435,0.07,0.121,1
"Tmem167",0.422698423098732,-0.346539112722849,0.07,0.121,1
"Chl1",0.423179234702907,-0.459738591382835,0.14,0.19,1
"Rps6kc1",0.424220663806531,0.279829227998164,0.116,0.069,1
"Gm15614",0.424220663806531,0.282121772916938,0.116,0.069,1
"Rsf1os1",0.424220663806531,0.690561101451228,0.116,0.069,1
"Klhl2",0.424220663806531,0.337473600934191,0.116,0.069,1
"Kctd2",0.424220663806531,0.515256515578942,0.116,0.069,1
"Dnajc8",0.424937704982113,0.400739002499367,0.209,0.155,1
"Ncdn",0.425610532699348,0.27701940619361,0.163,0.103,1
"Atp5h",0.426670327342486,0.592005545519036,0.326,0.276,1
"Syt16",0.426852625944577,-0.574180282251725,0.116,0.155,1
"Sphkap",0.426878402092067,-0.564576961993827,0.163,0.224,1
"Dpy19l1",0.427046676660002,0.55036413277029,0.186,0.138,1
"Mllt11",0.427180306771373,0.483633359120868,0.233,0.19,1
"Insr",0.427287184711159,-0.41106347091376,0.116,0.172,1
"Cadps",0.429047876948843,0.973343161471033,0.512,0.466,1
"1700109K24Rik",0.430504379072653,-0.60773587719361,0.093,0.138,1
"Reep2",0.430504379072653,-0.57935311523526,0.093,0.138,1
"Serbp1",0.431636275853592,0.390584007894487,0.349,0.293,1
"Snrnp200",0.432323097000694,0.290515509430854,0.116,0.069,1
"Mosmo",0.432323097000694,0.364750255692808,0.116,0.069,1
"Phkb",0.432323097000694,0.284875082385171,0.116,0.069,1
"Cbx6",0.432323097000694,0.367630833789147,0.116,0.069,1
"Frmd5",0.432662106911387,0.656862159231381,0.256,0.19,1
"Ywhah",0.435064572502839,0.369796138166651,0.395,0.31,1
"Acin1",0.435484460782792,-0.437712487099602,0.14,0.19,1
"Ndfip1",0.437725209801524,0.375062732328374,0.512,0.466,1
"Srrm1",0.437956463576376,0.348945185217527,0.233,0.155,1
"Ano4",0.438260760143429,0.274766535463302,0.256,0.19,1
"Gria3",0.438272637683596,-0.380775291563284,0.209,0.276,1
"Eml5",0.438916018164384,0.302809605965743,0.326,0.259,1
"Ndufb3",0.440329442022312,-0.29694386135323,0.116,0.172,1
"Pi4ka",0.440329442022312,-0.514001076728007,0.116,0.172,1
"Camk2d",0.440420363204056,0.516660374735923,0.256,0.207,1
"Yars",0.440514433386381,0.316956533342184,0.116,0.069,1
"Vbp1",0.440514433386381,0.341974977465033,0.116,0.069,1
"Cyrib",0.444310649906577,-0.292403637686772,0.163,0.224,1
"Apba1",0.444782073594394,-0.438672225061331,0.233,0.276,1
"Smarca4",0.444936050899964,-0.705610752938711,0.093,0.138,1
"Zfpm2",0.444936050899964,-0.494239420286454,0.093,0.138,1
"Lrch3",0.444936050899964,-0.507821001332101,0.093,0.138,1
"Gnaq",0.445383428036361,-0.290016758851356,0.302,0.362,1
"Pde4dip",0.445987352656297,0.270713418011095,0.349,0.5,1
"Uqcrq",0.446157321891284,0.629616377174025,0.186,0.138,1
"Gm21798",0.447081148637295,-0.950172610446959,0.116,0.155,1
"Nalcn",0.448236744809634,0.396676357230993,0.419,0.379,1
"H2az1",0.448776365940823,-0.344199582844102,0.186,0.259,1
"Strn",0.448794049131474,0.30819159230308,0.116,0.069,1
"Capza2",0.449230747796282,0.464572341704416,0.209,0.155,1
"Agap1",0.449582138511549,-0.303557292329272,0.186,0.241,1
"Nap1l4",0.452254114677519,-0.425659176497226,0.093,0.138,1
"Gpx4",0.452254114677519,-0.400182712534092,0.093,0.138,1
"Fstl4",0.452254114677519,-0.496292036259509,0.093,0.138,1
"Ndufb1",0.452254114677519,-0.476909498979768,0.093,0.138,1
"Pcnp",0.452254114677519,-0.357973972409282,0.093,0.138,1
"Pnma8b",0.453212733852393,0.272205576413199,0.279,0.207,1
"Sec61a2",0.453597088006979,-0.279990276355412,0.116,0.172,1
"mt-Nd1",0.454241226661041,0.692741628286398,0.442,0.397,1
"Nbeal1",0.454323947805496,-0.400790840724478,0.14,0.19,1
"Dock3",0.454397444422973,-0.423973229484016,0.349,0.414,1
"Tpi1",0.455424069797671,0.483943765473927,0.209,0.155,1
"R3hdm2",0.458893308094342,-0.325634918487988,0.233,0.293,1
"Sgce",0.459062233190917,-0.478921918097434,0.163,0.207,1
"Cald1",0.459639717937169,-0.521353280679201,0.093,0.138,1
"Ap1g1",0.459639717937169,-0.331721222859053,0.093,0.138,1
"Fam104a",0.459639717937169,-0.416754262763224,0.093,0.138,1
"Ralgapa2",0.460704401883308,-0.364804312610258,0.14,0.19,1
"Tcf20",0.460704401883308,-0.462621827769905,0.14,0.19,1
"mt-Nd5",0.460864354754467,0.644546164109304,0.163,0.121,1
"Osbpl1a",0.465745790201187,0.434434014336559,0.186,0.138,1
"Sgcz",0.466372710505385,0.917094788182387,0.279,0.241,1
"Rpsa",0.466871139817304,-0.300474011751996,0.186,0.241,1
"Reep1",0.467092370656558,-0.578446707754192,0.093,0.138,1
"Cfap36",0.467092370656558,0.873553375016529,0.14,0.103,1
"Ttc7b",0.467092370656558,0.723733107568574,0.14,0.103,1
"Riok3",0.467092370656558,-0.288502824185719,0.093,0.138,1
"Gabarapl1",0.467953739924475,0.354013541494095,0.209,0.155,1
"Map4k5",0.467953739924475,0.396027570881813,0.209,0.155,1
"Arl6ip1",0.468173648015103,0.300194235495828,0.233,0.172,1
"Cdc37l1",0.468173648015103,0.334978580929774,0.233,0.172,1
"Atpif1",0.469658138820469,-0.288554822047617,0.233,0.293,1
"Frmpd4",0.470213159256071,0.48746638875505,0.419,0.345,1
"Norad",0.472638145464494,0.514867495115593,0.302,0.259,1
"Nrsn1",0.473645613997264,0.543731809153106,0.233,0.19,1
"Thsd4",0.473915054223228,-0.253684768070078,0.116,0.172,1
"Arfgef1",0.474611558243701,-0.39427269991076,0.093,0.138,1
"Ptov1",0.474611558243701,-0.360885429393894,0.093,0.138,1
"Brwd3",0.474611558243701,-0.320219192770437,0.093,0.138,1
"Igsf8",0.47488193140182,0.46322273408245,0.163,0.121,1
"Sp3",0.47488193140182,-0.579115296240638,0.116,0.155,1
"Setdb1",0.47488193140182,0.515941795527463,0.163,0.121,1
"Arfgef3",0.47488193140182,0.564473419795514,0.163,0.121,1
"Usp15",0.478599028368357,-0.379732318176074,0.186,0.241,1
"Vdac2",0.480143194829914,-0.375478091437328,0.14,0.19,1
"Tspan3",0.480672062814872,0.33670669383471,0.209,0.155,1
"Dlg4",0.482196741547421,-0.369016592232025,0.093,0.138,1
"Gm55122",0.482196741547421,-0.277076647071628,0.093,0.138,1
"Tceal3",0.482196741547421,-0.254514848580207,0.093,0.138,1
"Ddx6",0.482657233318065,0.255536203769484,0.163,0.241,1
"Ssbp1",0.482781393048825,-0.44707941771711,0.07,0.103,1
"Fkbp1a",0.485802939990878,0.348837161354042,0.186,0.138,1
"Zfhx2",0.485802939990878,0.304807602510899,0.186,0.138,1
"Hspa8",0.486345118494507,0.489274626713287,0.419,0.379,1
"Fbxw7",0.487149413510944,-0.297754849090093,0.209,0.259,1
"Srek1",0.48853288168704,0.313375917585374,0.279,0.241,1
"Btrc",0.488888897904175,-0.291934305049872,0.256,0.293,1
"Unc5d",0.489130412417834,0.573073895758496,0.163,0.121,1
"Esyt2",0.489130412417834,-0.531022140589318,0.116,0.155,1
"Tubb4b",0.489847356882606,0.822747352899193,0.14,0.103,1
"AU040320",0.489847356882606,-0.333185059525178,0.093,0.138,1
"Dtnb",0.489847356882606,-0.351859562610908,0.093,0.138,1
"Dpf3",0.489847356882606,-0.31130846607383,0.093,0.138,1
"Bmt2",0.491491611826198,-0.427561530201913,0.07,0.103,1
"Atg10",0.491491611826198,-0.579194468776676,0.07,0.103,1
"Aig1",0.493686704876807,-0.250501458833518,0.302,0.207,1
"Far1",0.496340076704545,-0.40810863093026,0.116,0.155,1
"Arl3",0.496340076704545,0.58390989629108,0.163,0.121,1
"Dhx30",0.496535016715414,-0.612987765945289,0.163,0.207,1
"Dph6",0.497562816070418,-0.306533356174871,0.093,0.138,1
"Rapgef6",0.497562816070418,-0.263821140663516,0.093,0.138,1
"Fnip1",0.497881353887244,0.476416512568915,0.233,0.19,1
"Gigyf2",0.499429687294041,0.293414945265365,0.186,0.138,1
"Atp6v1b2",0.499596432614473,-0.276574886788548,0.256,0.31,1
"Hnrnpk",0.500020754605084,-0.314475790685723,0.14,0.19,1
"Pank2",0.500285505199084,-0.476188122489429,0.07,0.103,1
"Znrf3",0.500285505199084,-0.504558723064634,0.07,0.103,1
"Hcn1",0.502310736210248,0.73119124178231,0.279,0.224,1
"Tead1",0.502530005792232,-0.44590124597239,0.186,0.241,1
"Epb41l1",0.503606031174445,-0.399872016977399,0.116,0.155,1
"Gatad2b",0.503606031174445,0.450747764457807,0.163,0.121,1
"Chga",0.503606031174445,0.798507373370213,0.163,0.121,1
"Gm43376",0.505342506493544,-0.281129137446914,0.093,0.138,1
"Rnmt",0.505342506493544,-0.266853928363286,0.093,0.138,1
"Tpr",0.506494282048319,0.551298558410539,0.326,0.293,1
"Sybu",0.506663943480431,0.324408583684409,0.209,0.155,1
"Klf12",0.506910829353033,-0.375318219086326,0.395,0.448,1
"Pam",0.508104052309898,0.260183550494729,0.279,0.224,1
"Rabep1",0.508610107416608,-0.359101317871405,0.186,0.241,1
"Pnkd",0.509162162346022,-0.473635795175566,0.07,0.103,1
"Dixdc1",0.509162162346022,-0.415299397523157,0.07,0.103,1
"Adgrb1",0.509162162346022,-0.382111968445129,0.07,0.103,1
"Thoc1",0.509162162346022,-0.650766555221505,0.07,0.103,1
"Iqsec2",0.509162162346022,-0.49123958071432,0.07,0.103,1
"Ntrk3",0.510514614245885,-0.300207921753869,0.209,0.259,1
"Sez6l",0.510927758229089,-0.435960076702473,0.116,0.155,1
"Ppid",0.511839508556632,0.874967069965017,0.116,0.086,1
"BC005624",0.513185791166574,0.494073640866531,0.14,0.103,1
"Acsl4",0.513185791166574,-0.269034038802991,0.093,0.138,1
"Tox",0.51325679159706,0.410921341420299,0.186,0.138,1
"Snap47",0.51325679159706,0.352316978675172,0.186,0.138,1
"Mtss1",0.514728552919807,-0.335136188964914,0.186,0.241,1
"Npepps",0.515865565625692,-0.272740577026714,0.163,0.207,1
"Marchf6",0.515865565625692,0.616873272899896,0.209,0.172,1
"Trerf1",0.516482315525186,-0.654413847209651,0.186,0.224,1
"Dnajc24",0.518120631755323,-0.430181237561263,0.07,0.103,1
"Zc2hc1a",0.518120631755323,-0.410920263370963,0.07,0.103,1
"D130040H23Rik",0.518120631755323,-0.335747866274087,0.07,0.103,1
"Specc1",0.518120631755323,-0.589467718637051,0.07,0.103,1
"Sox11",0.518120631755323,-0.426120438364541,0.07,0.103,1
"Mrps26",0.518304721661872,-0.371359973962619,0.116,0.155,1
"Vgll4",0.518304721661872,0.412119398436487,0.163,0.121,1
"Raf1",0.518304721661872,-0.330833349940988,0.116,0.155,1
"Brip1os",0.518304721661872,0.327841378825621,0.163,0.121,1
"Spire1",0.518304721661872,0.369167489459042,0.163,0.121,1
"Rplp1",0.518974567119486,0.368957871139442,0.349,0.293,1
"Atl1",0.520244360046419,-0.403703898809306,0.14,0.172,1
"Gprasp1",0.520244360046419,0.264336205143466,0.186,0.138,1
"Fam214a",0.520326680306554,-0.390053503821399,0.14,0.19,1
"Glul",0.520403174217135,0.516031497638509,0.116,0.086,1
"Caly",0.520885027204116,-0.254926876117505,0.186,0.241,1
"Rsbn1l",0.521092008821591,0.596084090287615,0.14,0.103,1
"Pxk",0.521092008821591,0.437700050017471,0.14,0.103,1
"Ptprt",0.5223947667483,0.543543709881134,0.209,0.172,1
"Fam171b",0.522647887022372,0.293406208386847,0.302,0.241,1
"5730522E02Rik",0.522820882384555,0.258778203941589,0.372,0.328,1
"Dlgap2",0.524382004992337,0.536790698106026,0.326,0.31,1
"Slc44a1",0.525736366727474,-0.325128678822946,0.116,0.155,1
"Slc8a3",0.525736366727474,-0.385874440393897,0.116,0.155,1
"Faim2",0.525736366727474,-0.319055587610582,0.116,0.155,1
"Tmx3",0.525736366727474,-0.38627313374779,0.116,0.155,1
"Zfp638",0.525743144657899,-0.27222419322659,0.372,0.397,1
"Dpysl2",0.527079206312467,-0.253202330194879,0.186,0.241,1
"Pip4p2",0.527159921399934,-0.407691351886299,0.07,0.103,1
"Nipal3",0.527159921399934,-0.407215587352197,0.07,0.103,1
"Zfp326",0.527159921399934,-0.43079461035424,0.07,0.103,1
"Copg2",0.527159921399934,-0.314835488364543,0.07,0.103,1
"Psma1",0.527159921399934,-0.427406557013753,0.07,0.103,1
"Dot1l",0.527159921399934,-0.401445488060371,0.07,0.103,1
"Bmpr1a",0.527159921399934,-0.337367224897232,0.07,0.103,1
"Rab2b",0.527159921399934,-0.66828317633054,0.07,0.103,1
"Fzd3",0.527159921399934,-0.334332421767437,0.07,0.103,1
"Nipal2",0.527159921399934,-0.330194964637601,0.07,0.103,1
"Gm19522",0.527159921399934,-0.356740229622124,0.07,0.103,1
"Caskin1",0.527159921399934,-0.393495049815342,0.07,0.103,1
"Slc25a5",0.52718855986617,0.535771790882654,0.186,0.155,1
"Lsm1",0.529040090534721,0.547019998831777,0.116,0.086,1
"Cnot3",0.529060474009019,0.584211491881453,0.14,0.103,1
"Prpf40a",0.529080124336311,0.681653594188871,0.233,0.19,1
"Tra2a",0.53162317665922,-0.456142381053397,0.233,0.259,1
"Atxn2",0.533222120221556,-0.353178028411483,0.116,0.155,1
"Gspt1",0.533222120221556,0.292277681340865,0.163,0.121,1
"Rpl10",0.533222120221556,0.255624058243916,0.163,0.121,1
"Stxbp5l",0.533656436561727,-0.540991471461015,0.256,0.293,1
"Nos1ap",0.534032281169122,0.459989146021023,0.256,0.207,1
"Phf6",0.534105813345362,-0.501000852144684,0.186,0.121,1
"Phf20",0.535579390042274,-0.319979410683054,0.163,0.207,1
"Zfp451",0.53627899894536,-0.379250126435979,0.07,0.103,1
"Wdfy1",0.53627899894536,-0.366204954625238,0.07,0.103,1
"Catspere2",0.53627899894536,-0.313762258855907,0.07,0.103,1
"Ift74",0.53627899894536,-0.420603025074528,0.07,0.103,1
"Srsf4",0.53627899894536,-0.365608203345731,0.07,0.103,1
"Alms1",0.53627899894536,-0.407668579143457,0.07,0.103,1
"Adam9",0.53627899894536,-0.377763220272217,0.07,0.103,1
"Srr",0.53627899894536,-0.320217689911926,0.07,0.103,1
"Azin1",0.53627899894536,-0.361075018017738,0.07,0.103,1
"BC003965",0.53627899894536,-0.472326764493113,0.07,0.103,1
"Aff2",0.53627899894536,-0.830538501807581,0.07,0.103,1
"Nectin3",0.53957933908076,-0.401088541233331,0.186,0.241,1
"Elf2",0.54076139057073,-0.424412395361892,0.116,0.155,1
"Mpdz",0.54076139057073,-0.470752049879212,0.116,0.155,1
"Rufy2",0.54076139057073,0.645553193987515,0.163,0.121,1
"Macrod2",0.541015119892913,0.433510379536362,0.535,0.603,1
"Atr",0.545181284986878,0.288482357363819,0.14,0.103,1
"Snapc1",0.545181284986878,0.411024325605633,0.14,0.103,1
"Trpc5",0.545181284986878,0.694972223417061,0.14,0.103,1
"Cwc22",0.545476791990731,-0.25927311311553,0.07,0.103,1
"Vta1",0.545476791990731,-0.291643562238742,0.07,0.103,1
"Asap2",0.545476791990731,-0.293189259267112,0.07,0.103,1
"Cipc",0.545476791990731,-0.364832520877853,0.07,0.103,1
"Mapk8ip3",0.545476791990731,-0.300184656965004,0.07,0.103,1
"Ppm1b",0.545476791990731,-0.457815714334264,0.07,0.103,1
"Katnip",0.54653002989221,0.503747158061086,0.116,0.086,1
"Cirbp",0.54653002989221,0.518915317132081,0.116,0.086,1
"Uqcrfs1",0.54653002989221,0.670948534815302,0.116,0.086,1
"Gnl3l",0.54653002989221,0.732103906013534,0.116,0.086,1
"Prr16",0.548353567932823,-0.407476824933596,0.116,0.155,1
"Tbc1d12",0.548353567932823,0.318987702409784,0.163,0.121,1
"Chd5",0.548676869560341,0.292300257839009,0.186,0.138,1
"Kdm2a",0.548929597864232,0.403166645811475,0.209,0.172,1
"Nipbl",0.550485895587332,0.294565965175383,0.326,0.293,1
"Kcnh7",0.551648596182242,0.37858219329607,0.512,0.638,1
"Mapk1",0.552900674304055,0.32510954195205,0.326,0.259,1
"Mbd5",0.553022020298662,0.433783254962767,0.326,0.328,1
"Tmem131",0.553332140092142,0.446483486075901,0.14,0.103,1
"1500004A13Rik",0.554736282865058,-0.320037123990497,0.186,0.224,1
"Arglu1",0.554736282865058,-0.505667797338615,0.186,0.224,1
"Slc12a6",0.554752188343088,-0.280306043475512,0.07,0.103,1
"ENSMUSG00000121085",0.554752188343088,-0.282692864985652,0.07,0.103,1
"Clip3",0.554752188343088,-0.399018851007421,0.07,0.103,1
"Smad4",0.554752188343088,-0.310651524295886,0.07,0.103,1
"Sdf4",0.555381147830958,0.578783075290412,0.116,0.086,1
"Got1",0.555665738440161,-0.353963911576482,0.163,0.207,1
"Cpne6",0.555903008121414,0.250150698492653,0.186,0.138,1
"Eif1b",0.558912724136278,0.399870374025973,0.256,0.207,1
"Dnm1l",0.56124407965779,-0.316225135248361,0.186,0.224,1
"Ptprk",0.561542261668633,0.407905108568577,0.14,0.103,1
"Abca3",0.561542261668633,0.339755423097306,0.14,0.103,1
"Nup98",0.562176591838481,0.464176523970724,0.186,0.155,1
"Immp2l",0.562441984302074,0.343226478842676,0.209,0.172,1
"Rps6ka3",0.562441984302074,-0.259748596110331,0.163,0.207,1
"Gabrg3",0.563025286298144,-0.263090589984129,0.279,0.345,1
"Sorbs2os",0.563694113656857,-0.320597108081931,0.116,0.155,1
"Dennd4a",0.564104036324908,-0.453626804315735,0.07,0.103,1
"Rbm18",0.564301706691527,0.480955704385472,0.116,0.086,1
"Rwdd1",0.564301706691527,0.466752189116502,0.116,0.086,1
"Strbp",0.568557112933068,0.504500219348322,0.558,0.534,1
"Gm42992",0.569810845408209,0.318417869938229,0.14,0.103,1
"Lmtk2",0.569810845408209,0.466627536969189,0.14,0.103,1
"Spock1",0.570493129112839,0.285582466717951,0.186,0.138,1
"Rnf150",0.571441172037132,-0.267797309635807,0.116,0.155,1
"Arid1b",0.572482041502104,0.37191807668541,0.349,0.31,1
"Fhip1b",0.573290672541213,0.444422184888358,0.116,0.086,1
"Ice1",0.573290672541213,0.310781373801789,0.116,0.086,1
"Thrb",0.573290672541213,1.13082341200078,0.116,0.086,1
"Focad",0.573531145114846,-0.417003980606932,0.07,0.103,1
"Ist1",0.573531145114846,-0.310058321515273,0.07,0.103,1
"Ctps2",0.573531145114846,-0.371841378277262,0.07,0.103,1
"Pum1",0.576112969646861,0.282424172089698,0.209,0.172,1
"Prkg1",0.576112969646861,0.474807749470864,0.209,0.172,1
"Ypel2",0.576292069868889,-0.378875601708225,0.093,0.121,1
"Grin2a",0.577663948128013,-0.542934059334584,0.209,0.259,1
"Gse1",0.577935187010439,-0.45367830885611,0.209,0.241,1
"Cacna2d1",0.578053963509358,0.690094760026208,0.419,0.397,1
"Ap1s1",0.582346979402175,0.47560619626814,0.116,0.086,1
"Vezt",0.582346979402175,0.50862496208575,0.116,0.086,1
"Zbtb11",0.582346979402175,0.492122778312657,0.116,0.086,1
"Psma3",0.583006771289497,0.418812169957052,0.209,0.172,1
"Psmc5",0.583694382058247,0.254974428847014,0.14,0.19,1
"Tmeff2",0.583968725625848,0.564707265816428,0.256,0.224,1
"Usp40",0.584991144693438,-0.384916933811949,0.093,0.121,1
"Ubac2",0.586520066081319,0.284675372380923,0.14,0.103,1
"Nmt2",0.587085451442542,0.271260397012002,0.163,0.121,1
"Rpl18a",0.587085451442542,-0.304704020650842,0.116,0.155,1
"Oxr1",0.588422100462439,0.533941467599964,0.419,0.414,1
"Ntm",0.589487898846814,0.369714387246165,0.581,0.5,1
"Cspg5",0.590783721411121,-0.267137091971394,0.209,0.241,1
"Ntrk2",0.591324277554362,0.257628224132134,0.419,0.397,1
"Tecr",0.591336166833396,0.579058865645031,0.372,0.362,1
"Cry2",0.591469529572213,0.320372569689905,0.116,0.086,1
"Dnaja2",0.591469529572213,0.306543888112144,0.116,0.086,1
"Mast4",0.591469529572213,0.357982803505369,0.116,0.086,1
"Emc2",0.591469529572213,0.390018579580913,0.116,0.086,1
"Rbfox2",0.592386829940543,-0.250019676966641,0.256,0.293,1
"Emc3",0.592606188391166,0.325508222156823,0.07,0.103,1
"Lrrtm4",0.592910777596711,0.714282188835746,0.465,0.414,1
"Ptn",0.593723147886032,0.438807780655152,0.442,0.397,1
"Grik2",0.595474699629482,0.857611303259121,0.488,0.466,1
"Eprs",0.596908568616048,0.547978857622847,0.209,0.172,1
"Sclt1",0.600208571576223,-0.352551571899933,0.14,0.172,1
"Tet2",0.600657193970313,0.395506284811316,0.116,0.086,1
"Gm15414",0.600657193970313,0.323096890173396,0.116,0.086,1
"Gnal",0.600657193970313,0.391162504030223,0.116,0.086,1
"Gnb5",0.602569922169671,-0.2869395060156,0.093,0.121,1
"Amer2",0.602569922169671,-0.367671583822062,0.093,0.121,1
"Rps16",0.603915563394207,0.284975800906596,0.209,0.172,1
"Atp5j",0.603915563394207,0.393607615265785,0.209,0.172,1
"Gabrb3",0.605200685430237,0.473418341650257,0.372,0.379,1
"Dok6",0.607803092794213,0.698503743815786,0.233,0.19,1
"Mrps33",0.609908812506843,0.273818930346653,0.116,0.086,1
"Btbd10",0.609908812506843,0.353161514985923,0.116,0.086,1
"Rab8b",0.609908812506843,0.358899973038924,0.116,0.086,1
"Tma7",0.609908812506843,0.318617252852205,0.116,0.086,1
"Rnf130",0.609908812506843,0.271867105380337,0.116,0.086,1
"Synrg",0.609908812506843,0.283422373298659,0.116,0.086,1
"Napg",0.609908812506843,0.284786795128233,0.116,0.086,1
"Hectd2",0.609908812506843,0.318263813815663,0.116,0.086,1
"Kdm1a",0.610322605768851,-0.347373404021903,0.163,0.19,1
"Cacybp",0.611447596300529,-0.333920990892535,0.093,0.121,1
"Gpsm1",0.611447596300529,-0.299039924347019,0.093,0.121,1
"Arih2",0.611447596300529,-0.402639217724143,0.093,0.121,1
"Ric8b",0.611447596300529,-0.501957933483723,0.093,0.121,1
"Tug1",0.611447596300529,-0.388701944583263,0.093,0.121,1
"9630028H03Rik",0.615324148158739,-0.259305367191024,0.14,0.172,1
"9930021J03Rik",0.615324148158739,-0.484720338218102,0.14,0.172,1
"Phf14",0.616867092937048,-0.259114520019268,0.209,0.241,1
"Cpeb3",0.617554569619748,0.338912152949047,0.233,0.207,1
"Camk1d",0.618280400691748,0.263368748883036,0.442,0.379,1
"Psmb7",0.620382731875097,-0.283880444038177,0.093,0.121,1
"Ube2e3",0.620382731875097,-0.425122986106788,0.093,0.121,1
"Kdm2b",0.620382731875097,-0.269428937111135,0.093,0.121,1
"2610020C07Rik",0.620382731875097,-0.397632534652765,0.093,0.121,1
"Sorcs1",0.620382731875097,-0.642204160368434,0.093,0.121,1
"Ccar1",0.622944160849802,-0.312314415318102,0.14,0.172,1
"Rps23",0.622944160849802,-0.32388922838728,0.14,0.172,1
"Maml2",0.625154710990328,-0.27838245799838,0.163,0.207,1
"Ncald",0.625154710990328,0.485257849735595,0.209,0.172,1
"Psip1",0.625978154612465,0.283492872024939,0.442,0.397,1
"Kcnq5",0.627702758513881,0.829663439552621,0.279,0.259,1
"Cd2ap",0.628599118986064,0.300936283839038,0.116,0.086,1
"Gda",0.628599118986064,0.336449376570166,0.116,0.086,1
"Upp2",0.628972389139866,0.750936379826959,0.256,0.224,1
"Grik5",0.629374250430799,-0.440010767643321,0.093,0.121,1
"Fam189a1",0.629374250430799,-0.319778689497807,0.093,0.121,1
"Slco3a1",0.629374250430799,-0.391431648978368,0.093,0.121,1
"Usp29",0.630833506484128,0.311160907262499,0.302,0.241,1
"Elmod1",0.631015892112351,0.44622666162481,0.233,0.207,1
"Cox7b",0.632305360874831,0.317710400720308,0.209,0.172,1
"Fgf13",0.633028243115203,0.416371532612526,0.349,0.328,1
"Adgrl3",0.633137542582363,0.695917371221568,0.302,0.276,1
"Fau",0.633137542582363,0.439606013761493,0.302,0.276,1
"Pcmtd2",0.635337581906813,0.389364265838124,0.186,0.155,1
"Herc3",0.638035335380064,0.525251534608757,0.116,0.086,1
"Helz",0.638305285534801,-0.290914327866551,0.14,0.172,1
"Mtch2",0.638421048455402,-0.257612323222083,0.093,0.121,1
"Ssr2",0.638421048455402,-0.305879826348511,0.093,0.121,1
"Arf5",0.638421048455402,-0.270137841151204,0.093,0.121,1
"Gm20696",0.638421048455402,-0.37332015966008,0.093,0.121,1
"Strada",0.638421048455402,0.252523376931609,0.093,0.121,1
"Marchf1",0.638850166722806,-0.256943371223718,0.302,0.362,1
"Sel1l",0.642870398368266,0.288408982363285,0.186,0.155,1
"Tjp1",0.643443118225751,-0.395116722980317,0.209,0.241,1
"Madd",0.647521997766573,-0.320373855297067,0.093,0.121,1
"Tcerg1",0.647521997766573,-0.257812876345168,0.093,0.121,1
"Ino80",0.649520401716992,-0.626102582168515,0.116,0.138,1
"Sh3gl2",0.6501607963926,-0.39692468718925,0.209,0.241,1
"Rpl5",0.650440113971952,0.311508554420059,0.186,0.155,1
"Polr3d",0.651501915085935,0.328505744729838,0.07,0.103,1
"Pex5l",0.652956351341846,0.606114440593661,0.163,0.138,1
"Rps18",0.652956351341846,0.581434527330293,0.163,0.138,1
"Lrp1b",0.653001683864777,0.539948108530977,0.558,0.552,1
"Emc7",0.65377298536577,0.710371291606064,0.14,0.121,1
"Srp14",0.653823258243249,-0.338714554577856,0.14,0.172,1
"Pcm1",0.653917441661257,-0.250767412636555,0.256,0.293,1
"Cmip",0.656885664791428,-0.407800462188497,0.233,0.259,1
"Rpl23",0.65782772717021,0.508080846267011,0.302,0.276,1
"Eif4g1",0.658046064728013,0.709648217466009,0.186,0.155,1
"Grid2",0.665687575401038,0.862664741499546,0.186,0.155,1
"Cdh10",0.665687575401038,0.453624713096237,0.186,0.155,1
"Iqsec3",0.665881716573881,-0.332772812823722,0.093,0.121,1
"Eif2s2",0.668565383953081,0.286084469113511,0.209,0.172,1
"Tpm3",0.669048973710894,0.287578561875965,0.163,0.138,1
"Pnpla8",0.669048973710894,0.514286293902061,0.163,0.138,1
"Csmd1",0.67085531287332,0.470164247846958,0.488,0.483,1
"Chn1",0.671183816817025,0.288136265909219,0.279,0.241,1
"Lrrc4c",0.67384767886295,0.782503703488366,0.442,0.431,1
"Mllt3",0.674865283098875,-0.481047602636818,0.186,0.207,1
"Ssr1",0.67520258255601,-0.258973128913924,0.116,0.138,1
"Fam193a",0.677132343308308,-0.275409549913037,0.186,0.224,1
"Sar1b",0.679520989496224,0.337058926892764,0.14,0.121,1
"Larp1",0.681074520368018,0.268153742187283,0.186,0.155,1
"Atp2c1",0.682138096542344,-0.471271371079609,0.233,0.241,1
"Trio",0.682138096542344,-0.35410702529707,0.233,0.241,1
"Klf7",0.683849937869483,-0.40319824163323,0.116,0.138,1
"Stau2",0.684257070043547,-0.309202203507659,0.163,0.19,1
"Akap11",0.684257070043547,0.418222129422522,0.186,0.172,1
"Thoc7",0.685295064442044,0.374288868702195,0.163,0.138,1
"Bcl11a",0.685996224900824,-0.4413345938787,0.419,0.431,1
"Gpr158",0.686638092892799,0.51931865028964,0.256,0.241,1
"Ube2w",0.688189302266949,0.532826602959428,0.14,0.121,1
"Taok3",0.688189302266949,0.436490423067506,0.14,0.121,1
"Ppp3r1",0.688189302266949,0.482037285192605,0.14,0.121,1
"Adk",0.691835283301399,-0.283135607796687,0.163,0.19,1
"Sod1",0.692538956251598,-0.344016226168087,0.116,0.138,1
"Kcnd2",0.692629483283616,1.0262296134113,0.372,0.448,1
"Smdt1",0.693473599459595,0.256273881206851,0.163,0.138,1
"Atp1a3",0.695693285698398,0.417438551059608,0.256,0.224,1
"Ganab",0.695845100839758,-0.265008637030681,0.116,0.086,1
"Vti1a",0.696632859377089,-0.341513479491078,0.186,0.207,1
"Zfp322a",0.696896294696624,0.376652618379126,0.14,0.121,1
"Rlf",0.701268622158236,-0.267901987469106,0.116,0.138,1
"Saraf",0.701688002422509,0.318248537260675,0.163,0.138,1
"Hnrnpul2",0.701688002422509,0.353613440918749,0.163,0.138,1
"Rpl30",0.703198688033484,-0.265711043931919,0.093,0.121,1
"Ankrd12",0.703821875819853,-0.343439292951009,0.326,0.362,1
"Ambra1",0.703945686022501,-0.297205725067981,0.186,0.207,1
"Parm1",0.705648376163041,0.786495347301258,0.14,0.121,1
"Yaf2",0.705648376163041,0.371277930069482,0.14,0.121,1
"Snrnp48",0.705808386226361,-0.333353058958449,0.14,0.155,1
"Kif5c",0.707156136049481,0.323113945098567,0.233,0.207,1
"Mdh2",0.70836515658658,0.479704766063468,0.233,0.224,1
"Adam22",0.709346415851761,-0.440978367830823,0.233,0.241,1
"Dpysl3",0.710037903943032,-0.38699809211028,0.116,0.138,1
"Ccny",0.714240186411195,-0.294609758431881,0.209,0.224,1
"Fgf14",0.718855220328012,-0.497564955772933,0.605,0.638,1
"Rpl6",0.724313214898683,0.262244384952543,0.279,0.259,1
"Gm35188",0.724412638165259,0.547831111837736,0.279,0.276,1
"Exoc3",0.72604657499526,0.372918487827238,0.209,0.19,1
"St6gal1",0.72604657499526,-0.336458587451587,0.186,0.207,1
"Epb41l3",0.727112196864806,-0.420431535836874,0.302,0.31,1
"Ctxn1",0.727691110208438,-0.427797380678745,0.116,0.138,1
"Reps2",0.728192515202694,0.2758083711125,0.163,0.207,1
"Nckap1",0.730780294707686,0.408693450867377,0.279,0.241,1
"Myo16",0.731669530316734,0.337353812720469,0.093,0.121,1
"Vps29",0.732127516624341,0.402223797770824,0.14,0.121,1
"Cnot7",0.732127516624341,0.30851749226923,0.14,0.121,1
"Gsk3b",0.737010870412184,0.280905851927853,0.302,0.293,1
"Ppfia2",0.737141862899633,0.386567415727736,0.419,0.431,1
"Spcs2",0.739073346507704,-0.419097244369265,0.14,0.155,1
"Tmem234",0.740909604352055,0.511550364320994,0.209,0.19,1
"Ppp2r5e",0.740909604352055,0.255036735442927,0.209,0.19,1
"Elmo1",0.74343137413285,0.390132975443491,0.302,0.293,1
"Dnajb6",0.743443975342133,0.29771228264045,0.233,0.224,1
"Pja2",0.747580939074045,0.31963171410131,0.256,0.241,1
"Kcnd3",0.750105872456089,0.262107433736358,0.442,0.431,1
"Kcnip1",0.750325442801693,-0.29895179543381,0.279,0.293,1
"Rps14",0.752985329375908,0.641204341976543,0.209,0.207,1
"Eif4e",0.755682776256162,0.292440175273312,0.116,0.103,1
"Nap1l5",0.755869960185199,0.347701051471162,0.209,0.19,1
"Usp32",0.755869960185199,0.470355386838499,0.209,0.19,1
"Gm20754",0.755895387491532,-0.538285744591458,0.14,0.155,1
"Mif",0.758929522776341,0.455678839212276,0.14,0.121,1
"Ap3b1",0.758929522776341,0.549250311049594,0.14,0.121,1
"Hnrnpm",0.760349263101056,-0.361295668543162,0.209,0.207,1
"mt-Nd4",0.762798560853465,0.333486070392753,0.302,0.293,1
"Rpl37a",0.767930109888077,0.439388799335612,0.14,0.121,1
"Erc2",0.768528667116901,0.291432345188206,0.372,0.362,1
"Ralgps2",0.770638475064408,0.50487258090649,0.116,0.155,1
"Rora",0.770792607283179,-0.465065808157656,0.581,0.534,1
"Ywhag",0.771754541495866,0.470429720888182,0.233,0.207,1
"Exoc5",0.772833949732146,-0.274228214566601,0.14,0.155,1
"Hsp90b1",0.774042845226194,0.403884832056276,0.163,0.207,1
"Atp5e",0.775066075405415,0.328726885957697,0.116,0.103,1
"Ddb1",0.775066075405415,0.350652140701951,0.116,0.103,1
"Frrs1l",0.775208935081462,0.303895141789801,0.256,0.241,1
"Tab2",0.77570626983655,-0.302414249142477,0.093,0.103,1
"Stxbp1",0.77579386861599,0.266745717182785,0.302,0.293,1
"Edf1",0.782887535942824,0.341949623857238,0.14,0.172,1
"Garnl3",0.785878180874203,-0.290301596587062,0.093,0.103,1
"Ttyh1",0.785878180874203,-0.44447130376915,0.093,0.103,1
"Tmx2",0.786024340273096,0.356628734471024,0.14,0.121,1
"Sst",0.788852258627497,0.573593829357037,0.302,0.293,1
"Hdac8",0.789881432854725,-0.304402920281243,0.14,0.155,1
"Hsbp1",0.790566440428598,0.261327703953363,0.116,0.138,1
"Lcorl",0.793747369877339,0.311144669043944,0.186,0.224,1
"Esd",0.794590568248571,0.301620212312718,0.116,0.103,1
"Dalrd3",0.795115665145404,0.257020541057203,0.14,0.121,1
"Atxn2l",0.796086777683965,-0.268635650226786,0.093,0.103,1
"Zfp950",0.796086777683965,-0.27503408794979,0.093,0.103,1
"Fmr1",0.798443601523448,-0.313729147149845,0.14,0.155,1
"Mapk10",0.799642396891544,0.334517791638379,0.326,0.31,1
"Arhgap17",0.804402129837117,0.391283812446131,0.116,0.103,1
"Tubb4a",0.804402129837117,0.319609778513401,0.116,0.103,1
"Laptm4a",0.804403507567187,-0.286742934223968,0.163,0.172,1
"Arhgap21",0.804968037744146,-0.322109486146829,0.209,0.207,1
"Tmem126a",0.806330393495011,-0.300351168542967,0.093,0.103,1
"Phf8",0.806330393495011,-0.262985492183257,0.093,0.103,1
"Ranbp2",0.807897368668403,0.428196660367584,0.163,0.155,1
"Trim44",0.808372270523092,-0.308111305134887,0.209,0.224,1
"Kif3a",0.80880460793342,0.400375528879148,0.116,0.138,1
"Mllt10",0.808965654563713,-0.260471562364542,0.186,0.19,1
"mt-Cytb",0.812530039967092,0.39102525678606,0.512,0.517,1
"Rsf1",0.812781213100331,0.445836404402602,0.279,0.241,1
"Dnajb14",0.814244599469184,0.286900447322933,0.116,0.103,1
"Stx12",0.814244599469184,0.262617610993897,0.116,0.103,1
"Dctn1",0.814244599469184,0.290063091499287,0.116,0.103,1
"Kcnip4",0.814627264801395,1.47052183437044,0.488,0.517,1
"Man2a2",0.816607343499249,-0.251327065621568,0.093,0.103,1
"Egfr",0.816607343499249,-0.386456582071452,0.093,0.103,1
"Lpin2",0.816607343499249,-0.305804175459451,0.093,0.103,1
"Acbd6",0.816815867094479,0.373964436591883,0.186,0.172,1
"Setd5",0.818785567152728,0.279260105353694,0.209,0.241,1
"Fam76a",0.8235804654216,0.684326485509946,0.14,0.138,1
"Ccdc148",0.824116482115887,0.366145571083906,0.116,0.103,1
"Kcnmb2",0.825463560406676,-0.366708150723436,0.326,0.31,1
"Clasrp",0.826915925680051,-0.304842524623775,0.093,0.103,1
"Desi1",0.826915925680051,-0.267031392240944,0.093,0.103,1
"Sorcs3",0.830634654609413,-0.561627031053059,0.116,0.121,1
"Lmo3",0.834016268778994,0.282344977330212,0.116,0.103,1
"Tafazzin",0.840178220809941,-0.443165926655153,0.116,0.121,1
"Usp16",0.847621097537531,-0.369287251593907,0.093,0.103,1
"Tacc1",0.848217058279403,0.543380347915973,0.186,0.19,1
"Scai",0.850007808059187,0.43854107286131,0.163,0.155,1
"Ecpas",0.850231347644998,0.300637751419343,0.209,0.207,1
"Frmd4b",0.857827768429914,-0.364173797043116,0.209,0.207,1
"Hipk3",0.858014204799983,0.343251663247324,0.093,0.103,1
"Ndn",0.858485599455127,0.662676624828537,0.163,0.155,1
"Tsc1",0.859334633509463,-0.353541963782245,0.116,0.121,1
"Agps",0.859334633509463,-0.387194444176523,0.116,0.121,1
"Arnt",0.859334633509463,-0.254719331867257,0.116,0.121,1
"Mir6236",0.863433164578611,0.3185546622215,0.279,0.293,1
"Ano3",0.864107065516597,0.268667524587061,0.116,0.138,1
"1700024B18Rik",0.864107065516597,0.301172546434351,0.116,0.138,1
"Osbpl9",0.866328641105331,-0.291576478258077,0.233,0.224,1
"Xiap",0.868431981165307,-0.3745850758616,0.093,0.103,1
"Slc38a2",0.871956557930479,-0.27108741332159,0.186,0.19,1
"Kdm5a",0.87210204980867,-0.289524211883432,0.163,0.138,1
"Naca",0.875300903412615,0.346430996279904,0.209,0.224,1
"4930517O19Rik",0.875489271055041,0.50022290330779,0.163,0.155,1
"Atp6v1h",0.877338014279282,0.303292824038244,0.14,0.138,1
"Nr6a1",0.877338014279282,-0.520300807445595,0.14,0.138,1
"Thsd7a",0.878048614653466,-0.559545379818835,0.14,0.121,1
"Mob4",0.878872651498701,-0.277901616632796,0.093,0.103,1
"Sumo2",0.880693391098507,0.329753766724579,0.209,0.207,1
"Zfp536",0.880845419537801,0.629600497200732,0.233,0.293,1
"Sgcd",0.886353296529164,-0.426634208985149,0.395,0.414,1
"Ggps1",0.886868089954815,0.488409808390146,0.163,0.172,1
"Nlgn1",0.88820054771094,0.261174962811648,0.605,0.672,1
"Atp11c",0.888221693214151,-0.357086673880726,0.116,0.121,1
"Csrnp3",0.888604655320896,0.253379501388524,0.326,0.328,1
"Ccnt1",0.88933442871522,0.427220376950486,0.093,0.103,1
"Pdhb",0.895396592955371,0.375920097096881,0.14,0.138,1
"Slain1",0.897885765105622,-0.273785588911754,0.116,0.121,1
"Brd8",0.897885765105622,0.339278457072249,0.116,0.121,1
"Nf1",0.903658920376809,0.442545534709088,0.209,0.207,1
"Tardbp",0.907194270396059,-0.308238457832724,0.163,0.138,1
"Shoc2",0.907565006805221,0.563134744506088,0.116,0.121,1
"Matr3",0.913509541829571,0.310019543206417,0.14,0.138,1
"Mga",0.915399827420722,-0.348051102937871,0.14,0.121,1
"Galntl6",0.916373107931164,1.13166872236338,0.395,0.397,1
"Nhs",0.919015393764394,0.308844023292854,0.209,0.207,1
"Kcnb2",0.919761944723019,0.347351651798018,0.186,0.19,1
"Calb2",0.919761944723019,0.421040547240232,0.186,0.19,1
"Ube2b",0.919761944723019,0.383333945179813,0.186,0.19,1
"Sntg1",0.920002692089419,0.338717184149462,0.372,0.431,1
"Cmpk1",0.920828370889517,0.625441436920773,0.093,0.103,1
"Tango2",0.920828370889517,0.277750240533406,0.093,0.103,1
"Ralyl",0.921414621364756,0.728551901202049,0.372,0.379,1
"Phrf1",0.922583491684182,0.309836519932862,0.14,0.138,1
"Uba1",0.922583491684182,-0.251921871085603,0.14,0.138,1
"Nvl",0.926963296592308,-0.322808373118659,0.116,0.121,1
"Slc38a1",0.927762570341715,0.354337996513768,0.186,0.19,1
"Rab14",0.929101681282971,0.28025245604162,0.326,0.362,1
"Pde4b",0.929211054128339,0.292055225318427,0.209,0.241,1
"Rraga",0.931356498084353,0.315927176974052,0.093,0.103,1
"Rgs12",0.934208300843675,-0.346363591172153,0.116,0.103,1
"Tnpo1",0.938453230693771,-0.295673195200888,0.186,0.172,1
"Tmem243",0.940760475354507,-0.28305264619203,0.14,0.138,1
"Psap",0.941013832916583,0.401199439672403,0.256,0.293,1
"Dhx36",0.945387979343909,0.382724756642405,0.163,0.172,1
"Cdh12",0.948846185236489,0.719537462570174,0.186,0.207,1
"Cep70",0.952446987140968,0.364522997801031,0.093,0.103,1
"Grm3",0.952606362254991,-0.334401041694438,0.163,0.155,1
"Hspa4",0.953779569053849,0.385094864051811,0.163,0.172,1
"Dstn",0.954424972863669,-0.263317988612985,0.116,0.103,1
"Ap1ar",0.956138713220525,0.475309654333094,0.116,0.121,1
"Fer",0.956138713220525,0.283215815805,0.116,0.121,1
"Mmp16",0.956621319026981,0.277572711884823,0.233,0.259,1
"Mapre2",0.961812237958793,0.317420927488685,0.279,0.276,1
"Mrfap1",0.963048459306121,-0.252218615030906,0.186,0.172,1
"Rbms3",0.965861933416836,-0.691194006753495,0.233,0.207,1
"Gabrg2",0.965861933416836,0.297920503452497,0.209,0.224,1
"Ndrg3",0.967859186322685,-0.282699179152739,0.186,0.19,1
"H3f3b",0.968756529449105,0.32686409940068,0.372,0.397,1
"Prickle2",0.972442222927712,0.443847943922834,0.186,0.207,1
"Csnk2a1",0.973428916178929,0.364801020990488,0.14,0.155,1
"Slc35a1",0.973570835164716,0.340194964841093,0.093,0.103,1
"Brd1",0.975624125827684,0.259528124737256,0.116,0.121,1
"Fgf12",0.985553769944934,0.299275685244242,0.512,0.552,1
"Flrt2",0.986317427101765,-0.324739759429836,0.14,0.138,1
"Sacm1l",0.987387894722133,0.275001263038275,0.163,0.172,1
"Rtn3",0.99139074773356,0.359576731900997,0.535,0.569,1
"Kras",0.994713238741945,0.445926297864907,0.093,0.103,1
"Gm42993",0.994933385359429,-0.26048221635776,0.116,0.103,1
"Nek9",0.99512409689972,0.261527368467409,0.116,0.121,1
"Rmdn1",0.995892822637753,-0.354801984957936,0.186,0.172,1
"Rpl3",0.996205737757459,0.320989644530708,0.209,0.224,1
"Strn3",0.996645342565713,0.361742022820758,0.302,0.31,1
