"","p_val","avg_log2FC","pct.1","pct.2","p_val_adj"
"Rab11fip3",6.44246551604041e-06,-1.23149279314659,0.174,0.682,0.224629445147781
"Ralyl",6.98093316281955e-06,0.897125899052778,0.957,0.939,0.243404196588029
"Nav3",1.73067510909838e-05,-0.532665606407601,0.957,1,0.603434490289332
"Scg5",2.82985689906126e-05,0.949943797100496,0.87,0.47,0.98668620499569
"Nin",4.70077557731867e-05,-0.9299012015301,0.435,0.833,1
"Gm16185",0.000111922449142717,0.397876444123642,0.217,0,1
"Gm47283",0.000147882957438178,0.567065796981657,0.261,0.015,1
"Tbp",0.00017372711704295,0.706445344877752,0.261,0.015,1
"Rhbdd3",0.000185872889886981,0.528499277456762,0.348,0.045,1
"Spats2l",0.000198506911216996,0.750889606728629,0.478,0.121,1
"Syn2",0.000288349088003338,0.681185450160753,0.913,0.636,1
"Ackr1",0.000335385993022167,0.698193888562305,0.391,0.076,1
"Cst3",0.000373235741886146,0.953898106191686,0.739,0.394,1
"Gapdh",0.000437776158293868,0.784187115239259,0.87,0.545,1
"Rtn4r",0.000520484156296571,-0.831659819111606,0.174,0.606,1
"Osbpl10",0.000564121016397591,-0.788197975624182,0.174,0.621,1
"Cfap410",0.000596864424627394,0.31758761449117,0.174,0,1
"Thap3",0.000689636098898758,-0.675379981059408,0,0.379,1
"Atp5l",0.000703562161362879,0.578113008628976,0.435,0.106,1
"Cmip",0.00071564593294962,-0.803736309111961,0.478,0.788,1
"Ddo",0.000736107687887957,0.500437109952029,0.304,0.045,1
"Slx4",0.000783178230904663,0.452469689374715,0.304,0.045,1
"Serp2",0.000818776356502059,0.732190414984732,0.522,0.197,1
"Crlf3",0.000864584656983191,0.51864488838141,0.217,0.015,1
"Mapre1",0.000923627684978106,0.610443199099241,0.391,0.091,1
"Kif15",0.000934014990500862,0.420567587581301,0.217,0.015,1
"Nelfa",0.0010085808450068,0.446948789363656,0.217,0.015,1
"A430027C01Rik",0.0010085808450068,0.324507685756923,0.217,0.015,1
"Tln1",0.00106333406761425,0.476867325252026,0.304,0.045,1
"Atxn2",0.00117676439011725,-0.684544040945722,0.304,0.712,1
"Smarca1",0.00121870886400197,0.546046659031705,0.348,0.076,1
"Dennd1b",0.00130404853920098,-0.786754499934987,0,0.348,1
"Zfand4",0.0013555549309496,0.515487715240002,0.348,0.076,1
"Pard3b",0.00141384711093407,-1.00332310771991,0.174,0.576,1
"Cmss1",0.00141997945326394,-0.726344585331055,0.435,0.758,1
"Ranbp9",0.00153470962764461,-0.426737228953963,0.391,0.758,1
"Nbea",0.00156120817311213,0.389134596928098,1,0.985,1
"Ppia",0.00159607412923778,0.656574749988558,0.826,0.697,1
"Slc35e2",0.00177749053049819,-0.684047000880346,0,0.333,1
"Snrpn",0.00187477489355529,0.769686100679609,0.609,0.303,1
"Dmtn",0.00189671582066827,-0.688826986025381,0.174,0.545,1
"Gm55122",0.00190366854523185,0.75750475665199,0.957,0.788,1
"Narf",0.00200124588422987,-0.643793317992317,0.043,0.409,1
"Mapk14",0.00210401738744576,-0.723559147505579,0.174,0.545,1
"Dlgap4",0.00217053798553536,-0.565939249010188,0.522,0.742,1
"Pptc7",0.00235949176880598,0.535551716613112,0.304,0.061,1
"Rsf1",0.00237785787275347,0.639524675616421,0.739,0.394,1
"Ntng2",0.00270416095740607,-0.653951807069977,0.826,0.97,1
"Dad1",0.00279171471889349,0.599178623596785,0.478,0.182,1
"Otud7a",0.00283540238709732,0.547750890839792,1,0.955,1
"Slc16a7",0.00287979588265272,-0.727414329046587,0.174,0.561,1
"Ing2",0.00288278928203905,0.485944694767054,0.348,0.091,1
"Gfra1",0.00291609394664155,-0.749034099013062,0.609,0.818,1
"St8sia1",0.00294440325230838,0.459301741702952,0.261,0.045,1
"Ccdc59",0.00298877015758585,0.592417861646989,0.435,0.152,1
"ENSMUSG00000121071",0.00315237919742079,0.256749598514837,0.13,0,1
"Ciao1",0.00315237919742079,0.268880563054308,0.13,0,1
"Gm42483",0.00315237919742079,0.254222175429609,0.13,0,1
"Gm45692",0.00315237919742079,0.298143672252867,0.13,0,1
"Cdk20",0.00315237919742079,0.30458633458774,0.13,0,1
"Olfr277-ps1",0.00315237919742079,0.272366937732731,0.13,0,1
"Gm15938",0.00315237919742079,0.257974817760412,0.13,0,1
"Gm15342",0.00315237919742079,0.290676826503394,0.13,0,1
"Pcdha5",0.00315237919742079,0.285584290987508,0.13,0,1
"Antxr1",0.00320550570250683,-0.771772914735333,0.348,0.652,1
"Thoc3",0.00325629602823738,0.340778815057507,0.304,0.061,1
"Kcnq5",0.00330198388602498,0.442764815631815,1,1,1
"Gm42984",0.00330701285545244,0.377856529529969,0.261,0.045,1
"Adcy6",0.00343290836827981,0.311276427701234,0.304,0.061,1
"Psma7",0.00345533848371718,0.68120242378445,0.435,0.152,1
"Mrpl11",0.00350317057978759,0.448728897626761,0.261,0.045,1
"Lars2",0.00350505377145017,-0.662865424190941,0.087,0.455,1
"Rnf157",0.0035329716699786,0.464238688953143,0.739,0.303,1
"Adamts3",0.00368920992846172,0.791272344878895,0.696,0.515,1
"Gm43319",0.00371376576512728,0.399153888318049,0.304,0.061,1
"Tmeff1",0.00374249739936476,-0.653589120036641,0.043,0.379,1
"St6galnac3",0.00384842178109524,-0.970545445484679,0.217,0.53,1
"Mul1",0.00396310574588846,0.445292325272446,0.217,0.03,1
"Pdap1",0.00402182155303775,0.56711518060618,0.348,0.091,1
"Rnf19a",0.00403889032678136,0.528958464033482,0.565,0.242,1
"Wbp1",0.00416889700031523,0.375420819671945,0.174,0.015,1
"Tcta",0.00416889700031523,0.453770988718483,0.174,0.015,1
"Mgll",0.00417786815949068,-0.757533597458347,0.348,0.636,1
"Gpr27",0.00422298647152307,0.353827690126594,0.217,0.03,1
"Paf1",0.00422298647152307,0.335832435630492,0.217,0.03,1
"Ube2n",0.00435585240037182,-0.534951733047567,0,0.288,1
"Rad17",0.00435585240037182,-0.50476316582773,0,0.288,1
"Rtn2",0.00448868655795656,0.357505042393682,0.174,0.015,1
"Adam12",0.00448868655795656,0.385735867075869,0.174,0.015,1
"Olfr46",0.00448868655795656,0.347282443464719,0.174,0.015,1
"Ankrd34a",0.00483054384565734,0.340354065890494,0.174,0.015,1
"Vangl1",0.00483054384565734,0.373155099622604,0.174,0.015,1
"Nckap5l",0.00483054384565734,0.346360291935158,0.174,0.015,1
"Golgb1",0.00492529948940692,-0.678800456547624,0.217,0.545,1
"4930567K12Rik",0.00507619659380037,0.505470146230368,0.304,0.076,1
"Mepce",0.00509801136450995,0.351410197118022,0.217,0.03,1
"Gm13872",0.00519579020705214,0.319777845176659,0.174,0.015,1
"Zfp758",0.00519579020705214,0.36255369004858,0.174,0.015,1
"Apoe",0.00529027819368986,0.674624009958493,0.478,0.197,1
"Gm42993",0.00581255824496756,0.53992296860006,0.391,0.136,1
"Setbp1",0.00594614618393584,-0.526253804052288,0.87,1,1
"Prdx1",0.0060527442429162,0.520784913951031,0.435,0.167,1
"Fgf1",0.00608170876131581,0.665587844518661,0.261,0.061,1
"Cpne9",0.00616152347685187,-0.572640883713661,0.435,0.682,1
"Tada2a",0.00624850869033238,-0.572149661608229,0.087,0.409,1
"Gorasp2",0.00641375224689454,-0.538404749961282,0.087,0.394,1
"Eno2",0.00661203862580515,-0.468780469190344,0.217,0.53,1
"Dennd1a",0.00662157018726413,-0.609238818953965,0.522,0.788,1
"Prrt1",0.00678048544223071,0.379129590745416,0.304,0.076,1
"Slc25a23",0.00679823548107118,-0.671098455500275,0.174,0.485,1
"Xkr4",0.00684125936088305,0.42285896736069,0.957,0.909,1
"Snx6",0.0068450909673878,-0.535776618894435,0.043,0.318,1
"Stx3",0.00708448008718611,-0.587631783439346,0.043,0.348,1
"Zdbf2",0.00771948770960242,-0.511327258724381,0,0.258,1
"Arpc5",0.00771948770960242,-0.514222276585558,0,0.258,1
"Fbxo25",0.00771948770960242,-0.551806913951328,0,0.258,1
"Zfp322a",0.00788930223179231,0.452162555978948,0.435,0.167,1
"Gm43048",0.00793597483611553,-0.472536816783589,0.043,0.318,1
"Trerf1",0.00807769546166008,-0.634788087244892,0.348,0.621,1
"Adk",0.00829751469139268,0.557201309370822,0.652,0.424,1
"Pitpnm3",0.00841340104040558,-0.564814120163031,0.348,0.652,1
"Zwint",0.00850415243793579,0.470694522929374,0.783,0.515,1
"Fam172a",0.00865732434896102,-0.609627361030062,0.565,0.818,1
"Txndc12",0.00869814277407548,0.43027990621292,0.261,0.061,1
"Mamld1",0.00889868964666712,-0.520246604879357,0.174,0.515,1
"Mkrn1",0.00896778691442774,0.650476555960261,0.478,0.227,1
"Zfp346",0.00899462318849857,-0.58153404594762,0.043,0.333,1
"Akap9",0.0090265480290158,-0.621545976075327,0.391,0.682,1
"Cep164",0.00938953470189243,-0.570687923078374,0.087,0.379,1
"Alcam",0.00942068779072512,0.656632866624482,0.913,0.818,1
"Hectd2",0.00942789735035128,0.475465517160638,0.391,0.152,1
"Dnaaf9",0.00949230775291887,-0.573112515910237,0.696,0.939,1
"Rpl36al",0.00985142513629752,0.40033666681396,0.261,0.061,1
"Gm34567",0.00985631708823739,-0.59948380623817,0.478,0.712,1
"Kdm4b",0.0100030644354199,-0.430314898295429,0.043,0.333,1
"Tspyl4",0.0100385744200316,0.415357454781882,0.522,0.227,1
"Usp36",0.0102056048191221,-0.462533406378151,0,0.242,1
"Azin1",0.0102244241571036,-0.545874272322135,0.043,0.318,1
"Slc2a3",0.010360927119242,-0.489250071840443,0.043,0.333,1
"Mier3",0.0104822023235659,0.403827271585599,0.217,0.045,1
"Rundc3a",0.0105517685822346,-0.553193639097575,0.087,0.379,1
"Ghr",0.0105517685822346,-0.529413801991735,0.087,0.379,1
"Adgrb3",0.0106530859858561,0.333014826896836,1,1,1
"Kifap3",0.0107037143985365,0.573112579342646,0.87,0.636,1
"Syngap1",0.0107272722405637,0.505592563063225,0.478,0.242,1
"Gm42583",0.0107376995268521,-0.507687922163712,0.13,0.424,1
"Braf",0.0109989753034059,0.566366762495523,0.783,0.667,1
"Nkain3",0.0111413647654976,0.419035941431123,0.261,0.061,1
"Gm42899",0.0116781255669027,0.336545507522103,0.217,0.045,1
"Tmem25",0.0116781255669027,0.333500927156352,0.217,0.045,1
"Mrpl45",0.0116781255669027,0.433455729612655,0.217,0.045,1
"Ddr1",0.0119781050800793,0.49922218747852,0.348,0.121,1
"Cntnap5b",0.0120947533549321,-0.858129466016472,0.826,0.894,1
"Alas2",0.0122781217331907,0.33967493294776,0.261,0.061,1
"Abca8b",0.0123017517555899,0.4593354796015,0.609,0.348,1
"Slc1a6",0.0123203035418901,0.4150858095404,0.217,0.045,1
"Gm45871",0.0123203035418901,0.322216158176284,0.217,0.045,1
"Gabrg3",0.0123327086044055,0.441977594281729,0.913,0.727,1
"Scrn1",0.0124137965456947,-0.62839522925741,0.217,0.53,1
"Dclk1",0.0125006359589529,-0.414744475910151,0.957,0.97,1
"Wnk1",0.0125443333772378,-0.522224982627476,0.348,0.621,1
"Asb13",0.0126177006340581,-0.581815843552071,0.043,0.288,1
"Rims1",0.0128361371353992,0.323130248232761,1,1,1
"Rora",0.0129613225287309,0.507357408534532,0.913,0.803,1
"Gatm",0.0129935698301613,0.473614001175714,0.217,0.045,1
"Ralgapa1",0.0130372503824936,-0.448766496059944,0.696,0.909,1
"Slc45a1",0.0130809979223801,-0.460049524547188,0.043,0.288,1
"Gphn",0.0133391636318589,0.341846549094837,0.957,0.924,1
"Ercc5",0.0134346787538728,-0.480256803828097,0,0.227,1
"Zfc3h1",0.0134581080408321,-0.575008803105536,0.174,0.455,1
"Dhps",0.0135592765310393,-0.506279780378037,0.043,0.288,1
"Gnptab",0.0137368932868272,-0.544951531675055,0.13,0.379,1
"Dtnbp1",0.0137794287098812,0.45757320830252,0.435,0.182,1
"Ext1",0.0138514487864516,0.579458221000718,0.652,0.409,1
"4732440D04Rik",0.0140197865182452,-0.370039713123346,0.043,0.318,1
"Ipo7",0.0140763276460976,0.43323709666727,0.435,0.167,1
"Eif4a2",0.0140985758793218,-0.45422998424123,0.13,0.409,1
"4930567K20Rik",0.0141460794728408,0.577034451831086,0.522,0.227,1
"5330434G04Rik",0.0145213841363205,0.6460574618467,0.478,0.227,1
"Psmb6",0.0149545791600621,0.306172114478552,0.304,0.091,1
"Scrn3",0.0152126138229193,0.257105604106564,0.217,0.045,1
"Jarid2",0.0152201923737699,-0.53384069285374,0.391,0.652,1
"Nme6",0.0152804163536517,0.357606117279522,0.174,0.03,1
"Rnf207",0.0158983829697461,-0.51786322179962,0.043,0.303,1
"Rps14",0.0159918556857157,0.606582048870367,0.478,0.227,1
"Them4",0.0160231327775283,0.348983761330166,0.217,0.045,1
"Ptn",0.0160404815363364,0.521282824718777,0.696,0.5,1
"D5Ertd579e",0.0161015469137031,-0.412930779507206,0.13,0.439,1
"Gm29642",0.016212231604667,0.281580922951983,0.174,0.03,1
"Rims2",0.016536761771857,0.659686480626207,0.87,0.758,1
"Cnksr2",0.0166314069167038,-0.484969826341184,0.87,0.97,1
"Jagn1",0.0166976071870512,0.470928871759839,0.261,0.076,1
"P4ha1",0.0167918090941892,-0.725009423860426,0.13,0.394,1
"2210016L21Rik",0.0169922729887283,0.430299464702206,0.391,0.152,1
"Rnf185",0.0169957666350201,0.333707737006389,0.348,0.121,1
"Ss18",0.0169957666350201,0.415908044199173,0.348,0.121,1
"Capzb",0.0170300958680963,-0.430712701726382,0.043,0.303,1
"Pdcl",0.017193620204604,0.251700916120161,0.174,0.03,1
"Gdpd3",0.017193620204604,0.325124143002849,0.174,0.03,1
"Prkcsh",0.017193620204604,0.306030501466533,0.174,0.03,1
"Zfp101",0.0174584899894877,0.377718912327572,0.261,0.076,1
"Rpl37",0.0176062691438873,-0.446258064455605,0.043,0.273,1
"Etv3",0.0176145829394347,-0.399283432993083,0,0.212,1
"Heatr1",0.0176145829394347,-0.416238252585513,0,0.212,1
"Etv5",0.0176145829394347,-0.375647452748439,0,0.212,1
"Astn1",0.0177730571443779,0.582003774160872,0.783,0.742,1
"Sin3a",0.0181471450773106,-0.481828198228546,0.087,0.318,1
"Plagl2",0.0182267391106808,0.297561746333826,0.174,0.03,1
"Gm12963",0.0182267391106808,0.359356678562123,0.174,0.03,1
"Lrrc24",0.0182267391106808,0.282279218069798,0.174,0.03,1
"Ipo11",0.018226865397944,0.573742851089542,0.609,0.379,1
"Rskr",0.0182496037896636,0.319393074456148,0.261,0.076,1
"9530059O14Rik",0.0184100943792703,-0.44108006676718,0.826,0.985,1
"Pwwp2a",0.0186345653443047,-0.437323857213286,0.13,0.424,1
"Bdnf",0.0186710645474204,-0.681521510233749,0.174,0.424,1
"Thy1",0.0186983852918782,-0.501280790786583,0.217,0.485,1
"Chrm2",0.0190211084262652,-0.582467660945298,0.304,0.561,1
"Tnip2",0.0193138096234675,0.337937816467831,0.174,0.03,1
"Anks3",0.0193418716785199,-0.504154233435292,0.13,0.379,1
"Nell1os",0.0199759732190566,-0.481525881537925,0.217,0.576,1
"Rpl21",0.0200556956675265,0.432746752599494,0.609,0.348,1
"Ddx46",0.0201466590962537,-0.609019088973426,0.217,0.455,1
"Gm31356",0.0202608954972522,-0.401603871429849,0.043,0.273,1
"Chid1",0.0202865150628001,-0.434764240979502,0.087,0.333,1
"Tbc1d12",0.0203570064686579,0.566326732836052,0.478,0.303,1
"Dlg2",0.0203638024993979,0.36236277364377,1,1,1
"Vbp1",0.0204571175847563,0.29803005918069,0.174,0.03,1
"Kit",0.0204696595048464,-0.414053928358383,0.087,0.348,1
"Sgms1",0.0204696595048464,-0.511398318597353,0.087,0.348,1
"Gm50152",0.0205143462911332,0.368410666806126,0.348,0.121,1
"Pde8b",0.0206862907418217,-0.510876476285651,0.609,0.803,1
"Rrs1",0.0208634860712339,0.312246117053899,0.13,0.015,1
"Gm13427",0.0208634860712339,0.276076370208741,0.13,0.015,1
"Il12rb2",0.0208634860712339,0.499411507433503,0.13,0.015,1
"Tulp2",0.0208634860712339,0.260704603859658,0.13,0.015,1
"Timp2",0.0208634860712339,0.451728571451077,0.13,0.015,1
"Chmp2a",0.0209499267972868,0.367705574446285,0.348,0.136,1
"Rpl41",0.0213161982531369,0.573547242852417,0.565,0.333,1
"Med12l",0.0214128742423476,-0.490606010682109,0.391,0.652,1
"Klhl2",0.0216499890812204,-0.540701887851274,0.261,0.53,1
"Tmem69",0.0216590134626855,0.259217219805957,0.174,0.03,1
"Gm47889",0.0216590134626855,0.322201237679735,0.174,0.03,1
"Llgl1",0.021736295151589,0.325030426835078,0.261,0.076,1
"Fads3",0.021736295151589,0.38055732461665,0.261,0.076,1
"Tuba1a",0.0222173352449849,0.420630757016759,0.739,0.5,1
"Atp6v1c1",0.0223115670304702,-0.467201533303208,0.087,0.333,1
"BC031181",0.0223418870237243,0.446109508343631,0.565,0.348,1
"Nudt2",0.0223516116913446,0.404248364630617,0.13,0.015,1
"Napepld",0.0223516116913446,0.303083506287959,0.13,0.015,1
"Nat8f1",0.0223516116913446,0.253839969557472,0.13,0.015,1
"Pigz",0.0223516116913446,0.25463132872301,0.13,0.015,1
"Gm37593",0.0223516116913446,0.402640801119963,0.13,0.015,1
"Rnf111",0.0223998673584421,-0.396947094271285,0.304,0.606,1
"Zfp523",0.0224748942123837,-0.506384225435694,0.043,0.273,1
"Smarca4",0.0225444301394813,0.582196902554537,0.565,0.333,1
"Ccdc173",0.0226936974221023,0.52277433740871,0.261,0.076,1
"Tomm7",0.0226936974221023,0.264274234206198,0.261,0.076,1
"Slc35a5",0.0226936974221023,0.28999605103899,0.261,0.076,1
"Gm37731",0.0227261036397232,0.528104710157183,0.304,0.121,1
"Rbbp6",0.0228109709346826,0.396495118538692,0.565,0.303,1
"Gm43318",0.0229497014064765,-0.443015782030336,0.261,0.515,1
"Xrcc5",0.0230093362215575,-0.401932179491591,0,0.197,1
"Ankle2",0.0230093362215575,-0.407012854807538,0,0.197,1
"Sirt4",0.0230093362215575,-0.399725161599508,0,0.197,1
"Nudt21",0.0230093362215575,-0.369427874057621,0,0.197,1
"Ccdc82",0.0230093362215575,-0.346545696073056,0,0.197,1
"Scamp2",0.0230093362215575,-0.404975478446526,0,0.197,1
"Ppm1d",0.0230093362215575,-0.363028064634266,0,0.197,1
"Krt222",0.0230093362215575,-0.409965304739444,0,0.197,1
"Nubpl",0.0230093362215575,-0.359357414938117,0,0.197,1
"Cggbp1",0.0230093362215575,-0.423599575759244,0,0.197,1
"Mef2a",0.0230420526817923,0.471211833838939,0.826,0.788,1
"Cd81",0.0232007812242102,0.531957485541243,0.522,0.288,1
"Ncor1",0.0232728299544146,0.432775111844761,0.826,0.712,1
"Gng12",0.0234552005744207,0.446842290381795,0.217,0.061,1
"Pde4b",0.0234989632118233,0.521431643208571,0.87,0.803,1
"Drc3",0.023575849634904,-0.538770885138851,0.043,0.258,1
"Lsm12",0.023602508228303,0.357458136693626,0.391,0.167,1
"Snrpd3",0.0236875351011716,0.345637256242803,0.261,0.076,1
"H2az2",0.0236875351011716,0.304918550663012,0.261,0.076,1
"Gm37965",0.0239311784345254,0.265733025429006,0.13,0.015,1
"Gm42727",0.0239311784345254,0.290715313101354,0.13,0.015,1
"Slirp",0.0239311784345254,0.258726282628586,0.13,0.015,1
"Dvl3",0.0241812320212329,0.34575460954444,0.348,0.136,1
"Glod4",0.024258330680057,0.332899689462797,0.478,0.182,1
"P4htm",0.0244086974398083,-0.402502016017098,0.043,0.258,1
"Dmxl2",0.0244903241327984,-0.555921197740284,0.609,0.742,1
"Rn18s-rs5",0.024493682764212,-0.274284640044469,1,1,1
"5730522E02Rik",0.0245101478168049,-0.542738858378586,0.087,0.333,1
"ENSMUSG00000121307",0.024771501940896,-0.502452540413755,0.13,0.394,1
"Ssb",0.0248422044969474,0.626497832316002,0.522,0.348,1
"Ssh1",0.0248962693240191,-0.415943936401008,0.043,0.273,1
"Nup93",0.025186481471518,0.496794623308411,0.565,0.333,1
"Ppp6r1",0.0254244999677073,0.42371911604781,0.304,0.121,1
"Myo5a",0.0255927845670472,0.352091283928148,0.87,0.803,1
"Mmut",0.0257399714761913,0.421625840244543,0.217,0.061,1
"Mrps5",0.025835016846056,0.476959159990927,0.391,0.182,1
"Dgkz",0.0258358718437066,-0.555007502474425,0.652,0.788,1
"Itsn2",0.0261548032479655,-0.568752943730853,0.304,0.576,1
"Junb",0.0261550723487765,-0.523457227234178,0.043,0.258,1
"Xbp1",0.0261550723487765,-0.414812330118508,0.043,0.258,1
"Sh3bp5",0.0261550723487765,-0.401380024909585,0.043,0.258,1
"Stmn1",0.0265724412101885,0.485744797574506,0.826,0.682,1
"Hagh",0.0266332804737573,-0.39458534824338,0.043,0.273,1
"Tbr1",0.0268940387431852,0.439844571444895,0.435,0.212,1
"Glt1d1",0.0268940387431852,-0.413735341210227,0.087,0.333,1
"B4galnt1",0.0269528485004971,0.345554924802044,0.217,0.061,1
"Smg5",0.0270227581296324,0.466675575997158,0.478,0.273,1
"Timm17a",0.0270397387871446,0.348148827365449,0.304,0.106,1
"Son",0.0270670994928886,0.443834026492076,0.87,0.848,1
"Nsd3",0.0272107249169589,-0.472131210194281,0.739,0.803,1
"Naa50",0.0275607221023182,0.311156502549334,0.435,0.167,1
"Dscam",0.0279602971712447,0.357815693439362,1,0.939,1
"Ulk1",0.0280808697139721,0.324563604062687,0.304,0.106,1
"Diablo",0.0282147507805537,0.429260270694827,0.217,0.061,1
"Elavl1",0.0286198761350994,-0.428026707366008,0.13,0.394,1
"Nploc4",0.0290477781419511,0.515575479763339,0.478,0.242,1
"BB557941",0.0292918614377967,-0.498310572299642,0.13,0.379,1
"Macroh2a1",0.0294347400280401,-0.390499924779987,0.043,0.273,1
"Ndufaf1",0.0295272387676717,0.33384311899951,0.217,0.061,1
"Ankrd45",0.0299549183027037,-0.33276902011933,0,0.182,1
"Rae1",0.0299549183027037,-0.341567691500209,0,0.182,1
"9930104L06Rik",0.0299549183027037,-0.330355643922597,0,0.182,1
"Ccdc77",0.0299549183027037,-0.366318442621123,0,0.182,1
"Cilk1",0.0299549183027037,-0.339656162563169,0,0.182,1
"Pcbp4",0.0299549183027037,-0.398077978978832,0,0.182,1
"Gpx4",0.0299549183027037,0.384449074682601,0.261,0.091,1
"Elp5",0.0299549183027037,-0.337274710802588,0,0.182,1
"Cacng5",0.0299549183027037,-0.352457122419002,0,0.182,1
"Ubr7",0.0299549183027037,-0.382047500688826,0,0.182,1
"Naa30",0.0299549183027037,-0.309325510215843,0,0.182,1
"Pick1",0.0299549183027037,-0.328674535932985,0,0.182,1
"Gpd1",0.0299549183027037,-0.385023658958597,0,0.182,1
"Cxxc5",0.0299549183027037,-0.332306107963269,0,0.182,1
"4930484I04Rik",0.0299549183027037,-0.355995236837181,0,0.182,1
"Zfp711",0.0299549183027037,-0.298612576070019,0,0.182,1
"Cox7a2l",0.0299709233674692,0.447806541038734,0.348,0.152,1
"Snx30",0.0302518886371539,-0.500624305841854,0.261,0.545,1
"Zranb1",0.0303338157421111,-0.443098303304843,0.348,0.606,1
"Wwp2",0.0303544503828458,-0.434210117108545,0.043,0.242,1
"4930570G19Rik",0.0304232478788009,-0.397074896881194,0.043,0.273,1
"Txndc15",0.0304232478788009,-0.335893554304955,0.043,0.273,1
"Rufy3",0.0306677798612089,-0.52923126021796,0.478,0.652,1
"Tcp11l1",0.0308127974870396,0.456740645182701,0.609,0.379,1
"Gm38250",0.0308919023605081,0.300189309956242,0.217,0.061,1
"Topbp1",0.0308919023605081,0.304248503878679,0.217,0.061,1
"Lpp",0.0308919023605081,0.372012877861956,0.217,0.061,1
"Lingo2",0.0311168552298305,-0.383325920460395,0.957,1,1
"Mrpl20",0.0311697257503752,0.377528271388783,0.261,0.091,1
"Rundc3b",0.031217138963745,0.51348413995718,0.652,0.439,1
"Marchf3",0.0313125487320357,-0.536268776237248,0.087,0.333,1
"0610030E20Rik",0.0313625859021079,0.40574772121362,0.478,0.227,1
"Phf6",0.0315446777221778,-0.378622307518563,0.261,0.561,1
"Gsdme",0.0316429193455082,0.3945679912194,0.522,0.288,1
"Tspoap1",0.0321799541797211,-0.353211627248278,0.391,0.636,1
"Rnf141",0.032310360520095,0.351630246847198,0.217,0.061,1
"Gm11613",0.032310360520095,0.282238456029183,0.217,0.061,1
"Ppfia2",0.0324896890059121,0.321603070568509,0.913,0.788,1
"Vps8",0.0326160968081039,-0.467341760474671,0.261,0.47,1
"Pabpc4",0.0326173717524023,-0.449457509106921,0.13,0.364,1
"Tppp",0.0327371021070837,0.357016845701069,0.391,0.167,1
"Pdss2",0.0331283193747295,0.475055717695513,0.609,0.394,1
"Pld3",0.0333115296280631,-0.427015166716954,0.217,0.439,1
"Gm12002",0.0334149500820052,0.410288081098613,0.609,0.364,1
"Map2k4",0.0337410113498696,-0.559775211325533,0.696,0.879,1
"4930590L20Rik",0.0337678034645947,0.456904323679507,0.522,0.303,1
"Kcnq3",0.0337736431674006,0.289585107148973,1,0.985,1
"Tbc1d22a",0.0337884169752793,-0.471712844168112,0.087,0.303,1
"Zswim7",0.0339078395564061,-0.415912969870889,0.13,0.394,1
"Tcea1",0.0342558276357999,0.421060261606208,0.348,0.152,1
"D130043K22Rik",0.0343140892149807,-0.476985700444745,0.304,0.621,1
"Xrcc4",0.0343247855631976,0.538176484231282,0.522,0.348,1
"Zscan26",0.0343420463442221,-0.501486303157855,0.261,0.545,1
"Cep70",0.0348592589574361,-0.414549077116786,0.261,0.515,1
"Taf12",0.0350709069977406,0.395283995274721,0.261,0.091,1
"Gm14410",0.0352442878676366,0.386486064935956,0.304,0.121,1
"Hsf1",0.035315279011009,0.251065668131437,0.217,0.061,1
"Akap11",0.035371716912701,0.387047813625075,0.652,0.439,1
"Poldip2",0.0353823741090065,0.366643996579773,0.348,0.136,1
"Crebzf",0.035438827388232,-0.386051141417381,0.348,0.621,1
"Atg4c",0.035640534854186,-0.441877789613899,0.174,0.424,1
"Lrrc4b",0.0359197689810136,0.444204387923103,0.391,0.197,1
"Reep5",0.0359504658567899,0.430807270818873,0.609,0.379,1
"Cdr1os",0.0361444377036431,0.375045678953527,0.696,0.47,1
"Slc22a17",0.0362247689153771,-0.441776746369282,0.304,0.591,1
"Bdp1",0.0362569666210688,-0.51216728769875,0.348,0.545,1
"Alpk1",0.0363648665900305,0.518593447448015,0.304,0.136,1
"Gprasp1",0.0364025946943484,0.460149348679083,0.739,0.591,1
"E2f4",0.0364607118730325,0.353316658675193,0.261,0.091,1
"Ehd3",0.0364607118730325,0.391046999728564,0.261,0.091,1
"Spen",0.0365562154058588,-0.367000960887666,0.13,0.364,1
"Rpl18",0.0365878215258148,0.395256471844521,0.348,0.152,1
"Atp5d",0.0365878215258148,-0.351547835251135,0.043,0.258,1
"Rps26",0.0365878215258148,0.364823542820016,0.348,0.152,1
"Habp4",0.0366492873933397,-0.363148040712047,0.217,0.455,1
"Calm3",0.0366668442456983,0.514958599592444,0.652,0.379,1
"Sergef",0.0368133904868972,-0.456647954873145,0.739,0.909,1
"Ppip5k2",0.0368513289395626,0.404383294108562,0.478,0.273,1
"Cyp20a1",0.0369051183566322,0.347763730424174,0.217,0.061,1
"Cerk",0.0369051183566322,0.309779717461721,0.217,0.061,1
"Ptchd4",0.0369051183566322,0.460814023593343,0.217,0.061,1
"Rnf20",0.0370277575562646,-0.401530754561276,0.087,0.303,1
"Becn1",0.0370277575562646,-0.419180836141968,0.087,0.303,1
"Acss2",0.0370311490305967,-0.303315371414749,0.174,0.455,1
"Meis2",0.0371954479798522,0.373364317347915,0.739,0.515,1
"Tigar",0.0372091397673104,-0.398261822671185,0.043,0.242,1
"AU040320",0.0373019738076509,-0.505276330981105,0.13,0.348,1
"Septin3",0.037601149901113,0.380662725589279,0.565,0.288,1
"Chic2",0.03774900849342,-0.47324792593203,0.087,0.288,1
"Fat1",0.0378204011770691,0.336779694246775,0.304,0.121,1
"Ric3",0.0378559961316811,0.554090868107259,0.391,0.212,1
"Gm41361",0.0378971761891232,0.373966761779338,0.261,0.091,1
"Qki",0.0380832755119835,-0.484269268851137,0.304,0.561,1
"Ddhd1",0.0380957819339412,-0.470503639538944,0.348,0.621,1
"Tasor2",0.0381300652710756,-0.447246037212623,0.217,0.47,1
"Itpkb",0.0383796216782743,-0.421397687655338,0.13,0.348,1
"Wdfy3",0.0386286233448927,-0.411279778740051,0.609,0.803,1
"Tbcc",0.0386442136198138,0.41535163772862,0.174,0.045,1
"Gm28294",0.0388804222789355,-0.338275143630127,0,0.167,1
"Ppfia4",0.0388804222789355,-0.306330091885262,0,0.167,1
"Snapc4",0.0388804222789355,-0.315314466987394,0,0.167,1
"Pmpca",0.0388804222789355,-0.323015727931957,0,0.167,1
"Exosc3",0.0388804222789355,-0.320085806082144,0,0.167,1
"Nr4a3",0.0388804222789355,-0.431720514721408,0,0.167,1
"Rims3",0.0388804222789355,-0.356122587594341,0,0.167,1
"Utp11",0.0388804222789355,-0.306645111178839,0,0.167,1
"Mrps12",0.0388804222789355,-0.312030147200243,0,0.167,1
"Slc22a14",0.0388804222789355,-0.373970127455588,0,0.167,1
"Lrp11",0.0388804222789355,-0.358274887339311,0,0.167,1
"D030028A08Rik",0.0388804222789355,-0.284123802780221,0,0.167,1
"2900060N12Rik",0.0388804222789355,-0.356429235560261,0,0.167,1
"4930579G18Rik",0.0388804222789355,-0.309731290092682,0,0.167,1
"4930506C21Rik",0.0388804222789355,-0.322753479141468,0,0.167,1
"Neu1",0.0388804222789355,-0.296843017656641,0,0.167,1
"Gm17106",0.0389135055049236,-0.372196488389629,0.13,0.409,1
"Ube2b",0.0390455832867731,-0.367795857196358,0.435,0.727,1
"Cep170b",0.0390537305865692,0.409851925102815,0.348,0.152,1
"Inpp5k",0.039167423793525,0.327140469174166,0.304,0.121,1
"Top3b",0.039167423793525,0.424772809854679,0.304,0.121,1
"Plxdc2",0.0392693166415365,-0.724075328309478,0.565,0.773,1
"Dido1",0.0393285342574225,0.334164574625989,0.522,0.288,1
"Nphp4",0.039331223662349,-0.432573612125362,0.087,0.303,1
"Rdx",0.0395764073030054,0.310389187066919,0.435,0.197,1
"Acer3",0.0396144689615874,0.38954220582878,0.565,0.333,1
"Uhrf1bp1l",0.0396396686565748,0.421282101060637,0.435,0.227,1
"Car10",0.0397549983660467,0.500297915019293,0.913,0.758,1
"Deaf1",0.0397692333415527,-0.391163325397029,0.043,0.242,1
"Pou3f3",0.039770058018301,-0.37189069282332,0.13,0.364,1
"Sub1",0.0399427115291051,0.481815571551752,0.478,0.258,1
"Usp19",0.0405278646042612,0.3948768059628,0.391,0.197,1
"Zbtb8os",0.0405719353615329,0.339734479848767,0.174,0.045,1
"Prmt1",0.0409148848213687,0.335649033808121,0.261,0.091,1
"Med15",0.041056449259057,-0.498539119765106,0.13,0.379,1
"Cbx5",0.0411122798778022,0.422836320363757,0.478,0.273,1
"Sobp",0.0411347512129936,-0.482149772517623,0.696,0.833,1
"Zrsr2",0.041659384939768,0.327756571484136,0.348,0.152,1
"Exoc6b",0.0417589132603353,0.429250960097965,0.87,0.742,1
"Hnrnpa3",0.0419469349970554,-0.515859892720499,0.304,0.545,1
"Gm37340",0.0421760795680732,-0.339167288890949,0.391,0.667,1
"Myrip",0.0423388574918454,-0.521744748406554,0.478,0.667,1
"Sntg1",0.0424230676490416,-0.421264720270158,0.913,0.939,1
"Mgat4c",0.0424538477688907,0.298007661720894,1,1,1
"Pds5b",0.0424581458351556,-0.462536486233283,0.348,0.561,1
"Prag1",0.0424772659903182,-0.419041456158946,0.043,0.242,1
"Ptov1",0.0424985686099185,0.303133375150413,0.261,0.091,1
"Mterf3",0.0424985686099185,0.27384298410597,0.261,0.091,1
"Gm7072",0.0424985686099185,0.353745690020434,0.261,0.091,1
"Efr3a",0.0425351493484048,-0.310788088701248,0.348,0.667,1
"Efcab2",0.0425805660017667,0.334259068429919,0.174,0.045,1
"Gm10791",0.0425805660017667,0.346046447321283,0.174,0.045,1
"Bad",0.0425805660017667,0.29065167715776,0.174,0.045,1
"Alg6",0.042641062845606,0.44794304851443,0.348,0.167,1
"Slc2a13",0.0428589739038187,-0.441268674136954,0.87,0.924,1
"Nrn1",0.0429079675982179,-0.419668137989111,0.174,0.424,1
"Ppp4r1l-ps",0.0430906870612,-0.342183882340121,0.043,0.227,1
"Akap5",0.0430906870612,-0.394204359172292,0.043,0.227,1
"Hint1",0.0432658434415329,0.391539856886362,0.435,0.212,1
"Enox1",0.0432703047417682,-0.385267037273504,0.826,0.909,1
"Pdzd8",0.0433947860706622,0.505658391576598,0.478,0.273,1
"Nalcn",0.0435506641991649,-0.457244788010657,0.652,0.773,1
"Map4",0.0436603083252208,0.32554525044946,0.739,0.5,1
"Drg1",0.04391923099395,-0.457506120114826,0.348,0.621,1
"mt-Rnr1",0.0441796742552617,-0.433069222426613,0.391,0.667,1
"Klhl32",0.0443045202072479,0.372820287202667,0.391,0.197,1
"Rps23",0.0443045202072479,0.454285404904969,0.391,0.197,1
"Mapk4",0.044358786966913,-0.517937308629747,0.478,0.697,1
"Amn1",0.0444915972639366,-0.313435190268567,0.087,0.318,1
"Ckb",0.0446634281805385,0.437544355549246,0.739,0.652,1
"Gm37011",0.0446726579340254,0.327745797236351,0.174,0.045,1
"Gm45062",0.0446726579340254,0.3050148209688,0.174,0.045,1
"Cetn2",0.0446726579340254,0.365661492866072,0.174,0.045,1
"Spink10",0.0448954144199179,-0.422898334754658,0.174,0.409,1
"Zfp141",0.0450407765314946,-0.467874998536533,0.13,0.333,1
"Tenm3",0.0450663542334097,0.400382366352845,0.913,0.833,1
"Galnt13",0.0452829124664622,-0.536842526839814,0.696,0.773,1
"Abi3bp",0.0454162007490283,-0.470222642194436,0.13,0.348,1
"Kcnab2",0.0455386289614162,0.475421139718738,0.522,0.333,1
"Hmgcll1",0.0456005911880737,-0.55577387028115,0.435,0.636,1
"Capza2",0.0456836406358273,0.499944684371143,0.478,0.288,1
"Jph1",0.045720619212342,-0.416494325583285,0.304,0.621,1
"Ier3ip1",0.0458429493737296,0.401692166230503,0.348,0.152,1
"Miga2",0.0460611774241398,0.491359808738802,0.304,0.136,1
"Cnbd2",0.0460611774241398,-0.36369195102207,0.043,0.227,1
"Usp45",0.0460850964167479,0.409312590373448,0.522,0.288,1
"Kcnj3",0.0461537890925409,-0.328292177084192,0.913,0.848,1
"Tent4b",0.0463880515466294,-0.511131649353002,0.261,0.485,1
"Rab11a",0.0464507691484682,0.378723761697828,0.217,0.076,1
"Far2",0.0466988746122821,0.592387963358436,0.609,0.47,1
"Slit3",0.0468009634508657,-0.607179985679321,0.348,0.606,1
"Gm49127",0.0468307604723943,-0.391013013926217,0.043,0.242,1
"Steap2",0.0468508009396924,0.302901870551066,0.174,0.045,1
"Dctd",0.0468508009396924,0.443871184126705,0.174,0.045,1
"Gm5087",0.0468508009396924,0.335748165464865,0.174,0.045,1
"Gm21926",0.0468508009396924,0.325309005372635,0.174,0.045,1
"Tmem218",0.0469839292661881,0.404307680187366,0.391,0.197,1
"Polr2g",0.0469839292661881,0.396851893104459,0.391,0.197,1
"Cacnb2",0.0472511494642074,-0.421680126772834,0.783,0.909,1
"Cttnbp2",0.0474577640934216,-0.414714511614244,1,0.97,1
"Ctsd",0.0476099554861296,0.43004627994997,0.304,0.136,1
"Efhd2",0.0476334325719824,-0.470852046642089,0.13,0.333,1
"Slc25a51",0.0480598253355082,-0.455347834431702,0.087,0.288,1
"Atpaf1",0.0480598253355082,-0.376930744127674,0.087,0.288,1
"Sil1",0.0480598253355082,-0.458945377895628,0.087,0.288,1
"Gm44686",0.0482802078240389,0.43492819211781,0.348,0.167,1
"Septin8",0.0483347137611386,-0.448343911511643,0.217,0.485,1
"Zmat1",0.0483739614199414,0.354810854706123,0.391,0.197,1
"Hs3st2",0.0484659198071508,-0.622162698552694,0.391,0.621,1
"Aig1",0.048991335159827,0.480831781697909,0.783,0.621,1
"Gm17202",0.04905177091385,0.423444136402355,0.261,0.106,1
"Ndrg4",0.0490741480854369,0.438461199126712,0.739,0.561,1
"Atp6v1g2",0.0490755705913118,0.394290193363725,0.565,0.348,1
"Mrrf",0.0491176205383127,0.284339302210627,0.174,0.045,1
"Vps52",0.0491176205383127,0.289712836295094,0.174,0.045,1
"Max",0.0493225252984306,-0.28855854019531,0.13,0.348,1
"Csgalnact1",0.0495915207668373,-0.549122026683876,0.348,0.545,1
"Dnajc6",0.0497282993226653,-0.435257917162873,0.609,0.818,1
"Il17ra",0.0499369685556569,-0.320663313197383,0.043,0.242,1
"Kmt2e",0.0503355656821119,-0.492866927660984,0.652,0.742,1
"Frem2",0.0503369976825651,-0.299999752344899,0,0.152,1
"Tmem131l",0.0503369976825651,-0.318444357187567,0,0.152,1
"Gatb",0.0503369976825651,-0.339353868989833,0,0.152,1
"C9orf72",0.0503369976825651,-0.31977525917935,0,0.152,1
"Txlna",0.0503369976825651,-0.297740548835496,0,0.152,1
"C1qtnf12",0.0503369976825651,-0.301091457733962,0,0.152,1
"Gm44257",0.0503369976825651,-0.285733252590403,0,0.152,1
"Zfp710",0.0503369976825651,-0.25405373443314,0,0.152,1
"Arv1",0.0503369976825651,-0.341324137277207,0,0.152,1
"Vstm5",0.0503369976825651,-0.256308605274937,0,0.152,1
"Katna1",0.0503369976825651,-0.270062051732244,0,0.152,1
"Heca",0.0503369976825651,-0.304317723000704,0,0.152,1
"Slc39a3",0.0503369976825651,-0.317626974220875,0,0.152,1
"Dnaaf10",0.0503369976825651,0.310631455021244,0.217,0.076,1
"Hid1",0.0503369976825651,-0.346893794013302,0,0.152,1
"Aggf1",0.0503369976825651,-0.394576635568648,0,0.152,1
"Gcnt4",0.0503369976825651,-0.289484892121396,0,0.152,1
"Rpl27a-ps4",0.0503369976825651,-0.337667882946229,0,0.152,1
"Ttc33",0.0503369976825651,-0.35711921184861,0,0.152,1
"Eef1d",0.0503369976825651,0.438010219596038,0.217,0.076,1
"Brd2",0.0503369976825651,-0.322405386722073,0,0.152,1
"Klhdc3",0.0503369976825651,-0.273596058631134,0,0.152,1
"Zfpl1",0.0503369976825651,-0.277599629082235,0,0.152,1
"Eda",0.0503369976825651,-0.349092489110635,0,0.152,1
"Mprip",0.0507397196813699,-0.462673592615121,0.391,0.621,1
"Coq10a",0.0508390557803824,0.455708312897532,0.304,0.136,1
"5530401A14Rik",0.0508939476041728,0.349483871777962,0.478,0.273,1
"Skil",0.0509790130376227,-0.435688674259301,0.087,0.288,1
"Neurl1a",0.0509790130376227,-0.350976471956823,0.087,0.288,1
"Agk",0.0511475177293646,0.446371382409389,0.609,0.364,1
"Zc3h13",0.0514032193067494,-0.359633164315887,0.435,0.697,1
"Krt10",0.0514757762112544,0.336795189314569,0.174,0.045,1
"Mtrf1",0.0514757762112544,0.309020734754117,0.174,0.045,1
"Nit1",0.051553744554672,-0.268893803222033,0.043,0.242,1
"Dnajb6",0.051689813900563,-0.279560071925174,0.261,0.515,1
"Kcnq1ot1",0.0516920665317621,-0.379164164976507,0.826,0.924,1
"Mapre3",0.0517721804167799,0.366048496121411,0.478,0.303,1
"Rere",0.0517747742363566,-0.318748511202336,0.913,0.939,1
"B3galnt2",0.0520829681866739,0.388676639759272,0.435,0.242,1
"Zfp236",0.0522655614121889,-0.345500047451975,0.13,0.364,1
"Mettl25",0.0523801048599432,0.297080753506573,0.217,0.076,1
"Gm42439",0.0524736979571669,0.86277959363994,0.609,0.409,1
"Fbxo21",0.0524934162871678,-0.371004732349776,0.087,0.288,1
"Celsr2",0.0525211928198806,-0.376958545629508,0.043,0.227,1
"Ppm1h",0.0526053794249761,-0.520668960044584,0.565,0.773,1
"Relch",0.0527711151151514,0.512382759900983,0.609,0.5,1
"Unc80",0.0529304255334767,-0.465524104703809,0.913,0.955,1
"Rabgap1l",0.0529465870912619,-0.357642152444863,0.913,0.985,1
"Sdc2",0.0532646119591137,0.324124098552661,0.391,0.182,1
"Por",0.053510141360297,-0.386670677696995,0.13,0.348,1
"Gm16599",0.0535377247343324,-0.455148500501777,0.696,0.879,1
"Gria1",0.0539876413417155,0.377182464356372,0.957,0.879,1
"Gm14212",0.0544920942086424,0.260469190797329,0.217,0.076,1
"4930405A21Rik",0.0544920942086424,0.352738619677278,0.217,0.076,1
"Ramac",0.0544920942086424,0.284276801377291,0.217,0.076,1
"Btbd3",0.0545591338677673,0.375669525548486,0.261,0.106,1
"Fgd4",0.0546004668315339,0.418620875569652,0.565,0.364,1
"Fam126b",0.0546711891137237,-0.434007723093194,0.391,0.606,1
"Scg3",0.0548316861189149,-0.350121470570454,0.087,0.288,1
"Gm43885",0.0549188901207401,0.424205281632029,0.304,0.152,1
"Snrnp48",0.0549797550850969,-0.327015650922549,0.261,0.485,1
"Jpx",0.0550993645487156,0.477056405951418,0.391,0.212,1
"Rmst",0.05526272495579,0.542731943874533,0.609,0.348,1
"Olfm3",0.0552872504769301,-0.292309153050393,0.957,0.97,1
"Dalrd3",0.055433658826213,0.415155051161767,0.522,0.303,1
"Hunk",0.05563518383869,-0.361244610890507,0.087,0.288,1
"Gtpbp2",0.05563518383869,-0.409744413054984,0.087,0.288,1
"Naxd",0.0557249192836048,-0.410154134824261,0.13,0.318,1
"Ntan1",0.0557496066423128,0.472294295190413,0.435,0.288,1
"Pik3r1",0.0558524160069431,0.400981108147887,0.391,0.197,1
"Bcar1",0.0560252324072635,-0.385358391623984,0.043,0.227,1
"Tmem29",0.0560252324072635,-0.322597379737159,0.043,0.227,1
"Ccar1",0.0562542942468518,-0.408724259495593,0.348,0.561,1
"Foxk2",0.0562794231319877,-0.410560201588096,0.217,0.455,1
"Mal2",0.0563092063813428,0.422113179261408,0.565,0.379,1
"Esyt2",0.0564331804838639,0.348880096819822,0.87,0.652,1
"Eif5a",0.0564446511892028,0.254515265401207,0.391,0.182,1
"ENSMUSG00000121207",0.0564768919582924,0.257819106373656,0.174,0.045,1
"Fnta",0.0565058582514463,0.476115861468026,0.261,0.106,1
"Basp1",0.0566221564966632,-0.443763391824876,0.783,0.864,1
"Epb41l2",0.0568271775150212,-0.442780169018915,0.304,0.5,1
"Wipf3",0.0568674255470442,-0.362145530188663,0.043,0.212,1
"Dusp14",0.0568674255470442,-0.505699588857273,0.043,0.212,1
"Ncbp2",0.0568674255470442,-0.365049364162825,0.043,0.212,1
"Serac1",0.0568674255470442,-0.305467783595867,0.043,0.212,1
"Oprk1",0.0576717821871285,-0.519316833136703,0.609,0.742,1
"Epg5",0.0577156008715042,-0.449445915013736,0.13,0.333,1
"Map3k4",0.0579888842034405,0.31229643544958,0.435,0.242,1
"Ndufa13",0.0587603202473683,0.341971882171868,0.348,0.152,1
"Ero1b",0.0587603202473683,0.262321735718312,0.348,0.152,1
"Morc3",0.0587638280284344,0.286291919567207,0.304,0.121,1
"Safb",0.0588777928293275,0.446496688628434,0.435,0.258,1
"Ric8a",0.0591253230156239,0.252031873523356,0.174,0.045,1
"Nup98",0.059127922076619,-0.496274944381816,0.217,0.424,1
"Mapk1ip1l",0.0595493411955214,-0.320530431654112,0.13,0.348,1
"Ifrd1",0.0595498023961348,-0.520817693846858,0.304,0.5,1
"Kif2a",0.0595511040081218,-0.296818799527382,0.261,0.515,1
"Sacm1l",0.0596263477553233,-0.403197827722566,0.435,0.621,1
"Gm16091",0.059653984150963,0.323961621716614,0.348,0.167,1
"Gmcl1",0.0596879656699759,-0.424367077361011,0.304,0.515,1
"Gm10135",0.0597218268647346,-0.281917218063928,0.043,0.227,1
"Kcnn2",0.0597507458760007,0.431042453938568,0.652,0.424,1
"Luzp1",0.0597533457780915,-0.540543045206233,0.304,0.53,1
"Eif2s2",0.0598586390057422,0.310834011830434,0.522,0.318,1
"Uba5",0.0602131972855531,-0.385121442243491,0.174,0.379,1
"Snca",0.0602639656838866,0.424973388562641,0.826,0.773,1
"Soat1",0.0605729461278366,0.34468286411106,0.261,0.106,1
"Aph1b",0.0605729461278366,0.418504038511592,0.261,0.106,1
"Fcho2",0.0609197212936166,0.311869910925709,0.652,0.455,1
"Fam193a",0.0609585735257438,0.333117109810058,0.696,0.53,1
"Epb41l3",0.0611532506518085,0.39175889363432,0.696,0.47,1
"Sgcb",0.0612306298326878,-0.347513636494491,0.13,0.364,1
"Tmem9",0.0612582721563367,0.268259069229081,0.217,0.076,1
"Tnfrsf21",0.0612582721563367,0.343828816273344,0.217,0.076,1
"Fer",0.0613115610010063,-0.556866377405881,0.478,0.652,1
"Pcm1",0.0613396471854096,-0.282332765883566,0.435,0.682,1
"Ino80dos",0.0615701854427688,0.311901358443147,0.391,0.212,1
"Ift81",0.0615701854427688,0.422991774277333,0.391,0.212,1
"Ano10",0.0616446805069316,-0.299172768849238,0.043,0.227,1
"Ppm1b",0.0617783091241303,-0.468666302315221,0.217,0.394,1
"Gm29514",0.0620446428131817,-0.444974231884667,0.087,0.273,1
"Osbpl3",0.0622183960823622,-0.362387594532739,0.522,0.727,1
"Clip4",0.062389552810782,-0.282429582773535,0.087,0.288,1
"Dleu2",0.0624570194593625,-0.449042685982567,0.348,0.545,1
"Mctp2",0.0625537796148516,0.50349155962812,0.478,0.273,1
"Gpat4",0.0626957507437896,0.375484653837992,0.261,0.106,1
"Arhgef17",0.0627643390727998,-0.321372113898995,0.13,0.379,1
"Gm42769",0.0636185020387868,-0.317027762290389,0.043,0.227,1
"ENSMUSG00000121013",0.0636185020387868,0.319669636461459,0.304,0.136,1
"Ankrd52",0.0636185020387868,-0.321637613118962,0.043,0.227,1
"Safb2",0.0638527786273879,-0.431141876310806,0.13,0.318,1
"Cdk5",0.0638605761446739,-0.369700870130764,0.087,0.273,1
"Cbx1",0.0638605761446739,0.372308517940567,0.348,0.182,1
"Slc37a3",0.0641397584550886,0.557250918883866,0.304,0.152,1
"Cfdp1",0.0642338347098998,-0.395923554191313,0.13,0.333,1
"Arhgap44",0.0643184230309071,-0.261642752902304,0.348,0.606,1
"Mcf2l",0.0643844287922962,-0.354911162435446,0.261,0.5,1
"Ndufb10",0.064770440439056,0.250599074069336,0.304,0.121,1
"Egfl7",0.0650385980759989,-0.291775051205102,0,0.136,1
"St6galnac4",0.0650385980759989,-0.27547209852431,0,0.136,1
"Hypk",0.0650385980759989,-0.25431882508486,0,0.136,1
"Gm10130",0.0650385980759989,-0.264568825307086,0,0.136,1
"Blcap",0.0650385980759989,-0.25839039007897,0,0.136,1
"Znfx1",0.0650385980759989,-0.303724883184503,0,0.136,1
"Pfdn4",0.0650385980759989,-0.263669856601076,0,0.136,1
"Zfp971",0.0650385980759989,-0.319637216393892,0,0.136,1
"Lamtor2",0.0650385980759989,-0.317899562523944,0,0.136,1
"Otud6b",0.0650385980759989,-0.25236207954461,0,0.136,1
"Aco1",0.0650385980759989,-0.306486103092065,0,0.136,1
"Coa7",0.0650385980759989,-0.311295671652631,0,0.136,1
"Rtkn",0.0650385980759989,-0.258248294026897,0,0.136,1
"Zfp715",0.0650385980759989,-0.312204004372137,0,0.136,1
"Mesd",0.0650385980759989,-0.266117998080406,0,0.136,1
"Tollip",0.0650385980759989,-0.291552283200381,0,0.136,1
"Gm39168",0.0650385980759989,-0.258788386585673,0,0.136,1
"ENSMUSG00000121084",0.0650385980759989,-0.29738325100291,0,0.136,1
"Kirrel3",0.0650385980759989,-0.633841182874207,0,0.136,1
"4930444F02Rik",0.0650385980759989,-0.292040838236647,0,0.136,1
"Plxnc1",0.0650385980759989,-0.334943972262646,0,0.136,1
"Tsfm",0.0650385980759989,-0.287870276216848,0,0.136,1
"Zfp874a",0.0650385980759989,-0.276609380637705,0,0.136,1
"Snx18",0.0650385980759989,-0.268501615425141,0,0.136,1
"Mettl17",0.0650385980759989,-0.332884104760838,0,0.136,1
"Pdzd2",0.0650385980759989,-0.354227320946747,0,0.136,1
"Urb1",0.0650385980759989,-0.272422490740056,0,0.136,1
"Cfap298",0.0650385980759989,-0.295125294692156,0,0.136,1
"Borcs7",0.0650385980759989,-0.259494846161976,0,0.136,1
"Filip1l",0.0650897714935284,0.273182583123565,0.435,0.227,1
"Dlx6os1",0.0652529009060316,0.311557844576911,0.13,0.03,1
"Fan1",0.0652529009060316,0.321590158765328,0.13,0.03,1
"Fcsk",0.0652529009060316,0.289692086433894,0.13,0.03,1
"Gm35835",0.0652529009060316,0.255044820128376,0.13,0.03,1
"Thoc1",0.0653362178710545,0.341696136951995,0.696,0.424,1
"Taf1",0.0654096419083168,-0.416432744098354,0.174,0.394,1
"Khdrbs2",0.0654217722158661,0.447853779103289,0.739,0.667,1
"Esrrg",0.0654584893539534,-0.538207934957848,0.478,0.667,1
"Jakmip2",0.0655942941365047,-0.301602399868796,0.652,0.833,1
"Tmem131",0.0657536010700188,0.272455560703538,0.652,0.5,1
"B3gat1",0.0657536010700188,0.381397189331169,0.652,0.5,1
"Ppp4r1",0.0659765016267522,-0.366797083345947,0.217,0.424,1
"Elmo2",0.0660131436674427,-0.344292146174383,0.087,0.288,1
"Gm9856",0.0660733414702466,0.43373060249848,0.391,0.197,1
"Hecw2",0.0661251806978215,-0.355029502279733,0.87,0.924,1
"Zbtb1",0.0661447156286019,0.297761040459387,0.217,0.076,1
"Cdk8",0.0667820142389348,0.377982411545603,0.739,0.606,1
"Polr3a",0.0668818788466329,0.260086498908633,0.304,0.121,1
"Slc16a4",0.0670964669584348,0.322079465614854,0.348,0.167,1
"Runx1t1",0.0672680753959541,-0.354526235601712,0.391,0.636,1
"Nrf1",0.0675355150414553,0.365099026253488,0.522,0.333,1
"Lin28b",0.067578797342831,-0.308458302139494,0.304,0.606,1
"Sec31a",0.067742921428141,-0.420018781324483,0.174,0.364,1
"Pstk",0.0679161535056023,0.366548906819555,0.391,0.197,1
"Rnf169",0.0681577853235008,-0.444476006179611,0.478,0.621,1
"Map1b",0.0683000602736525,-0.326739443520977,0.87,0.97,1
"Tro",0.0684773274620053,-0.297771179633915,0.304,0.515,1
"Gtf2e2",0.0687058404494395,0.296536331837694,0.217,0.076,1
"4933439C10Rik",0.0687533428807411,0.26253186938419,0.13,0.03,1
"Gpm6a",0.068995126434908,0.352600019008665,0.957,0.924,1
"Txndc11",0.0690192571215031,-0.282548658377878,0.174,0.409,1
"Ivd",0.0690496634331775,-0.287992361347809,0.043,0.212,1
"Sin3b",0.0690496634331775,-0.342118066244424,0.043,0.212,1
"Rnf44",0.0690496634331775,-0.29222643793386,0.043,0.212,1
"Ccdc47",0.0690719978834288,0.333704944269722,0.348,0.167,1
"Rplp1",0.0691653033657953,0.309665860960217,0.478,0.273,1
"Gm44560",0.069282280542982,0.280656842493346,0.696,0.515,1
"1700126G02Rik",0.0694360065486935,0.283825202185157,0.261,0.106,1
"Rpl11",0.069573369327032,0.622560346769976,0.348,0.182,1
"Fam98b",0.0698553355428786,0.408635884757305,0.304,0.136,1
"Snx3",0.0699899538536348,-0.365579349101674,0.304,0.545,1
"Uty",0.069991336329955,-0.420299090215923,0.304,0.545,1
"Foxj2",0.0700414074570936,-0.362981239337288,0.043,0.197,1
"Clk3",0.0700414074570936,-0.373889919211494,0.043,0.197,1
"Tcerg1",0.0704432079983144,0.352562728057993,0.478,0.288,1
"Tma7",0.070530798949573,-0.417221693618768,0.13,0.303,1
"Phf14",0.0706833573516528,0.380861637583148,0.739,0.652,1
"Lxn",0.0707847219487715,0.288853730763761,0.391,0.182,1
"9130024F11Rik",0.0708210504574005,-0.502447664369014,0.652,0.803,1
"Smim10l1",0.0709049702199962,0.34437092593374,0.478,0.273,1
"Bcap29",0.0712748381840181,-0.377527332629575,0.043,0.212,1
"Arhgap26",0.0713479035037593,0.521378281344083,0.217,0.076,1
"Naa12",0.0715684311774235,-0.343625592175496,0.087,0.273,1
"Cherp",0.072042610770304,0.279503781742873,0.304,0.136,1
"Sik3",0.0720627802335245,-0.51199567136453,0.478,0.652,1
"Abhd6",0.072190072494679,-0.449679371694234,0.217,0.379,1
"Pdhb",0.0723588204482554,-0.314956575766406,0.043,0.197,1
"Mettl7a1",0.0723588204482554,-0.435248765862588,0.043,0.197,1
"Zfp995",0.0723588204482554,-0.344695121019014,0.043,0.197,1
"Abhd2",0.0723634135695716,-0.503052599455971,0.348,0.53,1
"Jtb",0.0724066384875087,0.338157122571689,0.13,0.03,1
"Cers2",0.0724066384875087,0.283012389452674,0.13,0.03,1
"Gm42943",0.0724066384875087,0.327583453502786,0.13,0.03,1
"Gm20700",0.0724066384875087,0.281395474956173,0.13,0.03,1
"Gm15082",0.0724066384875087,0.260312334015861,0.13,0.03,1
"Ppp4c",0.0724066384875087,0.291330740691639,0.13,0.03,1
"Nup50",0.0724455066714618,-0.399674175179044,0.13,0.303,1
"Map1lc3a",0.0725060216987911,0.516293084869503,0.522,0.333,1
"Slc22a23",0.0725060216987911,0.318964319501367,0.522,0.333,1
"Micos10",0.0729358198379565,-0.352978707516722,0.13,0.318,1
"Neto2",0.0730154672962137,0.434037477836963,0.609,0.455,1
"Zfp706",0.0731664493927392,0.314688045763336,0.348,0.167,1
"Arc",0.0731664493927392,-0.457227341841091,0.087,0.258,1
"Lcor",0.0731672460625228,-0.314307085677677,0.522,0.758,1
"Atg12",0.0736101310968269,-0.295137772486464,0.087,0.273,1
"5031439G07Rik",0.0737083735403173,0.322862692106771,0.391,0.197,1
"Grm3",0.0738529980926181,0.454360334470089,0.565,0.394,1
"Chrm3",0.0742011684262833,0.276620925899894,0.957,1,1
"Wdr47",0.0742279560881527,-0.411711038012266,0.217,0.439,1
"Gm37880",0.074251832373984,0.257178155504789,0.261,0.106,1
"Txnrd1",0.074251832373984,0.370963222584807,0.261,0.106,1
"Brox",0.0742856638828527,0.270407408973914,0.304,0.136,1
"Rpl7a",0.0747386396492967,-0.328969139346609,0.043,0.197,1
"Bach2",0.0752203459208548,0.35726650168534,0.435,0.242,1
"Kdm3a",0.075286950827776,-0.334915226734396,0.087,0.258,1
"Ppp1r12a",0.0753511486330479,-0.421628357184537,0.652,0.803,1
"Shisa4",0.0753593318246046,-0.383657569995465,0.304,0.606,1
"Gnl3",0.0754115050123934,-0.361919871905621,0.174,0.379,1
"Cacng3",0.0755147300795724,-0.446575329573508,0.652,0.773,1
"Ylpm1",0.07596496769909,-0.350784602792213,0.435,0.682,1
"Atp5a1",0.0765084289990916,0.579439840651889,0.652,0.545,1
"Gm47033",0.0765854665546228,0.29041533239884,0.304,0.136,1
"Scg2",0.0765905583550002,-0.408508044457084,0.304,0.515,1
"Prkar1b",0.0767393985293088,-0.441905354804962,0.478,0.636,1
"Mtx2",0.0768534362314014,-0.385152207773694,0.13,0.318,1
"Mtch1",0.0770229807241605,0.426960730896899,0.565,0.379,1
"Eif2a",0.0771820111692682,-0.352724541890773,0.043,0.197,1
"Cpne3",0.0771820111692682,-0.266047688923251,0.043,0.197,1
"Gmfb",0.0771820111692682,-0.299488121771853,0.043,0.197,1
"ENSMUSG00000120525",0.0773704602082858,0.373478715114715,0.174,0.061,1
"Glmn",0.0776445193354281,-0.286414747764801,0.174,0.394,1
"Slc24a3",0.0777097958492683,-0.439852189733069,0.391,0.545,1
"Elovl2",0.0777720917903002,0.408662155778624,0.522,0.333,1
"Fktn",0.0778364332311117,-0.430072566767586,0.087,0.273,1
"Sfpq",0.078144491864348,-0.438610890311451,0.478,0.606,1
"Siae",0.078305194159436,-0.302085723766602,0.043,0.212,1
"0610012G03Rik",0.078305194159436,-0.336796872648102,0.043,0.212,1
"Dnmt3a",0.078734918526592,-0.363969338485999,0.609,0.758,1
"Sema5b",0.0788730647827439,-0.476024753771894,0.522,0.697,1
"Ldlrad3",0.0790699202267556,-0.454012273715494,0.348,0.576,1
"Clock",0.0790699202267556,0.402328717462796,0.652,0.47,1
"Sptan1",0.0794848263601023,-0.336676837515687,0.696,0.758,1
"Fastk",0.0796784709682005,-0.349283475597247,0.087,0.258,1
"Rrbp1",0.0800225330581929,-0.335772051311722,0.087,0.273,1
"1700016P03Rik",0.0800225330581929,-0.469895668821165,0.087,0.273,1
"Tmem191c",0.0802877415621446,-0.331125368533066,0.565,0.742,1
"Atp5b",0.0805342155589559,0.383533419378959,0.391,0.212,1
"Trp53inp2",0.0805918958209209,0.329637762387657,0.174,0.061,1
"Gm14330",0.0805918958209209,0.329998028805073,0.174,0.061,1
"Bcs1l",0.0807704332496684,-0.274404967598208,0.043,0.212,1
"Aftph",0.0808789804171718,-0.39222559752528,0.304,0.53,1
"Ift57",0.0809409013889759,-0.33456495599439,0.13,0.318,1
"Hmgn3",0.0811532912419258,0.538930984419071,0.522,0.348,1
"Mir9-3hg",0.0811628896503584,0.348843504050321,0.565,0.364,1
"Tspan14",0.0813234962915185,-0.408949629116355,0.087,0.242,1
"Ankrd10",0.0815240571922506,0.385635178633355,0.304,0.152,1
"C130073E24Rik",0.0817964710982749,0.35771540586939,0.609,0.394,1
"Gm50270",0.0819841617168342,0.2640028110659,0.261,0.106,1
"Med14",0.0822582654955887,-0.334258814684643,0.087,0.273,1
"Mrps21",0.0822640071013804,0.392901344662287,0.261,0.121,1
"Selenof",0.0822640071013804,0.351105125252722,0.261,0.121,1
"Phc1",0.0822640071013804,-0.287111219690511,0.043,0.197,1
"Csad",0.0822640071013804,-0.357135155568574,0.043,0.197,1
"Paip2",0.0825268787216364,-0.42000696400996,0.391,0.561,1
"Ppt1",0.0825940594060129,0.484829446478655,0.478,0.333,1
"Hpca",0.0825940594060129,-0.391072619537488,0.217,0.424,1
"Scube1",0.0825940594060129,-0.270295274238194,0.217,0.424,1
"Ncor2",0.0832188915166466,-0.297072712927289,0.13,0.333,1
"Tlk1",0.0833504451141081,-0.492329439453165,0.435,0.576,1
"Scn1a",0.0834172599308803,-0.277362349321134,0.391,0.697,1
"Araf",0.0835549917686745,0.353082832076068,0.522,0.318,1
"Srcap",0.08368368060262,-0.465403984629153,0.087,0.242,1
"Garem1",0.0837824327230503,-0.408938865980332,0.348,0.561,1
"Eif6",0.0839214243519033,0.30141051792171,0.174,0.061,1
"4921539H07Rik",0.0839214243519033,-0.263240330903877,0,0.121,1
"Zbtb5",0.0839214243519033,-0.253307226571985,0,0.121,1
"Mrpl37",0.0839214243519033,-0.262255877193964,0,0.121,1
"Bloc1s4",0.0839214243519033,-0.250803031387906,0,0.121,1
"Mvb12a",0.0839214243519033,-0.258747350400955,0,0.121,1
"Wdr83",0.0839214243519033,-0.251990342667428,0,0.121,1
"Herpud1",0.0839214243519033,-0.254270431322583,0,0.121,1
"Zfp90",0.0839214243519033,-0.259133968064316,0,0.121,1
"Slc25a16",0.0839214243519033,-0.315688062785098,0,0.121,1
"Ptprq",0.0839214243519033,-0.28276019159735,0,0.121,1
"Mrps24",0.0839214243519033,-0.27696725693782,0,0.121,1
"Tmem11",0.0839214243519033,-0.279254228270577,0,0.121,1
"Ctns",0.0839214243519033,-0.2761851131346,0,0.121,1
"Etv1",0.0839214243519033,-0.273359008664318,0,0.121,1
"Yae1d1",0.0839214243519033,-0.25009421694811,0,0.121,1
"Gfer",0.0839214243519033,-0.26351040765658,0,0.121,1
"Slc14a2",0.0839214243519033,-0.334744927638353,0,0.121,1
"Mbp",0.0839214243519033,-0.280504024705692,0,0.121,1
"Asb8",0.0839436396191328,0.377935640862063,0.304,0.152,1
"Pou2f2",0.0841977161954791,-0.465539319603395,0.478,0.682,1
"Cobll1",0.0842759831841007,0.251394487304568,0.348,0.167,1
"Psmc2",0.0842759831841007,0.284258398807765,0.348,0.167,1
"mt-Rnr2",0.0844695262542785,-0.614627541353597,0.652,0.773,1
"Adam22",0.0845798003295512,-0.343515400976956,0.87,0.955,1
"Tpt1",0.0846572059936057,0.56343128181981,0.478,0.258,1
"Gm42843",0.0847022766491852,0.28241277331309,0.261,0.106,1
"Muc15",0.0849049331149602,-0.267069543982286,0.043,0.197,1
"Smg9",0.0849049331149602,-0.304936032111455,0.043,0.197,1
"Ptdss2",0.0849049331149602,-0.329423859108786,0.043,0.197,1
"Csnk1d",0.0849049331149602,-0.289329023626742,0.043,0.197,1
"Abcd2",0.0849049331149602,-0.252696292851278,0.043,0.197,1
"Map2k1",0.0850549816562411,0.357545500280875,0.478,0.242,1
"Hmgcs1",0.0852031255975939,-0.383007755433964,0.13,0.318,1
"Spast",0.0852031255975939,-0.340198730148923,0.13,0.318,1
"Dusp3",0.0852895387189785,-0.468561680734577,0.174,0.333,1
"Atp2b2",0.0854615365321071,0.360026641230943,1,0.939,1
"Gm50403",0.0855863504316532,0.34743997866438,0.696,0.439,1
"Ndfip1",0.0859477108578525,-0.270629988237225,0.696,0.924,1
"Klf6",0.0863716673269243,0.282927476658383,0.304,0.136,1
"Slc9a9",0.086439525098075,-0.331014812970117,0.652,0.894,1
"Gm8451",0.0867102814471428,0.268101212210421,0.217,0.091,1
"Slc35f3",0.0868726756207434,-0.397770757446975,0.261,0.439,1
"Gm47472",0.0870700885917738,-0.501039919258137,0.13,0.303,1
"Mef2d",0.0871852410219014,-0.388041239592861,0.174,0.379,1
"Emc2",0.0871852410219014,0.363657546849405,0.435,0.288,1
"Cop1",0.0873484614867237,0.38563520541738,0.565,0.409,1
"Chmp5",0.0873614451762526,0.348031516715271,0.174,0.061,1
"Vac14",0.0873614451762526,0.253698229714378,0.174,0.061,1
"9630041A04Rik",0.0873614451762526,0.250452906587626,0.174,0.061,1
"Septin4",0.0873614451762526,0.291202117351817,0.174,0.061,1
"Poli",0.0873614451762526,0.28607855159482,0.174,0.061,1
"Ppp2r2d",0.0876140131932971,-0.379006221434664,0.043,0.197,1
"Zfp407",0.087658809866437,-0.2651848836844,0.435,0.621,1
"Actr1b",0.0880113049495777,-0.353061970840978,0.304,0.545,1
"Egfem1",0.0880342283275167,0.566303383462277,0.739,0.636,1
"Pgbd5",0.0882917280802891,0.413731578552851,0.609,0.409,1
"Itpr1",0.0884438635465271,0.340685331366899,0.913,0.833,1
"Cacna1c",0.0889332851843054,0.295355776083346,1,0.955,1
"Gm30092",0.0889571381698197,0.423459799680192,0.304,0.152,1
"Zfp462",0.0891896403010687,-0.458388472637419,0.304,0.485,1
"Eipr1",0.0892846454885006,0.397452654210869,0.435,0.288,1
"Arid2",0.0895598630920065,-0.427391352306527,0.217,0.379,1
"Foxn2",0.0896108630133422,-0.424617769929018,0.174,0.333,1
"Stambpl1",0.0896826505851099,-0.369959096331358,0.174,0.409,1
"Aar2",0.0897685615890017,0.345697609430932,0.217,0.091,1
"Pgs1",0.0897685615890017,0.383491432083946,0.217,0.091,1
"Csdc2",0.0897685615890017,0.348055367589241,0.217,0.091,1
"Ankrd16",0.0903923984581924,-0.293948014186822,0.043,0.197,1
"Wdr37",0.0904016267382263,-0.277979665828595,0.174,0.348,1
"Tpr",0.0904465415091639,0.334570173770506,0.783,0.636,1
"Tmem234",0.0907291110971247,0.411240599370438,0.478,0.303,1
"Fkbp14",0.0909143571532598,0.266546024805266,0.174,0.061,1
"Zfp871",0.0914245778123809,-0.275050282620643,0.174,0.379,1
"Gm16351",0.0915060280311204,0.40209760667033,0.783,0.727,1
"Pdia3",0.0916604749762695,-0.352941673956806,0.13,0.303,1
"Ints13",0.0916604749762695,-0.378008241176013,0.13,0.303,1
"Rybp",0.0918172656814083,-0.35901683226039,0.043,0.182,1
"Jakmip1",0.0918367097157559,-0.402832491635583,0.174,0.333,1
"Snph",0.0918835986151488,-0.344126459238836,0.217,0.455,1
"Fam234b",0.0919348855228049,-0.352496410794512,0.13,0.318,1
"Pcyt2",0.0927355138350373,0.332525068911914,0.565,0.364,1
"Nab2",0.092913089797743,0.279346668371869,0.217,0.091,1
"Neurl4",0.092913089797743,0.294910857782008,0.217,0.091,1
"Msh2",0.092913089797743,0.357190100179138,0.217,0.091,1
"Klhl7",0.0931475546749578,0.447625668401355,0.565,0.394,1
"Zfyve28",0.0931593793847885,-0.294361228332527,0.304,0.515,1
"Itgb1",0.0931998008533531,-0.327646814566002,0.174,0.364,1
"Gm15834",0.0932412387804453,-0.255814434569024,0.043,0.197,1
"1700080N15Rik",0.0932412387804453,-0.321439228527786,0.043,0.197,1
"1110065P20Rik",0.0932412387804453,-0.266942238214527,0.043,0.197,1
"Esd",0.0932412387804453,0.291924478153727,0.261,0.121,1
"Pphln1",0.0932412387804453,0.285722498412327,0.261,0.121,1
"Gm9706",0.0932412387804453,-0.311437095527757,0.043,0.197,1
"Tnik",0.0933094826051381,0.292367128326636,0.87,0.924,1
"Vmp1",0.0936380823990459,-0.420066633582357,0.391,0.561,1
"Ecsit",0.0936845154090592,-0.277784817118869,0.087,0.242,1
"Fnip2",0.0941067649192583,0.562370967017674,0.391,0.258,1
"Mtm1",0.0941067649192583,-0.457192455564389,0.174,0.333,1
"Gpatch2l",0.0941144628673413,-0.305830588721327,0.087,0.258,1
"Tiprl",0.0942076934329205,-0.301669299001026,0.087,0.273,1
"Spock2",0.0942091295368767,0.360958256674782,0.304,0.152,1
"Aatk",0.0942715066352372,0.406312667412627,0.391,0.227,1
"Rubcn",0.0942715066352372,-0.317488039168467,0.13,0.318,1
"Tiam2",0.0942715066352372,-0.276440224027228,0.13,0.318,1
"Tnr",0.0943316592350494,0.423428356071147,0.913,0.97,1
"Nmnat2",0.0944821176148168,-0.476025487683592,0.348,0.545,1
"Gm37788",0.0945825560001689,0.300033094653062,0.174,0.061,1
"Stoml2",0.0945825560001689,0.328986852350172,0.174,0.061,1
"Ankrd24",0.094733869433842,0.466601431161955,0.478,0.333,1
"Atad1",0.094733869433842,0.539573032518436,0.478,0.333,1
"Polg",0.0947944568439091,-0.312286266967658,0.043,0.182,1
"Rps17",0.0947944568439091,-0.313605477273359,0.043,0.182,1
"Srrm4",0.0952836962741741,0.377782173845005,0.696,0.576,1
"Gtf3c1",0.0954618835289729,0.450700504009339,0.522,0.333,1
"Polr2e",0.0954774986738366,0.578502429603639,0.261,0.136,1
"Fbxl17",0.0958939209659689,0.381139543398149,0.957,0.848,1
"Nfkb1",0.095981940313814,-0.394061316576081,0.13,0.288,1
"Col16a1",0.0961454297292483,0.343551464416202,0.217,0.091,1
"Plcd3",0.0961454297292483,0.306675600753967,0.217,0.091,1
"Nox1",0.0961454297292483,0.257580340064561,0.217,0.091,1
"Ubac1",0.0961616819840631,0.301964208656771,0.261,0.121,1
"Anxa6",0.0961616819840631,0.343988735424693,0.261,0.121,1
"Rexo4",0.096328983796801,-0.317230762218612,0.087,0.242,1
"Arvcf",0.096328983796801,-0.298688838941911,0.087,0.242,1
"Prrc2a",0.096328983796801,-0.313453970416081,0.087,0.242,1
"Sdcbp",0.0967569813098029,-0.254069586441318,0.087,0.273,1
"Fam228b",0.0969268235060471,0.305049642763434,0.304,0.152,1
"Tfcp2",0.0969268235060471,0.338111368167167,0.304,0.152,1
"Rad51ap2",0.0971709914617166,-0.37886448379327,0.174,0.348,1
"Smc3",0.0971709914617166,0.329678903008841,0.435,0.258,1
"Dnajc10",0.0972157320064771,-0.374056465329904,0.217,0.394,1
"Gm32509",0.0972739562049422,0.413883768350476,0.565,0.409,1
"Abcd4",0.0976455599043285,0.284516139362933,0.261,0.121,1
"Slc25a25",0.0978485065289735,-0.27265717028856,0.043,0.182,1
"Dguok",0.0978485065289735,-0.382017006724102,0.043,0.182,1
"Abca5",0.0980925996377374,-0.253364553673061,0.174,0.379,1
"Cnnm2",0.0982004185332685,-0.273004726721973,0.217,0.455,1
"Zdhhc8",0.0983300519084034,0.292022911024439,0.478,0.303,1
"Adss",0.098478153041087,0.450690334058463,0.348,0.212,1
"Sp3",0.0987817515051788,-0.409381252432944,0.174,0.333,1
"Ndufb1",0.0989085968141505,-0.328173362762451,0.13,0.303,1
"Rassf8",0.0990525233077486,0.3445101587785,0.348,0.197,1
"Zfp560",0.0990525233077486,0.425813128809688,0.348,0.197,1
"Vstm2a",0.0991095401978769,-0.416356349404051,0.304,0.53,1
"Stk39",0.0991291837346643,-0.412919525995297,0.522,0.788,1
"Ran",0.0991548730321052,0.448401583397612,0.261,0.121,1
"Ythdc2",0.0992823081932172,-0.289161485354758,0.304,0.515,1
"Ugcg",0.0993681490031661,-0.293487314880478,0.087,0.258,1
"Cpped1",0.0993681490031661,-0.268308353891861,0.087,0.258,1
"Uhmk1",0.0994671408611765,0.296008607000763,0.217,0.091,1
"Platr31",0.0994671408611765,0.32634487277097,0.217,0.091,1
"Rnf123",0.0994671408611765,0.295378805292313,0.217,0.091,1
"ENSMUSG00000120215",0.0995154646490936,0.295669260217756,0.435,0.258,1
"Aff3",0.0998397044076769,-0.356167282762719,0.826,0.924,1
"Lmo7",0.10007875475762,-0.443531062010683,0.261,0.47,1
"N4bp2l1",0.100254208852985,-0.374218758314723,0.174,0.318,1
"Grik5",0.100516762861158,-0.412500386416505,0.522,0.697,1
"Zscan21",0.100980669744884,-0.300575002312213,0.043,0.182,1
"Cdkn2aip",0.100980669744884,-0.281261165566281,0.043,0.182,1
"Akt3",0.101144478462486,-0.391359659397548,0.739,0.864,1
"Rapgef4os1",0.101173016217672,-0.314756621878336,0.348,0.561,1
"Agfg1",0.10120552527209,-0.395142904067193,0.348,0.515,1
"Actn1",0.10120552527209,-0.50365445672145,0.348,0.515,1
"Ttc14",0.101297687408838,0.275039925886521,0.913,0.818,1
"Eif4e",0.101379642236093,0.448507426299926,0.522,0.394,1
"Exd2",0.101482169674047,0.49727898707879,0.391,0.242,1
"Gm14211",0.101568036697347,-0.324125759291396,0.13,0.318,1
"Rps2",0.101568036697347,0.402470449716577,0.391,0.227,1
"Catspere2",0.10156935669996,-0.439419192614897,0.217,0.364,1
"Pom121",0.101796940583559,0.493995876317219,0.304,0.167,1
"Pdia5",0.102191250793946,-0.351270598010205,0.478,0.652,1
"Bag4",0.1022219531946,-0.269594590443698,0.043,0.197,1
"Acly",0.1022219531946,0.263030442504035,0.261,0.121,1
"Cdh6",0.1022219531946,-0.273376406195856,0.043,0.197,1
"Akap7",0.102420749040494,0.388288514553242,0.435,0.273,1
"Tmem87a",0.102550116899588,0.476777307980548,0.304,0.152,1
"Pink1",0.102879777102559,0.262223919796598,0.217,0.091,1
"Calm1",0.102932121195956,0.298719352664933,0.957,0.955,1
"Yme1l1",0.103649446729392,-0.378181715082403,0.304,0.5,1
"Plk2",0.103649446729392,-0.279341033247851,0.304,0.5,1
"Olfm1",0.10365726876144,0.346314828601349,0.826,0.742,1
"Xpo6",0.103725329085611,-0.356237337154291,0.261,0.439,1
"Camkk1",0.103995741849266,-0.377809823678068,0.087,0.227,1
"Gpc3",0.103995741849266,-0.385380309181938,0.087,0.227,1
"Adarb1",0.104116100209771,-0.340140187025631,0.348,0.53,1
"Gatad1",0.104192196773762,-0.316681451535431,0.043,0.182,1
"Srcin1",0.104241812209195,-0.310146445830806,0.522,0.712,1
"AI593442",0.104315685519621,0.281480965656881,0.348,0.197,1
"Rcbtb1",0.104315685519621,0.331998606622296,0.348,0.197,1
"Tmem161b",0.104477595691064,0.544457430177054,0.522,0.379,1
"Rab6b",0.104548049055754,-0.416524135256939,0.522,0.697,1
"Ppp1r13b",0.104581495103222,-0.296784896513174,0.435,0.576,1
"Gm20687",0.104622107524995,-0.296709826928234,0.087,0.242,1
"Zfp563",0.104622107524995,-0.345957247632076,0.087,0.242,1
"Jkamp",0.104879574385001,0.330825453918161,0.435,0.242,1
"Trak2",0.105276170480292,-0.388993315978343,0.217,0.379,1
"Arhgef28",0.105364059199004,0.33249139696738,0.261,0.121,1
"Nbas",0.105846931435952,-0.282694459355031,0.304,0.5,1
"Ina",0.106054833894913,-0.353510955652423,0.087,0.242,1
"Ppp1r12b",0.106274859445518,-0.391172784193953,0.391,0.636,1
"Serinc3",0.106278885416082,-0.378049184300599,0.13,0.288,1
"Cct2",0.106278885416082,0.605027065996214,0.348,0.212,1
"Pla2g12a",0.10630272638213,0.307180608083419,0.174,0.061,1
"Cltb",0.106514213394497,-0.282129570353527,0.13,0.333,1
"Nt5c2",0.106598351596734,-0.345983123428058,0.348,0.515,1
"Rab21",0.106607090579323,-0.357851985387632,0.13,0.303,1
"4732471J01Rik",0.106986165782836,0.477441801502761,0.652,0.515,1
"Zdhhc17",0.106995346502344,-0.317603918731143,0.348,0.576,1
"Miga1",0.107080579042085,0.297723334788596,0.522,0.318,1
"Brd4",0.10738120192489,-0.401928511888496,0.304,0.545,1
"Fam118b",0.10750918034173,-0.271047466880358,0.087,0.242,1
"Gm49599",0.10750918034173,0.550104184976067,0.304,0.167,1
"Aars",0.107510343204408,0.270111426471865,0.348,0.182,1
"Vdac2",0.107684519949429,-0.298525574142015,0.087,0.258,1
"Zzef1",0.107705884764442,0.31721804506151,0.609,0.424,1
"Frmd4a",0.107958038521005,0.330874949528718,0.957,0.939,1
"Cntn4",0.107988036959521,-0.355471347882791,1,1,1
"Adgra3",0.108234590234835,-0.261021511530654,0,0.106,1
"Ptgr2",0.108234590234835,-0.260571207482978,0,0.106,1
"Eif2b5",0.108234590234835,-0.30283121672466,0,0.106,1
"Uqcc2",0.108234590234835,-0.277226881600468,0,0.106,1
"Rpn1",0.108582322363722,0.302188792421889,0.261,0.121,1
"ENSMUSG00000119984",0.108949567469084,0.37407531894949,0.522,0.333,1
"Phldb1",0.108985376146938,-0.31642595367001,0.13,0.288,1
"Acot7",0.109832469041462,-0.334015554628211,0.217,0.409,1
"Klf13",0.109832469041462,0.345637621617441,0.478,0.318,1
"Hs3st5",0.109832469041462,0.443155578142225,0.478,0.318,1
"B4galnt4",0.10994079527509,-0.386025711621462,0.087,0.227,1
"Ddx10",0.110416477778008,-0.497549672756742,0.174,0.318,1
"Tmem9b",0.110639760479982,0.335796906238967,0.261,0.136,1
"Oscp1",0.110858313722042,-0.318790159867471,0.043,0.182,1
"Zfp316",0.110858313722042,-0.253281913931663,0.043,0.182,1
"Megf8",0.110858313722042,-0.286604276640806,0.043,0.182,1
"Snrpa",0.110858313722042,-0.294943506631218,0.043,0.182,1
"Mpp7",0.110858313722042,-0.297236092478577,0.043,0.182,1
"Mkln1",0.11141449178659,-0.445985271924018,0.348,0.545,1
"Gm26652",0.11141449178659,-0.301727888898245,0.348,0.545,1
"Gm7452",0.111468251406635,0.268358421902018,0.304,0.152,1
"Brwd1",0.111723260861931,-0.278681606305089,0.435,0.636,1
"E2f5",0.111877867715206,0.278947166545304,0.261,0.121,1
"ENSMUSG00000121115",0.111877867715206,0.26004090829699,0.261,0.121,1
"Ppp2r2c",0.111894222570929,0.402495996097613,0.696,0.712,1
"Ablim3",0.111988297195267,-0.251026447490033,0.13,0.318,1
"Gm27153",0.111998069451543,0.314569549063368,0.391,0.212,1
"Npepps",0.112011215672308,-0.365796562379589,0.348,0.561,1
"Zfp639",0.112624169130646,0.397933264919544,0.348,0.197,1
"Irs1",0.113012405270086,-0.355666684437284,0.087,0.227,1
"Mindy3",0.113472359835989,0.349966942539591,0.304,0.167,1
"Zmym5",0.113472359835989,-0.271499569889629,0.087,0.242,1
"Ttc5",0.113528459080306,-0.283888831191278,0.087,0.258,1
"Cnot6l",0.113766376714458,-0.357132407155735,0.261,0.424,1
"Guk1",0.113889037697699,0.37072590142064,0.261,0.136,1
"Slc23a2",0.113931265336044,-0.263930420108819,0.435,0.636,1
"Cyria",0.113931265336044,-0.256328798324168,0.435,0.636,1
"Hook3",0.11415434199974,-0.385409919770664,0.391,0.515,1
"Tlcd4",0.11431537143634,-0.325978684074545,0.043,0.182,1
"Snx2",0.11456168345388,-0.35152034521014,0.13,0.288,1
"Zfp398",0.114677485806572,0.267032307836575,0.522,0.364,1
"Slc20a1",0.114768382020802,-0.414660389190926,0.217,0.409,1
"Brip1os",0.114768382020802,0.372598179948095,0.478,0.318,1
"Brms1l",0.114773034678481,0.257614892274451,0.391,0.212,1
"Tm9sf2",0.114773034678481,-0.312520819728934,0.13,0.303,1
"Ralgapb",0.114936248312032,0.291313022474498,0.565,0.364,1
"Ppwd1",0.114951499509868,0.376515191932436,0.435,0.273,1
"Gm15414",0.115008544264916,0.351617513550103,0.522,0.424,1
"Zfp949",0.115251813089243,0.374196017634322,0.261,0.121,1
"Hcn2",0.116151244588339,-0.337300337673769,0.087,0.227,1
"Ap4e1",0.116180045798482,0.274250767005907,0.348,0.182,1
"Pou6f2",0.11654266033506,0.386996526981128,0.348,0.167,1
"Parl",0.116619017449522,-0.309605190562306,0.174,0.333,1
"Selenok",0.117170232184118,0.534577593022115,0.391,0.242,1
"Oxa1l",0.117470375897619,0.252368304065395,0.217,0.091,1
"Zfp157",0.117596718853478,0.271037784876812,0.435,0.273,1
"Bok",0.117601811627265,-0.348223029578413,0.13,0.303,1
"Stxbp1",0.11772226657012,-0.42242551748276,0.478,0.697,1
"Psmd8",0.117856726447352,-0.253346880891279,0.043,0.182,1
"Gbe1",0.117856726447352,-0.292836197827815,0.043,0.182,1
"Shprh",0.118599934374789,0.31549946224118,0.522,0.379,1
"Asxl1",0.118683928673579,-0.412781987789103,0.391,0.576,1
"Stam",0.119189014596366,0.287475630026778,0.348,0.182,1
"Acat1",0.119269653168979,-0.379429242791657,0.348,0.515,1
"Atad2",0.119358186072894,-0.312952180368665,0.087,0.227,1
"Trim37",0.119442983153959,0.343655501994303,0.652,0.47,1
"2210408I21Rik",0.119557422438904,-0.38611348389928,0.609,0.818,1
"Ccdc85b",0.119693062401871,0.361664938983754,0.304,0.167,1
"Btg2",0.119945951113115,-0.323892589867827,0.043,0.167,1
"Rint1",0.119945951113115,-0.305247446446922,0.043,0.167,1
"Gm37728",0.119945951113115,-0.285719214370276,0.043,0.167,1
"Uqcr11",0.119945951113115,0.337982198203595,0.217,0.106,1
"Atp8a2",0.120148966904994,-0.376858116864221,0.522,0.758,1
"Eftud2",0.120289474308636,0.420254633371125,0.435,0.273,1
"Sf3b2",0.120289474308636,0.42297156895288,0.435,0.273,1
"Fnbp4",0.120423134562539,0.263637322987532,0.478,0.288,1
"Tmco3",0.120612626795296,0.356489538649567,0.261,0.136,1
"Srrm2",0.120622199617627,0.301302862402618,0.913,0.879,1
"9430021M05Rik",0.121360650103153,0.268443999428435,0.217,0.091,1
"Ebna1bp2",0.121360650103153,0.321168709544706,0.217,0.091,1
"Gtpbp8",0.121360650103153,0.252730286916446,0.217,0.091,1
"Slc7a4",0.122239333796614,0.250459476118256,0.261,0.121,1
"Cdh10",0.122420667665108,0.413068886646573,0.913,0.818,1
"B230303A05Rik",0.122445443079598,0.528548241568101,0.522,0.394,1
"Dnah14",0.122497502918252,0.53299177367491,0.478,0.318,1
"Gm16552",0.12263409580879,-0.405880997863128,0.087,0.227,1
"Herc2",0.122736047027828,-0.328939677511255,0.696,0.833,1
"Mrfap1",0.122967164797023,-0.319057417104065,0.13,0.273,1
"Gm2516",0.122967164797023,-0.476749616327179,0.13,0.273,1
"Tbc1d24",0.123030265076249,0.290481172334169,0.435,0.273,1
"Usp22",0.123278661252375,0.278720503329381,0.478,0.333,1
"Dclk3",0.123752136722723,-0.342099507124294,0.043,0.167,1
"Hexdc",0.123752136722723,-0.26982449559208,0.043,0.167,1
"Slc12a5",0.12400777289733,-0.345871391132002,0.391,0.606,1
"Zfp948",0.124088957781057,0.326700626336241,0.261,0.136,1
"Mbd2",0.124244126282022,-0.440217060155671,0.174,0.318,1
"Smdt1",0.124353301379401,0.381762726576999,0.304,0.182,1
"Crmp1",0.125160196038839,-0.292786594660396,0.217,0.409,1
"Lrrk2",0.125162375369722,-0.404332642193794,0.217,0.409,1
"5031425E22Rik",0.125619325919999,-0.449263974666459,0.348,0.545,1
"Podxl2",0.125834957454898,-0.3332259417415,0.217,0.379,1
"Ext2",0.125932213244095,-0.299541276544475,0.217,0.424,1
"Nampt",0.126177780356219,-0.256637886458085,0.087,0.242,1
"Ubxn2b",0.126385795764303,-0.26865675490047,0.13,0.288,1
"Mdm2",0.126385795764303,-0.346003099064316,0.13,0.288,1
"Mms19",0.126385795764303,-0.296976483089141,0.13,0.288,1
"Usp8",0.126417148875392,-0.252994835383366,0.13,0.303,1
"Gm26672",0.126417148875392,-0.357541708754342,0.13,0.303,1
"Wasl",0.126694636461099,-0.299635921253557,0.391,0.561,1
"Nme1",0.12727556935483,0.842016266814113,0.435,0.348,1
"Pspc1",0.127320575266996,-0.391649928389816,0.304,0.439,1
"Nmt2",0.127415775785186,0.323920295587511,0.652,0.5,1
"Nop58",0.12764297741275,0.298949977731342,0.261,0.136,1
"Tmem263",0.12764297741275,0.348112077781665,0.261,0.136,1
"Gm47088",0.127647341041903,-0.337279673579576,0.043,0.167,1
"Prdm11",0.127651940741261,-0.263204305591729,0.043,0.167,1
"Cdc7",0.127651940741261,0.322771952306659,0.217,0.106,1
"Klhl26",0.127651940741261,-0.267065846414729,0.043,0.167,1
"Srek1ip1",0.127651940741261,-0.290472704352194,0.043,0.167,1
"Elfn2",0.127651940741261,-0.279224027109053,0.043,0.167,1
"Kcnj9",0.127652600299637,-0.250190736009131,0.348,0.621,1
"Map7",0.127652600299637,-0.439135013159045,0.435,0.591,1
"Creb1",0.127894178304548,0.670155146282284,0.391,0.258,1
"4930473D10Rik",0.128336576672745,0.538910913970024,0.652,0.485,1
"Eif3a",0.128385621742579,0.304009414979272,0.435,0.258,1
"Med1",0.129202200201952,-0.321321718865071,0.13,0.273,1
"Ano3",0.129215543174491,-0.328336726158075,0.826,0.833,1
"Pkm",0.129224965929144,-0.392332021891683,0.261,0.424,1
"Tamalin",0.129467285094879,-0.35372680586558,0.13,0.303,1
"Abhd16a",0.129485455442238,-0.348631500945549,0.13,0.288,1
"Lmtk2",0.12948733124038,-0.366165884821591,0.609,0.727,1
"Hdgfl3",0.129897641228301,0.453068999182637,0.609,0.515,1
"Gabbr1",0.130126614218805,-0.268922011942065,0.348,0.621,1
"Actr2",0.130128412219525,-0.313907159963657,0.435,0.591,1
"9530026P05Rik",0.130798696258749,0.34630043097879,0.348,0.197,1
"Chd9",0.130799620484362,0.359232287573751,0.783,0.742,1
"Phka1",0.130841356439147,-0.33492988687672,0.174,0.333,1
"Bicdl1",0.131204445392334,-0.314360927835715,0.478,0.667,1
"Psma3",0.131267936455105,-0.280562621950923,0.565,0.727,1
"Bcap31",0.131275671423586,0.359699101860836,0.261,0.136,1
"Ankib1",0.131372586134603,0.374473543331012,0.478,0.333,1
"Bean1",0.131646670160266,-0.279537872451973,0.043,0.167,1
"Atg2b",0.131646670160266,-0.303214120969737,0.043,0.167,1
"Matn2",0.131646670160266,-0.355572519436544,0.043,0.167,1
"Nectin3",0.132410451391348,-0.410378941023016,0.13,0.273,1
"Gm37407",0.132529421783345,-0.386753447242882,0.304,0.5,1
"Afap1l1",0.13257426426717,-0.292569198683998,0.13,0.303,1
"Gm28175",0.132643827352507,-0.329023450215584,0.13,0.288,1
"Dusp11",0.132643827352507,0.300781786782562,0.348,0.212,1
"Atp6ap2",0.132819370372873,-0.312881964979794,0.261,0.47,1
"5330438D12Rik",0.132984430607858,0.381889234041447,0.783,0.864,1
"Hdlbp",0.133334293791655,0.273898062898366,0.478,0.348,1
"Arhgef10",0.133336044849011,0.386080029257266,0.261,0.121,1
"Gm1976",0.133386429588026,-0.420734790215544,0.478,0.545,1
"Gm13883",0.133686929069637,0.408703652738706,0.652,0.5,1
"Rhoa",0.134242334322109,-0.339781967675008,0.13,0.288,1
"Odf2",0.134728489185074,-0.388438799630213,0.261,0.424,1
"Dock3",0.134757355710236,0.382151465080103,0.913,0.894,1
"Tmem196",0.134988014509507,0.51986866977136,0.261,0.136,1
"Gm50304",0.134988014509507,0.250766097485407,0.261,0.136,1
"Ngef",0.135151480236296,0.315619314704357,0.696,0.576,1
"Immp2l",0.135151480236296,-0.263286134138746,0.435,0.667,1
"Gm13944",0.135389803822617,0.387486636109778,0.652,0.545,1
"Evi5l",0.135680063845855,-0.408111819530308,0.13,0.273,1
"Csf2ra",0.135680063845855,-0.367458047048372,0.13,0.273,1
"Extl2",0.135737615900718,-0.269043776827484,0.043,0.167,1
"Mterf1a",0.135737615900718,-0.298744068240792,0.043,0.167,1
"Ern1",0.135737615900718,0.257790241561397,0.217,0.106,1
"Mzt1",0.135737615900718,-0.275145061707605,0.043,0.167,1
"Adrb1",0.135737615900718,-0.321658076018168,0.043,0.167,1
"Wdr13",0.135737615900718,-0.324894151697873,0.043,0.167,1
"Zswim6",0.135847543134346,-0.321188857694022,0.348,0.545,1
"Arhgap29",0.136444466591557,-0.337192603595778,0.087,0.227,1
"Gm5577",0.136444466591557,-0.270042959412307,0.087,0.227,1
"Zfp950",0.136758258365435,0.345274592306111,0.783,0.697,1
"Dot1l",0.136831390309994,-0.443519771169317,0.261,0.379,1
"2610316D01Rik",0.137443505969731,0.356732719376387,0.435,0.288,1
"Ankrd11",0.137992470102198,0.373310999939949,0.783,0.788,1
"Pde4dip",0.138538989163851,-0.299698500642394,0.783,0.818,1
"Gap43",0.138540680228276,0.250577099373612,0.87,0.788,1
"Tyw5",0.138780969475489,0.28002837906572,0.261,0.136,1
"Dcun1d2",0.138780969475489,0.309653041211629,0.261,0.136,1
"Cul2",0.138939342895633,-0.366044163660783,0.217,0.364,1
"Rnmt",0.138961105127777,-0.339818046886834,0.13,0.303,1
"Zfp365",0.138982704781659,-0.428331759362676,0.217,0.348,1
"Gars",0.13901168293065,-0.260904297706703,0.13,0.273,1
"Pip4k2c",0.139139177867411,-0.375960520492429,0.13,0.288,1
"Upf3b",0.139139177867411,-0.344592685850055,0.13,0.288,1
"Gm44562",0.139361070144501,-0.322841488183503,0.261,0.439,1
"Eif3i",0.139686422550469,0.352311122058746,0.13,0.045,1
"Creb3l2",0.139686422550469,0.258252655574177,0.13,0.045,1
"Mrps34",0.139686422550469,0.266456951529226,0.13,0.045,1
"Cul7",0.139686422550469,0.259054838713513,0.13,0.045,1
"Arpc5l",0.13970892900828,0.360833207433916,0.261,0.152,1
"Jag2",0.13970892900828,-0.268464173546508,0.087,0.212,1
"Tsc22d1",0.139828234901424,-0.301345052706396,0.696,0.788,1
"Lin7b",0.139926051447284,-0.250167159604985,0.043,0.167,1
"Mgat4a",0.139964667652163,0.369563659719326,0.304,0.167,1
"Prnp",0.139964667652163,-0.260081482619942,0.087,0.242,1
"BC005624",0.140077927361305,-0.314303232877587,0.087,0.227,1
"C230037L18Rik",0.140077927361305,-0.281410610037011,0.087,0.227,1
"Pitpnb",0.140367674491195,-0.368762927251417,0.174,0.348,1
"Vps13c",0.140545826565543,-0.44725204664435,0.478,0.621,1
"Gabrb1",0.141065378479819,-0.451978740854702,0.565,0.788,1
"R3hdm2",0.141499371640555,0.35690649351867,0.826,0.833,1
"Porcn",0.141732247839466,0.299930934045607,0.391,0.227,1
"Angpt2",0.141763113239338,-0.267339876936181,0.087,0.242,1
"Ash1l",0.141941540942545,-0.337057427430313,0.522,0.758,1
"Dennd11",0.141968590824986,-0.334548818024264,0.217,0.364,1
"Scarb2",0.142242127552011,-0.360904420231318,0.13,0.303,1
"Hnrnpul2",0.142477374275149,0.361954048305754,0.348,0.212,1
"Mettl16",0.142579335946591,-0.408827327473719,0.174,0.318,1
"Galnt2",0.142656770201245,-0.324051438718333,0.522,0.652,1
"Gt(ROSA)26Sor",0.142797986883391,0.334858792379927,0.478,0.333,1
"Rap1b",0.143210597494457,-0.344701829150571,0.217,0.379,1
"Gm13619",0.143501040741264,-0.256698965697328,0.087,0.212,1
"Gm26827",0.143501040741264,-0.356799676043947,0.087,0.212,1
"Pfkfb4",0.143586213655339,0.291284688325566,0.304,0.167,1
"Prkar1a",0.143729811636247,-0.326277261586295,0.304,0.485,1
"Ubn1",0.143785374810723,-0.271922424241242,0.087,0.227,1
"Fras1",0.14402541577953,-0.37673347309896,0.739,0.788,1
"Wbp4",0.144126766895419,0.289308222683054,0.348,0.197,1
"Sms",0.14419642567719,0.414150824658883,0.391,0.242,1
"Snhg3",0.144213231467251,0.371263008683381,0.217,0.106,1
"Tpd52l1",0.144213231467251,0.325041978953096,0.217,0.106,1
"Zfp938",0.144213231467251,-0.271714003716657,0.043,0.167,1
"Lrrc8b",0.144250246377939,-0.294907458887011,0.217,0.394,1
"Yaf2",0.144275939167159,-0.28709408372068,0.217,0.424,1
"Homer1",0.144923940728419,-0.440749687138136,0.826,0.955,1
"Zfp318",0.145048311921712,-0.354207905791761,0.217,0.364,1
"Grip1",0.145150785654812,0.450219131709921,0.522,0.409,1
"Nedd4",0.145302982986962,-0.392802768277461,0.522,0.652,1
"Ube2h",0.14530969102601,-0.326795325092625,0.435,0.561,1
"Zdhhc22",0.14555902408716,0.418416702945485,0.13,0.045,1
"Sertad2",0.14558436301467,0.290325755569321,0.652,0.5,1
"Gm19710",0.145770172702098,0.346010672441519,0.478,0.333,1
"Mrps9",0.145863483967903,-0.317269123171071,0.13,0.273,1
"Kat14",0.145876717698898,-0.267417355342605,0.13,0.288,1
"Gm43879",0.146272330085535,0.28176658005493,0.478,0.348,1
"Vgll4",0.146272330085535,0.393939182352491,0.522,0.333,1
"Tspan9",0.146277500117468,-0.395727432454764,0.217,0.379,1
"Adcy1",0.146277500117468,0.372336762896681,0.435,0.303,1
"Sv2c",0.146612501629686,0.267759671578389,0.261,0.136,1
"Myo18a",0.146698873714687,-0.358223151970927,0.348,0.515,1
"Shc3",0.146744441372711,0.3708567254195,0.435,0.273,1
"Tspan33",0.146803084202101,0.36303697868112,0.174,0.076,1
"Zfp583",0.146803084202101,0.334584971517247,0.174,0.076,1
"Faf1",0.147039482559814,-0.304371259174848,0.609,0.758,1
"Zc3h15",0.147249060671735,0.264647053334822,0.609,0.409,1
"Alg8",0.147371608759103,-0.28086110426516,0.087,0.212,1
"Neto1",0.147662697977767,-0.383212760724094,0.565,0.697,1
"Zfr",0.14776050120952,0.287135246261794,0.87,0.803,1
"Rab7",0.148178950722473,-0.319720101789335,0.217,0.364,1
"Xrn2",0.148328884459683,0.342532469151061,0.522,0.379,1
"Slc44a1",0.148334265048477,-0.361598029108451,0.478,0.561,1
"Ltk",0.148600390415538,0.310049839562238,0.217,0.106,1
"Tpd52l2",0.148600390415538,0.311761121241473,0.217,0.106,1
"Ndufc1",0.148600390415538,-0.251626140841999,0.043,0.167,1
"Cpne7",0.148600390415538,-0.27222024025993,0.043,0.167,1
"Pias4",0.148600390415538,0.286195814132604,0.217,0.106,1
"Gm50232",0.148600390415538,0.292943253718755,0.217,0.106,1
"Rap1gap2",0.149005802175488,-0.37389454391078,0.522,0.712,1
"Stxbp4",0.149337797988554,-0.27115045416747,0.13,0.288,1
"Snapc3",0.149394408179637,-0.260533350115665,0.217,0.379,1
"Btbd7",0.149544566069179,-0.335951345523543,0.304,0.53,1
"Tmem163",0.149629928389883,-0.363729904857127,0.826,0.864,1
"Trmt1l",0.149642810301525,0.342609000324956,0.391,0.258,1
"Cit",0.149642810301525,-0.352601458129116,0.174,0.333,1
"Tfdp2",0.150067908589115,-0.295240641320057,0.348,0.561,1
"Grm5",0.150262190073888,0.285459350123593,1,1,1
"Gm15680",0.150300909466826,-0.526036043687473,0.391,0.515,1
"1110059E24Rik",0.15065293717095,0.323432742957884,0.261,0.136,1
"P2ry14",0.15098260656284,0.353476102684801,0.739,0.561,1
"Nup35",0.151169785651578,0.292297398043199,0.348,0.197,1
"Entr1",0.151221018070154,-0.318089253061372,0.261,0.394,1
"St8sia3",0.151221018070154,-0.339381845917795,0.261,0.394,1
"Gm20646",0.151539109286905,-0.382097150762197,0.174,0.348,1
"Mgat2",0.151618825438121,0.404289186718719,0.13,0.045,1
"Olfr1564",0.151618825438121,0.251008517457113,0.13,0.045,1
"Ogfod1",0.151856316707578,0.346599565032922,0.478,0.333,1
"Serinc5",0.151856679366092,0.392996700006847,0.174,0.076,1
"Cabp1",0.152321006318848,-0.407268160024759,0.261,0.424,1
"Usp20",0.152493484521834,-0.286353413989557,0.174,0.318,1
"Kdm7a",0.152666507327793,-0.453280964821883,0.348,0.455,1
"Prrc1",0.152734007192757,-0.328079860716028,0.13,0.258,1
"Odr4",0.152970857168954,-0.266960770663959,0.13,0.273,1
"Zfp653",0.153088741127194,0.314826865432031,0.217,0.106,1
"A930009A15Rik",0.153088741127194,-0.25042057502882,0.043,0.167,1
"Trim46",0.153407670544159,0.332123888207388,0.522,0.318,1
"Arnt2",0.153555382443826,-0.356766433533894,0.217,0.394,1
"Tasor",0.154195292405702,-0.426632983277408,0.174,0.288,1
"Ctdspl",0.154464187988083,-0.334137090337845,0.522,0.712,1
"Arhgap32",0.154551181602794,0.310943240647208,0.783,0.682,1
"Pip4p1",0.154788206418349,0.272786524126106,0.348,0.197,1
"H2bu2",0.154882441856248,-0.271752624307503,0.087,0.242,1
"Pde3b",0.155351496051344,-0.391472085382391,0.087,0.212,1
"Knop1",0.155351496051344,-0.263464750024019,0.087,0.212,1
"Pcf11",0.155779925931375,0.288940501642039,0.435,0.303,1
"Mllt11",0.156108925269504,0.364354130948968,0.565,0.455,1
"Rnps1",0.156108925269504,0.347490846893181,0.565,0.455,1
"Mrpl30",0.156205958897653,-0.272659761688359,0.043,0.152,1
"Atl3",0.156447486287764,-0.310722338997341,0.13,0.288,1
"Syngr3",0.1564878864327,-0.325801971287471,0.217,0.348,1
"Nsmaf",0.156533054619975,-0.25974138491368,0.174,0.348,1
"Urgcp",0.156546492836779,-0.443848323353047,0.261,0.409,1
"Ttyh3",0.156621907834016,-0.302829568433581,0.13,0.273,1
"Prkn",0.156947115655282,0.378013130864831,0.87,0.788,1
"Fads2",0.157041669687335,0.283704284570252,0.174,0.076,1
"Rab8b",0.157048700047506,-0.338004586935458,0.435,0.606,1
"Rpl19",0.15753717409347,-0.266553945023103,0.217,0.409,1
"Orc3",0.157643274600716,0.265072971854438,0.391,0.242,1
"Pold3",0.157679473398882,0.292453279837754,0.217,0.106,1
"Lyplal1",0.157868887742221,0.260131945982595,0.13,0.045,1
"Garin5a",0.157868887742221,0.332655130100114,0.13,0.045,1
"Fah",0.157868887742221,0.257433027442111,0.13,0.045,1
"Inpp4b",0.157868887742221,0.283803715439531,0.13,0.045,1
"Slc25a11",0.157868887742221,0.375330237515928,0.13,0.045,1
"Gm10037",0.157868887742221,0.261306902929042,0.13,0.045,1
"B930095G15Rik",0.157868887742221,0.314447210140497,0.13,0.045,1
"Ggact",0.158010781313109,-0.365149990967102,0.348,0.485,1
"Ip6k2",0.158472035217903,0.415308550748404,0.348,0.197,1
"Nsd1",0.158572109414377,0.318327913288937,0.87,0.803,1
"Rabgap1",0.159306751189401,-0.315286605669265,0.609,0.758,1
"Rassf1",0.159458508705927,-0.294966188940168,0.087,0.212,1
"Rpl22",0.159462470745892,-0.322403035777281,0.087,0.212,1
"Gtf2i",0.159702521865969,-0.331548453726426,0.391,0.53,1
"Mdga1",0.159784939686836,0.444393323211934,0.391,0.258,1
"Ptpn2",0.159784939686836,-0.274305065571678,0.174,0.333,1
"Ap2a2",0.159876125779625,0.270084412696539,0.652,0.515,1
"Copg2",0.159957912705175,-0.409633833607938,0.348,0.47,1
"Ganab",0.160232019792243,-0.277785730994187,0.13,0.258,1
"Srgap2",0.160538444193819,0.29824482694725,0.913,0.742,1
"Ttc19",0.160897123384624,-0.277562553322803,0.522,0.758,1
"Tanc1",0.161048024112636,-0.263399921258624,0.043,0.152,1
"Dut",0.161048024112636,-0.256709274027592,0.043,0.152,1
"Gcfc2",0.161048024112636,-0.260636047173725,0.043,0.152,1
"Ncln",0.161048024112636,-0.250638976833882,0.043,0.152,1
"Atp11c",0.161219370416578,-0.271151914363062,0.217,0.364,1
"Wwox",0.161261832046501,0.434613926315528,0.783,0.712,1
"Gabra1",0.161349739551852,-0.409155186217324,0.348,0.515,1
"Smarcc2",0.161499274706513,-0.291023538839768,0.304,0.485,1
"Tubb2a",0.161499274706513,-0.40470284640496,0.304,0.485,1
"Gm42446",0.162359764894322,0.309336522434157,0.174,0.076,1
"Fkbp4",0.162359764894322,0.355372777820112,0.174,0.076,1
"Ccdc124",0.162359764894322,0.251506964227348,0.174,0.076,1
"ENSMUSG00000120303",0.162359764894322,0.365549108503223,0.174,0.076,1
"Ptpn5",0.162370462274517,-0.401779830216073,0.261,0.364,1
"Sos1",0.162370462274517,0.351683097416554,0.435,0.303,1
"Yeats4",0.162373752560867,0.250220453226599,0.217,0.106,1
"Birc6",0.162581430549365,-0.338865444279923,0.478,0.697,1
"Lrpap1",0.162870596059703,-0.320772712260191,0.391,0.621,1
"Psmd11",0.162969902518909,-0.269458457471054,0.261,0.409,1
"2900022M07Rik",0.163251101969922,0.473564780641266,0.391,0.288,1
"Parp8",0.163251101969922,0.27710189039607,0.435,0.273,1
"Gm15584",0.163283748614845,0.407095022585784,0.261,0.136,1
"Pex19",0.163283748614845,0.283470589411893,0.261,0.136,1
"Map3k14",0.163283748614845,0.311620847308283,0.261,0.136,1
"Gm44433",0.163653470589501,0.33743014342387,0.304,0.182,1
"Ccdc107",0.163655210998812,-0.326139643041408,0.087,0.212,1
"Set",0.163810982953999,0.267843777376317,0.348,0.212,1
"Ptprj",0.164066468029232,-0.328674464559165,0.652,0.803,1
"Ttc4",0.16412170140928,-0.323157958632562,0.13,0.273,1
"Gab3",0.16412170140928,-0.290917192884333,0.13,0.273,1
"Igf2bp3",0.164147115917578,0.324454682763507,0.565,0.409,1
"Prkaa2",0.164225156743976,-0.433052532778011,0.391,0.53,1
"Gm42517",0.164312188617914,0.298639035046989,0.13,0.045,1
"Lhfpl3",0.164793172651254,-0.45994267542872,0.565,0.864,1
"Galnt18",0.164999458921748,0.265446770305535,0.826,0.682,1
"Tmbim6",0.165035620711224,-0.351875374640622,0.174,0.288,1
"Hectd4",0.165221366376321,-0.264055342307312,0.478,0.652,1
"Psmc4",0.166002620742295,-0.291548222625986,0.043,0.152,1
"D630033A02Rik",0.166002620742295,-0.285736090137,0.043,0.152,1
"Leng8",0.16619065231143,0.332010443810111,0.522,0.409,1
"Iscu",0.166841166122954,0.27489941440309,0.304,0.167,1
"2700069I18Rik",0.166876536897186,-0.424098033595754,0.304,0.439,1
"Trak1",0.167281818671559,-0.333963682987068,0.348,0.485,1
"G3bp2",0.167589287549586,0.25105985902081,0.348,0.212,1
"Arhgef3",0.167589287549586,-0.36452826795122,0.13,0.288,1
"Flrt1",0.167645194261769,0.272617578540711,0.304,0.182,1
"Aktip",0.167666763437994,0.273153311046713,0.261,0.136,1
"Plppr1",0.167812632110211,0.261322824186667,0.174,0.076,1
"Gm9828",0.167930505207509,0.280582843591901,0.261,0.152,1
"Tceal3",0.167930505207509,0.321137226347345,0.261,0.152,1
"Csmd3",0.168261659740844,0.255683652035223,1,0.924,1
"Cacnb3",0.168273886835123,-0.29293018414805,0.261,0.424,1
"Rpl28",0.168336559481627,0.282985792222707,0.391,0.242,1
"Ago3",0.168435915231199,0.281998499279666,0.652,0.636,1
"6430548M08Rik",0.168663078963401,0.399967296005664,0.391,0.273,1
"Gkap1",0.16962434061688,0.392040566002184,0.348,0.242,1
"Actr10",0.170170500519372,-0.273701166492418,0.174,0.318,1
"Satb1",0.170897369086921,0.40849587836755,0.609,0.47,1
"Fndc5",0.170951615345355,0.302985915606549,0.13,0.045,1
"Blm",0.170951615345355,0.276720778808787,0.13,0.045,1
"Zer1",0.171555206325464,-0.284391732690503,0.217,0.364,1
"Mtrex",0.171709606287761,0.289297365361011,0.304,0.182,1
"Dnaja3",0.171709606287761,0.298141033899088,0.304,0.182,1
"Gm47271",0.172289124622216,0.288728382546005,0.261,0.152,1
"Coch",0.172289124622216,-0.297284588230354,0.087,0.212,1
"Rbx1",0.172574982996859,-0.345027187551688,0.174,0.288,1
"Tshz3",0.173524663457262,-0.252186798138261,0.217,0.394,1
"Arid1b",0.173552667452414,0.360650286931073,0.826,0.773,1
"Dstn",0.173805846621034,-0.307197070987207,0.217,0.348,1
"Pde10a",0.174081111019951,0.413642924140233,0.783,0.636,1
"Cox6b1",0.174105453191849,0.313005758473867,0.391,0.258,1
"Zfp692",0.174105453191849,-0.329955029965313,0.174,0.333,1
"Foxj3",0.174404237828664,0.272829194164066,0.435,0.303,1
"St6gal2",0.17454049738757,-0.271808956627581,0.478,0.636,1
"Ubr2",0.174664610842159,0.255256890027705,0.522,0.394,1
"Eef1a1",0.174895030649877,-0.375622625052525,0.435,0.576,1
"Prelid3a",0.175137507158602,-0.420954335654134,0.304,0.424,1
"Gm32014",0.17587419588121,-0.284005464508104,0.13,0.273,1
"Tmed8",0.176057762948235,-0.275618088291067,0.13,0.258,1
"Akap10",0.176409927202035,-0.26882557194836,0.261,0.409,1
"Gm38126",0.1766969529699,-0.272517277039494,0.087,0.197,1
"Dgcr8",0.1766969529699,-0.334463692177481,0.087,0.197,1
"Rgma",0.176731822552313,-0.252647336615476,0.087,0.212,1
"Btf3",0.176731822552313,0.306981027829369,0.261,0.152,1
"Slc25a26",0.176905545607741,0.262627938638309,0.435,0.288,1
"Nt5m",0.177089127498765,0.292426011848549,0.217,0.106,1
"Rprd2",0.177684938582027,0.309721422750779,0.435,0.333,1
"Gm13402",0.177831009246446,-0.287901003116594,0.174,0.333,1
"Pam",0.178488239502731,0.405690042330964,0.696,0.591,1
"Lims1",0.178505521806339,0.264379151402561,0.522,0.364,1
"Plcb1",0.1786621411055,-0.316789300187396,0.957,1,1
"Slc4a4",0.178715391590186,-0.337473349948583,0.391,0.5,1
"Ints8",0.179610419827136,0.561263769649947,0.391,0.273,1
"Usp29",0.179716855698574,0.410748407922877,0.652,0.53,1
"Atp13a3",0.179764565854448,-0.26677254416993,0.217,0.379,1
"Tm9sf3",0.179764565854448,-0.305123827058199,0.217,0.379,1
"Ccsap",0.179895558567064,-0.329373644582454,0.261,0.409,1
"Pcdh10",0.17989950033743,0.270892260455796,0.783,0.697,1
"Fam227a",0.180058944461927,0.325979758170057,0.304,0.182,1
"Aimp1",0.180190490947905,-0.283267713226625,0.13,0.258,1
"Myo1d",0.180190490947905,-0.305733730260343,0.13,0.258,1
"Cep20",0.180190490947905,0.325291190947534,0.304,0.197,1
"Dcaf10",0.180369012197125,-0.30594560607767,0.174,0.288,1
"Fmn2",0.18066569693077,-0.302167737801888,0.652,0.894,1
"Hnrnpa2b1",0.180824708169982,-0.324661180854409,0.609,0.742,1
"Dnajc1",0.180981884539976,-0.280288063139373,0.565,0.727,1
"Car12",0.181083203722961,-0.464185517332527,0.174,0.303,1
"Rab14",0.181252375781815,-0.3071325767562,0.391,0.591,1
"Mgat3",0.181259333571376,0.533069394327906,0.261,0.152,1
"Cep250",0.181345739222967,-0.301656027667129,0.087,0.197,1
"Ube2l3",0.181345739222967,0.400745952083581,0.261,0.136,1
"Cx3cl1",0.181364835103319,-0.36510047384159,0.348,0.455,1
"Tmem50a",0.181485202009851,0.303434072856526,0.435,0.258,1
"Ttc21b",0.181489695406693,-0.340619553923791,0.174,0.318,1
"Rbm4b",0.181489695406693,-0.321201529974921,0.174,0.318,1
"Pbx1",0.181671092072854,-0.25488889432342,0.87,0.97,1
"4930447N08Rik",0.181883013648483,0.339085539041327,0.217,0.121,1
"Arglu1",0.182296151128821,-0.341511578713142,0.609,0.833,1
"Ctnna3",0.182482334983989,0.521047136077167,0.739,0.636,1
"Jazf1",0.182995923315666,-0.377158671670796,0.609,0.758,1
"Satb2",0.183087229216055,0.253313476615416,0.957,0.894,1
"Nptxr",0.183358525848405,0.465737837827201,0.348,0.212,1
"Cltc",0.183436340443874,-0.365792155329496,0.304,0.455,1
"D630045J12Rik",0.18393734466558,-0.316512453518862,0.609,0.742,1
"Tax1bp1",0.184366590189797,0.277746884452736,0.565,0.455,1
"Clptm1",0.184394861487656,0.391214816277462,0.304,0.197,1
"Fxyd7",0.184394861487656,-0.284032103749813,0.13,0.258,1
"Tceal5",0.184810280179517,-0.261662760115786,0.261,0.394,1
"Tmem126a",0.185027770267927,0.340414618701115,0.348,0.242,1
"Cdkl2",0.18516967033622,-0.342416126645644,0.304,0.455,1
"E230029C05Rik",0.185459616605766,0.265005144018745,0.391,0.258,1
"Gm12353",0.185510861153449,0.377555661836817,0.478,0.364,1
"Gm49797",0.185983897157496,0.288461155482693,0.522,0.409,1
"Polr3b",0.186084691945991,-0.264372691473946,0.087,0.197,1
"Lynx1",0.186084691945991,-0.28934440646675,0.087,0.197,1
"Gnaq",0.186088363417754,0.257734184284963,0.783,0.803,1
"Ak5",0.186860085251361,0.340871763816354,0.87,0.818,1
"Clvs2",0.187097226926734,0.325314123449918,0.435,0.303,1
"Gatad2b",0.187779661469654,0.342640741773804,0.609,0.515,1
"Slf2",0.187779661469654,0.459396099153187,0.609,0.515,1
"Myo9a",0.187810605178976,0.282433069751424,0.957,0.909,1
"Mycbp2",0.187906454651694,-0.262707208915864,0.913,0.985,1
"Gm36198",0.188243143535553,-0.309160443186467,0.13,0.273,1
"Dcaf11",0.188243143535553,-0.296314703754479,0.13,0.273,1
"Nmt1",0.188661005295757,0.331104331840817,0.391,0.288,1
"Jade3",0.189035549434462,-0.352621984201664,0.174,0.303,1
"Rhobtb2",0.189340340812236,-0.268255773067408,0.174,0.318,1
"Peak1",0.189363482116798,0.488746073946981,0.348,0.273,1
"Anp32a",0.189363482116798,-0.319168190748599,0.174,0.333,1
"Pced1b",0.189871505207946,-0.324904945936711,0.217,0.364,1
"Micu3",0.190174132298579,0.328833639086859,0.739,0.606,1
"Pura",0.190444056457625,0.354160048186069,0.652,0.576,1
"Arap2",0.191105546099574,0.448966606925063,0.609,0.515,1
"Dctn4",0.191194082305118,-0.309478693928041,0.304,0.485,1
"Trmt1",0.192505528424315,-0.251897364187032,0.13,0.273,1
"Rab3a",0.19251909052993,0.301460915240947,0.522,0.364,1
"Nalf1",0.1926315765386,0.282528692039395,0.957,0.939,1
"Tmem130",0.192671163623499,0.35850360827027,0.478,0.348,1
"Eif4g1",0.192671163623499,0.274050289630155,0.478,0.348,1
"Creld1",0.192775724991161,0.322068674572413,0.217,0.106,1
"Cnot3",0.193106968402282,-0.355858408696183,0.174,0.303,1
"Ankfy1",0.193479159219356,-0.349962613355631,0.261,0.379,1
"Klf10",0.193479159219356,-0.411328678568164,0.261,0.379,1
"1700024B18Rik",0.194006187757501,0.358342283112869,0.522,0.379,1
"Atpif1",0.19406026129742,0.477954825366473,0.609,0.576,1
"Atf2",0.19414110130224,-0.294825945194331,0.435,0.545,1
"H3f3b",0.19435909325246,-0.288111839583926,0.435,0.561,1
"Kitl",0.194440891267069,-0.408564145154741,0.478,0.591,1
"Dnajc5",0.194648452711299,-0.254195886355592,0.217,0.379,1
"Epn1",0.195016903261694,0.265843604165891,0.391,0.273,1
"Cops2",0.195357793159143,0.264696844231065,0.261,0.152,1
"Fbxl12",0.195357793159143,0.317116884509412,0.261,0.152,1
"Psmd12",0.195888242551618,0.313967666761031,0.348,0.212,1
"Rps24",0.195888242551618,0.355006177776615,0.348,0.212,1
"Trrap",0.196510887543695,-0.318224536523038,0.348,0.47,1
"Rpl17",0.196736182004828,0.3210153284497,0.348,0.227,1
"Ppp2r5c",0.197000007373478,-0.361621788765099,0.696,0.652,1
"Scn3a",0.197132091481536,0.264533128504302,0.522,0.394,1
"Pparg",0.197153572950169,0.457609496688979,0.174,0.076,1
"Gm44675",0.197325471990644,0.301956111305599,0.217,0.121,1
"Plppr2",0.197543303635301,0.263835119665421,0.565,0.409,1
"Gls",0.198835742924498,-0.282907240601811,0.87,0.894,1
"Ambra1",0.199405341259176,-0.340282949966815,0.565,0.742,1
"Chd1",0.199499016027323,-0.284459001450696,0.174,0.318,1
"Dhx32",0.19950206143123,0.318846677481298,0.391,0.242,1
"Mras",0.200115093106673,-0.324225524946032,0.348,0.47,1
"Atg4b",0.200231499723944,0.272488911290503,0.261,0.152,1
"Cfap69",0.200231499723944,0.327533865315102,0.261,0.152,1
"Dnajc21",0.200231499723944,0.269664822250432,0.261,0.152,1
"D430041D05Rik",0.200757678329558,-0.283817393356441,0.87,0.97,1
"Ppp2r5a",0.200992889125418,-0.278910493557842,0.174,0.288,1
"Cwc27",0.201257325535645,-0.319671736676931,0.348,0.591,1
"Ddx3x",0.201939316308037,0.379418976349461,0.304,0.197,1
"Gm14296",0.202245632859936,0.267340382159731,0.304,0.182,1
"Ksr1",0.202420904053347,-0.36144046768413,0.261,0.364,1
"Shank3",0.202420904053347,-0.296508371210983,0.217,0.379,1
"Apba1",0.202531322976349,-0.271930600760867,0.391,0.545,1
"Slit1",0.202697093452526,0.257121957298883,0.261,0.152,1
"Atp2c1",0.20280492642536,-0.36791623491547,0.739,0.848,1
"Rtf2",0.202879744704197,-0.26390344232401,0.043,0.136,1
"Vps72",0.202879744704197,0.397088680943375,0.174,0.091,1
"Flt3",0.202879744704197,-0.254774935200095,0.043,0.136,1
"Zdhhc3",0.202879744704197,-0.259341732200873,0.043,0.136,1
"Epdr1",0.202879744704197,-0.251477623782685,0.043,0.136,1
"Rhot2",0.202879744704197,-0.287437319301362,0.043,0.136,1
"Stxbp5l",0.204109161036969,-0.316798470940706,0.87,1,1
"Dlgap2",0.204113012003233,0.325555700295268,1,0.985,1
"Ndrg3",0.204446861189704,0.332929884453305,0.696,0.697,1
"Rarb",0.204579864788007,-0.305408826901167,0.304,0.53,1
"Gm11418",0.20458305950773,-0.328532950618344,0.174,0.273,1
"Nfat5",0.20514164823843,-0.292571252088456,0.652,0.727,1
"Gm48747",0.205204446093714,0.327428526248314,0.565,0.455,1
"Gak",0.205316403147332,-0.296566618915384,0.174,0.288,1
"Dnajb12",0.205956831221819,-0.312346935796851,0.087,0.197,1
"Adam23",0.206290904877626,-0.285662699691542,0.478,0.606,1
"Ncald",0.206293299069688,0.266664733454686,0.783,0.636,1
"6530402F18Rik",0.206509676011514,-0.254688077505413,0.13,0.258,1
"Ap3d1",0.206509676011514,-0.289661226438758,0.13,0.258,1
"Lin52",0.206509676011514,0.424871656519806,0.304,0.197,1
"Spata2",0.206912457346462,-0.267777209027732,0.13,0.242,1
"Fam184a",0.207451935766116,0.467959914719534,0.391,0.348,1
"Cyth3",0.207487627063126,-0.258866556309939,0.348,0.5,1
"Pten",0.207857641424178,-0.312126049834742,0.652,0.712,1
"Dtnb",0.208253695029756,-0.258856800191449,0.435,0.606,1
"Mrpl57",0.209008182991522,-0.257937695713988,0.043,0.136,1
"Tbck",0.209529560762583,-0.274297755982058,0.261,0.439,1
"Gm36952",0.209790781063919,0.306318498050104,0.391,0.258,1
"Pex7",0.209793786828452,-0.252111822211203,0.217,0.318,1
"Rps6kc1",0.21007681201579,0.359020965755109,0.565,0.379,1
"Wdr17",0.210553460300399,0.318855573892015,0.913,0.879,1
"Tacc1",0.210597234064589,-0.301885243685847,0.609,0.682,1
"Gm42766",0.211154678802712,0.294044400816833,0.304,0.197,1
"Pcyt1b",0.211154678802712,-0.405047174910471,0.13,0.258,1
"Peg3",0.211262056905498,0.329539677943669,0.87,0.803,1
"Ap3b1",0.211371131357243,-0.365141297633033,0.217,0.333,1
"Mvb12b",0.211656954001766,-0.258388165349672,0.13,0.242,1
"Gm16541",0.211717162960891,-0.433827558135906,0.13,0.227,1
"Bcl9",0.213555228596946,0.266689844290619,0.348,0.212,1
"Otulinl",0.214389600200624,-0.28476975787279,0.174,0.318,1
"Atp5pb",0.215030319417854,0.560596757019822,0.435,0.394,1
"4930532I03Rik",0.215269638501391,0.329789367326877,0.174,0.091,1
"Dcp1b",0.215384079743547,0.251801151562814,0.261,0.152,1
"Ntrk2",0.21588298668996,-0.390691311933376,0.87,0.924,1
"Lpin2",0.216384023017621,0.345320901646895,0.652,0.621,1
"Gga3",0.21645226895847,-0.285696952263722,0.087,0.197,1
"Yipf4",0.2164795905698,-0.265809976124489,0.13,0.242,1
"Fam76a",0.216874869724009,0.250529635323561,0.391,0.288,1
"Hmgb1",0.216874869724009,0.363594128240377,0.391,0.288,1
"Eea1",0.216874869724009,-0.282582710215864,0.217,0.348,1
"Zcchc17",0.217115082517858,0.289312269654173,0.435,0.318,1
"Pitpna",0.217395909726686,-0.361920804165364,0.478,0.576,1
"Nkain2",0.217791706266666,0.285154171829446,1,1,1
"Ewsr1",0.217809550812422,0.262126454641701,0.826,0.727,1
"Ppfia1",0.218146322402616,-0.30665740565165,0.174,0.273,1
"Cspg5",0.218421853713372,-0.291966612887855,0.304,0.455,1
"Dpysl3",0.218691689296425,0.299271941247763,0.348,0.227,1
"Mbtd1",0.219154931974466,-0.308318081616601,0.435,0.545,1
"Mapk9",0.219346633474592,0.362654359094203,0.478,0.364,1
"Keap1",0.219378932258876,0.274246742138041,0.217,0.121,1
"Lcmt1",0.220670366727951,0.308515547663501,0.304,0.197,1
"Il11ra1",0.221380815548314,-0.250401071108822,0.13,0.242,1
"Vps26a",0.22166512967232,0.296255250877431,0.174,0.091,1
"Gm10115",0.222107276177886,-0.261686496094642,0.217,0.364,1
"Stox2",0.222764336450857,-0.334761685851497,0.478,0.591,1
"Vps35l",0.222807926179584,0.278214728976328,0.348,0.212,1
"Eps15l1",0.222836030191413,-0.294662872718263,0.261,0.364,1
"Ubl5",0.222836030191413,-0.371924984753127,0.261,0.364,1
"Elmod1",0.223422155589197,0.253510553085262,0.348,0.242,1
"Tcf12",0.223619403533029,0.32737552129371,0.696,0.606,1
"Rabac1",0.223624874921685,0.257580423459749,0.478,0.318,1
"Dtx3",0.223714845969059,-0.326134064030802,0.348,0.485,1
"Ndufa5",0.22401462311576,0.313423725655853,0.261,0.167,1
"Suz12",0.225541883556024,-0.299162532051634,0.13,0.258,1
"Nisch",0.226129751414714,-0.291222869274386,0.478,0.667,1
"Slc25a14",0.226400363773884,-0.260160066997544,0.217,0.364,1
"Pum1",0.226502462095274,0.26276105203816,0.652,0.53,1
"Slc9a7",0.226507370691982,-0.275355982225034,0.435,0.53,1
"Crispld1",0.227327273589139,-0.418988156881162,0.087,0.197,1
"Gm4117",0.227327273589139,-0.267243853220216,0.087,0.197,1
"Sh3glb2",0.227732645592941,-0.282505694301177,0.261,0.424,1
"Ror1",0.227732645592941,0.279523308835701,0.478,0.348,1
"Clk2",0.228016594323185,-0.278151567683242,0.174,0.303,1
"Dusp12",0.228088649860188,-0.280179506142899,0.087,0.182,1
"Cep44",0.228088649860188,-0.25807382706425,0.087,0.182,1
"Polr3c",0.228195617601423,0.262635215143867,0.174,0.091,1
"Lysmd2",0.228195617601423,0.293042110837451,0.174,0.091,1
"Ostm1",0.228195617601423,0.280736032663309,0.174,0.091,1
"Glyr1",0.228567523257241,0.255312368921586,0.435,0.288,1
"Ehmt1",0.229138835014103,0.254963328144846,0.696,0.561,1
"Dhx36",0.229654959458882,-0.25114544388071,0.348,0.53,1
"ENSMUSG00000120334",0.229853379787065,0.420948509426787,0.391,0.288,1
"Mycbp",0.229853379787065,-0.32070443634554,0.217,0.348,1
"Nsg2",0.230555377584832,0.283406883229842,0.565,0.5,1
"Arfgef2",0.230749414071849,-0.257065901622435,0.217,0.364,1
"Ndufab1",0.231046510284552,0.270190158214531,0.217,0.121,1
"Ddx6",0.231554436014218,0.290871100558987,0.478,0.364,1
"Psma2",0.231774257024759,0.275817984117232,0.391,0.258,1
"Rorb",0.231774257024759,0.261594257218692,0.391,0.258,1
"Gm44151",0.231824236728237,-0.42320051292254,0.261,0.379,1
"Itfg1",0.232568039456006,0.305320381058689,0.652,0.485,1
"Birc2",0.232677948684261,-0.254744729056365,0.174,0.303,1
"Ppp4r4",0.232681683425717,-0.261515827919393,0.174,0.288,1
"Echdc2",0.232908513865311,-0.251719002578201,0.087,0.197,1
"Metap1",0.233846738668996,-0.267581330697545,0.087,0.182,1
"Acap2",0.234272574247089,-0.295218335374667,0.565,0.773,1
"Car2",0.234299905786484,0.379405445008825,0.391,0.288,1
"Anapc5",0.234503422124963,0.383690655804206,0.478,0.394,1
"Acot8",0.234862003974451,0.33934500132589,0.174,0.091,1
"Zfp180",0.234862003974451,0.274128608147433,0.174,0.091,1
"Larp6",0.234862003974451,0.262515571379991,0.174,0.091,1
"Nup155",0.234862003974451,0.369892739183625,0.174,0.091,1
"Mroh1",0.234862003974451,0.38094654345794,0.174,0.091,1
"Shc2",0.236560205771593,0.272098142969641,0.304,0.182,1
"Ppp1cc",0.236848569917077,0.307824252932549,0.261,0.152,1
"Kmt2b",0.236848569917077,0.298863658125735,0.261,0.152,1
"Eif4b",0.237219294002306,0.334124679713479,0.348,0.212,1
"Kdm5d",0.237406512892729,0.266350357654486,0.348,0.242,1
"Kcnc2",0.238156109247227,0.359016764016581,0.826,0.818,1
"Gucy1a1",0.238239778879789,0.380136257221569,0.174,0.091,1
"Golga3",0.239707102126316,-0.252226069783605,0.087,0.182,1
"Exosc1",0.239707102126316,-0.308210443195557,0.087,0.182,1
"Ndufs3",0.240020361846168,0.412762604535054,0.261,0.167,1
"ENSMUSG00000120382",0.240187454403512,0.310421705094393,0.13,0.061,1
"Ppp4r2",0.240544892177065,0.508762115242182,0.391,0.333,1
"Fhit",0.240680148936702,-0.330422010010723,0.261,0.394,1
"Gcc2",0.241009124638119,0.25747699048633,0.391,0.258,1
"Kdm3b",0.241009124638119,-0.298967404797747,0.217,0.318,1
"Ap1ar",0.241080438457449,-0.323862122549446,0.217,0.348,1
"Iqgap2",0.241665129022305,0.25363649966978,0.174,0.091,1
"Micos13",0.241665129022305,0.307187717476805,0.174,0.091,1
"Gm41505",0.241779865393245,0.299073346345775,0.304,0.182,1
"C2cd5",0.242426014575,0.289482653495381,0.739,0.727,1
"Sema6d",0.242553108487313,0.278276749814043,0.913,0.833,1
"Ube2q2",0.24279283854394,0.388695425998517,0.435,0.348,1
"Gm47405",0.243148337607002,0.250616022245151,0.217,0.121,1
"Scmh1",0.24357358668369,-0.309629848259339,0.565,0.667,1
"Chd8",0.2438687138734,-0.347001201071943,0.391,0.47,1
"D8Ertd738e",0.244361006469877,-0.264046784906925,0.087,0.197,1
"Gm19410",0.245083519845097,-0.39918767213489,0.304,0.379,1
"Acaa1a",0.245670252492665,-0.280559726406994,0.087,0.182,1
"Gcnt2",0.245670252492665,0.324852142367042,0.217,0.136,1
"Gm44511",0.245794594597238,0.300531470673217,0.304,0.197,1
"Gtdc1",0.246826249530776,-0.263154732064101,0.609,0.788,1
"Arl5b",0.247185538296665,-0.335240818168935,0.174,0.273,1
"Prpf6",0.247185538296665,-0.306106924796347,0.174,0.273,1
"1700111E14Rik",0.247475258969329,0.43101144157468,0.652,0.636,1
"Ptpn3",0.247911888253999,-0.301886063601387,0.304,0.439,1
"Rhobtb1",0.247942937924802,-0.32152223162186,0.13,0.227,1
"Gm44509",0.248319355782906,0.251570809013213,0.13,0.061,1
"Robo3",0.248439477812569,-0.391840791293272,0.435,0.561,1
"Clcn3",0.248519965670233,0.288302168973974,0.696,0.636,1
"Zfp53",0.24860576950756,-0.274669567715776,0.043,0.136,1
"Ypel2",0.248775056157636,-0.344656112664553,0.348,0.5,1
"Idh3b",0.249228295708106,0.316352322583919,0.435,0.303,1
"Ndufaf4",0.249228295708106,-0.316370802010332,0.261,0.364,1
"Cpd",0.249277173220307,0.257392491530297,0.304,0.212,1
"Gripap1",0.249365055864356,-0.266157669068274,0.391,0.5,1
"Zfp292",0.249871957253616,-0.30553116990083,0.435,0.606,1
"Ptprn2",0.250768878644861,0.324883944099826,0.913,0.909,1
"Rcn2",0.251627922205111,-0.280078645451035,0.261,0.409,1
"Mgat1",0.251736665663264,0.254917288688997,0.217,0.136,1
"Dhx40",0.251736665663264,-0.267469598955256,0.087,0.182,1
"5330439K02Rik",0.251736665663264,-0.279828737842999,0.087,0.182,1
"Senp7",0.251907602434279,0.394968195660487,0.565,0.455,1
"Ccdc28a",0.251998176239219,-0.258251587143692,0.174,0.303,1
"Patj",0.252277129004316,-0.313217236564489,0.174,0.273,1
"Gm5089",0.25345257676592,-0.347811802592733,0.13,0.227,1
"Gm12296",0.254320591364193,0.438525535794209,0.522,0.485,1
"Usf2",0.254488204084272,0.266497434952294,0.304,0.212,1
"Mtmr12",0.255718322052031,-0.291454985196773,0.348,0.47,1
"4933424G05Rik",0.256459550126155,-0.384035262441504,0.609,0.667,1
"Cd9",0.256641933081942,0.339736726718839,0.13,0.061,1
"Trim9",0.256715306021888,-0.289023204662529,0.826,0.97,1
"Emc7",0.2573874892954,-0.276729696047133,0.174,0.288,1
"Gtf2ird1",0.2573874892954,-0.30714718607383,0.174,0.288,1
"Gm47423",0.2573874892954,-0.430004880313588,0.174,0.288,1
"Fam131a",0.257446011672026,-0.326629411085766,0.217,0.348,1
"Ncapd3",0.257985069090675,-0.300853019207756,0.304,0.409,1
"Ldlrad4",0.258028252965101,-0.325749651240589,0.696,0.803,1
"Cadm1",0.258312751925691,-0.302918769228783,0.783,0.909,1
"Mdn1",0.258492837986914,0.383421956030957,0.391,0.318,1
"Caly",0.258492837986914,0.291344865420965,0.435,0.303,1
"Stag1",0.258513660882854,-0.261210205461562,0.87,0.909,1
"Dync2h1",0.259905999029024,-0.295866148813448,0.565,0.621,1
"1700109K24Rik",0.260680259051989,0.309017213623053,0.609,0.515,1
"Arhgef7",0.261396802324417,-0.262151827451112,0.217,0.333,1
"Sqstm1",0.261560512212139,-0.276480183427123,0.348,0.5,1
"Rpl27a",0.261798301359475,0.271176470567096,0.304,0.197,1
"Gpatch2",0.262259385775038,-0.293604201581717,0.217,0.348,1
"Cdk11b",0.262259385775038,-0.261616185814237,0.217,0.348,1
"Pan3",0.262391011908926,-0.32500557249884,0.478,0.682,1
"Gm43829",0.262591174219473,0.319453848023147,0.261,0.167,1
"Zfp804a",0.26273001199251,-0.296510240973494,1,0.97,1
"Snrpf",0.262902374656999,0.26390215028903,0.174,0.091,1
"Norad",0.263508224645553,0.255009625469835,0.522,0.394,1
"Msra",0.264038877814047,0.373260225219724,0.739,0.682,1
"Wsb2",0.264623333735856,0.383441904449858,0.348,0.242,1
"Hk1",0.264628683574377,0.267901792038466,0.478,0.394,1
"Ncoa5",0.265136421702528,0.25061555352452,0.304,0.212,1
"Ldb2",0.265136421702528,0.292408315442544,0.304,0.212,1
"Lrrc39",0.265156224599677,0.263694622113049,0.13,0.061,1
"Chkb",0.265156224599677,0.277934959852425,0.13,0.061,1
"Ppp1r21",0.267685793185202,-0.253982751426933,0.217,0.364,1
"Zfand6",0.267993412305422,-0.3079188316136,0.261,0.364,1
"Stard3nl",0.267993412305422,-0.254452651839465,0.261,0.364,1
"Tubgcp5",0.268455802970752,0.250317959958064,0.261,0.167,1
"Rnf121",0.268455802970752,0.263607739823003,0.261,0.167,1
"Ophn1",0.270223827879136,-0.286993735830557,0.348,0.455,1
"Polr2m",0.270259557875674,0.255456352411813,0.174,0.091,1
"Timmdc1",0.270463334883301,0.284709868927424,0.435,0.318,1
"Srp19",0.270490724972258,-0.288276804483246,0.13,0.227,1
"Vwc2l",0.27055967566817,-0.329572430709098,0.087,0.182,1
"Gm43674",0.27055967566817,-0.263185724217819,0.087,0.182,1
"Vipas39",0.27055967566817,0.303762994027439,0.217,0.136,1
"Abhd10",0.27055967566817,0.26667064355611,0.217,0.136,1
"Atp7a",0.270626098569295,-0.255865876804166,0.043,0.121,1
"Gm48512",0.271443509560182,-0.323240904097241,0.391,0.53,1
"Sesn1",0.271767842425762,-0.283657148083535,0.304,0.409,1
"Ndufc2",0.272409768421063,0.274666554731621,0.348,0.242,1
"Vcl",0.272409768421063,0.254378628611287,0.348,0.242,1
"Rsbn1",0.27269023267328,-0.272907057504354,0.261,0.394,1
"Ccdc50",0.272832589842642,0.295999004644017,0.435,0.303,1
"Trim23",0.273055803950807,0.300150107946299,0.348,0.227,1
"Lrrn2",0.273368603451228,0.337002988908974,0.435,0.379,1
"A830018L16Rik",0.273411663191147,0.417527114439294,0.522,0.409,1
"Mafg",0.274049303749284,0.331845418210113,0.348,0.258,1
"Alms1",0.274409769946672,0.273530566674876,0.261,0.167,1
"Atl1",0.274790673613523,-0.314142444156944,0.435,0.47,1
"Gnl3l",0.275359239175142,0.285767793792234,0.391,0.258,1
"ENSMUSG00000120058",0.276472154228532,-0.274340339717042,0.304,0.409,1
"Ndufv2",0.276654605861983,0.270069398095606,0.348,0.258,1
"Lrch1",0.277043138854406,0.271663575321964,0.217,0.136,1
"Cul4b",0.277043138854406,-0.262308826401442,0.087,0.182,1
"2610035D17Rik",0.277066079740602,-0.370451146354573,0.348,0.455,1
"Pbrm1",0.277962762603221,-0.264302695542646,0.348,0.47,1
"Lrrtm3",0.278076909778357,0.337970195908838,0.652,0.561,1
"mt-Nd1",0.278076909778357,0.492013562085691,0.652,0.561,1
"Camsap2",0.27832287353777,-0.263590742927521,0.304,0.455,1
"Elavl4",0.27832287353777,-0.279804706537966,0.304,0.455,1
"Prkcb",0.279129572073027,0.466533939789071,0.652,0.621,1
"Fus",0.279268007530089,0.255665895509819,0.696,0.712,1
"Ano4",0.279442485196533,0.395311966141505,0.478,0.379,1
"Ica1l",0.279468781148922,-0.25827148070596,0.261,0.409,1
"Gm48091",0.280917371986326,0.390668632519915,0.696,0.576,1
"Clstn2",0.280917371986326,0.382448258105422,0.696,0.576,1
"4933411O13Rik",0.281471289884264,-0.258113620223929,0.217,0.333,1
"Gm48530",0.282276403184069,-0.393814320517959,0.13,0.227,1
"Brk1",0.282424815146509,-0.29012082325392,0.478,0.545,1
"Tmod2",0.282569827347832,0.260085484400655,0.565,0.5,1
"Gm48726",0.282763437437928,0.313617247102747,0.13,0.061,1
"Sf3b1",0.283078031048422,0.286261237906686,0.652,0.591,1
"Sec11c",0.283508730597906,-0.265627464123695,0.13,0.212,1
"Nck1",0.284359984153129,-0.268089283919382,0.174,0.273,1
"Sik2",0.28479290934613,-0.297010414424274,0.435,0.515,1
"Ccdc12",0.286586619596438,0.314354468152185,0.261,0.167,1
"Kpna1",0.286884378124465,-0.262278071892893,0.391,0.576,1
"Nck2",0.287230864985571,0.316284523635241,0.348,0.258,1
"Mmp24",0.287343414561863,0.250064833035686,0.304,0.212,1
"Gm48967",0.287343414561863,0.267347528638861,0.304,0.212,1
"Ryk",0.28770718840304,0.341161121657897,0.391,0.318,1
"Cd2ap",0.288253529786687,0.313336744116893,0.652,0.576,1
"Rab24",0.288297940189963,0.406720263653381,0.261,0.182,1
"Prkcg",0.288442102049179,0.311439470053889,0.348,0.242,1
"Fbxw8",0.289364205590671,-0.272815757418456,0.174,0.288,1
"Serpini1",0.28956264333367,-0.291925504662075,0.348,0.47,1
"Unkl",0.289686995463057,-0.282673282821235,0.13,0.212,1
"Tor1aip2",0.290093590845668,-0.263315979189451,0.261,0.379,1
"Dctn6",0.290205072279668,-0.323540096463692,0.174,0.258,1
"Ulk2",0.291212190677471,0.335933494561419,0.652,0.561,1
"Gm14172",0.291336783436026,-0.258292830674907,0.13,0.227,1
"Sel1l",0.292235117865372,-0.389801782336539,0.304,0.379,1
"Fam98a",0.292809876759999,0.253708292015043,0.261,0.167,1
"Ccdc39",0.2930858485756,0.291655054033921,0.304,0.212,1
"Ccnl1",0.294876689949832,-0.324707499074558,0.304,0.424,1
"Tmx3",0.295343057694519,-0.318230585009305,0.261,0.364,1
"Stt3b",0.296577707853869,-0.271159797289559,0.565,0.652,1
"Susd6",0.296642500785277,-0.252469558988167,0.304,0.394,1
"Ppip5k1",0.296680956540388,0.48549066749022,0.522,0.409,1
"Mlec",0.297124824633301,0.256765861229262,0.217,0.136,1
"Gm26749",0.297320266502764,0.42777863934674,0.478,0.394,1
"Exoc6",0.298635067143769,-0.294806876696481,0.348,0.424,1
"Xkr7",0.299123220011406,0.332708866603625,0.261,0.167,1
"Fstl4",0.299795632838725,0.286587495233901,0.913,0.848,1
"Rapgef5",0.300218036870886,-0.254752916075811,0.696,0.818,1
"Cdh13",0.300364081472569,0.307718332478468,0.913,0.97,1
"Ankrd13d",0.300558977626234,0.304901203752168,0.217,0.136,1
"Tsga10",0.300593875479484,-0.259866887899997,0.174,0.288,1
"2610021A01Rik",0.300599170754049,0.26802471107081,0.261,0.182,1
"Usp9x",0.300713409608264,-0.309974742212074,0.565,0.712,1
"Mif",0.301395001089751,0.545109257480244,0.304,0.227,1
"Crbn",0.302313709158372,-0.260431573214019,0.13,0.212,1
"Nek1",0.30251839440769,0.283866074765737,0.565,0.53,1
"Nars2",0.302566909913583,0.404362165681062,0.391,0.273,1
"Trmt6",0.3037241629755,0.35007117531964,0.261,0.182,1
"Tbl1x",0.304662713584197,-0.272171729012183,0.348,0.439,1
"Tmsb4x",0.306230809469676,0.357095960619755,0.652,0.576,1
"Tbc1d9b",0.306388319584435,-0.318515048690822,0.217,0.303,1
"Tmem151a",0.307221330967105,-0.324402705611404,0.174,0.273,1
"Sclt1",0.307615682116071,-0.266355402824712,0.522,0.636,1
"Dop1a",0.307748334877099,0.261903306090647,0.565,0.439,1
"Gopc",0.307776905841922,-0.266520599722746,0.174,0.258,1
"Fndc9",0.307847145657056,0.253337918976958,0.739,0.591,1
"Lmtk3",0.308001036388869,0.350474994494266,0.391,0.273,1
"Edem3",0.310789903574352,0.253770022919594,0.348,0.242,1
"Nr6a1",0.310838240052527,-0.311696907590728,0.565,0.606,1
"Vcp",0.310952767416527,-0.260765374027964,0.304,0.409,1
"Klhl23",0.311040541901972,0.346211396745714,0.217,0.136,1
"ENSMUSG00000120926",0.312852723318041,0.255756781035489,0.783,0.652,1
"Slc22a15",0.314064719139163,0.354146460218329,0.304,0.197,1
"Chrm1",0.314064719139163,0.320861403043378,0.304,0.197,1
"Cnot1",0.315183460272548,0.298598005055698,0.478,0.485,1
"Synpo",0.315183460272548,-0.366257252284253,0.478,0.485,1
"Chst10",0.315301338620986,-0.285727442232373,0.13,0.212,1
"Ccdc88a",0.316534244735276,-0.272627066390661,0.696,0.848,1
"8030445P17Rik",0.316550782645156,-0.37701336090596,0.217,0.288,1
"Cpsf6",0.31668339120518,0.255885105032578,0.739,0.697,1
"Mmaa",0.316821558069577,0.261132407153978,0.304,0.212,1
"Gm26910",0.317339458387803,0.326765416845586,0.174,0.106,1
"Gm47592",0.317353999542308,0.266755697047046,0.174,0.091,1
"Taf6",0.31815710216683,0.263778497143824,0.217,0.136,1
"Lcorl",0.319061869450682,-0.252529321835118,0.217,0.333,1
"Diaph2",0.31959134506737,-0.268567588283392,0.739,0.773,1
"Zfp654",0.322259433270728,0.276725165409427,0.478,0.394,1
"Vps28",0.325279140350946,0.362622275965211,0.261,0.167,1
"Gm20616",0.325279140350946,0.58510562315274,0.261,0.167,1
"Rcor3",0.326038830817876,-0.278727575462843,0.174,0.258,1
"Scand1",0.3262366848552,0.321014111549028,0.261,0.182,1
"Susd4",0.326743297750956,0.266285452122896,0.696,0.682,1
"Timm44",0.327403945211373,-0.257906809662545,0.348,0.439,1
"Commd10",0.327469088587711,-0.327353018012915,0.435,0.515,1
"Trim35",0.327605159079109,-0.283299216869029,0.609,0.652,1
"Tm6sf1",0.32828141160105,0.253926551259859,0.348,0.242,1
"4930565N06Rik",0.32865023062664,-0.281817720577129,0.13,0.212,1
"Dnm1l",0.329153620685897,-0.275801370952105,0.478,0.545,1
"Rab10os",0.3292967715411,-0.30268616723526,0.217,0.303,1
"Mtmr7",0.330531959135161,0.281025467070955,0.478,0.364,1
"U2surp",0.331125722464383,0.370788182149574,0.609,0.515,1
"Arl8b",0.33198191095078,0.26217445273536,0.217,0.152,1
"Rragd",0.332039517679902,-0.257608779985329,0.13,0.212,1
"Sft2d3",0.332043890611507,0.296838170428972,0.261,0.167,1
"Rmdn1",0.334747103935713,0.312068228963484,0.565,0.561,1
"Sash1",0.335192993268073,-0.331773846924799,0.217,0.303,1
"Megf11",0.336004135804782,-0.274763663493911,0.174,0.288,1
"Tango2",0.336570033525633,0.252308063965559,0.565,0.515,1
"Nlgn1",0.336728675056876,0.275703167628057,0.957,0.97,1
"Pkd2",0.337464619179011,0.287064919033313,0.304,0.227,1
"Fntb",0.337489330984117,0.269247539865206,0.522,0.485,1
"Bc1",0.337525963238766,-0.283138933906185,0.391,0.5,1
"Kcnt1",0.337967892324296,-0.274231111109481,0.522,0.606,1
"Cacna1g",0.338496897682182,-0.273613957593923,0.304,0.394,1
"4930555F03Rik",0.339071557851234,0.379954799603968,0.304,0.242,1
"Exoc7",0.33957327162004,0.293010392420359,0.261,0.182,1
"Hmgxb4",0.340141658786422,0.257352179600793,0.217,0.136,1
"Naaladl2",0.341105720655074,-0.370064334212524,0.739,0.788,1
"Spg7",0.341156788696941,-0.269356552775246,0.217,0.303,1
"Colgalt2",0.341724803837848,0.275415364356034,0.174,0.106,1
"Fam171b",0.342032777560476,0.268106935713453,0.696,0.621,1
"Egr1",0.342156888191976,-0.257824104071486,0.174,0.288,1
"Yeats2",0.342238295115111,-0.313828419412841,0.391,0.47,1
"Morc2a",0.342360194891045,-0.273341841050948,0.13,0.212,1
"Sbf2",0.343516470729666,0.308951152647031,0.783,0.924,1
"Ccser1",0.343849420031112,0.276357159542064,0.957,0.985,1
"Vxn",0.344851379117894,0.251725856545745,0.565,0.409,1
"Cdadc1",0.344887448381208,-0.289721663765188,0.261,0.318,1
"Hectd2os",0.345878255529316,-0.283805757341471,0.174,0.242,1
"Nr6a1os",0.346370845115032,0.275528525815361,0.261,0.182,1
"A330008L17Rik",0.346930961293916,-0.446746748886443,0.609,0.652,1
"Dync1li1",0.347658248464229,0.268700193835963,0.348,0.273,1
"Gm45176",0.347681216054807,0.295034190514121,0.217,0.136,1
"Zfp955a",0.347681216054807,0.357447335449071,0.217,0.136,1
"Brwd3",0.350080246668622,0.296424142683857,0.304,0.227,1
"Mfhas1",0.35259196539637,0.369720891959795,0.391,0.318,1
"Syn3",0.352885036333932,-0.278286842656552,0.391,0.53,1
"Ppm1l",0.353585823783266,-0.352477873282343,0.826,0.773,1
"Mtpn",0.353623776934281,0.34620388481372,0.348,0.303,1
"Grb2",0.353784299137881,-0.269622208553035,0.217,0.333,1
"Gnas",0.354726343813371,0.380767460134813,0.783,0.742,1
"Prkacb",0.355650625108748,-0.257735435784607,0.391,0.485,1
"Man1c1",0.355732004422523,-0.303835478919668,0.087,0.152,1
"Lztr1",0.356361411202934,0.374655637182238,0.348,0.258,1
"Proser1",0.358004429075047,0.27608940831727,0.304,0.212,1
"Asap2",0.359285579483402,0.255464001913835,0.435,0.364,1
"Fchsd2",0.360755367805867,-0.334117145299281,0.609,0.636,1
"Stk25",0.360780500266831,-0.267054143068687,0.304,0.394,1
"Dpf1",0.361431693356456,0.251343005895629,0.217,0.152,1
"Bhlhb9",0.361431693356456,0.262800536380337,0.217,0.152,1
"Etfa",0.364254573663457,0.409307522963839,0.304,0.242,1
"Mtf2",0.364919592063628,-0.302977938657951,0.391,0.424,1
"Ptpa",0.365141151162057,-0.331871215474097,0.217,0.288,1
"Runx2",0.365742261104866,0.41112059014383,0.87,0.97,1
"Xylt1",0.36666381096485,0.310533363614962,0.609,0.561,1
"Rad9b",0.367277145496021,0.283392984778034,0.174,0.106,1
"Eml1",0.36869362206988,-0.273664129591703,0.348,0.47,1
"Gm27008",0.368931486204734,-0.270587347629522,0.261,0.318,1
"Abi2",0.369012943089861,-0.259116570605125,0.609,0.682,1
"Ptgds",0.370489742579408,0.49460009284795,0.478,0.394,1
"Akap8l",0.372650793577286,-0.262146893652531,0.783,0.758,1
"Sdf2",0.373811718591351,0.277709479358658,0.261,0.197,1
"Trappc4",0.375161463403257,0.252522354834087,0.348,0.258,1
"Rpl29",0.376052576357584,0.262739834077089,0.174,0.106,1
"Adamts2",0.376052576357584,0.465130032066247,0.174,0.106,1
"Specc1",0.376391475280797,0.288992416724085,0.565,0.485,1
"Slc35b1",0.377273459555782,0.354550211880119,0.304,0.242,1
"Abhd12",0.378938289300885,0.321761437893378,0.478,0.394,1
"Mrps36",0.379751994264072,0.388585138158254,0.13,0.076,1
"6230400D17Rik",0.379751994264072,0.276311821755683,0.13,0.076,1
"Sorcs1",0.381335200971565,0.317053641391758,0.348,0.288,1
"Tpk1",0.382908061968392,0.317701146188991,0.304,0.227,1
"Slc30a5",0.382908061968392,-0.257597540212665,0.174,0.273,1
"Grb10",0.38400862312643,-0.260766144358956,0.348,0.424,1
"Mast3",0.384644502942797,-0.332776038133871,0.348,0.439,1
"Ercc6",0.384955505483783,-0.266442569811032,0.174,0.258,1
"Aldh7a1",0.388028935216509,0.274109688904173,0.348,0.258,1
"Wdr43",0.389693122294652,0.292131829631509,0.304,0.227,1
"Auh",0.393078928851766,-0.275910493260623,0.304,0.364,1
"Galnt14",0.393665573207164,0.259152562398013,1,0.909,1
"Sh3gl3",0.395666514435102,-0.268532094131307,0.609,0.652,1
"Rala",0.39648612033076,0.275357203743613,0.348,0.303,1
"Gm49961",0.397658519171892,-0.259599374923606,0.217,0.318,1
"Celsr3",0.398337460643633,-0.268207365848679,0.087,0.152,1
"Armc9",0.399734987163804,-0.274808162209525,0.391,0.455,1
"Rpl4",0.40047177544888,0.295954892400819,0.217,0.152,1
"ENSMUSG00000119988",0.400586232955085,0.335553506548174,0.13,0.076,1
"Ankrd28",0.402430092228351,-0.279100980768454,0.478,0.591,1
"Abr",0.402874625772387,0.261471417102757,0.652,0.591,1
"Gas6",0.403831531446608,0.257566805539531,0.261,0.182,1
"Nfasc",0.404050732953968,-0.260929628939469,0.87,0.924,1
"Uqcrq",0.40488423051192,0.387266330588034,0.217,0.167,1
"Nxpe4",0.408497324001325,0.281834259320906,0.522,0.424,1
"Cep19",0.408573440255749,0.302295079281875,0.217,0.152,1
"Cstpp1",0.409149023553608,0.285257052801267,0.739,0.606,1
"Scn9a",0.409922228668509,0.2562405887945,0.435,0.333,1
"Rnpc3",0.410942609171066,0.258868913211754,0.478,0.394,1
"Eif1ad",0.411255977420801,0.262900447431018,0.13,0.076,1
"Arhgap18",0.41139506462061,0.395914754593288,0.261,0.182,1
"Myo6",0.412085201916103,-0.271202593159144,0.304,0.409,1
"Usp33",0.413939080281975,-0.257621535436207,0.391,0.5,1
"Rpsa",0.414557946654809,0.296132855610266,0.348,0.258,1
"Pdss1",0.419042039012052,0.262060378923724,0.261,0.182,1
"Hecw1",0.422518504567127,-0.338576430784385,0.826,0.894,1
"Nrxn2",0.422962884462447,0.26448247616204,0.478,0.394,1
"Rph3a",0.424414661560303,-0.326719580656044,0.348,0.394,1
"Rpl13",0.424414661560303,0.275334509131218,0.435,0.364,1
"Rfx3",0.426184254461401,0.342015995826928,0.522,0.424,1
"Ptprd",0.428397882075107,0.274382017939018,0.957,1,1
"Bicral",0.42894693766853,-0.280087864511094,0.478,0.53,1
"Usp48",0.431001719175765,0.278600366455632,0.348,0.273,1
"Stub1",0.431917640982827,0.263504056696372,0.304,0.227,1
"Gsk3b",0.433575568882077,0.348508616446507,0.565,0.591,1
"Gm15083",0.434435190038949,0.293764417816656,0.478,0.364,1
"Tmeff2",0.436386132135455,-0.266058368293294,0.826,0.742,1
"Gnb2",0.437564943234845,0.2636343781835,0.478,0.364,1
"Gpr137c",0.437815610291495,-0.284199383047232,0.174,0.242,1
"Tlk2",0.440251606118115,0.311720058977815,0.348,0.288,1
"Mff",0.442342346576825,0.254754251649642,0.348,0.303,1
"Camk2d",0.443613417288358,0.352817968342339,0.565,0.576,1
"E530011L22Rik",0.44571139274715,0.291834521255837,0.391,0.318,1
"D830024N08Rik",0.4503285603558,-0.254604062507314,0.304,0.364,1
"Bsg",0.450571351910354,0.31075508166144,0.435,0.394,1
"Trim44",0.45188456538588,0.280481649200842,0.565,0.636,1
"Jakmip3",0.456491115298615,-0.25380531109174,0.435,0.53,1
"Angptl2",0.460706432261653,0.444352871091649,0.304,0.258,1
"Marchf5",0.460706432261653,0.452631762620638,0.304,0.258,1
"Tasp1",0.461858102479679,-0.281526003227135,0.435,0.485,1
"Clk1",0.462307075326423,0.264706260279085,0.565,0.53,1
"Rab40b",0.462672085296585,0.254339077295544,0.435,0.364,1
"Gm16083",0.462867923442273,0.32488858115999,0.522,0.424,1
"Nap1l2",0.462896003288465,0.292928222865676,0.174,0.121,1
"Ndufb9",0.468689800422588,0.407612849727369,0.304,0.242,1
"Pag1",0.468704306101045,0.306997659490808,0.261,0.212,1
"4930557K07Rik",0.472572501756733,0.293077033533394,0.174,0.121,1
"Atp11b",0.474465184255441,0.338789434784226,0.783,0.803,1
"Vapa",0.474945455401564,0.436122362791016,0.478,0.455,1
"Rp9",0.476837653481188,0.324065364025255,0.565,0.5,1
"Clpp",0.478028316795946,0.347876835546593,0.348,0.258,1
"Retreg1",0.479603419477253,0.295573757407835,0.217,0.167,1
"Slc35a2",0.482359350612741,0.341880366050522,0.174,0.121,1
"Nosip",0.490424883601811,0.296478607461412,0.13,0.091,1
"Wdr11",0.490424883601811,0.279695299877153,0.13,0.091,1
"Sdk1",0.491091315023758,0.257257303444801,0.609,0.591,1
"Ccny",0.491549132946879,0.330267890055082,0.652,0.621,1
"Aurkaip1",0.492255341720278,0.297136808556201,0.087,0.152,1
"Ptpre",0.49235944201895,0.322455541258099,0.174,0.136,1
"Erbin",0.499104749790996,0.251164737499202,0.304,0.242,1
"Myl12b",0.501761553045014,0.256154323853043,0.13,0.091,1
"Grin3a",0.50883651314246,0.415014708874665,0.565,0.636,1
"6530409C15Rik",0.508954871496059,0.34204979575844,0.261,0.212,1
"Shisa6",0.510097805094918,0.35670162872977,0.652,0.742,1
"Znrf3",0.511731512515032,0.26844768160311,0.522,0.47,1
"Nt5c3",0.512629215696132,0.295699136492796,0.261,0.227,1
"Gpr158",0.512725342222531,-0.362841171922059,0.435,0.485,1
"Cdh8",0.514781047365972,0.287633402476026,0.957,0.939,1
"Vwa8",0.51508243371058,0.309865264106202,0.435,0.439,1
"Vkorc1l1",0.526983598061087,0.256054467831364,0.304,0.273,1
"B230209E15Rik",0.531617694374928,0.349942240696023,0.609,0.591,1
"Nell1",0.533027626982996,-0.25318592581662,0.957,0.909,1
"Srsf1",0.536667486472093,0.250404240071134,0.348,0.333,1
"Zfp160",0.540217979052631,0.323234453560818,0.304,0.288,1
"Tgfbrap1",0.542413346670352,0.335862547366413,0.261,0.212,1
"Tmem241",0.543325387970146,0.363191158161649,0.174,0.121,1
"Vps54",0.543662283198317,0.289142990753492,0.478,0.455,1
"Taok1",0.543991009006161,0.258804717719174,0.522,0.545,1
"Erbb4",0.548459287311778,0.635959684279147,0.13,0.091,1
"Bicd1",0.548732367039021,0.257260390985427,0.826,0.727,1
"Zfp74",0.555760187321654,0.369874397879006,0.348,0.273,1
"Pcp4",0.560734493842448,0.567945551068039,0.304,0.258,1
"Trps1",0.562721426124593,0.383148487917139,0.522,0.606,1
"Srsf5",0.563811482637392,0.337439043670606,0.565,0.53,1
"Hlcs",0.565237149371597,0.351516750477117,0.435,0.394,1
"Dock4",0.567617024368712,0.288545325063414,0.478,0.455,1
"Efcab14",0.570731247319983,0.288988938061454,0.217,0.182,1
"Vps4b",0.570746571361249,0.269246288077666,0.217,0.167,1
"Ift22",0.572587171405759,0.262038091598818,0.13,0.091,1
"Kcnab1",0.577250962558418,0.304257372653293,0.478,0.5,1
"Ssr4",0.579499853627547,0.316736666775585,0.304,0.242,1
"Erc1",0.580060536328056,0.421457118747653,0.522,0.576,1
"Rtn4",0.582610957133287,0.307311015216296,0.826,0.833,1
"Rcan2",0.583381709366864,-0.275992303840532,0.696,0.667,1
"Cfap20",0.58821312374341,0.268292696236384,0.261,0.227,1
"Nptx1",0.589102039529157,0.279271955281837,0.348,0.318,1
"Zfyve26",0.593347171519901,0.341414055522442,0.174,0.136,1
"Il1rap",0.595997524246319,-0.285717303199374,0.609,0.576,1
"Cul4a",0.598884248676882,0.294520983369409,0.261,0.242,1
"Pknox2",0.599399230845014,0.53664724011639,0.435,0.424,1
"Pdgfc",0.604715044289902,0.420077696317444,0.348,0.318,1
"Ankrd42",0.610001095356525,0.334032975962111,0.261,0.197,1
"Slc4a10",0.615837755077074,0.312959051988851,0.87,0.894,1
"Dicer1",0.620536268069698,0.269263157092499,0.348,0.303,1
"Gm10125",0.623382645576687,0.254998619766236,0.261,0.227,1
"Gpr61",0.625393225283311,0.277193065161649,0.174,0.136,1
"Msl2",0.629124571382622,0.269060118550834,0.13,0.197,1
"Scaf8",0.629756400338561,0.285748985084231,0.478,0.47,1
"Tmcc3",0.642957903337084,-0.363690243843811,0.565,0.576,1
"Ube2a",0.647183423085194,0.385750882183983,0.217,0.182,1
"Hspa5",0.653259741990066,0.278916608503456,0.348,0.288,1
"Hspa4l",0.66790917045759,0.312848644594829,0.478,0.485,1
"Nsf",0.674619996989739,0.283546652393,0.739,0.773,1
"Tmem170b",0.674803241952756,-0.263077665683235,0.13,0.152,1
"Tatdn1",0.677833933605077,0.277327506701239,0.348,0.303,1
"Fap",0.688164126899994,0.266715987206361,0.739,0.758,1
"Setdb1",0.694572131771073,0.293612865162421,0.304,0.318,1
"Ppid",0.703449747310753,0.300299256435071,0.217,0.197,1
"Larp4b",0.707962854781731,0.329945595493206,0.391,0.409,1
"Npy",0.710009476928312,0.460935855639805,0.304,0.258,1
"2810004N23Rik",0.713254787721677,0.318247494237219,0.13,0.106,1
"Smchd1",0.718778460452601,0.25719886843981,0.348,0.318,1
"Eif4g2",0.7237214381589,0.321240597407137,0.348,0.424,1
"Uqcrh",0.723959146015249,0.336342808988514,0.261,0.258,1
"Gm44812",0.726041633671641,0.289206627228337,0.13,0.106,1
"Ergic2",0.726344085201564,-0.265841243353433,0.304,0.288,1
"Sncaip",0.730143268559954,0.302019765530611,0.174,0.167,1
"Gm30054",0.733406591764996,0.252242077232907,0.217,0.197,1
"Cisd2",0.745404613843686,0.296468313901591,0.435,0.409,1
"mt-Cytb",0.760654997172025,0.463006532631699,0.609,0.606,1
"Gm16168",0.76279074077242,0.352130585292103,0.174,0.167,1
"Cdh18",0.77883616324472,0.73159742885068,0.435,0.424,1
"Mcph1",0.786625707842676,0.261990989577153,0.304,0.303,1
"Eaf2",0.786625707842676,0.305098571780513,0.304,0.303,1
"Dlc1",0.815850180663586,0.319817439549872,0.609,0.727,1
"Apbb1",0.818894420610226,0.263148268558981,0.261,0.242,1
"B230219D22Rik",0.822275555511911,0.250788471766349,0.304,0.303,1
"Ndufa4",0.826026839826727,0.294118316709931,0.348,0.394,1
"Marf1",0.826486077993115,0.334581694345771,0.261,0.258,1
"Scaper",0.831898467320144,0.310096288435425,0.609,0.818,1
"Htr2c",0.836283998387575,-0.265217965221654,0.435,0.439,1
"Adarb2",0.843121491271881,-0.453614645803724,0.435,0.485,1
"Slc7a14",0.859577294612235,-0.255286128041359,0.391,0.379,1
"Chm",0.861535805084663,0.260911303709746,0.304,0.333,1
"Tmem243",0.870279612130586,0.258542895968784,0.435,0.47,1
"Pde7a",0.878395946460826,0.403632108941147,0.435,0.394,1
"Sirt2",0.893254025334256,0.455838596106604,0.13,0.136,1
"Lpcat2",0.893254025334256,0.327213477191315,0.13,0.136,1
"Fam189a1",0.893383238396511,0.286608448560342,0.348,0.394,1
"Il1rapl2",0.895064102470075,0.281128272011909,0.391,0.409,1
"Trpm3",0.89681665113435,0.403628520863047,0.13,0.152,1
"Gm45182",0.903070394568616,0.25236019322389,0.261,0.258,1
"Psmb7",0.927498670621136,0.319072561125462,0.174,0.182,1
"Snx27",0.950649806970226,0.298259533730626,0.304,0.333,1
"Cyrib",0.958746942703874,0.337705375190754,0.739,0.833,1
"Map7d2",0.972657866765803,0.325050327172792,0.478,0.591,1
"Cnot4",0.973368232791302,0.269673274138907,0.609,0.697,1
"Gm26854",0.985644999887986,0.254225249043197,0.261,0.273,1
"4930533B01Rik",0.993702040587368,0.336132242991999,0.13,0.136,1
"Magi3",1,0.275071661079679,0.609,0.606,1
"Igsf9b",1,0.304797725318982,0.348,0.424,1
