"","X","p_val.x","avg_log2FC.x","pct.1.x","pct.2.x","p_val_adj.x","X.1","Targets.of.Pbx3","X.2","X.3","X.4","avg_log2FC_N4_N1_DEGs","p_val.y","avg_log2FC.y","pct.1.y","pct.2.y","p_val_adj.y","avg_log2FC_N5_N4","N5_N4_sig","color.code"
"1","1700111E14Rik",1.1e-07,0.371703668,0.376,0.304,0.003819256,NA,"","",NA,NA,0.371703668,0.0789177445897719,-0.247235349420765,0.371,0.376,1,-0.247235349420765,"non-sig","#00AFBB"
"2","2210408F21Rik",5.93e-07,-0.172481054,0.439,0.509,0.020664699,NA,"","",NA,NA,-0.172481054,3.07333672120513e-08,0.20101975117083,0.531,0.439,0.00107158031458259,0.20101975117083,"sig","#E7B800"
"3","2900079G21Rik",4.58e-20,0.446934104,0.095,0.02,1.6e-15,NA,"Elf5","Elf5",0,1,0.446934104,1.28446246148088e-16,-0.386678730746834,0.026,0.095,4.4785352644454e-12,-0.386678730746834,"sig","#E7B800"
"4","4930428E07Rik",4.15e-07,0.228166751,0.097,0.052,0.014477772,NA,"","",NA,NA,0.228166751,1.0143026176382e-07,-0.249663346818211,0.05,0.097,0.0035365689369191,-0.249663346818211,"sig","#E7B800"
"5","4930445B16Rik",2.84e-10,-0.286116277,0.245,0.336,9.9e-06,NA,"Tead4","Tead4",0.002898017,1,-0.286116277,4.86981771100167e-08,0.165771653450094,0.331,0.245,0.00169795934129495,0.165771653450094,"sig","#E7B800"
"6","4930555F03Rik",1.66e-11,0.612102145,0.218,0.136,5.79e-07,NA,"Fos","Fos",0.021526985,1,0.612102145,1.62500142425777e-09,-0.548939967790779,0.145,0.218,5.66589246595957e-05,-0.548939967790779,"sig","#E7B800"
"7","6330411D24Rik",1.86e-10,-0.429696114,0.256,0.344,6.48e-06,NA,"Sin3a","Sin3a",0.006239257,1,-0.429696114,8.59867394005557e-09,0.464301187766944,0.331,0.256,0.000299809964267918,0.464301187766944,"sig","#E7B800"
"8","9330158H04Rik",1.9e-08,0.190429981,0.059,0.021,0.00066314,NA,"","",NA,NA,0.190429981,0.000242248435206719,-0.168965408147886,0.033,0.059,1,-0.168965408147886,"non-sig","#00AFBB"
"9","9330162G02Rik",4.21e-07,-0.148863822,0.806,0.905,0.014689612,NA,"","",NA,NA,-0.148863822,4.4724099746618e-11,0.209893044788499,0.887,0.806,1.55939518586533e-06,0.209893044788499,"sig","#E7B800"
"10","A230006K03Rik",1.87e-09,-0.267357413,0.485,0.581,6.51e-05,NA,"","",NA,NA,-0.267357413,4.90104242816189e-13,0.294440451290692,0.603,0.485,1.70884646342721e-08,0.294440451290692,"sig","#E7B800"
"11","A330008L17Rik",1.43e-06,-0.249183317,0.186,0.247,0.049952581,NA,"","",NA,NA,-0.249183317,9.79293690860386e-07,0.205252220652113,0.25,0.186,0.0341450331192291,0.205252220652113,"sig","#E7B800"
"12","A330015K06Rik",5.57e-13,-0.232210389,0.43,0.567,1.94e-08,NA,"Kdm6a","Kdm6a",0.085546277,1,-0.232210389,7.29686201408931e-31,0.472203881435395,0.631,0.43,2.54419687845252e-26,0.472203881435395,"sig","#E7B800"
"13","A330023F24Rik",1.42e-06,-0.126934529,0.616,0.713,0.049505097,NA,"","",NA,NA,-0.126934529,0.020620673379722,0.0284966333631613,0.702,0.616,1,0.0284966333631613,"non-sig","#00AFBB"
"14","A330102I10Rik",5.47e-08,-0.241215625,0.345,0.42,0.001905761,NA,"","",NA,NA,-0.241215625,0.00315648925360924,0.0930229471585799,0.396,0.345,1,0.0930229471585799,"non-sig","#00AFBB"
"15","A430010J10Rik",2.79e-07,-0.194977172,0.076,0.125,0.009717224,NA,"","",NA,NA,-0.194977172,0.000248436145601981,0.106156087909458,0.111,0.076,1,0.106156087909458,"non-sig","#00AFBB"
"16","A530058N18Rik",6.98e-08,-0.17595915,0.111,0.171,0.002433402,NA,"","",NA,NA,-0.17595915,4.293443492634e-06,0.111662634817588,0.164,0.111,0.14969949425767,0.111662634817588,"non-sig","#00AFBB"
"17","A830018L16Rik",2.82e-11,-0.278805138,0.569,0.684,9.84e-07,NA,"Sox2","Sox2",-0.057810129,1,-0.278805138,9.88878627106495e-08,0.209462726254611,0.669,0.569,0.00344792310913222,0.209462726254611,"sig","#E7B800"
"18","A930009A15Rik",1.14e-22,0.507611596,0.09,0.013,3.99e-18,NA,"Pou3f1","Pou3f1",-0.004911632,1,0.507611596,1.61145876882891e-21,-0.504690366176897,0.015,0.09,5.61867328927577e-17,-0.504690366176897,"sig","#E7B800"
"19","Aak1",3.76e-08,-0.190421816,0.654,0.754,0.001312542,NA,"","",NA,NA,-0.190421816,1.14689385165271e-11,0.211777097131616,0.78,0.654,3.99887479255751e-07,0.211777097131616,"sig","#E7B800"
"20","Abca1",2.02e-10,0.261666698,0.121,0.059,7.04e-06,NA,"Nelfa","Nelfa",-0.000444818,1,0.261666698,3.77174691305784e-05,-0.187569545174559,0.08,0.121,1,-0.187569545174559,"non-sig","#00AFBB"
"21","Abi3bp",2.16e-09,0.250127073,0.068,0.025,7.55e-05,NA,"","",NA,NA,0.250127073,8.82385912314617e-09,-0.256075927208346,0.027,0.068,0.000307661496046737,-0.256075927208346,"sig","#E7B800"
"22","Ablim1",3.46e-09,-0.197670156,0.562,0.66,0.000120583,NA,"","",NA,NA,-0.197670156,4.3459499076815e-07,0.156245866379435,0.66,0.562,0.0151530235431131,0.156245866379435,"sig","#E7B800"
"23","Ablim2",9.66e-15,-0.3180495,0.309,0.417,3.37e-10,NA,"Thap1","Thap1",-0.026892451,1,-0.3180495,6.55690304810551e-14,0.250736880658904,0.43,0.309,2.28619538578295e-09,0.250736880658904,"sig","#E7B800"
"24","Ablim3",1.01e-11,0.522762069,0.392,0.304,3.52e-07,NA,"Hand2","#N/A",NA,NA,0.522762069,2.45921480655453e-15,-0.5969918162731,0.294,0.392,8.57454426601368e-11,-0.5969918162731,"sig","#E7B800"
"25","Acsl1",3.54e-07,-0.228339031,0.233,0.298,0.012342425,NA,"","",NA,NA,-0.228339031,1.20254406750427e-11,0.225432421072699,0.334,0.233,4.19291040016715e-07,0.225432421072699,"sig","#E7B800"
"26","Acvr1c",1.78e-09,0.287451632,0.066,0.023,6.19e-05,NA,"","",NA,NA,0.287451632,3.15785531862e-07,-0.253118659509852,0.029,0.066,0.0110104941394324,-0.253118659509852,"sig","#E7B800"
"27","Adam23",1.06e-16,-0.301210732,0.415,0.543,3.69e-12,NA,"Batf","Batf",0.005265468,1,-0.301210732,9.05698575067566e-20,0.30119467182627,0.572,0.415,3.15789922168808e-15,0.30119467182627,"sig","#E7B800"
"28","Adamts17",9.6e-20,-0.443690924,0.292,0.424,3.35e-15,NA,"Nr4a1","Nr4a1",-0.111681864,0.62801869,-0.443690924,2.46115717069667e-10,0.250664116285116,0.392,0.292,8.58131670706808e-06,0.250664116285116,"sig","#E7B800"
"29","Adamts19",1e-42,0.998099936,0.122,0.002,3.49e-38,NA,"Brd2","Brd2",0.065312967,1,0.998099936,7.2507532638379e-40,-0.934749689145676,0.005,0.122,2.52812014050236e-35,-0.934749689145676,"sig","#E7B800"
"30","Adamts3",1.91e-09,0.328231074,0.179,0.109,6.65e-05,NA,"","",NA,NA,0.328231074,4.3856069529293e-05,-0.2715798777589,0.134,0.179,1,-0.2715798777589,"non-sig","#00AFBB"
"31","Adcy1",3.21e-18,-0.365625654,0.305,0.426,1.12e-13,NA,"Zfx","Zfx",0.007684521,1,-0.365625654,1.03549881393942e-11,0.264796850771753,0.405,0.305,3.61047371456257e-07,0.264796850771753,"sig","#E7B800"
"32","Adgrl2",7.9e-09,-0.234657638,0.245,0.33,0.000275287,NA,"","",NA,NA,-0.234657638,5.32527445915444e-07,0.173343383757497,0.322,0.245,0.0185676344567338,0.173343383757497,"sig","#E7B800"
"33","Adgrl3",7.95e-07,-0.128955428,0.845,0.924,0.027711236,NA,"","",NA,NA,-0.128955428,2.88312929827847e-22,0.287114772223645,0.925,0.845,1.00526069243075e-17,0.287114772223645,"sig","#E7B800"
"34","Afap1",3.35e-15,-0.298236684,0.27,0.385,1.17e-10,NA,"Nelfe","Nelfe",0.016429899,1,-0.298236684,2.00153952592745e-17,0.306527427800472,0.402,0.27,6.97876786505125e-13,0.306527427800472,"sig","#E7B800"
"35","Aff2",2.43e-16,-0.36275423,0.41,0.536,8.48e-12,NA,"Trim33","Trim33",0.038004911,1,-0.36275423,1.33163468075438e-18,0.353346649298066,0.56,0.41,4.64301064138631e-14,0.353346649298066,"sig","#E7B800"
"36","Agbl4",2.77e-28,-0.363246432,0.61,0.814,9.65e-24,NA,"Jun","Jun",0.017332122,1,-0.363246432,1.41329203994155e-32,0.41492308393002,0.799,0.61,4.9277253556642e-28,0.41492308393002,"sig","#E7B800"
"37","Ahi1",9.57e-10,0.20326007,0.931,0.935,3.34e-05,NA,"","",NA,NA,0.20326007,0.132047585544443,-0.0580054690940557,0.948,0.931,1,-0.0580054690940557,"non-sig","#00AFBB"
"38","Akap7",2.5e-07,-0.211976773,0.242,0.306,0.008712079,NA,"","",NA,NA,-0.211976773,1.18971720813051e-07,0.170640322065476,0.317,0.242,0.00414818698958864,0.170640322065476,"sig","#E7B800"
"39","Alk",1.44e-26,-0.448013398,0.385,0.569,5.02e-22,NA,"Ssrp1","Ssrp1",-0.013233105,1,-0.448013398,1.87550628400327e-31,0.493373905030565,0.585,0.385,6.53932776043421e-27,0.493373905030565,"sig","#E7B800"
"40","Amigo2",8.83e-07,0.09929915,0.022,0.003,0.030777303,NA,"","",NA,NA,0.09929915,2.414133644785e-06,-0.090426103300087,0.003,0.022,0.0841735977927187,-0.090426103300087,"non-sig","#00AFBB"
"41","Ankfn1",3.27e-07,0.597683679,0.129,0.079,0.011386985,NA,"","",NA,NA,0.597683679,7.98259533210296e-06,-0.576634165537741,0.086,0.129,0.278329151444434,-0.576634165537741,"non-sig","#00AFBB"
"42","Ankrd24",1.81e-07,-0.193690525,0.284,0.358,0.006303755,NA,"","",NA,NA,-0.193690525,1.07950602332555e-05,0.120272555700916,0.356,0.284,0.37639136515292,0.120272555700916,"non-sig","#00AFBB"
"43","Ankrd55",8.55e-07,-0.175117844,0.258,0.325,0.029825755,NA,"","",NA,NA,-0.175117844,6.04668588570836e-09,0.198713846698866,0.346,0.258,0.000210829796776993,0.198713846698866,"sig","#E7B800"
"44","Ankrd6",5.28e-22,0.635100502,0.209,0.095,1.84e-17,NA,"Zmiz1","Zmiz1",0.286728699,0.205207584,0.635100502,4.46477643393421e-19,-0.565364851077458,0.104,0.209,1.55673359921984e-14,-0.565364851077458,"sig","#E7B800"
"45","Ano3",4.41e-13,0.835402313,0.333,0.242,1.54e-08,NA,"Stat5b","Stat5b",0.100118687,1,0.835402313,1.52588643985646e-12,-0.849587923939482,0.25,0.333,5.32030824984753e-08,-0.849587923939482,"sig","#E7B800"
"46","Ano4",9.83e-08,0.443856169,0.585,0.545,0.003427135,NA,"","",NA,NA,0.443856169,1.57523284066783e-05,-0.365790308713577,0.565,0.585,0.549236434555654,-0.365790308713577,"non-sig","#00AFBB"
"47","Ap2b1",4.23e-08,-0.194527704,0.441,0.527,0.001475092,NA,"","",NA,NA,-0.194527704,4.70319245887184e-05,0.125673563663789,0.521,0.441,1,0.125673563663789,"non-sig","#00AFBB"
"48","Apba1",1.22e-10,-0.275334469,0.582,0.684,4.26e-06,NA,"Meis1","Meis1",0.783199203,2.79843e-36,-0.275334469,2.10984147644482e-12,0.226610876922593,0.721,0.582,7.35638427592015e-08,0.226610876922593,"sig","#E7B800"
"49","Apba2",6.14e-10,-0.21021073,0.419,0.519,2.14e-05,NA,"","",NA,NA,-0.21021073,2.05173379467992e-10,0.187307323438075,0.542,0.419,7.15378022191047e-06,0.187307323438075,"sig","#E7B800"
"50","Apbb2",2.75e-10,-0.23639381,0.349,0.44,9.6e-06,NA,"Gata2","Gata2",0,1,-0.23639381,6.07598274457337e-08,0.160084666699492,0.436,0.349,0.0021185129035504,0.160084666699492,"sig","#E7B800"
"51","Apc",3.15e-16,0.624158066,0.859,0.838,1.1e-11,NA,"Pcgf1","Pcgf1",0.038616355,1,0.624158066,3.7176845643677e-15,-0.603604220265295,0.843,0.859,1.29624507705809e-10,-0.603604220265295,"sig","#E7B800"
"52","Apoe",4.74e-23,0.545075545,0.461,0.314,1.65e-18,NA,"Myt1l","Myt1l",0.020225569,1,0.545075545,1.62239460765029e-07,-0.346713744532778,0.399,0.461,0.00565680327849428,-0.346713744532778,"sig","#E7B800"
"53","Arhgap18",6.88e-07,-0.223611062,0.212,0.278,0.023973297,NA,"","",NA,NA,-0.223611062,9.62271765403956e-07,0.19319904387371,0.279,0.212,0.0335515296443397,0.19319904387371,"sig","#E7B800"
"54","Arhgap26",4.1e-09,-0.263231276,0.306,0.389,0.000142969,NA,"","",NA,NA,-0.263231276,2.46312631906128e-16,0.340674696781201,0.432,0.306,8.58818253667095e-12,0.340674696781201,"sig","#E7B800"
"55","Arhgap26.1",3.42e-18,-0.315962889,0.376,0.511,1.19e-13,NA,"Crebbp","Crebbp",0.120023349,1,-0.315962889,3.12423902061534e-13,0.247788525137853,0.503,0.376,1.08932841931795e-08,0.247788525137853,"sig","#E7B800"
"56","Arhgap44",2.25e-11,-0.23333866,0.293,0.391,7.84e-07,NA,"Spi1","Spi1",0.011139126,1,-0.23333866,3.04471711977776e-08,0.172699477492608,0.378,0.293,0.00106160151815291,0.172699477492608,"sig","#E7B800"
"57","Arhgef37",1.96e-07,-0.209127523,0.071,0.12,0.006850871,NA,"","",NA,NA,-0.209127523,0.00369595146315837,0.0557179085884244,0.098,0.071,1,0.0557179085884244,"non-sig","#00AFBB"
"58","Arl4c",4.55e-11,-0.25454817,0.192,0.278,1.59e-06,NA,"Klf15","Klf15",0.011299887,1,-0.25454817,4.14784666495742e-06,0.180727275540527,0.254,0.192,0.14462296966707,0.180727275540527,"non-sig","#00AFBB"
"59","Arnt2",1.8e-22,-0.347917203,0.494,0.658,6.26e-18,NA,"Vdr","Vdr",-0.004111824,1,-0.347917203,4.36826166137072e-28,0.397948818940329,0.681,0.494,1.52308179347013e-23,0.397948818940329,"sig","#E7B800"
"60","Arpp21",1.71e-29,1.026777285,0.539,0.411,5.96e-25,NA,"Dnmt3a","Dnmt3a",-0.002272639,1,1.026777285,7.88143118832262e-37,-1.08017464828729,0.38,0.539,2.74801861243245e-32,-1.08017464828729,"sig","#E7B800"
"61","Asap1",1.2e-14,-0.254162986,0.556,0.692,4.2e-10,NA,"Phf6","Phf6",0.015858558,1,-0.254162986,2.04018359068542e-08,0.165134211174826,0.663,0.556,0.000711350812564285,0.165134211174826,"sig","#E7B800"
"62","Astn2",2.31e-26,-0.395616799,0.641,0.796,8.07e-22,NA,"Dnmt3b","Dnmt3b",0.011119862,1,-0.395616799,1.12557627478641e-18,0.324156070000087,0.774,0.641,3.92454679729779e-14,0.324156070000087,"sig","#E7B800"
"63","Atp10a",1.27e-07,0.197718827,0.043,0.013,0.004435096,NA,"","",NA,NA,0.197718827,1.08610930222503e-08,-0.202576566567552,0.011,0.043,0.000378693730406801,-0.202576566567552,"sig","#E7B800"
"64","Atp13a3",4.64e-07,-0.178575589,0.304,0.37,0.016186131,NA,"","",NA,NA,-0.178575589,0.00014593991608157,0.101389681579636,0.362,0.304,1,0.101389681579636,"non-sig","#00AFBB"
"65","Atp6v0a1",1.15e-07,-0.169605042,0.579,0.666,0.004000925,NA,"","",NA,NA,-0.169605042,0.215663681577185,-0.00233152268093373,0.633,0.579,1,-0.00233152268093373,"non-sig","#00AFBB"
"66","Atp8a2",9.71e-15,-0.266461472,0.511,0.634,3.38e-10,NA,"Erg","Erg",-0.008819774,1,-0.266461472,1.04940067919023e-10,0.205157633737826,0.631,0.511,3.65894534813258e-06,0.205157633737826,"sig","#E7B800"
"67","Atp9a",5.88e-07,-0.152569031,0.351,0.428,0.020513375,NA,"","",NA,NA,-0.152569031,0.00012784630974251,0.120116783961457,0.416,0.351,1,0.120116783961457,"non-sig","#00AFBB"
"68","Atrnl1",1.42e-15,-0.307478308,0.609,0.729,4.95e-11,NA,"Zic2","Zic2",0.001590437,1,-0.307478308,6.8828270061745e-19,0.35084351316232,0.748,0.609,2.39983529224286e-14,0.35084351316232,"sig","#E7B800"
"69","Atxn1",8.32e-15,-0.268797298,0.734,0.839,2.9e-10,NA,"Utf1","Utf1",0,1,-0.268797298,3.67649959116563e-14,0.239058906464065,0.849,0.734,1.28188511245172e-09,0.239058906464065,"sig","#E7B800"
"70","Atxn2",1.65e-07,-0.161615261,0.44,0.516,0.005766216,NA,"","",NA,NA,-0.161615261,0.00676178353890783,0.0359880432046966,0.493,0.44,1,0.0359880432046966,"non-sig","#00AFBB"
"71","Auts2",1.02e-58,0.906432428,0.976,0.956,3.56e-54,NA,"Rara","Rara",0.00944197,1,0.906432428,1.49082473923467e-45,-0.780506599554326,0.965,0.976,5.19805861828954e-41,-0.780506599554326,"sig","#E7B800"
"72","B3galt1",9.11e-07,0.309883795,0.733,0.707,0.031754276,NA,"","",NA,NA,0.309883795,0.000132844627540626,-0.265330704206403,0.728,0.733,1,-0.265330704206403,"non-sig","#00AFBB"
"73","B830012L14Rik",1.32e-06,-0.201271207,0.421,0.489,0.046119086,NA,"","",NA,NA,-0.201271207,5.88678962144022e-09,0.219451490350976,0.521,0.421,0.000205254693730756,0.219451490350976,"sig","#E7B800"
"74","Bach2",1.08e-07,-0.181360785,0.518,0.607,0.003755415,NA,"","",NA,NA,-0.181360785,3.49158077951311e-07,0.170404855002549,0.618,0.518,0.0121740947039283,0.170404855002549,"sig","#E7B800"
"75","Baiap2",2.79e-16,0.438575661,0.166,0.077,9.73e-12,NA,"Kdm1a","Kdm1a",0.031939731,1,0.438575661,6.9645133753273e-09,-0.37692085396874,0.104,0.166,0.000242831687857537,-0.37692085396874,"sig","#E7B800"
"76","Bc1",7.47e-11,-0.2492471,0.283,0.378,2.6e-06,NA,"Ino80","Ino80",0.01796728,1,-0.2492471,0.168314014724415,0.0179896157744158,0.304,0.283,1,0.0179896157744158,"non-sig","#00AFBB"
"77","Bckdhb",3.46e-08,-0.195530289,0.321,0.402,0.001207795,NA,"","",NA,NA,-0.195530289,8.68757199860506e-14,0.228941049513047,0.442,0.321,3.02909572875363e-09,0.228941049513047,"sig","#E7B800"
"78","Bcl9",2.13e-09,-0.223495335,0.263,0.346,7.41e-05,NA,"","",NA,NA,-0.223495335,3.15835919777748e-06,0.125289429102345,0.335,0.263,0.110122510148908,0.125289429102345,"non-sig","#00AFBB"
"79","Bend6",4.15e-08,-0.21155919,0.35,0.433,0.001448133,NA,"","",NA,NA,-0.21155919,8.45893706640138e-07,0.157603660897941,0.434,0.35,0.0294937758694217,0.157603660897941,"sig","#E7B800"
"80","Bmp1",2.77e-07,0.185983262,0.048,0.017,0.009670562,NA,"","",NA,NA,0.185983262,0.000306910186801111,-0.152319012641249,0.025,0.048,1,-0.152319012641249,"non-sig","#00AFBB"
"81","Btbd11",8.19e-28,-0.45686838,0.422,0.601,2.86e-23,NA,"Bach2","Bach2",-0.181360785,0.003755415,-0.45686838,1.63940814424259e-27,0.457715751245029,0.597,0.422,5.71612437653063e-23,0.457715751245029,"sig","#E7B800"
"82","C130073E24Rik",3.33e-19,0.709308679,0.263,0.146,1.16e-14,NA,"Klf1","Klf1",-0.001376039,1,0.709308679,1.04516996168852e-15,-0.668834923295781,0.159,0.263,3.64419410541937e-11,-0.668834923295781,"sig","#E7B800"
"83","C79798",8.88e-41,0.755513005,0.16,0.023,3.09e-36,NA,"Setdb1","Setdb1",0.062232808,1,0.755513005,1.95795600481816e-30,-0.623475054810008,0.039,0.16,6.8268052019995e-26,-0.623475054810008,"sig","#E7B800"
"84","Cabp1",4.32e-09,-0.22952426,0.21,0.288,0.000150555,NA,"","",NA,NA,-0.22952426,9.39335208438821e-10,0.193257740571498,0.295,0.21,3.27518007126364e-05,0.193257740571498,"sig","#E7B800"
"85","Cacna1a",2.34e-36,-0.434289968,0.731,0.882,8.17e-32,NA,"Twist2","Twist2",0.006982203,1,-0.434289968,1.08801002272433e-12,0.24076265539343,0.847,0.731,3.79356454623292e-08,0.24076265539343,"sig","#E7B800"
"86","Cacna1b",3.49e-08,-0.189673989,0.518,0.601,0.001217056,NA,"","",NA,NA,-0.189673989,2.64257906063247e-14,0.247212191462053,0.655,0.518,9.21388041070724e-10,0.247212191462053,"sig","#E7B800"
"87","Cacna1c",8.47e-24,0.808230655,0.826,0.793,2.95e-19,NA,"Med23","Med23",0.068464958,1,0.808230655,3.80595737223455e-24,-0.801380871605097,0.817,0.826,1.32702315697702e-19,-0.801380871605097,"sig","#E7B800"
"88","Cacna1d",3e-08,0.278671964,0.814,0.806,0.001047018,NA,"","",NA,NA,0.278671964,0.389811509285003,-0.119063214010314,0.838,0.814,1,-0.119063214010314,"non-sig","#00AFBB"
"89","Cacna1e",4.24e-11,0.517729059,0.476,0.382,1.48e-06,NA,"Lhx6","Lhx6",-0.124546429,1,0.517729059,6.53970477712217e-08,-0.478712694052555,0.417,0.476,0.00228019886463919,-0.478712694052555,"sig","#E7B800"
"90","Cacna2d1",5.63e-31,0.823919602,0.558,0.411,1.96e-26,NA,"Rela","Rela",0.025277715,1,0.823919602,5.33542923665802e-37,-0.866715998543192,0.38,0.558,1.86030411194555e-32,-0.866715998543192,"sig","#E7B800"
"91","Cacna2d2",7.83e-11,-0.27082431,0.29,0.393,2.73e-06,NA,"Tcf3","Tcf3",0.009084053,1,-0.27082431,8.10966220225989e-08,0.18274372901051,0.382,0.29,0.00282759592006196,0.18274372901051,"sig","#E7B800"
"92","Cacna2d3",1.88e-15,-0.381740688,0.409,0.541,6.54e-11,NA,"Tbr1","Tbr1",-0.003375252,1,-0.381740688,2.83478228846116e-18,0.40256112781725,0.55,0.409,9.88403540517754e-14,0.40256112781725,"sig","#E7B800"
"93","Cacng2",1.39e-07,-0.18711926,0.402,0.485,0.004859228,NA,"","",NA,NA,-0.18711926,0.0692624915188413,0.0395727359161799,0.442,0.402,1,0.0395727359161799,"non-sig","#00AFBB"
"94","Cacng5",3.37e-15,0.328938862,0.114,0.041,1.18e-10,NA,"Hoxd13","#N/A",NA,NA,0.328938862,1.99503553823366e-09,-0.2764882803335,0.057,0.114,6.95609041115929e-05,-0.2764882803335,"sig","#E7B800"
"95","Cadm1",5.82e-07,-0.179959749,0.679,0.76,0.020300269,NA,"","",NA,NA,-0.179959749,9.83754217026144e-08,0.185679503971777,0.785,0.679,0.00343005582850506,0.185679503971777,"sig","#E7B800"
"96","Cadm2",2.15e-12,0.324133746,0.973,0.972,7.48e-08,NA,"Rag2","Rag2",0.00277328,1,0.324133746,1.17332132915832e-08,-0.261543192008744,0.968,0.973,0.000409101947837632,-0.261543192008744,"sig","#E7B800"
"97","Calb2",2.63e-10,0.462787244,0.133,0.069,9.18e-06,NA,"Batf3","Batf3",0.011574005,1,0.462787244,6.82061006164779e-09,-0.404765499610628,0.074,0.133,0.000237814211019473,-0.404765499610628,"sig","#E7B800"
"98","Caln1",1.5e-18,-0.423579814,0.254,0.389,5.24e-14,NA,"Kat5","Kat5",-0.046386385,1,-0.423579814,3.05781282572308e-10,0.2718517501488,0.352,0.254,1.06616759794487e-05,0.2718517501488,"sig","#E7B800"
"99","Ccdc136",1e-08,-0.228814143,0.338,0.413,0.0003502,NA,"","",NA,NA,-0.228814143,6.88245905261511e-07,0.168344883794291,0.412,0.338,0.0239970699787531,0.168344883794291,"sig","#E7B800"
"100","Ccn4",9.15e-07,0.106391869,0.043,0.014,0.031913304,NA,"","",NA,NA,0.106391869,0.00025287679563235,-0.0933520704347728,0.021,0.043,1,-0.0933520704347728,"non-sig","#00AFBB"
"101","Ccser1",3.66e-07,-0.163372607,0.863,0.945,0.012770942,NA,"","",NA,NA,-0.163372607,3.41838683452298e-12,0.208692842472707,0.944,0.863,1.19188893759313e-07,0.208692842472707,"sig","#E7B800"
"102","Cdh11",5.27e-10,-0.246571538,0.355,0.445,1.84e-05,NA,"Hnf4a","Hnf4a",0,1,-0.246571538,2.72099681689546e-13,0.258445839199266,0.476,0.355,9.48729960146939e-09,0.258445839199266,"sig","#E7B800"
"103","Cdh13",3e-07,-0.398546767,0.411,0.489,0.01044615,NA,"","",NA,NA,-0.398546767,4.86117311240997e-07,0.267503182215362,0.5,0.411,0.0169494522910398,0.267503182215362,"sig","#E7B800"
"104","Cdh9",6.38e-12,-0.338345643,0.291,0.396,2.22e-07,NA,"Mllt3","Mllt3",0.021335329,1,-0.338345643,1.47400562938173e-17,0.564716711475869,0.419,0.291,5.13941542796528e-13,0.564716711475869,"sig","#E7B800"
"105","Cdk14",4e-34,0.705930968,0.657,0.511,1.39e-29,NA,"Onecut1","Onecut1",0,1,0.705930968,7.70435000025928e-21,-0.537331354973754,0.559,0.657,2.6862757145904e-16,-0.537331354973754,"sig","#E7B800"
"106","Celf2",3.57e-49,0.953269091,0.972,0.96,1.24e-44,NA,"Rcor2","Rcor2",8.80549e-05,1,0.953269091,1.97874049393313e-39,-0.852607777078123,0.966,0.972,6.89927448019665e-35,-0.852607777078123,"sig","#E7B800"
"107","Celf4",1.06e-14,0.414347396,0.828,0.785,3.68e-10,NA,"Myc","Myc",0.003095669,1,0.414347396,1.24815468003837e-15,-0.409922664810847,0.792,0.828,4.3519409228898e-11,-0.409922664810847,"sig","#E7B800"
"108","Cemip",4.85e-13,-0.445043134,0.254,0.354,1.69e-08,NA,"Med12","Med12",0.033045878,1,-0.445043134,2.58866816066612e-12,0.463140680637639,0.349,0.254,9.02590927579455e-08,0.463140680637639,"sig","#E7B800"
"109","Chl1",3.22e-22,-0.372174944,0.458,0.619,1.12e-17,NA,"Ubtf","Ubtf",-0.005568709,1,-0.372174944,1.52145167049227e-21,0.373639271474167,0.622,0.458,5.3048455395054e-17,0.373639271474167,"sig","#E7B800"
"110","Chn2",5.1e-08,0.329066185,0.272,0.198,0.00177772,NA,"","",NA,NA,0.329066185,1.04883219434215e-06,-0.294384616443491,0.21,0.272,0.0365696321201278,-0.294384616443491,"sig","#E7B800"
"111","Chrm2",7.02e-13,0.703444533,0.229,0.141,2.45e-08,NA,"Mef2c","Mef2c",-0.015336512,1,0.703444533,8.014579113904e-14,-0.78630158933996,0.138,0.229,2.79444329964491e-09,-0.78630158933996,"sig","#E7B800"
"112","Chrna10",3.82e-07,0.090820746,0.017,0,0.013325193,NA,"","",NA,NA,0.090820746,1.36382795160337e-06,-0.0896351928720315,0.001,0.017,0.0475525891885545,-0.0896351928720315,"sig","#E7B800"
"113","Chst11",8.45e-08,0.323701578,0.153,0.097,0.00294511,NA,"","",NA,NA,0.323701578,3.46778384986057e-05,-0.276023193031392,0.11,0.153,1,-0.276023193031392,"non-sig","#00AFBB"
"114","Chsy3",3.04e-08,0.441002366,0.548,0.491,0.001058731,NA,"","",NA,NA,0.441002366,1.45054414028981e-08,-0.385641732539697,0.482,0.548,0.000505761225394849,-0.385641732539697,"sig","#E7B800"
"115","Cit",1.35e-12,-0.291747306,0.557,0.662,4.71e-08,NA,"Pax5","Pax5",0.006818255,1,-0.291747306,2.56922269801314e-06,0.174507856637573,0.653,0.557,0.0895810878116242,0.174507856637573,"non-sig","#00AFBB"
"116","Ckb",2.02e-12,0.343823509,0.765,0.716,7.04e-08,NA,"Arnt2","Arnt2",-0.347917203,6.26434e-18,0.343823509,8.48022392268035e-15,-0.370251320764695,0.731,0.765,2.95679967512096e-10,-0.370251320764695,"sig","#E7B800"
"117","Clmp",1.14e-08,-0.225680521,0.301,0.383,0.000397738,NA,"","",NA,NA,-0.225680521,2.12586651330243e-06,0.130292049201159,0.379,0.301,0.0741225877193159,0.130292049201159,"non-sig","#00AFBB"
"118","Clstn3",9.66e-17,-0.306122629,0.431,0.547,3.37e-12,NA,"Tox","Tox",-0.279139913,1,-0.306122629,0.000391850877661417,0.0888777339748399,0.493,0.431,1,0.0888777339748399,"non-sig","#00AFBB"
"119","Cntn3",4.99e-12,-0.241680943,0.52,0.645,1.74e-07,NA,"Suz12","Suz12",0.025035457,1,-0.241680943,1.64396891775723e-16,0.319277591010079,0.661,0.52,5.73202642554413e-12,0.319277591010079,"sig","#E7B800"
"120","Cntn4",9.1e-28,-0.566586447,0.572,0.742,3.17e-23,NA,"Setd1a","Setd1a",0.004074305,1,-0.566586447,1.58223767256448e-36,0.684480832125048,0.764,0.572,5.51678809293058e-32,0.684480832125048,"sig","#E7B800"
"121","Cntn5",2.31e-09,-0.274544588,0.692,0.775,8.07e-05,NA,"","",NA,NA,-0.274544588,7.92522717734335e-18,0.471336406953904,0.789,0.692,2.76328895992431e-13,0.471336406953904,"sig","#E7B800"
"122","Cntn6",9.43e-15,-0.325765652,0.453,0.58,3.29e-10,NA,"Nsd3","Nsd3",0.01427397,1,-0.325765652,6.6395240800758e-29,0.541668623830808,0.628,0.453,2.31500286100003e-24,0.541668623830808,"sig","#E7B800"
"123","Cntnap2",2.95e-17,-0.224114647,0.922,0.973,1.03e-12,NA,"Irf4","Irf4",0.002420862,1,-0.224114647,1.03743404208251e-26,0.410676871281327,0.954,0.922,3.6172212745291e-22,0.410676871281327,"sig","#E7B800"
"124","Cntnap5a",4.15e-32,-0.499141225,0.505,0.709,1.45e-27,NA,"Hdac2","Hdac2",0.110515552,1,-0.499141225,1.89359559674572e-39,0.621249313597052,0.714,0.505,6.6023997671733e-35,0.621249313597052,"sig","#E7B800"
"125","Col19a1",1.11e-31,-0.550318558,0.372,0.558,3.87e-27,NA,"Rxra","Rxra",-0.028520928,1,-0.550318558,2.34904649914161e-37,0.601854505921738,0.579,0.372,8.19042042855706e-33,0.601854505921738,"sig","#E7B800"
"126","Col26a1",3.48e-14,-0.331554778,0.154,0.248,1.21e-09,NA,"Hnrnpu","Hnrnpu",-0.015874028,1,-0.331554778,7.48365525492027e-06,0.146230426313151,0.211,0.154,0.260932607773305,0.146230426313151,"non-sig","#00AFBB"
"127","Coro6",4.43e-13,-0.280043037,0.21,0.307,1.55e-08,NA,"Notch1","Notch1",-0.01330147,1,-0.280043037,7.06740917213639e-08,0.171829942235616,0.286,0.21,0.0024641935560488,0.171829942235616,"sig","#E7B800"
"128","Cpa6",4e-59,1.943656723,0.185,0.013,1.39e-54,NA,"Kdm5a","Kdm5a",0.010501176,1,1.943656723,2.2437304068037e-53,-1.85510675198486,0.021,0.185,7.82321480940245e-49,-1.85510675198486,"sig","#E7B800"
"129","Cpeb1",1.97e-08,-0.244679705,0.304,0.375,0.000686877,NA,"","",NA,NA,-0.244679705,2.52553397188538e-12,0.25853296852381,0.405,0.304,8.80577929977276e-08,0.25853296852381,"sig","#E7B800"
"130","Cpeb2",3.01e-07,-0.200855188,0.232,0.301,0.010510217,NA,"","",NA,NA,-0.200855188,1.31992645052726e-10,0.190505930814883,0.325,0.232,4.60218755505338e-06,0.190505930814883,"sig","#E7B800"
"131","Cpne4",1.95e-29,1.16474686,0.42,0.274,6.79e-25,NA,"Lmnb1","Lmnb1",-0.025745123,1,1.16474686,1.69689366551974e-32,-1.13744294203357,0.258,0.42,5.91655914356769e-28,-1.13744294203357,"sig","#E7B800"
"132","Cpne6",6.52e-17,0.705868837,0.253,0.148,2.27e-12,NA,"Dppa4","#N/A",NA,NA,0.705868837,1.11960144382441e-14,-0.715059538754691,0.16,0.253,3.90371435418256e-10,-0.715059538754691,"sig","#E7B800"
"133","Cracdl",4.21e-13,0.38591459,0.166,0.087,1.47e-08,NA,"Dmc1","Dmc1",0.0002648,1,0.38591459,2.96366944590228e-13,-0.380194812127991,0.087,0.166,1.03334262570275e-08,-0.380194812127991,"sig","#E7B800"
"134","Crhr1",2.51e-10,0.258564905,0.061,0.018,8.75e-06,NA,"Nr3c1","Nr3c1",-0.172926326,0.247454598,0.258564905,3.08910599165616e-13,-0.277842817637978,0.013,0.061,1.07707858611075e-08,-0.277842817637978,"sig","#E7B800"
"135","Csgalnact1",6.83e-21,0.712114806,0.216,0.105,2.38e-16,NA,"Nr5a2","Nr5a2",0,1,0.712114806,4.26365102044933e-21,-0.739920335430859,0.106,0.216,1.48660720130007e-16,-0.739920335430859,"sig","#E7B800"
"136","Csmd1",1.87e-25,-0.348007402,0.869,0.963,6.54e-21,NA,"Six2","Six2",0,1,-0.348007402,4.09221055886587e-31,0.387861097272777,0.932,0.869,1.42683105555976e-26,0.387861097272777,"sig","#E7B800"
"137","Cst3",1.98e-13,0.387048353,0.634,0.541,6.91e-09,NA,"Nfkb1","Nfkb1",0.007728426,1,0.387048353,0.312258636157075,-0.0312411829728916,0.679,0.634,1,-0.0312411829728916,"non-sig","#00AFBB"
"138","Ctbp2",2.78e-07,0.204224867,0.1,0.053,0.009703541,NA,"","",NA,NA,0.204224867,0.0246452780904982,-0.144227936608631,0.08,0.1,1,-0.144227936608631,"non-sig","#00AFBB"
"139","Ctnnd2",1.14e-11,-0.180139912,0.897,0.959,3.96e-07,NA,"Tal1","Tal1",-0.002792648,1,-0.180139912,9.78692083002983e-28,0.31531208037197,0.948,0.897,3.4124056858065e-23,0.31531208037197,"sig","#E7B800"
"140","Cux2",9.03e-14,-0.301240546,0.323,0.429,3.15e-09,NA,"Mta2","Mta2",0.02719065,1,-0.301240546,4.26195984930025e-07,0.168842100254309,0.406,0.323,0.0148601754065552,0.168842100254309,"sig","#E7B800"
"141","Cyria",2.53e-08,-0.190825175,0.376,0.46,0.000881166,NA,"","",NA,NA,-0.190825175,0.00116185253982908,0.0427276336159264,0.44,0.376,1,0.0427276336159264,"non-sig","#00AFBB"
"142","Cyth3",1.06e-06,-0.197444189,0.24,0.304,0.037077078,NA,"","",NA,NA,-0.197444189,3.89984320882483e-09,0.18217111564329,0.327,0.24,0.000135975833162095,0.18217111564329,"sig","#E7B800"
"143","D430041D05Rik",8.77e-10,-0.25153185,0.452,0.551,3.06e-05,NA,"","",NA,NA,-0.25153185,1.38735676384393e-11,0.250121234733859,0.57,0.452,4.83729682849462e-07,0.250121234733859,"sig","#E7B800"
"144","Dcx",9.59e-27,0.710253823,0.496,0.343,3.34e-22,NA,"Hoxb5","#N/A",NA,NA,0.710253823,1.26739086687037e-09,-0.475603501379442,0.432,0.496,4.41901173551691e-05,-0.475603501379442,"sig","#E7B800"
"145","Ddo",5.78e-07,0.107610491,0.026,0.004,0.020168875,NA,"","",NA,NA,0.107610491,0.000351257107068925,-0.0891054706012591,0.009,0.026,1,-0.0891054706012591,"non-sig","#00AFBB"
"146","Ddx17",3.12e-07,0.251042704,0.623,0.553,0.010879456,NA,"","",NA,NA,0.251042704,1.06905309811282e-05,-0.24282934319063,0.588,0.623,0.372746743718997,-0.24282934319063,"non-sig","#00AFBB"
"147","Ddx5",1.73e-24,0.476028815,0.762,0.661,6.03e-20,NA,"Smad3","Smad3",0.103675733,1,0.476028815,1.52294699195421e-24,-0.484425003968797,0.683,0.762,5.31005927684674e-20,-0.484425003968797,"sig","#E7B800"
"148","Dgkb",1.46e-27,1.206913456,0.601,0.501,5.07e-23,NA,"Maz","Maz",0.037121709,1,1.206913456,1.21749433860353e-29,-1.15716818404424,0.483,0.601,4.24503751040891e-25,-1.15716818404424,"sig","#E7B800"
"149","Dgki",8.26e-12,0.447076799,0.739,0.697,2.88e-07,NA,"Nrf1","Nrf1",0.021566208,1,0.447076799,1.747598409859e-05,-0.318648767682488,0.731,0.739,0.609335137565539,-0.318648767682488,"non-sig","#00AFBB"
"150","Dip2c",3.83e-12,0.279933397,0.821,0.782,1.34e-07,NA,"Jph2","Jph2",0.002759446,1,0.279933397,0.00456530891466045,-0.14199994391374,0.836,0.821,1,-0.14199994391374,"non-sig","#00AFBB"
"151","Dlg1",8e-09,0.382482334,0.44,0.368,0.000278846,NA,"","",NA,NA,0.382482334,1.31296141722798e-09,-0.397736073964386,0.371,0.44,4.5779025734488e-05,-0.397736073964386,"sig","#E7B800"
"152","Dlg2",1.76e-08,0.183205699,0.972,0.979,0.000614724,NA,"","",NA,NA,0.183205699,0.0841124919934807,-0.0683744048911645,0.961,0.972,1,-0.0683744048911645,"non-sig","#00AFBB"
"153","Dnah11",4.89e-13,0.368006218,0.062,0.013,1.7e-08,NA,"Etv5","Etv5",-0.14859022,0.009434039,0.368006218,1.01367888730007e-12,-0.361439739477318,0.014,0.062,3.53439417634916e-08,-0.361439739477318,"sig","#E7B800"
"154","Dnaja2",2.87e-07,-0.150676881,0.452,0.536,0.010023929,NA,"","",NA,NA,-0.150676881,0.747437363818848,-0.0561842332262457,0.474,0.452,1,-0.0561842332262457,"non-sig","#00AFBB"
"155","Dnajc6",3.25e-13,-0.267044858,0.55,0.663,1.13e-08,NA,"Kdm5c","Kdm5c",0.068409762,1,-0.267044858,1.96025272317188e-07,0.143926753092835,0.665,0.55,0.00683481316988339,0.143926753092835,"sig","#E7B800"
"156","Dner",2.23e-11,-0.242925307,0.553,0.669,7.76e-07,NA,"Nr6a1","Nr6a1",-0.130857615,1,-0.242925307,2.36200546149587e-13,0.261276077338543,0.684,0.553,8.23560444259765e-09,0.261276077338543,"sig","#E7B800"
"157","Dock10",1.27e-40,0.976331205,0.374,0.184,4.43e-36,NA,"Rai1","Rai1",-0.126418061,0.461363507,0.976331205,2.78183436662924e-22,-0.778329128227355,0.242,0.374,9.69942188612617e-18,-0.778329128227355,"sig","#E7B800"
"158","Dock2",2.39e-15,0.320983388,0.079,0.019,8.34e-11,NA,"Myog","Myog",0,1,0.320983388,1.58049567822137e-12,-0.259306979132471,0.024,0.079,5.51071428125444e-08,-0.259306979132471,"sig","#E7B800"
"159","Dock4",1.13e-10,-0.420603322,0.54,0.617,3.92e-06,NA,"Sinhcaf","Sinhcaf",-0.006336599,1,-0.420603322,1.27382544917463e-20,0.687640874755629,0.657,0.54,4.4414471936372e-16,0.687640874755629,"sig","#E7B800"
"160","Dock7",1.64e-10,-0.208864343,0.491,0.59,5.71e-06,NA,"Rbfox2","Rbfox2",0.155059939,1,-0.208864343,1.682488464711e-14,0.252955663775896,0.626,0.491,5.86633252990784e-10,0.252955663775896,"sig","#E7B800"
"161","Dock9",8.25e-10,-0.229666435,0.347,0.438,2.88e-05,NA,"","",NA,NA,-0.229666435,2.22921005053758e-09,0.175350985350697,0.45,0.347,7.77258668320937e-05,0.175350985350697,"sig","#E7B800"
"162","Dok5",4.44e-08,-0.225292398,0.121,0.181,0.001549264,NA,"","",NA,NA,-0.225292398,2.92341580175985e-07,0.172203006135062,0.18,0.121,0.0101930738759961,0.172203006135062,"sig","#E7B800"
"163","Dpf3",1.32e-08,0.228811571,0.105,0.052,0.000459793,NA,"","",NA,NA,0.228811571,0.000898020472774602,-0.19579103028622,0.074,0.105,1,-0.19579103028622,"non-sig","#00AFBB"
"164","Dpp10",3.86e-07,0.273013362,0.869,0.872,0.013459489,NA,"","",NA,NA,0.273013362,2.96019077193672e-07,-0.282296691853096,0.875,0.869,0.0103212971645118,-0.282296691853096,"sig","#E7B800"
"165","Dpp6",2.64e-22,0.864542613,0.92,0.919,9.21e-18,NA,"Fbxl19","Fbxl19",-0.043708131,1,0.864542613,1.78293548002569e-19,-0.858078045587304,0.914,0.92,6.21656113820557e-15,-0.858078045587304,"sig","#E7B800"
"166","Dpyd",3.12e-07,0.224240173,0.065,0.028,0.010863587,NA,"","",NA,NA,0.224240173,0.0303664248309895,-0.16699304705367,0.049,0.065,1,-0.16699304705367,"non-sig","#00AFBB"
"167","Dscam",9.13e-07,0.432289378,0.588,0.553,0.031839674,NA,"","",NA,NA,0.432289378,0.00153266435950354,-0.266223918780662,0.562,0.588,1,-0.266223918780662,"non-sig","#00AFBB"
"168","Dst",3.08e-33,-0.379546081,0.69,0.868,1.08e-28,NA,"Mafg","Mafg",-0.121058568,1,-0.379546081,1.94594613472851e-12,0.211379986095108,0.821,0.69,6.7849303879579e-08,0.211379986095108,"sig","#E7B800"
"169","Dtna",8.53e-08,-0.141982858,0.498,0.594,0.002972902,NA,"","",NA,NA,-0.141982858,1.5567885580008e-07,0.143587459843734,0.603,0.498,0.00542805466518139,0.143587459843734,"sig","#E7B800"
"170","Dusp10",8.88e-07,-0.165903319,0.112,0.166,0.030953476,NA,"","",NA,NA,-0.165903319,3.96784153854713e-05,0.093697281739208,0.159,0.112,1,0.093697281739208,"non-sig","#00AFBB"
"171","Dync1i1",1.42e-17,0.786980838,0.698,0.648,4.95e-13,NA,"Mtf2","Mtf2",0.05651709,1,0.786980838,7.70791257038876e-15,-0.770399877307925,0.673,0.698,2.68751787591745e-10,-0.770399877307925,"sig","#E7B800"
"172","E130308A19Rik",5.54e-08,0.264702008,0.204,0.137,0.001931862,NA,"","",NA,NA,0.264702008,0.00457572923265572,-0.166355546232494,0.171,0.204,1,-0.166355546232494,"non-sig","#00AFBB"
"173","E230016M11Rik",5.2e-10,-0.235637663,0.204,0.288,1.81e-05,NA,"Top2b","Top2b",0.083505538,1,-0.235637663,2.88352264436135e-10,0.177277668788946,0.297,0.204,1.00539784040947e-05,0.177277668788946,"sig","#E7B800"
"174","Echdc2",1.31e-42,0.433508811,0.158,0.019,4.58e-38,NA,"Satb1","Satb1",-0.231897902,0.000126113,0.433508811,1.28704600647933e-43,-0.43661766992351,0.018,0.158,4.48754331079149e-39,-0.43661766992351,"sig","#E7B800"
"175","Edil3",1.11e-08,-0.174072912,0.622,0.727,0.000388256,NA,"","",NA,NA,-0.174072912,8.44071955736876e-09,0.196816688835614,0.738,0.622,0.000294302568806777,0.196816688835614,"sig","#E7B800"
"176","Egfem1",5.65e-17,-0.39438771,0.376,0.522,1.97e-12,NA,"Rest","Rest",0.037981264,1,-0.39438771,1.06591982789536e-07,0.313929328766193,0.463,0.376,0.00371654266392276,0.313929328766193,"sig","#E7B800"
"177","Egfr",4.64e-10,-0.512416353,0.173,0.251,1.62e-05,NA,"Pgr","Pgr",-0.047623647,1,-0.512416353,3.06439819088535e-07,0.397368816754614,0.238,0.173,0.01068463717216,0.397368816754614,"sig","#E7B800"
"178","Elavl2",2.29e-40,-0.49044078,0.536,0.757,7.98e-36,NA,"Foxa2","#N/A",NA,NA,-0.49044078,2.07369217816471e-40,0.479215805909101,0.761,0.536,7.23034251760689e-36,0.479215805909101,"sig","#E7B800"
"179","Elavl4",1.04e-11,-0.248887079,0.341,0.441,3.64e-07,NA,"Sp1","Sp1",0.095358862,1,-0.248887079,9.91167536516556e-11,0.226170264252241,0.449,0.341,3.45590384957228e-06,0.226170264252241,"sig","#E7B800"
"180","Elmo1",5.48e-13,0.433338214,0.395,0.291,1.91e-08,NA,"Tgif1","Tgif1",0.001053006,1,0.433338214,4.37299306415418e-07,-0.340303542402521,0.331,0.395,0.0152473149167864,-0.340303542402521,"sig","#E7B800"
"181","Eml5",1.06e-08,0.445406021,0.659,0.619,0.000370726,NA,"","",NA,NA,0.445406021,1.13671499367569e-07,-0.407444142050672,0.624,0.659,0.00396338416844903,-0.407444142050672,"sig","#E7B800"
"182","ENSMUSG00000120164",2.77e-10,-0.25183352,0.33,0.431,9.66e-06,NA,"Ezh2","Ezh2",0.013628441,1,-0.25183352,4.37498809130157e-13,0.245664198827063,0.454,0.33,1.52542709779412e-08,0.245664198827063,"sig","#E7B800"
"183","ENSMUSG00000120491",9.34e-19,0.340289395,0.054,0.001,3.26e-14,NA,"Jarid2","Jarid2",0.263749568,1,0.340289395,1.00033216673005e-17,-0.333260636239354,0.003,0.054,3.48785816573767e-13,-0.333260636239354,"sig","#E7B800"
"184","Epb41l1",3.1e-10,-0.216731819,0.434,0.529,1.08e-05,NA,"Dpep2","Dpep2",0,1,-0.216731819,0.0067118089308442,0.047033411041919,0.491,0.434,1,0.047033411041919,"non-sig","#00AFBB"
"185","Epb41l3",3.11e-07,0.29015509,0.602,0.553,0.010838898,NA,"","",NA,NA,0.29015509,0.00390770718191251,-0.224678845564475,0.608,0.602,1,-0.224678845564475,"non-sig","#00AFBB"
"186","Epha3",5.25e-07,0.424431068,0.401,0.342,0.018307323,NA,"","",NA,NA,0.424431068,4.6060885056339e-05,-0.306887837265564,0.357,0.401,1,-0.306887837265564,"non-sig","#00AFBB"
"187","Epha5",2.2e-15,0.72282167,0.769,0.758,7.67e-11,NA,"Phf5a","Phf5a",0.047744228,1,0.72282167,5.8596203622836e-16,-0.715571742075538,0.762,0.769,2.04307383171742e-11,-0.715571742075538,"sig","#E7B800"
"188","Epha7",1.54e-08,-0.209186552,0.307,0.395,0.000535987,NA,"","",NA,NA,-0.209186552,5.96543099885599e-06,0.142231970441145,0.38,0.307,0.207996682637112,0.142231970441145,"non-sig","#00AFBB"
"189","Erbb4",1.14e-15,-0.286429639,0.85,0.906,3.98e-11,NA,"Runx3","Runx3",-0.001403839,1,-0.286429639,7.67407830026932e-27,0.456656394804437,0.895,0.85,2.6757208809549e-22,0.456656394804437,"sig","#E7B800"
"190","Erc1",6.79e-07,-0.208646383,0.399,0.474,0.023681884,NA,"","",NA,NA,-0.208646383,1.07631532234429e-16,0.276931877301791,0.54,0.399,3.75278863441783e-12,0.276931877301791,"sig","#E7B800"
"191","Erc2",1.34e-07,-0.113409785,0.812,0.904,0.00465935,NA,"","",NA,NA,-0.113409785,2.47021116532191e-07,0.122991999885273,0.896,0.812,0.00861288527012791,0.122991999885273,"sig","#E7B800"
"192","Etl4",5.64e-19,-0.260330974,0.733,0.866,1.97e-14,NA,"Hcfc1","Hcfc1",-0.00562452,1,-0.260330974,1.14626173978362e-18,0.303219612629972,0.855,0.733,3.99667080810356e-14,0.303219612629972,"sig","#E7B800"
"193","Etv1",2.6e-14,0.509000536,0.18,0.095,9.06e-10,NA,"Kdm4a","Kdm4a",0.013895901,1,0.509000536,3.68741830078838e-07,-0.297831221687643,0.124,0.18,0.0128569213893589,-0.297831221687643,"sig","#E7B800"
"194","Etv5",2.71e-07,-0.14859022,0.147,0.213,0.009434039,NA,"","",NA,NA,-0.14859022,0.642959640867555,-0.0557596973845463,0.155,0.147,1,-0.0557596973845463,"non-sig","#00AFBB"
"195","Eya2",1.16e-10,0.17462516,0.032,0.002,4.05e-06,NA,"Znf281","#N/A",NA,NA,0.17462516,3.05649826015597e-11,-0.174204937158267,0.001,0.032,1.06570924836858e-06,-0.174204937158267,"sig","#E7B800"
"196","Eya4",3.31e-10,-0.375826013,0.199,0.282,1.15e-05,NA,"Rybp","Rybp",0.104935096,1,-0.375826013,3.14890259212667e-11,0.372136581731714,0.29,0.199,1.0979278667968e-06,0.372136581731714,"sig","#E7B800"
"197","Fam135b",3.13e-14,-0.325814602,0.415,0.541,1.09e-09,NA,"Smc5","Smc5",0.068866974,1,-0.325814602,3.2637050261416e-20,0.428796670705325,0.562,0.415,1.13795603146479e-15,0.428796670705325,"sig","#E7B800"
"198","Fam171b",3.62e-09,0.393029335,0.62,0.554,0.000126356,NA,"","",NA,NA,0.393029335,1.15679219893554e-08,-0.378872188843634,0.574,0.62,0.000403338736002855,-0.378872188843634,"sig","#E7B800"
"199","Fam184a",1.58e-23,0.698539039,0.394,0.256,5.52e-19,NA,"Gfi1","#N/A",NA,NA,0.698539039,5.78989871652255e-29,-0.74977254640237,0.244,0.394,2.01876398548992e-24,-0.74977254640237,"sig","#E7B800"
"200","Fam189a1",2.07e-07,-0.178478515,0.428,0.515,0.007200907,NA,"","",NA,NA,-0.178478515,5.85491822814324e-09,0.199979068690579,0.533,0.428,0.00020414343386067,0.199979068690579,"sig","#E7B800"
"201","Fancl",1.26e-07,0.240809593,0.105,0.056,0.004392644,NA,"","",NA,NA,0.240809593,0.000452964949981884,-0.193726733006978,0.072,0.105,1,-0.193726733006978,"non-sig","#00AFBB"
"202","Fbn2",8.19e-12,0.351952254,0.098,0.039,2.86e-07,NA,"Gtf3c1","Gtf3c1",0.084191974,1,0.351952254,7.5584532452558e-07,-0.270907767783686,0.054,0.098,0.0263540589302334,-0.270907767783686,"sig","#E7B800"
"203","Fgf1",4.51e-11,-0.295727391,0.355,0.45,1.57e-06,NA,"Med1","Med1",0.056261704,1,-0.295727391,7.51788626738159e-17,0.311023938363506,0.491,0.355,2.62126140484794e-12,0.311023938363506,"sig","#E7B800"
"204","Filip1l",1.29e-12,0.499255298,0.305,0.207,4.51e-08,NA,"E2f3","E2f3",-0.097047339,1,0.499255298,1.515998557227e-07,-0.424417222657397,0.24,0.305,0.00528583216948337,-0.424417222657397,"sig","#E7B800"
"205","Flrt2",9.69e-17,-0.353741518,0.376,0.505,3.38e-12,NA,"Tet2","Tet2",-0.147594953,0.617521683,-0.353741518,3.5125089473788e-19,0.374685847101217,0.521,0.376,1.22470649468257e-14,0.374685847101217,"sig","#E7B800"
"206","Fmn1",1.5e-24,-0.444903201,0.347,0.498,5.24e-20,NA,"Tfap2c","Tfap2c",0.001385203,1,-0.444903201,3.2636525283674e-18,0.369562024166353,0.48,0.347,1.13793772706586e-13,0.369562024166353,"sig","#E7B800"
"207","Fnbp1",3.26e-07,-0.141147837,0.36,0.442,0.011368573,NA,"","",NA,NA,-0.141147837,1.39030223682825e-06,0.113899467074149,0.449,0.36,0.0484756680914907,0.113899467074149,"sig","#E7B800"
"208","Frmd3",8.96e-07,0.372496348,0.371,0.313,0.03123858,NA,"","",NA,NA,0.372496348,0.00030905156976066,-0.313742369504912,0.337,0.371,1,-0.313742369504912,"non-sig","#00AFBB"
"209","Frmd4a",4.22e-21,-0.273688043,0.822,0.942,1.47e-16,NA,"Rad21","Rad21",0.061782192,1,-0.273688043,9.89606021184416e-17,0.247739763156453,0.902,0.822,3.4504593140637e-12,0.247739763156453,"sig","#E7B800"
"210","Frmd4b",4.94e-08,-0.242302094,0.303,0.385,0.001722557,NA,"","",NA,NA,-0.242302094,2.80217447508175e-11,0.324399967342372,0.408,0.303,9.77034174226754e-07,0.324399967342372,"sig","#E7B800"
"211","Frmd5",2.65e-47,-0.468202392,0.657,0.881,9.25e-43,NA,"Supt16h","#N/A",NA,NA,-0.468202392,4.3926781639128e-44,0.449733820356451,0.88,0.657,1.53159509541148e-39,0.449733820356451,"sig","#E7B800"
"212","Frmd7",1.16e-30,0.50583441,0.114,0.013,4.05e-26,NA,"Foxo1","Foxo1",-0.01440885,1,0.50583441,6.99959745272062e-31,-0.508712261531259,0.013,0.114,2.4405496438401e-26,-0.508712261531259,"sig","#E7B800"
"213","Frmpd1",3.6e-10,-0.272969799,0.122,0.192,1.26e-05,NA,"Atrx","Atrx",0.135106697,1,-0.272969799,2.65939982625973e-09,0.207041885904777,0.191,0.122,9.27252937421978e-05,0.207041885904777,"sig","#E7B800"
"214","Fstl4",3.78e-07,-0.227611818,0.219,0.294,0.013164846,NA,"","",NA,NA,-0.227611818,0.000566618606451452,0.128554661277682,0.272,0.219,1,0.128554661277682,"non-sig","#00AFBB"
"215","Fyn",2.24e-07,0.324347974,0.513,0.443,0.00779859,NA,"","",NA,NA,0.324347974,0.00479161062671967,-0.251552120558861,0.503,0.513,1,-0.251552120558861,"non-sig","#00AFBB"
"216","G630016G05Rik",3.88e-20,0.372002735,0.08,0.011,1.35e-15,NA,"Atf4","Atf4",-0.005392609,1,0.372002735,6.49874934349226e-16,-0.285212073601656,0.018,0.08,2.26591893359545e-11,-0.285212073601656,"sig","#E7B800"
"217","Gabbr2",5.49e-25,-0.375540304,0.583,0.756,1.91e-20,NA,"Irf8","Irf8",0.000500797,1,-0.375540304,1.15684905771716e-18,0.312555134960067,0.746,0.583,4.03358560954244e-14,0.312555134960067,"sig","#E7B800"
"218","Gabra1",2.07e-12,-0.253419536,0.436,0.553,7.22e-08,NA,"Smad2","Smad2",-0.036288603,1,-0.253419536,1.10348519669968e-07,0.197042904574025,0.531,0.436,0.00384752183533277,0.197042904574025,"sig","#E7B800"
"219","Gabra2",4.09e-29,0.702281125,0.448,0.288,1.42e-24,NA,"Cdk8","Cdk8",-0.159821398,0.698185413,0.702281125,2.73352990124442e-20,-0.635647517845729,0.325,0.448,9.53099870666892e-16,-0.635647517845729,"sig","#E7B800"
"220","Gabrb2",9.95e-21,-0.334524152,0.529,0.68,3.47e-16,NA,"Esr1","Esr1",-0.011929135,1,-0.334524152,1.27389149000012e-25,0.400767669857829,0.697,0.529,4.44167745818342e-21,0.400767669857829,"sig","#E7B800"
"221","Gabrb3",5.35e-13,0.635938944,0.863,0.836,1.87e-08,NA,"Usf2","Usf2",-0.019620574,1,0.635938944,7.26615802305348e-07,-0.538863612454453,0.859,0.863,0.0253349131789806,-0.538863612454453,"sig","#E7B800"
"222","Gabrg3",1.6e-28,-0.353544989,0.693,0.868,5.59e-24,NA,"Hes1","Hes1",-0.046839326,1,-0.353544989,3.23192260397978e-22,0.343504899810073,0.843,0.693,1.12687445432963e-17,0.343504899810073,"sig","#E7B800"
"223","Gad1",6.43e-08,0.246476658,0.748,0.694,0.002240316,NA,"","",NA,NA,0.246476658,2.5628671206745e-09,-0.313565915414229,0.713,0.748,8.93594878965576e-05,-0.313565915414229,"sig","#E7B800"
"224","Galnt14",6.53e-12,-0.354510022,0.218,0.316,2.28e-07,NA,"Stag2","Stag2",0.167663305,1,-0.354510022,3.4772747103634e-07,0.231067981972801,0.291,0.218,0.0121242137326241,0.231067981972801,"sig","#E7B800"
"225","Galnt17",4.84e-08,-0.18602152,0.298,0.381,0.001686245,NA,"","",NA,NA,-0.18602152,1.18132853003622e-12,0.3112613118658,0.412,0.298,4.11893818567729e-08,0.3112613118658,"sig","#E7B800"
"226","Galntl6",1.63e-26,-0.33493856,0.805,0.951,5.67e-22,NA,"Zfp217","Zfp217",0.014370134,1,-0.33493856,6.16632430304931e-29,0.415922234673492,0.923,0.805,2.1500122947442e-24,0.415922234673492,"sig","#E7B800"
"227","Garem1",2.57e-08,0.485903878,0.255,0.188,0.00089671,NA,"","",NA,NA,0.485903878,5.65633670288774e-12,-0.575129740933175,0.174,0.255,1.97219491819587e-07,-0.575129740933175,"sig","#E7B800"
"228","Garnl3",3.73e-24,-0.3610289,0.435,0.6,1.3e-19,NA,"Zbtb2","Zbtb2",0.008298672,1,-0.3610289,5.99398827298594e-28,0.398085637386633,0.628,0.435,2.08992389114201e-23,0.398085637386633,"sig","#E7B800"
"229","Gars",7.8e-08,-0.208196289,0.253,0.326,0.002719908,NA,"","",NA,NA,-0.208196289,0.100999785839703,0.0593221802294029,0.274,0.253,1,0.0593221802294029,"non-sig","#00AFBB"
"230","Gas7",1.67e-07,-0.234936843,0.269,0.344,0.005830075,NA,"","",NA,NA,-0.234936843,3.31556720592578e-05,0.17152200884208,0.332,0.269,1,0.17152200884208,"non-sig","#00AFBB"
"231","Gcnt1",4.03e-08,0.107703098,0.023,0.001,0.001405896,NA,"","",NA,NA,0.107703098,1.10614312607489e-06,-0.101587494169329,0.003,0.023,0.0385678923768533,-0.101587494169329,"sig","#E7B800"
"232","Gdpd5",1.78e-10,0.334087415,0.113,0.054,6.22e-06,NA,"Ash2l","Ash2l",0.031279913,1,0.334087415,1.82099372973347e-08,-0.320508711779997,0.061,0.113,0.000634925883746169,-0.320508711779997,"sig","#E7B800"
"233","Gfpt2",2.49e-13,-0.254505948,0.123,0.211,8.68e-09,NA,"Dpy30","Dpy30",0.039048508,1,-0.254505948,3.99003173916639e-07,0.143843262095947,0.183,0.123,0.0139120436649515,0.143843262095947,"sig","#E7B800"
"234","Ggt7",8.42e-07,-0.20739688,0.301,0.369,0.029375136,NA,"","",NA,NA,-0.20739688,0.00582676047241712,0.0685342383493798,0.347,0.301,1,0.0685342383493798,"non-sig","#00AFBB"
"235","Gm10048",5e-07,-0.177756334,0.092,0.144,0.017444821,NA,"","",NA,NA,-0.177756334,1.39460237805697e-07,0.155322649120875,0.148,0.092,0.00486256011157124,0.155322649120875,"sig","#E7B800"
"236","Gm10115",4.26e-08,0.155319993,0.059,0.021,0.001484602,NA,"","",NA,NA,0.155319993,3.75433545828046e-08,-0.140464015214867,0.021,0.059,0.00130902414423865,-0.140464015214867,"sig","#E7B800"
"237","Gm11404",3.82e-07,0.079862321,0.017,0,0.013325193,NA,"","",NA,NA,0.079862321,3.5596200146844e-07,-0.0798623212213455,0,0.017,0.0124113271052001,-0.0798623212213455,"sig","#E7B800"
"238","Gm13629",4.33e-09,-0.272190252,0.305,0.393,0.000150857,NA,"","",NA,NA,-0.272190252,2.4429027090772e-09,0.245457894140738,0.398,0.305,8.51766887573948e-05,0.245457894140738,"sig","#E7B800"
"239","Gm15563",1.09e-09,0.397751907,0.242,0.166,3.81e-05,NA,"","",NA,NA,0.397751907,0.000112876099053566,-0.276474533197944,0.197,0.242,1,-0.276474533197944,"non-sig","#00AFBB"
"240","Gm15577",7.4e-12,0.338356205,0.276,0.182,2.58e-07,NA,"Tp53","#N/A",NA,NA,0.338356205,0.0823746945452371,-0.156465070665923,0.259,0.276,1,-0.156465070665923,"non-sig","#00AFBB"
"241","Gm1604a",2.26e-10,-0.255677524,0.277,0.371,7.87e-06,NA,"Ctcfl","Ctcfl",0,1,-0.255677524,3.11126440326809e-09,0.207969385268658,0.373,0.277,0.000108480455948748,0.207969385268658,"sig","#E7B800"
"242","Gm19031",4e-07,-0.192335307,0.078,0.126,0.013937143,NA,"","",NA,NA,-0.192335307,0.0175642024814789,0.0817902895508613,0.099,0.078,1,0.0817902895508613,"non-sig","#00AFBB"
"243","Gm19744",6e-08,0.237368132,0.075,0.033,0.002090766,NA,"","",NA,NA,0.237368132,0.00128938107847565,-0.17878238246749,0.05,0.075,1,-0.17878238246749,"non-sig","#00AFBB"
"244","Gm1992",1.73e-11,-0.232475622,0.403,0.521,6.05e-07,NA,"Hey2","Hey2",0.003437642,1,-0.232475622,1.84269175283113e-15,0.2825265527909,0.548,0.403,6.4249133345963e-11,0.2825265527909,"sig","#E7B800"
"245","Gm20642",1.07e-22,-0.302824443,0.573,0.765,3.71e-18,NA,"Arntl","Arntl",-0.110052254,1,-0.302824443,1.41969259668654e-34,0.396065805150777,0.795,0.573,4.95004217686695e-30,0.396065805150777,"sig","#E7B800"
"246","Gm20658",4.36e-25,0.464643939,0.086,0.007,1.52e-20,NA,"Taf2","Taf2",-0.002475847,1,0.464643939,4.67207524878832e-22,-0.456223360803595,0.012,0.086,1.62901247699502e-17,-0.456223360803595,"sig","#E7B800"
"247","Gm2516",1.53e-14,0.418813094,0.142,0.062,5.35e-10,NA,"Cbx3","Cbx3",0.068440478,1,0.418813094,1.20358190091135e-06,-0.272274202335712,0.09,0.142,0.0419652901390759,-0.272274202335712,"sig","#E7B800"
"248","Gm26618",3.43e-07,0.217102367,0.12,0.069,0.011953504,NA,"","",NA,NA,0.217102367,0.00364530065134271,-0.169117696771498,0.092,0.12,1,-0.169117696771498,"non-sig","#00AFBB"
"249","Gm26672",1.36e-06,0.224023555,0.223,0.16,0.047320203,NA,"","",NA,NA,0.224023555,6.58181503899197e-06,-0.279424512588829,0.17,0.223,0.229488144964533,-0.279424512588829,"non-sig","#00AFBB"
"250","Gm26873",5.9e-07,0.225630023,0.086,0.045,0.020562438,NA,"","",NA,NA,0.225630023,1.33653435320274e-08,-0.251089774503542,0.04,0.086,0.0004660094329312,-0.251089774503542,"sig","#E7B800"
"251","Gm28175",3.85e-08,-0.290659633,0.131,0.195,0.001341961,NA,"","",NA,NA,-0.290659633,1.96080440477611e-10,0.273718485690884,0.21,0.131,6.83673671813285e-06,0.273718485690884,"sig","#E7B800"
"252","Gm29784",2.49e-13,0.210413175,0.038,0.001,8.67e-09,NA,"Rag1","Rag1",-0.000410429,1,0.210413175,2.13187682811396e-13,-0.210312711696878,0.001,0.038,7.43321493658495e-09,-0.210312711696878,"sig","#E7B800"
"253","Gm32509",7.89e-08,0.412514581,0.343,0.274,0.00275261,NA,"","",NA,NA,0.412514581,0.0911010886829458,-0.181963283544179,0.33,0.343,1,-0.181963283544179,"non-sig","#00AFBB"
"254","Gm37340",2.66e-08,0.250727448,0.101,0.051,0.000927576,NA,"","",NA,NA,0.250727448,3.51734643760011e-09,-0.270037270164108,0.049,0.101,0.000122639318239803,-0.270037270164108,"sig","#E7B800"
"255","Gm3764",9.19e-07,-0.137962039,0.4,0.483,0.032044895,NA,"","",NA,NA,-0.137962039,0.00191269467699361,0.0721764725795104,0.46,0.4,1,0.0721764725795104,"non-sig","#00AFBB"
"256","Gm38116",3.13e-07,0.182470119,0.073,0.033,0.010908447,NA,"","",NA,NA,0.182470119,2.88601205366421e-05,-0.173796836455181,0.041,0.073,1,-0.173796836455181,"non-sig","#00AFBB"
"257","Gm42439",1.71e-38,0.774616472,0.584,0.392,5.97e-34,NA,"Ctcf","Ctcf",0.088397191,1,0.774616472,8.79327401057597e-14,-0.574021704230228,0.526,0.584,3.06595084926752e-09,-0.574021704230228,"sig","#E7B800"
"258","Gm42583",1.13e-06,0.312077388,0.176,0.122,0.039409812,NA,"","",NA,NA,0.312077388,0.0103248412045748,-0.233560238421869,0.151,0.176,1,-0.233560238421869,"non-sig","#00AFBB"
"259","Gm42722",4.2e-07,0.091308095,0.022,0.002,0.014631603,NA,"","",NA,NA,0.091308095,1.15653649352659e-06,-0.091421290043857,0.003,0.022,0.0403249579197915,-0.091421290043857,"sig","#E7B800"
"260","Gm42991",1.08e-06,0.161693285,0.09,0.048,0.037555238,NA,"","",NA,NA,0.161693285,0.00877816999488099,-0.116580168715622,0.068,0.09,1,-0.116580168715622,"non-sig","#00AFBB"
"261","Gm42993",2.2e-14,0.384051621,0.182,0.095,7.66e-10,NA,"Ccny","Ccny",-0.054981084,1,0.384051621,7.81755654635367e-06,-0.257549420564417,0.131,0.182,0.272574744101713,-0.257549420564417,"non-sig","#00AFBB"
"262","Gm43670",8.1e-10,-0.284863862,0.149,0.223,2.82e-05,NA,"","",NA,NA,-0.284863862,0.00375775731271493,0.071736451566068,0.185,0.149,1,0.071736451566068,"non-sig","#00AFBB"
"263","Gm45321",3.07e-09,0.409419753,0.152,0.087,0.000106871,NA,"","",NA,NA,0.409419753,2.37737434371514e-09,-0.360727373653573,0.086,0.152,8.28919112423158e-05,-0.360727373653573,"sig","#E7B800"
"264","Gm45323",8.99e-09,0.273014852,0.106,0.053,0.000313366,NA,"","",NA,NA,0.273014852,9.10906059122363e-06,-0.252003232474244,0.064,0.106,0.317605615634194,-0.252003232474244,"non-sig","#00AFBB"
"265","Gm47283",9.19e-40,0.382228368,0.143,0.015,3.2e-35,NA,"Hoxc9","#N/A",NA,NA,0.382228368,8.6079171128578e-37,-0.370210955372994,0.02,0.143,3.00132245974013e-32,-0.370210955372994,"sig","#E7B800"
"266","Gm47423",3.81e-08,-0.225266429,0.172,0.24,0.00132919,NA,"","",NA,NA,-0.225266429,0.00334391629227171,0.0847284507598609,0.21,0.172,1,0.0847284507598609,"non-sig","#00AFBB"
"267","Gm48321",5.07e-10,-0.241333751,0.359,0.455,1.77e-05,NA,"Acss2","Acss2",-0.06180683,1,-0.241333751,1.03272695698304e-12,0.239269672580309,0.485,0.359,3.60080908091275e-08,0.239269672580309,"sig","#E7B800"
"268","Gnai1",5.42e-08,0.364068799,0.455,0.389,0.001890242,NA,"","",NA,NA,0.364068799,3.63561500789374e-10,-0.406519063911847,0.385,0.455,1.26762988480231e-05,-0.406519063911847,"sig","#E7B800"
"269","Gng4",3.93e-15,0.49155959,0.175,0.089,1.37e-10,NA,"Cdx2","#N/A",NA,NA,0.49155959,3.85390038711496e-15,-0.485677413765498,0.089,0.175,1.34373944797537e-10,-0.485677413765498,"sig","#E7B800"
"270","Gpc6",9.36e-11,-0.327153033,0.326,0.435,3.26e-06,NA,"Xbp1","Xbp1",0.096260406,1,-0.327153033,9.68506530464379e-12,0.432213775939762,0.432,0.326,3.37689171977015e-07,0.432213775939762,"sig","#E7B800"
"271","Gpr176",4.44e-07,-0.221815915,0.32,0.401,0.015497785,NA,"","",NA,NA,-0.221815915,1.37209752879105e-11,0.279693391903957,0.434,0.32,4.78409245363577e-07,0.279693391903957,"sig","#E7B800"
"272","Gpr45",6.08e-07,-0.213940201,0.205,0.268,0.021198702,NA,"","",NA,NA,-0.213940201,1.97156648450537e-07,0.173238432780279,0.276,0.205,0.00687426086152488,0.173238432780279,"sig","#E7B800"
"273","Gprc5b",1.18e-09,0.381385361,0.184,0.114,4.1e-05,NA,"","",NA,NA,0.381385361,5.02506137402999e-09,-0.375744412671876,0.118,0.184,0.000175208814928304,-0.375744412671876,"sig","#E7B800"
"274","Gpt2",3.54e-07,-0.155676864,0.116,0.174,0.012335192,NA,"","",NA,NA,-0.155676864,0.00450086382713233,0.0251119722015905,0.15,0.116,1,0.0251119722015905,"non-sig","#00AFBB"
"275","Gria4",1.38e-10,0.258596208,0.933,0.929,4.81e-06,NA,"Stra8","Stra8",0,1,0.258596208,4.13637704186159e-05,-0.151067039651668,0.918,0.933,1,-0.151067039651668,"non-sig","#00AFBB"
"276","Grid1",9.99e-09,-0.159538215,0.539,0.639,0.000348272,NA,"","",NA,NA,-0.159538215,7.00684915458475e-07,0.14278027773331,0.635,0.539,0.0244307809472907,0.14278027773331,"sig","#E7B800"
"277","Grid2",7.28e-22,-0.347374934,0.502,0.676,2.54e-17,NA,"Atoh1","Atoh1",0.00127744,1,-0.347374934,5.44368188839916e-23,0.480756651250494,0.668,0.502,1.89804856402814e-18,0.480756651250494,"sig","#E7B800"
"278","Grik1",3.86e-28,-0.37498105,0.572,0.769,1.35e-23,NA,"Srsf2","Srsf2",0.085516626,1,-0.37498105,2.45282615864611e-27,0.404979079501263,0.776,0.572,8.55226896735138e-23,0.404979079501263,"sig","#E7B800"
"279","Grin2a",1.17e-06,-0.271104173,0.66,0.731,0.040967855,NA,"","",NA,NA,-0.271104173,0.0020511310484412,0.144565570435345,0.711,0.66,1,0.144565570435345,"non-sig","#00AFBB"
"280","Grin3a",1.36e-13,-0.449337572,0.263,0.375,4.74e-09,NA,"Prdm13","#N/A",NA,NA,-0.449337572,5.67808473166284e-15,0.606857868585698,0.372,0.263,1.97977780338888e-10,0.606857868585698,"sig","#E7B800"
"281","Grip1",7.14e-23,-0.229628843,0.873,0.979,2.49e-18,NA,"Wt1","Wt1",0.000558934,1,-0.229628843,3.5011945868636e-25,0.267155106303304,0.965,0.873,1.22076151660173e-20,0.267155106303304,"sig","#E7B800"
"282","Grm8",6.61e-15,0.702112067,0.329,0.225,2.3e-10,NA,"Sp7","Sp7",0.05409374,1,0.702112067,2.10749106846364e-14,-0.493137707432937,0.221,0.329,7.34818910841216e-10,-0.493137707432937,"sig","#E7B800"
"283","Hap1",2.68e-16,0.400376308,0.164,0.075,9.36e-12,NA,"Egr2","Egr2",-0.006295094,1,0.400376308,1.62676279851017e-12,-0.361121578997565,0.087,0.164,5.67203384956542e-08,-0.361121578997565,"sig","#E7B800"
"284","Hcn1",1.23e-22,-0.333260445,0.661,0.818,4.27e-18,NA,"Ncor1","Ncor1",0.076637581,1,-0.333260445,4.42598474862775e-28,0.406411072204339,0.819,0.661,1.54320810230404e-23,0.406411072204339,"sig","#E7B800"
"285","Hcrtr2",4.56e-07,-0.247038069,0.063,0.109,0.015903495,NA,"","",NA,NA,-0.247038069,3.81444950361991e-05,0.201974661916434,0.1,0.063,1,0.201974661916434,"non-sig","#00AFBB"
"286","Hdac9",1.32e-13,0.790613022,0.74,0.692,4.59e-09,NA,"Neurog2","Neurog2",-0.001548775,1,0.790613022,0.000497939429535717,-0.469668762107055,0.748,0.74,1,-0.469668762107055,"non-sig","#00AFBB"
"287","Hecw1",1.72e-07,-0.148484015,0.495,0.584,0.005992483,NA,"","",NA,NA,-0.148484015,2.22155652753412e-11,0.197056909217295,0.614,0.495,7.74590114455322e-07,0.197056909217295,"sig","#E7B800"
"288","Hecw2",2.11e-15,-0.26622188,0.62,0.745,7.35e-11,NA,"Baz1b","Baz1b",0.088179556,1,-0.26622188,2.20534060259865e-14,0.260110591848509,0.76,0.62,7.68936107908072e-10,0.260110591848509,"sig","#E7B800"
"289","Hip1",6.63e-08,-0.204268546,0.208,0.283,0.002311821,NA,"","",NA,NA,-0.204268546,0.000762277709464914,0.0914913418234607,0.256,0.208,1,0.0914913418234607,"non-sig","#00AFBB"
"290","Hs3st2",1.18e-10,0.436875676,0.139,0.073,4.12e-06,NA,"Tbl1x","Tbl1x",0.047101748,1,0.436875676,5.93293348968433e-13,-0.419302751006431,0.066,0.139,2.06863591984823e-08,-0.419302751006431,"sig","#E7B800"
"291","Hs6st2",1.43e-06,0.395623897,0.272,0.212,0.049865143,NA,"","",NA,NA,0.395623897,2.19870366211912e-05,-0.379014058701568,0.225,0.272,0.766622005871073,-0.379014058701568,"non-sig","#00AFBB"
"292","Hsd17b12",9.06e-07,-0.188311878,0.188,0.251,0.031582697,NA,"","",NA,NA,-0.188311878,0.000154519473053647,0.133184762609636,0.236,0.188,1,0.133184762609636,"non-sig","#00AFBB"
"293","Hspa12a",8.93e-07,-0.161011829,0.188,0.252,0.031133956,NA,"","",NA,NA,-0.161011829,4.69209187646573e-06,0.124042534849157,0.25,0.188,0.16359916745673,0.124042534849157,"non-sig","#00AFBB"
"294","Htr1f",4.21e-08,0.658082318,0.416,0.346,0.00146758,NA,"","",NA,NA,0.658082318,7.67166169335637e-11,-0.773458004268049,0.337,0.416,2.67487828262257e-06,-0.773458004268049,"sig","#E7B800"
"295","Hunk",6.26e-14,-0.336231654,0.189,0.284,2.18e-09,NA,"Ebf2","Ebf2",-0.002276067,1,-0.336231654,4.08752248640817e-10,0.264598136460757,0.272,0.189,1.42519646533594e-05,0.264598136460757,"sig","#E7B800"
"296","Icam5",1.19e-09,0.314950277,0.165,0.098,4.14e-05,NA,"","",NA,NA,0.314950277,7.92983700387175e-11,-0.345825463499088,0.095,0.165,2.76489626813996e-06,-0.345825463499088,"sig","#E7B800"
"297","Igfbpl1",5.94e-07,0.232856283,0.038,0.011,0.020707192,NA,"","",NA,NA,0.232856283,0.479375736482382,0.0211641424429054,0.033,0.038,1,0.0211641424429054,"non-sig","#00AFBB"
"298","Il1rapl1",3.17e-23,0.471900984,0.937,0.936,1.1e-18,NA,"Ehf","Ehf",0,1,0.471900984,2.76113103145966e-14,-0.350282365870547,0.916,0.937,9.62723556739039e-10,-0.350282365870547,"sig","#E7B800"
"299","Ildr2",8.42e-12,0.469495767,0.326,0.236,2.94e-07,NA,"Lin28a","Lin28a",0,1,0.469495767,1.07436277947131e-11,-0.458518292107039,0.239,0.326,3.74598070318263e-07,-0.458518292107039,"sig","#E7B800"
"300","Inpp4b",2.36e-17,0.770149633,0.41,0.284,8.24e-13,NA,"Stat5a","Stat5a",0.0341572,1,0.770149633,1.39166092597243e-12,-0.622311294100008,0.309,0.41,4.85230415058806e-08,-0.622311294100008,"sig","#E7B800"
"301","Insyn2b",9.18e-15,0.282914256,0.08,0.021,3.2e-10,NA,"Max","Max",-0.037984302,1,0.282914256,5.06220654793861e-11,-0.232117336589339,0.029,0.08,1.76503955706975e-06,-0.232117336589339,"sig","#E7B800"
"302","Ipcef1",1.84e-09,0.344344697,0.149,0.086,6.41e-05,NA,"","",NA,NA,0.344344697,3.44994213093422e-10,-0.359820584871806,0.084,0.149,1.20289132279283e-05,-0.359820584871806,"sig","#E7B800"
"303","Iqgap2",3.6e-14,-0.33650319,0.288,0.405,1.26e-09,NA,"Arid3a","Arid3a",0.055642871,1,-0.33650319,1.42741592342806e-24,0.420927005530187,0.45,0.288,4.97697110021662e-20,0.420927005530187,"sig","#E7B800"
"304","Iqsec1",2.49e-32,-0.459728358,0.518,0.696,8.67e-28,NA,"Pcgf6","Pcgf6",0.039879342,1,-0.459728358,3.5812844525325e-24,0.390148548138114,0.689,0.518,1.24868645006451e-19,0.390148548138114,"sig","#E7B800"
"305","Itgav",1.32e-06,0.269486401,0.11,0.065,0.045890932,NA,"","",NA,NA,0.269486401,8.19361830610445e-05,-0.26072422720408,0.074,0.11,1,-0.26072422720408,"non-sig","#00AFBB"
"306","Itpr1",6.58e-11,-0.237866693,0.384,0.497,2.29e-06,NA,"Tet1","Tet1",0.019019429,1,-0.237866693,3.99930389428001e-11,0.227241267534378,0.502,0.384,1.39443728881861e-06,0.227241267534378,"sig","#E7B800"
"307","Kalrn",2.74e-08,0.289685441,0.812,0.808,0.000956337,NA,"","",NA,NA,0.289685441,5.41166413867075e-07,-0.235559098494416,0.823,0.812,0.0188688493523033,-0.235559098494416,"sig","#E7B800"
"308","Kank3",3.53e-15,0.381386827,0.104,0.035,1.23e-10,NA,"Snai1","Snai1",0.000945935,1,0.381386827,1.96952193248979e-16,-0.377213548828179,0.033,0.104,6.86713212201214e-12,-0.377213548828179,"sig","#E7B800"
"309","Kat6b",7.8e-08,0.332199021,0.532,0.457,0.002720544,NA,"","",NA,NA,0.332199021,7.27574723475883e-08,-0.307703174466492,0.477,0.532,0.00253683478834336,-0.307703174466492,"sig","#E7B800"
"310","Kazn",1.8e-20,-0.374170378,0.524,0.676,6.29e-16,NA,"Atf2","Atf2",-0.009040425,1,-0.374170378,3.97027634516925e-19,0.394086144054563,0.663,0.524,1.38431625327016e-14,0.394086144054563,"sig","#E7B800"
"311","Kcna4",8.16e-07,0.233053834,0.115,0.067,0.028453425,NA,"","",NA,NA,0.233053834,7.49081460417349e-07,-0.243525988121129,0.068,0.115,0.0261182232803717,-0.243525988121129,"sig","#E7B800"
"312","Kcnab1",5.34e-24,-0.392062498,0.52,0.695,1.86e-19,NA,"Kdm5b","Kdm5b",0.119525892,1,-0.392062498,1.02040071430417e-35,0.503753617210793,0.723,0.52,3.55783117056436e-31,0.503753617210793,"sig","#E7B800"
"313","Kcnb2",8.48e-27,1.347965111,0.688,0.613,2.96e-22,NA,"Chd4","Chd4",0.051298654,1,1.347965111,3.85006879968767e-22,-1.21176546505581,0.625,0.688,1.3424034883871e-17,-1.21176546505581,"sig","#E7B800"
"314","Kcnc1",9.63e-21,-0.341500413,0.51,0.662,3.36e-16,NA,"Tbx21","Tbx21",0.00092586,1,-0.341500413,1.891893250737e-13,0.242797195364299,0.658,0.51,6.59646419734471e-09,0.242797195364299,"sig","#E7B800"
"315","Kcnc2",3.9e-18,-0.362376894,0.707,0.808,1.36e-13,NA,"E2f1","E2f1",-0.006801225,1,-0.362376894,2.02339613408808e-22,0.450955541842088,0.823,0.707,7.0549753007249e-18,0.450955541842088,"sig","#E7B800"
"316","Kcnd2",2.66e-25,0.922069678,0.872,0.865,9.27e-21,NA,"Bhlha15","Bhlha15",-0.00205596,1,0.922069678,1.7579192852808e-14,-0.708622674701928,0.874,0.872,6.12933717198855e-10,-0.708622674701928,"sig","#E7B800"
"317","Kcnd3",1.22e-09,0.547772894,0.515,0.451,4.24e-05,NA,"","",NA,NA,0.547772894,1.09979949839559e-06,-0.457050297435634,0.476,0.515,0.0383467091105592,-0.457050297435634,"sig","#E7B800"
"318","Kcnh5",2.95e-13,0.526349652,0.219,0.133,1.03e-08,NA,"Tbx3","Tbx3",0.001415045,1,0.526349652,1.24112630277984e-08,-0.469386012206544,0.155,0.219,0.000432743507990248,-0.469386012206544,"sig","#E7B800"
"319","Kcnip4",1.78e-38,-0.562449352,0.75,0.905,6.21e-34,NA,"Cdk9","Cdk9",-0.005105406,1,-0.562449352,4.20203457586551e-28,0.456909775103265,0.879,0.75,1.46512339556703e-23,0.456909775103265,"sig","#E7B800"
"320","Kcnj3",9.18e-13,0.472066229,0.712,0.661,3.2e-08,NA,"Gtf2b","Gtf2b",0.034819359,1,0.472066229,2.59605653175557e-09,-0.380386279519262,0.676,0.712,9.05167030927215e-05,-0.380386279519262,"sig","#E7B800"
"321","Kcnk10",1.15e-06,0.236943402,0.113,0.067,0.040052692,NA,"","",NA,NA,0.236943402,1.23164579635317e-05,-0.225360933686013,0.072,0.113,0.429437939814458,-0.225360933686013,"non-sig","#00AFBB"
"322","Kcnk2",2.21e-12,-0.324860312,0.258,0.361,7.7e-08,NA,"Rarb","Rarb",0.006567828,1,-0.324860312,1.37237232473639e-11,0.286730328717294,0.36,0.258,4.78505058465836e-07,0.286730328717294,"sig","#E7B800"
"323","Kcnmb2",1.93e-36,-0.410793169,0.584,0.833,6.74e-32,NA,"Etv6","Etv6",-0.09198415,1,-0.410793169,2.26390509433444e-29,0.367272598545348,0.795,0.584,7.89355789241591e-25,0.367272598545348,"sig","#E7B800"
"324","Kcnq3",1.41e-24,-0.363169738,0.571,0.745,4.91e-20,NA,"Ebf1","Ebf1",0.020628305,1,-0.363169738,2.87651387536736e-39,0.507475863890339,0.772,0.571,1.00295409292434e-34,0.507475863890339,"sig","#E7B800"
"325","Kcns3",4.99e-17,-0.399123018,0.22,0.333,1.74e-12,NA,"Znf24","#N/A",NA,NA,-0.399123018,1.62309926339013e-14,0.278512176377465,0.331,0.22,5.65926020166238e-10,0.278512176377465,"sig","#E7B800"
"326","Kcnt2",3.59e-12,-0.366352819,0.394,0.507,1.25e-07,NA,"Junb","Junb",0.006656786,1,-0.366352819,1.09153190551848e-12,0.380404917120746,0.511,0.394,3.8058442949713e-08,0.380404917120746,"sig","#E7B800"
"327","Kctd16",2.3e-51,-0.527178416,0.611,0.858,8.02e-47,NA,"Esrrg","Esrrg",-0.066640503,1,-0.527178416,1.69415016125477e-40,0.535941038909126,0.831,0.611,5.906993367247e-36,0.535941038909126,"sig","#E7B800"
"328","Kctd8",5.41e-07,-0.200711963,0.293,0.37,0.018869469,NA,"","",NA,NA,-0.200711963,4.68609882497828e-07,0.168542183139462,0.378,0.293,0.0163390207730518,0.168542183139462,"sig","#E7B800"
"329","Khdrbs2",4.29e-08,0.354932495,0.216,0.146,0.001495325,NA,"","",NA,NA,0.354932495,0.0010873775910418,-0.226227667448589,0.173,0.216,1,-0.226227667448589,"non-sig","#00AFBB"
"330","Kidins220",6.61e-08,-0.197416572,0.634,0.712,0.002303799,NA,"","",NA,NA,-0.197416572,0.000247859525133794,0.0996678466358936,0.711,0.634,1,0.0996678466358936,"non-sig","#00AFBB"
"331","Kif1b",5.74e-16,-0.267535371,0.644,0.784,2e-11,NA,"Pbx1","Pbx1",1.254842616,9.19533e-44,-0.267535371,4.90172169135603e-10,0.177232513508482,0.783,0.644,1.70908330212511e-05,0.177232513508482,"sig","#E7B800"
"332","Kif21a",8.1e-21,-0.323163477,0.609,0.788,2.82e-16,NA,"Cdk6","Cdk6",-0.076779739,1,-0.323163477,1.71462080912582e-08,0.166392903075622,0.762,0.609,0.000597836837517898,0.166392903075622,"sig","#E7B800"
"333","Kif26b",5.98e-10,-0.288700602,0.259,0.343,2.08e-05,NA,"Rnf2","Rnf2",-0.047106685,1,-0.288700602,4.63136101341687e-15,0.310076786234159,0.377,0.259,1.61481664454806e-10,0.310076786234159,"sig","#E7B800"
"334","Kif5c",2.07e-28,-0.417604387,0.489,0.666,7.22e-24,NA,"Tead1","Tead1",0.198406687,1,-0.417604387,1.35382876365676e-18,0.289143207805076,0.654,0.489,4.72039475024201e-14,0.289143207805076,"sig","#E7B800"
"335","Kit",1.82e-08,-0.332405094,0.159,0.232,0.000634498,NA,"","",NA,NA,-0.332405094,3.74784069551084e-06,0.183457278064722,0.222,0.159,0.130675961530376,0.183457278064722,"non-sig","#00AFBB"
"336","Klhl1",5.24e-07,0.811284143,0.151,0.1,0.0182551,NA,"","",NA,NA,0.811284143,4.78195356934585e-10,-0.845788282901506,0.087,0.151,1.66732375102382e-05,-0.845788282901506,"sig","#E7B800"
"337","Larp1",2.7e-07,-0.182152227,0.385,0.467,0.009427918,NA,"","",NA,NA,-0.182152227,0.0312472536003672,0.017137731787251,0.438,0.385,1,0.017137731787251,"non-sig","#00AFBB"
"338","Lgi2",5.35e-09,-0.263481945,0.222,0.298,0.000186685,NA,"","",NA,NA,-0.263481945,3.77742914512652e-08,0.158032328393345,0.305,0.222,0.00131707622003126,0.158032328393345,"sig","#E7B800"
"339","Lgr5",5.17e-39,1.107274409,0.177,0.038,1.8e-34,NA,"Nanog","Nanog",0,1,1.107274409,5.84472496150774e-38,-1.09064187555968,0.04,0.177,2.0378802523289e-33,-1.09064187555968,"sig","#E7B800"
"340","Lgr6",5.47e-30,0.507220881,0.089,0.003,1.91e-25,NA,"Mfsd11","Mfsd11",-0.031761296,1,0.507220881,1.44332070385862e-27,-0.513476442264583,0.006,0.089,5.03242629814385e-23,-0.513476442264583,"sig","#E7B800"
"341","Limch1",5.35e-07,-0.183132741,0.698,0.799,0.018658127,NA,"","",NA,NA,-0.183132741,1.07549691716522e-06,0.172976977678301,0.79,0.698,0.0374993510107998,0.172976977678301,"sig","#E7B800"
"342","Lingo2",8.62e-20,-0.364781327,0.534,0.697,3e-15,NA,"Klf5","Klf5",-0.158997606,1,-0.364781327,5.42748543203085e-10,0.340847774237436,0.628,0.534,1.8924013455862e-05,0.340847774237436,"sig","#E7B800"
"343","Litaf",1.5e-10,0.251283786,0.084,0.032,5.23e-06,NA,"Cbfb","Cbfb",0.011296977,1,0.251283786,1.28832955477489e-12,-0.265447961951302,0.027,0.084,4.49201865863361e-08,-0.265447961951302,"sig","#E7B800"
"344","Lix1",8.11e-19,0.566446685,0.175,0.079,2.83e-14,NA,"Nfe2l2","Nfe2l2",0.019100885,1,0.566446685,5.75170003202347e-15,-0.513932738714973,0.09,0.175,2.00544525016562e-10,-0.513932738714973,"sig","#E7B800"
"345","Lrba",1.29e-18,0.628290031,0.632,0.54,4.5e-14,NA,"Utp6","Utp6",-0.017705769,1,0.628290031,6.82059203836155e-15,-0.610865709731151,0.584,0.632,2.37813582601552e-10,-0.610865709731151,"sig","#E7B800"
"346","Lrrc4c",1.03e-17,-0.317998871,0.77,0.896,3.59e-13,NA,"Yy1","Yy1",-0.053812006,1,-0.317998871,1.40670679873506e-17,0.396918237672765,0.86,0.77,4.90476459514955e-13,0.396918237672765,"sig","#E7B800"
"347","Lrrc7",2.2e-28,0.560989331,0.882,0.858,7.66e-24,NA,"Srebf1","Srebf1",0.002597287,1,0.560989331,5.81218047469393e-17,-0.420393996971463,0.873,0.882,2.02653296611153e-12,-0.420393996971463,"sig","#E7B800"
"348","Lrrc8b",7.42e-10,-0.255762784,0.309,0.396,2.59e-05,NA,"","",NA,NA,-0.255762784,3.07840701019929e-08,0.165693025679123,0.402,0.309,0.00107334817224619,0.165693025679123,"sig","#E7B800"
"349","Lrrfip1",5.63e-12,-0.262466927,0.475,0.582,1.96e-07,NA,"Mafa","Mafa",0.000135439,1,-0.262466927,1.57378234055969e-13,0.265498596769475,0.6,0.475,5.48730688682945e-09,0.265498596769475,"sig","#E7B800"
"350","Lsamp",2.11e-28,-0.328212567,0.896,0.985,7.34e-24,NA,"Rbpj","Rbpj",0.098980941,1,-0.328212567,5.01398544566716e-41,0.469128427595219,0.969,0.896,1.74822630534077e-36,0.469128427595219,"sig","#E7B800"
"351","Ltbp1",2.76e-07,-0.233746754,0.094,0.147,0.009626787,NA,"","",NA,NA,-0.233746754,5.79866549500926e-05,0.16041399542871,0.135,0.094,1,0.16041399542871,"non-sig","#00AFBB"
"352","Lurap1l",2.9e-07,-0.228482071,0.172,0.233,0.010113102,NA,"","",NA,NA,-0.228482071,0.000594856602238363,0.110420184077021,0.216,0.172,1,0.110420184077021,"non-sig","#00AFBB"
"353","Luzp1",5.6e-12,-0.241638276,0.374,0.486,1.95e-07,NA,"Tcf7l2","Tcf7l2",0.056161113,1,-0.241638276,0.00815734948477973,0.0587555187223883,0.426,0.374,1,0.0587555187223883,"non-sig","#00AFBB"
"354","Lynx1",9.27e-11,-0.266841215,0.192,0.275,3.23e-06,NA,"Tead2","Tead2",-0.008171745,1,-0.266841215,8.35500828942189e-08,0.194903689384388,0.262,0.192,0.00291314074027273,0.194903689384388,"sig","#E7B800"
"355","Lypd6b",1.74e-10,-0.274146774,0.152,0.231,6.08e-06,NA,"Esrrb","Esrrb",-0.011212005,1,-0.274146774,1.30902816629034e-08,0.24118460737863,0.223,0.152,0.000456418850740452,0.24118460737863,"sig","#E7B800"
"356","Lzts1",2.37e-07,0.268811915,0.113,0.064,0.008247586,NA,"","",NA,NA,0.268811915,1.4872603004953e-10,-0.290799319465651,0.053,0.113,5.18563048973695e-06,-0.290799319465651,"sig","#E7B800"
"357","Macrod2",4.72e-13,0.608020858,0.906,0.923,1.64e-08,NA,"Shox2","#N/A",NA,NA,0.608020858,0.000620713037971597,-0.463360681616797,0.926,0.906,1,-0.463360681616797,"non-sig","#00AFBB"
"358","Maf",1.53e-26,-0.417307411,0.453,0.634,5.34e-22,NA,"Kmt2c","Kmt2c",0.125910975,1,-0.417307411,1.39761712261497e-25,0.400372625021884,0.638,0.453,4.8730716214216e-21,0.400372625021884,"sig","#E7B800"
"359","Magi2",6.69e-13,-0.188480675,0.928,0.973,2.33e-08,NA,"Nr1h4","Nr1h4",-0.006575315,1,-0.188480675,2.17789896367603e-25,0.296531942239806,0.963,0.928,7.59368031664923e-21,0.296531942239806,"sig","#E7B800"
"360","Maml2",4.2e-12,0.588145662,0.217,0.132,1.46e-07,NA,"Pou3f2","Pou3f2",0.027088005,1,0.588145662,0.00124187760301819,-0.379793577890596,0.179,0.217,1,-0.379793577890596,"non-sig","#00AFBB"
"361","Maml3",7.38e-19,0.66113682,0.433,0.314,2.57e-14,NA,"Brd9","Brd9",-0.093439577,1,0.66113682,1.61681914265342e-15,-0.595260294090427,0.331,0.433,5.63736330468968e-11,-0.595260294090427,"sig","#E7B800"
"362","Man1a2",1.02e-07,-0.180914581,0.478,0.563,0.003568691,NA,"","",NA,NA,-0.180914581,9.11537530881803e-06,0.134139038429311,0.568,0.478,0.317825790892558,0.134139038429311,"non-sig","#00AFBB"
"363","Man1c1",1.72e-09,-0.26296436,0.24,0.32,6.01e-05,NA,"","",NA,NA,-0.26296436,6.01810401245626e-05,0.107985535852741,0.3,0.24,1,0.107985535852741,"non-sig","#00AFBB"
"364","Manba",5.13e-09,-0.202199577,0.135,0.205,0.000178847,NA,"","",NA,NA,-0.202199577,6.67710522269635e-07,0.136419777583567,0.197,0.135,0.0232810627799754,0.136419777583567,"sig","#E7B800"
"365","Map1b",6.41e-09,-0.197109013,0.679,0.778,0.000223483,NA,"","",NA,NA,-0.197109013,0.00341076664363151,0.0843445114762931,0.779,0.679,1,0.0843445114762931,"non-sig","#00AFBB"
"366","Map2",4.18e-16,0.379542087,0.842,0.811,1.46e-11,NA,"Smarca4","Smarca4",-0.020903717,1,0.379542087,1.64085143729648e-08,-0.246314243319191,0.843,0.842,0.000572115670642165,-0.246314243319191,"sig","#E7B800"
"367","Map2k1",2.09e-07,0.296289049,0.25,0.183,0.007290558,NA,"","",NA,NA,0.296289049,2.2964269195671e-06,-0.296192611615235,0.193,0.25,0.0800695174045461,-0.296192611615235,"non-sig","#00AFBB"
"368","Map3k1",5.18e-12,0.383345904,0.188,0.109,1.81e-07,NA,"Onecut2","Onecut2",-0.004655339,1,0.383345904,5.22110016881976e-13,-0.395722388099295,0.107,0.188,1.82044099586239e-08,-0.395722388099295,"sig","#E7B800"
"369","Map4k3",1.07e-06,-0.190420244,0.448,0.517,0.037411527,NA,"","",NA,NA,-0.190420244,0.000414118211543653,0.107142268959666,0.52,0.448,1,0.107142268959666,"non-sig","#00AFBB"
"370","Mapk1",2.99e-07,0.321284319,0.549,0.489,0.010434768,NA,"","",NA,NA,0.321284319,4.72534678518668e-07,-0.314223152976297,0.503,0.549,0.0164758666359104,-0.314223152976297,"sig","#E7B800"
"371","Mapk10",2.27e-30,-0.402596674,0.657,0.838,7.91e-26,NA,"Znf143","#N/A",NA,NA,-0.402596674,4.85222988981852e-32,0.399403915317219,0.843,0.657,1.69182699568302e-27,0.399403915317219,"sig","#E7B800"
"372","Mapk4",4.14e-15,0.486152596,0.238,0.138,1.44e-10,NA,"Ar","Ar",-0.136409889,1,0.486152596,1.59661703459094e-08,-0.398343003652397,0.169,0.238,0.000556692461450822,-0.398343003652397,"sig","#E7B800"
"373","Mast2",5.23e-09,-0.201768356,0.506,0.601,0.000182295,NA,"","",NA,NA,-0.201768356,1.09872878370219e-05,0.14222833711641,0.593,0.506,0.383093765013444,0.14222833711641,"non-sig","#00AFBB"
"374","Mcc",1.2e-09,-0.271123254,0.228,0.309,4.19e-05,NA,"","",NA,NA,-0.271123254,8.10803710831605e-08,0.230153297897272,0.305,0.228,0.00282702929855656,0.230153297897272,"sig","#E7B800"
"375","Mdga1",5e-12,0.244473093,0.039,0.003,1.74e-07,NA,"Clock","Clock",-0.070446999,1,0.244473093,1.48823297559197e-08,-0.216048734792526,0.009,0.039,0.000518902191599652,-0.216048734792526,"sig","#E7B800"
"376","Meg3",6.92e-47,-0.365235529,0.985,0.992,2.41e-42,NA,"Pou2f1","Pou2f1",0.036946905,1,-0.365235529,7.07973986114466e-35,0.317056373147605,0.988,0.985,2.46849289738531e-30,0.317056373147605,"sig","#E7B800"
"377","Meis1",8.03e-41,0.783199203,0.147,0.017,2.8e-36,NA,"Nfya","Nfya",-0.006082902,1,0.783199203,1.68947795497255e-33,-0.670059987962819,0.027,0.147,5.8907027856028e-29,-0.670059987962819,"sig","#E7B800"
"378","Meis2",8.22e-115,2.465143157,0.434,0.097,2.86e-110,NA,"Rfx1","Rfx1",0.04528572,1,2.465143157,1.36734825671305e-87,-1.61109176424945,0.129,0.434,4.76753316668138e-83,-1.61109176424945,"sig","#E7B800"
"379","Mgat4c",3.26e-10,-0.273847505,0.616,0.736,1.14e-05,NA,"Sumo2","Sumo2",0.058623499,1,-0.273847505,2.05907711549753e-08,0.367143800064966,0.723,0.616,0.000717938417860523,0.367143800064966,"sig","#E7B800"
"380","Mgll",9.18e-11,-0.230698144,0.311,0.413,3.2e-06,NA,"Sox17","Sox17",0,1,-0.230698144,8.67013654379754e-05,0.0597962597982364,0.382,0.311,1,0.0597962597982364,"non-sig","#00AFBB"
"381","Mical2",4.38e-22,-0.378688772,0.36,0.504,1.53e-17,NA,"Kdm2a","Kdm2a",0.064901717,1,-0.378688772,4.03012681307522e-15,0.266636956922662,0.489,0.36,1.40518431591494e-10,0.266636956922662,"sig","#E7B800"
"382","Mir100hg",9.08e-11,-0.226284734,0.509,0.613,3.17e-06,NA,"Hoxa9","#N/A",NA,NA,-0.226284734,3.40082930264696e-17,0.258766983017461,0.667,0.509,1.18576715295391e-12,0.258766983017461,"sig","#E7B800"
"383","Mir9-3hg",3.57e-09,0.363898692,0.404,0.322,0.00012463,NA,"","",NA,NA,0.363898692,4.6806416217725e-07,-0.309847369072183,0.342,0.404,0.0163199931426342,-0.309847369072183,"sig","#E7B800"
"384","Mir99ahg",6.39e-27,-0.406845163,0.571,0.763,2.23e-22,NA,"Dr1","Dr1",0.009206643,1,-0.406845163,6.00751463074782e-36,0.5059110734579,0.795,0.571,2.09464012630284e-31,0.5059110734579,"sig","#E7B800"
"385","Mkx",4.91e-13,-0.300582449,0.315,0.429,1.71e-08,NA,"Gps2","Gps2",0.106600648,1,-0.300582449,2.59901988199317e-15,0.300267190000887,0.445,0.315,9.06200262254557e-11,0.300267190000887,"sig","#E7B800"
"386","Mpped1",3.03e-12,-0.295875797,0.307,0.412,1.06e-07,NA,"Hivep3","Hivep3",0.005504667,1,-0.295875797,1.29223547581504e-10,0.187751614335969,0.416,0.307,4.50563743352431e-06,0.187751614335969,"sig","#E7B800"
"387","Mpped2",6.87e-11,0.41329148,0.461,0.372,2.4e-06,NA,"Kdm2b","Kdm2b",-0.054980771,1,0.41329148,0.000865213922139512,-0.13887516283951,0.426,0.461,1,-0.13887516283951,"non-sig","#00AFBB"
"388","Mrtfb",2.69e-12,0.445152212,0.506,0.415,9.39e-08,NA,"Nelfb","Nelfb",-0.037976792,1,0.445152212,6.79137940870162e-15,-0.480176401618659,0.418,0.506,2.36795025843199e-10,-0.480176401618659,"sig","#E7B800"
"389","Msra",2.32e-09,0.349526111,0.577,0.51,8.08e-05,NA,"","",NA,NA,0.349526111,2.41884155738236e-09,-0.32848136875775,0.513,0.577,8.43377485812506e-05,-0.32848136875775,"sig","#E7B800"
"390","Msrb3",4.41e-07,-0.158346896,0.118,0.174,0.015369457,NA,"","",NA,NA,-0.158346896,2.42262940758499e-07,0.135463938867196,0.177,0.118,0.00844698195542657,0.135463938867196,"sig","#E7B800"
"391","mt-Rnr1",2.86e-07,-0.352963003,0.696,0.756,0.009959008,NA,"","",NA,NA,-0.352963003,3.65723974456625e-09,-0.296082890353468,0.672,0.696,0.000127516978173791,-0.296082890353468,"sig","#E7B800"
"392","Mt1",8.47e-09,0.244539894,0.143,0.081,0.000295156,NA,"","",NA,NA,0.244539894,0.00400652823938135,-0.169629618137425,0.112,0.143,1,-0.169629618137425,"non-sig","#00AFBB"
"393","Mtcl1",5.32e-11,-0.274836841,0.309,0.401,1.85e-06,NA,"Hnf1a","Hnf1a",0.001158893,1,-0.274836841,1.05142856346925e-09,0.224294156680347,0.404,0.309,3.66601597224823e-05,0.224294156680347,"sig","#E7B800"
"394","Mycbp2",3.41e-09,-0.173339286,0.837,0.899,0.000119062,NA,"","",NA,NA,-0.173339286,4.80597693910566e-05,0.111651897406285,0.899,0.837,1,0.111651897406285,"non-sig","#00AFBB"
"395","Myo10",7.85e-07,0.178088446,0.081,0.041,0.027369503,NA,"","",NA,NA,0.178088446,0.000465845600657888,-0.171036115491463,0.052,0.081,1,-0.171036115491463,"non-sig","#00AFBB"
"396","Myo16",2.38e-15,0.844944861,0.579,0.515,8.3e-11,NA,"Chaf1b","Chaf1b",0.000942281,1,0.844944861,2.66060531876088e-12,-0.791291049085123,0.54,0.579,9.27673256492356e-08,-0.791291049085123,"sig","#E7B800"
"397","Myo1b",9.05e-08,-0.188506907,0.13,0.192,0.003155551,NA,"","",NA,NA,-0.188506907,3.24360099521044e-06,0.134592056917802,0.186,0.13,0.113094635900002,0.134592056917802,"non-sig","#00AFBB"
"398","Myo5a",8.92e-07,-0.161920018,0.566,0.646,0.03109655,NA,"","",NA,NA,-0.161920018,1.18473798841216e-06,0.158748175917343,0.673,0.566,0.0413082594419669,0.158748175917343,"sig","#E7B800"
"399","Myrip",3.17e-11,-0.257517996,0.268,0.36,1.11e-06,NA,"Zfp57","Zfp57",-0.015549574,1,-0.257517996,1.09014417107629e-06,0.161539525384368,0.342,0.268,0.0380100568129169,0.161539525384368,"sig","#E7B800"
"400","Nalf1",1.94e-29,0.499528895,0.955,0.931,6.75e-25,NA,"Arid4b","Arid4b",0.088947134,1,0.499528895,3.8776138467364e-12,-0.329049409451367,0.936,0.955,1.35200761994158e-07,-0.329049409451367,"sig","#E7B800"
"401","Nav3",6.3e-07,-0.129934512,0.847,0.911,0.021968564,NA,"","",NA,NA,-0.129934512,9.88696602885056e-14,0.219729391941582,0.912,0.847,3.44728844527933e-09,0.219729391941582,"sig","#E7B800"
"402","Nbea",7.05e-09,-0.127332856,0.851,0.928,0.000245719,NA,"","",NA,NA,-0.127332856,1.42175153310247e-18,0.26365841548564,0.924,0.851,4.95722107046838e-14,0.26365841548564,"sig","#E7B800"
"403","Ncald",2.64e-16,-0.31259595,0.455,0.583,9.2e-12,NA,"Isl1","Isl1",0,1,-0.31259595,1.03586787065483e-08,0.180625282636788,0.568,0.455,0.000361176050461218,0.180625282636788,"sig","#E7B800"
"404","Ncoa1",6.15e-11,-0.253984182,0.668,0.75,2.15e-06,NA,"Plagl1","Plagl1",0.082942217,1,-0.253984182,8.0747301047715e-06,0.149233610832662,0.739,0.668,0.281541614563068,0.149233610832662,"non-sig","#00AFBB"
"405","Nebl",1.9e-13,-0.233035023,0.675,0.79,6.63e-09,NA,"Tcf7","Tcf7",0.054216711,1,-0.233035023,2.16913569721994e-14,0.250673646866652,0.794,0.675,7.56312543549678e-10,0.250673646866652,"sig","#E7B800"
"406","Negr1",2.21e-27,0.470966312,0.947,0.911,7.69e-23,NA,"Wdr43","Wdr43",-0.035838404,1,0.470966312,2.51225671022041e-14,-0.310392998795082,0.916,0.947,8.7594854715255e-10,-0.310392998795082,"sig","#E7B800"
"407","Nek7",1.17e-06,-0.197281998,0.231,0.3,0.040706716,NA,"","",NA,NA,-0.197281998,3.17316441197896e-11,0.307800977808449,0.323,0.231,1.10638723552471e-06,0.307800977808449,"sig","#E7B800"
"408","Nhsl2",2.43e-10,0.343443793,0.231,0.152,8.49e-06,NA,"Pcgf2","Pcgf2",0.068014254,1,0.343443793,3.78285126435346e-09,-0.352552461472668,0.161,0.231,0.000131896675034212,-0.352552461472668,"sig","#E7B800"
"409","Nme7",2.05e-10,0.284461652,0.601,0.513,7.14e-06,NA,"Ezh1","Ezh1",-0.011238906,1,0.284461652,2.53434880786531e-09,-0.290331666543007,0.545,0.601,8.83651398838399e-05,-0.290331666543007,"sig","#E7B800"
"410","Nmnat2",2.82e-15,-0.289622524,0.454,0.577,9.82e-11,NA,"Srf","Srf",-0.012706846,1,-0.289622524,2.403983405373e-15,0.243635715015854,0.603,0.454,8.38196893951404e-11,0.243635715015854,"sig","#E7B800"
"411","Nmt2",3.35e-07,-0.160596965,0.411,0.492,0.011676099,NA,"","",NA,NA,-0.160596965,0.0177283546797236,0.0573427519687824,0.459,0.411,1,0.0573427519687824,"non-sig","#00AFBB"
"412","Nos1ap",9.66e-07,-0.164263218,0.458,0.547,0.033693454,NA,"","",NA,NA,-0.164263218,6.75919994986412e-06,0.132472529168264,0.556,0.458,0.235673024651912,0.132472529168264,"non-sig","#00AFBB"
"413","Npas3",1.74e-30,-0.486757223,0.565,0.768,6.08e-26,NA,"Kdm4c","Kdm4c",0.02160083,1,-0.486757223,1.19468326830551e-36,0.597912962072961,0.772,0.565,4.16550215160081e-32,0.597912962072961,"sig","#E7B800"
"414","Npffr2",4.34e-18,0.287252872,0.049,0,1.51e-13,NA,"Tbpl1","Tbpl1",-0.024599194,1,0.287252872,2.06147096410477e-16,-0.274406692357264,0.002,0.049,7.18773081054409e-12,-0.274406692357264,"sig","#E7B800"
"415","Npy",2.3e-10,-0.369579291,0.352,0.453,8.03e-06,NA,"Cdk7","Cdk7",0.062668798,1,-0.369579291,5.67922898575401e-05,0.156109117915137,0.427,0.352,1,0.156109117915137,"non-sig","#00AFBB"
"416","Nrcam",5.76e-09,0.357133838,0.729,0.711,0.000200881,NA,"","",NA,NA,0.357133838,0.00409959046656228,-0.232499640859733,0.738,0.729,1,-0.232499640859733,"non-sig","#00AFBB"
"417","Nrg3",1.18e-46,-0.497296643,0.803,0.974,4.1e-42,NA,"Erf","Erf",-0.012232,1,-0.497296643,9.15791325002086e-59,0.559431434787987,0.952,0.803,3.19308961288477e-54,0.559431434787987,"sig","#E7B800"
"418","Nrg3os",5.7e-24,-0.329408176,0.584,0.792,1.99e-19,NA,"Msl1","Msl1",-0.001319889,1,-0.329408176,5.03241549052025e-44,0.488157066516878,0.825,0.584,1.7546523090797e-39,0.488157066516878,"sig","#E7B800"
"419","Nrgn",2.12e-08,-0.15432121,0.528,0.63,0.000740894,NA,"","",NA,NA,-0.15432121,0.106154635810646,-0.00967249043920737,0.588,0.528,1,-0.00967249043920737,"non-sig","#00AFBB"
"420","Nrxn3",8.63e-19,0.314677166,0.991,0.993,3.01e-14,NA,"Cxxc1","Cxxc1",0.039070979,1,0.314677166,6.98092886239801e-06,-0.107587938258507,0.993,0.991,0.243404046645231,-0.107587938258507,"non-sig","#00AFBB"
"421","Ntm",4.44e-08,-0.268146003,0.845,0.861,0.001549462,NA,"","",NA,NA,-0.268146003,3.31539618038961e-06,0.263438472938673,0.835,0.845,0.115597918621644,0.263438472938673,"non-sig","#00AFBB"
"422","Ntrk2",1.4e-20,-0.299227226,0.77,0.9,4.88e-16,NA,"Morc3","Morc3",-0.02919688,1,-0.299227226,3.96579025022381e-23,0.298910500080213,0.902,0.77,1.38275208654554e-18,0.298910500080213,"sig","#E7B800"
"423","Nxpe4",4.25e-10,-0.24659881,0.237,0.322,1.48e-05,NA,"Elf1","Elf1",-0.002331887,1,-0.24659881,9.44527942245061e-08,0.195641731030945,0.314,0.237,0.00329328557622586,0.195641731030945,"sig","#E7B800"
"424","Nxph1",2.96e-10,-0.1088035,0.668,0.761,1.03e-05,NA,"Tcf12","Tcf12",0.307469291,5.41971e-05,-0.1088035,1.89895053264442e-08,0.0880671456095481,0.74,0.668,0.00066210708221713,0.0880671456095481,"sig","#E7B800"
"425","Oprm1",3.79e-19,0.609775686,0.273,0.156,1.32e-14,NA,"Runx1","Runx1",0.041316533,1,0.609775686,2.1429989025574e-12,-0.509102596212493,0.183,0.273,7.4719942735469e-08,-0.509102596212493,"sig","#E7B800"
"426","Osbpl1a",6.85e-08,-0.189059222,0.352,0.445,0.002388021,NA,"","",NA,NA,-0.189059222,1.1885688022859e-08,0.184884181818338,0.456,0.352,0.000414418284293025,0.184884181818338,"sig","#E7B800"
"427","Osbpl3",1.53e-17,-0.351528715,0.421,0.547,5.35e-13,NA,"Irf5","Irf5",-0.003032003,1,-0.351528715,2.34304953848616e-17,0.315097711155769,0.561,0.421,8.16951082583968e-13,0.315097711155769,"sig","#E7B800"
"428","Osbpl6",4.96e-16,-0.280959347,0.469,0.592,1.73e-11,NA,"Ppara","Ppara",0.000118836,1,-0.280959347,4.17760782463618e-10,0.189846439212078,0.58,0.469,1.4566065202159e-05,0.189846439212078,"sig","#E7B800"
"429","Pals2",1.26e-11,-0.261991567,0.376,0.473,4.39e-07,NA,"Smyd3","Smyd3",-0.069707888,1,-0.261991567,1.4686094358419e-08,0.206227724448385,0.47,0.376,0.000512060051994995,0.206227724448385,"sig","#E7B800"
"430","Pam",1.3e-17,-0.276614031,0.696,0.834,4.53e-13,NA,"Nkx2-1","Nkx2-1",0.009654139,1,-0.276614031,5.20246148170283e-32,0.402948733160257,0.861,0.696,1.81394224482532e-27,0.402948733160257,"sig","#E7B800"
"431","Parm1",4.1e-07,-0.117689021,0.247,0.326,0.014278877,NA,"","",NA,NA,-0.117689021,4.67794560623455e-07,0.110020367263884,0.327,0.247,0.016310592945258,0.110020367263884,"sig","#E7B800"
"432","Pax6",1.64e-10,0.294962017,0.064,0.019,5.72e-06,NA,"Anpep","Anpep",-0.000380234,1,0.294962017,8.61936431648702e-06,-0.149040915794089,0.031,0.064,0.300531375622953,-0.149040915794089,"non-sig","#00AFBB"
"433","Pbx1",2.64e-48,1.254842616,0.768,0.653,9.2e-44,NA,"Cbx7","Cbx7",0.027681053,1,1.254842616,2.09430181460871e-36,-1.02077299745965,0.685,0.768,7.30220213699621e-32,-1.02077299745965,"sig","#E7B800"
"434","Pbx3",4.33e-88,2.040352759,0.413,0.126,1.51e-83,NA,"Stat3","Stat3",0.019311787,1,2.040352759,4.09140387959969e-70,-1.57333262181279,0.155,0.413,1.42654979070002e-65,-1.57333262181279,"sig","#E7B800"
"435","Pcbp3",1.04e-66,1.537668896,0.515,0.279,3.61e-62,NA,"Nucks1","Nucks1",0.096885593,1,1.537668896,8.2405816327235e-60,-1.43243057398867,0.304,0.515,2.8732435978817e-55,-1.43243057398867,"sig","#E7B800"
"436","Pced1b",4.48e-12,0.298378909,0.13,0.061,1.56e-07,NA,"Tbp","Tbp",0.027429559,1,0.298378909,1.62328877476615e-05,-0.214626034561513,0.086,0.13,0.565992097097714,-0.214626034561513,"non-sig","#00AFBB"
"437","Pclo",3.08e-30,-0.363784307,0.703,0.87,1.07e-25,NA,"PcgF3","Pcgf3",0.066457072,1,-0.363784307,2.29586965830381e-30,0.37712094609186,0.871,0.703,8.00500873760789e-26,0.37712094609186,"sig","#E7B800"
"438","Pcp4l1",1.94e-07,0.259591278,0.19,0.127,0.00677375,NA,"","",NA,NA,0.259591278,1.26609867275688e-10,-0.31974977032913,0.115,0.19,4.41450624230143e-06,-0.31974977032913,"sig","#E7B800"
"439","Pde10a",5.57e-10,-0.141400534,0.707,0.831,1.94e-05,NA,"Otx2","Otx2",0,1,-0.141400534,7.13048393416115e-16,0.211814254600293,0.846,0.707,2.48618583332397e-11,0.211814254600293,"sig","#E7B800"
"440","Pde3a",9.03e-08,0.302511404,0.061,0.023,0.003150169,NA,"","",NA,NA,0.302511404,3.50056798228631e-05,-0.264749240018886,0.031,0.061,1,-0.264749240018886,"non-sig","#00AFBB"
"441","Pde4d",3.32e-10,0.210969718,0.937,0.926,1.16e-05,NA,"Gata4","Gata4",-0.001255908,1,0.210969718,0.00930177505762819,-0.0705328114972423,0.946,0.937,1,-0.0705328114972423,"non-sig","#00AFBB"
"442","Pde8b",3.52e-14,-0.301857111,0.357,0.473,1.23e-09,NA,"Osr1","Osr1",0,1,-0.301857111,1.20595427147817e-12,0.224647720144544,0.483,0.357,4.20480075836295e-08,0.224647720144544,"sig","#E7B800"
"443","Peg3",2.76e-10,-0.205431794,0.727,0.804,9.63e-06,NA,"Kmt2a","Kmt2a",-0.075775731,1,-0.205431794,2.02976203152198e-16,0.25242213014555,0.839,0.727,7.0771712753077e-12,0.25242213014555,"sig","#E7B800"
"444","Peli2",9.91e-16,0.418392021,0.188,0.095,3.46e-11,NA,"Epop","Epop",0.011982191,1,0.418392021,4.87399568555909e-16,-0.507475234429641,0.097,0.188,1.69941607568389e-11,-0.507475234429641,"sig","#E7B800"
"445","Phactr1",6.15e-13,-0.225220377,0.738,0.856,2.15e-08,NA,"Nipbl","Nipbl",0.066901211,1,-0.225220377,5.88497950211789e-18,0.259989260038634,0.86,0.738,2.05191580300344e-13,0.259989260038634,"sig","#E7B800"
"446","Pifo",1.27e-06,0.075224776,0.022,0.003,0.044305313,NA,"","",NA,NA,0.075224776,2.34310611535761e-05,-0.0650159794417867,0.005,0.022,0.816970809241737,-0.0650159794417867,"non-sig","#00AFBB"
"447","Pigk",5.66e-07,-0.199062064,0.4,0.483,0.019729461,NA,"","",NA,NA,-0.199062064,8.28834032038181e-06,0.134544182516365,0.489,0.4,0.288989561950752,0.134544182516365,"non-sig","#00AFBB"
"448","Pip5k1b",2.96e-09,-0.288604653,0.247,0.332,0.000103077,NA,"","",NA,NA,-0.288604653,7.26397204453645e-09,0.231064404890839,0.337,0.247,0.000253272913276852,0.231064404890839,"sig","#E7B800"
"449","Pitpnc1",7.49e-15,-0.357970239,0.366,0.485,2.61e-10,NA,"Nfib","Nfib",0.051956271,1,-0.357970239,8.48470055655385e-17,0.331245103201497,0.508,0.366,2.95836054305363e-12,0.331245103201497,"sig","#E7B800"
"450","Pknox2",4.95e-15,-0.309315355,0.411,0.529,1.73e-10,NA,"Brd4","Brd4",0.008470255,1,-0.309315355,3.7982129498814e-10,0.195712680820067,0.513,0.411,1.32432290923515e-05,0.195712680820067,"sig","#E7B800"
"451","Plcb4",1.27e-07,0.350902526,0.443,0.374,0.004422185,NA,"","",NA,NA,0.350902526,7.60182189687576e-05,-0.272856018766642,0.407,0.443,1,-0.272856018766642,"non-sig","#00AFBB"
"452","Plekha1",8.12e-12,0.425091081,0.402,0.302,2.83e-07,NA,"Stat1","Stat1",0.031501125,1,0.425091081,0.00225766869615967,-0.322460887763039,0.377,0.402,1,-0.322460887763039,"non-sig","#00AFBB"
"453","Plekha2",6.31e-09,0.225756886,0.053,0.016,0.00021985,NA,"","",NA,NA,0.225756886,2.02247266349076e-14,-0.270761978435729,0.007,0.053,7.05175543579322e-10,-0.270761978435729,"sig","#E7B800"
"454","Plxna2",1.75e-13,-0.281257214,0.375,0.487,6.11e-09,NA,"Smarcc1","Smarcc1",0.088191281,1,-0.281257214,5.7979817934364e-13,0.26074045342468,0.496,0.375,2.02158231191747e-08,0.26074045342468,"sig","#E7B800"
"455","Plxna4",9.45e-24,-0.336541947,0.554,0.724,3.3e-19,NA,"Rorc","Rorc",-0.001080063,1,-0.336541947,1.26692371377329e-25,0.381387851439115,0.726,0.554,4.41738291281333e-21,0.381387851439115,"sig","#E7B800"
"456","Ppfia2",1.13e-22,0.478602132,0.869,0.814,3.93e-18,NA,"Zeb1","Zeb1",0.36555426,0.023809435,0.478602132,3.68845965032145e-11,-0.337617275070076,0.844,0.869,1.28605522627758e-06,-0.337617275070076,"sig","#E7B800"
"457","Ppm1e",3.98e-38,0.893959595,0.778,0.67,1.39e-33,NA,"Rbbp4","Rbbp4",0.074370732,1,0.893959595,2.25252204641556e-35,-0.856781296225381,0.702,0.778,7.85386861923712e-31,-0.856781296225381,"sig","#E7B800"
"458","Ppm1h",1.96e-13,-0.248781525,0.423,0.539,6.85e-09,NA,"Sirt6","Sirt6",-0.014566085,1,-0.248781525,1.22622340393428e-06,0.162491898120818,0.513,0.423,0.0427547314249766,0.162491898120818,"sig","#E7B800"
"459","Ppp1r12b",8.59e-27,0.665198654,0.576,0.434,2.99e-22,NA,"Chd2","Chd2",-0.04994082,1,0.665198654,2.04262323790598e-18,-0.598575464348011,0.496,0.576,7.12201444360679e-14,-0.598575464348011,"sig","#E7B800"
"460","Prkca",2.96e-12,0.639709063,0.666,0.616,1.03e-07,NA,"Zbtb17","Zbtb17",-0.003795015,1,0.639709063,1.89259061659928e-11,-0.623999653714828,0.624,0.666,6.5988957028967e-07,-0.623999653714828,"sig","#E7B800"
"461","Prkg1",6.43e-25,1.324443442,0.546,0.435,2.24e-20,NA,"Pou5f1","Pou5f1",-0.001351157,1,1.324443442,9.82706655256097e-25,-1.21316888587405,0.43,0.546,3.42640329488143e-20,-1.21316888587405,"sig","#E7B800"
"462","Prkn",5.62e-08,-0.179513036,0.762,0.851,0.001960085,NA,"","",NA,NA,-0.179513036,7.68748860033935e-14,0.254324089151961,0.867,0.762,2.68039665028032e-09,0.254324089151961,"sig","#E7B800"
"463","Ptchd4",1.97e-39,-0.5534455,0.495,0.708,6.85e-35,NA,"Foxp3","Foxp3",0.00438132,1,-0.5534455,9.41520373751789e-40,0.539377131164197,0.712,0.495,3.28279908716036e-35,0.539377131164197,"sig","#E7B800"
"464","Ptgds",1.21e-19,0.488579747,0.493,0.354,4.21e-15,NA,"Nr1h3","Nr1h3",0.010444128,1,0.488579747,0.0397784558668149,-0.213291554535851,0.489,0.493,1,-0.213291554535851,"non-sig","#00AFBB"
"465","Ptk2b",4.78e-15,0.393914579,0.164,0.079,1.67e-10,NA,"Rfx3","Rfx3",0.179838269,1,0.393914579,4.95534596976956e-19,-0.438847878394328,0.068,0.164,1.72778047927955e-14,-0.438847878394328,"sig","#E7B800"
"466","Ptprd",7.95e-26,-0.361039851,0.787,0.916,2.77e-21,NA,"Ncoa2","Ncoa2",-0.023174294,1,-0.361039851,1.90868987223499e-22,0.373980014053794,0.902,0.787,6.65502897752174e-18,0.373980014053794,"sig","#E7B800"
"467","Ptpre",8.22e-10,-0.234181817,0.261,0.348,2.87e-05,NA,"","",NA,NA,-0.234181817,1.08503661002078e-09,0.243399599693863,0.351,0.261,3.78319714815946e-05,0.243399599693863,"sig","#E7B800"
"468","Ptprj",8.54e-08,-0.211217127,0.4,0.487,0.00297636,NA,"","",NA,NA,-0.211217127,0.000995873063453203,0.095269352444211,0.471,0.4,1,0.095269352444211,"non-sig","#00AFBB"
"469","Ptprk",7.74e-14,0.64968759,0.229,0.136,2.7e-09,NA,"Zic3","Zic3",0.04234164,1,0.64968759,6.95305953367139e-14,-0.650176123819619,0.136,0.229,2.4243232676052e-09,-0.650176123819619,"sig","#E7B800"
"470","Ptpro",5.4e-40,1.249604299,0.455,0.267,1.88e-35,NA,"Stat2","Stat2",0.015018401,1,1.249604299,2.9739160754469e-30,-1.18178361374776,0.311,0.455,1.03691531802607e-25,-1.18178361374776,"sig","#E7B800"
"471","Ptprr",5.77e-07,-0.176935306,0.347,0.424,0.020110349,NA,"","",NA,NA,-0.176935306,0.000245289915922231,0.101022105127932,0.412,0.347,1,0.101022105127932,"non-sig","#00AFBB"
"472","Pvt1",2.25e-15,-0.33688924,0.382,0.499,7.86e-11,NA,"Neurod2","Neurod2",0.004368997,1,-0.33688924,4.15843635992126e-14,0.296783643273739,0.503,0.382,1.44992200561375e-09,0.296783643273739,"sig","#E7B800"
"473","Qki",1.31e-09,0.343675631,0.695,0.648,4.56e-05,NA,"","",NA,NA,0.343675631,0.352989189779367,-0.126117750081004,0.722,0.695,1,-0.126117750081004,"non-sig","#00AFBB"
"474","Rab27b",5.19e-14,-0.268045711,0.336,0.455,1.81e-09,NA,"Kat8","Kat8",-0.028370564,1,-0.268045711,2.01680280019243e-12,0.236220584355472,0.456,0.336,7.03198632343095e-08,0.236220584355472,"sig","#E7B800"
"475","Rab3b",4.83e-10,-0.272147134,0.293,0.384,1.68e-05,NA,"Kmt2d","Kmt2d",-0.057158373,1,-0.272147134,4.96593789604803e-07,0.160647393706674,0.373,0.293,0.0173147356621507,0.160647393706674,"sig","#E7B800"
"476","Rab3c",1e-12,-0.248328923,0.656,0.778,3.5e-08,NA,"Tp63","#N/A",NA,NA,-0.248328923,1.17238918086453e-16,0.291957943480251,0.799,0.656,4.08776935692036e-12,0.291957943480251,"sig","#E7B800"
"477","Rab40b",4.95e-08,0.285620763,0.19,0.126,0.001724953,NA,"","",NA,NA,0.285620763,1.11487106362995e-06,-0.299001426817987,0.136,0.19,0.0388722093755855,-0.299001426817987,"sig","#E7B800"
"478","Rab6a",2.08e-07,-0.218797652,0.444,0.525,0.0072452,NA,"","",NA,NA,-0.218797652,0.00064057267825338,0.119577467640121,0.511,0.444,1,0.119577467640121,"non-sig","#00AFBB"
"479","Rab6b",1.31e-10,-0.269767383,0.554,0.642,4.56e-06,NA,"Pbrm1","Pbrm1",0.141230416,1,-0.269767383,0.0380011310919259,0.0531405037062536,0.61,0.554,1,0.0531405037062536,"non-sig","#00AFBB"
"480","Ralyl",3.88e-08,-0.275551658,0.507,0.59,0.00135132,NA,"","",NA,NA,-0.275551658,5.90955489344765e-05,0.309712578063106,0.572,0.507,1,0.309712578063106,"non-sig","#00AFBB"
"481","Rap1gds1",3.09e-09,0.521738859,0.541,0.473,0.000107575,NA,"","",NA,NA,0.521738859,4.71687428797591e-07,-0.468063789955738,0.503,0.541,0.0164463255798856,-0.468063789955738,"sig","#E7B800"
"482","Rasa1",1.09e-09,0.337380249,0.473,0.381,3.82e-05,NA,"","",NA,NA,0.337380249,2.47797539729921e-06,-0.302720538926671,0.426,0.473,0.0863995681776314,-0.302720538926671,"non-sig","#00AFBB"
"483","Rasa2",2.42e-19,0.750255029,0.398,0.281,8.44e-15,NA,"Nr1d1","Nr1d1",0.058906405,1,0.750255029,3.50520075760878e-13,-0.69162061953371,0.315,0.398,1.22215834815545e-08,-0.69162061953371,"sig","#E7B800"
"484","Rasl11b",6.9e-08,0.232751757,0.07,0.03,0.002406861,NA,"","",NA,NA,0.232751757,1.82320783379207e-07,-0.218827623384258,0.031,0.07,0.0063569787540828,-0.218827623384258,"sig","#E7B800"
"485","Rassf8",4.89e-07,0.238856972,0.24,0.173,0.017066216,NA,"","",NA,NA,0.238856972,0.000567218445380822,-0.254249748117492,0.201,0.24,1,-0.254249748117492,"non-sig","#00AFBB"
"486","Rbfox1",1.42e-34,-0.394659124,0.873,0.958,4.95e-30,NA,"Pias2","Pias2",-0.039749142,1,-0.394659124,3.36775842046147e-27,0.383168274198692,0.926,0.873,1.1742363284623e-22,0.383168274198692,"sig","#E7B800"
"487","Rbm39",9.33e-12,0.231459415,0.88,0.865,3.25e-07,NA,"Bcl6","Bcl6",-0.042601652,1,0.231459415,0.00270652258876933,-0.0993832905006311,0.888,0.88,1,-0.0993832905006311,"non-sig","#00AFBB"
"488","Rbms1",1.14e-09,-0.214277937,0.21,0.29,3.97e-05,NA,"","",NA,NA,-0.214277937,4.28365211164662e-08,0.15566293981873,0.288,0.21,0.00149358098176783,0.15566293981873,"sig","#E7B800"
"489","Rbms3",1.24e-24,-0.321768554,0.67,0.864,4.31e-20,NA,"Gabpa","Gabpa",-0.027742952,1,-0.321768554,1.98319670254767e-35,0.411791069258198,0.871,0.67,6.91481194277294e-31,0.411791069258198,"sig","#E7B800"
"490","Rcan2",1.92e-10,-0.234671483,0.435,0.54,6.71e-06,NA,"Ldb1","Ldb1",0.099145495,1,-0.234671483,6.17776123528495e-08,0.161036658179269,0.543,0.435,0.0021540000099068,0.161036658179269,"sig","#E7B800"
"491","Reln",4.09e-11,-0.406554505,0.268,0.367,1.42e-06,NA,"Bcl11b","Bcl11b",-0.003993412,1,-0.406554505,3.57338404669233e-13,0.475960940662961,0.379,0.268,1.24593181556021e-08,0.475960940662961,"sig","#E7B800"
"492","Reps2",1.03e-09,-0.241202983,0.509,0.608,3.6e-05,NA,"","",NA,NA,-0.241202983,3.10239703074513e-12,0.242053887557438,0.637,0.509,1.0817127727099e-07,0.242053887557438,"sig","#E7B800"
"493","Rgl1",2.34e-10,0.358251975,0.218,0.14,8.15e-06,NA,"Hoxd11","#N/A",NA,NA,0.358251975,2.39891770222059e-07,-0.286112616008657,0.156,0.218,0.00836430635233255,-0.286112616008657,"sig","#E7B800"
"494","Rgs6",3.26e-08,-0.242640354,0.322,0.415,0.001135291,NA,"","",NA,NA,-0.242640354,0.000138682638301563,0.185842235064147,0.386,0.322,1,0.185842235064147,"non-sig","#00AFBB"
"495","Rgs7",1.62e-07,-0.054962374,0.685,0.774,0.005650122,NA,"","",NA,NA,-0.054962374,0.000394779435054351,-0.0398377405491313,0.769,0.685,1,-0.0398377405491313,"non-sig","#00AFBB"
"496","Rgs7bp",5.56e-16,-0.294263838,0.612,0.734,1.94e-11,NA,"Foxl2","Foxl2",0,1,-0.294263838,9.4468753630813e-12,0.206368805734499,0.744,0.612,3.29384203284556e-07,0.206368805734499,"sig","#E7B800"
"497","Rian",6.52e-16,-0.24233279,0.756,0.886,2.27e-11,NA,"Cebpb","Cebpb",-0.039075072,1,-0.24233279,5.01201831285844e-19,0.263226951193045,0.882,0.756,1.74754042514435e-14,0.263226951193045,"sig","#E7B800"
"498","Rimbp2",9.43e-08,-0.252764844,0.482,0.554,0.003286241,NA,"","",NA,NA,-0.252764844,0.000669869512911493,0.116787203992922,0.55,0.482,1,0.116787203992922,"non-sig","#00AFBB"
"499","Rims1",1.49e-55,-0.540906578,0.682,0.935,5.2e-51,NA,"Hoxb4","Hoxb4",0,1,-0.540906578,4.35676493392124e-58,0.529211839267684,0.926,0.682,1.51907322951032e-53,0.529211839267684,"sig","#E7B800"
"500","Rims4",1.02e-10,-0.271129018,0.2,0.282,3.56e-06,NA,"Nr5a1","Nr5a1",0,1,-0.271129018,0.184602575118294,0.00391597274894306,0.218,0.2,1,0.00391597274894306,"non-sig","#00AFBB"
"501","Rmst",8.82e-16,0.490663028,0.089,0.025,3.08e-11,NA,"Smc1a","Smc1a",0.085825907,1,0.490663028,2.38592785516546e-07,-0.357926870992638,0.046,0.089,0.00831901465260541,-0.357926870992638,"sig","#E7B800"
"502","Rn18s-rs5",1.12e-31,-0.245955503,1,0.999,3.9e-27,NA,"Ets1","Ets1",-0.10113446,1,-0.245955503,5.33665481602058e-60,-0.328180398501041,0.999,1,1.8607314347019e-55,-0.328180398501041,"sig","#E7B800"
"503","Rnf144b",1.7e-17,-0.377141584,0.267,0.393,5.94e-13,NA,"Taf12","Taf12",-0.059795381,1,-0.377141584,3.3305922258863e-09,0.224492525174772,0.363,0.267,0.000116127759139978,0.224492525174772,"sig","#E7B800"
"504","Robo1",1.71e-32,-0.35168131,0.721,0.917,5.95e-28,NA,"Stat4","Stat4",0.010921032,1,-0.35168131,9.74778282919967e-34,0.413393658335647,0.896,0.721,3.39875943905705e-29,0.413393658335647,"sig","#E7B800"
"505","Rock2",2.23e-15,-0.286972859,0.523,0.649,7.77e-11,NA,"Olig2","Olig2",0.018052563,1,-0.286972859,6.94563298497476e-06,0.104674227426959,0.633,0.523,0.242173385287115,0.104674227426959,"non-sig","#00AFBB"
"506","Rph3a",4.75e-15,-0.348354455,0.261,0.372,1.65e-10,NA,"Asxl1","Asxl1",0.037018538,1,-0.348354455,9.04690979143439e-09,0.20599005541213,0.35,0.261,0.000315438603697943,0.20599005541213,"sig","#E7B800"
"507","Rragd",2.47e-07,0.258921881,0.143,0.089,0.008609476,NA,"","",NA,NA,0.258921881,1.42983773265806e-07,-0.30541639230626,0.09,0.143,0.00498541522245885,-0.30541639230626,"sig","#E7B800"
"508","Rtn3",2.8e-07,-0.152381162,0.819,0.891,0.009769397,NA,"","",NA,NA,-0.152381162,0.00081233953506745,0.107992105131568,0.882,0.819,1,0.107992105131568,"non-sig","#00AFBB"
"509","Rtn4",2.53e-07,0.279989476,0.741,0.723,0.008822957,NA,"","",NA,NA,0.279989476,7.56954572479249e-15,-0.382099702172142,0.703,0.741,2.6392735078634e-10,-0.382099702172142,"sig","#E7B800"
"510","Rundc3b",3.68e-07,-0.184717492,0.276,0.346,0.01282852,NA,"","",NA,NA,-0.184717492,2.37730354378761e-09,0.194931687541112,0.37,0.276,8.28894426612425e-05,0.194931687541112,"sig","#E7B800"
"511","Ryr2",1.39e-07,0.337477666,0.707,0.668,0.004840106,NA,"","",NA,NA,0.337477666,3.60590187003594e-06,-0.290907210225853,0.692,0.707,0.125726980502543,-0.290907210225853,"non-sig","#00AFBB"
"512","Sall3",2.71e-09,0.155810332,0.031,0.003,9.47e-05,NA,"","",NA,NA,0.155810332,9.47171792482968e-07,-0.118811889857189,0.007,0.031,0.0330250388885037,-0.118811889857189,"sig","#E7B800"
"513","Samd5",1.41e-15,-0.349545609,0.298,0.416,4.93e-11,NA,"Phf19","Phf19",-0.004083073,1,-0.349545609,1.79400440552256e-17,0.357105240055531,0.426,0.298,6.25515516073552e-13,0.357105240055531,"sig","#E7B800"
"514","Sash1",3.25e-07,-0.207566147,0.151,0.21,0.011340774,NA,"","",NA,NA,-0.207566147,0.000158663641819798,0.13108470509576,0.197,0.151,1,0.13108470509576,"non-sig","#00AFBB"
"515","Satb1",3.62e-09,-0.231897902,0.312,0.402,0.000126113,NA,"","",NA,NA,-0.231897902,9.51939982366775e-08,0.22322785917593,0.397,0.312,0.00331912913651823,0.22322785917593,"sig","#E7B800"
"516","Scn1a",2.77e-13,-0.215319929,0.632,0.762,9.66e-09,NA,"Runx2","Runx2",-0.152122342,1,-0.215319929,1.35254676942791e-13,0.230740780118865,0.782,0.632,4.71592482096428e-09,0.230740780118865,"sig","#E7B800"
"517","Scn2a",2.98e-08,-0.173407335,0.681,0.777,0.001039845,NA,"","",NA,NA,-0.173407335,0.0060605052401096,0.0542759191169724,0.762,0.681,1,0.0542759191169724,"non-sig","#00AFBB"
"518","Scn3a",5.89e-13,0.394255401,0.342,0.242,2.05e-08,NA,"Myod1","Myod1",0,1,0.394255401,1.44615217139195e-07,-0.353461712457275,0.283,0.342,0.00504229877599233,-0.353461712457275,"sig","#E7B800"
"519","Scn8a",3.61e-14,-0.260594194,0.528,0.651,1.26e-09,NA,"Btaf1","Btaf1",0.029169195,1,-0.260594194,1.24317520171175e-07,0.154482763614114,0.634,0.528,0.00433457897580835,0.154482763614114,"sig","#E7B800"
"520","Scn9a",2.21e-09,-0.243689636,0.313,0.414,7.71e-05,NA,"","",NA,NA,-0.243689636,1.44120804830856e-10,0.253756041744987,0.42,0.313,5.02506010203744e-06,0.253756041744987,"sig","#E7B800"
"521","Sdk2",2.6e-10,0.345109212,0.203,0.126,9.06e-06,NA,"Leo1","Leo1",-0.015558693,1,0.345109212,0.000432403322272081,-0.197247514049703,0.16,0.203,1,-0.197247514049703,"non-sig","#00AFBB"
"522","Sel1l3",1.35e-15,-0.309684881,0.257,0.37,4.71e-11,NA,"Ptf1a","#N/A",NA,NA,-0.309684881,1.95400604143835e-09,0.187356992238091,0.346,0.257,6.8130328646831e-05,0.187356992238091,"sig","#E7B800"
"523","Sema6d",7.91e-10,-0.295531986,0.353,0.45,2.76e-05,NA,"","",NA,NA,-0.295531986,4.64131310633837e-08,0.287932476883699,0.441,0.353,0.001618286640787,0.287932476883699,"sig","#E7B800"
"524","Sgk1",3.84e-16,-0.326377355,0.331,0.449,1.34e-11,NA,"Dppa2","#N/A",NA,NA,-0.326377355,2.28970384013293e-05,0.150918551914823,0.396,0.331,0.79835103793915,0.150918551914823,"non-sig","#00AFBB"
"525","Sh3bgrl2",6.2e-11,0.438568285,0.193,0.117,2.16e-06,NA,"Gata3","#N/A",NA,NA,0.438568285,1.77799992900276e-06,-0.393702297329891,0.141,0.193,0.0619935235245392,-0.393702297329891,"non-sig","#00AFBB"
"526","Sh3rf1",3.26e-07,-0.208955433,0.245,0.314,0.011364477,NA,"","",NA,NA,-0.208955433,1.16434933002735e-06,0.170237229970169,0.315,0.245,0.0405973680900637,0.170237229970169,"sig","#E7B800"
"527","Sh3rf3",1.55e-40,-0.474272541,0.488,0.712,5.4e-36,NA,"Irf7","Irf7",-0.001502833,1,-0.474272541,1.10389482680171e-43,0.522792733259074,0.715,0.488,3.84895009260951e-39,0.522792733259074,"sig","#E7B800"
"528","Shank1",1.52e-08,-0.167591525,0.416,0.505,0.0005307,NA,"","",NA,NA,-0.167591525,0.0119830205964004,0.0142061326675491,0.472,0.416,1,0.0142061326675491,"non-sig","#00AFBB"
"529","Shc3",4.15e-16,-0.319058694,0.261,0.374,1.45e-11,NA,"Pparg","Pparg",0.374924665,1,-0.319058694,1.68190964853535e-14,0.294588978752029,0.372,0.261,5.86431437154821e-10,0.294588978752029,"sig","#E7B800"
"530","Shisa6",1.13e-14,-0.41030882,0.237,0.353,3.93e-10,NA,"Ikzf1","Ikzf1",0.054949307,1,-0.41030882,3.18603933880171e-14,0.396991354465992,0.352,0.237,1.11087633625999e-09,0.396991354465992,"sig","#E7B800"
"531","Shisa8",8.34e-12,0.266261167,0.085,0.029,2.91e-07,NA,"Dux","#N/A",NA,NA,0.266261167,9.25554603879662e-13,-0.297852308766433,0.028,0.085,3.22713123734722e-08,-0.297852308766433,"sig","#E7B800"
"532","Shtn1",7.38e-09,-0.109965009,0.407,0.501,0.000257351,NA,"","",NA,NA,-0.109965009,2.52232372268469e-07,0.0954114249299931,0.501,0.407,0.00879458612388472,0.0954114249299931,"sig","#E7B800"
"533","Sidt1",5.38e-09,-0.239522277,0.246,0.326,0.000187552,NA,"","",NA,NA,-0.239522277,5.09116616055911e-09,0.219160504687027,0.329,0.246,0.000177513690520215,0.219160504687027,"sig","#E7B800"
"534","Sipa1l1",1.5e-20,0.529410793,0.662,0.555,5.23e-16,NA,"Creb1","Creb1",0.108569213,1,0.529410793,1.33727335304186e-08,-0.379251070715546,0.633,0.662,0.000466267100005106,-0.379251070715546,"sig","#E7B800"
"535","Slc1a3",8.28e-07,0.365036647,0.088,0.046,0.028857969,NA,"","",NA,NA,0.365036647,0.00786031204872163,-0.28774354165249,0.065,0.088,1,-0.28774354165249,"non-sig","#00AFBB"
"536","Slc22a23",2.37e-09,-0.229395868,0.252,0.336,8.27e-05,NA,"","",NA,NA,-0.229395868,1.16509242309986e-09,0.212407087499207,0.343,0.252,4.06232775162227e-05,0.212407087499207,"sig","#E7B800"
"537","Slc24a2",3.33e-28,-0.341235918,0.572,0.782,1.16e-23,NA,"Mafk","Mafk",-0.007982225,1,-0.341235918,2.79414828650156e-31,0.430482728677304,0.774,0.572,9.742356830545e-27,0.430482728677304,"sig","#E7B800"
"538","Slc24a3",1.86e-08,-0.216008462,0.579,0.68,0.000649733,NA,"","",NA,NA,-0.216008462,1.90647367678833e-20,0.348997994817174,0.728,0.579,6.64730176885786e-16,0.348997994817174,"sig","#E7B800"
"539","Slc2a13",6.77e-27,-0.386822677,0.607,0.79,2.36e-22,NA,"Hey1","Hey1",-0.023302436,1,-0.386822677,4.13697103377725e-30,0.445232007378532,0.788,0.607,1.44243769034712e-25,0.445232007378532,"sig","#E7B800"
"540","Slc35f1",3.94e-21,-0.341769041,0.511,0.671,1.38e-16,NA,"Ascl1","Ascl1",-0.029080054,1,-0.341769041,1.58357081981361e-17,0.345650263103637,0.662,0.511,5.52143637744411e-13,0.345650263103637,"sig","#E7B800"
"541","Slc4a10",2.29e-07,0.277687241,0.714,0.68,0.007985632,NA,"","",NA,NA,0.277687241,0.00133413647721732,-0.205268672070798,0.723,0.714,1,-0.205268672070798,"non-sig","#00AFBB"
"542","Slc4a4",2.78e-09,0.410299858,0.448,0.37,9.69e-05,NA,"","",NA,NA,0.410299858,0.000340846792915919,-0.287809981410019,0.408,0.448,1,-0.287809981410019,"non-sig","#00AFBB"
"543","Slc6a1",7.33e-14,-0.271851985,0.553,0.689,2.56e-09,NA,"Sox3","Sox3",0.004540905,1,-0.271851985,5.79710756491774e-13,0.223287568764094,0.695,0.553,2.02127749465987e-08,0.223287568764094,"sig","#E7B800"
"544","Slc6a17",8.59e-08,-0.18433688,0.385,0.469,0.002996482,NA,"","",NA,NA,-0.18433688,0.0012725121817369,0.072006608700812,0.447,0.385,1,0.072006608700812,"non-sig","#00AFBB"
"545","Slc7a14",8.32e-10,-0.272076438,0.348,0.433,2.9e-05,NA,"","",NA,NA,-0.272076438,2.87968076369737e-11,0.237643572510222,0.458,0.348,1.00405829187836e-06,0.237643572510222,"sig","#E7B800"
"546","Slc8a1",3.13e-12,0.555391804,0.787,0.758,1.09e-07,NA,"Ncoa3","Ncoa3",0.017183543,1,0.555391804,8.7189042341142e-05,-0.393611393270452,0.792,0.787,1,-0.393611393270452,"non-sig","#00AFBB"
"547","Slc9a9",6.7e-08,0.44275643,0.46,0.4,0.002335329,NA,"","",NA,NA,0.44275643,5.02688078397191e-13,-0.548830359102777,0.382,0.46,1.75272252294748e-08,-0.548830359102777,"sig","#E7B800"
"548","Slco5a1",3.8e-23,0.383217701,0.107,0.021,1.33e-18,NA,"Cat","Cat",-0.000289803,1,0.383217701,1.51127877849717e-15,-0.331771434490706,0.037,0.107,5.26937571698609e-11,-0.331771434490706,"sig","#E7B800"
"549","Slit2",5.17e-11,-0.37436372,0.235,0.332,1.8e-06,NA,"Ncor2","Ncor2",0.017373613,1,-0.37436372,2.26014054719008e-14,0.472755655690845,0.344,0.235,7.88043204588766e-10,0.472755655690845,"sig","#E7B800"
"550","Smoc1",1.49e-08,0.266069169,0.075,0.031,0.00052052,NA,"","",NA,NA,0.266069169,0.000826915295494496,-0.114453305339305,0.048,0.075,1,-0.114453305339305,"non-sig","#00AFBB"
"551","Snap25",1.35e-16,0.342740138,0.931,0.934,4.7e-12,NA,"Esr2","Esr2",-0.001884194,1,0.342740138,4.3056191000033e-25,-0.413554990641255,0.929,0.931,1.50124021159815e-20,-0.413554990641255,"sig","#E7B800"
"552","Snhg11",2.86e-58,-0.396253089,0.968,0.987,9.97e-54,NA,"Ep300","Ep300",0.055402197,1,-0.396253089,5.24446684332708e-19,0.236305840138614,0.971,0.968,1.82858825426285e-14,0.236305840138614,"sig","#E7B800"
"553","Sntg1",4.69e-11,-0.182889285,0.866,0.941,1.63e-06,NA,"Foxf1","Foxf1",0,1,-0.182889285,4.86547857232066e-24,0.34297948007122,0.93,0.866,1.69644641381104e-19,0.34297948007122,"sig","#E7B800"
"554","Sntg2",1.17e-08,0.339141362,0.155,0.094,0.000406359,NA,"","",NA,NA,0.339141362,1.02234864497949e-05,-0.274472777924255,0.108,0.155,0.356462302044999,-0.274472777924255,"non-sig","#00AFBB"
"555","Snx25",2.16e-07,-0.215838376,0.258,0.324,0.007540578,NA,"","",NA,NA,-0.215838376,3.51376269667664e-07,0.148128888559962,0.335,0.258,0.0122514363945024,0.148128888559962,"sig","#E7B800"
"556","Sorbs1",9.18e-23,-0.343774019,0.632,0.775,3.2e-18,NA,"Men1","Men1",-0.039669488,1,-0.343774019,4.92814300793178e-22,0.326536819988119,0.787,0.632,1.71829562257557e-17,0.326536819988119,"sig","#E7B800"
"557","Sorcs3",3.16e-07,-0.35528914,0.32,0.397,0.011013892,NA,"","",NA,NA,-0.35528914,7.75929921287923e-05,0.411790203813485,0.373,0.32,1,0.411790203813485,"non-sig","#00AFBB"
"558","Sox4",2.1e-08,0.26226211,0.114,0.06,0.000732452,NA,"","",NA,NA,0.26226211,3.29611779817642e-06,-0.201394550257531,0.069,0.114,0.114925739269017,-0.201394550257531,"non-sig","#00AFBB"
"559","Sox5",3.17e-10,-0.211715712,0.458,0.557,1.1e-05,NA,"Cebpa","Cebpa",-0.005680256,1,-0.211715712,1.08845219425354e-12,0.220328135362534,0.581,0.458,3.7951062657038e-08,0.220328135362534,"sig","#E7B800"
"560","Sox6",4.04e-27,-0.474375978,0.35,0.547,1.41e-22,NA,"Rfx2","Rfx2",0.060443783,1,-0.474375978,6.61730712382928e-46,0.752411834612883,0.577,0.35,2.30725647486556e-41,0.752411834612883,"sig","#E7B800"
"561","Sp8",8.79e-07,0.181938287,0.049,0.018,0.030647936,NA,"","",NA,NA,0.181938287,0.000483151925172913,-0.10434376184176,0.026,0.049,1,-0.10434376184176,"non-sig","#00AFBB"
"562","Spock1",1.46e-28,-0.43536479,0.511,0.69,5.09e-24,NA,"Insm1","Insm1",0.016259694,1,-0.43536479,1.0471978986e-28,0.444296244430841,0.691,0.511,3.65126491304862e-24,0.444296244430841,"sig","#E7B800"
"563","Spred2",3.65e-08,-0.220932942,0.366,0.435,0.001272825,NA,"","",NA,NA,-0.220932942,0.128970811866025,-0.00222459601066927,0.398,0.366,1,-0.00222459601066927,"non-sig","#00AFBB"
"564","Sptb",2e-07,-0.18366395,0.24,0.31,0.006986273,NA,"","",NA,NA,-0.18366395,0.0253183540307004,0.0547145829647393,0.272,0.24,1,0.0547145829647393,"non-sig","#00AFBB"
"565","Srcin1",7.49e-09,-0.209645549,0.424,0.509,0.000261147,NA,"","",NA,NA,-0.209645549,0.301803299814088,-0.00481605326713885,0.455,0.424,1,-0.00481605326713885,"non-sig","#00AFBB"
"566","Srgap2",9.53e-08,-0.139885782,0.561,0.669,0.003324227,NA,"","",NA,NA,-0.139885782,3.97436096005472e-22,0.283703881360714,0.736,0.561,1.38574043594228e-17,0.283703881360714,"sig","#E7B800"
"567","Sst",1.84e-07,-0.151706526,0.331,0.419,0.006412338,NA,"","",NA,NA,-0.151706526,1.59005216830918e-05,0.131832474255209,0.41,0.331,0.554403489524363,0.131832474255209,"non-sig","#00AFBB"
"568","St6galnac3",1.68e-29,0.955977994,0.338,0.19,5.87e-25,NA,"Sox9","Sox9",0.025436377,1,0.955977994,3.260107561697e-35,-1.00484239683976,0.175,0.338,1.13670170353689e-30,-1.00484239683976,"sig","#E7B800"
"569","St6galnac5",4.4e-07,-0.223384732,0.294,0.366,0.015352607,NA,"","",NA,NA,-0.223384732,0.0002086994551261,0.119446573452587,0.356,0.294,1,0.119446573452587,"non-sig","#00AFBB"
"570","Stac2",6.23e-07,-0.168142401,0.127,0.184,0.021723454,NA,"","",NA,NA,-0.168142401,0.0095129977954617,0.0220376270115478,0.159,0.127,1,0.0220376270115478,"non-sig","#00AFBB"
"571","Stag1",6.13e-08,0.255273551,0.689,0.63,0.002138738,NA,"","",NA,NA,0.255273551,0.354871213482986,-0.0120474178017971,0.728,0.689,1,-0.0120474178017971,"non-sig","#00AFBB"
"572","Stambpl1",8.75e-09,-0.224149579,0.224,0.299,0.000304928,NA,"","",NA,NA,-0.224149579,5.95743730490402e-06,0.133839290285796,0.289,0.224,0.207717966510088,0.133839290285796,"non-sig","#00AFBB"
"573","Stau2",1.11e-07,-0.178993636,0.568,0.661,0.003868009,NA,"","",NA,NA,-0.178993636,1.00013316193072e-09,0.215442152380051,0.677,0.568,3.48716429570386e-05,0.215442152380051,"sig","#E7B800"
"574","Ston2",7.73e-12,0.231071819,0.052,0.01,2.7e-07,NA,"Atf3","Atf3",0.003321052,1,0.231071819,2.31683322264107e-12,-0.23754032693671,0.009,0.052,8.07810239738263e-08,-0.23754032693671,"sig","#E7B800"
"575","Sulf2",5.53e-09,-0.243239145,0.203,0.278,0.000192727,NA,"","",NA,NA,-0.243239145,6.20175394890762e-06,0.147649573474049,0.265,0.203,0.216236554936562,0.147649573474049,"non-sig","#00AFBB"
"576","Syngr3",2.23e-07,-0.18925886,0.251,0.324,0.007769051,NA,"","",NA,NA,-0.18925886,0.254497658813877,0.021186120798786,0.269,0.251,1,0.021186120798786,"non-sig","#00AFBB"
"577","Synj2",8.52e-07,-0.141030833,0.071,0.118,0.029693136,NA,"","",NA,NA,-0.141030833,0.0237527297069147,0.0356882503072211,0.092,0.071,1,0.0356882503072211,"non-sig","#00AFBB"
"578","Synpr",6.8e-10,0.323771138,0.626,0.523,2.37e-05,NA,"","",NA,NA,0.323771138,1.49206292065653e-05,-0.203228574169982,0.546,0.626,0.520237578545313,-0.203228574169982,"non-sig","#00AFBB"
"579","Syt10",1.16e-22,0.539937203,0.094,0.015,4.03e-18,NA,"Jund","Jund",0.054309283,1,0.539937203,1.5156676175347e-22,-0.551080090059297,0.016,0.094,5.28467828205823e-18,-0.551080090059297,"sig","#E7B800"
"580","Syt6",8.28e-35,0.80118282,0.175,0.043,2.89e-30,NA,"Kmt2b","Kmt2b",-0.022066457,1,0.80118282,7.38475458207939e-26,-0.669495938951708,0.061,0.175,2.57484238013362e-21,-0.669495938951708,"sig","#E7B800"
"581","Tacr1",8.56e-08,0.220018146,0.074,0.033,0.002983393,NA,"","",NA,NA,0.220018146,3.2428310464199e-05,-0.114730079590281,0.041,0.074,1,-0.114730079590281,"non-sig","#00AFBB"
"582","Tafa2",9.9e-08,-0.156412648,0.495,0.608,0.003453533,NA,"","",NA,NA,-0.156412648,8.65692596673994e-10,0.248895897283503,0.604,0.495,3.01841037682321e-05,0.248895897283503,"sig","#E7B800"
"583","Tanc2",1.01e-09,0.248061013,0.856,0.858,3.54e-05,NA,"","",NA,NA,0.248061013,2.27888425954454e-09,-0.253787793830498,0.853,0.856,7.94578574775396e-05,-0.253787793830498,"sig","#E7B800"
"584","Tcf12",1.55e-09,0.307469291,0.672,0.603,5.42e-05,NA,"","",NA,NA,0.307469291,0.000341864108893704,-0.219456632795701,0.661,0.672,1,-0.219456632795701,"non-sig","#00AFBB"
"585","Tcf4",3.24e-11,-0.151675686,0.944,0.985,1.13e-06,NA,"Sumo1","Sumo1",-0.010673849,1,-0.151675686,1.39977186049362e-22,0.233437656510342,0.979,0.944,4.8805845459831e-18,0.233437656510342,"sig","#E7B800"
"586","Tenm1",6.13e-17,-0.286861183,0.609,0.766,2.14e-12,NA,"Smarca5","Smarca5",-0.033474187,1,-0.286861183,5.96099829896168e-26,0.437982579670517,0.783,0.609,2.07842127689897e-21,0.437982579670517,"sig","#E7B800"
"587","Tenm3",1.05e-26,1.224552811,0.561,0.431,3.66e-22,NA,"Foxp1","Foxp1",0.039786855,1,1.224552811,5.89298619560297e-21,-1.13457612985236,0.459,0.561,2.05470749682089e-16,-1.13457612985236,"sig","#E7B800"
"588","Tenm4",7.84e-17,0.48519643,0.718,0.66,2.73e-12,NA,"Stat6","Stat6",0.003690242,1,0.48519643,8.86422289462993e-10,-0.386893085067615,0.681,0.718,3.09068859667062e-05,-0.386893085067615,"sig","#E7B800"
"589","Thrb",9.99e-55,-0.553196709,0.584,0.846,3.48e-50,NA,"Prdm1","Prdm1",0.032851448,1,-0.553196709,8.15587083238742e-50,0.5564118663179,0.833,0.584,2.84370748312852e-45,0.5564118663179,"sig","#E7B800"
"590","Thsd4",1.11e-08,0.448355032,0.136,0.077,0.000386589,NA,"","",NA,NA,0.448355032,0.000620076309397259,-0.354768217165952,0.101,0.136,1,-0.354768217165952,"non-sig","#00AFBB"
"591","Thsd7a",4.27e-12,-0.352695323,0.392,0.507,1.49e-07,NA,"Hoxa13","#N/A",NA,NA,-0.352695323,3.07310766873139e-12,0.440396362164263,0.504,0.392,1.07150045085657e-07,0.440396362164263,"sig","#E7B800"
"592","Tiam2",1.6e-09,0.478325594,0.211,0.139,5.57e-05,NA,"","",NA,NA,0.478325594,7.64276059017473e-06,-0.104192973031066,0.156,0.211,0.266480133497622,-0.104192973031066,"non-sig","#00AFBB"
"593","Tjp1",9.05e-08,-0.170757869,0.582,0.678,0.003156583,NA,"","",NA,NA,-0.170757869,4.14343300653022e-07,0.119038006260705,0.695,0.582,0.0144469078638689,0.119038006260705,"sig","#E7B800"
"594","Tmem132b",2.8e-43,-0.522607243,0.502,0.732,9.77e-39,NA,"Yap1","Yap1",0.026586722,1,-0.522607243,7.6774303899349e-27,0.41644404383327,0.688,0.502,2.6768896540586e-22,0.41644404383327,"sig","#E7B800"
"595","Tmem132c",1.37e-11,-0.327714751,0.178,0.265,4.79e-07,NA,"Smc3","Smc3",0.18223878,1,-0.327714751,3.79687207503406e-13,0.322378952878934,0.274,0.178,1.32385538640213e-08,0.322378952878934,"sig","#E7B800"
"596","Tmem132cos",4.32e-08,-0.225870597,0.112,0.173,0.001506168,NA,"","",NA,NA,-0.225870597,3.54993629598653e-06,0.138593832986588,0.167,0.112,0.123775628832162,0.138593832986588,"non-sig","#00AFBB"
"597","Tmem132d",7.69e-15,-0.390535907,0.296,0.408,2.68e-10,NA,"Nfia","Nfia",0.182189435,1,-0.390535907,4.50114969804973e-20,0.44725549879913,0.433,0.296,1.569415865219e-15,0.44725549879913,"sig","#E7B800"
"598","Tmem178",5.32e-07,-0.175576983,0.272,0.342,0.018552083,NA,"","",NA,NA,-0.175576983,4.70395951111239e-10,0.190972336834326,0.368,0.272,1.64012956273956e-05,0.190972336834326,"sig","#E7B800"
"599","Tmem178b",2.14e-19,-0.284575332,0.677,0.823,7.44e-15,NA,"Fli1","Fli1",0.038546035,1,-0.284575332,7.46283195205126e-18,0.2584076973719,0.838,0.677,2.60206561672171e-13,0.2584076973719,"sig","#E7B800"
"600","Tmem44",2.75e-09,-0.237755962,0.223,0.305,9.6e-05,NA,"","",NA,NA,-0.237755962,1.71276979238409e-15,0.290935935956586,0.341,0.223,5.97191443510562e-11,0.290935935956586,"sig","#E7B800"
"601","Tmem65",4.46e-08,-0.190007482,0.277,0.354,0.001554678,NA,"","",NA,NA,-0.190007482,0.000237660931847787,0.108602941780437,0.337,0.277,1,0.108602941780437,"non-sig","#00AFBB"
"602","Tmod1",2.66e-07,0.261531565,0.137,0.083,0.009265603,NA,"","",NA,NA,0.261531565,7.04272671200916e-08,-0.305163825264547,0.082,0.137,0.00245558752267623,-0.305163825264547,"sig","#E7B800"
"603","Tnik",1.93e-11,0.322958277,0.82,0.799,6.73e-07,NA,"Nkx2-2","Nkx2-2",-6.87322e-05,1,0.322958277,9.2898809854535e-09,-0.259944409479235,0.813,0.82,0.000323910280319807,-0.259944409479235,"sig","#E7B800"
"604","Tox3",3.49e-09,-0.252474241,0.349,0.445,0.000121824,NA,"","",NA,NA,-0.252474241,5.96699988973961e-14,0.319392988805201,0.475,0.349,2.08051385155551e-09,0.319392988805201,"sig","#E7B800"
"605","Trpm3",1.15e-21,1.121783662,0.366,0.236,3.99e-17,NA,"Bhlhe40","Bhlhe40",0.067071849,1,1.121783662,1.5425514935508e-14,-0.828579581046926,0.266,0.366,5.37841429256357e-10,-0.828579581046926,"sig","#E7B800"
"606","Tshz1",2.41e-28,0.875963324,0.264,0.126,8.41e-24,NA,"Tfap4","Tfap4",0.008449116,1,0.875963324,1.89455194096313e-23,-0.804888277167169,0.139,0.264,6.60573425255614e-19,-0.804888277167169,"sig","#E7B800"
"607","Tshz3",4.33e-13,-0.30106913,0.238,0.34,1.51e-08,NA,"Isx","Isx",0,1,-0.30106913,4.02220462947715e-06,0.178694209658803,0.304,0.238,0.14024220881598,0.178694209658803,"non-sig","#00AFBB"
"608","Tspan5",8.6e-07,-0.185099518,0.657,0.732,0.030001733,NA,"","",NA,NA,-0.185099518,0.000121782146427851,0.133357252694423,0.732,0.657,1,0.133357252694423,"non-sig","#00AFBB"
"609","Ttc19",8.3e-08,-0.188700591,0.55,0.638,0.002894951,NA,"","",NA,NA,-0.188700591,0.000824113632039941,0.0932181346960301,0.622,0.55,1,0.0932181346960301,"non-sig","#00AFBB"
"610","Ttc39b",3.46e-07,-0.19677286,0.244,0.311,0.012075621,NA,"","",NA,NA,-0.19677286,7.40307333174272e-06,0.129030084793096,0.311,0.244,0.258122957857873,0.129030084793096,"non-sig","#00AFBB"
"611","Ttll11",3.28e-10,-0.258684004,0.367,0.459,1.14e-05,NA,"Foxa1","#N/A",NA,NA,-0.258684004,6.94089402757257e-11,0.225550990967785,0.475,0.367,2.42008152059373e-06,0.225550990967785,"sig","#E7B800"
"612","Ubash3b",1.38e-14,-0.26877885,0.465,0.585,4.8e-10,NA,"Tcf7l1","Tcf7l1",0.019491169,1,-0.26877885,4.79637973562644e-06,0.107954671943597,0.564,0.465,0.167235372242087,0.107954671943597,"non-sig","#00AFBB"
"613","Ube2e3",5.53e-15,0.422864801,0.259,0.158,1.93e-10,NA,"Ogt","Ogt",0.032165855,1,0.422864801,2.09796002059729e-07,-0.291066217293359,0.193,0.259,0.00731495720381658,-0.291066217293359,"sig","#E7B800"
"614","Unc5c",5.06e-21,-0.518185174,0.451,0.599,1.76e-16,NA,"Smarcad1","Smarcad1",0.132482965,1,-0.518185174,7.60163670579898e-08,0.294819827365849,0.541,0.451,0.00265046267021093,0.294819827365849,"sig","#E7B800"
"615","Unc5d",6.66e-15,-0.39829385,0.39,0.514,2.32e-10,NA,"Capg","Capg",0.005780404,1,-0.39829385,4.16520698915458e-13,0.359855864486376,0.512,0.39,1.45228272090853e-08,0.359855864486376,"sig","#E7B800"
"616","Usp46",1.23e-07,0.39740095,0.333,0.262,0.004286643,NA,"","",NA,NA,0.39740095,4.86437976606788e-11,-0.477539845323962,0.25,0.333,1.69606329303489e-06,-0.477539845323962,"sig","#E7B800"
"617","Utrn",1.68e-20,-0.348151735,0.401,0.554,5.86e-16,NA,"Hdac3","Hdac3",-0.027949182,1,-0.348151735,2.01832495841448e-19,0.345723648826222,0.554,0.401,7.03729363250377e-15,0.345723648826222,"sig","#E7B800"
"618","Vgf",9.66e-07,-0.199698708,0.23,0.3,0.033687715,NA,"","",NA,NA,-0.199698708,0.348597203415852,-0.0387639323439491,0.248,0.23,1,-0.0387639323439491,"non-sig","#00AFBB"
"619","Vipr2",1.35e-28,0.457820871,0.091,0.005,4.72e-24,NA,"Rad51","Rad51",0.011952989,1,0.457820871,2.05314357290011e-23,-0.432119064419097,0.013,0.091,7.15869569563083e-19,-0.432119064419097,"sig","#E7B800"
"620","Vsnl1",6.62e-11,-0.214708609,0.615,0.732,2.31e-06,NA,"Tbx5","#N/A",NA,NA,-0.214708609,2.27492289729246e-07,0.153847736026795,0.723,0.615,0.00793197366598962,0.153847736026795,"sig","#E7B800"
"621","Wls",1.29e-09,0.380337233,0.227,0.152,4.5e-05,NA,"","",NA,NA,0.380337233,0.000118539160085403,-0.266594195196764,0.182,0.227,1,-0.266594195196764,"non-sig","#00AFBB"
"622","Wwox",2.13e-17,-0.299885123,0.563,0.713,7.44e-13,NA,"Ep400","Ep400",0.005319502,1,-0.299885123,1.45682380894426e-12,0.223183834261859,0.713,0.563,5.07950757464596e-08,0.223183834261859,"sig","#E7B800"
"623","Xkr4",3.45e-52,-0.487569162,0.725,0.952,1.2e-47,NA,"Irf3","Irf3",-0.043586871,1,-0.487569162,1.06581445294003e-60,0.574086233468379,0.94,0.725,3.71617525306601e-56,0.574086233468379,"sig","#E7B800"
"624","Xkr6",6.22e-28,-0.40972579,0.412,0.591,2.17e-23,NA,"Klf4","Klf4",0.00376333,1,-0.40972579,1.49944751059199e-30,0.388186942830703,0.617,0.412,5.22812363518111e-26,0.388186942830703,"sig","#E7B800"
"625","Xpot",1.01e-06,-0.134320632,0.165,0.23,0.035356234,NA,"","",NA,NA,-0.134320632,0.431024564235211,-0.0528961721016588,0.179,0.165,1,-0.0528961721016588,"non-sig","#00AFBB"
"626","Xylt1",5.27e-09,-0.291609549,0.19,0.262,0.000183906,NA,"","",NA,NA,-0.291609549,1.65260020762637e-12,0.280573506855328,0.287,0.19,5.76212114393088e-08,0.280573506855328,"sig","#E7B800"
"627","Ywhag",9.4e-07,-0.157549764,0.466,0.547,0.032777939,NA,"","",NA,NA,-0.157549764,0.836888047298841,-0.0284486443850838,0.492,0.466,1,-0.0284486443850838,"non-sig","#00AFBB"
"628","Zadh2",8.89e-10,0.303818675,0.142,0.079,3.1e-05,NA,"","",NA,NA,0.303818675,1.66317783445985e-06,-0.272558107543388,0.093,0.142,0.0579900215541115,-0.272558107543388,"non-sig","#00AFBB"
"629","Zbtb16",2.14e-16,-0.347457336,0.323,0.452,7.45e-12,NA,"Foxo3","Foxo3",-0.059243502,1,-0.347457336,8.83759027793622e-07,0.157556324849931,0.409,0.323,0.0308140260220802,0.157556324849931,"sig","#E7B800"
"630","Zbtb20",1.22e-09,0.276328542,0.574,0.485,4.26e-05,NA,"","",NA,NA,0.276328542,1.62718657534274e-05,-0.0475805442010553,0.519,0.574,0.567351143224752,-0.0475805442010553,"non-sig","#00AFBB"
"631","Zeb1",6.83e-07,0.36555426,0.501,0.454,0.023809435,NA,"","",NA,NA,0.36555426,1.31972033278826e-05,-0.278017692717616,0.472,0.501,0.460146888433284,-0.278017692717616,"non-sig","#00AFBB"
"632","Zeb2",2.27e-15,0.385313028,0.878,0.877,7.92e-11,NA,"Mxi1","Mxi1",0.083387628,1,0.385313028,1.18713039537964e-12,-0.333050142068336,0.879,0.878,4.13916754957018e-08,-0.333050142068336,"sig","#E7B800"
"633","Zfp385b",7.07e-21,0.606871251,0.776,0.708,2.47e-16,NA,"Lhx2","Lhx2",-0.005453175,1,0.606871251,2.46988572723044e-15,-0.516275678347206,0.734,0.776,8.61175056513436e-11,-0.516275678347206,"sig","#E7B800"
"634","Zfp536",1.01e-27,-0.423343512,0.547,0.749,3.51e-23,NA,"Pknox1","Pknox1",0.10692506,1,-0.423343512,4.95068680850142e-21,0.331009922631655,0.73,0.547,1.72615596952019e-16,0.331009922631655,"sig","#E7B800"
"635","Zfp608",3.36e-13,0.403816213,0.579,0.485,1.17e-08,NA,"Smad4","Smad4",0.087615359,1,0.403816213,2.29120801223245e-07,-0.313829220803632,0.533,0.579,0.00798875497625088,-0.313829220803632,"sig","#E7B800"
"636","Zfp804a",9.71e-20,-0.448584879,0.473,0.624,3.38e-15,NA,"E2f4","E2f4",0.013969179,1,-0.448584879,9.54642926309935e-28,0.596798675730307,0.637,0.473,3.32855349116485e-23,0.596798675730307,"sig","#E7B800"
"637","Zic1",5.95e-14,0.290302319,0.044,0.003,2.07e-09,NA,"Hdac1","Hdac1",0.050069198,1,0.290302319,1.08258557260414e-08,-0.198678011165644,0.011,0.044,0.000377465111599887,-0.198678011165644,"sig","#E7B800"
