"","X","p_val.x","avg_log2FC.x","pct.1.x","pct.2.x","p_val_adj.x","avg_log2FC_N4_N1_DEGs","p_val.y","avg_log2FC.y","pct.1.y","pct.2.y","p_val_adj.y","avg_log2FC_N5_N4","N5_N4_sig","color.code"
"1","1110032A03Rik",1.70737787336956e-11,0.0873706097988249,0.242,0.183,5.95311443107765e-07,0.0873706097988249,0.252168821127634,-0.0185908214762512,0.232,0.242,1,-0.0185908214762512,"non-sig","#00AFBB"
"2","1700008O03Rik",7.85922844761906e-07,0.0342119375944336,0.1,0.072,0.0274027718283134,0.0342119375944336,0.0102577718910456,-0.0182776828872111,0.084,0.1,1,-0.0182776828872111,"non-sig","#00AFBB"
"3","1700016P03Rik",1.24339593393112e-43,-0.316645616195364,0.14,0.24,4.33534860283765e-39,-0.316645616195364,4.1176315113512e-08,-0.108030337057048,0.105,0.14,0.00143569457906282,-0.108030337057048,"sig","#E7B800"
"4","1700037C18Rik",1.74572170197018e-07,0.0620404175836781,0.194,0.152,0.00608680785825943,0.0620404175836781,0.00354337933813839,-0.0499203508738794,0.171,0.194,1,-0.0499203508738794,"non-sig","#00AFBB"
"5","1700087I21Rik",4.43146684222781e-20,0.127447840172016,0.248,0.171,1.54511954387957e-15,0.127447840172016,0.00027906053626087,-0.0645017575150791,0.216,0.248,1,-0.0645017575150791,"non-sig","#00AFBB"
"6","1700111E14Rik",8.59382918488169e-08,0.119837702204463,0.605,0.548,0.0029964104218927,0.119837702204463,8.81297215303844e-10,0.154574251765252,0.645,0.605,3.07281900059991e-05,0.154574251765252,"sig","#E7B800"
"7","1700126G02Rik",1.9187667627406e-09,0.0804719695323021,0.122,0.085,6.69016407164767e-05,0.0804719695323021,0.721024031116741,-0.0166116042585353,0.124,0.122,1,-0.0166116042585353,"non-sig","#00AFBB"
"8","1810034E14Rik",6.01354315502139e-10,0.0942746648211999,0.28,0.221,2.09674209186131e-05,0.0942746648211999,5.79165691315036e-19,-0.172423729180279,0.204,0.28,2.01937701590813e-14,-0.172423729180279,"sig","#E7B800"
"9","2210408F21Rik",9.40783475001086e-07,0.109754294338826,0.714,0.681,0.0328022974228628,0.109754294338826,0.0173360001276827,-0.0599778310750787,0.701,0.714,1,-0.0599778310750787,"non-sig","#00AFBB"
"10","2210408I21Rik",2.6016543013544e-18,-0.140033541495391,0.695,0.734,9.0711880525324e-14,-0.140033541495391,2.11904371074173e-15,0.157134986538993,0.728,0.695,7.38846970624319e-11,0.157134986538993,"sig","#E7B800"
"11","2610044O15Rik8",3.24194906285038e-07,0.0587503408344568,0.173,0.134,0.0113037037974404,0.0587503408344568,0.0389889895783589,-0.0238100623959296,0.157,0.173,1,-0.0238100623959296,"non-sig","#00AFBB"
"12","2610316D01Rik",6.07247724686803e-07,0.0654767775163005,0.313,0.261,0.0211729064166548,0.0654767775163005,0.567882831308686,-0.00941812584426516,0.306,0.313,1,-0.00941812584426516,"non-sig","#00AFBB"
"13","2700069I18Rik",8.06617013889241e-07,0.0659436201419143,0.11,0.081,0.0281243154232762,0.0659436201419143,0.80377432521525,-0.00380953562908976,0.108,0.11,1,-0.00380953562908976,"non-sig","#00AFBB"
"14","2900022M07Rik",4.3636235524879e-07,0.0700539715078979,0.312,0.258,0.0152146462404596,0.0700539715078979,0.912565979524386,0.0164910225933413,0.31,0.312,1,0.0164910225933413,"non-sig","#00AFBB"
"15","2900027M19Rik",1.23307152728978e-07,0.08539898213522,0.416,0.353,0.00429935049420126,0.08539898213522,0.100217816863574,0.0335635831201934,0.429,0.416,1,0.0335635831201934,"non-sig","#00AFBB"
"16","2900076A07Rik",5.75656997633438e-08,0.0639191738307421,0.152,0.113,0.00200714325364851,0.0639191738307421,2.97065486595564e-05,-0.0608060671927146,0.122,0.152,1,-0.0608060671927146,"non-sig","#00AFBB"
"17","2900092N22Rik",1.79397085609815e-07,0.0271594853931332,0.03,0.015,0.00625503818395741,0.0271594853931332,0.602549903640876,-0.00146084020102062,0.028,0.03,1,-0.00146084020102062,"non-sig","#00AFBB"
"18","3110039M20Rik",6.37443780591279e-15,0.105755774003609,0.217,0.154,2.22257522978761e-10,0.105755774003609,0.00156150853960836,0.0653242113985857,0.24,0.217,1,0.0653242113985857,"non-sig","#00AFBB"
"19","3110067C02Rik",1.10685416538551e-06,0.0165887581839097,0.019,0.008,0.0385926841844966,0.0165887581839097,0.0555258928025745,-0.0116199146922203,0.014,0.019,1,-0.0116199146922203,"non-sig","#00AFBB"
"20","3300002I08Rik",2.01922288104118e-07,0.0510735980772253,0.14,0.105,0.0070404244193263,0.0510735980772253,0.366331139354041,0.00522028008564668,0.133,0.14,1,0.00522028008564668,"non-sig","#00AFBB"
"21","4732471J01Rik",8.61441092350512e-09,0.102111935800324,0.54,0.47,0.000300358665669853,0.102111935800324,0.168026814256153,-0.0351277740788913,0.524,0.54,1,-0.0351277740788913,"non-sig","#00AFBB"
"22","4833422C13Rik",3.4076199705502e-10,0.0793834103740101,0.282,0.222,1.18813485513174e-05,0.0793834103740101,0.42599499960009,-0.0034953810738938,0.272,0.282,1,-0.0034953810738938,"non-sig","#00AFBB"
"23","4930474M22Rik",1.85016221104021e-10,0.0442385404770845,0.049,0.026,6.45096058123389e-06,0.0442385404770845,0.0585716712047615,-0.0154862598758481,0.041,0.049,1,-0.0154862598758481,"non-sig","#00AFBB"
"24","4930547E14Rik",8.64963217193109e-13,0.151744004761291,0.223,0.168,3.01586724938721e-08,0.151744004761291,1.41236163408314e-07,0.138069666692276,0.265,0.223,0.0049244813095577,0.138069666692276,"sig","#E7B800"
"25","4930548K13Rik",4.00854796079384e-08,-0.0227707346323953,0.002,0.012,0.00139766041748999,-0.0227707346323953,6.22431341287166e-07,0.0165401138563783,0.011,0.002,0.0217023135766596,0.0165401138563783,"sig","#E7B800"
"26","4930555F03Rik",2.53137761257915e-21,0.227377549168587,0.069,0.03,8.82615432177973e-17,0.227377549168587,2.51778469235985e-15,-0.22172047912005,0.033,0.069,8.77875988685107e-11,-0.22172047912005,"sig","#E7B800"
"27","4930563F08Rik",1.90674874403623e-07,0.0363395124251968,0.046,0.027,0.00664826084583112,0.0363395124251968,0.732465349972981,-0.013418997997087,0.044,0.046,1,-0.013418997997087,"non-sig","#00AFBB"
"28","4930567K20Rik",5.42309214614799e-36,0.232825106585155,0.229,0.135,1.89086953859742e-31,0.232825106585155,2.24424106196888e-20,-0.190044233647274,0.156,0.229,7.8249953107669e-16,-0.190044233647274,"sig","#E7B800"
"29","4930570B17Rik",2.0577098530731e-08,0.0953112274556964,0.389,0.321,0.000717461694470997,0.0953112274556964,0.00132748226896326,-0.0668376039665741,0.354,0.389,1,-0.0668376039665741,"non-sig","#00AFBB"
"30","4930570G19Rik",7.38533363947707e-11,0.101238055085733,0.307,0.242,2.57504428007647e-06,0.101238055085733,0.00695669365148155,-0.0580557198195112,0.285,0.307,1,-0.0580557198195112,"non-sig","#00AFBB"
"31","4930587E11Rik",1.42707957039402e-06,0.140686071185255,0.44,0.396,0.0497579833809283,0.140686071185255,0.0522954445541002,-0.0607483732511964,0.427,0.44,1,-0.0607483732511964,"non-sig","#00AFBB"
"32","4931403E22Rik",1.67906130982719e-10,0.055841208796012,0.084,0.052,5.85438306897446e-06,0.055841208796012,0.180104352641926,-0.013784050824505,0.077,0.084,1,-0.013784050824505,"non-sig","#00AFBB"
"33","4933402D24Rik",2.86036589027726e-07,0.0342549859870107,0.052,0.032,0.00997323774962972,0.0342549859870107,0.0135676214171415,-0.0159690256782494,0.041,0.052,1,-0.0159690256782494,"non-sig","#00AFBB"
"34","4933411O13Rik",1.40257295125152e-07,0.0708141217448823,0.224,0.179,0.00489035110912867,0.0708141217448823,0.179279300016814,-0.0240519329341798,0.213,0.224,1,-0.0240519329341798,"non-sig","#00AFBB"
"35","4933412O06Rik",1.72560816821126e-15,0.0915037917712195,0.158,0.104,6.01667800010221e-11,0.0915037917712195,0.000719506626139912,-0.0478494769558019,0.132,0.158,1,-0.0478494769558019,"non-sig","#00AFBB"
"36","4933433G19Rik",2.46216647586997e-07,0.0507279351649638,0.155,0.118,0.00858483585141581,0.0507279351649638,0.508619167118445,-0.00262149011195834,0.149,0.155,1,-0.00262149011195834,"non-sig","#00AFBB"
"37","5330434G04Rik",7.20870127697312e-15,0.172832650920064,0.645,0.57,2.51345787424222e-10,0.172832650920064,1.86990309815325e-05,-0.124873847422426,0.622,0.645,0.651979113233092,-0.124873847422426,"non-sig","#00AFBB"
"38","5330438D12Rik",1.22204410234217e-06,0.108834551865141,0.823,0.806,0.0426090117163646,0.108834551865141,0.12677659391438,-0.0497297232082698,0.827,0.823,1,-0.0497297232082698,"non-sig","#00AFBB"
"39","5530601H04Rik",9.20614036284601e-11,0.096771448917206,0.338,0.269,3.20990496031352e-06,0.096771448917206,0.0100512762003047,-0.0420557447369921,0.312,0.338,1,-0.0420557447369921,"non-sig","#00AFBB"
"40","6530401F13Rik",3.22198515333812e-10,0.0767158015055916,0.135,0.095,1.1234095634144e-05,0.0767158015055916,0.00318924809168167,-0.0581772244302336,0.115,0.135,1,-0.0581772244302336,"non-sig","#00AFBB"
"41","6530403H02Rik",1.11012888829384e-10,0.241869303560858,0.236,0.186,3.87068639481412e-06,0.241869303560858,0.0610037771896425,-0.100093512723418,0.221,0.236,1,-0.100093512723418,"non-sig","#00AFBB"
"42","9130015G15Rik",7.97522807191035e-09,0.0555901063250474,0.098,0.067,0.000278072277183298,0.0555901063250474,0.0184067311031958,-0.0268078541877482,0.084,0.098,1,-0.0268078541877482,"non-sig","#00AFBB"
"43","9330162G02Rik",1.91090926920161e-08,0.110251803055784,0.89,0.896,0.000666276734892525,0.110251803055784,0.0596225348954233,-0.0426699302444189,0.899,0.89,1,-0.0426699302444189,"non-sig","#00AFBB"
"44","9330175M20Rik",6.66760824461993e-14,0.0971805504963258,0.208,0.15,2.32479496665163e-09,0.0971805504963258,0.00601080410743394,-0.0491115650548101,0.186,0.208,1,-0.0491115650548101,"non-sig","#00AFBB"
"45","9430069I07Rik",7.52689449339815e-08,0.0250415290093983,0.025,0.011,0.00262440230301313,0.0250415290093983,0.000393538685603175,-0.0221047777551602,0.015,0.025,1,-0.0221047777551602,"non-sig","#00AFBB"
"46","9630028H03Rik",3.91142166865342e-34,-0.275825396183059,0.679,0.741,1.36379539320939e-29,-0.275825396183059,0.19333818309714,-0.00244143438727251,0.66,0.679,1,-0.00244143438727251,"non-sig","#00AFBB"
"47","A230057D06Rik",2.16823262294245e-24,0.208373634838974,0.876,0.866,7.55997668641345e-20,0.208373634838974,0.98823114782917,-0.00222804918873587,0.887,0.876,1,-0.00222804918873587,"non-sig","#00AFBB"
"48","A330076H08Rik",4.62545870463555e-07,0.115449259649317,0.595,0.537,0.0161275868654528,0.115449259649317,0.89879417435343,-0.0174643875123934,0.598,0.595,1,-0.0174643875123934,"non-sig","#00AFBB"
"49","A430090L17Rik",1.51110215036024e-07,0.0699676177327862,0.157,0.12,0.00526875986766106,0.0699676177327862,1.14354127852276e-06,-0.0822261456315365,0.124,0.157,0.039871853758253,-0.0822261456315365,"sig","#E7B800"
"50","A530046M15Rik",3.76843709027849e-18,0.104458560709353,0.145,0.089,1.3139409602674e-13,0.104458560709353,4.33164969295224e-05,-0.0575140591152957,0.116,0.145,1,-0.0575140591152957,"non-sig","#00AFBB"
"51","A530058O07Rik",9.74560720920327e-07,0.0208336619943126,0.056,0.035,0.033980008656329,0.0208336619943126,0.0699249042916334,-0.00847859874697762,0.047,0.056,1,-0.00847859874697762,"non-sig","#00AFBB"
"52","A930015D03Rik",2.7008045267645e-11,0.113230264639896,0.655,0.586,9.41689514346977e-07,0.113230264639896,1.53013214916248e-13,-0.126961901030233,0.586,0.655,5.3351117644848e-09,-0.126961901030233,"sig","#E7B800"
"53","Aak1",2.00409724990702e-08,0.109560510755349,0.827,0.788,0.000698768588125082,0.109560510755349,0.000487283906598992,-0.0593218858571112,0.812,0.827,1,-0.0593218858571112,"non-sig","#00AFBB"
"54","Abat",6.55771569502538e-07,0.0857973115653951,0.144,0.111,0.022864787313845,0.0857973115653951,0.127421174182552,-0.0189602065736403,0.133,0.144,1,-0.0189602065736403,"non-sig","#00AFBB"
"55","Abcb7",1.92447184611324e-08,0.0582410649752028,0.184,0.14,0.000671005598584303,0.0582410649752028,0.000155622750179966,-0.0504111657803761,0.155,0.184,1,-0.0504111657803761,"non-sig","#00AFBB"
"56","Abcd4",1.31018528623975e-07,0.0468821675360067,0.136,0.1,0.00456822303753214,0.0468821675360067,6.75539289002926e-07,-0.0650805343609279,0.103,0.136,0.023554028389665,-0.0650805343609279,"sig","#E7B800"
"57","Abhd3",3.57521797717685e-07,0.0672826913315379,0.099,0.07,0.0124657125210225,0.0672826913315379,0.0314640956462602,-0.0455388517054509,0.085,0.099,1,-0.0455388517054509,"non-sig","#00AFBB"
"58","Abi3bp",2.27404718621616e-50,-0.013472640649387,0.15,0.276,7.92892032417989e-46,-0.013472640649387,1.29059785646325e-25,-0.114941060474315,0.242,0.15,4.4999275461304e-21,-0.114941060474315,"sig","#E7B800"
"59","Acox2",1.08068074244413e-06,0.0259445046726928,0.035,0.02,0.0376800954467995,0.0259445046726928,0.000397598943273394,-0.0265403425821258,0.023,0.035,1,-0.0265403425821258,"non-sig","#00AFBB"
"60","Actn4",1.3581747281603e-10,-0.159249859168428,0.418,0.445,4.73554782467654e-06,-0.159249859168428,0.923517640970979,0.0131619858324582,0.408,0.418,1,0.0131619858324582,"non-sig","#00AFBB"
"61","Actr1b",6.3554344689478e-11,-0.115653525930294,0.474,0.513,2.21594933628803e-06,-0.115653525930294,0.571582455924759,0.00157032228707799,0.479,0.474,1,0.00157032228707799,"non-sig","#00AFBB"
"62","Adam23",5.14921639720644e-40,-0.21558443345394,0.672,0.73,1.79537728121397e-35,-0.21558443345394,3.04781874502181e-28,0.189723499241949,0.735,0.672,1.06268296182675e-23,0.189723499241949,"sig","#E7B800"
"63","Adam33",6.66238234620111e-08,-0.150353408143941,0.122,0.155,0.00232297285264994,-0.150353408143941,0.00398466461355775,0.0750319069949038,0.14,0.122,1,0.0750319069949038,"non-sig","#00AFBB"
"64","Adamts17",1.88374962367261e-27,0.195302130352822,0.328,0.229,6.5680698128593e-23,0.195302130352822,2.84887661006042e-18,-0.19346878425511,0.247,0.328,9.93317807629767e-14,-0.19346878425511,"sig","#E7B800"
"65","Adarb2",2.31252466389554e-11,0.211022099763559,0.184,0.136,8.06307974560457e-07,0.211022099763559,3.20129085865878e-05,-0.184899930755234,0.153,0.184,1,-0.184899930755234,"non-sig","#00AFBB"
"66","Adcy8",1.1811250273185e-11,-0.100752934167355,0.298,0.352,4.11822863275142e-07,-0.100752934167355,4.99185336365122e-09,0.0822448221922047,0.352,0.298,0.000174050951230427,0.0822448221922047,"sig","#E7B800"
"67","Adcyap1",5.60453983895264e-07,-0.0480738565444,0.054,0.079,0.0195413490564762,-0.0480738565444,0.00954678515828886,0.00431452527948029,0.067,0.054,1,0.00431452527948029,"non-sig","#00AFBB"
"68","Adcyap1r1",3.32430119612148e-07,0.0638562813824047,0.153,0.116,0.0115908409805167,0.0638562813824047,0.000291130521808968,-0.0485792209354686,0.126,0.153,1,-0.0485792209354686,"non-sig","#00AFBB"
"69","Adgrb1",4.10946562922428e-07,-0.0797757754068076,0.608,0.619,0.0143284738094163,-0.0797757754068076,0.010799246094326,-0.0589710679216262,0.585,0.608,1,-0.0589710679216262,"non-sig","#00AFBB"
"70","Adgrb3",9.67546560868622e-11,0.0933946023748042,0.956,0.984,3.37354459378063e-06,0.0933946023748042,1.20583459206313e-06,0.0514392331873479,0.966,0.956,0.042043834721465,0.0514392331873479,"sig","#E7B800"
"71","Adgrd1",5.48316771720918e-09,-0.07684134919101,0.04,0.065,0.000191181608795933,-0.07684134919101,0.243440055430072,0.00723167168009177,0.045,0.04,1,0.00723167168009177,"non-sig","#00AFBB"
"72","Agbl4",2.41364704606369e-08,-0.100249845682585,0.896,0.931,0.000841566315551026,-0.100249845682585,6.6433366793699e-06,0.107586585881262,0.91,0.896,0.23163321999959,0.107586585881262,"non-sig","#00AFBB"
"73","Ahi1",1.61043372799401e-17,0.11866908918079,0.96,0.977,5.61509927939671e-13,0.11866908918079,0.716260213825767,-0.000419325341892929,0.963,0.96,1,-0.000419325341892929,"non-sig","#00AFBB"
"74","AI593442",1.22901095126556e-08,-0.0988364900677995,0.276,0.313,0.000428519248377762,-0.0988364900677995,8.71857814125687e-07,0.0808748514967425,0.318,0.276,0.0303990664051203,0.0808748514967425,"sig","#E7B800"
"75","Akap6",9.7118547930626e-08,0.1019556646559,0.899,0.913,0.00338623241069714,0.1019556646559,0.000152421028250909,-0.0806258647899356,0.902,0.899,1,-0.0806258647899356,"non-sig","#00AFBB"
"76","Akr1e1",4.33558746153946e-07,0.0362959764306936,0.116,0.085,0.0151168928021496,0.0362959764306936,0.0493789200844795,-0.014464582995956,0.103,0.116,1,-0.014464582995956,"non-sig","#00AFBB"
"77","Alas2",2.04488919915876e-09,0.0501759830727301,0.138,0.098,7.12991517070683e-05,0.0501759830727301,0.00272821256119077,-0.038081012125889,0.118,0.138,1,-0.038081012125889,"non-sig","#00AFBB"
"78","Aldh6a1",2.13118967957113e-08,0.0568671000537925,0.138,0.101,0.000743081905576067,0.0568671000537925,0.0514428742880232,-0.0390636021095376,0.125,0.138,1,-0.0390636021095376,"non-sig","#00AFBB"
"79","Amy1",1.68467777272678e-07,0.087075667794368,0.322,0.267,0.00587396599016645,0.087075667794368,0.147383534884322,-0.0270149734890135,0.306,0.322,1,-0.0270149734890135,"non-sig","#00AFBB"
"80","Anapc7",7.46300397201642e-07,0.0392498423950606,0.109,0.08,0.0260212559492297,0.0392498423950606,0.000781850143172389,-0.0152184413164645,0.088,0.109,1,-0.0152184413164645,"non-sig","#00AFBB"
"81","Angpt2",8.56314626245962e-07,0.0404125351355163,0.231,0.184,0.029857122073318,0.0404125351355163,0.000658173130989088,-0.0397986453425119,0.2,0.231,1,-0.0397986453425119,"non-sig","#00AFBB"
"82","Angptl2",3.62210643382149e-08,0.07140522987805,0.294,0.237,0.00126291985028054,0.07140522987805,0.000427299125033282,-0.0489712559888298,0.259,0.294,1,-0.0489712559888298,"non-sig","#00AFBB"
"83","Ank",3.79421603338358e-07,-0.0804333292086132,0.581,0.604,0.0132292930435985,-0.0804333292086132,0.0102409690754476,-0.0621257876992409,0.565,0.581,1,-0.0621257876992409,"non-sig","#00AFBB"
"84","Ank2",1.1560279892887e-07,-0.0533591345713496,0.955,0.981,0.00403072279025291,-0.0533591345713496,0.00101821834282201,0.0268505558056984,0.963,0.955,1,0.0268505558056984,"non-sig","#00AFBB"
"85","Ankrd10",4.52432212204284e-07,0.095829107588706,0.354,0.299,0.0157749539429268,0.095829107588706,0.00902284443794246,-0.0689185272732561,0.328,0.354,1,-0.0689185272732561,"non-sig","#00AFBB"
"86","Ankrd12",8.96401240991689e-08,0.112351734059789,0.835,0.813,0.00312548220696572,0.112351734059789,2.0691567371736e-07,-0.107362805586819,0.811,0.835,0.0072145287955032,-0.107362805586819,"sig","#E7B800"
"87","Ankrd24",1.05333548056253e-06,0.0593271010476843,0.298,0.247,0.0367266482007737,0.0593271010476843,1.53171248176468e-06,-0.079836557836888,0.253,0.298,0.0534062191016891,-0.079836557836888,"non-sig","#00AFBB"
"88","Ankrd33b",1.87201173512277e-12,-0.159943852319619,0.545,0.575,6.52714331685257e-08,-0.159943852319619,2.59084266772675e-07,-0.114803083111968,0.505,0.545,0.00903349112956286,-0.114803083111968,"sig","#E7B800"
"89","Ankrd6",2.31342919457761e-11,0.0974974527949246,0.241,0.184,8.06623357273376e-07,0.0974974527949246,0.000513822963142068,-0.0757218919755061,0.211,0.241,1,-0.0757218919755061,"non-sig","#00AFBB"
"90","Ano2",1.05078585515905e-09,0.0327968491108026,0.035,0.016,3.66377504118305e-05,0.0327968491108026,2.52991757723671e-05,0.0729995080614765,0.053,0.035,0.882106361655125,0.0729995080614765,"non-sig","#00AFBB"
"91","Apbb2",3.98994251719275e-07,-0.084860573401031,0.625,0.643,0.013911732574696,-0.084860573401031,0.00456347549255343,0.0606812140025113,0.64,0.625,1,0.0606812140025113,"non-sig","#00AFBB"
"92","Apoe",3.10522942249022e-49,0.498235304183221,0.453,0.309,1.08270034273966e-44,0.498235304183221,1.48464099147955e-06,-0.181352350673304,0.405,0.453,0.0517649774499175,-0.181352350673304,"non-sig","#00AFBB"
"93","Araf",4.94098126861138e-08,0.113909013174102,0.435,0.371,0.00172277193892673,0.113909013174102,0.30470097196116,-0.041246749957348,0.422,0.435,1,-0.041246749957348,"non-sig","#00AFBB"
"94","Arap2",2.57240946900171e-13,-0.148909841993277,0.54,0.585,8.96922009556826e-09,-0.148909841993277,2.43036103062393e-13,0.173081139154307,0.599,0.54,8.47393980547644e-09,0.173081139154307,"sig","#E7B800"
"95","Arc",3.84958450759541e-43,-0.22505241599808,0.052,0.13,1.34223463026329e-38,-0.22505241599808,9.92743778353909e-08,-0.041212867991719,0.03,0.052,0.00346139973198657,-0.041212867991719,"sig","#E7B800"
"96","Arhgap10",1.24570862433654e-21,-0.201701917702184,0.468,0.531,4.3434122604742e-17,-0.201701917702184,1.45852808928361e-12,0.168495885877803,0.527,0.468,5.08544988890517e-08,0.168495885877803,"sig","#E7B800"
"97","Arhgap26",2.45698648007588e-43,0.244174243927839,0.184,0.092,8.56677476008056e-39,0.244174243927839,2.82239486428802e-07,-0.136520014571603,0.146,0.184,0.00984084417331303,-0.136520014571603,"sig","#E7B800"
"98","Arhgap42",1.09058472687943e-08,-0.122647579892649,0.289,0.329,0.000380254176721052,-0.122647579892649,1.90619912209698e-08,0.135200432052401,0.337,0.289,0.000664634447901553,0.135200432052401,"sig","#E7B800"
"99","Arhgap44",5.67786113943493e-09,-0.0960381186371972,0.532,0.552,0.000197969984348678,-0.0960381186371972,0.00100063722333355,0.0477144217040406,0.559,0.532,1,0.0477144217040406,"non-sig","#00AFBB"
"100","Arhgef28",4.51069757616624e-16,0.178939523127684,0.323,0.248,1.57274492388188e-11,0.178939523127684,2.53716214603781e-09,-0.120305183769987,0.265,0.323,8.84632325459002e-05,-0.120305183769987,"sig","#E7B800"
"101","Arhgef33",5.96097927806115e-08,0.0477353071953725,0.071,0.046,0.00207841464488158,0.0477353071953725,0.276625605919528,-0.0205309208151893,0.065,0.071,1,-0.0205309208151893,"non-sig","#00AFBB"
"102","Arhgef37",7.08376311952508e-11,-0.127812784931129,0.135,0.177,2.46989568688481e-06,-0.127812784931129,0.347894991328038,-0.0147632485277729,0.128,0.135,1,-0.0147632485277729,"non-sig","#00AFBB"
"103","Arid1b",4.46063694341082e-07,-0.101639756007634,0.662,0.679,0.0155529028305905,-0.101639756007634,0.0944205288684372,0.031792384587163,0.681,0.662,1,0.031792384587163,"non-sig","#00AFBB"
"104","Arid3b",3.85154921229372e-07,-0.0997356414930848,0.107,0.137,0.0134291966385045,-0.0997356414930848,0.819219472117596,0.015489696826066,0.108,0.107,1,0.015489696826066,"non-sig","#00AFBB"
"105","Arnt2",1.09530584795278e-14,-0.141696309504525,0.553,0.596,3.81900290005695e-10,-0.141696309504525,1.43219090196862e-10,0.119843187758219,0.603,0.553,4.99362001789399e-06,0.119843187758219,"sig","#E7B800"
"106","Arntl",8.3815056383002e-30,-0.258436959067019,0.322,0.405,2.92237957090613e-25,-0.258436959067019,0.230338948986679,0.0258631720354574,0.33,0.322,1,0.0258631720354574,"non-sig","#00AFBB"
"107","Arpp21",2.23841027139173e-41,-0.159938130817705,0.958,0.983,7.80466509326156e-37,-0.159938130817705,1.43732017519389e-37,0.173907720641729,0.968,0.958,5.01150425484852e-33,0.173907720641729,"sig","#E7B800"
"108","Arr3",1.21331227700572e-09,-0.081732617379589,0.046,0.073,4.23045591623585e-05,-0.081732617379589,8.64974989650703e-09,0.0564281065620395,0.073,0.046,0.00030159082964151,0.0564281065620395,"sig","#E7B800"
"109","Asap1",6.11163681119092e-66,-0.298203502894707,0.813,0.87,2.13094440695794e-61,-0.298203502894707,9.62077463091076e-18,0.164964938124374,0.844,0.813,3.35447549055965e-13,0.164964938124374,"sig","#E7B800"
"110","Asb3",2.27328976262836e-10,0.12135942218478,0.568,0.495,7.92627941535629e-06,0.12135942218478,0.17329227856135,-0.0432259667028296,0.555,0.568,1,-0.0432259667028296,"non-sig","#00AFBB"
"111","Asic2",1.11218153649159e-41,-0.17356073476766,0.927,0.975,3.87784336328523e-37,-0.17356073476766,0.000157540541769746,0.0487543907986945,0.948,0.927,1,0.0487543907986945,"non-sig","#00AFBB"
"112","Astn2",3.25208304731722e-17,-0.161251358945581,0.658,0.697,1.13390379610809e-12,-0.161251358945581,6.52899098804591e-11,0.164302904105439,0.7,0.658,2.27646328780197e-06,0.164302904105439,"sig","#E7B800"
"113","Atat1",8.14296819476081e-08,0.0535788140751261,0.134,0.099,0.00283920872046725,0.0535788140751261,0.00123833259397177,-0.0383159584185289,0.112,0.134,1,-0.0383159584185289,"non-sig","#00AFBB"
"114","Atp1a1",8.4766574093108e-14,-0.131464500696917,0.66,0.68,2.9555561389044e-09,-0.131464500696917,0.00124108159568178,-0.0668459559050456,0.631,0.66,1,-0.0668459559050456,"non-sig","#00AFBB"
"115","Atp1a4",2.79368518969723e-10,0.0306366865286884,0.028,0.011,9.74074215091734e-06,0.0306366865286884,0.000613283027670437,-0.0202466472650048,0.018,0.028,1,-0.0202466472650048,"non-sig","#00AFBB"
"116","Atp2a2",1.41239564049018e-12,-0.0817204792826489,0.656,0.685,4.9245998796971e-08,-0.0817204792826489,0.985918286751117,-0.0221201987816415,0.661,0.656,1,-0.0221201987816415,"non-sig","#00AFBB"
"117","Atp2b2",3.61017689380242e-24,-0.144371072788671,0.893,0.919,1.25876037756209e-19,-0.144371072788671,0.300271065178184,0.0091371417835604,0.905,0.893,1,0.0091371417835604,"non-sig","#00AFBB"
"118","Atp2c1",6.26082569128664e-08,-0.0909898016910959,0.707,0.721,0.00218296209378091,-0.0909898016910959,0.0989829324424537,0.0246653461692665,0.715,0.707,1,0.0246653461692665,"non-sig","#00AFBB"
"119","Atp6ap1",4.46545151984325e-07,0.0961929709144496,0.318,0.262,0.0155696898142375,0.0961929709144496,5.04875690113353e-09,-0.109621510346335,0.262,0.318,0.000176035006871823,-0.109621510346335,"sig","#E7B800"
"120","Atp6v1d",2.5019910836822e-07,0.146816684689175,0.436,0.375,0.00872369231147471,0.146816684689175,4.10460095294643e-07,-0.132996219076562,0.387,0.436,0.0143115121426383,-0.132996219076562,"sig","#E7B800"
"121","B130034C11Rik",6.92757519894051e-09,0.0579955599062573,0.14,0.101,0.000241543764461459,0.0579955599062573,0.912553016139816,0.00434434785233823,0.139,0.14,1,0.00434434785233823,"non-sig","#00AFBB"
"122","B230303A05Rik",4.40272908641688e-26,0.363868215834608,0.618,0.556,1.53509955056097e-21,0.363868215834608,4.80240448945453e-06,-0.146857026872685,0.598,0.618,0.167445437333811,-0.146857026872685,"non-sig","#00AFBB"
"123","B3galt2",4.93526943652975e-09,0.100223626971263,0.347,0.285,0.000172078039443483,0.100223626971263,0.0295149422762821,-0.0530430456049654,0.327,0.347,1,-0.0530430456049654,"non-sig","#00AFBB"
"124","B3galt5",5.66971612430771e-07,0.0487379166052966,0.061,0.04,0.0197685992106237,0.0487379166052966,0.181610854628709,-0.0170747007202698,0.055,0.061,1,-0.0170747007202698,"non-sig","#00AFBB"
"125","Bach2",3.67993166306375e-08,-0.128074561145001,0.396,0.428,0.00128308177296044,-0.128074561145001,7.8157867669979e-11,0.142954362579171,0.451,0.396,2.72513037204916e-06,0.142954362579171,"sig","#E7B800"
"126","Basp1",1.93128227623011e-17,-0.134920910994548,0.818,0.844,6.73380191253153e-13,-0.134920910994548,0.0274709009060546,-0.028516985230119,0.815,0.818,1,-0.028516985230119,"non-sig","#00AFBB"
"127","Batf3",7.02431328107872e-09,0.0358219162694191,0.028,0.013,0.000244916731171372,0.0358219162694191,0.0152870109121069,-0.0166996686661384,0.021,0.028,1,-0.0166996686661384,"non-sig","#00AFBB"
"128","Bbln",9.68669793159973e-13,-0.112779978094498,0.291,0.341,3.37746096781088e-08,-0.112779978094498,0.00516171588622928,0.0344250551914691,0.315,0.291,1,0.0344250551914691,"non-sig","#00AFBB"
"129","Bbs9",8.6374864422013e-18,0.163075924584258,0.446,0.351,3.01163239780233e-13,0.163075924584258,0.189045727772451,-0.0226071247729863,0.426,0.446,1,-0.0226071247729863,"non-sig","#00AFBB"
"130","Bc1",1.08660158160477e-11,-0.130280180099829,0.41,0.449,3.78865373458137e-07,-0.130280180099829,0.0215030526058679,-0.0830254998504167,0.389,0.41,1,-0.0830254998504167,"non-sig","#00AFBB"
"131","Bcan",4.53246334392809e-07,0.0749488378571308,0.051,0.031,0.0158033399412741,0.0749488378571308,0.402119660304889,-0.0132618977349296,0.047,0.051,1,-0.0132618977349296,"non-sig","#00AFBB"
"132","Bcas3",2.00173647312375e-08,0.133745542011455,0.68,0.619,0.000697945456084058,0.133745542011455,0.0553399598513003,-0.0665682180791092,0.667,0.68,1,-0.0665682180791092,"non-sig","#00AFBB"
"133","Bcas3os1",2.15592115898252e-10,0.0523861803753977,0.135,0.094,7.51705030502435e-06,0.0523861803753977,0.0118709629572478,-0.0103111538037365,0.116,0.135,1,-0.0103111538037365,"non-sig","#00AFBB"
"134","Bche",1.02398232355178e-06,0.0359709766065058,0.038,0.022,0.03570319167528,0.0359709766065058,0.000355064667065042,-0.0243994602016772,0.025,0.038,1,-0.0243994602016772,"non-sig","#00AFBB"
"135","Bdnf",1.00175406352948e-19,-0.159116519389169,0.12,0.181,3.49281589330823e-15,-0.159116519389169,0.000468604672247285,0.0461056868076846,0.144,0.12,1,0.0461056868076846,"non-sig","#00AFBB"
"136","Bicc1",4.53114544942205e-09,0.138390697067331,0.292,0.239,0.000157987448384999,0.138390697067331,5.5081950292891e-06,-0.118761989670218,0.251,0.292,0.192054236086223,-0.118761989670218,"non-sig","#00AFBB"
"137","Bicdl1",4.9703173490927e-07,-0.104331936212634,0.489,0.507,0.0173300055010815,-0.104331936212634,0.347463005412313,0.0225929059630565,0.493,0.489,1,0.0225929059630565,"non-sig","#00AFBB"
"138","Birc2",2.78146109208173e-07,0.0657180570603093,0.293,0.24,0.00969812038976138,0.0657180570603093,0.000463784819979189,-0.0583006557135236,0.26,0.293,1,-0.0583006557135236,"non-sig","#00AFBB"
"139","Brinp1",1.53926272821243e-10,-0.122422507163982,0.858,0.878,5.36694735445828e-06,-0.122422507163982,3.32302573379773e-13,0.157518329529834,0.884,0.858,1.15863938260325e-08,0.157518329529834,"sig","#E7B800"
"140","Brinp3",1.54323275507968e-08,-0.218651916517641,0.406,0.456,0.000538078964713634,-0.218651916517641,0.016633247896135,0.08458902278184,0.43,0.406,1,0.08458902278184,"non-sig","#00AFBB"
"141","Bsn",2.16598019410094e-08,-0.117997303062883,0.66,0.666,0.000755212314277175,-0.117997303062883,0.0351585256044621,-0.03342730647433,0.639,0.66,1,-0.03342730647433,"non-sig","#00AFBB"
"142","Btbd9",1.36928441839137e-20,0.185206605267846,0.578,0.486,4.77428398160519e-16,0.185206605267846,0.57884612599372,-0.0155927827738263,0.573,0.578,1,-0.0155927827738263,"non-sig","#00AFBB"
"143","Btg2",1.3732676100293e-15,-0.138946946411911,0.065,0.108,4.78817217588916e-11,-0.138946946411911,2.40947944477941e-05,-0.0391571771791831,0.045,0.065,0.840113198011238,-0.0391571771791831,"non-sig","#00AFBB"
"144","Btla",1.40353980668599e-07,0.0342565315808677,0.031,0.016,0.00489372224397203,0.0342565315808677,0.106566791520771,-0.0185697314419028,0.026,0.031,1,-0.0185697314419028,"non-sig","#00AFBB"
"145","C130071C03Rik",5.85455390571965e-07,0.123420980037436,0.787,0.757,0.0204130731030727,0.123420980037436,0.869283989048082,-0.00974515356605576,0.79,0.787,1,-0.00974515356605576,"non-sig","#00AFBB"
"146","C130073E24Rik",6.17120025675331e-10,0.182359615931192,0.071,0.043,2.15171239352218e-05,0.182359615931192,1.06954211501793e-06,-0.162111153734778,0.048,0.071,0.0372917249243303,-0.162111153734778,"sig","#E7B800"
"147","C1qtnf12",6.82671144495146e-07,0.0485053252014478,0.126,0.093,0.0238026947951123,0.0485053252014478,0.00419628041928208,-0.0330720771133363,0.107,0.126,1,-0.0330720771133363,"non-sig","#00AFBB"
"148","C630031E19Rik",7.78448176056131e-09,0.0703499418042691,0.183,0.139,0.000271421525545491,0.0703499418042691,0.000141917264959972,0.060340165606902,0.213,0.183,1,0.060340165606902,"non-sig","#00AFBB"
"149","C79798",1.41961571896766e-06,0.0353367956448034,0.026,0.013,0.0494977412732455,0.0353367956448034,0.173667444947971,-0.0147338613531655,0.021,0.026,1,-0.0147338613531655,"non-sig","#00AFBB"
"150","C920021L13Rik",3.36144597817184e-10,0.0680435279072346,0.146,0.103,1.17203536920917e-05,0.0680435279072346,0.163274200524394,-0.0145038110621478,0.135,0.146,1,-0.0145038110621478,"non-sig","#00AFBB"
"151","Cab39l",5.63617430728331e-08,0.0669337169608446,0.354,0.292,0.00196516489572047,0.0669337169608446,0.000669093006808766,-0.058256987315461,0.322,0.354,1,-0.058256987315461,"non-sig","#00AFBB"
"152","Cabyr",1.06705038322844e-06,0.0381673672604434,0.116,0.085,0.037204845712026,0.0381673672604434,0.967296696898329,-0.00734272325607646,0.116,0.116,1,-0.00734272325607646,"non-sig","#00AFBB"
"153","Cacna1a",2.81148969358872e-40,-0.189800179001399,0.915,0.95,9.80282111463578e-36,-0.189800179001399,0.832660879260107,0.0106973215737778,0.926,0.915,1,0.0106973215737778,"non-sig","#00AFBB"
"154","Cacna1c",5.40013762429142e-20,0.206050355992494,0.876,0.876,1.88286598546169e-15,0.206050355992494,0.000255714356675455,-0.0996654003648749,0.875,0.876,1,-0.0996654003648749,"non-sig","#00AFBB"
"155","Cacna1d",2.35221852413401e-09,0.103360775745053,0.877,0.872,8.20148032809807e-05,0.103360775745053,0.000620825353990978,0.0428681475329085,0.886,0.877,1,0.0428681475329085,"non-sig","#00AFBB"
"156","Cacna1e",1.56845262765066e-13,0.170405287687688,0.873,0.865,5.46872377682954e-09,0.170405287687688,0.817754316957274,-0.0231102851691496,0.887,0.873,1,-0.0231102851691496,"non-sig","#00AFBB"
"157","Cacnb2",1.14214166863674e-43,0.481834238203911,0.771,0.701,3.98230535603571e-39,0.481834238203911,0.0104234575914033,-0.0923670028896408,0.77,0.771,1,-0.0923670028896408,"non-sig","#00AFBB"
"158","Cacnb4",2.75135163094123e-20,-0.128939196241393,0.901,0.937,9.5931377316028e-16,-0.128939196241393,1.35100140136409e-11,0.101565660910933,0.924,0.901,4.71053658613617e-07,0.101565660910933,"sig","#E7B800"
"159","Cacng8",2.49311534683337e-07,0.0792676320098379,0.307,0.254,0.00869274527980392,0.0792676320098379,2.91656542937252e-10,-0.118909969593705,0.251,0.307,1.01691886825932e-05,-0.118909969593705,"sig","#E7B800"
"160","Cadps",7.28425043055521e-17,0.120528797512179,0.948,0.97,2.53979959762168e-12,0.120528797512179,0.0086897345431219,-0.0442680132164019,0.962,0.948,1,-0.0442680132164019,"non-sig","#00AFBB"
"161","Cadps2",4.36457546160567e-35,-0.303630897986831,0.462,0.57,1.52179652619805e-30,-0.303630897986831,2.07003581045076e-08,0.176941162751296,0.517,0.462,0.000721759386029868,0.176941162751296,"sig","#E7B800"
"162","Calb2",5.1305157800165e-10,0.0327471814277396,0.025,0.009,1.78885693701835e-05,0.0327471814277396,6.46043591111408e-07,-0.026850403143592,0.011,0.025,0.0225256018912814,-0.026850403143592,"sig","#E7B800"
"163","Calm2",1.49954881528968e-08,-0.0310119456142393,0.908,0.916,0.000522847685427053,-0.0310119456142393,6.28670258877698e-05,-0.0670518640082527,0.901,0.908,1,-0.0670518640082527,"non-sig","#00AFBB"
"164","Caln1",3.21987507856857e-18,0.286362015314405,0.661,0.603,1.1226738436445e-13,0.286362015314405,0.304631059762135,-0.0543569568938578,0.662,0.661,1,-0.0543569568938578,"non-sig","#00AFBB"
"165","Camk1",2.64271796277559e-09,-0.125947881270379,0.314,0.35,9.21436472080966e-05,-0.125947881270379,0.14296002890522,-0.0243330879141966,0.297,0.314,1,-0.0243330879141966,"non-sig","#00AFBB"
"166","Camk4",5.4045923295596e-22,-0.186061857923802,0.707,0.765,1.88441920754755e-17,-0.186061857923802,4.09616487669047e-07,0.115089480108132,0.745,0.707,0.0142820980755566,0.115089480108132,"sig","#E7B800"
"167","Camkk2",3.66094874981765e-11,-0.137741674585448,0.543,0.572,1.27646300059892e-06,-0.137741674585448,4.62148243706693e-06,0.102770884368961,0.584,0.543,0.161137228133213,0.102770884368961,"non-sig","#00AFBB"
"168","Camkv",2.099020363464e-19,0.20306867292053,0.654,0.566,7.31865430128992e-15,0.20306867292053,1.63356608488422e-11,-0.150228110166122,0.606,0.654,5.69575486816581e-07,-0.150228110166122,"sig","#E7B800"
"169","Camta1",8.18425359145796e-10,-0.0984361393072941,0.799,0.803,2.85360369973365e-05,-0.0984361393072941,0.0776524310857434,0.0223958768542958,0.805,0.799,1,0.0223958768542958,"non-sig","#00AFBB"
"170","Cap2",5.42213269129619e-55,-0.287852839853104,0.736,0.803,1.89053500547424e-50,-0.287852839853104,0.0119492871472581,-0.0602214823493983,0.732,0.736,1,-0.0602214823493983,"non-sig","#00AFBB"
"171","Capn11",1.91746032956899e-07,0.018327431186594,0.018,0.007,0.0066856089311082,0.018327431186594,1.58712531658173e-07,-0.021393375728554,0.006,0.018,0.00553382984132551,-0.021393375728554,"sig","#E7B800"
"172","Capn15",1.98472600729675e-07,0.0640399206279765,0.333,0.275,0.00692014416964159,0.0640399206279765,0.000913945113961048,-0.0621082750414538,0.303,0.333,1,-0.0621082750414538,"non-sig","#00AFBB"
"173","Car10",2.23086334947676e-10,-0.101365557940274,0.842,0.883,7.77835124062062e-06,-0.101365557940274,1.03417548076752e-12,0.155387315267959,0.858,0.842,3.60585964879212e-08,0.155387315267959,"sig","#E7B800"
"174","Car4",2.84654735134079e-09,0.084612848466423,0.162,0.119,9.92505664991994e-05,0.084612848466423,0.348352149889976,-0.0443504898617547,0.156,0.162,1,-0.0443504898617547,"non-sig","#00AFBB"
"175","Cask",1.04253137892088e-06,-0.0650109236823009,0.702,0.725,0.0363499415888345,-0.0650109236823009,5.77721656729805e-06,0.0889883009280128,0.723,0.702,0.201434210051981,0.0889883009280128,"non-sig","#00AFBB"
"176","Cc2d2a",1.33019307989837e-07,0.0874647663198092,0.311,0.257,0.00463798421168165,0.0874647663198092,0.00434436108169748,-0.0698982405052927,0.286,0.311,1,-0.0698982405052927,"non-sig","#00AFBB"
"177","Ccbe1",9.83979642071169e-11,0.186322252865167,0.238,0.19,3.43084181800954e-06,0.186322252865167,0.150285268064815,-0.0201032031598718,0.225,0.238,1,-0.0201032031598718,"non-sig","#00AFBB"
"178","Ccdc187",1.60744945647595e-08,0.0231989821101589,0.01,0.002,0.000560469401989468,0.0231989821101589,0.801292701371457,-0.00438003115894209,0.01,0.01,1,-0.00438003115894209,"non-sig","#00AFBB"
"179","Ccdc3",2.70081935545269e-08,0.0761202394398754,0.154,0.116,0.000941694684665689,0.0761202394398754,0.137469414683163,-0.0242315346282319,0.143,0.154,1,-0.0242315346282319,"non-sig","#00AFBB"
"180","Ccdc73",6.38497206214384e-11,0.0816887746000591,0.248,0.189,2.22624820890769e-06,0.0816887746000591,0.100577665028317,-0.0352479066117599,0.233,0.248,1,-0.0352479066117599,"non-sig","#00AFBB"
"181","Ccdc7b",7.55789673446441e-07,0.0484414646688963,0.107,0.078,0.0263521185440571,0.0484414646688963,7.63861868526329e-06,-0.0665984749552171,0.081,0.107,0.266335717699075,-0.0665984749552171,"non-sig","#00AFBB"
"182","Ccdc85a",2.65799356453512e-07,0.120621089101975,0.616,0.562,0.0092676261614646,0.120621089101975,0.0751154286823352,-0.0473687142107568,0.602,0.616,1,-0.0473687142107568,"non-sig","#00AFBB"
"183","Ccl27a",6.34214266157404e-08,-0.0963644998961748,0.204,0.242,0.00221131488181102,-0.0963644998961748,0.000321695172906277,0.0796613031046635,0.233,0.204,1,0.0796613031046635,"non-sig","#00AFBB"
"184","Ccnd3",1.92488749519296e-10,0.0482255554281877,0.046,0.023,6.7115052294893e-06,0.0482255554281877,1.67428202312542e-05,-0.0355117443888167,0.029,0.046,0.583771913003141,-0.0355117443888167,"non-sig","#00AFBB"
"185","Cd226",3.75819038148448e-09,0.0485714439624466,0.069,0.042,0.000131036824031219,0.0485714439624466,0.0368034181888545,-0.0313770883521086,0.059,0.069,1,-0.0313770883521086,"non-sig","#00AFBB"
"186","Cd46",1.06067796280036e-06,0.0985763995174387,0.4,0.345,0.0369826585289603,0.0985763995174387,0.16793745497552,-0.0374075392616322,0.387,0.4,1,-0.0374075392616322,"non-sig","#00AFBB"
"187","Cdc123",6.00709273184141e-07,0.0784878116345283,0.301,0.249,0.0209449302281114,0.0784878116345283,8.02575742841284e-07,-0.087190225874097,0.255,0.301,0.0279834084256471,-0.087190225874097,"sig","#E7B800"
"188","Cdc14b",3.80100366232997e-10,0.0985199536844871,0.284,0.224,1.32529594694459e-05,0.0985199536844871,2.51007674919943e-06,-0.104353290641717,0.243,0.284,0.0875188460143366,-0.104353290641717,"non-sig","#00AFBB"
"189","Cdh11",4.94726391413736e-10,-0.110753099465053,0.769,0.798,1.72496250894227e-05,-0.110753099465053,2.74421689043663e-08,0.111608470700673,0.807,0.769,0.000956826103188538,0.111608470700673,"sig","#E7B800"
"190","Cdh13",4.76191322703527e-12,0.257410232450201,0.456,0.393,1.66033628487039e-07,0.257410232450201,0.000400709583778665,-0.0851109381845667,0.414,0.456,1,-0.0851109381845667,"non-sig","#00AFBB"
"191","Cdh4",1.03302092063441e-27,0.263215307780329,0.347,0.248,3.60183404397599e-23,0.263215307780329,5.77435776124794e-11,-0.181804802555546,0.286,0.347,2.01334532061432e-06,-0.181804802555546,"sig","#E7B800"
"192","Cdh7",2.95118087422559e-16,0.215448353021444,0.343,0.272,1.02898823541624e-11,0.215448353021444,0.0430120311839207,-0.053196237438688,0.326,0.343,1,-0.053196237438688,"non-sig","#00AFBB"
"193","Cdhr1",5.91675206092859e-16,0.0828543317297097,0.025,0.006,2.06299394108397e-11,0.0828543317297097,3.10896512155888e-06,-0.0534864995367353,0.012,0.025,0.108400286893393,-0.0534864995367353,"non-sig","#00AFBB"
"194","Cdk14",2.25444672477624e-20,0.191478143298295,0.835,0.824,7.86057939527731e-16,0.191478143298295,0.00788579965296034,-0.0570222578590887,0.837,0.835,1,-0.0570222578590887,"non-sig","#00AFBB"
"195","Cdkal1",5.22036091671353e-07,0.100977348469981,0.481,0.423,0.0182018324083051,0.100977348469981,0.908254344317995,-0.0213735199115959,0.482,0.481,1,-0.0213735199115959,"non-sig","#00AFBB"
"196","Cdkl1",2.59785568702508e-12,0.0927043734736333,0.307,0.237,9.05794342395033e-08,0.0927043734736333,3.33451576936252e-05,-0.0834561359074265,0.27,0.307,1,-0.0834561359074265,"non-sig","#00AFBB"
"197","Cdkl4",1.82979275588978e-07,0.0439454766403737,0.116,0.084,0.00637993840196089,0.0439454766403737,0.220793975003277,-0.0101603979996933,0.107,0.116,1,-0.0101603979996933,"non-sig","#00AFBB"
"198","Cdr1os",3.0498218043738e-10,0.134919748070627,0.632,0.566,1.06338136853101e-05,0.134919748070627,0.598887701448812,-0.0357594899320328,0.627,0.632,1,-0.0357594899320328,"non-sig","#00AFBB"
"199","Ceacam2",1.53042233308292e-08,0.0659796866667243,0.153,0.113,0.000533612354876022,0.0659796866667243,0.641401072060489,0.00704960452305431,0.155,0.153,1,0.00704960452305431,"non-sig","#00AFBB"
"200","Celf2",8.95681343924124e-09,-0.0498164148813478,0.984,0.994,0.000312297214186024,-0.0498164148813478,9.72836117688273e-43,0.137045373034207,0.984,0.984,3.3919876915437e-38,0.137045373034207,"sig","#E7B800"
"201","Cenpp",1.98997036425129e-09,0.0656175994035954,0.171,0.127,6.93842966903496e-05,0.0656175994035954,0.133080335146245,-0.013721669470368,0.158,0.171,1,-0.013721669470368,"non-sig","#00AFBB"
"202","Cep112",6.84096230688982e-07,0.12298298740672,0.457,0.409,0.0238523832754327,0.12298298740672,0.572532324653747,-0.0127194591924322,0.45,0.457,1,-0.0127194591924322,"non-sig","#00AFBB"
"203","Cerkl",1.20038978018801e-07,0.0577406439476763,0.106,0.076,0.00418539904658154,0.0577406439476763,0.575156375247624,-0.0129606188691921,0.103,0.106,1,-0.0129606188691921,"non-sig","#00AFBB"
"204","Cers6",2.2724980303544e-08,0.128652019916142,0.666,0.613,0.000792351888243669,0.128652019916142,0.349189109330676,-0.00594269139002712,0.675,0.666,1,-0.00594269139002712,"non-sig","#00AFBB"
"205","Chac2",3.09688601362351e-07,0.0600802016587761,0.25,0.201,0.0107979124637011,0.0600802016587761,0.00249085825380118,-0.046923131527331,0.222,0.25,1,-0.046923131527331,"non-sig","#00AFBB"
"206","Champ1",4.35630942507511e-07,0.0544777522006982,0.118,0.087,0.0151891440724094,0.0544777522006982,0.00696649867822451,-0.0306568241541378,0.1,0.118,1,-0.0306568241541378,"non-sig","#00AFBB"
"207","Chpt1",4.56116317901948e-08,0.0864608323658937,0.338,0.28,0.00159034076562872,0.0864608323658937,0.00163208792440801,-0.0558457926584985,0.307,0.338,1,-0.0558457926584985,"non-sig","#00AFBB"
"208","Chrd",4.15814333953464e-10,0.0689161706835126,0.192,0.144,1.44981983819554e-05,0.0689161706835126,1.29143470789444e-08,-0.0767215405119039,0.148,0.192,0.000450284539601554,-0.0767215405119039,"sig","#E7B800"
"209","Chrm3",6.76197346845444e-16,-0.122503309135467,0.718,0.802,2.35769728924601e-11,-0.122503309135467,7.78410401246945e-21,0.284726492429291,0.772,0.718,2.71408354602772e-16,0.284726492429291,"sig","#E7B800"
"210","Chsy3",9.43335263258479e-23,-0.179909612937434,0.765,0.845,3.28912706240334e-18,-0.179909612937434,4.38365708879445e-12,0.183219109259588,0.819,0.765,1.52844971714996e-07,0.183219109259588,"sig","#E7B800"
"211","Ciart",1.07795317755064e-14,0.068809449763206,0.106,0.064,3.75849934416581e-10,0.068809449763206,0.00218891168199712,-0.0238900436850886,0.087,0.106,1,-0.0238900436850886,"non-sig","#00AFBB"
"212","Cit",7.27261951094061e-07,-0.0996742134586235,0.601,0.612,0.0253574424487966,-0.0996742134586235,0.100853532932376,-0.029885225200694,0.586,0.601,1,-0.029885225200694,"non-sig","#00AFBB"
"213","Ckmt2",9.39728321829178e-09,0.0551913107394711,0.133,0.096,0.00032765507397218,0.0551913107394711,7.48670777360706e-06,-0.0416312648947683,0.103,0.133,0.261039039942357,-0.0416312648947683,"non-sig","#00AFBB"
"214","Clcn2",3.33042719897499e-07,0.0604677909861784,0.23,0.184,0.0116122005146661,0.0604677909861784,1.89926245519348e-05,-0.0583204154012159,0.193,0.23,0.662215840252311,-0.0583204154012159,"non-sig","#00AFBB"
"215","Clk1",1.38815132494612e-09,0.118660674105799,0.548,0.473,4.84006722468963e-05,0.118660674105799,8.93409589833969e-13,-0.159334594140569,0.489,0.548,3.1150512168741e-08,-0.159334594140569,"sig","#E7B800"
"216","Clstn1",4.08657679266629e-09,-0.0963443216749362,0.694,0.709,0.000142486673029896,-0.0963443216749362,0.00159284210206561,-0.0675962130442389,0.667,0.694,1,-0.0675962130442389,"non-sig","#00AFBB"
"217","Clstn3",5.73362181773784e-11,-0.122708281666797,0.4,0.445,1.99914191919065e-06,-0.122708281666797,0.0278339311518171,-0.0433741185906423,0.38,0.4,1,-0.0433741185906423,"non-sig","#00AFBB"
"218","Clu",1.31133847647625e-09,0.106636738732274,0.244,0.19,4.57224386592975e-05,0.106636738732274,7.97887909961013e-10,-0.108182034825911,0.192,0.244,2.78199577566107e-05,-0.108182034825911,"sig","#E7B800"
"219","Cmip",3.56527004738584e-08,-0.0933184431092129,0.66,0.684,0.00124310270742202,-0.0933184431092129,8.20220604570734e-10,-0.129386323456309,0.616,0.66,2.85986318195678e-05,-0.129386323456309,"sig","#E7B800"
"220","Cmss1",1.42337574566331e-12,-0.0684391996715803,0.657,0.689,4.96288421240426e-08,-0.0684391996715803,9.46664926616663e-21,-0.183204350264787,0.583,0.657,3.30073659963432e-16,-0.183204350264787,"sig","#E7B800"
"221","Cnot3",1.34957424875546e-06,0.0547706196143193,0.301,0.25,0.0470556053313566,0.0547706196143193,0.000284090790306828,-0.0609387950750001,0.269,0.301,1,-0.0609387950750001,"non-sig","#00AFBB"
"222","Cntn5",7.29055185305861e-10,0.225720573324575,0.828,0.833,2.54199671460595e-05,0.225720573324575,0.00778922940436377,-0.0624795141965211,0.828,0.828,1,-0.0624795141965211,"non-sig","#00AFBB"
"223","Cobl",2.82305966901344e-07,-0.0763427055574564,0.722,0.749,0.00984316214794915,-0.0763427055574564,2.39472944986539e-08,0.0975118555529499,0.76,0.722,0.000834970317284566,0.0975118555529499,"sig","#E7B800"
"224","Col25a1",5.76488656669176e-12,0.138376568939735,0.352,0.285,2.01004299920841e-07,0.138376568939735,0.000155910392261097,-0.0455710259776638,0.316,0.352,1,-0.0455710259776638,"non-sig","#00AFBB"
"225","Col6a4",3.87342715540149e-13,0.0431343624176272,0.033,0.012,1.35054784627384e-08,0.0431343624176272,0.000493315182701468,-0.0226376774666411,0.021,0.033,1,-0.0226376774666411,"non-sig","#00AFBB"
"226","Cpne4",6.12961161282674e-17,0.268166693958822,0.566,0.49,2.1372116810443e-12,0.268166693958822,1.17140751362934e-05,-0.11743630021761,0.523,0.566,0.408434657777143,-0.11743630021761,"non-sig","#00AFBB"
"227","Cpne6",1.14245758614498e-11,0.109141456097673,0.206,0.153,3.98340686561169e-07,0.109141456097673,2.30486279088208e-11,-0.118379141664116,0.153,0.206,8.03636509296853e-07,-0.118379141664116,"sig","#E7B800"
"228","Cpne7",4.97514105070348e-09,0.0684525445129463,0.103,0.07,0.000173468243014878,0.0684525445129463,0.000115835526133652,-0.0536197953184235,0.08,0.103,1,-0.0536197953184235,"non-sig","#00AFBB"
"229","Cpne9",1.30416541334679e-11,-0.167813871142751,0.307,0.352,4.54723354671626e-07,-0.167813871142751,0.60211858636486,0.0106596968845217,0.31,0.307,1,0.0106596968845217,"non-sig","#00AFBB"
"230","Cpq",3.16183177492773e-10,-0.0886915010175007,0.059,0.091,1.10243588496405e-05,-0.0886915010175007,7.4568621574316e-06,0.0636474808270496,0.082,0.059,0.259998412843168,0.0636474808270496,"non-sig","#00AFBB"
"231","Cpt1c",2.83702156582703e-09,0.109429187913245,0.522,0.443,9.89184309356909e-05,0.109429187913245,0.00708010682275459,-0.0521745724043046,0.49,0.522,1,-0.0521745724043046,"non-sig","#00AFBB"
"232","Cracd",9.21250565470449e-07,0.0966712926985211,0.377,0.322,0.0321212434662581,0.0966712926985211,0.0143961331480177,-0.0486008994466132,0.348,0.377,1,-0.0486008994466132,"non-sig","#00AFBB"
"233","Crebzf",4.56046251718569e-07,-0.11256191838075,0.502,0.521,0.0159009646586714,-0.11256191838075,0.425521709583948,-0.01269525479259,0.494,0.502,1,-0.01269525479259,"non-sig","#00AFBB"
"234","Crim1",1.14540892336634e-15,0.139383861711738,0.31,0.237,3.99369729310141e-11,0.139383861711738,5.89268960327787e-07,-0.0850392653558131,0.265,0.31,0.020546040839749,-0.0850392653558131,"sig","#E7B800"
"235","Crispld1",1.2509315769508e-11,0.0733408531188282,0.103,0.066,4.36162312935434e-07,0.0733408531188282,0.000115341226025209,-0.0507011682392584,0.08,0.103,1,-0.0507011682392584,"non-sig","#00AFBB"
"236","Crtac1",1.16373282907156e-17,0.18611776646805,0.199,0.137,4.05758725512381e-13,0.18611776646805,2.82035851949723e-11,-0.16891380726137,0.15,0.199,9.83374404993098e-07,-0.16891380726137,"sig","#E7B800"
"237","Csmd1",7.59897853134248e-26,-0.105537465244295,0.969,0.991,2.64953584452318e-21,-0.105537465244295,2.34111167783446e-52,0.178345645096669,0.975,0.969,8.16275408710543e-48,0.178345645096669,"sig","#E7B800"
"238","Csmd2",2.26880024499348e-11,-0.100533541357023,0.832,0.857,7.91062581421876e-07,-0.100533541357023,2.12389546883291e-14,0.118055741379186,0.86,0.832,7.40538633117969e-10,0.118055741379186,"sig","#E7B800"
"239","Cst3",7.6161366804452e-17,0.314301973765255,0.614,0.522,2.65551837637083e-12,0.314301973765255,0.00212360479581734,0.0753922722595011,0.632,0.614,1,0.0753922722595011,"non-sig","#00AFBB"
"240","Ctnna1",8.87568906162445e-11,0.0841046076503701,0.214,0.161,3.0946865051166e-06,0.0841046076503701,0.70050964800575,0.0168612671959459,0.207,0.214,1,0.0168612671959459,"non-sig","#00AFBB"
"241","Ctnnd2",4.98496058242347e-19,0.138224434687208,0.94,0.969,1.73810620627359e-14,0.138224434687208,0.563421054754608,0.006608283663188,0.959,0.94,1,0.006608283663188,"non-sig","#00AFBB"
"242","Ctsl",7.35232142683674e-14,0.141739086727167,0.263,0.195,2.56353391189517e-09,0.141739086727167,3.93580671008905e-08,-0.0913259438809902,0.213,0.263,0.00137229772560675,-0.0913259438809902,"sig","#E7B800"
"243","Cwf19l2",1.28206539901431e-09,0.079894556094192,0.328,0.263,4.47017742674319e-05,0.079894556094192,0.000244412744990221,-0.0578035276620987,0.291,0.328,1,-0.0578035276620987,"non-sig","#00AFBB"
"244","Cx3cl1",4.5217470676933e-10,-0.137831979976933,0.486,0.51,1.57659755009262e-05,-0.137831979976933,9.2039130700655e-13,-0.136424016600708,0.417,0.486,3.20912837013974e-08,-0.136424016600708,"sig","#E7B800"
"245","Cyp7b1",4.43632401114727e-10,0.119560713360905,0.308,0.25,1.54681309296672e-05,0.119560713360905,0.0570607396309926,-0.0270457486110047,0.289,0.308,1,-0.0270457486110047,"non-sig","#00AFBB"
"246","Cys1",4.09578528545653e-07,0.0480292475540142,0.085,0.059,0.0142807745548013,0.0480292475540142,5.24570483667814e-07,-0.061062587910972,0.059,0.085,0.0182901990540457,-0.061062587910972,"sig","#E7B800"
"247","D030068K23Rik",1.34163949433901e-12,0.104399543808449,0.252,0.188,4.67789442491183e-08,0.104399543808449,0.0368710333766688,-0.0310835502065042,0.231,0.252,1,-0.0310835502065042,"non-sig","#00AFBB"
"248","D630023F18Rik",4.98714057013424e-07,0.0333565214035321,0.053,0.033,0.017388663025887,0.0333565214035321,0.00557919066595812,-0.0241535670400384,0.041,0.053,1,-0.0241535670400384,"non-sig","#00AFBB"
"249","Dab1",3.96891917072201e-10,0.173302818254389,0.888,0.888,1.38384304725564e-05,0.173302818254389,0.042396426807349,-0.0446407122953727,0.884,0.888,1,-0.0446407122953727,"non-sig","#00AFBB"
"250","Dab2ip",2.46710259196805e-08,-0.115193334354705,0.376,0.409,0.000860204660741502,-0.115193334354705,0.0319809954605358,0.0380107190394297,0.394,0.376,1,0.0380107190394297,"non-sig","#00AFBB"
"251","Dalrd3",2.43120121561402e-07,0.0729355921523838,0.446,0.38,0.00847686927848141,0.0729355921523838,0.0197879792517256,-0.0381573128389314,0.418,0.446,1,-0.0381573128389314,"non-sig","#00AFBB"
"252","Dbp",6.44838116723729e-38,0.174418252277786,0.212,0.117,2.24835706158062e-33,0.174418252277786,0.000235638923271335,-0.0480277665670644,0.18,0.212,1,-0.0480277665670644,"non-sig","#00AFBB"
"253","Dcaf17",1.28408937457597e-06,0.0716981480699755,0.389,0.331,0.0447723442233403,0.0716981480699755,0.001938710843404,-0.0749891731648153,0.361,0.389,1,-0.0749891731648153,"non-sig","#00AFBB"
"254","Dcbld1",1.15493672826248e-07,0.0453268877006634,0.134,0.098,0.00402691789043278,0.0453268877006634,0.00431034923543165,-0.0431085086810603,0.114,0.134,1,-0.0431085086810603,"non-sig","#00AFBB"
"255","Dchs2",7.23117994862098e-08,0.0633096006101518,0.034,0.018,0.00252129551268568,0.0633096006101518,0.00414944728673628,-0.0404528233105361,0.025,0.034,1,-0.0404528233105361,"non-sig","#00AFBB"
"256","Dclk1",2.61978132729391e-19,-0.103319623230095,0.94,0.965,9.13439155387569e-15,-0.103319623230095,1.3550952346651e-07,0.050895768014307,0.953,0.94,0.00472481055470681,0.050895768014307,"sig","#E7B800"
"257","Dcx",1.30873929527836e-11,-0.13208221371406,0.456,0.497,4.56318130084705e-07,-0.13208221371406,1.01346872822595e-19,0.204120188173828,0.53,0.456,3.53366141470542e-15,0.204120188173828,"sig","#E7B800"
"258","Ddah1",3.0301377490892e-11,-0.0892383938129614,0.052,0.085,1.05651812897493e-06,-0.0892383938129614,0.252194356151478,0.00530758764932995,0.057,0.052,1,0.00530758764932995,"non-sig","#00AFBB"
"259","Ddhd2",7.10478110361866e-11,0.113397788226052,0.595,0.519,2.47722402739872e-06,0.113397788226052,0.0174444289561926,-0.0290343972806131,0.568,0.595,1,-0.0290343972806131,"non-sig","#00AFBB"
"260","Ddx17",6.00521984549398e-07,-0.0972719069460659,0.643,0.651,0.0209384000352839,-0.0972719069460659,0.109684627871672,0.0290932096231,0.649,0.643,1,0.0290932096231,"non-sig","#00AFBB"
"261","Denn2b",1.87699327595812e-07,0.0553213491654843,0.109,0.078,0.00654451245528319,0.0553213491654843,5.69480907924653e-05,-0.0523591746336906,0.084,0.109,1,-0.0523591746336906,"non-sig","#00AFBB"
"262","Dennd6b",2.70668234574912e-09,0.0811648583848085,0.249,0.194,9.43738933492346e-05,0.0811648583848085,0.0495481237682255,-0.0359812605116296,0.232,0.249,1,-0.0359812605116296,"non-sig","#00AFBB"
"263","Deptor",2.80251351174369e-07,0.102127736449814,0.182,0.143,0.00977152386139672,0.102127736449814,1.16611309066896e-13,-0.167415961621941,0.129,0.182,4.06588651323547e-09,-0.167415961621941,"sig","#E7B800"
"264","Dgkg",1.33857107815457e-10,0.111865231903331,0.41,0.338,4.66719577820155e-06,0.111865231903331,0.0182760138782183,-0.0136061721953915,0.382,0.41,1,-0.0136061721953915,"non-sig","#00AFBB"
"265","Dgkh",1.49513219212173e-07,-0.0920787731693844,0.672,0.69,0.00521307741427085,-0.0920787731693844,0.0022802373190911,0.0463785792682774,0.697,0.672,1,0.0463785792682774,"non-sig","#00AFBB"
"266","Dgkz",5.35034976138049e-15,-0.153805177044405,0.574,0.612,1.86550645130054e-10,-0.153805177044405,0.424362661719105,0.0185811618758731,0.575,0.574,1,0.0185811618758731,"non-sig","#00AFBB"
"267","Dhx40",4.02327843905874e-09,0.0503818712639132,0.166,0.122,0.000140279649334661,0.0503818712639132,4.79249463654684e-05,-0.0519151932976126,0.135,0.166,1,-0.0519151932976126,"non-sig","#00AFBB"
"268","Diaph2",9.8228049616037e-27,-0.210154104540041,0.675,0.727,3.42491740596236e-22,-0.210154104540041,1.34605829002678e-18,0.186916354201319,0.722,0.675,4.69330143983637e-14,0.186916354201319,"sig","#E7B800"
"269","Dip2b",1.18633405509912e-09,-0.0997859476230671,0.765,0.778,4.1363909499141e-05,-0.0997859476230671,0.0349874501055461,0.0407494014366725,0.772,0.765,1,0.0407494014366725,"non-sig","#00AFBB"
"270","Dipk2a",1.83618157838252e-14,0.0930212902040006,0.138,0.09,6.40221430934633e-10,0.0930212902040006,0.342165493422141,0.00972744949942544,0.146,0.138,1,0.00972744949942544,"non-sig","#00AFBB"
"271","Disp2",1.40392706642849e-11,0.112032255630314,0.367,0.294,4.89507250251623e-07,0.112032255630314,6.82905870814096e-09,-0.115459914315461,0.313,0.367,0.000238108789976751,-0.115459914315461,"sig","#E7B800"
"272","Dleu2",1.34851272403274e-08,-0.111946145456731,0.503,0.53,0.000470185931488494,-0.111946145456731,0.381370660106651,-0.0112913846516287,0.511,0.503,1,-0.0112913846516287,"non-sig","#00AFBB"
"273","Dlgap3",1.03037654567362e-11,-0.134728024633991,0.478,0.515,3.59261390180021e-07,-0.134728024633991,0.234632767652552,-0.0315031853722638,0.467,0.478,1,-0.0315031853722638,"non-sig","#00AFBB"
"274","Dlgap4",5.05959312609261e-10,-0.116261618862561,0.575,0.596,1.76412833527471e-05,-0.116261618862561,0.00396723569984985,-0.0771855443541718,0.548,0.575,1,-0.0771855443541718,"non-sig","#00AFBB"
"275","Dmd",4.80388820041755e-09,-0.0441019820965711,0.92,0.968,0.000167497169883959,-0.0441019820965711,7.91986840683196e-30,0.150314570833463,0.943,0.92,2.7614205174101e-25,0.150314570833463,"sig","#E7B800"
"276","Dmtn",1.71331040113494e-07,-0.103747777928553,0.419,0.444,0.0059737993756372,-0.103747777928553,0.000680721526748938,-0.0739515291790128,0.385,0.419,1,-0.0739515291790128,"non-sig","#00AFBB"
"277","Dnah17",1.32285736763392e-16,0.0724714444952927,0.071,0.035,4.61240678372918e-12,0.0724714444952927,0.00011237844766559,-0.0479143767905508,0.052,0.071,1,-0.0479143767905508,"non-sig","#00AFBB"
"278","Dnajb5",8.88355054881774e-07,-0.0714229255348015,0.096,0.125,0.0309742756985628,-0.0714229255348015,0.0170123437651252,-0.0140327535701484,0.082,0.096,1,-0.0140327535701484,"non-sig","#00AFBB"
"279","Dnajc10",7.42083733048741e-12,0.0997837094109405,0.38,0.305,2.58742335202104e-07,0.0997837094109405,0.00422789178240295,-0.0466542921763899,0.35,0.38,1,-0.0466542921763899,"non-sig","#00AFBB"
"280","Dnm3",1.11317195245067e-09,0.13032815796411,0.696,0.635,3.88129664660977e-05,0.13032815796411,1.96346089049081e-05,-0.0821991376606277,0.662,0.696,0.684599908687431,-0.0821991376606277,"non-sig","#00AFBB"
"281","Dnmt3a",2.14172541863397e-09,-0.110400758686763,0.643,0.651,7.46755401715108e-05,-0.110400758686763,0.0531053482032172,-0.0438236093128319,0.618,0.643,1,-0.0438236093128319,"non-sig","#00AFBB"
"282","Dock10",1.41986228567734e-09,0.137155216164174,0.116,0.08,4.95063383147119e-05,0.137155216164174,0.0408636404887908,-0.0629568692127098,0.102,0.116,1,-0.0629568692127098,"non-sig","#00AFBB"
"283","Dock3",2.35547393091938e-08,-0.070161485021027,0.918,0.941,0.000821283095493659,-0.070161485021027,1.39378356405044e-28,0.156340273824181,0.937,0.918,4.85970515277466e-24,0.156340273824181,"sig","#E7B800"
"284","Dok5",6.25886953747813e-15,-0.192657117716115,0.249,0.303,2.1822800416325e-10,-0.192657117716115,8.76199702937781e-06,0.108566495319058,0.284,0.249,0.305504550423316,0.108566495319058,"non-sig","#00AFBB"
"285","Dop1b",2.69504898911963e-07,-0.0909989965801837,0.415,0.445,0.00939682731036343,-0.0909989965801837,0.239028771426252,-0.0344957008778602,0.403,0.415,1,-0.0344957008778602,"non-sig","#00AFBB"
"286","Dpp10",2.43605451035168e-15,-0.105650678371367,0.954,0.975,8.4937912612432e-11,-0.105650678371367,1.01238628973432e-10,0.170335942693977,0.956,0.954,3.52988727641664e-06,0.170335942693977,"sig","#E7B800"
"287","Dpp6",6.94616915661672e-20,0.288548230560488,0.799,0.767,2.42192079983755e-15,0.288548230560488,1.44476396510094e-06,-0.098205538078775,0.787,0.799,0.0503745851711744,-0.098205538078775,"non-sig","#00AFBB"
"288","Dpyd",1.5405446089588e-07,0.143568732310515,0.284,0.237,0.00537141688805664,0.143568732310515,2.25003662017143e-07,-0.11732846151164,0.237,0.284,0.00784520268355172,-0.11732846151164,"sig","#E7B800"
"289","Dpysl3",1.63079416594006e-08,0.0748301311846868,0.158,0.118,0.000568609001838322,0.0748301311846868,0.0117498010173992,-0.0508755710226284,0.14,0.158,1,-0.0508755710226284,"non-sig","#00AFBB"
"290","Dtna",1.11984781394541e-30,-0.218713274914973,0.659,0.717,3.90457337288348e-26,-0.218713274914973,1.61696513241741e-17,0.179337014066173,0.711,0.659,5.63787232719979e-13,0.179337014066173,"sig","#E7B800"
"291","Dtnbos",3.9871864559082e-23,0.17370021561298,0.433,0.329,1.39021230158151e-18,0.17370021561298,0.181673660194295,-0.0164087913076932,0.416,0.433,1,-0.0164087913076932,"non-sig","#00AFBB"
"292","Dusp19",4.3570606568173e-07,0.0296941584111893,0.046,0.028,0.0151917633921249,0.0296941584111893,0.034304842272175,-0.0105923029560875,0.038,0.046,1,-0.0105923029560875,"non-sig","#00AFBB"
"293","Dusp3",3.25664667321443e-09,-0.127628924662272,0.334,0.37,0.000113549499554967,-0.127628924662272,0.991786335665886,0.0099574801779525,0.329,0.334,1,0.0099574801779525,"non-sig","#00AFBB"
"294","Dusp6",1.12078834249159e-13,-0.0808708104452881,0.039,0.072,3.90785271376542e-09,-0.0808708104452881,0.459424389601113,0.00535366695554747,0.042,0.039,1,0.00535366695554747,"non-sig","#00AFBB"
"295","Dync1h1",4.264322736812e-07,-0.0868795651040626,0.592,0.597,0.0148684140864424,-0.0868795651040626,0.00213793983861976,-0.0712898210653212,0.565,0.592,1,-0.0712898210653212,"non-sig","#00AFBB"
"296","Dync2h1",4.38197796696326e-14,0.134691381911836,0.563,0.481,1.52786425774108e-09,0.134691381911836,0.00568902018419279,-0.0561454660995382,0.542,0.563,1,-0.0561454660995382,"non-sig","#00AFBB"
"297","Dynlt1f",1.13323538544083e-06,0.0311438878392585,0.08,0.055,0.0395125181841654,0.0311438878392585,0.750480986377146,0.00317596788649982,0.078,0.08,1,0.00317596788649982,"non-sig","#00AFBB"
"298","E130114P18Rik",7.40470819903624e-14,0.241476136956032,0.085,0.049,2.58179960775797e-09,0.241476136956032,2.36708237616045e-09,-0.242141638020303,0.055,0.085,8.25330612095865e-05,-0.242141638020303,"sig","#E7B800"
"299","E430024I08Rik",1.28253129108729e-07,0.046262058294696,0.118,0.085,0.00447180185263406,0.046262058294696,0.0688384526554046,-0.0138195228530779,0.106,0.118,1,-0.0138195228530779,"non-sig","#00AFBB"
"300","Ebf1",1.24578984706884e-10,0.170754902090894,0.016,0.004,4.34369545977491e-06,0.170754902090894,0.0134494751884967,-0.0781151807502801,0.011,0.016,1,-0.0781151807502801,"non-sig","#00AFBB"
"301","Ece1",1.03673492783393e-11,-0.14705587963923,0.209,0.255,3.61478367287855e-07,-0.14705587963923,0.130086285041846,-0.0077109552777096,0.195,0.209,1,-0.0077109552777096,"non-sig","#00AFBB"
"302","Echdc1",3.29710354599466e-08,0.0692404158770263,0.287,0.23,0.00114960109338196,0.0692404158770263,0.0334762970956104,-0.02668302710598,0.265,0.287,1,-0.02668302710598,"non-sig","#00AFBB"
"303","Echdc2",1.70546267965424e-276,0.692900813054309,0.408,0.114,5.94643672515042e-272,0.692900813054309,1.3504546638865e-235,-0.706389040693548,0.124,0.408,4.70863027657306e-231,-0.706389040693548,"sig","#E7B800"
"304","Ecsit",2.48396887786517e-07,0.0887683878071784,0.214,0.171,0.0086608542864525,0.0887683878071784,0.0237992361423651,-0.0556024563288587,0.196,0.214,1,-0.0556024563288587,"non-sig","#00AFBB"
"305","Efcab1",9.7104637102904e-07,0.0528765048516095,0.09,0.064,0.0338574738186695,0.0528765048516095,0.00287157256749407,-0.0474114692746731,0.073,0.09,1,-0.0474114692746731,"non-sig","#00AFBB"
"306","Efcab15",7.16863422773757e-09,0.0401018121822216,0.071,0.044,0.000249948769618526,0.0401018121822216,0.000668205766700533,-0.0316247284754476,0.054,0.071,1,-0.0316247284754476,"non-sig","#00AFBB"
"307","Efna5",7.93436579795998e-12,-0.142869553896663,0.579,0.628,2.76647532277471e-07,-0.142869553896663,5.84144195940726e-06,0.116932878198471,0.613,0.579,0.203673556798653,0.116932878198471,"non-sig","#00AFBB"
"308","Efnb2",1.91795939317171e-12,0.11246181238714,0.219,0.162,6.68734901617179e-08,0.11246181238714,2.44151613950572e-07,-0.0936106326780528,0.177,0.219,0.0085128343236146,-0.0936106326780528,"sig","#E7B800"
"309","Egfem1",9.54031257233692e-12,0.289800378034144,0.58,0.534,3.32642078459671e-07,0.289800378034144,1.51271088351946e-06,-0.140770808515223,0.53,0.58,0.0527436903756732,-0.140770808515223,"non-sig","#00AFBB"
"310","Egr1",7.09485914090827e-21,-0.13767407524554,0.123,0.187,2.47376453666049e-16,-0.13767407524554,0.444378553700839,-0.0247566862359133,0.128,0.123,1,-0.0247566862359133,"non-sig","#00AFBB"
"311","Egr3",2.31320627146947e-15,-0.130602585380922,0.071,0.115,8.0654563067326e-11,-0.130602585380922,0.0039809428823134,-0.0326866651608978,0.057,0.071,1,-0.0326866651608978,"non-sig","#00AFBB"
"312","Egr4",1.30804670093059e-06,-0.057930709879467,0.034,0.054,0.0456076643213471,-0.057930709879467,0.352146035366322,0.00219658534575848,0.038,0.034,1,0.00219658534575848,"non-sig","#00AFBB"
"313","Elp4",1.5592474079933e-08,0.112368974117079,0.466,0.401,0.000543662793745023,0.112368974117079,0.505767218646206,-0.0304893247845111,0.455,0.466,1,-0.0304893247845111,"non-sig","#00AFBB"
"314","Emid1",1.31964082479825e-08,0.0578200157105875,0.057,0.034,0.000460119166382407,0.0578200157105875,0.000292821982662421,-0.0481706569262152,0.041,0.057,1,-0.0481706569262152,"non-sig","#00AFBB"
"315","Enox1",1.9405569603791e-12,0.170797376719883,0.778,0.738,6.76613995375379e-08,0.170797376719883,0.0150988593548972,-0.0636917630752283,0.766,0.778,1,-0.0636917630752283,"non-sig","#00AFBB"
"316","ENSMUSG00000119984",7.8442472624655e-12,0.1050332276032,0.33,0.26,2.73505369300384e-07,0.1050332276032,2.27155505448788e-05,-0.0881872463656321,0.29,0.33,0.792023100848289,-0.0881872463656321,"non-sig","#00AFBB"
"317","ENSMUSG00000119988",4.70761381106364e-08,0.0471945445316065,0.122,0.087,0.00164140370750356,0.0471945445316065,0.563024577493177,0.0126306446579545,0.117,0.122,1,0.0126306446579545,"non-sig","#00AFBB"
"318","ENSMUSG00000120008",2.70436370407349e-09,0.0658494287606887,0.183,0.136,9.42930492699305e-05,0.0658494287606887,3.27932286162938e-05,-0.0663373712095838,0.15,0.183,1,-0.0663373712095838,"non-sig","#00AFBB"
"319","ENSMUSG00000120012",2.26936619361463e-08,0.0627506474373828,0.229,0.178,0.000791259910727612,0.0627506474373828,0.503570723292679,0.0521249892212398,0.231,0.229,1,0.0521249892212398,"non-sig","#00AFBB"
"320","ENSMUSG00000120164",6.47616921642362e-07,-0.0996661061299103,0.046,0.069,0.0225804592069042,-0.0996661061299103,0.215573064864659,0.034877764983041,0.052,0.046,1,0.034877764983041,"non-sig","#00AFBB"
"321","ENSMUSG00000120303",9.8124298155829e-18,0.122987143786471,0.156,0.099,3.42129990379929e-13,0.122987143786471,1.15230652853797e-06,-0.0805117149720203,0.122,0.156,0.0401774717305335,-0.0805117149720203,"sig","#E7B800"
"322","ENSMUSG00000120795",2.12482145623762e-07,0.0708625637196195,0.21,0.167,0.0074086149714637,0.0708625637196195,0.000783014744246418,-0.0521829265008069,0.182,0.21,1,-0.0521829265008069,"non-sig","#00AFBB"
"323","ENSMUSG00000121060",9.81038884825774e-09,0.041880556637185,0.054,0.031,0.000342058827972202,0.041880556637185,0.190900453925431,-0.00657603884700524,0.048,0.054,1,-0.00657603884700524,"non-sig","#00AFBB"
"324","ENSMUSG00000121147",2.06820998623093e-07,0.0277743096124663,0.028,0.013,0.00721122775899138,0.0277743096124663,0.00119869907904158,-0.0244779049376396,0.018,0.028,1,-0.0244779049376396,"non-sig","#00AFBB"
"325","ENSMUSG00000121153",8.68701193297567e-10,0.0390556320876768,0.072,0.044,3.02890045067063e-05,0.0390556320876768,0.504888687421423,-0.0049713329868207,0.068,0.072,1,-0.0049713329868207,"non-sig","#00AFBB"
"326","ENSMUSG00000121160",9.4789148745896e-09,0.0557705379408499,0.131,0.093,0.000330501324932316,0.0557705379408499,0.208012090169224,-0.0202858129543912,0.122,0.131,1,-0.0202858129543912,"non-sig","#00AFBB"
"327","ENSMUSG00000121207",6.79901903432397e-15,0.0710303811635914,0.098,0.057,2.37061396669774e-10,0.0710303811635914,0.00042906537099303,-0.0420922043749296,0.077,0.098,1,-0.0420922043749296,"non-sig","#00AFBB"
"328","ENSMUSG00000121275",1.41332097159762e-06,0.0475908901603584,0.139,0.106,0.0492782623166942,0.0475908901603584,0.190236735797574,-0.016249546064042,0.13,0.139,1,-0.016249546064042,"non-sig","#00AFBB"
"329","ENSMUSG00000121444",5.14636495073772e-08,0.0699157874114693,0.212,0.166,0.00179438306737372,0.0699157874114693,2.32913642967038e-08,-0.0909002941591051,0.168,0.212,0.000812099998933171,-0.0909002941591051,"sig","#E7B800"
"330","Eomes",6.99002478713226e-13,0.0309761731474555,0.01,0,2.4372119425294e-08,0.0309761731474555,4.23131141478178e-10,-0.031462790113401,0.001,0.01,1.47533135099196e-05,-0.031462790113401,"sig","#E7B800"
"331","Epb41l4a",1.78202135960308e-07,0.0491009261578635,0.016,0.006,0.00621337387452808,0.0491009261578635,1.29101934847667e-05,-0.034469585332154,0.007,0.016,0.45013971623336,-0.034469585332154,"non-sig","#00AFBB"
"332","Epha5",1.13061675726469e-08,0.122005216353292,0.908,0.92,0.00039421214475548,0.122005216353292,3.18541249799139e-05,-0.0908873043037346,0.913,0.908,1,-0.0908873043037346,"non-sig","#00AFBB"
"333","Epm2a",6.8483025006217e-11,0.0890282280471072,0.288,0.224,2.38779763289177e-06,0.0890282280471072,0.0531678629051813,0.0385785830328172,0.302,0.288,1,0.0385785830328172,"non-sig","#00AFBB"
"334","Epyc",2.45261792696825e-08,0.0327746764414402,0.032,0.016,0.000855154292596019,0.0327746764414402,0.886130134640798,0.00430313130174975,0.033,0.032,1,0.00430313130174975,"non-sig","#00AFBB"
"335","Eri2",7.13046487508174e-08,0.0573772180913988,0.126,0.092,0.00248617918799475,0.0573772180913988,0.00136449320271471,-0.0565201247910615,0.105,0.126,1,-0.0565201247910615,"non-sig","#00AFBB"
"336","Esr1",7.27908945420733e-11,0.0432368786749956,0.058,0.032,2.53800011999847e-06,0.0432368786749956,0.00780931413417511,-0.0211129510189513,0.046,0.058,1,-0.0211129510189513,"non-sig","#00AFBB"
"337","Ethe1",5.31759692805638e-09,0.0627794936233177,0.111,0.076,0.000185408652090542,0.0627794936233177,9.34562065610553e-08,-0.0787291670395489,0.078,0.111,0.00325853755416431,-0.0787291670395489,"sig","#E7B800"
"338","Etl4",1.17440698274009e-63,-0.29941080127844,0.879,0.946,4.09480482671987e-59,-0.29941080127844,8.04886074412608e-36,0.279996177031593,0.916,0.879,2.80639627565444e-31,0.279996177031593,"sig","#E7B800"
"339","Etv5",2.35606897993397e-49,-0.340766426831052,0.274,0.394,8.21490571233576e-45,-0.340766426831052,0.0037509349713996,-0.046549226064422,0.247,0.274,1,-0.046549226064422,"non-sig","#00AFBB"
"340","Ewsr1",6.0098375549242e-13,0.150110419772839,0.728,0.656,2.09545006027542e-08,0.150110419772839,0.00433277220352956,-0.054069367987702,0.704,0.728,1,-0.054069367987702,"non-sig","#00AFBB"
"341","Exoc6b",6.88963344471737e-08,0.118084545986419,0.776,0.752,0.00240220849316961,0.118084545986419,0.961489392198155,-0.00856293795912788,0.787,0.776,1,-0.00856293795912788,"non-sig","#00AFBB"
"342","Exph5",1.8604295932876e-07,-0.121396942832649,0.221,0.255,0.00648675986291589,-0.121396942832649,7.20011156748391e-05,0.0886220449999846,0.251,0.221,1,0.0886220449999846,"non-sig","#00AFBB"
"343","Ext1",4.45551333700694e-19,-0.126278155085145,0.838,0.876,1.55350383521421e-14,-0.126278155085145,4.79815206566386e-08,0.0872658867396279,0.867,0.838,0.00167297168073502,0.0872658867396279,"sig","#E7B800"
"344","Eya1",3.10316622776838e-09,0.0531405595714483,0.036,0.017,0.0001081980968636,0.0531405595714483,0.013452314979261,-0.0257721281872266,0.027,0.036,1,-0.0257721281872266,"non-sig","#00AFBB"
"345","F13a1",1.02610320937319e-06,0.0293051726773097,0.019,0.008,0.0357771406012149,0.0293051726773097,0.0116585422837814,-0.0220515271626153,0.013,0.019,1,-0.0220515271626153,"non-sig","#00AFBB"
"346","F730043M19Rik",1.4863907318583e-07,0.0747270018987851,0.107,0.077,0.00518259856477034,0.0747270018987851,3.72625730993778e-08,-0.0868462450417775,0.075,0.107,0.00129923413625601,-0.0868462450417775,"sig","#E7B800"
"347","Fam131a",2.36204419273929e-09,-0.135496347653641,0.432,0.46,8.23573948682407e-05,-0.135496347653641,1.09049273980183e-08,-0.0969697464360593,0.372,0.432,0.000380222103586705,-0.0969697464360593,"sig","#E7B800"
"348","Fam13a",9.59709352115153e-15,0.110323421425574,0.265,0.197,3.34621859801991e-10,0.110323421425574,0.0489632012886072,0.0269474808359712,0.283,0.265,1,0.0269474808359712,"non-sig","#00AFBB"
"349","Fam162a",1.06456566865581e-06,0.0753060140970592,0.201,0.16,0.037118211169022,0.0753060140970592,8.73948763359e-06,-0.0819784560399462,0.164,0.201,0.304719715320383,-0.0819784560399462,"non-sig","#00AFBB"
"350","Fam184a",9.45234576825365e-09,0.110436804295489,0.383,0.316,0.0003295749399017,0.110436804295489,0.000165342331124562,-0.0836436494188435,0.342,0.383,1,-0.0836436494188435,"non-sig","#00AFBB"
"351","Fam205c",3.2253575114315e-09,0.0388257223314979,0.092,0.06,0.000112458540351082,0.0388257223314979,0.000290241949930049,-0.0388954530986657,0.071,0.092,1,-0.0388954530986657,"non-sig","#00AFBB"
"352","Fam210a",1.30250299011734e-07,0.0529121788619007,0.21,0.164,0.00454143717564214,0.0529121788619007,3.98971360908989e-06,-0.0546349510999605,0.171,0.21,0.139109344408137,-0.0546349510999605,"non-sig","#00AFBB"
"353","Fam214a",4.33111412465426e-08,0.0946043609564381,0.371,0.311,0.0015101295618432,0.0946043609564381,0.00298358049593743,-0.065688353156226,0.343,0.371,1,-0.065688353156226,"non-sig","#00AFBB"
"354","Fam219a",2.83831967791995e-09,-0.129290931521833,0.526,0.547,9.8963692210035e-05,-0.129290931521833,0.477811467527018,-0.0187813459086266,0.512,0.526,1,-0.0187813459086266,"non-sig","#00AFBB"
"355","Fance",8.72560735173326e-09,0.0624843478379407,0.128,0.091,0.000304235751532884,0.0624843478379407,0.00244051371553825,-0.0376809265321689,0.108,0.128,1,-0.0376809265321689,"non-sig","#00AFBB"
"356","Fat3",1.21217972911901e-08,-0.0715975567940461,0.786,0.827,0.000422650706151925,-0.0715975567940461,5.79332564885935e-10,0.137179245024826,0.821,0.786,2.01995885398779e-05,0.137179245024826,"sig","#E7B800"
"357","Fbxl12os",5.19688570293942e-10,0.0699340493746697,0.117,0.08,1.81199813804389e-05,0.0699340493746697,0.627433073728752,-0.0182133653996689,0.114,0.117,1,-0.0182133653996689,"non-sig","#00AFBB"
"358","Fbxl7",1.27961143468766e-08,0.0705588434764607,0.081,0.053,0.000446162118932548,0.0705588434764607,5.36974579616534e-05,-0.0802565597141776,0.06,0.081,1,-0.0802565597141776,"non-sig","#00AFBB"
"359","Fgd4",9.00057918371442e-10,0.0969202588055333,0.42,0.346,3.13823194398571e-05,0.0969202588055333,0.00654164729515935,-0.0557606348912897,0.394,0.42,1,-0.0557606348912897,"non-sig","#00AFBB"
"360","Fgf1",4.58917866858877e-33,0.237981332947712,0.211,0.125,1.60010892637685e-28,0.237981332947712,1.54842134536203e-09,-0.188780714400629,0.167,0.211,5.39888070487379e-05,-0.188780714400629,"sig","#E7B800"
"361","Fgf12",2.44869823180236e-55,-0.210805981738084,0.946,0.978,8.53787612482529e-51,-0.210805981738084,8.8580262287696e-39,0.18840856778357,0.963,0.946,3.0885280051851e-34,0.18840856778357,"sig","#E7B800"
"362","Fhit",8.05584368260281e-08,0.16016946014425,0.423,0.37,0.00280883101681312,0.16016946014425,0.698598330064796,-0.0502975031975994,0.419,0.423,1,-0.0502975031975994,"non-sig","#00AFBB"
"363","Fign",1.77328368036236e-12,0.108171124168923,0.134,0.09,6.18290820831942e-08,0.108171124168923,0.000175855700138395,-0.0724439479798533,0.109,0.134,1,-0.0724439479798533,"non-sig","#00AFBB"
"364","Filip1",3.41264504830612e-11,0.085563688011352,0.086,0.053,1.18988694899289e-06,0.085563688011352,0.00329343000430017,-0.0467874502694451,0.07,0.086,1,-0.0467874502694451,"non-sig","#00AFBB"
"365","Filip1l",2.28690907974145e-11,0.115959602901864,0.282,0.218,7.97376588833453e-07,0.115959602901864,0.000234813129058436,-0.0819434376066834,0.246,0.282,1,-0.0819434376066834,"non-sig","#00AFBB"
"366","Flnb",5.46452033930254e-07,0.0753254893751432,0.494,0.432,0.0190531430670462,0.0753254893751432,8.97808348746031e-07,-0.0934723264397022,0.453,0.494,0.0313038836957279,-0.0934723264397022,"sig","#E7B800"
"367","Fmn1",9.72244644957237e-07,-0.0983451913835445,0.408,0.443,0.033899254035724,-0.0983451913835445,0.00647879022726896,0.0644731548625921,0.432,0.408,1,0.0644731548625921,"non-sig","#00AFBB"
"368","Fndc9",6.24741251724202e-07,0.0959938161977503,0.565,0.506,0.0217828532238677,0.0959938161977503,0.00195116201019055,-0.0743846924014646,0.537,0.565,1,-0.0743846924014646,"non-sig","#00AFBB"
"369","Fos",5.26868531062183e-13,-0.0688716593683501,0.017,0.042,1.83703250725452e-08,-0.0688716593683501,0.000516270198356057,-0.01520113734945,0.009,0.017,1,-0.01520113734945,"non-sig","#00AFBB"
"370","Fosl2",3.32420400241851e-08,-0.0398973264762098,0.016,0.034,0.00115905020952326,-0.0398973264762098,0.234893693269109,-0.00191525165792188,0.02,0.016,1,-0.00191525165792188,"non-sig","#00AFBB"
"371","Fpr1",4.09091012986355e-07,0.0140176845749055,0.012,0.003,0.0142637763497952,0.0140176845749055,0.000464044277497749,-0.0122683275256403,0.005,0.012,1,-0.0122683275256403,"non-sig","#00AFBB"
"372","Frmd4a",1.5665186998481e-11,-0.0810117998356015,0.912,0.943,5.46198075076036e-07,-0.0810117998356015,7.78189455604846e-12,0.104190184442038,0.931,0.912,2.71331317485742e-07,0.104190184442038,"sig","#E7B800"
"373","Frmd4b",2.73038803725328e-11,0.135492133253125,0.094,0.06,9.52004396949102e-07,0.135492133253125,0.005653795644507,-0.0711755039766135,0.078,0.094,1,-0.0711755039766135,"non-sig","#00AFBB"
"374","Frmd5",1.39732163009733e-15,-0.128281979842941,0.726,0.761,4.87204132766035e-11,-0.128281979842941,0.521625962935021,-0.00525409833313839,0.719,0.726,1,-0.00525409833313839,"non-sig","#00AFBB"
"375","Frmd6",8.51381299080914e-14,-0.178576964483115,0.431,0.474,2.96851117550542e-09,-0.178576964483115,0.00879116364898423,-0.0644012036939346,0.408,0.431,1,-0.0644012036939346,"non-sig","#00AFBB"
"376","Frmpd4",6.82624642301509e-08,-0.0726033862947388,0.899,0.95,0.00238010734031267,-0.0726033862947388,3.24631734475345e-25,0.210497319663346,0.93,0.899,1.13189346859518e-20,0.210497319663346,"sig","#E7B800"
"377","Fryl",1.50744391784021e-09,0.140563576629811,0.544,0.482,5.25600470833346e-05,0.140563576629811,0.000273375566790325,-0.0944060568183565,0.513,0.544,1,-0.0944060568183565,"non-sig","#00AFBB"
"378","Ftx",3.32370170576388e-16,0.1558282388775,0.687,0.606,1.15887507374869e-11,0.1558282388775,9.8333651676552e-10,-0.126928227920091,0.646,0.687,3.42859943300634e-05,-0.126928227920091,"sig","#E7B800"
"379","Fubp1",1.05531585084635e-06,0.102822760128062,0.667,0.607,0.0367956977714598,0.102822760128062,0.0801876883521199,-0.0451690165069494,0.655,0.667,1,-0.0451690165069494,"non-sig","#00AFBB"
"380","Fut9",4.88339813338668e-08,0.131546606803873,0.847,0.836,0.00170269442716793,0.131546606803873,0.150122789951026,0.0416163494701856,0.857,0.847,1,0.0416163494701856,"non-sig","#00AFBB"
"381","Gabbr2",7.1481956088132e-11,-0.108040362441422,0.815,0.857,2.4923613629249e-06,-0.108040362441422,0.115368502495764,0.017101708299367,0.829,0.815,1,0.017101708299367,"non-sig","#00AFBB"
"382","Galc",3.23787625115777e-07,0.0696478724362795,0.324,0.27,0.0112895031249118,0.0696478724362795,0.019003227473987,-0.0370722458188446,0.3,0.324,1,-0.0370722458188446,"non-sig","#00AFBB"
"383","Galk1",5.19778455493849e-07,0.0278477312942343,0.062,0.04,0.018123115407704,0.0278477312942343,0.084074581705242,-0.0193905497400999,0.054,0.062,1,-0.0193905497400999,"non-sig","#00AFBB"
"384","Galnt18",1.1298388682355e-09,-0.121547252303962,0.576,0.605,3.93940918187673e-05,-0.121547252303962,0.0310684588373333,0.0232145923822473,0.595,0.576,1,0.0232145923822473,"non-sig","#00AFBB"
"385","Gas2l1",6.31401774121382e-10,0.0839295211896953,0.198,0.148,2.20150856582902e-05,0.0839295211896953,2.27610969519013e-06,-0.0726331510521163,0.16,0.198,0.0793611167421942,-0.0726331510521163,"non-sig","#00AFBB"
"386","Gas5",2.68981013668059e-08,0.12147235719411,0.352,0.29,0.000937856100356422,0.12147235719411,2.52321716560031e-05,-0.0869071672778985,0.312,0.352,0.879770129129859,-0.0869071672778985,"non-sig","#00AFBB"
"387","Gfod1",9.54077345174802e-40,-0.278101104861253,0.439,0.53,3.32658147942098e-35,-0.278101104861253,2.02661840038809e-05,-0.0966825811679959,0.4,0.439,0.706621037663315,-0.0966825811679959,"non-sig","#00AFBB"
"388","Gfra2",1.01263143603857e-11,-0.179141456358136,0.236,0.282,3.53074202803568e-07,-0.179141456358136,0.0654981385553634,0.0546024170656434,0.249,0.236,1,0.0546024170656434,"non-sig","#00AFBB"
"389","Gin1",1.32305868839e-06,0.0457348360055716,0.191,0.151,0.0461310872880943,0.0457348360055716,0.0839680821911085,-0.0104965871289092,0.175,0.191,1,-0.0104965871289092,"non-sig","#00AFBB"
"390","Gipc2",5.63125226008288e-08,0.0389375887436733,0.049,0.028,0.0019634487255231,0.0389375887436733,0.00151258238070708,-0.019610721931521,0.036,0.049,1,-0.019610721931521,"non-sig","#00AFBB"
"391","Glis3",2.09464039884446e-08,0.0969075829339409,0.074,0.048,0.000730338267865099,0.0969075829339409,0.0530752528742578,-0.0576449077312044,0.064,0.074,1,-0.0576449077312044,"non-sig","#00AFBB"
"392","Glp2r",5.53441537006874e-07,0.112245810216999,0.805,0.778,0.0192968460708187,0.112245810216999,1.76664614406805e-09,-0.132006433629651,0.778,0.805,6.15976511052208e-05,-0.132006433629651,"sig","#E7B800"
"393","Gm10130",2.20879931065833e-12,0.0707186081639476,0.132,0.088,7.7014205564724e-08,0.0707186081639476,3.28402510898641e-05,-0.0495193593141731,0.104,0.132,1,-0.0495193593141731,"non-sig","#00AFBB"
"394","Gm10309",8.38603361527592e-09,0.0247082511955381,0.032,0.015,0.000292395834063825,0.0247082511955381,2.25985684566186e-07,-0.0293347917650836,0.016,0.032,0.00787944286376921,-0.0293347917650836,"sig","#E7B800"
"395","Gm10649",4.19875718000829e-11,0.105749559177542,0.151,0.108,1.46398066595349e-06,0.105749559177542,2.03429901825127e-06,-0.0924263634134841,0.119,0.151,0.0709299038693669,-0.0924263634134841,"non-sig","#00AFBB"
"396","Gm10848",1.45120551600937e-42,0.261924048481742,0.174,0.087,5.05991827266988e-38,0.261924048481742,1.46356025117956e-06,-0.0851971445925556,0.138,0.174,0.0510299552778777,-0.0851971445925556,"non-sig","#00AFBB"
"397","Gm11242",1.54681566750651e-11,0.0465995471458813,0.061,0.033,5.39328218789496e-07,0.0465995471458813,0.0166014957790869,-0.022025708142152,0.05,0.061,1,-0.022025708142152,"non-sig","#00AFBB"
"398","Gm11738",1.77737608378179e-08,0.0190123217146892,0.012,0.003,0.000619717719132196,0.0190123217146892,0.00735752841641529,-0.0139554826305522,0.007,0.012,1,-0.0139554826305522,"non-sig","#00AFBB"
"399","Gm12353",8.240377355061e-14,0.137645238809687,0.426,0.34,2.87317237238912e-09,0.137645238809687,9.71098472942478e-05,-0.0951292685216223,0.387,0.426,1,-0.0951292685216223,"non-sig","#00AFBB"
"400","Gm12394",8.73823957086467e-17,0.198157569092028,0.738,0.69,3.04676199117338e-12,0.198157569092028,0.00817008538117471,-0.0717772224753741,0.728,0.738,1,-0.0717772224753741,"non-sig","#00AFBB"
"401","Gm12592",8.65879269549863e-08,0.0438065266135575,0.121,0.088,0.00301906124913951,0.0438065266135575,7.30862044096041e-08,-0.0584937036353433,0.087,0.121,0.00254829668914966,-0.0584937036353433,"sig","#E7B800"
"402","Gm13268",1.21386770314774e-18,0.0897770883084168,0.09,0.047,4.23239252056521e-14,0.0897770883084168,0.000102474399655208,-0.0344274124771812,0.068,0.09,1,-0.0344274124771812,"non-sig","#00AFBB"
"403","Gm13269",1.26654920661733e-24,0.206436876741518,0.34,0.245,4.41607711871263e-20,0.206436876741518,0.00105462891532842,-0.0604436381322561,0.305,0.34,1,-0.0604436381322561,"non-sig","#00AFBB"
"404","Gm13844",3.63165311813649e-07,0.0317786727897829,0.074,0.049,0.0126624849270065,0.0317786727897829,0.222756105272053,-0.0103407678607283,0.067,0.074,1,-0.0103407678607283,"non-sig","#00AFBB"
"405","Gm13883",2.60826890227899e-07,0.0869569367021931,0.411,0.352,0.00909425118157615,0.0869569367021931,0.432771951999452,-0.00527361390211112,0.399,0.411,1,-0.00527361390211112,"non-sig","#00AFBB"
"406","Gm13912",3.86033424636837e-07,-0.035998953107881,0.014,0.029,0.0134598274168126,-0.035998953107881,8.26852642935938e-06,0.0345928508512504,0.027,0.014,0.288298711012473,0.0345928508512504,"non-sig","#00AFBB"
"407","Gm14296",5.33579283798479e-14,0.0882047793361193,0.179,0.123,1.86043088882016e-09,0.0882047793361193,0.0977906490112499,-0.0252756254333727,0.165,0.179,1,-0.0252756254333727,"non-sig","#00AFBB"
"408","Gm14858",1.0444751576719e-09,0.0828378483767732,0.201,0.153,3.6417715322546e-05,0.0828378483767732,0.0491237457189189,-0.0290469666858911,0.185,0.201,1,-0.0290469666858911,"non-sig","#00AFBB"
"409","Gm15283",6.35982385237408e-10,0.079385117006067,0.313,0.249,2.21747978260727e-05,0.079385117006067,4.20316623969644e-05,-0.0651276854537161,0.273,0.313,1,-0.0651276854537161,"non-sig","#00AFBB"
"410","Gm15336",7.56763042108796e-15,0.161113148362167,0.33,0.257,2.63860569892074e-10,0.161113148362167,5.35729243862479e-05,-0.104294258057699,0.293,0.33,1,-0.104294258057699,"non-sig","#00AFBB"
"411","Gm15413",2.09143485930532e-07,0.0239849445161399,0.045,0.026,0.00729220592393986,0.0239849445161399,0.868628545185028,0.00257907654172704,0.045,0.045,1,0.00257907654172704,"non-sig","#00AFBB"
"412","Gm15414",5.90359678610566e-42,0.252594467065766,0.367,0.242,2.05840709141146e-37,0.252594467065766,4.58787123709701e-20,-0.201665590081567,0.285,0.367,1.59965306423862e-15,-0.201665590081567,"sig","#E7B800"
"413","Gm15577",2.39380570388227e-12,0.125830758267361,0.452,0.376,8.34648234772632e-08,0.125830758267361,0.0576832622884072,0.0603185697695083,0.462,0.452,1,0.0603185697695083,"non-sig","#00AFBB"
"414","Gm15614",1.81624397267242e-13,0.0819544145723546,0.163,0.111,6.33269785951694e-09,0.0819544145723546,0.000281617767894192,-0.0580976135399275,0.137,0.163,1,-0.0580976135399275,"non-sig","#00AFBB"
"415","Gm15680",6.20166915473338e-08,0.120065210405003,0.305,0.257,0.00216233598418089,0.120065210405003,0.000997347438098837,-0.0965590120096438,0.276,0.305,1,-0.0965590120096438,"non-sig","#00AFBB"
"416","Gm15892",8.60607389899479e-07,0.0339319617458244,0.05,0.031,0.0300067978636251,0.0339319617458244,0.969542181389721,0.00796394117062349,0.05,0.05,1,0.00796394117062349,"non-sig","#00AFBB"
"417","Gm15952",2.97736422355363e-11,0.0960759695312184,0.285,0.22,1.03811758382645e-06,0.0960759695312184,0.000211490163041338,-0.0653147686425437,0.25,0.285,1,-0.0653147686425437,"non-sig","#00AFBB"
"418","Gm16000",4.14640436138215e-07,0.0616627357338352,0.121,0.089,0.0144572680868312,0.0616627357338352,0.101921938516051,-0.0373800954734154,0.111,0.121,1,-0.0373800954734154,"non-sig","#00AFBB"
"419","Gm1604a",6.27326305125156e-17,0.0804466697342805,0.071,0.035,2.18729862807988e-12,0.0804466697342805,2.73637258115964e-06,-0.0428278826768853,0.048,0.071,0.0954091027872932,-0.0428278826768853,"non-sig","#00AFBB"
"420","Gm16070",1.10385441111741e-07,0.0338892126885228,0.052,0.031,0.00384880917524308,0.0338892126885228,0.000131348121478787,-0.0279712889120734,0.036,0.052,1,-0.0279712889120734,"non-sig","#00AFBB"
"421","Gm16105",7.6255429807985e-07,0.0448380224211756,0.139,0.105,0.0265879807111501,0.0448380224211756,0.210726332023155,-0.0164963645395282,0.131,0.139,1,-0.0164963645395282,"non-sig","#00AFBB"
"422","Gm16126",9.35673747562515e-11,0.078174535313135,0.224,0.169,3.26241365562622e-06,0.078174535313135,0.580562475892691,-0.00889716451543071,0.216,0.224,1,-0.00889716451543071,"non-sig","#00AFBB"
"423","Gm16152",3.81539660613266e-07,0.044712185338883,0.126,0.093,0.0133031433466027,0.044712185338883,0.563049135769523,0.0172120160477827,0.128,0.126,1,0.0172120160477827,"non-sig","#00AFBB"
"424","Gm16204",1.53711870089439e-14,-0.103169383580821,0.065,0.107,5.35947177440847e-10,-0.103169383580821,0.0815123547504348,-0.0207796199371127,0.057,0.065,1,-0.0207796199371127,"non-sig","#00AFBB"
"425","Gm16267",6.53764396834668e-07,0.0411445000017966,0.043,0.025,0.0227948032244344,0.0411445000017966,0.000422698358970367,-0.0354740075889132,0.029,0.043,1,-0.0354740075889132,"non-sig","#00AFBB"
"426","Gm16759",1.34165246777835e-06,0.0547631011222278,0.166,0.131,0.0467793965940278,0.0547631011222278,8.39644794597585e-05,-0.0658513416447118,0.138,0.166,1,-0.0658513416447118,"non-sig","#00AFBB"
"427","Gm17106",9.2194337292845e-09,0.0850234542691155,0.37,0.302,0.000321453995838963,0.0850234542691155,1.18948708094985e-08,-0.105053873904693,0.313,0.37,0.000414738460514784,-0.105053873904693,"sig","#E7B800"
"428","Gm17225",4.03735511061583e-07,0.0120558479224829,0.01,0.002,0.0140770460641842,0.0120558479224829,0.0229675757178469,-0.00596778039958419,0.006,0.01,1,-0.00596778039958419,"non-sig","#00AFBB"
"429","Gm17276",8.22846337980444e-10,0.067459252607314,0.169,0.125,2.86901832663642e-05,0.067459252607314,0.000156830291242685,-0.0424656756346324,0.14,0.169,1,-0.0424656756346324,"non-sig","#00AFBB"
"430","Gm17382",1.54371248184314e-14,0.061294437556135,0.074,0.039,5.38246231044246e-10,0.061294437556135,4.93372409710529e-06,-0.0480654733353932,0.052,0.074,0.17202415809377,-0.0480654733353932,"non-sig","#00AFBB"
"431","Gm17494",9.130639385982e-07,0.0469911446335986,0.226,0.183,0.0318358003471034,0.0469911446335986,4.22956321949811e-05,-0.0593211866216428,0.192,0.226,1,-0.0593211866216428,"non-sig","#00AFBB"
"432","Gm17501",4.89133945105298e-08,-0.0504653804137892,0.017,0.034,0.00170546332639864,-0.0504653804137892,0.945445370616091,-0.00305722702813865,0.017,0.017,1,-0.00305722702813865,"non-sig","#00AFBB"
"433","Gm19031",1.62626462780441e-07,0.0618777547414691,0.256,0.205,0.00567029687776564,0.0618777547414691,0.116959765822235,0.0535266490852966,0.265,0.256,1,0.0535266490852966,"non-sig","#00AFBB"
"434","Gm20164",7.67702926446514e-07,0.0373633922986998,0.107,0.077,0.0267674979364106,0.0373633922986998,1.1756910354632e-05,-0.0457169850097151,0.08,0.107,0.409928193334955,-0.0457169850097151,"non-sig","#00AFBB"
"435","Gm20275",3.97903545020251e-07,0.118924882834345,0.777,0.748,0.0138737029042211,0.118924882834345,0.563767612804285,-0.0339116254430678,0.78,0.777,1,-0.0339116254430678,"non-sig","#00AFBB"
"436","Gm20319",7.02910502095904e-08,0.118408383204457,0.429,0.373,0.00245083804765779,0.118408383204457,0.768197744707926,-0.0209673260693362,0.427,0.429,1,-0.0209673260693362,"non-sig","#00AFBB"
"437","Gm20422",5.99801996898001e-10,0.0553600893313187,0.111,0.075,2.09132962258426e-05,0.0553600893313187,0.00418164039290525,-0.0224896093185481,0.093,0.111,1,-0.0224896093185481,"non-sig","#00AFBB"
"438","Gm20616",1.82002632998312e-09,0.0869265700335956,0.18,0.135,6.34588580475213e-05,0.0869265700335956,1.22407431360248e-15,-0.133901044176824,0.122,0.18,4.26797990923775e-11,-0.133901044176824,"sig","#E7B800"
"439","Gm20642",1.65144298660568e-13,-0.114101534810717,0.899,0.944,5.75808626139801e-09,-0.114101534810717,9.37650423109914e-10,0.10142453872138,0.918,0.899,3.26930573025734e-05,0.10142453872138,"sig","#E7B800"
"440","Gm20700",2.26394690081933e-07,0.0386993939020919,0.058,0.037,0.00789370365908676,0.0386993939020919,0.0354798753168798,0.012133854552466,0.069,0.058,1,0.012133854552466,"non-sig","#00AFBB"
"441","Gm20752",1.03025350015521e-64,-0.417395770968876,0.071,0.18,3.59218487899116e-60,-0.417395770968876,3.97496687271619e-38,0.300432757812671,0.153,0.071,1.38595169950996e-33,0.300432757812671,"sig","#E7B800"
"442","Gm21860",3.2023203616948e-16,0.0345521811618297,0.019,0.003,1.11655304051212e-11,0.0345521811618297,8.67287350464693e-19,-0.035451489783471,0.001,0.019,3.02397080486524e-14,-0.035451489783471,"sig","#E7B800"
"443","Gm21985",1.30942311884498e-06,0.0631542632486551,0.134,0.102,0.0456556558847681,0.0631542632486551,0.901840309494597,-0.0250171604096034,0.133,0.134,1,-0.0250171604096034,"non-sig","#00AFBB"
"444","Gm24763",1.31860492365569e-06,0.024755812904685,0.032,0.018,0.0459757978731029,0.024755812904685,0.991953483266757,0.00121254580416205,0.032,0.032,1,0.00121254580416205,"non-sig","#00AFBB"
"445","Gm26531",7.12821468420674e-07,0.03688271210673,0.064,0.042,0.0248539461394236,0.03688271210673,0.00814598539859744,-0.0287719774629671,0.052,0.064,1,-0.0287719774629671,"non-sig","#00AFBB"
"446","Gm26672",2.07414739570845e-09,0.0825573393926077,0.285,0.227,7.23192972461664e-05,0.0825573393926077,1.97111839194461e-11,-0.121467680495747,0.225,0.285,6.87269849719326e-07,-0.121467680495747,"sig","#E7B800"
"447","Gm26691",1.35743392025972e-16,0.177591768770413,0.418,0.33,4.73296484976956e-12,0.177591768770413,6.01604090655569e-05,-0.104089225504891,0.376,0.418,1,-0.104089225504891,"non-sig","#00AFBB"
"448","Gm26871",6.24685771780278e-21,0.221090386344612,0.887,0.874,2.17809188046629e-16,0.221090386344612,0.000216583239900401,-0.0816762206560324,0.882,0.887,1,-0.0816762206560324,"non-sig","#00AFBB"
"449","Gm26873",1.8793361806659e-08,0.0427520768601303,0.141,0.102,0.00065526814611278,0.0427520768601303,0.920260012451776,0.0164328644114085,0.141,0.141,1,0.0164328644114085,"non-sig","#00AFBB"
"450","Gm26907",3.08084812036288e-07,0.0269902531888117,0.018,0.007,0.0107419931412693,0.0269902531888117,0.239784784534773,-0.00774401265586393,0.015,0.018,1,-0.00774401265586393,"non-sig","#00AFBB"
"451","Gm26911",5.3275385531379e-10,-0.126489135409411,0.165,0.207,1.85755286732259e-05,-0.126489135409411,0.0227747976525189,-0.0168288295016477,0.147,0.165,1,-0.0168288295016477,"non-sig","#00AFBB"
"452","Gm26954",9.10246275321334e-07,0.0847217082315201,0.309,0.257,0.031737556881629,0.0847217082315201,0.0668594449325531,-0.0708761113885418,0.293,0.309,1,-0.0708761113885418,"non-sig","#00AFBB"
"453","Gm27032",3.45112396855221e-17,-0.163020575285576,0.456,0.511,1.2033033941151e-12,-0.163020575285576,0.000609202204147577,0.0602092560140784,0.485,0.456,1,0.0602092560140784,"non-sig","#00AFBB"
"454","Gm28153",4.2742296396041e-14,0.0868054600083781,0.101,0.061,1.49029564844076e-09,0.0868054600083781,9.68716536975719e-07,-0.0626131722468735,0.073,0.101,0.0337762394947324,-0.0626131722468735,"sig","#E7B800"
"455","Gm28379",3.83366198410368e-09,0.0829212243402745,0.318,0.257,0.000133668292399743,0.0829212243402745,0.478964112541876,0.0237288139705639,0.32,0.318,1,0.0237288139705639,"non-sig","#00AFBB"
"456","Gm28494",1.37544525896972e-06,0.0788911215932957,0.075,0.052,0.0479576498444972,0.0788911215932957,0.0011488733130202,-0.0658287556097828,0.058,0.075,1,-0.0658287556097828,"non-sig","#00AFBB"
"457","Gm28539",5.3807627926224e-09,0.0441691941908212,0.101,0.068,0.000187611056290365,0.0441691941908212,0.0214569097772954,-0.0207848630577638,0.087,0.101,1,-0.0207848630577638,"non-sig","#00AFBB"
"458","Gm28750",3.83963828540873e-07,0.0721309003719091,0.282,0.232,0.0133876668097346,0.0721309003719091,0.402263394710947,-0.0156108719794248,0.271,0.282,1,-0.0156108719794248,"non-sig","#00AFBB"
"459","Gm29587",5.74749883150286e-07,0.0543235464158116,0.31,0.253,0.020039804175801,0.0543235464158116,0.0493664933309632,-0.0271821761825591,0.288,0.31,1,-0.0271821761825591,"non-sig","#00AFBB"
"460","Gm30648",1.69080698363555e-09,0.0671964153145655,0.134,0.095,5.89533670984207e-05,0.0671964153145655,0.000776059181057087,-0.0466005689962686,0.112,0.134,1,-0.0466005689962686,"non-sig","#00AFBB"
"461","Gm31135",1.07484735938589e-12,0.0659198190220009,0.067,0.036,3.74767028797077e-08,0.0659198190220009,0.000549834749964905,-0.0380567170881938,0.05,0.067,1,-0.0380567170881938,"non-sig","#00AFBB"
"462","Gm32442",1.15903674250387e-06,0.103898634169616,0.223,0.184,0.0404121341008826,0.103898634169616,0.00784302628814683,-0.0779353891016573,0.202,0.223,1,-0.0779353891016573,"non-sig","#00AFBB"
"463","Gm32444",4.60564017839904e-07,0.0353954431832399,0.087,0.061,0.0160584856100239,0.0353954431832399,0.0109869529271022,-0.0256448704013643,0.073,0.087,1,-0.0256448704013643,"non-sig","#00AFBB"
"464","Gm3294",1.36092069869453e-06,-0.104575963619552,0.154,0.184,0.0474512220013823,-0.104575963619552,0.0258094261830797,0.0418423134931799,0.169,0.154,1,0.0418423134931799,"non-sig","#00AFBB"
"465","Gm33206",1.56658061258465e-10,0.0449154780218527,0.049,0.025,5.46219662189888e-06,0.0449154780218527,0.0826647718410559,-0.0204748165994468,0.042,0.049,1,-0.0204748165994468,"non-sig","#00AFBB"
"466","Gm33228",9.21598684039043e-17,-0.224247697384625,0.403,0.459,3.21333813163893e-12,-0.224247697384625,4.28837631190233e-18,0.260780128422857,0.475,0.403,1.49522816867099e-13,0.260780128422857,"sig","#E7B800"
"467","Gm33696",3.82901167704692e-07,0.0269326368684409,0.043,0.025,0.0133506150143595,0.0269326368684409,0.0112745269113129,-0.0235035635749062,0.033,0.043,1,-0.0235035635749062,"non-sig","#00AFBB"
"468","Gm34237",4.07633504610288e-38,-0.216427265383109,0.1,0.185,1.42129574052469e-33,-0.216427265383109,2.06511184648626e-12,0.102795145753121,0.146,0.1,7.20042547514365e-08,0.102795145753121,"sig","#E7B800"
"469","Gm34299",3.68280640573662e-14,0.0697615432864136,0.065,0.033,1.28408410948819e-09,0.0697615432864136,1.46393941386578e-10,-0.0729391161933298,0.036,0.065,5.1043175543258e-06,-0.0729391161933298,"sig","#E7B800"
"470","Gm34567",2.56376579978349e-09,0.0565223053917175,0.107,0.072,8.93908221410508e-05,0.0565223053917175,4.73749041622372e-08,-0.0770166843464924,0.075,0.107,0.00165182078342472,-0.0770166843464924,"sig","#E7B800"
"471","Gm34907",8.41841038952727e-11,0.0567649758997861,0.063,0.035,2.93524715051647e-06,0.0567649758997861,1.5858161758703e-05,-0.04815150184608,0.043,0.063,0.552926526040697,-0.04815150184608,"non-sig","#00AFBB"
"472","Gm35769",1.13063909364961e-10,0.0632875837254043,0.075,0.045,3.9421993278281e-06,0.0632875837254043,0.323441040274538,-0.00989526128246709,0.07,0.075,1,-0.00989526128246709,"non-sig","#00AFBB"
"473","Gm35835",2.30557461986991e-10,0.0720775549903653,0.119,0.081,8.03884702710043e-06,0.0720775549903653,0.00060786113538006,-0.0538115006105973,0.097,0.119,1,-0.0538115006105973,"non-sig","#00AFBB"
"474","Gm37229",6.29508804958156e-07,0.0405791658242591,0.039,0.022,0.021949083502476,0.0405791658242591,1.69868348172846e-06,-0.0439401731545037,0.022,0.039,0.0592279969574263,-0.0439401731545037,"non-sig","#00AFBB"
"475","Gm3728",2.02557978462838e-07,-0.0202031148426979,0.005,0.016,0.00706258903506378,-0.0202031148426979,0.000245150163965607,0.0126072601216823,0.012,0.005,1,0.0126072601216823,"non-sig","#00AFBB"
"476","Gm37313",9.7606076110065e-07,0.0445303954785169,0.139,0.106,0.0340323105572964,0.0445303954785169,0.484158593709671,-0.000630178597643083,0.134,0.139,1,-0.000630178597643083,"non-sig","#00AFBB"
"477","Gm37340",4.17307062171207e-16,-0.160155938269656,0.64,0.692,1.45502453367235e-11,-0.160155938269656,0.00962359576874648,0.0491054864706197,0.66,0.64,1,0.0491054864706197,"non-sig","#00AFBB"
"478","Gm3764",2.28404865484322e-08,-0.115248638388239,0.462,0.487,0.000796379244484185,-0.115248638388239,7.41130539453905e-06,-0.0997085354766433,0.42,0.462,0.258409985191393,-0.0997085354766433,"non-sig","#00AFBB"
"479","Gm37679",3.99001361561298e-07,0.0815664359866031,0.446,0.382,0.0139119804735578,0.0815664359866031,0.87833926088082,0.0026969524353363,0.441,0.446,1,0.0026969524353363,"non-sig","#00AFBB"
"480","Gm37773",3.68486655522115e-09,0.0710613662251231,0.145,0.105,0.000128480242180896,0.0710613662251231,0.12189744948893,-0.0307449379008027,0.133,0.145,1,-0.0307449379008027,"non-sig","#00AFBB"
"481","Gm37928",5.4947555738046e-13,0.0824238909597297,0.212,0.153,1.91585642591845e-08,0.0824238909597297,0.0571338277921284,-0.020681767798907,0.194,0.212,1,-0.020681767798907,"non-sig","#00AFBB"
"482","Gm38020",5.45274681548596e-10,0.073682387108703,0.202,0.152,1.90120923215549e-05,0.073682387108703,0.00022143366326574,-0.061756697379736,0.173,0.202,1,-0.061756697379736,"non-sig","#00AFBB"
"483","Gm38155",1.76881806838278e-10,0.0607334392793298,0.125,0.085,6.16733795903026e-06,0.0607334392793298,0.297526824161047,-0.00728084355712655,0.117,0.125,1,-0.00728084355712655,"non-sig","#00AFBB"
"484","Gm38162",1.26012061692585e-10,0.0806302069524862,0.208,0.156,4.39366255503534e-06,0.0806302069524862,0.0929950722250621,-0.0107330688352365,0.193,0.208,1,-0.0107330688352365,"non-sig","#00AFBB"
"485","Gm38273",4.45653031282386e-13,0.0421049244102053,0.035,0.013,1.5538584241723e-08,0.0421049244102053,0.0215544268274158,-0.0175094761998705,0.027,0.035,1,-0.0175094761998705,"non-sig","#00AFBB"
"486","Gm38825",3.46877961520586e-11,0.0344552659995893,0.043,0.02,1.20945938843383e-06,0.0344552659995893,0.00282479688900945,-0.01253656489529,0.031,0.043,1,-0.01253656489529,"non-sig","#00AFBB"
"487","Gm39214",1.28616034209904e-06,0.0518874710265784,0.232,0.187,0.0448445526479671,0.0518874710265784,0.686983176016267,-0.000552988118149078,0.226,0.232,1,-0.000552988118149078,"non-sig","#00AFBB"
"488","Gm4117",2.96239930596843e-07,0.0616420838863873,0.121,0.089,0.0103289976601201,0.0616420838863873,0.00464361223557569,-0.0416808253318129,0.102,0.121,1,-0.0416808253318129,"non-sig","#00AFBB"
"489","Gm41361",2.12688642014258e-07,0.0717422636832126,0.256,0.208,0.00741581488111115,0.0717422636832126,0.546176085624914,0.00141949287202969,0.26,0.256,1,0.00141949287202969,"non-sig","#00AFBB"
"490","Gm42439",1.54327327281732e-26,0.258119024732808,0.521,0.425,5.38093092033216e-22,0.258119024732808,0.00499481068091508,0.0639694673076527,0.545,0.521,1,0.0639694673076527,"non-sig","#00AFBB"
"491","Gm42477",1.26255135367397e-13,0.0815513969602,0.193,0.136,4.40213780485503e-09,0.0815513969602,2.06305917112647e-10,-0.104655652570552,0.145,0.193,7.19326841196666e-06,-0.104655652570552,"sig","#E7B800"
"492","Gm42585",1.85745744214633e-08,0.0608033588787612,0.201,0.155,0.000647639686353161,0.0608033588787612,0.684827702344615,0.00557611037089606,0.197,0.201,1,0.00557611037089606,"non-sig","#00AFBB"
"493","Gm42669",3.89650029131546e-07,0.0522871134995832,0.229,0.182,0.0135859275657296,0.0522871134995832,0.114897757157678,-0.022914904486332,0.215,0.229,1,-0.022914904486332,"non-sig","#00AFBB"
"494","Gm42888",1.61903453270747e-07,0.0285424334165504,0.019,0.008,0.00564508770519112,0.0285424334165504,0.0474911004828791,-0.0187948317794493,0.014,0.019,1,-0.0187948317794493,"non-sig","#00AFBB"
"495","Gm42953",2.73388785161269e-10,0.0759200563381991,0.099,0.065,9.53224677221797e-06,0.0759200563381991,0.0198461686117515,-0.0395697692104857,0.086,0.099,1,-0.0395697692104857,"non-sig","#00AFBB"
"496","Gm42992",1.22692410506622e-06,0.0455759430734506,0.144,0.11,0.042779162771344,0.0455759430734506,0.0282137484296335,0.0281242336616357,0.159,0.144,1,0.0281242336616357,"non-sig","#00AFBB"
"497","Gm43113",2.13020105719494e-07,0.0294596708889723,0.057,0.035,0.00742737202612158,0.0294596708889723,0.0267898958051305,-0.0124222546138258,0.047,0.057,1,-0.0124222546138258,"non-sig","#00AFBB"
"498","Gm43190",1.23507581394391e-06,0.0640699315965848,0.175,0.138,0.0430633884047822,0.0640699315965848,0.000887969285919797,-0.0559847359962976,0.15,0.175,1,-0.0559847359962976,"non-sig","#00AFBB"
"499","Gm43192",5.60220025175139e-12,0.101565863680815,0.167,0.118,1.95331916177816e-07,0.101565863680815,0.000834565988545644,-0.0587015671331205,0.141,0.167,1,-0.0587015671331205,"non-sig","#00AFBB"
"500","Gm43319",3.64415848086031e-08,0.0542662907183291,0.163,0.122,0.00127060873752156,0.0542662907183291,0.00539679705345911,0.0353521979271785,0.183,0.163,1,0.0353521979271785,"non-sig","#00AFBB"
"501","Gm43445",1.71006274681246e-07,0.0534288345340074,0.192,0.149,0.00596247577931102,0.0534288345340074,0.283087593939064,-0.0140132294888987,0.181,0.192,1,-0.0140132294888987,"non-sig","#00AFBB"
"502","Gm43670",5.87009958364598e-14,-0.180093524518371,0.505,0.547,2.04672762182984e-09,-0.180093524518371,0.175516332061518,-0.0419334838547498,0.495,0.505,1,-0.0419334838547498,"non-sig","#00AFBB"
"503","Gm43829",1.14733649596125e-08,0.0694250276420652,0.177,0.134,0.000400041816046808,0.0694250276420652,0.000343106725543043,0.0422246521956451,0.205,0.177,1,0.0422246521956451,"non-sig","#00AFBB"
"504","Gm43980",1.15449877633149e-07,0.049463408927343,0.125,0.091,0.004025390883435,0.049463408927343,0.0163388457084887,-0.0329427529238073,0.109,0.125,1,-0.0329427529238073,"non-sig","#00AFBB"
"505","Gm44151",1.23487929934466e-06,0.115420964862836,0.433,0.382,0.0430565365302501,0.115420964862836,4.35349101682511e-12,-0.184470401518134,0.374,0.433,1.51793171283641e-07,-0.184470401518134,"sig","#E7B800"
"506","Gm44644",1.85188603377291e-08,0.0589125966928092,0.156,0.116,0.000645697103395599,0.0589125966928092,0.0428928360933717,-0.0298217872910337,0.141,0.156,1,-0.0298217872910337,"non-sig","#00AFBB"
"507","Gm44742",1.43130337952431e-06,0.0471634533845946,0.116,0.086,0.0499052549338742,0.0471634533845946,0.721434449517389,-0.00215297012007915,0.113,0.116,1,-0.00215297012007915,"non-sig","#00AFBB"
"508","Gm44829",3.74720924965362e-15,0.176429365684058,0.778,0.736,1.30653944907673e-10,0.176429365684058,7.38047290016471e-05,-0.0982480382521456,0.77,0.778,1,-0.0982480382521456,"non-sig","#00AFBB"
"509","Gm44846",2.59795210900647e-10,0.0568740583702482,0.158,0.114,9.05827961847286e-06,0.0568740583702482,0.000316657936572258,0.0676040283586357,0.184,0.158,1,0.0676040283586357,"non-sig","#00AFBB"
"510","Gm44847",1.23921473633558e-10,0.0664747463941076,0.111,0.074,4.32077002118128e-06,0.0664747463941076,0.792091503826822,-0.00344226173864093,0.109,0.111,1,-0.00344226173864093,"non-sig","#00AFBB"
"511","Gm45193",2.36060018524128e-13,0.0833296310180091,0.181,0.126,8.23070466588077e-09,0.0833296310180091,0.514060819486611,-0.00682869319482571,0.175,0.181,1,-0.00682869319482571,"non-sig","#00AFBB"
"512","Gm45321",1.11556744540365e-07,0.0713716733139766,0.042,0.023,0.00388964901188889,0.0713716733139766,0.00531435734752054,-0.0583904414525323,0.031,0.042,1,-0.0583904414525323,"non-sig","#00AFBB"
"513","Gm45323",4.15168972860887e-07,0.0444737161502089,0.028,0.014,0.0144756965767405,0.0444737161502089,0.0173222032370866,-0.0305727747828194,0.021,0.028,1,-0.0305727747828194,"non-sig","#00AFBB"
"514","Gm45844",5.91572536088385e-07,0.0481780483145168,0.211,0.166,0.0206263596157937,0.0481780483145168,0.0530220560681221,-0.012444112584132,0.192,0.211,1,-0.012444112584132,"non-sig","#00AFBB"
"515","Gm46652",1.7669980011302e-07,0.0290908436374026,0.03,0.015,0.00616099193054067,0.0290908436374026,0.00842426316317083,-0.0174460498812559,0.022,0.03,1,-0.0174460498812559,"non-sig","#00AFBB"
"516","Gm47088",5.32708295236969e-13,-0.0988319070874838,0.051,0.086,1.85739401300274e-08,-0.0988319070874838,0.00158608566870232,-0.0279276749388258,0.038,0.051,1,-0.0279276749388258,"non-sig","#00AFBB"
"517","Gm47283",2.92698384729809e-233,0.484969274575533,0.222,0.023,1.02055145803743e-228,0.484969274575533,2.09314069287332e-218,-0.501849074061003,0.016,0.222,7.29815365384139e-214,-0.501849074061003,"sig","#E7B800"
"518","Gm47423",8.13070003953232e-22,-0.246866692840148,0.252,0.322,2.83493118278373e-17,-0.246866692840148,9.97471303790577e-12,-0.150890276205443,0.195,0.252,3.47788319492661e-07,-0.150890276205443,"sig","#E7B800"
"519","Gm47494",1.37518856519788e-07,0.0225802217993558,0.053,0.032,0.00479486997027545,0.0225802217993558,0.736194188631294,0.00711446020571294,0.051,0.053,1,0.00711446020571294,"non-sig","#00AFBB"
"520","Gm47827",6.24994066632691e-11,0.0528978058945825,0.12,0.08,2.17916681212821e-06,0.0528978058945825,0.012348712597341,-0.0243301347529011,0.103,0.12,1,-0.0243301347529011,"non-sig","#00AFBB"
"521","Gm48006",2.07120311591665e-15,0.08677415453752,0.128,0.08,7.22166390426657e-11,0.08677415453752,0.185093366336164,-0.014677095520525,0.119,0.128,1,-0.014677095520525,"non-sig","#00AFBB"
"522","Gm4804",4.01676196076015e-07,0.0374956667744398,0.056,0.035,0.0140052439285824,0.0374956667744398,0.00735902552223972,-0.0166250220958043,0.044,0.056,1,-0.0166250220958043,"non-sig","#00AFBB"
"523","Gm48239",1.42876056756164e-08,0.0981216765844711,0.374,0.313,0.000498165947091718,0.0981216765844711,0.40022986137703,-0.0281675264698611,0.365,0.374,1,-0.0281675264698611,"non-sig","#00AFBB"
"524","Gm48249",3.15608139344543e-08,0.0502373586781459,0.071,0.046,0.00110043089945262,0.0502373586781459,0.537681702788219,-0.0121554895412242,0.068,0.071,1,-0.0121554895412242,"non-sig","#00AFBB"
"525","Gm48715",1.15607241160349e-07,0.032665413727892,0.066,0.043,0.00403087767753789,0.032665413727892,0.557546260465709,0.00476916368440963,0.063,0.066,1,0.00476916368440963,"non-sig","#00AFBB"
"526","Gm48765",1.5148784021183e-09,0.0698890332520833,0.269,0.21,5.28192652466588e-05,0.0698890332520833,3.97100221519855e-05,-0.0653421191784597,0.231,0.269,1,-0.0653421191784597,"non-sig","#00AFBB"
"527","Gm49003",3.37670613005289e-17,0.11357220333447,0.234,0.164,1.17735612636554e-12,0.11357220333447,5.00239338536593e-07,-0.0905716387690637,0.192,0.234,0.0174418450167554,-0.0905716387690637,"sig","#E7B800"
"528","Gm49179",1.94002138394363e-08,0.0520205542557411,0.188,0.143,0.000676427255939626,0.0520205542557411,0.0551269129333061,-0.0138561303287072,0.171,0.188,1,-0.0138561303287072,"non-sig","#00AFBB"
"529","Gm49678",1.87439702459076e-17,-0.230852876165512,0.452,0.511,6.53546010564062e-13,-0.230852876165512,5.37661862015214e-06,0.163710339607899,0.482,0.452,0.187466561428845,0.163710339607899,"non-sig","#00AFBB"
"530","Gm49936",1.98551725615443e-10,0.0603603891582846,0.094,0.061,6.92290301703366e-06,0.0603603891582846,0.0962882734082863,-0.0250131555966481,0.085,0.094,1,-0.0250131555966481,"non-sig","#00AFBB"
"531","Gm50020",4.85093989523208e-07,0.0364679075738847,0.103,0.074,0.0169137721327057,0.0364679075738847,0.146236076384365,-0.0111581086252635,0.093,0.103,1,-0.0111581086252635,"non-sig","#00AFBB"
"532","Gm50250",1.49532381307979e-07,0.0577040164520545,0.168,0.13,0.00521374553906531,0.0577040164520545,0.879416773040966,0.00758501087197694,0.169,0.168,1,0.00758501087197694,"non-sig","#00AFBB"
"533","Gm50469",1.64551605400562e-07,0.030066981316427,0.044,0.026,0.0057374208255014,0.030066981316427,2.19924278121699e-11,0.0739107971502995,0.077,0.044,7.66809980526929e-07,0.0739107971502995,"sig","#E7B800"
"534","Gm5141",9.12563035693313e-08,0.0366432513767519,0.119,0.086,0.00318183353655187,0.0366432513767519,0.00117546816295816,-0.0290428528419291,0.098,0.119,1,-0.0290428528419291,"non-sig","#00AFBB"
"535","Gm52954",8.6071425719028e-07,0.0206828328858312,0.02,0.009,0.0300105240054535,0.0206828328858312,0.0408916722250222,-0.00937270298904106,0.015,0.02,1,-0.00937270298904106,"non-sig","#00AFBB"
"536","Gm6994",9.00550036131297e-25,0.19277118684211,0.3,0.208,3.13994781097899e-20,0.19277118684211,9.36689849207021e-28,-0.229766650305138,0.205,0.3,3.26595649723012e-23,-0.229766650305138,"sig","#E7B800"
"537","Gm7916",2.01251541967591e-15,0.0278591758766601,0.012,0,7.017037513784e-11,0.0278591758766601,4.19043942007683e-05,-0.018999914650753,0.004,0.012,1,-0.018999914650753,"non-sig","#00AFBB"
"538","Gm9828",1.85083933625072e-09,0.0485452055373036,0.155,0.111,6.45332151370537e-05,0.0485452055373036,0.010066554106832,-0.027481440490763,0.136,0.155,1,-0.027481440490763,"non-sig","#00AFBB"
"539","Gm9929",3.24079496939618e-09,0.048637123944789,0.112,0.077,0.000112996798197936,0.048637123944789,0.0410080792653487,-0.0211796360318057,0.098,0.112,1,-0.0211796360318057,"non-sig","#00AFBB"
"540","Gng12",1.25718153559107e-07,-0.140740021599441,0.203,0.24,0.00438341486014537,-0.140740021599441,0.456008527841686,-0.0276488998357206,0.197,0.203,1,-0.0276488998357206,"non-sig","#00AFBB"
"541","Gng2",9.89910581995574e-10,-0.125189548007574,0.391,0.43,3.45152122624397e-05,-0.125189548007574,9.49265141610015e-06,-0.0865825667601438,0.348,0.391,0.330980276925164,-0.0865825667601438,"non-sig","#00AFBB"
"542","Golga1",1.25567526145868e-09,0.0862782949463466,0.332,0.267,4.37816293412799e-05,0.0862782949463466,0.000287786859475694,-0.0813142054301952,0.298,0.332,1,-0.0813142054301952,"non-sig","#00AFBB"
"543","Golga4",2.75958506287497e-07,-0.091990318980756,0.44,0.466,0.00962184523872615,-0.091990318980756,0.387049315755335,0.0110678937803561,0.444,0.44,1,0.0110678937803561,"non-sig","#00AFBB"
"544","Gpatch8",8.16835968964293e-15,0.124742114473257,0.869,0.856,2.8480619729878e-10,0.124742114473257,5.51200180991945e-10,-0.104122852392439,0.869,0.869,1.92186967106462e-05,-0.104122852392439,"sig","#E7B800"
"545","Gpm6a",3.55892298782468e-15,0.162315422758962,0.902,0.883,1.24088967816483e-10,0.162315422758962,1.8294346316202e-14,0.125993593126934,0.915,0.902,6.37868973007013e-10,0.125993593126934,"sig","#E7B800"
"546","Gpm6b",5.91513168546021e-16,-0.129353136028121,0.869,0.903,2.06242896476941e-11,-0.129353136028121,6.08286263486949e-13,0.133936528446227,0.898,0.869,2.12091171489995e-08,0.133936528446227,"sig","#E7B800"
"547","Gpr155",2.41519803340634e-12,0.0879027468469545,0.257,0.193,8.42107098307787e-08,0.0879027468469545,0.000830926592807543,-0.0464228165038864,0.226,0.257,1,-0.0464228165038864,"non-sig","#00AFBB"
"548","Gpr22",1.34911275871756e-06,0.0961332704058977,0.241,0.198,0.0470395145582053,0.0961332704058977,0.471065808335814,-0.0237587770097776,0.234,0.241,1,-0.0237587770097776,"non-sig","#00AFBB"
"549","Gpr88",1.35132814275451e-09,0.0416902404490367,0.057,0.032,4.71167583534215e-05,0.0416902404490367,0.0399991158805477,-0.00544342625878397,0.047,0.057,1,-0.00544342625878397,"non-sig","#00AFBB"
"550","Gramd1b",2.28742740533201e-10,-0.129890593407144,0.597,0.619,7.97557313417112e-06,-0.129890593407144,3.04444753064222e-05,-0.0890447938862264,0.562,0.597,1,-0.0890447938862264,"non-sig","#00AFBB"
"551","Grb14",2.40310777228777e-08,0.0936413733359183,0.338,0.281,0.000837891586963577,0.0936413733359183,0.00538834796077022,-0.0449121040603851,0.309,0.338,1,-0.0449121040603851,"non-sig","#00AFBB"
"552","Gria1",2.11163810426547e-59,0.356417213208847,0.913,0.896,7.36264857814242e-55,0.356417213208847,1.9030876291533e-15,-0.13863437811906,0.905,0.913,6.63549563656879e-11,-0.13863437811906,"sig","#E7B800"
"553","Gria4",9.47134260207573e-09,-0.0990087066667638,0.908,0.929,0.000330237302506574,-0.0990087066667638,1.85662118617897e-10,0.115318528931025,0.927,0.908,6.47348108985022e-06,0.115318528931025,"sig","#E7B800"
"554","Grid1",3.87118075519022e-09,0.146617428102982,0.787,0.759,0.000134976459391217,0.146617428102982,1.8927340744558e-05,0.081945373047994,0.81,0.787,0.659939589740503,0.081945373047994,"non-sig","#00AFBB"
"555","Grid2",1.44268059852599e-08,-0.127027984909912,0.846,0.881,0.000503019444288056,-0.127027984909912,1.33119320196876e-07,0.146330745213104,0.868,0.846,0.00464147133730446,0.146330745213104,"sig","#E7B800"
"556","Grm1",3.51107789934867e-40,0.496430899857671,0.599,0.498,1.2242075311659e-35,0.496430899857671,4.75839620689997e-15,-0.282306844961578,0.532,0.599,1.65911000545981e-10,-0.282306844961578,"sig","#E7B800"
"557","Grm3",7.57851556958072e-12,-0.118382934433019,0.755,0.803,2.64240102364571e-07,-0.118382934433019,1.4954459372356e-12,0.168796057749418,0.803,0.755,5.21417134935936e-08,0.168796057749418,"sig","#E7B800"
"558","Grm5",6.40167239687816e-39,0.237612561558727,0.94,0.955,2.23207111461951e-34,0.237612561558727,0.511594358036107,0.00804135867835054,0.953,0.94,1,0.00804135867835054,"non-sig","#00AFBB"
"559","Grm7",2.59265244557251e-09,-0.0868402508193817,0.946,0.971,9.03980128197769e-05,-0.0868402508193817,3.41944780937423e-19,0.156082888819441,0.955,0.946,1.19225886769451e-14,0.156082888819441,"sig","#E7B800"
"560","Gsta3",1.20105183980912e-13,0.0913404286037307,0.102,0.062,4.18770744986247e-09,0.0913404286037307,0.00151113432877748,-0.057756425760208,0.083,0.102,1,-0.057756425760208,"non-sig","#00AFBB"
"561","Gstt2",5.02313343224589e-09,0.0455961592561738,0.059,0.035,0.000175141593382117,0.0455961592561738,0.00250801170112204,-0.026033230760851,0.045,0.059,1,-0.026033230760851,"non-sig","#00AFBB"
"562","Gtdc1",7.89087107426736e-11,-0.104971688343959,0.685,0.721,2.7513100174648e-06,-0.104971688343959,3.15379011470613e-18,0.16624061703558,0.745,0.685,1.09963199929459e-13,0.16624061703558,"sig","#E7B800"
"563","Gtpbp10",3.22666546516086e-07,0.0403981456609559,0.065,0.043,0.0112504144773764,0.0403981456609559,0.00743881608017179,-0.0258810359016036,0.052,0.065,1,-0.0258810359016036,"non-sig","#00AFBB"
"564","Gtpbp8",2.27057452744254e-09,0.0617087446196125,0.185,0.139,7.9168122048339e-05,0.0617087446196125,0.0659490536193002,-0.0251232540215274,0.17,0.185,1,-0.0251232540215274,"non-sig","#00AFBB"
"565","Gucy1a1",1.83326735622959e-10,0.117976298537887,0.275,0.219,6.39205329096572e-06,0.117976298537887,0.94990856807347,0.0345771980100199,0.271,0.275,1,0.0345771980100199,"non-sig","#00AFBB"
"566","Gulp1",4.63956017026296e-07,0.0787740291481976,0.047,0.028,0.0161767544456559,0.0787740291481976,0.00260070799774092,-0.0536692004533881,0.034,0.047,1,-0.0536692004533881,"non-sig","#00AFBB"
"567","Gxylt2",1.06795899143585e-06,0.0254863388454931,0.021,0.01,0.0372365261543939,0.0254863388454931,0.00151398541505224,-0.0192061409662709,0.013,0.021,1,-0.0192061409662709,"non-sig","#00AFBB"
"568","H2-T24",4.23037234303822e-08,0.0425257171933011,0.086,0.058,0.00147500392484713,0.0425257171933011,0.000137040028860405,-0.0455488939167967,0.066,0.086,1,-0.0455488939167967,"non-sig","#00AFBB"
"569","Hacd4",4.30848690269237e-14,0.137035335923068,0.258,0.192,1.50224012836175e-09,0.137035335923068,0.143221354618552,-0.0579146676890083,0.247,0.258,1,-0.0579146676890083,"non-sig","#00AFBB"
"570","Hadha",1.1251669355266e-06,0.0523062418417685,0.226,0.182,0.0392311955410059,0.0523062418417685,0.000245976051188813,-0.0639378527408125,0.193,0.226,1,-0.0639378527408125,"non-sig","#00AFBB"
"571","Hao2",8.71940894333496e-08,0.0243297197538626,0.022,0.009,0.0030401963162726,0.0243297197538626,2.8070525646655e-05,-0.0236168739425646,0.011,0.022,0.97873501772192,-0.0236168739425646,"non-sig","#00AFBB"
"572","Hap1",4.07974733558349e-13,0.121188553295493,0.213,0.156,1.42248550349789e-08,0.121188553295493,2.62590413363591e-07,-0.0913599684941157,0.172,0.213,0.00915573994274834,-0.0913599684941157,"sig","#E7B800"
"573","Has1",1.72474872183706e-07,0.02776976287491,0.07,0.045,0.00601368136842928,0.02776976287491,0.00379497562139143,-0.0228390795428043,0.055,0.07,1,-0.0228390795428043,"non-sig","#00AFBB"
"574","Hbp1",5.68356946113275e-08,0.0368994305023214,0.15,0.111,0.00198169016401315,0.0368994305023214,4.30492860208582e-06,-0.0533232242699891,0.117,0.15,0.150099945568926,-0.0533232242699891,"non-sig","#00AFBB"
"575","Hdac4",4.67414405885826e-11,-0.13040587516365,0.418,0.46,1.62973380900211e-06,-0.13040587516365,1.38870107206792e-06,0.0999405127707638,0.46,0.418,0.0484198402797921,0.0999405127707638,"sig","#E7B800"
"576","Hdac8",1.35361985732654e-09,0.105996762467635,0.554,0.487,4.71966635654046e-05,0.105996762467635,0.236140097085115,-0.0207078791570074,0.545,0.554,1,-0.0207078791570074,"non-sig","#00AFBB"
"577","Hdac9",4.78619932859351e-20,-0.116560127208747,0.787,0.836,1.6688041199007e-15,-0.116560127208747,5.71462816546309e-21,0.202043500481998,0.823,0.787,1.99251940245202e-16,0.202043500481998,"sig","#E7B800"
"578","Hecw2",2.66054555431001e-57,-0.254710283692996,0.869,0.913,9.27652418421272e-53,-0.254710283692996,1.16521346573451e-112,0.407948717088717,0.911,0.869,4.06274979097651e-108,0.407948717088717,"sig","#E7B800"
"579","Hip1r",8.08063451229485e-09,-0.0766654401818194,0.122,0.158,0.000281747483540184,-0.0766654401818194,0.00182020697896161,0.0202579717091492,0.144,0.122,1,0.0202579717091492,"non-sig","#00AFBB"
"580","Hivep1",1.24032133917452e-13,-0.150229210549785,0.313,0.366,4.32462841329981e-09,-0.150229210549785,6.42866749266887e-05,-0.0832605659467786,0.275,0.313,1,-0.0832605659467786,"non-sig","#00AFBB"
"581","Hivep2",5.14126545242398e-21,-0.123910258059517,0.927,0.949,1.79260502529667e-16,-0.123910258059517,0.459205943068866,-0.0267921258944184,0.934,0.927,1,-0.0267921258944184,"non-sig","#00AFBB"
"582","Hlf",8.88447259362177e-10,0.126323925927138,0.414,0.349,3.0977490592181e-05,0.126323925927138,0.00473505157917423,-0.0626628145453546,0.388,0.414,1,-0.0626628145453546,"non-sig","#00AFBB"
"583","Hltf",1.29780144593707e-06,0.0704657128432103,0.238,0.193,0.0452504430154879,0.0704657128432103,0.0398701004593947,-0.0440748852199114,0.219,0.238,1,-0.0440748852199114,"non-sig","#00AFBB"
"584","Hmgcr",1.0896411595336e-21,-0.215561614205091,0.367,0.434,3.7992518309458e-17,-0.215561614205091,0.217706584320966,0.0395292925482607,0.375,0.367,1,0.0395292925482607,"non-sig","#00AFBB"
"585","Hnmt",3.19807917763969e-16,0.08902093481058,0.151,0.096,1.11507426686763e-11,0.08902093481058,0.185580984951703,-0.0126709952060745,0.14,0.151,1,-0.0126709952060745,"non-sig","#00AFBB"
"586","Hnrnpa3",5.01753066126234e-12,0.106264820055924,0.458,0.372,1.74946241566234e-07,0.106264820055924,3.66299692103619e-08,-0.10796145139595,0.4,0.458,0.00127717713645769,-0.10796145139595,"sig","#E7B800"
"587","Hnrnpdl",1.23663595088259e-06,0.0825460209324933,0.631,0.567,0.0431177856994234,0.0825460209324933,4.33111856622183e-05,-0.0745082829867145,0.596,0.631,1,-0.0745082829867145,"non-sig","#00AFBB"
"588","Hnrnpu",1.2889175468957e-10,-0.0935922897207109,0.796,0.807,4.49406881076123e-06,-0.0935922897207109,2.57639171248092e-06,0.0653679576645312,0.823,0.796,0.0898310498390723,0.0653679576645312,"non-sig","#00AFBB"
"589","Homer1",2.75967740171145e-54,-0.365802483411082,0.671,0.738,9.62216719654733e-50,-0.365802483411082,3.10202133942783e-05,-0.124892768867854,0.652,0.671,1,-0.124892768867854,"non-sig","#00AFBB"
"590","Hpgds",9.80718965718947e-14,0.109168391987851,0.256,0.19,3.41947281777225e-09,0.109168391987851,5.43344914079501e-06,-0.068469818963496,0.215,0.256,0.1894480711921,-0.068469818963496,"non-sig","#00AFBB"
"591","Hrh3",2.95819505902181e-10,0.083016668642834,0.16,0.116,1.03143387122914e-05,0.083016668642834,0.149000807137016,-0.0113576221181816,0.149,0.16,1,-0.0113576221181816,"non-sig","#00AFBB"
"592","Hs2st1",6.50146237960515e-08,-0.0901547754492322,0.601,0.623,0.00226686488789693,-0.0901547754492322,0.239030601688783,0.0355983974424636,0.613,0.601,1,0.0355983974424636,"non-sig","#00AFBB"
"593","Hs6st3",4.76269537619626e-16,-0.310013733352152,0.709,0.737,1.66060899681835e-11,-0.310013733352152,0.0161145394210281,0.153366688258764,0.698,0.709,1,0.153366688258764,"non-sig","#00AFBB"
"594","Hsd3b3",1.29600485396236e-12,0.077565415861004,0.116,0.074,4.51878012431057e-08,0.077565415861004,0.00056957325451455,-0.0544109071110981,0.094,0.116,1,-0.0544109071110981,"non-sig","#00AFBB"
"595","Htr2c",1.88970638828907e-09,0.186225016106675,0.193,0.149,6.58883926404751e-05,0.186225016106675,1.87281672620614e-07,-0.109541197297036,0.152,0.193,0.00652995007926296,-0.109541197297036,"sig","#E7B800"
"596","Hunk",1.56205396678045e-08,-0.110685304847391,0.16,0.197,0.000544641356597341,-0.110685304847391,5.09842202282005e-35,0.240170875049839,0.259,0.16,1.77766680669667e-30,0.240170875049839,"sig","#E7B800"
"597","Icam5",1.07737164806787e-06,0.0945560653804071,0.464,0.4,0.0375647172531824,0.0945560653804071,1.78418283402768e-06,-0.0981872816441876,0.419,0.464,0.0622091028740431,-0.0981872816441876,"non-sig","#00AFBB"
"598","Ier5",1.0253075911256e-08,-0.115267054068464,0.152,0.19,0.000357493997797765,-0.115267054068464,0.525646658903162,0.00831968405488359,0.147,0.152,1,0.00831968405488359,"non-sig","#00AFBB"
"599","Igf1r",3.63251041918311e-08,0.111025968268045,0.663,0.609,0.00126654740785658,0.111025968268045,0.247991083102471,-0.0427866388124396,0.662,0.663,1,-0.0427866388124396,"non-sig","#00AFBB"
"600","Ikzf4",7.63476151778438e-07,0.0365966368341553,0.197,0.155,0.0266201229840588,0.0365966368341553,0.0535659386011128,-0.0168637964792663,0.18,0.197,1,-0.0168637964792663,"non-sig","#00AFBB"
"601","Il1rapl1",6.26443786426481e-14,-0.117584410085422,0.932,0.976,2.18422155013321e-09,-0.117584410085422,4.79771589620946e-19,0.166197559429086,0.958,0.932,1.67281960153135e-14,0.166197559429086,"sig","#E7B800"
"602","Il4",3.57838924336643e-07,0.043634039519532,0.091,0.064,0.0124767697748457,0.043634039519532,0.00628083277433331,-0.0349659003828043,0.076,0.091,1,-0.0349659003828043,"non-sig","#00AFBB"
"603","Ildr2",1.30595755848699e-13,-0.149375234624164,0.527,0.571,4.5534822191766e-09,-0.149375234624164,0.299574796000616,0.0212069463629079,0.531,0.527,1,0.0212069463629079,"non-sig","#00AFBB"
"604","Immp1l",2.87187776776362e-07,0.0972369793414229,0.505,0.441,0.0100133762128614,0.0972369793414229,0.757460433036766,-0.00123248824354327,0.496,0.505,1,-0.00123248824354327,"non-sig","#00AFBB"
"605","Inf2",2.40712867267364e-16,-0.188200904356832,0.192,0.252,8.39293554301119e-12,-0.188200904356832,0.0312106271003958,0.0620990722807332,0.207,0.192,1,0.0620990722807332,"non-sig","#00AFBB"
"606","Inhba",2.31112134058631e-08,0.064369742318848,0.21,0.162,0.00080581867782223,0.064369742318848,0.0813304450130638,-0.0246869474946844,0.193,0.21,1,-0.0246869474946844,"non-sig","#00AFBB"
"607","Ino80dos",6.58133611607555e-12,0.0957812761598492,0.304,0.236,2.29471446359206e-07,0.0957812761598492,1.52365177061647e-05,-0.076553259876648,0.265,0.304,0.531251662860844,-0.076553259876648,"non-sig","#00AFBB"
"608","Inpp4b",2.3990070472443e-14,0.249781176612384,0.291,0.229,8.3646178716267e-10,0.249781176612384,0.00405439203598695,-0.111524199275202,0.268,0.291,1,-0.111524199275202,"non-sig","#00AFBB"
"609","Inpp5k",2.25456251330827e-08,0.0823741642686928,0.192,0.147,0.000786098311515193,0.0823741642686928,0.000746242516175546,-0.0547713868113244,0.165,0.192,1,-0.0547713868113244,"non-sig","#00AFBB"
"610","Insyn2b",1.31313955502098e-08,0.0200424227617168,0.011,0.002,0.000457852368649167,0.0200424227617168,2.8687408300403e-06,-0.017662200718338,0.003,0.011,0.100024386521015,-0.017662200718338,"non-sig","#00AFBB"
"611","Iqch",5.03468058987869e-07,0.0506093352821589,0.138,0.104,0.01755442081273,0.0506093352821589,2.13516360115649e-08,-0.0712732901204087,0.1,0.138,0.000744467492815235,-0.0712732901204087,"sig","#E7B800"
"612","Iqgap2",5.67999761072925e-13,0.146695922688464,0.342,0.271,1.98044476693297e-08,0.146695922688464,0.191596673830903,-0.0060580957460743,0.323,0.342,1,-0.0060580957460743,"non-sig","#00AFBB"
"613","Iqsec1",2.07651476940352e-22,-0.171491856031621,0.703,0.751,7.24018404647926e-18,-0.171491856031621,0.476832163846757,0.00131395730731487,0.709,0.703,1,0.00131395730731487,"non-sig","#00AFBB"
"614","Irak1",4.1396686468774e-07,0.0655441270866581,0.172,0.133,0.0144337826710674,0.0655441270866581,0.0545593839857085,-0.0362858518377468,0.157,0.172,1,-0.0362858518377468,"non-sig","#00AFBB"
"615","Islr",6.10305089160205e-08,0.0226072341241677,0.035,0.018,0.00212795075437489,0.0226072341241677,1.55214016012683e-05,-0.0248792443146481,0.021,0.035,0.541184709631423,-0.0248792443146481,"non-sig","#00AFBB"
"616","Itga11",4.71768342719403e-08,0.0582275242474097,0.124,0.089,0.00164491468055974,0.0582275242474097,0.276914200750166,-0.0263113257571919,0.117,0.124,1,-0.0263113257571919,"non-sig","#00AFBB"
"617","Itga8",4.58369539851765e-56,0.348271072672177,0.357,0.219,1.59819707460115e-51,0.348271072672177,1.56266118953504e-07,-0.131299040210343,0.307,0.357,0.00544853076955184,-0.131299040210343,"sig","#E7B800"
"618","Itgb3bp",7.8790276103209e-11,0.0903530307632491,0.317,0.25,2.74718055689059e-06,0.0903530307632491,0.123945320554795,-0.0231747106875201,0.301,0.317,1,-0.0231747106875201,"non-sig","#00AFBB"
"619","Itm2b",7.99298601982795e-07,0.140767108737171,0.668,0.611,0.0278691443553341,0.140767108737171,5.12006795031545e-15,-0.147897457170977,0.603,0.668,1.78521409223649e-10,-0.147897457170977,"sig","#E7B800"
"620","Ivd",7.68581931192246e-07,0.0603542843856921,0.198,0.156,0.0267981461948801,0.0603542843856921,0.00169706077417678,-0.0547790773129623,0.171,0.198,1,-0.0547790773129623,"non-sig","#00AFBB"
"621","Izumo4",9.27470195185534e-09,0.0758695562504402,0.243,0.19,0.00032338103295534,0.0758695562504402,0.0084959760873858,-0.0312576777007029,0.217,0.243,1,-0.0312576777007029,"non-sig","#00AFBB"
"622","Jpx",4.10207644674508e-11,0.108830882069798,0.32,0.255,1.43027099468661e-06,0.108830882069798,0.114511714743894,-0.023142863161163,0.303,0.32,1,-0.023142863161163,"non-sig","#00AFBB"
"623","Junb",8.16775946356646e-11,-0.121146636676726,0.108,0.148,2.84785269216172e-06,-0.121146636676726,6.70469291826448e-07,-0.0662464674841279,0.078,0.108,0.0233772527981128,-0.0662464674841279,"sig","#E7B800"
"624","Kalrn",7.40531859235783e-08,-0.0561585356640291,0.949,0.979,0.0025820124335974,-0.0561585356640291,1.31703414869503e-25,0.131699221635287,0.961,0.949,4.59210296625496e-21,0.131699221635287,"sig","#E7B800"
"625","Kansl1l",1.36141618036995e-18,0.173419489907662,0.653,0.564,4.74684979609592e-14,0.173419489907662,0.0305393729721099,-0.0476441376609744,0.638,0.653,1,-0.0476441376609744,"non-sig","#00AFBB"
"626","Kat2b",8.57299449293792e-08,0.0627001447112889,0.071,0.046,0.00298914598985267,0.0627001447112889,5.30445554523655e-07,-0.0686040610359732,0.047,0.071,0.0184950451495763,-0.0686040610359732,"sig","#E7B800"
"627","Kazn",5.893978135532e-08,0.156084358968417,0.55,0.483,0.00205505335651594,0.156084358968417,0.498317689891631,0.0240630464483658,0.533,0.55,1,0.0240630464483658,"non-sig","#00AFBB"
"628","Kcnd2",1.51736654947904e-29,-0.0935130138318012,0.943,0.975,5.29060194806855e-25,-0.0935130138318012,2.95841320593845e-63,0.249139887898104,0.963,0.943,1.03150993251456e-58,0.249139887898104,"sig","#E7B800"
"629","Kcnd3",6.86112693817593e-07,0.109621058451924,0.599,0.547,0.023922691295338,0.109621058451924,4.24825169109474e-06,0.106590807007336,0.628,0.599,0.1481237917134,0.106590807007336,"non-sig","#00AFBB"
"630","Kcnh1",9.86355097990115e-12,-0.122423079512868,0.678,0.712,3.43912432016214e-07,-0.122423079512868,0.1139171842429,0.0164904676132325,0.696,0.678,1,0.0164904676132325,"non-sig","#00AFBB"
"631","Kcnip4",3.26784173510106e-09,-0.0748723927469257,0.971,0.986,0.000113939837777769,-0.0748723927469257,1.67797602414855e-33,0.218721303272944,0.976,0.971,5.85059900339874e-29,0.218721303272944,"sig","#E7B800"
"632","Kcnj13",1.64383636993153e-10,0.055591051210937,0.09,0.057,5.73156427104028e-06,0.055591051210937,0.0009460946854677,-0.0378929852980517,0.071,0.09,1,-0.0378929852980517,"non-sig","#00AFBB"
"633","Kcnma1",5.71586240559793e-137,-0.304997747420808,0.946,0.976,1.99294974495983e-132,-0.304997747420808,2.79065924922946e-91,0.269502580057482,0.962,0.946,9.73019160428837e-87,0.269502580057482,"sig","#E7B800"
"634","Kcnmb4",3.41196284544271e-09,-0.136938094836115,0.335,0.369,0.000118964908532051,-0.136938094836115,0.968580525553383,0.0378495338224525,0.329,0.335,1,0.0378495338224525,"non-sig","#00AFBB"
"635","Kcnn3",5.08521891841169e-08,0.0829770219615208,0.137,0.102,0.0017730632802826,0.0829770219615208,0.0410068730271541,-0.029053754943051,0.123,0.137,1,-0.029053754943051,"non-sig","#00AFBB"
"636","Kctd16",2.47636902095546e-18,-0.155043216117488,0.877,0.912,8.63435586536539e-14,-0.155043216117488,1.76348346868014e-06,0.0911082783683579,0.891,0.877,0.0614873781024705,0.0911082783683579,"non-sig","#00AFBB"
"637","Kctd8",1.17160303252351e-18,0.296362803283269,0.169,0.112,4.08502829349972e-14,0.296362803283269,2.21729935637429e-07,-0.21549421601918,0.134,0.169,0.00773105766587024,-0.21549421601918,"sig","#E7B800"
"638","Kdm4d",6.44410550444072e-08,0.0346783730553769,0.078,0.052,0.00224686626623335,0.0346783730553769,0.618703524320737,0.0197961633027212,0.081,0.078,1,0.0197961633027212,"non-sig","#00AFBB"
"639","Kdm6a",4.02720546555198e-11,0.129144292271097,0.403,0.332,1.40416572967401e-06,0.129144292271097,0.929557971628046,-0.00282541599677444,0.395,0.403,1,-0.00282541599677444,"non-sig","#00AFBB"
"640","Khdrbs2",3.9490590757241e-15,0.207459027954016,0.816,0.789,1.37691842793272e-10,0.207459027954016,0.278686174895538,-0.00692683405432426,0.815,0.816,1,-0.00692683405432426,"non-sig","#00AFBB"
"641","Khdrbs3",4.15864304663607e-24,-0.173105071380018,0.764,0.838,1.4499940710706e-19,-0.173105071380018,7.18542509785311e-29,0.261529319744035,0.823,0.764,2.50534216886845e-24,0.261529319744035,"sig","#E7B800"
"642","Kif1a",7.84737368601704e-10,-0.101595409437639,0.638,0.649,2.73614378310356e-05,-0.101595409437639,1.99209043013432e-07,-0.0974402288559229,0.592,0.638,0.00694582170274934,-0.0974402288559229,"sig","#E7B800"
"643","Kif5c",1.08537186619683e-16,-0.135571434661624,0.679,0.709,3.78436608586849e-12,-0.135571434661624,0.188776142095359,-0.037834610627518,0.674,0.679,1,-0.037834610627518,"non-sig","#00AFBB"
"644","Kif6",1.3675591857666e-08,0.0532010483750633,0.07,0.044,0.000476826861301241,0.0532010483750633,1.07975731654921e-08,-0.0595673236721399,0.043,0.07,0.000376478983561213,-0.0595673236721399,"sig","#E7B800"
"645","Kifc1",1.1362900202931e-07,0.0294053343378113,0.056,0.034,0.00396190241375595,0.0294053343378113,0.282557834279151,-0.00843390029123649,0.051,0.056,1,-0.00843390029123649,"non-sig","#00AFBB"
"646","Kirrel3",3.99809645811032e-07,0.238441473193981,0.602,0.563,0.0139401629204932,0.238441473193981,0.000557111965918967,-0.192039617611667,0.578,0.602,1,-0.192039617611667,"non-sig","#00AFBB"
"647","Kiss1r",7.14708320942273e-09,0.0353746288791373,0.045,0.024,0.000249197350262942,0.0353746288791373,0.0185084762558987,-0.0172127108235971,0.035,0.045,1,-0.0172127108235971,"non-sig","#00AFBB"
"648","Kitl",1.6936834563421e-09,0.0940864797304263,0.263,0.207,5.90536610722801e-05,0.0940864797304263,0.00259343550788308,-0.0207745126868223,0.231,0.263,1,-0.0207745126868223,"non-sig","#00AFBB"
"649","Kiz",1.4079263586201e-07,0.0496669208740432,0.172,0.132,0.00490901683460069,0.0496669208740432,5.8715024500216e-06,-0.0384820340806089,0.137,0.172,0.204721675924903,-0.0384820340806089,"non-sig","#00AFBB"
"650","Klf10",1.62510352292588e-48,-0.271434444142223,0.145,0.255,5.66624845338567e-44,-0.271434444142223,0.000164057202239198,-0.0589885676330529,0.118,0.145,1,-0.0589885676330529,"non-sig","#00AFBB"
"651","Klhl10",9.85339786907565e-10,0.0846550254923916,0.197,0.149,3.43558423501061e-05,0.0846550254923916,0.830924174104286,-0.0247832481156636,0.197,0.197,1,-0.0247832481156636,"non-sig","#00AFBB"
"652","Klhl13",9.40102605488021e-08,0.0584915293260079,0.037,0.02,0.00327785575455508,0.0584915293260079,0.013151475280391,-0.0221686425456433,0.028,0.037,1,-0.0221686425456433,"non-sig","#00AFBB"
"653","Klhl14",7.37725146152937e-12,0.0383620033139269,0.015,0.003,2.57222626709145e-07,0.0383620033139269,8.60927646644895e-10,-0.0329962144896754,0.003,0.015,3.00179642555675e-05,-0.0329962144896754,"sig","#E7B800"
"654","Klhl29",1.61719114239435e-09,-0.0842901713933442,0.773,0.809,5.63866035618637e-05,-0.0842901713933442,0.0337945035723352,0.0335567372556826,0.794,0.773,1,0.0335567372556826,"non-sig","#00AFBB"
"655","Krt222",1.86443519398325e-11,0.0779243175866609,0.207,0.153,6.50072619086139e-07,0.0779243175866609,0.208060566656028,-0.00990177324594871,0.196,0.207,1,-0.00990177324594871,"non-sig","#00AFBB"
"656","Ktn1",6.34954788177019e-07,-0.0754539632897431,0.692,0.7,0.0221389685993681,-0.0754539632897431,0.665834873001088,-0.0130147877398359,0.685,0.692,1,-0.0130147877398359,"non-sig","#00AFBB"
"657","Laptm4b",6.05986820346445e-09,0.0628680249268976,0.143,0.104,0.000211289424650195,0.0628680249268976,8.65348702688371e-08,-0.0690833028630292,0.106,0.143,0.00301721132166354,-0.0690833028630292,"sig","#E7B800"
"658","Large1",8.15269859443674e-08,0.101997717314261,0.901,0.929,0.00284260141892226,0.101997717314261,0.0799496068544948,-0.0138618180347643,0.922,0.901,1,-0.0138618180347643,"non-sig","#00AFBB"
"659","Ldlrad4",2.96260555555941e-13,-0.108140859780619,0.811,0.841,1.0329716790569e-08,-0.108140859780619,0.00186145076706957,0.0529129313238395,0.831,0.811,1,0.0529129313238395,"non-sig","#00AFBB"
"660","Lepr",3.14100283890752e-07,-0.0615459724099713,0.043,0.065,0.0109517345984189,-0.0615459724099713,3.58074927597607e-07,0.0484767543101018,0.067,0.043,0.0124849985005457,0.0484767543101018,"sig","#E7B800"
"661","Lgi2",1.13971396321635e-07,-0.0730109238590133,0.088,0.119,0.00397384067554644,-0.0730109238590133,2.89138014635561e-06,0.0569552683461114,0.118,0.088,0.100813751562981,0.0569552683461114,"non-sig","#00AFBB"
"662","Lhfp",1.39572572369121e-23,-0.195216152421227,0.349,0.427,4.86647688079414e-19,-0.195216152421227,0.000640639795117946,0.0285617437450217,0.381,0.349,1,0.0285617437450217,"non-sig","#00AFBB"
"663","Lingo1",9.17922920282618e-15,-0.142858821259862,0.592,0.627,3.20052184614941e-10,-0.142858821259862,0.0555247127519365,-0.0563522963457204,0.574,0.592,1,-0.0563522963457204,"non-sig","#00AFBB"
"664","Lingo2",1.16410566022516e-07,-0.0832926016787185,0.825,0.848,0.00405888720550707,-0.0832926016787185,3.93076145684229e-10,0.196959166045376,0.81,0.825,1.3705385971572e-05,0.196959166045376,"sig","#E7B800"
"665","Lix1",1.04538365653955e-08,0.0756473610972496,0.266,0.213,0.000364493919525646,0.0756473610972496,0.0144031556559088,0.0622122622431358,0.286,0.266,1,0.0622122622431358,"non-sig","#00AFBB"
"666","Lmo4",1.92033079141435e-12,0.141076103143094,0.772,0.74,6.6956173704244e-08,0.141076103143094,1.42882772058089e-05,-0.0801729339596635,0.76,0.772,0.498189361334939,-0.0801729339596635,"non-sig","#00AFBB"
"667","Lmtk2",3.10331864751512e-07,-0.089319093256264,0.614,0.634,0.010820341128291,-0.089319093256264,0.000222603327709449,0.0891863762050917,0.634,0.614,1,0.0891863762050917,"non-sig","#00AFBB"
"668","Lpp",9.8559756426505e-07,0.0740501394586254,0.134,0.102,0.0343648302732295,0.0740501394586254,0.00633582214497938,-0.060622084683409,0.116,0.134,1,-0.060622084683409,"non-sig","#00AFBB"
"669","Lrrc19",1.64588449784051e-07,0.0517070157767887,0.222,0.176,0.00573870547862051,0.0517070157767887,0.0379572199916221,-0.0287846640196712,0.204,0.222,1,-0.0287846640196712,"non-sig","#00AFBB"
"670","Lrrc4",1.26165969116262e-07,0.0897721004985488,0.57,0.504,0.0043990288451767,0.0897721004985488,0.102627663249396,0.0392189885265004,0.581,0.57,1,0.0392189885265004,"non-sig","#00AFBB"
"671","Lrrc7",1.12371916442581e-06,-0.0329919664171241,0.944,0.974,0.0391807161060346,-0.0329919664171241,4.23078994491025e-30,0.132157613091569,0.956,0.944,1.47514953009186e-25,0.132157613091569,"sig","#E7B800"
"672","Lrrn3",7.9810054182433e-09,0.0944247456956284,0.337,0.278,0.000278273715917889,0.0944247456956284,0.00225219611588356,-0.051140518518776,0.307,0.337,1,-0.051140518518776,"non-sig","#00AFBB"
"673","Lsm11",2.5597397418907e-07,-0.0376380508728333,0.028,0.048,0.0089250445580503,-0.0376380508728333,0.219141257186224,0.0063622751317871,0.033,0.028,1,0.0063622751317871,"non-sig","#00AFBB"
"674","LTO1",6.67757096694245e-08,0.0421554908304133,0.088,0.06,0.00232826866904383,0.0421554908304133,0.000463986542664622,-0.0334118414321736,0.069,0.088,1,-0.0334118414321736,"non-sig","#00AFBB"
"675","Ly6h",1.19724434943912e-10,0.152023280053056,0.657,0.592,4.17443187318939e-06,0.152023280053056,1.06819773030867e-15,-0.171490224637377,0.599,0.657,3.72448502626725e-11,-0.171490224637377,"sig","#E7B800"
"676","Lysmd4",2.09471811944401e-08,0.110669730669957,0.471,0.406,0.000730365366706542,0.110669730669957,0.0484886061000145,-0.0564331457730042,0.454,0.471,1,-0.0564331457730042,"non-sig","#00AFBB"
"677","Lyst",2.64192686717042e-19,0.194194650687922,0.579,0.486,9.21160640776311e-15,0.194194650687922,0.00560743746857479,-0.0681897278717023,0.551,0.579,1,-0.0681897278717023,"non-sig","#00AFBB"
"678","Lztr1",2.04141728331029e-08,0.0721696594330128,0.313,0.254,0.000711780964171798,0.0721696594330128,1.02982680804678e-05,-0.0843241111671663,0.271,0.313,0.359069713161671,-0.0843241111671663,"non-sig","#00AFBB"
"679","Macf1",7.10225433134598e-07,-0.057377220823815,0.903,0.925,0.024763430177104,-0.057377220823815,0.924982478140132,-0.0222546671335131,0.905,0.903,1,-0.0222546671335131,"non-sig","#00AFBB"
"680","Macrod2",1.42612226889497e-06,0.0798803295907549,0.951,0.976,0.0497246051495609,0.0798803295907549,0.000509197754135951,0.0532272469611446,0.961,0.951,1,0.0532272469611446,"non-sig","#00AFBB"
"681","Macrod2os1",2.24560474952823e-18,0.170117658906065,0.503,0.411,7.82975008018008e-14,0.170117658906065,0.512228809075472,-0.0226521886639064,0.494,0.503,1,-0.0226521886639064,"non-sig","#00AFBB"
"682","Madd",1.74708963976684e-11,-0.121541019325709,0.505,0.538,6.09157744697505e-07,-0.121541019325709,0.0323524245475925,-0.0698926970473099,0.485,0.505,1,-0.0698926970473099,"non-sig","#00AFBB"
"683","Magi1",3.68636526398551e-11,-0.0962793133958253,0.82,0.849,1.28532497659383e-06,-0.0962793133958253,1.2162088936646e-10,0.120819961850557,0.845,0.82,4.24055554954036e-06,0.120819961850557,"sig","#E7B800"
"684","Magi2",1.40110921904485e-06,0.0727229464843449,0.952,0.977,0.0488524751404367,0.0727229464843449,1.35951942156435e-09,0.0717118554134251,0.96,0.952,4.74023636716843e-05,0.0717118554134251,"sig","#E7B800"
"685","Magt1",1.4394302374691e-09,0.041069333887982,0.085,0.055,5.01886140898352e-05,0.041069333887982,0.00132419040858498,-0.0279457058982105,0.068,0.085,1,-0.0279457058982105,"non-sig","#00AFBB"
"686","Malat1",5.65664868374885e-11,-0.0639334758034416,1,1,1.97230369656271e-06,-0.0639334758034416,1.8985799357742e-09,0.0620311564473504,1,1,6.6197786620639e-05,0.0620311564473504,"sig","#E7B800"
"687","Maml2",2.15360249815692e-17,0.193421359312406,0.104,0.059,7.50896583032373e-13,0.193421359312406,0.005502393123555,-0.131634186831091,0.089,0.104,1,-0.131634186831091,"non-sig","#00AFBB"
"688","Man1a",6.4660866159801e-08,0.157891996971712,0.406,0.355,0.00225453042039378,0.157891996971712,0.0214436554651516,-0.00674519378339578,0.382,0.406,1,-0.00674519378339578,"non-sig","#00AFBB"
"689","Manf",5.23706146028092e-10,0.124810784139868,0.382,0.311,1.82600621935615e-05,0.124810784139868,6.37417204102684e-09,-0.108766023028211,0.323,0.382,0.000222248256554483,-0.108766023028211,"sig","#E7B800"
"690","Map1b",1.9080282659024e-21,-0.135641282780129,0.876,0.912,6.6527221547219e-17,-0.135641282780129,3.01370362051482e-06,-0.0749349361146479,0.873,0.876,0.10507880413649,-0.0749349361146479,"non-sig","#00AFBB"
"691","Map2k6",7.38584095276573e-35,0.232331145111707,0.394,0.276,2.57522116500083e-30,0.232331145111707,3.5948787990468e-11,-0.145108641613347,0.331,0.394,1.25342639086365e-06,-0.145108641613347,"sig","#E7B800"
"692","Map3k5",1.2397908534425e-19,-0.192904924229174,0.41,0.469,4.32277876869796e-15,-0.192904924229174,7.70390962051185e-09,0.120456742011672,0.461,0.41,0.000268612216738387,0.120456742011672,"sig","#E7B800"
"693","Map6",7.29340669732146e-14,-0.154834205107418,0.451,0.49,2.54299211315507e-09,-0.154834205107418,0.0142803133855549,-0.0524624462185307,0.425,0.451,1,-0.0524624462185307,"non-sig","#00AFBB"
"694","Mark1",4.14235431803025e-14,-0.153897578874278,0.5,0.542,1.44431468006761e-09,-0.153897578874278,2.06204183514843e-09,0.111946772807922,0.552,0.5,7.18972126661202e-05,0.111946772807922,"sig","#E7B800"
"695","Mas1",6.51947040025883e-09,-0.0818968702626426,0.062,0.091,0.000227314374445825,-0.0818968702626426,1.7672419803079e-06,0.0692698535376634,0.087,0.062,0.0616184261273956,0.0692698535376634,"non-sig","#00AFBB"
"696","Mast3",2.65033295445329e-21,-0.219657952074308,0.507,0.564,9.24091591229229e-17,-0.219657952074308,2.73952345576939e-07,-0.123751484348634,0.465,0.507,0.00955189643323112,-0.123751484348634,"sig","#E7B800"
"697","Mast4",1.59446916700478e-18,-0.143295652453945,0.836,0.883,5.55943564459556e-14,-0.143295652453945,2.97023549965194e-12,0.129988056027686,0.854,0.836,1.03563201166364e-07,0.129988056027686,"sig","#E7B800"
"698","Matn2",3.62675526523607e-38,0.217026865590261,0.252,0.15,1.26454075832986e-33,0.217026865590261,1.34651514727374e-17,-0.151315383571464,0.182,0.252,4.69489436399936e-13,-0.151315383571464,"sig","#E7B800"
"699","Mbd5",1.10517076320404e-10,0.138283674394157,0.858,0.841,3.85339890006352e-06,0.138283674394157,0.0443360074346249,0.0268465385608634,0.872,0.858,1,0.0268465385608634,"non-sig","#00AFBB"
"700","Mccc1",3.41789700999475e-07,0.0593661255171763,0.209,0.165,0.0119171815047487,0.0593661255171763,0.00137965489504941,-0.0528170804509863,0.182,0.209,1,-0.0528170804509863,"non-sig","#00AFBB"
"701","Mecp2",1.3629932848e-07,0.0947131806477667,0.408,0.344,0.00475234868611214,0.0947131806477667,0.0008253799701531,-0.0740562507239417,0.375,0.408,1,-0.0740562507239417,"non-sig","#00AFBB"
"702","Mei4",3.44221407719924e-13,0.139944224617673,0.203,0.149,1.20019678229706e-08,0.139944224617673,9.3491039618373e-09,-0.116831467105321,0.158,0.203,0.000325975207837381,-0.116831467105321,"sig","#E7B800"
"703","Meis2",2.24683827606396e-15,0.268721500092218,0.719,0.681,7.8340510171522e-11,0.268721500092218,0.00223939859477422,-0.0939104300373095,0.701,0.719,1,-0.0939104300373095,"non-sig","#00AFBB"
"704","Mettl3",6.84522769865984e-07,0.0340735981131736,0.129,0.096,0.0238672554169173,0.0340735981131736,0.00647258540029823,-0.0212017114255625,0.11,0.129,1,-0.0212017114255625,"non-sig","#00AFBB"
"705","Mfsd10",1.82606034323195e-07,0.0454748839699978,0.098,0.069,0.00636692459874684,0.0454748839699978,0.00305895007117782,-0.037107131312394,0.081,0.098,1,-0.037107131312394,"non-sig","#00AFBB"
"706","Mfsd11",3.58993341243269e-07,0.068039879626806,0.247,0.2,0.0125170208291291,0.068039879626806,0.0041038862375972,-0.0575589032954705,0.222,0.247,1,-0.0575589032954705,"non-sig","#00AFBB"
"707","Mgat4c",2.28733687951786e-11,0.118894809782696,0.798,0.755,7.97525749781493e-07,0.118894809782696,1.34197573444275e-08,-0.106535312228861,0.761,0.798,0.000467906679328153,-0.106535312228861,"sig","#E7B800"
"708","Miat",8.62084880023128e-18,-0.150502674157691,0.716,0.761,3.00583135117664e-13,-0.150502674157691,0.122540575059706,0.0227088272982352,0.727,0.716,1,0.0227088272982352,"non-sig","#00AFBB"
"709","Mical2",1.49822964973019e-11,-0.124353886506962,0.703,0.729,5.22387731971426e-07,-0.124353886506962,0.004722722289639,-0.0756494486468395,0.681,0.703,1,-0.0756494486468395,"non-sig","#00AFBB"
"710","Mical3",3.61078206406233e-07,-0.0866190583773259,0.749,0.756,0.0125897138227661,-0.0866190583773259,3.58748845957252e-05,-0.0856976115405115,0.715,0.749,1,-0.0856976115405115,"non-sig","#00AFBB"
"711","Midn",1.6351092891168e-08,-0.0542675388332039,0.042,0.067,0.000570113555836355,-0.0542675388332039,0.0101048441847442,-0.0243992429922458,0.032,0.042,1,-0.0243992429922458,"non-sig","#00AFBB"
"712","Mir6236",2.80303408598173e-26,-0.154042222091592,0.297,0.379,9.77333894759249e-22,-0.154042222091592,1.97574548669155e-05,-0.129582778244836,0.261,0.297,0.688883178844744,-0.129582778244836,"non-sig","#00AFBB"
"713","Mir670hg",1.65217245407937e-12,-0.164409114797535,0.14,0.187,5.76062969563855e-08,-0.164409114797535,1.02098324026625e-05,0.103208720289947,0.171,0.14,0.355986226383633,0.103208720289947,"non-sig","#00AFBB"
"714","Mkln1os",8.02924300148306e-24,0.136773463983939,0.298,0.206,2.7995561573271e-19,0.136773463983939,0.0119797205505322,-0.0454250041952543,0.274,0.298,1,-0.0454250041952543,"non-sig","#00AFBB"
"715","Mlip",9.11106166701501e-29,-0.232828887964106,0.598,0.661,3.17675387143812e-24,-0.232828887964106,5.72056773953857e-32,0.262706403987576,0.67,0.598,1.99459035374491e-27,0.262706403987576,"sig","#E7B800"
"716","Mmadhc",3.80175923304589e-12,0.0867199848301006,0.135,0.091,1.32555939178611e-07,0.0867199848301006,0.026161341021976,-0.0290289449587985,0.119,0.135,1,-0.0290289449587985,"non-sig","#00AFBB"
"717","Mme",3.24253240206294e-07,0.0334971781702336,0.029,0.015,0.0113057377262729,0.0334971781702336,0.4551035391843,0.00438790286441347,0.027,0.029,1,0.00438790286441347,"non-sig","#00AFBB"
"718","Mmp16",8.51864118348078e-08,0.127751950912345,0.864,0.865,0.00297019462144424,0.127751950912345,0.0399394880092758,0.0336081313289824,0.88,0.864,1,0.0336081313289824,"non-sig","#00AFBB"
"719","Mmp17",9.70475992796509e-10,-0.133688147353254,0.236,0.276,3.38375864408359e-05,-0.133688147353254,0.000525818441102096,-0.038562223475104,0.204,0.236,1,-0.038562223475104,"non-sig","#00AFBB"
"720","Morn2",2.18557209108996e-09,0.0626999518503601,0.127,0.089,7.62043421000338e-05,0.0626999518503601,0.731626119838672,-0.0100968787111954,0.124,0.127,1,-0.0100968787111954,"non-sig","#00AFBB"
"721","Mrnip",2.2055221014131e-07,0.0604222734912674,0.12,0.088,0.00768999391099707,0.0604222734912674,0.260309624733913,-0.00522505878306256,0.128,0.12,1,-0.00522505878306256,"non-sig","#00AFBB"
"722","Mro",1.32513652713769e-06,0.0388673108029324,0.036,0.02,0.0462035352917098,0.0388673108029324,0.0473753808188143,-0.0247837393021515,0.029,0.036,1,-0.0247837393021515,"non-sig","#00AFBB"
"723","Mrtfb",2.79132094319897e-07,-0.089058095114694,0.835,0.855,0.00973249873265185,-0.089058095114694,0.435421119615372,-0.0132912712336499,0.841,0.835,1,-0.0132912712336499,"non-sig","#00AFBB"
"724","Ms4a15",1.53361133539609e-07,0.0173740069095176,0.005,0,0.00534724264312553,0.0173740069095176,0.000869172467781166,-0.0150649942922555,0.001,0.005,1,-0.0150649942922555,"non-sig","#00AFBB"
"725","mt-Atp6",2.35666359930886e-11,0.0721153109684318,0.122,0.082,8.21697897171021e-07,0.0721153109684318,1.40108288166215e-15,-0.0924193126308631,0.073,0.122,4.88515568349142e-11,-0.0924193126308631,"sig","#E7B800"
"726","mt-Co2",4.6581276083451e-12,0.0679423479243648,0.077,0.044,1.62414935320169e-07,0.0679423479243648,5.52021880135312e-10,-0.0690715482134743,0.046,0.077,1.92473468946779e-05,-0.0690715482134743,"sig","#E7B800"
"727","mt-Co3",8.71234943962607e-15,0.0972764505160901,0.124,0.077,3.03773487911442e-10,0.0972764505160901,7.01562198394408e-24,-0.128596339753106,0.063,0.124,2.44613691714178e-19,-0.128596339753106,"sig","#E7B800"
"728","Mt1",1.61112817309804e-09,0.0902717727288944,0.122,0.085,5.61752060114095e-05,0.0902717727288944,0.0479571828125551,-0.0236792689065713,0.109,0.122,1,-0.0236792689065713,"non-sig","#00AFBB"
"729","Mtfp1",2.54866006924275e-07,0.0710009628513929,0.079,0.054,0.0088864130634287,0.0710009628513929,1.5852807458721e-05,-0.0552760829728949,0.057,0.079,0.552739837663224,-0.0552760829728949,"non-sig","#00AFBB"
"730","Mthfd1l",2.70326798166633e-22,0.13585611391898,0.253,0.17,9.42548447167598e-18,0.13585611391898,0.00384541399314414,-0.0524909688281284,0.226,0.253,1,-0.0524909688281284,"non-sig","#00AFBB"
"731","Mthfs",6.83932065374961e-07,0.0536132709976607,0.153,0.118,0.0238466593234288,0.0536132709976607,8.21105631330672e-06,-0.0512858154098083,0.121,0.153,0.286294900476065,-0.0512858154098083,"non-sig","#00AFBB"
"732","Mthfsl",2.09998896783239e-07,0.0697599825485176,0.158,0.121,0.0073220315341412,0.0697599825485176,0.00612990126253158,-0.0467674832720648,0.138,0.158,1,-0.0467674832720648,"non-sig","#00AFBB"
"733","Mtif2",8.04281430243701e-08,0.0764450837595411,0.468,0.403,0.00280428806283071,0.0764450837595411,2.84488922756867e-10,-0.1164176636055,0.408,0.468,9.91927526976367e-06,-0.1164176636055,"sig","#E7B800"
"734","Mtmr12",9.74556389604244e-07,-0.0981027600148884,0.435,0.461,0.0339798576363312,-0.0981027600148884,0.000637476148119115,-0.0650847068858302,0.401,0.435,1,-0.0650847068858302,"non-sig","#00AFBB"
"735","Mtrf1",4.39625152181319e-07,0.0423077901444631,0.061,0.039,0.0153284101811061,0.0423077901444631,0.00240724395861231,-0.0314256161322756,0.046,0.061,1,-0.0314256161322756,"non-sig","#00AFBB"
"736","Mttp",3.04601595692629e-09,0.0874126780430443,0.233,0.181,0.000106205438370149,0.0874126780430443,0.458940263560229,-0.0254000127619169,0.227,0.233,1,-0.0254000127619169,"non-sig","#00AFBB"
"737","Muc15",1.74339079013203e-07,0.0476021850642632,0.229,0.182,0.00607868066795336,0.0476021850642632,0.855496539927398,0.0108578385791203,0.228,0.229,1,0.0108578385791203,"non-sig","#00AFBB"
"738","Mycbp",5.00781368515177e-10,0.0924858637387028,0.334,0.268,1.74607439760187e-05,0.0924858637387028,0.00770260651290379,-0.0489018199983173,0.305,0.334,1,-0.0489018199983173,"non-sig","#00AFBB"
"739","Myo10",3.51664711277055e-11,0.0543324947817365,0.122,0.081,1.22614934880971e-06,0.0543324947817365,0.0134355222502216,-0.0124276131787419,0.105,0.122,1,-0.0124276131787419,"non-sig","#00AFBB"
"740","Myo16",4.99673435242468e-14,-0.161086309546271,0.438,0.491,1.74221136665991e-09,-0.161086309546271,4.12180899605228e-13,0.201669864925678,0.497,0.438,1.43715114265355e-08,0.201669864925678,"sig","#E7B800"
"741","Myo1b",2.37241922097028e-14,-0.157963856485389,0.226,0.282,8.27191409775706e-10,-0.157963856485389,1.47720304915386e-11,0.132975314822369,0.281,0.226,5.15056387148475e-07,0.132975314822369,"sig","#E7B800"
"742","Myt1l",5.96663866808693e-35,0.204834079235083,0.928,0.928,2.08038790440187e-30,0.204834079235083,1.06263760815311e-07,-0.0917688190258743,0.927,0.928,0.00370509854834745,-0.0917688190258743,"sig","#E7B800"
"743","N4bp2l2",2.05757372064403e-10,0.119315884057738,0.583,0.509,7.17414229176953e-06,0.119315884057738,0.0174729116562337,-0.0467979270681056,0.558,0.583,1,-0.0467979270681056,"non-sig","#00AFBB"
"744","Nab2",6.90726131288505e-09,-0.075848251789119,0.054,0.082,0.000240835480196363,-0.075848251789119,0.15419023531419,-0.0124947913270673,0.048,0.054,1,-0.0124947913270673,"non-sig","#00AFBB"
"745","Nalf1",2.64943585144823e-19,0.187766248610123,0.939,0.965,9.23778798324453e-15,0.187766248610123,0.0477264411027982,-0.0456622367461001,0.947,0.939,1,-0.0456622367461001,"non-sig","#00AFBB"
"746","Napepld",2.70305457614506e-07,0.0560521052756269,0.158,0.121,0.00942474039064497,0.0560521052756269,0.00164405535958891,-0.0387343501530966,0.135,0.158,1,-0.0387343501530966,"non-sig","#00AFBB"
"747","Narf",6.2489081125113e-09,0.065607794562505,0.26,0.204,0.000217880679158932,0.065607794562505,0.000139603975492765,-0.0582288426676321,0.226,0.26,1,-0.0582288426676321,"non-sig","#00AFBB"
"748","Nav3",5.31072802880326e-172,-0.323561757256928,0.954,0.983,1.85169154180283e-167,-0.323561757256928,3.66930484904994e-177,0.359412750989682,0.964,0.954,1.27937652171824e-172,0.359412750989682,"sig","#E7B800"
"749","Ncoa7",2.14057299285638e-08,0.110464435277332,0.712,0.657,0.000746353585419234,0.110464435277332,0.000350101836508913,-0.0753236423983754,0.689,0.712,1,-0.0753236423983754,"non-sig","#00AFBB"
"750","Ndnf",1.6231394383566e-08,0.07022666437286,0.027,0.012,0.000565940027971794,0.07022666437286,0.00225304940145046,-0.0423433647003487,0.017,0.027,1,-0.0423433647003487,"non-sig","#00AFBB"
"751","Ndst3",9.91437619727639e-17,0.214686942657911,0.565,0.489,3.45684554870436e-12,0.214686942657911,1.99594988862671e-09,-0.143794490783479,0.517,0.565,6.95927847667474e-05,-0.143794490783479,"sig","#E7B800"
"752","Ndst4",4.60838819603064e-25,0.563094459249902,0.058,0.02,1.60680671231e-20,0.563094459249902,2.4799008505984e-25,-0.616731867939635,0.018,0.058,8.64667029578143e-21,-0.616731867939635,"sig","#E7B800"
"753","Nedd4l",4.48313604275814e-11,-0.0898308750085035,0.791,0.817,1.56313504402848e-06,-0.0898308750085035,0.000896211293346296,0.0531740578338007,0.806,0.791,1,0.0531740578338007,"non-sig","#00AFBB"
"754","Nell1",3.8906201295654e-25,-0.313756705464205,0.39,0.469,1.35654252057557e-20,-0.313756705464205,0.0113762505440593,0.0429180446950239,0.411,0.39,1,0.0429180446950239,"non-sig","#00AFBB"
"755","Nell1os",2.72257937255757e-20,-0.191438777064721,0.134,0.198,9.49281749829648e-16,-0.191438777064721,0.0142205675473903,-0.0460214789103975,0.118,0.134,1,-0.0460214789103975,"non-sig","#00AFBB"
"756","Nexn",1.06454487831066e-09,0.0490037865449176,0.082,0.052,3.71174862720578e-05,0.0490037865449176,0.0884634642500975,0.0336050859041239,0.091,0.082,1,0.0336050859041239,"non-sig","#00AFBB"
"757","Nfix",6.67847833413827e-08,-0.114436567916397,0.402,0.431,0.00232858504076399,-0.114436567916397,0.697252575670713,-0.0215551070339932,0.397,0.402,1,-0.0215551070339932,"non-sig","#00AFBB"
"758","Nhs",8.93110854317905e-08,0.0675293254426267,0.106,0.075,0.00311400961575024,0.0675293254426267,0.0205479817297297,-0.002163351205483,0.091,0.106,1,-0.002163351205483,"non-sig","#00AFBB"
"759","Nicn1",6.58295160562226e-08,0.0690805506371381,0.138,0.103,0.00229527773633231,0.0690805506371381,3.98703933434792e-07,-0.0852257476545064,0.105,0.138,0.0139016100470709,-0.0852257476545064,"sig","#E7B800"
"760","Nin",1.02733657167803e-08,-0.109323726204998,0.616,0.635,0.000358201442446979,-0.109323726204998,0.993530229236848,-0.00252886001936892,0.607,0.616,1,-0.00252886001936892,"non-sig","#00AFBB"
"761","Nkain3",1.41197141382669e-19,0.196912086102788,0.307,0.225,4.9231207285895e-15,0.196912086102788,1.04882397408246e-08,-0.111948723904882,0.254,0.307,0.00036569345504333,-0.111948723904882,"sig","#E7B800"
"762","Nlk",6.16704879822471e-20,-0.15137068357914,0.808,0.834,2.15026490447701e-15,-0.15137068357914,0.0131019782193835,0.0382292640095656,0.82,0.808,1,0.0382292640095656,"non-sig","#00AFBB"
"763","Nme7",1.38597292708215e-06,0.131509156034359,0.576,0.515,0.0483247180485734,0.131509156034359,3.37006902574991e-05,-0.114246537499046,0.541,0.576,1,-0.114246537499046,"non-sig","#00AFBB"
"764","Nmt1",1.41297843289591e-09,0.0968097511151677,0.386,0.317,4.92663190197816e-05,0.0968097511151677,0.0627901200173935,-0.0218838696430863,0.368,0.386,1,-0.0218838696430863,"non-sig","#00AFBB"
"765","Nnat",7.44673123011032e-10,0.0905054953829466,0.264,0.207,2.59645177800256e-05,0.0905054953829466,1.00347560775713e-15,-0.187867346550031,0.195,0.264,3.49881840156679e-11,-0.187867346550031,"sig","#E7B800"
"766","Nol4",4.88103003775595e-22,-0.178790084720555,0.814,0.844,1.70186874326437e-17,-0.178790084720555,2.98601059912472e-25,0.213362737868274,0.85,0.814,1.04113231559682e-20,0.213362737868274,"sig","#E7B800"
"767","Npas2",1.28035511272726e-09,-0.127401864912196,0.56,0.588,4.46421417154614e-05,-0.127401864912196,6.31694834127004e-05,0.0977765668540194,0.591,0.56,1,0.0977765668540194,"non-sig","#00AFBB"
"768","Npas4",1.26014779532952e-09,-0.116649055879685,0.06,0.09,4.39375731797543e-05,-0.116649055879685,0.677550178416721,0.00199881449578654,0.058,0.06,1,0.00199881449578654,"non-sig","#00AFBB"
"769","Npc1",7.15789746438235e-08,0.0726781987188382,0.219,0.174,0.00249574410890619,0.0726781987188382,0.000194414207804509,-0.0488021172611058,0.188,0.219,1,-0.0488021172611058,"non-sig","#00AFBB"
"770","Nptx2",1.85227384326664e-12,-0.0805296564441859,0.034,0.064,6.4583232093178e-08,-0.0805296564441859,0.159426884164805,0.0177734942749638,0.04,0.034,1,0.0177734942749638,"non-sig","#00AFBB"
"771","Npy",8.77454797076775e-14,-0.0986109154276232,0.199,0.257,3.05942164096759e-09,-0.0986109154276232,4.856231284788e-07,0.0135068463796907,0.243,0.199,0.0169322216206703,0.0135068463796907,"sig","#E7B800"
"772","Nr1d2",1.75715194706354e-17,0.147762358645585,0.409,0.315,6.12666169382643e-13,0.147762358645585,0.00057757382464457,-0.0761880162417667,0.373,0.409,1,-0.0761880162417667,"non-sig","#00AFBB"
"773","Nr3c2",8.11634173886357e-11,0.190672969533984,0.478,0.418,2.82992487408956e-06,0.190672969533984,0.00022174771257088,-0.100132445933582,0.447,0.478,1,-0.100132445933582,"non-sig","#00AFBB"
"774","Nr4a1",5.60446147559633e-22,-0.213867480106866,0.241,0.311,1.95410758269617e-17,-0.213867480106866,0.0114644025673239,-0.0546316200808287,0.219,0.241,1,-0.0546316200808287,"non-sig","#00AFBB"
"775","Nr4a3",1.69393415671165e-12,-0.112036010658639,0.056,0.091,5.90624022420652e-08,-0.112036010658639,0.0013856681516846,-0.0225985414669528,0.041,0.056,1,-0.0225985414669528,"non-sig","#00AFBB"
"776","Nrcam",4.31997034946197e-09,-0.0738336068744014,0.899,0.935,0.000150624406174691,-0.0738336068744014,9.58216784917124e-11,0.099043576883505,0.926,0.899,3.34101446397053e-06,0.099043576883505,"sig","#E7B800"
"777","Nrde2",8.15647565222853e-08,0.0439998680967045,0.077,0.051,0.00284391836566252,0.0439998680967045,0.00045654561458372,-0.0236413588510589,0.059,0.077,1,-0.0236413588510589,"non-sig","#00AFBB"
"778","Nrep",3.03513107502635e-12,-0.102852168743109,0.062,0.099,1.05825915192944e-07,-0.102852168743109,3.69644162465086e-16,0.115151881934615,0.108,0.062,1.28883830126702e-11,0.115151881934615,"sig","#E7B800"
"779","Nrg3",1.64908206362774e-101,-0.197331322049918,0.976,0.99,5.74985443125085e-97,-0.197331322049918,3.64508937155506e-87,0.196319639871581,0.977,0.976,1.2709333111801e-82,0.196319639871581,"sig","#E7B800"
"780","Nrg3os",1.62166349929147e-39,-0.19952721631853,0.906,0.954,5.65425412297958e-35,-0.19952721631853,0.00276838165446732,-0.0591431117718937,0.915,0.906,1,-0.0591431117718937,"non-sig","#00AFBB"
"781","Nrgn",3.6376166242121e-08,-0.056658503865874,0.857,0.877,0.00126832778836403,-0.056658503865874,0.0561812159849754,0.0249972591861778,0.873,0.857,1,0.0249972591861778,"non-sig","#00AFBB"
"782","Nrn1",4.47881828346073e-23,-0.239467435689804,0.442,0.5,1.56162957089425e-18,-0.239467435689804,3.90802260455524e-05,0.1136207827294,0.472,0.442,1,0.1136207827294,"non-sig","#00AFBB"
"783","Nrxn3",1.18017824017614e-43,-0.200658427010433,0.968,0.985,4.11492747002213e-39,-0.200658427010433,7.82896764112284e-60,0.282093087638087,0.973,0.968,2.7297261474303e-55,0.282093087638087,"sig","#E7B800"
"784","Nt5dc1",5.44101050971596e-08,0.0646218366569372,0.217,0.168,0.00189711713442266,0.0646218366569372,0.661565339385984,0.0169117824276003,0.217,0.217,1,0.0169117824276003,"non-sig","#00AFBB"
"785","Ntng1",2.026488170156e-07,0.0831457600073049,0.336,0.382,0.00706575630288293,0.0831457600073049,0.0217728795753521,-0.104535129329756,0.358,0.336,1,-0.104535129329756,"non-sig","#00AFBB"
"786","Ntrk2",2.18793531013298e-32,-0.185982169550496,0.862,0.895,7.62867404584065e-28,-0.185982169550496,1.73688985643616e-07,0.080549256191619,0.882,0.862,0.00605601386243596,0.080549256191619,"sig","#E7B800"
"787","Ntsr2",2.02537757143957e-12,0.061679198609262,0.061,0.032,7.06188397833835e-08,0.061679198609262,0.00608042958880966,-0.0215576052010955,0.048,0.061,1,-0.0215576052010955,"non-sig","#00AFBB"
"788","Nudcd2",6.71810632952963e-09,0.058483895922741,0.154,0.113,0.00023424021339171,0.058483895922741,0.0390227981774431,-0.0368133234384852,0.14,0.154,1,-0.0368133234384852,"non-sig","#00AFBB"
"789","Nudt4",1.50745127388752e-07,-0.101215495936965,0.166,0.2,0.00525603035666363,-0.101215495936965,0.704104793162522,0.0190881255242396,0.168,0.166,1,0.0190881255242396,"non-sig","#00AFBB"
"790","Numb",3.76896315427325e-21,-0.174869497698201,0.711,0.75,1.31412438300045e-16,-0.174869497698201,0.0940298742058123,0.0165472863530551,0.723,0.711,1,0.0165472863530551,"non-sig","#00AFBB"
"791","Nusap1",9.58933111428744e-07,0.0352204970072879,0.049,0.031,0.033435120796186,0.0352204970072879,0.0873684092538975,-0.0133983483082432,0.042,0.049,1,-0.0133983483082432,"non-sig","#00AFBB"
"792","Nwd2",2.1095168862606e-16,-0.189783599142092,0.564,0.616,7.35525252732485e-12,-0.189783599142092,2.03155160661691e-09,0.197967629628939,0.597,0.564,7.08341098679119e-05,0.197967629628939,"sig","#E7B800"
"793","Oacyl",3.69956850964727e-10,0.0511267181928,0.072,0.043,1.28992855225871e-05,0.0511267181928,0.202311826567174,0.0133829655417463,0.078,0.072,1,0.0133829655417463,"non-sig","#00AFBB"
"794","Olfm1",5.74084221331455e-18,-0.116679633872605,0.804,0.839,2.00165945451638e-13,-0.116679633872605,1.2406798413599e-11,-0.138584453802112,0.777,0.804,4.32587840286957e-07,-0.138584453802112,"sig","#E7B800"
"795","Olfr539",2.20737040402534e-08,0.0427407848342752,0.089,0.06,0.000769643838771514,0.0427407848342752,0.014868846670943,-0.0273391955904887,0.076,0.089,1,-0.0273391955904887,"non-sig","#00AFBB"
"796","Olfr690",2.07967359483616e-07,0.025566863822346,0.031,0.015,0.00725119792311526,0.025566863822346,0.101374914033231,-0.00821835386678131,0.025,0.031,1,-0.00821835386678131,"non-sig","#00AFBB"
"797","Orc3",2.36359161820025e-13,0.102224261700235,0.344,0.268,8.2411348951788e-09,0.102224261700235,0.98160664733671,0.0104967298743854,0.341,0.344,1,0.0104967298743854,"non-sig","#00AFBB"
"798","Osbp2",6.71866525536705e-07,-0.114924232142168,0.511,0.531,0.0234259701458883,-0.114924232142168,0.454557695264479,0.0103855050561348,0.513,0.511,1,0.0103855050561348,"non-sig","#00AFBB"
"799","Osbpl3",2.71603172008078e-15,-0.161241776875545,0.377,0.435,9.46998779840564e-11,-0.161241776875545,3.26504179838174e-11,0.123402531976988,0.437,0.377,1.13842212384176e-06,0.123402531976988,"sig","#E7B800"
"800","Otof",4.49883026716916e-09,0.090480871056226,0.121,0.086,0.000156860714925387,0.090480871056226,0.00301612866404728,-0.0659061705417349,0.102,0.121,1,-0.0659061705417349,"non-sig","#00AFBB"
"801","Otud7a",1.8169106120169e-20,-0.135122353584141,0.86,0.903,6.33502223091933e-16,-0.135122353584141,3.27341859011349e-08,0.0825118034510384,0.88,0.86,0.00114134285981487,0.0825118034510384,"sig","#E7B800"
"802","Oxct1",8.82655148980452e-08,-0.0988422450273612,0.663,0.679,0.00307755370795014,-0.0988422450273612,0.0357999759218519,0.046204661587512,0.678,0.663,1,0.046204661587512,"non-sig","#00AFBB"
"803","Pacsin1",1.13592979399934e-14,-0.144179069831226,0.758,0.783,3.96064641273752e-10,-0.144179069831226,0.00515399865658193,-0.0530491166695912,0.748,0.758,1,-0.0530491166695912,"non-sig","#00AFBB"
"804","Pak5",4.06975964965324e-29,-0.183226699613991,0.839,0.881,1.41900309704459e-24,-0.183226699613991,2.32068654138942e-26,0.217192412984186,0.866,0.839,8.09153776386247e-22,0.217192412984186,"sig","#E7B800"
"805","Pak6",5.29283756031994e-08,-0.124560295157774,0.161,0.196,0.00184545367215675,-0.124560295157774,0.0373386165039505,0.0424256853756104,0.176,0.161,1,0.0424256853756104,"non-sig","#00AFBB"
"806","Parp8",7.42071815470916e-09,-0.116035209691429,0.237,0.275,0.000258738179900244,-0.116035209691429,2.26391088212375e-07,0.0976874605210393,0.277,0.237,0.00789357807270088,0.0976874605210393,"sig","#E7B800"
"807","Pbx1",6.32562459217222e-12,0.130151652032163,0.901,0.906,2.20555552655269e-07,0.130151652032163,0.00255774098324175,-0.0765816026584845,0.905,0.901,1,-0.0765816026584845,"non-sig","#00AFBB"
"808","Pcdh10",4.57386112637403e-13,0.180369532206512,0.723,0.661,1.59476815893283e-08,0.180369532206512,0.506823979705205,0.00129032431747533,0.731,0.723,1,0.00129032431747533,"non-sig","#00AFBB"
"809","Pcdh11x",3.35603663520044e-20,-0.24193320270896,0.359,0.43,1.17014929359534e-15,-0.24193320270896,1.57642259203776e-11,0.198967551943001,0.413,0.359,5.49651265165805e-07,0.198967551943001,"sig","#E7B800"
"810","Pcdh17",4.38066305430804e-07,0.14942162280331,0.454,0.398,0.0152740578714559,0.14942162280331,0.0516284083999152,-0.0450157251872227,0.433,0.454,1,-0.0450157251872227,"non-sig","#00AFBB"
"811","Pcdh7",8.19068795242938e-19,-0.146836434364889,0.806,0.857,2.85584716837355e-14,-0.146836434364889,1.52482422506599e-11,0.161453091110094,0.827,0.806,5.31660462553758e-07,0.161453091110094,"sig","#E7B800"
"812","Pcolce2",4.90892104291869e-07,0.0453900373585626,0.146,0.11,0.0171159350003446,0.0453900373585626,0.74237668265411,-0.00206156079445968,0.143,0.146,1,-0.00206156079445968,"non-sig","#00AFBB"
"813","Pcp4l1",1.41793812700497e-09,0.063294319368029,0.034,0.016,4.94392486742821e-05,0.063294319368029,0.0247412405169138,-0.0157136843819133,0.026,0.034,1,-0.0157136843819133,"non-sig","#00AFBB"
"814","Pcsk1",6.99458911531934e-09,-0.137435333473517,0.197,0.235,0.000243880338683839,-0.137435333473517,0.0932958982970664,-0.0419669306587784,0.183,0.197,1,-0.0419669306587784,"non-sig","#00AFBB"
"815","Pcsk2os1",5.69075434615016e-10,0.0869781600271686,0.194,0.145,1.98419531787218e-05,0.0869781600271686,0.00337769227233304,-0.0471824670768883,0.17,0.194,1,-0.0471824670768883,"non-sig","#00AFBB"
"816","Pcsk4",6.75091851285113e-07,0.0230628892478438,0.032,0.017,0.023538427578758,0.0230628892478438,0.746872424057226,0.00419060191867818,0.031,0.032,1,0.00419060191867818,"non-sig","#00AFBB"
"817","Pde10a",3.20886496910632e-08,0.207730438479858,0.871,0.884,0.0011188349487783,0.207730438479858,0.189800801875263,0.012097967363736,0.886,0.871,1,0.012097967363736,"non-sig","#00AFBB"
"818","Pde1c",2.36532033536775e-13,0.201107873731146,0.065,0.035,8.24716241332672e-09,0.201107873731146,0.00915608391941903,-0.112756110185293,0.053,0.065,1,-0.112756110185293,"non-sig","#00AFBB"
"819","Pde5a",6.78736142344363e-08,0.0607687379838843,0.053,0.032,0.00236654930751209,0.0607687379838843,0.015962175967027,-0.0565957546574858,0.043,0.053,1,-0.0565957546574858,"non-sig","#00AFBB"
"820","Pde8b",5.38643821936125e-19,-0.205428002422706,0.629,0.664,1.87808941394469e-14,-0.205428002422706,2.34892247815538e-11,0.163838647677576,0.668,0.629,8.18998800458438e-07,0.163838647677576,"sig","#E7B800"
"821","Pdgfc",5.18755115847528e-15,0.142786777864978,0.308,0.235,1.80874346242558e-10,0.142786777864978,0.0286203849765032,-0.0246697581014322,0.284,0.308,1,-0.0246697581014322,"non-sig","#00AFBB"
"822","Pdk2",4.07972414597789e-07,0.0360303419032243,0.089,0.062,0.0142247741797811,0.0360303419032243,1.43996848939656e-05,-0.0369309376322023,0.066,0.089,0.502073813197899,-0.0369309376322023,"non-sig","#00AFBB"
"823","Pdlim7",8.9817141403241e-09,-0.133207129782738,0.451,0.477,0.000313165426930681,-0.133207129782738,0.0738358174274999,0.0607749529883174,0.463,0.451,1,0.0607749529883174,"non-sig","#00AFBB"
"824","Pdp1",1.56072833179484e-09,-0.112413455491674,0.236,0.278,5.44179147446907e-05,-0.112413455491674,0.0102547449385694,-0.0609144068023469,0.216,0.236,1,-0.0609144068023469,"non-sig","#00AFBB"
"825","Pdzd2",6.2319007904962e-07,0.138112569240139,0.475,0.416,0.0217287684862231,0.138112569240139,0.287673130078893,0.0028868514920104,0.48,0.475,1,0.0028868514920104,"non-sig","#00AFBB"
"826","Pdzrn3",1.25086194197357e-34,-0.378015812886454,0.531,0.596,4.36138033307923e-30,-0.378015812886454,0.00694033880482599,0.12292351064794,0.534,0.531,1,0.12292351064794,"non-sig","#00AFBB"
"827","Pebp4",1.57246987992159e-07,0.0365064437137497,0.103,0.072,0.00548273073032262,0.0365064437137497,0.000324678453434347,-0.0387998352286716,0.082,0.103,1,-0.0387998352286716,"non-sig","#00AFBB"
"828","Per3",4.91721397218119e-18,0.132297343410467,0.326,0.24,1.71448499568042e-13,0.132297343410467,3.13389508404063e-05,-0.0842904833172593,0.286,0.326,1,-0.0842904833172593,"non-sig","#00AFBB"
"829","Pfkp",6.62571709081434e-10,-0.119611843078687,0.564,0.594,2.31018877805424e-05,-0.119611843078687,0.232495804726514,-0.0389238837858656,0.552,0.564,1,-0.0389238837858656,"non-sig","#00AFBB"
"830","Pgr",1.40707652059861e-07,0.0794489515627503,0.272,0.221,0.00490605370437119,0.0794489515627503,0.459184580544345,0.00446498491769254,0.276,0.272,1,0.00446498491769254,"non-sig","#00AFBB"
"831","Phf21b",1.36144687557741e-09,-0.079324285600282,0.058,0.088,4.74695682107574e-05,-0.079324285600282,0.473151317045268,7.04622217461287e-05,0.061,0.058,1,7.04622217461287e-05,"non-sig","#00AFBB"
"832","Pigg",1.08644272220211e-08,0.0622077293160362,0.15,0.11,0.000378809983950211,0.0622077293160362,0.0929271255023225,-0.0291749760042174,0.137,0.15,1,-0.0291749760042174,"non-sig","#00AFBB"
"833","Pik3ip1",8.02052971997026e-12,0.0770325068360679,0.117,0.077,2.79651809746203e-07,0.0770325068360679,1.74152359158268e-08,-0.0810100176687636,0.082,0.117,0.000607217030677134,-0.0810100176687636,"sig","#E7B800"
"834","Pip4k2a",1.39620099721989e-07,-0.101204708477969,0.391,0.423,0.0048681340170066,-0.101204708477969,0.00742962920049829,0.0422510471726473,0.413,0.391,1,0.0422510471726473,"non-sig","#00AFBB"
"835","Pitpna",4.52107162189862e-08,-0.111771725251534,0.564,0.574,0.00157636204240739,-0.111771725251534,0.692476419673844,0.0054193931347295,0.559,0.564,1,0.0054193931347295,"non-sig","#00AFBB"
"836","Pkp2",6.10838364638591e-16,0.0794845367127297,0.12,0.072,2.12981012598537e-11,0.0794845367127297,0.000894062620499239,-0.0446382351398381,0.099,0.12,1,-0.0446382351398381,"non-sig","#00AFBB"
"837","Pla2g4e",5.47470516979255e-08,-0.104468931618355,0.179,0.217,0.00190886545155157,-0.104468931618355,7.18050260216161e-06,0.0614999888584556,0.216,0.179,0.250362584229569,0.0614999888584556,"non-sig","#00AFBB"
"838","Platr25",2.55174349806859e-13,0.0634771422987794,0.152,0.102,8.89716405471575e-09,0.0634771422987794,0.0259214091037174,-0.0171027832460195,0.135,0.152,1,-0.0171027832460195,"non-sig","#00AFBB"
"839","Plcb1",1.99653770147193e-40,-0.173414221455398,0.933,0.969,6.96132800372219e-36,-0.173414221455398,7.18502820563561e-40,0.198641878818544,0.952,0.933,2.50520378445897e-35,0.198641878818544,"sig","#E7B800"
"840","Plcl2",7.83725310461521e-15,-0.147528309296967,0.671,0.705,2.73261503998618e-10,-0.147528309296967,0.452820358636104,-0.0267370078115208,0.668,0.671,1,-0.0267370078115208,"non-sig","#00AFBB"
"841","Plcxd3",5.03792597193779e-07,0.177895085801579,0.227,0.188,0.0175657364863555,0.177895085801579,2.60373843020538e-07,-0.181056912992523,0.185,0.227,0.00907845478459711,-0.181056912992523,"sig","#E7B800"
"842","Plekhg5",2.71815556082093e-08,-0.1062735934173,0.435,0.466,0.000947739299391432,-0.1062735934173,0.0355635984050991,-0.0493766091676032,0.414,0.435,1,-0.0493766091676032,"non-sig","#00AFBB"
"843","Plk3",7.82605730824774e-11,-0.0734142146324365,0.029,0.055,2.72871140166674e-06,-0.0734142146324365,0.58914886868971,0.0103458180626102,0.031,0.029,1,0.0103458180626102,"non-sig","#00AFBB"
"844","Plpp3",2.53476712686084e-08,0.07062116528406,0.085,0.056,0.00088379725412257,0.07062116528406,0.0175387815309353,-0.0303773766383858,0.071,0.085,1,-0.0303773766383858,"non-sig","#00AFBB"
"845","Plxdc2",5.99084717831804e-07,0.146702281801049,0.404,0.359,0.0208882868566415,0.146702281801049,0.0570518099829165,-0.0619924449821199,0.394,0.404,1,-0.0619924449821199,"non-sig","#00AFBB"
"846","Poln",1.46409349480625e-07,0.055754219050836,0.105,0.075,0.00510485478834097,0.055754219050836,0.306012504727703,-0.0115508501461719,0.099,0.105,1,-0.0115508501461719,"non-sig","#00AFBB"
"847","Pou6f2",9.04599557652026e-26,-0.258827173592912,0.246,0.331,3.15406727766532e-21,-0.258827173592912,3.26872989080273e-14,0.179977700721564,0.312,0.246,1.13970805102619e-09,0.179977700721564,"sig","#E7B800"
"848","Ppcdc",3.96114610845718e-13,0.0860978487707295,0.201,0.143,1.38113281363576e-08,0.0860978487707295,1.55487742928775e-05,-0.0652471994368189,0.165,0.201,0.542139113269758,-0.0652471994368189,"non-sig","#00AFBB"
"849","Ppfibp1",9.20064581061297e-14,-0.136255181027573,0.166,0.217,3.20798917478642e-09,-0.136255181027573,2.19628442363646e-05,0.049805240517087,0.2,0.166,0.765778489989325,0.049805240517087,"non-sig","#00AFBB"
"850","Ppm1l",5.31540976577681e-12,-0.137783900395871,0.638,0.667,1.8533239230334e-07,-0.137783900395871,0.759409290710965,0.0313590674863224,0.632,0.638,1,0.0313590674863224,"non-sig","#00AFBB"
"851","Ppp1cb",1.30669537559181e-06,0.0815860926771451,0.415,0.354,0.0455605476607596,0.0815860926771451,0.425193996143708,-0.0093457309336864,0.404,0.415,1,-0.0093457309336864,"non-sig","#00AFBB"
"852","Ppp1r1a",1.02812348785964e-08,-0.164472836150526,0.309,0.34,0.000358475816512019,-0.164472836150526,0.282316646332371,-0.00168327611577179,0.294,0.309,1,-0.00168327611577179,"non-sig","#00AFBB"
"853","Ppp1r9a",2.87442101033017e-08,-0.0819404026572692,0.821,0.844,0.00100222437367182,-0.0819404026572692,5.24008615724139e-06,0.0935646836252553,0.85,0.821,0.182706084044536,0.0935646836252553,"non-sig","#00AFBB"
"854","Ppp4r3b",7.40465875826657e-08,0.0710305968256627,0.409,0.346,0.00258178236924481,0.0710305968256627,0.340331082545343,-0.0165292829595888,0.399,0.409,1,-0.0165292829595888,"non-sig","#00AFBB"
"855","Prickle1",1.07582044561443e-28,-0.179984988181801,0.886,0.937,3.75106314772383e-24,-0.179984988181801,0.0992816155227285,-0.0312895397192157,0.898,0.886,1,-0.0312895397192157,"non-sig","#00AFBB"
"856","Prickle2",7.17342378137007e-07,-0.0782626967054463,0.862,0.893,0.025011576698503,-0.0782626967054463,0.108756538515515,-0.0324298705459416,0.87,0.862,1,-0.0324298705459416,"non-sig","#00AFBB"
"857","Prkar1b",2.80378282025833e-17,-0.159948839540694,0.555,0.595,9.77594955939471e-13,-0.159948839540694,0.537571405295885,0.0133487110438015,0.553,0.555,1,0.0133487110438015,"non-sig","#00AFBB"
"858","Prkce",3.46811025187521e-09,-0.0923860776012684,0.867,0.885,0.000120922600152133,-0.0923860776012684,0.00022847431668245,0.0772156417086385,0.871,0.867,1,0.0772156417086385,"non-sig","#00AFBB"
"859","Prkch",3.6818426013745e-09,0.0303408718854685,0.017,0.005,0.000128374805982125,0.0303408718854685,0.896237109906181,-0.000588401124500655,0.016,0.017,1,-0.000588401124500655,"non-sig","#00AFBB"
"860","Prkd1",3.11388136496015e-11,0.156822557387833,0.378,0.315,1.08571701552065e-06,0.156822557387833,0.0564207867115676,-0.0429794227421774,0.358,0.378,1,-0.0429794227421774,"non-sig","#00AFBB"
"861","Prkn",9.32743023163017e-33,0.222357883263462,0.874,0.845,3.25219509886249e-28,0.222357883263462,0.0276063941500555,-0.0425356356307987,0.866,0.874,1,-0.0425356356307987,"non-sig","#00AFBB"
"862","Prmt8",6.56277961857854e-22,-0.202193031916252,0.367,0.436,2.28824436960978e-17,-0.202193031916252,4.22608163134965e-15,0.142522598328792,0.441,0.367,1.47350788240268e-10,0.142522598328792,"sig","#E7B800"
"863","Prox2",1.75569603839383e-09,0.0644902038316005,0.137,0.098,6.12158537706776e-05,0.0644902038316005,0.0525209713347369,-0.0310770340956969,0.124,0.137,1,-0.0310770340956969,"non-sig","#00AFBB"
"864","Prpsap2",4.10032829088978e-09,0.0452619543886844,0.126,0.088,0.000142966146518454,0.0452619543886844,0.673683638084964,0.019213638257377,0.128,0.126,1,0.019213638257377,"non-sig","#00AFBB"
"865","Prr16",8.39806944516193e-07,-0.0843656165801105,0.68,0.712,0.0292815487344461,-0.0843656165801105,0.707395091903262,0.067550961063612,0.666,0.68,1,0.067550961063612,"non-sig","#00AFBB"
"866","Prrg1",1.21079851820506e-07,0.0877962306761628,0.111,0.081,0.00422169119342558,0.0877962306761628,0.601036098389745,-0.0192392042199648,0.108,0.111,1,-0.0192392042199648,"non-sig","#00AFBB"
"867","Prtg",3.98066425767533e-09,0.067243127836162,0.14,0.101,0.000138793820672366,0.067243127836162,0.15333435212822,-0.0235899903344653,0.13,0.14,1,-0.0235899903344653,"non-sig","#00AFBB"
"868","Prxl2c",3.42885002433914e-12,0.0783717981508335,0.263,0.198,1.19553713798633e-07,0.0783717981508335,2.47069005259457e-08,-0.0783136986628838,0.214,0.263,0.000861455500638148,-0.0783136986628838,"sig","#E7B800"
"869","Pstk",1.05847949843388e-06,0.0650875005297735,0.325,0.27,0.036906004671894,0.0650875005297735,0.188215096087932,-0.0306102196149478,0.308,0.325,1,-0.0306102196149478,"non-sig","#00AFBB"
"870","Ptgds",1.08621474058832e-47,0.438714368532636,0.502,0.356,3.78730493600928e-43,0.438714368532636,0.00206640840544165,-0.0907344020834349,0.472,0.502,1,-0.0907344020834349,"non-sig","#00AFBB"
"871","Pth2r",1.33982469151492e-06,-0.0603031332591647,0.04,0.06,0.0467156675190507,-0.0603031332591647,9.49769626758118e-09,0.0600245759500224,0.066,0.04,0.000331156175761753,0.0600245759500224,"sig","#E7B800"
"872","Ptpn13",4.86166998499003e-07,0.0515232731743262,0.112,0.081,0.0169511847366647,0.0515232731743262,0.00125762338670848,-0.0452305166452295,0.092,0.112,1,-0.0452305166452295,"non-sig","#00AFBB"
"873","Ptpn9",6.84590798095498e-07,-0.13673155162642,0.398,0.422,0.0238696273571957,-0.13673155162642,0.0263224227747971,-0.0235328357288492,0.371,0.398,1,-0.0235328357288492,"non-sig","#00AFBB"
"874","Ptprd",7.6796515463721e-24,-0.088295409779084,0.984,0.995,2.67766410467356e-19,-0.088295409779084,3.78292021459819e-41,0.153868217371188,0.987,0.984,1.31899079122395e-36,0.153868217371188,"sig","#E7B800"
"875","Ptprj",6.77378065912018e-15,-0.117210995948738,0.715,0.747,2.36181410241543e-10,-0.117210995948738,0.146655764959204,-0.068403102271225,0.709,0.715,1,-0.068403102271225,"non-sig","#00AFBB"
"876","Ptprk",8.3592783005067e-10,0.231825790183607,0.653,0.633,2.91462956503767e-05,0.231825790183607,1.82616383244825e-06,-0.1385266844211,0.621,0.653,0.0636728543459732,-0.1385266844211,"non-sig","#00AFBB"
"877","Ptprn2",4.97734062109612e-21,0.160988845069561,0.897,0.912,1.73544935435759e-16,0.160988845069561,0.030712390885083,0.038272309183081,0.917,0.897,1,0.038272309183081,"non-sig","#00AFBB"
"878","Ptpro",7.79983328204661e-09,0.070600989117333,0.111,0.078,0.000271956787045119,0.070600989117333,0.000175544320356678,-0.066888888808863,0.089,0.111,1,-0.066888888808863,"non-sig","#00AFBB"
"879","Pts",6.27685990025952e-07,0.0336413083906677,0.114,0.083,0.0218855274142349,0.0336413083906677,0.000776328741945028,-0.0281225403242579,0.092,0.114,1,-0.0281225403242579,"non-sig","#00AFBB"
"880","Purg",1.00717571349373e-06,0.0784400176505913,0.47,0.405,0.0351171956023859,0.0784400176505913,0.301128525859472,-0.0255128984562897,0.461,0.47,1,-0.0255128984562897,"non-sig","#00AFBB"
"881","Qrfpr",2.89782268751741e-12,0.0619836142104332,0.052,0.026,1.0103838364567e-07,0.0619836142104332,7.94877186030663e-08,-0.0492760378866084,0.03,0.052,0.00277149828453311,-0.0492760378866084,"sig","#E7B800"
"882","R3hdm1",2.53185348850491e-70,-0.281952869202385,0.946,0.967,8.82781355837009e-66,-0.281952869202385,1.02238230019517e-44,0.235886828251673,0.96,0.946,3.56474036609051e-40,0.235886828251673,"sig","#E7B800"
"883","R3hdm2",1.27806439828878e-17,-0.149273933845526,0.801,0.819,4.45622713751351e-13,-0.149273933845526,0.850312052003049,-0.00430725953983924,0.802,0.801,1,-0.00430725953983924,"non-sig","#00AFBB"
"884","Rab27a",6.11525426432401e-12,0.0584513154497106,0.041,0.019,2.13220570434185e-07,0.0584513154497106,1.78236649389003e-06,-0.0435031650211621,0.024,0.041,0.0621457725424636,-0.0435031650211621,"non-sig","#00AFBB"
"885","Rab6b",4.69818644236192e-12,-0.108601251543091,0.651,0.676,1.63811666685833e-07,-0.108601251543091,1.49350523391101e-05,-0.0950815853152376,0.621,0.651,0.520740469907751,-0.0950815853152376,"non-sig","#00AFBB"
"886","Rad51ap2",6.51753913119192e-61,-0.385692798296016,0.31,0.436,2.27247036887269e-56,-0.385692798296016,2.78045220813956e-37,0.288091545402558,0.419,0.31,9.69460271412022e-33,0.288091545402558,"sig","#E7B800"
"887","Rai1",2.24885981849635e-08,-0.119830371017377,0.395,0.423,0.000784109952915123,-0.119830371017377,0.529790648097839,-0.0175928936872852,0.385,0.395,1,-0.0175928936872852,"non-sig","#00AFBB"
"888","Ralyl",6.38087616630676e-15,-0.0868873533288941,0.911,0.941,2.22482009290618e-10,-0.0868873533288941,1.51457893915592e-10,0.108050460346912,0.919,0.911,5.28088238715496e-06,0.108050460346912,"sig","#E7B800"
"889","Rapgef5",6.73025438200118e-08,-0.124425128043721,0.673,0.692,0.00234663779537235,-0.124425128043721,9.68559943123928e-14,0.200648772711602,0.698,0.673,3.3770779536902e-09,0.200648772711602,"sig","#E7B800"
"890","Raph1",8.24949052867599e-09,-0.101161792683741,0.612,0.636,0.000287634986263346,-0.101161792683741,0.351653524844169,0.012160668286902,0.62,0.612,1,0.012160668286902,"non-sig","#00AFBB"
"891","Rarb",2.37533478163874e-07,0.2286847331741,0.149,0.114,0.0082820797831398,0.2286847331741,0.0316990694715009,0.0850961509949729,0.133,0.149,1,0.0850961509949729,"non-sig","#00AFBB"
"892","Rasgef1b",1.46699286080837e-08,-0.112180178030725,0.731,0.752,0.000511496400778055,-0.112180178030725,3.51408784093547e-07,0.0975754328871847,0.76,0.731,0.0122525700749897,0.0975754328871847,"sig","#E7B800"
"893","Rasgrp1",9.11126643182624e-07,-0.0785003327947416,0.461,0.489,0.0317682526678486,-0.0785003327947416,0.00892003092992638,0.00958217444965115,0.488,0.461,1,0.00958217444965115,"non-sig","#00AFBB"
"894","Rassf8",6.490953346104e-36,0.212785492113057,0.307,0.197,2.26320070318608e-31,0.212785492113057,4.66673456545883e-06,-0.0979877173790724,0.264,0.307,0.162715034093853,-0.0979877173790724,"non-sig","#00AFBB"
"895","Rbl2",2.16445772863771e-07,0.0600921583575605,0.256,0.208,0.00754681476244109,0.0600921583575605,0.845101532535874,0.000914018871012834,0.251,0.256,1,0.000914018871012834,"non-sig","#00AFBB"
"896","Rbm39",1.08044471072959e-32,0.197446565551915,0.918,0.9,3.76718657290085e-28,0.197446565551915,0.00609300064261405,-0.051793635802698,0.918,0.918,1,-0.051793635802698,"non-sig","#00AFBB"
"897","Rbms3",1.76511668405183e-14,0.230194780641815,0.341,0.268,6.15443234228352e-10,0.230194780641815,0.00212979763578834,-0.0509153753902734,0.31,0.341,1,-0.0509153753902734,"non-sig","#00AFBB"
"898","Rcbtb1",5.18408780554981e-10,0.0765016677679243,0.195,0.144,1.80753589516105e-05,0.0765016677679243,0.0307463286619544,-0.0344108294572005,0.176,0.195,1,-0.0344108294572005,"non-sig","#00AFBB"
"899","Rerg",4.88970986723759e-11,0.0554630432581429,0.02,0.006,1.70489513940973e-06,0.0554630432581429,0.164343032870839,-0.00277686404185112,0.016,0.02,1,-0.00277686404185112,"non-sig","#00AFBB"
"900","Rfx3",6.74931081310485e-07,0.212040925531692,0.668,0.629,0.0235328220120527,0.212040925531692,0.073810725743335,0.0132157768364976,0.683,0.668,1,0.0132157768364976,"non-sig","#00AFBB"
"901","Rgs6",8.28169409830049e-12,-0.133215738490547,0.805,0.853,2.88757828125443e-07,-0.133215738490547,3.34680045397097e-06,0.0805830960634815,0.839,0.805,0.116692891428606,0.0805830960634815,"non-sig","#00AFBB"
"902","Rgs7",3.0261313319533e-16,-0.124397080193734,0.883,0.909,1.05512121151216e-11,-0.124397080193734,5.87395746099401e-17,0.130785297610127,0.902,0.883,2.04807274792478e-12,0.130785297610127,"sig","#E7B800"
"903","Rgs7bp",2.21869469767743e-09,-0.0683823919824857,0.811,0.829,7.73592280239188e-05,-0.0683823919824857,0.00198506680630715,-0.0971911622509603,0.811,0.811,1,-0.0971911622509603,"non-sig","#00AFBB"
"904","Rhobtb1",6.59107137283234e-10,-0.10280272201363,0.088,0.123,2.29810885556545e-05,-0.10280272201363,0.13210949196219,0.0231235067845601,0.096,0.088,1,0.0231235067845601,"non-sig","#00AFBB"
"905","Rims1",1.10713781351849e-08,-0.0821632894326543,0.941,0.969,0.000386025741439491,-0.0821632894326543,1.50787577229303e-22,0.150315363937659,0.953,0.941,5.25751045525412e-18,0.150315363937659,"sig","#E7B800"
"906","Rims4",2.95126655448017e-10,-0.120685075831859,0.195,0.237,1.0290181095506e-05,-0.120685075831859,0.0767564158276705,-0.0378578872256417,0.179,0.195,1,-0.0378578872256417,"non-sig","#00AFBB"
"907","Rn18s-rs5",2.52859884203332e-126,-0.167622975997243,1,1,8.81646558251759e-122,-0.167622975997243,1.53038106713e-107,-0.314174608731617,1,1,5.33597966676218e-103,-0.314174608731617,"sig","#E7B800"
"908","Rnasel",1.01464828518843e-06,0.0274953464944885,0.08,0.055,0.0353777417596649,0.0274953464944885,0.163190121646059,-0.0178213312712774,0.072,0.08,1,-0.0178213312712774,"non-sig","#00AFBB"
"909","Rnf207",1.76479766807928e-15,0.0907083516241802,0.15,0.097,6.15332002929203e-11,0.0907083516241802,3.52081419815488e-21,-0.119851978430409,0.087,0.15,1.22760228647066e-16,-0.119851978430409,"sig","#E7B800"
"910","Rnf24",2.58320670060904e-07,-0.130329481469339,0.321,0.35,0.00900686680301354,-0.130329481469339,0.000390132577264118,-0.0444096417038448,0.286,0.321,1,-0.0444096417038448,"non-sig","#00AFBB"
"911","Rngtt",1.79955218251487e-08,0.0991675604261051,0.522,0.45,0.000627449859477458,0.0991675604261051,0.0937741588685147,-0.0466515707973583,0.508,0.522,1,-0.0466515707973583,"non-sig","#00AFBB"
"912","Rock2",4.30853485196152e-18,-0.162287010206293,0.749,0.776,1.50225684683342e-13,-0.162287010206293,0.618073071182455,-0.00162013683067119,0.747,0.749,1,-0.00162013683067119,"non-sig","#00AFBB"
"913","Rogdi",2.30227486175076e-09,0.0625776504064117,0.289,0.227,8.02734176046638e-05,0.0625776504064117,1.1672574701979e-05,-0.0565150849888543,0.248,0.289,0.406987662133903,-0.0565150849888543,"non-sig","#00AFBB"
"914","Rph3a",1.47386355687485e-20,-0.193013098895217,0.426,0.491,5.13892006375555e-16,-0.193013098895217,0.000257010638624256,0.0872913473424352,0.458,0.426,1,0.0872913473424352,"non-sig","#00AFBB"
"915","Rplp1",6.60963174672702e-08,0.150615904851867,0.385,0.322,0.00230458030113131,0.150615904851867,0.0534784463654952,-0.0568544184010982,0.36,0.385,1,-0.0568544184010982,"non-sig","#00AFBB"
"916","Rprml",1.58911283476194e-08,-0.116095529347525,0.385,0.419,0.000554075972096446,-0.116095529347525,0.00466852347084525,0.0456068993383703,0.409,0.385,1,0.0456068993383703,"non-sig","#00AFBB"
"917","Rps10",1.56388535345739e-09,0.103857533895034,0.113,0.078,5.45279906189987e-05,0.103857533895034,0.303069782004153,-0.0311178663132897,0.106,0.113,1,-0.0311178663132897,"non-sig","#00AFBB"
"918","Rps15a",2.36658263695947e-08,0.104352028411972,0.212,0.165,0.000825156368028657,0.104352028411972,0.0115810823552193,-0.0563617989405327,0.191,0.212,1,-0.0563617989405327,"non-sig","#00AFBB"
"919","Rps6ka3",2.10234607158391e-10,-0.122545215919442,0.648,0.675,7.33025004779161e-06,-0.122545215919442,1.62236834679154e-08,0.11128251915037,0.684,0.648,0.000565671171475806,0.11128251915037,"sig","#E7B800"
"920","Rps6ka5",8.71583327302253e-13,0.123859881004058,0.278,0.213,3.03894958730477e-08,0.123859881004058,0.000735130259911807,-0.0457732024973767,0.246,0.278,1,-0.0457732024973767,"non-sig","#00AFBB"
"921","Rragb",1.23939580925737e-07,0.073508544391246,0.3,0.246,0.00432140136813769,0.073508544391246,0.377799780443408,-0.0156560035692448,0.289,0.3,1,-0.0156560035692448,"non-sig","#00AFBB"
"922","Rrm2b",2.90444172937685e-07,0.0577925577769536,0.15,0.114,0.0101269169778183,0.0577925577769536,0.00759287169302959,-0.0361099042768516,0.131,0.15,1,-0.0361099042768516,"non-sig","#00AFBB"
"923","Rufy1",1.38020758621454e-08,0.0736304720367966,0.324,0.263,0.000481236979085424,0.0736304720367966,0.140443131839904,-0.0180784466260496,0.31,0.324,1,-0.0180784466260496,"non-sig","#00AFBB"
"924","Ryr2",3.78436635055636e-12,0.11236978188045,0.925,0.951,1.31949501544848e-07,0.11236978188045,0.340789360972783,0.00431542931794038,0.939,0.925,1,0.00431542931794038,"non-sig","#00AFBB"
"925","Samd4",2.35860208142754e-13,-0.167015763543397,0.228,0.279,8.22373787731341e-09,-0.167015763543397,0.00236417870772643,0.0510457344684175,0.253,0.228,1,0.0510457344684175,"non-sig","#00AFBB"
"926","Satb2",1.90259092594822e-07,-0.0834137023794019,0.688,0.728,0.00663376378150366,-0.0834137023794019,0.491642905849916,0.0120465386558257,0.71,0.688,1,0.0120465386558257,"non-sig","#00AFBB"
"927","Sbk1",3.98135749021676e-08,-0.0712630280023833,0.058,0.085,0.00138817991611388,-0.0712630280023833,0.000120677015980888,-0.0406441272381109,0.041,0.058,1,-0.0406441272381109,"non-sig","#00AFBB"
"928","Scn1a",5.78590883845984e-20,-0.183908704667109,0.701,0.734,2.01737283470579e-15,-0.183908704667109,9.82485460744008e-15,0.172196624376551,0.734,0.701,3.42563205597613e-10,0.172196624376551,"sig","#E7B800"
"929","Scn3a",1.5705301535798e-08,0.11481885086455,0.548,0.48,0.00054759674864867,0.11481885086455,0.067599193873553,0.0315996755644006,0.564,0.548,1,0.0315996755644006,"non-sig","#00AFBB"
"930","Scpep1os",4.82934429621856e-07,0.0414922505834522,0.083,0.057,0.0168384747576253,0.0414922505834522,0.00180788157157619,-0.0462631551424836,0.066,0.083,1,-0.0462631551424836,"non-sig","#00AFBB"
"931","Scrn3",3.32609571519581e-07,0.0448041441610856,0.089,0.062,0.0115970979301732,0.0448041441610856,0.154289101365463,0.00119469802113012,0.08,0.089,1,0.00119469802113012,"non-sig","#00AFBB"
"932","Scube1",1.76576853001254e-15,-0.20399944348143,0.312,0.372,6.15670513359473e-11,-0.20399944348143,0.191785605016677,0.0375045366827944,0.322,0.312,1,0.0375045366827944,"non-sig","#00AFBB"
"933","Sec14l5",6.41161283191947e-11,0.0428876335599956,0.029,0.011,2.23553704610536e-06,0.0428876335599956,0.000169757533152762,-0.014554053173793,0.017,0.029,1,-0.014554053173793,"non-sig","#00AFBB"
"934","Sel1l3",6.38540651077134e-10,-0.151300788622387,0.483,0.516,2.22639968811064e-05,-0.151300788622387,0.143666655201465,0.0351753826303935,0.494,0.483,1,0.0351753826303935,"non-sig","#00AFBB"
"935","Sema6d",1.2401540351954e-28,-0.218272329570016,0.587,0.664,4.32404507451581e-24,-0.218272329570016,2.27280552487819e-10,0.147153732215863,0.637,0.587,7.92459102359277e-06,0.147153732215863,"sig","#E7B800"
"936","Septin11",2.06576889973761e-08,-0.0974871579993106,0.643,0.662,0.000720271642271512,-0.0974871579993106,0.0404802697825779,0.0323936931395064,0.654,0.643,1,0.0323936931395064,"non-sig","#00AFBB"
"937","Septin6",2.45930990591936e-07,-0.108464035950169,0.287,0.319,0.00857487584896902,-0.108464035950169,1.0783993571267e-05,0.0953444201681447,0.322,0.287,0.376005503849367,0.0953444201681447,"non-sig","#00AFBB"
"938","Serinc1",1.03020125608996e-06,0.15200477378362,0.565,0.503,0.0359200271960886,0.15200477378362,1.31164814012589e-08,-0.132852754156992,0.514,0.565,0.000457332357017694,-0.132852754156992,"sig","#E7B800"
"939","Serinc2",2.64950264542738e-08,-0.111182121789285,0.078,0.108,0.000923802087381165,-0.111182121789285,0.1147459503189,-0.00962902465893664,0.069,0.078,1,-0.00962902465893664,"non-sig","#00AFBB"
"940","Sfi1",1.62585079726769e-11,0.0716333348477619,0.273,0.208,5.66885397483327e-07,0.0716333348477619,0.549754365040788,0.009288609866969,0.264,0.273,1,0.009288609866969,"non-sig","#00AFBB"
"941","Sfxn4",2.23574010702516e-08,0.0571409547875288,0.122,0.087,0.000779535503116461,0.0571409547875288,0.000719249570309541,-0.0397029939433172,0.1,0.122,1,-0.0397029939433172,"non-sig","#00AFBB"
"942","Sgcz",3.95216805864953e-85,-0.362150614196197,0.891,0.951,1.37800243700933e-80,-0.362150614196197,5.54991271021485e-21,0.171249310401439,0.916,0.891,1.93508806467061e-16,0.171249310401439,"sig","#E7B800"
"943","Sgsm1",6.63750887038673e-09,-0.142352383069269,0.285,0.321,0.000231430021783774,-0.142352383069269,1.13701145511159e-06,-0.0899377685250939,0.242,0.285,0.0396441784053757,-0.0899377685250939,"sig","#E7B800"
"944","Sh2d5",4.08216660674034e-10,0.0897593303349429,0.23,0.176,1.42332903077215e-05,0.0897593303349429,7.74820078528509e-10,-0.0988572197820794,0.178,0.23,2.70156516780535e-05,-0.0988572197820794,"sig","#E7B800"
"945","Sh3bgrl",7.15951606100643e-07,0.0543045284242326,0.139,0.106,0.0249630846499111,0.0543045284242326,0.788747645709583,-0.000498858246755385,0.14,0.139,1,-0.000498858246755385,"non-sig","#00AFBB"
"946","Shc3",1.95842051240233e-19,-0.175121530704726,0.402,0.461,6.82842480059319e-15,-0.175121530704726,0.115632135960958,-0.00724979379986146,0.416,0.402,1,-0.00724979379986146,"non-sig","#00AFBB"
"947","Shisa4",7.66499869626345e-13,-0.132036556080642,0.49,0.532,2.67255509542618e-08,-0.132036556080642,0.754293510807137,-0.0240048869005611,0.485,0.49,1,-0.0240048869005611,"non-sig","#00AFBB"
"948","Shld2",7.54562584233769e-07,0.0526209218331047,0.155,0.119,0.0263093336244788,0.0526209218331047,0.000554866074310066,-0.0541520616519595,0.131,0.155,1,-0.0541520616519595,"non-sig","#00AFBB"
"949","Shroom2",1.53512061043312e-07,0.0736612427311678,0.126,0.093,0.00535250503239715,0.0736612427311678,0.372598802084041,-0.0116497552410556,0.133,0.126,1,-0.0116497552410556,"non-sig","#00AFBB"
"950","Sik2",2.48762571152656e-11,-0.162278875933054,0.41,0.445,8.67360456837966e-07,-0.162278875933054,1.05683883724335e-09,-0.126091785949977,0.348,0.41,3.68487997381639e-05,-0.126091785949977,"sig","#E7B800"
"951","Skap1",9.24421032507333e-15,-0.0843533818637731,0.061,0.103,3.22317881404332e-10,-0.0843533818637731,7.43946440046612e-06,0.0266916734237352,0.085,0.061,0.259391805251052,0.0266916734237352,"non-sig","#00AFBB"
"952","Skil",9.70366296709735e-10,-0.10270068828083,0.189,0.23,3.38337616673783e-05,-0.10270068828083,0.132775912518908,-0.0287910074402788,0.177,0.189,1,-0.0287910074402788,"non-sig","#00AFBB"
"953","Slc15a2",5.23349937660339e-07,0.0348014665846043,0.029,0.014,0.018247642276403,0.0348014665846043,4.3591843802646e-05,-0.0360789649905092,0.016,0.029,1,-0.0360789649905092,"non-sig","#00AFBB"
"954","Slc16a11",1.44583940607624e-10,0.0815761104951437,0.274,0.211,5.04120825716601e-06,0.0815761104951437,0.0296494428382727,-0.0251233135520267,0.251,0.274,1,-0.0251233135520267,"non-sig","#00AFBB"
"955","Slc16a4",1.03837750642625e-08,0.0781607620395031,0.238,0.187,0.00036205108516564,0.0781607620395031,0.0794277162587118,0.0423159635859999,0.249,0.238,1,0.0423159635859999,"non-sig","#00AFBB"
"956","Slc16a7",1.70178569080586e-17,-0.160565056956434,0.564,0.608,5.93361616813278e-13,-0.160565056956434,0.00855629886750029,0.0407171157730006,0.577,0.564,1,0.0407171157730006,"non-sig","#00AFBB"
"957","Slc17a7",1.52992795211322e-07,-0.0759706284304285,0.798,0.808,0.00533439979063318,-0.0759706284304285,7.72451256290423e-17,-0.183282649278454,0.757,0.798,2.69330579530782e-12,-0.183282649278454,"sig","#E7B800"
"958","Slc18a2",2.59894886043185e-11,0.0584969041186972,0.1,0.063,9.06175499166772e-07,0.0584969041186972,0.802461028525351,0.00203925904245375,0.098,0.1,1,0.00203925904245375,"non-sig","#00AFBB"
"959","Slc1a2",2.79193203161539e-27,-0.171943919954773,0.763,0.832,9.73462941463338e-23,-0.171943919954773,8.55578376031038e-07,0.0942862914479798,0.801,0.763,0.0298314512370742,0.0942862914479798,"sig","#E7B800"
"960","Slc1a3",1.46845889670221e-11,0.110646512740522,0.07,0.04,5.12007563513159e-07,0.110646512740522,0.0118800527343101,-0.0538561065010265,0.057,0.07,1,-0.0538561065010265,"non-sig","#00AFBB"
"961","Slc1a6",9.04751662579324e-09,0.0519373088221946,0.111,0.077,0.000315459762191533,0.0519373088221946,9.04267833387109e-05,-0.0364478890631591,0.087,0.111,1,-0.0364478890631591,"non-sig","#00AFBB"
"962","Slc25a27",2.73674788151682e-08,0.0963765938530878,0.541,0.468,0.000954221883848468,0.0963765938530878,5.17424019473774e-12,-0.150207216959872,0.473,0.541,1.80410232869921e-07,-0.150207216959872,"sig","#E7B800"
"963","Slc2a13",4.62412612097377e-15,-0.175857079311751,0.633,0.664,1.61229405459993e-10,-0.175857079311751,7.66086978903989e-17,0.226180901991263,0.68,0.633,2.67111546934454e-12,0.226180901991263,"sig","#E7B800"
"964","Slc38a7",4.79940420086157e-07,0.0608394124141205,0.117,0.086,0.016734082627144,0.0608394124141205,0.0411994387484915,-0.0412727678229074,0.104,0.117,1,-0.0412727678229074,"non-sig","#00AFBB"
"965","Slc38a9",2.30460717288933e-11,0.108997902827611,0.515,0.434,8.03547382971322e-07,0.108997902827611,2.40716940753749e-06,-0.0870070873234201,0.469,0.515,0.0839307757326097,-0.0870070873234201,"non-sig","#00AFBB"
"966","Slc4a7",8.34769459329852e-10,0.0760428267527078,0.259,0.202,2.91059067384539e-05,0.0760428267527078,0.00319811511089142,-0.0397306117937291,0.233,0.259,1,-0.0397306117937291,"non-sig","#00AFBB"
"967","Slc6a1",3.2971487699047e-08,0.109637777623552,0.088,0.06,0.00114961686160267,0.109637777623552,0.757878377499686,0.00922051183378281,0.09,0.088,1,0.00922051183378281,"non-sig","#00AFBB"
"968","Slc6a15",7.89772597871202e-11,0.0834097949961948,0.264,0.204,2.75370011699752e-06,0.0834097949961948,0.0286672550911195,-0.0287669205024491,0.242,0.264,1,-0.0287669205024491,"non-sig","#00AFBB"
"969","Slc9a3r2",1.74622008778197e-09,0.0418601156317087,0.074,0.046,6.0885455800694e-05,0.0418601156317087,0.0152380538650532,-0.0198073352849675,0.061,0.074,1,-0.0198073352849675,"non-sig","#00AFBB"
"970","Slc9a9",4.87402846403635e-30,-0.301203330379808,0.644,0.694,1.69942750455555e-25,-0.301203330379808,3.65043686828905e-10,0.225940527458909,0.662,0.644,1.27279782286634e-05,0.225940527458909,"sig","#E7B800"
"971","Slco3a1",1.9218136450217e-15,0.146039321121167,0.418,0.331,6.70078763609717e-11,0.146039321121167,0.00264627980326663,-0.0668407748736731,0.385,0.418,1,-0.0668407748736731,"non-sig","#00AFBB"
"972","Slco5a1",1.26722795499541e-06,0.0390392664402217,0.045,0.028,0.0441844371068248,0.0390392664402217,0.0653794918241423,-0.0171889400101278,0.038,0.045,1,-0.0171889400101278,"non-sig","#00AFBB"
"973","Slco6c1",6.32479729443099e-07,0.0165826250004675,0.02,0.009,0.0220526707264925,0.0165826250004675,0.104514727867482,-0.00823017524722662,0.016,0.02,1,-0.00823017524722662,"non-sig","#00AFBB"
"974","Slit2",2.0650565174573e-98,-0.568030842900646,0.401,0.562,7.20023255941836e-94,-0.568030842900646,8.40706881737605e-20,0.235288835277988,0.477,0.401,2.93129268455451e-15,0.235288835277988,"sig","#E7B800"
"975","Slitrk5",5.71010052554284e-08,0.0596303508808379,0.279,0.223,0.00199094075024102,0.0596303508808379,0.00308783526770811,-0.0180542958546973,0.249,0.279,1,-0.0180542958546973,"non-sig","#00AFBB"
"976","Smad7",3.66882765376384e-14,-0.150704055521284,0.158,0.21,1.27921013803784e-09,-0.150704055521284,6.79416800329686e-05,-0.0557519993952627,0.129,0.158,1,-0.0557519993952627,"non-sig","#00AFBB"
"977","Smc2",1.63907826431819e-09,0.071915692654742,0.142,0.102,5.71497418419823e-05,0.071915692654742,3.83971416531446e-09,-0.0878159835359292,0.102,0.142,0.000133879313802019,-0.0878159835359292,"sig","#E7B800"
"978","Smim4",1.22833290981807e-07,0.0687199313083375,0.238,0.189,0.00428282835666266,0.0687199313083375,0.0481270508917186,-0.0244815421801093,0.219,0.238,1,-0.0244815421801093,"non-sig","#00AFBB"
"979","Smoc2",1.10280972654589e-17,0.141154312638242,0.245,0.174,3.84516667354755e-13,0.141154312638242,1.4645649309999e-05,-0.0732240760643228,0.207,0.245,0.510649854491735,-0.0732240760643228,"non-sig","#00AFBB"
"980","Smpdl3b",1.36118615835474e-13,0.0370236881854486,0.024,0.007,4.74604777833546e-09,0.0370236881854486,0.00151303851841299,-0.0157701879675705,0.015,0.024,1,-0.0157701879675705,"non-sig","#00AFBB"
"981","Smurf1",6.60268106261513e-12,-0.163465423839995,0.357,0.4,2.30215680610202e-07,-0.163465423839995,0.0232566750772279,-0.0349038211520309,0.334,0.357,1,-0.0349038211520309,"non-sig","#00AFBB"
"982","Sncb",1.07957211068326e-07,0.103261446608637,0.375,0.314,0.00376414407831934,0.103261446608637,1.975988108466e-11,-0.135807899577611,0.31,0.375,6.88967773778842e-07,-0.135807899577611,"sig","#E7B800"
"983","Snhg12",4.98919352013801e-09,0.0649598650430172,0.143,0.104,0.000173958210466652,0.0649598650430172,2.47821076640552e-05,-0.0712896406422151,0.114,0.143,0.864077747922613,-0.0712896406422151,"non-sig","#00AFBB"
"984","Snhg8",2.14046926239157e-07,0.0616041910047191,0.123,0.091,0.0074631741771807,0.0616041910047191,0.81852542941106,0.000202572112532773,0.121,0.123,1,0.000202572112532773,"non-sig","#00AFBB"
"985","Snhg9",2.77735016348488e-09,0.0757432888006756,0.169,0.124,9.68378681502273e-05,0.0757432888006756,0.00048643864308784,0.0942264686337009,0.194,0.169,1,0.0942264686337009,"non-sig","#00AFBB"
"986","Sntb2",1.96573665652102e-07,-0.128834875891174,0.426,0.451,0.00685393400029183,-0.128834875891174,5.19825934495512e-18,-0.221744169881845,0.348,0.426,1.8124770858055e-13,-0.221744169881845,"sig","#E7B800"
"987","Snw1",2.23114150576358e-18,0.167121449327577,0.359,0.27,7.77932108814588e-14,0.167121449327577,1.218071733958e-13,-0.1659999745315,0.29,0.359,4.24705071479136e-09,-0.1659999745315,"sig","#E7B800"
"988","Snx12",6.80881648244619e-11,0.0660206564245887,0.225,0.168,2.37403004293451e-06,0.0660206564245887,0.000166250200447386,-0.048713399959255,0.192,0.225,1,-0.048713399959255,"non-sig","#00AFBB"
"989","Snx32",3.25259910379456e-11,0.0931440766068675,0.445,0.365,1.13408372952005e-06,0.0931440766068675,5.0922046098285e-05,-0.0737448285207912,0.405,0.445,1,-0.0737448285207912,"non-sig","#00AFBB"
"990","Sod2",3.85435696293147e-10,0.101847493945385,0.442,0.366,1.34389864226531e-05,0.101847493945385,6.21256270628261e-05,-0.0823100887454448,0.398,0.442,1,-0.0823100887454448,"non-sig","#00AFBB"
"991","Sorbs2",2.28489957110168e-17,-0.16381265166784,0.912,0.93,7.96675933456023e-13,-0.16381265166784,6.92365045675338e-28,0.239379699192065,0.925,0.912,2.4140692047562e-23,0.239379699192065,"sig","#E7B800"
"992","Sorbs2os",5.14359679878423e-11,-0.147770243557655,0.789,0.809,1.7934178958321e-06,-0.147770243557655,2.09298595364517e-12,0.181369282124745,0.814,0.789,7.2976141245746e-08,0.181369282124745,"sig","#E7B800"
"993","Sorcs3",1.11507749725755e-09,0.176621202087339,0.584,0.535,3.88794070968789e-05,0.176621202087339,0.742662447929181,0.00852960911669132,0.574,0.584,1,0.00852960911669132,"non-sig","#00AFBB"
"994","Sorl1",3.86757374721197e-11,-0.118361738590105,0.54,0.576,1.3485069384404e-06,-0.118361738590105,0.165807670575606,-0.0578827171689915,0.532,0.54,1,-0.0578827171689915,"non-sig","#00AFBB"
"995","Spacdr",7.13954150525241e-09,0.0602204442511811,0.133,0.094,0.000248934393663636,0.0602204442511811,1.47485269859812e-12,-0.0990180887034822,0.087,0.133,5.14236890420205e-08,-0.0990180887034822,"sig","#E7B800"
"996","Spata13",1.36321256192329e-06,0.0262440038568484,0.034,0.019,0.0475311323965794,0.0262440038568484,0.0649474644801855,0.00172940555622543,0.027,0.034,1,0.00172940555622543,"non-sig","#00AFBB"
"997","Specc1",6.32357580662667e-14,0.151529670060224,0.592,0.506,2.20484117649652e-09,0.151529670060224,1.67345616626646e-06,-0.0871899093770792,0.544,0.592,0.0583483961492127,-0.0871899093770792,"non-sig","#00AFBB"
"998","Spidr",3.0405162209494e-09,0.0285821798578318,0.028,0.012,0.000106013679075843,0.0285821798578318,0.096586788567604,-0.00696108191793823,0.023,0.028,1,-0.00696108191793823,"non-sig","#00AFBB"
"999","Spock1",1.02432181118368e-06,-0.0685887812808601,0.856,0.89,0.0357150285905413,-0.0685887812808601,0.000311525693382166,0.0452706538566803,0.881,0.856,1,0.0452706538566803,"non-sig","#00AFBB"
"1000","Spred1",1.08224788439755e-21,-0.206103329829176,0.538,0.583,3.77347369852893e-17,-0.206103329829176,0.000300430429843539,-0.0664891803797019,0.5,0.538,1,-0.0664891803797019,"non-sig","#00AFBB"
"1001","Spred2",6.44220678693308e-30,-0.228543078745825,0.57,0.635,2.24620424039996e-25,-0.228543078745825,3.48676535648039e-19,-0.187116130609404,0.49,0.57,1.21573047684402e-14,-0.187116130609404,"sig","#E7B800"
"1002","Sptan1",1.11189306785916e-07,-0.0566771529395154,0.709,0.728,0.00387683755970452,-0.0566771529395154,0.766773708004864,-0.0247123616114362,0.711,0.709,1,-0.0247123616114362,"non-sig","#00AFBB"
"1003","Sptbn1",4.61305007427309e-10,-0.0922675961168324,0.818,0.839,1.6084321693968e-05,-0.0922675961168324,0.140204739508307,0.0141592794065719,0.831,0.818,1,0.0141592794065719,"non-sig","#00AFBB"
"1004","Sptbn2",3.6493730985455e-09,-0.131456919745414,0.476,0.498,0.000127242691826986,-0.131456919745414,9.95077072563837e-05,-0.0761692990582523,0.435,0.476,1,-0.0761692990582523,"non-sig","#00AFBB"
"1005","Srcin1",1.02444009635767e-10,-0.133987146907014,0.614,0.632,3.57191528397028e-06,-0.133987146907014,0.0157085853473641,-0.0447327387430345,0.592,0.614,1,-0.0447327387430345,"non-sig","#00AFBB"
"1006","Srebf2",3.30709183027334e-08,-0.135179805900229,0.326,0.36,0.00115308370846141,-0.135179805900229,0.0895253732716386,-0.016751518703403,0.307,0.326,1,-0.016751518703403,"non-sig","#00AFBB"
"1007","Srek1ip1",5.52390581139055e-08,0.0650078374516193,0.19,0.147,0.00192602023925754,0.0650078374516193,0.00372164119726907,-0.0386734921753302,0.167,0.19,1,-0.0386734921753302,"non-sig","#00AFBB"
"1008","Srgap3",2.57225678270601e-07,0.128267500705341,0.724,0.697,0.00896868772426106,0.128267500705341,5.74668062420122e-10,-0.151172952111246,0.691,0.724,2.00369513324024e-05,-0.151172952111246,"sig","#E7B800"
"1009","Srrm4os",7.05031620438092e-15,0.0998527615916115,0.226,0.163,2.4582337509815e-10,0.0998527615916115,0.654283364955121,-0.00692979310339725,0.222,0.226,1,-0.00692979310339725,"non-sig","#00AFBB"
"1010","Srsf10",2.54220500815374e-09,0.0976809626108476,0.497,0.419,8.86390620192964e-05,0.0976809626108476,0.00044256760927562,-0.0717551556159635,0.461,0.497,1,-0.0717551556159635,"non-sig","#00AFBB"
"1011","St6gal1",9.08402131471149e-08,0.0437518702380074,0.163,0.123,0.00316732571180046,0.0437518702380074,1.53260277398224e-14,-0.0943200564913725,0.109,0.163,5.34372609204389e-10,-0.0943200564913725,"sig","#E7B800"
"1012","St6galnac3",5.06422325222761e-17,-0.177005992731916,0.508,0.563,1.7657427213542e-12,-0.177005992731916,0.00012600085962381,0.0858215002697806,0.544,0.508,1,0.0858215002697806,"non-sig","#00AFBB"
"1013","St8sia4",4.69261767608605e-07,0.044846548926386,0.057,0.036,0.0163617500512092,0.044846548926386,0.1946120835658,-0.00208038152423964,0.051,0.057,1,-0.00208038152423964,"non-sig","#00AFBB"
"1014","Steap2",2.29923969046602e-09,0.0480014003399576,0.063,0.038,8.01675902874786e-05,0.0480014003399576,4.3885756367125e-05,-0.0371383999706729,0.044,0.063,1,-0.0371383999706729,"non-sig","#00AFBB"
"1015","Stk3",2.13384425710974e-11,0.120360962989676,0.389,0.317,7.44007477126453e-07,0.120360962989676,0.0633469401999383,-0.0401648654678161,0.37,0.389,1,-0.0401648654678161,"non-sig","#00AFBB"
"1016","Stk40",2.67066448443014e-13,-0.137350251856847,0.184,0.235,9.31180585786255e-09,-0.137350251856847,6.18483335408393e-05,-0.0595880196852875,0.153,0.184,1,-0.0595880196852875,"non-sig","#00AFBB"
"1017","Stx1a",3.46023239003188e-10,-0.134709573182878,0.468,0.498,1.20647922743242e-05,-0.134709573182878,0.494787155589145,-0.0157651601607673,0.459,0.468,1,-0.0157651601607673,"non-sig","#00AFBB"
"1018","Stxbp1",5.21226112791028e-08,-0.0822835979982972,0.695,0.712,0.00181735908746848,-0.0822835979982972,0.644799292638963,-0.017877535401845,0.693,0.695,1,-0.017877535401845,"non-sig","#00AFBB"
"1019","Sun1",8.23692038878184e-12,-0.155800561833054,0.521,0.547,2.87196703195656e-07,-0.155800561833054,3.19297430506091e-06,0.100480769052828,0.549,0.521,0.111329435094559,0.100480769052828,"non-sig","#00AFBB"
"1020","Sv2b",7.32091885824377e-07,-0.0733254781496946,0.819,0.843,0.0255258477830385,-0.0733254781496946,0.101090525515269,0.0255645543535485,0.839,0.819,1,0.0255645543535485,"non-sig","#00AFBB"
"1021","Swt1",1.22085285783387e-07,0.0692872772170285,0.297,0.242,0.00425674765940934,0.0692872772170285,7.52513238991968e-05,-0.0619245752692686,0.26,0.297,1,-0.0619245752692686,"non-sig","#00AFBB"
"1022","Syndig1",2.21494930283548e-09,-0.115999130237729,0.428,0.464,7.72286373419647e-05,-0.115999130237729,2.09808438322549e-05,0.0799702239344129,0.462,0.428,0.731539081899231,0.0799702239344129,"non-sig","#00AFBB"
"1023","Synpo",1.02491822914275e-06,-0.118080814964354,0.449,0.469,0.0357358238955202,-0.118080814964354,5.02622242566374e-10,-0.127341914604951,0.393,0.449,1.75249297315618e-05,-0.127341914604951,"sig","#E7B800"
"1024","Synpr",1.47132597802177e-14,0.240596089376656,0.31,0.244,5.1300722875685e-10,0.240596089376656,2.02439706081691e-05,-0.108567145246365,0.272,0.31,0.70584652319503,-0.108567145246365,"non-sig","#00AFBB"
"1025","Syt17",3.09241513300758e-13,0.140896657500772,0.338,0.269,1.07823238442575e-08,0.140896657500772,2.50661478702685e-07,-0.122897731539816,0.293,0.338,0.00873981377792652,-0.122897731539816,"sig","#E7B800"
"1026","Syt7",1.42375693484931e-18,-0.152512420399433,0.765,0.795,4.96421330473908e-14,-0.152512420399433,5.09177432169634e-07,0.0982306244142181,0.781,0.765,0.0177534895274586,0.0982306244142181,"sig","#E7B800"
"1027","Tacc1",7.16179348420888e-29,-0.205603097845346,0.668,0.723,2.49710253413911e-24,-0.205603097845346,0.00806109478540313,-0.0803431017879457,0.66,0.668,1,-0.0803431017879457,"non-sig","#00AFBB"
"1028","Taf7l",3.25005912223728e-07,0.0464006451353852,0.126,0.093,0.0113319811415047,0.0464006451353852,0.893859698205965,0.00463563974816689,0.126,0.126,1,0.00463563974816689,"non-sig","#00AFBB"
"1029","Tafa1",4.27333398798246e-10,-0.193516811395198,0.582,0.619,1.48998336158984e-05,-0.193516811395198,0.76940647388025,0.0803787665842637,0.571,0.582,1,0.0803787665842637,"non-sig","#00AFBB"
"1030","Tamalin",2.43161506900946e-13,-0.147756326885951,0.176,0.227,8.47831226111528e-09,-0.147756326885951,0.00016715962388254,-0.0608640654277123,0.149,0.176,1,-0.0608640654277123,"non-sig","#00AFBB"
"1031","Tapbp",4.74584289067498e-07,0.0372571941700848,0.041,0.024,0.0165473304069165,0.0372571941700848,8.89228168399458e-05,-0.0355057957765863,0.027,0.041,1,-0.0355057957765863,"non-sig","#00AFBB"
"1032","Tatdn3",5.69304466181281e-08,0.0573274314938338,0.157,0.118,0.00198499388223427,0.0573274314938338,0.0192898730022957,-0.0289222367067686,0.138,0.157,1,-0.0289222367067686,"non-sig","#00AFBB"
"1033","Tcf25",2.4011287921253e-08,-0.0689285789406289,0.667,0.679,0.000837201575950328,-0.0689285789406289,0.986932082374401,-0.00984282005120951,0.668,0.667,1,-0.00984282005120951,"non-sig","#00AFBB"
"1034","Tef",1.4208502742854e-24,0.181049909087552,0.513,0.402,4.95407865135092e-20,0.181049909087552,1.19871718747876e-09,-0.121290279994451,0.454,0.513,4.17956721758219e-05,-0.121290279994451,"sig","#E7B800"
"1035","Tenm2",7.21412844751832e-07,-0.0872520185922765,0.907,0.941,0.0251535016579621,-0.0872520185922765,0.000721663049299476,0.0947107302509815,0.921,0.907,1,0.0947107302509815,"non-sig","#00AFBB"
"1036","Tenm3",7.4858741724935e-07,0.295287916229432,0.474,0.424,0.0261009974772331,0.295287916229432,0.00451665112939265,-0.250380048397076,0.449,0.474,1,-0.250380048397076,"non-sig","#00AFBB"
"1037","Tenm4",3.64570120335477e-31,0.243176193320747,0.88,0.867,1.27114663857371e-26,0.243176193320747,1.61484076567473e-07,-0.112297611864872,0.869,0.88,0.00563046529767808,-0.112297611864872,"sig","#E7B800"
"1038","Tfap2d",9.72906200652583e-08,0.0472260638428712,0.032,0.017,0.00339223204981536,0.0472260638428712,2.41578174835446e-05,-0.0368049147918303,0.019,0.032,0.84231062219875,-0.0368049147918303,"non-sig","#00AFBB"
"1039","Tgfa",1.56530978306265e-09,0.0411080150289801,0.025,0.01,5.45776562060454e-05,0.0411080150289801,0.103059331697042,-0.00593239906735867,0.02,0.025,1,-0.00593239906735867,"non-sig","#00AFBB"
"1040","Tgfbr3",7.36897136984739e-14,0.0933629535934286,0.151,0.101,2.56933924752469e-09,0.0933629535934286,0.00101800542884951,-0.0431753039994521,0.128,0.151,1,-0.0431753039994521,"non-sig","#00AFBB"
"1041","Thap3",9.47633840757062e-25,0.174076494481607,0.371,0.268,3.30411491256765e-20,0.174076494481607,5.44240079412085e-06,-0.0836130197125329,0.324,0.371,0.189760188488612,-0.0836130197125329,"non-sig","#00AFBB"
"1042","Timm21",1.48040230197551e-08,0.0305107803789347,0.086,0.057,0.0005161718706298,0.0305107803789347,0.0183384656637273,-0.00428285813324619,0.073,0.086,1,-0.00428285813324619,"non-sig","#00AFBB"
"1043","Timp3",5.82226379634401e-12,0.135798193490091,0.26,0.2,2.03004871787127e-07,0.135798193490091,0.000694529060609781,-0.0770811168278651,0.23,0.26,1,-0.0770811168278651,"non-sig","#00AFBB"
"1044","Tmem116",6.31252976094854e-07,0.0508357300155879,0.155,0.119,0.0220098975174993,0.0508357300155879,0.0159499461102123,-0.017802143157144,0.138,0.155,1,-0.017802143157144,"non-sig","#00AFBB"
"1045","Tmem117",4.34389264086276e-10,0.137297599866048,0.368,0.306,1.51458504708962e-05,0.137297599866048,0.00027831409574939,-0.0776592170333613,0.332,0.368,1,-0.0776592170333613,"non-sig","#00AFBB"
"1046","Tmem126b",1.97945775883948e-07,0.0541126722083426,0.128,0.094,0.0069017753677456,0.0541126722083426,0.0617921757405623,-0.0236520655122622,0.114,0.128,1,-0.0236520655122622,"non-sig","#00AFBB"
"1047","Tmem132d",3.99932907346692e-32,-0.163296738856507,0.742,0.805,1.39444606804571e-27,-0.163296738856507,5.31569087703472e-05,0.0401265861321907,0.753,0.742,1,0.0401265861321907,"non-sig","#00AFBB"
"1048","Tmem178b",2.19934206485639e-12,-0.117276585572337,0.833,0.853,7.66844597753478e-08,-0.117276585572337,1.4358866596142e-07,0.12644565095941,0.836,0.833,0.00500650601607684,0.12644565095941,"sig","#E7B800"
"1049","Tmem196",2.41946653944785e-08,0.0880036498661452,0.361,0.3,0.000843595398309281,0.0880036498661452,0.00266706947122438,0.079595816318117,0.385,0.361,1,0.079595816318117,"non-sig","#00AFBB"
"1050","Tmem199",1.08277143452525e-06,0.0503115953039705,0.157,0.121,0.0377529916075918,0.0503115953039705,0.00172264211857145,-0.0336062937122192,0.133,0.157,1,-0.0336062937122192,"non-sig","#00AFBB"
"1051","Tmem255a",1.27951118066646e-06,0.0248148059464885,0.033,0.018,0.0446127163362974,0.0248148059464885,0.000277408768236708,-0.0322986452664651,0.021,0.033,1,-0.0322986452664651,"non-sig","#00AFBB"
"1052","Tmem59l",1.41510467371221e-08,0.124932205726025,0.312,0.253,0.000493404546583237,0.124932205726025,7.85362943996488e-14,-0.159109989066907,0.243,0.312,2.73832497683255e-09,-0.159109989066907,"sig","#E7B800"
"1053","Tmtc1",2.78749689759513e-12,-0.147917756742026,0.524,0.562,9.71916543284495e-08,-0.147917756742026,1.01358729910369e-12,0.159493293200199,0.581,0.524,3.53407483578482e-08,0.159493293200199,"sig","#E7B800"
"1054","Tnr",1.59794092459842e-33,0.267238675694759,0.851,0.814,5.5715406217973e-29,0.267238675694759,1.96301775262914e-06,-0.0966960942933976,0.844,0.851,0.0684445399809204,-0.0966960942933976,"non-sig","#00AFBB"
"1055","Tox",3.19910504736076e-07,-0.110330941316145,0.582,0.631,0.0111543195686328,-0.110330941316145,2.28893390393741e-06,0.133971316555769,0.628,0.582,0.0798082584285856,0.133971316555769,"non-sig","#00AFBB"
"1056","Tpd52l2",2.19291708761406e-08,0.0566883676448865,0.204,0.156,0.000764604400938396,0.0566883676448865,4.64716272349022e-05,-0.0504202343768663,0.171,0.204,1,-0.0504202343768663,"non-sig","#00AFBB"
"1057","Tpst1",2.24632790081835e-07,0.0581318947881669,0.163,0.126,0.00783227149178335,0.0581318947881669,0.0051747407676986,-0.0434320583065726,0.144,0.163,1,-0.0434320583065726,"non-sig","#00AFBB"
"1058","Traip",1.38218216165925e-09,0.0620261715673043,0.154,0.111,4.81925454305729e-05,0.0620261715673043,0.00454172713498932,-0.032681302898134,0.132,0.154,1,-0.032681302898134,"non-sig","#00AFBB"
"1059","Trank1",1.70623525390909e-09,-0.100682582163916,0.742,0.759,5.94913045980483e-05,-0.100682582163916,0.189925057212526,0.00369024813651442,0.76,0.742,1,0.00369024813651442,"non-sig","#00AFBB"
"1060","Trhde",1.20626360455044e-28,-0.232762709651359,0.406,0.508,4.20587930998603e-24,-0.232762709651359,3.62883944873104e-29,0.28947031518976,0.51,0.406,1.26526745058905e-24,0.28947031518976,"sig","#E7B800"
"1061","Trim35",2.33069133966569e-10,-0.144004064460763,0.519,0.546,8.12642149401236e-06,-0.144004064460763,0.00108565133521757,-0.0628247543486566,0.487,0.519,1,-0.0628247543486566,"non-sig","#00AFBB"
"1062","Trim9",2.78233206964867e-21,-0.154427143414249,0.778,0.807,9.70115722724402e-17,-0.154427143414249,0.00470190042256743,0.0241065968881038,0.8,0.778,1,0.0241065968881038,"non-sig","#00AFBB"
"1063","Trip4",1.59109989485354e-10,0.0787009818043897,0.235,0.179,5.54768800338585e-06,0.0787009818043897,0.000342358928682149,-0.0667108759578219,0.206,0.235,1,-0.0667108759578219,"non-sig","#00AFBB"
"1064","Trmt10a",2.05468891495323e-08,0.0513970658056,0.154,0.113,0.000716408383976744,0.0513970658056,0.00423230721165323,-0.0445552273290099,0.133,0.154,1,-0.0445552273290099,"non-sig","#00AFBB"
"1065","Trmt61b",1.14105419646728e-06,0.0324785772401404,0.196,0.154,0.0397851366682247,0.0324785772401404,2.66859989589155e-05,-0.0612199255413071,0.162,0.196,0.930460725700506,-0.0612199255413071,"non-sig","#00AFBB"
"1066","Trpm7",9.90061867039201e-07,0.0944249884720407,0.671,0.612,0.0345204871180558,0.0944249884720407,0.0383456108658133,-0.031610928873655,0.649,0.671,1,-0.031610928873655,"non-sig","#00AFBB"
"1067","Trps1",1.00506859000132e-09,-0.12053604090321,0.405,0.449,3.50437265275762e-05,-0.12053604090321,0.0062986770199018,0.0280892876540206,0.429,0.405,1,0.0280892876540206,"non-sig","#00AFBB"
"1068","Tspan5",1.48278421951441e-12,-0.113699452009883,0.84,0.878,5.17002373818091e-08,-0.113699452009883,0.913305274192851,0.000390981355941289,0.854,0.84,1,0.000390981355941289,"non-sig","#00AFBB"
"1069","Tspyl4",4.75761751378406e-07,0.129511389951309,0.479,0.415,0.0165883849853109,0.129511389951309,0.0726994466908117,-0.0545695268957727,0.462,0.479,1,-0.0545695268957727,"non-sig","#00AFBB"
"1070","Ttc28",1.75413375898926e-09,0.102217994084222,0.221,0.17,6.11613817746784e-05,0.102217994084222,2.94504586663443e-08,-0.107074297281389,0.174,0.221,0.00102684914231943,-0.107074297281389,"sig","#E7B800"
"1071","Ube2a",3.63053641495008e-08,0.088867422386775,0.246,0.196,0.00126585913180065,0.088867422386775,0.00123035397805042,-0.0572547190206614,0.219,0.246,1,-0.0572547190206614,"non-sig","#00AFBB"
"1072","Ube2ql1",9.92525963058167e-07,-0.0928631206716286,0.193,0.225,0.0346064027539491,-0.0928631206716286,0.432436722273941,-0.00541645598473484,0.187,0.193,1,-0.00541645598473484,"non-sig","#00AFBB"
"1073","Ube3a",7.66835487976253e-22,0.153628204535806,0.916,0.927,2.6737252959268e-17,0.153628204535806,2.25457507628295e-08,-0.09938061089737,0.924,0.916,0.000786102691847576,-0.09938061089737,"sig","#E7B800"
"1074","Ubtd2",8.77421890913649e-07,-0.101588449867842,0.258,0.29,0.0305930690704862,-0.101588449867842,0.376803459657049,-0.0299564052447494,0.25,0.258,1,-0.0299564052447494,"non-sig","#00AFBB"
"1075","Unc13a",3.54906270484045e-24,-0.191445256348239,0.489,0.551,1.23745169329672e-19,-0.191445256348239,0.0165231135050781,0.0441754664178251,0.505,0.489,1,0.0441754664178251,"non-sig","#00AFBB"
"1076","Unc13c",5.55961010750935e-07,0.149662139136309,0.096,0.07,0.0193846925618529,0.149662139136309,0.627872344660689,0.0143452091846158,0.093,0.096,1,0.0143452091846158,"non-sig","#00AFBB"
"1077","Upf3b",1.52708617862619e-07,0.0767033546381378,0.274,0.223,0.00532449137901593,0.0767033546381378,9.95913350559351e-09,-0.0948385964747625,0.224,0.274,0.000347245107939529,-0.0948385964747625,"sig","#E7B800"
"1078","Upp2",6.6735658323883e-23,0.200290256871439,0.754,0.684,2.32687219877883e-18,0.200290256871439,6.08535913200203e-15,-0.182652881721145,0.714,0.754,2.12178216855515e-10,-0.182652881721145,"sig","#E7B800"
"1079","Urm1",9.87243992893163e-07,0.0391727893560446,0.139,0.105,0.0344222363002059,0.0391727893560446,0.00755888610898678,-0.0243449536021125,0.119,0.139,1,-0.0243449536021125,"non-sig","#00AFBB"
"1080","Usp40",5.08342745048091e-08,0.0793703429309421,0.353,0.293,0.00177243864915918,0.0793703429309421,0.102315641105747,-0.0412189620246213,0.336,0.353,1,-0.0412189620246213,"non-sig","#00AFBB"
"1081","Usp50",1.06296248234492e-06,0.0808990221591742,0.39,0.334,0.0370623128719203,0.0808990221591742,1.07230835751992e-07,-0.101693461180281,0.343,0.39,0.0037388175501647,-0.101693461180281,"sig","#E7B800"
"1082","Ust",1.10126494364385e-08,0.127048958238625,0.122,0.088,0.000383978047900302,0.127048958238625,0.00451048274979662,-0.0977741577669975,0.105,0.122,1,-0.0977741577669975,"non-sig","#00AFBB"
"1083","Vcan",1.25818823255883e-08,0.0560065806693303,0.047,0.026,0.000438692491046286,0.0560065806693303,0.0200226649520994,-0.0294199839013108,0.038,0.047,1,-0.0294199839013108,"non-sig","#00AFBB"
"1084","Vegfd",7.98311479063185e-09,0.0397518501733976,0.054,0.031,0.000278347263404961,0.0397518501733976,0.000436330123798605,-0.0261779662015371,0.039,0.054,1,-0.0261779662015371,"non-sig","#00AFBB"
"1085","Vmn1r209",5.98121992301564e-07,0.0422024177553332,0.004,0,0.0208547195055786,0.0422024177553332,0.000104495830108871,-0.019352215204693,0,0.004,1,-0.019352215204693,"non-sig","#00AFBB"
"1086","Vmp1",7.67383306769911e-09,-0.137292855156572,0.586,0.609,0.000267563537571465,-0.137292855156572,0.0120675674348302,0.061761815840994,0.604,0.586,1,0.061761815840994,"non-sig","#00AFBB"
"1087","Vps13a",2.20890525901046e-17,0.171693978952762,0.769,0.715,7.70178996659176e-13,0.171693978952762,4.1162745436414e-08,-0.111185236961618,0.747,0.769,0.00143522144513145,-0.111185236961618,"sig","#E7B800"
"1088","Vstm2a",3.88877720680647e-15,0.162203602462268,0.434,0.35,1.35589994869721e-10,0.162203602462268,0.0138876467218151,-0.0457969800521592,0.41,0.434,1,-0.0457969800521592,"non-sig","#00AFBB"
"1089","Vstm2b",1.11163102107697e-10,0.105798515742689,0.2,0.148,3.87592388118909e-06,0.105798515742689,8.02088146933163e-09,-0.108536973997545,0.156,0.2,0.000279664074191186,-0.108536973997545,"sig","#E7B800"
"1090","Vxn",1.0016789674813e-07,-0.114702040881175,0.335,0.368,0.00349255405591704,-0.114702040881175,0.965423766635279,0.0110240827147213,0.334,0.335,1,0.0110240827147213,"non-sig","#00AFBB"
"1091","Wdr66",6.29304805743433e-11,0.0571327130536102,0.167,0.119,2.19419706618563e-06,0.0571327130536102,0.000734568489955634,-0.0424891482821719,0.141,0.167,1,-0.0424891482821719,"non-sig","#00AFBB"
"1092","Wdsub1",5.31598428423388e-07,0.0293797196663255,0.093,0.065,0.0185352424038383,0.0293797196663255,0.0171290099687683,-0.0114517465600575,0.078,0.093,1,-0.0114517465600575,"non-sig","#00AFBB"
"1093","Wwc1",1.3643795840541e-11,-0.158399810092525,0.387,0.427,4.75718229572142e-07,-0.158399810092525,0.134333227948346,-0.0400901540937966,0.37,0.387,1,-0.0400901540937966,"non-sig","#00AFBB"
"1094","Wwc2",3.40295808591539e-08,0.0594581154280588,0.25,0.199,0.00118650939581612,0.0594581154280588,0.00684810398214696,-0.0266547066095841,0.224,0.25,1,-0.0266547066095841,"non-sig","#00AFBB"
"1095","Wwox",2.73187670454922e-12,0.171231355308328,0.643,0.574,9.52523450575176e-08,0.171231355308328,8.4451483367921e-24,-0.227137568157329,0.563,0.643,2.9445698705893e-19,-0.227137568157329,"sig","#E7B800"
"1096","Xkr4",1.10635283664888e-09,-0.0968788348779301,0.918,0.948,3.85752043554366e-05,-0.0968788348779301,1.72611122288213e-06,0.0855369049212604,0.935,0.918,0.0601843200082311,0.0855369049212604,"non-sig","#00AFBB"
"1097","Xrcc4",5.44186377127057e-09,0.0847214370028869,0.354,0.29,0.000189741464112891,0.0847214370028869,0.0157766547698078,-0.0288669464727365,0.328,0.354,1,-0.0288669464727365,"non-sig","#00AFBB"
"1098","Xylt1",1.8944838671425e-10,-0.0938485521924035,0.619,0.66,6.60549689956576e-06,-0.0938485521924035,3.06309831315037e-05,0.0429421575467883,0.654,0.619,1,0.0429421575467883,"non-sig","#00AFBB"
"1099","Ywhag",2.78259895311659e-16,-0.140479126248095,0.599,0.634,9.70208776983161e-12,-0.140479126248095,4.05246435349398e-08,-0.120130463829771,0.548,0.599,0.00141297274613275,-0.120130463829771,"sig","#E7B800"
"1100","Zbtb16",1.49771504258103e-18,-0.232813057256972,0.333,0.393,5.22208303896727e-14,-0.232813057256972,0.0108021048568748,0.0596083008325606,0.354,0.333,1,0.0596083008325606,"non-sig","#00AFBB"
"1101","Zbtb20",4.84765664897932e-25,0.521325510453274,0.273,0.189,1.69023244379962e-20,0.521325510453274,3.03251904274848e-15,-0.382351611572797,0.206,0.273,1.05734841463511e-10,-0.382351611572797,"sig","#E7B800"
"1102","Zfhx4",6.60889453843143e-11,0.178538016385291,0.361,0.302,2.30432325871489e-06,0.178538016385291,0.00156624549486625,-0.0724735926834186,0.33,0.361,1,-0.0724735926834186,"non-sig","#00AFBB"
"1103","Zfp133-ps",2.42709649401728e-09,0.0630003395999413,0.208,0.158,8.46255734569006e-05,0.0630003395999413,0.348956892273992,-0.0170949735570451,0.199,0.208,1,-0.0170949735570451,"non-sig","#00AFBB"
"1104","Zfp160",1.08234707232195e-06,0.0607363164650409,0.321,0.266,0.0377381953706494,0.0607363164650409,0.79022524460712,0.0029691981651162,0.315,0.321,1,0.0029691981651162,"non-sig","#00AFBB"
"1105","Zfp24",3.20982116813898e-09,0.0818571559713563,0.164,0.121,0.000111916834669502,0.0818571559713563,0.000377616688516925,-0.0505866981801849,0.137,0.164,1,-0.0505866981801849,"non-sig","#00AFBB"
"1106","Zfp260",3.20393245543329e-10,0.0807982677150329,0.281,0.219,1.11711512923593e-05,0.0807982677150329,9.29817872793646e-07,-0.0724895534688258,0.236,0.281,0.032419959770696,-0.0724895534688258,"sig","#E7B800"
"1107","Zfp266",1.27818695614926e-07,0.0722859667498971,0.414,0.349,0.00445665446000563,0.0722859667498971,0.000671874215089827,-0.0589958201094338,0.379,0.414,1,-0.0589958201094338,"non-sig","#00AFBB"
"1108","Zfp322a",2.08200577486845e-07,0.0842922028409474,0.318,0.264,0.00725932953523384,0.0842922028409474,0.0055618269557922,-0.0621313240536497,0.291,0.318,1,-0.0621313240536497,"non-sig","#00AFBB"
"1109","Zfp329",1.64261807143692e-12,0.1338713405972,0.501,0.42,5.72731642967913e-08,0.1338713405972,0.194286239864006,0.00157355101025636,0.513,0.501,1,0.00157355101025636,"non-sig","#00AFBB"
"1110","Zfp365",2.37960322031375e-10,-0.0978865963759842,0.256,0.302,8.29696254826794e-06,-0.0978865963759842,0.476742266877243,-0.0391843842276518,0.251,0.256,1,-0.0391843842276518,"non-sig","#00AFBB"
"1111","Zfp385b",6.21979590295042e-07,-0.0283552906281055,0.696,0.731,0.0216865623748172,-0.0283552906281055,5.0876863422364e-07,0.0843612078980081,0.73,0.696,0.0177392359694757,0.0843612078980081,"sig","#E7B800"
"1112","Zfp407",6.17510065862501e-12,-0.145762751810153,0.498,0.529,2.15307234664278e-07,-0.145762751810153,1.94029859893773e-08,0.119370567241379,0.541,0.498,0.00067652391249162,0.119370567241379,"sig","#E7B800"
"1113","Zfp462",3.58660824849669e-07,0.124538499839556,0.402,0.35,0.0125054269800334,0.124538499839556,0.000188259890482875,-0.115181402946403,0.372,0.402,1,-0.115181402946403,"non-sig","#00AFBB"
"1114","Zfp560",6.99503884147233e-09,0.0755699218114496,0.216,0.167,0.000243896019285616,0.0755699218114496,2.31323011987418e-05,-0.0690188550620959,0.181,0.216,0.806553945896532,-0.0690188550620959,"non-sig","#00AFBB"
"1115","Zfp608",2.29449163909277e-10,0.103363347332062,0.276,0.218,8.00020399802475e-06,0.103363347332062,1.78490384229493e-07,-0.0843210797366054,0.228,0.276,0.00622342422692974,-0.0843210797366054,"sig","#E7B800"
"1116","Zfp64",1.29227580138321e-06,0.046694559894894,0.161,0.125,0.0450577803668282,0.046694559894894,0.0196077674388353,-0.0423850131645182,0.143,0.161,1,-0.0423850131645182,"non-sig","#00AFBB"
"1117","Zfp738",2.66665745013537e-08,0.071983053987914,0.268,0.212,0.0009297834531387,0.071983053987914,0.69038815793204,-0.0115488588462843,0.26,0.268,1,-0.0115488588462843,"non-sig","#00AFBB"
"1118","Zfp799",3.96984536490307e-11,0.092691773682604,0.41,0.333,1.38416598338075e-06,0.092691773682604,0.359542060501122,-0.0225481641139771,0.398,0.41,1,-0.0225481641139771,"non-sig","#00AFBB"
"1119","Zfp804b",3.73473445827462e-35,-0.433287863162847,0.39,0.497,1.30218986356661e-30,-0.433287863162847,3.38075621686443e-09,0.3242705269545,0.439,0.39,0.000117876827013412,0.3242705269545,"sig","#E7B800"
"1120","Zfp846",8.33712335286057e-11,0.0744964842742259,0.252,0.192,2.9069047994419e-06,0.0744964842742259,0.172726482782077,-0.0250307829266727,0.238,0.252,1,-0.0250307829266727,"non-sig","#00AFBB"
"1121","Zfp93",6.00924337285463e-08,0.0216880038198311,0.044,0.025,0.00209524288681322,0.0216880038198311,0.0108158910255428,-0.0168530891097092,0.034,0.044,1,-0.0168530891097092,"non-sig","#00AFBB"
"1122","Zfp932",4.60434394647056e-10,0.0856092792904526,0.236,0.181,1.60539660381589e-05,0.0856092792904526,0.00801861416640022,-0.0500209193810119,0.211,0.236,1,-0.0500209193810119,"non-sig","#00AFBB"
"1123","Zfp961",6.69365507759617e-09,0.0749456381252137,0.213,0.164,0.000233387671590546,0.0749456381252137,3.55332249514655e-06,-0.0817191932500881,0.175,0.213,0.123893695438275,-0.0817191932500881,"non-sig","#00AFBB"
"1124","Zfp976",8.34217614108036e-09,0.0678349629629034,0.104,0.071,0.000290866655511049,0.0678349629629034,0.00160648296709882,-0.0470554674749587,0.085,0.104,1,-0.0470554674749587,"non-sig","#00AFBB"
"1125","Zfp977",5.66129855246224e-07,0.0233240514838891,0.026,0.013,0.0197392496628701,0.0233240514838891,0.067853822806855,-0.0111646998296815,0.02,0.026,1,-0.0111646998296815,"non-sig","#00AFBB"
"1126","Zkscan16",2.5990822371726e-09,0.071546990076766,0.303,0.241,9.06222003634971e-05,0.071546990076766,0.00264454088275674,-0.033644452752579,0.274,0.303,1,-0.033644452752579,"non-sig","#00AFBB"
"1127","Zmat4",2.00099331792828e-07,-0.0895141956051679,0.52,0.571,0.00697686340162054,-0.0895141956051679,4.33571878767575e-08,0.114476362253275,0.575,0.52,0.0015117350696989,0.114476362253275,"sig","#E7B800"
