"","p_val","avg_log2FC","pct.1","pct.2","p_val_adj"
"Ncor1",0.000411880189714526,1.20776393381392,0.535,0.243,1
"Csnk1g2",0.000505313483024871,1.42057428611937,0.233,0.029,1
"Zfp277",0.000571591820149682,1.49915396994012,0.233,0.029,1
"Mcf2l",0.000697443004576454,-1.79540636544349,0.093,0.371,1
"Dhx30",0.00110507646802555,1.36454779043787,0.186,0.014,1
"Sptan1",0.00164844985861315,1.24891093974346,0.535,0.271,1
"Dctn3",0.00178879317425416,1.21764562279447,0.349,0.114,1
"Wdr33",0.00192605884077374,-1.40353648245976,0.047,0.286,1
"Tcaf1",0.00200121209955901,1.36216780110698,0.279,0.071,1
"Caprin1",0.00210074586668056,1.21591995334977,0.209,0.029,1
"Ankrd46",0.00259263728174394,1.14725252060245,0.163,0.014,1
"Plec",0.00259263728174394,1.39846849434675,0.163,0.014,1
"Ubxn6",0.00270853770509286,1.20564382024359,0.163,0.014,1
"Gpbp1",0.00295465642122955,1.20831561048658,0.163,0.014,1
"Ube3c",0.00315530258697439,-1.43658961616518,0.023,0.229,1
"Rae1",0.00377844354797198,0.910457710099756,0.116,0,1
"Sec61b",0.00377844354797198,0.841603862082681,0.116,0,1
"Calu",0.00377844354797198,0.94270677635546,0.116,0,1
"Tfdp1",0.00377844354797198,1.13762610921967,0.116,0,1
"Fbxo22",0.00377844354797198,1.17800248464884,0.116,0,1
"Txnl4a",0.00377844354797198,1.10599277135387,0.116,0,1
"Reps2",0.00377844354797198,1.05398309488178,0.116,0,1
"Svil",0.00395990832508756,1.0820130992439,0.419,0.186,1
"Fam76a",0.00419710831676135,1.14158748099344,0.186,0.029,1
"Eif4g3",0.00443008074515027,-1.36160281471801,0.07,0.286,1
"Itgb1",0.00453251708707218,-1.29172155481932,0.14,0.371,1
"Stk39",0.00517505780849027,-1.43897119608041,0.047,0.243,1
"Fam13b",0.00603147467361971,1.19599148279262,0.256,0.071,1
"Gm20631",0.0060816518931863,1.30689151183096,0.233,0.057,1
"Eloc",0.00665901016616724,-1.29073379557043,0,0.157,1
"Zgpat",0.00686508141587909,1.20077567306133,0.14,0.014,1
"Fkbp2",0.00686508141587909,1.10603965647072,0.14,0.014,1
"Sf3b3",0.00689206028132022,1.05672590822914,0.233,0.057,1
"Abhd12",0.00716308845926743,1.17415583149848,0.14,0.014,1
"Cep290",0.00747265640407448,1.46746428215493,0.14,0.014,1
"Lgmn",0.00747265640407448,1.13894086062409,0.14,0.014,1
"Tnk2",0.00779416933316261,0.895962879946793,0.14,0.014,1
"Serinc3",0.00812716589357435,-1.19478271751505,0.163,0.371,1
"Ano6",0.00826549766777834,-1.51574984718054,0.047,0.229,1
"Frs2",0.0084760816872737,-1.10896192469436,0.023,0.2,1
"Zfp318",0.00863380499391082,1.37751767445332,0.163,0.029,1
"Ifngr1",0.00883436884144079,0.698134727141273,0.14,0.014,1
"Rictor",0.00953148049666291,-0.903877389675015,0.023,0.2,1
"Paxbp1",0.00957280682269785,1.22205586056559,0.256,0.086,1
"Lin7c",0.010028751353509,-1.22855723939799,0,0.143,1
"Srgap3",0.010028751353509,-1.26044754389567,0,0.143,1
"Cradd",0.010028751353509,-1.19212121674683,0,0.143,1
"Cpeb3",0.010028751353509,-0.906290469093599,0,0.143,1
"Tom1l2",0.0102652676054471,-1.33853084446914,0.047,0.229,1
"Cst3",0.0102725831220817,0.449709411926099,0.791,0.686,1
"Wdfy3",0.0103400160985342,-1.05927578989396,0.093,0.3,1
"Cept1",0.0105471009141709,-1.20872714095941,0.023,0.186,1
"Sumo1",0.0107912113948172,-1.21720382386537,0.07,0.257,1
"Wars2",0.0115547808026328,0.798516615385795,0.163,0.029,1
"Nfic",0.0115547808026328,1.06183627757885,0.163,0.029,1
"Nckap1",0.0115611741078315,-0.855452660551926,0.14,0.386,1
"Psmd13",0.0118032193200704,1.08195336526429,0.186,0.043,1
"Cramp1",0.0121941360673564,1.14089043817617,0.186,0.043,1
"Ints9",0.0125964822001123,0.977250252992666,0.186,0.043,1
"Rfx3",0.0128720950781767,0.945689683293311,0.279,0.1,1
"Pard3",0.0129204753903788,-0.890927728302934,0.209,0.429,1
"Ndrg1",0.0132549562585932,-0.945912779168799,0.07,0.271,1
"Exoc6",0.0132567716824152,1.0204726746059,0.256,0.086,1
"St6galnac3",0.0135672155730096,0.808745330651846,0.651,0.443,1
"Asb3",0.0138741683846731,1.0571162657945,0.186,0.043,1
"Jarid2",0.0141468133381073,-1.21738105121771,0.07,0.257,1
"Pura",0.0142154050208805,-1.12211578361599,0.093,0.286,1
"Stam2",0.0147313979585357,-1.25629968601115,0.023,0.171,1
"Hexb",0.0149816485715281,1.02271690604375,0.279,0.1,1
"Cpeb2",0.015057677339838,-1.26583498017082,0,0.129,1
"Uso1",0.015057677339838,-1.00120452440909,0,0.129,1
"Isca2",0.015057677339838,-1.08659328081272,0,0.129,1
"Cdk7",0.015057677339838,-0.981712876825418,0,0.129,1
"Fzd3",0.015057677339838,-1.07274701025448,0,0.129,1
"Osmr",0.015057677339838,-1.11618673757193,0,0.129,1
"Slc1a3",0.015057677339838,-1.30962693055527,0,0.129,1
"Tspyl4",0.0152281312858677,1.06359788162948,0.233,0.071,1
"Atxn10",0.0152281312858677,0.867840155283607,0.233,0.071,1
"Itpr2",0.0157354355999437,-0.951087905606078,0.047,0.214,1
"Mtss1",0.0163308232368456,-0.679492451330956,0.093,0.3,1
"Ppig",0.0165650771636615,0.865189301774084,0.209,0.057,1
"Rere",0.0165992367174683,-0.75741506377165,0.279,0.514,1
"Elovl7",0.0166617756556865,-1.23239098947724,0.116,0.3,1
"Rps4x",0.0169319395993074,0.943390072145386,0.372,0.186,1
"Rmdn1",0.0175313229279389,-1.44417947523921,0.047,0.2,1
"Rbbp5",0.0179564594145828,0.627769501424633,0.116,0.014,1
"B4galt2",0.0179564594145828,1.17851679419509,0.116,0.014,1
"Fbl",0.0179564594145828,1.07297916634947,0.116,0.014,1
"Bex2",0.0185282175263551,0.71470199708781,0.419,0.2,1
"Mrpl52",0.0187081453225795,0.796854509569871,0.116,0.014,1
"Vma21",0.0187081453225795,0.82183112830203,0.116,0.014,1
"Rps8",0.0187598502721603,0.873774885598967,0.512,0.3,1
"Crebrf",0.0189707332370524,-1.19218334087847,0.047,0.2,1
"Ccdc141",0.0192545659295948,-0.473286182556765,0.488,0.714,1
"Rbfox1",0.019273023314736,-0.973690481214731,0.07,0.257,1
"Mgst3",0.019487215900904,0.920392265320328,0.116,0.014,1
"Zfp523",0.019487215900904,0.92958908189739,0.116,0.014,1
"Napg",0.0200957035662658,-1.03175905753886,0.07,0.243,1
"Mta1",0.0202944818114724,0.742553782667609,0.116,0.014,1
"Gpm6a",0.0206356388997032,-0.631681024763345,0.233,0.443,1
"Ppp3cc",0.0210638614407476,1.13465550469918,0.256,0.1,1
"Stx12",0.0210672238500074,0.921772561936489,0.279,0.114,1
"Pygo2",0.0211307697596602,0.733113223473066,0.116,0.014,1
"A430005L14Rik",0.0211307697596602,0.767463501211898,0.116,0.014,1
"Rint1",0.0211307697596602,0.761640106173957,0.116,0.014,1
"Dysf",0.0211307697596602,0.618056112583864,0.116,0.014,1
"Zfp24",0.0211307697596602,0.819546565837514,0.116,0.014,1
"Rsbn1l",0.021725619815871,-0.976906513976826,0.093,0.271,1
"Fam214a",0.0217820620410716,0.873764397991898,0.14,0.029,1
"Scamp2",0.0219969224883443,0.631279296213796,0.116,0.014,1
"Ube2e1",0.0219969224883443,0.281751123142675,0.116,0.014,1
"Bin1",0.0219969224883443,1.03789945353962,0.116,0.014,1
"Nap1l1",0.0220794146985317,0.921846672341527,0.279,0.114,1
"Rps7",0.0221422836338599,0.647038596188364,0.419,0.2,1
"Psma1",0.022162290669471,-0.976743383738597,0.047,0.2,1
"Iigp1",0.0223952233280609,-1.26677246792253,0.023,0.157,1
"Madd",0.02255747248421,-1.13215105833527,0,0.114,1
"Vcam1",0.02255747248421,-1.20383030501641,0,0.114,1
"Parva",0.02255747248421,-0.868808727817122,0,0.114,1
"Abce1",0.02255747248421,-0.920493504033441,0,0.114,1
"Aars",0.02255747248421,-0.872306976692577,0,0.114,1
"Smad3",0.02255747248421,-1.08450018403048,0,0.114,1
"Zfp365",0.02255747248421,-0.902824974268104,0,0.114,1
"Ptbp1",0.02255747248421,0.87857263355944,0.14,0.029,1
"Stat2",0.02255747248421,-0.973888709801684,0,0.114,1
"Ankmy2",0.02255747248421,1.26266661464687,0.14,0.029,1
"Erg28",0.02255747248421,-1.02784963448882,0,0.114,1
"Mctp1",0.02255747248421,-1.28405720015793,0,0.114,1
"Fbxl6",0.02255747248421,-0.903046572238413,0,0.114,1
"Slc25a17",0.02255747248421,-0.926114841166991,0,0.114,1
"Mms19",0.02255747248421,-1.16292171724501,0,0.114,1
"Acacb",0.0230540072785515,-1.05710888277681,0.023,0.157,1
"Arpp21",0.0232130595015733,0.527411706998688,0.326,0.129,1
"Gm13919",0.0236520294318857,1.14157526595449,0.163,0.043,1
"Ifnar1",0.0237230261095228,0.750992977428856,0.326,0.143,1
"Zranb2",0.0241390670027161,0.809422322338416,0.326,0.157,1
"Dcaf1",0.0241805269138792,0.999215851107676,0.14,0.029,1
"Rprml",0.0241805269138792,1.17793444435025,0.14,0.029,1
"Plxna4",0.0249706482345057,0.830847487199023,0.256,0.1,1
"Ro60",0.0250293597425585,0.895153717310549,0.14,0.029,1
"Mapk3",0.0250293597425585,0.912480625797537,0.14,0.029,1
"Rpl35a",0.0250594539828347,1.08687687453044,0.302,0.143,1
"Psmb6",0.0251323246795629,-1.10373681603815,0.023,0.157,1
"Setd7",0.0251736710106957,1.03514615781806,0.163,0.043,1
"Polr2e",0.0251736710106957,1.03440262552179,0.163,0.043,1
"Ash1l",0.0256476546712301,0.857667925707585,0.465,0.286,1
"Crlf3",0.0258602402538908,-1.00647626657159,0.023,0.157,1
"Gbp7",0.0259038709499185,1.13338170446374,0.14,0.029,1
"Fuca1",0.0259038709499185,0.88380562760992,0.14,0.029,1
"Clpb",0.0259038709499185,0.981132436863781,0.14,0.029,1
"Tceal3",0.0259038709499185,0.949518335785918,0.14,0.029,1
"Tapbp",0.0259657715629962,0.896000005346305,0.163,0.043,1
"Pcmtd1",0.0262462116852605,-0.924547691884302,0.209,0.4,1
"Ndufa4",0.0264394034403958,0.555173230997728,0.442,0.229,1
"Msi2",0.0265531673994105,-0.629153891424246,0.302,0.5,1
"Grb10",0.0271375245704929,-0.843878311361815,0.047,0.2,1
"Ppp2r5c",0.0273809864994762,0.952381071641868,0.209,0.071,1
"Cdkn1b",0.027732407488946,0.727737306942296,0.14,0.029,1
"Lrrc7",0.0281543885865664,-1.17061240960821,0.023,0.157,1
"Cacul1",0.0281543885865664,-0.975932504856592,0.023,0.157,1
"Ric1",0.0286876950651657,0.607816207724024,0.14,0.029,1
"Tab2",0.0287993235318705,-0.940434116845787,0.047,0.186,1
"Luzp2",0.028957118132303,-1.11027486959575,0.023,0.157,1
"Atp6v1g1",0.0292375581257263,0.847953546033047,0.233,0.086,1
"Ldlrad3",0.0293565479180685,0.675206172844562,0.349,0.171,1
"Map4k2",0.02954075313361,-1.22054645312843,0.047,0.186,1
"Diaph1",0.0296711853730698,0.78941142595572,0.14,0.029,1
"Golga1",0.0297794716066107,0.846755090767646,0.186,0.057,1
"Hibadh",0.0297794716066107,-0.718552998920001,0.023,0.157,1
"Stat3",0.0297794716066107,-0.87434868927813,0.023,0.157,1
"Samhd1",0.0302985414584145,-1.18471658438635,0.047,0.186,1
"Atp6v0e2",0.0306218257272713,-0.545011886989168,0.023,0.157,1
"Heatr5a",0.0306218257272713,0.778663853984778,0.186,0.057,1
"Sel1l",0.0306218257272713,0.804221167991455,0.186,0.057,1
"Robo2",0.0306218257272713,-0.685771511290389,0.023,0.157,1
"Ostc",0.0306835319642183,0.632631016510908,0.14,0.029,1
"Cldn5",0.0306860660278633,-0.433059750409575,0.442,0.714,1
"Dnm3",0.0307658401084773,-0.701593597722967,0.419,0.671,1
"Myl12a",0.0311853245077456,0.74646174484052,0.163,0.043,1
"Sdf4",0.0314759441771532,-0.738991483471084,0.047,0.2,1
"Rps6kb1",0.0320248093657498,-1.06530572414417,0.093,0.243,1
"Aopep",0.0324267171939607,-0.728503858262471,0.163,0.357,1
"Sobp",0.0326729033650962,-0.98725201736284,0.047,0.186,1
"Dnajb14",0.033272722075385,0.832926847303916,0.186,0.057,1
"Cnot9",0.0337517203452497,-0.823641591688642,0,0.1,1
"Zer1",0.0337517203452497,-0.846596092218982,0,0.1,1
"Fign",0.0337517203452497,-0.873864105728021,0,0.1,1
"Egfem1",0.0337517203452497,-1.37376692938289,0,0.1,1
"Phtf1",0.0337517203452497,-0.742059743446613,0,0.1,1
"Orc3",0.0337517203452497,-0.962430212079919,0,0.1,1
"Tomm5",0.0337517203452497,-0.725214025715575,0,0.1,1
"Scrn1",0.0337517203452497,-1.00375474566929,0,0.1,1
"Gm44148",0.0337517203452497,-0.852005131519919,0,0.1,1
"1600010M07Rik",0.0337517203452497,-1.02182413172224,0,0.1,1
"Lcmt1",0.0337517203452497,-1.09224379327762,0,0.1,1
"Fam107a",0.0337517203452497,-0.711494258295473,0,0.1,1
"Sucla2",0.0337517203452497,-0.88523532261645,0,0.1,1
"Cebpd",0.0337517203452497,-0.990226780984212,0,0.1,1
"Chuk",0.0337517203452497,-0.880316244029244,0,0.1,1
"Akap17b",0.0337517203452497,-0.593081134878072,0,0.1,1
"Cdc14a",0.0338960209530715,-1.13484218886653,0.023,0.143,1
"Arl13b",0.0338960209530715,-0.998249805313327,0.023,0.143,1
"Pds5b",0.0340406675542472,0.832194957937413,0.372,0.2,1
"Arpc2",0.0341382028347312,-0.844586057775606,0.14,0.314,1
"Olfm1",0.0342621634492449,0.704902310013769,0.512,0.343,1
"Rassf9",0.0345687969833295,1.14214578441175,0.326,0.171,1
"Hspd1",0.0346879271526293,0.731093586647712,0.233,0.086,1
"Rfx7",0.0346879271526293,-0.592199642644814,0.047,0.2,1
"Atp5mpl",0.0348748225133488,-0.9692767528803,0.023,0.143,1
"Hspe1",0.0352048519476221,-0.953796295242414,0.047,0.186,1
"Pik3r1",0.035533338506376,0.678683080625516,0.233,0.086,1
"Kank3",0.0357526179623755,-0.825014168365457,0.302,0.5,1
"Rapgef6",0.0357653806411949,-0.380350862171714,0.116,0.314,1
"Etl4",0.0361685600767622,-1.17537057568547,0.14,0.314,1
"Srrm1",0.0367952121398933,-0.869714542443828,0.116,0.286,1
"Fip1l1",0.0369049806229499,-0.941839430076105,0.023,0.143,1
"Rasa1",0.0372210541330274,-0.747416831906574,0.07,0.229,1
"Lyn",0.0379572503280507,-0.965137393403895,0.023,0.143,1
"Dmtf1",0.0379572503280507,-0.82930945905189,0.023,0.143,1
"Rbpms",0.0381203251654926,-0.773611120048864,0.186,0.371,1
"Mtmr6",0.0383894006322236,0.483909518639005,0.163,0.043,1
"Dock3",0.0390349300647675,-0.873370293576634,0.023,0.143,1
"Ltbp4",0.0405393183424185,0.73589218638882,0.349,0.186,1
"Srpr",0.0407737898241317,-0.888907661436152,0.047,0.186,1
"Cbwd1",0.0412683947590316,-0.969534206280489,0.023,0.143,1
"Chd8",0.0412787688148585,-1.01936155443996,0.047,0.171,1
"Adcy2",0.0424251279616145,-0.992005527560784,0.023,0.143,1
"Ap2m1",0.042849625662992,0.905235083960064,0.233,0.1,1
"Nrd1",0.0430321121640988,-0.657350191135959,0.093,0.257,1
"Rpl12",0.0433054828597541,1.30223873302952,0.209,0.086,1
"Fbxl7",0.0433293688988807,-0.554267736890151,0.209,0.386,1
"Gnb2",0.0434806399526779,-0.991335785783375,0.07,0.214,1
"Eea1",0.0435713629761535,0.563651869970078,0.186,0.057,1
"Itga1",0.043635288892279,0.767658162962362,0.395,0.257,1
"Slc40a1",0.044110490279024,1.03228138168521,0.349,0.214,1
"Rpl34",0.0443561464935569,0.95765676657131,0.256,0.114,1
"Ccar1",0.0444544511770713,0.51501922616971,0.256,0.1,1
"Airn",0.0444544511770713,-0.86481034716921,0.07,0.214,1
"Megf6",0.044820997800262,-0.813382325844386,0.023,0.143,1
"Zranb1",0.0455663945231515,-1.06606980828883,0.047,0.171,1
"Nxpe4",0.046664025753571,0.808852212132665,0.488,0.343,1
"Wls",0.0466951107700531,-1.14193154314399,0.047,0.171,1
"Atp6v1e1",0.0467815274946325,0.549352010299494,0.302,0.143,1
"Mdga2",0.047055910546217,-0.780690322197637,0.14,0.314,1
"Baz2b",0.047516221136357,-0.711292629139323,0.279,0.457,1
"Nudcd3",0.0476319462043641,1.02726149167315,0.209,0.086,1
"Rpl22l1",0.0478472646825607,-0.990818223852832,0.047,0.171,1
"Coq2",0.0478472646825607,-0.916185570737677,0.047,0.171,1
"Enah",0.0479700657461041,0.841608647137844,0.233,0.1,1
"Ndufs7",0.0485356735115094,-0.728776055720114,0.07,0.214,1
"Rpl10",0.0485903527818813,1.03881578430316,0.302,0.157,1
"Cab39",0.0490232173840292,-0.891285145920469,0.047,0.171,1
"Grm7",0.0504364928138902,1.03118128490077,0.256,0.114,1
"Gcc2",0.0508964316617211,-0.793823236320504,0.093,0.243,1
"Ddx1",0.0511006440219161,-0.866654886137376,0.023,0.129,1
"Hivep1",0.0511006440219161,-0.917251649224542,0.023,0.129,1
"Dcc",0.0511006440219161,-1.34174243653846,0.023,0.129,1
"Cwc27",0.0514479752044396,-1.01089903814111,0.047,0.171,1
"Srek1",0.0519393481632567,0.624734112811844,0.279,0.129,1
"Dpp10",0.052222370030382,0.522147576231823,0.512,0.314,1
"Abca1",0.0525464409845385,-0.972986215908589,0.023,0.129,1
"Zfp560",0.052697513915777,-0.683539383824747,0.047,0.171,1
"Tbc1d4",0.0528255381910971,-0.516190511247709,0.349,0.571,1
"Myo9a",0.0536317992190937,0.947663445348444,0.349,0.2,1
"Tmem50a",0.0536942465132062,0.878643305426684,0.279,0.143,1
"Rnps1",0.0539600700336169,1.14297149432855,0.14,0.043,1
"Srp19",0.0539600700336169,1.09794842047791,0.14,0.043,1
"Trpm3",0.0540262773788048,-1.34352761981153,0.023,0.129,1
"Ndufc2",0.0542873122746181,-1.1516414432975,0.093,0.229,1
"Rims1",0.0546177761247763,-0.783818498418831,0.047,0.171,1
"Cwc22",0.0551364208148036,1.10563708745418,0.116,0.029,1
"Fmo5",0.0551364208148036,0.82163362316732,0.116,0.029,1
"Wdr59",0.0551364208148036,0.977046001250217,0.116,0.029,1
"Fam171a2",0.0551364208148036,0.939663811007786,0.116,0.029,1
"Synpo",0.0551364208148036,0.852337267356294,0.116,0.029,1
"Fam133b",0.0555407363824447,-0.837849005556114,0.023,0.129,1
"Msh3",0.0555407363824447,-1.05017916283445,0.023,0.129,1
"Cnih1",0.0555484900725494,1.03419473963661,0.14,0.043,1
"Tmem183a",0.0569562851084901,0.949518795877125,0.116,0.029,1
"Mannr",0.0569562851084901,0.902888921682168,0.116,0.029,1
"Naa38",0.0569562851084901,0.916022842819365,0.116,0.029,1
"Trp53",0.0569562851084901,0.996117988750117,0.116,0.029,1
"Dbi",0.0570904047236892,-0.82715479264975,0.023,0.129,1
"Slc49a4",0.0571756806270461,1.09216991796591,0.14,0.043,1
"Eif3a",0.0573794541961829,0.775218742190597,0.209,0.086,1
"Rptor",0.0574256628624543,-0.74394368317071,0.093,0.243,1
"G3bp2",0.0574463172957755,0.798488306401715,0.186,0.071,1
"Arl5b",0.0585770324591551,1.00396814676072,0.163,0.057,1
"2810403D21Rik",0.0587070825705963,0.730722598586163,0.209,0.086,1
"Timm10b",0.0588258481685699,0.685132004882813,0.116,0.029,1
"Timm44",0.0588258481685699,0.666509983693006,0.116,0.029,1
"Pcmtd2",0.0588615724241518,0.792851895023926,0.186,0.071,1
"Sfpq",0.0588770517608207,-0.601291868962794,0.07,0.214,1
"Mfsd2a",0.0601275769950023,0.775259584783471,0.163,0.057,1
"Mtch1",0.0603056553298725,0.89391434756828,0.186,0.071,1
"Pfdn1",0.0603056553298725,0.739229047074523,0.186,0.071,1
"Cdc37l1",0.0603875863067588,0.790811512161965,0.279,0.143,1
"Plpp7",0.0607460825245647,0.843709585163925,0.116,0.029,1
"Cactin",0.0607460825245647,0.816874082758002,0.116,0.029,1
"Cdyl",0.0607460825245647,0.806556089680709,0.116,0.029,1
"Eif3k",0.0614389131459101,0.738897774045824,0.209,0.086,1
"Aig1",0.0617212141433803,-0.946085810000476,0.07,0.2,1
"Sh3d19",0.0617789853570745,0.847626008357463,0.186,0.071,1
"Usp32",0.0617789853570745,0.698523940678361,0.186,0.071,1
"Cipc",0.0617789853570745,0.750661285970304,0.186,0.071,1
"Ric8b",0.0619565826220802,-0.688307439734521,0.023,0.129,1
"Tmem191c",0.0619565826220802,-0.627155666685729,0.023,0.129,1
"Rab14",0.0622275306710193,0.657289591442431,0.302,0.157,1
"Asah1",0.0622942445979151,0.853917467054299,0.14,0.043,1
"Cav2",0.0622967132876393,0.547018327133171,0.14,0.043,1
"Flot1",0.0622967132876393,0.752866244812292,0.14,0.043,1
"Ica1",0.0625591603764287,-0.929710447124721,0.093,0.229,1
"Lpp",0.0625591603764287,-0.925250871996937,0.093,0.229,1
"B4galt4",0.0625591603764287,-0.917976947942553,0.093,0.229,1
"Rbm26",0.0625795964691995,-0.810414091868311,0.116,0.257,1
"Gsk3a",0.0627179664909146,0.65076818097454,0.116,0.029,1
"Zfp869",0.0627179664909146,0.663134078244325,0.116,0.029,1
"Gm16794",0.0627179664909146,0.69305860673927,0.116,0.029,1
"Smarce1",0.0627179664909146,0.774464170316207,0.116,0.029,1
"1700018A04Rik",0.0627179664909146,0.852649763530646,0.116,0.029,1
"Kdm5d",0.0627179664909146,0.652555373382623,0.116,0.029,1
"Cpsf6",0.0632819836118776,-0.92257253045456,0.047,0.157,1
"Dync2h1",0.0633308251494102,0.974997648938552,0.163,0.057,1
"Ppp2r1a",0.0633308251494102,0.785345494542064,0.163,0.057,1
"Tecr",0.0633962836985781,-0.599025127482823,0.116,0.271,1
"Proser2",0.0636530203986351,-0.736482038775705,0.023,0.129,1
"Slc24a5",0.0636530203986351,-0.632796618956989,0.023,0.129,1
"Marchf6",0.0636530203986351,-0.637223163536822,0.023,0.129,1
"Crem",0.0636530203986351,-0.670333765148784,0.023,0.129,1
"Smg1",0.0638218344937773,-0.784617229081164,0.093,0.229,1
"Gpr155",0.0640858421702025,0.774576421161161,0.14,0.043,1
"Tmc7",0.0640858421702025,0.819424510434055,0.14,0.043,1
"Sdhaf2",0.0640858421702025,0.84091373606585,0.14,0.043,1
"Ctsa",0.0647424837274112,0.653648015322227,0.116,0.029,1
"Atxn2",0.0647424837274112,0.670619799750642,0.116,0.029,1
"Gnai1",0.0648150728526048,0.826081082746134,0.186,0.071,1
"Fkbp15",0.0649845833508037,0.769681973549522,0.163,0.057,1
"Tardbp",0.065105484178715,-0.831158021897829,0.093,0.229,1
"Tomm22",0.0659171872059733,0.78543482803648,0.14,0.043,1
"Snhg9",0.0659171872059733,0.771088402314428,0.14,0.043,1
"Frmpd4",0.0659171872059733,0.718788787539115,0.14,0.043,1
"4632427E13Rik",0.0664103547635942,-0.820434042107016,0.093,0.229,1
"Trim12a",0.0666738042454124,0.753905761754412,0.163,0.057,1
"Slc6a6",0.066685588734062,0.568456261949755,0.581,0.529,1
"Fdps",0.0668206227834672,0.657765537715855,0.116,0.029,1
"Rps27l",0.0668206227834672,0.629198307552858,0.116,0.029,1
"Mllt10",0.06717956053828,0.630586647431196,0.442,0.286,1
"Tbc1d22a",0.0677914471454942,0.672369768372093,0.14,0.043,1
"Celf2",0.067808850561048,-1.4500442869285,0.349,0.529,1
"Fam120a",0.0679732229066734,0.497642980558521,0.186,0.071,1
"Itih5",0.0679787094406697,-0.391999029586682,0.326,0.529,1
"Fam171b",0.0681340437901627,0.913096531377637,0.233,0.114,1
"2610037D02Rik",0.0683990202075652,0.591567043295101,0.163,0.057,1
"Cct2",0.0689533766262543,0.440691483478603,0.116,0.029,1
"Wars",0.0689533766262543,0.523424610984042,0.116,0.029,1
"Zfand5",0.0690847432871361,0.766093418631406,0.256,0.129,1
"Ctla2a",0.0695151937479095,-0.638847132729501,0.116,0.271,1
"Mpp7",0.0695991364681031,0.683538794161749,0.186,0.071,1
"Snrnp200",0.0697093233379821,0.657338453418526,0.14,0.043,1
"Actb",0.0699751704029004,0.677766321856761,0.628,0.5,1
"Tasor",0.070027366097812,-0.839899326147593,0.186,0.343,1
"Cct4",0.0701607653384175,0.701307273598152,0.163,0.057,1
"Cul1",0.070454755071052,-0.776853957121976,0.093,0.229,1
"Arhgap6",0.0711417421527578,0.361788710245304,0.116,0.029,1
"Mfhas1",0.0713384145811169,-0.60607075109058,0.116,0.257,1
"Ppp1r2",0.0713384145811169,-0.703064141975552,0.116,0.257,1
"Ckb",0.0717342621284832,-0.520400649458925,0.279,0.5,1
"Insr",0.0722687663741762,-1.00677912288355,0.349,0.471,1
"4932438A13Rik",0.0725793990831283,-0.595879297166894,0.093,0.243,1
"Hdac7",0.0725793990831283,-0.553738370353045,0.093,0.243,1
"Pnisr",0.0726337485807632,-0.634483106553198,0.14,0.3,1
"Ece1",0.0729467815852657,0.608437963303863,0.186,0.071,1
"Tgfbr2",0.0729467815852657,0.63133561701861,0.186,0.071,1
"Gabarap",0.0729467815852657,-0.828630004629409,0.047,0.157,1
"Pitpnc1",0.0731893899854082,-0.505444069071741,0.209,0.386,1
"Tanc2",0.0734138003385291,-0.511591154614662,0.116,0.271,1
"Hsp90aa1",0.0734352117833222,0.397550881147652,0.488,0.3,1
"Ndufa7",0.073443636444196,1.02911924767272,0.209,0.1,1
"Frmd5",0.0735261104759215,0.929565059669861,0.535,0.4,1
"Pbx1",0.0743071829221335,0.727317804420689,0.349,0.214,1
"Trak2",0.0746693726101815,-0.789702303924757,0.047,0.157,1
"Gigyf2",0.0746693726101815,0.477441511628647,0.186,0.071,1
"D8Ertd738e",0.0746693726101815,-0.881559904317339,0.047,0.157,1
"Ghr",0.0746852061372302,0.939776487177715,0.256,0.143,1
"Eif4a2",0.0746990346741107,-0.814363679659728,0.093,0.229,1
"Hspa12b",0.0747427183002457,0.650603207612473,0.488,0.343,1
"Snw1",0.0750254374702279,-0.999961593979125,0.07,0.186,1
"Rpl39",0.0750650672470833,0.489420075256786,0.209,0.086,1
"Ufc1",0.0756705389004954,0.730512741758554,0.163,0.057,1
"Mtch2",0.0757316960334515,0.501462554381928,0.14,0.043,1
"Gsk3b",0.0758786869408343,-0.881676732977227,0.163,0.3,1
"Net1",0.0761931430363118,-0.837842072656008,0.07,0.2,1
"Rcan2",0.0764250503473779,-0.732559115525615,0.047,0.157,1
"Fmo2",0.0767755448369329,-1.17295579859886,0.023,0.114,1
"Hipk3",0.0767755448369329,-0.938350736635802,0.023,0.114,1
"Acot9",0.0767755448369329,-0.836175063457025,0.023,0.114,1
"Myrip",0.0776429118113588,-0.75051062525677,0.093,0.229,1
"Rad17",0.0778310928428433,0.342811791073598,0.14,0.043,1
"Tmed2",0.0782142464658778,-0.838090836708497,0.047,0.157,1
"Stx8",0.0782142464658778,-0.783921191087753,0.047,0.157,1
"Adgrl4",0.0782267311511829,-0.488667647881468,0.674,0.771,1
"Ascc3",0.0784907744085338,-0.882264467675788,0.163,0.3,1
"Ptges3",0.0788984288379764,-0.943231592124805,0.023,0.114,1
"Map4k5",0.0788984288379764,-0.771787048897592,0.023,0.114,1
"Apobec3",0.0788984288379764,-0.976936470469432,0.023,0.114,1
"Tfeb",0.0788984288379764,-0.885011366291873,0.023,0.114,1
"Psmb1",0.0791499055500673,-0.790063706123161,0.093,0.229,1
"Galntl6",0.0793964218155229,-0.326246479199927,0.07,0.2,1
"Kif13a",0.0793964218155229,-0.601872672314868,0.07,0.2,1
"AI480526",0.0795362202100029,0.53159644794927,0.163,0.057,1
"Tln2",0.0795362202100029,0.438107813290807,0.163,0.057,1
"Atp5j2",0.0797746308801731,-0.986793181090619,0.093,0.214,1
"Lrmda",0.0799384256484154,-1.19847645049923,0.07,0.186,1
"Ano3",0.0800373931662868,-0.771266190390611,0.047,0.157,1
"Swap70",0.0800373931662868,-0.802540549847074,0.047,0.157,1
"Trappc6b",0.0801840546032327,0.616172921202654,0.279,0.143,1
"Luzp1",0.0810262509339812,-0.597747472208695,0.302,0.471,1
"Coq10b",0.0810688201891949,-0.86157026156031,0.023,0.114,1
"Gak",0.0810688201891949,-0.769489622537651,0.023,0.114,1
"Gm35572",0.0810688201891949,-0.776434263175188,0.023,0.114,1
"Iqcb1",0.0810688201891949,-0.702958799613225,0.023,0.114,1
"ENSMUSG00000120221",0.0810688201891949,-0.755824522865245,0.023,0.114,1
"Slfn5",0.0816330499210821,-0.772180181816472,0.07,0.186,1
"Glg1",0.0816724403172588,0.610068705266303,0.279,0.143,1
"Tbcd",0.0821720533346836,0.320455616017376,0.14,0.043,1
"Nrg3",0.0828418914545823,-0.434307291977337,0.209,0.386,1
"Uqcrh",0.0829058573939458,0.833850213422863,0.349,0.229,1
"Srsf6",0.0832874300277303,-0.664487770215198,0.023,0.114,1
"Vapb",0.0832874300277303,-0.746208377645947,0.023,0.114,1
"Sppl3",0.0832874300277303,-0.868774855944753,0.023,0.114,1
"Calcrl",0.0833567055213594,-0.824988592227166,0.07,0.186,1
"Myo1e",0.0833567055213594,0.841111897560707,0.209,0.1,1
"Cox6c",0.0834513487001354,-0.628729046464422,0.209,0.357,1
"Plekhg1",0.0838141055095833,0.745861196478605,0.256,0.129,1
"Calm2",0.0845910401134529,-0.603068594156444,0.465,0.629,1
"Lnx2",0.0853591055617195,0.905567705868449,0.186,0.086,1
"Sec23a",0.0855549698210512,-0.611031980298671,0.023,0.114,1
"Pcdh17",0.0855549698210512,-0.806920710271496,0.023,0.114,1
"Ccm2l",0.085569504712593,-0.568224897946861,0.116,0.257,1
"Klhdc10",0.085714863800309,-0.414137947317501,0.047,0.157,1
"Csmd1",0.0863436461175731,-0.873911494341086,0.186,0.343,1
"Sst",0.0867635728830968,0.859413076135745,0.233,0.114,1
"Bach2",0.0868924327802833,0.77297168853007,0.209,0.1,1
"Rbm3",0.0872527757049493,0.964655846211782,0.186,0.086,1
"Ddx50",0.0877181915699149,1.02990160803973,0.279,0.171,1
"Fzd4",0.0887051653682718,-0.589984506377763,0.07,0.186,1
"Pi4ka",0.0887051653682718,-0.582671386063618,0.07,0.186,1
"Rab11b",0.0887051653682718,-0.61922702903509,0.07,0.186,1
"Ankrd44",0.0896775318807401,-0.546405093576884,0.047,0.157,1
"Ppia",0.090218231383965,0.389040241627553,0.744,0.614,1
"Txn2",0.0902396847760614,-0.677063172570011,0.023,0.114,1
"1110004F10Rik",0.0911417815250901,0.907079562289991,0.186,0.086,1
"Rab18",0.0911417815250901,0.69089885682346,0.186,0.086,1
"Abhd6",0.0917123033996257,-1.17352387917821,0.047,0.143,1
"Zwint",0.0918693681119468,-0.565302728905723,0.116,0.257,1
"Kif5b",0.0919559861389195,-0.800914185642659,0.186,0.329,1
"Epha4",0.0919738911451267,-0.722724679532724,0.14,0.271,1
"Acap2",0.0920129767411371,0.750713793115901,0.233,0.114,1
"Tlk1",0.09242201944835,-0.639314237661816,0.07,0.186,1
"Usp54",0.09242201944835,-0.784205153832168,0.07,0.186,1
"Ctsz",0.0926582814723438,-0.640143372278921,0.023,0.114,1
"Dnajb6",0.0926582814723438,-0.517847625306566,0.023,0.114,1
"Fbxo9",0.0926582814723438,-0.536111448526811,0.023,0.114,1
"Rapgef3",0.0926582814723438,-0.570385897723866,0.023,0.114,1
"Gm17106",0.0926582814723438,-0.625692162758138,0.023,0.114,1
"Nova2",0.0938606637528553,-0.891221468885496,0.047,0.143,1
"Ank3",0.0938606637528553,-1.14052415788933,0.047,0.143,1
"Pex3",0.0951286504860945,-0.532147194390477,0.023,0.114,1
"Rbfox3",0.0951286504860945,-0.435142187973643,0.023,0.114,1
"Sirt7",0.0951286504860945,-0.450628205698126,0.023,0.114,1
"Tspan7",0.0957376427614236,-0.725730012659408,0.163,0.3,1
"Smc6",0.0960491979591584,-0.899771024597554,0.047,0.143,1
"Man1a2",0.0962629227970285,-0.65923131194275,0.07,0.186,1
"Camk1d",0.0966677254779678,0.485076485264838,0.674,0.571,1
"Abcc4",0.0968716777827008,-0.322992881440316,0.372,0.543,1
"Eif2ak2",0.09723533242351,0.8108199310961,0.186,0.086,1
"B430010I23Rik",0.0973462370715135,-0.519018921231732,0.093,0.229,1
"Denn2b",0.0975145482517611,-1.06496041509622,0.093,0.2,1
"Ifitm2",0.0982783846344257,1.1698149747802,0.163,0.071,1
"Chmp2a",0.0985058993119066,-0.803644586118029,0.093,0.214,1
"Crim1",0.0985058993119066,-0.632987248668449,0.093,0.214,1
"Slc22a17",0.100230505037477,0.644906090845307,0.209,0.1,1
"Ccdc91",0.100548701250344,-0.749693419629432,0.047,0.143,1
"mt-Nd4",0.101491001734044,-0.606318111676199,0.233,0.386,1
"Abi1",0.102434426541804,-0.690329596082971,0.186,0.343,1
"Capza1",0.103837307986634,0.992972293994213,0.14,0.057,1
"Sp3",0.10418227452033,0.878415793119576,0.233,0.129,1
"Kdm4c",0.104327384512822,0.607283208731699,0.209,0.1,1
"Aldh2",0.104327384512822,-0.558185905768887,0.07,0.186,1
"Pdxdc1",0.104327384512822,-0.590106131728998,0.07,0.186,1
"Rplp2",0.104682402567671,0.766146188213632,0.279,0.157,1
"Tbc1d12",0.105214627279127,-0.817539819446715,0.047,0.143,1
"H2az1",0.105316109655821,-0.811897154145869,0.07,0.171,1
"Mbtd1",0.105316109655821,-0.709776828275215,0.07,0.171,1
"Glud1",0.105861867325517,0.71546581156361,0.186,0.086,1
"Msn",0.105861867325517,0.683735331163994,0.186,0.086,1
"Nav1",0.107002874237075,-0.699924723338696,0.14,0.271,1
"Arpc1a",0.10761118411785,-0.658004673065718,0.047,0.143,1
"Psma6",0.10761118411785,-0.673772472297108,0.047,0.143,1
"Hmbox1",0.10761118411785,-0.552511427607963,0.047,0.143,1
"Mbd2",0.10761118411785,-0.74960834606747,0.047,0.143,1
"Sh3rf1",0.108221289067938,-0.417739424387845,0.163,0.314,1
"Ppp2r3a",0.108556164878384,0.546947950134028,0.209,0.1,1
"Tnpo3",0.109697832154767,-0.662501025706804,0.07,0.171,1
"Fkbp3",0.109740688463148,-1.01402856896082,0.116,0.229,1
"B3galt1",0.110050765338356,-0.94143617755692,0.047,0.143,1
"Ppp1r9a",0.110050765338356,0.751660717750532,0.163,0.071,1
"C2cd5",0.110050765338356,-0.668879716649451,0.047,0.143,1
"Wwp2",0.110050765338356,-0.624220814846237,0.047,0.143,1
"H2-K1",0.110497172557509,-0.719690427748434,0.209,0.329,1
"Fgf14",0.110574009253198,-0.589337466291703,0.116,0.243,1
"Snrpn",0.112074656451458,0.634218847924058,0.279,0.157,1
"Ptgds",0.112083658543652,-0.437170825890025,0.442,0.643,1
"Mcc",0.112285958220909,-0.483248722385811,0.256,0.414,1
"Zfr",0.11242911066636,-0.659380217160721,0.186,0.329,1
"Aqp11",0.112721666487671,0.534039260676519,0.186,0.086,1
"Celf4",0.113476183312112,-1.09298682677917,0.093,0.2,1
"Ndufb10",0.113665997956598,0.680318377798701,0.256,0.143,1
"Abcg2",0.114409507430535,-0.512747138328119,0.512,0.686,1
"Eif3m",0.114447861206238,0.761093857369327,0.14,0.057,1
"Scfd2",0.114447861206238,1.03186105050183,0.14,0.057,1
"Eif2s1",0.114447861206238,0.893569659032485,0.14,0.057,1
"Odr4",0.115030602269525,-0.795779896642953,0.023,0.1,1
"Tmem127",0.115030602269525,-0.825684259426319,0.023,0.1,1
"Ssr3",0.115030602269525,-0.589129388107663,0.023,0.1,1
"Rfc1",0.115030602269525,-0.838641517135791,0.023,0.1,1
"Pot1a",0.115030602269525,-0.957106417026683,0.023,0.1,1
"Uqcrc1",0.115030602269525,-0.724085295889887,0.023,0.1,1
"Vezt",0.115030602269525,-1.04858814701704,0.023,0.1,1
"Kcnc2",0.115030602269525,-0.849889907612593,0.023,0.1,1
"Slit3",0.115030602269525,-0.806692583171678,0.023,0.1,1
"Dnajc5",0.115060873439627,0.761089484361672,0.163,0.071,1
"Cd63",0.115060873439627,0.737181628213699,0.163,0.071,1
"Cilk1",0.115152299462995,0.578813626021409,0.209,0.1,1
"Hspa8",0.115493033188381,-0.591224263345175,0.326,0.486,1
"Erbin",0.116157194139266,-0.472503342516572,0.14,0.271,1
"Scmh1",0.116474196778788,-0.745420885246457,0.163,0.286,1
"Rpl26",0.117116665529147,0.691299153667609,0.279,0.171,1
"Ccnt1",0.117229538013839,0.822812516443546,0.14,0.057,1
"Reck",0.117486272725185,0.572977886614585,0.186,0.086,1
"Tm9sf4",0.117632330424648,0.715074926080903,0.163,0.071,1
"Map3k3",0.117632330424648,0.637867780554707,0.163,0.071,1
"Ggact",0.117632330424648,-0.589234713213909,0.047,0.143,1
"Fas",0.117772045744763,-0.817975643055273,0.093,0.2,1
"Hivep3",0.118127934045546,-0.666841588639526,0.023,0.1,1
"Trnau1ap",0.118127934045546,-0.73026449631802,0.023,0.1,1
"Tnrc6a",0.118127934045546,-0.750284969656877,0.023,0.1,1
"Chpt1",0.118127934045546,-0.682011917133598,0.023,0.1,1
"A430090L17Rik",0.118127934045546,-0.833021421126096,0.023,0.1,1
"Cul2",0.118127934045546,-0.857945319260012,0.023,0.1,1
"3222401L13Rik",0.118127934045546,-0.69240376990305,0.023,0.1,1
"Mrfap1",0.118892606700158,-0.687833074017164,0.07,0.171,1
"Tia1",0.118892606700158,-0.640909410971752,0.07,0.171,1
"Dusp16",0.118892606700158,-0.675623892507364,0.07,0.171,1
"Usp3",0.118892606700158,-0.670910091626193,0.07,0.171,1
"Palm",0.118892606700158,-1.04321398045302,0.07,0.171,1
"Nebl",0.119555657140616,-0.267866937757689,0.628,0.786,1
"Fto",0.119760302961294,-0.751517455961702,0.116,0.229,1
"Nrg1",0.119967309388109,-1.29651996204411,0.093,0.2,1
"Arl6ip1",0.120199737256665,0.416969963096872,0.326,0.186,1
"Gnao1",0.120248671567858,0.742213894786336,0.163,0.071,1
"4930581F22Rik",0.120248671567858,0.817068240748078,0.163,0.071,1
"Supt6",0.120248671567858,0.884325814042314,0.163,0.071,1
"Gde1",0.120593826581793,-0.359203868939629,0.093,0.214,1
"Pik3ca",0.121283178346476,-0.664343929716051,0.07,0.171,1
"Cyb5b",0.121283178346476,-0.661559354924321,0.07,0.171,1
"Bcar3",0.121290309350967,-0.649739389229698,0.023,0.1,1
"Gm26632",0.121290309350967,-0.599914721037921,0.023,0.1,1
"Npy1r",0.121290309350967,-0.77746243976447,0.023,0.1,1
"Imp3",0.121290309350967,-0.629529569433903,0.023,0.1,1
"Socs2",0.121290309350967,0.830861397434015,0.116,0.043,1
"Prkca",0.121290309350967,-0.850292756930458,0.023,0.1,1
"Dtnb",0.121290309350967,-0.938181713880994,0.023,0.1,1
"4930594M22Rik",0.121290309350967,-0.762954580569952,0.023,0.1,1
"1700085D07Rik",0.121290309350967,-0.924536341964068,0.023,0.1,1
"Hspa9",0.121290309350967,0.899559942453242,0.116,0.043,1
"Rgs5",0.12188700934463,1.20681157148567,0.279,0.157,1
"Acadl",0.122910354791613,0.620117773260119,0.163,0.071,1
"Kif1a",0.122910354791613,-0.462046236212211,0.047,0.143,1
"Bend7",0.122910354791613,0.674030488128898,0.163,0.071,1
"Wdr17",0.122910354791613,-0.920542426553525,0.047,0.143,1
"Bicra",0.122951882261677,0.773716974322172,0.14,0.057,1
"Gm20732",0.122951882261677,0.943890790416067,0.14,0.057,1
"Zbtb46",0.123711185250376,-0.756036993579201,0.07,0.171,1
"Csgalnact1",0.123914745529472,-0.749543161183624,0.14,0.271,1
"Prom1",0.123933996118471,0.727326217333234,0.349,0.229,1
"Galnt13",0.124518523061225,-0.637282631957551,0.023,0.1,1
"Tspan12",0.124518523061225,0.808368123586803,0.116,0.043,1
"Sult1a1",0.124518523061225,-0.729705730945973,0.023,0.1,1
"Lats1",0.124518523061225,-0.733790462232737,0.023,0.1,1
"Cnpy2",0.124518523061225,-0.867002130297625,0.023,0.1,1
"Ppp1r1a",0.124518523061225,0.888131373278352,0.116,0.043,1
"Cask",0.124518523061225,-0.755329309408042,0.023,0.1,1
"Vps36",0.12492783326724,0.575116709392784,0.186,0.086,1
"Scaf8",0.125175593128244,0.411307781620252,0.256,0.129,1
"Fabp3",0.125893717461819,0.786891185413087,0.14,0.057,1
"Sirt2",0.125893717461819,0.674354836456221,0.14,0.057,1
"Il17rd",0.125893717461819,0.986127095167334,0.14,0.057,1
"Senp7",0.125893717461819,0.75943007974095,0.14,0.057,1
"Enc1",0.126107620520661,0.576796865169349,0.256,0.143,1
"Ppp2r5e",0.126176965632748,-0.437533491604439,0.07,0.171,1
"Ctsh",0.126715181404203,-0.432673535299541,0.186,0.329,1
"Npm1",0.127245921461606,-0.377529832306474,0.093,0.214,1
"Actr1b",0.127813363070266,0.814519458686301,0.116,0.043,1
"Esyt1",0.127813363070266,-0.593510605184853,0.023,0.1,1
"Serinc5",0.127813363070266,0.686867097834451,0.116,0.043,1
"Rangap1",0.127813363070266,-0.567130101651971,0.023,0.1,1
"Efhc2",0.127813363070266,0.656063826091422,0.116,0.043,1
"Gnl3l",0.128371562699267,-0.453666799294551,0.047,0.143,1
"Psma4",0.128890098732206,0.680678376120513,0.14,0.057,1
"Ifnar2",0.128890098732206,0.644643309173855,0.14,0.057,1
"Smg6",0.128928309236542,-0.459863119565849,0.186,0.314,1
"Eps15",0.129070215546308,-0.702278969317674,0.093,0.2,1
"Chd2",0.129070215546308,0.396793485369982,0.233,0.114,1
"Rnf103",0.129094414457048,-0.982143417145902,0.047,0.129,1
"Hmgcr",0.129286719216476,0.597244142194721,0.209,0.1,1
"Rpl5",0.129392307892096,0.78561336225936,0.209,0.114,1
"Rreb1",0.129525640301491,-0.457342462245188,0.093,0.214,1
"Gm15283",0.131171986081798,-0.314841460602559,0.047,0.143,1
"Metap1",0.131175609723489,0.613198088784676,0.116,0.043,1
"Ddx47",0.131175609723489,0.763850540348224,0.116,0.043,1
"Ddt",0.131175609723489,-0.634187372707034,0.023,0.1,1
"Mapk9",0.131175609723489,0.728173184420402,0.116,0.043,1
"Abca5",0.131175609723489,-0.645739357438319,0.023,0.1,1
"Heatr5b",0.131175609723489,-0.491049757292551,0.023,0.1,1
"Dele1",0.131175609723489,-0.591947722610055,0.023,0.1,1
"Marchf5",0.131175609723489,-0.674879987506272,0.023,0.1,1
"Dnmt3a",0.131223187603737,-0.655344647779116,0.07,0.171,1
"Dek",0.131223187603737,-0.677269961260767,0.07,0.171,1
"Actr10",0.131768232405608,0.374602781121988,0.209,0.1,1
"Nme1",0.131811998209939,0.897332456581475,0.209,0.114,1
"Il10rb",0.131941597711543,0.631555494221005,0.14,0.057,1
"Spaca6",0.131941597711543,0.692991769000628,0.14,0.057,1
"Uri1",0.132019669528879,-0.782480060197412,0.047,0.129,1
"Slc8a1",0.132731868499988,-0.861809884605983,0.07,0.157,1
"5031425E22Rik",0.134266607847701,0.7886869353014,0.209,0.114,1
"Eef1a1",0.134424946270051,-0.372351136837544,0.279,0.429,1
"Lrrfip1",0.134606035244383,-0.47914186915527,0.023,0.1,1
"Zbed6",0.134606035244383,0.550822918851847,0.116,0.043,1
"Ndufb6",0.134606035244383,-0.459591228946171,0.023,0.1,1
"Eri3",0.134606035244383,-0.542482204618818,0.023,0.1,1
"3110082I17Rik",0.134606035244383,-0.490922910891981,0.023,0.1,1
"Arl8b",0.134606035244383,0.685479940377064,0.116,0.043,1
"Arhgap10",0.134606035244383,0.58269582690053,0.116,0.043,1
"Wdr61",0.134606035244383,0.690024449263469,0.116,0.043,1
"Cep70",0.134606035244383,-0.624503063823628,0.023,0.1,1
"Map2k2",0.134606035244383,-0.590816301622445,0.023,0.1,1
"Nf2",0.134606035244383,-0.516114370713292,0.023,0.1,1
"Pwwp2a",0.134606035244383,-0.513131454198585,0.023,0.1,1
"Dgke",0.134606035244383,0.734238066777039,0.116,0.043,1
"Ifrd1",0.134606035244383,-0.426794140109727,0.023,0.1,1
"Ttc5",0.134606035244383,0.690850359513545,0.116,0.043,1
"Klf10",0.134606035244383,0.622324674355914,0.116,0.043,1
"Senp1",0.134606035244383,-0.535983315882249,0.023,0.1,1
"Znhit2",0.134606035244383,-0.597960349290636,0.023,0.1,1
"Ppp1r12b",0.135048780524729,0.654567294474309,0.14,0.057,1
"Fnta",0.135048780524729,0.63331370497171,0.14,0.057,1
"Vezf1",0.135048780524729,0.594527163150589,0.14,0.057,1
"Synj1",0.135415463931162,0.405471694161967,0.186,0.086,1
"Rapgef4",0.136103890797481,0.678301161928244,0.442,0.357,1
"Tspan9",0.136242780493845,-0.610215743104686,0.093,0.2,1
"Sema7a",0.136424499618559,-0.679457598596315,0.07,0.171,1
"Rasgrp3",0.136555308197032,0.668365680943828,0.233,0.129,1
"Cdc123",0.13691468932668,0.464536457798981,0.163,0.071,1
"Nrbp1",0.13691468932668,-0.370861207943426,0.047,0.143,1
"Cox8a",0.137064060375747,-0.552035050954383,0.256,0.386,1
"Scg5",0.137169103790193,-0.625940272445028,0.163,0.3,1
"Psma3",0.137264939429998,-0.701814729846313,0.116,0.229,1
"Fam172a",0.137730762798237,-0.730216074817057,0.14,0.257,1
"Rab7",0.137747013599762,0.806043267325142,0.186,0.1,1
"Abi2",0.137749367391221,0.789911680938445,0.186,0.1,1
"Idh3b",0.138023968185981,-0.790996441052106,0.047,0.129,1
"Oasl2",0.138105403155239,0.737159145513709,0.116,0.043,1
"Gata2",0.138105403155239,-0.437475662068936,0.023,0.1,1
"Ipo8",0.138105403155239,-0.455075166602799,0.023,0.1,1
"Abhd8",0.138105403155239,0.717708580111658,0.116,0.043,1
"Myo5a",0.138105403155239,0.506903466510802,0.116,0.043,1
"Smn1",0.138105403155239,0.668808198352981,0.116,0.043,1
"Desi1",0.138105403155239,-0.363773369186874,0.023,0.1,1
"Tfg",0.138105403155239,0.567572840612182,0.116,0.043,1
"Hcfc1r1",0.138105403155239,-0.584804715846343,0.023,0.1,1
"Smad7",0.138140781598832,-1.00859948621795,0.07,0.157,1
"Brd9",0.138212207434902,0.584704175027852,0.14,0.057,1
"Tagln3",0.138212207434902,0.52939969476634,0.14,0.057,1
"Ndufv3",0.138212207434902,0.697191570831444,0.14,0.057,1
"Jmjd1c",0.138930978974054,-0.465376682239571,0.256,0.386,1
"Ncoa3",0.139084131995765,-0.462738994106195,0.07,0.171,1
"Ube2d3",0.139585120856151,0.615189213016024,0.256,0.143,1
"Kansl1",0.139968792757416,-0.65490668429936,0.209,0.357,1
"Rpl37a",0.141090506850702,0.439811724364101,0.302,0.186,1
"Acsl3",0.141103991145482,-0.819855956441445,0.047,0.129,1
"Gclm",0.14119287246569,-0.535113568827415,0.093,0.2,1
"Ifitm3",0.141342332972231,0.549804670437916,0.326,0.2,1
"Rtf1",0.141402934760775,0.705085707676214,0.233,0.129,1
"Enpp2",0.141432432492545,0.431585114939179,0.14,0.057,1
"ENSMUSG00000120926",0.141674467692331,0.580203597223705,0.116,0.043,1
"Stard3nl",0.141674467692331,0.719691947731481,0.116,0.043,1
"1810062O18Rik",0.141674467692331,0.533012595446697,0.116,0.043,1
"Chm",0.141674467692331,0.916238933316079,0.116,0.043,1
"Zfp521",0.141783511976721,-0.333052571695925,0.07,0.171,1
"Tlk2",0.141842728982977,0.634065691615213,0.209,0.114,1
"Edn1",0.142849441763104,0.469385945273468,0.163,0.071,1
"Glul",0.142902791068338,0.698410431044956,0.326,0.229,1
"Yaf2",0.143148206979566,0.786203249194826,0.186,0.1,1
"Laptm4a",0.143465207578274,-0.521571333937777,0.163,0.3,1
"Arpc3",0.143875818204134,0.458555335471135,0.233,0.129,1
"Gabarapl1",0.144236573783519,-0.875668077340616,0.047,0.129,1
"Appl2",0.144236573783519,-0.87882699347453,0.047,0.129,1
"Tsc22d3",0.144236573783519,-0.733609991196907,0.047,0.129,1
"Iars2",0.144710003181855,0.589910962065423,0.14,0.057,1
"Rbmxl1",0.144710003181855,0.492370346869286,0.14,0.057,1
"Vps35",0.144710003181855,0.456785025436111,0.14,0.057,1
"Pebp1",0.144801453164671,0.552940859325855,0.372,0.271,1
"Galnt2",0.145313973215982,0.582883449816775,0.116,0.043,1
"Alas1",0.145907804493378,0.901476398854864,0.186,0.1,1
"Trip12",0.146381728093392,0.563146181116773,0.233,0.129,1
"Fbxo3",0.146570581703955,-0.760007080653612,0.07,0.157,1
"Dync1i1",0.146570581703955,-0.84662974354899,0.07,0.157,1
"Ssb",0.146726907970746,0.496491728201786,0.256,0.143,1
"St6gal1",0.146726907970746,0.547515908482635,0.256,0.143,1
"Cyyr1",0.14690530599507,-0.721959174916935,0.349,0.457,1
"Dixdc1",0.147422191870354,-0.626798753674631,0.047,0.129,1
"ENSMUSG00000120012",0.147422191870354,-0.785975213683443,0.047,0.129,1
"Acot13",0.147422191870354,-0.739190173966516,0.047,0.129,1
"Uqcc2",0.147422191870354,-0.627704625681695,0.047,0.129,1
"Atp6v1d",0.147706280199412,0.28410209950702,0.302,0.186,1
"Gm42892",0.148045460064578,0.545097261281329,0.14,0.057,1
"Cdc26",0.148045460064578,0.479736644071331,0.14,0.057,1
"Atp10a",0.148478347063634,-0.51799659572373,0.512,0.657,1
"Scn8a",0.148979666630768,0.458094658074562,0.163,0.071,1
"Tmf1",0.149024653615936,0.440488502186588,0.116,0.043,1
"Tusc3",0.149024653615936,0.515454835765261,0.116,0.043,1
"Epdr1",0.149024653615936,0.53606991987114,0.116,0.043,1
"Khdrbs3",0.149024653615936,0.552825261398903,0.116,0.043,1
"Micos13",0.149024653615936,0.373243824448985,0.116,0.043,1
"Irak1",0.149024653615936,0.491971622328222,0.116,0.043,1
"Ddx3y",0.149024653615936,0.41630459757178,0.116,0.043,1
"Dop1a",0.149466283324478,-0.776027222247983,0.07,0.157,1
"N4bp2l2",0.149743011885349,0.588271311966617,0.209,0.114,1
"Dnm1",0.150661315091543,-0.764376902288762,0.047,0.129,1
"Trim47",0.150661315091543,-0.636836148117708,0.047,0.129,1
"Gdi1",0.150661315091543,-0.634421116296482,0.047,0.129,1
"Chd3",0.151109199387018,0.85317834084289,0.233,0.143,1
"Il1rapl1",0.151198954282134,-0.772922099522579,0.163,0.286,1
"Ubn2",0.151378201399023,-0.670683610272457,0.14,0.257,1
"Diras2",0.151439336421533,0.432337062931481,0.14,0.057,1
"Itpkb",0.151493552115166,0.546405855606097,0.233,0.129,1
"Ccnl2",0.151506302847199,-0.540325101963769,0.093,0.2,1
"Fn1",0.151885177789767,0.741692543430014,0.326,0.214,1
"Stt3b",0.152807231712471,0.479163962074101,0.116,0.043,1
"P4hb",0.152807231712471,0.380807160825815,0.116,0.043,1
"Marchf2",0.152807231712471,0.422161776530611,0.116,0.043,1
"Mdh2",0.153656219925808,-0.795031167366291,0.116,0.214,1
"Sh3glb1",0.153749649282449,-0.51659326596463,0.14,0.257,1
"Fbxl2",0.15395440675752,-0.621434543658057,0.047,0.129,1
"Gria4",0.1541721962348,-0.479321108894437,0.093,0.2,1
"Ahi1",0.1541721962348,-0.486349701967447,0.093,0.2,1
"AW554918",0.154299893875655,0.729212837545176,0.256,0.157,1
"Dpy19l1",0.154892157892027,0.430548889913443,0.14,0.057,1
"Pltp",0.154962462524022,0.42817619899392,0.605,0.471,1
"Supt20",0.155887651565936,-0.250219665397385,0.07,0.171,1
"Prmt1",0.156662418653714,0.283110724373027,0.116,0.043,1
"Bsg",0.156665207608786,0.59594246207253,0.791,0.8,1
"Ndnf",0.156873587707693,-0.820695706251474,0.093,0.2,1
"Hps3",0.157301923511686,-0.698307696658163,0.047,0.129,1
"Cdh11",0.157301923511686,-0.786046727114449,0.047,0.129,1
"Parp14",0.157301923511686,-0.492421111108607,0.047,0.129,1
"Atp8a1",0.157945992689978,0.452592035926378,0.512,0.386,1
"Flywch1",0.15840444211141,0.421867110302563,0.14,0.057,1
"Ranbp9",0.15841542053199,-0.504962353527447,0.07,0.157,1
"Nr1d2",0.15841542053199,-0.625552956122972,0.07,0.157,1
"Ccny",0.158447761823892,-0.458333451994142,0.233,0.343,1
"Uqcrb",0.159310189823866,0.535514591641489,0.256,0.157,1
"Ap3m1",0.159379265711301,-0.708604308977369,0.093,0.186,1
"Mef2a",0.160232315168667,0.383079142135918,0.488,0.371,1
"Prkch",0.160265087855907,-0.585981153170635,0.186,0.314,1
"Bex3",0.160319991349942,0.677215840162514,0.186,0.1,1
"Kpna4",0.160324443452235,-0.713084493371517,0.14,0.243,1
"Rps27a",0.160414987887833,0.56310848023848,0.302,0.2,1
"Ypel2",0.160590913309607,0.442464057262841,0.116,0.043,1
"Hdlbp",0.160704315037207,-0.667198404265148,0.047,0.129,1
"Gm37376",0.160704315037207,-0.604036997093885,0.047,0.129,1
"Lamp2",0.160704315037207,-0.826035808432324,0.047,0.129,1
"Arglu1",0.160779318009382,-0.646954689615328,0.256,0.386,1
"Pmepa1",0.160793332196816,0.690517297915056,0.209,0.114,1
"Zfp638",0.160888614817933,0.529259359710165,0.326,0.214,1
"Tmem167",0.161486907015105,-0.750208510259046,0.07,0.157,1
"Smdt1",0.161493164545472,0.727944314717115,0.233,0.143,1
"Ctxn1",0.162383809040382,-0.511902206361371,0.093,0.2,1
"Sash1",0.162526120244561,-0.625661336892769,0.233,0.386,1
"Fgfr2",0.162542968208281,-0.515502565129846,0.186,0.314,1
"Vamp2",0.163518477816222,0.54461654523663,0.279,0.171,1
"Ifi35",0.163648881878447,0.75194795821963,0.163,0.086,1
"Fbxw2",0.163649873007542,0.609183123123026,0.209,0.114,1
"Synpr",0.164162023762663,-0.480349428349867,0.047,0.129,1
"Fbxo11",0.164474470886434,-0.402525781032294,0.116,0.229,1
"Bbln",0.16460315054475,-0.495026594520135,0.07,0.157,1
"Ecpas",0.165092408882131,-0.596004490212175,0.093,0.186,1
"Rgs3",0.165092408882131,-0.661982996151939,0.093,0.186,1
"Nudc",0.16637710991213,0.709453566010692,0.186,0.1,1
"6330403K07Rik",0.16637710991213,0.557717001903351,0.186,0.1,1
"St3gal4",0.167675484566748,-0.310470800993957,0.047,0.129,1
"Gm55122",0.167675484566748,-0.594265484852347,0.047,0.129,1
"Immp1l",0.167764465775669,-0.592032769500272,0.07,0.157,1
"Fars2",0.167764465775669,-0.643699982282625,0.07,0.157,1
"Shoc2",0.168006163738298,-0.645606278116529,0.093,0.186,1
"Arhgap26.1",0.16803882383084,-0.462103967434159,0.093,0.2,1
"Nucks1",0.16857501582731,0.642160556456792,0.279,0.171,1
"Sugt1",0.169469459065917,0.779429864789752,0.186,0.1,1
"Fubp1",0.170958362909544,-0.580269380247194,0.093,0.186,1
"Ppfia2",0.17097116222038,-0.866016679730493,0.07,0.157,1
"Luc7l3",0.17097116222038,-0.521926383217032,0.07,0.157,1
"Lyst",0.17097116222038,-0.701674860008729,0.07,0.157,1
"Ints6l",0.171245124482185,-0.536536764527183,0.047,0.129,1
"Clk1",0.172407096390719,-0.640569946004299,0.116,0.214,1
"Cox6a1",0.172407096390719,-0.627228951192538,0.116,0.214,1
"Bptf",0.172604710122846,0.64279872169727,0.186,0.1,1
"Tut4",0.172702858798847,-0.410438448671541,0.186,0.3,1
"Ccdc88a",0.173748007350207,-0.6410410444384,0.14,0.257,1
"Dcun1d3",0.173840436749318,-0.54461146272424,0.093,0.2,1
"Sf3b6",0.173949243249639,-0.639944161764794,0.093,0.186,1
"Gm609",0.173949243249639,-0.578446747622857,0.093,0.186,1
"Slc25a3",0.174053965045838,-0.595170767686103,0.233,0.343,1
"Plat",0.174223544075232,-0.755010564200692,0.07,0.157,1
"Sema3c",0.174812576282297,-0.53966385183564,0.395,0.529,1
"Meis2",0.174871362399057,-0.434940149132542,0.047,0.129,1
"BC028528",0.174871362399057,-0.387174707428103,0.047,0.129,1
"Nbeal1",0.175026324337125,0.387767891359677,0.302,0.2,1
"9630028H03Rik",0.175219874524455,-0.666289985212694,0.116,0.214,1
"Gap43",0.175783138611867,0.702391469878446,0.186,0.1,1
"Cdk8",0.175883570983706,-0.569360368313688,0.14,0.243,1
"Mtdh",0.17637405936208,-0.625120535561947,0.233,0.343,1
"Ftl1",0.176725731456758,-0.446296332229196,0.186,0.314,1
"Cdh5",0.176979037676785,-0.59242664414171,0.093,0.186,1
"Ptpn14",0.177521910046266,-0.635388600095895,0.07,0.157,1
"Psenen",0.177521910046266,-0.401572709177215,0.07,0.157,1
"Trappc9",0.177521910046266,-0.528677197661672,0.07,0.157,1
"Shank3",0.177521910046266,-0.58947504212018,0.07,0.157,1
"Agfg1",0.178066752983731,-0.573345384305196,0.116,0.214,1
"Sfi1",0.178554608767731,-0.433456530426102,0.047,0.129,1
"Lmo4",0.179038687129961,0.575074541281547,0.279,0.171,1
"Mllt11",0.179110475315772,0.427176947962494,0.233,0.129,1
"Dst",0.179176572028492,0.741973141015596,0.326,0.229,1
"Eng",0.179459397793599,0.393015365744364,0.465,0.343,1
"Map1lc3b",0.180047975058654,-0.593487780818154,0.093,0.186,1
"Hsp90b1",0.180096199202652,0.57405346080819,0.326,0.214,1
"Hlcs",0.180396294169238,0.707900824587879,0.163,0.086,1
"Dmxl1",0.182065847761122,0.348047503319756,0.233,0.129,1
"Med21",0.182295265301565,-0.278886236204966,0.047,0.129,1
"Cfl2",0.182295265301565,-0.45897930718417,0.047,0.129,1
"Parp4",0.182295265301565,-0.308278111567147,0.047,0.129,1
"Nrip1",0.182295265301565,-0.39326797388819,0.047,0.129,1
"Itm2a",0.182445154246837,0.633819621984239,0.512,0.414,1
"Ndufb8",0.183156280097408,-0.592908141417011,0.093,0.186,1
"Nars",0.184257760663863,-0.5835297821997,0.07,0.157,1
"Pde8a",0.184725264540247,0.251869554239518,0.209,0.114,1
"Srp14",0.185232104792884,0.335041524742832,0.256,0.143,1
"Chl1",0.186093724679605,-0.303007069026109,0.047,0.129,1
"Rnf19a",0.186093724679605,-0.299730624058283,0.047,0.129,1
"Tuba1a",0.186670109294408,-0.462973126367582,0.326,0.5,1
"Ankhd1",0.187050550184512,0.756234476786176,0.279,0.2,1
"Lrp8",0.187440501456766,0.629364096572113,0.163,0.086,1
"Ralgapa1",0.187514368576849,0.514104078429181,0.605,0.529,1
"Rasal2",0.188271114802241,-0.32773286359089,0.581,0.686,1
"Gm10076",0.188702560294677,-0.649398846107015,0.047,0.114,1
"Mib1",0.189498811585537,-0.812738228592778,0.093,0.171,1
"Naxd",0.189950370249456,-0.300444073760652,0.047,0.129,1
"Tnks2",0.189977863567909,0.393773585052206,0.279,0.171,1
"Bcas3",0.190316381270518,-0.448624529936586,0.186,0.3,1
"Psma5",0.19103784175029,0.724276804256834,0.163,0.086,1
"Rnf213",0.19103784175029,0.730431073176889,0.163,0.086,1
"Cr1l",0.19110071186574,0.453511665051878,0.209,0.114,1
"Cox7a2",0.19110071186574,0.429395912774684,0.209,0.114,1
"Garre1",0.191141362903539,0.341295093396408,0.465,0.329,1
"4833420G17Rik",0.191180987293227,-0.456094217433857,0.07,0.157,1
"Vim",0.192142057841028,0.810321734743076,0.209,0.129,1
"Dram2",0.192142057841028,0.704059980153264,0.209,0.129,1
"Uhrf2",0.192332231170076,0.414988713061405,0.186,0.1,1
"Mapt",0.192719583280664,-0.611838814164722,0.093,0.186,1
"Ppp1ca",0.192771801078917,-0.648360970914401,0.047,0.114,1
"Wwtr1",0.192936910257708,0.688856244944257,0.326,0.214,1
"Rundc3b",0.193122477318222,-0.289757758803038,0.651,0.786,1
"Ankrd12",0.193290443975988,-0.287161575880041,0.349,0.514,1
"Rsu1",0.194348510397887,0.371272848717983,0.209,0.114,1
"Ccdc85b",0.19437844838985,0.312506547271634,0.349,0.229,1
"Gvin-ps7",0.194685737576479,-0.756873143329379,0.07,0.143,1
"Thrap3",0.195427444967094,-0.358682479714344,0.14,0.243,1
"Sgcz",0.195874302076791,-0.538124793066275,0.116,0.214,1
"Lima1",0.195874302076791,-0.614727064385451,0.116,0.214,1
"Lrrtm4",0.195987518637277,-0.693980057778243,0.093,0.186,1
"Smap1",0.196165715924589,-0.726897421810501,0.093,0.171,1
"Dpysl2",0.196165715924589,0.903732593471716,0.186,0.114,1
"Ccnyl1",0.196905160147146,-0.708968467683495,0.047,0.114,1
"Tfrc",0.197392784256589,0.460777528594717,0.535,0.429,1
"Rbms3",0.197839704917913,0.75445410266734,0.14,0.071,1
"Ubr3",0.19799909809135,-0.477120497713151,0.163,0.271,1
"Srarp",0.19838447802075,0.709223161813622,0.163,0.086,1
"Sub1",0.200808062722235,0.749200322678103,0.279,0.2,1
"Abr",0.201103042875118,-0.63294666082313,0.047,0.114,1
"Dennd5a",0.201293462696161,-0.481801946129755,0.14,0.243,1
"Camk2n1",0.201733327314781,0.597820192932697,0.419,0.314,1
"Ino80",0.201921884946051,-0.280648166349088,0.07,0.157,1
"Rsrc1",0.202090984781819,0.435027459324925,0.233,0.143,1
"Iqgap1",0.202090984781819,-0.445103205325569,0.116,0.214,1
"Taf3",0.202134344532844,-0.658101687612449,0.07,0.143,1
"Psmd8",0.202134344532844,-0.98611319705567,0.07,0.143,1
"Ssbp2",0.202644860647973,-0.469354334473545,0.093,0.186,1
"Arpp19",0.202779832095246,0.70784691276725,0.256,0.171,1
"Erg",0.202796314847118,0.491100363610187,0.186,0.1,1
"Fermt2",0.203433105735364,-0.415315684978755,0.233,0.343,1
"Ddx24",0.204355289147592,-0.293412736056101,0.163,0.286,1
"Susd6",0.205106564102689,0.784812654415686,0.209,0.129,1
"Dab1",0.205365842228233,-0.584798316213852,0.047,0.114,1
"Usp48",0.205365842228233,-0.878540577839784,0.047,0.114,1
"Trappc10",0.205365842228233,-0.5848728727903,0.047,0.114,1
"Hacd2",0.205365842228233,-0.605473299660371,0.047,0.114,1
"Wbp4",0.205598160949651,-0.27220398905431,0.07,0.157,1
"Tcerg1",0.205598160949651,-0.355252855389333,0.07,0.157,1
"Rbbp4",0.205935610723994,-0.709849131962837,0.07,0.143,1
"Mir124a-1hg",0.205966138198851,0.756310372928996,0.14,0.071,1
"Cysltr1",0.205966138198851,0.729015375926834,0.14,0.071,1
"Egfl7",0.206363876074802,0.725120419806898,0.535,0.471,1
"Psmb2",0.2063748728405,0.378171534617343,0.186,0.1,1
"Hnrnpa3",0.208450260967472,0.60278925860124,0.233,0.143,1
"Tmem30a",0.208450260967472,-0.388189628443363,0.116,0.214,1
"Ppfia1",0.209693938397555,-0.684039294966842,0.047,0.114,1
"Myt1l",0.21001197948647,-0.727385835474046,0.093,0.171,1
"Ssx2ip",0.210119117607655,0.621451404447122,0.14,0.071,1
"Rab21",0.210119117607655,0.841827047366389,0.14,0.071,1
"Mpzl1",0.210331690503661,-0.321494184010139,0.14,0.243,1
"Srrm2",0.211682917420055,0.549077348450989,0.395,0.329,1
"Ndufa11",0.211683753770217,0.725033761950238,0.233,0.143,1
"Afdn",0.211816538410379,0.482118953917046,0.465,0.414,1
"Prkg1",0.212688206654493,-0.497393842066468,0.488,0.629,1
"Ppp1r10",0.212937436229983,-0.391961829827423,0.093,0.186,1
"Bcl2l1",0.213190920034125,0.549978965568784,0.256,0.157,1
"Cnot6",0.213693396184533,-0.806436129356632,0.07,0.143,1
"Raph1",0.214087698437614,-0.546492920866723,0.047,0.114,1
"Ddah1",0.214087698437614,-0.723836238700773,0.047,0.114,1
"Cct6a",0.214087698437614,-0.643838209325513,0.047,0.114,1
"Ndfip2",0.214087698437614,-0.700906870229325,0.047,0.114,1
"Pdha1",0.214087698437614,-0.482302140523843,0.047,0.114,1
"Stard8",0.21433237076834,0.662329255600356,0.14,0.071,1
"Kmt2e",0.214634646798232,0.425426816347443,0.395,0.271,1
"Nt5dc1",0.21472175827322,0.985684570512627,0.116,0.057,1
"Scaf4",0.21472175827322,0.86912680221488,0.116,0.057,1
"Dync1i2",0.214953345568977,0.470624388309707,0.233,0.143,1
"Exoc5",0.214953345568977,0.467245016159459,0.233,0.143,1
"Hdac9",0.214957455813421,0.449728576609164,0.256,0.171,1
"Arhgef11",0.215239181872991,0.631389115780851,0.209,0.129,1
"Tra2a",0.215287905579122,-0.396636718728606,0.163,0.271,1
"Ckap5",0.217471193894341,-0.615025561828727,0.163,0.257,1
"Kdm6a",0.217471193894341,-0.540182628860348,0.163,0.257,1
"Eva1b",0.217650421670203,0.438042865559557,0.163,0.086,1
"Preb",0.217650421670203,0.450678111924834,0.163,0.086,1
"Zdhhc17",0.217650421670203,0.337752660870532,0.163,0.086,1
"Vps13d",0.218259178140795,-0.57505314345396,0.116,0.214,1
"Stmn1",0.218407500018255,0.486868365065852,0.395,0.314,1
"Pcgf3",0.218547475906284,-0.55643289328236,0.047,0.114,1
"Kbtbd11",0.218547475906284,-0.482260523356806,0.047,0.114,1
"Larp1",0.218547475906284,-0.447930162965884,0.047,0.114,1
"Nbr1",0.218547475906284,-0.605895923310198,0.047,0.114,1
"Bcap29",0.218547475906284,-0.574693156181346,0.047,0.114,1
"Sufu",0.218547475906284,-0.511962899582078,0.047,0.114,1
"Rbbp7",0.218547475906284,-0.546149955266188,0.047,0.114,1
"Eln",0.218686721711981,-1.03900123874936,0.116,0.2,1
"Rpl21",0.219374516842621,-0.481826213690465,0.279,0.4,1
"Ube2d2a",0.219413098427345,0.742510175165395,0.116,0.057,1
"Gstt2",0.220005651589623,-0.447104380352446,0.093,0.186,1
"Nrp1",0.220734296026287,0.399989902625703,0.116,0.229,1
"Zc3h15",0.220851465450149,-0.757085619604572,0.093,0.171,1
"Slc39a10",0.220899892552546,0.451084673939155,0.558,0.471,1
"Foxp1",0.220983227459028,-0.555885435083854,0.465,0.571,1
"Os9",0.221659858868519,-0.536295058484093,0.07,0.143,1
"Gm21992",0.221659858868519,0.448190107913582,0.163,0.086,1
"Crip2",0.222067013127823,0.758024821663219,0.302,0.229,1
"Zfp110",0.222940925731559,0.505438459749908,0.14,0.071,1
"Cdh13",0.222940925731559,0.624831112856531,0.14,0.071,1
"Dhx40",0.222940925731559,0.599510786240495,0.14,0.071,1
"Elp2",0.222940925731559,0.571548988208768,0.14,0.071,1
"Ints8",0.223073610507048,-0.474814449359113,0.047,0.114,1
"Gtf2a2",0.223073610507048,-0.495760750096841,0.047,0.114,1
"Psmd11",0.223073610507048,-0.464301519982596,0.047,0.114,1
"Commd10",0.223073610507048,-0.480577990345451,0.047,0.114,1
"Taok1",0.22360444349452,-0.557186938721328,0.163,0.257,1
"Hltf",0.224177571079058,0.734589208132679,0.116,0.057,1
"Amotl2",0.224177571079058,0.782393667892145,0.116,0.057,1
"Mapk8ip3",0.224177571079058,0.845797960173603,0.116,0.057,1
"Pbx3",0.224980111695323,-0.465014782792408,0.116,0.214,1
"Smchd1",0.225561252739962,-0.559850065120098,0.116,0.2,1
"Mia3",0.22572193918787,-0.434498672916706,0.07,0.143,1
"Prkar1b",0.22572193918787,-0.692155779189949,0.07,0.143,1
"Kpnb1",0.22572193918787,0.380659594125928,0.163,0.086,1
"Brd8",0.22572193918787,-0.555297501578144,0.07,0.143,1
"Lcor",0.22572193918787,0.575454287939205,0.163,0.086,1
"Rnf169",0.225727589000022,0.636827096186401,0.209,0.129,1
"Chmp4b",0.227336811747649,0.542104199225455,0.14,0.071,1
"Sike1",0.227336811747649,0.481505647883007,0.14,0.071,1
"Hnrnpul2",0.227336811747649,0.675816243198793,0.14,0.071,1
"Usp33",0.227666427733919,-0.449113855947749,0.047,0.114,1
"Scamp5",0.227666427733919,-0.505619635934841,0.047,0.114,1
"Rufy2",0.227666427733919,-0.652237551017268,0.047,0.114,1
"Brd4",0.228395474979031,-0.407504499035196,0.116,0.214,1
"Nop53",0.22901554866257,0.651556286132237,0.116,0.057,1
"Btbd1",0.229836885002253,0.335456032284179,0.163,0.086,1
"Pnpla8",0.229836885002253,-0.680499537370747,0.07,0.143,1
"Tcf20",0.229836885002253,0.389063876025568,0.163,0.086,1
"Ndufs1",0.231794139372675,0.629648963923954,0.14,0.071,1
"Ndn",0.231794139372675,0.48257574628315,0.14,0.071,1
"Chic2",0.232086327470611,-0.642119962482577,0.093,0.171,1
"Dnajc24",0.232326238519335,-0.598582476548094,0.047,0.114,1
"Nae1",0.232326238519335,-0.385707968317684,0.047,0.114,1
"Ddit4",0.232326238519335,-0.552433684213303,0.047,0.114,1
"Lars",0.232326238519335,-0.450117930957513,0.047,0.114,1
"Fnbp1l",0.232406896475385,-0.518906371808473,0.209,0.329,1
"Tuba1b",0.232588709274131,-0.672195261084831,0.116,0.2,1
"Rpl32",0.232671468181153,0.323486200296468,0.256,0.157,1
"Zfp36l1",0.232671468181153,-0.490461323459101,0.14,0.229,1
"Rbm5",0.233034682596625,-0.523343396214214,0.163,0.257,1
"Atad2b",0.233927385856442,0.722299582798863,0.116,0.057,1
"Pacsin1",0.233927385856442,0.679598260535366,0.116,0.057,1
"Pip5k1a",0.234004909456685,0.361368316927298,0.163,0.086,1
"9530026P05Rik",0.234975041652828,-0.53139017520373,0.395,0.486,1
"Ambra1",0.235858424845746,0.535802030468767,0.256,0.171,1
"Sv2a",0.235919927757506,-0.569370975429358,0.093,0.171,1
"Srsf2",0.235919927757506,-0.594812291205419,0.093,0.171,1
"Csde1",0.236160110950065,-0.492806185552299,0.116,0.2,1
"Nfu1",0.23631316995548,0.562850430058106,0.14,0.071,1
"Pstk",0.23631316995548,0.500190116238108,0.14,0.071,1
"Psmd12",0.23631316995548,0.583608087924274,0.14,0.071,1
"Plk2",0.23631316995548,0.481006392456593,0.14,0.071,1
"Arhgap5",0.236477227353397,0.524253565301459,0.372,0.271,1
"Cops2",0.237053338885319,-0.414058130269919,0.047,0.114,1
"Orai1",0.237053338885319,-0.344100557895358,0.047,0.114,1
"Hbs1l",0.237053338885319,-0.38748472256602,0.047,0.114,1
"Zfc3h1",0.237053338885319,-0.298743176373171,0.047,0.114,1
"Fam171a1",0.23822621627432,-0.627213161447568,0.07,0.143,1
"Ski",0.23822621627432,-0.455733705621963,0.07,0.143,1
"6820431F20Rik",0.23822621627432,-0.454111791701536,0.07,0.143,1
"Ndufaf7",0.23822621627432,0.368070474322203,0.163,0.086,1
"Rpl13",0.238587672016764,0.369263134464048,0.442,0.343,1
"Zfp800",0.238913419141009,0.605927355579794,0.116,0.057,1
"Tmem259",0.238913419141009,0.542703531352051,0.116,0.057,1
"A630089N07Rik",0.238913419141009,0.601658600240787,0.116,0.057,1
"Pcdh1",0.238913419141009,0.632470532107871,0.116,0.057,1
"Lncpint",0.239051321713108,-0.391600164196604,0.209,0.314,1
"Pkp4",0.239162944336449,-0.472206997420993,0.233,0.343,1
"Lrch1",0.239241392910931,-0.605162516613208,0.349,0.429,1
"Ywhae",0.240553786072534,-0.410407106530635,0.209,0.314,1
"2900026A02Rik",0.240889010374122,0.811091576430655,0.163,0.1,1
"Pkig",0.240894152037509,0.459498055058128,0.14,0.071,1
"Galnt11",0.240894152037509,0.397672030988644,0.14,0.071,1
"Puf60",0.240894152037509,0.353515439128207,0.14,0.071,1
"Fcho2",0.241811781326057,-0.601639251670078,0.279,0.371,1
"Edem3",0.241848009598206,-0.279587786834241,0.047,0.114,1
"Stx16",0.241848009598206,-0.422253244266159,0.047,0.114,1
"Nes",0.241848009598206,-0.410772792300343,0.047,0.114,1
"2210408F21Rik",0.241848009598206,-0.50128742299798,0.047,0.114,1
"Vwa1",0.242425757877605,0.358887230748781,0.233,0.143,1
"Pdap1",0.24250099956539,-0.438849369557333,0.07,0.143,1
"Tet3",0.24250099956539,-0.477346742834792,0.07,0.143,1
"Hes1",0.24250099956539,-0.474592710029413,0.07,0.143,1
"Cnot6l",0.243223595725342,0.40106386249427,0.279,0.2,1
"Ptp4a2",0.243418870394647,-0.41532087069749,0.116,0.2,1
"Nfkbia",0.243721018888475,-0.576823305534483,0.093,0.171,1
"Rnpepl1",0.243973966360684,0.623606350898659,0.116,0.057,1
"Desi2",0.243973966360684,0.713204057751034,0.116,0.057,1
"Rpn1",0.243973966360684,0.521888862421259,0.116,0.057,1
"Ccdc58",0.243973966360684,0.623727698530201,0.116,0.057,1
"Phip",0.244270198741404,0.505615203991905,0.256,0.171,1
"Arhgap32",0.245537321077147,0.350684372443214,0.14,0.071,1
"Nptx1",0.246710515827237,-0.397550099240137,0.047,0.114,1
"Robo1",0.246710515827237,-0.375264215181111,0.047,0.114,1
"Rc3h2",0.246829443638122,-0.403111664721477,0.07,0.143,1
"Lrfn5",0.246829443638122,-0.478936208163202,0.07,0.143,1
"Secisbp2l",0.247688793093366,-0.468351441237878,0.093,0.171,1
"Cox6b1",0.247688793093366,0.664018234313541,0.186,0.114,1
"Usp25",0.247688793093366,-0.498419241843229,0.093,0.171,1
"Ubb",0.249087776457141,0.426453637957551,0.535,0.443,1
"Emc4",0.249109326291561,0.575195509278406,0.116,0.057,1
"Dnajb4",0.249109326291561,0.560257100803594,0.116,0.057,1
"Nup93",0.249109326291561,0.553033098609053,0.116,0.057,1
"Atp1b2",0.249109326291561,0.566466967338395,0.116,0.057,1
"Dimt1",0.249109326291561,0.569572941007531,0.116,0.057,1
"Ocrl",0.249109326291561,0.511624750486853,0.116,0.057,1
"Necap1",0.250242899177238,0.4327316149229,0.14,0.071,1
"Ngly1",0.250242899177238,0.420072249285009,0.14,0.071,1
"Nfat5",0.250951209499011,-0.301565945245603,0.302,0.429,1
"Zhx3",0.251147985477726,0.542070792094046,0.256,0.171,1
"Sh3bgrl3",0.251606259775275,0.456454072558584,0.209,0.129,1
"Rnf7",0.251641106807334,-0.291890898165706,0.047,0.114,1
"Fam104a",0.251641106807334,-0.307173096143586,0.047,0.114,1
"Max",0.251641106807334,-0.306902066865078,0.047,0.114,1
"Cltb",0.251701563700392,0.510844627971128,0.186,0.114,1
"Ywhaz",0.252998374989617,0.420961679021202,0.302,0.214,1
"Atp6v0a1",0.25307759240669,0.693386067738094,0.279,0.2,1
"Evl",0.25307759240669,-0.383008969056769,0.163,0.271,1
"Tmem234",0.253546614354399,-0.726657879671812,0.14,0.214,1
"Pds5a",0.253549906879584,0.821828443783775,0.163,0.1,1
"Ccdc136",0.254319778214755,0.470029990872425,0.116,0.057,1
"Ikbkb",0.254319778214755,0.737633292158052,0.116,0.057,1
"Notum",0.254319778214755,0.553075743029929,0.116,0.057,1
"Gm49417",0.254598573711985,-0.480496135684684,0.116,0.2,1
"Ly75",0.255011094816015,0.405526470318634,0.14,0.071,1
"Psmb3",0.255465726371182,0.342145631736854,0.209,0.129,1
"Mrps21",0.255648001231734,-0.401497146727902,0.07,0.143,1
"Ndufb7",0.255648001231734,-0.473225298441509,0.07,0.143,1
"Adamts10",0.255759454816075,-0.468878241881247,0.093,0.171,1
"B4galt1",0.25664001550634,-0.262295765754401,0.047,0.114,1
"Prdm16",0.25664001550634,-0.358497997414244,0.047,0.114,1
"Irgm2",0.25664001550634,-0.352585604283555,0.047,0.114,1
"Ppm1l",0.256955526847781,-0.569129891535901,0.14,0.229,1
"Adgrl2",0.257084826263634,0.428766126786483,0.372,0.271,1
"Bri3",0.257188465874987,0.623215713036098,0.233,0.157,1
"Armc8",0.257188465874987,-0.576701737457098,0.14,0.214,1
"Atp5d",0.257188465874987,0.734928612325719,0.233,0.157,1
"Dennd4c",0.25840330134679,-0.457830967888246,0.116,0.2,1
"Atpif1",0.25840330134679,0.569239071934772,0.209,0.143,1
"Rps2",0.259064601901032,0.606967528974023,0.302,0.229,1
"Fhip1b",0.259605581495883,0.579376012312976,0.116,0.057,1
"Fyttd1",0.259605581495883,0.495676777932311,0.116,0.057,1
"Cbr1",0.259605581495883,0.469297323670896,0.116,0.057,1
"Hmgn1",0.259605581495883,0.494243235709136,0.116,0.057,1
"Hagh",0.259605581495883,0.511481317400067,0.116,0.057,1
"Fus",0.259646974380232,0.66044284529393,0.372,0.3,1
"Clock",0.259862583307077,-0.424702845516002,0.093,0.171,1
"Prpf39",0.259862583307077,0.542194787396277,0.186,0.114,1
"Acin1",0.259862583307077,-0.438677688432513,0.093,0.171,1
"Psmd4",0.260138432687426,-0.356028936731669,0.07,0.143,1
"Ube2j2",0.260138432687426,-0.335345945523744,0.07,0.143,1
"Rpl23a",0.260138432687426,-0.429870920560446,0.07,0.143,1
"Yipf4",0.260138432687426,-0.380141342675828,0.07,0.143,1
"Wipf1",0.261353865072059,-0.803298328548991,0.093,0.157,1
"Baiap2",0.261893605260552,0.896248089396184,0.186,0.129,1
"Fzd6",0.262176659275607,-0.339028600051912,0.256,0.386,1
"Nedd4l",0.26224726372687,-0.43822382398787,0.116,0.2,1
"Zfp407",0.26224726372687,-0.416804985500871,0.116,0.2,1
"Sorbs2os",0.263918774389195,-0.431418359863252,0.209,0.314,1
"Mycbp2",0.264168936654862,-0.278620557480592,0.256,0.371,1
"Tm9sf3",0.264589458319771,0.347873924704823,0.233,0.143,1
"Qser1",0.264683160432125,-0.543387470194311,0.07,0.143,1
"Napb",0.264683160432125,-0.295231979277887,0.07,0.143,1
"Ggps1",0.264683160432125,-0.400456354871761,0.07,0.143,1
"Cnr1",0.264736102910764,0.346768921662506,0.14,0.071,1
"Hs3st1",0.264736102910764,0.395361610797208,0.14,0.071,1
"Msl2",0.264736102910764,0.278609591642624,0.14,0.071,1
"F11r",0.264966975171139,0.531685444134713,0.116,0.057,1
"Rnf13",0.264966975171139,0.482199022704722,0.116,0.057,1
"Nipsnap2",0.264966975171139,0.448063924885641,0.116,0.057,1
"Tpi1",0.264966975171139,0.361074908144032,0.116,0.057,1
"Sirt3",0.264966975171139,0.448645870242573,0.116,0.057,1
"Ddx21",0.264966975171139,0.356476046137975,0.116,0.057,1
"2610008E11Rik",0.264966975171139,0.466667603972793,0.116,0.057,1
"Herc1",0.265530159489885,0.469315947901757,0.326,0.243,1
"Rsrc2",0.265993074904871,-0.543247036419049,0.233,0.314,1
"Selenom",0.266401622207644,-0.660890624060663,0.07,0.129,1
"Numb",0.26649373283252,-0.428445535080707,0.163,0.257,1
"Tmeff2",0.268204982996294,-0.462860991848336,0.093,0.171,1
"Ythdc1",0.268204982996294,-0.312789620160067,0.093,0.171,1
"Id1",0.268744912550317,0.628301183818052,0.372,0.3,1
"Hdgfl3",0.26928231700585,-0.375699187419386,0.07,0.143,1
"Ttyh2",0.26928231700585,-0.304299968198617,0.07,0.143,1
"Fam193a",0.270053225401703,-0.399626101013754,0.116,0.2,1
"Hpca",0.270404177540367,0.401912886886798,0.116,0.057,1
"Dnajc15",0.270404177540367,0.427116364369697,0.116,0.057,1
"Ppp1r11",0.270404177540367,0.341246038032132,0.116,0.057,1
"Cd151",0.271188868671132,-0.76678371291701,0.07,0.129,1
"Rab28",0.27244445070484,0.4491419243455,0.186,0.114,1
"Trf",0.27244445070484,0.447890290911237,0.186,0.114,1
"ENSMUSG00000119984",0.27244445070484,-0.293705725055223,0.093,0.171,1
"Nrcam",0.274015376839134,-0.367860107089002,0.116,0.2,1
"Esyt2",0.275354625751405,0.311527164751648,0.581,0.471,1
"Bod1l",0.275379232848567,0.299471888308644,0.209,0.129,1
"Mrpl20",0.275666640479889,0.705911428445755,0.163,0.1,1
"Slc25a4",0.275799016811119,0.377472332070051,0.395,0.329,1
"Zfhx3",0.27591738576757,0.416071635395256,0.116,0.057,1
"Coro2b",0.27591738576757,0.377438626246349,0.116,0.057,1
"Usp19",0.27591738576757,0.452949124032995,0.116,0.057,1
"Rxylt1",0.27591738576757,0.314650636017418,0.116,0.057,1
"Fam168a",0.275941333562307,-0.779267850686934,0.14,0.214,1
"Specc1l",0.276729548588133,-0.46487590657436,0.093,0.171,1
"Aldoa",0.277429430763664,0.53069595779099,0.395,0.3,1
"Phc3",0.278017067154018,-0.424115211282177,0.116,0.2,1
"Cplane1",0.278644392190012,-0.260234060221469,0.07,0.143,1
"Gfod2",0.278702547815785,-0.510320654512077,0.047,0.1,1
"Taf1b",0.278702547815785,-0.534294752675798,0.047,0.1,1
"Chga",0.278702547815785,-0.665726176743033,0.047,0.1,1
"Mir6236",0.279105038973711,0.373473378504033,0.349,0.271,1
"Vwf",0.279485747077121,-0.895113030748565,0.116,0.186,1
"Hnrnpk",0.279485747077121,-0.687077759322096,0.116,0.186,1
"Tln1",0.279793866283225,0.305472620500444,0.14,0.071,1
"Ube4a",0.279797645993354,0.297518486109298,0.14,0.071,1
"Tm2d1",0.280243356793612,0.599791646908379,0.163,0.1,1
"Osbpl1a",0.280760948174893,0.590134316914453,0.256,0.2,1
"Adgrl1",0.28106035562627,0.463277668942511,0.186,0.114,1
"Atp6v1a",0.28106035562627,0.441245153832448,0.186,0.114,1
"Csnk2a1",0.281506775489275,0.346791452394606,0.116,0.057,1
"Lrif1",0.281506775489275,0.258077693645662,0.116,0.057,1
"Tnfaip1",0.281506775489275,0.351581370442682,0.116,0.057,1
"Coa3",0.281506775489275,0.360229434136299,0.116,0.057,1
"Notch4",0.281506775489275,0.334415613394828,0.116,0.057,1
"Tgfb2",0.282058357878291,0.801214222331929,0.209,0.143,1
"Zeb2",0.282058357878291,-0.274648870039281,0.116,0.2,1
"Pacs1",0.283633695540447,-0.683512102427316,0.116,0.186,1
"Srsf3",0.284294210221301,0.538240305108694,0.279,0.2,1
"Gad2",0.284330087316045,-0.832028756392173,0.047,0.1,1
"Znfx1",0.284330087316045,-0.59703343698652,0.047,0.1,1
"H2aj",0.284330087316045,-0.630411268973891,0.047,0.1,1
"Syn3",0.284330087316045,-0.480244224028184,0.047,0.1,1
"Cdkn1a",0.284330087316045,-0.747264366928987,0.047,0.1,1
"Srsf10",0.284871421111937,0.600196046246788,0.163,0.1,1
"Pomp",0.284871421111937,0.677531510342295,0.163,0.1,1
"Dnajc19",0.285436942896338,-0.355676156263413,0.093,0.171,1
"Gnb1",0.285707530002106,-0.58157762878818,0.186,0.271,1
"Morf4l1",0.286242494098834,0.258790045904543,0.279,0.186,1
"Tmem164",0.287172500431182,0.328642010280693,0.116,0.057,1
"Kras",0.287628083560968,0.41055757500807,0.233,0.157,1
"Acvrl1",0.287630260859242,-0.465897511690724,0.14,0.214,1
"Med13",0.28811163698469,0.258681561660651,0.233,0.143,1
"Hmcn1",0.288397994275382,0.592256617633526,0.674,0.629,1
"Rpl4",0.289550909896955,0.595213472413063,0.163,0.1,1
"Ppp2ca",0.289550909896955,0.581639395116338,0.163,0.1,1
"Pclo",0.290034030565367,-0.592211591073567,0.047,0.1,1
"Ntrk2",0.290034030565367,-0.581581701052303,0.047,0.1,1
"Pcdh19",0.290034030565367,-0.679149010988646,0.047,0.1,1
"Hsp90ab1",0.290719468175904,-0.359137051995717,0.605,0.714,1
"Rhoc",0.290925034051737,-0.513423355836524,0.07,0.129,1
"Scd2",0.29123383499001,-0.264014682455745,0.186,0.3,1
"Hectd1",0.291599749559218,-0.392716175183569,0.14,0.214,1
"Gria1",0.292054116669303,0.263199243658197,0.209,0.129,1
"Ndufa10",0.292914692033513,0.286400549371718,0.116,0.057,1
"Mbtps1",0.292914692033513,0.362462994284413,0.116,0.057,1
"Cfh",0.292998304260177,-0.713436018919063,0.209,0.286,1
"Atp2b1",0.293533677877951,0.368276460716687,0.535,0.443,1
"Golim4",0.293662997341273,0.33513835327831,0.279,0.186,1
"Hras",0.294281889419291,0.503806105667819,0.163,0.1,1
"Dennd6a",0.294281889419291,0.648143482134057,0.163,0.1,1
"Arih1",0.294420358149901,-0.253810623124502,0.116,0.2,1
"Bclaf1",0.294420358149901,-0.369505279953257,0.116,0.2,1
"Zswim6",0.294610795484853,-0.302330796299872,0.14,0.229,1
"Nhsl1",0.294726139790002,-0.3680984277812,0.256,0.357,1
"Dlc1",0.295605893400323,0.270640852403611,0.233,0.157,1
"Ssr2",0.295814497723572,-0.73257758250119,0.047,0.1,1
"Tgfbr1",0.295814497723572,-0.430844459038555,0.047,0.1,1
"Ccni",0.295814497723572,-0.688216852326265,0.047,0.1,1
"Trrap",0.295814497723572,-0.547346474758783,0.047,0.1,1
"E130307A14Rik",0.295814497723572,-0.78951297291995,0.047,0.1,1
"Timp2",0.295814497723572,-0.651769179120471,0.047,0.1,1
"Tmed7",0.295814497723572,-0.589244460933579,0.047,0.1,1
"Gng12",0.296006360023293,-0.580416701322293,0.07,0.129,1
"Ankfy1",0.296006360023293,0.718251514386398,0.14,0.086,1
"Rbm25",0.296256590264957,-0.661903182719142,0.14,0.2,1
"Hspa5",0.296962844896084,-0.500752299660433,0.093,0.157,1
"Maco1",0.298841976146994,-0.300364187302439,0.093,0.171,1
"Stxbp3",0.299064415624078,0.498739057261984,0.163,0.1,1
"Npepps",0.29964872373625,0.453542330554894,0.233,0.157,1
"Vps13a",0.29964872373625,-0.503311359757089,0.14,0.214,1
"Adgrb3",0.300036078503055,0.839243180137289,0.186,0.129,1
"Chgb",0.300640872598756,-0.734621777657759,0.116,0.186,1
"Ostf1",0.300640872598756,0.314407697346572,0.209,0.129,1
"Tpr",0.30094730905299,0.399699292254031,0.349,0.257,1
"Spred1",0.301146748947133,-0.53803704917218,0.07,0.129,1
"4921511C10Rik",0.301146748947133,0.66436932606838,0.14,0.086,1
"Fam110d",0.301146748947133,-0.474363036713773,0.07,0.129,1
"Clec14a",0.301146748947133,0.762887548918821,0.14,0.086,1
"Nsun6",0.301671586120259,-0.381239883459617,0.047,0.1,1
"Clns1a",0.301671586120259,-0.536925702469157,0.047,0.1,1
"Usp4",0.301671586120259,-0.492353728843619,0.047,0.1,1
"Psmd2",0.301671586120259,-0.473986451089274,0.047,0.1,1
"Dynlrb1",0.302258557675295,-0.881410394345669,0.116,0.171,1
"Cox5b",0.302564654014006,-0.341690310953334,0.14,0.229,1
"Phactr2",0.302564654014006,-0.298653076952981,0.14,0.229,1
"Dhx36",0.302860550768162,-0.256969119617267,0.116,0.2,1
"Pcp4",0.303928523873866,-0.52028460911032,0.186,0.271,1
"Skil",0.30634625145223,-0.423015760506216,0.07,0.129,1
"Parp12",0.30634625145223,-0.533362918075198,0.07,0.129,1
"Tpk1",0.30634625145223,-0.604643549356995,0.07,0.129,1
"Gprasp1",0.30634625145223,0.68597801586403,0.14,0.086,1
"Ndufa5",0.306349695349591,-0.58453069439122,0.093,0.157,1
"Hint1",0.307036841335256,0.323425579918083,0.256,0.171,1
"E130102H24Rik",0.307605369903729,-0.420684512870456,0.047,0.1,1
"Ncdn",0.307605369903729,-0.466860540768996,0.047,0.1,1
"Tbc1d1",0.307605369903729,-0.515581140554102,0.047,0.1,1
"Slc46a3",0.307605369903729,-0.43961918748007,0.047,0.1,1
"Tshz3",0.307605369903729,-0.418583831525618,0.047,0.1,1
"Ube2q2",0.307605369903729,-0.412445767070212,0.047,0.1,1
"Brms1l",0.307605369903729,-0.511830189938926,0.047,0.1,1
"Hcn1",0.307605369903729,-0.661580305308142,0.047,0.1,1
"Atp6v1c1",0.307605369903729,-0.440407419503833,0.047,0.1,1
"Cables1",0.307605369903729,-0.549770379044267,0.047,0.1,1
"Stx3",0.307605369903729,-0.438430647640383,0.047,0.1,1
"Herc4",0.307844542692859,-0.562475950582233,0.14,0.214,1
"Vti1b",0.307844542692859,0.413352751401887,0.233,0.157,1
"Podxl",0.308557489488872,-0.766437711861474,0.209,0.271,1
"Prdm2",0.308784279450685,0.489281463511013,0.163,0.1,1
"Atp5g3",0.309394231346476,-0.60671893829673,0.116,0.186,1
"Brwd1",0.311116074145444,-0.48143346274725,0.093,0.157,1
"Calm1",0.311277011214081,-0.256592678532853,0.744,0.829,1
"Mir99ahg",0.311604904209417,-0.700495541414142,0.07,0.129,1
"Taf1d",0.311606144340219,-0.482238275075283,0.116,0.186,1
"Gbf1",0.312660810057215,0.44305057994202,0.186,0.114,1
"Wac",0.313251744677532,-0.414586746040617,0.209,0.3,1
"Zfand3",0.31337185087392,-0.469362801777094,0.233,0.314,1
"Slc19a3",0.313615899700077,-0.503393581779635,0.047,0.1,1
"Tgs1",0.313615899700077,-0.536267996799401,0.047,0.1,1
"Washc2",0.313615899700077,-0.441802065511751,0.047,0.1,1
"Napa",0.313615899700077,-0.538129660984486,0.047,0.1,1
"Mfge8",0.313615899700077,-0.469499546241701,0.047,0.1,1
"Pcsk7",0.313615899700077,-0.305474741229841,0.047,0.1,1
"Usp22",0.313615899700077,-0.34380089431067,0.047,0.1,1
"Map3k4",0.313615899700077,-0.3835276280927,0.047,0.1,1
"Chd1",0.313615899700077,-0.446354464707909,0.047,0.1,1
"Zdhhc6",0.313615899700077,-0.342732440279413,0.047,0.1,1
"Ap2s1",0.313721676171056,0.370888437120258,0.163,0.1,1
"Slc38a3",0.313721676171056,0.391485381961859,0.163,0.1,1
"Rpl8",0.313940922228984,0.423260540356307,0.349,0.286,1
"Rps5",0.314146562714285,0.44234036496854,0.279,0.2,1
"Pcdh9",0.314731152366353,0.323016813541119,0.302,0.229,1
"Negr1",0.314760891465296,-0.343993616478848,0.14,0.229,1
"Atp6v1h",0.315931114905397,-0.578102084124259,0.093,0.157,1
"Degs2",0.315931114905397,-0.533865651670959,0.093,0.157,1
"Zbtb16",0.316187350047091,-0.473714684642306,0.14,0.214,1
"Clint1",0.316187350047091,-0.500054232681399,0.14,0.214,1
"Trps1",0.316917889827505,-0.298095660961282,0.209,0.3,1
"Tubb4a",0.316919210877308,0.66961330226513,0.14,0.086,1
"Vcl",0.316922729758221,-0.254261727880509,0.07,0.129,1
"Slc16a2",0.318016218271355,0.496482746102649,0.279,0.2,1
"Ndufa8",0.318314350183373,-0.395484253440439,0.116,0.186,1
"Phldb2",0.318314350183373,-0.322443850417519,0.116,0.186,1
"Gnai3",0.31871073752455,0.660113769906558,0.163,0.1,1
"Basp1",0.319045799758458,0.449958866142169,0.256,0.186,1
"Klf2",0.319047657795712,-0.304238009408618,0.186,0.271,1
"Pecam1",0.319086175023491,-0.264192925364958,0.326,0.443,1
"Casp8",0.319703202282823,-0.420093399192818,0.047,0.1,1
"Pikfyve",0.319703202282823,-0.429653967508082,0.047,0.1,1
"Nos1ap",0.319703202282823,-0.376719394118071,0.047,0.1,1
"Myh10",0.319703202282823,-0.575635802420051,0.047,0.1,1
"Zfp369",0.319703202282823,-0.324454613220196,0.047,0.1,1
"Pde10a",0.319703202282823,-0.376368716264983,0.047,0.1,1
"Cdkl5",0.319703202282823,-0.366287646243917,0.047,0.1,1
"Por",0.320794825267795,-0.472239346678529,0.093,0.157,1
"Ndufb11",0.320794825267795,-0.454006200705903,0.093,0.157,1
"Cttnbp2nl",0.322103569911467,0.282932439910252,0.186,0.114,1
"Pea15a",0.322299736338655,0.553797169615544,0.14,0.086,1
"Snrpg",0.322299736338655,-0.4260054486805,0.07,0.129,1
"Inf2",0.322299736338655,0.653410600704668,0.14,0.086,1
"Rbms1",0.32272480795322,0.443360030784261,0.419,0.357,1
"Ctnna1",0.324206262722606,0.382309974955051,0.326,0.257,1
"Sptlc2",0.32508202095198,0.567987406946944,0.186,0.129,1
"Thada",0.325084621466512,-0.717950305255853,0.116,0.171,1
"Gimap6",0.325707203109722,-0.597933677654846,0.093,0.157,1
"Stk25",0.325867280253522,-0.405738890787147,0.047,0.1,1
"Ssbp1",0.325867280253522,-0.355233382046458,0.047,0.1,1
"Selenos",0.325867280253522,-0.284538293638046,0.047,0.1,1
"Orc6",0.325867280253522,-0.265850426052123,0.047,0.1,1
"Camkv",0.325867280253522,-0.376652136692718,0.047,0.1,1
"Xbp1",0.325867280253522,-0.318120917396597,0.047,0.1,1
"A930037H05Rik",0.325867280253522,-0.291593260021259,0.047,0.1,1
"Esd",0.325867280253522,-0.373176203979479,0.047,0.1,1
"Ccdc191",0.325867280253522,-0.463710209896123,0.047,0.1,1
"Sltm",0.325985166440868,0.467601539990907,0.302,0.229,1
"Ssbp4",0.326288131928229,0.330821368736189,0.163,0.1,1
"Itpr1",0.327401273340347,-0.56491323402452,0.116,0.186,1
"Cntln",0.327735917728175,-0.519780272038544,0.07,0.129,1
"Scfd1",0.327735917728175,-0.316157803497542,0.07,0.129,1
"Eif3j1",0.328843852724241,0.28889625287508,0.163,0.1,1
"Smarca5",0.329781056244484,-0.779644855922144,0.116,0.171,1
"Etv6",0.329793935006172,-0.501378268568173,0.209,0.286,1
"Spast",0.33066823644948,-0.406065079355522,0.093,0.157,1
"Kif1b",0.331242861443605,0.504115710178344,0.256,0.186,1
"Rps15",0.331518395020357,0.45580317752771,0.233,0.171,1
"Farsb",0.332108111733721,-0.284903465581988,0.047,0.1,1
"Ilf2",0.332108111733721,-0.262966288962063,0.047,0.1,1
"Tsg101",0.332108111733721,-0.314273802474977,0.047,0.1,1
"Gabrg3",0.332108111733721,-0.458305635108013,0.047,0.1,1
"Slc16a4",0.332145669557017,0.684393763106016,0.186,0.129,1
"Kif16b",0.333231253083912,0.486802963296153,0.14,0.086,1
"Crebzf",0.333231253083912,0.58053049712257,0.14,0.086,1
"Myl12b",0.333231253083912,-0.381503483449365,0.07,0.129,1
"Sec24b",0.333656744132974,0.533074742403666,0.209,0.143,1
"Kcmf1",0.333987878095959,0.42996174041316,0.163,0.1,1
"Septin4",0.333987878095959,0.291087456796643,0.163,0.1,1
"Fbxl20",0.333987878095959,0.341456511276757,0.163,0.1,1
"Ran",0.334163277364462,0.288735859272008,0.186,0.114,1
"Tnrc6c",0.334185765457871,-0.25940455985649,0.233,0.343,1
"Smyd3",0.334654532097559,0.61856491828854,0.279,0.214,1
"Gpd2",0.335374691577093,0.403284970846068,0.256,0.186,1
"Ubl3",0.335796285274009,-0.274682630830837,0.14,0.229,1
"Pdlim5",0.337269304353983,-0.296664420202224,0.279,0.371,1
"Dock9",0.33745104216606,-0.45539732818308,0.605,0.6,1
"Lims1",0.337846649475246,0.833429591909361,0.326,0.286,1
"Lbr",0.33842565006866,-0.269882369155849,0.047,0.1,1
"Mir100hg",0.33842565006866,-0.289619266854983,0.047,0.1,1
"Celf5",0.33842565006866,-0.27613569376809,0.047,0.1,1
"Bod1",0.33842565006866,-0.325600127707917,0.047,0.1,1
"Kctd16",0.33842565006866,-0.284390640077458,0.047,0.1,1
"Ddrgk1",0.338785706790378,0.464876036692988,0.14,0.086,1
"Scg3",0.339926752730702,0.733302897239698,0.116,0.071,1
"Cdk19",0.340109548317179,0.461454783049366,0.233,0.171,1
"Sdcbp",0.340736171837778,-0.370127738613483,0.093,0.157,1
"Nav2",0.340736171837778,-0.455183180908949,0.093,0.157,1
"Robo4",0.340736171837778,-0.365530567791695,0.093,0.157,1
"Atp5h",0.3413923967559,-0.348240553167238,0.209,0.286,1
"Osbpl8",0.341900599313143,0.426871344283767,0.279,0.2,1
"Tubb2a",0.342638472729841,0.682296157802922,0.279,0.214,1
"Cttnbp2",0.342814337378044,0.39212508283134,0.209,0.143,1
"Plpp3",0.344399228312766,0.504093348868987,0.14,0.086,1
"Pop5",0.344399228312766,-0.289715685924799,0.07,0.129,1
"Slco2b1",0.344399228312766,0.563852799781532,0.14,0.086,1
"Jund",0.344399228312766,-0.275713063155395,0.07,0.129,1
"Sec14l1",0.344399228312766,0.623601323023996,0.14,0.086,1
"Snx6",0.344399228312766,-0.327563826325277,0.07,0.129,1
"Map3k1",0.344399228312766,0.497873470477926,0.14,0.086,1
"Ptar1",0.344399228312766,0.483947358474758,0.14,0.086,1
"Ddx42",0.344430708741634,0.398592955954698,0.163,0.1,1
"Fmo1",0.344819823543112,-0.270505109909721,0.047,0.1,1
"Gm14211",0.344819823543112,-0.415778741298973,0.047,0.1,1
"Plekha5",0.346544710545574,-0.363779020388262,0.14,0.214,1
"Ndufs4",0.346562675441413,0.538127394521945,0.186,0.129,1
"Ccdc85a",0.347472119586319,-0.318641335846906,0.442,0.486,1
"Slc16a1",0.349729417541062,0.358276604264756,0.163,0.1,1
"Slc30a1",0.350071752056018,0.503218407426693,0.14,0.086,1
"Acvr2a",0.350071752056018,0.493988014166831,0.14,0.086,1
"Shld1",0.350071752056018,-0.387490258791633,0.07,0.129,1
"Ate1",0.350071752056018,-0.315087203914024,0.07,0.129,1
"Btg3",0.350071752056018,0.414470764063693,0.14,0.086,1
"Gda",0.350071752056018,0.47381734937603,0.14,0.086,1
"Snx3",0.350743144815638,0.371628503187763,0.279,0.214,1
"Nav3",0.350847595172395,-0.348432754954126,0.116,0.186,1
"Gpi1",0.350998334889714,-0.252848645150338,0.093,0.157,1
"Lamp5",0.35129053510972,-0.257913921301061,0.047,0.1,1
"Sec63",0.351455589883426,0.551666842743921,0.186,0.129,1
"Prdx2",0.352923527023506,-0.499239680161825,0.14,0.2,1
"Tle5",0.352923527023506,0.723705263020234,0.209,0.157,1
"Tmcc1",0.354261290357901,-0.41231897421504,0.186,0.257,1
"Ndufs5",0.355079571768456,-0.641942659244729,0.093,0.143,1
"Hp1bp3",0.355661570510524,-0.363408948237202,0.116,0.186,1
"Caly",0.356202114494807,-0.326183167733172,0.093,0.157,1
"Nufip2",0.356528993856176,-0.312257050655341,0.163,0.243,1
"Rbfox2",0.357383724149479,-0.392601255561215,0.256,0.343,1
"Ppid",0.358462721125531,0.56752252972592,0.116,0.071,1
"Vta1",0.358462721125531,0.7708226762161,0.116,0.071,1
"Blmh",0.358462721125531,0.649409570666066,0.116,0.071,1
"Crebbp",0.359770636112678,0.451738547171462,0.256,0.2,1
"Trappc3",0.360481094186468,0.26838775407293,0.163,0.1,1
"Pgk1",0.360481094186468,0.30523330290287,0.163,0.1,1
"Gm20559",0.360517000035495,-0.368366928570058,0.116,0.186,1
"Klc1",0.360517000035495,-0.272652333704708,0.116,0.186,1
"Scn2a",0.361454265600708,-0.496008283347122,0.093,0.157,1
"Cbx3",0.361454265600708,-0.366424230509584,0.093,0.157,1
"Eps8",0.361454265600708,-0.259904543685465,0.093,0.157,1
"Selenop",0.362059847122392,-0.293708195457925,0.233,0.314,1
"Acer2",0.362656590109567,-0.315370235283216,0.186,0.257,1
"Afap1l2",0.363878220407439,-0.593485923838105,0.116,0.171,1
"Ndufs3",0.364098454795076,0.568394998676758,0.163,0.114,1
"Ctnnd2",0.364698179981847,-0.587634856249531,0.14,0.214,1
"Ensa",0.365221161232407,-0.263441501166681,0.163,0.243,1
"Atl3",0.365221161232407,0.408201907742345,0.256,0.186,1
"Dstn",0.365413818719753,-0.283901851593665,0.116,0.186,1
"St13",0.365933895795466,-0.591573216476644,0.093,0.143,1
"mt-Nd5",0.366395308933433,0.433095683191005,0.186,0.129,1
"Tacc2",0.366758781194481,-0.801925137907034,0.07,0.114,1
"Ocln",0.36691579638807,-0.504347333368547,0.14,0.2,1
"Rpl31",0.367442451963441,0.355444156533494,0.14,0.086,1
"Tmbim4",0.367442451963441,0.308861215767319,0.14,0.086,1
"Cadps",0.367442451963441,0.430634760185109,0.14,0.086,1
"Stag2",0.368923228969115,-0.668930352706203,0.116,0.171,1
"Ago3",0.369423003375992,0.746392433458862,0.163,0.114,1
"Csrp2",0.369423003375992,0.636221312920395,0.163,0.114,1
"Git2",0.369950371523364,0.367642553361577,0.326,0.257,1
"Arl1",0.371166484883701,0.643834912599895,0.116,0.071,1
"Psmc5",0.371437875749888,-0.59335169503486,0.093,0.143,1
"Fut8",0.372068850429763,0.334262927441907,0.395,0.329,1
"Car4",0.372724896974395,0.620893027119877,0.256,0.2,1
"Vsnl1",0.373993721401151,-0.272891176904641,0.14,0.214,1
"Ctsd",0.374795695050046,0.62818126633253,0.163,0.114,1
"Usp15",0.374795695050046,0.715891405910106,0.163,0.114,1
"Tle4",0.375480951886413,-0.428264681301701,0.186,0.257,1
"Phf20",0.376116018896912,0.264630104840067,0.209,0.143,1
"Dnaaf9",0.376992921278867,-0.688474686411037,0.093,0.143,1
"Jak2",0.377500060620674,-0.26577530629797,0.093,0.157,1
"Wdr70",0.377621843932611,0.618032309292182,0.116,0.071,1
"Dpcd",0.377621843932611,0.484286941177611,0.116,0.071,1
"Mast4",0.377655169894428,-0.719102197306764,0.395,0.429,1
"Chmp3",0.379094413492265,-0.615267702496219,0.07,0.114,1
"Mindy1",0.379316037540152,0.316415189238114,0.14,0.086,1
"ENSMUSG00000121179",0.379316037540152,0.321313875507734,0.14,0.086,1
"4732471J01Rik",0.379316037540152,0.322479158032608,0.14,0.086,1
"Cdc37",0.379316037540152,0.338512265341389,0.14,0.086,1
"Map2k1",0.379316037540152,0.416445582774,0.14,0.086,1
"Tfdp2",0.379316037540152,0.322514235862454,0.14,0.086,1
"Epb41l2",0.379316037540152,0.29156703520014,0.14,0.086,1
"Ttc19",0.379316037540152,0.317449616477421,0.14,0.086,1
"Cwf19l2",0.38021641991941,0.540238221446071,0.163,0.114,1
"Phlpp1",0.381248804480132,-0.60206138727457,0.14,0.2,1
"Mia2",0.381248804480132,-0.4276025157528,0.14,0.2,1
"Psma7",0.381519549186903,0.408982392399098,0.256,0.2,1
"Lrrc4c",0.381995063281922,-0.718749952056891,0.186,0.257,1
"Taok2",0.38414593340065,0.433779172408904,0.116,0.071,1
"Cnbp",0.38431757039499,-0.474254556012453,0.116,0.171,1
"Dynll1",0.384390675865826,0.322107305652718,0.349,0.286,1
"Cadm2",0.385183952041087,-0.535668947087371,0.326,0.371,1
"Npdc1",0.385356835306648,-0.491815018564437,0.07,0.114,1
"Wwp1",0.386920979430009,0.418290155214043,0.186,0.129,1
"Klf3",0.386920979430009,0.483299015531631,0.186,0.129,1
"Dipk2b",0.387085177553394,0.386708861456068,0.372,0.3,1
"Fbxw7",0.38870048511059,0.336230803815028,0.279,0.214,1
"Rfc2",0.39073853505412,0.499305855831573,0.116,0.071,1
"Gria3",0.390992407957154,-0.433530646067548,0.14,0.2,1
"Esf1",0.391682072738506,-0.858388370227461,0.07,0.114,1
"Gm12353",0.391682072738506,-0.387825762719747,0.07,0.114,1
"Mosmo",0.391682072738506,-0.454621953230846,0.07,0.114,1
"Gpx1",0.391682072738506,-0.68117200917679,0.07,0.114,1
"Lrrfip2",0.391682072738506,-0.68959044816236,0.07,0.114,1
"Klf12",0.39178432288919,0.416660706044872,0.558,0.543,1
"Sem1",0.392159973270857,0.323176009750867,0.186,0.129,1
"Ptms",0.392885260165236,0.485307080528415,0.279,0.229,1
"Filip1",0.393067094299636,0.312150803273073,0.279,0.214,1
"Rapgef5",0.393483022886091,-0.417644931060429,0.163,0.229,1
"Bnip3l",0.393963143181305,-0.554263029630018,0.093,0.143,1
"Slc25a12",0.395920411705982,-0.327087573326112,0.14,0.2,1
"Stx6",0.397399408521221,0.379953813772205,0.116,0.071,1
"Mtpn",0.397399408521221,0.424009247405845,0.116,0.071,1
"Kdm7a",0.397399408521221,0.369703150565927,0.116,0.071,1
"Ube2m",0.397399408521221,0.623745940036904,0.116,0.071,1
"Tead1",0.397399408521221,0.517845372227303,0.116,0.071,1
"Tmem59l",0.397399408521221,0.380849383760309,0.116,0.071,1
"Map3k8",0.397399408521221,0.485991413659408,0.116,0.071,1
"Zmat2",0.397399408521221,0.423647922464447,0.116,0.071,1
"Dgkh",0.397468228008096,-0.309523289971498,0.186,0.257,1
"Gm20275",0.398069911378842,-0.750898863933253,0.07,0.114,1
"Fbxw11",0.399381652229046,0.296530307052757,0.233,0.171,1
"Kcnd2",0.399721082263023,-0.600169877505999,0.093,0.143,1
"Resf1",0.399721082263023,-0.41364957662673,0.093,0.143,1
"Manf",0.400098668811647,-0.333516235561803,0.116,0.171,1
"Dipk1a",0.402766222185546,0.353594612549066,0.186,0.129,1
"Cdc40",0.402766222185546,0.314398626191144,0.186,0.129,1
"Ssh2",0.404112913366962,-0.51644372658129,0.209,0.257,1
"Wdr76",0.404128291165626,0.391052075508057,0.116,0.071,1
"Txnip",0.404128291165626,0.495809227092223,0.116,0.071,1
"Rngtt",0.404128291165626,0.43777196864025,0.116,0.071,1
"Atraid",0.404128291165626,0.394008624504949,0.116,0.071,1
"Pnma8a",0.404128291165626,0.457590554022967,0.116,0.071,1
"Fam76b",0.404128291165626,0.460496590074756,0.116,0.071,1
"Ilkap",0.404520118064924,-0.563137213424189,0.07,0.114,1
"Dad1",0.405444407044552,-0.531451675440148,0.116,0.171,1
"Cbx5",0.405529341718068,-0.458015847055976,0.093,0.143,1
"Mapre2",0.405529341718068,-0.582509683055078,0.093,0.143,1
"Tcf4",0.405700735204297,-0.301979866813505,0.651,0.757,1
"Ppp3cb",0.405888294065932,-0.545289998261149,0.14,0.2,1
"Xdh",0.408133204993333,0.444238245047724,0.186,0.129,1
"Cntn1",0.410016660966378,0.276038394954877,0.14,0.086,1
"Ndufa2",0.410832597083011,-0.546079137051663,0.116,0.171,1
"Pfdn2",0.410924897971655,0.251659479909595,0.116,0.071,1
"Abl1",0.410924897971655,0.421386380058606,0.116,0.071,1
"Ism1",0.410924897971655,0.391157646631594,0.116,0.071,1
"Trim33",0.410924897971655,0.302623774271774,0.116,0.071,1
"Nme7",0.410927940830598,-0.332253990209944,0.14,0.2,1
"Klhl24",0.410927940830598,-0.327762587550113,0.14,0.2,1
"Swt1",0.411032440788848,-0.531986677072906,0.07,0.114,1
"Tra2b",0.4113877358074,-0.476857421987213,0.093,0.143,1
"Clec2d",0.411722046065014,-0.280183731363095,0.349,0.443,1
"Gm37240",0.412393062302996,-0.489693640919904,0.163,0.229,1
"Mindy2",0.413542563810256,0.345755112056646,0.186,0.129,1
"Fez1",0.413741958393548,0.694916462441275,0.163,0.114,1
"Cyrib",0.413741958393548,0.485939777869006,0.163,0.114,1
"Tm4sf1",0.413894537303798,0.312086353710376,0.233,0.171,1
"Gab2",0.413894537303798,-0.664801072665564,0.163,0.214,1
"Dlgap1",0.413894537303798,-0.417275304602573,0.163,0.214,1
"Clic4",0.414407541030569,0.250011563959521,0.419,0.357,1
"Ppp4r3b",0.415110874899177,0.707567964314651,0.209,0.171,1
"Dnaja2",0.416263085116438,-0.260467719488526,0.116,0.171,1
"Erc2",0.416612587993935,0.737636002851436,0.093,0.157,1
"Fbxl17",0.41682156872872,-0.56330184969767,0.302,0.357,1
"Evi5",0.417296066437889,-0.440303436680965,0.093,0.143,1
"Ctnna2",0.417296066437889,-0.442445060355189,0.093,0.143,1
"Cgnl1",0.417628016623291,0.333971910254034,0.302,0.243,1
"Sphkap",0.417788921441223,0.34023626739459,0.116,0.071,1
"Pex5l",0.417788921441223,0.420776241801997,0.116,0.071,1
"Tmem260",0.417788921441223,0.280909147614994,0.116,0.071,1
"Rims2",0.417788921441223,0.428668222326634,0.116,0.071,1
"Ier3",0.417788921441223,0.377060576136719,0.116,0.071,1
"Cds2",0.418994140386819,0.375921547334721,0.186,0.129,1
"Nfib",0.41933610140236,0.395771278753347,0.442,0.386,1
"Thra",0.419494933930289,0.446113550642699,0.163,0.114,1
"Calm3",0.420117869719638,0.638661192058084,0.209,0.171,1
"Usp53",0.420605268971739,-0.653301865735579,0.279,0.314,1
"Serpini1",0.421118015180646,-0.293283100570844,0.14,0.2,1
"Usp46",0.42173570844979,-0.401347167187852,0.116,0.171,1
"Atp9b",0.42173570844979,-0.348273043306635,0.116,0.171,1
"Cpd",0.423254123120067,-0.41154989454344,0.093,0.143,1
"Tasor2",0.423254123120067,-0.478227348040813,0.093,0.143,1
"Eci2",0.423254123120067,-0.414330522642674,0.093,0.143,1
"Rack1",0.423409912026739,0.618528578681595,0.14,0.1,1
"Rassf8",0.42374085858919,0.299735552927964,0.233,0.171,1
"Tcf25",0.423802732888995,0.268150138187414,0.326,0.257,1
"Ier5",0.424242331608136,-0.434505455948028,0.07,0.114,1
"Lingo1",0.424242331608136,-0.390615521247888,0.07,0.114,1
"Rian",0.424242331608136,-0.41582308115662,0.07,0.114,1
"Agpat4",0.424242331608136,-0.394271541132727,0.07,0.114,1
"Zfx",0.424242331608136,-0.444133313410063,0.07,0.114,1
"Cdk14",0.42445564063477,-0.422057236225094,0.209,0.257,1
"Rtl8a",0.424487767576164,0.288397561329694,0.186,0.129,1
"S100a16",0.424720031502787,0.446878434497371,0.116,0.071,1
"Vegfc",0.424720031502787,0.317475393128983,0.116,0.071,1
"Eny2",0.424720031502787,0.273502204749987,0.116,0.071,1
"Tbx1",0.424720031502787,0.252697914195282,0.116,0.071,1
"Grik2",0.425294674337959,0.393248103924698,0.163,0.114,1
"Rpl7",0.426268170249856,0.48185690088379,0.209,0.157,1
"AU021092",0.427250295478511,-0.375504515979601,0.116,0.171,1
"Klf7",0.428375275416922,0.44174548524846,0.279,0.229,1
"Nptn",0.429249810897685,0.42381488664528,0.349,0.314,1
"Otud4",0.429261682930826,-0.314292102256589,0.093,0.143,1
"Psmc1",0.429261682930826,-0.374113245338158,0.093,0.143,1
"H2-Q4",0.429261682930826,-0.293413088929835,0.093,0.143,1
"Zadh2",0.429261682930826,-0.301797087996062,0.093,0.143,1
"Flrt2",0.429373095223067,0.529016641234267,0.233,0.186,1
"Bzw1",0.430939300767459,-0.441910909312765,0.07,0.114,1
"2810025M15Rik",0.430939300767459,-0.386749779568517,0.07,0.114,1
"Slc4a10",0.430939300767459,-0.673165783330577,0.07,0.114,1
"Mpdz",0.430939300767459,-0.359243334239648,0.07,0.114,1
"Akap9",0.430939300767459,-0.421236186156029,0.07,0.114,1
"Krcc1",0.431140971762835,0.349072254220488,0.163,0.114,1
"Limk2",0.431717875432455,0.285686065360408,0.116,0.071,1
"Papola",0.432795056609631,0.756927387528515,0.186,0.143,1
"Agtpbp1",0.432806665666536,-0.315810545512867,0.116,0.171,1
"Arl6ip5",0.435318510481144,-0.375264100277355,0.093,0.143,1
"Cpeb4",0.435318510481144,-0.295859498972401,0.093,0.143,1
"Bcam",0.435878258519572,0.640322477718074,0.14,0.1,1
"Psmb7",0.437697187974769,-0.372898140384345,0.07,0.114,1
"Sema6d",0.437697187974769,-0.39304987304489,0.07,0.114,1
"Pde4dip",0.437697187974769,-0.399405427573169,0.07,0.114,1
"Sfswap",0.437697187974769,-0.322896292955239,0.07,0.114,1
"Arf5",0.437697187974769,-0.286924944191236,0.07,0.114,1
"Ireb2",0.437697187974769,-0.377087950281865,0.07,0.114,1
"Zfyve1",0.437697187974769,-0.382165007438158,0.07,0.114,1
"Zhx2",0.437697187974769,-0.356083786556224,0.07,0.114,1
"Strn3",0.437754110228202,0.265595304619293,0.349,0.286,1
"Selenof",0.438404629527349,-0.423203332585394,0.116,0.171,1
"Mlh1",0.438782077787444,0.265764567875082,0.116,0.071,1
"Smc1a",0.440348939401436,-0.636590317602085,0.14,0.186,1
"Zfp652",0.441424357888883,-0.365730071204687,0.093,0.143,1
"Tmem33",0.442190992005262,0.499345610738622,0.14,0.1,1
"Impact",0.442972350876301,0.358583813608929,0.163,0.114,1
"Tmtc4",0.444043988608162,-0.266118803819922,0.116,0.171,1
"Abcb7",0.444043988608162,-0.389341901366734,0.116,0.171,1
"Slc2a1",0.444303183181832,-0.375980036103245,0.488,0.557,1
"Ttc17",0.444515645948863,-0.463488929853208,0.07,0.114,1
"Cdk5r1",0.444515645948863,-0.361906635008818,0.07,0.114,1
"Ets1",0.445110319408521,0.57337233713796,0.302,0.257,1
"Mtus1",0.445619145035378,0.305579487224828,0.372,0.314,1
"Emc2",0.447232745313967,0.292782169680669,0.209,0.157,1
"Mkln1",0.448889252744921,0.326261815383143,0.209,0.3,1
"Arhgef2",0.448956961422772,0.363707728795012,0.163,0.114,1
"Camta1",0.449724535477215,-0.296747478254689,0.116,0.171,1
"Apc",0.450637528710359,-0.254821304074309,0.256,0.329,1
"Rcor1",0.451394308211067,-0.333254493146174,0.07,0.114,1
"Mboat1",0.451394308211067,-0.56619623663258,0.07,0.114,1
"Cacna1a",0.451473099330625,-0.386369710031673,0.209,0.271,1
"Cox7b",0.452564059768464,0.293204692051069,0.209,0.157,1
"Gng5",0.453782058155284,-0.267772998486886,0.093,0.143,1
"Jmy",0.453782058155284,-0.311241764107121,0.093,0.143,1
"St3gal1",0.453782058155284,-0.355621471610953,0.093,0.143,1
"Ptprs",0.453782058155284,-0.275631093865769,0.093,0.143,1
"Elp4",0.454089561722604,-0.580506150672003,0.163,0.214,1
"Ube2k",0.454891243198317,0.747424942209473,0.186,0.143,1
"Clu",0.454891243198317,0.496933176371503,0.186,0.143,1
"Ttyh1",0.454972136819184,0.646162604567748,0.14,0.1,1
"Rap1gds1",0.456175781520714,0.494866620750812,0.279,0.229,1
"Sacm1l",0.458332789060429,-0.270480267810213,0.07,0.114,1
"Peli2",0.458332789060429,-0.338748811816632,0.07,0.114,1
"Cox7c",0.459663046594964,-0.498444450808947,0.209,0.257,1
"Gkap1",0.460033352611475,-0.338304713117781,0.093,0.143,1
"2210408I21Rik",0.460033352611475,-0.435608186082533,0.093,0.143,1
"Nrgn",0.46057060229788,0.350856687660354,0.512,0.486,1
"Dpp8",0.461062763240154,0.405836579161776,0.163,0.114,1
"Yy1",0.461062763240154,0.317653087849798,0.163,0.114,1
"Zfp182",0.461062763240154,0.301848964751338,0.163,0.114,1
"Ubr1",0.461419585665337,-0.499283175945919,0.116,0.157,1
"Prpf6",0.461439928274423,0.352017418610461,0.14,0.1,1
"Ptbp3",0.462160870607122,-0.424238627850869,0.14,0.186,1
"Nlgn1",0.463094859644427,-0.422155001711503,0.302,0.343,1
"Ncoa7",0.463333652191008,-0.311471646690672,0.14,0.2,1
"Cyc1",0.465330683558899,-0.261792987936701,0.07,0.114,1
"Vip",0.46617332293277,0.516877181203482,0.186,0.143,1
"Ddi2",0.46633255010215,-0.271659726608483,0.093,0.143,1
"4930517O19Rik",0.466895377730106,0.381653560813946,0.279,0.214,1
"Grina",0.467011093633971,-0.262964852129263,0.116,0.171,1
"Ttc28",0.46733306191783,0.300038948957751,0.279,0.257,1
"Atp5o.1",0.467375321547245,-0.578408222941296,0.116,0.157,1
"Rnf216",0.467958762033525,0.488514770131206,0.14,0.1,1
"Cav1",0.467958762033525,-0.633809924818894,0.093,0.129,1
"Leng8",0.467958762033525,0.442941930394926,0.14,0.1,1
"Parvb",0.467958762033525,-0.832303256481707,0.093,0.129,1
"Uty",0.468771548006835,0.337070899812828,0.209,0.157,1
"Kansl1l",0.469674790868855,0.333797308720118,0.233,0.186,1
"Srgn",0.472105059563497,0.582339900982614,0.209,0.171,1
"Dctn1",0.472387567526597,-0.293041557994191,0.07,0.114,1
"Ppp3ca",0.472628415045529,-0.32376153019173,0.535,0.614,1
"Pcdh7",0.472854137492747,-0.26806732397942,0.116,0.171,1
"Otud7b",0.473373430855373,-0.743245939503668,0.116,0.157,1
"Cntn4",0.473373430855373,-0.481275168365553,0.116,0.157,1
"Heg1",0.473877577647797,-0.327833261998237,0.488,0.514,1
"Rgs4",0.474528292437417,0.436396657810586,0.14,0.1,1
"Cnot4",0.475259413457837,-0.288892746433754,0.209,0.271,1
"Nr3c2",0.476710214793741,-0.445733867237238,0.233,0.286,1
"Pir",0.477491866843397,0.357673549667292,0.209,0.171,1
"Ncam1",0.477609076105604,0.476864470171439,0.186,0.143,1
"Atp1a3",0.478907848006451,-0.381977783908176,0.14,0.186,1
"Zkscan3",0.478907848006451,-0.383882669137096,0.14,0.186,1
"Wdr37",0.479413640241998,-0.339900535871067,0.116,0.157,1
"Il15",0.479502997547257,-0.324455921446223,0.07,0.114,1
"Ppfibp1",0.48006741156789,0.282329420046466,0.233,0.186,1
"Slc17a7",0.480097867903709,-0.255718865839282,0.209,0.271,1
"Galnt18",0.483383991082975,0.377551840515391,0.186,0.143,1
"Nsd3",0.485626969975206,-0.485890247514247,0.163,0.214,1
"Nxpe2",0.487785301253475,-0.255060767974182,0.302,0.371,1
"Prrc2b",0.487817989138439,-0.580225852987151,0.093,0.129,1
"Fkbp8",0.487817989138439,0.521890202838072,0.14,0.1,1
"Ube3a",0.487830200602175,-0.583714655426513,0.209,0.243,1
"Cog5",0.488365637689106,0.52483150048154,0.209,0.171,1
"Dennd1b",0.489196601111742,0.41728492867888,0.186,0.143,1
"Rrbp1",0.489196601111742,0.303196287606456,0.186,0.143,1
"Map1lc3a",0.489196601111742,-0.592272235201341,0.14,0.171,1
"Phf21a",0.490584167392188,0.257379634094456,0.233,0.186,1
"Plcl1",0.493907626005006,0.411710138571578,0.07,0.114,1
"Tek",0.494526664542545,-0.287021185102656,0.395,0.457,1
"Zfp608",0.494537392758904,0.427111835036719,0.14,0.1,1
"Syt11",0.494773022117788,0.354904099062792,0.279,0.229,1
"Dlg1",0.494773022117788,0.35946405626324,0.279,0.229,1
"Relch",0.495888622670035,0.33833689828976,0.233,0.186,1
"Rps24",0.496001100506136,-0.384229754897646,0.256,0.3,1
"Pcbp2",0.496396959541854,-0.270258503642966,0.163,0.214,1
"Ncor2",0.497783986085601,-0.541773766097868,0.116,0.157,1
"Pde7b",0.497812509692221,-0.639460332585529,0.233,0.271,1
"Klhl2",0.498953362713994,-0.264096136758578,0.209,0.257,1
"Lhfpl2",0.499371541721086,0.410495203588189,0.209,0.171,1
"Cald1",0.500933865803929,0.433557756386043,0.186,0.143,1
"Chst11",0.500933865803929,0.390190524015933,0.186,0.143,1
"Erp29",0.501223532811311,0.361183498826668,0.233,0.186,1
"Wdr26",0.501829340027952,-0.25375378385682,0.163,0.214,1
"Nrxn3",0.503080903271005,-0.573466974481804,0.302,0.4,1
"Rbm27",0.503989663329233,-0.383532246616501,0.116,0.157,1
"Ralgapb",0.506857979887036,0.340558670039699,0.186,0.143,1
"Ccdc12",0.508123297134935,0.379257678682793,0.14,0.1,1
"Ehbp1",0.508123297134935,0.340805191156954,0.14,0.1,1
"Grb2",0.508123297134935,0.270644036404226,0.14,0.1,1
"Son",0.509064502312549,0.28620277196781,0.488,0.443,1
"Top1",0.509653321174554,-0.277816858843276,0.186,0.243,1
"Fam117b",0.510235924821462,0.513427514868879,0.163,0.129,1
"Gabbr1",0.512787792494076,-0.422379883953544,0.163,0.214,1
"Trim44",0.512818707897837,0.348742934752209,0.186,0.143,1
"Drg1",0.512818707897837,0.438977216020027,0.186,0.143,1
"Ap4s1",0.512974903695186,-0.492265986100716,0.07,0.1,1
"Pcdh10",0.513373366054571,-0.313089560744756,0.14,0.186,1
"Tmsb10",0.514988949982892,0.350339595809023,0.14,0.1,1
"Opa1",0.514988949982892,0.311713017452569,0.14,0.1,1
"Rpl18",0.515228656128681,0.368828594806747,0.302,0.243,1
"Tomm20",0.516124228981258,0.380908783900936,0.209,0.171,1
"Atp1a1",0.516260484720043,-0.455731308093267,0.186,0.229,1
"Gabra1",0.516522437714755,-0.494096638606475,0.116,0.157,1
"Syt4",0.516522437714755,-0.683851414091941,0.116,0.157,1
"Rora",0.51764197837642,-0.273880990273453,0.326,0.243,1
"Kalrn",0.51764197837642,-0.264570188301573,0.233,0.3,1
"Sbf2",0.517655470066704,0.41081765486064,0.349,0.357,1
"Rab6a",0.518815759313812,0.308219507311718,0.186,0.143,1
"Tpd52",0.519267187677518,0.315880311117757,0.209,0.157,1
"Mat2a",0.521619194778643,-0.396448710376828,0.186,0.229,1
"Map2",0.521902481127739,-0.507211514190234,0.093,0.129,1
"Grm3",0.521902481127739,0.310469146378283,0.14,0.1,1
"Cbl",0.521902481127739,0.280918481447869,0.14,0.1,1
"Slc38a2",0.521902481127739,-0.60636239137794,0.093,0.129,1
"Rac1",0.522863553153898,0.305635903653792,0.233,0.186,1
"Mif",0.522863553153898,0.269594565220165,0.233,0.186,1
"Cast",0.523720239432558,0.424550058681703,0.256,0.214,1
"Arap2",0.523869659006952,-0.270926978662259,0.163,0.214,1
"Palmd",0.524645066344515,0.260178503411764,0.372,0.314,1
"Ppp1r13b",0.524676786490266,0.451081720874687,0.302,0.271,1
"Ptpra",0.525142348586247,-0.269039173844151,0.14,0.186,1
"Grm5",0.525142348586247,-0.463831916679001,0.14,0.186,1
"Gpm6b",0.528347563464151,0.31080558243319,0.233,0.186,1
"Tagln2",0.528560657853995,-0.583244681113283,0.07,0.1,1
"Rbm8a",0.528560657853995,-0.417135036292943,0.07,0.1,1
"Alg14",0.528560657853995,-0.593831281702838,0.07,0.1,1
"Kif5c",0.528863431385531,-0.617568919225249,0.093,0.129,1
"Rsbn1",0.528863431385531,-0.294512713488349,0.093,0.129,1
"Eef1g",0.528863431385531,0.377071330704333,0.14,0.1,1
"Tanc1",0.528955742945705,0.294757409558066,0.256,0.214,1
"Ncl",0.529456285273742,-0.272331706669912,0.163,0.214,1
"Kcnh7",0.530800831237324,-0.342497589408103,0.163,0.114,1
"9130019P16Rik",0.530909022617561,0.34866087015697,0.116,0.086,1
"Ppm1b",0.530909022617561,0.448543863046231,0.116,0.086,1
"Purb",0.531078195006934,0.541671634237245,0.186,0.157,1
"Rps26",0.533163762561773,0.40154435782284,0.209,0.171,1
"Ndrg4",0.534217750622578,0.303157195921317,0.256,0.214,1
"Tspan5",0.53424809282265,-0.273006599143021,0.488,0.514,1
"Adgre5",0.534851792321261,0.39537204448828,0.372,0.329,1
"Ube2g1",0.535620009091446,0.405699829289534,0.163,0.129,1
"Nenf",0.536442975464029,-0.512196505303106,0.07,0.1,1
"Zfp397",0.536442975464029,-0.461205684652221,0.07,0.1,1
"Mga",0.537021828200623,0.294327152429927,0.186,0.143,1
"Capza2",0.537047888042065,0.552025037499208,0.186,0.157,1
"Zzz3",0.538474559695214,0.283925908905818,0.116,0.086,1
"Mospd1",0.538474559695214,0.524344963336387,0.116,0.086,1
"Nsd1",0.538480763734382,0.383860631925765,0.349,0.329,1
"Lingo2",0.538906166858261,0.518662146759269,0.209,0.171,1
"Atp6v0b",0.539402789156416,0.315898400376122,0.233,0.186,1
"Pten",0.539789951981503,-0.454580388089304,0.256,0.286,1
"Ctdspl2",0.542064003066696,-0.311629387267725,0.116,0.157,1
"Vps54",0.542064003066696,-0.307804412607511,0.116,0.157,1
"Srsf7",0.542576540388489,-0.296497056144374,0.209,0.257,1
"Gatad1",0.542925682619654,-0.367110187001859,0.093,0.129,1
"Dusp11",0.542925682619654,-0.393790984720695,0.093,0.129,1
"Ptov1",0.542925682619654,-0.381837801746682,0.093,0.129,1
"Sipa1l2",0.542925682619654,-0.308483600942235,0.093,0.129,1
"Arl3",0.542925682619654,-0.451513367685169,0.093,0.129,1
"Prkar1a",0.543051125976289,-0.475560669420934,0.14,0.186,1
"Rpl18a",0.543593234965273,-0.34024668366935,0.256,0.314,1
"Snrnp70",0.544254921024403,-0.303038148833709,0.256,0.3,1
"Dmwd",0.544384003200441,-0.321975101386225,0.07,0.1,1
"Eno2",0.546093792471159,0.368746741264393,0.116,0.086,1
"Tcn2",0.546093792471159,0.4303113604823,0.116,0.086,1
"Wdr20",0.546093792471159,0.550578624561076,0.116,0.086,1
"Tubb4b",0.546395978763646,0.606999386624562,0.209,0.186,1
"Pbrm1",0.548546437520325,-0.391954882120982,0.116,0.157,1
"Hnrnpc",0.548546437520325,-0.398992375832198,0.116,0.157,1
"Elmod1",0.550025995551717,-0.333064268272496,0.093,0.129,1
"Marcks",0.550025995551717,-0.285423411678056,0.093,0.129,1
"Ddx58",0.552383025678677,-0.349191860870695,0.07,0.1,1
"Arl2bp",0.552383025678677,-0.463128822212681,0.07,0.1,1
"Zcrb1",0.552383025678677,-0.527911036281973,0.07,0.1,1
"Ppp4r1",0.552383025678677,-0.392295303935815,0.07,0.1,1
"Slc12a5",0.553766087752894,0.477959196929162,0.116,0.086,1
"Ndufb5",0.553766087752894,0.468036344669768,0.116,0.086,1
"Dazap1",0.553766087752894,0.462432116846909,0.116,0.086,1
"ENSMUSG00000120006",0.553766087752894,0.310255533469167,0.116,0.086,1
"Il1rap",0.553766087752894,0.330105279951582,0.116,0.086,1
"Timp3",0.554361531618441,0.283571631196724,0.233,0.2,1
"Commd3",0.555066921233196,0.400933986827255,0.163,0.129,1
"Tent2",0.555066921233196,0.460967400858944,0.163,0.129,1
"Nrp2",0.555156993520978,-0.307289328773428,0.14,0.186,1
"Ypel3",0.555156993520978,0.58622346769573,0.186,0.157,1
"Hook3",0.556317290821099,-0.499478477695491,0.163,0.2,1
"Hlf",0.557171751662852,-0.311314686066057,0.093,0.129,1
"Ddx46",0.557171751662852,-0.370220441613638,0.093,0.129,1
"Zdhhc20",0.557171751662852,-0.388655510049409,0.093,0.129,1
"Fgd5",0.557208686293927,-0.344187026868285,0.302,0.357,1
"Atrnl1",0.558219771887845,-0.374447236449601,0.233,0.271,1
"Camkk2",0.56043930551664,-0.476019967964354,0.07,0.1,1
"Mlf2",0.56043930551664,-0.433832295126747,0.07,0.1,1
"Anxa2",0.56043930551664,-0.344518660313942,0.07,0.1,1
"Abhd17a",0.56043930551664,-0.335303677787378,0.07,0.1,1
"Xaf1",0.56043930551664,-0.318110456319044,0.07,0.1,1
"Id3",0.561037054414166,0.432976581662243,0.279,0.229,1
"Myo6",0.561078044532456,0.512839097858133,0.256,0.229,1
"Ptpn4",0.561490793861252,0.390581381551736,0.116,0.086,1
"Angel2",0.561490793861252,0.325259475149321,0.116,0.086,1
"Htt",0.561490793861252,0.458498718527836,0.116,0.086,1
"Kdm3a",0.561490793861252,0.457702905646309,0.116,0.086,1
"Kif21a",0.561490793861252,0.350268052758265,0.116,0.086,1
"Rab10",0.562181364434252,-0.301353445831127,0.163,0.2,1
"Rpl6",0.563409954310466,-0.496037711512655,0.233,0.271,1
"Atp9a",0.564359784149714,-0.293155618127068,0.093,0.129,1
"Gse1",0.564362422556737,-0.257867886478061,0.093,0.129,1
"Tango2",0.564362422556737,-0.338192111728421,0.093,0.129,1
"Tcf7l2",0.564362422556737,-0.355315869804407,0.093,0.129,1
"Btg2",0.568552083495516,-0.406772299212681,0.07,0.1,1
"Dcaf8",0.568552083495516,-0.272184683113036,0.07,0.1,1
"Mapkap1",0.568552083495516,-0.354463866495914,0.07,0.1,1
"Brinp1",0.568552083495516,-0.536726146845834,0.07,0.1,1
"Ints14",0.568552083495516,-0.273654080524433,0.07,0.1,1
"Avl9",0.569267240762202,0.29260460149144,0.116,0.086,1
"Klf6",0.569267240762202,0.453386124083755,0.116,0.086,1
"Pfkp",0.569267240762202,0.269547418943629,0.116,0.086,1
"Capn15",0.569267240762202,0.373022645508967,0.116,0.086,1
"Abcf1",0.569267240762202,0.354808549667487,0.116,0.086,1
"Prkcb",0.570714358189408,-0.326909141138409,0.233,0.286,1
"Arhgef1",0.571597466250439,-0.308267772744775,0.093,0.129,1
"Rbm39",0.574378937214802,0.271066346837834,0.535,0.557,1
"Myef2",0.576720578734381,-0.316840176570349,0.07,0.1,1
"Ociad1",0.576720578734381,-0.345102553434449,0.07,0.1,1
"Emc10",0.576720578734381,-0.346370225808476,0.07,0.1,1
"Faim2",0.576720578734381,-0.282984151794948,0.07,0.1,1
"C2cd2",0.576720578734381,-0.261685162394753,0.07,0.1,1
"Pik3c2a",0.576734483917658,-0.320274614747233,0.186,0.229,1
"Prkce",0.576734483917658,0.34439812662109,0.233,0.2,1
"Tinagl1",0.57709474020929,0.280401430161067,0.116,0.086,1
"Tmem14c",0.57709474020929,0.254669547017745,0.116,0.086,1
"Psme1",0.57709474020929,0.333962595148751,0.116,0.086,1
"Rnf187",0.578876327275597,-0.311951961754521,0.093,0.129,1
"Maoa",0.581864513506562,0.297459868255034,0.163,0.229,1
"Wapl",0.582587702311852,0.475695521281116,0.256,0.229,1
"Adipor2",0.584400126235181,-0.265512202250969,0.233,0.271,1
"Scaf11",0.584583773973431,0.412425144117413,0.163,0.143,1
"Hacd3",0.584684045189165,-0.48968933229603,0.116,0.143,1
"Arfgap2",0.584943988878563,-0.262256408525938,0.07,0.1,1
"Tmem165",0.584943988878563,-0.268963145869802,0.07,0.1,1
"Atp1b3",0.584943988878563,-0.281667418515345,0.07,0.1,1
"Suz12",0.584943988878563,-0.265778537496138,0.07,0.1,1
"Pak1ip1",0.584943988878563,-0.341791400638646,0.07,0.1,1
"Zmym2",0.584943988878563,-0.250165521516398,0.07,0.1,1
"Dcaf17",0.584972585896693,0.45391626203276,0.116,0.086,1
"Ptpn12",0.584972585896693,0.27543247141841,0.116,0.086,1
"Arih2",0.584972585896693,0.259270415696893,0.116,0.086,1
"Vamp4",0.587495044706364,0.596294181806656,0.14,0.114,1
"Ddx3x",0.587495044706364,0.538926006436523,0.14,0.114,1
"Ggnbp2",0.588024647104266,0.417000508424544,0.256,0.229,1
"Xrn2",0.588225720316643,0.316110276355769,0.163,0.129,1
"Rsrp1",0.588239284974523,0.315910448726234,0.326,0.3,1
"Tmem135",0.590712624591896,-0.46619815350042,0.163,0.186,1
"Xpa",0.592900053622859,0.257115663299272,0.116,0.086,1
"Mau2",0.592900053622859,0.470119271560311,0.116,0.086,1
"Gjc1",0.592900053622859,0.262864789072543,0.116,0.086,1
"Pggt1b",0.592900053622859,0.466936451794962,0.116,0.086,1
"Parg",0.593221490301708,-0.263402026488389,0.07,0.1,1
"Srpk1",0.593221490301708,-0.317354112981761,0.07,0.1,1
"Ctsc",0.594631220165504,0.401420103793347,0.14,0.114,1
"Epn2",0.599524280220269,0.296922927668903,0.233,0.2,1
"Nedd4",0.60037765716707,-0.420320816580829,0.233,0.271,1
"Usp12",0.600876401464688,0.25457820509972,0.116,0.086,1
"Gpatch11",0.600876401464688,0.262170348441669,0.116,0.086,1
"Cacnb4",0.600970059689474,-0.377295880134288,0.093,0.129,1
"Kcnab1",0.601552238321513,-0.289590573656978,0.07,0.1,1
"Arnt",0.601552238321513,-0.278285506047154,0.07,0.1,1
"Syne1",0.604358593176368,0.346084288893659,0.395,0.371,1
"Cp",0.604936020364124,-0.763913291861722,0.209,0.243,1
"Cox7a2l",0.605526173980173,-0.375362852855783,0.116,0.143,1
"Prnp",0.61120724982432,0.50808837999348,0.186,0.157,1
"Cmtm8",0.61120724982432,0.474381393895251,0.186,0.157,1
"Inpp1",0.612546765621925,-0.434011116098237,0.116,0.143,1
"Cyth3",0.613963183291959,-0.416428532724765,0.186,0.214,1
"Pan3",0.615508589395806,0.271271015996623,0.302,0.271,1
"Rpl14",0.615554566581182,0.305680094633747,0.256,0.229,1
"Scg2",0.616273595159217,0.346691677205317,0.14,0.114,1
"Rgl1",0.616273595159217,0.493737676548325,0.14,0.114,1
"Bmyc",0.616273595159217,0.305906776394736,0.14,0.114,1
"Ddhd2",0.616273595159217,0.340697679432537,0.14,0.114,1
"Bbx",0.616273595159217,0.71941428013929,0.14,0.114,1
"Ank2",0.616879630062965,-0.265868390737874,0.186,0.229,1
"H1f2",0.616972682313735,0.458931707774945,0.116,0.086,1
"Rapgef2",0.617197919263221,-0.251524291604623,0.488,0.529,1
"Dnm2",0.617586899094803,0.299760706887571,0.186,0.157,1
"Nkd1",0.61944071280592,-0.336144523819725,0.14,0.171,1
"Nf1",0.61944071280592,-0.297506369375239,0.14,0.171,1
"Ntan1",0.61944071280592,-0.262023210216146,0.14,0.171,1
"Edf1",0.623563787683564,0.519561191302298,0.14,0.114,1
"Eml6",0.623563787683564,0.41781238902376,0.14,0.114,1
"Rnf14",0.623563787683564,0.403654241554498,0.14,0.114,1
"Map4",0.624841761249499,-0.354200283648148,0.233,0.3,1
"Fndc3b",0.626694658913829,-0.374026907893537,0.116,0.143,1
"Ctnnb1",0.626722931425404,0.271282102815547,0.256,0.229,1
"Gcnt2",0.6285707637669,0.347699166148662,0.233,0.2,1
"Pfdn5",0.629182166283988,0.310213352600004,0.163,0.129,1
"Rtn1",0.629746083878612,0.295040275907037,0.744,0.686,1
"Tpm3",0.630432737575588,0.32000817599919,0.186,0.157,1
"Far2",0.630432737575588,0.393374432994202,0.186,0.157,1
"Sos1",0.630432737575588,0.31007815264192,0.186,0.157,1
"Atp2b2",0.630891045091195,0.434507681556317,0.14,0.114,1
"Ndfip1",0.632497333672988,-0.284712044391318,0.442,0.529,1
"Nek7",0.632595359568616,-0.396622027954377,0.14,0.171,1
"Eid1",0.632595359568616,-0.331206341918318,0.14,0.171,1
"Lama4",0.632595359568616,-0.279053990464167,0.14,0.171,1
"Ankib1",0.633820888363173,-0.334988657099254,0.116,0.143,1
"Mgp",0.633820888363173,-0.76841399222296,0.116,0.143,1
"Wwc2",0.634308839309796,0.360530916851853,0.279,0.257,1
"Tubb5",0.636125313657136,0.268087957421038,0.116,0.157,1
"Arhgap21",0.637898734538281,0.530398967459166,0.163,0.143,1
"Tecpr1",0.638362370993722,-0.382677800573902,0.093,0.114,1
"Trim24",0.63921688242462,-0.36277182570898,0.14,0.171,1
"Calr",0.640722328098333,-0.491149630160838,0.163,0.186,1
"Ino80d",0.640981242076575,-0.531818124839745,0.116,0.143,1
"Gm15738",0.643391271326807,0.268137828430938,0.186,0.157,1
"Flnb",0.645561994945244,-0.558170938664723,0.209,0.229,1
"Eif4a1",0.645654352642325,0.289185950246841,0.14,0.114,1
"Arpc5",0.646283625823993,-0.378443437740189,0.093,0.114,1
"Ttc3",0.64732922657954,-0.261109567880331,0.488,0.514,1
"Cacna1e",0.648175159924746,-0.293165321472106,0.116,0.143,1
"Snhg11",0.649682917254881,-0.345719802537004,0.372,0.4,1
"Hnrnpa2b1",0.650191524059333,0.301350441194333,0.372,0.371,1
"Cstf3",0.651540570565762,0.67654003767735,0.163,0.143,1
"Fchsd2",0.652546113652842,-0.373207251472949,0.14,0.171,1
"Elmo1",0.652774033892608,-0.27210972995321,0.326,0.343,1
"Pip4k2a",0.653089175018937,0.309588427295808,0.14,0.114,1
"Cep112",0.653089175018937,0.286170456893429,0.14,0.114,1
"Rab12",0.653089175018937,0.587511581828665,0.14,0.114,1
"mt-Co1",0.653496243439097,-0.395243640202556,0.163,0.186,1
"Eif3e",0.654245183804649,-0.4395080780436,0.093,0.114,1
"Zfyve9",0.657980661598437,0.279889657925895,0.302,0.271,1
"Rab5if",0.658013526653365,0.286193657730134,0.116,0.086,1
"Nlk",0.65992178687046,0.417560847297913,0.186,0.171,1
"Mrtfb",0.660822735000478,-0.262716281290714,0.465,0.5,1
"Hjurp",0.661283116263729,0.297714797314363,0.07,0.1,1
"Stub1",0.662246271476485,-0.376067401749523,0.093,0.114,1
"Slk",0.663033086986012,0.340813658855146,0.186,0.157,1
"ENSMUSG00000120082",0.664197539191743,0.381902635615867,0.233,0.2,1
"Xrcc4",0.665987227352722,-0.282144003438161,0.14,0.171,1
"Clta",0.66637251278509,0.399638905884314,0.186,0.171,1
"Gatm",0.667190902512405,0.283577706572299,0.279,0.257,1
"Ubxn1",0.668062008658287,0.256593289817741,0.14,0.114,1
"Shroom2",0.668062008658287,0.482462235940985,0.14,0.114,1
"Arhgef7",0.669952556877779,-0.319914348998878,0.116,0.143,1
"Epc2",0.670286101848359,-0.298657525566822,0.093,0.114,1
"Fyco1",0.672222683555289,0.429397138553695,0.163,0.143,1
"Pdxk",0.672222683555289,0.278768148454023,0.163,0.143,1
"Kcnq1ot1",0.672848008166068,-0.458548055551199,0.163,0.186,1
"Rin2",0.678299268524024,0.329316127568172,0.279,0.257,1
"Ankrd13c",0.678363874620251,-0.264471446459124,0.093,0.114,1
"Soga3",0.678363874620251,-0.352818554746484,0.093,0.114,1
"Ubxn7",0.678363874620251,-0.290113913974301,0.093,0.114,1
"Rbm33",0.679173208398261,0.294762371944936,0.163,0.143,1
"Ablim1",0.680816225810629,0.34884720732067,0.628,0.657,1
"Nrxn1",0.68125933348836,-0.294097417448605,0.395,0.443,1
"Ywhag",0.682068419662807,0.283192776449892,0.256,0.243,1
"Wwox",0.682068419662807,0.254290327026021,0.209,0.271,1
"Npy",0.68346232999623,0.451847246063105,0.209,0.2,1
"Sntb2",0.684627956531723,-0.348714779392858,0.116,0.143,1
"Trip11",0.686350485053377,-0.286858145814037,0.14,0.171,1
"Dido1",0.686478776413928,0.441312837537484,0.116,0.1,1
"Cyld",0.686478776413928,-0.291382778264823,0.093,0.114,1
"Man1a",0.686478776413928,-0.297729843787741,0.093,0.114,1
"Dgkb",0.686478776413928,-0.60932763305135,0.093,0.114,1
"Btf3",0.686478776413928,-0.344711532586415,0.093,0.114,1
"Gria2",0.689165391536542,0.331307822703648,0.442,0.443,1
"Uaca",0.690751698531889,-0.375124032032421,0.186,0.2,1
"Ssr4",0.692010979755965,-0.395967068797258,0.116,0.143,1
"Jam2",0.692546207651523,-0.538820965683246,0.233,0.243,1
"Pigk",0.694629981011106,-0.427250823325046,0.093,0.114,1
"H1f0",0.694629981011106,-0.279338848701504,0.093,0.114,1
"Mier1",0.70018698841866,0.409591960145777,0.163,0.143,1
"Fgf12",0.70018698841866,0.444545485616069,0.163,0.143,1
"Psmb5",0.702228223032026,0.255736027076481,0.14,0.114,1
"Tram1",0.702816649599009,-0.281784244965945,0.093,0.114,1
"Ola1",0.702816649599009,0.393688861295709,0.116,0.1,1
"Sbds",0.702816649599009,0.431676170841378,0.116,0.1,1
"Unc13c",0.702816649599009,0.479291087820178,0.116,0.1,1
"Arhgap18",0.702816649599009,0.305440327341309,0.116,0.1,1
"Id2",0.702816649599009,0.437671123047381,0.116,0.1,1
"Rps27",0.705582190378501,0.460525926296191,0.186,0.171,1
"Apbb2",0.706284787391035,0.345039331909994,0.465,0.457,1
"Bc1",0.706864558036742,-0.307720812307822,0.116,0.143,1
"Magi2",0.707243876254015,0.35815249514232,0.163,0.143,1
"Pdzd8",0.708719991126282,0.554829591565809,0.093,0.129,1
"Jun",0.711037931023188,0.29763877769686,0.116,0.1,1
"Ei24",0.711037931023188,0.406673679525974,0.116,0.1,1
"Ralgapa2",0.716524345925551,0.343155008393825,0.14,0.186,1
"Elf1",0.717876367051279,-0.289694991188644,0.14,0.157,1
"Phf3",0.718834191025735,-0.321059489121384,0.163,0.186,1
"Cyfip2",0.719292962047508,0.387900820043659,0.116,0.1,1
"Tmem59",0.720853725524211,-0.279621610168359,0.302,0.314,1
"Immp2l",0.721161047792865,0.527942788801085,0.233,0.229,1
"Zc2hc1a",0.721432829904781,0.40815170918478,0.163,0.143,1
"Oaz1",0.722571203822701,0.431432385958417,0.256,0.243,1
"Vps29",0.724995326014933,-0.41397316194855,0.14,0.157,1
"Rbbp6",0.730638467461967,0.308466179552799,0.163,0.2,1
"Zmynd11",0.730846458899901,0.388116299324845,0.256,0.229,1
"Chd6",0.733490215959415,0.342863957828931,0.209,0.2,1
"Wasf2",0.733822075144767,-0.349867643418507,0.233,0.243,1
"Ndufb1",0.735900761152422,0.453634890634556,0.116,0.1,1
"Cdc73",0.73930422898617,-0.293614853375478,0.14,0.157,1
"Dmd",0.740390790296515,-0.687683864672744,0.163,0.171,1
"Uvrag",0.74068833161276,0.553159843623451,0.14,0.129,1
"Rpsa",0.74347594360432,-0.290779241385854,0.256,0.286,1
"Phf20l1",0.745589769046382,0.350268969423438,0.186,0.171,1
"Gpatch8",0.74608005029933,0.283628675674619,0.256,0.243,1
"Cdc42bpb",0.746493031076508,-0.279501145985519,0.14,0.157,1
"Rev1",0.74827601181726,0.41582508914009,0.14,0.129,1
"Sumo2",0.749190338841665,0.369962531407739,0.256,0.257,1
"Pde4d",0.750275005796122,0.411655201992909,0.326,0.314,1
"S100a13",0.752632909707738,0.310726686237811,0.116,0.1,1
"Snhg14",0.752632909707738,-0.989953133217519,0.093,0.114,1
"Oxr1",0.752888774978234,-0.318413584410447,0.349,0.357,1
"Chchd3",0.753703962315866,-0.274831401482703,0.14,0.157,1
"Atf2",0.754143538884942,-0.389592554944476,0.163,0.171,1
"Vtn",0.761043336402954,0.314563404906566,0.093,0.114,1
"Csnk2b",0.761043336402954,0.261992723643259,0.116,0.1,1
"Sort1",0.762881443066154,0.575365466265024,0.163,0.157,1
"Gng3",0.762881443066154,0.332099930780182,0.163,0.157,1
"Orc4",0.763524058635387,0.471077484802028,0.14,0.129,1
"Rbm6",0.765358895460266,0.265524975344719,0.209,0.2,1
"Rps9",0.766775125328563,0.483305406060673,0.256,0.257,1
"Plcg1",0.768388472314957,-0.52072458562906,0.116,0.129,1
"Cadm1",0.769829820535376,-0.394371011454092,0.233,0.243,1
"Slc10a7",0.771183040013758,0.619547722045002,0.14,0.129,1
"Morc3",0.771183040013758,0.39625567560625,0.14,0.129,1
"Asxl1",0.771824247813843,0.25508974521587,0.163,0.143,1
"Add3",0.775463645665628,-0.294816081602076,0.14,0.157,1
"Psmd7",0.777074873884029,0.31799354919174,0.14,0.171,1
"Pak1",0.777948245517962,0.33116111768367,0.116,0.1,1
"Rab31",0.778864391836936,0.350402876254284,0.14,0.129,1
"Inpp5f",0.781880151640213,-0.479956470702923,0.163,0.171,1
"Sclt1",0.786567404707254,0.303974586836019,0.14,0.129,1
"BC031181",0.786567404707254,0.407777445599353,0.14,0.129,1
"Mff",0.792176603190521,-0.466599590344219,0.116,0.129,1
"Rheb",0.792176603190521,-0.273830800021953,0.116,0.129,1
"Tmem106b",0.792176603190521,-0.278864921214794,0.116,0.129,1
"Ylpm1",0.792176603190521,-0.32140452707635,0.116,0.129,1
"Scai",0.794958914068019,0.364723307033363,0.093,0.114,1
"Cope",0.794958914068019,0.28586389012237,0.116,0.1,1
"Cep350",0.797629842320987,0.343444914140901,0.209,0.2,1
"Nr2c2",0.797629842320987,0.358579135393024,0.209,0.2,1
"Ranbp2",0.800150386355267,-0.370490998482731,0.116,0.129,1
"Zfp950",0.800223933051548,-0.259085822184183,0.233,0.243,1
"Cdc42ep3",0.802035544380607,0.347514863017794,0.14,0.129,1
"Zcchc7",0.805098691246084,-0.314159705786608,0.349,0.3,1
"Dtd1",0.80814505415883,-0.364862823139586,0.116,0.129,1
"Ccser1",0.809799221369145,0.378097257249548,0.14,0.129,1
"Chd4",0.809799221369145,0.296490482880485,0.14,0.129,1
"Spcs1",0.810209455563944,0.336123090907639,0.116,0.114,1
"Kif2a",0.812875750522404,0.427281877606082,0.163,0.157,1
"Atp5c1",0.812965873154166,0.284508448002888,0.233,0.229,1
"Emc7",0.816158659394375,-0.265510464517833,0.116,0.129,1
"Pdcd6ip",0.818129130853157,-0.432803043778855,0.093,0.1,1
"Nsg1",0.824193833219605,-0.320115255071401,0.116,0.129,1
"Mark3",0.826548895501763,0.312427645792748,0.209,0.214,1
"Tbc1d14",0.826799113415464,0.39514582132603,0.116,0.114,1
"Ep400",0.827310941687593,0.294997448949945,0.163,0.157,1
"Srpk2",0.831685442035341,-0.436951373178805,0.233,0.229,1
"Ankrd28",0.833199861146395,0.374886867514631,0.14,0.129,1
"Rpl29",0.833970455974527,-0.278864653371265,0.186,0.2,1
"Cops5",0.836043652894594,-0.402501348903563,0.093,0.1,1
"Reep5",0.841117154464786,0.542439469198117,0.186,0.186,1
"Ifi27",0.843466439005348,0.417606851828335,0.116,0.114,1
"Suclg1",0.845033528547008,-0.268938007327181,0.093,0.1,1
"Septin10",0.845033528547008,-0.356901270055244,0.093,0.1,1
"Flvcr2",0.845259510661023,-0.254397863537932,0.163,0.171,1
"Gas5",0.846547692911395,0.376998283043768,0.093,0.114,1
"Cep85l",0.84888417087429,0.333516776310543,0.14,0.129,1
"Rps23",0.850294424057292,0.342973095014609,0.256,0.257,1
"Usp37",0.851826960633206,0.385471367087252,0.116,0.114,1
"Hipk1",0.851826960633206,0.476887092675685,0.116,0.114,1
"Megf9",0.854043629733278,-0.266543277858054,0.093,0.1,1
"Jak1",0.854043629733278,-0.321216326214841,0.093,0.1,1
"Rdx",0.854772128187303,0.32837648042291,0.186,0.186,1
"Clasp2",0.854772128187303,-0.264599207068131,0.186,0.186,1
"Nmt2",0.855216569655133,0.314456561852062,0.093,0.114,1
"Rpl23",0.856590102271356,0.456142464702548,0.349,0.386,1
"Pcp4l1",0.856783871632956,-0.269151241103542,0.14,0.143,1
"Syt1",0.85938908021059,-0.413528288062227,0.442,0.471,1
"Resp18",0.860204167080834,0.310762890077068,0.116,0.114,1
"Gm19522",0.860204167080834,0.337731053820655,0.116,0.114,1
"Ssu72",0.862382874358498,0.332563533271603,0.186,0.171,1
"Agmo",0.863062496252174,-0.293570627347864,0.186,0.157,1
"Irf2bpl",0.863072808281639,-0.285545207838448,0.093,0.1,1
"Aak1",0.863644752735812,0.35916644845395,0.163,0.157,1
"Arhgap35",0.863902956127472,0.320112431787278,0.093,0.114,1
"Clic5",0.864448227329056,-0.291898004914587,0.14,0.143,1
"Fyn",0.868597135426453,0.32659376248291,0.116,0.114,1
"Zfp532",0.868597135426453,0.271209240944867,0.116,0.114,1
"Kat6b",0.869402042421223,0.321005808444694,0.233,0.229,1
"Lysmd4",0.872125357318006,0.455999221447822,0.14,0.143,1
"Raf1",0.877004937417284,0.276704604917642,0.116,0.114,1
"Rpl41",0.878770601206273,0.280465380435168,0.279,0.286,1
"Magi1",0.87885282029393,0.488568112108868,0.302,0.343,1
"Vti1a",0.880565191438591,0.316283163598619,0.233,0.243,1
"Ppp2r2b",0.880902734585656,-0.333769251739702,0.116,0.129,1
"Gnaq",0.884969862203992,0.323521324028065,0.372,0.4,1
"Cfdp1",0.885589488002086,0.263746595017755,0.163,0.157,1
"Nampt",0.887737766656656,0.80070373244465,0.186,0.2,1
"Prkacb",0.889091631010133,-0.291390231807212,0.186,0.186,1
"Ppp1cb",0.889091631010133,0.258764475773039,0.186,0.186,1
"Hbb-bs",0.897231498688927,0.720226669892489,0.116,0.129,1
"Rpl27a",0.901630333985271,0.314156647219864,0.14,0.157,1
"Arhgap12",0.902464330686227,0.523760320362877,0.163,0.171,1
"Ppp2r2a",0.902976187703673,-0.29770362250506,0.209,0.2,1
"Mapk8",0.910765747506446,0.277489803278202,0.116,0.114,1
"Mbd5",0.911057387696282,0.295998251952724,0.256,0.257,1
"Uqcrq",0.914983291513753,0.325422605117696,0.163,0.157,1
"Rmnd5a",0.919233629046006,0.414625440504271,0.116,0.114,1
"Cdc42bpa",0.920827973846988,-0.296420523465811,0.302,0.286,1
"Nod1",0.927710680188239,-0.377160147780401,0.116,0.114,1
"Tshz1",0.927710680188239,0.256763710720751,0.116,0.114,1
"Tma7",0.929726482196483,-0.311656607401168,0.163,0.157,1
"Kmt5b",0.930545470390435,-0.252686814059304,0.186,0.186,1
"Tmem245",0.93127713900915,0.306454338186853,0.163,0.171,1
"Gbe1",0.937385797775843,-0.286602132316895,0.209,0.214,1
"Nfe2l2",0.938229246065224,0.348547098079065,0.116,0.129,1
"Mapk1",0.939369113851895,0.290287398080604,0.14,0.157,1
"Drap1",0.944688461261746,0.263037451115748,0.116,0.114,1
"Cnot10",0.94500110083638,0.333805127949891,0.093,0.1,1
"U2surp",0.945719789404601,0.33279795453464,0.163,0.171,1
"Slc7a1",0.951522919418209,0.458686624034455,0.302,0.329,1
"Marchf1",0.953187269511434,-0.290722657505978,0.116,0.114,1
"Pdpk1",0.953187269511434,-0.298691709343268,0.116,0.114,1
"Rassf1",0.954156480850233,0.295464627698711,0.093,0.1,1
"Fam13c",0.956993717622338,-0.374213091427327,0.279,0.243,1
"Kcnq5",0.959280280955122,-0.2975758493999,0.163,0.157,1
"Stox2",0.959486229331806,0.359187265125172,0.349,0.4,1
"Frmd4a",0.960008656736496,-0.297765277578434,0.14,0.129,1
"Stk24",0.961691404653114,-0.263288024305443,0.116,0.114,1
"Klhl7",0.962913810949575,0.340543599553277,0.116,0.129,1
"Pard3b",0.966611068134518,0.347546617235911,0.256,0.271,1
"Vapa",0.968002099955314,-0.317017722433039,0.14,0.129,1
"Sertad2",0.970199900644277,-0.320582801119201,0.116,0.114,1
"Aplp1",0.97063537347703,0.29985726597055,0.279,0.3,1
"Pdcd10",0.975179735779248,0.331955220080972,0.163,0.186,1
"Srsf11",0.97727004776923,0.255270060552097,0.209,0.229,1
"Nedd9",0.979139633863089,0.331353161765935,0.186,0.186,1
"Pak3",0.981654108166938,0.502491394645457,0.093,0.1,1
"Nkain2",0.982935358614578,0.645506897812437,0.186,0.2,1
"Dpp6",0.987226103889102,-0.316667980533938,0.116,0.114,1
"Prpf40a",0.988890155986343,-0.29543491852314,0.163,0.157,1
"Ucp2",0.990826447782669,0.483596725409675,0.093,0.1,1
"Dock1",0.991360845631544,0.31490729837081,0.302,0.314,1
"Dapk1",0.995877845785588,0.346493120386878,0.116,0.129,1
"Thap3",1,-0.252928408252867,0.14,0.129,1
"Micu1",1,0.262973659363013,0.093,0.1,1
