"","p_val","avg_log2FC","pct.1","pct.2","p_val_adj"
"Clpx",0.000487409033892861,-1.28674488336998,0.034,0.423,1
"Gabbr1",0.00117511190507115,1.21442610762844,0.586,0.231,1
"Wipf1",0.00137737059160942,1.22831430506119,0.552,0.115,1
"Plekhm3",0.0014972855731378,-1.35042885464213,0,0.308,1
"Gmps",0.0014972855731378,-1.09445701312465,0,0.308,1
"Zfp866",0.0014972855731378,-1.24195402985557,0,0.308,1
"Ulk2",0.00179168751729185,-1.1131641739295,0.138,0.538,1
"Cbfb",0.00208326557957181,-1.05846310924327,0.069,0.423,1
"Rock1",0.00224630333944201,0.998713941577717,0.586,0.192,1
"Elmo1",0.0024189136409843,-0.910485098985524,0.69,0.885,1
"Prkdc",0.00261076962810105,-1.05155388549296,0.069,0.423,1
"Slc7a11",0.00282610358999437,-1.07318215359261,0.241,0.654,1
"Malat1",0.00309027628206727,0.301623240025904,1,1,1
"Mafb",0.00327971841246557,-0.933969237466723,0,0.269,1
"Arl8b",0.00327971841246557,-1.07311771111677,0,0.269,1
"Relb",0.00327971841246557,-1.05232444750798,0,0.269,1
"Asb7",0.00327971841246557,-1.15919846647604,0,0.269,1
"Plcg2",0.00327971841246557,-1.00849867909238,0,0.269,1
"Vipas39",0.00327971841246557,-0.939112817705847,0,0.269,1
"Csrp1",0.00361476907156026,0.965027286413713,0.621,0.269,1
"Pgm2l1",0.00410623051584323,-0.985648819233845,0.034,0.346,1
"Bex2",0.00434138894441569,1.22183970792926,0.414,0.077,1
"G3bp2",0.00443672089414819,1.03635359119325,0.276,0,1
"Nek7",0.004513366756403,-1.09006085226344,0.172,0.5,1
"Exoc5",0.00451440862589631,-1.35160512467003,0.172,0.5,1
"Tbck",0.00459133241606662,-1.11384560998069,0.069,0.385,1
"Acap2",0.00511891702439164,-0.963929384366584,0.276,0.654,1
"Prkcb",0.00512040061544152,-1.06794505932289,0.172,0.5,1
"Ppp2r3a",0.00541258964828352,1.19768176954204,0.586,0.269,1
"Srsf1",0.00591896176055249,1.07445195685314,0.517,0.154,1
"Senp7",0.00617060728049893,-0.890369795283989,0.138,0.5,1
"Foxo3",0.0062471987853465,-1.13766286705812,0.034,0.308,1
"Cecr2",0.00652663498211937,-1.13822888895236,0.103,0.423,1
"Gtf2h5",0.00676189244309289,-1.02754239216441,0.034,0.308,1
"Cnst",0.00705370501011931,-0.67454037937031,0,0.231,1
"Miga2",0.00705370501011931,-0.996984815379989,0,0.231,1
"Tmem119",0.00705370501011931,-0.863999316445849,0,0.231,1
"Il21r",0.00705370501011931,-0.752451364797633,0,0.231,1
"Map1s",0.00705370501011931,-0.915242197726383,0,0.231,1
"Ccdc28a",0.00705370501011931,-0.793450539805493,0,0.231,1
"Rpa1",0.00705370501011931,-0.928965488744016,0,0.231,1
"Oxa1l",0.00705370501011931,-0.901857187114864,0,0.231,1
"Kctd12",0.00705370501011931,-0.938212748123447,0,0.231,1
"Tbc1d31",0.00705370501011931,-0.751404839264979,0,0.231,1
"Rp2",0.00705370501011931,-0.92227817741611,0,0.231,1
"Calcoco1",0.007314384404613,-0.852442217225294,0.034,0.308,1
"Sox10",0.00794712220604495,0.939122966540175,0.345,0.038,1
"Cyp20a1",0.00818593074853676,1.09530129258344,0.31,0.038,1
"Dpf2",0.00837037888437379,-1.00830965364593,0.103,0.385,1
"Dab2ip",0.00842464465649936,0.982549148964705,0.241,0,1
"Gm39469",0.00842464465649936,1.0282760993661,0.241,0,1
"Gm50232",0.00842464465649936,1.07434600252788,0.241,0,1
"Mgll",0.00885306809793091,0.749767221862538,0.759,0.385,1
"Mapre3",0.00905543436558955,-0.858876471503464,0.103,0.423,1
"Txlng",0.00922292886183894,-0.854380110863596,0.034,0.308,1
"Dennd4a",0.0093976182058449,-1.18868321670905,0.172,0.5,1
"Pde4d",0.00944951406792799,-0.973726102038679,0.241,0.654,1
"Lamp2",0.00945256190321843,-1.01429904979483,0.138,0.462,1
"Cyp4f15",0.00982529545793226,-1.08858831432513,0.069,0.346,1
"Gm20646",0.00991754939657606,0.978999700706695,0.414,0.115,1
"Eny2",0.00995148146420958,-0.631967698631879,0.034,0.308,1
"Fth1",0.0106918429312642,-0.761446675578687,0.448,0.769,1
"Wdr17",0.0111742037076543,0.555280708815165,1,0.923,1
"Ddx39b",0.0112218761343777,1.07019239231583,0.414,0.115,1
"Aff1",0.0112878918314343,-0.901870328318795,0.069,0.346,1
"Nckap5",0.0116505602219813,0.949319299164617,0.759,0.5,1
"Rmst",0.0116505602219813,-0.997937169314318,0.483,0.808,1
"Ankrd26",0.0118888834248591,-1.04084040073091,0.034,0.269,1
"Asah1",0.0121487732602371,0.926522338840647,0.345,0.077,1
"Aak1",0.0122959893049475,-0.925369951709884,0.241,0.577,1
"Zfp36l1",0.0123932682067666,-0.90570748817317,0.138,0.462,1
"Wwox",0.0128000296145053,0.666936506320279,0.759,0.462,1
"Ptgs1",0.012940680837665,-0.990981114877117,0.069,0.346,1
"Arhgef12",0.0132269263153771,0.842466023626919,0.69,0.462,1
"mt-Nd1",0.0138679551203646,-0.990707721863032,0.172,0.462,1
"Upf2",0.013870514503777,1.07329870254492,0.448,0.154,1
"Aqp4",0.013870514503777,-1.01900012724612,0.172,0.462,1
"Gtf2ird2",0.0138765447956663,-0.964959535759101,0.034,0.269,1
"Rnf6",0.0138765447956663,-0.961973308186179,0.034,0.269,1
"Calm2",0.0140569179235608,-0.81378588980612,0.379,0.769,1
"Crat",0.0149440185749292,-0.68790341969455,0,0.192,1
"Slc39a13",0.0149440185749292,-0.734624610183704,0,0.192,1
"Vps72",0.0149440185749292,-0.668914717801409,0,0.192,1
"Snhg3",0.0149440185749292,-0.656703530515771,0,0.192,1
"Prkar1b",0.0149440185749292,-0.77383989554098,0,0.192,1
"Mthfd2",0.0149440185749292,-1.02190896177583,0,0.192,1
"Klf15",0.0149440185749292,-0.891244929759711,0,0.192,1
"Arap1",0.0149440185749292,-0.643640643887257,0,0.192,1
"2310014F06Rik",0.0149440185749292,-0.986363265568825,0,0.192,1
"Ptpre",0.0149440185749292,-0.844047905973468,0,0.192,1
"Cdc16",0.0149440185749292,-0.630798837305959,0,0.192,1
"Mlh1",0.0149440185749292,-0.728731223854158,0,0.192,1
"Gucd1",0.0149440185749292,-0.640396928267386,0,0.192,1
"Plek",0.0149440185749292,-0.720996683786474,0,0.192,1
"Gemin2",0.0149440185749292,-0.700433871380882,0,0.192,1
"Erap1",0.0149440185749292,-0.75144850392238,0,0.192,1
"Srek1ip1",0.0149440185749292,-0.883992129685009,0,0.192,1
"Hnrnpa1",0.0149440185749292,-0.676786640616039,0,0.192,1
"Gm36037",0.0149440185749292,-0.816563542882615,0,0.192,1
"Gm47283",0.0149440185749292,-0.71564130303518,0,0.192,1
"Smyd3",0.0150848159996727,-0.381643662128024,0.207,0.577,1
"Lrrc7",0.0157799134728041,0.979725874150356,0.207,0,1
"Smu1",0.0157799134728041,0.805371447776627,0.207,0,1
"Arl2bp",0.0157799134728041,1.05144945469009,0.207,0,1
"Rxylt1",0.0157799134728041,1.06019005020796,0.207,0,1
"Spag1",0.0157799134728041,0.916189503777172,0.207,0,1
"Mrtfa",0.0157799134728041,1.00368146075064,0.207,0,1
"Gtf2f1",0.0157799134728041,0.836343967356628,0.207,0,1
"Dhx15",0.0159340716737066,-0.931142372189177,0.103,0.385,1
"Nup160",0.0160656325735425,0.917718793812933,0.276,0.038,1
"Ndufa13",0.0160656325735425,1.09739768188809,0.276,0.038,1
"Fkbp2",0.0160656325735425,0.916861676939485,0.276,0.038,1
"Cnksr2",0.0160656325735425,1.02544524882057,0.276,0.038,1
"Lrrn3",0.0161520560009981,-0.735139516502735,0.034,0.269,1
"Mag",0.0161954185932501,1.25506590013253,0.483,0.192,1
"Rhoq",0.0166812815414154,-1.12703315149026,0.069,0.308,1
"Cox5a",0.0167956120289859,0.915631703661727,0.345,0.077,1
"Tafazzin",0.0168999449212927,-0.604564662232758,0.069,0.346,1
"Dnajb4",0.0172538341769682,0.885262631150701,0.276,0.038,1
"Ehmt2",0.0172538341769682,0.866655689294605,0.276,0.038,1
"Atp6ap2",0.0172538341769682,0.905831725019205,0.276,0.038,1
"Per2",0.0174082203534928,-0.846736844415691,0.034,0.269,1
"Pcnx",0.0174082203534928,-0.968887795190964,0.034,0.269,1
"Akap9",0.0177542952374538,-0.586201421272879,0.345,0.731,1
"Ctnna2",0.017891473640962,-0.87979626299034,0.483,0.769,1
"Cntfr",0.0178930754080139,1.02371420810692,0.345,0.077,1
"Numb",0.0190379770723644,-0.907992091269142,0.31,0.654,1
"Atp8a2",0.0191538569255889,-0.977054348096035,0.103,0.385,1
"Gpr155",0.0201797710025734,-0.605017622769385,0.034,0.269,1
"Hnrnpul1",0.0201797710025734,-0.662223323260725,0.034,0.269,1
"2610037D02Rik",0.0203468363018508,-0.785155072325386,0.103,0.385,1
"Srrm1",0.020652785095316,-0.688458588716477,0.172,0.5,1
"Stx8",0.0213574473867077,0.887694959624199,0.379,0.115,1
"Eid1",0.021389347635892,0.935972386574285,0.414,0.154,1
"Id4",0.0215709853078326,-1.03665873295705,0.103,0.346,1
"Rapgef1",0.0218249662276178,-0.753663894227279,0.069,0.308,1
"Zmym5",0.0218249662276178,-0.84177812877586,0.069,0.308,1
"Sema4d",0.0222577542265899,1.00451307484317,0.345,0.115,1
"Bckdhb",0.0225903771595074,0.969462051739099,0.31,0.077,1
"Lamp1",0.0229285122045989,-0.570404847537951,0.103,0.385,1
"Adamtsl1",0.0229353319037868,0.571609582760827,0.345,0.077,1
"Efcab14",0.0233087432270647,-0.952977554364444,0.069,0.308,1
"Ccdc62",0.0233087432270647,-0.982365690742824,0.069,0.308,1
"Cck",0.0240484381850969,-1.02097477035124,0.138,0.423,1
"Peg3",0.0240604933048124,0.98270009176074,0.31,0.077,1
"Rbm27",0.0240604933048124,0.846227692526439,0.31,0.077,1
"Pclo",0.0242190491847192,0.93116177221081,0.448,0.192,1
"Tra2a",0.0244504590498278,-0.881773799279493,0.448,0.731,1
"Epha5",0.024633846639914,-0.806392852577262,0.241,0.538,1
"Hnrnpu",0.0247085508868875,0.935880580934986,0.69,0.346,1
"Phactr4",0.0248793194250496,-0.655879149075445,0.069,0.308,1
"Pkd2",0.0248793194250496,-0.791824326351548,0.069,0.308,1
"Sgip1",0.0251244122153684,-0.578948608438968,0.517,0.846,1
"Extl3",0.0252211727040681,-0.876300646085056,0.172,0.423,1
"Phldb1",0.0253825483630674,1.11769863994688,0.379,0.115,1
"Fam102b",0.0256128591517594,0.907258757943304,0.31,0.077,1
"Gm42413",0.0256128591517594,1.17757470453989,0.31,0.077,1
"Swt1",0.0258902841666778,-0.89292512835811,0.103,0.346,1
"Dzip3",0.0258902841666778,-1.27897590437973,0.103,0.346,1
"Pot1b",0.0258902841666778,-1.03237587510554,0.103,0.346,1
"Zfand2b",0.0259470304147724,-0.979665083477218,0.034,0.231,1
"Hint3",0.0259470304147724,-0.757428768966752,0.034,0.231,1
"Fdxr",0.0259470304147724,-0.771546939402976,0.034,0.231,1
"Ddx42",0.0268717112935159,-0.73583592721765,0.138,0.423,1
"Clybl",0.0272916663993595,0.805192775170649,0.621,0.346,1
"Rin2",0.027333312504102,-0.687723097319682,0.103,0.385,1
"Rapgef5",0.027333312504102,-0.616225401496851,0.103,0.385,1
"Cbx3",0.0274874285635675,-0.863630469275402,0.103,0.346,1
"Phf21a",0.0277684177274236,-0.694600601882393,0.414,0.731,1
"Gm37310",0.027956768720938,-0.718193729471686,0.034,0.231,1
"Ganc",0.0282971198445777,-0.793334191700582,0.069,0.308,1
"Pitpna",0.0282971198445777,-0.676346369199197,0.069,0.308,1
"Slc4a7",0.0282971198445777,-0.69783096008379,0.069,0.308,1
"Ammecr1l",0.0282971198445777,-0.685687266616427,0.069,0.308,1
"9630028H03Rik",0.0283073446538199,1.28638121641991,0.448,0.192,1
"Cfh",0.0283876498524463,-0.68362797224397,0.138,0.423,1
"Eef2k",0.0283876498524463,-0.637608432374058,0.138,0.423,1
"Tnfrsf19",0.0283876498524463,-0.867563625914788,0.138,0.423,1
"Fnip2",0.0291632857001937,-0.810490118138728,0.103,0.346,1
"Gm29514",0.0292412285780171,0.774708490392677,0.172,0,1
"Mfap1a",0.0292412285780171,0.738091605276264,0.172,0,1
"Slc30a4",0.0292412285780171,0.645033338492528,0.172,0,1
"Slc12a5",0.0292412285780171,0.705764006019274,0.172,0,1
"Bmp7",0.0292412285780171,0.846770176779541,0.172,0,1
"Bcas2",0.0292412285780171,0.894535399799981,0.172,0,1
"Rcc2",0.0292412285780171,0.98848577748513,0.172,0,1
"Cdk5",0.0292412285780171,0.803993617449457,0.172,0,1
"Ap4m1",0.0292412285780171,0.846348402225152,0.172,0,1
"Iqce",0.0292412285780171,0.782303029604711,0.172,0,1
"Tril",0.0292412285780171,0.795388076270324,0.172,0,1
"Napa",0.0292412285780171,0.742003157365261,0.172,0,1
"Egln2",0.0292412285780171,0.685682829890718,0.172,0,1
"Ptdss2",0.0292412285780171,0.82964763871888,0.172,0,1
"Hras",0.0292412285780171,0.805179096771762,0.172,0,1
"Jund",0.0292412285780171,0.926099004162891,0.172,0,1
"Ppib",0.0292412285780171,0.662398028800013,0.172,0,1
"Hs3st3a1",0.0292412285780171,0.862632282984444,0.172,0,1
"Rab34",0.0292412285780171,0.718930972771996,0.172,0,1
"Gga3",0.0292412285780171,0.719376388773082,0.172,0,1
"Ppp3cc",0.0292412285780171,0.681858602348541,0.172,0,1
"Olig1",0.0292412285780171,0.822119961208488,0.172,0,1
"Prrc2a",0.0292412285780171,0.772050121974615,0.172,0,1
"Me2",0.0292412285780171,0.72964815317843,0.172,0,1
"Vldlr",0.0292412285780171,0.804410709406404,0.172,0,1
"Sufu",0.0292412285780171,0.92048823136209,0.172,0,1
"As3mt",0.0292412285780171,0.738289511840816,0.172,0,1
"Klhl15",0.0292412285780171,0.79899348532243,0.172,0,1
"Ano4",0.0292880615165909,1.35716109269765,0.483,0.269,1
"Vav3",0.0297962398411138,0.812321509063515,0.448,0.192,1
"Arhgef10l",0.0300481112356742,-1.10846459544575,0.138,0.385,1
"Nr2c1",0.0300992897709078,-1.09996753825215,0.034,0.231,1
"Itpk1",0.0300992897709078,-0.677156588454816,0.034,0.231,1
"Sh3pxd2a",0.0300992897709078,-0.845307062494727,0.034,0.231,1
"Dalrd3",0.0308004245690572,0.904807491406216,0.31,0.077,1
"Tsc1",0.0309245231406477,0.862584488902085,0.241,0.038,1
"Itprid2",0.0309380495810769,-0.849755599082208,0.103,0.346,1
"Plxna4",0.0309380495810769,-0.873210170862207,0.103,0.346,1
"Snap47",0.0309380495810769,-0.790497914735856,0.103,0.346,1
"Nab1",0.0313330159196536,-0.460029334860857,0,0.154,1
"Dedd",0.0313330159196536,-0.554502262849097,0,0.154,1
"Tgfb2",0.0313330159196536,-0.736764244135945,0,0.154,1
"Angptl2",0.0313330159196536,-0.589943960292063,0,0.154,1
"Trmt6",0.0313330159196536,-0.592621952711978,0,0.154,1
"Frem2",0.0313330159196536,-0.604740632797832,0,0.154,1
"Gm15886",0.0313330159196536,-0.558402208243122,0,0.154,1
"A930036I15Rik",0.0313330159196536,-0.558392524340992,0,0.154,1
"Nat8l",0.0313330159196536,-0.551991246366075,0,0.154,1
"Lmtk2",0.0313330159196536,-0.556817661620543,0,0.154,1
"Snca",0.0313330159196536,-0.823181312684207,0,0.154,1
"Pcyox1",0.0313330159196536,-0.591103525876719,0,0.154,1
"Gm26588",0.0313330159196536,-0.590429252972946,0,0.154,1
"Cacna1c",0.0313330159196536,-0.669359067291181,0,0.154,1
"Tmem160",0.0313330159196536,-0.629963913528911,0,0.154,1
"Ctsc",0.0313330159196536,-0.657981078760342,0,0.154,1
"Thumpd1",0.0313330159196536,-0.594760541749638,0,0.154,1
"Lyrm1",0.0313330159196536,-0.559071436879309,0,0.154,1
"Erlin2",0.0313330159196536,-0.559005925493391,0,0.154,1
"Rnf150",0.0313330159196536,-0.934388272650979,0,0.154,1
"Trmt1",0.0313330159196536,-0.673834069523786,0,0.154,1
"Ilf3",0.0313330159196536,-0.461904712230438,0,0.154,1
"Rab27a",0.0313330159196536,-0.558124701974268,0,0.154,1
"Kif9",0.0313330159196536,-0.770294364144008,0,0.154,1
"Gm36908",0.0313330159196536,-0.604738489716012,0,0.154,1
"Ddt",0.0313330159196536,-0.62185865221118,0,0.154,1
"Lsm7",0.0313330159196536,-0.679802742242503,0,0.154,1
"Ccdc117",0.0313330159196536,-0.733908762945921,0,0.154,1
"Dnaaf10",0.0313330159196536,-0.491547802583214,0,0.154,1
"Camta2",0.0313330159196536,-0.578141515392691,0,0.154,1
"Slc8a3",0.0313330159196536,-0.505514075513729,0,0.154,1
"Abcd4",0.0313330159196536,-0.626692754781019,0,0.154,1
"Irf2bpl",0.0313330159196536,-0.488573870614415,0,0.154,1
"H2bc6",0.0313330159196536,-0.73629925814293,0,0.154,1
"Thoc3",0.0313330159196536,-0.681656132803765,0,0.154,1
"Trim23",0.0313330159196536,-0.623561594792312,0,0.154,1
"Pnp",0.0313330159196536,-0.606904476128238,0,0.154,1
"Rcbtb2",0.0313330159196536,-0.929872532799344,0,0.154,1
"Rubcnl",0.0313330159196536,-0.61354161681578,0,0.154,1
"Washc5",0.0313330159196536,-0.531263867892459,0,0.154,1
"Zc3h7b",0.0313330159196536,-0.570223738810698,0,0.154,1
"Phf10",0.0313330159196536,-0.75544238451794,0,0.154,1
"Gm50020",0.0313330159196536,-0.803263658118862,0,0.154,1
"Pigf",0.0313330159196536,-0.689512736635942,0,0.154,1
"Mcfd2",0.0313330159196536,-0.778227881709176,0,0.154,1
"Mir133a-1hg",0.0313330159196536,-0.667258808475968,0,0.154,1
"Zfp91",0.0313330159196536,-0.590443972665882,0,0.154,1
"Elf4",0.0313330159196536,-0.654555456044788,0,0.154,1
"5530601H04Rik",0.0313330159196536,-0.733908762945921,0,0.154,1
"Tmem29",0.0313330159196536,-0.782875593164576,0,0.154,1
"Kcnk2",0.0313519766031848,-0.925151127801271,0.207,0.462,1
"Gria2",0.0315889043153392,0.431738453473274,1,0.885,1
"Slc3a2",0.0321120186744961,-0.677884753669309,0.069,0.308,1
"Med14",0.0321120186744961,-0.416892476154136,0.069,0.308,1
"Suco",0.0323814317704321,-0.828190726103367,0.034,0.231,1
"Pcgf3",0.0323814317704321,-0.701581140102711,0.034,0.231,1
"Camkk2",0.0323814317704321,-0.996408923189295,0.034,0.231,1
"Zfp423",0.0323814317704321,-0.971889229908843,0.034,0.231,1
"Fech",0.0323814317704321,-0.692138677393047,0.034,0.231,1
"Ube4b",0.0327192488523914,0.792624394136158,0.31,0.077,1
"Ddhd2",0.03293064457644,-0.809640834902518,0.172,0.423,1
"Gfod1",0.0331261030282711,0.709728444507812,0.241,0.038,1
"Kpna4",0.0335527712049145,-0.992123750151374,0.138,0.385,1
"Garnl3",0.0347540955979617,-0.778118557081012,0.103,0.346,1
"Vrk2",0.0347540955979617,-0.889736750652783,0.103,0.346,1
"Blzf1",0.0348102343121295,-0.648737965587845,0.034,0.231,1
"Ptpa",0.0348102343121295,-0.61191495798992,0.034,0.231,1
"Zbtb26",0.0348102343121295,-0.601447770160986,0.034,0.231,1
"Stx17",0.0348102343121295,-0.787349846994709,0.034,0.231,1
"Itgb3bp",0.0348102343121295,-0.712209857721277,0.034,0.231,1
"Srcap",0.0348102343121295,-0.686214258132885,0.034,0.231,1
"Slc17a5",0.0348102343121295,-0.647789118290015,0.034,0.231,1
"Mms19",0.0348102343121295,-0.67783388159399,0.034,0.231,1
"Rpl28",0.0354324939965857,0.684339321968258,0.379,0.115,1
"Sv2b",0.0354604741139766,0.663544067072093,0.241,0.038,1
"Foxp1",0.0361544319998828,1.0201709526416,0.379,0.154,1
"Stam2",0.0363126003336045,-0.907014507905354,0.069,0.269,1
"Selenos",0.0363594682844336,-0.620736824932819,0.069,0.308,1
"Prpf40a",0.0364438342770301,-0.735826880940168,0.207,0.462,1
"Celrr",0.0365370538632107,0.707835354190105,0.414,0.154,1
"Stambpl1",0.0365370538632107,-0.768962603129571,0.172,0.423,1
"Nr6a1",0.0366209278717022,-0.658448465060091,0.172,0.462,1
"Man1a2",0.0366209278717022,-0.594392322186801,0.172,0.462,1
"Tspan3",0.0366209278717022,-0.687289424296471,0.172,0.462,1
"Scg2",0.0368654164205408,0.676681855024835,0.31,0.077,1
"Sdc2",0.0368654164205408,0.829168964367746,0.31,0.077,1
"Ttc28",0.0369303079620977,-0.811273265310633,0.207,0.5,1
"Tspyl4",0.0373929329456602,-0.787861623281745,0.034,0.231,1
"Cfap36",0.0373929329456602,-0.661669955721194,0.034,0.231,1
"BC005537",0.0373929329456602,-0.594115453366628,0.034,0.231,1
"Chadl",0.0373929329456602,-0.650668299793811,0.034,0.231,1
"Itgb5",0.0374180964279862,-0.714271627404414,0.345,0.577,1
"St18",0.0382687962485554,1.09654197703671,0.586,0.308,1
"Clk4",0.0382687962485554,-0.624134231649109,0.31,0.615,1
"Ppip5k1",0.0386569530349706,0.82881279655709,0.276,0.077,1
"Rab5if",0.0386569530349706,-0.53393087858796,0.069,0.308,1
"Aldh1l1",0.0386569530349706,0.973470198314378,0.276,0.077,1
"Terf1",0.0387113522183648,-0.803373381426978,0.069,0.269,1
"2610044O15Rik8",0.0387113522183648,-0.783332479942213,0.069,0.269,1
"Tm9sf2",0.0387113522183648,-0.837176062584346,0.069,0.269,1
"Siglech",0.0391171229337456,-0.668739545827582,0.138,0.423,1
"Gm20743",0.0401369527141598,-0.641777740872645,0.034,0.231,1
"Smarcad1",0.0401369527141598,-0.47997169491896,0.034,0.231,1
"Gtf3c1",0.0401369527141598,-0.475416421050251,0.034,0.231,1
"Gm17231",0.0401369527141598,-0.575234332165763,0.034,0.231,1
"Rap1b",0.0401369527141598,-0.686114318671231,0.034,0.231,1
"Taf1b",0.0401369527141598,-0.614936187748877,0.034,0.231,1
"Trerf1",0.040474673168248,1.06127136553018,0.379,0.192,1
"Arhgap26.1",0.040474673168248,1.06456100219313,0.379,0.192,1
"Dst",0.040531407175869,-0.71478180272637,0.655,0.846,1
"Raver2",0.0412047680373469,-0.625499711960116,0.138,0.423,1
"Rps6kc1",0.0412434301272203,-0.683770310683906,0.069,0.269,1
"Naa16",0.0412434301272203,-0.721211063508455,0.069,0.269,1
"Sp4",0.0414509017176898,-0.955024167848287,0.103,0.308,1
"Pard3bos1",0.0416193843064693,-0.659688597898568,0.138,0.385,1
"Gm47271",0.0425405736395264,-0.752074692589902,0.172,0.462,1
"Ssh2",0.043288272704555,-0.935517911135133,0.552,0.692,1
"Myo6",0.0434946635818209,0.616983900785167,0.862,0.808,1
"Eif2s3y",0.0435283807496107,0.625316501758978,0.552,0.308,1
"Snta1",0.0436018079998184,-0.310628809238322,0.103,0.346,1
"Cops3",0.0436018079998184,0.820773625213949,0.31,0.115,1
"Nrd1",0.0436234503825412,0.808791054886197,0.276,0.077,1
"Kcnma1",0.0436593847885348,0.676907981933046,0.586,0.385,1
"Fndc3b",0.0439144150454377,-0.733317079752635,0.069,0.269,1
"Pou2f2",0.0439144150454377,-0.816337232422045,0.069,0.269,1
"Gria3",0.0439144150454377,-0.751840388895563,0.069,0.269,1
"mt-Rnr2",0.0439785345095375,-0.90368770034471,0.655,0.846,1
"Arih1",0.0445909910131757,-0.69932901332413,0.276,0.538,1
"Setd2",0.0446915426401076,-0.662008534164148,0.31,0.615,1
"Dock8",0.0447663343617233,-0.837440444700261,0.172,0.423,1
"Pcdh9",0.0457496845752406,0.609800562544889,0.966,1,1
"Mga",0.0457918843157355,0.825214349232054,0.414,0.192,1
"Ifnar2",0.0462508669850923,0.723297596407674,0.241,0.038,1
"Glrb",0.0463023570187423,0.952353703260022,0.276,0.077,1
"Iffo1",0.0464028509655553,0.50963760123684,0.345,0.115,1
"Ctdspl",0.0464028509655553,-0.851541454841039,0.138,0.346,1
"Pgap2",0.0465104584095879,0.683028660658279,0.31,0.077,1
"Prxl2a",0.0465104584095879,-0.807760587485838,0.103,0.308,1
"Nphp3",0.0467299987535067,-0.654646279955763,0.069,0.269,1
"Aatf",0.0467299987535067,-0.643094380095822,0.069,0.269,1
"Sec14l1",0.0467299987535067,-0.61506248579171,0.069,0.269,1
"ENSMUSG00000120522",0.0468403555536506,0.922434307666185,0.379,0.154,1
"Mbnl2",0.0469243964143799,-0.741432673999492,0.552,0.731,1
"Hpgds",0.04705227162772,-0.956099034666575,0.172,0.423,1
"Cdh19",0.0477216007031023,-0.780487495149627,0.345,0.615,1
"Tmem131",0.0486961877271622,-0.656119231271223,0.103,0.346,1
"Hpf1",0.0486961877271622,-0.593410131022307,0.103,0.346,1
"L3mbtl3",0.0486961877271622,-0.710816229917588,0.103,0.346,1
"Synj1",0.0486961877271622,-0.660003173479989,0.103,0.346,1
"Atrnl1",0.0489442212946713,-0.749777711532561,0.138,0.346,1
"Tpm3",0.0492292258375002,-0.86415753946848,0.103,0.308,1
"Fgd6",0.0492633673721983,0.709544018828411,0.483,0.231,1
"Aldh7a1",0.0494356165717271,-0.723114992929537,0.172,0.423,1
"Gfra1",0.0494356165717271,0.716827997055427,0.379,0.192,1
"Tifa",0.049695977861685,-0.65558333234573,0.069,0.269,1
"3110082I17Rik",0.049695977861685,-0.774422154881247,0.069,0.269,1
"Myh14",0.049695977861685,-0.823725590081153,0.069,0.269,1
"Bnip3l",0.049695977861685,-0.626297658218817,0.069,0.269,1
"Snrpn",0.0512707921579706,1.21129319449239,0.345,0.154,1
"Mtf2",0.0514252764158484,-0.655844534703138,0.103,0.346,1
"Cox7a2",0.0514252764158484,0.855939488496861,0.31,0.115,1
"Foxo1",0.0514830328514656,-0.65578888704132,0.207,0.5,1
"Taok3",0.0518035458045999,0.697837684829626,0.379,0.154,1
"Tmtc2",0.0518730795656826,0.88672508090058,0.552,0.308,1
"Pard3b",0.0520274077959174,-0.758307554594895,0.414,0.654,1
"Ndufs4",0.0520768940296236,0.909532565633542,0.276,0.077,1
"Cttn",0.0520801139139968,-0.905787225143465,0.103,0.308,1
"Ccser2",0.0520801139139968,-0.754911747243217,0.103,0.308,1
"Adgrb3",0.0524962725982675,0.709312147695313,0.966,0.885,1
"Aste1",0.0528182472270071,-0.590288001513252,0.069,0.269,1
"Tenm2",0.0528182472270071,-0.717560610578107,0.069,0.269,1
"Ddx23",0.0528182472270071,-0.454731871066098,0.069,0.269,1
"Klhl22",0.0528182472270071,-0.663791187309153,0.069,0.269,1
"Sall3",0.0528182472270071,-0.935731613842291,0.069,0.269,1
"Pibf1",0.0533174253624604,-0.738725539277023,0.276,0.538,1
"Med12l",0.0535765303078811,-0.719553610719944,0.207,0.462,1
"Neurl3",0.0538332670944248,0.823549749603994,0.138,0,1
"Kdsr",0.0538332670944248,0.753022735428033,0.138,0,1
"Ppp1r15b",0.0538332670944248,0.727897982051863,0.138,0,1
"Usf1",0.0538332670944248,0.677440605229112,0.138,0,1
"1810024B03Rik",0.0538332670944248,0.712705084978282,0.138,0,1
"Dpm1",0.0538332670944248,0.605911244718378,0.138,0,1
"Mtg2",0.0538332670944248,0.682655589691085,0.138,0,1
"Nhlrc3",0.0538332670944248,0.588110303778279,0.138,0,1
"Dennd4b",0.0538332670944248,0.57396432101065,0.138,0,1
"Slc16a1",0.0538332670944248,0.456687107574035,0.138,0,1
"Zbtb5",0.0538332670944248,0.733342142980067,0.138,0,1
"Rhbdl2",0.0538332670944248,0.746553063525134,0.138,0,1
"Trappc3",0.0538332670944248,0.644384519063898,0.138,0,1
"Disp3",0.0538332670944248,0.640494229123135,0.138,0,1
"Gtpbp10",0.0538332670944248,0.537980920113686,0.138,0,1
"Ccdc146",0.0538332670944248,0.766829343178734,0.138,0,1
"Gtf3c2",0.0538332670944248,0.589100775092478,0.138,0,1
"Snx17",0.0538332670944248,0.588862957116196,0.138,0,1
"Usp30",0.0538332670944248,0.728527306891815,0.138,0,1
"Bicdl1",0.0538332670944248,0.686063857576504,0.138,0,1
"Gm6598",0.0538332670944248,0.547345301459843,0.138,0,1
"Kdelr2",0.0538332670944248,0.583922173125473,0.138,0,1
"Gm45221",0.0538332670944248,0.630173305458994,0.138,0,1
"Cavin3",0.0538332670944248,0.752566991422451,0.138,0,1
"Phrf1",0.0538332670944248,0.652350021436139,0.138,0,1
"Dctn6",0.0538332670944248,0.639867602505403,0.138,0,1
"Cdkn2aip",0.0538332670944248,0.628380624769934,0.138,0,1
"Mcam",0.0538332670944248,0.892150190105111,0.138,0,1
"Me1",0.0538332670944248,0.608934706021165,0.138,0,1
"9530059O14Rik",0.0538332670944248,0.54977327226156,0.138,0,1
"Msl3l2",0.0538332670944248,0.791677778235199,0.138,0,1
"Plxnc1",0.0538332670944248,0.537588457834883,0.138,0,1
"Txndc17",0.0538332670944248,0.563686518262769,0.138,0,1
"Recql5",0.0538332670944248,0.539009368063859,0.138,0,1
"Smad5",0.0538332670944248,0.684332439098248,0.138,0,1
"ENSMUSG00000121053",0.0538332670944248,0.67253015441041,0.138,0,1
"Paip1",0.0538332670944248,0.640441567989402,0.138,0,1
"Chdh",0.0538332670944248,0.570231129875639,0.138,0,1
"Phf7",0.0538332670944248,0.695827450973095,0.138,0,1
"Gm15601",0.0538332670944248,0.580000872007761,0.138,0,1
"Zfp219",0.0538332670944248,0.709888435059433,0.138,0,1
"Mdp1",0.0538332670944248,0.714004711468811,0.138,0,1
"Mtmr12",0.0538332670944248,0.575905928804159,0.138,0,1
"Nudcd1",0.0538332670944248,0.747533970578154,0.138,0,1
"Mpst",0.0538332670944248,0.695780718173014,0.138,0,1
"Kmt2d",0.0538332670944248,0.507903455990725,0.138,0,1
"1700037C18Rik",0.0538332670944248,0.67856631554293,0.138,0,1
"Adprh",0.0538332670944248,0.604499338226015,0.138,0,1
"Zfp943",0.0538332670944248,0.479252918245795,0.138,0,1
"Tjap1",0.0538332670944248,0.482440747117499,0.138,0,1
"Zdhhc24",0.0538332670944248,0.738868412877622,0.138,0,1
"4930484I04Rik",0.0538332670944248,0.631375733678021,0.138,0,1
"Gm44593",0.0538332670944248,0.524465579953118,0.138,0,1
"Adhfe1",0.0542812340626546,-0.578585549616208,0.103,0.346,1
"Tmbim6",0.054445697604296,-0.997788716775597,0.172,0.385,1
"Snx10",0.0546893015241119,0.716324328785995,0.207,0.038,1
"Ergic2",0.0546893015241119,0.861777967560885,0.207,0.038,1
"Mtmr10",0.0546893015241119,0.722273314291247,0.207,0.038,1
"Sema4b",0.0546893015241119,0.747976418761495,0.207,0.038,1
"Atp13a5",0.0546893015241119,0.81739837362641,0.207,0.038,1
"H2-K1",0.0546893015241119,0.998868282606526,0.207,0.038,1
"Cystm1",0.0546893015241119,0.723589975234035,0.207,0.038,1
"Igbp1",0.0546893015241119,0.782632555900388,0.207,0.038,1
"Coq3",0.0550678031108497,-0.685949305922759,0.103,0.308,1
"Brms1l",0.0550678031108497,-0.900850333888837,0.103,0.308,1
"Acvr1",0.0551829345858185,0.841372201008726,0.276,0.077,1
"H13",0.0554161293950212,-0.78911723305991,0.034,0.192,1
"9930104L06Rik",0.0554161293950212,-0.715017998070731,0.034,0.192,1
"Arrdc3",0.0554161293950212,-0.731631661475526,0.034,0.192,1
"Arhgap22",0.0554161293950212,-0.804986724420701,0.034,0.192,1
"Lmbrd2",0.0554161293950212,-0.785179957712921,0.034,0.192,1
"2810403D21Rik",0.0554161293950212,-0.846075753900791,0.034,0.192,1
"Ecpas",0.0554997141015149,0.840184817675902,0.414,0.192,1
"Snhg6",0.0561027927426824,-0.375001142751952,0.069,0.269,1
"Chst2",0.0561027927426824,-0.657030118744536,0.069,0.269,1
"Ublcp1",0.0561027927426824,-0.660854289374429,0.069,0.269,1
"Nsd3",0.05652366202029,0.643071424139358,0.552,0.308,1
"Lrp1b",0.0568948941182116,0.524202443584592,0.862,0.731,1
"Zbtb38",0.0571993315416713,0.770848213888459,0.379,0.154,1
"Dnajc3",0.0571993315416713,0.87486874526624,0.379,0.154,1
"Nectin3",0.0572786976375145,-0.709880438558482,0.138,0.346,1
"Sema6a",0.0572786976375145,0.857562421807374,0.345,0.115,1
"Gm9925",0.0577224829394071,-0.71038067056818,0.241,0.462,1
"Xylt1",0.0578281790451547,0.669040353452571,0.552,0.346,1
"Slc12a9",0.0584609666546144,0.90234986948906,0.207,0.038,1
"Nup50",0.0584609666546144,0.624597673160161,0.207,0.038,1
"Rpl35a",0.0584609666546144,0.620136956311696,0.207,0.038,1
"Kif13a",0.0586938351349931,0.739347918238052,0.517,0.308,1
"Capza2",0.0587819456698381,-0.60168205187265,0.207,0.462,1
"Fam228b",0.0587819456698381,-0.839641264990851,0.207,0.462,1
"Spred1",0.0590200049122692,0.788638713515331,0.483,0.231,1
"Tmsb4x",0.0590542226951047,0.730887461273162,0.586,0.308,1
"Cspg5",0.0590678430334259,0.678426538429622,0.759,0.577,1
"Tgfbrap1",0.0595039614997163,-0.571506808348888,0.034,0.192,1
"Dnah7b",0.0595039614997163,-0.552218458320086,0.034,0.192,1
"Pdhx",0.0595039614997163,-0.640229929788872,0.034,0.192,1
"Plch1",0.0595039614997163,-0.769810055092717,0.034,0.192,1
"Brca2",0.0595039614997163,-0.591632422395966,0.034,0.192,1
"St7",0.0595039614997163,-0.662337447141273,0.034,0.192,1
"Ap2a1",0.0595039614997163,-0.652113563818004,0.034,0.192,1
"Dus2",0.0595039614997163,-0.665495029882454,0.034,0.192,1
"Cep162",0.0595039614997163,-0.660604481183085,0.034,0.192,1
"Plscr4",0.0595039614997163,-0.697535613067051,0.034,0.192,1
"Slc29a3",0.0595039614997163,-0.536928050981894,0.034,0.192,1
"Alkbh5",0.0595039614997163,-0.75183507366432,0.034,0.192,1
"Spata7",0.0595039614997163,-0.762406046437011,0.034,0.192,1
"Cyb5a",0.0595039614997163,-0.69742939516565,0.034,0.192,1
"Exoc6",0.0595039614997163,-0.75267112230834,0.034,0.192,1
"Btk",0.0595039614997163,-0.709910013842886,0.034,0.192,1
"Reps1",0.0595556834919117,-0.759693907716953,0.069,0.269,1
"Rimoc1",0.0595556834919117,-0.600954345253516,0.069,0.269,1
"Cfdp1",0.0596825470759609,-0.644143372188823,0.138,0.385,1
"Dclk1",0.0599887956555611,0.536850251793935,0.931,0.846,1
"Denn2b",0.060004703208849,-0.602134632272985,0.172,0.423,1
"Pja2",0.060004703208849,1.04017235959578,0.379,0.192,1
"Map7",0.0600239796787935,0.616810898747975,0.517,0.231,1
"Tut7",0.0603066526797304,0.754111744502001,0.345,0.115,1
"Phka1",0.0606523922151337,-0.913019579204636,0.379,0.654,1
"Cisd2",0.0614726088092149,-0.638484693998928,0.103,0.308,1
"Hk2",0.0614726088092149,-0.760033812143113,0.103,0.308,1
"Zbed5-ps",0.0614726088092149,-0.706283998260763,0.103,0.308,1
"Actr1a",0.0614726088092149,-0.763284539690514,0.103,0.308,1
"Sytl2",0.0618591312182906,1.11847761303251,0.276,0.077,1
"Tmed7",0.0618591312182906,0.738970539630162,0.276,0.077,1
"Ttc14",0.0622100862336616,0.521851533867093,0.724,0.5,1
"Efnb3",0.0624462067681143,0.907204052424834,0.207,0.038,1
"Ppp1r9a",0.0626977244640999,-0.494164909511688,0.241,0.538,1
"Zfp160",0.0627210361768762,-0.479271227194995,0.138,0.385,1
"Pitpnm2",0.0631830632604118,-0.535647390237372,0.069,0.269,1
"Zkscan1",0.0631830632604118,-0.615274495754712,0.069,0.269,1
"Bmt2",0.0631830632604118,-0.556134003187345,0.069,0.269,1
"Mia2",0.0631830632604118,-0.555672541821273,0.069,0.269,1
"Zbtb1",0.0631830632604118,-0.589956553407936,0.069,0.269,1
"Ndufs2",0.0638388974677387,-0.633682126271381,0.034,0.192,1
"Rbis",0.0638388974677387,-0.586745143695169,0.034,0.192,1
"Hgf",0.0638388974677387,-0.644959389926689,0.034,0.192,1
"Elmod3",0.0638388974677387,-0.564120144039923,0.034,0.192,1
"Gm10644",0.0638388974677387,-0.604639889183865,0.034,0.192,1
"Senp8",0.0638388974677387,-0.719528949457441,0.034,0.192,1
"Pik3cg",0.0638388974677387,-0.623713188559349,0.034,0.192,1
"Dync2i1",0.0638388974677387,-0.701687892908868,0.034,0.192,1
"Prkcd",0.0638388974677387,-0.54917977898439,0.034,0.192,1
"Ghitm",0.0638388974677387,-0.846957173129697,0.034,0.192,1
"Synpo",0.0638388974677387,-0.616330565796948,0.034,0.192,1
"Myrf",0.0638388974677387,-0.788726752492424,0.034,0.192,1
"Slc27a1",0.0640710908904528,-0.87080274804106,0.276,0.5,1
"Tenm3",0.0641760949382855,0.78008220313111,0.586,0.308,1
"Ptch1",0.0644702552316108,-0.764368696217761,0.241,0.5,1
"Spire1",0.0645845036166912,-0.459383219698801,0.552,0.846,1
"Evi5",0.0648993712858897,-0.622907252930095,0.103,0.308,1
"Rasa3",0.0648993712858897,-0.737668706407314,0.103,0.308,1
"Cep97",0.0648993712858897,-0.612690261027438,0.103,0.308,1
"Lgi1",0.0654401060571796,0.642535083999264,0.276,0.077,1
"Gm37628",0.0655028484705063,-0.458169424186381,0,0.115,1
"Gm26788",0.0655028484705063,-0.490029741488318,0,0.115,1
"Spats2l",0.0655028484705063,-0.516773961244327,0,0.115,1
"Abi2",0.0655028484705063,-0.512180625845158,0,0.115,1
"Unc80",0.0655028484705063,-0.367166160982786,0,0.115,1
"Fbxo36",0.0655028484705063,-0.678080106557568,0,0.115,1
"Cops9",0.0655028484705063,-0.566742508559135,0,0.115,1
"Rnf152",0.0655028484705063,-0.460215932934321,0,0.115,1
"Nuak2",0.0655028484705063,-0.440031885385684,0,0.115,1
"Crb1",0.0655028484705063,-0.374014171583364,0,0.115,1
"6720464F23Rik",0.0655028484705063,-0.62714265310311,0,0.115,1
"Psen2",0.0655028484705063,-0.375427634691653,0,0.115,1
"Dusp10",0.0655028484705063,-0.519106270753388,0,0.115,1
"Pacc1",0.0655028484705063,-0.337579752388682,0,0.115,1
"Cr1l",0.0655028484705063,-0.5807984325118,0,0.115,1
"Cacna1b",0.0655028484705063,-0.539982251186644,0,0.115,1
"Pmpca",0.0655028484705063,-0.570857274627702,0,0.115,1
"Gm44144",0.0655028484705063,-0.88424017129332,0,0.115,1
"Gm11084",0.0655028484705063,-0.399233999123047,0,0.115,1
"Tfpi",0.0655028484705063,-0.822774383657566,0,0.115,1
"Gm13710",0.0655028484705063,-0.474238975696748,0,0.115,1
"Blvra",0.0655028484705063,-0.553665821330711,0,0.115,1
"Trp53rka",0.0655028484705063,-0.482338454240608,0,0.115,1
"Slc9a8",0.0655028484705063,-0.349048720297263,0,0.115,1
"Rtf2",0.0655028484705063,-0.5278445128213,0,0.115,1
"Zfhx4",0.0655028484705063,-0.795962595964644,0,0.115,1
"Ufm1",0.0655028484705063,-0.427664682433443,0,0.115,1
"Ubqln4",0.0655028484705063,-0.506061612547794,0,0.115,1
"Scnm1",0.0655028484705063,-0.533602494821896,0,0.115,1
"Fcgr1",0.0655028484705063,-0.452406015445723,0,0.115,1
"Gdap2",0.0655028484705063,-0.641564558507401,0,0.115,1
"Igsf3",0.0655028484705063,-0.594807636775115,0,0.115,1
"Gm42974",0.0655028484705063,-0.470001596184162,0,0.115,1
"Cnr1",0.0655028484705063,-0.518461472537479,0,0.115,1
"Gm17354",0.0655028484705063,-0.435410004476612,0,0.115,1
"B4galt2",0.0655028484705063,-0.439811039486879,0,0.115,1
"Utp11",0.0655028484705063,-0.510408719313251,0,0.115,1
"Col16a1",0.0655028484705063,-0.641145360050321,0,0.115,1
"Snhg12",0.0655028484705063,-0.484150788196621,0,0.115,1
"Slc9a1",0.0655028484705063,-0.429209875544546,0,0.115,1
"Ece1",0.0655028484705063,-0.476397006902367,0,0.115,1
"2510039O18Rik",0.0655028484705063,-0.5465311763214,0,0.115,1
"Fbxo2",0.0655028484705063,-0.524346965128369,0,0.115,1
"Spsb1",0.0655028484705063,-0.742983998072329,0,0.115,1
"A630072M18Rik",0.0655028484705063,-0.719875066909727,0,0.115,1
"Tnip2",0.0655028484705063,-0.36356258552318,0,0.115,1
"Wdr1",0.0655028484705063,-0.330827057097014,0,0.115,1
"Lap3",0.0655028484705063,-0.52046754432983,0,0.115,1
"Gm42602",0.0655028484705063,-0.842408751884315,0,0.115,1
"Miat",0.0655028484705063,-0.576052056904441,0,0.115,1
"Tmem116",0.0655028484705063,-0.374691646798291,0,0.115,1
"Acad10",0.0655028484705063,-0.812879780558911,0,0.115,1
"Diablo",0.0655028484705063,-0.386184837440459,0,0.115,1
"Scarb1",0.0655028484705063,-0.452668912369298,0,0.115,1
"Stx2",0.0655028484705063,-0.509056243861838,0,0.115,1
"Hsph1",0.0655028484705063,-0.583778471799497,0,0.115,1
"4930599N23Rik",0.0655028484705063,-0.715724404203349,0,0.115,1
"Gstk1",0.0655028484705063,-0.363269448563791,0,0.115,1
"Casp2",0.0655028484705063,-0.335371045436903,0,0.115,1
"Pdia4",0.0655028484705063,-0.434633057520177,0,0.115,1
"Herc3",0.0655028484705063,-0.553749856593355,0,0.115,1
"Dctn1",0.0655028484705063,-0.565678926914104,0,0.115,1
"Chchd6",0.0655028484705063,-0.507086390250956,0,0.115,1
"Zfand4",0.0655028484705063,-0.494269041647407,0,0.115,1
"Apobec1",0.0655028484705063,-0.568131037886543,0,0.115,1
"Prkcg",0.0655028484705063,-0.489612874274561,0,0.115,1
"Sergef",0.0655028484705063,-0.431032333244467,0,0.115,1
"9130015G15Rik",0.0655028484705063,-0.646673215504142,0,0.115,1
"A730056A06Rik",0.0655028484705063,-0.587538469657332,0,0.115,1
"Klhl25",0.0655028484705063,-0.435601275680717,0,0.115,1
"Fes",0.0655028484705063,-0.384284104518926,0,0.115,1
"Nars2",0.0655028484705063,-0.468570584118755,0,0.115,1
"Arfip2",0.0655028484705063,-0.595327470203359,0,0.115,1
"Tmem9b",0.0655028484705063,-0.441161516290094,0,0.115,1
"Gm15489",0.0655028484705063,-0.519693011803204,0,0.115,1
"Ppp4c",0.0655028484705063,-0.495116360645786,0,0.115,1
"Zfp771",0.0655028484705063,-0.64147750017006,0,0.115,1
"Abraxas2",0.0655028484705063,-0.44421755586139,0,0.115,1
"Irs2",0.0655028484705063,-0.54470326925286,0,0.115,1
"Pcid2",0.0655028484705063,-0.514948547859448,0,0.115,1
"Plekha2",0.0655028484705063,-0.533137281708486,0,0.115,1
"ENSMUSG00000120204",0.0655028484705063,-0.546225923974086,0,0.115,1
"Gm45640",0.0655028484705063,-0.587306730752382,0,0.115,1
"Pla2g15",0.0655028484705063,-0.597331841458374,0,0.115,1
"Gm15655",0.0655028484705063,-0.48199430289778,0,0.115,1
"Cdyl2",0.0655028484705063,-0.562312299679456,0,0.115,1
"Prkcsh",0.0655028484705063,-0.381885464572805,0,0.115,1
"Eepd1",0.0655028484705063,-0.607675128704129,0,0.115,1
"E030022I16Rik",0.0655028484705063,-0.381144690547386,0,0.115,1
"Hyal1",0.0655028484705063,-0.386702727160809,0,0.115,1
"A530083I20Rik",0.0655028484705063,-0.554980118948288,0,0.115,1
"Heca",0.0655028484705063,-0.542570562393074,0,0.115,1
"Hey2",0.0655028484705063,-0.497136925195265,0,0.115,1
"Bend3",0.0655028484705063,-0.463977230619556,0,0.115,1
"Qrsl1",0.0655028484705063,-0.628640157862996,0,0.115,1
"Gm49783",0.0655028484705063,-0.595593376554966,0,0.115,1
"Cand1",0.0655028484705063,-0.456540483298477,0,0.115,1
"Cdk4",0.0655028484705063,-0.487891328406638,0,0.115,1
"Gm11944",0.0655028484705063,-0.462877632725463,0,0.115,1
"4930556J24Rik",0.0655028484705063,-0.405763023266181,0,0.115,1
"Dbnl",0.0655028484705063,-0.597685326080943,0,0.115,1
"Camk2b",0.0655028484705063,-0.428781984786701,0,0.115,1
"4930469K13Rik",0.0655028484705063,-0.648832006252029,0,0.115,1
"Mgat1",0.0655028484705063,-0.473756977917334,0,0.115,1
"Ctc1",0.0655028484705063,-0.409819271409521,0,0.115,1
"ENSMUSG00000121226",0.0655028484705063,-0.419590177477121,0,0.115,1
"Rhbdl3",0.0655028484705063,-0.412325211544383,0,0.115,1
"Acsf2",0.0655028484705063,-0.610975341929363,0,0.115,1
"Abca6",0.0655028484705063,-0.506569217907467,0,0.115,1
"Nt5c",0.0655028484705063,-0.595327470203359,0,0.115,1
"Eipr1",0.0655028484705063,-0.540550682308721,0,0.115,1
"Klhl28",0.0655028484705063,-0.528673812405295,0,0.115,1
"Rpl36al",0.0655028484705063,-0.534643836530358,0,0.115,1
"Mthfd1",0.0655028484705063,-0.608888614912964,0,0.115,1
"Eif2s1",0.0655028484705063,-0.392466118799807,0,0.115,1
"Rnf113a2",0.0655028484705063,-0.696786246481888,0,0.115,1
"Thbs4",0.0655028484705063,-0.755414629840754,0,0.115,1
"Naip5",0.0655028484705063,-0.369326759419282,0,0.115,1
"Oxsm",0.0655028484705063,-0.345227637287877,0,0.115,1
"Ecd",0.0655028484705063,-0.614173715340267,0,0.115,1
"Tmem273",0.0655028484705063,-0.519693011803204,0,0.115,1
"Cgrrf1",0.0655028484705063,-0.513612241618608,0,0.115,1
"Rnase4",0.0655028484705063,-0.614421962249966,0,0.115,1
"Mettl3",0.0655028484705063,-0.527441861385666,0,0.115,1
"Tinf2",0.0655028484705063,-0.351913419504361,0,0.115,1
"Sacs",0.0655028484705063,-0.507368311994583,0,0.115,1
"Adam2",0.0655028484705063,-0.586395536745404,0,0.115,1
"Mzt1",0.0655028484705063,-0.498563355556139,0,0.115,1
"Dis3",0.0655028484705063,-0.715997881399736,0,0.115,1
"Atpsckmt",0.0655028484705063,-0.668081520520893,0,0.115,1
"1700109K24Rik",0.0655028484705063,-0.503469136056377,0,0.115,1
"Zbed4",0.0655028484705063,-0.405499118178353,0,0.115,1
"4930578M01Rik",0.0655028484705063,-0.651430781189244,0,0.115,1
"Zfp385a",0.0655028484705063,-0.376583026804343,0,0.115,1
"Dynlt2b",0.0655028484705063,-0.55024136884225,0,0.115,1
"Tomm70a",0.0655028484705063,-0.42651519939145,0,0.115,1
"4930453N24Rik",0.0655028484705063,-0.485460409360507,0,0.115,1
"Bach1",0.0655028484705063,-0.546337289100672,0,0.115,1
"Riok2",0.0655028484705063,-0.516992571827794,0,0.115,1
"Zfp948",0.0655028484705063,-0.531211811538367,0,0.115,1
"Gm16196",0.0655028484705063,-0.526039504255748,0,0.115,1
"Trp53cor1",0.0655028484705063,-0.456291994239802,0,0.115,1
"Nfkbil1",0.0655028484705063,-0.66177259190334,0,0.115,1
"H2-T23",0.0655028484705063,-0.587306730752382,0,0.115,1
"ENSMUSG00000121209",0.0655028484705063,-0.558821211241026,0,0.115,1
"Gm36279",0.0655028484705063,-0.507286625976524,0,0.115,1
"Mpp7",0.0655028484705063,-0.391701732773941,0,0.115,1
"Ercc3",0.0655028484705063,-0.554980118948288,0,0.115,1
"Fam53c",0.0655028484705063,-0.46715315448776,0,0.115,1
"Hmgxb3",0.0655028484705063,-0.536000149144792,0,0.115,1
"Pold4",0.0655028484705063,-0.459490597858745,0,0.115,1
"Mus81",0.0655028484705063,-0.557451753862849,0,0.115,1
"Zdhhc16",0.0655028484705063,-0.552665385895021,0,0.115,1
"Erlin1",0.0655028484705063,-0.584840054665106,0,0.115,1
"Twnk",0.0655028484705063,-0.395054043606292,0,0.115,1
"Prdx3",0.0655028484705063,-0.524018566757282,0,0.115,1
"Suv39h1",0.0655028484705063,-0.412959877223493,0,0.115,1
"Porcn",0.0655028484705063,-0.398577101995955,0,0.115,1
"Mospd1",0.0655028484705063,-0.401278660031898,0,0.115,1
"Col4a5",0.0655028484705063,-0.48199430289778,0,0.115,1
"Tox",0.0657511615873418,-0.550230138776231,0.379,0.654,1
"Ube3c",0.0659031766471164,-0.491382275051707,0.138,0.385,1
"Dbp",0.0659031766471164,0.950524710030302,0.345,0.154,1
"Kdm3b",0.0659031766471164,-0.466184998999332,0.138,0.385,1
"Setd7",0.0659547742362364,-0.942190977821651,0.207,0.385,1
"Kcnq3",0.0666469502176849,-0.742819944757662,0.31,0.538,1
"Hip1r",0.0666535489880492,0.619789391240704,0.207,0.038,1
"Armc2",0.0666535489880492,0.717757819822436,0.207,0.038,1
"Nf2",0.0666535489880492,0.672331553667867,0.207,0.038,1
"Rack1",0.0666535489880492,0.679140638797851,0.207,0.038,1
"Scg3",0.0666747388072335,-0.512170729631662,0.345,0.615,1
"Ubl3",0.0667611181421857,-0.839717627031109,0.138,0.346,1
"Ddx6",0.0667611181421857,-0.662715444733876,0.138,0.346,1
"Ppm1e",0.0667611181421857,-0.817197473624477,0.138,0.346,1
"Serbp1",0.0670599144929276,0.8683196207236,0.31,0.115,1
"Ldhb",0.0673474005985319,-0.861792593020674,0.241,0.5,1
"Syncrip",0.0673719391216299,0.488693701580305,0.448,0.192,1
"Tmem127",0.0675269373601107,-0.753229025369411,0.069,0.231,1
"Crlf3",0.0682536761442871,-0.808241915610718,0.345,0.577,1
"6030442K20Rik",0.0684314169484451,-0.739127364199659,0.034,0.192,1
"Ncf2",0.0684314169484451,-0.582154817626996,0.034,0.192,1
"Zer1",0.0684314169484451,-0.603904346985513,0.034,0.192,1
"Dolk",0.0684314169484451,-0.636689897252767,0.034,0.192,1
"Gm13483",0.0684314169484451,-0.594706733898106,0.034,0.192,1
"Rilpl1",0.0684314169484451,-0.643723730537491,0.034,0.192,1
"Zfp507",0.0684314169484451,-0.568820558802212,0.034,0.192,1
"Zfp975",0.0684314169484451,-0.504477840683367,0.034,0.192,1
"Hpgd",0.0684314169484451,-0.565178646845504,0.034,0.192,1
"Cdv3",0.0684314169484451,-0.543420245146594,0.034,0.192,1
"Vps26a",0.0684314169484451,-0.646064552600694,0.034,0.192,1
"Fancl",0.0684314169484451,-0.744747752895733,0.034,0.192,1
"Septin8",0.0684314169484451,-0.604992919515908,0.034,0.192,1
"Per1",0.0684314169484451,-0.522393045557806,0.034,0.192,1
"Asb2",0.0684314169484451,-0.670684887431417,0.034,0.192,1
"Cyc1",0.0684314169484451,-0.717467428878273,0.034,0.192,1
"Kifc2",0.0684314169484451,-0.61991589654886,0.034,0.192,1
"Tab1",0.0684314169484451,-0.515279790030525,0.034,0.192,1
"Ufsp2",0.0684822145585585,-0.727143537328342,0.103,0.308,1
"Tln2",0.0684822145585585,-0.805749378088166,0.103,0.308,1
"Gtdc1",0.0691074217076193,-0.814502870465426,0.172,0.423,1
"Plekhm2",0.0692084278916474,-0.473531486160468,0.138,0.385,1
"Sorcs1",0.0692084278916474,1.25920887876908,0.345,0.154,1
"Cltc",0.0693967373107528,-0.806062642470399,0.172,0.385,1
"D730003I15Rik",0.0708102178175841,-0.697530580148363,0.034,0.192,1
"Rlf",0.0709861830728482,-0.428216062980712,0.069,0.269,1
"Ep400",0.0709861830728482,-0.404939086607555,0.069,0.269,1
"Tmem147",0.0710916089206861,0.606034337642129,0.207,0.038,1
"Gm29237",0.0710916089206861,0.748957735813276,0.207,0.038,1
"Ap3s1",0.0717565310428834,-0.730463844117651,0.069,0.231,1
"Gm19710",0.072226067306027,-0.643368878006931,0.103,0.308,1
"Vdac2",0.072226067306027,-0.763546744176409,0.103,0.308,1
"Bbx",0.072226067306027,-0.628140380065601,0.103,0.308,1
"Qki",0.0725904377326507,0.35259775929892,1,1,1
"Gabarap",0.0726486341190535,0.831074414105421,0.345,0.154,1
"Klhl2",0.0727590669342969,0.74809702290931,0.379,0.154,1
"Gldc",0.0728419519178069,0.711469810673723,0.483,0.269,1
"Ephx2",0.0730557857924424,0.862590420432567,0.241,0.077,1
"Hspa9",0.0730557857924424,0.945678134058631,0.241,0.077,1
"Cntrl",0.0731152416789247,0.599204672520063,0.276,0.077,1
"Hspa14",0.0732921079249728,-0.472941812206658,0.034,0.192,1
"4930545L23Rik",0.0732921079249728,-0.645826858034467,0.034,0.192,1
"Edem2",0.0732921079249728,-0.644489560319387,0.034,0.192,1
"Map3k7",0.0732921079249728,-0.574011378630106,0.034,0.192,1
"Dnajc11",0.0732921079249728,-0.496810875560536,0.034,0.192,1
"Gm42984",0.0732921079249728,-0.577395599995781,0.034,0.192,1
"Kbtbd2",0.0732921079249728,-0.496308197702537,0.034,0.192,1
"Dhx34",0.0732921079249728,-0.561098840325763,0.034,0.192,1
"Eml2",0.0732921079249728,-0.461895808433651,0.034,0.192,1
"Ackr4",0.0732921079249728,-0.651225776906686,0.034,0.192,1
"Ankrd13b",0.0732921079249728,-0.507335466057121,0.034,0.192,1
"Timm9",0.0732921079249728,-0.521392522807482,0.034,0.192,1
"Bphl",0.0732921079249728,-0.669337211112653,0.034,0.192,1
"Cltb",0.0732921079249728,-0.524023521337231,0.034,0.192,1
"Blnk",0.0732921079249728,-0.578292554758786,0.034,0.192,1
"Dock4",0.0734004638324646,-0.622806047859611,0.724,0.808,1
"Agmo",0.0737357023033128,-0.692408796979716,0.517,0.769,1
"Smc1a",0.0751744987872016,-0.47116073767098,0.069,0.269,1
"Slc23a2",0.0757690730543979,0.600718440103767,0.207,0.038,1
"Clpb",0.0757690730543979,0.573606855321988,0.207,0.038,1
"Mtmr2",0.0757690730543979,0.728825122017416,0.207,0.038,1
"Snrpd1",0.0757690730543979,0.589925288060167,0.207,0.038,1
"Adap2",0.0757842392267647,-0.638790626067195,0.172,0.423,1
"Cdk5rap2",0.0761358880502955,-0.656407810304584,0.103,0.308,1
"Rgs10",0.0761358880502955,-0.627184240289008,0.103,0.308,1
"Msantd2",0.0761358880502955,-0.658229187268593,0.103,0.308,1
"Nhlrc2",0.0761358880502955,-0.608173812851087,0.103,0.308,1
"Rpl10a",0.0762007526162976,-0.688185044834101,0.069,0.231,1
"Ddx3x",0.0762007526162976,-0.809702008380477,0.069,0.231,1
"Tnrc6a",0.0762275691220471,0.704016975456982,0.345,0.154,1
"Tnrc18",0.0766184335498518,0.522202922788034,0.483,0.231,1
"Desi2",0.0769692061148982,0.772697260494829,0.414,0.231,1
"Src",0.0772204955601175,0.542104768766444,0.276,0.077,1
"Colgalt1",0.0772204955601175,-0.754990848945468,0.103,0.269,1
"Fgd4",0.0774999895502146,-0.623583113012963,0.138,0.346,1
"Ube2e2",0.0780590781927897,0.915114584221184,0.621,0.462,1
"Mtx1",0.0784316413987098,-0.539184919893966,0.034,0.192,1
"Snapin",0.0784316413987098,-0.584212026776243,0.034,0.192,1
"Cdc14a",0.0784316413987098,-0.447815561405629,0.034,0.192,1
"Klhl9",0.0784316413987098,-0.351238731428014,0.034,0.192,1
"Wipi2",0.0784316413987098,-0.4544837119255,0.034,0.192,1
"Aebp2",0.0784316413987098,-0.538432172424645,0.034,0.192,1
"2810004N23Rik",0.0784316413987098,-0.565891902056049,0.034,0.192,1
"Tex264",0.0784316413987098,-0.522846297741861,0.034,0.192,1
"Dtx3",0.0784316413987098,-0.363631563834448,0.034,0.192,1
"Tbc1d10a",0.0784316413987098,-0.468839100587758,0.034,0.192,1
"Psmb3",0.0784316413987098,-0.387949271314453,0.034,0.192,1
"A930037H05Rik",0.0784316413987098,-0.512946612885417,0.034,0.192,1
"Zfp738",0.0784316413987098,-0.440724175209131,0.034,0.192,1
"Cox14",0.0784316413987098,-0.561476319140082,0.034,0.192,1
"Eef1g",0.0784316413987098,-0.457292858861066,0.034,0.192,1
"Pds5a",0.0786295155339711,-0.58747910919004,0.241,0.462,1
"Fat3",0.0786370065783078,0.883664996494754,0.448,0.231,1
"Ubac2",0.0793149757630956,-0.5647080215916,0.172,0.423,1
"Prrx1",0.0798837669085901,-0.693606935646432,0.172,0.385,1
"Rrbp1",0.0798837669085901,-0.701495125223475,0.172,0.385,1
"Fam20a",0.0798837669085901,-0.520505825052704,0.172,0.385,1
"Gm10790",0.0798837669085901,-0.793965998703849,0.172,0.385,1
"Csf3r",0.0802166576385234,-0.501927523779059,0.103,0.308,1
"Scamp1",0.0802166576385234,-0.638752840882044,0.103,0.308,1
"Slc16a7",0.0806946799474173,0.409603909775055,0.207,0.038,1
"Flot2",0.0806946799474173,0.644191730736987,0.207,0.038,1
"Kdm4b",0.0806946799474173,0.552090991017602,0.207,0.038,1
"Mfsd4a",0.0808669656067225,-0.837638893549155,0.069,0.231,1
"Man1c1",0.0808669656067225,-0.788668263933228,0.069,0.231,1
"Klhl18",0.0808669656067225,-0.797622717311699,0.069,0.231,1
"Klhl29",0.0808669656067225,-0.728041002104101,0.069,0.231,1
"Polr3a",0.0808669656067225,-0.633391660304102,0.069,0.231,1
"Gpr107",0.0813779003123729,-0.691297103921633,0.138,0.346,1
"Dpp8",0.0813779003123729,-0.623137194051111,0.138,0.346,1
"Gm28375",0.0815116481728774,0.523933901175988,0.276,0.077,1
"Ktn1",0.0818532557208804,-0.551419585538121,0.31,0.538,1
"Fam214a",0.0818549716653433,0.866968468463004,0.345,0.154,1
"Sorbs1",0.0820738085460019,-0.703626871372706,0.241,0.462,1
"Fads1",0.082322708931003,0.928813958773567,0.276,0.115,1
"Mrpl41",0.0838167901613509,0.593299147616199,0.345,0.154,1
"Gm16599",0.0838167901613509,-0.863298804109196,0.172,0.346,1
"Ankrd6",0.0839658520184097,-0.401093751950906,0.207,0.462,1
"Ubr2",0.0842319445112839,0.390356004959243,0.586,0.5,1
"Casd1",0.0844733713386635,-0.539086980726728,0.103,0.308,1
"Etv5",0.0844733713386635,-0.665598351353061,0.103,0.308,1
"Mecp2",0.0844733713386635,-0.464658864818345,0.103,0.308,1
"Cfl2",0.0849021294121185,0.630093910785956,0.483,0.308,1
"Huwe1",0.0850636633091949,-0.458875581020813,0.31,0.615,1
"Ndufb9",0.0854118201548304,-0.632648290770737,0.138,0.346,1
"Efna5",0.0854118201548304,-0.738929023202565,0.138,0.346,1
"Bicra",0.0857625575822153,-0.660382276440819,0.069,0.231,1
"Gm12239",0.0857625575822153,-1.10671054958303,0.069,0.231,1
"Fez2",0.0857625575822153,-0.658708356704825,0.069,0.231,1
"Fam204a",0.0857625575822153,-0.707542555830479,0.069,0.231,1
"Macroh2a1",0.085994300726128,-0.681037972037994,0.103,0.269,1
"Spop",0.0860401861493788,-0.68175972193931,0.276,0.5,1
"Zmiz1",0.0860401861493788,-0.644142239344109,0.276,0.5,1
"Ext1",0.0860401861493788,0.800637808039249,0.483,0.269,1
"Cd47",0.0860401861493788,0.589770299245519,0.483,0.269,1
"Gm26827",0.0865325526485745,0.740920478610458,0.241,0.077,1
"Lcorl",0.0874443619602193,-0.819896191386208,0.207,0.423,1
"Tlk2",0.0874443619602193,-0.631726878926204,0.207,0.423,1
"Psma3",0.0874443619602193,-0.57890185593524,0.207,0.423,1
"Plcl2",0.0874443619602193,-0.872720668196779,0.207,0.423,1
"Ubxn4",0.0875653552204739,-0.628791264508828,0.172,0.385,1
"Atxn7l3b",0.0878346780269131,0.701439531045462,0.345,0.154,1
"Rorb",0.0879326015504004,-0.471421560761667,0.759,0.923,1
"Cc2d2a",0.0889110305552658,-0.553200671453933,0.103,0.308,1
"Cd33",0.0889110305552658,-0.453587933160342,0.103,0.308,1
"Xpnpep1",0.0893126710845164,0.578786394981859,0.448,0.231,1
"Cd63",0.0896058764634002,-0.474370255083435,0.138,0.346,1
"Dop1b",0.0896058764634002,-0.576258256636749,0.138,0.346,1
"Abhd17b",0.0897917057734741,-0.453868857210341,0.379,0.654,1
"Dnajc1",0.0905712506926686,-0.608024221425089,0.241,0.5,1
"Nr6a1os",0.0906740585020832,-0.904795340872423,0.103,0.269,1
"Id3",0.0906740585020832,-1.12490320419901,0.103,0.269,1
"Kcmf1",0.0906740585020832,-0.739435079333618,0.103,0.269,1
"Crk",0.0906740585020832,0.556888177980977,0.276,0.077,1
"E2f3",0.0906740585020832,-0.827382773796938,0.103,0.269,1
"Pde8a",0.0907160772297604,0.917605182584518,0.379,0.192,1
"Sel1l",0.0907790591057394,0.564192644531531,0.31,0.115,1
"Cnnm2",0.0907790591057394,0.842286673411364,0.31,0.115,1
"Ppp1cb",0.0908949241911529,-0.517127239443185,0.069,0.231,1
"4930557K07Rik",0.0908949241911529,-0.608774627610738,0.069,0.231,1
"Dleu2",0.0909631494503032,-0.652705612909403,0.586,0.769,1
"Rp9",0.0911992772264461,0.817431407812813,0.276,0.115,1
"Klc1",0.0911992772264461,0.727329169399336,0.276,0.115,1
"Dicer1",0.0914474110975945,0.578184326975237,0.241,0.077,1
"Cachd1",0.0914686726531833,-0.589105453640937,0.207,0.462,1
"Gli2",0.0916238111805835,-0.537020661274846,0.172,0.385,1
"Itm2b",0.0918811717554256,-0.510601593574881,0.586,0.808,1
"Tmem175",0.0920064876238798,0.671419243128957,0.345,0.154,1
"Cpeb1",0.0920064876238798,-0.370307956558101,0.138,0.385,1
"Sat1",0.0920628489863058,0.531721209586408,0.724,0.538,1
"Gm26512",0.0931203166355258,-0.639850677058628,0.241,0.462,1
"Cst3",0.0931351322701797,-0.41345888276677,0.862,0.885,1
"Ppp1r12a",0.0937404102669691,-0.576899681090798,0.345,0.577,1
"Mapk4",0.0937404102669691,-0.525011736641676,0.345,0.577,1
"Abca5",0.0939641932025812,-0.555543640685424,0.138,0.346,1
"Stk38",0.0939641932025812,-0.600013638486974,0.138,0.346,1
"Lpgat1",0.0943613962437217,0.876669566407044,0.448,0.269,1
"Agl",0.0943613962437217,-0.519559193236748,0.241,0.5,1
"Fgf1",0.094797081201616,0.845933725345849,0.379,0.192,1
"Lrba",0.0949918041559389,0.568446469319297,0.552,0.385,1
"Cilk1",0.0953208672760364,0.626124127896786,0.31,0.115,1
"Dcun1d5",0.0954172411467892,0.593939317456212,0.414,0.231,1
"Nos1ap",0.0955565202447247,0.314024588536893,0.276,0.077,1
"Psmc1",0.0955565202447247,-0.778462688264099,0.103,0.269,1
"Arnt",0.0958320785447049,-0.446134566100453,0.172,0.385,1
"Nsd2",0.0958320785447049,-0.575910049045915,0.172,0.385,1
"Camk2g",0.0958896442066979,0.593841637168356,0.517,0.346,1
"Igsf8",0.095917724384177,0.986427701127904,0.276,0.115,1
"Adcy2",0.0959930576163897,0.4174012483167,0.828,0.5,1
"Ppp1r16b",0.0962062354191071,1.15986318560725,0.31,0.154,1
"Cyp2j6",0.0962714523914388,-0.424130712911653,0.069,0.231,1
"Eya3",0.0962714523914388,-0.658359636368866,0.069,0.231,1
"Baiap2",0.0962714523914388,-0.608064845308282,0.069,0.231,1
"Ttc7b",0.0962714523914388,-0.775658401567966,0.069,0.231,1
"Pfdn5",0.0962714523914388,-0.500491278133591,0.069,0.231,1
"Nde1",0.0962714523914388,-0.683282021842848,0.069,0.231,1
"Tmem234",0.0963360148900859,-0.655482694982167,0.172,0.346,1
"Srgap1",0.0963360148900859,0.714549289768737,0.345,0.154,1
"Map3k3",0.0963360148900859,0.441303598420102,0.345,0.154,1
"Gtpbp8",0.0965841912094945,0.594917661180336,0.241,0.077,1
"Rpl24",0.0965841912094945,0.709654376573651,0.241,0.077,1
"Dpy30",0.0965841912094945,0.636411114818302,0.241,0.077,1
"Atp1b1",0.0967952604608639,0.750757427684831,0.586,0.423,1
"Slc7a10",0.0978250461114061,0.650658150419489,0.586,0.385,1
"Kcnq5",0.099134719802581,0.551290695082535,0.103,0,1
"Gm38286",0.099134719802581,0.392460818605116,0.103,0,1
"Gm38062",0.099134719802581,0.476907672195996,0.103,0,1
"A630081D01Rik",0.099134719802581,0.537378641275854,0.103,0,1
"Sphkap",0.099134719802581,0.601953737480709,0.103,0,1
"Scly",0.099134719802581,0.482100403805423,0.103,0,1
"Atg4b",0.099134719802581,0.521606528850997,0.103,0,1
"Zbtb41",0.099134719802581,0.471827028521203,0.103,0,1
"Gm15584",0.099134719802581,0.463162611631957,0.103,0,1
"Gm38126",0.099134719802581,0.425165352981838,0.103,0,1
"Klhl20",0.099134719802581,0.592298135489923,0.103,0,1
"Tfb2m",0.099134719802581,0.456870788070283,0.103,0,1
"Gm37033",0.099134719802581,0.508993279147914,0.103,0,1
"Cnih4",0.099134719802581,0.524989361036032,0.103,0,1
"Gm26879",0.099134719802581,0.329135081660521,0.103,0,1
"Syt14",0.099134719802581,0.410473676915875,0.103,0,1
"Optn",0.099134719802581,0.399329923094136,0.103,0,1
"Dph7",0.099134719802581,0.456646609922861,0.103,0,1
"Prrx2",0.099134719802581,0.469459566831417,0.103,0,1
"Dpm2",0.099134719802581,0.499713674061675,0.103,0,1
"Gm13604",0.099134719802581,0.544741010402981,0.103,0,1
"Dlx1as",0.099134719802581,0.399009645766407,0.103,0,1
"Fkbp7",0.099134719802581,0.593180293760191,0.103,0,1
"Gm13919",0.099134719802581,0.523442292521367,0.103,0,1
"Inafm2",0.099134719802581,0.445889887003151,0.103,0,1
"Ehd4",0.099134719802581,0.51686065292798,0.103,0,1
"Dtwd1",0.099134719802581,0.506930250455581,0.103,0,1
"Fahd2a",0.099134719802581,0.336998325963456,0.103,0,1
"Rbck1",0.099134719802581,0.424087713019664,0.103,0,1
"Raly",0.099134719802581,0.561468336137713,0.103,0,1
"Sulf2",0.099134719802581,0.401042564021073,0.103,0,1
"Gm20515",0.099134719802581,0.595000421657187,0.103,0,1
"Taf13",0.099134719802581,0.467651034387497,0.103,0,1
"Gm42836",0.099134719802581,0.45434753543708,0.103,0,1
"Znhit6",0.099134719802581,0.490811627366348,0.103,0,1
"Rragd",0.099134719802581,0.387596597203446,0.103,0,1
"Dcaf10",0.099134719802581,0.519688632357291,0.103,0,1
"Slc25a51",0.099134719802581,0.383524495831738,0.103,0,1
"Rraga",0.099134719802581,0.525788797823883,0.103,0,1
"Lrp8",0.099134719802581,0.467710252383122,0.103,0,1
"AU022252",0.099134719802581,0.44313777887708,0.103,0,1
"Frg2f1",0.099134719802581,0.413825620393177,0.103,0,1
"Kcnq4",0.099134719802581,0.675738963120265,0.103,0,1
"Mecr",0.099134719802581,0.539784102910026,0.103,0,1
"Szrd1",0.099134719802581,0.635264402296473,0.103,0,1
"Dnajc16",0.099134719802581,0.425325170610927,0.103,0,1
"Morn1",0.099134719802581,0.495878702695156,0.103,0,1
"Nadk",0.099134719802581,0.540202406709275,0.103,0,1
"Gm21168",0.099134719802581,0.400667111943445,0.103,0,1
"Hadhb",0.099134719802581,0.379696360552328,0.103,0,1
"Wdr19",0.099134719802581,0.419450794236162,0.103,0,1
"Fam222a",0.099134719802581,0.469537355584434,0.103,0,1
"Rilpl2",0.099134719802581,0.404488963295644,0.103,0,1
"Atp5j2",0.099134719802581,0.66035927832785,0.103,0,1
"Uspl1",0.099134719802581,0.499382279611571,0.103,0,1
"1810058I24Rik",0.099134719802581,0.394726534190773,0.103,0,1
"Gm37397",0.099134719802581,0.385123502468392,0.103,0,1
"Wbp1",0.099134719802581,0.529670816939935,0.103,0,1
"Snrnp27",0.099134719802581,0.432237140401216,0.103,0,1
"Hmces",0.099134719802581,0.418436892538017,0.103,0,1
"Hdac11",0.099134719802581,0.590423742542209,0.103,0,1
"Vhl",0.099134719802581,0.413780321138692,0.103,0,1
"Tamm41",0.099134719802581,0.554232095984313,0.103,0,1
"Clstn3",0.099134719802581,0.597501666822639,0.103,0,1
"Atn1",0.099134719802581,0.504249803652185,0.103,0,1
"Cd27",0.099134719802581,0.631393625852631,0.103,0,1
"Gm44596",0.099134719802581,0.526942048755122,0.103,0,1
"Wbp11",0.099134719802581,0.68143586627047,0.103,0,1
"4732416N19Rik",0.099134719802581,0.383370564475498,0.103,0,1
"Zfp865",0.099134719802581,0.449463746541327,0.103,0,1
"Zfp606",0.099134719802581,0.391171386174237,0.103,0,1
"1810019N24Rik",0.099134719802581,0.510814953664205,0.103,0,1
"Ceacam2",0.099134719802581,0.638418924848062,0.103,0,1
"Map3k10",0.099134719802581,0.433262996696066,0.103,0,1
"Nfkbib",0.099134719802581,0.435496687311669,0.103,0,1
"D530033B14Rik",0.099134719802581,0.565674368502763,0.103,0,1
"Zfp619",0.099134719802581,0.521888238984052,0.103,0,1
"Pnkp",0.099134719802581,0.558341932449275,0.103,0,1
"Gm44894",0.099134719802581,0.407575288196549,0.103,0,1
"A330074H02Rik",0.099134719802581,0.517906371441167,0.103,0,1
"Plekhb1",0.099134719802581,0.420665606910103,0.103,0,1
"Rrp8",0.099134719802581,0.456166183760581,0.103,0,1
"B130055M24Rik",0.099134719802581,0.351010550119891,0.103,0,1
"Dusp8",0.099134719802581,0.443065631360879,0.103,0,1
"Cers4",0.099134719802581,0.588926469370017,0.103,0,1
"Cln8",0.099134719802581,0.527296101486661,0.103,0,1
"Tm2d2",0.099134719802581,0.538603817071589,0.103,0,1
"Gm45264",0.099134719802581,0.375769544420206,0.103,0,1
"Homer3",0.099134719802581,0.467796231326572,0.103,0,1
"Tmem59l",0.099134719802581,0.480389763279305,0.103,0,1
"Abhd8",0.099134719802581,0.453428182429202,0.103,0,1
"Cdk10",0.099134719802581,0.759644556860522,0.103,0,1
"Kbtbd3",0.099134719802581,0.605454890258663,0.103,0,1
"Ankrd49",0.099134719802581,0.492160195380145,0.103,0,1
"Med17",0.099134719802581,0.472835337765021,0.103,0,1
"Cdc37",0.099134719802581,0.486664770302404,0.103,0,1
"Gm17545",0.099134719802581,0.411210479130672,0.103,0,1
"Edc3",0.099134719802581,0.556701845581483,0.103,0,1
"Mapk6",0.099134719802581,0.553361272783815,0.103,0,1
"Lca5",0.099134719802581,0.568044424389776,0.103,0,1
"Rasgrf1",0.099134719802581,0.365069813729984,0.103,0,1
"Gk5",0.099134719802581,0.405493691620254,0.103,0,1
"Srprb",0.099134719802581,0.512205554455935,0.103,0,1
"Bfsp2",0.099134719802581,0.534764805040038,0.103,0,1
"Acad11",0.099134719802581,0.455199295552454,0.103,0,1
"Ndufaf3",0.099134719802581,0.497277289099089,0.103,0,1
"Sowahc",0.099134719802581,0.454124114057561,0.103,0,1
"Polr2e",0.099134719802581,0.447529671468362,0.103,0,1
"F420014N23Rik",0.099134719802581,0.424434681897907,0.103,0,1
"Inpp5j",0.099134719802581,0.473139609441818,0.103,0,1
"Selenom",0.099134719802581,0.495531168401222,0.103,0,1
"Polm",0.099134719802581,0.506103081923736,0.103,0,1
"Sap30l",0.099134719802581,0.457357454997362,0.103,0,1
"Aldh3a2",0.099134719802581,0.475719380271375,0.103,0,1
"Trp53",0.099134719802581,0.551909123118943,0.103,0,1
"Neurl4",0.099134719802581,0.545689132212274,0.103,0,1
"Spag7",0.099134719802581,0.554327451851693,0.103,0,1
"4930563E22Rik",0.099134719802581,0.404934245555433,0.103,0,1
"Glod4",0.099134719802581,0.444127051556311,0.103,0,1
"Atad5",0.099134719802581,0.511023145584825,0.103,0,1
"Trim25",0.099134719802581,0.509685769822002,0.103,0,1
"Atxn7l3",0.099134719802581,0.456227953695156,0.103,0,1
"Jpt1",0.099134719802581,0.499343244599063,0.103,0,1
"Caskin2",0.099134719802581,0.451767137541702,0.103,0,1
"Fn3k",0.099134719802581,0.549710087395603,0.103,0,1
"Gm48508",0.099134719802581,0.4739905759246,0.103,0,1
"9330151L19Rik",0.099134719802581,0.509544728351275,0.103,0,1
"Plekhd1",0.099134719802581,0.587410211327732,0.103,0,1
"Adck1",0.099134719802581,0.467370932001627,0.103,0,1
"Idi1",0.099134719802581,0.551259414413546,0.103,0,1
"Chrm3",0.099134719802581,0.464707515496722,0.103,0,1
"B3galnt2",0.099134719802581,0.625516352272928,0.103,0,1
"Nedd9",0.099134719802581,0.334819802293388,0.103,0,1
"Auh",0.099134719802581,0.456482311705818,0.103,0,1
"Rnf44",0.099134719802581,0.519608723009599,0.103,0,1
"Ddx41",0.099134719802581,0.486223464800913,0.103,0,1
"Hnrnpa0",0.099134719802581,0.521332487233655,0.103,0,1
"Clptm1l",0.099134719802581,0.508418907500854,0.103,0,1
"Gm15912",0.099134719802581,0.495642149682021,0.103,0,1
"Ccdc25",0.099134719802581,0.44956899766887,0.103,0,1
"4930592A05Rik",0.099134719802581,0.422570704851384,0.103,0,1
"Parvb",0.099134719802581,0.557153010627584,0.103,0,1
"Gpr84",0.099134719802581,0.445404319901222,0.103,0,1
"Naa60",0.099134719802581,0.662050281355239,0.103,0,1
"Cct8",0.099134719802581,0.467551847391571,0.103,0,1
"Atp5o.1",0.099134719802581,0.419450794236162,0.103,0,1
"Cldn14",0.099134719802581,0.285770456890457,0.103,0,1
"ENSMUSG00000120258",0.099134719802581,0.412365135765665,0.103,0,1
"Wtap",0.099134719802581,0.492565273959427,0.103,0,1
"Fahd1",0.099134719802581,0.448550779924059,0.103,0,1
"Clcn7",0.099134719802581,0.562259074785976,0.103,0,1
"Kctd20",0.099134719802581,0.524359282653819,0.103,0,1
"Xpo5",0.099134719802581,0.777129533577858,0.103,0,1
"Rmc1",0.099134719802581,0.551458184001438,0.103,0,1
"Chst9",0.099134719802581,0.539918840149589,0.103,0,1
"A930012L18Rik",0.099134719802581,0.506907121696828,0.103,0,1
"C330018D20Rik",0.099134719802581,0.401918282725414,0.103,0,1
"St8sia3",0.099134719802581,0.558936440283079,0.103,0,1
"Ndufs8",0.099134719802581,0.473697545800268,0.103,0,1
"Ehd1",0.099134719802581,0.392663609228217,0.103,0,1
"Stx5a",0.099134719802581,0.488016768907204,0.103,0,1
"1500015L24Rik",0.099134719802581,0.534582035266431,0.103,0,1
"Cox15",0.099134719802581,0.348417911796569,0.103,0,1
"Ndufb8",0.099134719802581,0.462125733924533,0.103,0,1
"Pcgf6",0.099134719802581,0.515169652032664,0.103,0,1
"1700054A03Rik",0.099134719802581,0.386730078164202,0.103,0,1
"Slc6a8",0.099134719802581,0.514441358634812,0.103,0,1
"Irak1",0.099134719802581,0.451261287787007,0.103,0,1
"Gab3",0.099134719802581,0.381370119606322,0.103,0,1
"Pdzd11",0.099134719802581,0.482034501160636,0.103,0,1
"Drp2",0.099134719802581,0.493268430446204,0.103,0,1
"Slc25a53",0.099134719802581,0.432025407678655,0.103,0,1
"Mageh1",0.099134719802581,0.500437973459073,0.103,0,1
"Vgll4",0.0995011526066066,-0.489588231503376,0.207,0.462,1
"Ank3",0.099658554443464,1.13334619345252,0.517,0.346,1
"Capza1",0.100042876817043,-0.752670294298188,0.138,0.308,1
"P2ry6",0.100042876817043,-0.938670087490456,0.138,0.308,1
"Taf1d",0.100042876817043,0.699601333215981,0.31,0.115,1
"Rapgef6",0.100042876817043,-0.697516892624718,0.138,0.308,1
"Kcnab1",0.100647267098564,-0.942272644990559,0.103,0.269,1
"Slco2b1",0.100647267098564,-0.767179773869114,0.103,0.269,1
"Rplp1",0.100827043405741,0.651777041191613,0.345,0.154,1
"Kcnip4",0.101106543151588,-0.586981192201666,0.276,0.5,1
"Ildr2",0.101899502895688,-0.39399783574644,0.069,0.231,1
"Gad1",0.101899502895688,-0.598650632297664,0.069,0.231,1
"Dapp1",0.101899502895688,-1.02713451880005,0.069,0.231,1
"A930015D03Rik",0.101899502895688,-0.685412036785684,0.069,0.231,1
"Atp5md",0.101899502895688,-1.02395494570076,0.069,0.231,1
"Snph",0.10194923872651,0.616091985457441,0.241,0.077,1
"Rab6b",0.10194923872651,0.697492285999713,0.241,0.077,1
"Atp5d",0.10194923872651,0.633912206287954,0.241,0.077,1
"Brd8",0.10194923872651,0.746482869827407,0.241,0.077,1
"Ptar1",0.10194923872651,0.666324265628197,0.241,0.077,1
"Ppp1r3c",0.10194923872651,0.684113227579002,0.241,0.077,1
"Zbtb43",0.101992957520062,0.650375213202241,0.172,0.038,1
"Gm13684",0.101992957520062,0.743901122456305,0.172,0.038,1
"Prpf3",0.101992957520062,0.60203050948527,0.172,0.038,1
"Exosc10",0.101992957520062,0.593878352938906,0.172,0.038,1
"Ttc9b",0.101992957520062,0.763089618055812,0.172,0.038,1
"Hgsnat",0.101992957520062,0.741003390341486,0.172,0.038,1
"Nme1",0.101992957520062,0.965526080746905,0.172,0.038,1
"Trib2",0.101992957520062,0.616344043271761,0.172,0.038,1
"Ptdss1",0.101992957520062,0.628901661705349,0.172,0.038,1
"Cdadc1",0.101992957520062,0.665330411165207,0.172,0.038,1
"Zhx1",0.101992957520062,0.68204607672593,0.172,0.038,1
"Pvalb",0.101992957520062,0.681004158975663,0.172,0.038,1
"Masp1",0.101992957520062,0.616150624322411,0.172,0.038,1
"Prrt1",0.101992957520062,0.590320260214765,0.172,0.038,1
"Fam98a",0.101992957520062,0.619835806251538,0.172,0.038,1
"Usp11",0.101992957520062,0.747919234132433,0.172,0.038,1
"Fam193a",0.102322624309926,-0.679353192284167,0.276,0.462,1
"Lmo4",0.10319004692057,-0.595991201003744,0.138,0.346,1
"Slc25a12",0.10339979235904,0.7121541655981,0.379,0.192,1
"Nsf",0.10339979235904,-0.715147453746372,0.207,0.385,1
"Mxi1",0.10339979235904,-0.295002624759174,0.172,0.423,1
"Dnajc24",0.10494956654651,-0.66384873841679,0.138,0.308,1
"Map2k6",0.105074204107985,0.517345679558217,0.552,0.346,1
"Gm3764",0.105359315650769,0.394634879960665,0.966,0.808,1
"Zfp462",0.105483338322267,-0.792825968172842,0.172,0.346,1
"Uchl1",0.105483338322267,0.535920122277532,0.345,0.154,1
"Mras",0.105483338322267,0.578594427879248,0.345,0.154,1
"Pls1",0.105939825621096,0.767697083870613,0.276,0.115,1
"Tmco1",0.105951851113542,-0.773919868481347,0.103,0.269,1
"Gm48765",0.105951851113542,-0.695461556967945,0.103,0.269,1
"Mrpl52",0.105951851113542,-0.701715650022992,0.103,0.269,1
"Naca",0.106498986738299,-0.605707391179061,0.276,0.462,1
"4932443L11Rik",0.107548861954053,0.804913593699546,0.241,0.077,1
"Pdcd6",0.107548861954053,0.590111725023767,0.241,0.077,1
"Gm4117",0.107548861954053,0.624249544108967,0.241,0.077,1
"Pfdn6",0.107548861954053,0.580840327601293,0.241,0.077,1
"Fmr1",0.107548861954053,0.45661478214283,0.241,0.077,1
"Esf1",0.10776950298535,-0.613728697897011,0.069,0.231,1
"Sem1",0.107786391862653,-0.556019724190073,0.069,0.231,1
"Hdhd5",0.107786391862653,-0.616027850839116,0.069,0.231,1
"Rnf141",0.107786391862653,-0.663733352197586,0.069,0.231,1
"Dkk3",0.107786391862653,-0.525298737166727,0.069,0.231,1
"ENSMUSG00000120400",0.107786391862653,-0.650803693052611,0.069,0.231,1
"Ube2q2",0.107786391862653,-0.521288733334247,0.069,0.231,1
"Arid3b",0.107786391862653,-0.466253630914288,0.069,0.231,1
"Appbp2",0.107786391862653,-0.57599407519156,0.069,0.231,1
"ENSMUSG00000120362",0.107786391862653,-0.503935418032904,0.069,0.231,1
"Nfasc",0.107928034844446,0.778095898834883,0.379,0.192,1
"Gm15952",0.107928034844446,-0.287096887004729,0.172,0.423,1
"Myo18a",0.107928034844446,0.846751316575745,0.379,0.192,1
"Dennd4c",0.108086643929649,-0.276381047918876,0.207,0.462,1
"Gm14858",0.108086643929649,-0.489813604211842,0.207,0.462,1
"Tmem131l",0.108687677136974,0.604868696953751,0.172,0.038,1
"Trir",0.108687677136974,0.601900726886138,0.172,0.038,1
"Brd7",0.108687677136974,0.566558060576603,0.172,0.038,1
"Usp2",0.108687677136974,0.645165824136344,0.172,0.038,1
"Timm22",0.108687677136974,0.583394203093567,0.172,0.038,1
"Htatsf1",0.108687677136974,0.515518881157902,0.172,0.038,1
"Mtm1",0.108687677136974,0.590292671688941,0.172,0.038,1
"Herc4",0.10939081883984,-0.697710933507376,0.172,0.385,1
"Meis2",0.109606142996725,-0.505418490839878,0.621,0.769,1
"Dennd1a",0.109712277156523,-0.334011165410827,0.759,0.846,1
"Gm36944",0.110045385575659,-0.70150586184098,0.138,0.308,1
"Ugt8a",0.110308640101106,0.634778664789493,0.345,0.154,1
"Stxbp4",0.110308640101106,-0.612376631012632,0.172,0.346,1
"Robo2",0.110308640101106,-0.963054164945226,0.172,0.346,1
"Dock1",0.110502799531408,0.42488189110209,0.793,0.615,1
"Atp5c1",0.110571076632747,0.622025798874118,0.31,0.154,1
"Atg16l2",0.110571076632747,0.708816383727292,0.31,0.154,1
"Gm31356",0.110640105327609,0.379825865676186,0.586,0.462,1
"Ntm",0.111138000045347,0.318604834937162,1,1,1
"Ndufaf4",0.111253348858098,0.744245434223585,0.276,0.115,1
"Cdc73",0.111475783334273,-0.517762124884862,0.103,0.269,1
"Gm44686",0.111475783334273,-0.607774028684305,0.103,0.269,1
"Plxnb1",0.111475783334273,-0.667100639475069,0.103,0.269,1
"Dync1li1",0.111475783334273,-0.563947618636619,0.103,0.269,1
"Klf9",0.111543951236007,0.674073633472298,0.448,0.308,1
"Sf3b1",0.111677721869585,-0.579159388626576,0.379,0.5,1
"Trim24",0.111791375133783,0.651236783318037,0.345,0.192,1
"Atxn7",0.111911492728353,-0.311546416858706,0.276,0.538,1
"Plp1",0.112457286654693,0.660266514289659,0.724,0.5,1
"Pkn2",0.112593998892503,-0.819376670260132,0.241,0.423,1
"Ywhaq",0.112593998892503,0.762577068035557,0.414,0.231,1
"Clasp1",0.112854859976833,-0.599131981884387,0.207,0.423,1
"Snd1",0.112854859976833,-0.580748411353862,0.207,0.423,1
"Bbs9",0.112854859976833,-0.501377114337465,0.207,0.423,1
"Itpr1",0.113122048148841,-0.665387972842413,0.138,0.346,1
"Rspry1",0.113389316874578,0.626629288450966,0.241,0.077,1
"Mtx3",0.113389316874578,0.510117067813754,0.241,0.077,1
"Ccdc66",0.113389316874578,0.320451448544354,0.241,0.077,1
"Rfc1",0.113939371870095,-0.488566325283914,0.069,0.231,1
"Fzd3",0.113939371870095,-0.434566149549699,0.069,0.231,1
"Chpt1",0.11423329908392,-0.491082142458785,0.172,0.385,1
"Cdc42",0.114474400546825,-0.773669522459388,0.379,0.577,1
"Rora",0.114970333511997,-0.355572695895393,0.966,1,1
"Soga3",0.11530665807093,0.558627155808745,0.345,0.154,1
"Bfar",0.115334744754732,-0.626640348338075,0.138,0.308,1
"Kin",0.115725367945987,0.49044987939421,0.172,0.038,1
"Nek6",0.115725367945987,0.520179238370678,0.172,0.038,1
"Gm12811",0.115725367945987,0.43320220821379,0.172,0.038,1
"Msi1",0.115725367945987,0.506211523156684,0.172,0.038,1
"Edem1",0.115725367945987,0.452455657122558,0.172,0.038,1
"P3h3",0.115725367945987,0.518851335700739,0.172,0.038,1
"Lin37",0.115725367945987,0.535908065024355,0.172,0.038,1
"Tm2d3",0.115725367945987,0.516331053384764,0.172,0.038,1
"Psen1",0.115725367945987,0.673393560301941,0.172,0.038,1
"Lsg1",0.115725367945987,0.57748078136149,0.172,0.038,1
"Jph1",0.116000230545786,-0.706333675625838,0.034,0.154,1
"Pde1a",0.116000230545786,-0.593524094338251,0.034,0.154,1
"Zdhhc5",0.116000230545786,-0.628016174485661,0.034,0.154,1
"Atp5e",0.116000230545786,-0.509162988069871,0.034,0.154,1
"Odf2l",0.116000230545786,-0.566970065893341,0.034,0.154,1
"Smurf1",0.116000230545786,-0.489380498521432,0.034,0.154,1
"Gm44005",0.116000230545786,-0.602236521091329,0.034,0.154,1
"Zfp787",0.116000230545786,-0.593246938650649,0.034,0.154,1
"Zfp110",0.116000230545786,-0.684867507547173,0.034,0.154,1
"Myo9b",0.116000230545786,-0.422292023414427,0.034,0.154,1
"Tma7",0.116000230545786,-0.628611650822664,0.034,0.154,1
"Asf1a",0.116000230545786,-0.542613289906573,0.034,0.154,1
"Washc3",0.116000230545786,-0.551222101933115,0.034,0.154,1
"Dcaf7",0.116000230545786,-0.797478545097642,0.034,0.154,1
"Dcaf5",0.116000230545786,-0.836970530201032,0.034,0.154,1
"Zfp874b",0.116000230545786,-0.505306121943763,0.034,0.154,1
"Gm48370",0.116000230545786,-0.660482025199346,0.034,0.154,1
"Tob2",0.116000230545786,-0.719008783804806,0.034,0.154,1
"Trap1",0.116000230545786,-0.496150804572057,0.034,0.154,1
"Tbccd1",0.116000230545786,-0.522657836023452,0.034,0.154,1
"Map4k2",0.116000230545786,-0.558688094102416,0.034,0.154,1
"Atp6v1b2",0.116717016812374,0.628773786322866,0.345,0.192,1
"Epn2",0.116717016812374,0.956378061265295,0.345,0.192,1
"Pde7a",0.116775030455528,0.73761937029836,0.276,0.115,1
"Sorl1",0.116775030455528,0.79580885699446,0.276,0.115,1
"Slc24a2",0.117090381075975,0.286151619950712,0.724,0.423,1
"Plcd4",0.117224521494225,-0.526818425955126,0.103,0.269,1
"Ube2e3",0.117224521494225,-0.528227139095524,0.103,0.269,1
"Ldah",0.117224521494225,-0.488492392816162,0.103,0.269,1
"Zc3h14",0.117224521494225,-0.528757352784113,0.103,0.269,1
"Chchd3",0.118775875768954,0.507670496359992,0.448,0.231,1
"Maf",0.118775875768954,-0.509800911721788,0.241,0.462,1
"Nmt2",0.119476791757066,0.719348308195466,0.241,0.077,1
"Magi3",0.119842396552646,-0.572391218432968,0.276,0.462,1
"Cped1",0.120365612209275,-0.317948111900961,0.069,0.231,1
"Htra2",0.120365612209275,-0.396686774140709,0.069,0.231,1
"Herpud2",0.120365612209275,-0.599925974810739,0.069,0.231,1
"Bcap29",0.120365612209275,-0.380067947904501,0.069,0.231,1
"Jmy",0.120365612209275,-0.432222705709597,0.069,0.231,1
"Tmem65",0.120365612209275,-0.506567736512988,0.069,0.231,1
"Gspt1",0.120365612209275,-0.553565692476329,0.069,0.231,1
"Slc25a23",0.120365612209275,-0.357902575114162,0.069,0.231,1
"Asxl1",0.120822007873711,-0.797004977537198,0.138,0.308,1
"Snx3",0.121053833931233,0.702332025614426,0.31,0.154,1
"Fabp5",0.122509685186839,0.408170529835228,0.276,0.115,1
"Ep300",0.122509685186839,0.639593217985005,0.276,0.115,1
"Naa12",0.122509685186839,0.623449730859783,0.276,0.115,1
"Tank",0.12251343404206,-0.413933420766087,0.207,0.423,1
"Usp54",0.12251343404206,0.449854048126143,0.414,0.192,1
"Ewsr1",0.12310294377586,0.712322185962845,0.552,0.5,1
"ENSMUSG00000120002",0.123116426729128,0.430785663931518,0.172,0.038,1
"Hnrnpll",0.123116426729128,0.623902414279735,0.172,0.038,1
"Gm9993",0.123116426729128,0.4700051149189,0.172,0.038,1
"Ppp1r14b",0.123116426729128,0.476176826580537,0.172,0.038,1
"Ip6k2",0.123203457337794,-0.524030323786121,0.103,0.269,1
"Amd1",0.123203457337794,-0.56308355480566,0.103,0.269,1
"Ggps1",0.123203457337794,-0.493055709866166,0.103,0.269,1
"Abl2",0.123545589659508,0.497766457104962,0.448,0.231,1
"Lancl1",0.124052532535059,-0.702753921435863,0.034,0.154,1
"Igfbp5",0.124052532535059,-0.819244755758261,0.034,0.154,1
"Eif4e2",0.124052532535059,-0.984273462967604,0.034,0.154,1
"Fbxo28",0.124052532535059,-0.520576742795765,0.034,0.154,1
"Ccdc173",0.124052532535059,-0.399377241201741,0.034,0.154,1
"Nfatc2",0.124052532535059,-0.597980726785181,0.034,0.154,1
"Zfp64",0.124052532535059,-0.593078572853127,0.034,0.154,1
"Gnai3",0.124052532535059,-0.427108271178667,0.034,0.154,1
"Ccnc",0.124052532535059,-0.544690236228969,0.034,0.154,1
"Fsd1l",0.124052532535059,-0.46799212517796,0.034,0.154,1
"Ipo13",0.124052532535059,-0.437784864228216,0.034,0.154,1
"Cfap74",0.124052532535059,-0.482888586446907,0.034,0.154,1
"Atad3a",0.124052532535059,-0.455121672063692,0.034,0.154,1
"Adgra3",0.124052532535059,-0.502322410976256,0.034,0.154,1
"Tec",0.124052532535059,-0.61262258326932,0.034,0.154,1
"Dennd2a",0.124052532535059,-0.542424513244344,0.034,0.154,1
"Zfp90",0.124052532535059,-0.461390165432129,0.034,0.154,1
"Ei24",0.124052532535059,-0.652215817230832,0.034,0.154,1
"Elmod1",0.124052532535059,-0.575293030729282,0.034,0.154,1
"Gm20470",0.124052532535059,-0.562837761919901,0.034,0.154,1
"Zfp830",0.124052532535059,-0.624555570461632,0.034,0.154,1
"Slc35b1",0.124052532535059,-0.626637495140544,0.034,0.154,1
"Traf3",0.124052532535059,-0.615714979737706,0.034,0.154,1
"Spin1",0.124052532535059,-0.492031790335067,0.034,0.154,1
"Cacna2d3",0.124052532535059,-0.41153810016114,0.034,0.154,1
"Epsti1",0.124052532535059,-0.656885217392015,0.034,0.154,1
"Brcc3",0.124052532535059,-0.660296777727548,0.034,0.154,1
"Amot",0.124052532535059,-0.562609010814842,0.034,0.154,1
"Ddhd1",0.124733807827097,-0.495322899781583,0.517,0.731,1
"Bach2",0.12480193310639,-0.374743397641197,0.379,0.654,1
"Pag1",0.125257237493158,-0.480482389513946,0.31,0.538,1
"Wac",0.126303881808106,-0.582079236304031,0.379,0.615,1
"Eri3",0.126511482633236,-0.614149720574711,0.138,0.308,1
"Spen",0.126511482633236,-0.511702364745927,0.138,0.308,1
"Micu2",0.126511482633236,-0.5666684222447,0.138,0.308,1
"Gm28501",0.126579005602823,0.600446667585094,0.31,0.154,1
"Cnot6l",0.126579005602823,0.686979018545698,0.31,0.154,1
"Rps2",0.126579005602823,0.741171788377,0.31,0.154,1
"Prkar1a",0.127008634003177,-0.589819233235142,0.241,0.423,1
"Flcn",0.127072178546231,-0.342302511768723,0.069,0.231,1
"Capzb",0.127628686050646,-0.648032059205548,0.207,0.385,1
"Dnm1",0.128462060824157,0.564043364084624,0.276,0.115,1
"Crtc3",0.128463526064333,-0.536249391422722,0.241,0.462,1
"Acer3",0.128463526064333,0.471598834078025,0.448,0.231,1
"Coq10b",0.129417903595632,-0.596209398349454,0.103,0.269,1
"Pign",0.129417903595632,-0.635651214616827,0.103,0.269,1
"Sdcbp",0.129417903595632,-0.576052418276411,0.103,0.269,1
"Kcna1",0.129417903595632,-0.810275030884966,0.103,0.269,1
"Lztfl1",0.129417903595632,-0.682264319571765,0.103,0.269,1
"Pantr1",0.129990809147639,-0.778716195105337,0.31,0.462,1
"Vcpip1",0.130871069810825,0.550477170666732,0.172,0.038,1
"Ldlrad3",0.130871069810825,0.411366013042983,0.172,0.038,1
"Lrif1",0.130871069810825,0.400506390716074,0.172,0.038,1
"Sirt3",0.130871069810825,0.608627430948286,0.172,0.038,1
"Rplp2",0.130871069810825,0.511590570689003,0.172,0.038,1
"Dhcr7",0.130871069810825,0.396944105118293,0.172,0.038,1
"Tle2",0.130871069810825,0.475963983205043,0.172,0.038,1
"Mrpl38",0.130871069810825,0.531004606293687,0.172,0.038,1
"Gm38604",0.130871069810825,0.517848408825811,0.172,0.038,1
"Dzip1",0.130871069810825,0.400230995014457,0.172,0.038,1
"Fbxo32",0.130871069810825,0.458198967718467,0.172,0.038,1
"Adcy6",0.130871069810825,0.412392507839817,0.172,0.038,1
"Hmgn1",0.130871069810825,0.425981721103114,0.172,0.038,1
"Cdk16",0.130871069810825,0.490945713367037,0.172,0.038,1
"Hnrnpk",0.131373495379115,-0.640948407576147,0.172,0.346,1
"Hexb",0.132219295211284,-0.781977216806127,0.414,0.538,1
"Tpd52l2",0.132407411402063,-0.617627599443796,0.138,0.308,1
"Thra",0.132407411402063,-0.599832231191074,0.138,0.308,1
"Slf2",0.132407411402063,-0.551555873617421,0.138,0.308,1
"Pik3c2b",0.132534477304443,-0.392373297732981,0.034,0.154,1
"Rexo4",0.132534477304443,-0.459288577776265,0.034,0.154,1
"Dgkz",0.132534477304443,-0.486635937114017,0.034,0.154,1
"Mfap1b",0.132534477304443,-0.484421508988971,0.034,0.154,1
"Gm10766",0.132534477304443,-0.477093948537169,0.034,0.154,1
"Eef1a2",0.132534477304443,-0.497757533414937,0.034,0.154,1
"Adar",0.132534477304443,-0.420739818148928,0.034,0.154,1
"Slc35a3",0.132534477304443,-0.530617142374132,0.034,0.154,1
"Fnbp1l",0.132534477304443,-0.432288536995067,0.034,0.154,1
"Ncbp1",0.132534477304443,-0.50295722966401,0.034,0.154,1
"Junos",0.132534477304443,-0.538999629924322,0.034,0.154,1
"Slc25a34",0.132534477304443,-0.427514374883997,0.034,0.154,1
"Pgd",0.132534477304443,-0.5052182298164,0.034,0.154,1
"P2rx4",0.132534477304443,-0.403633717563733,0.034,0.154,1
"Smim30",0.132534477304443,-0.606585587843002,0.034,0.154,1
"Aup1",0.132534477304443,-0.445554352495041,0.034,0.154,1
"Rpn1",0.132534477304443,-0.646185018674232,0.034,0.154,1
"Hnrnpf",0.132534477304443,-0.540689275479775,0.034,0.154,1
"Necap1",0.132534477304443,-0.485291736134663,0.034,0.154,1
"Ptpro",0.132534477304443,-0.436491907808635,0.034,0.154,1
"Tomm40",0.132534477304443,-0.526476176927587,0.034,0.154,1
"AU020206",0.132534477304443,-0.48589226917673,0.034,0.154,1
"B230206H07Rik",0.132534477304443,-0.485703986901114,0.034,0.154,1
"2310022B05Rik",0.132534477304443,-0.463724978275555,0.034,0.154,1
"Amotl1",0.132534477304443,-0.520187442559461,0.034,0.154,1
"Gm29642",0.132534477304443,-0.563357897640622,0.034,0.154,1
"Ncapd3",0.132534477304443,-0.707576329686966,0.034,0.154,1
"Copb2",0.132534477304443,-0.48055168556084,0.034,0.154,1
"Nuak1",0.132534477304443,-0.434724209369961,0.034,0.154,1
"Irgm2",0.132534477304443,-0.460513198498102,0.034,0.154,1
"5730455P16Rik",0.132534477304443,-0.464080951708959,0.034,0.154,1
"Abcc3",0.132534477304443,-0.562880942397921,0.034,0.154,1
"Epdr1",0.132534477304443,-0.456701783797319,0.034,0.154,1
"Kdm1b",0.132534477304443,-0.474576052886094,0.034,0.154,1
"Fgd3",0.132534477304443,-0.5230596288298,0.034,0.154,1
"Gm4491",0.132534477304443,-0.567761340795538,0.034,0.154,1
"Taf2",0.132534477304443,-0.595391097664471,0.034,0.154,1
"Socs5",0.132534477304443,-0.537619544155792,0.034,0.154,1
"Slc14a1",0.132534477304443,-0.572679058371175,0.034,0.154,1
"Tceal5",0.132534477304443,-0.651865488790106,0.034,0.154,1
"Bex3",0.132534477304443,-0.758802811286415,0.034,0.154,1
"Pdha1",0.132534477304443,-0.539230748602594,0.034,0.154,1
"Ppp6r3",0.132806126081288,-0.592345045448038,0.207,0.423,1
"Srgap3",0.133868031548868,-0.601288504917189,0.448,0.577,1
"Gm43322",0.134066011999999,0.654702298277224,0.207,0.077,1
"Dancr",0.134066011999999,0.79290138437262,0.207,0.077,1
"Trafd1",0.134066011999999,0.713724890979176,0.207,0.077,1
"Tango6",0.134066011999999,-0.318882073540199,0.069,0.231,1
"Pls3",0.134066011999999,-0.299099720818586,0.069,0.231,1
"Fgfr1",0.134460982786891,-0.582692869832337,0.276,0.462,1
"Ttc3",0.134543400148233,0.67129863993293,0.621,0.462,1
"Elovl6",0.134636827126933,0.704348522476672,0.276,0.115,1
"Gpcpd1",0.13505264469343,-0.53399401810134,0.31,0.5,1
"Tmem208",0.135232414622795,-0.407673505067729,0.138,0.346,1
"Clint1",0.135232414622795,-0.554154755647546,0.138,0.346,1
"Atp1a2",0.135317053768357,-0.320599121919145,0.897,0.846,1
"Ndufs5",0.135873080640929,-0.522008125786747,0.103,0.269,1
"Tcf7l1",0.135873080640929,-0.409065260787501,0.103,0.269,1
"Kras",0.135873080640929,-0.503760344230917,0.103,0.269,1
"Sap130",0.135873080640929,-0.278940218320946,0.103,0.269,1
"Apex2",0.135873080640929,-0.316698343701492,0.103,0.269,1
"Rbm28",0.13709861388544,-0.535856593362389,0.172,0.346,1
"Sugct",0.13709861388544,-0.693414970410737,0.172,0.346,1
"Sh3glb1",0.137389991957002,-0.635064372367227,0.241,0.423,1
"Etv6",0.137389991957002,-0.441942013250363,0.241,0.423,1
"Emc3",0.13763150246088,-0.691768237847678,0.069,0.192,1
"Fkbp15",0.138141576104526,-0.737336976721503,0.207,0.346,1
"Fam135a",0.138513961778746,-0.587727236690508,0.138,0.308,1
"Mau2",0.138513961778746,-0.600240771127432,0.138,0.308,1
"Ctcf",0.138513961778746,-0.475505429492104,0.138,0.308,1
"Srgap2",0.138824581575661,-0.512930022708274,0.586,0.808,1
"Nat8f1",0.138999293642542,0.460450726875698,0.172,0.038,1
"Zfp74",0.138999293642542,0.396533074025066,0.172,0.038,1
"Septin1",0.138999293642542,0.437357534570012,0.172,0.038,1
"2310011J03Rik",0.138999293642542,0.393621975204235,0.172,0.038,1
"Rtcb",0.138999293642542,0.426017271735682,0.172,0.038,1
"Eif3e",0.138999293642542,0.37788966880385,0.172,0.038,1
"Spidr",0.138999293642542,0.367713645059289,0.172,0.038,1
"Gm49708",0.138999293642542,0.459838296748782,0.172,0.038,1
"Zmat2",0.138999293642542,0.448515103263161,0.172,0.038,1
"Prrc1",0.138999293642542,0.362296405080575,0.172,0.038,1
"Elapor2",0.139281867020174,0.425148052610117,0.241,0.077,1
"Sae1",0.139281867020174,-0.673196118479818,0.103,0.231,1
"Eif4enif1",0.139281867020174,-0.602651642454713,0.103,0.231,1
"Ppp1r12b",0.139628854591391,0.417834567133863,0.448,0.269,1
"Rgs7",0.139821697293221,0.462332539109,0.793,0.615,1
"Kifap3",0.140061683474736,0.50592083731739,0.448,0.308,1
"Mitf",0.140096217576475,0.734878895558471,0.448,0.346,1
"Nim1k",0.140096217576475,-0.637298863530479,0.31,0.5,1
"Ptprm",0.14033018740825,-0.419786498205117,0.379,0.615,1
"Ptpn12",0.14095567978904,-0.652181433081545,0.241,0.385,1
"Pafah1b1",0.141031526090211,-0.364539581744231,0.552,0.769,1
"Angel2",0.141038564597673,0.523772442929746,0.276,0.115,1
"Sycp3",0.141038564597673,0.540852299918079,0.276,0.115,1
"Ifrd1",0.141038564597673,0.529299517192573,0.276,0.115,1
"Cirbp",0.141353907692815,0.553015691200878,0.207,0.077,1
"ENSMUSG00000120241",0.141423828639153,0.428851191547468,0.414,0.269,1
"Mrps9",0.141458787637684,-0.416402635157545,0.034,0.154,1
"Eef1b2",0.141458787637684,-0.422305860192345,0.034,0.154,1
"Dars",0.141458787637684,-0.460617441781618,0.034,0.154,1
"Fam107b",0.141458787637684,-0.386743955393807,0.034,0.154,1
"Nrarp",0.141458787637684,-0.436979401892694,0.034,0.154,1
"Madd",0.141458787637684,-0.394669058847679,0.034,0.154,1
"Tmem87b",0.141458787637684,-0.518282143289485,0.034,0.154,1
"Spata1",0.141458787637684,-0.414447440576469,0.034,0.154,1
"Otud6b",0.141458787637684,-0.478037994936769,0.034,0.154,1
"Cdc26",0.141458787637684,-0.474444602474951,0.034,0.154,1
"Kdm4a",0.141458787637684,-0.491179652107229,0.034,0.154,1
"Rhoh",0.141458787637684,-0.426588650653112,0.034,0.154,1
"Smo",0.141458787637684,-0.475291306719072,0.034,0.154,1
"Rnf103",0.141458787637684,-0.387986010002864,0.034,0.154,1
"Gm44899",0.141458787637684,-0.514382194161721,0.034,0.154,1
"Ppp2r2d",0.141458787637684,-0.383875690707615,0.034,0.154,1
"9530077C05Rik",0.141458787637684,-0.325124192836462,0.034,0.154,1
"Nfrkb",0.141458787637684,-0.402558697240266,0.034,0.154,1
"Ibtk",0.141458787637684,-0.457150098814425,0.034,0.154,1
"Rnf217",0.141458787637684,-0.489742345961489,0.034,0.154,1
"Cradd",0.141458787637684,-0.381693148850158,0.034,0.154,1
"Cnpy2",0.141458787637684,-0.4369282835137,0.034,0.154,1
"Yy1",0.141458787637684,-0.401367636490409,0.034,0.154,1
"Akt1",0.141458787637684,-0.348321338996886,0.034,0.154,1
"Sptlc1",0.141458787637684,-0.379445387483035,0.034,0.154,1
"1810034E14Rik",0.141458787637684,-0.363547743970254,0.034,0.154,1
"Gm37472",0.141458787637684,-0.373803754635411,0.034,0.154,1
"Polr2h",0.141458787637684,-0.476701993047548,0.034,0.154,1
"Heatr5b",0.141458787637684,-0.354876615295204,0.034,0.154,1
"Ttc7",0.141458787637684,-0.425216992263692,0.034,0.154,1
"Riok3",0.141458787637684,-0.497851505715733,0.034,0.154,1
"Arhgef37",0.141458787637684,-0.422711215604445,0.034,0.154,1
"Mfsd13a",0.141458787637684,-0.496535497665135,0.034,0.154,1
"Wbp1l",0.141458787637684,-0.435801175034067,0.034,0.154,1
"Rpgr",0.141458787637684,-0.505206651841511,0.034,0.154,1
"Gm14798",0.141458787637684,-0.428905079246232,0.034,0.154,1
"Ythdc1",0.142574102856704,-0.448743322562771,0.103,0.269,1
"Ccz1",0.142574102856704,-0.41669538389795,0.103,0.269,1
"Cd37",0.142574102856704,-0.652767940306656,0.103,0.269,1
"Nol4",0.142780146187227,-0.548395126509876,0.414,0.577,1
"Phc2",0.142820275078899,-0.523700116046353,0.241,0.423,1
"Abhd3",0.143014291263053,-0.346365943303499,0.172,0.346,1
"Kansl1l",0.14343539975311,-0.602562072896038,0.414,0.615,1
"Rngtt",0.144132502914679,-0.325969775874774,0.241,0.462,1
"Ddo",0.14415883287282,-0.656791754670678,0.207,0.385,1
"Mast2",0.144335940678268,0.66707184346713,0.31,0.154,1
"Ssu72",0.144335940678268,0.672400379678586,0.31,0.154,1
"Erlec1",0.144835216976512,-0.591983956339323,0.138,0.308,1
"Nt5dc1",0.145514863468431,-0.778237462292719,0.069,0.192,1
"Wbp4",0.145514863468431,-0.574539167188,0.069,0.192,1
"Ptprd",0.146798509963594,0.617562457920078,0.759,0.769,1
"Mfn1",0.146880771957518,-0.789085955514066,0.276,0.423,1
"Gcc2",0.14748851480397,-0.461883849978108,0.31,0.538,1
"Sec24b",0.147671753029274,0.503337373875445,0.276,0.115,1
"Lrrc4",0.147671753029274,0.565934103846365,0.276,0.115,1
"Sirt2",0.147671753029274,0.491669711045334,0.276,0.115,1
"Mir142hg",0.147671753029274,-0.635686248694435,0.138,0.269,1
"Plpp3",0.147860731283691,-0.511158175389425,0.793,0.808,1
"Ccnt2",0.148413792265758,-0.438804198407686,0.241,0.423,1
"Sec61a2",0.148413792265758,0.288834447523697,0.414,0.231,1
"Ndufb3",0.14894249283225,0.798471065641488,0.207,0.077,1
"Actn4",0.14894249283225,0.766254074076246,0.207,0.077,1
"Crppa",0.14894249283225,0.536422487585689,0.207,0.077,1
"Fbxl3",0.14894249283225,0.595440458353082,0.207,0.077,1
"Napg",0.14894249283225,0.540181401662166,0.207,0.077,1
"Hnrnpul2",0.14894249283225,0.597641758020171,0.207,0.077,1
"Specc1l",0.149123905849329,-0.519782383862756,0.172,0.346,1
"Wnk2",0.149341844881028,-0.564656125834615,0.345,0.538,1
"0610040J01Rik",0.149525964746441,-0.407962373246052,0.103,0.269,1
"Nrp1",0.149525964746441,0.650480165328438,0.241,0.115,1
"Vsnl1",0.149525964746441,0.743043636832039,0.241,0.115,1
"Evl",0.149525964746441,-0.492077269560744,0.103,0.269,1
"Gm49797",0.149525964746441,-0.380308650301093,0.103,0.269,1
"Rps29",0.149932745295981,-0.704275943126782,0.207,0.346,1
"Prelid3a",0.149932745295981,0.68445974275998,0.345,0.192,1
"Ogfrl1",0.150837813328095,-0.297374884761986,0.034,0.154,1
"Ggta1",0.150837813328095,-0.368569835450187,0.034,0.154,1
"Mccc1",0.150837813328095,-0.347990062147553,0.034,0.154,1
"Gpatch4",0.150837813328095,-0.358436190153091,0.034,0.154,1
"Tnfaip8l2",0.150837813328095,-0.296968722939488,0.034,0.154,1
"Zfp141",0.150837813328095,-0.316598863600365,0.034,0.154,1
"Gm37008",0.150837813328095,-0.27217703657222,0.034,0.154,1
"Rnh1",0.150837813328095,-0.291966861812581,0.034,0.154,1
"Man2b1",0.150837813328095,-0.313307279025919,0.034,0.154,1
"Zc3h12c",0.150837813328095,-0.34860351045197,0.034,0.154,1
"Kpnb1",0.150837813328095,-0.294626717563103,0.034,0.154,1
"Lsm12",0.150837813328095,-0.4140194698798,0.034,0.154,1
"Rian",0.150837813328095,-0.449439122402069,0.034,0.154,1
"Ncoa4",0.150837813328095,-0.34894565966037,0.034,0.154,1
"Gm49538",0.150837813328095,-0.289629003948629,0.034,0.154,1
"Sec22a",0.150837813328095,-0.338463327362507,0.034,0.154,1
"Fbxl16",0.150837813328095,-0.274333030508336,0.034,0.154,1
"Tmem241",0.150837813328095,-0.35772422060832,0.034,0.154,1
"Sting1",0.150837813328095,-0.36216965427117,0.034,0.154,1
"Snx15",0.150837813328095,-0.444114495335861,0.034,0.154,1
"Plaat3",0.150837813328095,-0.250122159535397,0.034,0.154,1
"Trim8",0.150837813328095,-0.464542082391286,0.034,0.154,1
"Zdhhc6",0.150837813328095,-0.363110847199129,0.034,0.154,1
"Trim33",0.151375166051591,-0.447816326187421,0.138,0.308,1
"Rab5b",0.151375166051591,-0.594216848436301,0.138,0.308,1
"Atp5g1",0.151375166051591,-0.460650058777887,0.138,0.308,1
"1700025G04Rik",0.15373941954336,-0.619990272004172,0.069,0.192,1
"Mettl9",0.15373941954336,-0.653988157935212,0.069,0.192,1
"Prr14",0.15373941954336,-0.576503791516599,0.069,0.192,1
"Anapc10",0.15373941954336,-0.593212974639306,0.069,0.192,1
"Pkn1",0.15373941954336,-0.740280362686751,0.069,0.192,1
"Mafg",0.15373941954336,-0.610305545193442,0.069,0.192,1
"Top3b",0.15373941954336,-0.496604914611359,0.069,0.192,1
"Hectd4",0.154540759870194,0.423293489669275,0.276,0.115,1
"Abca1",0.155366165143456,-0.692445852748384,0.241,0.462,1
"Uba5",0.155430755548656,-0.639429431120784,0.172,0.346,1
"Slc24a3",0.156051003345663,-0.501149926145585,0.276,0.462,1
"Creb5",0.156059554587199,0.334110202977297,0.379,0.192,1
"Otulinl",0.156059554587199,-0.545462348525914,0.207,0.385,1
"Tmem165",0.156109040101155,0.668957957192308,0.345,0.192,1
"Chaserr",0.156109040101155,0.646209184748808,0.345,0.192,1
"Zfp266",0.156109040101155,0.646511699170188,0.345,0.192,1
"Kcnk13",0.156109040101155,0.64351585061848,0.345,0.192,1
"Shc3",0.156109040101155,0.604625105347445,0.345,0.192,1
"Cept1",0.156733526822648,-0.28836692211069,0.103,0.269,1
"Ss18",0.156733526822648,-0.401409328326668,0.103,0.269,1
"Bclaf3",0.156733526822648,0.568548391677038,0.241,0.115,1
"Dph6",0.156838204389889,0.564384414523941,0.207,0.077,1
"Tgfbr2",0.156838204389889,0.705704105847001,0.207,0.077,1
"Ankrd40",0.156838204389889,0.539684326190123,0.207,0.077,1
"Elp2",0.156838204389889,0.61430439340344,0.207,0.077,1
"Tfdp2",0.157195493816267,0.523257154664141,0.31,0.154,1
"Prdm5",0.158123327118731,-0.508558853291655,0.138,0.308,1
"Slc25a4",0.158137693996491,0.61881303088813,0.276,0.154,1
"3110056K07Rik",0.158137693996491,0.727083505373959,0.276,0.154,1
"Sparcl1",0.158599775613078,-0.495470836843314,0.793,0.923,1
"Psap",0.159089975883382,0.309193674162863,0.724,0.538,1
"Kdm2a",0.161461304909294,-0.41049093099052,0.207,0.423,1
"Arhgef11",0.161522986923647,-0.723195583015766,0.103,0.231,1
"Tbce",0.161649828435291,0.601004286677545,0.276,0.115,1
"Epb41l2",0.161738187528866,-0.503785034279135,0.448,0.615,1
"Pnpla7",0.161797765710521,-0.521974285333637,0.448,0.654,1
"Dnaja1",0.161938050340535,-0.456480703133793,0.172,0.346,1
"Ankib1",0.161938050340535,-0.510054763534137,0.172,0.346,1
"Dzip1l",0.161938050340535,-0.394914220809091,0.172,0.346,1
"Man1a",0.161938050340535,-0.553598449849884,0.172,0.346,1
"Vps8",0.161938050340535,-0.296815639205769,0.172,0.346,1
"Brd4",0.161938050340535,-0.602529104240071,0.172,0.346,1
"Acadl",0.162312669697996,-0.480127186470713,0.069,0.192,1
"Nsun6",0.162312669697996,-0.619179279235258,0.069,0.192,1
"Camsap1",0.162312669697996,-0.57451149628971,0.069,0.192,1
"Mllt11",0.162312669697996,-0.500803220470565,0.069,0.192,1
"Parva",0.162312669697996,-0.53614441968734,0.069,0.192,1
"Ccng1",0.162312669697996,-0.476579851688313,0.069,0.192,1
"Zfp672",0.162312669697996,-0.534850245324652,0.069,0.192,1
"Lpin1",0.162312669697996,-0.363254083436354,0.069,0.192,1
"Gng2",0.162312669697996,-0.568506432302518,0.069,0.192,1
"Kctd1",0.162312669697996,-0.633503576079138,0.069,0.192,1
"AU040320",0.162476463639318,-0.571249060319052,0.207,0.346,1
"Zfpm2",0.163575949597118,-0.359317394201738,0.345,0.654,1
"Nat8f3",0.163942410459927,0.75519147770014,0.31,0.154,1
"Atp6v1e1",0.163942410459927,0.370147237651557,0.31,0.154,1
"Frmpd1",0.164201501310086,0.572938827456913,0.241,0.115,1
"Usp48",0.164201501310086,0.691211651454574,0.241,0.115,1
"Mrs2",0.164201501310086,-0.416209225633391,0.103,0.269,1
"Ttll7",0.164218618796797,0.71971563117862,0.414,0.269,1
"Clstn1",0.164565829941845,0.650360932912666,0.379,0.231,1
"Srsf2",0.164904636062646,-0.314596766913978,0.276,0.5,1
"Tgfa",0.165047266445801,0.516673495648823,0.207,0.077,1
"Rassf8",0.165047266445801,0.503597405330281,0.207,0.077,1
"G2e3",0.165047266445801,0.510874549353464,0.207,0.077,1
"Rab11b",0.165047266445801,0.567815264430374,0.207,0.077,1
"Slc25a28",0.165047266445801,0.570198180523087,0.207,0.077,1
"Idh3b",0.165126571720917,-0.471400622613319,0.138,0.308,1
"Arrb1",0.165126571720917,-0.513398830022506,0.138,0.308,1
"Pros1",0.165126571720917,-0.589123631751705,0.138,0.308,1
"Sdccag8",0.166198970494361,-0.503525962369771,0.241,0.423,1
"Myo9a",0.166790733656262,-0.546325625358302,0.31,0.538,1
"Sbf2",0.167241700824137,-0.398869141362371,0.241,0.462,1
"Xrcc6",0.16751165249198,0.791365626263278,0.448,0.346,1
"Rufy3",0.168648904719141,-0.498936880886716,0.172,0.346,1
"Grin2b",0.168691198185271,0.411489543638554,0.379,0.192,1
"Sh3bgrl",0.169003065991689,0.487311642795576,0.276,0.115,1
"Gm42439",0.169037899961168,0.516566053370665,0.345,0.192,1
"Trim35",0.169037899961168,0.505236074900868,0.345,0.192,1
"Ubash3b",0.169301810571544,-0.536277991780169,0.241,0.423,1
"Rsbn1",0.169503752244841,-0.54288921301273,0.103,0.231,1
"Large1",0.170032116114638,0.500131749444422,0.517,0.385,1
"Med13",0.170909414298238,0.279453494037108,0.379,0.231,1
"Nek1",0.171241827639665,-0.623648567274234,0.069,0.192,1
"Cep295",0.171241827639665,-0.459562115757933,0.069,0.192,1
"Uqcr11",0.171241827639665,-0.603513616342574,0.069,0.192,1
"Tmx1",0.171241827639665,-0.597357207456252,0.069,0.192,1
"Trub1",0.171241827639665,-0.540466701879947,0.069,0.192,1
"Nox1",0.171241827639665,-0.460527327373798,0.069,0.192,1
"Ppp4r1l-ps",0.171934437702492,0.55918864385282,0.241,0.115,1
"Zfyve26",0.171934437702492,-0.291392020677257,0.103,0.269,1
"Sft2d3",0.171934437702492,0.697869033848992,0.241,0.115,1
"Alpk1",0.172345445944192,-0.45733476666596,0.138,0.308,1
"Siah1a",0.172345445944192,0.599784110853924,0.276,0.154,1
"Ctss",0.172470317803786,-0.548611953647807,0.241,0.423,1
"Tecr",0.173448673934514,0.446184269534929,0.483,0.308,1
"Acot11",0.173575667272421,0.610172358090286,0.207,0.077,1
"Thsd7a",0.173575667272421,0.492133913319078,0.207,0.077,1
"Nav2",0.173873650046317,-0.566699315293154,0.69,0.808,1
"Xiap",0.175287806399093,-0.525698300588896,0.207,0.385,1
"Lyst",0.175566330080769,0.580920620962117,0.31,0.192,1
"Syp",0.175566330080769,-0.414370317316424,0.172,0.346,1
"P2ry12",0.176606091632855,-0.943377443010703,0.276,0.423,1
"Chm",0.176606091632855,0.533627687882384,0.414,0.269,1
"Pou2f1",0.177389370650739,-0.579692103487287,0.345,0.538,1
"Lrmda",0.177389370650739,-0.545301287143598,0.345,0.538,1
"Rpl21",0.177434392942832,0.608244990591283,0.379,0.231,1
"Pias2",0.177434392942832,0.496754713563576,0.379,0.231,1
"Psmb7",0.177776621038153,-0.521532123052896,0.103,0.231,1
"Reck",0.177776621038153,-0.631208203570796,0.103,0.231,1
"Hmgn2",0.177776621038153,-0.556694158120543,0.103,0.231,1
"Tnks",0.178087256321385,0.544343980470393,0.31,0.154,1
"Sesn3",0.178087256321385,-0.598281993190898,0.172,0.308,1
"Pcdh17",0.178917000385936,-0.663395021771932,0.276,0.385,1
"Mog",0.17954155594071,0.80789271054069,0.483,0.308,1
"Cdh2",0.179702395892554,0.444033211713291,0.621,0.577,1
"Sos2",0.179797829024149,-0.352341424582184,0.138,0.308,1
"Mbtd1",0.179809089562811,-0.432766935074327,0.241,0.462,1
"Snx9",0.179936708213635,0.597548322659765,0.241,0.115,1
"Mir99ahg",0.18017185471811,-0.262204788329653,1,0.962,1
"Fbxw11",0.180174491969753,0.563302419861,0.414,0.308,1
"Trak2",0.180533791091854,-0.280822890830455,0.069,0.192,1
"Pla2g4a",0.180533791091854,-0.52524986806318,0.069,0.192,1
"Hspa5",0.180533791091854,-0.889191631450624,0.069,0.192,1
"Cldn11",0.180533791091854,-0.581494785269384,0.069,0.192,1
"Gm26862",0.180533791091854,-0.37517073105031,0.069,0.192,1
"Trim12c",0.180533791091854,-0.538205564703428,0.069,0.192,1
"Zfp821",0.180533791091854,-0.683517059036838,0.069,0.192,1
"Cisd1",0.180533791091854,-0.530347134619665,0.069,0.192,1
"Sgta",0.180533791091854,-0.478739544482155,0.069,0.192,1
"Ncbp2",0.180533791091854,-0.450204342769403,0.069,0.192,1
"Nrg2",0.180533791091854,-0.401713120945214,0.069,0.192,1
"Atg16l1",0.182074997564024,-0.446016168255641,0.207,0.385,1
"Macir",0.182429136235656,0.670726450852583,0.207,0.077,1
"Slc35d1",0.182429136235656,0.320455240237701,0.207,0.077,1
"Aldh2",0.182429136235656,0.518416929956069,0.207,0.077,1
"ENSMUSG00000121085",0.182429136235656,0.442591277063404,0.207,0.077,1
"Lpcat3",0.182429136235656,0.433688426448032,0.207,0.077,1
"Timm13",0.182429136235656,0.421244966383686,0.207,0.077,1
"Fyttd1",0.182429136235656,0.516924443961917,0.207,0.077,1
"2900052L18Rik",0.182753870456436,0.532464568178173,0.345,0.192,1
"Gabrb1",0.182911116225222,-0.3490919644366,0.966,1,1
"Enpp2",0.183222415720296,0.423731534457625,0.483,0.269,1
"Tcf7l2",0.183222415720296,-0.301141908357322,0.276,0.5,1
"Pten",0.183441771727221,-0.547633981005778,0.379,0.5,1
"Rbm26",0.184194582129777,0.48178054460728,0.586,0.462,1
"Paxbp1",0.18478756970565,-0.591497067032884,0.31,0.538,1
"Pdss2",0.185491520622503,-0.73544847898325,0.172,0.308,1
"Ndufaf7",0.185491520622503,0.484547009981699,0.31,0.154,1
"Nsmaf",0.186344256418351,0.754531899450476,0.379,0.308,1
"Invs",0.186346414771173,-0.616277704609064,0.103,0.231,1
"Cul5",0.186346414771173,-0.571683923292824,0.103,0.231,1
"Gpx4",0.186346414771173,-0.460847557136407,0.103,0.231,1
"Dock2",0.186346414771173,-0.785258735952753,0.103,0.231,1
"Myo1d",0.186346414771173,-0.565948103734217,0.103,0.231,1
"Mapk14",0.186346414771173,-0.569690214346393,0.103,0.231,1
"Myo1f",0.186346414771173,-0.78745701947709,0.103,0.231,1
"Nbea",0.187002663257693,0.505646972058985,0.586,0.423,1
"Inpp1",0.187412617167278,0.554876001585463,0.138,0.038,1
"Slc27a4",0.187412617167278,0.59924823974676,0.138,0.038,1
"Ndufs3",0.187412617167278,0.612456224448637,0.138,0.038,1
"Dzank1",0.187412617167278,0.59060968086315,0.138,0.038,1
"Adgrl2",0.187412617167278,0.635606552383795,0.138,0.038,1
"Sigmar1",0.187412617167278,0.579381707847438,0.138,0.038,1
"Slc6a9",0.187412617167278,0.427319211184289,0.138,0.038,1
"Csmd2",0.187412617167278,0.575371625110874,0.138,0.038,1
"Ak2",0.187412617167278,0.54442425272677,0.138,0.038,1
"Dnajc8",0.187412617167278,0.348434994056631,0.138,0.038,1
"Cdk6",0.187412617167278,0.560176555531767,0.138,0.038,1
"Tmem60",0.187412617167278,0.509724972168655,0.138,0.038,1
"Rpap2",0.187412617167278,0.559278937322895,0.138,0.038,1
"Bri3",0.187412617167278,0.51861413150177,0.138,0.038,1
"Uba3",0.187412617167278,0.520491365025749,0.138,0.038,1
"Ddx47",0.187412617167278,0.459138748513219,0.138,0.038,1
"Inpp5a",0.187412617167278,0.561497284557162,0.138,0.038,1
"Scrg1",0.187412617167278,0.612378812942007,0.138,0.038,1
"Rpl18a",0.187412617167278,0.686659649335787,0.138,0.038,1
"Grm1",0.187412617167278,0.51885748834776,0.138,0.038,1
"Nabp2",0.187412617167278,0.558672686477425,0.138,0.038,1
"Pfas",0.187412617167278,0.554472937092038,0.138,0.038,1
"Chga",0.187412617167278,0.564928953950509,0.138,0.038,1
"Unc79",0.187412617167278,0.627382605885398,0.138,0.038,1
"Secisbp2",0.187412617167278,0.475391822660005,0.138,0.038,1
"Pde1b",0.187412617167278,0.53917260334437,0.138,0.038,1
"Psmd2",0.187412617167278,0.556807367993484,0.138,0.038,1
"Bcl6",0.187412617167278,0.501444609829091,0.138,0.038,1
"Synj2",0.187412617167278,0.483717172646392,0.138,0.038,1
"Snhg9",0.187412617167278,0.512830129246578,0.138,0.038,1
"Prr3",0.187412617167278,0.53539578327614,0.138,0.038,1
"9330117O12Rik",0.187412617167278,0.553497242804138,0.138,0.038,1
"Abhd12",0.187487088748496,-0.583796348472634,0.138,0.308,1
"Mtch1",0.187487088748496,-0.358328866052644,0.138,0.308,1
"Zfp384",0.188212493165391,-0.336973249613018,0.103,0.269,1
"Crebzf",0.189055194862258,-0.386297156935852,0.207,0.385,1
"Gm37376",0.189055194862258,-0.389736895743233,0.207,0.385,1
"Fau",0.189055194862258,-0.409246762646024,0.207,0.385,1
"Entpd1",0.189055194862258,-0.499946299523163,0.207,0.385,1
"Otud7a",0.189645825121507,-0.66436001656964,0.345,0.538,1
"Inpp4b",0.189665826028696,-0.735439885628326,0.276,0.423,1
"Apc",0.189672277955088,-0.409710533956604,0.483,0.654,1
"Rps6ka3",0.189913675725358,0.440720048009866,0.345,0.192,1
"Dync2h1",0.190032377946148,-0.485028597436947,0.172,0.346,1
"Xpo1",0.190032377946148,-0.408877201973252,0.172,0.346,1
"Larp1",0.190032377946148,0.311151818624734,0.345,0.154,1
"Pip4k2a",0.190144515952856,-0.287580075326809,0.414,0.654,1
"Arfgap2",0.190195110934591,-0.293994158740249,0.069,0.192,1
"Blcap",0.190195110934591,-0.402490028381995,0.069,0.192,1
"Lrig2",0.190195110934591,-0.402031090930771,0.069,0.192,1
"Zfp69",0.190195110934591,-0.407320203293144,0.069,0.192,1
"Rbm47",0.190195110934591,-0.404538060246364,0.069,0.192,1
"Mfsd11",0.190195110934591,-0.38340262773317,0.069,0.192,1
"Deptor",0.190195110934591,-0.549272597084658,0.069,0.192,1
"Cramp1",0.190195110934591,-0.456249634406799,0.069,0.192,1
"Zfp318",0.190195110934591,-0.413925779533117,0.069,0.192,1
"AA387883",0.190195110934591,-0.264945395137747,0.069,0.192,1
"Rb1",0.191095008363682,-0.355321829744122,0.31,0.538,1
"9130019P16Rik",0.191613120594956,0.454418923679545,0.207,0.077,1
"Tra2b",0.191613120594956,0.438242610539416,0.207,0.077,1
"P3h2",0.191613120594956,0.486027721303513,0.207,0.077,1
"Nrf1",0.191999566438529,0.405075288651134,0.552,0.385,1
"Nrxn3",0.192191909668356,-0.29959256419677,0.31,0.5,1
"Apba2",0.192345066560285,-0.51961677987685,0.241,0.423,1
"Itm2c",0.192566571992363,-0.668767531969501,0.138,0.269,1
"Tgfbr1",0.193045439943636,-0.811046446052168,0.517,0.577,1
"Srsf11",0.193228500597579,-0.451274111246525,0.276,0.462,1
"Slmap",0.193228500597579,-0.418518102496996,0.276,0.462,1
"Galnt7",0.195217714193331,-0.548982714597158,0.103,0.231,1
"Cog8",0.195217714193331,-0.314596295952536,0.103,0.231,1
"Zfp322a",0.195217714193331,-0.4522996652849,0.103,0.231,1
"Mblac2",0.195217714193331,-0.476726612846573,0.103,0.231,1
"Thoc7",0.195217714193331,-0.701450076980064,0.103,0.231,1
"Dynll1",0.196230717544888,0.416269043376117,0.379,0.192,1
"Pkm",0.196230717544888,-0.307788204954377,0.207,0.385,1
"Gm2629",0.196462416118298,-0.335107889047637,0.241,0.462,1
"Usp15",0.196473632078783,0.616234731109879,0.414,0.269,1
"Fgfr2",0.196718877104099,0.462387822469684,0.897,0.846,1
"Gm43765",0.196765766357296,0.578509733297283,0.241,0.115,1
"Nup98",0.196765766357296,-0.322464261947067,0.103,0.269,1
"Gria4",0.196765766357296,0.614663569497186,0.241,0.115,1
"Kcnh7",0.19897750681546,0.454294434163004,0.138,0.038,1
"Nop10",0.19897750681546,0.473949677496621,0.138,0.038,1
"Slc33a1",0.19897750681546,0.437982774021398,0.138,0.038,1
"C920021L13Rik",0.19897750681546,0.54251243222959,0.138,0.038,1
"Polr3c",0.19897750681546,0.433296739459022,0.138,0.038,1
"Ampd2",0.19897750681546,0.458155025966221,0.138,0.038,1
"Lef1",0.19897750681546,0.603484316508008,0.138,0.038,1
"Lurap1",0.19897750681546,0.443096787160398,0.138,0.038,1
"Sdhb",0.19897750681546,0.627242194977429,0.138,0.038,1
"Slc2a5",0.19897750681546,0.380204282804909,0.138,0.038,1
"Srrt",0.19897750681546,0.46583083350377,0.138,0.038,1
"Pdap1",0.19897750681546,0.503504310458555,0.138,0.038,1
"Pon2",0.19897750681546,0.417870490390167,0.138,0.038,1
"Ccdc174",0.19897750681546,0.481154729567224,0.138,0.038,1
"Polg",0.19897750681546,0.463558870776231,0.138,0.038,1
"5330432J10Rik",0.19897750681546,0.523346724044478,0.138,0.038,1
"Als2cl",0.19897750681546,0.381979031541946,0.138,0.038,1
"Gm38642",0.19897750681546,0.550286704189931,0.138,0.038,1
"Eif1b",0.19897750681546,0.425227587057697,0.138,0.038,1
"Zfp651",0.19897750681546,0.475064380459818,0.138,0.038,1
"4930455C13Rik",0.19897750681546,0.407304483678066,0.138,0.038,1
"Scyl2",0.19897750681546,0.461710174794453,0.138,0.038,1
"Pdlim4",0.19897750681546,0.487907898817106,0.138,0.038,1
"Ssr1",0.19897750681546,0.364087768406752,0.138,0.038,1
"Tent4a",0.19897750681546,0.381921628913431,0.138,0.038,1
"Gm5087",0.19897750681546,0.441925378049219,0.138,0.038,1
"Mtss1",0.19897750681546,0.393149829453023,0.138,0.038,1
"C130023A14Rik",0.19897750681546,0.457029439580969,0.138,0.038,1
"Grik1",0.19897750681546,0.547988314207041,0.138,0.038,1
"Rnf8",0.19897750681546,0.452654372791275,0.138,0.038,1
"Neu1",0.19897750681546,0.467175760942194,0.138,0.038,1
"Ak3",0.19897750681546,0.413875714580739,0.138,0.038,1
"Fundc1",0.19897750681546,0.519513569775007,0.138,0.038,1
"Hnrnpa3",0.199172250803958,0.382930650996182,0.586,0.5,1
"Hmgn3",0.199330576377135,0.6556363770386,0.379,0.269,1
"Dio2",0.199330576377135,0.880339975037595,0.379,0.269,1
"Erbb4",0.199605076828747,1.28654081683732,0.448,0.308,1
"Cbl",0.199938138774375,-0.260649427630956,0.241,0.462,1
"Lgr4",0.200010275914012,0.475783695495826,0.414,0.308,1
"C1qb",0.200010275914012,0.465676042182193,0.448,0.269,1
"Fbxl4",0.20023196028992,-0.416340864296892,0.069,0.192,1
"Nt5m",0.20023196028992,-0.432132769057917,0.069,0.192,1
"Kctd6",0.20023196028992,-0.354716117378456,0.069,0.192,1
"Angpt1",0.20023196028992,-0.487599467660448,0.069,0.192,1
"Pmm1",0.20023196028992,-0.328301574543488,0.069,0.192,1
"Lrig1",0.200934415881504,0.438512185888695,0.276,0.115,1
"Rps15",0.200934415881504,-0.435537855530865,0.138,0.269,1
"Ythdf3",0.20097856966303,-0.610142420362598,0.172,0.308,1
"Ilf2",0.201132762287738,0.384369211684132,0.207,0.077,1
"Arf5",0.201132762287738,0.415014327930237,0.207,0.077,1
"Cacng8",0.201132762287738,0.498866946380907,0.207,0.077,1
"Bckdha",0.201132762287738,0.354774779296493,0.207,0.077,1
"Gadd45gip1",0.201132762287738,0.489801706603335,0.207,0.077,1
"Gm20713",0.202112069456808,0.405153051869881,0.897,0.769,1
"Wdfy3",0.202515217364894,-0.663850744785798,0.345,0.538,1
"Zfp710",0.202515217364894,0.508288447180517,0.517,0.346,1
"Apoe",0.20308324236585,-0.669620705377905,0.931,1,1
"Cacnb4",0.203588925132902,0.551538385213565,0.276,0.154,1
"Eif4h",0.203588925132902,0.515836098417527,0.276,0.154,1
"Gmcl1",0.203588925132902,-0.341914969685503,0.138,0.308,1
"Cpeb3",0.203788435556635,-0.382286993802666,0.379,0.538,1
"Hapln2",0.204394841211275,-0.696813238879418,0.103,0.231,1
"Smg5",0.204394841211275,-0.503096432689393,0.103,0.231,1
"Mrps33",0.204394841211275,-0.561526296386422,0.103,0.231,1
"Ikzf1",0.204394841211275,-0.550848466668772,0.103,0.231,1
"Becn1",0.204394841211275,-0.485584985025692,0.103,0.231,1
"Strada",0.204394841211275,-0.481544871949053,0.103,0.231,1
"Adam17",0.204394841211275,-0.650385977333953,0.103,0.231,1
"Zfyve1",0.204394841211275,-0.585467377748202,0.103,0.231,1
"Acot13",0.204394841211275,-0.379569204701528,0.103,0.231,1
"Nr2f1",0.204394841211275,-0.458557278987475,0.103,0.231,1
"Map3k12",0.204394841211275,-0.417410646040171,0.103,0.231,1
"Zfp536",0.20472941955769,0.659757795396932,0.552,0.385,1
"Pnn",0.204849256945522,-0.475407995174543,0.207,0.346,1
"Arhgef28",0.204849256945522,0.330366905471386,0.345,0.192,1
"Kpna3",0.205357932257041,-0.315108880934349,0.172,0.346,1
"Eaf2",0.205357932257041,0.723650210747259,0.31,0.192,1
"Gbf1",0.205357932257041,-0.547136949457053,0.172,0.346,1
"Rpl34",0.205600280463666,0.481432794236985,0.241,0.115,1
"Scn8a",0.205600280463666,0.546763821385556,0.241,0.115,1
"Rnf220",0.206499663964029,0.982371536599673,0.379,0.269,1
"Ubr3",0.207554023869987,-0.667070294552753,0.345,0.5,1
"Sycp2",0.207554023869987,0.650235534618764,0.483,0.346,1
"St3gal4",0.208870932723825,-0.422144345563276,0.448,0.615,1
"Ttc17",0.209564502645021,-0.525899177087145,0.138,0.269,1
"Ppp4r3b",0.209564502645021,-0.54806244367108,0.138,0.269,1
"Serpinb6a",0.209564502645021,-0.533603895646283,0.138,0.269,1
"Odf2",0.210598941185137,0.364728414990484,0.414,0.269,1
"Zfp182",0.210598941185137,-0.501535593297967,0.276,0.423,1
"Casp8",0.210650103683781,-0.256708308206521,0.069,0.192,1
"Als2",0.210650103683781,-0.307480290132224,0.069,0.192,1
"Fam20b",0.210650103683781,-0.320985751339953,0.069,0.192,1
"Frrs1",0.210650103683781,-0.376383187113336,0.069,0.192,1
"Ctnnal1",0.210650103683781,-0.316208510110664,0.069,0.192,1
"Tafa1",0.210650103683781,-0.416996640078494,0.069,0.192,1
"Amfr",0.210650103683781,-0.5279957521508,0.069,0.192,1
"Metap2",0.210650103683781,-0.39481279699387,0.069,0.192,1
"Slf1",0.210650103683781,-0.287347244441107,0.069,0.192,1
"Ccnh",0.210650103683781,-0.333210740945554,0.069,0.192,1
"Gm26782",0.210650103683781,-0.402918238134812,0.069,0.192,1
"Zfp24",0.210650103683781,-0.27975341284449,0.069,0.192,1
"Nars",0.210650103683781,-0.36285483224905,0.069,0.192,1
"Tmem63a",0.210992874786875,0.429480098166833,0.207,0.077,1
"Cops2",0.210992874786875,0.453254899621374,0.207,0.077,1
"Lrrcc1",0.210992874786875,0.331958777943972,0.207,0.077,1
"Prdx5",0.210992874786875,0.38648525612583,0.207,0.077,1
"Rnpepl1",0.211055524515293,0.391586662259126,0.138,0.038,1
"Fubp3",0.211055524515293,0.618311929511968,0.138,0.038,1
"Gzf1",0.211055524515293,0.363769296638118,0.138,0.038,1
"Cep250",0.211055524515293,0.439863609114896,0.138,0.038,1
"Clcn6",0.211055524515293,0.495640078880536,0.138,0.038,1
"Plekhg5",0.211055524515293,0.371558545692875,0.138,0.038,1
"Napepld",0.211055524515293,0.335580441586703,0.138,0.038,1
"Letm1",0.211055524515293,0.5341910322675,0.138,0.038,1
"Tyw1",0.211055524515293,0.463301370625327,0.138,0.038,1
"Gigyf1",0.211055524515293,0.45522062700224,0.138,0.038,1
"Gm39214",0.211055524515293,0.413172802807854,0.138,0.038,1
"Rab39",0.211055524515293,0.434243288117052,0.138,0.038,1
"Rsad1",0.211055524515293,0.443028669236572,0.138,0.038,1
"Faim2",0.211055524515293,0.594024480070915,0.138,0.038,1
"Gm28750",0.211055524515293,0.375783880987619,0.138,0.038,1
"Hunk",0.211055524515293,0.51657286393615,0.138,0.038,1
"Lmf1",0.211055524515293,0.427123185676007,0.138,0.038,1
"Mtcl1",0.211055524515293,0.329235079126835,0.138,0.038,1
"Ubqln2",0.211055524515293,0.560567348855447,0.138,0.038,1
"Rbm33",0.211176460162496,0.755451679500261,0.345,0.231,1
"Preb",0.211176460162496,-0.436619757320782,0.207,0.385,1
"Rps6ka5",0.211176460162496,-0.320107367534925,0.207,0.385,1
"Tkt",0.211176460162496,-0.40915367342347,0.207,0.385,1
"Phactr1",0.211974776526669,0.521884140485712,0.724,0.577,1
"Arntl",0.212007422660761,0.519596843720428,0.276,0.154,1
"Ncoa7",0.212007422660761,0.576556370639566,0.276,0.154,1
"Sgms1",0.212007422660761,0.583522511330939,0.276,0.154,1
"Pard3",0.212405306029273,0.497549381789729,0.448,0.346,1
"Septin4",0.212629597943952,0.444849813009414,0.345,0.192,1
"Hspa4",0.212858838591321,0.455466196606697,0.379,0.231,1
"Dhx36",0.213349239272719,0.528225841060553,0.31,0.192,1
"9330162G02Rik",0.213349239272719,-0.375998883160035,0.172,0.346,1
"Scmh1",0.213802094829584,0.460576807625833,0.517,0.385,1
"Gjc3",0.213854148709474,0.408756539038819,0.414,0.231,1
"Slc38a9",0.213854148709474,-0.306198417217489,0.241,0.423,1
"AW554918",0.213854148709474,-0.285298091959266,0.241,0.423,1
"Fbxo3",0.213881840847671,-0.426218166589075,0.103,0.231,1
"Naa15",0.213881840847671,-0.448271161843788,0.103,0.231,1
"Cep95",0.213881840847671,-0.617987734887749,0.103,0.231,1
"Rpl7a",0.214719552505807,0.559721504223176,0.241,0.115,1
"Ufd1",0.214719552505807,0.494055806298029,0.241,0.115,1
"Limch1",0.214862312525777,-0.382840909016406,0.552,0.692,1
"Tmeff2",0.21540995753864,0.832566015567846,0.586,0.462,1
"Ubb",0.216009505974285,0.370701523300107,0.483,0.385,1
"Dock7",0.218459870129298,-0.578978176884143,0.138,0.269,1
"Qdpr",0.218459870129298,-0.477458065243457,0.138,0.269,1
"Gfm2",0.218459870129298,-0.521191119847857,0.138,0.269,1
"Dscaml1",0.218950744680866,0.91762914069381,0.345,0.231,1
"Dach1",0.220517955539432,-0.641456918385156,0.241,0.385,1
"Comt",0.220674618332729,0.718889288499532,0.276,0.154,1
"Rps14",0.220674618332729,0.502529603437366,0.276,0.154,1
"Otud5",0.220674618332729,0.59253520067611,0.276,0.154,1
"Hepacam",0.221131174147012,0.44760754420195,0.621,0.5,1
"Trim59",0.221197920122938,0.419831026536035,0.207,0.077,1
"Arpc4",0.221454866420383,-0.3441031512112,0.069,0.192,1
"Tbc1d9",0.221454866420383,-0.309179435849365,0.069,0.192,1
"Plcl1",0.221458175635161,-0.438588445402204,0.897,0.923,1
"Zdhhc14",0.221562592162359,0.524665448383747,0.31,0.192,1
"Thoc2",0.22166505570078,-0.44804135233232,0.241,0.462,1
"Gmppa",0.223655034875923,0.37642873280709,0.138,0.038,1
"Ndufa8",0.223655034875923,0.422027329407772,0.138,0.038,1
"Gm20721",0.223655034875923,0.380172610759928,0.138,0.038,1
"Mcl1",0.223655034875923,0.34695830186782,0.138,0.038,1
"Car14",0.223655034875923,0.301368953394557,0.138,0.038,1
"Sri",0.223655034875923,0.389537860957762,0.138,0.038,1
"Zfp800",0.223655034875923,0.448467916951767,0.138,0.038,1
"Ybx3",0.223655034875923,0.367156707591422,0.138,0.038,1
"Calm3",0.223655034875923,0.556749873138908,0.138,0.038,1
"Ikbkb",0.223655034875923,0.278692001597338,0.138,0.038,1
"Pccb",0.223655034875923,0.338491499041077,0.138,0.038,1
"Smpdl3a",0.223655034875923,0.36043604497645,0.138,0.038,1
"Nsg2",0.223655034875923,0.381792225961891,0.138,0.038,1
"Erg28",0.223655034875923,0.251167873184798,0.138,0.038,1
"Osgep",0.223655034875923,0.348738635708631,0.138,0.038,1
"Gm48967",0.223655034875923,0.370271273180559,0.138,0.038,1
"Ptp4a3",0.223655034875923,0.391591192422023,0.138,0.038,1
"Lima1",0.223655034875923,0.331312118852344,0.138,0.038,1
"Dvl3",0.223655034875923,0.534010451116801,0.138,0.038,1
"Msh2",0.223655034875923,0.311221560173067,0.138,0.038,1
"Ppt1",0.22368246334914,-0.324020523170746,0.103,0.231,1
"Akap11",0.22368246334914,-0.521898274794648,0.103,0.231,1
"Cebpz",0.22368246334914,-0.45113786794763,0.103,0.231,1
"Gm27239",0.22368246334914,-0.315989008113123,0.103,0.231,1
"Capn2",0.224126849448197,0.518567273926646,0.241,0.115,1
"Rbms1",0.224126849448197,0.366160462239133,0.241,0.115,1
"Oaf",0.224126849448197,0.472942146760485,0.241,0.115,1
"Ptges3",0.224126849448197,0.473791535499102,0.241,0.115,1
"H1f2",0.224126849448197,0.498809561308492,0.241,0.115,1
"Mapk10",0.224957885213706,0.69745123309723,0.517,0.423,1
"ENSMUSG00000120058",0.225945484481323,-0.653968213777428,0.172,0.308,1
"Atp5b",0.225945484481323,0.340549593399161,0.31,0.154,1
"Pdxdc1",0.225945484481323,0.382762678482145,0.31,0.154,1
"Zzef1",0.226928471853793,-0.347189918055932,0.207,0.385,1
"Rnf38",0.227623335994777,-0.887873381423649,0.138,0.269,1
"Selplg",0.227623335994777,-0.428799349306382,0.138,0.269,1
"Rimklb",0.227623335994777,-0.424883663707802,0.138,0.269,1
"Mapk9",0.227623335994777,-0.464911395214585,0.138,0.269,1
"Ctsb",0.227623335994777,-0.477059404784729,0.138,0.269,1
"Anks1b",0.228001082422624,0.501092922589875,0.448,0.308,1
"Ophn1",0.228001082422624,-0.479497121612576,0.31,0.462,1
"Lcor",0.228372738592588,-0.50212289902478,0.241,0.385,1
"Itga6",0.228825794952316,-0.604296799324246,0.207,0.346,1
"Ddah1",0.228825794952316,-0.520015743598231,0.207,0.346,1
"Rpl9",0.229126050626231,0.427342257873513,0.379,0.269,1
"Pcmt1",0.229593004580858,0.570528848097863,0.276,0.154,1
"Nemf",0.229593004580858,0.42285368729213,0.276,0.154,1
"Gpbp1",0.229593004580858,0.349383705009638,0.276,0.154,1
"Neo1",0.2319434122677,0.27005349389201,0.621,0.462,1
"Spacdr",0.23242935685236,-0.495264464196681,0.414,0.577,1
"Rnf11",0.232651104309393,-0.312978408540895,0.069,0.192,1
"Cdc42ep4",0.232651104309393,-0.328198961366801,0.069,0.192,1
"Faf2",0.232651104309393,-0.254387893199836,0.069,0.192,1
"Zfp292",0.233141691143854,0.417559991120233,0.414,0.269,1
"8030442B05Rik",0.233800146510664,-0.621430836422564,0.103,0.231,1
"Rac1",0.233800146510664,-0.298275192219743,0.103,0.231,1
"Kdm7a",0.233800146510664,-0.468631435159692,0.103,0.231,1
"Zranb1",0.233800146510664,-0.500826172967607,0.103,0.231,1
"Lars2",0.233800146510664,-0.280488397176284,0.103,0.231,1
"Adgrb1",0.233800146510664,-0.348202888676218,0.103,0.231,1
"Tesk2",0.233825173968585,0.473322454802578,0.241,0.115,1
"Tanc2",0.234321011149949,-0.556812087810549,0.655,0.731,1
"Elavl1",0.234740338145109,-0.365531793161365,0.172,0.308,1
"Pts",0.234740338145109,-0.410637259285556,0.172,0.308,1
"Cxcl14",0.234740338145109,0.313071516295434,0.31,0.154,1
"A630089N07Rik",0.235111351352975,-0.335147730109239,0.207,0.385,1
"E230029C05Rik",0.23642477188884,-0.4851558834448,0.241,0.385,1
"Lyn",0.236533359300501,-0.418246774175975,0.276,0.462,1
"Chd2",0.236533359300501,-0.428794578661557,0.276,0.462,1
"Rsrp1",0.236553969327882,-0.393142277366257,0.793,0.846,1
"Cnbd2",0.236783547071444,0.397599812692394,0.138,0.038,1
"Hsdl2",0.236783547071444,0.377597153827569,0.138,0.038,1
"Aasdh",0.236783547071444,0.410511580527075,0.138,0.038,1
"Rps19",0.236783547071444,0.30727023583758,0.138,0.038,1
"Gatd1",0.236783547071444,0.344989530788753,0.138,0.038,1
"Pgls",0.236783547071444,0.456868382102372,0.138,0.038,1
"Helb",0.236783547071444,0.333811783217574,0.138,0.038,1
"Amz2",0.236783547071444,0.340031157072264,0.138,0.038,1
"Ift43",0.236783547071444,0.330188469895368,0.138,0.038,1
"Pitrm1",0.236783547071444,0.259013425818155,0.138,0.038,1
"Gm47423",0.236783547071444,0.300544475858712,0.138,0.038,1
"Flnb",0.236783547071444,0.288518457628356,0.138,0.038,1
"Mettl17",0.236783547071444,0.268545222507973,0.138,0.038,1
"Fam131a",0.236783547071444,0.420278325926222,0.138,0.038,1
"Pcgf5",0.236783547071444,0.254383848677716,0.138,0.038,1
"Sfxn4",0.236783547071444,0.343520783270065,0.138,0.038,1
"Cdkl5",0.236783547071444,0.250569107337761,0.138,0.038,1
"Copg2",0.237046555471036,-0.31885894230589,0.241,0.423,1
"Ascc3",0.237046555471036,-0.31927481788149,0.241,0.423,1
"Tmem132b",0.237057486020283,-0.45517469043588,0.138,0.269,1
"Btbd1",0.237057486020283,-0.555245659834331,0.138,0.269,1
"Zfp827",0.237057486020283,-0.422474046799895,0.138,0.269,1
"Gramd1b",0.237057486020283,-0.465238090272528,0.138,0.269,1
"Zfp438",0.237057486020283,-0.374382696298953,0.138,0.269,1
"Sh3pxd2b",0.237245389570647,0.399208165715958,0.345,0.192,1
"Dbx2",0.237245389570647,-0.618440397806399,0.207,0.346,1
"Arglu1",0.238202774829084,-0.32135685947789,0.483,0.654,1
"Osgepl1",0.23825101689412,-0.449408013570874,0.034,0.115,1
"Gm36988",0.23825101689412,-0.440043540400261,0.034,0.115,1
"Gm11457",0.23825101689412,-0.447880461815512,0.034,0.115,1
"Intu",0.23825101689412,-0.373290569158952,0.034,0.115,1
"Tmem68",0.23825101689412,-0.35552453627447,0.034,0.115,1
"1700123M08Rik",0.23825101689412,-0.650046310929177,0.034,0.115,1
"Rusc2",0.23825101689412,-0.606234892580786,0.034,0.115,1
"Fndc5",0.23825101689412,-0.394160101629501,0.034,0.115,1
"Slc66a1",0.23825101689412,-0.461384966620195,0.034,0.115,1
"Igsf21",0.23825101689412,-0.497761148559479,0.034,0.115,1
"Mrpl1",0.23825101689412,-0.663717187361478,0.034,0.115,1
"Sec31a",0.23825101689412,-0.373347647145541,0.034,0.115,1
"ENSMUSG00000120166",0.23825101689412,-0.401728272252446,0.034,0.115,1
"Adap1",0.23825101689412,-0.721941344015886,0.034,0.115,1
"Foxp2",0.23825101689412,-0.792444775478824,0.034,0.115,1
"Tes",0.23825101689412,-0.398608648052242,0.034,0.115,1
"Cyren",0.23825101689412,-0.468031966065467,0.034,0.115,1
"1600020E01Rik",0.23825101689412,-0.42260453483667,0.034,0.115,1
"Eefsec",0.23825101689412,-0.432994119331098,0.034,0.115,1
"Gm44103",0.23825101689412,-0.443426471238904,0.034,0.115,1
"Zfp112",0.23825101689412,-0.302753287627553,0.034,0.115,1
"Fah",0.23825101689412,-0.531464413549384,0.034,0.115,1
"Yipf2",0.23825101689412,-0.351123352782512,0.034,0.115,1
"Gm10658",0.23825101689412,-0.543142721197345,0.034,0.115,1
"Parp6",0.23825101689412,-0.468756700323159,0.034,0.115,1
"Ubp1",0.23825101689412,-0.572322249251959,0.034,0.115,1
"Higd1a",0.23825101689412,-0.258534353145047,0.034,0.115,1
"Spock2",0.23825101689412,-0.579181862913631,0.034,0.115,1
"Cry1",0.23825101689412,-0.449849251411451,0.034,0.115,1
"Anxa6",0.23825101689412,-0.498641529566918,0.034,0.115,1
"Sh3bp5l",0.23825101689412,-0.428525610898185,0.034,0.115,1
"Slc25a11",0.23825101689412,-0.486129156374497,0.034,0.115,1
"Cdk5r1",0.23825101689412,-0.397095179927579,0.034,0.115,1
"Ints2",0.23825101689412,-0.291739599495278,0.034,0.115,1
"ENSMUSG00000121184",0.23825101689412,-0.360875145476568,0.034,0.115,1
"Pecam1",0.23825101689412,-0.438220685778087,0.034,0.115,1
"Sap30bp",0.23825101689412,-0.556947080269518,0.034,0.115,1
"Endov",0.23825101689412,-0.547856414680452,0.034,0.115,1
"Sypl",0.23825101689412,-0.518555609658703,0.034,0.115,1
"2700049A03Rik",0.23825101689412,-0.531169833863691,0.034,0.115,1
"Ppp1r3g",0.23825101689412,-0.484527688889903,0.034,0.115,1
"Cenpp",0.23825101689412,-0.527404988264273,0.034,0.115,1
"Map3k1",0.23825101689412,-0.300633983632863,0.034,0.115,1
"Mapk1ip1l",0.23825101689412,-0.492630858556765,0.034,0.115,1
"Slc45a4",0.23825101689412,-0.406183402580428,0.034,0.115,1
"Letmd1",0.23825101689412,-0.270667355252108,0.034,0.115,1
"Map3k13",0.23825101689412,-0.401099447784615,0.034,0.115,1
"Cerox1",0.23825101689412,-0.81235836655101,0.034,0.115,1
"Abhd16a",0.23825101689412,-0.465913019499453,0.034,0.115,1
"Rsph9",0.23825101689412,-0.376892265689486,0.034,0.115,1
"Taf8",0.23825101689412,-0.544798149212858,0.034,0.115,1
"Lipa",0.23825101689412,-0.451295397038797,0.034,0.115,1
"Dynlt3",0.23825101689412,-0.529704407650724,0.034,0.115,1
"Mid1ip1",0.23825101689412,-0.475260847708448,0.034,0.115,1
"Eloc",0.238397408158877,0.550291145724869,0.172,0.077,1
"Slc39a10",0.238397408158877,0.504089413923112,0.172,0.077,1
"Plxna2",0.238397408158877,0.582172850479331,0.172,0.077,1
"Hspa4l",0.238397408158877,0.564217065285341,0.172,0.077,1
"Ubap2",0.238397408158877,0.542401848867002,0.172,0.077,1
"Fam234b",0.238397408158877,0.561382753999207,0.172,0.077,1
"Tmbim4",0.238397408158877,0.588980171511849,0.172,0.077,1
"Chd3",0.238397408158877,0.663318273282161,0.172,0.077,1
"Gm34220",0.238397408158877,0.509628084667579,0.172,0.077,1
"Slc49a4",0.238397408158877,0.594277429729764,0.172,0.077,1
"Syap1",0.238397408158877,0.467997591336492,0.172,0.077,1
"Depdc5",0.23866357556345,-0.275826659105819,0.172,0.346,1
"Fbxo44",0.23876486879762,0.458567070872184,0.276,0.154,1
"Sorcs2",0.23876486879762,0.762974333696237,0.276,0.154,1
"Ppara",0.23876486879762,0.53837469650229,0.276,0.154,1
"Dok6",0.23876486879762,0.604372390349474,0.276,0.154,1
"Ube2b",0.239213429060663,0.555732597012887,0.517,0.423,1
"Ptprz1",0.241042695641388,0.34381556366905,0.931,0.846,1
"Dgkb",0.241042695641388,0.263088064326659,0.862,0.923,1
"Grm3",0.24125504479596,0.326313704168606,0.931,0.923,1
"Pcyt2",0.242198785121525,0.447947392506685,0.517,0.385,1
"Sh3bgrl3",0.242658764259704,0.433614628457066,0.207,0.077,1
"Rab10",0.243231683829185,-0.42198307216877,0.31,0.462,1
"Usp6nl",0.24377491445184,-0.498593228906129,0.172,0.308,1
"Pfdn2",0.24381725045297,0.416144488987644,0.241,0.115,1
"Ppp1r13b",0.24381725045297,0.585759486124067,0.241,0.115,1
"Stmn4",0.24381725045297,0.379847718655947,0.241,0.115,1
"Il17ra",0.244237998285166,-0.31130236914685,0.103,0.231,1
"Zfp260",0.244237998285166,-0.325438821618035,0.103,0.231,1
"Ncan",0.244237998285166,-0.385665139755182,0.103,0.231,1
"Sirt7",0.244237998285166,-0.398648227234343,0.103,0.231,1
"Ggact",0.244237998285166,-0.360178654874649,0.103,0.231,1
"Pou6f1",0.244237998285166,-0.345509862997843,0.103,0.231,1
"Mir100hg",0.245205353629443,-0.484857496520036,0.621,0.692,1
"Stmn3",0.245881554932147,-0.48226754580209,0.207,0.346,1
"Bicral",0.245881554932147,0.514592113738552,0.345,0.192,1
"Amn1",0.24676466260281,-0.42223668295989,0.138,0.269,1
"Myo1e",0.24676466260281,-0.541097492746137,0.138,0.269,1
"Laptm4a",0.24676466260281,-0.293556416102219,0.138,0.269,1
"Abca3",0.24676466260281,-0.445189106593565,0.138,0.269,1
"Cipc",0.246893886892334,0.410149849224453,0.586,0.423,1
"Lhfp",0.248192283665295,0.534012568081387,0.276,0.154,1
"Rabac1",0.248192283665295,0.591146171356359,0.276,0.154,1
"Ttyh2",0.248192283665295,0.489272210504361,0.276,0.154,1
"Kantr",0.248382663126596,0.499988149813255,0.276,0.192,1
"Atp2b2",0.249090429924227,-0.597295582385058,0.276,0.423,1
"Phkg1",0.249684554578312,-0.295322380775313,0.379,0.538,1
"Mir670hg",0.250188863278133,0.494506591307495,0.172,0.077,1
"Nupl2",0.250188863278133,0.474099467150725,0.172,0.077,1
"Pygo1",0.250188863278133,0.538280689006575,0.172,0.077,1
"Dctn2",0.250188863278133,0.393912439012408,0.172,0.077,1
"Scpep1",0.250188863278133,0.527918481461876,0.172,0.077,1
"Lynx1",0.250188863278133,0.526010322894258,0.172,0.077,1
"Tmem184b",0.250188863278133,0.46651174115162,0.172,0.077,1
"Pphln1",0.250188863278133,0.66871732974578,0.172,0.077,1
"Ccdc186",0.250188863278133,0.544405202720311,0.172,0.077,1
"Gm4258",0.250600393203517,0.749325993020382,0.517,0.462,1
"Megf10",0.251109429626311,0.548995660858199,0.448,0.308,1
"Paqr8",0.251433284404757,-0.378041333173261,0.517,0.654,1
"Rnf180",0.252098702835724,0.514940895681069,0.345,0.231,1
"Npepps",0.252389103820925,-0.325617573004379,0.276,0.462,1
"Tmx4",0.253050994815902,-0.41521017118425,0.172,0.308,1
"Galnt18",0.253050994815902,-0.437445043633991,0.172,0.308,1
"Wasf3",0.25335418385594,0.410581065484125,0.586,0.5,1
"Gatm",0.253463493901913,0.558724784449475,0.379,0.269,1
"Utp14b",0.253483392330887,-0.442678004370955,0.034,0.115,1
"Cd46",0.253483392330887,-0.404526253779471,0.034,0.115,1
"Pter",0.253483392330887,-0.431456426702973,0.034,0.115,1
"Kcnt1",0.253483392330887,-0.626828845424923,0.034,0.115,1
"Cacfd1",0.253483392330887,-0.405470135156612,0.034,0.115,1
"Pdrg1",0.253483392330887,-0.460707100674998,0.034,0.115,1
"Rgs19",0.253483392330887,-0.374623927119291,0.034,0.115,1
"Zfp639",0.253483392330887,-0.49751224694189,0.034,0.115,1
"Gm43331",0.253483392330887,-0.365473819308849,0.034,0.115,1
"Fpgt",0.253483392330887,-0.318200104048733,0.034,0.115,1
"Col27a1",0.253483392330887,-0.401561486451121,0.034,0.115,1
"Gm42585",0.253483392330887,-0.27507481289009,0.034,0.115,1
"Nsg1",0.253483392330887,-0.397392853555769,0.034,0.115,1
"Ift81",0.253483392330887,-0.500679923716034,0.034,0.115,1
"Amz1",0.253483392330887,-0.408849507367566,0.034,0.115,1
"Gm15594",0.253483392330887,-0.362929212589248,0.034,0.115,1
"Zc3hav1",0.253483392330887,-0.444182043588583,0.034,0.115,1
"4921507P07Rik",0.253483392330887,-0.379830512511666,0.034,0.115,1
"Far2",0.253483392330887,-0.390865017969082,0.034,0.115,1
"Trim34a",0.253483392330887,-0.362199657096603,0.034,0.115,1
"Iqck",0.253483392330887,-0.415838139737478,0.034,0.115,1
"Slx1b",0.253483392330887,-0.612914613244679,0.034,0.115,1
"Arhgef7",0.253483392330887,-0.393095028286595,0.034,0.115,1
"Gtf2e2",0.253483392330887,-0.480056952813222,0.034,0.115,1
"Gm45435",0.253483392330887,-0.392936206255586,0.034,0.115,1
"Def8",0.253483392330887,-0.377054033059814,0.034,0.115,1
"Irak1bp1",0.253483392330887,-0.324245215212915,0.034,0.115,1
"Rgs17",0.253483392330887,-0.417782250134286,0.034,0.115,1
"Mrps24",0.253483392330887,-0.582061913232027,0.034,0.115,1
"Gm12324",0.253483392330887,-0.459263464118039,0.034,0.115,1
"Rap1gap2",0.253483392330887,-0.373139288951076,0.034,0.115,1
"Lgals9",0.253483392330887,-0.445131470469663,0.034,0.115,1
"Fads6",0.253483392330887,-0.405652051583068,0.034,0.115,1
"Rab10os",0.253483392330887,-0.296953219834809,0.034,0.115,1
"Wdr35",0.253483392330887,-0.538567545017639,0.034,0.115,1
"Grhl1",0.253483392330887,-0.29811795159852,0.034,0.115,1
"Fntb",0.253483392330887,-0.459913638520753,0.034,0.115,1
"Mideas",0.253483392330887,-0.316615981215906,0.034,0.115,1
"Arel1",0.253483392330887,-0.383591982026272,0.034,0.115,1
"Gm48770",0.253483392330887,-0.573189623345563,0.034,0.115,1
"Eef1e1",0.253483392330887,-0.320043281993688,0.034,0.115,1
"Mak",0.253483392330887,-0.363551182155193,0.034,0.115,1
"4930415C11Rik",0.253483392330887,-0.390333087172512,0.034,0.115,1
"Dimt1",0.253483392330887,-0.299504875136366,0.034,0.115,1
"Fbxo34",0.253483392330887,-0.379587185736557,0.034,0.115,1
"Tfrc",0.253483392330887,-0.427715482421846,0.034,0.115,1
"Parp14",0.253483392330887,-0.411294873364788,0.034,0.115,1
"Tfb1m",0.253483392330887,-0.386474254819077,0.034,0.115,1
"Zfp955b",0.253483392330887,-0.456625941695977,0.034,0.115,1
"Mmut",0.253483392330887,-0.439964506817017,0.034,0.115,1
"Mocs1",0.253483392330887,-0.564005886308009,0.034,0.115,1
"Adgre1",0.253483392330887,-0.546737457719103,0.034,0.115,1
"Washc1",0.253483392330887,-0.349583813081981,0.034,0.115,1
"Eif2ak2",0.253483392330887,-0.294762199503734,0.034,0.115,1
"Tpgs2",0.253483392330887,-0.351346701523456,0.034,0.115,1
"Epg5",0.253483392330887,-0.301866361647786,0.034,0.115,1
"Dnmbp",0.253483392330887,-0.326006986360016,0.034,0.115,1
"Adrb1",0.253483392330887,-0.352395130095827,0.034,0.115,1
"Hcfc1",0.253483392330887,-0.387269059003436,0.034,0.115,1
"Nckap1",0.254094556071664,0.366761001100163,0.552,0.385,1
"Arpc5",0.25410551126711,0.368758174673094,0.241,0.115,1
"Ola1",0.25410551126711,0.390490300693651,0.241,0.115,1
"Timm8b",0.25410551126711,0.374929445586933,0.241,0.115,1
"Vta1",0.254735772222912,-0.426287272883261,0.207,0.346,1
"Cox6c",0.254735772222912,-0.320694449704564,0.207,0.346,1
"Ube2v2",0.254735772222912,-0.459367280651598,0.207,0.346,1
"Gap43",0.254998779748071,-0.343776018584548,0.103,0.231,1
"Pcx",0.254998779748071,-0.257944946572772,0.103,0.231,1
"B3galt1",0.255116342023801,-0.301285909572056,0.931,0.962,1
"Orc4",0.256746953492565,-0.400558811943103,0.138,0.269,1
"Hace1",0.256746953492565,-0.381979554827594,0.138,0.269,1
"Map2k2",0.256746953492565,-0.350669222958796,0.138,0.269,1
"Zfp641",0.256746953492565,-0.448498313770314,0.138,0.269,1
"Gm1976",0.256746953492565,-0.345145001192069,0.138,0.269,1
"Ptpn4",0.25731856183968,0.643496875790668,0.448,0.346,1
"Tia1",0.25731856183968,-0.533821740418948,0.345,0.462,1
"Serinc3",0.257344580316076,0.335760966555759,0.414,0.269,1
"Ssbp2",0.257762950311266,-0.267384529934426,0.586,0.692,1
"Mir124-2hg",0.257877097684319,0.481304074364902,0.276,0.154,1
"Yap1",0.257877097684319,0.404427159989021,0.276,0.154,1
"Gnptab",0.257877097684319,0.3703442398738,0.276,0.154,1
"Mettl25",0.257877097684319,0.591129472864087,0.276,0.154,1
"Afdn",0.25923110617198,-0.360063870641738,0.207,0.346,1
"Ssbp3",0.260501033001964,0.634523735306683,0.207,0.115,1
"Slc17a7",0.260501033001964,0.494554880645449,0.207,0.115,1
"Map1b",0.260501033001964,0.714704947271321,0.207,0.115,1
"Ppp2r5e",0.260905874114047,-0.316441223187689,0.207,0.385,1
"Rprd1a",0.260905874114047,0.420348124382826,0.345,0.231,1
"Grb2",0.261778241073355,-0.437757392641982,0.241,0.385,1
"Pfkfb3",0.262381685248226,0.516595228498643,0.172,0.077,1
"Mapk8ip1",0.262381685248226,0.393100771340824,0.172,0.077,1
"Mapre1",0.262381685248226,0.344746460302492,0.172,0.077,1
"Il11ra1",0.262381685248226,0.571882110396591,0.172,0.077,1
"Erp44",0.262381685248226,0.477868008998642,0.172,0.077,1
"Stim2",0.262381685248226,0.429581647635744,0.172,0.077,1
"Ccnd2",0.262381685248226,0.46430540225247,0.172,0.077,1
"Bax",0.262381685248226,0.60201396568189,0.172,0.077,1
"Uqcrc2",0.262381685248226,0.400847147988757,0.172,0.077,1
"Mcph1",0.262381685248226,0.509899624549759,0.172,0.077,1
"ENSMUSG00000120169",0.262381685248226,0.432155688472311,0.172,0.077,1
"Trappc12",0.262381685248226,0.461568610273441,0.172,0.077,1
"Gm41609",0.262381685248226,0.492503418894231,0.172,0.077,1
"Ctps2",0.262381685248226,0.399480834356172,0.172,0.077,1
"Vps4b",0.262570157615004,-0.365726783210241,0.172,0.308,1
"Tns3",0.262570157615004,-0.426242089653664,0.172,0.308,1
"Slc38a1",0.262570157615004,-0.424612980611564,0.172,0.308,1
"Picalm",0.263038099384654,-0.817744623159866,0.379,0.462,1
"Fmnl2",0.263620100083996,-0.454730171528793,0.517,0.615,1
"Bmpr2",0.263809356155149,0.425896112517502,0.345,0.192,1
"Eml4",0.263809356155149,-0.605616804501304,0.207,0.346,1
"Eda",0.263809356155149,-0.402902639020635,0.207,0.346,1
"Fndc3a",0.266026821478348,0.318222601842194,0.31,0.192,1
"Fam228a",0.266084888487397,-0.253853956204208,0.103,0.231,1
"Dnajc18",0.266084888487397,-0.283256553683216,0.103,0.231,1
"Lpin2",0.267006180803389,-0.582261898612084,0.138,0.269,1
"A830008E24Rik",0.267820925932338,0.340237096455368,0.276,0.154,1
"Clic4",0.267820925932338,0.559796069008605,0.276,0.154,1
"Mon2",0.267820925932338,-0.648955272457797,0.172,0.269,1
"Srcin1",0.267820925932338,0.333388965776653,0.276,0.154,1
"Atxn7l1",0.267820925932338,0.522469850657033,0.276,0.154,1
"Ttc39b",0.2688337057997,-0.541644346647795,0.069,0.154,1
"Rnft2",0.2688337057997,-0.356914772149619,0.069,0.154,1
"Smim10l1",0.2688337057997,-0.774079945079533,0.069,0.154,1
"Ctbp2",0.2688337057997,-0.441566984875957,0.069,0.154,1
"Col11a2",0.2688337057997,-0.478586642112866,0.069,0.154,1
"BC065397",0.2688337057997,-0.442671054931665,0.069,0.154,1
"Bmp2k",0.269139016062797,-0.539035955580523,0.414,0.5,1
"Tram2",0.269381058486721,-0.260334754052686,0.034,0.115,1
"B3gat2",0.269381058486721,-0.362714360436579,0.034,0.115,1
"Speg",0.269381058486721,-0.337475280707394,0.034,0.115,1
"Slc4a3",0.269381058486721,-0.273839383245872,0.034,0.115,1
"Asb1",0.269381058486721,-0.287880746838365,0.034,0.115,1
"St8sia4",0.269381058486721,-0.44025462931897,0.034,0.115,1
"Ikbke",0.269381058486721,-0.268688719945088,0.034,0.115,1
"Odr4",0.269381058486721,-0.676223616995655,0.034,0.115,1
"Fmo1",0.269381058486721,-0.411559211465267,0.034,0.115,1
"Arl14ep",0.269381058486721,-0.498648914657394,0.034,0.115,1
"Gm14167",0.269381058486721,-0.343161785519845,0.034,0.115,1
"Acot8",0.269381058486721,-0.257562066851052,0.034,0.115,1
"Cse1l",0.269381058486721,-0.352653575425262,0.034,0.115,1
"Skil",0.269381058486721,-0.305604820697228,0.034,0.115,1
"Pgrmc2",0.269381058486721,-0.295956966236148,0.034,0.115,1
"Trmt13",0.269381058486721,-0.445468157357351,0.034,0.115,1
"Gbp7",0.269381058486721,-0.267476695417798,0.034,0.115,1
"Miga1",0.269381058486721,-0.314408298908345,0.034,0.115,1
"Ndufaf6",0.269381058486721,-0.402643909029417,0.034,0.115,1
"Pomgnt1",0.269381058486721,-0.296701314910551,0.034,0.115,1
"Mycbp",0.269381058486721,-0.331868298096264,0.034,0.115,1
"Ptafr",0.269381058486721,-0.491718446608603,0.034,0.115,1
"Eloa",0.269381058486721,-0.288364053561344,0.034,0.115,1
"Fndc4",0.269381058486721,-0.455304977796068,0.034,0.115,1
"Srrm4",0.269381058486721,-0.291971210740866,0.034,0.115,1
"Rbak",0.269381058486721,-0.263521723681194,0.034,0.115,1
"Tmf1",0.269381058486721,-0.27221832508123,0.034,0.115,1
"Phb2",0.269381058486721,-0.310344380908361,0.034,0.115,1
"Mlf2",0.269381058486721,-0.39538149262034,0.034,0.115,1
"Hspbp1",0.269381058486721,-0.597773595738937,0.034,0.115,1
"Strn4",0.269381058486721,-0.326816243279635,0.034,0.115,1
"Cic",0.269381058486721,-0.26173664327414,0.034,0.115,1
"Rfxank",0.269381058486721,-0.300022704562256,0.034,0.115,1
"Ogfod1",0.269381058486721,-0.501781694782648,0.034,0.115,1
"Got2",0.269381058486721,-0.380374914890151,0.034,0.115,1
"Ddx19b",0.269381058486721,-0.352782711798106,0.034,0.115,1
"Carm1",0.269381058486721,-0.313215951523036,0.034,0.115,1
"Acad8",0.269381058486721,-0.282209833308886,0.034,0.115,1
"Gm37105",0.269381058486721,-0.344020015223701,0.034,0.115,1
"Slc25a38",0.269381058486721,-0.432678045684774,0.034,0.115,1
"Gm16153",0.269381058486721,-0.481183252362587,0.034,0.115,1
"Fuca2",0.269381058486721,-0.296538227861306,0.034,0.115,1
"Marcks",0.269381058486721,-0.430277038901045,0.034,0.115,1
"Gstt1",0.269381058486721,-0.547972685053322,0.034,0.115,1
"Ctdsp2",0.269381058486721,-0.293696650624671,0.034,0.115,1
"Gli1",0.269381058486721,-0.304434319736932,0.034,0.115,1
"Limk2",0.269381058486721,-0.255168448502113,0.034,0.115,1
"Mrpl55",0.269381058486721,-0.329762511927786,0.034,0.115,1
"Pik3r5",0.269381058486721,-0.304723017114226,0.034,0.115,1
"Spns2",0.269381058486721,-0.349572977097106,0.034,0.115,1
"Sdk2",0.269381058486721,-0.297766095209418,0.034,0.115,1
"Sec23a",0.269381058486721,-0.445771146517423,0.034,0.115,1
"Flrt2",0.269381058486721,-0.430759094783832,0.034,0.115,1
"Cyp46a1",0.269381058486721,-0.374860343228481,0.034,0.115,1
"Cinp",0.269381058486721,-0.326789649400572,0.034,0.115,1
"Cdyl",0.269381058486721,-0.371723409480426,0.034,0.115,1
"Rab3c",0.269381058486721,-0.47240042963406,0.034,0.115,1
"Parp2",0.269381058486721,-0.308780776942783,0.034,0.115,1
"Dad1",0.269381058486721,-0.417024969689662,0.034,0.115,1
"Sap18",0.269381058486721,-0.265824467147484,0.034,0.115,1
"Klf5",0.269381058486721,-0.374860343228481,0.034,0.115,1
"Commd6",0.269381058486721,-0.370446129640431,0.034,0.115,1
"4921515G04Rik",0.269381058486721,-0.329375567215106,0.034,0.115,1
"Tmem186",0.269381058486721,-0.306762176809876,0.034,0.115,1
"Pmm2",0.269381058486721,-0.343694153314077,0.034,0.115,1
"Mpv17l",0.269381058486721,-0.347789766610932,0.034,0.115,1
"Dgcr8",0.269381058486721,-0.302462515679548,0.034,0.115,1
"Dynlt2a2",0.269381058486721,-0.310878663968772,0.034,0.115,1
"Brpf3",0.269381058486721,-0.334528175417148,0.034,0.115,1
"Atp6v1g2",0.269381058486721,-0.586953387033383,0.034,0.115,1
"4930480K15Rik",0.269381058486721,-0.388062264102418,0.034,0.115,1
"Rbbp8",0.269381058486721,-0.645626943298689,0.034,0.115,1
"Psmg2",0.269381058486721,-0.421923554739308,0.034,0.115,1
"Cep192",0.269381058486721,-0.335247786971261,0.034,0.115,1
"Txnl4a",0.269381058486721,-0.273354839730234,0.034,0.115,1
"Socs6",0.269381058486721,-0.295802181528235,0.034,0.115,1
"Gm45871",0.269381058486721,-0.322788030004178,0.034,0.115,1
"Sdhaf2",0.269381058486721,-0.299762302859542,0.034,0.115,1
"Mrpl43",0.269381058486721,-0.34632910522391,0.034,0.115,1
"Fam172a",0.269608045675513,-0.280378179167644,0.414,0.538,1
"Magi1",0.270665918176381,0.324803395702139,0.621,0.615,1
"Spred2",0.272240139758434,0.657576186474536,0.241,0.154,1
"Rmnd5a",0.272333770360149,-0.348290399316751,0.172,0.308,1
"Kansl1",0.274292369368823,-0.416818821731437,0.586,0.731,1
"Rnf130",0.274417416868267,-0.411222263553767,0.276,0.423,1
"Rnf2",0.27497885674686,0.48496875471542,0.172,0.077,1
"Cd84",0.27497885674686,0.422255492857438,0.172,0.077,1
"Lamtor4",0.27497885674686,0.412961564997805,0.172,0.077,1
"Arpc5l",0.275578775229373,0.255508187799628,0.241,0.115,1
"Folh1",0.275578775229373,0.32891941888089,0.241,0.115,1
"Tle1",0.275610064106564,-0.480914834518345,0.207,0.308,1
"Agtpbp1",0.275610064106564,0.410441690474411,0.31,0.192,1
"Hspa8",0.275804035368909,-0.369179191444954,0.31,0.462,1
"Dcc",0.276374469173995,0.338889039927407,0.69,0.577,1
"Zfp277",0.27749834249041,-0.268112728109895,0.103,0.231,1
"Asap1",0.277536497223014,0.422641694344796,0.414,0.308,1
"Pou3f3",0.277543890338882,-0.319872700505531,0.138,0.269,1
"9330159F19Rik",0.277543890338882,-0.277151169330957,0.138,0.269,1
"Mapk8ip3",0.277543890338882,-0.415749686015351,0.138,0.269,1
"Wasf2",0.278025141085793,0.499926366558577,0.276,0.154,1
"Zfp644",0.278025141085793,0.399814641105645,0.276,0.154,1
"Fa2h",0.278025141085793,0.432755219579354,0.276,0.154,1
"Wscd1",0.278025141085793,0.399200191634798,0.276,0.154,1
"Pgp",0.278025141085793,0.385863025281945,0.276,0.154,1
"Atad1",0.278025141085793,0.349276121444775,0.276,0.154,1
"Ranbp2",0.279152793325267,0.397847243431874,0.345,0.231,1
"Srebf2",0.279152793325267,0.387621315761429,0.345,0.231,1
"Map4k3",0.279152793325267,-0.47229340821248,0.241,0.346,1
"Fam120c",0.279152793325267,-0.297587966342555,0.207,0.385,1
"Gna12",0.279545344941358,0.411569941978158,0.379,0.269,1
"Rb1cc1",0.279689786825184,-0.255542259213521,0.241,0.385,1
"Ttyh3",0.279689786825184,-0.544889988676597,0.241,0.385,1
"Dusp11",0.279689786825184,0.349600769380919,0.379,0.231,1
"Add3",0.280014644764752,0.285558708924949,0.621,0.577,1
"Ube2h",0.282089132311157,-0.351044992073242,0.345,0.462,1
"Paxx",0.282342982097976,-0.32803150392158,0.172,0.308,1
"Arhgef1",0.282342982097976,-0.356541173979882,0.172,0.308,1
"Heatr5a",0.282342982097976,-0.457424153501712,0.172,0.308,1
"Ppp1r12c",0.282551863858888,-0.407909831156756,0.069,0.154,1
"Syne2",0.282551863858888,-0.498087072763236,0.069,0.154,1
"Zfp131",0.282551863858888,-0.459071718420678,0.069,0.154,1
"Fam91a1",0.282551863858888,-0.540554718632403,0.069,0.154,1
"Map3k4",0.282551863858888,-0.761625808188891,0.069,0.154,1
"Arid1a",0.282619014556213,-0.356654258639401,0.207,0.346,1
"Dcaf17",0.282917580903821,0.674278599757935,0.241,0.154,1
"Ybx1",0.282917580903821,0.457362402800247,0.241,0.154,1
"Gm43362",0.283328346951271,0.623446328698733,0.207,0.115,1
"Rbm5",0.284724123564909,0.447085615952982,0.517,0.346,1
"Sbno1",0.285426198232413,0.40078878820628,0.31,0.192,1
"Fgf14",0.285757516412782,-0.419681121029434,0.414,0.577,1
"Gm38056",0.285949833374697,-0.263317681139332,0.034,0.115,1
"Efhd1",0.285949833374697,-0.294960257918738,0.034,0.115,1
"Ntng2",0.285949833374697,-0.264993842252686,0.034,0.115,1
"Uqcc1",0.285949833374697,-0.267485823808291,0.034,0.115,1
"Ndufc1",0.285949833374697,-0.264521750128308,0.034,0.115,1
"Zbtb48",0.285949833374697,-0.269516940197962,0.034,0.115,1
"Rer1",0.285949833374697,-0.330269474427758,0.034,0.115,1
"Tbc1d14",0.285949833374697,-0.258107083313444,0.034,0.115,1
"Zc3h4",0.285949833374697,-0.339494918959741,0.034,0.115,1
"Erf",0.285949833374697,-0.251645561422167,0.034,0.115,1
"Hikeshi",0.285949833374697,-0.266169279161517,0.034,0.115,1
"4930431P19Rik",0.285949833374697,-0.265083955931189,0.034,0.115,1
"Alg11",0.285949833374697,-0.264265007293285,0.034,0.115,1
"Gm30606",0.285949833374697,-0.258177113148184,0.034,0.115,1
"St3gal2",0.285949833374697,-0.275515060257195,0.034,0.115,1
"Zfp426",0.285949833374697,-0.261783555701045,0.034,0.115,1
"Slc37a2",0.285949833374697,-0.255057989129442,0.034,0.115,1
"Sdhd",0.285949833374697,-0.27810742040242,0.034,0.115,1
"Gm21781",0.285949833374697,-0.324919540631983,0.034,0.115,1
"Sec14l2",0.285949833374697,-0.26766805571437,0.034,0.115,1
"Socs4",0.285949833374697,-0.254679319444708,0.034,0.115,1
"Ift140",0.285949833374697,-0.254266707232507,0.034,0.115,1
"Onecut2",0.285949833374697,-0.273467666143902,0.034,0.115,1
"Zfpl1",0.285949833374697,-0.259156854933328,0.034,0.115,1
"Gm14966",0.285949833374697,-0.350718831288615,0.034,0.115,1
"Eif3a",0.285949833374697,-0.260130708867916,0.034,0.115,1
"Csf2ra",0.285949833374697,-0.257008067966521,0.034,0.115,1
"Akap17b",0.285949833374697,-0.284988429754896,0.034,0.115,1
"Septin6",0.285949833374697,-0.27425922586044,0.034,0.115,1
"Phf8",0.285949833374697,-0.27135244192921,0.034,0.115,1
"Atp8a1",0.286060809209296,-0.278689593807697,0.655,0.769,1
"Dhx30",0.286285877712312,-0.325784547299774,0.276,0.462,1
"Sipa1l1",0.286285877712312,-0.320425840989155,0.276,0.462,1
"Rnf25",0.286767064369313,0.363426191792966,0.241,0.115,1
"Ptgds",0.287342461299685,-0.404252568057482,0.621,0.731,1
"Mcu",0.287460100724563,-0.54975972818366,0.241,0.308,1
"Med27",0.287982763006636,0.384587773694518,0.172,0.077,1
"Cct3",0.287982763006636,0.356065204688814,0.172,0.077,1
"Gba2",0.287982763006636,0.399511393290259,0.172,0.077,1
"Fuca1",0.287982763006636,0.522894270514993,0.172,0.077,1
"Pisd",0.287982763006636,0.347235049227193,0.172,0.077,1
"Gys1",0.287982763006636,0.356377449178693,0.172,0.077,1
"Ccdc82",0.287982763006636,0.362779225281683,0.172,0.077,1
"Dpy19l1",0.287982763006636,0.58675541124536,0.172,0.077,1
"Prdm10",0.287982763006636,0.372072575232453,0.172,0.077,1
"Lss",0.287982763006636,0.397034112400072,0.172,0.077,1
"Tmpo",0.287982763006636,0.49877780005338,0.172,0.077,1
"Uqcr10",0.287982763006636,0.567527191084134,0.172,0.077,1
"Slc35b3",0.287982763006636,0.338443179359806,0.172,0.077,1
"Tmem191c",0.287982763006636,0.442275089037302,0.172,0.077,1
"Tbc1d12",0.288361341274578,-0.306505155624387,0.138,0.269,1
"Appl1",0.288490864735875,0.471758716402358,0.276,0.154,1
"Csnk2a1",0.288594288327078,-0.424297457855725,0.241,0.346,1
"Pebp1",0.28895098383968,0.389216777844655,0.379,0.231,1
"Klf12",0.289700597150281,-0.288975322006867,0.621,0.692,1
"Gm16337",0.28987173506133,-0.536509654198957,0.103,0.192,1
"Ppp4r2",0.28987173506133,-0.545866813958486,0.103,0.192,1
"Dennd1b",0.290682956765764,-0.547209936310798,0.345,0.462,1
"Mef2a",0.292022824953421,-0.270027522554756,0.448,0.654,1
"Tcf12",0.292022824953421,0.377352694836338,0.586,0.5,1
"Bmyc",0.292248095348105,0.366668647372109,0.414,0.269,1
"Tmem59",0.292248095348105,-0.279365919135489,0.276,0.423,1
"Tnpo3",0.292356832904691,-0.297280699739956,0.207,0.346,1
"Ddx50",0.292356832904691,-0.368781986852054,0.207,0.346,1
"Pals1",0.292356832904691,-0.337304939956067,0.207,0.346,1
"Carmil1",0.292356832904691,-0.393416153503178,0.207,0.346,1
"E130102H24Rik",0.292598716071193,-0.259917603888139,0.172,0.308,1
"Ccdc50",0.293610443488704,-0.293385206884815,0.448,0.577,1
"Rbm25",0.294075248633845,-0.308986387143151,0.379,0.577,1
"Pde8b",0.294888255390249,-0.391983065560588,0.517,0.615,1
"Ptprc",0.295235734098196,0.551493464808661,0.207,0.115,1
"Dhtkd1",0.295235734098196,0.535294822907294,0.207,0.115,1
"Psmd4",0.295235734098196,0.533150608372085,0.207,0.115,1
"Rpl27a",0.295235734098196,0.596914478533922,0.207,0.115,1
"Hk1",0.295235734098196,0.526826563654645,0.207,0.115,1
"Ankrd52",0.295235734098196,0.487542643668764,0.207,0.115,1
"Chuk",0.295235734098196,0.456333101820249,0.207,0.115,1
"Thap3",0.296487127599517,0.686687601599318,0.448,0.385,1
"Gm37407",0.296736925097803,-0.353547105185762,0.069,0.154,1
"Iftap",0.296736925097803,-0.381534700360975,0.069,0.154,1
"Ankrd13c",0.296736925097803,-0.525570075925254,0.069,0.154,1
"Oma1",0.296736925097803,-0.541954995070565,0.069,0.154,1
"Iscu",0.296736925097803,-0.454641373606445,0.069,0.154,1
"Daglb",0.296736925097803,-0.634528385224952,0.069,0.154,1
"Rbmxl1",0.296736925097803,-0.406853220449593,0.069,0.154,1
"Lingo1",0.296736925097803,-0.438252538739134,0.069,0.154,1
"Nme6",0.296736925097803,-0.46315084400057,0.069,0.154,1
"Gm26740",0.296736925097803,-0.45938241229902,0.069,0.154,1
"Rhobtb1",0.296736925097803,-0.490540846782483,0.069,0.154,1
"Nudt4",0.296736925097803,-0.378998331995266,0.069,0.154,1
"Nlrp1b",0.296736925097803,-0.548173911025112,0.069,0.154,1
"Abca8b",0.296736925097803,-0.497469191797304,0.069,0.154,1
"Cd300c2",0.296736925097803,-0.514189023592986,0.069,0.154,1
"Narf",0.296736925097803,-0.716515748543181,0.069,0.154,1
"Atxn3",0.296736925097803,-0.29815852692318,0.069,0.154,1
"Tubb2b",0.296736925097803,-0.367427941530664,0.069,0.154,1
"Cab39l",0.296736925097803,-0.349308746058832,0.069,0.154,1
"Rpl37",0.296736925097803,-0.471041016350856,0.069,0.154,1
"Gbe1",0.296736925097803,-0.493258359450482,0.069,0.154,1
"Capn15",0.296736925097803,-0.506357248118322,0.069,0.154,1
"Slc25a46",0.296736925097803,-0.462057114893369,0.069,0.154,1
"ENSMUSG00000119984",0.296736925097803,-0.38995312872973,0.069,0.154,1
"2610035D17Rik",0.296824725216786,-0.619778485299971,0.31,0.385,1
"Spock1",0.29781925392352,0.649618101617424,0.276,0.192,1
"Arhgap39",0.2979139422674,-0.282471697301278,0.241,0.423,1
"Chmp3",0.298258085140072,-0.408571748952409,0.138,0.231,1
"Calr",0.298258085140072,-0.408810945015002,0.138,0.231,1
"Clcn5",0.298258085140072,-0.543371354129127,0.138,0.231,1
"Rere",0.299163723666541,-0.354876020638472,0.586,0.769,1
"Mfap3",0.299218959030571,0.375663682702944,0.276,0.154,1
"Uhrf2",0.299459496236341,-0.374888300250989,0.138,0.269,1
"Ldlrad4",0.300199374465123,-0.498433661187642,0.517,0.577,1
"Mapt",0.300208994922063,0.345966256755045,0.586,0.5,1
"Gpd2",0.301395166108362,0.369613147074167,0.172,0.077,1
"Snx21",0.301395166108362,0.380951541739673,0.172,0.077,1
"Fam110b",0.301395166108362,0.372835924116859,0.172,0.077,1
"Meaf6",0.301395166108362,0.363032650248447,0.172,0.077,1
"Orai1",0.301395166108362,0.29916574943368,0.172,0.077,1
"Naxd",0.301395166108362,0.402127625967451,0.172,0.077,1
"Rdh5",0.301395166108362,0.376785238768726,0.172,0.077,1
"ENSMUSG00000120942",0.301395166108362,0.546522260009028,0.172,0.077,1
"Med6",0.301395166108362,0.380657192144665,0.172,0.077,1
"Celf4",0.301395166108362,0.486947980074558,0.172,0.077,1
"Dock10",0.301760561431623,0.435364041808424,0.724,0.692,1
"Cul1",0.302105596940447,0.341385818169332,0.448,0.308,1
"Shprh",0.302317494579785,0.304579973570058,0.345,0.192,1
"Fads2",0.302317494579785,-0.37818305113081,0.207,0.346,1
"Snx29",0.302551994739901,0.385483829182113,0.483,0.462,1
"Agbl3",0.302582065354368,-0.41967435052551,0.103,0.192,1
"Gm44511",0.302582065354368,-0.405505824892633,0.103,0.192,1
"Heatr3",0.302582065354368,-0.507264861068324,0.103,0.192,1
"Ube4a",0.303101662662691,-0.292331043042026,0.172,0.308,1
"Cdkal1",0.304338371775125,0.451446215115798,0.414,0.308,1
"Commd3",0.305114055115889,0.398051360086363,0.241,0.154,1
"Crebbp",0.305275668461832,-0.71875159433722,0.379,0.462,1
"Ube2d3",0.305760064665249,-0.493335677834216,0.207,0.308,1
"Eml6",0.305760064665249,-0.512798442473093,0.207,0.308,1
"Marchf7",0.307394086716847,0.479531851137722,0.379,0.269,1
"Ppargc1a",0.307394086716847,0.398875632464175,0.379,0.269,1
"Sppl2a",0.307473750294511,0.47056675989262,0.207,0.115,1
"Psmb2",0.307473750294511,0.375576118872699,0.207,0.115,1
"Spcs1",0.307473750294511,0.467039917374671,0.207,0.115,1
"Pigp",0.307473750294511,0.500100466411329,0.207,0.115,1
"Scd2",0.308018411852638,0.27100745630309,0.69,0.577,1
"Tspan2",0.308116438744656,0.447091481902729,0.345,0.231,1
"Spg7",0.308445991095243,0.395384088295425,0.276,0.192,1
"Mbnl1",0.30854673396513,-0.36682141667058,0.483,0.615,1
"Nfe2l2",0.310052617224636,-0.509501356254265,0.138,0.231,1
"Sh3d19",0.310052617224636,-0.98218821762135,0.138,0.231,1
"Hnrnpd",0.310052617224636,-0.455242958016779,0.138,0.231,1
"Eps15l1",0.310052617224636,-0.638363688115721,0.138,0.231,1
"Golga4",0.310052617224636,-0.462552888025297,0.138,0.231,1
"Atp9b",0.310052617224636,-0.602004987725933,0.138,0.231,1
"Nipbl",0.310203250410019,0.252316899408481,0.69,0.538,1
"Cap2",0.310210018674266,0.29587584453062,0.276,0.154,1
"Map3k2",0.310210018674266,0.31211801238261,0.276,0.154,1
"R3hdm1",0.310435797862799,0.293139741900506,0.552,0.462,1
"Fam117b",0.310839011814912,-0.268810107509924,0.138,0.269,1
"Tm2d1",0.310839011814912,-0.260575017529684,0.138,0.269,1
"Pum2",0.310840867945076,0.284398151816037,0.414,0.269,1
"Prr5l",0.311189715435457,0.402947765316703,0.552,0.385,1
"Ptprk",0.311232073922438,0.5941001895247,0.448,0.308,1
"Scyl3",0.311390558128062,-0.401443502352058,0.069,0.154,1
"A930004J17Rik",0.311390558128062,-0.364564027978357,0.069,0.154,1
"Ythdf2",0.311390558128062,-0.443129941987304,0.069,0.154,1
"Igf2bp3",0.311390558128062,-0.369782184775423,0.069,0.154,1
"Ints13",0.311390558128062,-0.394305316225227,0.069,0.154,1
"Irf3",0.311390558128062,-0.656348729307452,0.069,0.154,1
"Hmgxb4",0.311390558128062,-0.456700333057266,0.069,0.154,1
"Elmod2",0.311390558128062,-0.287588307147349,0.069,0.154,1
"Mri1",0.311390558128062,-0.403354655080362,0.069,0.154,1
"Zc3h18",0.311390558128062,-0.449491553072195,0.069,0.154,1
"Cep164",0.311390558128062,-0.33603588994465,0.069,0.154,1
"Snupn",0.311390558128062,-0.289100176465098,0.069,0.154,1
"Kifbp",0.311390558128062,-0.305916060392066,0.069,0.154,1
"Uimc1",0.311390558128062,-0.328088516867607,0.069,0.154,1
"Cmya5",0.311390558128062,-0.352584928317403,0.069,0.154,1
"Gpr137c",0.311390558128062,-0.356463640931327,0.069,0.154,1
"Nadk2",0.311390558128062,-0.36704214024843,0.069,0.154,1
"B230307C23Rik",0.311390558128062,-0.339435003307327,0.069,0.154,1
"Gm7072",0.311390558128062,-0.352977576738999,0.069,0.154,1
"Atp6v0e",0.311390558128062,-0.328864533738768,0.069,0.154,1
"Etf1",0.311390558128062,-0.290736429837694,0.069,0.154,1
"Diaph1",0.311390558128062,-0.452464055760119,0.069,0.154,1
"Jakmip2",0.311390558128062,-0.362516282488007,0.069,0.154,1
"Gm9750",0.311390558128062,-0.669889056071692,0.069,0.154,1
"Prkg1",0.311390558128062,-0.440276635819454,0.069,0.154,1
"Ubn2",0.312136132334059,-0.587575675248942,0.586,0.692,1
"Hnrnph1",0.313885222431884,-0.301720136995808,0.448,0.615,1
"Gm37079",0.315217180589369,0.310541561110557,0.172,0.077,1
"Dstn",0.315217180589369,0.341939389356803,0.172,0.077,1
"D3Ertd751e",0.315217180589369,0.335476224759719,0.172,0.077,1
"Ap1ar",0.315217180589369,0.3282821684667,0.172,0.077,1
"Aimp1",0.315217180589369,0.265420068517765,0.172,0.077,1
"Lsm14a",0.315217180589369,0.300317916817697,0.172,0.077,1
"Nipa1",0.315217180589369,0.280954516765871,0.172,0.077,1
"Thrsp",0.315217180589369,0.366288236328857,0.172,0.077,1
"Dag1",0.315217180589369,0.326778065978758,0.172,0.077,1
"Unk",0.315217180589369,0.286902027085805,0.172,0.077,1
"Psma2",0.315217180589369,0.260513726510207,0.172,0.077,1
"Cbr1",0.315217180589369,0.290794863591347,0.172,0.077,1
"Mkln1",0.315306336119035,-0.488984541361803,0.448,0.538,1
"Mtor",0.315657746157848,-0.507246129941453,0.103,0.192,1
"Eif2ak3",0.315657746157848,-0.521193832884292,0.103,0.192,1
"Stk38l",0.315657746157848,-0.540242927160461,0.103,0.192,1
"Timp3",0.315657746157848,-0.492615694091037,0.103,0.192,1
"Otud7b",0.31586281054003,0.265116389255342,0.483,0.269,1
"Acat1",0.31767713010151,0.539870893964488,0.31,0.231,1
"Herc2",0.318779370128458,-0.269237964793087,0.345,0.5,1
"Tef",0.319077365456696,0.255528389243099,0.552,0.462,1
"Fgf12",0.319077365456696,0.578816676455529,0.552,0.462,1
"Fam133b",0.319320525179344,0.517351275103164,0.276,0.192,1
"Arfgef1",0.320042966867125,0.396842128268609,0.207,0.115,1
"Rc3h2",0.320042966867125,0.361258821573974,0.207,0.115,1
"Mpdz",0.320042966867125,0.627920314816024,0.207,0.115,1
"Arl6ip5",0.320042966867125,0.567130504340414,0.207,0.115,1
"Kifc3",0.320042966867125,0.609652217700099,0.207,0.115,1
"Npat",0.320042966867125,0.592137104564499,0.207,0.115,1
"Trpc1",0.320042966867125,0.538395807326316,0.207,0.115,1
"Spats2",0.320042966867125,0.604320494017199,0.207,0.115,1
"Kat6a",0.320423749224857,-0.383758964366567,0.276,0.423,1
"Ywhah",0.321464363316,-0.598297314766907,0.172,0.269,1
"Ankrd10",0.321464363316,0.295912166704204,0.276,0.154,1
"Wdfy2",0.321464363316,0.259627184197953,0.276,0.154,1
"Gm15478",0.322151074656133,-0.601529836447286,0.138,0.231,1
"Rps9",0.322151074656133,-0.420857119450107,0.138,0.231,1
"Marf1",0.322500229555976,-0.287535791024256,0.138,0.269,1
"Filip1l",0.322500229555976,-0.294097935109053,0.138,0.269,1
"Bmpr1a",0.322908732276495,-0.31665326922777,0.207,0.346,1
"Pak2",0.323119391190156,-0.313359516201772,0.276,0.462,1
"Fgd2",0.324850750785917,-0.460791053264317,0.172,0.308,1
"Adss",0.326513562973985,-0.367696251769484,0.069,0.154,1
"Taf1a",0.326513562973985,-0.318833373842728,0.069,0.154,1
"3300002I08Rik",0.326513562973985,-0.29290975177033,0.069,0.154,1
"Rpl22l1",0.326513562973985,-0.278583180015661,0.069,0.154,1
"Toe1",0.326513562973985,-0.478963009647162,0.069,0.154,1
"Ctbp1",0.326513562973985,-0.316259662929672,0.069,0.154,1
"P2rx7",0.326513562973985,-0.317746337527095,0.069,0.154,1
"6530409C15Rik",0.326513562973985,-0.282063844510949,0.069,0.154,1
"Chsy1",0.326513562973985,-0.294677923839724,0.069,0.154,1
"Abhd2",0.326513562973985,-0.293193155682459,0.069,0.154,1
"Knop1",0.326513562973985,-0.507481195006129,0.069,0.154,1
"Pstk",0.326513562973985,-0.262000999155735,0.069,0.154,1
"Rpgrip1l",0.326513562973985,-0.392011010993689,0.069,0.154,1
"Eya4",0.326513562973985,-0.327972300582732,0.069,0.154,1
"Hdac2",0.326513562973985,-0.267984106961208,0.069,0.154,1
"Adap2os",0.326513562973985,-0.529157143002685,0.069,0.154,1
"Baz1a",0.326513562973985,-0.309150549671227,0.069,0.154,1
"1110046J04Rik",0.326513562973985,-0.461979064700281,0.069,0.154,1
"Bicd2",0.326513562973985,-0.260198715325737,0.069,0.154,1
"Wdfy4",0.326513562973985,-0.38361252833753,0.069,0.154,1
"Cryl1",0.326513562973985,-0.35228191757809,0.069,0.154,1
"Fmnl3",0.326513562973985,-0.524557479946812,0.069,0.154,1
"Cep43",0.326513562973985,-0.354947980157474,0.069,0.154,1
"Zfp563",0.326513562973985,-0.390330327835526,0.069,0.154,1
"mt-Atp6",0.326513562973985,-0.365095562085694,0.069,0.154,1
"Kif21a",0.3278748906196,0.307712587716511,0.586,0.423,1
"Cspp1",0.328043402659099,-0.418582469269806,0.241,0.385,1
"Agpat3",0.328043402659099,-0.298803881586766,0.241,0.385,1
"Top2b",0.328043402659099,-0.271403602176447,0.241,0.385,1
"Dlc1",0.328196194688455,0.741614449048609,0.31,0.231,1
"Orc3",0.328436495223449,0.553821638661924,0.241,0.154,1
"Nmt1",0.328436495223449,0.490262912663682,0.241,0.154,1
"Mvb12b",0.328492846840494,-0.438615750972855,0.241,0.346,1
"Gpam",0.328948481944601,-0.294677203466615,0.414,0.538,1
"Plekha7",0.329099117668823,-0.586473890454493,0.103,0.192,1
"Ntpcr",0.329099117668823,-0.429919696269976,0.103,0.192,1
"Arl2",0.329099117668823,-0.345175593067871,0.103,0.192,1
"Lztr1",0.329449250513596,0.325845218847131,0.172,0.077,1
"Taf1",0.329449250513596,0.264767777259891,0.172,0.077,1
"Ywhae",0.33018559116082,0.345500013472469,0.414,0.269,1
"Gpm6a",0.330446175206191,0.310305117091215,0.862,0.731,1
"Atxn1",0.332668306540757,-0.518170102268549,0.379,0.462,1
"Zfhx2",0.332943511075673,0.362160472260061,0.207,0.115,1
"Gm15764",0.332943511075673,0.370492483819008,0.207,0.115,1
"Pals2",0.332982030356958,0.294806209626503,0.276,0.154,1
"Mark3",0.332982030356958,-0.450675503403937,0.172,0.269,1
"Rab14",0.333160684912607,0.593806399173618,0.345,0.269,1
"Fjx1",0.333160684912607,-0.64076904789959,0.276,0.346,1
"Kif1b",0.333266415703379,0.340052543809287,0.69,0.577,1
"Mdh1",0.333539496894437,-0.349182586330354,0.207,0.346,1
"Cab39",0.334553495489204,-0.510144044873564,0.138,0.231,1
"Pkia",0.334553495489204,-0.406919434027544,0.138,0.231,1
"Anapc4",0.334553495489204,-0.42408869989865,0.138,0.231,1
"2610020C07Rik",0.334553495489204,-0.420025046007417,0.138,0.231,1
"Golgb1",0.334553495489204,-0.375423655359149,0.138,0.231,1
"Rnf14",0.334553495489204,-0.430491941174644,0.138,0.231,1
"Septin7",0.33567056757274,0.353272667270216,0.621,0.615,1
"Pank2",0.336097049757392,-0.295499402703106,0.172,0.308,1
"Tom1l1",0.336097049757392,-0.252572310387953,0.172,0.308,1
"Zfp280c",0.337992525266672,-0.303921384899918,0.345,0.538,1
"Hectd1",0.338020173100531,0.429164084063264,0.31,0.192,1
"Adcy9",0.338020173100531,0.308722218559588,0.31,0.192,1
"Rab40c",0.338020173100531,-0.435598472216771,0.207,0.308,1
"Ctnna1",0.338329207829945,-0.55063294636104,0.241,0.385,1
"Zcchc7",0.338336565683112,-0.252510140432886,0.793,0.769,1
"Soga1",0.338938605275509,0.538924613152609,0.31,0.231,1
"Mark2",0.338938605275509,0.581864747758017,0.31,0.231,1
"Ube2d2a",0.339001470512023,-0.360465571087703,0.241,0.346,1
"Tspan5",0.339680088651133,0.425676027964407,0.448,0.308,1
"Rims1",0.339715363507125,0.331857129712847,0.103,0.038,1
"Gm37895",0.339715363507125,0.424019492044229,0.103,0.038,1
"Nck2",0.339715363507125,0.369555752546536,0.103,0.038,1
"Hspd1",0.339715363507125,0.370088063448837,0.103,0.038,1
"Cyp27a1",0.339715363507125,0.523341896090051,0.103,0.038,1
"Gm37174",0.339715363507125,0.445309395765746,0.103,0.038,1
"Ccdc93",0.339715363507125,0.31572076001333,0.103,0.038,1
"Pycr2",0.339715363507125,0.360537219652616,0.103,0.038,1
"Srp9",0.339715363507125,0.3955344139039,0.103,0.038,1
"Ralgds",0.339715363507125,0.39647664418531,0.103,0.038,1
"Sh3glb2",0.339715363507125,0.278332712720474,0.103,0.038,1
"BC005624",0.339715363507125,0.329746989538464,0.103,0.038,1
"Zfp408",0.339715363507125,0.429459332298957,0.103,0.038,1
"Slc12a6",0.339715363507125,0.349156431888939,0.103,0.038,1
"Jag1",0.339715363507125,0.424204578238659,0.103,0.038,1
"Epb41l1",0.339715363507125,0.313622540134191,0.103,0.038,1
"Oser1",0.339715363507125,0.349970865569121,0.103,0.038,1
"Lsm14b",0.339715363507125,0.323236189703893,0.103,0.038,1
"Armc1",0.339715363507125,0.360154770890339,0.103,0.038,1
"Selenot",0.339715363507125,0.406229958738431,0.103,0.038,1
"Gm20754",0.339715363507125,0.452907877213776,0.103,0.038,1
"Adam15",0.339715363507125,0.386559928927336,0.103,0.038,1
"Selenbp1",0.339715363507125,0.311793849956018,0.103,0.038,1
"Dph5",0.339715363507125,0.742591121255639,0.103,0.038,1
"Gm42971",0.339715363507125,0.338401852483601,0.103,0.038,1
"Adh5",0.339715363507125,0.281145119679918,0.103,0.038,1
"Ssx2ip",0.339715363507125,0.507346714015595,0.103,0.038,1
"Plaa",0.339715363507125,0.385299238013858,0.103,0.038,1
"Ak4",0.339715363507125,0.341123223394605,0.103,0.038,1
"Adprs",0.339715363507125,0.428195779781142,0.103,0.038,1
"Smim12",0.339715363507125,0.354116103957457,0.103,0.038,1
"Yars",0.339715363507125,0.273171051836315,0.103,0.038,1
"Aurkaip1",0.339715363507125,0.274433964985596,0.103,0.038,1
"Psmc2",0.339715363507125,0.376635235860726,0.103,0.038,1
"Kit",0.339715363507125,0.498501882882657,0.103,0.038,1
"Ppat",0.339715363507125,0.33534000463731,0.103,0.038,1
"Ing3",0.339715363507125,0.40981408520939,0.103,0.038,1
"Aass",0.339715363507125,0.283453271852779,0.103,0.038,1
"Pot1a",0.339715363507125,0.439525983616201,0.103,0.038,1
"Nup205",0.339715363507125,0.293194927396699,0.103,0.038,1
"Gt(ROSA)26Sor",0.339715363507125,0.492332856968186,0.103,0.038,1
"Crebl2",0.339715363507125,0.364718898603913,0.103,0.038,1
"Pnma8b",0.339715363507125,0.483442517438134,0.103,0.038,1
"Coq8b",0.339715363507125,0.375642902435383,0.103,0.038,1
"B230209E15Rik",0.339715363507125,0.472909747607162,0.103,0.038,1
"Me3",0.339715363507125,0.41876178791671,0.103,0.038,1
"Map6",0.339715363507125,0.410735109088144,0.103,0.038,1
"Gm45501",0.339715363507125,0.376412070644925,0.103,0.038,1
"Bccip",0.339715363507125,0.3975393779932,0.103,0.038,1
"Dhx32",0.339715363507125,0.397431879234402,0.103,0.038,1
"Dcun1d2",0.339715363507125,0.405473020767588,0.103,0.038,1
"Adam32",0.339715363507125,0.57516916580366,0.103,0.038,1
"C78859",0.339715363507125,0.376983386073804,0.103,0.038,1
"Trappc2l",0.339715363507125,0.336330737442058,0.103,0.038,1
"Irf2bp2",0.339715363507125,0.367498693437058,0.103,0.038,1
"Pml",0.339715363507125,0.397693225778027,0.103,0.038,1
"Rwdd1",0.339715363507125,0.413955583263719,0.103,0.038,1
"Gstt2",0.339715363507125,0.362002696745818,0.103,0.038,1
"Mrpl54",0.339715363507125,0.275980038303136,0.103,0.038,1
"Tle5",0.339715363507125,0.435990880979899,0.103,0.038,1
"Ikbip",0.339715363507125,0.335046584398553,0.103,0.038,1
"Kcnc2",0.339715363507125,0.534553923936838,0.103,0.038,1
"Rab3ip",0.339715363507125,0.338632472238497,0.103,0.038,1
"Mgat4b",0.339715363507125,0.358283199617795,0.103,0.038,1
"Cnot8",0.339715363507125,0.345241990341762,0.103,0.038,1
"Fgf11",0.339715363507125,0.335022913963477,0.103,0.038,1
"Phf23",0.339715363507125,0.413234287830847,0.103,0.038,1
"Nup88",0.339715363507125,0.365026275198271,0.103,0.038,1
"Rab11fip4",0.339715363507125,0.682107566839113,0.103,0.038,1
"Krt10",0.339715363507125,0.426289110760075,0.103,0.038,1
"Eif4a3",0.339715363507125,0.40096679123394,0.103,0.038,1
"9330199G10Rik",0.339715363507125,0.414915433624079,0.103,0.038,1
"Smim15",0.339715363507125,0.341784490251193,0.103,0.038,1
"Il6st",0.339715363507125,0.482403586282745,0.103,0.038,1
"Rpl15",0.339715363507125,0.426117097777742,0.103,0.038,1
"Rarb",0.339715363507125,0.529371511242475,0.103,0.038,1
"Sfmbt1",0.339715363507125,0.856743472028151,0.103,0.038,1
"Ift88",0.339715363507125,0.354475183470268,0.103,0.038,1
"Bmp1",0.339715363507125,0.371098318268442,0.103,0.038,1
"Dgkh",0.339715363507125,0.367098606408189,0.103,0.038,1
"Rap2a",0.339715363507125,0.405020910536674,0.103,0.038,1
"Fam135b",0.339715363507125,0.407622503489015,0.103,0.038,1
"Zfp251",0.339715363507125,0.335670196764404,0.103,0.038,1
"Adcy5",0.339715363507125,0.381650012624527,0.103,0.038,1
"Gart",0.339715363507125,0.287178838401197,0.103,0.038,1
"Tagap",0.339715363507125,0.358077606248468,0.103,0.038,1
"Haghl",0.339715363507125,0.391504580651906,0.103,0.038,1
"Uqcc2",0.339715363507125,0.396109234115534,0.103,0.038,1
"Wdr4",0.339715363507125,0.365734934411829,0.103,0.038,1
"Polr1c",0.339715363507125,0.445867307061436,0.103,0.038,1
"Arhgap26",0.339715363507125,0.476688280937142,0.103,0.038,1
"Rcl1",0.339715363507125,0.433891584422954,0.103,0.038,1
"Ric1",0.339715363507125,0.374341949629968,0.103,0.038,1
"Rpp30",0.339715363507125,0.443477133693435,0.103,0.038,1
"A330032B11Rik",0.339715363507125,0.305809323566713,0.103,0.038,1
"Nfkb2",0.339715363507125,0.428039008655036,0.103,0.038,1
"Rbmx2",0.339715363507125,0.428617160157043,0.103,0.038,1
"Arx",0.339715363507125,0.300430524401348,0.103,0.038,1
"Morf4l2",0.339715363507125,0.429322946035626,0.103,0.038,1
"Fam199x",0.339715363507125,0.294251309955286,0.103,0.038,1
"Ywhaz",0.340162630387678,0.270871565454744,0.414,0.269,1
"Chst11",0.341813046939051,0.764537784441326,0.276,0.192,1
"Trub2",0.342105840458179,-0.33521975623344,0.069,0.154,1
"Map1a",0.342105840458179,-0.284602848926679,0.069,0.154,1
"Slc24a5",0.342105840458179,-0.37899601969404,0.069,0.154,1
"Dnajb14",0.342105840458179,-0.293389984398734,0.069,0.154,1
"Kyat3",0.342105840458179,-0.352519421090065,0.069,0.154,1
"Ago4",0.342105840458179,-0.309986912706773,0.069,0.154,1
"Ahdc1",0.342105840458179,-0.331845973858732,0.069,0.154,1
"Prdm2",0.342105840458179,-0.337800349798162,0.069,0.154,1
"Sgcb",0.342105840458179,-0.324709556151438,0.069,0.154,1
"Mlxip",0.342105840458179,-0.368718174389989,0.069,0.154,1
"Mob1a",0.342105840458179,-0.3023349124279,0.069,0.154,1
"Tyrobp",0.342105840458179,-0.383729963209153,0.069,0.154,1
"Scn1b",0.342105840458179,-0.330855863625331,0.069,0.154,1
"Sorbs2",0.342105840458179,-0.352276482263573,0.069,0.154,1
"Dda1",0.342105840458179,-0.394009256945387,0.069,0.154,1
"Aagab",0.342105840458179,-0.264134907008579,0.069,0.154,1
"Havcr2",0.342105840458179,-0.312769217430559,0.069,0.154,1
"Omg",0.342105840458179,-0.293802177634591,0.069,0.154,1
"Gpr180",0.342105840458179,-0.312528316871798,0.069,0.154,1
"Gpr108",0.342105840458179,-0.319787619283707,0.069,0.154,1
"Snhg4",0.342105840458179,-0.272918111928343,0.069,0.154,1
"Patl1",0.342105840458179,-0.254961685808145,0.069,0.154,1
"Pdzd8",0.342105840458179,-0.254343251119244,0.069,0.154,1
"Idh3g",0.342105840458179,-0.315539479837468,0.069,0.154,1
"5330434G04Rik",0.342105840458179,-0.32813349614468,0.069,0.154,1
"Senp6",0.342664632696111,0.307939184990359,0.414,0.308,1
"Gm38162",0.342905969371615,-0.387076795141857,0.103,0.192,1
"Ripk2",0.342905969371615,-0.49689104981494,0.103,0.192,1
"Mmp16",0.342905969371615,-0.582721161615091,0.103,0.192,1
"Agbl4",0.342905969371615,-0.302616781374558,0.103,0.192,1
"Brk1",0.342905969371615,-0.308157285499782,0.103,0.192,1
"H2aj",0.342905969371615,-0.338734996154434,0.103,0.192,1
"Slc25a42",0.342905969371615,-0.340396371446155,0.103,0.192,1
"Dync1li2",0.342905969371615,-0.478887124256577,0.103,0.192,1
"Retreg3",0.342905969371615,-0.495587794276115,0.103,0.192,1
"Gm32036",0.342905969371615,-0.413785348671685,0.103,0.192,1
"BC002059",0.342905969371615,-0.346404509653371,0.103,0.192,1
"Caly",0.344091128147309,0.257531019860597,0.172,0.077,1
"4930544I03Rik",0.344091128147309,0.333354992228705,0.172,0.077,1
"Wdr53",0.344091128147309,0.261861770235096,0.172,0.077,1
"1700086O06Rik",0.344091128147309,0.332177912590951,0.172,0.077,1
"Nono",0.344091128147309,0.259701645430333,0.172,0.077,1
"Gas5",0.344762768207167,0.32022459788719,0.276,0.154,1
"Sdha",0.344762768207167,-0.350595265928081,0.172,0.269,1
"Elob",0.344762768207167,-0.520422073822462,0.172,0.269,1
"Spast",0.344762768207167,-0.337360445088632,0.172,0.269,1
"Ghr",0.346001593264193,-0.31312592210815,0.345,0.462,1
"Stxbp1",0.346175053988018,0.36365809134688,0.207,0.115,1
"Rab22a",0.346175053988018,0.349490252668202,0.207,0.115,1
"Hltf",0.346175053988018,0.31887568438104,0.207,0.115,1
"Arl6ip4",0.346175053988018,0.37334534686484,0.207,0.115,1
"Wdr11",0.346175053988018,0.422429598697899,0.207,0.115,1
"Tpm1",0.346175053988018,0.491494257380222,0.207,0.115,1
"Cdkl3",0.346175053988018,0.522650609282959,0.207,0.115,1
"Btbd17",0.346175053988018,0.361845508266976,0.207,0.115,1
"Rttn",0.346175053988018,0.424590228863972,0.207,0.115,1
"Smndc1",0.346175053988018,0.486248238349614,0.207,0.115,1
"Plekho1",0.346667512061314,-0.301652418514644,0.138,0.269,1
"Cdk19",0.346794449573223,0.280099251720539,0.552,0.423,1
"Usp40",0.347259532161717,-0.41096515148535,0.138,0.231,1
"Zmynd8",0.347259532161717,-0.494423822314898,0.138,0.231,1
"Cert1",0.347259532161717,-0.44317619791644,0.138,0.231,1
"Cpt1a",0.347259532161717,-0.341488384232895,0.138,0.231,1
"Scg5",0.347290738020674,0.286701279836501,0.379,0.269,1
"Ppcdc",0.348819803535211,-0.277230661913484,0.241,0.385,1
"Mapre2",0.348819803535211,-0.259881713943878,0.241,0.385,1
"Pik3ca",0.349242540553092,-0.480594912670263,0.207,0.308,1
"Vps41",0.349242540553092,-0.412164006144481,0.207,0.308,1
"Fdft1",0.349242540553092,0.347881182624462,0.31,0.192,1
"Ncoa2",0.349537577383726,-0.322774390046442,0.31,0.462,1
"Cpeb4",0.352510686135657,0.25216219690204,0.621,0.462,1
"Acaca",0.352696952440097,-0.347501311133127,0.31,0.423,1
"Gm26843",0.35288502144284,0.522726223750425,0.241,0.154,1
"Rnf144a",0.35288502144284,0.566650825914681,0.241,0.154,1
"Senp2",0.35288502144284,0.374094921667233,0.241,0.154,1
"Garem1",0.353982940301782,0.534106527090651,0.552,0.5,1
"Ivd",0.355467394427064,-0.436129251762041,0.31,0.385,1
"Ccnd3",0.355470231014201,-0.277396414019565,0.207,0.346,1
"Zfhx3",0.355832457437909,-0.487212876294009,0.345,0.462,1
"Fhit",0.356793628996122,-0.308273441668957,0.414,0.538,1
"Mettl15",0.356806030020557,-0.432471431964878,0.172,0.269,1
"Gm15614",0.356806030020557,-0.37021598013063,0.172,0.269,1
"Unc93b1",0.356806030020557,-0.347450154104212,0.172,0.269,1
"Kansl3",0.357077525336279,-0.342077729592904,0.103,0.192,1
"Arl5b",0.357077525336279,-0.315147035308106,0.103,0.192,1
"Tm9sf4",0.357077525336279,-0.331752159462536,0.103,0.192,1
"Proser1",0.357077525336279,-0.326075173341862,0.103,0.192,1
"Papss1",0.357077525336279,-0.400145447239229,0.103,0.192,1
"Kcnd3",0.358136763970494,-0.273865344280609,0.069,0.154,1
"Pea15a",0.358166364149137,-0.424474071076295,0.069,0.154,1
"Gm14211",0.358166364149137,-0.253163934029538,0.069,0.154,1
"Rnf114",0.358166364149137,-0.259186801254248,0.069,0.154,1
"Ipp",0.358166364149137,-0.35221216542386,0.069,0.154,1
"Atraid",0.358166364149137,-0.251611639750569,0.069,0.154,1
"Jakmip1",0.358166364149137,-0.277498685807001,0.069,0.154,1
"Smim14",0.358166364149137,-0.281877480371128,0.069,0.154,1
"Reep1",0.358166364149137,-0.296908589113311,0.069,0.154,1
"Lipe",0.358166364149137,-0.270279250812838,0.069,0.154,1
"Pld3",0.358166364149137,-0.278773678431904,0.069,0.154,1
"Stx4a",0.358166364149137,-0.257947627062354,0.069,0.154,1
"Bet1l",0.358166364149137,-0.446506301468388,0.069,0.154,1
"Cnot1",0.358166364149137,-0.323630126153387,0.069,0.154,1
"Vps54",0.358166364149137,-0.256447629310948,0.069,0.154,1
"Ercc6l2",0.358166364149137,-0.302532533393663,0.069,0.154,1
"Ankra2",0.358166364149137,-0.37870774741984,0.069,0.154,1
"Mtmr6",0.358166364149137,-0.271596430297529,0.069,0.154,1
"Atf4",0.358166364149137,-0.251319870509125,0.069,0.154,1
"Ano6",0.358166364149137,-0.258598847671728,0.069,0.154,1
"Zc3h7a",0.358166364149137,-0.279587836900068,0.069,0.154,1
"Ndufa7",0.358166364149137,-0.290938174084015,0.069,0.154,1
"Mpeg1",0.358166364149137,-0.349172783616327,0.069,0.154,1
"ENSMUSG00000120242",0.358166364149137,-0.384142022598221,0.069,0.154,1
"Gtf3c3",0.358992004942304,0.293682548513501,0.103,0.038,1
"Tiprl",0.358992004942304,0.261890355099897,0.103,0.038,1
"Mgst3",0.358992004942304,0.301458323481647,0.103,0.038,1
"Gm36992",0.358992004942304,0.291635665881319,0.103,0.038,1
"Prpf18",0.358992004942304,0.291417906338199,0.103,0.038,1
"Gad2",0.358992004942304,0.355456209672738,0.103,0.038,1
"Ggt7",0.358992004942304,0.273401726505498,0.103,0.038,1
"Matn4",0.358992004942304,0.373220605148206,0.103,0.038,1
"Kcnb1",0.358992004942304,0.273517254837723,0.103,0.038,1
"Gnb4",0.358992004942304,0.351643829399736,0.103,0.038,1
"Spg20",0.358992004942304,0.325209071776732,0.103,0.038,1
"4921511C10Rik",0.358992004942304,0.376442967576291,0.103,0.038,1
"Gba",0.358992004942304,0.332975243539906,0.103,0.038,1
"Gm42819",0.358992004942304,0.355235263972507,0.103,0.038,1
"Tstd2",0.358992004942304,0.252122428066263,0.103,0.038,1
"Abcb1b",0.358992004942304,0.337422517309854,0.103,0.038,1
"Slc4a1ap",0.358992004942304,0.296113491891619,0.103,0.038,1
"Mmab",0.358992004942304,0.290744569550382,0.103,0.038,1
"Pptc7",0.358992004942304,0.25531691476456,0.103,0.038,1
"Tmem132d",0.358992004942304,0.31179333806499,0.103,0.038,1
"Zfand2a",0.358992004942304,0.314526380784496,0.103,0.038,1
"Xpc",0.358992004942304,0.29712223341951,0.103,0.038,1
"M6pr",0.358992004942304,0.305136489269826,0.103,0.038,1
"Kcna6",0.358992004942304,0.480075261292574,0.103,0.038,1
"Gemin7",0.358992004942304,0.261056105911182,0.103,0.038,1
"Psmd8",0.358992004942304,0.357962657496637,0.103,0.038,1
"R74862",0.358992004942304,0.303045545474496,0.103,0.038,1
"Timm44",0.358992004942304,0.255568958255843,0.103,0.038,1
"Champ1",0.358992004942304,0.346611030909052,0.103,0.038,1
"Gm45345",0.358992004942304,0.300096963883688,0.103,0.038,1
"Gan",0.358992004942304,0.365720983232511,0.103,0.038,1
"Fbxo31",0.358992004942304,0.275205629054633,0.103,0.038,1
"Mrpl4",0.358992004942304,0.38220186734122,0.103,0.038,1
"Sc5d",0.358992004942304,0.363350038774208,0.103,0.038,1
"Gm42756",0.358992004942304,0.323661338210137,0.103,0.038,1
"Limd1",0.358992004942304,0.471452598718726,0.103,0.038,1
"Atg5",0.358992004942304,0.288315664188606,0.103,0.038,1
"Tmem259",0.358992004942304,0.365018582242423,0.103,0.038,1
"Tcf3",0.358992004942304,0.33908754793553,0.103,0.038,1
"Nfyb",0.358992004942304,0.261554433419147,0.103,0.038,1
"Pank3",0.358992004942304,0.374966909093792,0.103,0.038,1
"Mks1",0.358992004942304,0.257399058523109,0.103,0.038,1
"Gm11520",0.358992004942304,0.267872722302162,0.103,0.038,1
"D030028A08Rik",0.358992004942304,0.394040122952974,0.103,0.038,1
"Abca8a",0.358992004942304,0.387573767610658,0.103,0.038,1
"Erh",0.358992004942304,0.315724241589157,0.103,0.038,1
"Prr7",0.358992004942304,0.332386623594277,0.103,0.038,1
"4833422C13Rik",0.358992004942304,0.315190767180299,0.103,0.038,1
"Ebag9",0.358992004942304,0.279588261989169,0.103,0.038,1
"Rabl3",0.358992004942304,0.260849957415074,0.103,0.038,1
"Atp5j",0.358992004942304,0.312465270339919,0.103,0.038,1
"Cfap298",0.358992004942304,0.28370690408273,0.103,0.038,1
"Abcf1",0.358992004942304,0.286675158219539,0.103,0.038,1
"Kif6",0.358992004942304,0.274981412078397,0.103,0.038,1
"Plin3",0.358992004942304,0.265667967701128,0.103,0.038,1
"Trmt61b",0.358992004942304,0.2807301595265,0.103,0.038,1
"Chsy3",0.358992004942304,0.33480836343424,0.103,0.038,1
"Lrfn4",0.358992004942304,0.449984651732962,0.103,0.038,1
"Gm16068",0.358992004942304,0.33655308590567,0.103,0.038,1
"Psme4",0.359514731913898,-0.364399101810877,0.241,0.385,1
"Usp9x",0.359514731913898,-0.258896105584901,0.241,0.385,1
"Mir9-3hg",0.359562932315149,0.337254655530601,0.448,0.308,1
"Cdin1",0.359736799301386,0.266785406099154,0.207,0.115,1
"P2ry14",0.359736799301386,0.372020314277481,0.207,0.115,1
"Uri1",0.359736799301386,0.325257639859192,0.207,0.115,1
"Rab3a",0.359736799301386,0.262449845641267,0.207,0.115,1
"Gm16759",0.359736799301386,0.404725221810177,0.207,0.115,1
"Sf3b6",0.359736799301386,0.400450427141466,0.207,0.115,1
"Zfp799",0.359736799301386,0.313695044733464,0.207,0.115,1
"Zbtb16",0.360268442594986,-0.525428054213217,0.138,0.231,1
"Tmod3",0.360268442594986,-0.338014564201416,0.138,0.231,1
"Fyco1",0.360268442594986,-0.54369702929161,0.138,0.231,1
"Ostm1",0.360268442594986,-0.28672611029739,0.138,0.231,1
"Opalin",0.36065802939708,0.337658412737156,0.345,0.231,1
"C030029H02Rik",0.360698667516729,0.454661097614639,0.31,0.192,1
"Btbd9",0.360698667516729,0.339170086347398,0.31,0.192,1
"App",0.361757527344765,0.339743832326738,0.586,0.5,1
"Rabgap1l",0.361945530329656,0.360732427979562,0.517,0.385,1
"Arap2",0.361945530329656,0.314174110287347,0.517,0.385,1
"Zfp638",0.364621591410486,-0.358136075110162,0.448,0.577,1
"Mtmr3",0.364938627584716,0.509904349732236,0.345,0.269,1
"Cstf3",0.365294362912443,0.442227514100971,0.276,0.192,1
"Slc6a11",0.365294362912443,0.460439785590516,0.276,0.192,1
"Nrg3",0.365294362912443,0.380959049884713,0.276,0.192,1
"Sltm",0.365896117192227,-0.378296229207149,0.31,0.385,1
"Cdk14",0.366191505002693,-0.378940329400153,0.241,0.346,1
"Unc5c",0.366570653317411,0.286813500755252,0.483,0.346,1
"Armh3",0.366769125277135,-0.262731780994929,0.207,0.346,1
"Tmem164",0.366884062422243,-0.305015401110525,0.379,0.5,1
"Osbpl9",0.368421868282187,-0.321489158459131,0.276,0.385,1
"Cmip",0.369110967936714,-0.451341097928784,0.172,0.269,1
"Fli1",0.369110967936714,-0.337136285675687,0.172,0.269,1
"Rcn2",0.369110967936714,-0.341518941415282,0.172,0.269,1
"Map2k4",0.369110967936714,-0.532788784836307,0.172,0.269,1
"Gm20342",0.371612430848717,-0.291703789176514,0.103,0.192,1
"Ddx18",0.371612430848717,-0.440912728300995,0.103,0.192,1
"Akirin2",0.371612430848717,-0.304053841631255,0.103,0.192,1
"Prdm16os",0.371612430848717,-0.274185069987534,0.103,0.192,1
"Unc5d",0.371612430848717,-0.273860939774948,0.103,0.192,1
"Cep78",0.371612430848717,-0.326666238115443,0.103,0.192,1
"Pbrm1",0.371804762459609,-0.564399380249617,0.241,0.346,1
"Rassf2",0.372387751659786,0.290974801859428,0.31,0.192,1
"Hadha",0.372387751659786,-0.404585654864973,0.207,0.308,1
"Gmds",0.372387751659786,-0.563622059216691,0.207,0.308,1
"Armc8",0.372501611516947,0.326005354483655,0.31,0.231,1
"Psd2",0.372501611516947,0.429542739102002,0.31,0.231,1
"Hdac9",0.37357033542228,-0.445320892458166,0.586,0.692,1
"Epb41l5",0.373579082079131,-0.3951668723218,0.138,0.231,1
"Pip5k1a",0.373579082079131,-0.407707917921871,0.138,0.231,1
"Ftl1",0.373579082079131,-0.564600272115153,0.138,0.231,1
"2610507B11Rik",0.373579082079131,-0.514456378129745,0.138,0.231,1
"Csnk1g3",0.373579082079131,-0.334488349171655,0.138,0.231,1
"Tsga10",0.373627473172471,0.345950327020654,0.207,0.115,1
"Kctd3",0.373627473172471,0.380379085975846,0.207,0.115,1
"Cntln",0.373627473172471,0.310846341211521,0.207,0.115,1
"Akt2",0.373627473172471,0.339920278963549,0.207,0.115,1
"Vti1b",0.373627473172471,0.324147223671469,0.207,0.115,1
"Btg2",0.374693155089693,-0.265339763615893,0.069,0.154,1
"Ptbp2",0.374935890872902,0.298519241583726,0.414,0.346,1
"Clasp2",0.375283779024586,0.304753353266335,0.69,0.615,1
"Rgs6",0.376571055459819,-0.460889758489017,0.552,0.615,1
"Add1",0.376675708566477,0.531930098776044,0.483,0.423,1
"Snx24",0.37740389463789,0.468653119946872,0.276,0.192,1
"Hps4",0.378454395049717,0.551136158114154,0.241,0.154,1
"Fis1",0.378454395049717,0.384720185828583,0.241,0.154,1
"Vezt",0.378454395049717,0.554682335042287,0.241,0.154,1
"Pvt1",0.378454395049717,0.471243461769282,0.241,0.154,1
"Shisa9",0.378454395049717,0.382194995120862,0.241,0.154,1
"Gm31323",0.378454395049717,0.313467990292981,0.241,0.154,1
"Tmem237",0.37894209361256,0.291353539943714,0.103,0.038,1
"Retreg2",0.37894209361256,0.314549636319888,0.103,0.038,1
"Uchl5",0.37894209361256,0.296161998551608,0.103,0.038,1
"Ddr2",0.37894209361256,0.33077415496509,0.103,0.038,1
"Hacd1",0.37894209361256,0.308868820248267,0.103,0.038,1
"D430041D05Rik",0.37894209361256,0.250503909774478,0.103,0.038,1
"Mynn",0.37894209361256,0.256310432516871,0.103,0.038,1
"Miip",0.37894209361256,0.274071621073412,0.103,0.038,1
"Polr2b",0.37894209361256,0.329768596832294,0.103,0.038,1
"Mphosph10",0.37894209361256,0.274367354977243,0.103,0.038,1
"2900037B21Rik",0.37894209361256,0.288527537853298,0.103,0.038,1
"Gm45025",0.37894209361256,0.261368542519304,0.103,0.038,1
"Phkg2",0.37894209361256,0.276253556106794,0.103,0.038,1
"Mrps31",0.37894209361256,0.300979311957196,0.103,0.038,1
"Cyp4v3",0.37894209361256,0.283309421356895,0.103,0.038,1
"D8Ertd738e",0.37894209361256,0.310832290833615,0.103,0.038,1
"Mvd",0.37894209361256,0.253480305789346,0.103,0.038,1
"Kank2",0.37894209361256,0.279531898009808,0.103,0.038,1
"Gm15511",0.37894209361256,0.351665841916092,0.103,0.038,1
"Lysmd2",0.37894209361256,0.263409651402102,0.103,0.038,1
"Qars",0.37894209361256,0.26081807181133,0.103,0.038,1
"Rnf185",0.37894209361256,0.292984848202284,0.103,0.038,1
"C1d",0.37894209361256,0.267469341524912,0.103,0.038,1
"Mrm1",0.37894209361256,0.267854321692951,0.103,0.038,1
"Rab40b",0.37894209361256,0.295063659954771,0.103,0.038,1
"Nqo2",0.37894209361256,0.339839188986552,0.103,0.038,1
"Msh3",0.37894209361256,0.309163159447923,0.103,0.038,1
"9630013A20Rik",0.37894209361256,0.276637466857338,0.103,0.038,1
"Rad21",0.37894209361256,0.29089388669946,0.103,0.038,1
"Wdyhv1",0.37894209361256,0.361964357563041,0.103,0.038,1
"Atp5g2",0.37894209361256,0.270567038661308,0.103,0.038,1
"Gnl1",0.37894209361256,0.273289710217691,0.103,0.038,1
"ENSMUSG00000119968",0.37894209361256,0.257145286862203,0.103,0.038,1
"Prkca",0.380214891947988,-0.424201860141205,0.448,0.538,1
"Tbl1xr1",0.38070233290267,0.341549487556604,0.552,0.538,1
"Selenof",0.381676427856556,-0.356460584229517,0.172,0.269,1
"Nrg1",0.381676427856556,-1.43223359005171,0.172,0.269,1
"Rps12",0.381676427856556,-0.536940326711611,0.172,0.269,1
"Irak2",0.381737402097978,-0.40088354441449,0.379,0.462,1
"Osbpl1a",0.383943895243491,-0.325683190047351,0.31,0.423,1
"Gls",0.384132016535045,0.367919331810748,0.31,0.231,1
"Apba1",0.384132016535045,0.46687005869364,0.31,0.231,1
"Stag2",0.384132016535045,0.425159481552506,0.31,0.231,1
"Farp1",0.384255535288994,-0.361436457941783,0.862,0.808,1
"Epha4",0.386508740459283,-0.279384057985533,0.103,0.192,1
"Grin1",0.386508740459283,-0.36214266197186,0.103,0.192,1
"Eif4e",0.386508740459283,-0.260984611964261,0.103,0.192,1
"Sgce",0.386508740459283,-0.3229606107058,0.103,0.192,1
"Akap7",0.386508740459283,-0.278778250160147,0.103,0.192,1
"Sec24a",0.386508740459283,-0.288754307914039,0.103,0.192,1
"Tmem199",0.386508740459283,-0.445746990696865,0.103,0.192,1
"Fkbp3",0.386508740459283,-0.289034404984122,0.103,0.192,1
"Rps23",0.386508740459283,-0.452054188653085,0.103,0.192,1
"Poldip3",0.386508740459283,-0.251722159725707,0.103,0.192,1
"Etnk1",0.38697509159455,-0.342301623336082,0.379,0.5,1
"Ube2j1",0.387189895988287,-0.340514789739197,0.138,0.231,1
"Snapc3",0.387189895988287,-0.55264351117015,0.138,0.231,1
"Lrrc8b",0.387189895988287,-0.351447678041613,0.138,0.231,1
"Glyr1",0.387189895988287,-0.283251134543413,0.138,0.231,1
"Inpp5f",0.387845315117274,0.329084668194504,0.207,0.115,1
"Camk2a",0.387845315117274,0.372174349952648,0.207,0.115,1
"Rab7",0.389757772580274,0.30962913343626,0.276,0.192,1
"Erp29",0.390029634852832,-0.259869188858871,0.207,0.346,1
"Ttc19",0.390029634852832,-0.362032332564082,0.207,0.346,1
"Tmem243",0.39033532784248,-0.270925229872757,0.276,0.385,1
"Pwwp2a",0.39033532784248,0.575984365054429,0.345,0.308,1
"Robo1",0.39033532784248,0.291635545670708,0.379,0.269,1
"Lpp",0.390708567542463,-0.355199827104238,0.31,0.462,1
"Irs1",0.391656243492805,0.398549336323095,0.241,0.154,1
"Clasrp",0.391656243492805,0.39421102325055,0.241,0.154,1
"Mapk1ip1",0.391656243492805,0.492113481863449,0.241,0.154,1
"Purg",0.391656243492805,-0.647054211390281,0.172,0.231,1
"Abhd14b",0.391656243492805,0.401085929972928,0.241,0.154,1
"Fbxo7",0.391656243492805,0.552442662816678,0.241,0.154,1
"Thoc1",0.391656243492805,0.334194610586561,0.241,0.154,1
"Pcmtd1",0.392059283811386,0.370547928274747,0.448,0.385,1
"Maco1",0.394500944778066,-0.37426900046923,0.172,0.269,1
"Cyld",0.39473061529651,0.260185167002489,0.345,0.231,1
"Trappc8",0.39473061529651,-0.332198905966169,0.241,0.346,1
"Ino80d",0.395981973104748,0.575113711281178,0.31,0.231,1
"Gpatch2",0.395981973104748,0.399443820803232,0.31,0.231,1
"Gm33989",0.396460355971439,0.459808148761942,0.31,0.192,1
"Mctp1",0.396460355971439,-0.418043808175323,0.207,0.308,1
"Atxn10",0.398362501295947,0.44786235843054,0.379,0.308,1
"Metap1d",0.398545146806266,0.36764511218852,0.345,0.269,1
"Hlf",0.398545146806266,0.345974223146571,0.345,0.269,1
"E330034L11Rik",0.39956023810076,0.250727149487799,0.103,0.038,1
"Nfu1",0.39956023810076,0.252720067653519,0.103,0.038,1
"Lats1",0.401098913368326,-0.362749063936298,0.138,0.231,1
"Sparc",0.401098913368326,-0.413531352363847,0.138,0.231,1
"Esyt2",0.401098913368326,-0.281986360712916,0.138,0.231,1
"Erc2",0.401098913368326,-0.433869478524402,0.138,0.231,1
"Parn",0.401098913368326,-0.337592309086909,0.138,0.231,1
"Shroom4",0.401098913368326,-0.301256900776031,0.138,0.231,1
"Snx2",0.40158299996654,-0.41341366232615,0.276,0.385,1
"Pde4dip",0.401763907532495,-0.315190585575353,0.103,0.192,1
"Gm26691",0.401763907532495,-0.262975626998427,0.103,0.192,1
"Parp11",0.401763907532495,-0.275881525246767,0.103,0.192,1
"Mfhas1",0.401763907532495,-0.267369241789778,0.103,0.192,1
"Synj2bp",0.401763907532495,-0.268737850965811,0.103,0.192,1
"Supt6",0.402354473047244,0.537257581433362,0.276,0.192,1
"Opa1",0.402354473047244,-0.502680869475141,0.207,0.269,1
"Prkd1",0.403839067187141,-0.397289820473162,0.414,0.615,1
"Il6ra",0.405133803718137,0.300001008426283,0.241,0.154,1
"S100pbp",0.405133803718137,0.294818835824929,0.241,0.154,1
"Ppme1",0.405133803718137,0.357342474443664,0.241,0.154,1
"Acss2",0.405678750866927,-0.477870989608924,0.31,0.423,1
"Peak1",0.405678750866927,0.348529474046522,0.414,0.308,1
"Ap2b1",0.406507309571053,-0.273148105185289,0.241,0.346,1
"Lix1",0.406507309571053,0.360786032882263,0.345,0.231,1
"Csmd1",0.407186586371934,-0.516874846558483,0.517,0.538,1
"Rgl1",0.407582738716905,-0.321016760380273,0.172,0.269,1
"Cnp",0.407582738716905,-0.38482986436372,0.172,0.269,1
"Zmynd11",0.407723303060589,0.266339054711943,0.483,0.385,1
"Pip4p2",0.408050051901665,0.419342526319021,0.31,0.231,1
"Gm12353",0.408050051901665,-0.406301615669676,0.241,0.308,1
"ENSMUSG00000120023",0.408050051901665,0.347991470331588,0.31,0.231,1
"Rps18",0.408050051901665,0.333560662328738,0.31,0.231,1
"Appl2",0.408799389915107,0.264722011793089,0.759,0.692,1
"Elf2",0.408841035588252,-0.422115775378905,0.207,0.308,1
"Zfp871",0.408841035588252,-0.431663334288806,0.207,0.308,1
"Stk11ip",0.40913272976158,0.435096579106158,0.138,0.077,1
"Rbbp5",0.40913272976158,0.335059709117941,0.138,0.077,1
"Sox13",0.40913272976158,0.48128759524293,0.138,0.077,1
"Aldh9a1",0.40913272976158,0.330827904905161,0.138,0.077,1
"Gm5842",0.40913272976158,0.413788506973012,0.138,0.077,1
"4933431E20Rik",0.40913272976158,0.309719385126405,0.138,0.077,1
"ENSMUSG00000120639",0.40913272976158,0.530307160482812,0.138,0.077,1
"Tmem229a",0.40913272976158,0.304447481009987,0.138,0.077,1
"Lhfpl4",0.40913272976158,0.372960719756292,0.138,0.077,1
"Gm9801",0.40913272976158,0.37649124175819,0.138,0.077,1
"Trim3",0.40913272976158,0.546225058133803,0.138,0.077,1
"Thyn1",0.40913272976158,0.388231384468021,0.138,0.077,1
"Prmt2",0.40913272976158,0.403597790425639,0.138,0.077,1
"Stk10",0.40913272976158,0.355918868481928,0.138,0.077,1
"Mir22hg",0.40913272976158,0.450637462611544,0.138,0.077,1
"Lyrm4",0.40913272976158,0.445665525892444,0.138,0.077,1
"Simc1",0.40913272976158,0.435484112715308,0.138,0.077,1
"Snx18",0.40913272976158,0.428818690223346,0.138,0.077,1
"Dcaf11",0.40913272976158,0.41413753632001,0.138,0.077,1
"ENSMUSG00000120224",0.40913272976158,0.399729318007739,0.138,0.077,1
"Ppp1r1a",0.40913272976158,0.362922274238102,0.138,0.077,1
"Vps26c",0.40913272976158,0.462548187152784,0.138,0.077,1
"Cd320",0.40913272976158,0.33850622905348,0.138,0.077,1
"Emx2",0.40913272976158,0.451294931346093,0.138,0.077,1
"Syn1",0.40913272976158,0.375956712669524,0.138,0.077,1
"Egfr",0.409554654457986,0.453540789436008,0.379,0.308,1
"Arid4b",0.409554654457986,-0.537698505568257,0.31,0.385,1
"Nme7",0.410148916718785,0.457218255818642,0.345,0.269,1
"Dnajc13",0.413022981473411,-0.297042043639956,0.276,0.385,1
"Lrp1",0.413022981473411,0.276581386069689,0.379,0.269,1
"Csnk1a1",0.414024371932014,0.270918834134426,0.552,0.462,1
"Ston2",0.415192191252994,0.616565220570606,0.276,0.192,1
"Sipa1l2",0.415303741437394,-0.411383716216545,0.138,0.231,1
"Gtf2a1",0.415303741437394,-0.366411156251381,0.138,0.231,1
"Rab11fip3",0.415303741437394,-0.298786460940089,0.138,0.231,1
"Gm50035",0.415303741437394,-0.27149825211844,0.138,0.231,1
"Zfr",0.416787167216837,-0.389694726693206,0.448,0.5,1
"Camk2n1",0.416816379861819,0.303582693229533,0.414,0.308,1
"Tcf20",0.416816379861819,-0.358904219357855,0.31,0.423,1
"Prrg1",0.417252981435026,0.25624492307681,0.207,0.115,1
"Kcnn2",0.417348474069383,0.342734574402478,0.586,0.462,1
"Gak",0.417374775375704,-0.250874867367817,0.103,0.192,1
"Serf2",0.41888482516317,0.418407055229514,0.241,0.154,1
"Clock",0.41888482516317,0.449198901189815,0.241,0.154,1
"Ypel3",0.41888482516317,0.309270176844212,0.241,0.154,1
"Timm23",0.41888482516317,0.325052051200182,0.241,0.154,1
"Arhgap12",0.41888482516317,0.429259622383225,0.241,0.154,1
"Nrcam",0.419878280892295,-0.296456824434173,0.552,0.692,1
"Etv4",0.420334594043127,0.29123518074105,0.31,0.231,1
"Hnrnpm",0.420334594043127,0.482051387157273,0.31,0.231,1
"Pogz",0.420919711235324,-0.353519060474296,0.172,0.269,1
"2610005L07Rik",0.420919711235324,-0.319677390367361,0.172,0.269,1
"Galnt16",0.420919711235324,-0.280433587572171,0.172,0.269,1
"Abcd2",0.420919711235324,-0.43868958408792,0.172,0.269,1
"Spaca6",0.420919711235324,-0.40645479747237,0.172,0.269,1
"Pde3b",0.420931727223741,-0.430880098887294,0.31,0.385,1
"Ckb",0.421419680097656,0.266297948693397,0.793,0.808,1
"Hnrnph3",0.42144898580513,-0.286548446431157,0.207,0.308,1
"Krit1",0.421951148691116,0.427368627031085,0.345,0.269,1
"Prickle2",0.424025712285241,0.571665384065264,0.448,0.385,1
"Tacc1",0.424025712285241,0.467211429471708,0.448,0.385,1
"Trp53bp2",0.424653808127168,-0.290894891094757,0.276,0.385,1
"Dip2c",0.425983879676508,-0.304780085696241,0.414,0.577,1
"Unc50",0.427036608541062,0.366217171330626,0.138,0.077,1
"1700019D03Rik",0.427036608541062,0.344165149291059,0.138,0.077,1
"Ilkap",0.427036608541062,0.485565019209462,0.138,0.077,1
"Kmo",0.427036608541062,0.462560558875432,0.138,0.077,1
"Traf5",0.427036608541062,0.380648328891692,0.138,0.077,1
"Akr1a1",0.427036608541062,0.406380617747886,0.138,0.077,1
"Eif2b3",0.427036608541062,0.355003073606218,0.138,0.077,1
"Rheb",0.427036608541062,0.326375466499714,0.138,0.077,1
"4932441J04Rik",0.427036608541062,0.339360114011849,0.138,0.077,1
"Tecpr1",0.427036608541062,0.314547232139269,0.138,0.077,1
"Cdkn1b",0.427036608541062,0.356406342604287,0.138,0.077,1
"Ryk",0.427036608541062,0.400560802520827,0.138,0.077,1
"P4htm",0.427036608541062,0.37622954855302,0.138,0.077,1
"Pln",0.427036608541062,0.273500562569557,0.138,0.077,1
"S100b",0.427036608541062,0.400707294923977,0.138,0.077,1
"Mat2b",0.427036608541062,0.415279703295824,0.138,0.077,1
"Max",0.427036608541062,0.553844035198746,0.138,0.077,1
"Mier3",0.427036608541062,0.331223719682092,0.138,0.077,1
"Cbx7",0.427036608541062,0.36681721847625,0.138,0.077,1
"Satb1",0.427036608541062,0.380737520611425,0.138,0.077,1
"Asxl3",0.427036608541062,0.321375663060921,0.138,0.077,1
"Afap1l1",0.427036608541062,0.291136600547488,0.138,0.077,1
"4732471J01Rik",0.428268838666698,0.310982049013206,0.276,0.192,1
"Araf",0.428268838666698,0.291661542290746,0.276,0.192,1
"Ctdspl2",0.429046855864807,0.310215570440652,0.414,0.346,1
"Aspa",0.429120551148999,0.477799234764073,0.483,0.385,1
"Phip",0.42948661038818,-0.450551677828559,0.345,0.462,1
"Cntnap2",0.429801561037015,0.868319354402855,0.207,0.154,1
"Sgcz",0.429801561037015,0.574170018728665,0.207,0.154,1
"Wdpcp",0.429801561037015,-0.320461502054522,0.138,0.231,1
"Lpxn",0.429801561037015,-0.309454342141646,0.138,0.231,1
"Psmd7",0.43283370923539,0.282022411693961,0.31,0.231,1
"Gna13",0.43283370923539,-0.463379052669711,0.241,0.308,1
"Cdip1",0.43283370923539,-0.412732449788661,0.241,0.308,1
"Ralgapb",0.432906690028405,0.25522006244454,0.241,0.154,1
"Tmem161b",0.432906690028405,0.349250769356341,0.241,0.154,1
"Bcar3",0.433337570019268,0.720139057964955,0.172,0.115,1
"Snrnp40",0.433337570019268,0.356484069600133,0.172,0.115,1
"Ctnnbip1",0.433337570019268,0.473373817273036,0.172,0.115,1
"Tdrd3",0.433337570019268,0.360837136177472,0.172,0.115,1
"Cdc5l",0.433337570019268,0.404984054399204,0.172,0.115,1
"Rnmt",0.433337570019268,0.461536382413231,0.172,0.115,1
"Acin1",0.433778653596555,-0.306674059391037,0.379,0.538,1
"Cep350",0.433845566789596,-0.322151301552509,0.31,0.423,1
"Klf7",0.433950148825027,-0.51960476502761,0.276,0.346,1
"Papola",0.434282152004486,-0.407203792202111,0.207,0.308,1
"Eogt",0.434509442601298,0.419082144001787,0.241,0.192,1
"Far1",0.434509442601298,-0.261670090182748,0.172,0.269,1
"Ylpm1",0.434509442601298,-0.272530885634841,0.172,0.269,1
"Pacs1",0.434509442601298,-0.254879035712104,0.172,0.269,1
"Gm36975",0.434696902146798,0.262407173020432,0.448,0.308,1
"N4bp2l2",0.436473834072107,-0.488131054897951,0.276,0.385,1
"Dlg1",0.438581370425622,0.363358094927254,0.552,0.577,1
"Zfp609",0.439625115929444,-0.287543217826494,0.31,0.423,1
"Rab2a",0.440389675420358,-0.261265029988831,0.345,0.423,1
"Dstyk",0.441582040896923,0.277352906214329,0.276,0.192,1
"Rtf1",0.441582040896923,0.405815543466304,0.276,0.192,1
"Cacna1d",0.441582040896923,0.293160224509125,0.276,0.192,1
"Rcbtb1",0.441582040896923,0.460862029865828,0.276,0.192,1
"Caskin1",0.441582040896923,0.396360024404613,0.276,0.192,1
"Slc20a2",0.443073508898412,-0.493866819963135,0.241,0.346,1
"Pde4b",0.443611964765603,0.488091389750365,0.621,0.692,1
"Cbfa2t2",0.444234419070842,0.37638912803024,0.379,0.308,1
"Map7d2",0.444589123068696,-0.34286550989663,0.138,0.231,1
"Agfg1",0.445388916767247,0.301342843438794,0.138,0.077,1
"Gm38251",0.445388916767247,0.365569253582916,0.138,0.077,1
"Npdc1",0.445388916767247,0.365514050251132,0.138,0.077,1
"Park7",0.445388916767247,0.368205680669729,0.138,0.077,1
"Orc5",0.445388916767247,0.279779583871683,0.138,0.077,1
"Shroom3",0.445388916767247,0.542868737359312,0.138,0.077,1
"Gcn1",0.445388916767247,0.36133316277776,0.138,0.077,1
"Bhlhe40",0.445388916767247,0.464611167229243,0.138,0.077,1
"Bcl2l13",0.445388916767247,0.293166992268195,0.138,0.077,1
"Nipa2",0.445388916767247,0.339610190665894,0.138,0.077,1
"Pcf11",0.445388916767247,0.433733437047199,0.138,0.077,1
"Clns1a",0.445388916767247,0.420780371517786,0.138,0.077,1
"Polr3e",0.445388916767247,0.324281558757902,0.138,0.077,1
"Smad1",0.445388916767247,0.388854591385419,0.138,0.077,1
"Slc44a2",0.445388916767247,0.346113304649942,0.138,0.077,1
"Psma4",0.445388916767247,0.394156448231674,0.138,0.077,1
"Rnf146",0.445388916767247,0.433469630373226,0.138,0.077,1
"Zbtb7a",0.445388916767247,0.308526927681877,0.138,0.077,1
"Slc1a4",0.445388916767247,0.31239914934801,0.138,0.077,1
"Mmp28",0.445388916767247,0.340840143387264,0.138,0.077,1
"Ezh1",0.445388916767247,0.353857961933625,0.138,0.077,1
"Plekhg3",0.445388916767247,0.284407519541465,0.138,0.077,1
"H2bc4",0.445388916767247,0.394924039771812,0.138,0.077,1
"Pdlim2",0.445388916767247,0.309890761617883,0.138,0.077,1
"Ndfip2",0.445388916767247,0.383802879114488,0.138,0.077,1
"Mrpl13",0.445388916767247,0.482777620481115,0.138,0.077,1
"0610012G03Rik",0.445388916767247,0.395821223946959,0.138,0.077,1
"Sh3gl1",0.445388916767247,0.2598734687525,0.138,0.077,1
"Prr16",0.445388916767247,0.469745163084045,0.138,0.077,1
"Ndufv1",0.445388916767247,0.345911788987924,0.138,0.077,1
"Uba1",0.445388916767247,0.279705956508441,0.138,0.077,1
"Lims1",0.445478269697628,-0.299435908326531,0.483,0.538,1
"Ppp1r10",0.445545274318702,0.257146718966234,0.31,0.231,1
"Stxbp6",0.446144026780358,0.318355560040314,0.345,0.269,1
"Ppp2r5c",0.446158430558025,-0.253709376126405,0.379,0.462,1
"Pdia3",0.447196410552733,0.256457411642146,0.241,0.154,1
"Chmp4b",0.447196410552733,0.466560800922498,0.241,0.154,1
"Pabpn1",0.447196410552733,0.392625262872205,0.241,0.154,1
"Psat1",0.447196410552733,0.317952098195413,0.241,0.154,1
"Arpp19",0.447935708565778,0.250627522117587,0.207,0.115,1
"Copa",0.448481230874067,-0.287711153395046,0.276,0.385,1
"Enox1",0.448481230874067,0.302140135156442,0.379,0.269,1
"Osbpl6",0.449647894714936,0.481840337328875,0.172,0.115,1
"Adat1",0.449647894714936,0.620586354074188,0.172,0.115,1
"Fam114a2",0.449647894714936,0.406658782167703,0.172,0.115,1
"Txndc15",0.449647894714936,0.39778473252363,0.172,0.115,1
"Utrn",0.451292973621215,0.377012518075578,0.414,0.308,1
"Nova1",0.452054191133449,-0.256858448349329,0.345,0.462,1
"Arl3",0.455129136127578,0.322154312325654,0.276,0.192,1
"Ncoa1",0.456653163152477,-0.257418938834103,0.621,0.769,1
"Asb3",0.458466932220678,0.284520127674027,0.31,0.231,1
"Zfp106",0.46061462727301,-0.489344910217048,0.207,0.308,1
"Lair1",0.460673986846819,0.595161521243539,0.345,0.308,1
"Plekhh1",0.46175062710482,0.287156636322083,0.241,0.154,1
"Synpr",0.46175062710482,0.36600760226492,0.241,0.154,1
"Nedd8",0.46175062710482,-0.364358811445252,0.172,0.231,1
"Gm28175",0.462435884003086,-0.250157846014779,0.172,0.269,1
"Cadm4",0.462435884003086,0.52248236619151,0.241,0.192,1
"9930021J03Rik",0.463134056808482,-0.626072116810879,0.345,0.385,1
"Nkx2-2os",0.464182645071713,0.320521085285481,0.138,0.077,1
"Peds1",0.464182645071713,0.352911383134588,0.138,0.077,1
"Gm12394",0.464182645071713,0.263349817417768,0.138,0.077,1
"0610043K17Rik",0.464182645071713,0.345659240354818,0.138,0.077,1
"Tmco3",0.464182645071713,0.259935818421763,0.138,0.077,1
"Rad23a",0.464182645071713,0.343023307040856,0.138,0.077,1
"Thy1",0.464182645071713,0.289998273089869,0.138,0.077,1
"Rtkn2",0.464182645071713,0.284899849278432,0.138,0.077,1
"Xpot",0.464182645071713,0.318027109757051,0.138,0.077,1
"Tmem256",0.464182645071713,0.315205999776713,0.138,0.077,1
"Pfn1",0.464182645071713,0.338299417390977,0.138,0.077,1
"Nbr1",0.464182645071713,0.367818709207759,0.138,0.077,1
"Kctd2",0.464182645071713,0.436043408367774,0.138,0.077,1
"Gpr22",0.464182645071713,0.30893355160136,0.138,0.077,1
"Mboat1",0.464182645071713,0.292699230085809,0.138,0.077,1
"Rhobtb3",0.464182645071713,0.316481777696143,0.138,0.077,1
"Supt16",0.464182645071713,0.2614301709799,0.138,0.077,1
"Dock5",0.464182645071713,0.293308295778179,0.138,0.077,1
"Sqle",0.464182645071713,0.272682882264375,0.138,0.077,1
"Abcf3",0.464182645071713,0.324878328649043,0.138,0.077,1
"Gm9706",0.464182645071713,0.273267419324654,0.138,0.077,1
"Lman1",0.464182645071713,0.360202084076245,0.138,0.077,1
"Aip",0.464182645071713,0.27520690484808,0.138,0.077,1
"Psd3",0.465026854759055,-0.259120826946532,0.483,0.654,1
"Pacrg",0.465035635095519,0.259135191477827,0.586,0.538,1
"Usp8",0.466300726212851,0.626048157104332,0.172,0.115,1
"Tpd52",0.466300726212851,0.335214061502004,0.172,0.115,1
"Smim19",0.466300726212851,0.365315005575864,0.172,0.115,1
"Cotl1",0.466300726212851,0.31794614355754,0.172,0.115,1
"Thap2",0.466300726212851,0.483610943725444,0.172,0.115,1
"Cnot6",0.466300726212851,0.410177058770723,0.172,0.115,1
"Mlh3",0.466300726212851,0.453145823559407,0.172,0.115,1
"Gpatch2l",0.466300726212851,0.346505718068257,0.172,0.115,1
"Commd10",0.466300726212851,0.436782038099726,0.172,0.115,1
"Fibp",0.466300726212851,0.617355162970896,0.172,0.115,1
"Cwf19l2",0.468256444509696,0.420241228481826,0.379,0.308,1
"Ikzf2",0.468907174119577,0.294913399070707,0.276,0.192,1
"Caap1",0.468907174119577,-0.39107928239145,0.207,0.269,1
"Mbp",0.470352410035556,0.437728490948415,0.586,0.462,1
"Gsdme",0.471107868055115,-0.465967727034827,0.276,0.346,1
"Arhgap32",0.471107868055115,0.46748552120354,0.345,0.269,1
"Rpl8",0.471107868055115,0.410311207953651,0.345,0.269,1
"Rps3a1",0.471596091327441,0.440582181062542,0.31,0.231,1
"Cacna2d1",0.471596091327441,0.309407208249303,0.31,0.231,1
"Adam23",0.473819160716225,-0.363473138317568,0.414,0.462,1
"Phgdh",0.474108537577802,-0.346410381585687,0.207,0.308,1
"Tjp1",0.474942539204623,0.256284004020872,0.655,0.654,1
"Chp1",0.475018314104694,0.405278867422217,0.207,0.154,1
"Slc38a3",0.475018314104694,0.400843422984622,0.207,0.154,1
"Baz2a",0.475018314104694,0.417626694106766,0.207,0.154,1
"Rnf169",0.475431136194402,-0.277661978408792,0.345,0.423,1
"Gm46367",0.475431136194402,-0.447064459598158,0.345,0.423,1
"Prpsap2",0.475707535729885,-0.661419038764406,0.103,0.154,1
"Smim13",0.475707535729885,-0.485526593774418,0.103,0.154,1
"Cox5b",0.476766131751605,-0.373653167180905,0.172,0.269,1
"Sez6l2",0.476766131751605,-0.304541107361169,0.172,0.269,1
"Ntan1",0.476766131751605,0.470038338646445,0.241,0.192,1
"Vezf1",0.479861237577491,-0.784720495502636,0.138,0.192,1
"Alcam",0.481382368037701,-0.3532927795381,0.517,0.538,1
"Abcc5",0.481450669424266,-0.310390478410992,0.241,0.346,1
"Gpatch8",0.482352698583213,0.301795979093562,0.483,0.462,1
"Ptpn1",0.482912915790877,0.316296140116417,0.276,0.192,1
"Tmx3",0.482912915790877,0.285408925968804,0.276,0.192,1
"Tor1aip1",0.483290412870775,0.594200498676268,0.172,0.115,1
"Atp5g3",0.483290412870775,0.320173916549222,0.172,0.115,1
"Mrps26",0.483290412870775,0.285472175664223,0.172,0.115,1
"Rnf24",0.483290412870775,0.300011462234814,0.172,0.115,1
"Map7d1",0.483290412870775,0.329432924881009,0.172,0.115,1
"Cox6b1",0.483290412870775,0.347045506633983,0.172,0.115,1
"Smarca4",0.483290412870775,0.314675642671147,0.172,0.115,1
"Jam3",0.483290412870775,0.362874916425217,0.172,0.115,1
"Gdpd1",0.483290412870775,0.306761148380659,0.172,0.115,1
"Mif4gd",0.483290412870775,0.375592630925389,0.172,0.115,1
"Dscam",0.483290412870775,0.404174237034478,0.172,0.115,1
"Gm13266",0.483409749155107,0.314988706562398,0.138,0.077,1
"Bbln",0.483409749155107,0.252878518301828,0.138,0.077,1
"Cog6",0.483409749155107,0.311229141040647,0.138,0.077,1
"Cibar1",0.483409749155107,0.273521927587982,0.138,0.077,1
"Fktn",0.483409749155107,0.285207895124042,0.138,0.077,1
"Paics",0.483409749155107,0.268954058851814,0.138,0.077,1
"Gm4876",0.483409749155107,0.426569437497457,0.138,0.077,1
"Lsm1",0.483409749155107,0.257316567790152,0.138,0.077,1
"Sh3rf1",0.483409749155107,0.276496553934448,0.138,0.077,1
"Tet1",0.483409749155107,0.350050981335877,0.138,0.077,1
"Mterf3",0.483409749155107,0.259881583736916,0.138,0.077,1
"Ice1",0.483409749155107,0.255037000034692,0.138,0.077,1
"Stub1",0.483409749155107,0.255034455738091,0.138,0.077,1
"Naa40",0.483409749155107,0.298948652946025,0.138,0.077,1
"Slc16a2",0.483409749155107,0.313398636849694,0.138,0.077,1
"Sort1",0.483873062829883,0.295855709449061,0.345,0.269,1
"Tent2",0.483873062829883,0.282362416128983,0.345,0.269,1
"Ank",0.483873062829883,0.349854451834566,0.345,0.269,1
"Pcbp2",0.484929925281011,-0.521560241986638,0.241,0.308,1
"Specc1",0.485380941051597,-0.490148489584184,0.414,0.462,1
"Xpo7",0.487129715953038,0.298982425017551,0.414,0.385,1
"9430041J12Rik",0.487327629415757,-0.374226400913366,0.31,0.423,1
"Larp4b",0.487327629415757,-0.488925599543905,0.31,0.423,1
"E130114P18Rik",0.487442792761077,-0.265262643736317,0.345,0.423,1
"Csnk1g1",0.487816865531048,0.32915900494696,0.276,0.231,1
"Thrap3",0.490325338270687,0.628869798221966,0.31,0.308,1
"Lactb2",0.49065127755466,0.346221216460365,0.207,0.154,1
"Ndufa10",0.49065127755466,0.320138129036259,0.207,0.154,1
"Abtb2",0.49065127755466,0.278389384737914,0.207,0.154,1
"Dnajc21",0.49065127755466,0.420063323113015,0.207,0.154,1
"Arpc2",0.491336212802021,0.46407766946078,0.241,0.192,1
"Ago2",0.491336212802021,0.334059420622136,0.241,0.192,1
"Anks1",0.491336212802021,-0.261483025710978,0.172,0.269,1
"Lrrc8c",0.49163724484528,0.250682187232022,0.241,0.154,1
"Srpk2",0.493800760656939,0.276399395768692,0.517,0.423,1
"Eif4g2",0.494633890295342,0.444176190978182,0.31,0.269,1
"Mbtps1",0.496277718516017,-0.350105304160404,0.138,0.192,1
"Csnk1d",0.496277718516017,-0.589482613847389,0.138,0.192,1
"Tmem30a",0.496823598362834,-0.37604124506759,0.276,0.346,1
"Aplp1",0.497467587788536,0.2935277239638,0.517,0.462,1
"Tram1",0.499017209081985,-0.261705153289076,0.069,0.115,1
"Tor1aip2",0.499017209081985,-0.282309897203998,0.069,0.115,1
"Emc4",0.499017209081985,-0.397499317328772,0.069,0.115,1
"Eif2a",0.499017209081985,-0.365298538758402,0.069,0.115,1
"Rgs3",0.499017209081985,-0.347257132654891,0.069,0.115,1
"Commd8",0.499017209081985,-0.381514010812576,0.069,0.115,1
"Fmc1",0.499017209081985,-0.319592005771703,0.069,0.115,1
"Clptm1",0.499017209081985,-0.420945660033525,0.069,0.115,1
"Cryab",0.499017209081985,-0.632238560665391,0.069,0.115,1
"Ric8b",0.499017209081985,-0.312487171128764,0.069,0.115,1
"Mdm2",0.499017209081985,-0.282793210353437,0.069,0.115,1
"Mok",0.499017209081985,-0.315421302775965,0.069,0.115,1
"Pcyt1a",0.499017209081985,-0.347729152260075,0.069,0.115,1
"4933424G05Rik",0.499017209081985,-0.298838037904816,0.069,0.115,1
"Gm9895",0.499017209081985,-0.475519497041502,0.069,0.115,1
"C1galt1c1",0.499017209081985,-0.431643368649592,0.069,0.115,1
"Vma21",0.499017209081985,-0.262249358519315,0.069,0.115,1
"Ppp3ca",0.499452392309218,-0.276147162408719,0.759,0.962,1
"Olfm1",0.499675580697578,0.398428876408695,0.379,0.346,1
"Nfs1",0.500610674641923,0.29836121905888,0.172,0.115,1
"Dpyd",0.500610674641923,0.447900791205183,0.172,0.115,1
"H2az1",0.500610674641923,0.518273406169484,0.172,0.115,1
"Metap1",0.500610674641923,0.352552438600875,0.172,0.115,1
"Brap",0.500610674641923,0.401328455528261,0.172,0.115,1
"Rpl4",0.500610674641923,0.371791153727269,0.172,0.115,1
"Rnf112",0.500610674641923,0.338251010859605,0.172,0.115,1
"2700097O09Rik",0.500610674641923,0.300203952871726,0.172,0.115,1
"Pcyt1b",0.500610674641923,0.365425994127154,0.172,0.115,1
"Wwtr1",0.503061149087273,0.299746322544212,0.138,0.077,1
"Gucy1b1",0.503061149087273,0.350763047046962,0.138,0.077,1
"Id2",0.503061149087273,0.30080096180612,0.138,0.077,1
"Exoc2",0.503061149087273,0.251136662223795,0.138,0.077,1
"Otc",0.503061149087273,0.271998478949593,0.138,0.077,1
"Clu",0.503858338101197,-0.517947137772843,0.517,0.538,1
"Camk2d",0.505392658085726,-0.261478796673605,0.448,0.5,1
"Ralgps1",0.505600570998133,0.299952366634759,0.379,0.308,1
"Trpc4ap",0.506142081713227,0.317737641531106,0.241,0.192,1
"Rad17",0.506142081713227,0.250052789092477,0.241,0.192,1
"Tomm20",0.506556652564679,0.473859008702333,0.207,0.154,1
"Tmem218",0.506556652564679,0.344345797259917,0.207,0.154,1
"Micu1",0.506556652564679,0.325119180416867,0.207,0.154,1
"Smim4",0.506556652564679,0.459728952853542,0.207,0.154,1
"Coro2b",0.506961062077554,-0.394404120125451,0.172,0.231,1
"Sst",0.508007670051322,-0.266978777425645,0.241,0.346,1
"Prdx1",0.509956596537885,-0.351641050901084,0.276,0.346,1
"Mtch2",0.512199140402275,-0.420435976248713,0.241,0.308,1
"Ahcyl1",0.5122997685093,0.344265426194882,0.517,0.5,1
"Notch2",0.512467064475391,-0.29653957005288,0.103,0.154,1
"Slc16a4",0.512467064475391,-0.395259043980943,0.103,0.154,1
"Ddx10",0.512467064475391,-0.327918055343557,0.103,0.154,1
"Nsdhl",0.512467064475391,-0.330143037416169,0.103,0.154,1
"Mtx2",0.512989068084927,-0.29615180594082,0.138,0.192,1
"Anapc1",0.512989068084927,-0.513535372689432,0.138,0.192,1
"Rps21",0.512989068084927,-0.45791801276023,0.138,0.192,1
"Myef2",0.518254604980168,0.269040095275034,0.172,0.115,1
"Wars2",0.518254604980168,0.269555618868206,0.172,0.115,1
"Cpeb2",0.518254604980168,0.460557919825815,0.172,0.115,1
"Psph",0.518254604980168,0.268345783979047,0.172,0.115,1
"Atp6v1f",0.518254604980168,0.292526116610723,0.172,0.115,1
"Tpi1",0.518254604980168,0.317570176346069,0.172,0.115,1
"Tubb3",0.518254604980168,0.339251619778972,0.172,0.115,1
"Coil",0.518254604980168,0.273376967410513,0.172,0.115,1
"Mccc2",0.518254604980168,0.424355853443172,0.172,0.115,1
"Pxk",0.518254604980168,0.305919383126451,0.172,0.115,1
"Jam2",0.518254604980168,0.279109846627861,0.172,0.115,1
"Sec11c",0.518254604980168,0.444437638923169,0.172,0.115,1
"Dnajc10",0.520720567254746,-0.250840121277611,0.069,0.115,1
"Mrps28",0.520720567254746,-0.569225362365741,0.069,0.115,1
"Slc25a13",0.520720567254746,-0.424901143704112,0.069,0.115,1
"Mkrn1",0.520720567254746,-0.336050928053031,0.069,0.115,1
"Tpk1",0.520720567254746,-0.430424187606717,0.069,0.115,1
"Clcn2",0.520720567254746,-0.296354334040444,0.069,0.115,1
"Poglut1",0.520720567254746,-0.254910160960261,0.069,0.115,1
"Ppard",0.520720567254746,-0.332010381161763,0.069,0.115,1
"Sorcs3",0.520720567254746,-0.294638841925019,0.069,0.115,1
"Prdx4",0.520720567254746,-0.294243823907941,0.069,0.115,1
"Msl1",0.521179368945987,-0.268479224820705,0.172,0.269,1
"1810062O18Rik",0.521179368945987,0.275146222255202,0.241,0.192,1
"Gli3",0.522642270480357,-0.267481772971055,0.621,0.654,1
"Wdsub1",0.522729023428716,0.344216266906777,0.207,0.154,1
"Ccp110",0.522729023428716,0.501223903473233,0.207,0.154,1
"2900052N01Rik",0.522729023428716,0.287580486651198,0.207,0.154,1
"Map3k5",0.522729023428716,0.489870160907743,0.207,0.154,1
"Ncald",0.522729023428716,0.286775444698728,0.207,0.154,1
"Cyp2d22",0.522729023428716,0.456968782028619,0.207,0.154,1
"Tafa5",0.522729023428716,0.294993228369765,0.207,0.154,1
"Scaf11",0.522729023428716,0.297084241302925,0.207,0.154,1
"mt-Rnr1",0.523923863548958,-0.664490273376018,0.517,0.5,1
"Cyp7b1",0.524334894464713,-0.524756126098765,0.276,0.385,1
"Tom1l2",0.524439721247427,-0.297612511032818,0.345,0.423,1
"Atp11c",0.526127699417837,-0.331962102007818,0.241,0.308,1
"1810037I17Rik",0.529988938751575,-0.411295682116986,0.138,0.192,1
"Rnf34",0.529988938751575,-0.433608122087943,0.138,0.192,1
"Abcc4",0.529988938751575,-0.344830796439285,0.138,0.192,1
"Prune2",0.529988938751575,-0.574228137105514,0.138,0.192,1
"Ufl1",0.530193602088072,0.329897358575028,0.276,0.231,1
"Ppp2ca",0.530193602088072,0.376071912211066,0.276,0.231,1
"Grid1",0.531187982837587,-0.338911359151329,0.414,0.5,1
"Rabggtb",0.531387151585415,-0.303717688600698,0.103,0.154,1
"Nfxl1",0.531387151585415,-0.375178788965702,0.103,0.154,1
"Hsd17b11",0.531387151585415,-0.292730439701439,0.103,0.154,1
"Cadps2",0.531387151585415,-0.274126140645346,0.103,0.154,1
"Cycs",0.531387151585415,-0.531787718144015,0.103,0.154,1
"Fgfr1op2",0.531387151585415,-0.308123801823661,0.103,0.154,1
"Phlpp2",0.531387151585415,-0.533135355763603,0.103,0.154,1
"Tmtc3",0.531387151585415,-0.367786006255137,0.103,0.154,1
"Gm40841",0.531387151585415,-0.41721788282241,0.103,0.154,1
"Gtf2f2",0.531387151585415,-0.33622962994078,0.103,0.154,1
"Ankrd46",0.531387151585415,-0.316451064377716,0.103,0.154,1
"Tmem39a",0.531387151585415,-0.330306940142018,0.103,0.154,1
"Zdhhc9",0.531387151585415,-0.37170779024933,0.103,0.154,1
"Hook3",0.533116533659593,-0.304924649218639,0.448,0.423,1
"mt-Cytb",0.535681712160877,-0.428578315760102,0.483,0.538,1
"Btbd8",0.536214674693382,0.284536640863914,0.172,0.115,1
"Zfp932",0.536214674693382,0.260690859855566,0.172,0.115,1
"Nipsnap2",0.536214674693382,0.319436436132467,0.172,0.115,1
"Ninj2",0.536214674693382,0.568760623449406,0.172,0.115,1
"Rpl29",0.536214674693382,0.3725480129861,0.172,0.115,1
"Helz",0.536214674693382,0.313555205919852,0.172,0.115,1
"Rpl38",0.536214674693382,0.493707645136585,0.172,0.115,1
"Mettl23",0.536214674693382,0.452588105099802,0.172,0.115,1
"Alkbh1",0.536214674693382,0.369868533477323,0.172,0.115,1
"Flrt1",0.536214674693382,0.257155979456451,0.172,0.115,1
"Pank1",0.536214674693382,0.265644028197636,0.172,0.115,1
"Btaf1",0.536214674693382,0.288557774988285,0.172,0.115,1
"R3hcc1l",0.536214674693382,0.444234023720992,0.172,0.115,1
"Stx18",0.536443382896168,0.623573076520813,0.241,0.192,1
"Irf2",0.536443382896168,0.412205053346879,0.241,0.192,1
"Lifr",0.536443382896168,0.309342873020378,0.241,0.192,1
"Stk3",0.536757487947798,0.256248174365096,0.345,0.269,1
"Atp5o",0.537084162966248,0.259849914519202,0.414,0.346,1
"Zfp445",0.537587287445346,-0.382625761304731,0.31,0.346,1
"St6galnac3",0.537693495123504,-0.627129686713549,0.345,0.385,1
"Prkce",0.537693495123504,0.293160299785197,0.379,0.346,1
"Dbi",0.538345469797732,-0.59521435147244,0.172,0.231,1
"Nnat",0.538345469797732,-0.849639351824102,0.172,0.231,1
"Usp16",0.538345469797732,-0.257782949257591,0.172,0.231,1
"Mbd2",0.538345469797732,-0.269984364172809,0.172,0.231,1
"Colgalt2",0.539162545369398,0.521882836471638,0.207,0.154,1
"E130308A19Rik",0.539162545369398,0.252223353904107,0.207,0.154,1
"Sil1",0.539162545369398,0.411883467278579,0.207,0.154,1
"Upf3b",0.539162545369398,0.430188884369162,0.207,0.154,1
"Slc25a18",0.540247291657498,-0.262258711402063,0.241,0.308,1
"Ehbp1",0.54100975739838,0.292674898473286,0.517,0.423,1
"Fnbp4",0.541138054446356,-0.278777603165214,0.207,0.269,1
"Acox1",0.541138054446356,-0.27867681140419,0.207,0.269,1
"Mapkapk2",0.542900183209152,-0.28781353034932,0.069,0.115,1
"Ankrd16",0.542900183209152,-0.305028730163454,0.069,0.115,1
"Hnmt",0.542900183209152,-0.286373575967975,0.069,0.115,1
"Mdn1",0.542900183209152,-0.259055009797753,0.069,0.115,1
"Gpbp1l1",0.542900183209152,-0.291153422670806,0.069,0.115,1
"Tgoln1",0.542900183209152,-0.345098972233576,0.069,0.115,1
"Ppp5c",0.542900183209152,-0.280006845026499,0.069,0.115,1
"Timm10b",0.542900183209152,-0.314946951706636,0.069,0.115,1
"Klhl26",0.542900183209152,-0.288114531872476,0.069,0.115,1
"Kri1",0.542900183209152,-0.301213277515665,0.069,0.115,1
"Prep",0.542900183209152,-0.361470865066207,0.069,0.115,1
"Hmg20b",0.542900183209152,-0.261970242108916,0.069,0.115,1
"2310033P09Rik",0.542900183209152,-0.312961659659952,0.069,0.115,1
"Eral1",0.542900183209152,-0.423499951414738,0.069,0.115,1
"Slc39a9",0.542900183209152,-0.35690827920494,0.069,0.115,1
"Nalcn",0.542900183209152,-0.280324324561163,0.069,0.115,1
"Gm2245",0.542900183209152,-0.306046327312772,0.069,0.115,1
"Ift57",0.542900183209152,-0.401187669141736,0.069,0.115,1
"4930549G23Rik",0.542900183209152,-0.308643983262246,0.069,0.115,1
"Ccdc85b",0.542900183209152,-0.330691444470553,0.069,0.115,1
"Fgfbp3",0.542900183209152,-0.318760630467656,0.069,0.115,1
"Srsf5",0.545410906581102,-0.281125733412353,0.379,0.5,1
"Fcrls",0.547270475015116,-0.360589122529981,0.138,0.192,1
"Ptpn11",0.547270475015116,-0.283434003456876,0.138,0.192,1
"Spock3",0.547270475015116,-0.665473740268637,0.138,0.192,1
"Pigk",0.547571021106533,0.319181623401713,0.517,0.5,1
"Rmdn1",0.548711488300228,-0.280617456531103,0.379,0.423,1
"Sumo1",0.550465893780949,0.367264336479189,0.483,0.5,1
"Anapc5",0.550655104818847,-0.391261644874947,0.103,0.154,1
"Brsk1",0.550655104818847,-0.262385019236721,0.103,0.154,1
"Gm2115",0.550655104818847,-0.707669124014159,0.103,0.154,1
"Taldo1",0.550655104818847,-0.288284842096211,0.103,0.154,1
"Terf2",0.550655104818847,-0.263362817065907,0.103,0.154,1
"Nedd1",0.550655104818847,-0.333649801111838,0.103,0.154,1
"Cenpv",0.550655104818847,-0.307721082381816,0.103,0.154,1
"Dlst",0.550655104818847,-0.368504688080378,0.103,0.154,1
"Kdm5c",0.550655104818847,-0.297027099720422,0.103,0.154,1
"Ptpn9",0.551929112665978,0.379501488603961,0.241,0.192,1
"Prickle1",0.551929112665978,0.484222184272036,0.241,0.192,1
"Luc7l3",0.553490108996808,0.369263071320249,0.448,0.385,1
"Mink1",0.554395259724235,-0.361149214078382,0.172,0.231,1
"Foxk2",0.554395259724235,-0.250747275468903,0.172,0.231,1
"Hmox2",0.554395259724235,-0.3264037617782,0.172,0.231,1
"Mrpl24",0.554482737767366,0.352107907486439,0.172,0.115,1
"4930419G24Rik",0.554553929378639,-0.451898281836083,0.241,0.308,1
"Rsrc1",0.554553929378639,-0.260864075096058,0.241,0.308,1
"Tsc22d2",0.555850948574882,0.415252471627858,0.207,0.154,1
"Ppm1k",0.555850948574882,0.399198864919367,0.207,0.154,1
"Tenm4",0.555850948574882,0.306781851830986,0.207,0.154,1
"Swap70",0.555850948574882,0.355356689174841,0.207,0.154,1
"Tbk1",0.555850948574882,0.288612956684299,0.207,0.154,1
"Rnf157",0.555850948574882,0.43364582540662,0.207,0.154,1
"Ppp1r2",0.555850948574882,0.412454379668703,0.207,0.154,1
"Parg",0.556223664387133,-0.259513709188523,0.207,0.269,1
"Rasal2",0.557729964827371,-0.432379696477585,0.31,0.385,1
"Rsrc2",0.557844359615804,0.304094159150137,0.448,0.423,1
"Nlk",0.557844359615804,-0.441111460382447,0.379,0.5,1
"Luc7l2",0.558795643695968,-0.329390998123723,0.793,0.769,1
"Adra1a",0.559448649652279,0.284594228835181,0.276,0.231,1
"Itsn1",0.561473531253609,0.349431581638062,0.414,0.385,1
"Arnt2",0.562824337187509,-0.365393876933681,0.345,0.423,1
"Mdm4",0.563821810226041,-0.454506705386865,0.345,0.385,1
"Slc35a1",0.564826319009887,-0.334486651600777,0.138,0.192,1
"Tbc1d22a",0.564826319009887,-0.310277345381432,0.138,0.192,1
"Ofd1",0.564826319009887,-0.378398779848285,0.138,0.192,1
"Stau2",0.565540627438454,-0.3092150391283,0.069,0.115,1
"Cep152",0.565540627438454,-0.262528782064207,0.069,0.115,1
"Tbc1d19",0.565540627438454,-0.272147540176869,0.069,0.115,1
"Ppp1cc",0.565540627438454,-0.444899614689444,0.069,0.115,1
"Pdzrn3",0.565540627438454,-0.262059623538378,0.069,0.115,1
"Gramd1a",0.565540627438454,-0.510594712322087,0.069,0.115,1
"Tpp1",0.565540627438454,-0.383055317275011,0.069,0.115,1
"Mon1a",0.565540627438454,-0.342215398001943,0.069,0.115,1
"Magef1",0.565540627438454,-0.351846787323367,0.069,0.115,1
"Myl12b",0.565540627438454,-0.274133011123419,0.069,0.115,1
"Cstf2",0.565540627438454,-0.264968908773854,0.069,0.115,1
"Uqcrh",0.567631231576936,0.30301529783249,0.241,0.192,1
"Tasor2",0.567631231576936,0.353031240496208,0.241,0.192,1
"Btbd3",0.570260699251622,-0.380018077978785,0.103,0.154,1
"Dcun1d1",0.570260699251622,-0.257992809815155,0.103,0.154,1
"Exoc1",0.570260699251622,-0.294335029614557,0.103,0.154,1
"Stx1b",0.570260699251622,-0.363039352503257,0.103,0.154,1
"Cklf",0.570260699251622,-0.316827660172733,0.103,0.154,1
"Cog4",0.570260699251622,-0.301514722137724,0.103,0.154,1
"Zfr2",0.570260699251622,-0.300460225945799,0.103,0.154,1
"Ppm1h",0.570260699251622,-0.432957685947578,0.103,0.154,1
"Kdm1a",0.570675635624664,-0.3479977868396,0.172,0.231,1
"Itgb8",0.570675635624664,-0.525967633740689,0.172,0.231,1
"Atp6v1a",0.570675635624664,-0.291155537413699,0.172,0.231,1
"Gpr37l1",0.571159373890094,-0.265620917617919,0.31,0.385,1
"Aig1",0.571159373890094,0.276006838198752,0.379,0.308,1
"Atp11b",0.571511529613725,-0.328629017624357,0.207,0.269,1
"Pdgfrb",0.571511529613725,0.288715650707908,0.276,0.192,1
"Tmem47",0.571511529613725,-0.277546117741786,0.207,0.269,1
"2900022M07Rik",0.57278754337701,0.338141825291845,0.207,0.154,1
"Ttc39c",0.57278754337701,0.343964221133563,0.207,0.154,1
"Ptms",0.573050039174245,0.250488874365701,0.172,0.115,1
"Pgrmc1",0.573050039174245,0.422877594422778,0.172,0.115,1
"Hsp90b1",0.574364241345828,0.269657286539653,0.276,0.231,1
"Gabbr2",0.578327338674899,0.462421107320006,0.345,0.308,1
"Upp2",0.581880342953894,0.297105093712069,0.276,0.231,1
"Sec22b",0.582648617588144,-0.256478910582419,0.138,0.192,1
"Ipo8",0.582648617588144,-0.447640298611242,0.138,0.192,1
"Atp6v1d",0.582648617588144,-0.254372915276159,0.138,0.192,1
"Klhl24",0.582648617588144,-0.445677749364421,0.138,0.192,1
"Nav3",0.583117268359054,0.265567252941651,0.448,0.423,1
"4930444A19Rik",0.583544101425929,0.307094857375636,0.241,0.192,1
"Agap1",0.583544101425929,0.505809364723953,0.241,0.192,1
"Selenow",0.583544101425929,0.297557662395588,0.241,0.192,1
"Arhgap45",0.583544101425929,0.542306393140739,0.241,0.192,1
"Abi1",0.584003121906493,0.251619237978113,0.517,0.5,1
"Setbp1",0.585302468509853,0.502680302517353,0.31,0.308,1
"Bcl2l1",0.586996427872111,-0.34712850713744,0.207,0.269,1
"Ppfia2",0.586996427872111,-0.368610228888301,0.207,0.269,1
"Dock11",0.586996427872111,-0.436741916535209,0.207,0.269,1
"Luzp1",0.587180297964079,-0.476950727556336,0.172,0.231,1
"Rbmx",0.587180297964079,-0.327334602500632,0.172,0.231,1
"Nsmce2",0.587420031383064,0.418001969083123,0.414,0.385,1
"Snx5",0.588625086572178,-0.501490177586029,0.069,0.115,1
"Ccdc90b",0.588625086572178,-0.315319209278259,0.069,0.115,1
"Tmtc4",0.588625086572178,-0.252088117595158,0.069,0.115,1
"Rrm2b",0.588625086572178,-0.304992378108265,0.069,0.115,1
"A830019P07Rik",0.588625086572178,-0.364927204347025,0.069,0.115,1
"Atp6v0b",0.589108007467661,-0.350820074762746,0.517,0.577,1
"Gm47167",0.589465477054735,0.495612269072438,0.276,0.231,1
"Ncl",0.58996522657242,0.284169829998466,0.207,0.154,1
"Rhbdd1",0.590192953780273,-0.27910179481988,0.103,0.154,1
"Itpkb",0.590192953780273,-0.27933322654373,0.103,0.154,1
"Spi1",0.590192953780273,-0.263195424837192,0.103,0.154,1
"Pou3f2",0.590192953780273,-0.312406760744079,0.103,0.154,1
"B4galt6",0.590192953780273,-0.252805225846421,0.103,0.154,1
"Pcsk2",0.591907224670354,0.266975576480794,0.172,0.115,1
"Scamp5",0.592056193590493,0.388601135519399,0.31,0.269,1
"Smarca2",0.59240057210597,0.467116646791393,0.345,0.269,1
"Nrgn",0.596393140792045,-0.268424230572364,0.483,0.538,1
"Fyn",0.599661777483294,0.355295644883469,0.241,0.192,1
"Ap4s1",0.599661777483294,0.263875188073705,0.241,0.192,1
"Foxj2",0.600729030881723,-0.268886785498976,0.138,0.192,1
"Pcm1",0.602515603389696,0.25210476746155,0.414,0.346,1
"Sumo2",0.602515603389696,-0.290127546955507,0.345,0.423,1
"Rasgrp3",0.603902597525995,-0.334956261971791,0.172,0.231,1
"Supt3",0.604124468444198,-0.283046231456026,0.345,0.385,1
"Ubc",0.604747252710845,0.342643453621169,0.276,0.231,1
"Cpe",0.606766208012735,-0.508657004018741,0.828,0.923,1
"Qrich1",0.607376488883984,0.268381588113288,0.207,0.154,1
"Dnajc7",0.607376488883984,0.314773967776074,0.207,0.154,1
"Immt",0.610440146339838,-0.320445122998158,0.103,0.154,1
"Jakmip3",0.610440146339838,-0.251485075227834,0.103,0.154,1
"Hexa",0.610440146339838,-0.274579711881341,0.103,0.154,1
"Edem3",0.61058112429265,0.380650224488781,0.241,0.231,1
"Astn1",0.611530442885215,-0.356845608468969,0.345,0.5,1
"Edil3",0.611530442885215,-0.442182128924825,0.414,0.423,1
"Gm15520",0.615978014229381,0.456357250066893,0.241,0.192,1
"Sp3",0.619058742336054,-0.274859627127454,0.138,0.192,1
"Chfr",0.620204227069133,0.402693490630537,0.276,0.231,1
"Ly6h",0.620835542387165,-0.326803419487496,0.172,0.231,1
"Ndufa6",0.620835542387165,-0.392541018975601,0.172,0.231,1
"Eef1a1",0.621996244102348,0.411617098179365,0.448,0.423,1
"ENSMUSG00000120580",0.629378730038601,0.463352452410228,0.207,0.192,1
"Ccdc59",0.630989831906079,-0.427870448182081,0.103,0.154,1
"Fam171b",0.632042562966766,0.257581509382384,0.483,0.423,1
"Frmd4b",0.634261479481351,0.265558879692718,0.552,0.462,1
"Zdhhc21",0.634577073244024,-0.382325815429551,0.207,0.269,1
"Ptpra",0.635201514828117,0.323241843015539,0.448,0.423,1
"Acrbp",0.636052064957869,0.262558870131492,0.069,0.115,1
"Plce1",0.63762847020377,-0.333469250785557,0.138,0.192,1
"Gm11149",0.638163143824936,0.445145396121906,0.414,0.423,1
"Dgkd",0.646613802906274,0.440626067410882,0.207,0.192,1
"5430405H02Rik",0.649179723297607,-0.297754652589554,0.207,0.231,1
"Purb",0.649179723297607,0.306501038691661,0.241,0.192,1
"Rab30",0.649274942194516,0.298189170914979,0.345,0.308,1
"Zfand3",0.649274942194516,-0.288647484163143,0.31,0.346,1
"Ablim1",0.65055062923532,-0.314771119822332,0.276,0.346,1
"Ncoa3",0.65141130247021,0.253662417572721,0.31,0.269,1
"Adam10",0.651621251772269,0.309357967243905,0.276,0.231,1
"Mobp",0.651794314084005,0.526386986794718,0.276,0.269,1
"Lhfpl2",0.651828863250317,-0.253954961633857,0.103,0.154,1
"Flot1",0.651828863250317,0.262390358426009,0.103,0.154,1
"Trim26",0.651828863250317,-0.293384689383318,0.103,0.154,1
"Daam1",0.654593995616019,0.322625352774633,0.414,0.385,1
"Lncpint",0.654831404542183,-0.273044645769375,0.448,0.5,1
"Gabrg1",0.655303734882648,-0.271682421985124,0.172,0.231,1
"Eya1",0.66198191189884,0.255474492746144,0.345,0.346,1
"Rcan2",0.663883505512569,-0.273904171397152,0.31,0.346,1
"Pak1",0.664123600354865,0.269621196095181,0.483,0.5,1
"Gnb1",0.664296692911365,0.482197918675351,0.379,0.385,1
"Bcas1",0.665911679480854,0.795616274437003,0.172,0.154,1
"Lrrtm3",0.665911679480854,0.394837134318511,0.172,0.154,1
"Ltc4s",0.666051262461222,0.393368599998096,0.241,0.192,1
"Prodh",0.666051262461222,-0.258876659990554,0.207,0.231,1
"Camkmt",0.666051262461222,0.283746708557329,0.241,0.192,1
"Pkig",0.666622245509254,0.261473633839851,0.31,0.269,1
"Fcer1g",0.667175008477737,-0.267997410921985,0.207,0.269,1
"Map1lc3a",0.667175008477737,-0.270236084551001,0.207,0.269,1
"Smap2",0.667175008477737,-0.289565525260354,0.207,0.269,1
"Stk25",0.672643264854125,0.255563841833819,0.103,0.077,1
"Gm10516",0.672643264854125,0.455500304812052,0.103,0.077,1
"Ssr2",0.672643264854125,0.379099511177185,0.103,0.077,1
"Prkab2",0.672643264854125,0.433093666870088,0.103,0.077,1
"Haus6",0.672643264854125,0.356383372940184,0.103,0.077,1
"Pigv",0.672643264854125,0.272865823700804,0.103,0.077,1
"Pus7",0.672643264854125,0.326499078729321,0.103,0.077,1
"Suds3",0.672643264854125,0.311218854944575,0.103,0.077,1
"Rabgef1",0.672643264854125,0.338004456624659,0.103,0.077,1
"Ttll3",0.672643264854125,0.31048009347617,0.103,0.077,1
"Cmas",0.672643264854125,0.364605022579099,0.103,0.077,1
"Gm45844",0.672643264854125,0.335340603894247,0.103,0.077,1
"Zfp974",0.672643264854125,0.38115570123259,0.103,0.077,1
"Efl1",0.672643264854125,0.303164098893925,0.103,0.077,1
"Usp35",0.672643264854125,0.276166755211535,0.103,0.077,1
"Btbd10",0.672643264854125,0.327269779860631,0.103,0.077,1
"Ctxn1",0.672643264854125,0.350059271620767,0.103,0.077,1
"Fbxo25",0.672643264854125,0.288608460514886,0.103,0.077,1
"1700030K09Rik",0.672643264854125,0.278093493582701,0.103,0.077,1
"E530011L22Rik",0.672643264854125,0.325418759095232,0.103,0.077,1
"Septin10",0.672643264854125,0.429154369817545,0.103,0.077,1
"Gm47096",0.672643264854125,0.257737825370344,0.103,0.077,1
"Ubr7",0.672643264854125,0.305821658884577,0.103,0.077,1
"Nol7",0.672643264854125,0.348824889985126,0.103,0.077,1
"Med10",0.672643264854125,0.255733704923412,0.103,0.077,1
"Gm49003",0.672643264854125,0.453392321602317,0.103,0.077,1
"Uchl3",0.672643264854125,0.339391529096177,0.103,0.077,1
"Golph3",0.672643264854125,0.280222403041906,0.103,0.077,1
"Mrpl40",0.672643264854125,0.334448363318518,0.103,0.077,1
"Gtf2e1",0.672643264854125,0.349037597865623,0.103,0.077,1
"Gm36963",0.672643264854125,0.26300715744629,0.103,0.077,1
"Rps6ka2",0.672643264854125,0.29023445442549,0.103,0.077,1
"Sncaip",0.672643264854125,0.270596807263603,0.103,0.077,1
"Ctsf",0.672643264854125,0.344939709778345,0.103,0.077,1
"Vegfb",0.672643264854125,0.332798655250192,0.103,0.077,1
"Rps27",0.672823360367346,-0.334021952048432,0.172,0.231,1
"Mast3",0.67400895741442,-0.317873892245446,0.345,0.385,1
"Tbc1d5",0.674158598197549,-0.283217212150114,0.655,0.692,1
"Cd9",0.675426750175404,0.52724646469477,0.241,0.231,1
"Plekha1",0.681971507417414,0.351683882007827,0.31,0.269,1
"Sertad2",0.681971507417414,-0.34560665107503,0.276,0.308,1
"Ssb",0.683093512508407,-0.420824376076233,0.207,0.231,1
"Rcor1",0.683093512508407,-0.373734753279032,0.207,0.231,1
"Sned1",0.683599510064741,0.431951167223145,0.138,0.115,1
"Ddrgk1",0.683599510064741,0.34807278051124,0.138,0.115,1
"Nkain4",0.683599510064741,0.411181173884996,0.138,0.115,1
"Slc6a6",0.683599510064741,0.343501784014717,0.138,0.115,1
"Apbb1",0.683599510064741,0.287618918359954,0.138,0.115,1
"Ell",0.683599510064741,0.414792350893178,0.138,0.115,1
"Arhgap18",0.683599510064741,0.342564903673647,0.138,0.115,1
"Gabra1",0.683599510064741,0.393299460677714,0.138,0.115,1
"Kif2a",0.683599510064741,0.391236774976586,0.138,0.115,1
"Heg1",0.683599510064741,0.366039614529132,0.138,0.115,1
"Nxf1",0.683599510064741,0.29829793320625,0.138,0.115,1
"Exoc3",0.683669281848734,-0.338110501259116,0.241,0.269,1
"Gm26542",0.685037908445506,0.543213097894868,0.172,0.154,1
"Ncam2",0.685545276425328,-0.312398499592919,0.586,0.538,1
"E130307A14Rik",0.691046720332851,0.260356329652162,0.345,0.346,1
"Dennd5b",0.692046929420774,0.34908376621597,0.241,0.231,1
"Dmxl1",0.692538951203661,-0.302115728657104,0.379,0.385,1
"Atg13",0.697482379557235,0.293931385596411,0.103,0.077,1
"Tmsb10",0.697482379557235,0.305792441345564,0.103,0.077,1
"Dcbld1",0.697482379557235,0.253736253318825,0.103,0.077,1
"Slc16a6",0.697482379557235,0.320101924925741,0.103,0.077,1
"Mrps36",0.697482379557235,0.270212714922204,0.103,0.077,1
"Rrn3",0.697482379557235,0.333911928817011,0.103,0.077,1
"4933411O13Rik",0.697482379557235,0.377000110674687,0.103,0.077,1
"Ttc27",0.697482379557235,0.304282078502594,0.103,0.077,1
"4930578G10Rik",0.697646413894107,-0.451468079599346,0.172,0.192,1
"Hdac7",0.698901589577877,0.338113061761813,0.276,0.269,1
"Rpl37a",0.69943654621336,0.3944829183414,0.207,0.192,1
"Gm20319",0.69943654621336,0.282316649129445,0.207,0.192,1
"Gm37606",0.69943654621336,0.284709198772691,0.207,0.192,1
"Pdlim5",0.699514725832254,-0.269083448548751,0.483,0.538,1
"Lrrc8d",0.699914210943173,0.288077192964071,0.276,0.231,1
"Arsb",0.70436820373831,0.33464007671835,0.172,0.154,1
"Zfp36l2",0.70436820373831,0.529793452167283,0.172,0.154,1
"Ppp6c",0.705099997357888,0.284993001690492,0.138,0.115,1
"Fat1",0.705099997357888,0.340399053898464,0.138,0.115,1
"Gng3",0.705099997357888,0.275943943114834,0.138,0.115,1
"Maob",0.705099997357888,0.295491598820358,0.138,0.115,1
"Snap25",0.706757167003375,-0.320743542667346,0.414,0.423,1
"Pura",0.708462541233058,0.394424759603268,0.345,0.308,1
"Dcakd",0.708816763309996,0.28404324211633,0.241,0.231,1
"Eif4a2",0.708816763309996,0.25533366512225,0.241,0.231,1
"Eif2ak4",0.716279938768555,-0.466879957927004,0.172,0.192,1
"Cstpp1",0.717384404987007,0.309945206069362,0.379,0.346,1
"Mtpn",0.71738856691935,0.326195078049486,0.207,0.192,1
"Golga5",0.71738856691935,0.411525356422349,0.207,0.192,1
"Mtss2",0.718593769416805,0.373080610241471,0.31,0.308,1
"Faf1",0.720789293295175,-0.285101995044625,0.414,0.423,1
"Phf3",0.721215256935288,0.277398722311856,0.379,0.385,1
"Igfbp2",0.722649989808143,0.275253863819403,0.103,0.077,1
"Acbd3",0.722649989808143,0.376977943527507,0.103,0.077,1
"Galk2",0.722649989808143,0.260500022269627,0.103,0.077,1
"Napb",0.722649989808143,0.252351434259682,0.103,0.077,1
"Gm42481",0.722649989808143,0.311186875773273,0.103,0.077,1
"Ccdc77",0.722649989808143,0.268859098587541,0.103,0.077,1
"Cobl",0.722649989808143,0.313209054819011,0.103,0.077,1
"Uqcrq",0.722649989808143,0.33606793173674,0.103,0.077,1
"Dtnbp1",0.722649989808143,0.276989691835534,0.103,0.077,1
"Stard8",0.722649989808143,0.374399617894761,0.103,0.077,1
"Arl8a",0.72389137044124,0.29360595891815,0.172,0.154,1
"Plcg1",0.72389137044124,0.609212085324723,0.172,0.154,1
"Mcm9",0.72389137044124,0.407326413062442,0.172,0.154,1
"Cacul1",0.72389137044124,0.375332095616041,0.172,0.154,1
"Txndc9",0.726838647656,0.280390021581512,0.138,0.115,1
"Pogk",0.726838647656,0.250503754820933,0.138,0.115,1
"Ccdc34",0.726838647656,0.284449292954185,0.138,0.115,1
"Chpf2",0.726838647656,0.338158550602743,0.138,0.115,1
"Snhg14",0.726838647656,0.495684964585937,0.138,0.115,1
"Fbxw15",0.726838647656,0.402177882920829,0.138,0.115,1
"Lrig3",0.726838647656,0.299005268966024,0.138,0.115,1
"Uggt2",0.726838647656,0.329465583650074,0.138,0.115,1
"Ralbp1",0.726838647656,0.367933192838153,0.138,0.115,1
"Pak5",0.728792580923103,-0.288399506278387,0.276,0.308,1
"Rps24",0.731119032183769,-0.250723047274128,0.138,0.154,1
"Hdgfl3",0.732812700586652,-0.344558274829819,0.241,0.269,1
"Tmem170b",0.732812700586652,-0.425484661994564,0.241,0.269,1
"Dner",0.735083968716263,-0.366873402727649,0.172,0.192,1
"Gm16552",0.735083968716263,-0.349346642139329,0.172,0.192,1
"Hacd2",0.735704801023827,0.313491397900302,0.379,0.385,1
"Zfp398",0.738758573586925,0.270812051056071,0.31,0.346,1
"Btf3l4",0.742775915869471,0.346922112134939,0.241,0.231,1
"Ddx1",0.743595836590058,0.30110179715329,0.172,0.154,1
"Snx12",0.743595836590058,0.305546947302939,0.172,0.154,1
"Rgma",0.746826850328464,-0.288975346185271,0.379,0.346,1
"Rpl12",0.748121323430823,0.294833080212828,0.103,0.077,1
"Stard7",0.748799481622474,0.330148156612629,0.138,0.115,1
"Ociad1",0.748799481622474,0.264114524408174,0.138,0.115,1
"Alkbh8",0.748799481622474,0.390801183193574,0.138,0.115,1
"Amer2",0.748799481622474,0.340227597139985,0.138,0.115,1
"Ube2a",0.748799481622474,0.32549763659239,0.138,0.115,1
"Aff4",0.749607277195604,0.261355191521537,0.31,0.308,1
"Etnppl",0.751891418179756,-0.395783516386654,0.138,0.154,1
"Cdk11b",0.751891418179756,-0.367023837426429,0.138,0.154,1
"Gm15738",0.751891418179756,-0.358762499017263,0.138,0.154,1
"Atp5h",0.752813152530827,-0.257864486568388,0.207,0.231,1
"Snx30",0.753512342576906,0.33983519739376,0.138,0.192,1
"Kndc1",0.753755767203775,0.327309472358594,0.207,0.192,1
"Ccdc47",0.753755767203775,0.260279890554848,0.207,0.192,1
"Gm26618",0.753755767203775,0.342782817999347,0.207,0.192,1
"Cdh20",0.763352319952213,0.32722396646348,0.448,0.5,1
"Rnf187",0.763469673418133,0.263669529752248,0.172,0.154,1
"Ankrd29",0.763469673418133,0.462032936979683,0.172,0.154,1
"Hnrnpl",0.769465745105146,-0.256262716260496,0.31,0.346,1
"Farsb",0.770965978280341,0.2707770771989,0.138,0.115,1
"Sympk",0.770965978280341,0.280237960545315,0.138,0.115,1
"Ube2d1",0.772152193738543,0.372758482527852,0.207,0.192,1
"Kcnq1ot1",0.773139258826365,-0.359114443207402,0.345,0.269,1
"Hipk3",0.773161826596875,-0.267259536332876,0.172,0.192,1
"Phf6",0.773870611527993,-0.386750933074379,0.103,0.077,1
"Gsap",0.779969963550983,0.334122248703203,0.276,0.269,1
"Trf",0.780811633739951,-0.291618087211101,0.552,0.462,1
"Polb",0.783076833844845,-0.273599039636032,0.241,0.269,1
"Caml",0.783500616769455,0.386078446855136,0.172,0.154,1
"Smg6",0.78733922499805,-0.377431268947028,0.414,0.462,1
"Cops5",0.790677602238903,0.273329898750135,0.207,0.192,1
"Rrnad1",0.791196190094004,-0.38585447789121,0.103,0.115,1
"Gabpb2",0.791196190094004,-0.755410731834997,0.103,0.115,1
"Hsd17b4",0.791196190094004,-0.321083566795191,0.103,0.115,1
"Wwp1",0.792414088153855,-0.317184001253072,0.172,0.192,1
"C030018K13Rik",0.792414088153855,-0.305573208391917,0.172,0.192,1
"Wdfy1",0.793321111893278,0.293540902956008,0.138,0.115,1
"Btf3",0.793321111893278,-0.25618516934623,0.138,0.115,1
"Iqcb1",0.793321111893278,0.365636614314634,0.138,0.115,1
"A430073D23Rik",0.793965741134562,-0.277914638937264,0.138,0.154,1
"Mt2",0.793965741134562,-0.260124338595705,0.138,0.154,1
"Sdf2",0.793965741134562,-0.569667402571278,0.138,0.154,1
"Tmem245",0.796507943384182,-0.410973402259032,0.276,0.269,1
"Atp5a1",0.800538824219581,-0.293231397310268,0.31,0.346,1
"Klf3",0.803676089617707,0.264677091231816,0.172,0.154,1
"Tmc7",0.80904224919972,0.481287410953828,0.276,0.308,1
"Slc38a2",0.80904224919972,-0.372099691194751,0.276,0.308,1
"Diaph2",0.810774531397864,-0.450205676567178,0.483,0.423,1
"Ddi2",0.812154696955849,0.254884741661943,0.241,0.231,1
"Palld",0.812154696955849,0.257793635294015,0.241,0.231,1
"9530026P05Rik",0.815238541389014,-0.472021497457257,0.138,0.154,1
"Cir1",0.815288027230357,-0.272480398043225,0.103,0.115,1
"Snap23",0.815288027230357,-0.250803690678268,0.103,0.115,1
"Dact3",0.815288027230357,-0.265809664929718,0.103,0.115,1
"mt-Nd4",0.816956986264858,-0.262771439530191,0.414,0.346,1
"Gripap1",0.817111448565992,0.497950972877209,0.241,0.269,1
"Tmem260",0.823983225623138,0.270992127636407,0.172,0.154,1
"Cnot4",0.825085039028838,0.385098211043217,0.414,0.5,1
"Usp33",0.825366749600785,0.3785082009184,0.276,0.308,1
"Gemin8",0.826095460919605,-0.273636667063828,0.103,0.077,1
"Ddx46",0.831289429507764,-0.290099326991697,0.172,0.192,1
"3110021N24Rik",0.834263358482297,-0.3246386221403,0.241,0.269,1
"Lpar1",0.83955579279921,-0.256741965174572,0.103,0.115,1
"1110032A03Rik",0.83955579279921,-0.458435185311398,0.103,0.115,1
"Fgf13",0.840417298202162,0.353192797169237,0.517,0.654,1
"Cox7b",0.842812325383179,-0.321779824901908,0.207,0.231,1
"B3galt2",0.842817683939947,0.495465050698226,0.207,0.231,1
"Nfatc3",0.846927178980059,0.255923952170303,0.207,0.192,1
"Ephb1",0.84932925586449,-0.257254244541529,0.517,0.462,1
"Creb1",0.850889479351347,-0.312252397681497,0.172,0.192,1
"Npy",0.856316890513506,0.319868766099718,0.207,0.269,1
"St13",0.856316890513506,0.26504371670477,0.207,0.269,1
"Smc6",0.858180005046499,-0.269908408394761,0.138,0.154,1
"Las1l",0.858180005046499,-0.300636514826239,0.138,0.154,1
"Msl2",0.861109242095519,0.268631474410824,0.207,0.231,1
"Pam",0.86350614281887,-0.283994450029999,0.276,0.269,1
"Mal",0.863593286875839,0.40277247710081,0.31,0.346,1
"Tom1",0.863977068520226,-0.26538655636323,0.103,0.115,1
"Gm14764",0.863977068520226,-0.322554977149892,0.103,0.115,1
"Mgat5",0.869621816821954,-0.274688741812847,0.655,0.615,1
"Atpif1",0.873689362699097,0.336238275655598,0.345,0.346,1
"Txndc16",0.879475607788518,0.574693369736881,0.207,0.231,1
"Slc10a7",0.879817607962979,-0.370561545133425,0.138,0.154,1
"Parp8",0.88304127671518,0.345288652938005,0.241,0.231,1
"Ran",0.884272067834762,-0.324730630662534,0.138,0.115,1
"Chchd10",0.884272067834762,-0.30448160551155,0.138,0.115,1
"Wwc2",0.886162204618068,-0.286788799138639,0.276,0.231,1
"Wipf2",0.888528995659504,-0.277200572719048,0.103,0.115,1
"Gm11266",0.891353743562599,0.269581738103143,0.276,0.308,1
"Hectd2os",0.897907054109297,0.35265856002321,0.207,0.231,1
"Pkp4",0.905917114778163,0.254790151341316,0.241,0.308,1
"Khdc4",0.909899458732567,0.323430535068357,0.207,0.269,1
"Rdx",0.910196902785639,0.344170338000233,0.172,0.192,1
"Gm36298",0.913188339142106,-0.295231637548882,0.103,0.115,1
"1700084C06Rik",0.930406445554938,-0.25116112038689,0.138,0.115,1
"Wbp2",0.930406445554938,-0.292881493964793,0.138,0.115,1
"4632427E13Rik",0.931728518285275,0.27926511702481,0.379,0.423,1
"Clk1",0.932540963949452,0.279971338727471,0.379,0.462,1
"Ski",0.937931553470672,-0.286519558317765,0.103,0.115,1
"Fam222b",0.940021394120989,-0.251615442206945,0.414,0.423,1
"Psmd14",0.941369065058092,0.537005897614111,0.276,0.308,1
"Shisa4",0.956713377312083,-0.317153351725172,0.483,0.5,1
"Vps13d",0.959700071335994,0.296930402308105,0.31,0.346,1
"Nrip1",0.962039330114022,-0.256027012033801,0.379,0.423,1
"Ube2f",0.967107369969831,0.256791162665194,0.138,0.154,1
"Pde1c",0.967107369969831,0.329841468716148,0.138,0.154,1
"Hsbp1",0.967107369969831,0.3125355208845,0.138,0.154,1
"Atp6v1h",0.970009217451233,0.352949278376426,0.172,0.192,1
"Slc20a1",0.970009217451233,0.324777900940229,0.172,0.192,1
"Abhd18",0.970009217451233,0.291515839647912,0.172,0.192,1
"Slc48a1",0.970009217451233,0.304690559451992,0.172,0.192,1
"Stim1",0.972085750249616,0.40658909733834,0.207,0.231,1
"Micu3",0.972085750249616,0.272783819125546,0.207,0.231,1
"4930517O19Rik",0.972917334746276,-0.320724680395097,0.241,0.231,1
"Epc2",0.975360307524668,-0.362632039434238,0.31,0.308,1
"Ntmt1",0.987574266216855,0.27366491883426,0.103,0.115,1
"Gm43376",0.987574266216855,0.321811638544122,0.103,0.115,1
"Sntb2",0.987574266216855,0.280624777157028,0.103,0.115,1
"Slc39a6",0.987574266216855,0.321186915558322,0.103,0.115,1
"Cadps",0.9895609275155,-0.392484266396972,0.172,0.154,1
"1700085D07Rik",0.99069356217054,0.276774294387156,0.207,0.231,1
"Nr3c2",0.992495709880525,0.386350044261885,0.379,0.462,1
"Mt3",0.992495709880525,-0.31399330034,0.448,0.385,1
"Hibch",1,0.376771977395706,0.172,0.192,1
"Mpc2",1,-0.34239877232913,0.172,0.154,1
"Car8",1,0.290523807433624,0.103,0.115,1
"Ablim2",1,0.37039212284044,0.172,0.192,1
"Med21",1,0.337128275268324,0.103,0.115,1
"Rad50",1,0.387069171130961,0.103,0.115,1
"Slc25a21",1,0.411576340782289,0.103,0.115,1
"Mylip",1,0.472739757902473,0.103,0.115,1
"Ercc4",1,0.259500768070774,0.103,0.115,1
"Hlcs",1,-0.426872622303887,0.241,0.231,1
