"","p_val","avg_log2FC","pct.1","pct.2","p_val_adj"
"Epb41l3",5.95935416618532e-05,-1.7132586986976,0,0.216,1
"Fgd6",0.000447174860756418,-1.51596898593339,0.029,0.243,1
"Ankrd12",0.000474206411957539,1.49582670839772,0.514,0.162,1
"Adcy4",0.000578520612652397,-1.47141595341906,0,0.162,1
"Ptgds",0.0013970030715837,0.906175081231663,0.643,0.27,1
"Ccdc85a",0.00148156814906443,1.2663574656957,0.486,0.162,1
"Rn18s-rs5",0.00150668999655877,-0.28162065572801,1,1,1
"1700018A04Rik",0.00165885694005662,-1.5267811614406,0.029,0.216,1
"Asf1a",0.00177656117058229,-1.27644406267202,0,0.135,1
"Mettl6",0.00177656117058229,-1.14590438682873,0,0.135,1
"Map3k3",0.00284592820777722,-1.36482918045959,0.071,0.27,1
"Macrod2",0.00296630461740014,1.24439281691048,0.271,0.027,1
"Abhd12",0.00303109078788542,-1.3022346633232,0.014,0.162,1
"Slc38a5",0.00303109078788542,-1.31528855773122,0.014,0.162,1
"Fbxo38",0.00334619242457995,-1.24934822602928,0.014,0.162,1
"Lrch1",0.00352280763494081,1.38136299804277,0.429,0.135,1
"Cep19",0.00369085259585092,-1.34106130340993,0.014,0.162,1
"Gclm",0.00386250302895888,1.40443676294291,0.2,0,1
"Dennd5b",0.00388987478080809,-1.06546785935716,0.186,0.432,1
"Akap13",0.0044395116859276,1.58949603745495,0.357,0.108,1
"Nebl",0.0047714955162667,0.81000139262442,0.786,0.514,1
"Rxylt1",0.00494574667366782,-1.10951381240096,0.057,0.243,1
"Ubac1",0.00543424450385747,-0.935450033671293,0,0.108,1
"Rusc1",0.00543424450385747,-0.881361398216515,0,0.108,1
"Ndufaf4",0.00543424450385747,-0.953093404708828,0,0.108,1
"Ccl27a",0.00543424450385747,-0.924649777757773,0,0.108,1
"Cadps2",0.00543424450385747,-1.00988517745457,0,0.108,1
"Ipo7",0.00543424450385747,-1.08680719904808,0,0.108,1
"Alkbh8",0.00543424450385747,-0.984850338735459,0,0.108,1
"Rnf112",0.00543424450385747,-0.958748900752188,0,0.108,1
"ENSMUSG00000121307",0.00543424450385747,-1.230576181348,0,0.108,1
"Dmtn",0.00543424450385747,-0.842297905833387,0,0.108,1
"Hdgfl2",0.00543424450385747,-1.0592441091369,0,0.108,1
"Arl2",0.00543424450385747,-1.19073847097089,0,0.108,1
"Eml3",0.00543424450385747,-1.26298324749692,0,0.108,1
"Opalin",0.00543424450385747,-0.828681241698651,0,0.108,1
"Reps2",0.00543424450385747,-1.1776180911692,0,0.108,1
"Ecpas",0.00560307679050456,1.25199631327181,0.186,0,1
"Taf1d",0.00560307679050456,1.46946935361369,0.186,0,1
"Osbpl1a",0.00567338796344981,-1.13395446780056,0.2,0.432,1
"Trpm7",0.00725214887353252,1.14302180688436,0.286,0.054,1
"Itgb1",0.00728797009577962,1.14901076600201,0.371,0.108,1
"Arl6ip1",0.00741169349390508,-0.903650660643687,0.186,0.432,1
"Tbc1d4",0.00755382982478048,1.02762800535047,0.571,0.297,1
"Grin2b",0.00766417435301707,-1.14337973313711,0.143,0.351,1
"Stam2",0.00809396165704589,1.3722038873292,0.171,0,1
"Inpp5f",0.00809396165704589,1.66812187212322,0.171,0,1
"Larp4b",0.00809396165704589,1.28329627019458,0.171,0,1
"Fermt2",0.00873146527120502,1.16104823574083,0.343,0.108,1
"Aqr",0.0089946177509402,-1.21489848203192,0.057,0.216,1
"Cacna2d3",0.00922222109050669,-1.06918923949658,0.014,0.135,1
"Atp2b2",0.00930330701695865,-1.344737488559,0.114,0.297,1
"Smpd4",0.00967376725747052,-1.15287261813328,0.014,0.135,1
"Jrkl",0.0101449180891255,-1.13497447332837,0.014,0.135,1
"Mdga2",0.0102952642328895,1.08909247924756,0.314,0.081,1
"Selenop",0.0102952642328895,1.11204760543911,0.314,0.081,1
"Atp6v1b2",0.0104725834091682,-1.00736411433252,0.129,0.324,1
"Ift57",0.0106363921162653,-1.11973304833395,0.014,0.135,1
"Nav1",0.0107606792879872,1.25653188682869,0.271,0.054,1
"Setd2",0.0114509839953769,-0.858128919782924,0.171,0.378,1
"Crlf3",0.0116481614391838,1.26660493165149,0.157,0,1
"Slf1",0.0116481614391838,1.19943350428342,0.157,0,1
"Atxn2",0.0117128691381227,-1.24300121491272,0.029,0.162,1
"Gtf2a1",0.0117128691381227,-1.17829818988593,0.029,0.162,1
"Wac",0.0118745790318078,1.16950428426517,0.3,0.081,1
"Map7d1",0.0122569192280538,-1.13011899015214,0.057,0.216,1
"Tnrc6c",0.0122877493228181,1.01030041676724,0.343,0.108,1
"Gigyf2",0.0124898518737761,-0.992476287879866,0.071,0.243,1
"Fam126b",0.0125309795395379,-1.17341061908013,0.043,0.189,1
"Zbtb16",0.0132954437354463,0.967947396685247,0.214,0.027,1
"Cfh",0.0140164276338519,1.52367880469949,0.286,0.081,1
"Yme1l1",0.0140165791770375,-0.967352779141004,0.057,0.216,1
"Pde4d",0.0142088351573483,-0.761532029419704,0.314,0.514,1
"Ly6c1",0.0143228561801607,0.917620919782805,0.557,0.297,1
"Chm",0.0150167388344219,-0.958239828656662,0.043,0.189,1
"Abcg2",0.0152925072663021,0.864365708012747,0.686,0.514,1
"Ccnd3",0.0152938238160611,1.20244180090039,0.271,0.081,1
"Ppme1",0.0157675351901354,-1.25313308977591,0.086,0.243,1
"Fzd6",0.0159562169919375,1.02208415504895,0.386,0.162,1
"Ccm2l",0.0166957782836255,0.903245914013523,0.257,0.054,1
"Lin7c",0.0167083483118623,1.22855723939799,0.143,0,1
"Mrps21",0.0167083483118623,1.10970897415121,0.143,0,1
"Rbbp4",0.0167083483118623,1.16185354001197,0.143,0,1
"Megf6",0.0167083483118623,1.24886244797922,0.143,0,1
"Hes1",0.0167083483118623,1.02860499066926,0.143,0,1
"Marchf6",0.0171391731333499,-1.40511378209521,0.129,0.297,1
"Net1",0.0172328978087251,1.16956622259499,0.2,0.027,1
"Cdc42",0.0180832608832638,-0.905813493738228,0.314,0.486,1
"Nrgn",0.0191698932354851,-0.776438862692637,0.486,0.649,1
"Map4k2",0.019205420521729,1.3904914052194,0.186,0.027,1
"H2az1",0.0194852869168971,-1.27588865318995,0.171,0.351,1
"Pfdn1",0.0197248233845577,-1.42638438249152,0.071,0.216,1
"Usp54",0.0197880383796913,1.21875284435972,0.186,0.027,1
"Rsrc2",0.0203559769802649,0.92772826666422,0.314,0.108,1
"Ftl1",0.0218130379366214,1.05477330876433,0.314,0.108,1
"Ndel1",0.0218633726448792,-1.17832532957795,0.057,0.189,1
"Fam135a",0.0227405298462827,-0.95091963701451,0.129,0.297,1
"Myo6",0.0227969718476301,1.05424991358469,0.229,0.054,1
"Ano6",0.0227969718476301,1.23475622076682,0.229,0.054,1
"Sh3glb2",0.0239030983171837,1.10276775968791,0.129,0,1
"Slc24a5",0.0239030983171837,1.04922135411021,0.129,0,1
"Atp9a",0.0239030983171837,1.2939098170691,0.129,0,1
"Hps3",0.0239030983171837,1.15102952316773,0.129,0,1
"Fam110d",0.0239030983171837,0.99590996496686,0.129,0,1
"Rnf10",0.0239030983171837,1.05587687978846,0.129,0,1
"Lamtor1",0.0239030983171837,0.892036900923735,0.129,0,1
"Pttg1ip",0.0239030983171837,0.865872098710163,0.129,0,1
"Appl2",0.0239030983171837,1.20824705412673,0.129,0,1
"Sfi1",0.0239030983171837,0.976925603964272,0.129,0,1
"Synrg",0.0239030983171837,1.26059189089664,0.129,0,1
"Lasp1",0.0239030983171837,0.812177541245697,0.129,0,1
"ENSMUSG00000120012",0.0239030983171837,1.24525447497337,0.129,0,1
"Tbca",0.0239030983171837,0.93242898234079,0.129,0,1
"Atg3",0.0239030983171837,0.868886726350133,0.129,0,1
"H2-T23",0.0239030983171837,1.21689804071816,0.129,0,1
"Atad1",0.0239030983171837,0.987179615822014,0.129,0,1
"Rtl8a",0.0239030983171837,1.21230508896928,0.129,0,1
"Gatad2b",0.0246615390820042,0.967841981179448,0.229,0.054,1
"Rasa1",0.025976751509377,0.920338680233129,0.229,0.054,1
"Fzd4",0.026515597798119,0.746996051085588,0.186,0.027,1
"Map9",0.0265430577000548,-1.0395999929737,0.057,0.189,1
"Cdc37l1",0.0269648411334774,-0.767541040935928,0.143,0.324,1
"Inpp5d",0.0276020925230956,-0.899081736948268,0.014,0.108,1
"Gabra4",0.0276020925230956,-0.722752488830903,0.014,0.108,1
"Tmem130",0.0276020925230956,-1.01533143619477,0.014,0.108,1
"Usp38",0.0276020925230956,-0.872548241985336,0.014,0.108,1
"Pank3",0.0276020925230956,-1.23353380616222,0.014,0.108,1
"Cyria",0.0276020925230956,-0.881201042047512,0.014,0.108,1
"Zfyve26",0.0276020925230956,-0.872034268939174,0.014,0.108,1
"Slc17a7",0.0276122575117108,0.900557548951583,0.271,0.081,1
"Scamp1",0.0278917733828737,1.12696674058017,0.171,0.027,1
"Igf1r",0.0282653753186556,0.720975897725042,0.829,0.622,1
"Atad2b",0.0282843857406311,-0.938144556915331,0.057,0.189,1
"Serp2",0.0283049221211645,-0.94534972924314,0.071,0.216,1
"Dnajc19",0.0287233330136937,1.20256154192372,0.171,0.027,1
"Mgst3",0.0288898661427688,-1.12098596125141,0.014,0.108,1
"Tmx1",0.0288898661427688,-1.02100856910021,0.014,0.108,1
"Susd4",0.0294372048437068,-1.14497414693553,0.029,0.135,1
"Ehmt1",0.029460767835787,0.894062876324132,0.257,0.081,1
"Prkdc",0.0294772811727517,-1.03016590259948,0.043,0.162,1
"Dusp16",0.0295761532159522,1.04643821399345,0.171,0.027,1
"Serinc3",0.0298649116839298,0.749619602903067,0.371,0.162,1
"Dab2",0.0300382474048207,-1.08089837770791,0.1,0.243,1
"Shroom1",0.0302290311608053,-0.911758772605019,0.014,0.108,1
"Rap2a",0.0302290311608053,-0.727697333898784,0.014,0.108,1
"Prrc1",0.0302290311608053,-0.903667722962069,0.014,0.108,1
"Tardbp",0.0302923908626704,0.804771445038474,0.229,0.054,1
"Afap1l2",0.0304506610486928,1.25498195209281,0.171,0.027,1
"Zfp277",0.0305950389599474,-0.982827795272902,0.029,0.135,1
"Herc4",0.0306577367648289,1.11003034447646,0.214,0.054,1
"Ctnnd2",0.0314608708873437,1.22178509807108,0.214,0.054,1
"Uap1",0.0316211918558124,-0.900584179980619,0.014,0.108,1
"Patj",0.0316211918558124,-0.713322405414166,0.014,0.108,1
"Ube2z",0.0316211918558124,-0.684053330980531,0.014,0.108,1
"Gpbp1",0.0316211918558124,-0.833939207412501,0.014,0.108,1
"Dcaf13",0.0316211918558124,-0.74925619402983,0.014,0.108,1
"Chrac1",0.0316211918558124,-1.03272496303745,0.014,0.108,1
"Myt1l",0.0322664728372504,0.998881387694466,0.171,0.027,1
"Phactr2",0.0326721210622642,0.583836003862685,0.229,0.054,1
"Ppp4r2",0.0327346616538332,-0.790084619596573,0.071,0.216,1
"Mtor",0.033028413945568,-0.880599604764786,0.029,0.135,1
"Pitpnm2",0.033028413945568,-0.994053150033616,0.029,0.135,1
"Mfsd4a",0.0330679813297836,-0.837924247389635,0.014,0.108,1
"Dpm2",0.0330679813297836,-0.669255329344077,0.014,0.108,1
"Chchd6",0.0330679813297836,-0.732389216876479,0.014,0.108,1
"Cep83os",0.0330679813297836,-0.759703348465167,0.014,0.108,1
"Rtl8b",0.0330679813297836,-0.798170825023952,0.014,0.108,1
"Fxr2",0.0330738582230809,-0.877926824000058,0.057,0.189,1
"Atp1a2",0.0332086557592487,1.31641234555275,0.171,0.027,1
"Zfp975",0.0337858799123514,-0.898501804306031,0.043,0.162,1
"Armc8",0.0339794169268836,0.91851629313231,0.214,0.054,1
"Edem3",0.0341311140384859,0.877753400578027,0.114,0,1
"Fmo2",0.0341311140384859,1.25403242223679,0.114,0,1
"Chst1",0.0341311140384859,1.09436220535937,0.114,0,1
"5031425E22Rik",0.0341311140384859,0.955833601363077,0.114,0,1
"Cct6a",0.0341311140384859,1.09004898516918,0.114,0,1
"Fam3c",0.0341311140384859,0.89157605809188,0.114,0,1
"Ppfia1",0.0341311140384859,1.10065932666713,0.114,0,1
"Gm35572",0.0341311140384859,0.985674609874867,0.114,0,1
"Il15",0.0341311140384859,0.939544809606153,0.114,0,1
"Acat1",0.0341311140384859,0.964359607610644,0.114,0,1
"Man1a",0.0341311140384859,1.14356860570808,0.114,0,1
"Nptx1",0.0341311140384859,1.01138736302839,0.114,0,1
"Sec23a",0.0341311140384859,0.833771878583812,0.114,0,1
"Rian",0.0341311140384859,0.908529644030455,0.114,0,1
"Mapk8",0.0341311140384859,1.02782545228997,0.114,0,1
"Fbxl6",0.0341311140384859,0.903046572238413,0.114,0,1
"H1f0",0.0341311140384859,0.949082175771464,0.114,0,1
"Slc25a17",0.0341311140384859,0.926114841166991,0.114,0,1
"Iqcb1",0.0341311140384859,0.918946348983262,0.114,0,1
"Atp5o",0.0341311140384859,1.2385352757176,0.114,0,1
"Tfeb",0.0341311140384859,1.00067569708356,0.114,0,1
"Pcdh7",0.0341742841367203,1.26295311331112,0.171,0.027,1
"Rps26",0.0341742841367203,1.02695268427727,0.171,0.027,1
"ENSMUSG00000119984",0.0341742841367203,0.900603964620042,0.171,0.027,1
"Necab1",0.0343060055671304,-1.03547615668638,0.029,0.135,1
"Prpf31",0.0343060055671304,-0.944813488363297,0.029,0.135,1
"Ppp2r2d",0.0343060055671304,-1.06422873168693,0.029,0.135,1
"Sik2",0.0343060055671304,-0.789305081375217,0.029,0.135,1
"Nfic",0.0343060055671304,-0.875129397448341,0.029,0.135,1
"Insr",0.0346126674949848,1.06705398836,0.471,0.27,1
"Nlgn1",0.034617142335204,0.944405316062886,0.343,0.162,1
"Vamp5",0.0349435958655026,-0.895490021435055,0.043,0.162,1
"Sms",0.0349435958655026,-0.880677566983254,0.043,0.162,1
"Erbb4",0.035752575198177,1.27928995457074,0.214,0.054,1
"Vps13a",0.035752575198177,1.02643781845227,0.214,0.054,1
"Sst",0.0360927719138487,-1.0281547253612,0.114,0.27,1
"Tnpo3",0.0361776883277244,0.712704816197457,0.171,0.027,1
"Arhgap12",0.0361776883277244,0.820216399945676,0.171,0.027,1
"Cyb5a",0.0361776883277244,0.803753501393223,0.171,0.027,1
"Acot7",0.03698823499928,-0.864570921572805,0.029,0.135,1
"Tmem223",0.03698823499928,-0.922092193581391,0.029,0.135,1
"Tsn",0.0371187681782261,-1.34312676193942,0.086,0.216,1
"Diaph2",0.0371938558191681,-0.863438811901991,0.214,0.378,1
"Arfgef1",0.0381463554367862,-1.44884134632178,0.086,0.216,1
"Nufip2",0.0388397468350676,1.07706379295125,0.243,0.081,1
"Sash1",0.0388623115731191,0.719608753403941,0.386,0.162,1
"Otud7b",0.0391782834068286,1.38634208374118,0.157,0.027,1
"Caprin1",0.0398443664184924,-0.784510493366589,0.029,0.135,1
"Elavl4",0.0398470111016209,-0.720856906851644,0.029,0.135,1
"Reep1",0.0399190748362993,-0.644049331083978,0.043,0.162,1
"Tnpo1",0.0403298948775435,1.29392575603785,0.157,0.027,1
"Dock1",0.0403756782309294,0.575110044132196,0.314,0.108,1
"Chmp2a",0.0405339138339862,0.759029229242295,0.214,0.054,1
"Ensa",0.0406955671241265,1.00499768611646,0.243,0.081,1
"Pomp",0.0410628786986564,-0.936888578054851,0.1,0.243,1
"Ywhaq",0.0413021224577807,0.76215512719973,0.286,0.108,1
"Vps29",0.0415100841030362,1.24697670759654,0.157,0.027,1
"Spast",0.0415100841030362,1.0800650071287,0.157,0.027,1
"Tnik",0.0415525833551012,0.789793060939118,0.214,0.054,1
"Git2",0.0417927599776483,0.899123797683609,0.257,0.081,1
"Gap43",0.0421195564452767,-1.0981707454555,0.1,0.243,1
"Dcaf6",0.0427193873946687,1.0334430789786,0.157,0.027,1
"Ddx6",0.0427193873946687,1.20091091316307,0.157,0.027,1
"Pbrm1",0.0427193873946687,1.23722948965874,0.157,0.027,1
"Mapkap1",0.0431991516658125,-0.731193565475267,0.1,0.243,1
"Bptf",0.0431991516658125,-0.908689196307876,0.1,0.243,1
"Ubr2",0.0431991516658125,-0.829781122858791,0.1,0.243,1
"Rps16",0.0432932398176763,0.635719708392529,0.343,0.135,1
"Eea1",0.0434513823486782,-0.644357523206608,0.057,0.189,1
"Wbp4",0.0439583458694412,1.00719431178959,0.157,0.027,1
"Tcerg1",0.0439583458694412,0.895612348643161,0.157,0.027,1
"Rptor",0.0446333233864692,0.940689062240806,0.243,0.081,1
"Vmp1",0.0447395366613133,0.358344810864103,0.214,0.054,1
"Kif13a",0.0454285937635753,0.926641318383007,0.2,0.054,1
"Fas",0.0454285937635753,0.990601493598529,0.2,0.054,1
"Pced1b",0.0460383309512449,-0.933267553516918,0.086,0.216,1
"Plat",0.0465274161591,1.21012899369098,0.157,0.027,1
"Arpp21",0.046719801953892,-0.737471758242354,0.129,0.297,1
"Phf21a",0.0468955013732956,-0.99353123488284,0.186,0.324,1
"Mia2",0.0477542312900821,0.833518462820525,0.2,0.054,1
"4932438A13Rik",0.0477934502882347,0.710430328977309,0.243,0.081,1
"Cnot9",0.0486913610103231,0.823641591688642,0.1,0,1
"Tagln2",0.0486913610103231,1.00877132267837,0.1,0,1
"Notch1",0.0486913610103231,1.00853582653971,0.1,0,1
"Myef2",0.0486913610103231,0.908842909793085,0.1,0,1
"Egfem1",0.0486913610103231,1.37376692938289,0.1,0,1
"Kcnab1",0.0486913610103231,1.09882534477332,0.1,0,1
"Ssr2",0.0486913610103231,1.07033787162075,0.1,0,1
"Bcar3",0.0486913610103231,0.865726938599735,0.1,0,1
"Ube2j1",0.0486913610103231,0.856838565555965,0.1,0,1
"4930578G10Rik",0.0486913610103231,0.941089797066693,0.1,0,1
"Ctnnbip1",0.0486913610103231,0.93421984080504,0.1,0,1
"Mlf2",0.0486913610103231,1.10797174679841,0.1,0,1
"Dmwd",0.0486913610103231,0.739358429173441,0.1,0,1
"Nucb1",0.0486913610103231,0.960719973065841,0.1,0,1
"Nomo1",0.0486913610103231,0.976353955264505,0.1,0,1
"Gabrg3",0.0486913610103231,1.03696519963706,0.1,0,1
"Npy1r",0.0486913610103231,0.944546407360386,0.1,0,1
"Ints14",0.0486913610103231,0.883006721822156,0.1,0,1
"Usp4",0.0486913610103231,0.845898301686385,0.1,0,1
"Ddt",0.0486913610103231,0.894316037786934,0.1,0,1
"Cobl",0.0486913610103231,1.04825555009678,0.1,0,1
"Slit3",0.0486913610103231,0.887769206809612,0.1,0,1
"Taf1b",0.0486913610103231,0.895260679251833,0.1,0,1
"Irf2bpl",0.0486913610103231,1.0871547173205,0.1,0,1
"Zfp369",0.0486913610103231,0.722824380207888,0.1,0,1
"A430090L17Rik",0.0486913610103231,1.02621162642795,0.1,0,1
"Fam107a",0.0486913610103231,0.711494258295473,0.1,0,1
"Ddhd1",0.0486913610103231,0.834283754054828,0.1,0,1
"Esd",0.0486913610103231,0.844303213942482,0.1,0,1
"Golph3",0.0486913610103231,0.801230883205296,0.1,0,1
"Cdkn1a",0.0486913610103231,1.04736298718757,0.1,0,1
"Abhd16a",0.0486913610103231,0.905107532152345,0.1,0,1
"Cables1",0.0486913610103231,1.07926016329937,0.1,0,1
"Rfx3",0.0486913610103231,0.883050158964676,0.1,0,1
"Akap17b",0.0486913610103231,0.593081134878072,0.1,0,1
"Gpcpd1",0.0487242399211201,0.499105586136589,0.786,0.676,1
"Ano3",0.0492217154481984,1.03801191189306,0.157,0.027,1
"Por",0.0492217154481984,0.795389943168265,0.157,0.027,1
"Luzp2",0.0492217154481984,1.12155107942719,0.157,0.027,1
"Rbm27",0.0492217154481984,0.863451427960971,0.157,0.027,1
"Fto",0.0498104087048809,1.06908278581869,0.229,0.081,1
"Lrrc4",0.0498193735257668,-0.859283581525916,0.086,0.216,1
"Serpini1",0.0501791335159824,0.912202961946293,0.2,0.054,1
"Tamalin",0.0501791335159824,0.825996414108275,0.2,0.054,1
"Cdc73",0.0506172263117819,0.812095215329572,0.157,0.027,1
"Iigp1",0.0506172263117819,0.895866852516792,0.157,0.027,1
"Snrpn",0.0510704170447304,-0.819216181828686,0.157,0.324,1
"Myh10",0.0514297792144217,-0.783572953135619,0.1,0.243,1
"Sema6a",0.0517584171411783,-0.891777798368508,0.3,0.432,1
"Dnajb6",0.0523563675601485,-1.03666609426969,0.114,0.243,1
"Ccdc141",0.0527357073788748,0.464988997596922,0.714,0.486,1
"Qki",0.0530203493443971,0.808697910271149,0.514,0.324,1
"Atp6v1e1",0.0533997952429466,-0.746540893430303,0.143,0.297,1
"Frmd5",0.0539078747329747,-0.799341652637557,0.4,0.541,1
"Sdf4",0.0540094215542181,0.721457145311077,0.2,0.054,1
"Psma1",0.0540094215542181,0.628078522884046,0.2,0.054,1
"Eif3h",0.0540094215542181,-0.8784397847918,0.1,0.243,1
"Mat2a",0.0545732473486823,1.00007917348667,0.229,0.081,1
"Mia3",0.054679597101334,-1.15679786701315,0.143,0.27,1
"Auts2",0.0557982889018389,0.70629267342725,0.4,0.189,1
"BC005537",0.0564553178568379,0.831971689329,0.143,0.027,1
"Lrpap1",0.0565349587039343,-1.06020230248573,0.071,0.189,1
"Tulp4",0.0575841735526071,0.969001380172246,0.186,0.054,1
"Eln",0.0580807151646832,0.732053916979096,0.2,0.054,1
"Crebrf",0.0580807151646832,0.708282377644479,0.2,0.054,1
"Ndufb3",0.05808212999051,0.976113756126533,0.143,0.027,1
"Dennd1b",0.05808212999051,0.961716081142329,0.143,0.027,1
"Arhgap21",0.05808212999051,0.830744295910141,0.143,0.027,1
"Pxk",0.0581011970287889,-0.930355845599371,0.071,0.189,1
"Frmd4b",0.0583614027902559,0.737605034606443,0.314,0.135,1
"Nme1",0.0589282895901883,-1.05101017562958,0.114,0.243,1
"Egfl7",0.05922334275147,-0.745953076552768,0.471,0.595,1
"Fabp5",0.0597033225925802,-1.10140077464024,0.071,0.189,1
"Tcaf1",0.0597033225925802,-1.05400853788683,0.071,0.189,1
"Rabgap1l",0.0597277487719468,0.922303145326883,0.329,0.162,1
"Rpl23a",0.0597477071114479,0.967481750173809,0.143,0.027,1
"Gnl3l",0.0597477071114479,0.944210743152731,0.143,0.027,1
"Tcf7l2",0.0603795130285743,-0.755067383716422,0.129,0.27,1
"Gls",0.0604506538874733,0.415304376701159,0.371,0.189,1
"Rapgef2",0.0612738475333811,0.749112350614288,0.529,0.324,1
"C2cd5",0.0614527096329925,0.8958250272956,0.143,0.027,1
"Tmem59",0.0618710545153563,0.525930951551404,0.314,0.135,1
"Sub1",0.0618886738772348,-0.883491548876802,0.2,0.324,1
"Cul5",0.062403840038471,0.517136037060845,0.2,0.054,1
"Akap8",0.0631978012814958,0.857595364203661,0.143,0.027,1
"Mtdh",0.0633880029786349,0.675611044457447,0.343,0.162,1
"Akap10",0.0647309173666991,-0.820215012082965,0.071,0.189,1
"Lpin2",0.0647309173666991,-0.791434357242487,0.071,0.189,1
"Gng5",0.0649836488634114,0.959997444355755,0.143,0.027,1
"Cggbp1",0.0649836488634114,0.745190470193096,0.143,0.027,1
"Plekhh2",0.0649836488634114,0.786421642523735,0.143,0.027,1
"Srpr",0.0650961334621459,0.859150795733488,0.186,0.054,1
"Pnn",0.0650961334621459,-1.05572688702464,0.1,0.216,1
"Gbe1",0.0650992274531957,1.2797834073854,0.214,0.081,1
"Itpr1",0.0661957940048264,-0.865449953241165,0.186,0.324,1
"Actb",0.0662209054393754,-0.499097598073788,0.5,0.649,1
"Pgls",0.0664567261951326,-0.991571213780867,0.057,0.162,1
"Csnk1d",0.0664567261951326,-0.943923416245722,0.057,0.162,1
"Stk39",0.0665452308416089,0.693349959241121,0.243,0.081,1
"Ptpra",0.0666915921258761,0.873403360414212,0.186,0.054,1
"Gm20559",0.0666915921258761,0.925775408727042,0.186,0.054,1
"Tef",0.0666915921258761,0.907189393120441,0.186,0.054,1
"Ddi2",0.0668109220249839,0.890812115996332,0.143,0.027,1
"Smim10l1",0.0668109220249839,0.731041862158508,0.143,0.027,1
"Cradd",0.0668109220249839,0.868291983873988,0.143,0.027,1
"Cnot6",0.0668109220249839,1.02995632710158,0.143,0.027,1
"Bbip1",0.0668109220249839,0.922148070583283,0.143,0.027,1
"Rpl36a",0.0668109220249839,0.82085349336067,0.143,0.027,1
"Lnpep",0.0676409796536918,-0.728202939705822,0.086,0.216,1
"Ltbp4",0.0681739408678617,-0.902247160779975,0.186,0.324,1
"Hspa12b",0.0682454221784002,0.331506982033421,0.343,0.162,1
"Snw1",0.0683191135611274,0.819882702579952,0.186,0.054,1
"Glrx3",0.0686802930045521,1.02097845049799,0.143,0.027,1
"Arl13b",0.0686802930045521,0.741990610711346,0.143,0.027,1
"H2-Q4",0.0686802930045521,0.802413126063194,0.143,0.027,1
"Fpgt",0.0692324904165513,-1.03342119591456,0.043,0.135,1
"Rufy3",0.0699791466566205,0.840269201858961,0.186,0.054,1
"Cisd1",0.0699791466566205,-0.907566530673347,0.1,0.216,1
"Sorl1",0.0703905150406982,-0.930257590520995,0.057,0.162,1
"Ifnar2",0.0703905150406982,-0.814594005191813,0.057,0.162,1
"Sec24b",0.0705924363774874,0.696840229843899,0.143,0.027,1
"Nfatc3",0.0705924363774874,0.87783417259314,0.143,0.027,1
"mt-Rnr1",0.0710934697610476,0.725139399187157,0.614,0.405,1
"B4galt4",0.0711892807374295,0.789057577713575,0.229,0.081,1
"Cul3",0.0716721415367089,0.759589433991401,0.186,0.054,1
"Stmn1",0.0717914901604279,-0.751502685740534,0.314,0.459,1
"Pabpc1",0.0719727751021073,-0.91027804122485,0.071,0.189,1
"Itm2b",0.0720523477860228,0.638050830321899,0.629,0.459,1
"Dipk2b",0.0722630459203921,0.710308879749644,0.3,0.135,1
"Hipk2",0.0724279115530357,-0.769288694840194,0.057,0.162,1
"Cox6b1",0.0724797585718061,-0.888911575609122,0.114,0.243,1
"Cstf3",0.072548028793796,0.434226254721867,0.143,0.027,1
"Gvin-ps7",0.072548028793796,0.614559501894018,0.143,0.027,1
"Cpeb3",0.072548028793796,0.517177529594713,0.143,0.027,1
"Ube3c",0.0727436653514012,0.806843238900873,0.229,0.081,1
"Pdxdc1",0.0733985494254356,0.672714152571368,0.186,0.054,1
"Grap",0.0737479559708513,-0.88620054310146,0.043,0.135,1
"Phf12",0.0737479559708513,-0.942318851543724,0.043,0.135,1
"Tagln3",0.0745133371543778,-0.81243518182484,0.057,0.162,1
"Vps4b",0.0760944086917153,-1.10767336582066,0.043,0.135,1
"Abcc6",0.0760944086917153,-0.791394829341779,0.043,0.135,1
"Asah1",0.0760944086917153,-0.987247202388723,0.043,0.135,1
"Ppp1r1a",0.0760944086917153,-0.923139496749853,0.043,0.135,1
"Hspe1",0.0769534137852305,0.528907017567249,0.186,0.054,1
"Unc13c",0.0769534137852305,-1.06434890376364,0.1,0.216,1
"Ppp1r2",0.0772552465256139,0.752742481485385,0.257,0.108,1
"Tlk1",0.0773223930635424,-0.823965054561312,0.186,0.324,1
"Acap2",0.0775277362580917,-0.755984366178307,0.114,0.243,1
"Trim24",0.0783517144699705,1.0794006929246,0.171,0.054,1
"Smarca4",0.0785014088828956,-0.868594855419069,0.043,0.135,1
"Fbxo7",0.0785014088828956,-0.848014965966723,0.043,0.135,1
"Ahcyl1",0.0787827769343516,0.625774668610808,0.186,0.054,1
"Map1lc3b",0.0787827769343516,0.560782205707793,0.186,0.054,1
"Ndufab1",0.0792727149901716,-0.938552088305901,0.114,0.243,1
"Irf2",0.0794122737973407,0.81952086901348,0.214,0.081,1
"Csnk1g1",0.0794122737973407,0.843310466325689,0.214,0.081,1
"Agps",0.0802059500713442,-0.993621646365322,0.029,0.108,1
"Mcub",0.0802059500713442,-0.775601694375477,0.029,0.108,1
"Btg4",0.0802059500713442,-0.931106562603779,0.029,0.108,1
"ENSMUSG00000121069",0.0802059500713442,-0.89390900402915,0.029,0.108,1
"Lrrk2",0.0802059500713442,-0.962788627887855,0.029,0.108,1
"Zmat1",0.0802059500713442,-1.45449929674876,0.029,0.108,1
"Gpm6a",0.0802264552144825,0.662425879545743,0.443,0.243,1
"Dek",0.0802643657105751,0.903688704085245,0.171,0.054,1
"Ghr",0.0804548695493901,-0.966241923648373,0.143,0.27,1
"Ttll7",0.0805541357832671,0.783866739383797,0.243,0.108,1
"Mtmr3",0.0806473661539594,0.53500108238612,0.186,0.054,1
"Lpar6",0.0808969777792775,-0.716825244615607,0.071,0.189,1
"Xiap",0.0809373589232138,0.764731136087497,0.229,0.081,1
"Cd46",0.0809700096066111,-0.966694300091133,0.043,0.135,1
"Osbpl2",0.0809700096066111,-0.728512449001778,0.043,0.135,1
"Stt3b",0.0809700096066111,-0.929151485988734,0.043,0.135,1
"Tbc1d22a",0.0809700096066111,-0.812369507315285,0.043,0.135,1
"Cct8",0.0809700096066111,-0.800771256096027,0.043,0.135,1
"Cpeb2",0.0810655270371007,1.01000762216225,0.129,0.027,1
"1810037I17Rik",0.0811496332838302,0.79041592812632,0.214,0.081,1
"Plcb4",0.0813612470552842,0.519382013683425,0.514,0.297,1
"Slco1c1",0.0819201270728315,0.449126913267027,0.714,0.568,1
"Slk",0.0820322190645254,-0.736496908149506,0.157,0.297,1
"Lhfpl2",0.0824481517146712,-1.06631143207974,0.171,0.297,1
"Creb1",0.0828584777603581,-0.750550604318735,0.114,0.243,1
"Wdr26",0.0829177196871319,0.719089691116048,0.214,0.081,1
"Ptpa",0.0830840823525425,-1.01190115500461,0.029,0.108,1
"Mrpl33",0.0830840823525425,-0.951307544565446,0.029,0.108,1
"Mcur1",0.0830840823525425,-0.833822119085344,0.029,0.108,1
"Rc3h1",0.0833508134961107,0.841147879876428,0.129,0.027,1
"Arhgap17",0.0833508134961107,1.09193527426923,0.129,0.027,1
"Nr6a1",0.0835012651378828,-0.66114346259932,0.043,0.135,1
"Mrps17",0.0835012651378828,-0.76035952954576,0.043,0.135,1
"Arnt2",0.0835012651378828,-0.84238189635524,0.043,0.135,1
"Tusc3",0.0835012651378828,-0.937281995207118,0.043,0.135,1
"Ell",0.0835012651378828,-0.693873875925843,0.043,0.135,1
"Tmem208",0.0835012651378828,-0.771812526055354,0.043,0.135,1
"Pdxp",0.0835012651378828,-0.844070962682399,0.043,0.135,1
"Pbx3",0.0847168946352125,0.936096434879935,0.214,0.081,1
"Creg2",0.0847870508787776,-0.854085376809781,0.043,0.135,1
"Ptn",0.0849590274071638,0.550338345315544,0.657,0.541,1
"Apcdd1",0.085197774644487,0.347286262665232,0.414,0.216,1
"Taok1",0.0853479550791235,0.679273545331074,0.257,0.108,1
"Parp4",0.085688005956856,0.83256547060889,0.129,0.027,1
"Kat2b",0.085688005956856,0.649406356391364,0.129,0.027,1
"Rpl38",0.0859125005660662,-0.671760198989385,0.257,0.405,1
"Orc2",0.0860453287685642,-0.847598785572764,0.029,0.108,1
"Rnf2",0.0860453287685642,-1.02477741672736,0.029,0.108,1
"Nit1",0.0860453287685642,-0.900072897328223,0.029,0.108,1
"Romo1",0.0860453287685642,-0.817224014341277,0.029,0.108,1
"D5Ertd579e",0.0860453287685642,-0.782238770251705,0.029,0.108,1
"Ric1",0.0860453287685642,-0.777717744659181,0.029,0.108,1
"Atp6v0d1",0.0865233475030052,-0.866477994507522,0.086,0.189,1
"Rbm25",0.0871894559353028,-1.01151657839422,0.2,0.324,1
"Spred1",0.0880778812786844,0.813515197386713,0.129,0.027,1
"Chl1",0.0880778812786844,0.743231481127129,0.129,0.027,1
"Med21",0.0880778812786844,0.7543186974121,0.129,0.027,1
"Cd151",0.0880778812786844,0.846028248672932,0.129,0.027,1
"Tenm2",0.0880778812786844,1.07242809066317,0.129,0.027,1
"Trim47",0.0880778812786844,0.770645483428437,0.129,0.027,1
"Rpl22l1",0.0882975351421917,0.795521649976067,0.171,0.054,1
"Lef1",0.0884255749011149,0.706729388313912,0.6,0.405,1
"Anp32a",0.088482457715477,-0.666854883473862,0.114,0.243,1
"Oxr1",0.0886205692355767,0.694942904613295,0.357,0.189,1
"Lnx2",0.0886641132264837,-0.901211055057721,0.086,0.189,1
"Mkrn1",0.0887559599922636,-0.700829195309658,0.043,0.135,1
"Sec61a1",0.0887559599922636,-0.536537979067617,0.043,0.135,1
"Rad17",0.0887559599922636,-0.750905479146911,0.043,0.135,1
"Abca2",0.0890912674293346,-0.793202027451338,0.029,0.108,1
"Fdps",0.0890912674293346,-0.888944301050059,0.029,0.108,1
"Rab3b",0.0890912674293346,-0.806117855549232,0.029,0.108,1
"Ppil4",0.0890912674293346,-0.790068494692473,0.029,0.108,1
"Malt1",0.0890912674293346,-0.771022330417632,0.029,0.108,1
"Xpr1",0.090304566678518,0.65068890535889,0.214,0.081,1
"Ogt",0.0909770734077668,-0.492466600546763,0.143,0.27,1
"Ctsb",0.0914057270788125,-0.466488535305296,0.114,0.243,1
"Coro1c",0.0914815081796514,-0.760062821442691,0.043,0.135,1
"Mplkip",0.0914815081796514,-0.62524490406469,0.043,0.135,1
"Nhs",0.0914815081796514,-0.636772496546965,0.043,0.135,1
"Osbpl9",0.0919230782085876,0.567518915689272,0.371,0.189,1
"Bend6",0.0922234752240368,-0.772219263045114,0.029,0.108,1
"Mgat4a",0.0922234752240368,-0.613005607264392,0.029,0.108,1
"Bok",0.0922234752240368,-0.68210095318331,0.029,0.108,1
"Cdkn1b",0.0922234752240368,-0.622822605858105,0.029,0.108,1
"Mtres1",0.0922234752240368,-0.691952509691225,0.029,0.108,1
"Rprml",0.0922234752240368,-0.660321807320804,0.029,0.108,1
"Cyb561",0.0922234752240368,-0.699644232515528,0.029,0.108,1
"Dtnbp1",0.0922234752240368,-0.655864554533226,0.029,0.108,1
"Pgm5",0.0922234752240368,-0.624073767236803,0.029,0.108,1
"Nbdy",0.0922234752240368,-0.855206398225914,0.029,0.108,1
"Hnrnpu",0.0924129236052398,-0.799014380835366,0.243,0.351,1
"Nkd1",0.0925506155084404,0.824927613515205,0.171,0.054,1
"Tmtc4",0.0925506155084404,0.746952439468821,0.171,0.054,1
"Adamts10",0.0925506155084404,0.728103181956743,0.171,0.054,1
"Plcg1",0.0930187854727662,0.955191416106971,0.129,0.027,1
"Ptprm",0.0940613642900899,-0.76751656110568,0.786,0.73,1
"Sh3glb1",0.0941126660402681,0.607095566096912,0.257,0.108,1
"Cast",0.0941917497662853,0.386778133034368,0.214,0.081,1
"Usp25",0.0947380166130608,0.780301942835489,0.171,0.054,1
"Il1rapl1",0.0950948833633934,-0.532510926320513,0.286,0.405,1
"Mef2d",0.0954435264919441,-0.709389888645669,0.029,0.108,1
"C9orf72",0.0954435264919441,-0.595670962402052,0.029,0.108,1
"Lama5",0.0955713643685257,0.712709295953693,0.129,0.027,1
"Peg3",0.0955713643685257,0.708491923380805,0.129,0.027,1
"Srsf1",0.0955713643685257,0.676720930540098,0.129,0.027,1
"Fzd3",0.0955713643685257,0.676876640533877,0.129,0.027,1
"Lrrc58",0.0955713643685257,0.637529104898313,0.129,0.027,1
"Trpm3",0.0955713643685257,1.05567143645104,0.129,0.027,1
"Atp1b1",0.0963479668143689,-0.540454527533003,0.457,0.568,1
"Ppp4r3b",0.0969666515961577,0.596979208951869,0.171,0.054,1
"Csmd3",0.0976574651145039,-1.0450122319579,0.086,0.189,1
"Atp6ap1",0.0976574651145039,-1.08325170189503,0.086,0.189,1
"Slc25a4",0.097702840986676,-0.745870954465985,0.329,0.432,1
"Shld1",0.0981797253360296,0.577679682119312,0.129,0.027,1
"Atp5e",0.0981797253360296,0.565779989898686,0.129,0.027,1
"Ptov1",0.0981797253360296,0.730076606148568,0.129,0.027,1
"Dixdc1",0.0981797253360296,0.651241624669081,0.129,0.027,1
"Acox1",0.0981797253360296,0.524542110885015,0.129,0.027,1
"Psma2",0.0981797253360296,0.48052840938212,0.129,0.027,1
"Parp14",0.0981797253360296,0.609247092036144,0.129,0.027,1
"Kcnip4",0.0987111393129638,-0.512445623850628,0.343,0.514,1
"A830018L16Rik",0.0987529916584022,-0.645747097619015,0.029,0.108,1
"Sec24d",0.0987529916584022,-0.468949078279765,0.029,0.108,1
"Eif4e",0.0987529916584022,-0.464856424895071,0.029,0.108,1
"Rasgrf2",0.0987529916584022,-0.382708430204444,0.029,0.108,1
"Uchl3",0.0987529916584022,-0.573760709484008,0.029,0.108,1
"Chsy3",0.0987529916584022,0.665045436808673,0.029,0.108,1
"Kif5b",0.0989987110151874,0.956837558589611,0.329,0.189,1
"Npy",0.0990487973968393,-0.761201173939361,0.2,0.324,1
"Agtpbp1",0.0992370141165837,0.711806636733216,0.171,0.054,1
"Etv6",0.0995162362505616,0.779400367611906,0.286,0.135,1
"Sorbs1",0.0999674377799226,0.32404566355267,0.614,0.378,1
"Senp5",0.100016100461806,-0.872385448477073,0.086,0.189,1
"Mtmr6",0.10006357937691,-0.542428730822478,0.043,0.135,1
"Rab3a",0.100272832309872,0.563202990427116,0.214,0.081,1
"Sbf2",0.100286806643552,0.391469386212188,0.357,0.162,1
"Erbin",0.10081121962503,0.272545230383232,0.271,0.108,1
"Mtf2",0.10084463903072,0.416750602482575,0.129,0.027,1
"Snrpg",0.10084463903072,0.611131316394186,0.129,0.027,1
"Ate1",0.10084463903072,0.440112988834824,0.129,0.027,1
"Naxd",0.10084463903072,0.595397765560047,0.129,0.027,1
"Ddx1",0.10084463903072,0.429264420841061,0.129,0.027,1
"Gm37376",0.10084463903072,0.44775123929006,0.129,0.027,1
"Pdzd8",0.10084463903072,0.479289408746465,0.129,0.027,1
"Nipbl",0.101988617088281,0.39569261410778,0.357,0.162,1
"Eprs",0.102419940480329,-0.694574748525616,0.086,0.189,1
"Nudcd3",0.102419940480329,-0.747771996566154,0.086,0.189,1
"Iqsec2",0.103062903798288,-0.498766699683158,0.043,0.135,1
"Lims1",0.103198952347741,0.533145207729327,0.286,0.135,1
"Atp5j",0.103545500849171,-0.603869996498024,0.171,0.324,1
"Prex2",0.103580599491834,0.426516034147069,0.557,0.378,1
"Fbxo3",0.103638981071394,0.913280283562562,0.157,0.054,1
"Atxn7l3b",0.104497942148883,0.478214222266953,0.214,0.081,1
"Ralb",0.105646417397788,-0.53924406147302,0.029,0.108,1
"Wipf1",0.106111639996441,1.00439613477274,0.157,0.054,1
"Npepps",0.106111639996441,0.909886036686014,0.157,0.054,1
"Sez6l2",0.106207667876388,-1.26939336098935,0.071,0.162,1
"Neat1",0.106259134229094,0.804788447579831,0.243,0.108,1
"Chic2",0.106303383042016,0.659879725767064,0.171,0.054,1
"Rps10",0.106303383042016,0.562468353299339,0.171,0.054,1
"Mib1",0.106303383042016,0.579404780667519,0.171,0.054,1
"Cpne8",0.106662883329047,0.382274117050846,0.214,0.081,1
"Phlpp1",0.107218418422086,0.952643530486988,0.2,0.081,1
"Dcun1d3",0.107218418422086,0.856588070439302,0.2,0.081,1
"Ddc",0.107365392553425,-0.765787075984902,0.086,0.189,1
"Gnas",0.108122612846343,-0.456454718803273,0.443,0.595,1
"Nr1d2",0.108319552605258,-0.816280540819192,0.157,0.27,1
"Camta1",0.108745563550556,0.397046663669715,0.171,0.054,1
"Fbxw11",0.108745563550556,0.319540739095509,0.171,0.054,1
"Ntan1",0.108745563550556,0.583292070379659,0.171,0.054,1
"Zfp36l1",0.108805403015663,0.868574746847555,0.229,0.108,1
"Pecam1",0.109082530521452,0.392085738346069,0.443,0.243,1
"Fnbp1l",0.109979275240072,0.698729683641952,0.329,0.162,1
"Rab6b",0.110913123156388,-0.666266925935372,0.229,0.351,1
"Ncoa7",0.111781416743748,0.827207846084431,0.2,0.081,1
"Hsp90b1",0.112239086333137,-0.764470843446996,0.214,0.324,1
"Lcor",0.112498115569341,-0.940604020470412,0.086,0.189,1
"Acsl3",0.11337149768986,-0.82586362771929,0.129,0.243,1
"Zfp560",0.113762924534235,0.41930065342296,0.171,0.054,1
"Fnip2",0.113811056883753,0.860774998183904,0.157,0.054,1
"Tcf4",0.114080234722617,0.56708483708624,0.757,0.595,1
"Syne1",0.114736145124433,-0.692134687246843,0.371,0.459,1
"Kcnma1",0.115136034731073,-0.761853794181866,0.086,0.189,1
"Srpk2",0.115327492420456,0.869030578276514,0.229,0.108,1
"Zfyve9",0.115467148778974,0.552752961486693,0.271,0.135,1
"Tmcc3",0.115680136720567,-0.677694095963205,0.129,0.243,1
"Rasgrp3",0.115680136720567,-0.61694200620797,0.129,0.243,1
"Cd200",0.116010567878354,0.619505538375539,0.314,0.162,1
"Usp37",0.116054097936078,0.743871916376561,0.114,0.027,1
"2810025M15Rik",0.116054097936078,0.684313525855193,0.114,0.027,1
"Prkd2",0.116054097936078,0.872717989086792,0.114,0.027,1
"Txn2",0.116054097936078,0.805622650151206,0.114,0.027,1
"Sufu",0.116054097936078,0.749929184214044,0.114,0.027,1
"Ncor2",0.11647311492401,0.918858651602503,0.157,0.054,1
"D8Ertd738e",0.11647311492401,0.886808005756135,0.157,0.054,1
"Atp5g1",0.116496255626473,0.788903676316495,0.2,0.081,1
"Psmd14",0.117822363066573,-0.681590512089763,0.086,0.189,1
"Kifap3",0.11891155058101,0.764974822809407,0.2,0.081,1
"Slc3a2",0.11891155058101,0.778586262143827,0.2,0.081,1
"Dennd5a",0.119099818424014,0.459006866077188,0.243,0.108,1
"Eif1b",0.119183844545589,0.800263949730355,0.157,0.054,1
"Hbs1l",0.119245777790752,0.872696102808056,0.114,0.027,1
"Kmt2e",0.119672548035602,0.613337635295415,0.271,0.135,1
"Fgf14",0.120032697647404,-0.871348202615272,0.243,0.351,1
"Atp6v0b",0.120073432226133,-0.626018059602188,0.186,0.324,1
"Atf7ip",0.120408155049101,-0.701307729118206,0.129,0.243,1
"Cox7b",0.121353529777723,-0.909368717446468,0.157,0.27,1
"Timp3",0.121365923824037,0.588605445271104,0.2,0.081,1
"Apoe",0.121787237228219,0.482130631861427,0.671,0.514,1
"Tbck",0.121943767923104,0.622197564506823,0.157,0.054,1
"Uty",0.121943767923104,0.827651221439084,0.157,0.054,1
"Pbx1",0.122277478967243,-0.738469227785571,0.214,0.324,1
"Bzw1",0.122505836807813,0.853717887262329,0.114,0.027,1
"Usp48",0.122505836807813,0.932489544645253,0.114,0.027,1
"Sppl3",0.122505836807813,0.882527185019282,0.114,0.027,1
"Adgrg1",0.122505836807813,0.714059104532823,0.114,0.027,1
"Ddit4",0.122505836807813,0.867101309380554,0.114,0.027,1
"Mboat1",0.122505836807813,0.997935497698712,0.114,0.027,1
"Atg10",0.122505836807813,0.867500868121236,0.114,0.027,1
"Hacd2",0.122505836807813,0.715916599490106,0.114,0.027,1
"Cadm1",0.123018603431391,-0.928030641816598,0.243,0.351,1
"Pla2g4a",0.123337351390086,-0.690485668068761,0.071,0.162,1
"Atraid",0.123337351390086,-0.758306346027912,0.071,0.162,1
"Lztfl1",0.123337351390086,-0.879948498916836,0.071,0.162,1
"Edn1",0.123337351390086,-0.940868593428029,0.071,0.162,1
"Tspan9",0.123859743412111,0.590890476936345,0.2,0.081,1
"Nck1",0.124497257944252,0.737131646287119,0.229,0.108,1
"Dmd",0.124514816560661,-0.609424704704367,0.171,0.297,1
"Ank",0.124753403481967,0.751677934800261,0.157,0.054,1
"Sp100",0.125427463428316,0.461453774838669,0.286,0.135,1
"Ier5",0.125835123532098,0.692811329943429,0.114,0.027,1
"Copa",0.125835123532098,0.702446149287604,0.114,0.027,1
"Tasp1",0.125835123532098,0.651725767472677,0.114,0.027,1
"Ctsz",0.125835123532098,0.762878233609654,0.114,0.027,1
"Rnf7",0.125835123532098,0.587311680137268,0.114,0.027,1
"Trappc10",0.125835123532098,0.635627538033356,0.114,0.027,1
"Vtn",0.125835123532098,1.27849663455917,0.114,0.027,1
"Bcap29",0.125835123532098,0.69566528161964,0.114,0.027,1
"Peli2",0.125835123532098,0.696635035254322,0.114,0.027,1
"Pcdh17",0.125835123532098,0.771915265755849,0.114,0.027,1
"Ddx3x",0.125835123532098,0.762498089854329,0.114,0.027,1
"Emcn",0.126083799739222,-0.843505128167946,0.3,0.405,1
"Pcnp",0.126177024244103,-0.645951327333262,0.086,0.189,1
"Nxpe2",0.126285267099302,-0.551831131224275,0.371,0.514,1
"Chmp4b",0.126391230068045,-0.69048687834912,0.071,0.162,1
"Ptpn9",0.126391230068045,-0.831312598853306,0.071,0.162,1
"Tut4",0.12648408546033,0.622318946015376,0.3,0.162,1
"Tspan7",0.12648408546033,0.636585558331719,0.3,0.162,1
"Add3",0.12761326562155,0.769642791698508,0.157,0.054,1
"Prrc2b",0.127782187686988,-0.659262635498242,0.129,0.243,1
"Rock2",0.128023060330369,-0.401736168647538,0.286,0.432,1
"Rplp0",0.128315113138827,0.534384877793076,0.243,0.108,1
"Ralgapa1",0.12893240209149,0.562454769662908,0.529,0.405,1
"Samd9l",0.129234478624732,0.589961045041607,0.114,0.027,1
"Lifr",0.129234478624732,0.519002973300788,0.114,0.027,1
"Rapgef3",0.129234478624732,0.597087546297979,0.114,0.027,1
"Galnt1",0.129234478624732,0.545337257765005,0.114,0.027,1
"Rps23",0.129413030582789,0.259358325296397,0.257,0.108,1
"Ppm1a",0.129503668140993,-0.777413907627325,0.071,0.162,1
"Sf3b6",0.129768652168613,0.773728569870405,0.186,0.081,1
"Kcnq5",0.130523864435537,0.763659828026885,0.157,0.054,1
"Gabrb1",0.130523864435537,0.793156356471497,0.157,0.054,1
"Aak1",0.130523864435537,0.576596604837478,0.157,0.054,1
"Hnrnph1",0.130987585854156,0.390887528182168,0.3,0.135,1
"Tmem30a",0.130989252139092,-1.19504552525139,0.214,0.297,1
"4632427E13Rik",0.131740373916656,0.695068930693046,0.229,0.108,1
"Fryl",0.131971076235338,-0.955317803523768,0.3,0.405,1
"Usp14",0.132463680260661,-0.65767000472773,0.114,0.216,1
"Actg1",0.132538672127551,0.604181339288381,0.371,0.243,1
"Clpp",0.132675298702901,-0.756532825927485,0.071,0.162,1
"Tram1",0.132704734224687,0.643270226306021,0.114,0.027,1
"Cops2",0.132704734224687,0.56581207144331,0.114,0.027,1
"Dctn1",0.132704734224687,0.58115317625454,0.114,0.027,1
"Tacc2",0.132704734224687,0.688822777494121,0.114,0.027,1
"Csrp2",0.132704734224687,0.522822762362202,0.114,0.027,1
"Zfyve1",0.132704734224687,0.65537231267317,0.114,0.027,1
"Robo1",0.132704734224687,0.555453518636714,0.114,0.027,1
"Pacsin1",0.132704734224687,-1.03367006820101,0.057,0.135,1
"Sf1",0.132704734224687,0.618589643667739,0.114,0.027,1
"Clk4",0.132770277799377,-0.919840038704614,0.1,0.189,1
"Cep85l",0.132890167974667,-0.643951878227836,0.129,0.243,1
"Cbx3",0.133485705429579,0.536481251694121,0.157,0.054,1
"Kras",0.133485705429579,0.525149973227508,0.157,0.054,1
"Zc3h13",0.133485705429579,0.511386931603533,0.157,0.054,1
"Pkp4",0.133516760859163,0.427349241659103,0.343,0.189,1
"Nrcam",0.134236755207486,0.502775437406154,0.2,0.081,1
"Son",0.134297545645993,0.44354051103936,0.443,0.27,1
"Nxpe4",0.134454349772595,-0.632494121722326,0.343,0.432,1
"Atp10d",0.135583244126955,0.473652910188862,0.243,0.108,1
"Slc7a5",0.135984421122526,0.658103007500743,0.443,0.297,1
"Rai14",0.136088981029341,-0.551847524090029,0.171,0.297,1
"Coq10b",0.136246713303295,0.482817898578947,0.114,0.027,1
"Dnajc24",0.136246713303295,0.701094787001996,0.114,0.027,1
"Nes",0.136246713303295,0.5319974334824,0.114,0.027,1
"Pcf11",0.136246713303295,0.530448709627486,0.114,0.027,1
"Spcs2",0.136246713303295,0.689214729862635,0.114,0.027,1
"Aars",0.136246713303295,0.468177934067849,0.114,0.027,1
"Lingo1",0.136246713303295,0.588202432877751,0.114,0.027,1
"Scamp5",0.136246713303295,0.594351084190506,0.114,0.027,1
"Dennd4a",0.136246713303295,0.55225760797574,0.114,0.027,1
"Nr1d1",0.136246713303295,0.411749480602878,0.114,0.027,1
"Hbp1",0.136246713303295,0.531714236283609,0.114,0.027,1
"Rab40c",0.136246713303295,0.550021496647735,0.114,0.027,1
"Tmed2",0.136499289236418,0.680384440820711,0.157,0.054,1
"Mt1",0.136499289236418,0.578689933293645,0.157,0.054,1
"Vps54",0.136499289236418,0.593363302141877,0.157,0.054,1
"St3gal6",0.137093041619883,-0.483640736198161,0.514,0.622,1
"Ndufa4",0.137718435727882,-0.392743704116287,0.229,0.378,1
"Abr",0.137983560277639,-0.84710110471579,0.114,0.216,1
"Fkbp1a",0.138075361913226,0.547624565068144,0.243,0.108,1
"Snx13",0.139198637187833,-0.55016241448499,0.071,0.162,1
"Ctsl",0.139565111328605,0.586764297337962,0.157,0.054,1
"Zeb2",0.139671309248791,0.433817323808416,0.2,0.081,1
"Ralgps1",0.139861229012153,0.367596085855795,0.114,0.027,1
"Hadha",0.139861229012153,-0.824008468055651,0.057,0.135,1
"Stat2",0.139861229012153,0.391987632066745,0.114,0.027,1
"Larp1",0.139861229012153,0.275033823747926,0.114,0.027,1
"Sirt7",0.139861229012153,0.339219408915439,0.114,0.027,1
"Gm10076",0.139861229012153,0.459575583192422,0.114,0.027,1
"Ube2d2a",0.139861229012153,-0.990257050803433,0.057,0.135,1
"Tshz1",0.139861229012153,0.375210317954269,0.114,0.027,1
"Ubxn1",0.139861229012153,0.360543417783279,0.114,0.027,1
"Spata6l",0.139861229012153,0.394651080690859,0.114,0.027,1
"Hsbp1",0.140809169932032,0.649294966252984,0.186,0.081,1
"Mfhas1",0.140944741020276,0.746557144396007,0.257,0.135,1
"Eif3c",0.141900699025955,0.609230668840138,0.229,0.108,1
"Phc3",0.142451328067286,0.606926993923746,0.2,0.081,1
"Lgals8",0.14255157757012,-0.735451875907595,0.071,0.162,1
"Gpi1",0.142683661728982,0.482152069295274,0.157,0.054,1
"Rcan2",0.142683661728982,0.469943586869324,0.157,0.054,1
"Ccdc186",0.142683661728982,0.453722012129443,0.157,0.054,1
"Ckap5",0.143422042126037,0.517470322313983,0.257,0.135,1
"Tm2d2",0.143549084024897,-0.701258299146452,0.057,0.135,1
"Mapk8ip3",0.143549084024897,-0.848497410873916,0.057,0.135,1
"Pip5k1b",0.143549084024897,-0.948808485964654,0.057,0.135,1
"Adgre5",0.144418401230307,0.629885672280114,0.329,0.189,1
"Sos1",0.144532487648413,-0.993029905135693,0.157,0.243,1
"Parg",0.144686275792572,-0.824482105566913,0.1,0.189,1
"Tnfrsf19",0.144981523058916,0.496946470984464,0.271,0.135,1
"Slc25a12",0.145273633970695,0.460038625082469,0.2,0.081,1
"Sort1",0.14585542471907,0.39633983981635,0.157,0.054,1
"Igsf8",0.145966174520474,-0.631745141256426,0.071,0.162,1
"Jtb",0.145966174520474,-0.782638518715322,0.071,0.162,1
"Vsnl1",0.14682152604636,-0.757570139140106,0.214,0.324,1
"Eid2",0.147311069873332,-0.815779692127556,0.057,0.135,1
"Wtap",0.147311069873332,-0.72276026116214,0.057,0.135,1
"Ppp2r1a",0.147311069873332,-0.775455481977844,0.057,0.135,1
"Lama3",0.147311069873332,-0.951136942298935,0.057,0.135,1
"Fam204a",0.147311069873332,-0.800151689584928,0.057,0.135,1
"Ubc",0.148557265009604,0.460106144395363,0.314,0.162,1
"Trak2",0.149080878545523,0.441972059452843,0.157,0.054,1
"C1qtnf4",0.149080878545523,0.566766916897597,0.157,0.054,1
"Itm2c",0.149553141657684,0.661762930186236,0.186,0.081,1
"Tcf7l1",0.149689872274792,0.655968023633827,0.143,0.054,1
"Dync1i2",0.149735953112826,-0.717970963111226,0.143,0.243,1
"Agrn",0.149908076772869,0.514326425896799,0.229,0.108,1
"Pclo",0.150943590874472,-0.871190241995631,0.1,0.189,1
"Ier2",0.151147966278431,-0.843526633097293,0.057,0.135,1
"Celf2",0.152009196492357,1.15806667056401,0.529,0.351,1
"Eloc",0.152360495124827,0.414308785264665,0.157,0.054,1
"D430041D05Rik",0.152982716996824,-0.516543654249923,0.071,0.162,1
"Ube2r2",0.152982716996824,-0.501451467069385,0.071,0.162,1
"Eogt",0.153976807146728,0.316049347347481,0.386,0.216,1
"Ccnl2",0.153997651210177,0.3325094941615,0.2,0.081,1
"Wdr33",0.154687344696246,0.614836159592675,0.286,0.162,1
"Aldoa",0.155392138635699,-0.643586270584944,0.3,0.405,1
"Baiap2",0.155489583624695,-0.886294139767677,0.129,0.216,1
"Gabrb3",0.155608710215118,0.557297840935975,0.186,0.081,1
"Atp5d",0.155694739746393,0.266919515849505,0.157,0.054,1
"Ctxn1",0.156992461959207,0.317029643884553,0.2,0.081,1
"Cd34",0.15724495100276,0.737617049828176,0.243,0.135,1
"Srsf5",0.158255582970398,0.517972754744071,0.229,0.108,1
"Ubr5",0.158705437132755,0.664083309914993,0.186,0.081,1
"Sh3gl2",0.159049546542564,-0.534634569883256,0.057,0.135,1
"Tln2",0.159049546542564,-0.819966233878167,0.057,0.135,1
"4833420G17Rik",0.15908407077423,0.258259879847094,0.157,0.054,1
"Kiz",0.160713362625308,-0.838565626401264,0.1,0.189,1
"Gnai3",0.161400408949992,0.720231802451212,0.1,0.027,1
"Clns1a",0.161400408949992,0.832902818795653,0.1,0.027,1
"Anxa2",0.161400408949992,0.893761536831278,0.1,0.027,1
"Pkm",0.162117906046564,-0.72843854503642,0.157,0.27,1
"Dcp1b",0.163115724706987,-0.634242573947053,0.057,0.135,1
"Vsig2",0.163115724706987,-0.648941706579002,0.057,0.135,1
"Septin3",0.163115724706987,-0.627395241564604,0.057,0.135,1
"Gm5127",0.163115724706987,-1.02865436845388,0.057,0.135,1
"Dnaja2",0.163227459064295,0.87302464699555,0.171,0.081,1
"mt-Rnr2",0.163252158978871,0.477851661793835,0.757,0.595,1
"Stmn3",0.163587351663337,0.470159189915204,0.357,0.216,1
"Dnaaf9",0.163678434553145,0.755984824597639,0.143,0.054,1
"Adcy2",0.163678434553145,0.733532383585187,0.143,0.054,1
"Cbwd1",0.163678434553145,0.812916804394528,0.143,0.054,1
"Tnrc6b",0.164530369108107,-0.369955304473441,0.243,0.378,1
"St6galnac3",0.165442143539559,-0.539052411266752,0.443,0.541,1
"Cops5",0.16574253482283,0.861330010614994,0.1,0.027,1
"Ctso",0.16574253482283,0.79707178042574,0.1,0.027,1
"Tnrc6a",0.16574253482283,0.697606326401884,0.1,0.027,1
"Rock1",0.166019005787116,0.47167413099272,0.329,0.189,1
"Prom1",0.16608227458918,-0.491777068671843,0.229,0.351,1
"Mob3b",0.167134613629262,-0.581976626937617,0.143,0.243,1
"Emc4",0.167259800673455,-0.577470494758596,0.057,0.135,1
"Sh3gl1",0.167259800673455,-0.752765342856764,0.057,0.135,1
"Ergic2",0.167324877474,0.578606826151119,0.143,0.054,1
"Drg1",0.167324877474,0.64832594030847,0.143,0.054,1
"Abhd6",0.167324877474,0.812386590992289,0.143,0.054,1
"Atp5k",0.167487223902814,-0.941377061990772,0.1,0.189,1
"Arid1b",0.167695535203276,0.645750989995738,0.286,0.162,1
"Ly6a",0.168051619586905,0.608655457477811,0.371,0.243,1
"Plscr4",0.168419683931694,0.571445960704757,0.243,0.135,1
"Rabgap1",0.168584523276828,0.469172147302629,0.271,0.135,1
"Acvrl1",0.168650380806581,0.590663380215709,0.214,0.108,1
"Mapre3",0.169033913743001,-0.99963414038937,0.043,0.108,1
"Lrrtm3",0.169033913743001,-1.05322813791228,0.043,0.108,1
"Mfap3",0.169033913743001,-0.901210718027475,0.043,0.108,1
"Sptlc1",0.169033913743001,-0.734926382440446,0.043,0.108,1
"Cnih1",0.169033913743001,-0.865867094354888,0.043,0.108,1
"Mprip",0.169570194923345,-0.502333140354757,0.214,0.324,1
"Spop",0.169570194923345,0.470066985815023,0.3,0.162,1
"Gria3",0.169626304684309,-0.616711210125306,0.2,0.297,1
"Casp8",0.17017196445116,0.792691158760725,0.1,0.027,1
"Arfgap2",0.17017196445116,0.783440778497854,0.1,0.027,1
"Eri3",0.17017196445116,0.699841488259244,0.1,0.027,1
"Rfc1",0.17017196445116,0.695580875393644,0.1,0.027,1
"Scrn1",0.17017196445116,0.7446892941565,0.1,0.027,1
"1600010M07Rik",0.17017196445116,0.765996773713668,0.1,0.027,1
"Septin10",0.17017196445116,0.78355242084481,0.1,0.027,1
"Trim25",0.17017196445116,0.712361396609574,0.1,0.027,1
"Znhit2",0.17017196445116,0.777613113416896,0.1,0.027,1
"Chuk",0.17017196445116,0.729872712137231,0.1,0.027,1
"Fcgrt",0.171032017138775,0.686038306206483,0.143,0.054,1
"Zmym5",0.171032017138775,0.689692506791565,0.143,0.054,1
"Tmem204",0.171032017138775,0.645806748623715,0.143,0.054,1
"Trim12a",0.171482484931348,-0.525526095044723,0.057,0.135,1
"Bex1",0.171482484931348,-0.667907078786318,0.057,0.135,1
"Tubb4b",0.171559964260704,0.376969369945544,0.186,0.081,1
"Rgs3",0.171559964260704,0.465779504805666,0.186,0.081,1
"Eif3f",0.172904990686938,0.581760546815127,0.143,0.054,1
"C1qb",0.173819359408122,-0.8606889764233,0.043,0.108,1
"Tspan12",0.173819359408122,-0.726744047170033,0.043,0.108,1
"Rab8b",0.173819359408122,-0.824662457211038,0.043,0.108,1
"Dync1li1",0.173819359408122,-0.859604957338297,0.043,0.108,1
"Rnf185",0.173819359408122,-0.75847437941506,0.043,0.108,1
"Slc2a1",0.174632729498473,0.559693023043823,0.557,0.432,1
"Pikfyve",0.174689521171332,0.669346825423853,0.1,0.027,1
"Slc19a3",0.174689521171332,0.832459646316259,0.1,0.027,1
"Slc46a3",0.174689521171332,0.719897104775242,0.1,0.027,1
"H2aj",0.174689521171332,0.677031098630362,0.1,0.027,1
"Fxyd7",0.174689521171332,0.514985267368099,0.1,0.027,1
"Imp3",0.174689521171332,0.551584499993205,0.1,0.027,1
"Mideas",0.174689521171332,0.608609220096785,0.1,0.027,1
"C130071C03Rik",0.174689521171332,0.657853188345404,0.1,0.027,1
"Rangap1",0.174689521171332,0.67891627705719,0.1,0.027,1
"Lonp2",0.174800325229208,0.719823363629459,0.143,0.054,1
"Tra2b",0.174800325229208,0.645318035320757,0.143,0.054,1
"Fgf12",0.174800325229208,0.419452992920609,0.143,0.054,1
"Mt3",0.174816702870196,0.591676149644023,0.214,0.108,1
"Nrp2",0.17489216121508,0.616764839153644,0.186,0.081,1
"Gm20631",0.175784472067626,-0.657429615612273,0.057,0.135,1
"Anapc10",0.175784472067626,-0.564525253567302,0.057,0.135,1
"Vps35",0.175784472067626,-0.426081803420741,0.057,0.135,1
"Vps41",0.175784472067626,-0.573298338735366,0.057,0.135,1
"Entpd1",0.177061284899451,-0.318905321773732,0.186,0.297,1
"Slc22a17",0.178046954017236,-0.574826220465003,0.1,0.189,1
"Erg",0.178046954017236,-0.625455762146736,0.1,0.189,1
"Gstt2",0.178272428110699,0.519398531955894,0.186,0.081,1
"Serpinb6a",0.178272428110699,0.503225888286087,0.186,0.081,1
"Fam171a1",0.178630263581226,0.584581451296466,0.143,0.054,1
"Setd7",0.178705299916826,-0.79672607343992,0.043,0.108,1
"Gm15886",0.178705299916826,-0.833374665082326,0.043,0.108,1
"Lmtk2",0.178705299916826,-0.678361626567662,0.043,0.108,1
"Arl8b",0.178705299916826,-0.681677189599082,0.043,0.108,1
"Apba2",0.178705299916826,-0.811204748387483,0.043,0.108,1
"Elavl1",0.178705299916826,-0.67542622378964,0.043,0.108,1
"Arhgap10",0.178705299916826,-0.617924484224514,0.043,0.108,1
"Agrp",0.178705299916826,-0.834115158754172,0.043,0.108,1
"Socs2",0.178705299916826,-0.585755458735436,0.043,0.108,1
"Zfp322a",0.178705299916826,-0.883560933611626,0.043,0.108,1
"Sbf1",0.178705299916826,-0.697779740533914,0.043,0.108,1
"Marchf2",0.178705299916826,-0.643619302238639,0.043,0.108,1
"Acer2",0.178737047105832,0.478652791994469,0.257,0.135,1
"Ccdc88a",0.178737047105832,0.536140266975129,0.257,0.135,1
"Fkbp3",0.179095635348937,0.41640055416192,0.229,0.108,1
"Hjurp",0.179296007983661,0.526564922741101,0.1,0.027,1
"Adam15",0.179296007983661,0.634053779120776,0.1,0.027,1
"Alg14",0.179296007983661,0.626647627093116,0.1,0.027,1
"Ddx58",0.179296007983661,0.556714502390619,0.1,0.027,1
"Gm44148",0.179296007983661,0.592939680007126,0.1,0.027,1
"Ech1",0.179296007983661,0.525551692712529,0.1,0.027,1
"Etfb",0.179296007983661,0.484495433930339,0.1,0.027,1
"Dnajc13",0.179296007983661,0.419148762803681,0.1,0.027,1
"Cnpy2",0.179296007983661,0.775541603664731,0.1,0.027,1
"Srpk1",0.179296007983661,0.70708853351305,0.1,0.027,1
"3222401L13Rik",0.179296007983661,0.603660379490397,0.1,0.027,1
"Tmed7",0.179296007983661,0.586012099023757,0.1,0.027,1
"Frmd6",0.180166440077325,-0.505508231281491,0.057,0.135,1
"Actn4",0.18018017594631,-0.784107382862258,0.171,0.27,1
"Rpl26",0.18018017594631,-0.870418510938283,0.171,0.27,1
"Rere",0.18045774334446,0.384199751562802,0.514,0.351,1
"Scg5",0.18049043606182,0.466342079259784,0.3,0.162,1
"Upp2",0.181701076215271,0.571770880703922,0.186,0.081,1
"Cyld",0.181701076215271,-0.566632012609634,0.114,0.216,1
"Sypl",0.181701076215271,0.429769741446118,0.186,0.081,1
"Gm609",0.181701076215271,0.55352752959362,0.186,0.081,1
"Ctnnb1",0.182040930826828,-0.703049584361823,0.229,0.324,1
"Cacna1e",0.182522283823569,0.536147884593717,0.143,0.054,1
"Ndufs2",0.182522283823569,0.482834501118026,0.143,0.054,1
"Ndufb7",0.182522283823569,0.66187751515158,0.143,0.054,1
"Gprasp1",0.182522283823569,-0.923165648038904,0.086,0.162,1
"Rgs12",0.183213448341855,0.592115053883589,0.243,0.135,1
"Agbl4",0.183692680917762,-0.757739379893525,0.043,0.108,1
"Mast2",0.183692680917762,-0.703098223292106,0.043,0.108,1
"Gm37082",0.183692680917762,-0.6418718862341,0.043,0.108,1
"Myo5a",0.183692680917762,-0.660499930289394,0.043,0.108,1
"Atl1",0.183692680917762,-0.615984800215721,0.043,0.108,1
"Cap2",0.183692680917762,-0.711870865532318,0.043,0.108,1
"Slc30a6",0.183692680917762,-0.659481049196424,0.043,0.108,1
"Ilf2",0.183992206648199,0.426713405277605,0.1,0.027,1
"Klf4",0.183992206648199,0.538634992268889,0.1,0.027,1
"Brinp1",0.183992206648199,0.802625286576501,0.1,0.027,1
"Per3",0.183992206648199,0.52816094314247,0.1,0.027,1
"Exosc7",0.183992206648199,0.476728706879247,0.1,0.027,1
"Micu1",0.183992206648199,0.622155459083069,0.1,0.027,1
"Retreg3",0.183992206648199,0.635340088516049,0.1,0.027,1
"Arhgap27",0.183992206648199,0.56766684366335,0.1,0.027,1
"Ppwd1",0.183992206648199,0.415835973161906,0.1,0.027,1
"Dnm1l",0.183992206648199,0.579578967584358,0.1,0.027,1
"Pcbp2",0.184379462997512,0.527580041300977,0.214,0.108,1
"Phactr4",0.186476827016393,0.519785685691168,0.143,0.054,1
"Layn",0.186476827016393,-0.877367418960364,0.086,0.162,1
"Psma6",0.186476827016393,0.554286704568164,0.143,0.054,1
"Ggps1",0.186476827016393,0.538576809863902,0.143,0.054,1
"Dbp",0.188704728894282,0.461457876821388,0.186,0.081,1
"Phldb2",0.188704728894282,0.388730789316443,0.186,0.081,1
"Zer1",0.188778876780394,0.476431485188502,0.1,0.027,1
"Eif3j1",0.188778876780394,0.476162427415459,0.1,0.027,1
"Sirpa",0.188778876780394,0.500313767226996,0.1,0.027,1
"Stk4",0.188778876780394,0.551733129324958,0.1,0.027,1
"Cmpk1",0.188778876780394,0.493085095405856,0.1,0.027,1
"Gpbp1l1",0.188778876780394,0.535261123490111,0.1,0.027,1
"Syf2",0.188778876780394,0.51944343266771,0.1,0.027,1
"Trappc4",0.188778876780394,0.522795543265771,0.1,0.027,1
"Etfa",0.188778876780394,0.709387438972964,0.1,0.027,1
"Esyt1",0.188778876780394,0.289604280426536,0.1,0.027,1
"Ndufb1",0.188778876780394,0.536164676318619,0.1,0.027,1
"4930594M22Rik",0.188778876780394,0.502256647514556,0.1,0.027,1
"Cul2",0.188778876780394,0.544511718461249,0.1,0.027,1
"Akirin1",0.188782419831352,-0.666693544128937,0.043,0.108,1
"Cfap97",0.188782419831352,-0.70527913509129,0.043,0.108,1
"Vps26a",0.188782419831352,-0.706748475780923,0.043,0.108,1
"Cwc25",0.188782419831352,-0.662472197989526,0.043,0.108,1
"Nsun2",0.188782419831352,-0.718443030928984,0.043,0.108,1
"Brix1",0.188782419831352,-0.615633390070093,0.043,0.108,1
"Micos13",0.188782419831352,-0.776815478245674,0.043,0.108,1
"Pard3b",0.189168242002134,-0.466077014169826,0.271,0.378,1
"Aimp1",0.189172943597327,-0.41200813258299,0.057,0.135,1
"Wdr17",0.190494323290097,0.841979202673662,0.143,0.054,1
"Wwp2",0.190494323290097,0.400425364514015,0.143,0.054,1
"Tmpo",0.190494323290097,0.282534292073712,0.143,0.054,1
"Ankfy1",0.190494323290097,-0.888194558377972,0.086,0.162,1
"Papola",0.190494323290097,0.452109438384324,0.143,0.054,1
"Aopep",0.190519022378104,0.421147685579002,0.357,0.216,1
"Nrd1",0.190809329707613,0.462551795363776,0.257,0.135,1
"Rmnd5a",0.191044991103542,-0.905113036834265,0.114,0.189,1
"Ctla2a",0.191156976028922,0.627266378463715,0.271,0.162,1
"Apc",0.192774100056931,0.287959994288728,0.329,0.189,1
"Unc50",0.193656754947604,0.316472353709769,0.1,0.027,1
"Lamp5",0.193656754947604,0.369647741377495,0.1,0.027,1
"St7l",0.193656754947604,0.312705852451151,0.1,0.027,1
"Trnau1ap",0.193656754947604,0.391006282374742,0.1,0.027,1
"Rer1",0.193656754947604,0.351102259664052,0.1,0.027,1
"Zfp512",0.193656754947604,0.292455319769172,0.1,0.027,1
"Mapk10",0.193656754947604,0.397642311825356,0.1,0.027,1
"Cadm4",0.193656754947604,0.357953462390214,0.1,0.027,1
"Htra1",0.193656754947604,0.277026431867543,0.1,0.027,1
"Gfod2",0.193656754947604,0.335346957784675,0.1,0.027,1
"Cwc15",0.193656754947604,0.270179711910477,0.1,0.027,1
"Pcsk7",0.193656754947604,0.390138604648267,0.1,0.027,1
"Bod1",0.193656754947604,0.374553450166919,0.1,0.027,1
"Xaf1",0.193656754947604,0.486105622474082,0.1,0.027,1
"Hcfc1r1",0.193656754947604,0.363075518569419,0.1,0.027,1
"Zdhhc6",0.193656754947604,0.325077859218551,0.1,0.027,1
"Pgk1",0.193656754947604,0.392698042812185,0.1,0.027,1
"Eef1a1",0.193955361617766,0.472810988258829,0.429,0.297,1
"Galnt17",0.193975404617912,-0.468491624344332,0.043,0.108,1
"Stk11",0.193975404617912,-0.592492396895422,0.043,0.108,1
"Camk2g",0.193975404617912,-0.542043999647192,0.043,0.108,1
"Ints9",0.193975404617912,-0.532707208633027,0.043,0.108,1
"Spats2",0.193975404617912,-0.629697174297469,0.043,0.108,1
"Ubald1",0.193975404617912,-0.610970687103479,0.043,0.108,1
"Syngr3",0.193975404617912,-0.633178911424345,0.043,0.108,1
"Ap1s2",0.193975404617912,-0.346043898404813,0.043,0.108,1
"Sec14l1",0.194575191484658,-0.818646567872303,0.086,0.162,1
"Atp2a2",0.194875502075943,-0.537373384653806,0.286,0.378,1
"Hsp90aa1",0.194912560399309,-0.495364969663742,0.3,0.405,1
"Clip1",0.195183686325423,-0.538776415837373,0.157,0.243,1
"Taf15",0.195905477768162,0.351993394611356,0.186,0.081,1
"Lims2",0.195905477768162,0.406431850595222,0.186,0.081,1
"Capn2",0.19673511577229,-0.537569391221888,0.1,0.189,1
"Dock9",0.196871842506688,0.38042319157963,0.6,0.486,1
"Gnb2",0.197724855560295,0.550343193705144,0.214,0.108,1
"Anks1",0.197724855560295,0.517482901409126,0.214,0.108,1
"Lncppara",0.198233942341622,-0.558602372562218,0.129,0.216,1
"Tm4sf1",0.19851536432542,0.95291981360281,0.171,0.081,1
"Pgm2l1",0.19851536432542,0.661837800901216,0.171,0.081,1
"Thap12",0.198719838789717,-1.05769344470709,0.086,0.162,1
"Nxph1",0.199272492548289,-0.534397673793525,0.043,0.108,1
"Ndufb2",0.199272492548289,-0.664097476614512,0.043,0.108,1
"Slc29a3",0.199272492548289,-0.637068045567514,0.043,0.108,1
"Tmem256",0.199272492548289,-0.52815875180601,0.043,0.108,1
"Wbp2",0.199272492548289,-0.531086946688887,0.043,0.108,1
"Cdr1os",0.199272492548289,-0.577691689134329,0.043,0.108,1
"Bmx",0.199272492548289,-0.621253282019202,0.043,0.108,1
"Bc1",0.199441498977012,-0.312893035174303,0.143,0.243,1
"Gnai2",0.199580469911728,0.41898748583792,0.186,0.081,1
"Slc6a6",0.200246045962341,0.424220272999735,0.529,0.378,1
"Rpl24",0.20063918208113,-0.567269703548381,0.1,0.189,1
"Fau",0.201596948905975,0.791785082624362,0.343,0.243,1
"Gpm6b",0.201855987562849,-0.72955682586482,0.186,0.27,1
"Nek7",0.202329671651133,0.748507997417024,0.171,0.081,1
"Fndc3b",0.202928660385716,0.42139558938818,0.143,0.054,1
"Krtcap2",0.202928660385716,0.417733314483412,0.143,0.054,1
"Rbm33",0.202928660385716,0.298726702991448,0.143,0.054,1
"Resf1",0.202928660385716,0.376959387812401,0.143,0.054,1
"Pspc1",0.202928660385716,0.304709844124844,0.143,0.054,1
"Tle1",0.203305569548322,0.376064316371545,0.186,0.081,1
"C1ql3",0.203919011872699,0.880896643160869,0.229,0.135,1
"Cox6a1",0.204656715359103,0.49494285432675,0.214,0.108,1
"Xkr4",0.204674508978509,-0.630902856840788,0.043,0.108,1
"Rspry1",0.204674508978509,-0.405953246224622,0.043,0.108,1
"Emp2",0.204674508978509,-0.529089239646776,0.043,0.108,1
"Eno2",0.205053560445481,-0.706563435392404,0.086,0.162,1
"Zfp950",0.20551217698038,0.58675412189981,0.243,0.135,1
"Mycbp2",0.206023095739717,0.265489305789831,0.371,0.216,1
"Manf",0.206197111693306,0.530051744319783,0.171,0.081,1
"Tmem132a",0.207202039086328,-0.809675755014856,0.086,0.162,1
"Ptprn",0.20861634695032,-0.512257236268205,0.1,0.189,1
"Ccar1",0.20861634695032,-0.410141932914825,0.1,0.189,1
"Commd3",0.209442266887663,0.640251001265783,0.129,0.054,1
"Cdh11",0.209442266887663,0.902497970969372,0.129,0.054,1
"mt-Nd5",0.209442266887663,0.616851506096694,0.129,0.054,1
"Edf1",0.210117962938758,-0.856213672216268,0.114,0.189,1
"Eif2s2",0.210117962938758,0.553300296215716,0.171,0.081,1
"Zbtb46",0.210117962938758,0.692596378310744,0.171,0.081,1
"Supt20",0.210117962938758,0.500987816292853,0.171,0.081,1
"Flvcr2",0.210117962938758,0.649911045455345,0.171,0.081,1
"Kif3b",0.210182246129968,-0.353646919494377,0.043,0.108,1
"Cdyl2",0.210182246129968,-0.484900477866867,0.043,0.108,1
"Ankrd52",0.210182246129968,-0.32060328239255,0.043,0.108,1
"Rufy1",0.210182246129968,-0.382746919587756,0.043,0.108,1
"Gm40841",0.210182246129968,-0.350950781602924,0.043,0.108,1
"Gabpa",0.210182246129968,-0.368788001394853,0.043,0.108,1
"Ddx50",0.210725347944073,-0.957358685514788,0.171,0.243,1
"Nr2c2",0.210753159846385,0.615577037090886,0.2,0.108,1
"Stard3nl",0.212969898355135,-0.483084400133607,0.043,0.108,1
"Nrxn3",0.213452789010145,0.925774324499439,0.4,0.27,1
"Snx6",0.213988064078703,0.498016686266405,0.129,0.054,1
"Camk2a",0.213988064078703,0.830978483769079,0.129,0.054,1
"Pik3ca",0.214092495057642,0.571498318891106,0.171,0.081,1
"Ago3",0.214092495057642,-0.717222284030281,0.114,0.189,1
"Pdss2",0.214092495057642,0.436106888356899,0.171,0.081,1
"Flt1",0.214440325964287,-0.315658440410855,0.929,0.919,1
"Pds5b",0.214441424473746,0.58566334463392,0.2,0.108,1
"Airn",0.215383267378157,0.406364439000851,0.214,0.108,1
"Cenpp",0.215796461876709,-0.358308407304685,0.043,0.108,1
"Nrn1",0.215943935088294,-0.609148469441045,0.086,0.162,1
"Cadps",0.215943935088294,-0.655243572499099,0.086,0.162,1
"Arap3",0.215943935088294,-0.525073906799143,0.086,0.162,1
"Wwp1",0.216780096703029,-0.547466843011911,0.129,0.216,1
"Wdfy3",0.21764243667082,0.469300298365812,0.3,0.189,1
"Atp6v0a1",0.217915275449038,-0.528531197130787,0.2,0.297,1
"Rsu1",0.218120968686314,-0.779950472657956,0.114,0.189,1
"Shroom2",0.218120968686314,-0.955798030901825,0.114,0.189,1
"ENSMUSG00000120082",0.218176003818074,0.671106142350507,0.2,0.108,1
"Rhoc",0.218604603099759,0.561391286412297,0.129,0.054,1
"Gdi1",0.218604603099759,0.610685585090725,0.129,0.054,1
"Ctsh",0.219449765265235,0.30889241267236,0.329,0.189,1
"Rpl18a",0.220232283625373,0.457479748007017,0.314,0.189,1
"Eno1",0.220413152989041,-0.610789197482479,0.086,0.162,1
"Pard3",0.220457836660324,0.264564340454141,0.429,0.27,1
"Fbxo11",0.221240609549834,0.561255269375327,0.229,0.135,1
"Mapkbp1",0.22151787854136,-0.488137617221238,0.043,0.108,1
"Tmeff2",0.222203635211522,0.724233139941922,0.171,0.081,1
"Pdgfb",0.222203635211522,0.40066721476374,0.171,0.081,1
"Ndufa2",0.222203635211522,0.670734524955957,0.171,0.081,1
"Rab14",0.22309483632292,-0.598417745385586,0.157,0.243,1
"Ythdf3",0.223292260904692,0.618718922083245,0.129,0.054,1
"Uso1",0.223292260904692,0.543524131782726,0.129,0.054,1
"Xdh",0.223292260904692,0.695887891307531,0.129,0.054,1
"Lncpint",0.223397798953739,0.288698624721611,0.314,0.189,1
"Sparcl1",0.224200349904796,0.452206636337302,0.471,0.351,1
"Srrm1",0.224647331218837,0.32411715611895,0.286,0.162,1
"Angel2",0.22494832849172,-0.586324434851165,0.086,0.162,1
"Mon2",0.22494832849172,-0.370795439607148,0.086,0.162,1
"Araf",0.22494832849172,-0.744415031903333,0.086,0.162,1
"Cox14",0.22522735759264,-0.929323847460882,0.071,0.135,1
"Fgfr1op2",0.225255091615813,-0.448900887938942,0.1,0.189,1
"Crebbp",0.225784897710575,0.574800229476072,0.2,0.108,1
"Xrcc4",0.226340736556039,0.39157098277331,0.171,0.081,1
"Itga1",0.227807793490827,-0.473994408614392,0.257,0.351,1
"0610012G03Rik",0.228051398122357,0.555386542681225,0.129,0.054,1
"Crem",0.228051398122357,0.571546574369271,0.129,0.054,1
"Riok3",0.228051398122357,0.650084447833979,0.129,0.054,1
"Vwa1",0.22840249099596,-0.263881284523061,0.143,0.243,1
"Cx3cl1",0.228490235184397,-0.609235081031254,0.129,0.216,1
"Alcam",0.228840430174192,-0.90635638907909,0.186,0.27,1
"Bpnt2",0.229549777278228,-0.563030936436131,0.086,0.162,1
"Cox7a2",0.23053250496591,-0.87427726271733,0.114,0.189,1
"Cox7c",0.230975921090142,-0.673159602055906,0.257,0.351,1
"Map2",0.232882358638074,0.633104308453074,0.129,0.054,1
"Gatad1",0.232882358638074,0.603841394019489,0.129,0.054,1
"Klhl7",0.232882358638074,0.489014730987005,0.129,0.054,1
"Ric8b",0.232882358638074,0.478872447191525,0.129,0.054,1
"Acot13",0.232882358638074,0.564846249498853,0.129,0.054,1
"Smc3",0.232882358638074,0.62322597494779,0.129,0.054,1
"Ccser2",0.233125739340114,0.333195697013138,0.271,0.162,1
"Sdhb",0.234217800561593,-0.619596981938563,0.086,0.162,1
"Hnrnpdl",0.23426402902475,-0.481583329401332,0.157,0.243,1
"Ptprd",0.234559699766949,-0.490910930910427,0.586,0.622,1
"Ppp1r16b",0.234779162799442,0.326037318064666,0.171,0.081,1
"Tial1",0.234779162799442,-0.683784886999361,0.114,0.189,1
"Palm",0.234779162799442,0.594304939586849,0.171,0.081,1
"Rpl10a",0.234779162799442,0.347719162012523,0.171,0.081,1
"Stag2",0.234779162799442,0.401853976105242,0.171,0.081,1
"Bag5",0.235304996704262,-0.798678777670872,0.071,0.135,1
"Cp",0.236995534805344,0.493602072777957,0.243,0.135,1
"Rps3",0.236995534805344,0.265187341104001,0.243,0.135,1
"Meis2",0.237785469179137,0.504160171327003,0.129,0.054,1
"Mllt11",0.237785469179137,0.277155002418379,0.129,0.054,1
"Msh3",0.237785469179137,0.646645363497919,0.129,0.054,1
"Ints6l",0.237785469179137,0.477524970330781,0.129,0.054,1
"Epn2",0.238221137742392,-0.91400782125693,0.2,0.27,1
"Rps17",0.239080922318097,0.256284658875809,0.171,0.081,1
"Ubr1",0.239992331127702,-0.659210504824788,0.157,0.243,1
"Pcmtd2",0.240461793351593,-0.801665155534777,0.071,0.135,1
"Gm29237",0.240461793351593,-0.733304787949419,0.071,0.135,1
"Psme4",0.240643982751187,-0.460798832112238,0.129,0.216,1
"Mcl1",0.24192686358573,-0.38976588135317,0.157,0.243,1
"Cdipt",0.242761038904745,0.486737821970369,0.129,0.054,1
"Rgs7bp",0.242761038904745,0.593833694348036,0.129,0.054,1
"Tmx3",0.242761038904745,0.495619140106643,0.129,0.054,1
"Syne2",0.242820643179695,0.631262299386591,0.157,0.081,1
"Dynlrb1",0.243437985479427,0.463900144073819,0.171,0.081,1
"Tmeff1",0.243437985479427,0.421740911407671,0.171,0.081,1
"Zfp521",0.243437985479427,0.291693095034404,0.171,0.081,1
"Edil3",0.243754701087503,-0.456916324569594,0.086,0.162,1
"Paqr5",0.243800959218531,-0.402285583533606,0.3,0.432,1
"Adgrf5",0.244150934382973,0.266152411626012,0.557,0.378,1
"Myo10",0.245435457579484,-0.479302520975977,0.286,0.378,1
"Snrk",0.245630733015248,0.41167571598784,0.2,0.108,1
"Naa20",0.24569770311221,-0.66173464805304,0.071,0.135,1
"Gnao1",0.24569770311221,-0.74721568263042,0.071,0.135,1
"Psmd6",0.24569770311221,-0.708695585837571,0.071,0.135,1
"Eny2",0.24569770311221,-0.593520542923569,0.071,0.135,1
"Enpp5",0.24569770311221,-0.70940826098748,0.071,0.135,1
"Memo1",0.24569770311221,-0.724982497749708,0.071,0.135,1
"Pdlim5",0.246635111329882,0.351243032441283,0.371,0.243,1
"Tmod3",0.246958011578802,-0.575452134029085,0.186,0.27,1
"Tanc2",0.247265457355976,0.461149025336234,0.271,0.162,1
"Map3k20",0.247450403689067,-0.36393610232871,0.229,0.324,1
"Snhg11",0.247646370577258,0.572986393328966,0.4,0.27,1
"Ccser1",0.247809359000739,0.280041199554495,0.129,0.054,1
"Cebpg",0.247809359000739,0.375086508314247,0.129,0.054,1
"Cfl2",0.247809359000739,0.501130594248022,0.129,0.054,1
"Prkn",0.247809359000739,0.453457074710768,0.129,0.054,1
"Cdc42ep3",0.247809359000739,0.443978300104243,0.129,0.054,1
"Snx2",0.247809359000739,0.4209711656156,0.129,0.054,1
"Maco1",0.247850543732215,0.382491578553016,0.171,0.081,1
"Pdpk1",0.247850543732215,-0.736519872685009,0.114,0.189,1
"Strn3",0.248672644687158,-0.408170967171456,0.286,0.378,1
"Akap6",0.249742408421754,-0.685589015539909,0.143,0.216,1
"Cavin2",0.249976976818093,0.308106603676952,0.214,0.108,1
"Rps18",0.250892321558856,0.425167434936111,0.271,0.162,1
"Atp2b4",0.251008493594239,-0.601805983185476,0.071,0.135,1
"Mrps28",0.251013045413767,-0.715637017798025,0.071,0.135,1
"Dhx15",0.251013045413767,-0.654210304740537,0.071,0.135,1
"Ube2m",0.251013045413767,-0.703283880901764,0.071,0.135,1
"Vegfc",0.251013045413767,-1.19836686961105,0.071,0.135,1
"Zfp706",0.251013045413767,-0.60577323008838,0.071,0.135,1
"Cntn4",0.251955652721048,0.66818486283637,0.157,0.081,1
"Nfe2l1",0.251955652721048,0.672021620324584,0.157,0.081,1
"Mir6236",0.252381758099779,-0.570830836838626,0.271,0.351,1
"Hnrnpd",0.252930702279536,0.313102273909618,0.129,0.054,1
"Ivns1abp",0.253246123817781,-0.250654064584955,0.129,0.216,1
"Tfrc",0.253694383342387,0.525624334747994,0.429,0.324,1
"Myo9a",0.253901931016409,0.396765486580175,0.2,0.108,1
"Icam2",0.253901931016409,0.419664851073209,0.2,0.108,1
"Cbx5",0.253901931016409,-0.600292176149738,0.143,0.216,1
"Atp6v1d",0.254479180688548,-0.735447262201071,0.186,0.27,1
"Rpl13",0.254869634824948,-0.47948742153391,0.343,0.432,1
"Srsf11",0.255027223788871,0.467332572187306,0.229,0.135,1
"Mal",0.255328889429351,0.57017819998436,0.286,0.189,1
"Tanc1",0.255988624399916,-0.463908191336282,0.214,0.297,1
"Efr3b",0.255988624399916,-0.43362836242889,0.214,0.297,1
"Polk",0.256075589799643,-0.381879047893672,0.314,0.459,1
"Med27",0.25640811760315,-0.635913307223771,0.071,0.135,1
"Tmx2",0.25640811760315,-0.758138054570027,0.071,0.135,1
"Podxl2",0.25640811760315,-0.56111229237301,0.071,0.135,1
"Ocel1",0.25640811760315,-0.664858751449265,0.071,0.135,1
"Puf60",0.25640811760315,-0.689558388011605,0.071,0.135,1
"Aftph",0.256611922592553,0.714267747053502,0.157,0.081,1
"Mpc2",0.256842857550825,-0.750044926742057,0.114,0.189,1
"Dpp10",0.257165344703827,-0.295536896878148,0.314,0.432,1
"Zcchc7",0.25799392724881,0.442077101845784,0.3,0.189,1
"Hnrnpa3",0.258109432421604,-0.556390964918725,0.143,0.216,1
"Ggact",0.258109432421604,-0.815513512691322,0.143,0.216,1
"Hivep1",0.258125322785633,0.371517638212056,0.129,0.054,1
"Vcl",0.258125322785633,0.314068664660941,0.129,0.054,1
"A4galt",0.258125322785633,0.388756251333818,0.129,0.054,1
"Prkar1a",0.258298929598919,-0.441620314867403,0.186,0.27,1
"Nptn",0.260624933934665,-0.573517874330292,0.314,0.378,1
"Dync1i1",0.26132760571657,0.624495260351202,0.157,0.081,1
"Tmem167",0.26132760571657,0.657963174064136,0.157,0.081,1
"Plk2",0.261883194462213,-0.559655080561235,0.071,0.135,1
"Cysltr1",0.261883194462213,-0.572637722598526,0.071,0.135,1
"Ppib",0.261898708416373,0.568308330122886,0.186,0.108,1
"Usp24",0.262883564527927,-1.3032221903281,0.1,0.162,1
"Chn1",0.263878026188408,-0.373722231820334,0.2,0.297,1
"Ubr3",0.265770303096286,0.431726717007764,0.271,0.162,1
"Ywhae",0.266042621986463,0.46062052078503,0.314,0.216,1
"Fis1",0.26605917755669,-0.444810981717169,0.114,0.189,1
"Tmod2",0.26605917755669,-0.528361322008266,0.114,0.189,1
"Tma7",0.26610286364647,0.775234028196521,0.157,0.081,1
"Arid2",0.26610286364647,0.551643117508177,0.157,0.081,1
"Rpl7a",0.267048216205577,-0.633571383015643,0.171,0.243,1
"Foxp1",0.267280949635427,0.575087039445749,0.571,0.459,1
"Trim33",0.267438527731543,-0.51447820167625,0.071,0.135,1
"Nagk",0.267438527731543,-0.464783963670006,0.071,0.135,1
"Tead1",0.267438527731543,-0.665155463318761,0.071,0.135,1
"Eftud2",0.267438527731543,-0.892501693479853,0.071,0.135,1
"Nhsl1",0.270949307550543,0.257073729402392,0.357,0.216,1
"Rhoj",0.271021001433744,-0.642958346392138,0.143,0.216,1
"Dclk1",0.271140450218039,0.502658546714999,0.229,0.135,1
"Myrip",0.271140450218039,0.436799872501011,0.229,0.135,1
"Ggnbp2",0.271140450218039,0.394612128585079,0.229,0.135,1
"Zmynd11",0.271140450218039,0.413419724033857,0.229,0.135,1
"Id1",0.272530663388613,0.445143779105607,0.3,0.189,1
"Tasor",0.273056955119692,0.536177686770148,0.343,0.216,1
"Psmd1",0.273074345642782,-0.472963848612499,0.071,0.135,1
"Lamc1",0.273074345642782,-0.358813958287427,0.071,0.135,1
"Abl1",0.273074345642782,-0.419895868097992,0.071,0.135,1
"Itpka",0.273074345642782,-0.595599607829688,0.071,0.135,1
"Akirin2",0.273074345642782,-1.12742622252344,0.071,0.135,1
"Arid1a",0.273074345642782,-0.604700779055748,0.071,0.135,1
"Gspt1",0.273074345642782,-0.610759157052321,0.071,0.135,1
"Clstn1",0.273234954467569,-0.65538537863594,0.271,0.324,1
"Ubb",0.27360172968357,-0.621176277744213,0.443,0.459,1
"Arpc2",0.274823063229822,0.271578204427224,0.314,0.189,1
"Tuba1a",0.275176321502089,0.518525893270136,0.5,0.351,1
"Kdr",0.275421567668007,0.373846329616339,0.2,0.108,1
"Aig1",0.275421567668007,0.363346941283622,0.2,0.108,1
"Ndfip2",0.275500636703943,-0.543101872527253,0.114,0.189,1
"Mir100hg",0.277932831334598,-0.87915906419805,0.1,0.162,1
"Myo1e",0.277932831334598,-0.771650709440944,0.1,0.162,1
"Mmp16",0.27879085246003,0.677819786314058,0.114,0.054,1
"Cachd1",0.27879085246003,-0.495179450147702,0.071,0.135,1
"Ece1",0.27879085246003,-0.439869655024972,0.071,0.135,1
"Bax",0.27879085246003,-0.365332262355153,0.071,0.135,1
"Smad3",0.27879085246003,0.701632724921961,0.114,0.054,1
"Gpx1",0.27879085246003,0.708855775344566,0.114,0.054,1
"Prpf8",0.27879085246003,-0.463347757869918,0.071,0.135,1
"Thrb",0.27879085246003,-0.499183481502764,0.071,0.135,1
"Ints6",0.27879085246003,-0.464132949496497,0.071,0.135,1
"Rpl21",0.279232797685243,0.615706638544046,0.4,0.324,1
"Nefl",0.279267969041774,-0.435573955716079,0.086,0.162,1
"Cox5b",0.279453267942634,0.419929950867315,0.229,0.135,1
"Ndufc2",0.279453267942634,0.514713273925677,0.229,0.135,1
"Aldh2",0.279811217757761,0.749354632529254,0.186,0.108,1
"Lrrtm4",0.279811217757761,0.705061772498331,0.186,0.108,1
"Gria4",0.279870644710909,0.291798503590622,0.2,0.108,1
"Gcnt2",0.279870644710909,0.391443998671547,0.2,0.108,1
"Hmg20a",0.280306096557944,0.309916630075393,0.171,0.081,1
"Usp53",0.280523108263605,0.567796086746941,0.314,0.216,1
"Ppp6r3",0.28078750645743,0.554180490861615,0.157,0.081,1
"Btrc",0.28078750645743,0.502056514538885,0.157,0.081,1
"Mtif2",0.28307711719513,-0.810368672817705,0.1,0.162,1
"Mtss1",0.283794445997079,0.357365826941402,0.3,0.189,1
"Kat6a",0.283901600283245,-0.830967146594052,0.129,0.189,1
"Rps28",0.28441647685544,0.548646816173596,0.186,0.108,1
"Gak",0.284588228030847,0.615132638221442,0.114,0.054,1
"Mctp1",0.284588228030847,0.787765630896978,0.114,0.054,1
"Rabac1",0.285150004272428,0.461351378338499,0.286,0.189,1
"Lyst",0.287219281477785,-0.407282080790319,0.157,0.243,1
"Ubn1",0.288275369982928,-0.749225087419225,0.157,0.216,1
"Rack1",0.288285535820292,-0.560395908582099,0.1,0.162,1
"Cnksr2",0.288914643343563,-0.667013686966508,0.143,0.216,1
"Arhgef3",0.290287797471177,-0.425691926543696,0.186,0.27,1
"Adgrl1",0.290466627347366,0.544266395378552,0.114,0.054,1
"Rims2",0.290466627347366,-0.552552239474943,0.071,0.135,1
"Brd1",0.290466627347366,-0.623987711591524,0.071,0.135,1
"Mpp7",0.290466627347366,-0.579703596742958,0.071,0.135,1
"Zfx",0.290466627347366,0.664688053382512,0.114,0.054,1
"Gapvd1",0.290877512099402,0.572043528153599,0.157,0.081,1
"Capza2",0.290877512099402,0.300663276271373,0.157,0.081,1
"Mnat1",0.290877512099402,0.328956418120017,0.157,0.081,1
"Timm23",0.290877512099402,0.476844677925384,0.157,0.081,1
"Trappc9",0.290877512099402,0.486234172833203,0.157,0.081,1
"Sltm",0.290991604431903,-0.685857992176127,0.229,0.297,1
"Trmt13",0.29111949761963,-0.711029038258793,0.057,0.108,1
"Hnrnpll",0.29111949761963,-0.705798995625675,0.057,0.108,1
"Atg12",0.29111949761963,-0.647753084395977,0.057,0.108,1
"Prnp",0.291603535809415,-0.441626106137566,0.157,0.243,1
"Ssh2",0.291939482280808,0.60218120123889,0.257,0.162,1
"Pnisr",0.29255950228182,-0.404093962687124,0.3,0.378,1
"Pura",0.292959283851171,0.382135901033522,0.286,0.189,1
"Chd8",0.293497179958976,0.578255869424685,0.171,0.108,1
"Lmo7",0.293497179958976,-0.773032561167102,0.129,0.189,1
"Hook3",0.293509698383825,0.412476833894319,0.2,0.108,1
"Pak1",0.293558184256119,-0.634324304276937,0.1,0.162,1
"Erp29",0.293780123149736,0.381767658271074,0.186,0.108,1
"Lsr",0.293780123149736,0.518942392188549,0.186,0.108,1
"Afdn",0.294390266792452,-0.367077297935032,0.414,0.459,1
"Snrnp70",0.295561546442809,0.511591697983646,0.3,0.216,1
"Arf1",0.296012871987682,0.264928056750788,0.157,0.081,1
"Rin2",0.296065816879826,0.397879830897135,0.257,0.162,1
"Kcnh7",0.296426180118052,1.13120598097757,0.114,0.054,1
"Tln1",0.296426180118052,-0.446324332181579,0.071,0.135,1
"Zfp644",0.296426180118052,-0.406872664383161,0.071,0.135,1
"Mid1",0.296426180118052,-0.353625170660763,0.071,0.135,1
"Atp1a3",0.296568220364213,-0.563455592007832,0.186,0.27,1
"Rpl14",0.296594130162903,0.408689148072786,0.229,0.135,1
"Clic4",0.297141893939248,0.350180376912068,0.357,0.243,1
"Fgd5",0.297141893939248,0.269729500160401,0.357,0.243,1
"Leprotl1",0.297733513191254,-0.6151214973918,0.057,0.108,1
"Ube2k",0.298153530897126,-0.543843483626044,0.143,0.216,1
"Selenow",0.299822527022217,-0.582569307468436,0.3,0.378,1
"Rpl36",0.300506360130276,0.604882335630868,0.214,0.135,1
"Fbxl7",0.300986958819086,0.574474815562065,0.386,0.27,1
"Hacd3",0.301587760608971,0.739228895910271,0.143,0.081,1
"Arpc5l",0.302466990350594,-0.302065204382273,0.071,0.135,1
"Necap1",0.302466990350594,-0.45694983090083,0.071,0.135,1
"Tgfbr2",0.302466990350594,-0.552860723808111,0.071,0.135,1
"Rufy2",0.302466990350594,0.656885954751866,0.114,0.054,1
"Dgkb",0.302466990350594,0.909194788869823,0.114,0.054,1
"Rcor1",0.302466990350594,0.543895021454572,0.114,0.054,1
"Celf5",0.304296478407985,-0.669650790881043,0.1,0.162,1
"Ctnna1",0.30443507357558,0.387646471890291,0.257,0.162,1
"Junb",0.30444719044764,-0.664933923492855,0.057,0.108,1
"Dhps",0.30444719044764,-0.497082527307467,0.057,0.108,1
"Gm39469",0.30444719044764,-0.830883431714063,0.057,0.108,1
"Nt5dc1",0.30444719044764,-0.593748854457482,0.057,0.108,1
"Il17rd",0.30444719044764,-0.764347527386603,0.057,0.108,1
"Sft2d1",0.30444719044764,-0.71033353694611,0.057,0.108,1
"Ppp1r11",0.30444719044764,-0.693708475953749,0.057,0.108,1
"Marchf3",0.30444719044764,-0.754063189138895,0.057,0.108,1
"Trpm6",0.30444719044764,-0.761616943528981,0.057,0.108,1
"Grm7",0.305181089217842,-0.35119505191916,0.114,0.189,1
"Smyd3",0.306418365323129,-0.438014177147547,0.214,0.297,1
"Lcorl",0.306418365323129,-0.405870896146476,0.214,0.297,1
"Golm2",0.306464638467032,0.354507722516704,0.157,0.081,1
"Dennd3",0.306464638467032,0.310745855394026,0.157,0.081,1
"B3galt1",0.307021302445352,0.849636182214734,0.143,0.081,1
"Trip12",0.308294187487089,-0.814796672965522,0.129,0.189,1
"Ube4a",0.308589135946459,-0.348567962396873,0.071,0.135,1
"Lrrc49",0.308589135946459,0.424170260237568,0.114,0.054,1
"Acaca",0.308589135946459,0.519878390102951,0.114,0.054,1
"Hs6st3",0.308589135946459,0.455365524940626,0.114,0.054,1
"Acot9",0.308589135946459,0.432838873579807,0.114,0.054,1
"Cilk1",0.309762237198898,-0.574995193510777,0.1,0.162,1
"Chd1",0.309762237198898,-0.713520781258647,0.1,0.162,1
"Ldlrad3",0.309902096897347,-0.794105343004303,0.171,0.243,1
"Sfr1",0.310330618207301,-0.340671866664919,0.114,0.189,1
"Gpr180",0.311254926946461,-0.651366683342331,0.057,0.108,1
"Manbal",0.311260625443821,-0.798099469197979,0.057,0.108,1
"Bicra",0.311260625443821,-0.787273542884692,0.057,0.108,1
"Hace1",0.311260625443821,-0.74215833419262,0.057,0.108,1
"Ccnt1",0.311260625443821,-0.646793385619938,0.057,0.108,1
"Fam162a",0.311260625443821,-0.627185979160225,0.057,0.108,1
"Tbc1d23",0.311260625443821,-0.616802015057197,0.057,0.108,1
"Atp6v0e2",0.311777684065829,0.360011668562884,0.157,0.081,1
"Sdk1",0.312519286096601,0.841251884016518,0.143,0.081,1
"Rhoa",0.312959934265451,-0.400710951087939,0.2,0.27,1
"Ywhab",0.31442439814448,0.450902326980384,0.229,0.135,1
"Suco",0.314792668307599,0.47557807316571,0.114,0.054,1
"Spata6",0.314792668307599,0.484151992015423,0.114,0.054,1
"Abce1",0.314792668307599,0.421041581223436,0.114,0.054,1
"Bnip2",0.314792668307599,0.400199836640618,0.114,0.054,1
"Ifi27",0.314792668307599,0.422363596179822,0.114,0.054,1
"Nptxr",0.314792668307599,0.537734066997459,0.114,0.054,1
"Ralbp1",0.314792668307599,0.528017704826041,0.114,0.054,1
"Lars",0.314792668307599,0.476168293257461,0.114,0.054,1
"Mms19",0.314792668307599,0.59557720949763,0.114,0.054,1
"Mob4",0.315292451510064,-0.585118015061619,0.1,0.162,1
"Tpm4",0.315292451510064,-0.500537139285849,0.1,0.162,1
"Atp1b3",0.315292451510064,-0.566013435128396,0.1,0.162,1
"Ramp2",0.316276498581493,0.477873556176491,0.443,0.351,1
"Cadm2",0.317137678813351,0.481950904998819,0.371,0.27,1
"Actr3",0.317158075359578,0.315611378329907,0.157,0.081,1
"Rpl22",0.317158075359578,0.257358049727783,0.157,0.081,1
"Ep400",0.317158075359578,0.316429032863666,0.157,0.081,1
"Vwa8",0.317217364880019,0.255197308105391,0.2,0.108,1
"H3f3a",0.317804589635893,0.257700560399,0.357,0.243,1
"Cdc14a",0.318081734748074,0.530178832690952,0.143,0.081,1
"Snx21",0.318173874203017,-0.678919803561551,0.057,0.108,1
"Slc6a17",0.318173874203017,-0.715624332911207,0.057,0.108,1
"Rpn1",0.318173874203017,-0.651133472277244,0.057,0.108,1
"Hnrnpl",0.318173874203017,-0.649777185922383,0.057,0.108,1
"Gm48383",0.318173874203017,-0.505291674132551,0.057,0.108,1
"Hsd17b4",0.318173874203017,-0.722069439467459,0.057,0.108,1
"Ier3ip1",0.318173874203017,-0.599418636612843,0.057,0.108,1
"Selenom",0.318428402116257,-0.704651309345608,0.129,0.189,1
"Pi4ka",0.318747541668779,-0.635346381961379,0.186,0.243,1
"Fbxl17",0.319730529348653,0.28047295798151,0.357,0.243,1
"Bmpr2",0.3207574438809,0.426924312414355,0.5,0.378,1
"Rnf214",0.32088713605029,-0.690280705932852,0.1,0.162,1
"Usp33",0.321077611955817,0.451114176742522,0.114,0.054,1
"Zfp423",0.321077611955817,0.366641965546029,0.114,0.054,1
"Trf",0.321077611955817,0.507275417668873,0.114,0.054,1
"Hba-a2",0.321077611955817,0.321532365888686,0.071,0.135,1
"Map4k5",0.321077611955817,0.342318913928855,0.114,0.054,1
"Jag2",0.321077611955817,0.36212426226668,0.114,0.054,1
"Rps13",0.322595467961497,0.301121951480263,0.157,0.081,1
"Fubp1",0.323099580639744,0.312552400416134,0.186,0.108,1
"Reep5",0.323270096641433,-0.590303093416095,0.186,0.243,1
"Rap1a",0.323598532455805,0.301645470953408,0.229,0.135,1
"Ndufs5",0.323708654581008,0.544443203631427,0.143,0.081,1
"Asxl2",0.323708654581008,0.64098777113481,0.143,0.081,1
"Gkap1",0.323708654581008,0.473973657134618,0.143,0.081,1
"Ncoa1",0.324728496250365,0.25436316893764,0.371,0.27,1
"Hsd17b12",0.325186952091092,-0.728004955615063,0.057,0.108,1
"Dnajb4",0.325186952091092,-0.632786979005577,0.057,0.108,1
"Coq3",0.325186952091092,-0.839263915378328,0.057,0.108,1
"Suds3",0.325186952091092,-0.479121325748447,0.057,0.108,1
"Ttc23",0.325186952091092,-0.572051916806673,0.057,0.108,1
"Arhgef25",0.325186952091092,-0.927099191880575,0.057,0.108,1
"Maml1",0.325186952091092,-0.485186168973462,0.057,0.108,1
"Enpp2",0.325186952091092,-0.608926660212455,0.057,0.108,1
"Nedd4l",0.326039173138666,-0.634884480804642,0.2,0.27,1
"Mertk",0.326546288423062,-0.449354988442948,0.1,0.162,1
"Pdia6",0.326546288423062,-0.530010849193778,0.1,0.162,1
"Dennd6a",0.326546288423062,-0.670679344904339,0.1,0.162,1
"Raph1",0.327443964165275,0.309562089443746,0.114,0.054,1
"Resp18",0.327443964165275,0.270974396589565,0.114,0.054,1
"Usp8",0.327443964165275,0.426938589558302,0.114,0.054,1
"Vapb",0.327443964165275,0.404433218870353,0.114,0.054,1
"Pcgf3",0.327443964165275,0.383344122757014,0.114,0.054,1
"Prpf39",0.327443964165275,0.365083099363676,0.114,0.054,1
"Xpo4",0.327443964165275,0.306841964784049,0.114,0.054,1
"Tm9sf2",0.327443964165275,0.393953650206264,0.114,0.054,1
"Rps21",0.327834273814041,0.798480812966206,0.229,0.162,1
"Rab11b",0.328165550311909,0.255605602379949,0.186,0.108,1
"Tmem132b",0.329396356135664,-0.593054127050589,0.1,0.162,1
"Srgap3",0.329400034571813,0.54585867080891,0.143,0.081,1
"Hsp90ab1",0.329554550959577,0.290986933508078,0.714,0.568,1
"Sumo1",0.330476765960976,0.337739124190659,0.257,0.162,1
"Prrc2c",0.331227717064207,-0.461783236074908,0.257,0.324,1
"Slc24a2",0.332269888929259,-0.765829247990394,0.1,0.162,1
"Rpn2",0.332299833215662,-0.598691521094481,0.057,0.108,1
"Tbkbp1",0.332299833215662,-0.464787842829544,0.057,0.108,1
"Tspan14",0.332299833215662,-0.553470489821261,0.057,0.108,1
"Tiam2",0.332299833215662,-0.526311780447713,0.057,0.108,1
"Ppm1h",0.332440060038126,-0.611119618663222,0.186,0.243,1
"Etl4",0.332590923748229,0.797792572469756,0.314,0.243,1
"Arhgef12",0.332751330449113,0.266657799665408,0.4,0.297,1
"Ubap2l",0.333282763193537,0.411735483195184,0.186,0.108,1
"Sdha",0.333282763193537,0.325737558434766,0.186,0.108,1
"Rgl1",0.333891694608632,0.320079767688442,0.114,0.054,1
"Nod1",0.333891694608632,0.394043542817416,0.114,0.054,1
"Arhgap35",0.333891694608632,0.317486673544204,0.114,0.054,1
"Zfp365",0.333891694608632,0.334829442293679,0.114,0.054,1
"Erg28",0.333891694608632,0.252535059450594,0.114,0.054,1
"Akap7",0.335155846298257,0.400198943623502,0.143,0.081,1
"Arap2",0.335693721932058,-0.599696222538947,0.214,0.27,1
"Eml4",0.338057900376859,-0.455370772695656,0.1,0.162,1
"Susd6",0.33934395890331,-0.461222843522093,0.129,0.189,1
"Vcpip1",0.339512449850791,-0.391378618445121,0.057,0.108,1
"Urm1",0.339512449850791,-0.49470558226618,0.057,0.108,1
"Hpca",0.339512449850791,-0.454075035326931,0.057,0.108,1
"Ccdc136",0.339512449850791,-0.480396725906277,0.057,0.108,1
"Cct4",0.339512449850791,-0.517429781420603,0.057,0.108,1
"Traf3",0.339512449850791,-0.294581534456917,0.057,0.108,1
"Pmm1",0.339512449850791,-0.518822284479779,0.057,0.108,1
"Rsl1d1",0.339512449850791,-0.469219434197775,0.057,0.108,1
"Tbcc",0.339512449850791,-0.569414121743932,0.057,0.108,1
"Spindoc",0.339512449850791,-0.442186632514991,0.057,0.108,1
"Prdm16",0.340420745017297,0.342096790175923,0.114,0.054,1
"Lsm14a",0.340420745017297,0.363285344832819,0.114,0.054,1
"Cltb",0.340420745017297,0.325036105261962,0.114,0.054,1
"Ep300",0.340420745017297,0.325122375452353,0.114,0.054,1
"Atxn10",0.340420745017297,-0.285466898179323,0.071,0.135,1
"Ss18",0.340420745017297,0.396126647510565,0.114,0.054,1
"Utrn",0.340436059332299,0.268320177880458,0.8,0.676,1
"Inpp1",0.340976043752758,0.524243889867509,0.143,0.081,1
"Snapc3",0.340976043752758,0.589861668583686,0.143,0.081,1
"Evi5",0.340976043752758,0.548535700847991,0.143,0.081,1
"Sgcz",0.342789584944508,0.346506046634476,0.214,0.135,1
"Psmc6",0.342789584944508,0.405393423858822,0.214,0.135,1
"Prpf4b",0.343085359853987,-0.57901082454317,0.386,0.405,1
"Kdm4c",0.343910267897862,-0.677826525047869,0.1,0.162,1
"Ehbp1",0.343910267897862,-0.435495896756057,0.1,0.162,1
"Ylpm1",0.344707526277837,-0.509159180788063,0.129,0.189,1
"Heg1",0.345340011190007,0.515947615838467,0.514,0.459,1
"Tmtc2",0.346818655213772,0.481252217704848,0.586,0.486,1
"Gpr160",0.346824691888271,-0.369445913209841,0.057,0.108,1
"Zfp462",0.346824691888271,-0.46813052740424,0.057,0.108,1
"Aff1",0.346860563162977,0.566481867687278,0.143,0.081,1
"Trir",0.346860563162977,0.52036516492121,0.143,0.081,1
"Nfat5",0.346883919084802,0.344943987800518,0.429,0.324,1
"Slc9a3r2",0.346895404816195,0.485906685668945,0.257,0.189,1
"Ccnyl1",0.347031028856251,0.332506955207144,0.114,0.054,1
"Arhgef18",0.347031028856251,0.337404898442031,0.114,0.054,1
"Cobll1",0.349065691776454,-0.487916466960517,0.5,0.514,1
"Cnot10",0.349826918772617,-0.468303747039217,0.1,0.162,1
"Btbd10",0.350124867451902,-0.566410007688116,0.129,0.189,1
"Fbxl2",0.350124867451902,-0.528407238427358,0.129,0.189,1
"Myo1b",0.350257585224575,-0.540737649576643,0.157,0.216,1
"Cdc42bpa",0.351614054841805,0.410415769839904,0.286,0.189,1
"Rasip1",0.35221713132217,0.343625941619643,0.314,0.216,1
"Trappc6b",0.352809322819932,0.483693803700633,0.143,0.081,1
"Spen",0.353722431013915,0.266989023468179,0.114,0.054,1
"Nipsnap2",0.354236406316417,-0.25453201731425,0.057,0.108,1
"Cnep1r1",0.354236406316417,-0.39281316308845,0.057,0.108,1
"Coro2b",0.354236406316417,-0.287698693856038,0.057,0.108,1
"Als2cl",0.354236406316417,-0.432923720401165,0.057,0.108,1
"Stip1",0.354236406316417,-0.475955729524434,0.057,0.108,1
"Ppp2r5a",0.354263293435379,0.351517099251195,0.186,0.108,1
"Adgrb3",0.355595911702071,-0.469779581378548,0.129,0.189,1
"Elmo1",0.355665257685736,0.523843504240359,0.343,0.27,1
"Chp1",0.355807762261762,-0.409166579757696,0.1,0.162,1
"Hspb1",0.355807762261762,-0.338834247249325,0.1,0.162,1
"Cwf19l2",0.356487838732648,-0.882574894029293,0.114,0.162,1
"Rab10",0.357917244004463,0.467281746270024,0.2,0.135,1
"Rnf216",0.358818567842579,-0.414146775401533,0.1,0.162,1
"Psmc3",0.358822222913816,0.4565269099001,0.143,0.081,1
"Atp6v1f",0.358822222913816,0.387045570487554,0.143,0.081,1
"Bnip3l",0.358822222913816,0.364588463468899,0.143,0.081,1
"Rbx1",0.358822222913816,0.352850077110349,0.143,0.081,1
"Ssr4",0.358822222913816,0.527140725549728,0.143,0.081,1
"Tnks2",0.359535333663802,-0.379841796853566,0.171,0.243,1
"9530026P05Rik",0.360018713420553,0.373719629815735,0.486,0.378,1
"Add1",0.361050480925614,-0.583731081510379,0.086,0.135,1
"Oaz2",0.361050480925614,-0.734247573082141,0.086,0.135,1
"Cep83",0.361050480925614,-0.593047549419619,0.086,0.135,1
"Sars",0.361747396727294,-0.273504759682315,0.057,0.108,1
"Hectd4",0.361747396727294,-0.311563430829906,0.057,0.108,1
"Cs",0.361747396727294,-0.281234007341402,0.057,0.108,1
"Rin3",0.361747396727294,-0.390611307382312,0.057,0.108,1
"Map4k3",0.362019726603319,-0.398400470288869,0.171,0.243,1
"Arf5",0.362347329612884,-0.728173039688239,0.114,0.162,1
"Pcp4l1",0.362968709545492,-0.344588324545184,0.143,0.216,1
"Ski",0.364899145377727,0.414639909180347,0.143,0.081,1
"Ankib1",0.364899145377727,0.442709439129517,0.143,0.081,1
"Tet3",0.364899145377727,0.397883550666092,0.143,0.081,1
"Dusp3",0.364899145377727,0.435526756686707,0.143,0.081,1
"Lrrc4c",0.36530675196401,0.917619762243299,0.257,0.189,1
"Zranb2",0.365681466752422,-0.449449102270364,0.157,0.216,1
"Rbms1",0.365987733075745,-0.5963796790366,0.357,0.378,1
"Rps3a1",0.366080960975851,0.428305897428483,0.343,0.27,1
"Dnmt3a",0.366698762782318,0.505684524516303,0.171,0.108,1
"Hip1",0.366920446472998,0.279959758181576,0.514,0.405,1
"Cdv3",0.367621018735309,-0.625113356695854,0.086,0.135,1
"Ptpn11",0.369357422853306,-0.266434423429083,0.057,0.108,1
"Trim16",0.369357422853306,-0.267591646552208,0.057,0.108,1
"Sh3bgrl3",0.36950484798765,-0.452498043887416,0.129,0.189,1
"Magi3",0.370586635046671,0.409350967453158,0.3,0.216,1
"Ppfibp1",0.370780258102032,-0.401549933875762,0.186,0.243,1
"Tbc1d12",0.371039953739483,0.438515785843618,0.143,0.081,1
"Rpl17",0.371644539576684,0.478954372864904,0.243,0.162,1
"Sumo2",0.372161664380722,0.258517321053841,0.257,0.162,1
"Nfe2l2",0.372330364123318,-0.423937439849442,0.129,0.189,1
"Epb41",0.372330364123318,0.670738738061179,0.171,0.108,1
"Atp9b",0.372330364123318,0.436573025520117,0.171,0.108,1
"Emsy",0.37426553086391,-0.966029422580004,0.086,0.135,1
"Chordc1",0.37426553086391,-0.454682430968364,0.086,0.135,1
"Rtn1",0.375443223646833,-0.330564626814994,0.686,0.73,1
"Adipor2",0.375757099395894,-0.307416371523618,0.271,0.351,1
"Cnot2",0.376195920249426,-0.509119563118103,0.157,0.216,1
"Wdr37",0.376195920249426,-0.642812038260547,0.157,0.216,1
"Rpl41",0.376316736277177,-0.450093255054583,0.286,0.351,1
"Cep70",0.376467294265936,0.561433917405988,0.1,0.054,1
"Ldlrad4",0.376544632997707,0.324788987259375,0.243,0.162,1
"Sntb2",0.377244492981729,0.332516442770358,0.143,0.081,1
"2210408I21Rik",0.377244492981729,0.792474893589728,0.143,0.081,1
"St13",0.377244492981729,0.316488305701581,0.143,0.081,1
"Nrxn2",0.377244492981729,0.345502206586562,0.143,0.081,1
"Sgpp2",0.378015257381844,0.640262072621274,0.171,0.108,1
"Srek1",0.378015257381844,-0.384335658287452,0.129,0.189,1
"Scaf8",0.378015257381844,-0.454347808726944,0.129,0.189,1
"Phkb",0.378853407718031,0.40683699001286,0.2,0.135,1
"Atp2b1",0.379962262631834,-0.442072257845016,0.443,0.514,1
"Gm19522",0.380285005145515,-0.765291619161833,0.114,0.162,1
"Gnaq",0.380308661201083,-0.460584777900074,0.4,0.432,1
"Tcp1",0.380983812620912,-0.539972688514387,0.086,0.135,1
"Lrrc7",0.381522417328336,-0.373868750799656,0.157,0.216,1
"Pir",0.383416448384997,-0.667098488665881,0.171,0.216,1
"Frrs1l",0.383512589410503,0.27724221214775,0.143,0.081,1
"Snap47",0.383512589410503,0.448687448289145,0.143,0.081,1
"Tasor2",0.383512589410503,0.463002418068114,0.143,0.081,1
"Slmap",0.383512589410503,0.306235748484743,0.143,0.081,1
"Tbl1xr1",0.383753307251189,-0.476012711470267,0.129,0.189,1
"Cyfip1",0.383753307251189,0.322261751167975,0.171,0.108,1
"Plekhg1",0.383753307251189,-0.524395375201627,0.129,0.189,1
"Cdh2",0.383753307251189,-0.382354863358033,0.129,0.189,1
"Pdcd6ip",0.38385374357929,0.708823300671441,0.1,0.054,1
"Axin2",0.38385374357929,0.552861892593258,0.1,0.054,1
"Zcchc18",0.384873399313867,-0.286316952366595,0.057,0.108,1
"Rpl9",0.385133704502572,0.369313041731948,0.4,0.351,1
"Rars2",0.386383465222752,-0.799069457678638,0.114,0.162,1
"Gm15738",0.386894943029088,-0.674421884313,0.157,0.216,1
"Jmjd1c",0.387310200417816,0.317218912858072,0.386,0.27,1
"Nemf",0.387775634135279,-0.448358673825757,0.086,0.135,1
"Dync1li2",0.389451573376476,-0.531435961408018,0.114,0.162,1
"Sox17",0.389544365254863,0.419533002475135,0.171,0.108,1
"Rnf144b",0.389544365254863,0.417496056057168,0.171,0.108,1
"Plppr4",0.389844050532436,0.314021621859601,0.143,0.081,1
"Txn1",0.389844050532436,0.418193094064883,0.143,0.081,1
"Ube2j2",0.389844050532436,0.303718992865014,0.143,0.081,1
"Uqcr10",0.389844050532436,0.277490903858693,0.143,0.081,1
"Tgfb2",0.390093165904416,-0.916811424054795,0.143,0.189,1
"Kmt2a",0.390093165904416,-0.617266765404205,0.143,0.189,1
"B430010I23Rik",0.390940062697511,0.500225201828627,0.229,0.162,1
"Rprd2",0.39132823266231,0.478444635806427,0.1,0.054,1
"Micos10",0.39132823266231,0.681660848320017,0.1,0.054,1
"Dele1",0.39132823266231,0.567385538927147,0.1,0.054,1
"Usp15",0.392541251810614,-0.867810032044043,0.114,0.162,1
"Clic5",0.393029878511112,0.324390876000677,0.143,0.081,1
"Cmas",0.394636572328963,-0.504212119801747,0.086,0.135,1
"Rwdd1",0.394636572328963,-0.479038814553879,0.086,0.135,1
"Zbtb38",0.394640740184926,-0.480837307452767,0.086,0.135,1
"Thoc1",0.394640740184926,-0.447646218821928,0.086,0.135,1
"Exoc6",0.394640740184926,-0.619548275897731,0.086,0.135,1
"Smarca5",0.39538826967407,0.381616562121953,0.171,0.108,1
"Myl12b",0.39538826967407,-0.416173543267473,0.129,0.189,1
"6820431F20Rik",0.395794702185439,-0.739059983990968,0.143,0.189,1
"Hspa4",0.396082166652733,-0.482238929841225,0.186,0.243,1
"Qser1",0.396238664940772,0.430589725979351,0.143,0.081,1
"Clic1",0.396238664940772,0.264123356394014,0.143,0.081,1
"Map4k4",0.397768123073741,-0.397653626772131,0.229,0.297,1
"Parva",0.39875816539482,-0.58387576761435,0.114,0.162,1
"9330175M20Rik",0.398890410718146,0.549467810427895,0.1,0.054,1
"Odr4",0.398890410718146,0.475701197438174,0.1,0.054,1
"Fmo1",0.398890410718146,0.4086227017106,0.1,0.054,1
"Washc2",0.398890410718146,0.448120614327563,0.1,0.054,1
"Rpl4",0.398890410718146,0.438100178888332,0.1,0.054,1
"Syn3",0.398890410718146,0.360314519480195,0.1,0.054,1
"Cetn3",0.398890410718146,0.428473435853886,0.1,0.054,1
"Desi1",0.398890410718146,0.476191385942562,0.1,0.054,1
"Ywhah",0.40067776970261,-0.37098483347992,0.3,0.351,1
"Gde1",0.400922960179585,-0.312262060442778,0.214,0.297,1
"Cspp1",0.401284845480441,0.39404967963883,0.171,0.108,1
"Nalf1",0.401284845480441,0.393277867108968,0.171,0.108,1
"Pdzd2",0.401284845480441,0.397024479366686,0.171,0.108,1
"Ptpn4",0.401578850040075,-0.399924157851345,0.086,0.135,1
"Plekhg5",0.401578850040075,-0.482069259061505,0.086,0.135,1
"Rbpj",0.401578850040075,-0.386526840442758,0.086,0.135,1
"Avl9",0.401578850040075,-0.572112259602149,0.086,0.135,1
"Btbd1",0.401578850040075,-0.447259821226545,0.086,0.135,1
"Nrf1",0.402696202210358,0.261520707779736,0.143,0.081,1
"Cacul1",0.403287380734291,-0.415409586469776,0.157,0.216,1
"Clcn3",0.403869160098804,-0.497540456049841,0.186,0.243,1
"Csmd1",0.405033762215434,0.30117556269189,0.343,0.243,1
"Dab2ip",0.405821336217315,0.275771828072608,0.271,0.189,1
"Cdk12",0.406059347351469,0.428016327996229,0.2,0.135,1
"Psma3",0.406488143641405,0.413494033015087,0.229,0.162,1
"Dcaf8",0.406539890178505,0.309747455940905,0.1,0.054,1
"Lcmt1",0.406539890178505,0.551368486654342,0.1,0.054,1
"Sult1a1",0.406539890178505,0.527675972062262,0.1,0.054,1
"Orc6",0.406539890178505,0.293112429806085,0.1,0.054,1
"Zcrb1",0.406539890178505,0.57006222228442,0.1,0.054,1
"Mcf2l",0.406668265137711,0.412884895484166,0.371,0.297,1
"Dnm2",0.408842659664461,-0.328417339272512,0.157,0.216,1
"Kitl",0.410672704619159,0.26811811022376,0.486,0.351,1
"Sacm1l",0.41136849162817,-0.562300908556099,0.114,0.162,1
"Thra",0.41136849162817,-0.839954665595237,0.114,0.162,1
"Ndufv1",0.41136849162817,-0.541510153122419,0.114,0.162,1
"Klhl24",0.411637296565323,0.34989331727453,0.2,0.135,1
"Arid4a",0.411751752177441,0.357506744234428,0.229,0.162,1
"Flrt2",0.411751752177441,-0.700737245626324,0.186,0.243,1
"Crip2",0.411751752177441,0.418312618885704,0.229,0.162,1
"Kif1a",0.413198900459522,-0.698263348052591,0.143,0.189,1
"Pnpla8",0.413198900459522,-0.453856731903021,0.143,0.189,1
"Secisbp2l",0.413235244227279,0.31401365362711,0.171,0.108,1
"Cnbp",0.413235244227279,0.372425221316092,0.171,0.108,1
"Cdkal1",0.413235244227279,0.319284196432526,0.171,0.108,1
"Hivep3",0.414276246492208,0.421100778767856,0.1,0.054,1
"Tsg101",0.414276246492208,0.358252208486486,0.1,0.054,1
"Ppm1e",0.414276246492208,0.318877737235075,0.1,0.054,1
"Mxra7",0.414276246492208,0.546088320056021,0.1,0.054,1
"Ryr2",0.414276246492208,0.586252875963457,0.1,0.054,1
"Ntrk2",0.414276246492208,0.439122006651167,0.1,0.054,1
"Naa35",0.414276246492208,0.453620724649053,0.1,0.054,1
"Slc2a13",0.414276246492208,0.305492076896906,0.1,0.054,1
"Ccdc191",0.414276246492208,0.482117281131849,0.1,0.054,1
"Hba-a1",0.41576357655227,0.790471519983746,0.157,0.108,1
"Nova2",0.415799027974738,0.251147750308035,0.143,0.081,1
"Ttyh2",0.415799027974738,-0.284897579630996,0.143,0.081,1
"Adgrl2",0.41625397872356,-0.369169017927547,0.271,0.351,1
"Olfm1",0.416421099171221,0.292433337682981,0.343,0.243,1
"Chchd10",0.416469521726354,-0.601720994548438,0.214,0.27,1
"Lima1",0.416595423825745,0.60837621053789,0.214,0.162,1
"Syt11",0.417055584386821,0.379500453137262,0.229,0.162,1
"Atp5pb",0.417055584386821,0.437251409027781,0.229,0.162,1
"Lpp",0.417055584386821,0.441601264330115,0.229,0.162,1
"Nme7",0.417260456525838,0.417259855214987,0.2,0.135,1
"Frs2",0.417260456525838,0.319008655828488,0.2,0.135,1
"Sf3b2",0.41776142115424,-0.586525008703369,0.114,0.162,1
"Sv2a",0.419288650033134,0.377245873305833,0.171,0.108,1
"Cyb5b",0.419288650033134,0.305525245212154,0.171,0.108,1
"Specc1l",0.419288650033134,0.341671019630968,0.171,0.108,1
"Ablim1",0.41935896714334,-0.547457397829456,0.657,0.622,1
"Synpr",0.419671866331572,0.370760647373465,0.129,0.081,1
"Prkce",0.419786153047655,-0.378340437761094,0.2,0.243,1
"Smad7",0.420088934193631,-0.466624938199596,0.157,0.216,1
"Farsb",0.422099017938844,0.320345440411621,0.1,0.054,1
"Rgs4",0.422099017938844,0.327720848594893,0.1,0.054,1
"Mrpl41",0.422099017938844,0.483726597575543,0.1,0.054,1
"Dap3",0.422099017938844,0.385517550602251,0.1,0.054,1
"Rbm8a",0.422099017938844,0.322397096734024,0.1,0.054,1
"Ncdn",0.422099017938844,0.260444700273919,0.1,0.054,1
"Cux1",0.422099017938844,0.433522494380788,0.1,0.054,1
"Cd9",0.422099017938844,0.450400651434718,0.1,0.054,1
"Amn1",0.422099017938844,0.26961961555667,0.1,0.054,1
"Emc10",0.422099017938844,0.482037535010059,0.1,0.054,1
"Cblb",0.422099017938844,0.294062019724592,0.1,0.054,1
"Bicral",0.422099017938844,0.410492502258939,0.1,0.054,1
"Ppm1l",0.422399487948843,0.465256021964117,0.229,0.162,1
"Rapgef6",0.422479954988308,0.25681360357985,0.314,0.216,1
"Col4a1",0.422828009634154,-0.360758796761391,0.086,0.135,1
"Rcn2",0.422828009634154,-0.431991149070564,0.086,0.135,1
"Rbbp7",0.424212511296914,-0.527639910249668,0.114,0.162,1
"Rala",0.426593003825541,0.460298654378805,0.129,0.081,1
"Cdk19",0.426863968795281,-0.466284993859216,0.171,0.216,1
"Tek",0.426864988771837,0.341534795817832,0.457,0.378,1
"Pak2",0.427783302472357,-0.363213661126648,0.186,0.243,1
"Agmo",0.428307150307127,0.726525851309383,0.157,0.108,1
"3110082I17Rik",0.430007705467983,0.2896986764841,0.1,0.054,1
"Ppp2r3a",0.430007705467983,0.337337852015917,0.1,0.054,1
"Slc38a3",0.430007705467983,0.44767222007756,0.1,0.054,1
"Septin4",0.430007705467983,0.346288356775416,0.1,0.054,1
"Timp2",0.430007705467983,0.366597534954127,0.1,0.054,1
"Zfp397",0.430007705467983,0.345810325832229,0.1,0.054,1
"Zfp608",0.430007705467983,0.327995704163746,0.1,0.054,1
"Med14",0.430007705467983,0.333571714403493,0.1,0.054,1
"Synj1",0.43005481257681,-0.301394526740733,0.086,0.135,1
"Atp5md",0.430721478046851,-0.570069063783593,0.114,0.162,1
"Rab1a",0.431048418911246,-0.563142949053484,0.143,0.189,1
"Bcap31",0.431048418911246,-0.606220909387495,0.143,0.189,1
"Rlf",0.431550730314381,0.298783974038705,0.171,0.108,1
"H3f3b",0.43213211984463,-0.309110629390635,0.443,0.514,1
"Foxn3",0.432489684895635,-0.326479971562324,0.329,0.216,1
"Acin1",0.43248971570442,-0.551590133634862,0.171,0.216,1
"Zfr",0.432674264798123,0.345661870580449,0.329,0.27,1
"Mcc",0.432749596072655,0.537473224682511,0.414,0.351,1
"Pglyrp1",0.433206859476683,0.374713145626149,0.229,0.162,1
"Smg1",0.433206859476683,0.288779297214453,0.229,0.162,1
"Hnrnpm",0.437096201330558,-0.524090467874981,0.143,0.189,1
"Dpp8",0.437288020323143,-0.369862264873927,0.114,0.162,1
"Nfkbia",0.437758906401329,0.297785373042778,0.171,0.108,1
"Cbfa2t2",0.438001772564388,-0.804821703215586,0.071,0.108,1
"Lamtor2",0.438001772564388,0.294971776238228,0.1,0.054,1
"Sv2b",0.438001772564388,0.278569630650979,0.1,0.054,1
"Rasa2",0.438001772564388,0.266721634402173,0.1,0.054,1
"Pak1ip1",0.438001772564388,0.471817156274201,0.1,0.054,1
"Glul",0.438669982375186,0.310188851675515,0.229,0.162,1
"Sbno1",0.440633196222928,0.359922117574206,0.129,0.081,1
"Pgp",0.440633196222928,0.409913096857832,0.129,0.081,1
"Ppp1r13b",0.442139404819526,-0.423548922178614,0.271,0.324,1
"Brwd1",0.443119051541331,-0.342118926202298,0.157,0.216,1
"Syn2",0.443192551051406,-0.401937739274354,0.143,0.189,1
"Rps15",0.443869075720715,-0.483913639890559,0.171,0.216,1
"Fbxw2",0.443911819934562,-0.416475563371065,0.114,0.162,1
"Dctn3",0.443911819934562,-0.380521627662971,0.114,0.162,1
"Map2k4",0.443911819934562,-0.777924745347792,0.114,0.162,1
"Sntg1",0.444721621397418,-0.279788051721078,0.086,0.135,1
"Fbxo42",0.44607583838812,-0.640930282233096,0.071,0.108,1
"Plxna4",0.446080645139648,0.281346061141997,0.1,0.054,1
"Rex1bd",0.446080645139648,0.434905067199666,0.1,0.054,1
"Slc25a36",0.446080645139648,-0.542204016360454,0.071,0.108,1
"Kcnc2",0.446080645139648,0.331582449005588,0.1,0.054,1
"Pdcd6",0.446080645139648,0.300029262208339,0.1,0.054,1
"Anxa7",0.446080645139648,0.279700269021812,0.1,0.054,1
"1700085D07Rik",0.446080645139648,0.379415852064988,0.1,0.054,1
"Luc7l",0.446080645139648,-0.744756319707674,0.071,0.108,1
"Stat3",0.447529545688129,0.3804309425567,0.157,0.108,1
"Fth1",0.447699471785452,-0.426278154948676,0.671,0.622,1
"Nrip1",0.447751474898125,0.41331620724702,0.129,0.081,1
"Arl3",0.447751474898125,0.558777594516681,0.129,0.081,1
"Ap3m1",0.447888433357278,0.460821540195979,0.186,0.135,1
"Rrbp1",0.449337207094537,-0.316873804930115,0.143,0.189,1
"Nsd1",0.44938244791678,-0.284566259620647,0.329,0.378,1
"Hint1",0.449622267766646,-0.543357645268147,0.171,0.216,1
"Phf20l1",0.449622267766646,-0.409498186965497,0.171,0.216,1
"Tlk2",0.450592541549047,-0.315816601072973,0.114,0.162,1
"Rps8",0.450821252078513,-0.355524438319154,0.3,0.378,1
"Cntn1",0.452160728570566,-0.292281963279651,0.086,0.135,1
"Bex2",0.45390242768061,-0.260726124484594,0.2,0.27,1
"Psap",0.45410134394229,-0.362398785708268,0.286,0.351,1
"Atrnl1",0.454233705342242,-0.490666317349659,0.271,0.297,1
"Ndufc1",0.454243711450593,-0.654442540245735,0.071,0.108,1
"Bach2",0.454243711450593,0.297702403404607,0.1,0.054,1
"Mfge8",0.454243711450593,0.257384584013759,0.1,0.054,1
"Ccnh",0.454243711450593,-0.651449213086846,0.071,0.108,1
"Dip2b",0.454899498487037,-0.293081662425272,0.157,0.216,1
"Sptlc2",0.454934653669555,0.362105667574093,0.129,0.081,1
"Il6st",0.454934653669555,0.346808063206937,0.129,0.081,1
"Lamp2",0.454934653669555,0.541358005701997,0.129,0.081,1
"Jarid2",0.455474097071873,0.41243966148548,0.257,0.189,1
"Rps15a",0.456688702006525,0.282622694645341,0.171,0.108,1
"Pdcd4",0.456688702006525,0.254763715231445,0.171,0.108,1
"Ubl3",0.456739957444574,-0.484245241779284,0.229,0.27,1
"Fut8",0.457205576491823,-0.351367572437655,0.329,0.351,1
"Ireb2",0.457329832671529,-0.404945316971595,0.114,0.162,1
"Foxq1",0.457329832671529,-0.377203619379462,0.114,0.162,1
"Fn1",0.458145524023904,-0.259020166660854,0.214,0.27,1
"Wwc2",0.459237344969885,-0.333343745314754,0.257,0.324,1
"Negr1",0.459374826491369,-0.436112674142312,0.229,0.27,1
"Il1r1",0.460006797923106,0.372182632438326,0.186,0.135,1
"Herc2",0.461254552322906,-0.626717889468778,0.171,0.216,1
"Emc7",0.462182288275866,0.415337322071318,0.129,0.081,1
"Sgms2",0.462182288275866,0.493438504611147,0.129,0.081,1
"Cdk7",0.462182288275866,0.299485504094833,0.129,0.081,1
"4930503L19Rik",0.462182288275866,0.487501453953159,0.129,0.081,1
"Prpf6",0.462490322044892,0.257036786877541,0.1,0.054,1
"Car2",0.462490322044892,-0.68741114233686,0.071,0.108,1
"Scg3",0.462490322044892,-0.452857032498116,0.071,0.108,1
"Ap2m1",0.462490322044892,0.267622164945965,0.1,0.054,1
"Fam13b",0.462490322044892,-0.806817351602621,0.071,0.108,1
"Actr2",0.463032893114991,-0.382589131219821,0.2,0.243,1
"Cspg5",0.463099399868993,0.345029009056542,0.171,0.108,1
"Cyrib",0.464123323630178,-0.301992740580362,0.114,0.162,1
"Impact",0.464123323630178,-0.403752490508242,0.114,0.162,1
"Tle4",0.466212310488893,0.320507931083946,0.257,0.189,1
"Prelid1",0.466640033154863,-0.615455271307868,0.071,0.108,1
"Cyp2d22",0.46724790502023,-0.26484346052051,0.086,0.135,1
"Nktr",0.467338136444028,-0.390807358255155,0.229,0.27,1
"Tnks",0.469493911962551,0.389530586019865,0.129,0.081,1
"Slc1a3",0.469493911962551,0.46641590594449,0.129,0.081,1
"Cdc123",0.470819789734138,-0.378100393753936,0.071,0.108,1
"Cops4",0.470819789734138,-0.549206008536288,0.071,0.108,1
"Tafa1",0.470819789734138,-0.605996546092805,0.071,0.108,1
"Stx4a",0.470819789734138,-0.476966128353343,0.071,0.108,1
"Tubgcp2",0.470819789734138,-0.461711218754329,0.071,0.108,1
"Dnajb9",0.470819789734138,-0.528182528811576,0.071,0.108,1
"Tbce",0.470819789734138,-0.714357935865988,0.071,0.108,1
"2510002D24Rik",0.470819789734138,-0.422127068649737,0.071,0.108,1
"Esco1",0.470819789734138,-0.677736586172877,0.071,0.108,1
"Zmat2",0.470819789734138,-0.579356511552307,0.071,0.108,1
"Ap3b1",0.47097262757115,-0.328781495467248,0.114,0.162,1
"Tjp2",0.472268690447626,-0.286299451538808,0.186,0.243,1
"Smad4",0.473906269663431,0.321469716253758,0.157,0.108,1
"Dnajc1",0.47407149825584,-0.371993718648759,0.286,0.324,1
"Zfp366",0.47407149825584,-0.444823147980375,0.286,0.324,1
"Arpc1a",0.474393242721537,-0.385019483467556,0.143,0.189,1
"Nisch",0.474393242721537,-0.376418420558138,0.143,0.189,1
"Podxl",0.476125609072381,0.488485600391618,0.271,0.216,1
"Rpl35",0.476869035482752,0.2969943742255,0.129,0.081,1
"Park7",0.476869035482752,0.302551968435708,0.129,0.081,1
"Pcmt1",0.476869035482752,0.264648975725347,0.129,0.081,1
"Scg2",0.477877340461911,-0.882575599449049,0.114,0.162,1
"Rnf111",0.477877340461911,-0.474897248465412,0.114,0.162,1
"Babam2",0.478981446909434,-0.350129347261092,0.157,0.216,1
"Krit1",0.479014075345989,-0.521450474152376,0.171,0.216,1
"Dnajc5",0.479231389594745,-0.525247117937775,0.071,0.108,1
"Adar",0.479231389594745,-0.677544462219231,0.071,0.108,1
"Zdhhc3",0.479231389594745,-0.471939367514101,0.071,0.108,1
"Arl1",0.479231389594745,-0.458320533764704,0.071,0.108,1
"Tmed4",0.479231389594745,-0.513418309011943,0.071,0.108,1
"Wdpcp",0.479231389594745,-0.678820172056162,0.071,0.108,1
"Srr",0.479231389594745,-0.479056791366132,0.071,0.108,1
"Sec11c",0.479231389594745,-0.481259003381301,0.071,0.108,1
"Ptma",0.479258673747684,0.305410743803171,0.286,0.216,1
"Klhl2",0.482579943579061,0.290764242105951,0.257,0.189,1
"Ola1",0.484307147110988,-0.711817620312695,0.1,0.135,1
"Pds5a",0.484307147110988,-0.647048905957409,0.1,0.135,1
"Ube2g1",0.484307147110988,0.262114863438157,0.129,0.081,1
"Eml1",0.484307147110988,0.350202754803578,0.129,0.081,1
"Vps28",0.484307147110988,0.287838206615002,0.129,0.081,1
"Cuedc2",0.484307147110988,-0.420497980947174,0.1,0.135,1
"Slc50a1",0.484785220464131,-0.681317799197274,0.157,0.189,1
"Clasp2",0.484785220464131,0.383640683971764,0.186,0.135,1
"Srgn",0.485015834380919,-0.389178002813555,0.171,0.216,1
"Maml2",0.485499280384152,-0.446444968424994,0.371,0.378,1
"Tuba1b",0.485554542093212,-0.332869870637081,0.2,0.243,1
"Rgs5",0.487408417736164,0.314445227557986,0.157,0.108,1
"Acacb",0.487408417736164,0.258042898275938,0.157,0.108,1
"Pard3bos1",0.487724358996938,-0.644090522411485,0.071,0.108,1
"Mpped2",0.487724358996938,-0.611008317970952,0.071,0.108,1
"Zfp804b",0.487724358996938,-0.507096955387046,0.071,0.108,1
"Syn1",0.487724358996938,-0.369821623691778,0.071,0.108,1
"Eif4a2",0.489585391440476,0.253780952428619,0.229,0.162,1
"Plcb1",0.49018540784255,0.369512760859447,0.757,0.73,1
"Ubl5",0.491058091102014,-0.317455119449722,0.171,0.216,1
"Huwe1",0.491058091102014,-0.514976108773145,0.171,0.216,1
"Ppp3cb",0.491276195997563,-0.404698292220489,0.2,0.243,1
"Ddx42",0.491807712669915,-0.567858866067753,0.1,0.135,1
"Eef1g",0.491807712669915,-0.702360097837428,0.1,0.135,1
"Bex3",0.491807712669915,-0.602995900389492,0.1,0.135,1
"Rps20",0.492213130073369,-0.442728445425539,0.243,0.27,1
"R3hdm2",0.492624297501001,-0.421154569006032,0.214,0.243,1
"Ptbp2",0.494236580191581,0.432287978404724,0.157,0.108,1
"Chchd3",0.494236580191581,0.31152079734399,0.157,0.108,1
"Golgb1",0.494236580191581,0.293498209999576,0.157,0.108,1
"Pou2f1",0.496297897662077,-0.567489386913376,0.071,0.108,1
"Galnt11",0.496297897662077,-0.292828310295296,0.071,0.108,1
"Rab21",0.496297897662077,-0.416883373249333,0.071,0.108,1
"Cep68",0.496297897662077,-0.479630977488323,0.071,0.108,1
"Senp2",0.496297897662077,-0.366400533339972,0.071,0.108,1
"Car4",0.49703386343173,-0.364051140255715,0.2,0.243,1
"5330438D12Rik",0.497440436905137,0.54329126813224,0.186,0.135,1
"Dbi",0.499370175570187,0.291687087141593,0.129,0.081,1
"Trim34a",0.499370175570187,-0.48744131789891,0.1,0.135,1
"Rmdn1",0.500611510672901,0.267193652571319,0.2,0.135,1
"Gsta4",0.50111557697369,0.384386480281153,0.157,0.108,1
"Bbln",0.503743252248899,-0.31392983686544,0.157,0.216,1
"Clasp1",0.504951167748556,-0.395142191417922,0.071,0.108,1
"Astn2",0.504951167748556,-0.433418804781168,0.071,0.108,1
"Immt",0.504951167748556,-0.330200519951071,0.071,0.108,1
"Pstk",0.504951167748556,-0.363389120557628,0.071,0.108,1
"Tmem184b",0.504951167748556,-0.423668543580104,0.071,0.108,1
"Ergic1",0.504951167748556,-0.318058012834716,0.071,0.108,1
"Ndufv2",0.504951167748556,-0.258992730887264,0.071,0.108,1
"Snrpd1",0.504951167748556,-0.271636432780215,0.071,0.108,1
"Rap1gds1",0.505483886227798,-0.431791875413827,0.229,0.27,1
"Exoc6b",0.506421704562327,-0.37673866305595,0.386,0.459,1
"Abi2",0.50699395686354,-0.495627489504176,0.1,0.135,1
"2900026A02Rik",0.50699395686354,-0.569334143752831,0.1,0.135,1
"Ppfia2",0.508044970662378,0.507382734678322,0.157,0.108,1
"Luc7l3",0.508044970662378,0.432231867753239,0.157,0.108,1
"Adgrl3",0.50819233979177,0.503982631080854,0.486,0.459,1
"Phip",0.509424890694367,-0.37275154696695,0.171,0.216,1
"Tubb5",0.513501116478451,-0.598233708395444,0.157,0.189,1
"Ube2e3",0.513683293966454,-0.345281766055953,0.071,0.108,1
"Slc35b1",0.513683293966454,-0.402846822283157,0.071,0.108,1
"Suclg1",0.514678455309128,-0.571945798542281,0.1,0.135,1
"Ppp3cc",0.514678455309128,-0.474764044802814,0.1,0.135,1
"Mindy2",0.515024308723304,-0.717767925560571,0.129,0.162,1
"Slc8a1",0.516748266268255,-0.564174269171744,0.157,0.189,1
"Dennd1a",0.519660700584541,0.406840237831511,0.271,0.216,1
"Exoc3",0.520029641047931,-0.282865959991605,0.143,0.189,1
"Hnrnpf",0.522423047453207,-0.446927155341724,0.1,0.135,1
"Nfix",0.522423047453207,-0.43071720046095,0.1,0.135,1
"Vps13c",0.522423047453207,-0.407152288769455,0.1,0.135,1
"Ranbp2",0.522423047453207,0.377957050237687,0.129,0.081,1
"Nf2",0.522423047453207,-0.525219242049245,0.1,0.135,1
"Nsmce2",0.522423047453207,-0.455031680788079,0.1,0.135,1
"Ndufs1",0.522493363721117,-0.298933837632171,0.071,0.108,1
"Trmt1l",0.522493363721117,-0.281797485364558,0.071,0.108,1
"Mrps26",0.522493363721117,-0.338239137014763,0.071,0.108,1
"Mrtfa",0.522493363721117,-0.300169337207561,0.071,0.108,1
"Swap70",0.523269432139739,-0.505785365224628,0.157,0.189,1
"Cnot6l",0.525951746090438,-0.31406214444925,0.2,0.135,1
"Lyn",0.526729124196619,-0.261195899866554,0.143,0.189,1
"Zfand6",0.527173959077184,-0.484586501624029,0.214,0.243,1
"Srsf10",0.53022708772219,-0.461460728680082,0.1,0.135,1
"Mrpl20",0.53022708772219,-0.348965130600718,0.1,0.135,1
"Csnk2b",0.53022708772219,-0.413753666341464,0.1,0.135,1
"Atp7a",0.531380427285783,-0.276840246533582,0.071,0.108,1
"Ank3",0.535055630476586,0.611255218562612,0.143,0.108,1
"Gng3",0.536437297381197,-0.569386403081726,0.157,0.189,1
"Cd2ap",0.537571167428518,-0.472643508417862,0.3,0.324,1
"Gbp5",0.538089908529137,0.349737860827905,0.129,0.081,1
"Zmym2",0.538089908529137,-0.274082217877991,0.1,0.135,1
"Zfp407",0.538323562139943,-0.375224755133691,0.2,0.243,1
"Pigk",0.538473144690139,0.65016032366817,0.114,0.081,1
"Wasf2",0.538959259292688,0.296578360466116,0.243,0.189,1
"Nf1",0.540259033740083,0.451219272716958,0.171,0.135,1
"Exoc2",0.543431528046268,-0.512410894884058,0.129,0.162,1
"Robo2",0.543431528046268,-0.277281245009553,0.157,0.108,1
"Serinc1",0.543703057397275,-0.517878545379753,0.329,0.351,1
"Tmbim6",0.545208648933711,-0.313301960393761,0.229,0.27,1
"Chd6",0.545378199550273,-0.351178334942162,0.2,0.135,1
"Selenos",0.546010820393684,-0.356885205877161,0.1,0.135,1
"Slc22a8",0.546068387705329,-0.490558424136591,0.271,0.297,1
"Myo1d",0.546354171093492,0.355876511997507,0.4,0.324,1
"Wls",0.547088582602059,0.533685065998758,0.171,0.135,1
"Ascc3",0.548822856280616,0.363464296207389,0.3,0.243,1
"Scarb2",0.549381552517546,-0.25765122575779,0.071,0.108,1
"Zfp871",0.549381552517546,-0.251379225913164,0.071,0.108,1
"Tns1",0.549769837911987,0.304486063022439,0.186,0.135,1
"AW554918",0.549769837911987,-0.447653960649984,0.157,0.189,1
"Cacnb4",0.55065327491491,-0.268282195238833,0.129,0.162,1
"BC031181",0.55065327491491,-0.458171923512466,0.129,0.162,1
"C130074G19Rik",0.553989112075441,-0.273166238435157,0.1,0.135,1
"Set",0.553989112075441,-0.371275605339638,0.1,0.135,1
"Psmb2",0.553989112075441,-0.734504303477233,0.1,0.135,1
"Kctd16",0.553989112075441,-0.387079190504756,0.1,0.135,1
"Dpp6",0.555009613395914,0.720300945469412,0.114,0.081,1
"Purb",0.556496807061684,-0.326153031258783,0.157,0.189,1
"Sorbs2",0.557494544954789,-0.486885517171639,0.629,0.595,1
"Sp3",0.562024050720867,-0.290551410359278,0.129,0.081,1
"Ptprr",0.562024050720867,-0.425945469767345,0.1,0.135,1
"6330403K07Rik",0.562024050720867,-0.27268664890684,0.1,0.135,1
"Psmd2",0.562024050720867,-0.431991299576195,0.1,0.135,1
"Marchf5",0.562024050720867,-0.347972003287393,0.1,0.135,1
"Fam168b",0.563263658207289,-0.585760431416092,0.157,0.189,1
"Cr1l",0.563369908623112,0.44229876570301,0.114,0.081,1
"Snhg14",0.563369908623112,1.33600240380511,0.114,0.081,1
"Kpna3",0.563369908623112,0.350277726450793,0.114,0.081,1
"Fam168a",0.564482667161694,0.287013186441536,0.214,0.162,1
"Fam117b",0.565236957527198,-0.392485747106457,0.129,0.162,1
"Snu13",0.565236957527198,-0.422960570229436,0.129,0.162,1
"Tgfbr1",0.566059358780635,-0.279259261083601,0.1,0.135,1
"Tspan13",0.566608706637614,0.499535589113063,0.2,0.162,1
"Trip11",0.567830089787748,0.430008750728304,0.171,0.135,1
"Fmr1",0.567830089787748,-0.272725810674221,0.143,0.189,1
"Ubxn4",0.570114882023598,-0.383284432522992,0.1,0.135,1
"Ip6k1",0.570114882023598,-0.26018719086557,0.1,0.135,1
"Stx12",0.571790451962392,0.384804553958581,0.114,0.081,1
"Txnl1",0.571790451962392,0.421211358773927,0.114,0.081,1
"Rpsa",0.573125491910984,0.284083902912708,0.286,0.216,1
"Abcc4",0.573221927723195,-0.306245166731149,0.543,0.514,1
"Pcca",0.575088945399753,-0.40124926851687,0.214,0.243,1
"Rfx7",0.578526996702576,-0.254463863766641,0.2,0.135,1
"Hdlbp",0.580003776268173,-0.262650984208966,0.129,0.162,1
"Top2b",0.580003776268173,-0.342575671753054,0.129,0.162,1
"Ube2v2",0.580003776268173,-0.390734430654755,0.129,0.162,1
"Ino80d",0.580094382911267,0.578678325784288,0.143,0.108,1
"Psmb7",0.580270368003956,0.302899737225675,0.114,0.081,1
"Cttnbp2nl",0.580270368003956,0.328454562216734,0.114,0.081,1
"Gm37240",0.580448985296153,-0.281024744095066,0.229,0.27,1
"Id3",0.580448985296153,-0.327881219392072,0.229,0.27,1
"Ctdspl2",0.583798937269857,-0.442839875060475,0.157,0.189,1
"Nars",0.583798937269857,-0.359565899654671,0.157,0.189,1
"Madd",0.58880875676544,0.383641732268507,0.114,0.081,1
"Focad",0.58880875676544,0.390217892201365,0.114,0.081,1
"Apobec3",0.58880875676544,0.325834027358287,0.114,0.081,1
"Sema7a",0.588940678554111,0.498311270318408,0.171,0.135,1
"Ndufb11",0.590720697263807,-0.625404476154227,0.157,0.189,1
"Uaca",0.592975888762199,0.302795942397778,0.2,0.162,1
"Stxbp6",0.59310113599736,-0.465549223389502,0.229,0.243,1
"Mpc1",0.595492615465776,0.401712995448286,0.143,0.108,1
"Esf1",0.597404693938918,0.36385854311676,0.114,0.081,1
"Ddah1",0.597404693938918,0.265119730120377,0.114,0.081,1
"Pgam1",0.597679977193735,-0.443091947329897,0.157,0.189,1
"Mdh1",0.599512848397801,-0.447287188431967,0.271,0.297,1
"Rabep1",0.602304479266619,-0.509310830730933,0.257,0.27,1
"Zhx3",0.603212619763985,0.3397547928817,0.171,0.135,1
"Fchsd2",0.603212619763985,0.447611952652103,0.171,0.135,1
"Usp3",0.603212619763985,0.319373327385698,0.171,0.135,1
"Prdx6",0.606057231154682,0.258196896616733,0.114,0.081,1
"Slc12a5",0.608415809922014,-0.685841682158364,0.086,0.108,1
"Psmd7",0.609145158167479,-0.482765524247811,0.171,0.189,1
"Ushbp1",0.610406441271566,0.486501364631847,0.171,0.135,1
"Srsf2",0.610406441271566,0.343097548367424,0.171,0.135,1
"Prrg1",0.610406441271566,0.274758512129098,0.171,0.135,1
"Cfl1",0.612888593853208,0.26845676081456,0.229,0.189,1
"Zfp148",0.614160593410837,-0.411828808870547,0.257,0.27,1
"Micu2",0.614765396261713,0.25988794727712,0.114,0.081,1
"Max",0.615604645497926,-0.576767611611885,0.114,0.135,1
"Znrf3",0.616721192679173,-0.328755864466008,0.229,0.27,1
"Stk38",0.61686859891473,0.298677305919351,0.286,0.27,1
"4732471J01Rik",0.617521878516412,-0.396275890342764,0.086,0.108,1
"Fam133b",0.617690382183663,-0.278967614232411,0.129,0.162,1
"Taf3",0.618932853168015,0.254446308310068,0.143,0.108,1
"Mier1",0.618932853168015,0.265367347811048,0.143,0.108,1
"Rreb1",0.624969637498651,-0.326072480075375,0.214,0.243,1
"Rassf3",0.62535452309465,-0.274075980487415,0.129,0.162,1
"Tpt1",0.626265324061513,0.367025826556461,0.343,0.297,1
"Psip1",0.626463902898762,-0.684636401555331,0.171,0.189,1
"Smim13",0.626687118052283,-0.408636200416346,0.086,0.108,1
"Csnk1a1",0.629525889721807,-0.35801566808182,0.371,0.351,1
"Kif13b",0.630264669981057,-0.362140608892701,0.229,0.243,1
"Med13l",0.631935201664543,-0.513775180782932,0.114,0.135,1
"U2surp",0.632212553705725,0.34521247963935,0.171,0.135,1
"Rpl10",0.633021195778472,-0.309980615451674,0.157,0.189,1
"Rbm6",0.633546066973802,0.300622291320846,0.2,0.162,1
"Hnrnpa2b1",0.63475459510484,-0.317508584416552,0.371,0.378,1
"Efr3a",0.635910361241706,-0.417831153252843,0.086,0.108,1
"Tubb4a",0.635910361241706,-0.414460001470037,0.086,0.108,1
"Kif1b",0.63671848432657,-0.387151062942681,0.186,0.216,1
"Glg1",0.638488656575953,-0.752934151409574,0.143,0.162,1
"Prdx5",0.63951675609832,-0.544060691301139,0.2,0.216,1
"Acyp2",0.64016899242136,-0.687950354090901,0.114,0.135,1
"Med13",0.642767235930172,0.25255384870448,0.143,0.108,1
"Uqcrh",0.642869878933095,-0.319222413225793,0.229,0.243,1
"Srp72",0.645190413833104,-0.402513416816135,0.086,0.108,1
"Kdm3a",0.645190413833104,-0.306908006420694,0.086,0.108,1
"Nap1l4",0.645190413833104,-0.348809783258978,0.086,0.108,1
"Vdac3",0.645190413833104,-0.366629597960341,0.086,0.108,1
"Atf4",0.645190413833104,-0.414655775087439,0.086,0.108,1
"Sptan1",0.645344314270807,-0.511016156677369,0.271,0.27,1
"Rps2",0.646162487330925,-0.333086391097299,0.229,0.162,1
"Rpl5",0.648447328873955,-0.421920270448032,0.114,0.135,1
"Hbb-bs",0.648588425427741,0.322487479023305,0.129,0.162,1
"Arhgef9",0.648588425427741,-0.434675532929163,0.157,0.108,1
"Fez1",0.650134077330968,-0.411795430707989,0.114,0.081,1
"Nr2f2",0.654526055047438,-0.448569225007181,0.086,0.108,1
"Ghitm",0.654526055047438,-0.360936275240041,0.086,0.108,1
"Kif21a",0.654526055047438,-0.447087607193934,0.086,0.108,1
"Myof",0.654526055047438,-0.421134164001451,0.086,0.108,1
"Tomm20",0.654600829133482,-0.389585769893176,0.171,0.189,1
"Hnrnph3",0.654600829133482,-0.445160449253552,0.171,0.189,1
"Tbl1x",0.654642391469574,-0.398895419090296,0.157,0.189,1
"Napg",0.655297136237711,-0.31484489514243,0.243,0.27,1
"Hipk1",0.656769343262951,-0.470532853142308,0.114,0.135,1
"N4bp2l2",0.656769343262951,-0.450768092699319,0.114,0.135,1
"Nsf",0.658771806632592,0.481121867070606,0.243,0.216,1
"Wwox",0.660247203575661,-0.731043327126725,0.271,0.189,1
"Trim44",0.661284674166189,-0.459518481156468,0.143,0.162,1
"Ythdc1",0.661789520616236,0.295708310074312,0.171,0.135,1
"Ralyl",0.661915490010361,-0.313964753709322,0.157,0.189,1
"Acbd6",0.663916038035003,-0.293404559356861,0.086,0.108,1
"Uvssa",0.663916038035003,-0.322204937659433,0.086,0.108,1
"Cacna1c",0.663916038035003,-0.451596167389306,0.086,0.108,1
"Usf2",0.663916038035003,-0.289578365935425,0.086,0.108,1
"Piezo1",0.663916038035003,-0.456409735761397,0.086,0.108,1
"Zdhhc17",0.663916038035003,-0.514726896408793,0.086,0.108,1
"Vamp4",0.665134151582793,-0.620984162378194,0.114,0.135,1
"Itfg1",0.665134151582793,-0.389243280843331,0.114,0.135,1
"Svil",0.665282825182748,0.274770915910057,0.186,0.162,1
"Nucks1",0.668858778977732,-0.462779261604003,0.171,0.189,1
"Atp5o.1",0.669220627694969,-0.302602861836884,0.157,0.189,1
"Mff",0.669332322838871,0.677198869255552,0.129,0.108,1
"Cnn3",0.673359090352551,-0.569209026015099,0.086,0.108,1
"St3gal5",0.673359090352551,-0.323427730044448,0.086,0.108,1
"Cdc37",0.673359090352551,-0.258819069932756,0.086,0.108,1
"Anapc16",0.673359090352551,-0.304285205686042,0.086,0.108,1
"Clec14a",0.673359090352551,-0.292976265379108,0.086,0.108,1
"Cyc1",0.673540853851332,-0.394474020246097,0.114,0.135,1
"Tuba4a",0.675249148187715,-0.500408479468807,0.186,0.189,1
"Cfdp1",0.676557204294713,-0.281082710853589,0.157,0.189,1
"Saraf",0.676782118106154,0.494989357022367,0.171,0.135,1
"Gm55122",0.677759629671921,0.480351339073223,0.129,0.108,1
"Dync1h1",0.679631519631259,0.305411969951451,0.186,0.162,1
"Scai",0.681988534389315,-0.523934022187686,0.114,0.135,1
"Chmp3",0.681988534389315,-0.402196151891917,0.114,0.135,1
"Pde7b",0.682296879139191,-0.409624499080818,0.271,0.297,1
"Ildr2",0.682853914460456,-0.344003364948267,0.086,0.108,1
"Plpp3",0.682853914460456,-0.282014825637466,0.086,0.108,1
"Rsrc1",0.684399213142544,-0.402554984437135,0.143,0.162,1
"Ube3a",0.684536333670213,0.308807694056355,0.243,0.216,1
"Mark2",0.686309065606497,-0.253347996417487,0.114,0.081,1
"Smc1a",0.686850030314834,0.395029591678966,0.186,0.162,1
"Brip1os",0.690476262109666,-0.413612588054168,0.114,0.135,1
"Btf3",0.690476262109666,-0.652697995810202,0.114,0.135,1
"Ogdh",0.691570146783014,-0.460903744849277,0.186,0.216,1
"Anapc5",0.692171574842966,-0.351085265066743,0.143,0.162,1
"Ndufb5",0.69239918823963,-0.285985091041362,0.086,0.108,1
"Mtus1",0.694722165325323,-0.262944990605239,0.314,0.324,1
"Gm17106",0.69547037096016,-0.455378423233941,0.114,0.081,1
"Kcnb1",0.697187559530998,-0.277263550766655,0.086,0.108,1
"Tmed10",0.697731367590882,-0.279102656721117,0.171,0.189,1
"Meg3",0.699913775189706,0.258811853838801,0.443,0.351,1
"Crtc3",0.701993565527855,-0.297956111643564,0.086,0.108,1
"Rhob",0.704676348098088,-0.587276786481757,0.114,0.081,1
"Fam171b",0.707568059513057,-0.422462814198698,0.114,0.135,1
"Ddhd2",0.707568059513057,-0.269955600727383,0.114,0.135,1
"Thy1",0.707568059513057,-0.407582297924603,0.114,0.135,1
"Cep112",0.707568059513057,-0.352838330762414,0.114,0.135,1
"Syt4",0.707813226158106,0.548575872999041,0.157,0.135,1
"Vwf",0.708675213098934,0.547850061218193,0.186,0.162,1
"Slc32a1",0.711635676675178,-0.344821626949349,0.086,0.108,1
"Hras",0.711635676675178,0.297362797279494,0.1,0.081,1
"Dusp11",0.711864542077194,0.372747205248504,0.129,0.108,1
"Lrrn3",0.711864542077194,0.481263965102445,0.129,0.108,1
"Ext1",0.712584208028973,-0.279922240818386,0.214,0.162,1
"Nap1l1",0.716170192720381,-0.265546833599769,0.114,0.135,1
"Eif3e",0.716170192720381,-0.282994637501067,0.114,0.135,1
"Gbf1",0.716170192720381,-0.423485667190161,0.114,0.135,1
"Ica1",0.716417367338129,0.263186344291622,0.229,0.216,1
"Nos3",0.717925764217776,-0.318674484770418,0.243,0.243,1
"Rims1",0.719679531969777,-0.328089864010143,0.171,0.189,1
"Dcc",0.72048488729841,0.293769303982928,0.129,0.108,1
"Mill2",0.721033686021358,-0.360353460798938,0.2,0.216,1
"Hexb",0.721324129118016,0.420399145579939,0.1,0.081,1
"Coq2",0.722513595803876,-0.305233077208896,0.171,0.135,1
"Mapt",0.723360719638499,0.265695270131621,0.186,0.162,1
"Prpf40a",0.723579149766568,0.390772330516547,0.157,0.135,1
"Helz",0.723579149766568,-0.550271297340267,0.143,0.162,1
"Krcc1",0.724808500803256,-0.308718137986391,0.114,0.135,1
"Rab12",0.724808500803256,-0.29529578246432,0.114,0.135,1
"Ppp2r2a",0.725185664274187,0.379951170634804,0.2,0.162,1
"Flnb",0.72560527070999,0.27284024134505,0.229,0.189,1
"Ypel3",0.726372435718179,-0.517568562600596,0.157,0.162,1
"Rps11",0.727988217258913,0.316019567319976,0.214,0.189,1
"Rtf1",0.729140907373775,-0.348925212499874,0.129,0.108,1
"B230219D22Rik",0.729140907373775,0.41949927093916,0.129,0.108,1
"Nos1ap",0.731057507971568,0.289841764072803,0.1,0.081,1
"Gad2",0.731057507971568,0.299516363891833,0.1,0.081,1
"Eif1ax",0.731057507971568,0.282580667402978,0.1,0.081,1
"Dnah3",0.733186784888618,-0.305939866543815,0.143,0.108,1
"Mir99ahg",0.737831592066853,0.473156898053751,0.129,0.108,1
"Rbm26",0.73786388710847,-0.424122495040821,0.257,0.27,1
"Napa",0.74083437664013,0.33915688041589,0.1,0.081,1
"E130307A14Rik",0.74083437664013,0.295391733104812,0.1,0.081,1
"Fbxl20",0.74083437664013,0.266630529008092,0.1,0.081,1
"Dock3",0.741616999582137,-0.274361470870579,0.143,0.108,1
"Cpq",0.741616999582137,-0.329070064344924,0.143,0.108,1
"Eid1",0.74186126336146,-0.250372422114203,0.171,0.189,1
"Map1lc3a",0.74186126336146,-0.280085370853092,0.171,0.189,1
"Sh3rf1",0.743212897845327,0.254100145159144,0.314,0.27,1
"Herc1",0.744110564223283,-0.364286784960924,0.243,0.243,1
"Rnf103",0.746555917841414,0.3548088354536,0.129,0.108,1
"Supt16",0.746555917841414,0.276723681847052,0.129,0.108,1
"Spock1",0.750653277444878,0.254695326650181,0.1,0.081,1
"Atxn1",0.750689054434044,-0.346641513861389,0.386,0.297,1
"Frmd4a",0.755312848218911,0.384005684630339,0.129,0.108,1
"Parvb",0.755312848218911,0.32632307869142,0.129,0.108,1
"Etnk1",0.759703212785149,-0.359253760111692,0.114,0.135,1
"Nenf",0.760512732268683,-0.278642436719092,0.1,0.081,1
"Camkk2",0.760512732268683,0.286133155195535,0.1,0.081,1
"Calm3",0.761404104943563,-0.466745739459222,0.171,0.135,1
"Arhgap26.1",0.763087250965062,-0.251698372534874,0.2,0.216,1
"Esam",0.763225634562918,-0.279587661867004,0.271,0.27,1
"Ssb",0.763497274684088,-0.454587994165915,0.143,0.162,1
"S1pr1",0.763947121838342,-0.429855600353646,0.243,0.243,1
"Rora",0.770043148620932,0.345809664345431,0.243,0.297,1
"Gimap6",0.771560845216049,0.436931029545931,0.157,0.135,1
"Cask",0.780347293297642,-0.307278809365836,0.1,0.081,1
"Rab11a",0.781084919440854,-0.482038883318549,0.157,0.162,1
"Ncor1",0.783939836970386,-0.387396580528069,0.243,0.243,1
"Anapc1",0.784554795563998,-0.394498903339469,0.1,0.108,1
"Sugt1",0.784554795563998,-0.632332575089811,0.1,0.108,1
"Magi2",0.787761421109775,0.347583044807162,0.143,0.162,1
"Tra2a",0.788871964930075,-0.279852272605294,0.271,0.27,1
"Rpl27a",0.788997468461956,-0.497667529576173,0.157,0.162,1
"Ppp2r2b",0.790645453914005,0.277401866372586,0.129,0.108,1
"Kdm2a",0.791120011092746,-0.467818754042887,0.186,0.189,1
"Scfd1",0.792816948678154,-0.365815519569692,0.129,0.135,1
"Abca1",0.792818392533457,-0.607429084882819,0.129,0.135,1
"Map3k4",0.794122199576462,-0.4202140023085,0.1,0.108,1
"Rpl7",0.796931842313149,-0.334503668683724,0.157,0.162,1
"Npm1",0.798525132259762,-0.26643145152657,0.214,0.216,1
"Specc1",0.800325851553136,-0.335990665106385,0.1,0.081,1
"Sbds",0.803720679685932,-0.502425556566438,0.1,0.108,1
"Tomm70a",0.803720679685932,-0.421321164925875,0.1,0.108,1
"Ube2h",0.804887258345875,-0.468063264324467,0.157,0.162,1
"St3gal1",0.807124032920546,0.336301705276973,0.143,0.135,1
"Rps19",0.810098360497293,-0.293867858144592,0.129,0.135,1
"Jun",0.813348849916905,-0.426863603336237,0.1,0.108,1
"Ipo8",0.813348849916905,-0.444638752539881,0.1,0.108,1
"Ap2s1",0.813348849916905,-0.320927084101674,0.1,0.108,1
"Ralgapa2",0.813461332978082,-0.324780478667394,0.186,0.189,1
"Vim",0.818773754880443,-0.334922985974017,0.129,0.135,1
"Rsbn1",0.818773754880443,-0.464848226074662,0.129,0.135,1
"Grm3",0.820435915801127,-0.303356130877058,0.1,0.081,1
"3110021N24Rik",0.823005310823689,-0.265226494012768,0.1,0.108,1
"Nudc",0.823005310823689,-0.338915382054589,0.1,0.108,1
"Tmx4",0.827471393744549,-0.372917746508204,0.129,0.135,1
"Skil",0.827471393744549,-0.376273149575449,0.129,0.135,1
"Polr2a",0.827471393744549,-0.318776163251857,0.129,0.135,1
"Ptprj",0.82844154678766,-0.448165899011049,0.2,0.162,1
"Tm2d3",0.830536287487042,-0.520243686069141,0.1,0.081,1
"H2az2",0.83268865009901,-0.497872213525392,0.1,0.108,1
"Ndufa8",0.83595548291296,-0.327195231757783,0.186,0.189,1
"Sox13",0.836903467370107,-0.3195358086539,0.157,0.162,1
"Pja2",0.841043780215206,-0.27724169309082,0.214,0.216,1
"Mgll",0.84239744319237,-0.309642467614933,0.1,0.108,1
"Klc1",0.843484419050361,-0.294311867214299,0.186,0.189,1
"Ets1",0.844728464282681,-0.263574356399159,0.257,0.216,1
"Pde4b",0.844929268422288,-0.337838610120125,0.129,0.135,1
"Nav3",0.847253504055825,-0.359553038838919,0.186,0.189,1
"Rnf187",0.849304955941511,-0.321001191516342,0.129,0.135,1
"Scn1b",0.850819628102601,-0.500756859419355,0.1,0.081,1
"Ndufa7",0.850819628102601,-0.285799090292258,0.1,0.081,1
"Agpat5",0.852130253937694,-0.331064067023635,0.1,0.108,1
"Got1",0.853482735439266,-0.300074262284741,0.129,0.108,1
"Rpl28",0.853561893536523,-0.267134792243552,0.257,0.243,1
"Pcdh10",0.85858460827295,-0.523495174491896,0.186,0.189,1
"Pak3",0.860999322899584,-0.688478383509708,0.1,0.081,1
"Prkar2b",0.861885635189811,-0.536205024859618,0.1,0.108,1
"Tmco1",0.862463635547762,-0.499303706373403,0.129,0.135,1
"Ttc9b",0.862463635547762,-0.250236317350987,0.129,0.135,1
"Exoc4",0.879238042112913,0.3128629169279,0.357,0.378,1
"Nol4",0.880066032968933,-0.284863991309736,0.129,0.135,1
"Fam13a",0.88354032203391,0.324732973928336,0.143,0.135,1
"Aplp1",0.884937532663814,-0.427677906566398,0.3,0.243,1
"Nrp1",0.896524621717269,-0.282361444435465,0.229,0.216,1
"Os9",0.90069646637481,-0.346566411803195,0.143,0.135,1
"Cmss1",0.904319738133765,-0.290109028133891,0.7,0.595,1
"Eef1b2",0.907969454664509,0.303088067435954,0.171,0.162,1
"Kmt2c",0.913357218783746,-0.274889746155744,0.257,0.216,1
"Clta",0.915941023223062,-0.33883826666371,0.171,0.162,1
"Dapk1",0.917264132306826,-0.286444202438963,0.129,0.108,1
"Rpl35a",0.917899129025086,-0.349291628828386,0.143,0.135,1
"Arih1",0.920994330624418,-0.467972185825501,0.2,0.189,1
"Faf1",0.921839150164414,-0.27566880986472,0.3,0.27,1
"Norad",0.923921053934165,0.277046970901528,0.171,0.162,1
"Laptm4a",0.928334212239075,-0.257489159768377,0.3,0.27,1
"Vdac1",0.928494183544708,-0.465582574709858,0.157,0.135,1
"Vezt",0.930681713740496,0.365041000425081,0.1,0.108,1
"Tmem50a",0.935140314965142,-0.445122795118342,0.143,0.135,1
"Pebp1",0.935844775259192,-0.428723436213817,0.271,0.243,1
"Fyco1",0.943772840592308,-0.377736162471012,0.143,0.135,1
"Mosmo",0.947573047282636,-0.428792764184771,0.114,0.108,1
"Lmbrd1",0.947903925851554,-0.38916121027815,0.171,0.162,1
"Map2k5",0.955909801425012,-0.294520243210509,0.171,0.162,1
"Apbb2",0.956598594353495,-0.431112976294665,0.457,0.378,1
"Slc38a2",0.959887173357766,0.491528702022725,0.129,0.135,1
"Arpp19",0.963920127506279,-0.451656485392184,0.171,0.162,1
"Gcc2",0.964776108869174,-0.287913799962689,0.243,0.216,1
"Gm12353",0.966623090700804,-0.25449474933961,0.114,0.108,1
"Pde8a",0.966623090700804,0.268304683515121,0.114,0.108,1
"Gria2",0.967790892452067,-0.277078476323467,0.443,0.351,1
"A330023F24Rik",0.971934096752267,-0.320432084927447,0.171,0.162,1
"Lama4",0.971934096752267,-0.261724445021609,0.171,0.162,1
"Hdac9",0.971934096752267,-0.302860179595615,0.171,0.162,1
"Kbtbd11",0.976155943266097,-0.579719994016768,0.114,0.108,1
"Nae1",0.976155943266097,-0.486564717114604,0.114,0.108,1
"Lrrfip2",0.976155943266097,-0.290998917775789,0.114,0.108,1
"Lrrc8c",0.98431057310245,-0.383149647727753,0.186,0.162,1
"Psmd11",0.985692202773653,-0.288019620316005,0.114,0.108,1
"Gdi2",0.985692202773653,-0.27654969935457,0.114,0.108,1
"Enc1",0.987014316774424,-0.256503927578646,0.143,0.135,1
"Stx3",0.990085152827449,0.25294653033432,0.1,0.108,1
"Fam222b",0.992154907346608,-0.323880500450015,0.186,0.162,1
"Rab2a",0.992953023543714,-0.35346468497062,0.243,0.216,1
"Pip4k2a",0.995230507030989,-0.484967655325185,0.114,0.108,1
"Zfp532",0.995230507030989,-0.388362046277133,0.114,0.108,1
"Kif5c",0.995541163324744,0.360247963270659,0.129,0.135,1
"Lingo2",0.995989774962517,-0.351345770280267,0.171,0.162,1
"Chchd2",0.996738080792608,0.422852926174802,0.286,0.297,1
"Ulk2",1,-0.397607167652738,0.143,0.135,1
