"","p_val","avg_log2FC","pct.1","pct.2","p_val_adj"
"Ncam1",9.51524789703024e-05,1.16823506842965,0.878,0.483,1
"Calm1",0.000387045013433926,-1.18107376492296,0.561,0.862,1
"Otud7a",0.000490525905237285,1.53380480703641,0.463,0.069,1
"Pcdh9",0.000678959393384379,0.615818961578062,1,1,1
"Map2k2",0.000700222731088944,-1.37805669874413,0.024,0.31,1
"Kazn",0.000826485949880872,1.55832864040216,0.39,0.034,1
"Nr1d2",0.000926069562951858,1.34112801122569,0.39,0.034,1
"Psmc6",0.00132946552702341,1.28414384743668,0.366,0.034,1
"Tardbp",0.00150171080791093,-1.25345556475677,0.073,0.379,1
"Cd47",0.00162532331751788,1.45271800924716,0.415,0.069,1
"Srsf11",0.0019559612425254,1.24190200476561,0.561,0.172,1
"Dpp10",0.00235806882942854,-1.0228065625492,0.195,0.517,1
"Pakap",0.00242212005772569,1.39277490168758,0.512,0.138,1
"Rn18s-rs5",0.00245903495000326,-0.414006070246399,1,1,1
"Nrp1",0.00276426414412955,-1.04266933239364,0.024,0.276,1
"Slc25a5",0.0029417877307221,-1.23795929437968,0.049,0.31,1
"A330015K06Rik",0.00327107100371115,1.44882149245245,0.463,0.138,1
"Kif13a",0.00327109089250379,-0.833076118063057,0.561,0.759,1
"Cspg5",0.00327556273699554,-1.27161801192422,0.098,0.379,1
"Tmem178b",0.00413461837189039,-0.698406030313383,0.341,0.724,1
"H3f3a",0.0041903166456894,1.15632416712618,0.39,0.069,1
"Rbm39",0.00438619048733484,0.639711253743357,0.976,0.552,1
"Cwf19l2",0.00461171817103351,1.17117262425993,0.317,0.034,1
"Dctn4",0.00461960693468325,1.16093870679046,0.39,0.069,1
"Pfdn1",0.00463871405230025,1.09260425377721,0.244,0,1
"Foxj3",0.00469671483770072,-1.27570790727369,0.024,0.241,1
"Spire1",0.00516679352293909,1.12556730118241,0.415,0.103,1
"Ppp1r16b",0.00553551158961789,0.960725191780744,0.561,0.207,1
"Shroom2",0.00556565658226074,-1.16433684494044,0.049,0.276,1
"Psma7",0.00612886575175472,-1.18284349397071,0.024,0.241,1
"Fkbp5",0.00644320867968205,1.21965595614994,0.293,0.034,1
"Peds1",0.00645779521601778,-0.866315636751476,0,0.172,1
"Hpca",0.00645779521601778,-1.03580641507704,0,0.172,1
"Camta2",0.00645779521601778,-0.92226453222078,0,0.172,1
"Eci2",0.00645779521601778,-0.916800347274637,0,0.172,1
"Rab6b",0.00676357674358868,-1.1003947131039,0.146,0.414,1
"Dclk1",0.00680303524576925,-1.18423402939865,0.195,0.448,1
"Tmem230",0.00770281062054202,0.949690415838172,0.22,0,1
"Fktn",0.00770281062054202,1.20168545601027,0.22,0,1
"Uba5",0.00770281062054202,1.1651822568735,0.22,0,1
"Shprh",0.00770281062054202,1.08552511404641,0.22,0,1
"Snhg20",0.00770281062054202,1.05004515232252,0.22,0,1
"Tango2",0.00770281062054202,0.937221909030947,0.22,0,1
"Tlk1",0.00795379968943574,1.06079785350635,0.293,0.034,1
"Oip5os1",0.00812323907498766,-1.02431912973937,0.171,0.448,1
"Elmo1",0.00812427985562092,0.529241548716443,0.951,1,1
"Taldo1",0.00837789387201793,1.01021339197364,0.293,0.034,1
"Chd8",0.00843621446568174,1.05046052123947,0.341,0.069,1
"Scg5",0.00882210210003375,1.00625980145245,0.293,0.034,1
"Map1b",0.00887074954156273,-1.00457969004005,0.171,0.448,1
"Cct5",0.00943165744936633,-1.03735315154135,0.049,0.276,1
"Etnk1",0.0101466771027649,0.886732895963242,0.439,0.138,1
"Mbd5",0.0109392480951046,0.639794816627055,0.585,0.207,1
"Tmem181a",0.0110210314681754,-1.12788326682117,0.024,0.207,1
"Dnm3",0.0112230556663541,-0.531490631436911,0.756,0.897,1
"Epm2aip1",0.0113740937855372,-1.31363215961457,0.098,0.31,1
"Rp9",0.0114475995250571,-1.0604489893867,0.122,0.379,1
"Lgmn",0.0117289046396426,0.71706968589695,0.683,0.379,1
"Mark1",0.0117645184715132,-0.994838467761829,0.024,0.207,1
"Kpna4",0.0125121339589084,0.766769910740665,0.415,0.103,1
"Cep350",0.0125354679163803,1.04805598795843,0.39,0.103,1
"Raph1",0.0125521574392259,-0.863869876493941,0.024,0.207,1
"Nrxn1",0.0126515931358602,-0.547599455637495,0.22,0.517,1
"Eif2a",0.0126803437437689,1.14004537418826,0.195,0,1
"Gm17655",0.0126803437437689,1.01435372253371,0.195,0,1
"Fan1",0.0126803437437689,1.12170605814951,0.195,0,1
"Cnep1r1",0.0126803437437689,1.08613770828381,0.195,0,1
"Gclc",0.0126803437437689,0.912565116225939,0.195,0,1
"Slc25a16",0.0126803437437689,1.25609008963261,0.195,0,1
"Stat5b",0.0126803437437689,0.968618262117502,0.195,0,1
"Map3k14",0.0126803437437689,1.01504602413277,0.195,0,1
"Nova1",0.0126803437437689,0.977182413643191,0.195,0,1
"Syk",0.0126803437437689,0.890773095107385,0.195,0,1
"Nckap5l",0.0126803437437689,1.030155020503,0.195,0,1
"Liph",0.0126803437437689,1.02555789208637,0.195,0,1
"Smad4",0.0126803437437689,0.976154232078436,0.195,0,1
"Cops4",0.0131234172846896,-0.942358958966648,0.049,0.241,1
"Trim26",0.0131257785910322,-1.05001051404339,0.049,0.241,1
"Srgap3",0.0132024341944077,-1.04560373796798,0.098,0.31,1
"Vps54",0.0133073223937349,1.08351913190049,0.317,0.069,1
"Ncaph2",0.0138999112049974,-0.985645962909247,0.049,0.241,1
"Gm26542",0.0140914527939224,0.932713865556673,0.439,0.138,1
"Rsu1",0.0142426739892742,1.02169826917437,0.268,0.034,1
"Ralgapa2",0.0142426739892742,0.95878317461634,0.268,0.034,1
"2810013P06Rik",0.0142687076733391,-0.920106054192363,0.024,0.207,1
"Mbnl1",0.0144019263593475,0.702197622588868,0.878,0.552,1
"Dctn1",0.0151848495800637,-0.920672119095728,0.073,0.276,1
"Galnt1",0.0151848495800637,-1.15819412615675,0.073,0.276,1
"Csnk1d",0.0152022243100592,-0.872077960264612,0.024,0.207,1
"Ptgds",0.0153102072742971,0.747634784619668,0.854,0.828,1
"Tjp1",0.0155598084416466,0.753960602097222,0.561,0.241,1
"Chtop",0.0155699886192514,-1.17158806481569,0.049,0.241,1
"Ptpn2",0.0157134273596412,-0.769439826436199,0,0.138,1
"Plekha3",0.0157190621224269,-0.84769027829349,0,0.138,1
"Pdzrn3",0.0157190621224269,-0.90231641210594,0,0.138,1
"Ngrn",0.0157190621224269,-0.951419572136912,0,0.138,1
"Tmem38a",0.0157190621224269,-0.71784361552731,0,0.138,1
"Keap1",0.0157190621224269,-0.77129735882658,0,0.138,1
"5830418P13Rik",0.0157190621224269,-0.83683539358718,0,0.138,1
"Dgka",0.0157190621224269,-1.07009777161296,0,0.138,1
"Gm11508",0.0157190621224269,-0.817750929937886,0,0.138,1
"Mgat2",0.0157190621224269,-0.835302258353025,0,0.138,1
"Atp5mpl",0.0157190621224269,-0.849730339951525,0,0.138,1
"Ero1b",0.0157190621224269,-1.04533242338837,0,0.138,1
"Vcl",0.0157190621224269,-0.996927478700221,0,0.138,1
"Lrrc24",0.0157190621224269,-0.90918833426006,0,0.138,1
"Trabd",0.0157190621224269,-0.853263658652573,0,0.138,1
"Gm31323",0.0157190621224269,-0.842204879136972,0,0.138,1
"Ctdp1",0.0157190621224269,-0.851139687241626,0,0.138,1
"Pitpnm1",0.0157190621224269,-0.844240430772518,0,0.138,1
"Pcnx3",0.0157190621224269,-0.963493409054857,0,0.138,1
"Rbmx",0.0157190621224269,-0.768927611932559,0,0.138,1
"Kifap3",0.0157450805294658,0.701158073679379,0.268,0.034,1
"Zeb1",0.0158292332643765,1.08832303546338,0.439,0.172,1
"Rps3a1",0.0168347230191316,1.1816221276566,0.244,0.034,1
"Rps3",0.0177171776685793,-0.919377239899025,0.073,0.276,1
"Atp5b",0.0186399109384908,0.895311740642862,0.244,0.034,1
"Abcc3",0.0186399109384908,0.966351081859937,0.244,0.034,1
"Mbnl2",0.0189656587529942,0.470063081536034,0.951,0.586,1
"Klf13",0.0190545043524051,0.760605031499951,0.39,0.103,1
"Cdh20",0.0193050135740194,-0.901452541707902,0.268,0.552,1
"Smim13",0.0194471073509282,-0.900121883649689,0.049,0.241,1
"Cotl1",0.0196044195827152,0.969606384316017,0.244,0.034,1
"Atp6v1d",0.0196044195827152,0.862564610381886,0.244,0.034,1
"Mef2a",0.0196304609553044,0.439437029835609,0.951,0.759,1
"Ikzf1",0.0196412439757592,1.02573716096378,0.537,0.276,1
"Nptn",0.0197293855088042,-0.924950666813668,0.244,0.483,1
"Atp8a2",0.0197478746714443,-0.722430081464051,0.439,0.655,1
"Tubgcp5",0.0201298778958177,0.842711570636068,0.415,0.138,1
"Cadm2",0.0204143809450531,-0.321319382426672,0.561,0.759,1
"Bicd1",0.020612237857733,0.903892846501172,0.244,0.034,1
"Trak2",0.0207215703866223,0.914132132176421,0.171,0,1
"Ddx18",0.0207215703866223,0.80192379927677,0.171,0,1
"Stxbp1",0.0207215703866223,0.857421012829137,0.171,0,1
"Scrn3",0.0207215703866223,0.884230066791414,0.171,0,1
"Nfatc2",0.0207215703866223,0.768121670535099,0.171,0,1
"Camkk2",0.0207215703866223,0.861911578825135,0.171,0,1
"Rgma",0.0207215703866223,0.9823325407826,0.171,0,1
"Klhl26",0.0207215703866223,0.819760844407629,0.171,0,1
"Amd1",0.0207215703866223,0.980590061523911,0.171,0,1
"Mipol1",0.0207215703866223,0.843725822567236,0.171,0,1
"Heatr1",0.0207215703866223,0.750378194424101,0.171,0,1
"Mterf3",0.0207215703866223,0.724036008391593,0.171,0,1
"Ago2",0.0207215703866223,0.700586012792742,0.171,0,1
"Arl15",0.0207500192245627,-1.3635008233653,0.171,0.379,1
"Kif1a",0.0209269218197105,0.806423299551139,0.317,0.069,1
"Mrps33",0.0213070884377729,-0.81705767623565,0.098,0.31,1
"Mta3",0.0215285930502874,0.954605291581443,0.439,0.172,1
"Gm9895",0.0216649375468647,0.784072251503719,0.244,0.034,1
"P2ry12",0.0217698462062555,0.734260312070266,0.805,0.483,1
"Parp8",0.0218660516528665,0.920901613078824,0.317,0.069,1
"Grb2",0.0225765874792368,0.99404434854599,0.39,0.138,1
"Zeb2os",0.0227641279312229,1.10884236276172,0.244,0.034,1
"5031439G07Rik",0.0232822477819334,0.925326824224957,0.537,0.207,1
"Pds5a",0.0233082476060787,0.685714903201068,0.39,0.103,1
"N4bp2l1",0.0237432161335988,0.931185370003561,0.293,0.069,1
"Rps14",0.0237432161335988,0.900846732253349,0.293,0.069,1
"Dscaml1",0.0238283366691821,0.958693264795888,0.585,0.31,1
"Leprot",0.0239114557050811,0.875265519398103,0.244,0.034,1
"Gtf2a1",0.0239114557050811,0.778137570662848,0.244,0.034,1
"Map4",0.0244265127384751,0.783426006254313,0.561,0.31,1
"Dnm1l",0.0244635931814328,-0.835965240312423,0.098,0.31,1
"Naa12",0.0244635931814328,-0.895694388610246,0.098,0.31,1
"Cebpg",0.0249067704396842,-0.749250169588207,0.122,0.345,1
"Plek",0.0251086048333451,0.723496819368478,0.244,0.034,1
"Wdr33",0.0260294129271917,0.713291172499575,0.463,0.172,1
"Cd81",0.026189956615945,-0.764285593106201,0.488,0.69,1
"Bmp2k",0.0267268775201231,0.90756982928152,0.537,0.31,1
"Ireb2",0.0268387093758057,-0.74182470417803,0.049,0.241,1
"Macrod2",0.0269884036191404,0.806805993027022,0.463,0.172,1
"Dpm1",0.0271109953618358,-0.985619985171137,0.024,0.172,1
"Dpy19l4",0.0271109953618358,-1.14707446024151,0.024,0.172,1
"Snx10",0.0271109953618358,-1.16440878818369,0.024,0.172,1
"Uchl3",0.0271109953618358,-0.92011614171022,0.024,0.172,1
"Hmgn1",0.0271109953618358,-1.00406430701402,0.024,0.172,1
"U2af1",0.0271109953618358,-0.887260375903757,0.024,0.172,1
"Ermp1",0.0271109953618358,-0.718402538540207,0.024,0.172,1
"Lgi1",0.0271109953618358,-0.839049595423045,0.024,0.172,1
"Rpl10",0.0271109953618358,-0.905171692490736,0.024,0.172,1
"Plcl1",0.0274065041488301,0.431101740971857,1,1,1
"Unc5c",0.0274487013122832,0.90470189732211,0.659,0.345,1
"Dock5",0.0276111681524104,0.697978680360357,0.341,0.103,1
"Micall1",0.0280175652105296,1.0611773812304,0.268,0.069,1
"Atp6v0c",0.0281051494771206,-0.72692242629673,0.488,0.655,1
"Tma7",0.0282816677168097,-0.631146892302625,0.049,0.241,1
"Smg6",0.028284725662304,0.921835879802916,0.488,0.207,1
"Bbs9",0.0289440335387898,0.62702489207932,0.488,0.172,1
"Rab11fip2",0.0295668615942625,0.933338539497332,0.39,0.138,1
"Hsd17b11",0.0296480527934213,0.968174652050759,0.22,0.034,1
"Trafd1",0.0296480527934213,0.833592742579604,0.22,0.034,1
"Ncapd3",0.0296480527934213,0.875648836578217,0.22,0.034,1
"ENSMUSG00000120680",0.0296480527934213,0.844696228457929,0.22,0.034,1
"Lgals8",0.0296480527934213,0.882847838935612,0.22,0.034,1
"Clec16a",0.0296480527934213,0.919435546365324,0.22,0.034,1
"Hexa",0.0300323712384836,-0.919955168864054,0.098,0.276,1
"Slc9a9",0.030275891415268,0.479604641462254,0.756,0.448,1
"Arhgap31",0.0306084316172236,0.69834546217024,0.415,0.138,1
"Mob3b",0.0307102730318285,-0.885120953381658,0.024,0.172,1
"Phldb1",0.0308977666157086,-0.750715508747816,0.463,0.69,1
"Taf1d",0.031144203021752,-1.10921778986855,0.171,0.345,1
"Swi5",0.0311486688266305,-1.10850813680579,0.073,0.241,1
"Pcyt1b",0.0311486688266305,-0.926751105476351,0.073,0.241,1
"Las1l",0.0311486688266305,0.865045341164333,0.22,0.034,1
"Runx1",0.0316219893965391,-0.673163968089832,0.293,0.517,1
"Ccny",0.0317600112743683,-0.695214457887753,0.22,0.414,1
"Upp2",0.0317674572843511,-1.06326685218892,0.049,0.207,1
"Apbb1",0.0317674572843511,-0.934468164955184,0.049,0.207,1
"Gm36855",0.0317674572843511,-1.22630285768031,0.049,0.207,1
"Syn3",0.0317674572843511,-1.04598990726831,0.049,0.207,1
"H2bc4",0.0317674572843511,-0.938834327134251,0.049,0.207,1
"Stx5a",0.0317674572843511,-1.04811753134749,0.049,0.207,1
"Taf1",0.0317674572843511,-0.926034848213501,0.049,0.207,1
"Piga",0.0317674572843511,-1.14405688449758,0.049,0.207,1
"Cacnb2",0.032405057609684,0.968764277338386,0.341,0.103,1
"Eml1",0.032405057609684,-0.843118027269169,0.146,0.379,1
"Atp5k",0.0326588713079494,-0.755183409643183,0.024,0.172,1
"Agpat3",0.0327140030531473,0.873332573611299,0.22,0.034,1
"Ndufs4",0.0327140030531473,0.872696127420354,0.22,0.034,1
"Mpeg1",0.0327140030531473,0.876060543001923,0.22,0.034,1
"Atp6v0a2",0.0334421035092261,0.828327779119878,0.268,0.069,1
"Ago1",0.0335174309430494,0.901408089678054,0.22,0.034,1
"Arf5",0.0335246359885457,-0.911736206287548,0.049,0.207,1
"Cyp20a1",0.0336722521885318,0.880335635558256,0.146,0,1
"Fbxo36",0.0336722521885318,0.660626702446401,0.146,0,1
"Hdlbp",0.0336722521885318,0.754651394333709,0.146,0,1
"Hspa14",0.0336722521885318,0.643166249930905,0.146,0,1
"Uckl1",0.0336722521885318,0.754143485445433,0.146,0,1
"S100a13",0.0336722521885318,0.854979002959956,0.146,0,1
"Sass6",0.0336722521885318,0.789467086446296,0.146,0,1
"Dnajb4",0.0336722521885318,0.823890628746504,0.146,0,1
"Bpnt2",0.0336722521885318,0.625108222514107,0.146,0,1
"Gabrr2",0.0336722521885318,0.902910518472897,0.146,0,1
"Echdc2",0.0336722521885318,1.03172444154981,0.146,0,1
"Luzp1",0.0336722521885318,1.17343944733008,0.146,0,1
"Ddost",0.0336722521885318,0.811695726207933,0.146,0,1
"Pik3cd",0.0336722521885318,0.689255328017387,0.146,0,1
"1700096K18Rik",0.0336722521885318,0.711911339532213,0.146,0,1
"Maea",0.0336722521885318,0.661601384850382,0.146,0,1
"Ppp1cc",0.0336722521885318,0.902712190850366,0.146,0,1
"Zfp866",0.0336722521885318,0.756605233673492,0.146,0,1
"Mmaa",0.0336722521885318,0.828495516041595,0.146,0,1
"Lyl1",0.0336722521885318,0.663074745740879,0.146,0,1
"Adcy7",0.0336722521885318,0.757109097261489,0.146,0,1
"Ndrg4",0.0336722521885318,0.720009485755627,0.146,0,1
"Jrkl",0.0336722521885318,0.795191610609173,0.146,0,1
"Bcl9l",0.0336722521885318,0.715942137694075,0.146,0,1
"Xpot",0.0336722521885318,0.777487018631653,0.146,0,1
"Neurl4",0.0336722521885318,0.793982710931839,0.146,0,1
"Prpf8",0.0336722521885318,0.738369012695037,0.146,0,1
"Cbx4",0.0336722521885318,0.648777797933563,0.146,0,1
"Gm29361",0.0336722521885318,0.788693995164631,0.146,0,1
"Gskip",0.0336722521885318,0.654960690538993,0.146,0,1
"Ptpdc1",0.0336722521885318,0.637359949330184,0.146,0,1
"Ppwd1",0.0336722521885318,0.660881098815459,0.146,0,1
"Atg14",0.0336722521885318,0.793542005846158,0.146,0,1
"Gm26782",0.0336722521885318,0.805904953560031,0.146,0,1
"Gmpr2",0.0336722521885318,0.835131675890507,0.146,0,1
"Sugt1",0.0336722521885318,0.677408524728118,0.146,0,1
"Txndc11",0.0336722521885318,0.652651129493287,0.146,0,1
"Crkl",0.0336722521885318,1.17188322719205,0.146,0,1
"C2cd2",0.0336722521885318,0.667137619395025,0.146,0,1
"BC004004",0.0336722521885318,0.81748984147935,0.146,0,1
"Dennd10",0.0336722521885318,0.974627807319052,0.146,0,1
"Gm47283",0.0336722521885318,0.858569430412282,0.146,0,1
"Lars2",0.0337093912316257,0.764171856150887,0.341,0.103,1
"Clk1",0.0339960198479655,0.870985959105239,0.439,0.207,1
"Calm2",0.0343098255076232,-0.584708343027488,0.732,0.759,1
"Cdc26",0.0343462199740588,0.865658421548928,0.22,0.034,1
"2210408F21Rik",0.0343462199740588,-0.953101226526346,0.073,0.241,1
"Sall3",0.0343462199740588,0.816825889323356,0.22,0.034,1
"Mrps10",0.0347056810476736,-0.757847934332155,0.024,0.172,1
"Fam110b",0.0347124059174267,-0.73686678288936,0.024,0.172,1
"Pnrc1",0.0347124059174267,-0.818109463688738,0.024,0.172,1
"Ndufb2",0.0347124059174267,-0.766983108328465,0.024,0.172,1
"Rhoa",0.0349308830712817,0.90574491527404,0.268,0.069,1
"Lamp1",0.0349954856952735,0.832329515622694,0.537,0.276,1
"Gsk3b",0.0350007419135163,0.748211960892427,0.512,0.207,1
"Smad7",0.0350961745745557,-0.873112488960644,0.341,0.517,1
"Uri1",0.0353643014133977,-0.909573413446799,0.049,0.207,1
"Rpl18",0.0353643014133977,-0.894719558316318,0.049,0.207,1
"Ckap5",0.0356345079333671,0.945485394674496,0.39,0.138,1
"Lrrfip1",0.0359901698309579,-0.903640196499448,0.098,0.276,1
"Htra2",0.0360475241410946,0.874286471766333,0.22,0.034,1
"Rps11",0.0360475241410946,0.678477060160246,0.22,0.034,1
"Gm45223",0.0360475241410946,0.824230743973348,0.22,0.034,1
"Mt1",0.0360475241410946,0.737327625503454,0.22,0.034,1
"Ccdc191",0.0360475241410946,0.783055459439585,0.22,0.034,1
"Yipf5",0.0360475241410946,-1.15221312984075,0.073,0.241,1
"Txlng",0.0360475241410946,0.723285953914432,0.22,0.034,1
"Atp1b3",0.036151422731403,-0.876568953279378,0.171,0.379,1
"Pnisr",0.0361788918388705,0.620151651740063,0.707,0.448,1
"Depdc5",0.036310642183216,-0.898259095295366,0.049,0.207,1
"Cdc42bpa",0.0363281881122786,0.475349238938342,0.805,0.448,1
"Ccnd3",0.0364434755399396,0.950317741121575,0.439,0.207,1
"Uso1",0.0364758878426585,0.851684707349055,0.268,0.069,1
"Asb2",0.0365641103827977,0.513587224011804,0.293,0.069,1
"Lrch2",0.0368752235601465,-0.672760015915184,0.024,0.172,1
"Fermt3",0.0370095604927756,0.787762039922353,0.366,0.138,1
"Slc13a1",0.0370149781460617,0.764925470302432,0.415,0.172,1
"Prkce",0.0371210812900923,0.788347661050787,0.439,0.172,1
"Slc22a23",0.0372548300317088,-0.763169961808775,0.146,0.345,1
"Ppp1cb",0.0378201592680236,0.735431802550075,0.22,0.034,1
"Glmn",0.0378201592680236,0.630685804555845,0.22,0.034,1
"Gm19522",0.0378949556701259,0.65660520853478,0.341,0.103,1
"Atxn1",0.0380882282265452,-0.84885684847202,0.22,0.414,1
"Gm26901",0.0382288627274667,-0.614529333220269,0,0.103,1
"9130024F11Rik",0.0382288627274667,-0.772701710507411,0,0.103,1
"Tuba4a",0.0382288627274667,-0.743652044043317,0,0.103,1
"Hes6",0.0382288627274667,-0.570938850472449,0,0.103,1
"Tmem183a",0.0382288627274667,-0.631911648155414,0,0.103,1
"D130019J16Rik",0.0382288627274667,-0.674147736641868,0,0.103,1
"Fcgr2b",0.0382288627274667,-0.586368053212455,0,0.103,1
"Exosc2",0.0382288627274667,-0.728004926623573,0,0.103,1
"Niban2",0.0382288627274667,-0.668651183021315,0,0.103,1
"Spint1",0.0382288627274667,-0.634790196003462,0,0.103,1
"Sox2",0.0382288627274667,-0.600725730499036,0,0.103,1
"Gm37465",0.0382288627274667,-0.576355934720487,0,0.103,1
"Acp6",0.0382288627274667,-0.632636761048228,0,0.103,1
"Mdn1",0.0382288627274667,-0.585797779147953,0,0.103,1
"Elp1",0.0382288627274667,-0.67971759505001,0,0.103,1
"Klhl9",0.0382288627274667,-0.765623439135424,0,0.103,1
"Prkaa2",0.0382288627274667,-0.66256158041194,0,0.103,1
"Ube4bos1",0.0382288627274667,-0.662117844868566,0,0.103,1
"Cfap74",0.0382288627274667,-0.61386787087994,0,0.103,1
"Wdr1",0.0382288627274667,-0.615636387580522,0,0.103,1
"Gm9958",0.0382288627274667,-0.64246546308011,0,0.103,1
"Sgsm1",0.0382288627274667,-0.759573740324031,0,0.103,1
"Ift22",0.0382288627274667,-0.607554685171197,0,0.103,1
"Asns",0.0382288627274667,-0.698710600169755,0,0.103,1
"Igf2bp3",0.0382288627274667,-0.815938643989739,0,0.103,1
"Chl1",0.0382288627274667,-0.793761261158745,0,0.103,1
"Ogg1",0.0382288627274667,-0.760877343406599,0,0.103,1
"Bcl2l13",0.0382288627274667,-0.591818608329754,0,0.103,1
"Phb2",0.0382288627274667,-0.56549222833737,0,0.103,1
"Exosc5",0.0382288627274667,-0.689506423067558,0,0.103,1
"A230006K03Rik",0.0382288627274667,-0.616919639748732,0,0.103,1
"Xylt1",0.0382288627274667,-0.645998248147364,0,0.103,1
"Ctbp2",0.0382288627274667,-0.687154538472325,0,0.103,1
"Trappc5",0.0382288627274667,-0.662281909976732,0,0.103,1
"Lonrf1",0.0382288627274667,-0.721427327407243,0,0.103,1
"Ddx49",0.0382288627274667,-0.544255615500171,0,0.103,1
"Edc4",0.0382288627274667,-0.683630960359255,0,0.103,1
"Thyn1",0.0382288627274667,-0.935320417615246,0,0.103,1
"Dapk2",0.0382288627274667,-0.951404173304834,0,0.103,1
"Gamt",0.0382288627274667,-0.731120377301827,0,0.103,1
"Mars1",0.0382288627274667,-0.657043317787764,0,0.103,1
"Lgalsl",0.0382288627274667,-0.606878704822892,0,0.103,1
"Rmnd5b",0.0382288627274667,-0.819404172584034,0,0.103,1
"Gm2a",0.0382288627274667,-0.738324611368831,0,0.103,1
"Gm12258",0.0382288627274667,-0.621063312572108,0,0.103,1
"Cluh",0.0382288627274667,-0.781226807807467,0,0.103,1
"Aldoc",0.0382288627274667,-0.606425313056961,0,0.103,1
"Fasn",0.0382288627274667,-0.693681117893117,0,0.103,1
"Hs1bp3",0.0382288627274667,-0.662716505488905,0,0.103,1
"Entpd5",0.0382288627274667,-0.598268051102702,0,0.103,1
"Degs2",0.0382288627274667,-0.705630567913291,0,0.103,1
"Fdft1",0.0382288627274667,-0.586915182503733,0,0.103,1
"Gm49003",0.0382288627274667,-0.588609541902909,0,0.103,1
"Eny2",0.0382288627274667,-0.727781328198465,0,0.103,1
"Alg10b",0.0382288627274667,-0.676746291991813,0,0.103,1
"N6amt1",0.0382288627274667,-0.669057066058047,0,0.103,1
"Dynlt1c",0.0382288627274667,-0.717914634353938,0,0.103,1
"4930506C21Rik",0.0382288627274667,-0.583698657892219,0,0.103,1
"Amdhd2",0.0382288627274667,-0.573099555931804,0,0.103,1
"Runx2",0.0382288627274667,-0.624142776429046,0,0.103,1
"Oard1",0.0382288627274667,-0.763551110122271,0,0.103,1
"Morn2",0.0382288627274667,-0.709795965298212,0,0.103,1
"Chrm1",0.0382288627274667,-0.684892644162137,0,0.103,1
"Pank1",0.0382288627274667,-0.721804410236107,0,0.103,1
"Gm21984",0.0384116458795093,0.899241828100273,0.366,0.138,1
"Dicer1",0.0389231049628092,-0.726532798243576,0.122,0.31,1
"Pcsk1n",0.0390006628107035,0.44273881966048,0.366,0.103,1
"Qki",0.039148204466201,0.369244051038892,1,1,1
"Snrnp40",0.0393030506323687,-0.97393240846418,0.049,0.207,1
"Smim14",0.0393030506323687,-0.818837612799119,0.049,0.207,1
"Cdc123",0.0396664072430696,0.649676211835253,0.22,0.034,1
"Hipk3",0.0396664072430696,0.650008167283624,0.22,0.034,1
"Cep250",0.0396664072430696,0.44114307415897,0.22,0.034,1
"Sft2d3",0.0396664072430696,0.751817420724163,0.22,0.034,1
"Tmem164",0.0396664072430696,0.733007530830793,0.22,0.034,1
"Gm36975",0.0397411102519151,0.911217476870106,0.268,0.069,1
"Abca1",0.0398015429828536,0.722776737685551,0.488,0.207,1
"Apc",0.0400313463969289,0.601076922218255,0.707,0.414,1
"Smap2",0.0401714905054995,0.537278277622632,0.634,0.31,1
"Atxn2",0.0411083103569069,0.466508750114486,0.317,0.103,1
"Sgk1",0.0411083103569069,0.847253990250458,0.317,0.103,1
"Anapc5",0.0414082537880743,-0.758737054753196,0.049,0.207,1
"Zfp317",0.0414082537880743,-0.895187066044364,0.049,0.207,1
"Rhobtb1",0.0414646572646558,0.918711052895506,0.268,0.069,1
"Pcbp2",0.0425146064291752,0.545065581414636,0.341,0.103,1
"Nktr",0.0426394111487273,0.836353435730475,0.537,0.241,1
"Txndc16",0.0427338182063675,0.614570473607662,0.39,0.138,1
"Selenop",0.0427416196909904,0.667997085214606,0.317,0.103,1
"Vta1",0.0429275968323136,-0.660851476782395,0.098,0.276,1
"Ap2m1",0.0436081787871041,-0.841734899294054,0.049,0.207,1
"Adap2",0.0438126820603846,0.745740506958998,0.537,0.276,1
"Btbd1",0.0440304754369895,-0.886559372456103,0.122,0.31,1
"Thoc2",0.0444042876857472,-1.10278075219184,0.146,0.31,1
"Grm7",0.0447166647600788,-0.711992335409343,0.39,0.621,1
"Pom121",0.0448287727609716,-0.87651344003309,0.098,0.276,1
"Pts",0.0451021214680358,0.773064972054462,0.268,0.069,1
"Atxn7l3b",0.0451021214680358,0.85286753316152,0.268,0.069,1
"Lifr",0.0451021214680358,0.987616869543866,0.268,0.069,1
"Ndfip1",0.0452115218432524,-0.603952489380042,0.341,0.552,1
"Ophn1",0.0453263507318211,0.612161921716662,0.585,0.31,1
"Ddx50",0.0456307055111963,-0.938813879155747,0.244,0.448,1
"Cmas",0.0456701961660246,-0.780065260756849,0.073,0.241,1
"Atl1",0.0456701961660246,-0.928612975662261,0.073,0.241,1
"Cycs",0.0459060171421585,-0.771350558060313,0.049,0.207,1
"Paip2",0.0462889908873405,0.588341610101591,0.512,0.241,1
"Cdc37l1",0.0466120549042305,0.708101429869915,0.732,0.552,1
"Mical3",0.0476018536340983,-0.92933723840448,0.171,0.345,1
"Nsrp1",0.0478344376139375,-0.717148686726905,0.073,0.241,1
"Rc3h1",0.0479742242980264,0.682091565893301,0.317,0.103,1
"Sppl3",0.0480385902841435,-0.912147183012019,0.146,0.31,1
"Cpox",0.0480385902841435,-0.815102597578435,0.146,0.31,1
"Nbea",0.0480474443931446,0.621576212444658,0.78,0.448,1
"Inpp5d",0.0482566848559254,0.522647690364919,0.854,0.552,1
"Eif2ak1",0.048305009202607,-0.698333677371486,0.049,0.207,1
"Arhgef12",0.0488446478079147,-0.83346594253732,0.098,0.276,1
"Ly6e",0.0490828014534337,0.787222883766187,0.195,0.034,1
"Cyth4",0.0496735310157374,0.52339763586142,0.634,0.31,1
"Rpsa",0.0498339105367941,0.621293884350809,0.317,0.103,1
"Srsf10",0.0500194934225003,0.75950416597093,0.268,0.069,1
"Megf10",0.0501118377021964,-1.07544350748455,0.22,0.379,1
"Add1",0.0504645704507963,0.712904959659071,0.585,0.345,1
"Dnajc6",0.0510603977201407,-0.975363997103179,0.122,0.276,1
"Atp6v1a",0.0510603977201407,0.594769609761497,0.268,0.069,1
"Trappc8",0.0510603977201407,0.708050478325081,0.268,0.069,1
"Nol4l",0.0514900279479842,0.896727107756616,0.195,0.034,1
"Gm19439",0.0514900279479842,0.854832436891684,0.195,0.034,1
"Lrrc58",0.0514900279479842,0.702508137507505,0.195,0.034,1
"Gng2",0.0517536717203178,0.840230622247959,0.317,0.103,1
"Trim44",0.0521781868733889,0.317930319903263,0.439,0.172,1
"Spred1",0.0522867188987014,0.79118628398518,0.415,0.172,1
"Tpi1",0.0524220643281931,-0.667363194000109,0.073,0.241,1
"Tfe3",0.0531874951416575,0.645941509577526,0.268,0.069,1
"Rabgap1",0.0534187195996253,0.710053104009207,0.488,0.241,1
"Xrcc6",0.0534187195996253,0.788250288941486,0.488,0.241,1
"Ptk2b",0.0534196450391804,-0.566082639086099,0.049,0.207,1
"Trp53cor1",0.0534196450391804,-0.683816173555857,0.049,0.207,1
"Pard3b",0.0537349278502952,0.7482523936471,0.317,0.103,1
"Adap1",0.0539564690079498,-0.920261918085486,0.146,0.31,1
"Kcnq1ot1",0.0539564690079498,-0.853966419664401,0.146,0.31,1
"Rpl28",0.0539952876426174,0.842764778175527,0.195,0.034,1
"Sil1",0.0539952876426174,0.7934740393652,0.195,0.034,1
"Uggt1",0.054539190318446,0.593444931723329,0.122,0,1
"Ppil3",0.054539190318446,0.597867494322002,0.122,0,1
"Gm18829",0.054539190318446,0.697196452798707,0.122,0,1
"Rnpepl1",0.054539190318446,0.632003561074461,0.122,0,1
"Tsn",0.054539190318446,0.721034998391531,0.122,0,1
"Yod1",0.054539190318446,0.831852119048288,0.122,0,1
"Mgst3",0.054539190318446,0.625305912361205,0.122,0,1
"Fjx1",0.054539190318446,0.700584196483029,0.122,0,1
"Sec23b",0.054539190318446,0.66866923630474,0.122,0,1
"Npepl1",0.054539190318446,0.693815845465792,0.122,0,1
"Tlr2",0.054539190318446,0.701461660135516,0.122,0,1
"Ilf2",0.054539190318446,0.734971340769197,0.122,0,1
"Txnip",0.054539190318446,0.578905078285039,0.122,0,1
"A530083M17Rik",0.054539190318446,0.63795118069193,0.122,0,1
"Rabggtb",0.054539190318446,0.624901123664795,0.122,0,1
"Coq3",0.054539190318446,0.534904592784531,0.122,0,1
"Spata6",0.054539190318446,0.866239200942356,0.122,0,1
"Slc2a1",0.054539190318446,0.660938355377151,0.122,0,1
"Ubxn11",0.054539190318446,0.591568717657873,0.122,0,1
"Asap3",0.054539190318446,0.632148011202106,0.122,0,1
"Lrrc8c",0.054539190318446,0.759090869005788,0.122,0,1
"Crybb1",0.054539190318446,0.677774533521255,0.122,0,1
"Pop5",0.054539190318446,0.738092841477248,0.122,0,1
"Wipi2",0.054539190318446,0.882239831576403,0.122,0,1
"Zfp956",0.054539190318446,0.523655290962886,0.122,0,1
"Mthfd2",0.054539190318446,0.690287149238797,0.122,0,1
"Nagk",0.054539190318446,0.535903663352166,0.122,0,1
"Xpc",0.054539190318446,0.671663850213472,0.122,0,1
"Gm44511",0.054539190318446,0.630657552311177,0.122,0,1
"Ergic2",0.054539190318446,0.731046905477465,0.122,0,1
"Snrpa1",0.054539190318446,0.565078215451754,0.122,0,1
"Eri2",0.054539190318446,0.665960671744488,0.122,0,1
"Rabep2",0.054539190318446,0.654611048406627,0.122,0,1
"Maz",0.054539190318446,0.767621930179252,0.122,0,1
"Inpp5a",0.054539190318446,0.612781805347233,0.122,0,1
"Cdkn2aip",0.054539190318446,0.643197916232038,0.122,0,1
"Tmem59l",0.054539190318446,0.662139021921821,0.122,0,1
"Ifi30",0.054539190318446,0.706354287719849,0.122,0,1
"Slc38a7",0.054539190318446,0.631709732497399,0.122,0,1
"Zdhhc1",0.054539190318446,0.616395751468416,0.122,0,1
"Clk3",0.054539190318446,0.602513358745176,0.122,0,1
"Mras",0.054539190318446,0.775383942109426,0.122,0,1
"Mrpl3",0.054539190318446,0.707845586398427,0.122,0,1
"Cmc1",0.054539190318446,0.493384549293274,0.122,0,1
"Lyzl4",0.054539190318446,0.610123500680711,0.122,0,1
"Cisd1",0.054539190318446,0.760905205150756,0.122,0,1
"R3hdm4",0.054539190318446,0.651494013168165,0.122,0,1
"Ankrd24",0.054539190318446,0.633788204024159,0.122,0,1
"Cct2",0.054539190318446,0.582660528203634,0.122,0,1
"Dbnl",0.054539190318446,0.742574673952408,0.122,0,1
"H2az2",0.054539190318446,0.698228659302813,0.122,0,1
"Pmp22",0.054539190318446,0.700372131985914,0.122,0,1
"Slc25a11",0.054539190318446,0.554273096747602,0.122,0,1
"Snx11",0.054539190318446,0.717013178857401,0.122,0,1
"Mrpl38",0.054539190318446,0.559590296300939,0.122,0,1
"Efr3b",0.054539190318446,0.618269662126764,0.122,0,1
"Nampt",0.054539190318446,0.542274614505191,0.122,0,1
"Syne2",0.054539190318446,0.771005877585176,0.122,0,1
"Sugct",0.054539190318446,0.748637502669988,0.122,0,1
"1110046J04Rik",0.054539190318446,0.659172090111684,0.122,0,1
"Nol8",0.054539190318446,0.681602181456174,0.122,0,1
"Pdcd6",0.054539190318446,0.67574452842067,0.122,0,1
"Zfp825",0.054539190318446,0.672294560592069,0.122,0,1
"Pde8b",0.054539190318446,0.876296578987675,0.122,0,1
"Trim23",0.054539190318446,0.662725454342189,0.122,0,1
"Dimt1",0.054539190318446,0.651600524068293,0.122,0,1
"Rft1",0.054539190318446,0.677174833479084,0.122,0,1
"Rnase4",0.054539190318446,0.685585795429528,0.122,0,1
"Kctd4",0.054539190318446,0.573272519474929,0.122,0,1
"9630013A20Rik",0.054539190318446,0.591324100417631,0.122,0,1
"Rida",0.054539190318446,0.676638283595504,0.122,0,1
"Gsdmd",0.054539190318446,0.681940040503508,0.122,0,1
"Poldip3",0.054539190318446,0.643779311194649,0.122,0,1
"Nup50",0.054539190318446,0.544734814539135,0.122,0,1
"Rtn4r",0.054539190318446,0.60513201542436,0.122,0,1
"Dnajb11",0.054539190318446,0.863534596422704,0.122,0,1
"Riok2",0.054539190318446,0.579442737106081,0.122,0,1
"Mmut",0.054539190318446,0.484285098962067,0.122,0,1
"Dpf2",0.054539190318446,0.663222518977308,0.122,0,1
"Naa40",0.054539190318446,0.844857085126617,0.122,0,1
"Fam111a",0.054539190318446,0.661035635262622,0.122,0,1
"Sufu",0.054539190318446,0.498462593361879,0.122,0,1
"Steep1",0.054539190318446,0.751351985856722,0.122,0,1
"Idh3g",0.054539190318446,0.633540551890875,0.122,0,1
"Zrsr2",0.054539190318446,0.802673277347561,0.122,0,1
"Zfp451",0.0548504466967118,-0.671988882691026,0.073,0.241,1
"Emc10",0.0549760630236919,-0.635303095004752,0.244,0.414,1
"Mapre2",0.0550741530885006,0.78653654533496,0.488,0.207,1
"Mettl7a1",0.0550860432917009,0.57172417110568,0.366,0.138,1
"Stx18",0.0553881158175009,0.605935558786261,0.268,0.069,1
"Afdn",0.0553881158175009,0.626970160670177,0.268,0.069,1
"Birc6",0.0559900560494382,0.590561032371877,0.61,0.31,1
"Mpc2",0.0561419905346626,-0.592779105500995,0.049,0.207,1
"Nr2c2",0.056261227300467,0.752683623248599,0.341,0.138,1
"Plp1",0.0564389641699215,0.33538608585955,1,0.966,1
"Gm44686",0.0566014775943727,0.584704745033293,0.195,0.034,1
"Snap91",0.0566014775943727,0.618727188794801,0.195,0.034,1
"Ap3m1",0.0566014775943727,0.677332033150342,0.195,0.034,1
"Lage3",0.0566014775943727,0.666743437843971,0.195,0.034,1
"Sltm",0.0576278673203336,-0.681385762185051,0.317,0.517,1
"Lrig2",0.0576640978804209,-1.03822658387301,0.122,0.276,1
"Ewsr1",0.0577862979419881,0.613171452488756,0.415,0.172,1
"Kcnab1",0.0578399990775936,0.626237405092556,0.537,0.276,1
"Cnp",0.0578399990775936,0.398203364901165,0.537,0.276,1
"Comt",0.0578876674991782,0.53040625690735,0.317,0.103,1
"Myo9a",0.0590595903582822,0.578088325240594,0.561,0.276,1
"Sfi1",0.059311525066802,0.803594930632051,0.195,0.034,1
"Retreg3",0.059311525066802,0.680194916623286,0.195,0.034,1
"Senp1",0.059311525066802,0.653040376047344,0.195,0.034,1
"Tfg",0.059311525066802,0.612071080680735,0.195,0.034,1
"Man2b1",0.0593149902455126,-0.771903881205147,0.171,0.345,1
"Exoc4",0.0593771388922487,0.702147848012949,0.561,0.345,1
"Mpp2",0.0599890434344333,-0.628148041398937,0.073,0.241,1
"Scn8a",0.0599890434344333,-0.631801248383344,0.073,0.241,1
"Zscan26",0.0600172950598738,0.499523601155938,0.268,0.069,1
"Aco2",0.0600172950598738,0.29346914089522,0.268,0.069,1
"Cldn11",0.0603572310191761,-0.598618372434555,0.268,0.483,1
"Smarcad1",0.0604708427501978,0.709439330751434,0.293,0.103,1
"Eps15",0.0614454818500638,0.705260560403919,0.439,0.172,1
"Rpl41",0.0614590999549486,0.783470932986504,0.341,0.138,1
"Fcho2",0.0618763315068136,0.649488780577954,0.512,0.276,1
"Dcun1d1",0.0621283849777316,0.586772164829347,0.195,0.034,1
"Gtf3c1",0.0621283849777316,0.593946623075899,0.195,0.034,1
"Psmc3",0.0624196633586567,-0.744794699875367,0.098,0.241,1
"Rps15",0.0627821463064644,0.670296988659269,0.293,0.103,1
"Setd5",0.0627964202176262,0.668143629573648,0.39,0.172,1
"Hnrnpa3",0.063268227736688,0.760233845083169,0.366,0.138,1
"Ddr1",0.063268227736688,0.643696823054258,0.366,0.138,1
"Arhgef28",0.0636450974906409,0.686540987873444,0.341,0.138,1
"Plekho1",0.0638463573844733,0.810356725810978,0.39,0.172,1
"Apbb2",0.0639594104937033,0.784095319248506,0.439,0.207,1
"Rplp1",0.0642630959564139,0.67526745105303,0.463,0.207,1
"Pstk",0.0646141761170496,0.660090257594509,0.317,0.103,1
"Malt1",0.0651129774166022,-0.80467745009775,0.098,0.241,1
"Zc3h7a",0.0653086441930096,-0.63029487258015,0.122,0.31,1
"Sh3gl3",0.065350623518018,0.731972382301356,0.244,0.069,1
"Dhx40",0.065401350548591,-0.716304499051987,0.024,0.138,1
"Ctnna1",0.065401350548591,-0.79027564115346,0.024,0.138,1
"Eif4e2",0.0654131665248422,-0.683150290155493,0.024,0.138,1
"Gm14326",0.0654131665248422,-0.805111819803836,0.024,0.138,1
"Tmem125",0.0654131665248422,-0.7498737620752,0.024,0.138,1
"Mios",0.0654131665248422,-0.733144176669539,0.024,0.138,1
"1700111E14Rik",0.0654131665248422,-0.745037827346869,0.024,0.138,1
"Nt5c3",0.0654131665248422,-0.64779463958569,0.024,0.138,1
"Csgalnact2",0.0654131665248422,-0.712674295796848,0.024,0.138,1
"Eif3k",0.0654131665248422,-0.664849048877499,0.024,0.138,1
"Fah",0.0654131665248422,-0.857554136320142,0.024,0.138,1
"Rras2",0.0654131665248422,-0.745808292688209,0.024,0.138,1
"S100b",0.0654131665248422,-0.825352891970602,0.024,0.138,1
"Sumo3",0.0654131665248422,-0.660666865655159,0.024,0.138,1
"Rnf43",0.0654131665248422,-0.705847633040532,0.024,0.138,1
"Trim47",0.0654131665248422,-0.749021432026692,0.024,0.138,1
"Ssr1",0.0654131665248422,-0.738011874243179,0.024,0.138,1
"Nol7",0.0654131665248422,-0.99205786526493,0.024,0.138,1
"Ptch1",0.0654131665248422,-0.665931770928044,0.024,0.138,1
"Oxa1l",0.0654131665248422,-0.705264007008382,0.024,0.138,1
"St3gal1",0.0654131665248422,-0.756852752069105,0.024,0.138,1
"Xxylt1",0.0654131665248422,-0.809117922265248,0.024,0.138,1
"Ndufb10",0.0654131665248422,-0.67770236817565,0.024,0.138,1
"Synpo",0.0654131665248422,-0.76213895493746,0.024,0.138,1
"Lzts2",0.0654131665248422,-0.978451889890694,0.024,0.138,1
"Dynlt3",0.0654131665248422,-0.705155261706059,0.024,0.138,1
"Bsg",0.0660210892618325,-0.632263914430702,0.171,0.345,1
"Cnot4",0.0663126082811221,0.687174474487724,0.488,0.241,1
"Sh3kbp1",0.0670745283275041,0.551959083081032,0.512,0.241,1
"Sumo2",0.0675589226089633,-0.839443420134888,0.122,0.276,1
"Scarb2",0.0676240476009242,-1.0138771351916,0.146,0.31,1
"Dmxl2",0.0678954311876876,-0.836778921949474,0.098,0.241,1
"Cct6a",0.0679014300678384,-0.859462397520426,0.098,0.241,1
"Sulf2",0.0680469454165443,0.716571216100643,0.244,0.069,1
"Ncoa7",0.0680469454165443,0.728119853402577,0.244,0.069,1
"Pde4d",0.0683453282907221,-0.773949242799854,0.293,0.517,1
"Rtn1",0.069108487527949,-0.653298243353508,0.463,0.655,1
"Spock3",0.0691796429776232,-0.557089801063021,0.268,0.448,1
"Gm29170",0.0694130094764437,-0.631341205151317,0.024,0.138,1
"Surf1",0.0694130094764437,-0.688267924612125,0.024,0.138,1
"Gpr89",0.0694130094764437,-0.81477408524253,0.024,0.138,1
"Slc2a5",0.0694130094764437,-0.702082970916791,0.024,0.138,1
"Vps9d1",0.0694130094764437,-0.7516766177973,0.024,0.138,1
"Pced1b",0.0694130094764437,-0.652205350785056,0.024,0.138,1
"Tomm70a",0.0694130094764437,-0.696201478846984,0.024,0.138,1
"Fra10ac1",0.0694130094764437,-0.719593747836331,0.024,0.138,1
"Clptm1",0.069860104034684,0.715622210114425,0.171,0.034,1
"Agpat4",0.0700433167856288,0.66517745733002,0.366,0.138,1
"Pgp",0.0700433167856288,-0.878746156478085,0.195,0.379,1
"Lmo4",0.0701578529136925,0.746621616373612,0.293,0.103,1
"Trappc6b",0.0702397857072798,-0.998234004663952,0.122,0.276,1
"Dnm2",0.0703234076684035,0.490886084266686,0.61,0.345,1
"Plekhm3",0.0705913383270056,0.731769001354668,0.341,0.138,1
"Kctd13",0.0707873595268533,-0.727351369588306,0.098,0.241,1
"Fip1l1",0.0708340887459824,0.599814326822785,0.244,0.069,1
"Amn1",0.0708340887459824,-0.597660573289005,0.098,0.276,1
"Stx8",0.0708340887459824,0.620650461630803,0.244,0.069,1
"Fgf14",0.0708340887459824,1.0551219285339,0.244,0.069,1
"Fam234a",0.0708340887459824,0.560578869808272,0.244,0.069,1
"Zbtb18",0.0712497455621029,-0.884032660504225,0.073,0.207,1
"3110082I17Rik",0.0712497455621029,-0.821557992581084,0.073,0.207,1
"Mprip",0.0712497455621029,-0.787162584890779,0.073,0.207,1
"Shisa4",0.0727014242754499,-0.673087056114986,0.293,0.448,1
"Rfx7",0.0727690456167868,0.620019089344953,0.293,0.103,1
"5330434G04Rik",0.0730405421485741,-0.941495566917652,0.195,0.345,1
"Kcnrg",0.0732555107013547,0.703447603206738,0.171,0.034,1
"Phf14",0.0735723815388189,0.601927968093399,0.585,0.345,1
"Creb5",0.0735723815388189,-0.746848947638595,0.439,0.552,1
"Efcab2",0.0736115428145602,-0.644118782724321,0.024,0.138,1
"Mllt11",0.0736115428145602,-0.621411304617919,0.024,0.138,1
"Slc25a51",0.0736115428145602,-0.633570106052609,0.024,0.138,1
"Caln1",0.0736115428145602,-0.670932917954935,0.024,0.138,1
"ENSMUSG00000121307",0.0736115428145602,-0.664415889600853,0.024,0.138,1
"Zfp369",0.0736115428145602,-0.618091339873288,0.024,0.138,1
"Tiam1",0.0736115428145602,-0.558636439885774,0.024,0.138,1
"Prps2",0.0736115428145602,-0.642787573234135,0.024,0.138,1
"Fam126a",0.0737141631480528,0.588659632042814,0.244,0.069,1
"Exoc6",0.0737141631480528,0.626182970867381,0.244,0.069,1
"Ilkap",0.0740426222894808,-0.651495227383619,0.049,0.172,1
"Fuca1",0.0740519526771829,-1.02888066196664,0.049,0.172,1
"Polr1d",0.0740519526771829,-0.767936660223363,0.049,0.172,1
"Napa",0.0740519526771829,-0.775625225843862,0.049,0.172,1
"Herpud2",0.0740519526771829,-0.795644361008353,0.049,0.172,1
"Pex13",0.0740519526771829,-0.746331272697499,0.049,0.172,1
"Nfe2l1",0.0740519526771829,-0.768162912769933,0.049,0.172,1
"Wdr43",0.0740519526771829,-0.691934875215433,0.049,0.172,1
"Sting1",0.0740519526771829,-0.714798356280191,0.049,0.172,1
"Gm16541",0.0740519526771829,-0.711604257034419,0.049,0.172,1
"Eif4a1",0.0745238598136861,-0.865154624152838,0.073,0.207,1
"Arhgap4",0.0745238598136861,-0.8193979556672,0.073,0.207,1
"Rin2",0.0748825797184712,0.472345895482,0.366,0.138,1
"Wasf2",0.0749485810250671,0.929338103892853,0.439,0.276,1
"Pnpla7",0.0754592466543296,0.685024786974662,0.293,0.103,1
"Sec63",0.0754592466543296,0.652957000725841,0.293,0.103,1
"Strada",0.0755588407367112,0.65661716421867,0.341,0.138,1
"Tbc1d16",0.0755588407367112,-0.685855721268825,0.195,0.345,1
"Nfia",0.0756143140841246,0.601180405913335,0.78,0.586,1
"Tmem131",0.0758634509494964,-0.740755593485488,0.122,0.276,1
"Itm2c",0.0758634509494964,-1.00814247869987,0.122,0.276,1
"Kcna2",0.0767847380334173,0.801009704698567,0.171,0.034,1
"Mertk",0.0771707681502336,0.598146319256393,0.78,0.621,1
"Tab2",0.0774027119455036,-0.661441428584108,0.195,0.379,1
"4930599N23Rik",0.0778345569760556,-0.761648748823306,0.049,0.172,1
"Tcaf1",0.0778345569760556,-0.68975987944394,0.049,0.172,1
"Gm41077",0.0778345569760556,-0.807068364124177,0.049,0.172,1
"Samd8",0.0778345569760556,-0.678031838608228,0.049,0.172,1
"Psmb1",0.0778345569760556,-0.65888838869464,0.049,0.172,1
"Fggy",0.0779121857820031,-0.708846762956206,0.073,0.207,1
"Msrb2",0.0779198761470801,-0.802476159618085,0.073,0.207,1
"Stam2",0.0779198761470801,-0.730029468315344,0.073,0.207,1
"Dolk",0.0780154955049776,-0.805480702978396,0.024,0.138,1
"Pde1a",0.0780154955049776,-0.653911051961916,0.024,0.138,1
"Ckmt1",0.0780154955049776,-0.627033499599696,0.024,0.138,1
"Cntfr",0.0780154955049776,-0.615397059605162,0.024,0.138,1
"Mgmt",0.0780154955049776,-0.605096626215343,0.024,0.138,1
"Dlg4",0.0780154955049776,-0.627089234608681,0.024,0.138,1
"Phf10",0.0780154955049776,-0.576745022202785,0.024,0.138,1
"C1galt1c1",0.0780154955049776,-0.486897834927791,0.024,0.138,1
"Rpl6",0.0781475597113239,0.60155636496256,0.341,0.138,1
"Tra2b",0.0781475597113239,0.608224782845038,0.341,0.138,1
"Irf8",0.0782300817487306,0.639987951965837,0.293,0.103,1
"Zmym4",0.0790780278485875,0.680459841769132,0.415,0.207,1
"Rps24",0.0796083035238277,0.48152615312056,0.463,0.207,1
"Vps4b",0.079761582190944,0.482737035759576,0.244,0.069,1
"Mier1",0.079761582190944,0.588186252769364,0.244,0.069,1
"Dhx15",0.079761582190944,0.629192122769452,0.244,0.069,1
"Acly",0.079761582190944,0.630588455554793,0.244,0.069,1
"Ahcyl2",0.080053550240195,0.773284928654369,0.22,0.069,1
"Mir142hg",0.0800677972136268,0.645757920114467,0.39,0.172,1
"Akap8l",0.0801789923394911,0.595573725575976,0.366,0.172,1
"Btg2",0.0804513521637845,0.574724132544435,0.171,0.034,1
"Epm2a",0.0804513521637845,0.77071936776858,0.171,0.034,1
"Cd164",0.0804513521637845,0.596830028620358,0.171,0.034,1
"Flii",0.0804513521637845,0.714383415019438,0.171,0.034,1
"Ints8",0.0814408534734164,-0.7685492466915,0.073,0.207,1
"Rims1",0.0817730364007426,-0.803874940995315,0.049,0.172,1
"Plbd2",0.0817730364007426,-0.727705218655261,0.049,0.172,1
"Crcp",0.0817730364007426,-0.771977464972776,0.049,0.172,1
"Irf3",0.0817730364007426,-0.68951281058841,0.049,0.172,1
"Csnk2a2",0.0817730364007426,-0.661502873604884,0.049,0.172,1
"Nectin1",0.0817730364007426,-0.752158486219456,0.049,0.172,1
"Gramd3",0.0817730364007426,-0.850349438572819,0.049,0.172,1
"Rgs7",0.082631625774666,-0.682609786509938,0.024,0.138,1
"Khdc4",0.082631625774666,-0.557856754029367,0.024,0.138,1
"Paxip1",0.082631625774666,-0.590540463989517,0.024,0.138,1
"Rbks",0.082631625774666,-0.646828382137692,0.024,0.138,1
"Arf1",0.082631625774666,-0.529518350075513,0.024,0.138,1
"Stard3nl",0.082631625774666,-0.329609040832564,0.024,0.138,1
"Slc25a46",0.082631625774666,-0.561055726051601,0.024,0.138,1
"Cetn2",0.082631625774666,-0.422815010263693,0.024,0.138,1
"Rab1a",0.0833529661455458,0.695011597543391,0.22,0.069,1
"Klhl24",0.0833529661455458,0.750846890236159,0.22,0.069,1
"Calm3",0.0840201735153993,0.602541068583724,0.293,0.103,1
"Wapl",0.0840201735153993,0.613975552544485,0.293,0.103,1
"4930420G21Rik",0.0841048711601449,0.927274486163519,0.317,0.138,1
"Rgs2",0.0842589276186369,0.700058889213575,0.171,0.034,1
"Trp53bp2",0.0842589276186369,0.652926172069896,0.171,0.034,1
"Gabpb2",0.0842589276186369,0.626574005303585,0.171,0.034,1
"Fut9",0.0842589276186369,0.71209107980115,0.171,0.034,1
"Ube2r2",0.0842589276186369,0.716130079593385,0.171,0.034,1
"Tmem88b",0.0842589276186369,0.617430718600126,0.171,0.034,1
"Afap1",0.0842589276186369,0.568015652745371,0.171,0.034,1
"Rpap2",0.0842589276186369,0.652210795377688,0.171,0.034,1
"Mtif3",0.0842589276186369,0.588223109102308,0.171,0.034,1
"Mob2",0.0842589276186369,0.719529421901523,0.171,0.034,1
"Mpv17l",0.0842589276186369,0.710247022626894,0.171,0.034,1
"Acsl4",0.0842589276186369,0.724168070080914,0.171,0.034,1
"Atp5h",0.0849826701291816,-0.710798124683403,0.122,0.276,1
"Mccc1",0.0850898563386654,-0.633351086387217,0.073,0.207,1
"Rars2",0.0850898563386654,-1.16687150014386,0.073,0.207,1
"Rbm26",0.085322462799776,0.334902453599821,0.61,0.345,1
"Tcf20",0.0853801513173133,-0.598417604808039,0.195,0.379,1
"A330023F24Rik",0.0858716642648057,-0.685921722874915,0.049,0.172,1
"Edf1",0.0858716642648057,-0.678946160038238,0.049,0.172,1
"Dgkz",0.0858716642648057,-0.679796602348065,0.049,0.172,1
"Vps36",0.0858716642648057,-0.817921660815076,0.049,0.172,1
"Thrb",0.0858716642648057,-0.726757314188668,0.049,0.172,1
"Dynlt2a2",0.0858716642648057,-0.706780078797977,0.049,0.172,1
"Eml4",0.086206206955,0.470465915274315,0.244,0.069,1
"Rsrc2",0.0869682127394074,0.529767913584043,0.439,0.207,1
"Spi1",0.0870426943216617,0.566287296001698,0.293,0.103,1
"Naca",0.0870426943216617,0.56340443832173,0.293,0.103,1
"Ctss",0.087180616097094,0.662571011087755,0.61,0.379,1
"Pcp4",0.0877818274292525,-0.757059370827821,0.171,0.379,1
"Arhgap17",0.0877966262201628,-0.557300914250239,0.341,0.517,1
"Stk10",0.0878944432279368,0.683558504406764,0.268,0.103,1
"Klf12",0.0879768416356776,0.645772529081529,0.39,0.172,1
"Cux1",0.0881824977210057,0.964070189287028,0.341,0.172,1
"Nedd4",0.0881824977210057,0.309672909364887,0.366,0.138,1
"H13",0.0882110425532188,0.697595682659579,0.171,0.034,1
"Armc10",0.0882110425532188,0.637224493868566,0.171,0.034,1
"Tsg101",0.0882110425532188,0.573779745965428,0.171,0.034,1
"Izumo4",0.0882110425532188,0.761511502402678,0.171,0.034,1
"Blmh",0.0882110425532188,0.668161337754144,0.171,0.034,1
"Ostf1",0.0882110425532188,0.564656103428267,0.171,0.034,1
"Btrc",0.0887497581115244,-0.860767593353449,0.171,0.31,1
"Pdzd8",0.0888699511974845,-0.710057191236347,0.073,0.207,1
"Nudt5",0.0899511880126907,-0.681053488964021,0.171,0.345,1
"Pcdh11x",0.0899511880126907,0.7950386931679,0.317,0.138,1
"Rpl22l1",0.0901347162983021,-0.724507780146517,0.049,0.172,1
"Txlna",0.0901347162983021,-0.679333506755386,0.049,0.172,1
"Ap2s1",0.0901347162983021,-0.682479873918334,0.049,0.172,1
"Mapk1ip1l",0.0901347162983021,-0.638968072670494,0.049,0.172,1
"Cd80",0.0901347162983021,-0.609020940234278,0.049,0.172,1
"Ap1s2",0.0901347162983021,-0.567546127123206,0.049,0.172,1
"Rpl9",0.0901523748076272,0.631886029727008,0.293,0.103,1
"Tcp11l1",0.0902820593693331,0.775018335569323,0.22,0.069,1
"Lrrn1",0.0902820593693331,0.652561474068945,0.22,0.069,1
"Mosmo",0.0902820593693331,-0.812520274503446,0.098,0.241,1
"Ldah",0.0902820593693331,-0.758248132635694,0.098,0.241,1
"Setbp1",0.0902820593693331,0.76580127358531,0.22,0.069,1
"Senp6",0.0907611659566464,0.634252236628661,0.463,0.241,1
"ENSMUSG00000120522",0.0909238074897081,-0.590220079848853,0.488,0.655,1
"Kdm2b",0.091115122061735,0.669619361601637,0.268,0.103,1
"Rb1",0.091115122061735,0.747211367099453,0.268,0.103,1
"Sppl2a",0.0915404954853292,-0.692912664047834,0.122,0.276,1
"Rnf14",0.0915404954853292,-0.606100644533519,0.122,0.276,1
"Rpl19",0.0918304513940194,-0.973015108762785,0.171,0.31,1
"Ttyh2",0.0922944594944484,-0.831147499391617,0.293,0.414,1
"Soat1",0.092311273797618,0.553445570009942,0.171,0.034,1
"Nup214",0.092311273797618,0.55601584526617,0.171,0.034,1
"Tasp1",0.092311273797618,0.455381024159196,0.171,0.034,1
"Kdm4a",0.092311273797618,0.549257128626503,0.171,0.034,1
"Hibadh",0.092311273797618,0.672339437968098,0.171,0.034,1
"Wwc2",0.092311273797618,0.573919136488378,0.171,0.034,1
"Spg7",0.092311273797618,0.52325890076342,0.171,0.034,1
"Alkbh8",0.092311273797618,0.555223746507082,0.171,0.034,1
"Mat2b",0.092311273797618,0.534576359457422,0.171,0.034,1
"Fxr2",0.092311273797618,0.574634488477027,0.171,0.034,1
"Rnf135",0.092311273797618,0.432354493132481,0.171,0.034,1
"Tdp1",0.092311273797618,0.512682422166037,0.171,0.034,1
"Golga5",0.092311273797618,0.515014371905277,0.171,0.034,1
"Hnrnpa0",0.092311273797618,0.520749235137659,0.171,0.034,1
"Psmb5",0.092311273797618,0.735264588565705,0.171,0.034,1
"Gm37420",0.092311273797618,0.542006955627688,0.171,0.034,1
"Gm10785",0.092311273797618,0.514885455345775,0.171,0.034,1
"Elf4",0.092311273797618,0.581199277729168,0.171,0.034,1
"Tmeff2",0.0927350103336335,-0.349743254563489,0.927,1,1
"Sec16a",0.0927842025483345,-0.59151092811084,0.073,0.207,1
"Srek1",0.0928673062851006,0.503834769601889,0.512,0.276,1
"Mbtd1",0.0934027077719592,0.823953954654341,0.293,0.138,1
"Gsap",0.0939164806145539,0.606281001578843,0.22,0.069,1
"Sparcl1",0.0939164806145539,0.601896554570491,0.22,0.069,1
"Yaf2",0.0939164806145539,-0.84881412796957,0.098,0.241,1
"Acss1",0.094430015251359,0.731125258050097,0.268,0.103,1
"Tsc22d2",0.094430015251359,0.719686367809875,0.268,0.103,1
"Aff4",0.094430015251359,0.661020736506368,0.268,0.103,1
"Foxk1",0.094566463885425,-0.676229837636765,0.049,0.172,1
"Hnrnpf",0.094566463885425,-0.601458761139848,0.049,0.172,1
"Vps53",0.094566463885425,-0.699468073172043,0.049,0.172,1
"Rian",0.094566463885425,-0.611168054307646,0.049,0.172,1
"Cept1",0.0949687061466325,-0.829545815446832,0.122,0.276,1
"Wdr20",0.0949911439115062,-0.891972686983287,0.171,0.31,1
"Snx6",0.0952331579260999,0.462329085742984,0.341,0.138,1
"Tnks",0.0961151318928838,0.677334743877968,0.317,0.138,1
"Zfp536",0.0961343181626952,0.423901053101329,0.854,0.724,1
"Pikfyve",0.0965631917170226,0.438346076772019,0.171,0.034,1
"Cdc73",0.0965631917170226,0.531290950601014,0.171,0.034,1
"Lamc1",0.0965631917170226,0.480780971712295,0.171,0.034,1
"Nvl",0.0965631917170226,0.463086995948741,0.171,0.034,1
"Stx17",0.0965631917170226,0.572499077467472,0.171,0.034,1
"ENSMUSG00000120241",0.0965631917170226,0.393775354105505,0.171,0.034,1
"Ddx10",0.0965631917170226,0.493773640118189,0.171,0.034,1
"Tpm1",0.0965631917170226,0.496441228228315,0.171,0.034,1
"Ankrd13b",0.0965631917170226,0.484247499375312,0.171,0.034,1
"Cep112",0.0965631917170226,0.576353933209987,0.171,0.034,1
"2700049A03Rik",0.0965631917170226,0.441018448814369,0.171,0.034,1
"Xpnpep3",0.0965631917170226,0.530080964049723,0.171,0.034,1
"Esf1",0.0968356689331137,-0.605003810166731,0.073,0.207,1
"Wars2",0.0968356689331137,-0.522394503554301,0.073,0.207,1
"Dnaaf9",0.0970200460447147,-0.838930214651456,0.341,0.448,1
"Il6ra",0.0976673071778385,-0.619819946675916,0.098,0.241,1
"Whrn",0.0976673071778385,0.643298547654258,0.22,0.069,1
"Gatad2a",0.0976673071778385,0.541171031650568,0.22,0.069,1
"Rps25",0.0976673071778385,-0.620126739334624,0.098,0.241,1
"Rbm10",0.0976673071778385,0.654907470525283,0.22,0.069,1
"Atp1b1",0.097694361644003,-0.549063383217299,0.317,0.517,1
"Rnf130",0.097694361644003,0.476285554688072,0.512,0.241,1
"Cd33",0.0976970382138086,0.664054563555592,0.415,0.207,1
"Ttll7",0.0977482262568878,0.426864865572044,0.805,0.552,1
"Sat1",0.0978076188787702,0.470443518158076,0.439,0.241,1
"Itprid2",0.0978408853013523,0.687948965805478,0.268,0.103,1
"Ppp3r1",0.0984990164542534,-1.03367487268142,0.122,0.276,1
"Gm20275",0.0990612632834618,0.737974023405706,0.488,0.276,1
"Map1lc3a",0.0991711670402036,-0.743711900659065,0.049,0.172,1
"Nsg1",0.0991711670402036,-0.490599644777214,0.049,0.172,1
"Trappc4",0.0991711670402036,-0.604297414965075,0.049,0.172,1
"N4bp2l2",0.0999762789532663,0.667009454927638,0.366,0.172,1
"Phyhipl",0.100020661904687,0.462726921194143,0.293,0.103,1
"Supt20",0.100205660416919,-0.675888885719797,0.244,0.414,1
"Nsun6",0.101027398805023,-0.574002712354933,0.073,0.207,1
"Gfpt1",0.101027398805023,-0.622853851899011,0.073,0.207,1
"Gramd1a",0.101027398805023,-0.66330994144573,0.073,0.207,1
"Rfwd3",0.101027398805023,-0.657713373152863,0.073,0.207,1
"Pcdh7",0.101349489039844,0.93071164234234,0.268,0.103,1
"Mon2",0.101349489039844,0.646059225708766,0.268,0.103,1
"Fam228b",0.101349489039844,0.694122169493364,0.268,0.103,1
"Cers2",0.101536896392914,0.576869743156881,0.22,0.069,1
"Rps6kb1",0.101536896392914,0.580856084429376,0.22,0.069,1
"Sparc",0.10155197506953,0.548048613411539,0.341,0.138,1
"Cask",0.101757697274658,0.481964535780376,0.463,0.241,1
"Abi3",0.102547661287205,0.544489955845594,0.39,0.172,1
"Pcmtd1",0.102622446433795,-0.546821425884594,0.317,0.483,1
"Abca2",0.10309845849191,0.587745762171499,0.366,0.172,1
"Stxbp3",0.103324657178919,0.750200064477783,0.341,0.172,1
"St6gal1",0.104701830289697,-0.74167454707992,0.341,0.483,1
"Rcsd1",0.104834263067722,0.533956620023088,0.341,0.138,1
"Picalm",0.104852464662703,0.474934479978217,0.61,0.379,1
"Ank2",0.104904309964333,0.270412899870806,0.976,0.931,1
"Adgrg1",0.10495134628645,0.595706916340642,0.268,0.103,1
"Pspc1",0.104957575898322,0.660078264176024,0.268,0.103,1
"Clk2",0.105362426268847,-0.521190545516464,0.073,0.207,1
"Sumo1",0.105527594778735,0.651562335615266,0.22,0.069,1
"Olfml3",0.105527594778735,0.813300048852223,0.22,0.069,1
"Kalrn",0.105527594778735,-0.747755852651802,0.098,0.241,1
"Setd2",0.106003748202022,0.632280200345921,0.317,0.138,1
"Aig1",0.106145213514164,-0.935665940899244,0.341,0.414,1
"Grk3",0.106400490738773,-0.63841781488641,0.049,0.172,1
"Secisbp2l",0.106587904587845,0.702949478952525,0.341,0.172,1
"Tef",0.106587904587845,0.701007439818169,0.341,0.172,1
"Ptk2",0.107208707938069,0.437959878101115,0.634,0.414,1
"Zbtb20",0.107671625888697,0.3533914017491,0.976,0.586,1
"Dgki",0.108479212248246,0.665650249572133,0.488,0.241,1
"Ubxn4",0.108666886150862,0.615252438702877,0.268,0.103,1
"Rnf11",0.108916379346489,-0.615431631970106,0.049,0.172,1
"Ppp2r2a",0.109575102096483,0.665763236253106,0.366,0.172,1
"B430010I23Rik",0.109614814481535,0.41563346921313,0.439,0.241,1
"Mettl25",0.109641735166932,0.59510655664085,0.22,0.069,1
"Flcn",0.109641735166932,0.543040525286554,0.22,0.069,1
"Tmod2",0.109744341339178,0.378279307222048,0.537,0.31,1
"Hnrnpa2b1",0.109749639534199,0.433637498365036,0.854,0.586,1
"Ago3",0.109817333973431,-0.497640196716533,0.268,0.414,1
"Atp6v1g1",0.109843766698298,-0.520057036488545,0.073,0.207,1
"Ephb1",0.10993231128732,-0.735033855762673,0.22,0.345,1
"Ccdc66",0.110731814594943,0.39835893294284,0.293,0.103,1
"Ivns1abp",0.111370519873448,0.642684089065831,0.61,0.448,1
"Rps21",0.112479149114245,0.641240704363129,0.268,0.103,1
"Huwe1",0.112519205099936,0.59267305621174,0.537,0.345,1
"Mysm1",0.11275652713688,-0.420984566887889,0.244,0.414,1
"Ttc17",0.112931895137378,0.535370749273808,0.366,0.172,1
"Eml6",0.113025921175345,0.514284552544502,0.415,0.207,1
"Galnt11",0.113679468683817,0.81661702430385,0.244,0.103,1
"1700017B05Rik",0.113881633759049,0.255327549304563,0.22,0.069,1
"Cpeb4",0.113881633759049,0.685253415854923,0.22,0.069,1
"Psen1",0.113881633759049,0.562420584626163,0.22,0.069,1
"Mtmr6",0.113881633759049,0.39488351945987,0.22,0.069,1
"Vps33a",0.114065284964156,0.631962780878995,0.146,0.034,1
"Pskh1",0.114065284964156,0.588498513461761,0.146,0.034,1
"Twf2",0.114065284964156,0.69739071526638,0.146,0.034,1
"Otub1",0.114065284964156,0.738752680805877,0.146,0.034,1
"Dleu2",0.114299032392692,0.340950503514426,0.829,0.655,1
"Itsn2",0.11469768394657,0.375201601216597,0.634,0.345,1
"Cfh",0.115689977585356,0.587142805139637,0.537,0.31,1
"Asb3",0.115869065412095,-0.705599397066551,0.171,0.31,1
"Cdk13",0.116247860782741,0.473049357288596,0.439,0.207,1
"Foxn3",0.116851497074639,0.348133322025859,0.902,0.655,1
"Ube2d3",0.116869490891499,-0.620976802695346,0.22,0.345,1
"Cnot3",0.118249587116691,0.49978237006703,0.22,0.069,1
"Snap47",0.118249587116691,0.506861321706073,0.22,0.069,1
"1110059E24Rik",0.118249587116691,0.483123160956858,0.22,0.069,1
"Cdkl5",0.118249587116691,-0.63146993234263,0.098,0.241,1
"Nrip1",0.11865836074948,0.543255439274715,0.512,0.276,1
"Morc2a",0.119403923349099,0.655534718382372,0.146,0.034,1
"Cdc14b",0.119403923349099,0.574718958500001,0.146,0.034,1
"Psd",0.119403923349099,-0.418658547616565,0.049,0.172,1
"Tasor",0.119664354549817,0.443548459452473,0.415,0.207,1
"Sipa1l2",0.119888189002934,0.483056392011773,0.366,0.172,1
"Cttnbp2",0.119909939482587,0.470443406642598,0.488,0.276,1
"Arid1b",0.120367106186511,0.539957325312341,0.512,0.31,1
"Lgi3",0.12041595772266,0.673062057663227,0.317,0.138,1
"Pigu",0.120419384593771,0.590627444019952,0.268,0.103,1
"Otud7b",0.121228905331062,0.576883877934224,0.561,0.345,1
"Asxl2",0.121613450149669,0.708925340129862,0.293,0.138,1
"Acer3",0.122471452742852,-0.622712302929505,0.146,0.276,1
"Mgrn1",0.122471452742852,-0.881204358660945,0.146,0.276,1
"Fbxw7",0.122764050700869,-0.690482891381717,0.122,0.241,1
"Ptbp2",0.123096184365064,0.327700555914495,0.415,0.207,1
"Lnpep",0.123096184365064,0.494553186681614,0.415,0.207,1
"Uchl1",0.123489969020319,-0.70207733739801,0.22,0.379,1
"Smc1a",0.124047038199191,0.688683185075096,0.195,0.069,1
"Hspa4",0.124248551995961,0.594479983097959,0.317,0.138,1
"Clcn3",0.124660715254449,0.551385862939559,0.415,0.241,1
"Ttc14",0.124802690738524,-0.551925473439983,0.415,0.517,1
"Atg4b",0.124936383780105,0.622001280869783,0.146,0.034,1
"Ro60",0.124936383780105,0.66767146377231,0.146,0.034,1
"Pter",0.124936383780105,0.573405638325859,0.146,0.034,1
"Nup160",0.124936383780105,0.690213784764592,0.146,0.034,1
"Gm14410",0.124936383780105,0.631137203937665,0.146,0.034,1
"Gpbp1l1",0.124936383780105,0.632986337538315,0.146,0.034,1
"Ndst2",0.124936383780105,0.639549485906575,0.146,0.034,1
"Cyc1",0.124936383780105,0.648404269869665,0.146,0.034,1
"Tob2",0.124936383780105,0.672289756049446,0.146,0.034,1
"Bmerb1",0.124936383780105,0.685010848144053,0.146,0.034,1
"Kif6",0.124936383780105,0.700032122964194,0.146,0.034,1
"Cacul1",0.124936383780105,0.562129802893075,0.146,0.034,1
"Nav1",0.125565147394227,0.684954275019843,0.293,0.138,1
"Hmg20a",0.125565147394227,0.739782459938085,0.293,0.138,1
"Ccdc88a",0.125926456142016,0.532811070648593,0.439,0.241,1
"Zfp638",0.126118988501662,-0.357365901120404,0.634,0.724,1
"Plcl2",0.126154841835854,0.447937508847161,0.61,0.345,1
"Apba1",0.126158629754858,0.492084416044765,0.61,0.345,1
"Apod",0.126509923612215,0.500516057682925,0.39,0.207,1
"Rbm33",0.12665746684448,-0.823341753791575,0.146,0.276,1
"Chd6",0.126914783402067,0.287353020132495,0.463,0.241,1
"Ifngr2",0.127229446724323,-0.776004392542885,0.122,0.241,1
"Sash1",0.127378727673484,0.378488587064189,0.22,0.069,1
"Swt1",0.1281756531463,0.418369539545009,0.317,0.138,1
"Cpeb2",0.12879182702029,0.554665919990585,0.268,0.103,1
"Ndufs7",0.12879182702029,0.548287550911825,0.268,0.103,1
"Mrps26",0.128910062226443,0.646547330780402,0.195,0.069,1
"Slc22a17",0.129782700887766,-0.621826917157895,0.244,0.379,1
"Pak2",0.130150802967622,0.561177069466845,0.39,0.207,1
"Myo1f",0.130150802967622,0.63273284036471,0.39,0.207,1
"Immt",0.130644878149549,0.697502717136183,0.244,0.103,1
"Prag1",0.130644878149549,0.615283779632546,0.244,0.103,1
"Kcnb2",0.130666697066678,0.558618229812666,0.146,0.034,1
"Il1rl2",0.130666697066678,0.568664868790441,0.146,0.034,1
"Cir1",0.130666697066678,0.752847873076132,0.146,0.034,1
"Smox",0.130666697066678,0.576644810960288,0.146,0.034,1
"Spata1",0.130666697066678,0.634694629299636,0.146,0.034,1
"Trappc3",0.130666697066678,0.58993403987678,0.146,0.034,1
"Micos10",0.130666697066678,0.520306331208225,0.146,0.034,1
"Slc4a1ap",0.130666697066678,0.596330379409446,0.146,0.034,1
"Mrpl33",0.130666697066678,0.774597365027513,0.146,0.034,1
"Sirt3",0.130666697066678,0.557499782753404,0.146,0.034,1
"Cnpy2",0.130666697066678,0.733968610816237,0.146,0.034,1
"Rpl36al",0.130666697066678,0.508953682471408,0.146,0.034,1
"Tifab",0.130666697066678,0.445072789774927,0.146,0.034,1
"Kcnip4",0.131726846003787,-0.818812534247102,0.268,0.448,1
"Bex3",0.131820215382346,-0.85243013037241,0.122,0.241,1
"6530409C15Rik",0.132144381836739,0.387356221221781,0.22,0.069,1
"Nfyc",0.132198581187994,0.476805827201688,0.317,0.138,1
"Arid2",0.132198581187994,0.630016961741182,0.317,0.138,1
"Gm55122",0.132957708746716,-0.589298598181509,0.293,0.448,1
"Mff",0.133144279205544,0.398525587158224,0.268,0.103,1
"Pik3cg",0.133144279205544,0.499449238347816,0.268,0.103,1
"Mctp1",0.133279626049695,0.285028185500008,0.488,0.276,1
"Atrn",0.133540989229812,0.315617769597105,0.439,0.207,1
"Vdac3",0.133919927154237,-0.643216221643953,0.098,0.207,1
"Rnf145",0.133919927154237,0.68174107400875,0.195,0.069,1
"Dtnbp1",0.133919927154237,0.684991297699737,0.195,0.069,1
"Stk4",0.135178904205863,0.538286055715589,0.244,0.103,1
"Gm48742",0.135178904205863,0.684123641193069,0.244,0.103,1
"Trio",0.135362777195484,-0.938052193672154,0.146,0.276,1
"Adam22",0.135717245826445,0.622461247892753,0.341,0.172,1
"Ptn",0.136536587183624,-0.401443330930225,0.61,0.69,1
"Mphosph8",0.136538321176128,-0.86452156525526,0.122,0.241,1
"Nckap5",0.136598826989088,0.553430218900419,0.146,0.034,1
"Ncf2",0.136598826989088,0.56933053684743,0.146,0.034,1
"Dnm1",0.136598826989088,0.690851469249487,0.146,0.034,1
"Slc33a1",0.136598826989088,0.569451755754362,0.146,0.034,1
"Pias3",0.136598826989088,0.521389830208733,0.146,0.034,1
"Pigk",0.136598826989088,0.436269160914074,0.146,0.034,1
"Gm42669",0.136598826989088,0.492446881967749,0.146,0.034,1
"Iscu",0.136598826989088,0.491926954346536,0.146,0.034,1
"Rnf6",0.136598826989088,0.510604473736196,0.146,0.034,1
"Itgam",0.136598826989088,0.609215377206849,0.146,0.034,1
"Gabarap",0.136598826989088,0.530737440123711,0.146,0.034,1
"Ppm1d",0.136598826989088,0.565525002658085,0.146,0.034,1
"Zswim8",0.136598826989088,0.562322132303732,0.146,0.034,1
"Smarcd1",0.136598826989088,0.531130763260024,0.146,0.034,1
"Kdm5d",0.136598826989088,0.565209830069891,0.146,0.034,1
"Slc38a2",0.136791408006565,0.446610376817783,0.561,0.379,1
"Atf7ip",0.137509832179953,0.448227862411164,0.463,0.241,1
"Zfp62",0.137609724593766,0.463436047841923,0.268,0.103,1
"Atf6",0.138021942919357,0.602437296816004,0.293,0.138,1
"Rps16",0.138021942919357,0.64413806522279,0.293,0.138,1
"Memo1",0.138021942919357,0.563493332402246,0.293,0.138,1
"Fbxl3",0.138293926435359,-0.478493890084914,0.195,0.345,1
"1110002L01Rik",0.139079086170198,0.576352858717125,0.195,0.069,1
"Slc40a1",0.139885320529791,-0.918437549163577,0.146,0.276,1
"Ralyl",0.140187648500271,-0.955663097994613,0.171,0.31,1
"Btbd8",0.140187648500271,-0.55440882365968,0.171,0.31,1
"Sv2a",0.140537114104113,0.313858363750481,0.317,0.138,1
"Evi2a",0.142189762473466,0.36752851775928,0.268,0.103,1
"Cd86",0.142379401392111,0.687245305094626,0.293,0.138,1
"Dock8",0.142517171812675,-0.460934635223867,0.634,0.69,1
"Ralgps2",0.142736661575404,0.417756916814202,0.146,0.034,1
"Kcnip3",0.142736661575404,0.471810702356415,0.146,0.034,1
"Itgb3bp",0.142736661575404,0.518528571730226,0.146,0.034,1
"Btf3l4",0.142736661575404,0.513701748283601,0.146,0.034,1
"Gm43809",0.142736661575404,0.411182485624059,0.146,0.034,1
"Slain2",0.142736661575404,0.52241430301352,0.146,0.034,1
"Klhl8",0.142736661575404,0.497859120155155,0.146,0.034,1
"Tpcn1",0.142736661575404,0.435127271131607,0.146,0.034,1
"Clip2",0.142736661575404,0.411033604381736,0.146,0.034,1
"Fxyd7",0.142736661575404,0.45351121192595,0.146,0.034,1
"Mrpl48",0.142736661575404,0.478060762916088,0.146,0.034,1
"Cope",0.142736661575404,0.481498773239974,0.146,0.034,1
"Dot1l",0.142736661575404,0.428160091583833,0.146,0.034,1
"Cs",0.142736661575404,0.42876420695302,0.146,0.034,1
"4930469K13Rik",0.142736661575404,0.479430035566252,0.146,0.034,1
"Usp36",0.142736661575404,0.549326402133835,0.146,0.034,1
"Ubqln1",0.142736661575404,0.500600132343741,0.146,0.034,1
"Shld2",0.142736661575404,0.546731368382559,0.146,0.034,1
"Gm20732",0.142736661575404,0.414277552681701,0.146,0.034,1
"Atp5o",0.142736661575404,0.454845873172343,0.146,0.034,1
"Abca3",0.142736661575404,0.628225984859467,0.146,0.034,1
"Rasal3",0.142736661575404,0.469748781763688,0.146,0.034,1
"Calhm2",0.142736661575404,0.441582820896167,0.146,0.034,1
"Tnks2",0.142779777826443,0.598305796450465,0.366,0.172,1
"Atp6ap2",0.142779777826443,-0.539175025583458,0.22,0.379,1
"Rab3a",0.143882831220126,-0.704841133733183,0.22,0.345,1
"Anks1b",0.144382501883906,-0.514711098169255,0.537,0.655,1
"Med27",0.144389949268088,0.601714155522985,0.195,0.069,1
"Chp1",0.144389949268088,-0.798490795927751,0.098,0.207,1
"Rmnd5a",0.144389949268088,0.631950599716848,0.195,0.069,1
"Strn4",0.144389949268088,0.646760060177275,0.195,0.069,1
"Kat7",0.144389949268088,0.591044195793968,0.195,0.069,1
"Polr3a",0.144389949268088,0.594669310109991,0.195,0.069,1
"Tor1aip1",0.144523246170703,-0.463250948645881,0.146,0.276,1
"Cbx5",0.144597369169208,-0.49068966873197,0.171,0.31,1
"Lama2",0.144610585583345,0.61238452386707,0.244,0.103,1
"Ddx42",0.144610585583345,0.525156382224522,0.244,0.103,1
"Ccnt1",0.144610585583345,0.60799836778766,0.244,0.103,1
"Ubxn7",0.144610585583345,-0.499908791173679,0.122,0.276,1
"Xpo7",0.144855270910273,0.479001444592625,0.317,0.138,1
"Bcas3",0.145150537438894,0.482886345150159,0.512,0.379,1
"Tor1aip2",0.146364246344301,-0.633110294510093,0.122,0.241,1
"Acsl3",0.146841717945646,0.519800454302463,0.293,0.138,1
"Eef2k",0.146885965578599,0.502333603879559,0.268,0.103,1
"Kmt2a",0.148104401937435,-0.562672421529894,0.22,0.345,1
"Zfhx4",0.149084004232991,0.443885251106386,0.146,0.034,1
"Pdcd10",0.149084004232991,0.422228992916343,0.146,0.034,1
"Efhd2",0.149084004232991,0.477123509591998,0.146,0.034,1
"6030443J06Rik",0.149084004232991,0.312766662940363,0.146,0.034,1
"Scfd2",0.149084004232991,0.374842545777316,0.146,0.034,1
"Nfu1",0.149084004232991,0.368288296975146,0.146,0.034,1
"Foxj2",0.149084004232991,0.386992545849063,0.146,0.034,1
"Smg9",0.149084004232991,0.339304980657099,0.146,0.034,1
"Fbl",0.149084004232991,0.397652671193284,0.146,0.034,1
"Cmtm6",0.149084004232991,0.354657844133131,0.146,0.034,1
"Hbs1l",0.149084004232991,0.319461571460121,0.146,0.034,1
"Ksr1",0.149084004232991,0.35069422809438,0.146,0.034,1
"Ptdss1",0.149084004232991,0.409958586381675,0.146,0.034,1
"Ccser2",0.149084004232991,0.446224594773189,0.146,0.034,1
"Zfp706",0.149084004232991,0.410895679097394,0.146,0.034,1
"Atf4",0.149084004232991,0.322400032131146,0.146,0.034,1
"Nell2",0.149084004232991,0.398762748340757,0.146,0.034,1
"Cep20",0.149084004232991,0.451426083391291,0.146,0.034,1
"1700110C19Rik",0.149084004232991,0.356380041559972,0.146,0.034,1
"Atp6v0e",0.149084004232991,0.270659452006576,0.146,0.034,1
"Matr3",0.149084004232991,0.401035570916776,0.146,0.034,1
"Gm26672",0.149084004232991,0.389269655635497,0.146,0.034,1
"Mark2",0.14927082164372,-0.904468232122251,0.146,0.276,1
"Prdx1",0.14927811280033,-0.591229373642897,0.146,0.276,1
"Btaf1",0.149311225438436,0.627249460715847,0.39,0.241,1
"Cds2",0.149511677053157,0.686387966503503,0.244,0.103,1
"D3Ertd751e",0.149854879153819,0.499313116120219,0.195,0.069,1
"Bnip2",0.149854879153819,-0.665168367269209,0.098,0.207,1
"Abr",0.149854879153819,-0.691103541041881,0.098,0.207,1
"Wipi1",0.149854879153819,0.523721030314797,0.195,0.069,1
"Cyria",0.149854879153819,0.517386438493931,0.195,0.069,1
"Hnrnpk",0.149854879153819,0.62457862398383,0.195,0.069,1
"Zbtb11",0.149854879153819,0.458162434619725,0.195,0.069,1
"Snx12",0.149854879153819,0.52263470518942,0.195,0.069,1
"Mycbp2",0.150062462647829,-0.306450788581445,0.732,0.828,1
"Camk1",0.150748907512351,0.338367711674671,0.415,0.241,1
"Ehmt1",0.151113634494193,-0.553728529156031,0.22,0.379,1
"Usp47",0.151410215349404,0.511876671528187,0.293,0.138,1
"Rps6ka1",0.151475830511726,-0.559538480931878,0.122,0.241,1
"Ppp3cb",0.15169987801977,0.331126559300517,0.268,0.103,1
"Ssh2",0.152199345030481,0.419491616736016,0.854,0.69,1
"Ppp1r14a",0.152419950247302,0.596208863525875,0.341,0.172,1
"Fat3",0.152419950247302,-0.647666061985792,0.22,0.345,1
"Gria1",0.152598134344452,-0.302720177734053,0.098,0.241,1
"Syt1",0.152972659492604,-0.432385538912509,0.488,0.621,1
"Fmnl3",0.15378923104791,-0.798351486285407,0.195,0.31,1
"Wdr26",0.153795591706095,0.478615483067111,0.317,0.138,1
"Tcf12",0.153803848908426,0.508814213466348,0.78,0.586,1
"Hps4",0.154151449435856,-0.612056216506552,0.146,0.276,1
"Btg1",0.154331647899403,-0.582889742316887,0.073,0.172,1
"Dlgap4",0.154343460416368,-0.821860648237949,0.073,0.172,1
"Ppt1",0.154343460416368,-0.794442790599905,0.073,0.172,1
"Sec61a1",0.154343460416368,-0.666465522336719,0.073,0.172,1
"Slc38a6",0.154343460416368,-0.767257458266856,0.073,0.172,1
"Plekha1",0.154792969097439,0.458700153898687,0.415,0.241,1
"Vps16",0.154843897830981,-0.522980225185387,0.024,0.103,1
"Zfp68",0.154843897830981,-0.529254834156601,0.024,0.103,1
"Cct4",0.154843897830981,-0.655026549086847,0.024,0.103,1
"Tmem9",0.154866203598209,-0.493241386223464,0.024,0.103,1
"Parp1",0.154866203598209,-0.480771614135076,0.024,0.103,1
"Lin9",0.154866203598209,-0.537624365997635,0.024,0.103,1
"Thnsl1",0.154866203598209,-0.686328578985227,0.024,0.103,1
"Slc27a4",0.154866203598209,-0.525617826999165,0.024,0.103,1
"Eng",0.154866203598209,-0.68682939786576,0.024,0.103,1
"Zfp408",0.154866203598209,-0.607340772569089,0.024,0.103,1
"Ano3",0.154866203598209,-0.809437991268321,0.024,0.103,1
"Rasgrp1",0.154866203598209,-0.484856387195358,0.024,0.103,1
"Samhd1",0.154866203598209,-0.524303961024058,0.024,0.103,1
"Gm20721",0.154866203598209,-0.44983308338751,0.024,0.103,1
"Nceh1",0.154866203598209,-0.484897950749849,0.024,0.103,1
"Pmvk",0.154866203598209,-0.50332520563414,0.024,0.103,1
"Gm27008",0.154866203598209,-0.603394190386714,0.024,0.103,1
"Agl",0.154866203598209,-0.480533127504924,0.024,0.103,1
"Bcl10",0.154866203598209,-0.578442820064726,0.024,0.103,1
"1700123M08Rik",0.154866203598209,-0.616846310732327,0.024,0.103,1
"Pgm1",0.154866203598209,-0.505559795444915,0.024,0.103,1
"Ptprf",0.154866203598209,-0.596443930478965,0.024,0.103,1
"Zfp69",0.154866203598209,-0.5303507640905,0.024,0.103,1
"Fndc5",0.154866203598209,-0.716231721371126,0.024,0.103,1
"Dnajc16",0.154866203598209,-0.612544525577401,0.024,0.103,1
"9430015G10Rik",0.154866203598209,-0.545507134753467,0.024,0.103,1
"Abcb8",0.154866203598209,-0.627650868649113,0.024,0.103,1
"Gm42517",0.154866203598209,-0.5625207635978,0.024,0.103,1
"Mlec",0.154866203598209,-0.56374252092158,0.024,0.103,1
"Rilpl1",0.154866203598209,-0.621159665041593,0.024,0.103,1
"Pon3",0.154866203598209,-0.674364448527403,0.024,0.103,1
"Lsm8",0.154866203598209,-0.514806143888902,0.024,0.103,1
"Tmem176a",0.154866203598209,-0.603551106008993,0.024,0.103,1
"Cntn6",0.154866203598209,-0.55693295531807,0.024,0.103,1
"Clstn3",0.154866203598209,-0.534516264431203,0.024,0.103,1
"Ndufa9",0.154866203598209,-0.54594900137467,0.024,0.103,1
"Ppp1r37",0.154866203598209,-0.519474175026682,0.024,0.103,1
"Grik5",0.154866203598209,-0.493570681503649,0.024,0.103,1
"ENSMUSG00000121129",0.154866203598209,-0.527533734330428,0.024,0.103,1
"Bax",0.154866203598209,-0.620882809603998,0.024,0.103,1
"Gm18959",0.154866203598209,-0.565481250656897,0.024,0.103,1
"Cavin3",0.154866203598209,-0.614963165819254,0.024,0.103,1
"Ctxn1",0.154866203598209,-0.56699745887689,0.024,0.103,1
"Tm2d2",0.154866203598209,-0.556597730321613,0.024,0.103,1
"Uba52",0.154866203598209,-0.628421025678137,0.024,0.103,1
"Lrrc25",0.154866203598209,-0.55895755561074,0.024,0.103,1
"ENSMUSG00000121028",0.154866203598209,-0.517063856248785,0.024,0.103,1
"Nkd1",0.154866203598209,-0.51199377963984,0.024,0.103,1
"Gm45767",0.154866203598209,-0.592640803056301,0.024,0.103,1
"Tbrg1",0.154866203598209,-0.562004278173279,0.024,0.103,1
"Hinfp",0.154866203598209,-0.568391464830734,0.024,0.103,1
"Pfkfb4",0.154866203598209,-0.65058746216713,0.024,0.103,1
"Esr1",0.154866203598209,-0.538731175293444,0.024,0.103,1
"Rpl32l",0.154866203598209,-0.574573967269169,0.024,0.103,1
"Kcnmb4",0.154866203598209,-0.486866526601587,0.024,0.103,1
"Yeats4",0.154866203598209,-0.563177990087999,0.024,0.103,1
"Rnf41",0.154866203598209,-0.537800853500594,0.024,0.103,1
"Zmiz2",0.154866203598209,-0.495571436602437,0.024,0.103,1
"C1d",0.154866203598209,-0.558015289672532,0.024,0.103,1
"Cnot8",0.154866203598209,-0.581466134457044,0.024,0.103,1
"Rab10os",0.154866203598209,-0.516471610884438,0.024,0.103,1
"Id2",0.154866203598209,-0.552837570458007,0.024,0.103,1
"Gm47371",0.154866203598209,-0.574900997663674,0.024,0.103,1
"Prox2",0.154866203598209,-0.475633190141173,0.024,0.103,1
"ENSMUSG00000120232",0.154866203598209,-0.607649348588878,0.024,0.103,1
"Tmed8",0.154866203598209,-0.476843654010486,0.024,0.103,1
"Cep170b",0.154866203598209,-0.542127691230397,0.024,0.103,1
"Utp15",0.154866203598209,-0.56094788481418,0.024,0.103,1
"Hmgcs1",0.154866203598209,-0.475826475841062,0.024,0.103,1
"Itih3",0.154866203598209,-0.567996389165587,0.024,0.103,1
"Gga1",0.154866203598209,-0.447936754463188,0.024,0.103,1
"Cbx6",0.154866203598209,-0.522076601148614,0.024,0.103,1
"Sult4a1",0.154866203598209,-0.584900613060002,0.024,0.103,1
"Rpap3",0.154866203598209,-0.614416045451475,0.024,0.103,1
"Gm49521",0.154866203598209,-0.599681312287646,0.024,0.103,1
"Dgcr8",0.154866203598209,-0.399282480851724,0.024,0.103,1
"Gabpa",0.154866203598209,-0.623088843048917,0.024,0.103,1
"Donson",0.154866203598209,-0.554239226697496,0.024,0.103,1
"Zfp799",0.154866203598209,-0.63777422911087,0.024,0.103,1
"Klhdc3",0.154866203598209,-0.582480276069677,0.024,0.103,1
"Man2a1",0.154866203598209,-0.66572047591728,0.024,0.103,1
"Prr16",0.154866203598209,-0.557568273402689,0.024,0.103,1
"Gm41764",0.154866203598209,-0.807577453212437,0.024,0.103,1
"Uba1",0.154866203598209,-0.48997650078398,0.024,0.103,1
"Slc25a14",0.154866203598209,-0.583814925155366,0.024,0.103,1
"Mpp1",0.154866203598209,-0.551414668910102,0.024,0.103,1
"Rab9",0.154866203598209,-0.590370257986716,0.024,0.103,1
"Tmcc3",0.154924362227585,-0.337814535876298,0.805,0.862,1
"Arhgap12",0.155417158646826,0.455403909068863,0.366,0.172,1
"Kmt2c",0.15546026305319,0.469301947658392,0.488,0.276,1
"Plekha2",0.155466423977166,0.446953074297168,0.195,0.069,1
"Ube2w",0.155476187104727,-0.602965396534088,0.098,0.207,1
"Gusb",0.155476187104727,0.571200013112056,0.195,0.069,1
"Slc17a7",0.155476187104727,-0.877176282100185,0.098,0.207,1
"Heatr3",0.155476187104727,0.535260515396512,0.195,0.069,1
"Trappc12",0.155476187104727,0.598595018491973,0.195,0.069,1
"Tial1",0.156086191393197,0.458947839688043,0.293,0.138,1
"Micu2",0.156086191393197,0.484053303575016,0.293,0.138,1
"Pabpc1",0.156633013196727,0.399005250231715,0.268,0.103,1
"Serf2",0.156722275745795,-0.603504970976475,0.122,0.241,1
"Sdhb",0.156722275745795,-0.510871184599037,0.122,0.241,1
"Mgll",0.156722275745795,-0.405886955422751,0.122,0.241,1
"Rnf168",0.156722275745795,-0.534819291507568,0.122,0.241,1
"Tecr",0.156824631752161,-0.547747479963488,0.22,0.345,1
"Synj1",0.156830545897369,0.55894244060203,0.341,0.172,1
"Slc25a27",0.157528589575905,0.479343797523769,0.415,0.207,1
"Cck",0.157949684457392,-0.712639076047436,0.244,0.379,1
"Pi4kb",0.159692704878946,0.495252222843482,0.244,0.103,1
"Capzb",0.159692704878946,0.480272310050339,0.244,0.103,1
"Cdh23",0.159692704878946,0.466282031823692,0.244,0.103,1
"Rpl24",0.159692704878946,0.718376776064627,0.244,0.103,1
"Gatb",0.160684005692078,-0.615335570294426,0.073,0.172,1
"Tet1",0.160684005692078,-0.763539684671704,0.073,0.172,1
"Nfam1",0.160684005692078,-0.81178257032185,0.073,0.172,1
"Anks3",0.160684005692078,-0.636086174880699,0.073,0.172,1
"mt-Co1",0.160870917261327,0.653893506213558,0.293,0.138,1
"Xpr1",0.161256128788828,0.334392810192559,0.195,0.069,1
"Rprd1b",0.161256128788828,-0.786655550902209,0.098,0.207,1
"Rps15a",0.161256128788828,0.410013093751588,0.195,0.069,1
"Srcap",0.161256128788828,-0.720598134335311,0.098,0.207,1
"Manf",0.161256128788828,0.543519419576128,0.195,0.069,1
"Prpsap2",0.161256128788828,0.507603405911856,0.195,0.069,1
"Sema4d",0.161256128788828,0.602202853472992,0.195,0.069,1
"Khdrbs3",0.161256128788828,0.645557535655221,0.195,0.069,1
"Atp5o.1",0.161256128788828,0.513525132898539,0.195,0.069,1
"Kndc1",0.161337237659638,-0.527369627339574,0.22,0.345,1
"Abca9",0.161771642829298,-0.618336225013171,0.293,0.379,1
"Gm17106",0.162096848621659,-0.854121336134175,0.122,0.241,1
"Snta1",0.162105365380657,-0.500162045384972,0.122,0.241,1
"Scmh1",0.162325601197592,0.60189705514291,0.366,0.207,1
"Cog5",0.162325601197592,0.705861795760884,0.366,0.207,1
"Ankfy1",0.163149292025024,0.413563779055254,0.317,0.138,1
"Stk16",0.163645484050896,-0.452052848421985,0.024,0.103,1
"Gm27003",0.163645484050896,-0.44392049019405,0.024,0.103,1
"Dennd2c",0.163645484050896,-0.411233407010776,0.024,0.103,1
"Bag1",0.163645484050896,-0.529138462619855,0.024,0.103,1
"Zdhhc21",0.163645484050896,-0.405611826400628,0.024,0.103,1
"Zfand2a",0.163645484050896,-0.421886183061101,0.024,0.103,1
"Mob1a",0.163645484050896,-0.483994694699682,0.024,0.103,1
"Clec2d",0.163645484050896,-0.443417903825168,0.024,0.103,1
"Dact3",0.163645484050896,-0.464182922535042,0.024,0.103,1
"Ldha",0.163645484050896,-0.613126659106552,0.024,0.103,1
"Cited2",0.163645484050896,-0.429199995647814,0.024,0.103,1
"Arfgef3",0.163645484050896,-0.475845000507653,0.024,0.103,1
"Cep57l1",0.163645484050896,-0.651199332779427,0.024,0.103,1
"Zfr2",0.163645484050896,-0.485289628059852,0.024,0.103,1
"Ascc2",0.163645484050896,-0.445435810344936,0.024,0.103,1
"Exd2",0.163645484050896,-0.664325262166879,0.024,0.103,1
"1700123O20Rik",0.163645484050896,-0.514993699101558,0.024,0.103,1
"Rubcnl",0.163645484050896,-0.450124179936208,0.024,0.103,1
"Abcc1",0.163645484050896,-0.526981802342299,0.024,0.103,1
"Lmln",0.163645484050896,-0.552399988968647,0.024,0.103,1
"Nol4",0.163645484050896,-0.523578150525693,0.024,0.103,1
"Rbm25",0.164024315007787,0.292591031587697,0.561,0.379,1
"Epb41",0.164975869546658,0.326602397589771,0.244,0.103,1
"Tmem163",0.165339290738408,-0.697322216952968,0.049,0.138,1
"Mtf1",0.165339290738408,-0.612522752073956,0.049,0.138,1
"Zfp362",0.165339290738408,-0.641124778721353,0.049,0.138,1
"Tmem240",0.165339290738408,-0.581543812128299,0.049,0.138,1
"Pitpnb",0.165339290738408,-0.665191341050282,0.049,0.138,1
"ENSMUSG00000121007",0.165339290738408,-0.657269615296294,0.049,0.138,1
"Rasgef1a",0.165339290738408,-0.732093113771124,0.049,0.138,1
"Zfp30",0.165339290738408,-0.770195290423609,0.049,0.138,1
"Zfp74",0.165339290738408,-0.579058626131051,0.049,0.138,1
"Tubgcp2",0.165339290738408,-0.628777428880141,0.049,0.138,1
"Naxd",0.165339290738408,-0.552250436205944,0.049,0.138,1
"Arhgef7",0.165339290738408,-0.58092905177539,0.049,0.138,1
"Junb",0.165339290738408,-0.855146950620907,0.049,0.138,1
"Cx3cl1",0.165339290738408,-0.567913070702659,0.049,0.138,1
"Psmd7",0.165339290738408,-0.785930969434089,0.049,0.138,1
"4931406C07Rik",0.165339290738408,-0.590318329269444,0.049,0.138,1
"Thy1",0.165339290738408,-0.725238946335543,0.049,0.138,1
"Ppa1",0.165339290738408,-0.796549990005257,0.049,0.138,1
"Btf3",0.165339290738408,-0.775353505196495,0.049,0.138,1
"Mettl6",0.165339290738408,-0.596277567452626,0.049,0.138,1
"Ttc5",0.165339290738408,-0.641149584306379,0.049,0.138,1
"Slc15a2",0.165339290738408,-0.592752793334542,0.049,0.138,1
"Tenm1",0.165339290738408,-0.629484645689679,0.049,0.138,1
"Ccnl1",0.165765635896746,0.490804610990434,0.293,0.138,1
"Klhl20",0.167196900051037,0.431747752389567,0.195,0.069,1
"Klf3",0.167196900051037,0.455048593146752,0.195,0.069,1
"Septin1",0.167196900051037,0.509166403621604,0.195,0.069,1
"Pcbp4",0.167196900051037,0.492971780679608,0.195,0.069,1
"4930512B01Rik",0.167196900051037,0.448804633266174,0.195,0.069,1
"Zfyve16",0.167196900051037,0.418988391241109,0.195,0.069,1
"Capn15",0.167196900051037,0.441015162039786,0.195,0.069,1
"Zdhhc24",0.167196900051037,0.567230124350782,0.195,0.069,1
"Wbp1l",0.167196900051037,0.416887560681505,0.195,0.069,1
"Fam76a",0.167219428798353,-0.692032019644636,0.073,0.172,1
"Zfp384",0.167219428798353,-0.524607922533494,0.073,0.172,1
"Zfyve26",0.167219428798353,-0.606599492050472,0.073,0.172,1
"Tcirg1",0.167219428798353,-0.640355292322043,0.073,0.172,1
"Arid4b",0.167419662217867,0.523822169292338,0.415,0.241,1
"Gapvd1",0.167626837953233,0.675393873881821,0.22,0.103,1
"Ythdc1",0.167914880642957,0.584733773341495,0.268,0.138,1
"Vps13c",0.167984079217023,-0.701161932017726,0.195,0.31,1
"Dnajc1",0.169490245905218,0.259979454336098,0.463,0.276,1
"Gm40841",0.169497080461511,-0.624962048320746,0.146,0.276,1
"Eif4h",0.170389553974471,0.554807290286617,0.244,0.103,1
"Cntn2",0.170642992546283,0.508822716742404,0.341,0.172,1
"Fmn1",0.170771560357189,0.443175057947833,0.293,0.138,1
"Arpc2",0.171101130084638,0.472159220153071,0.39,0.207,1
"Peli1",0.171101130084638,0.405965994910764,0.39,0.207,1
"Cacnb4",0.171213553594574,-0.539330839791805,0.244,0.345,1
"Dnajb2",0.171796080544659,0.601290629568021,0.415,0.241,1
"Fxr1",0.171796080544659,0.508110956274267,0.415,0.241,1
"6030442K20Rik",0.172794739852876,-0.489095263691115,0.024,0.103,1
"Ampd2",0.172794739852876,-0.476941085080814,0.024,0.103,1
"Vgf",0.172794739852876,-0.492553417817996,0.024,0.103,1
"Asb7",0.172794739852876,-0.488560177079992,0.024,0.103,1
"Cdc16",0.172794739852876,-0.458821838366105,0.024,0.103,1
"Sanbr",0.172794739852876,-0.490115385402275,0.024,0.103,1
"ENSMUSG00000121485",0.172794739852876,-0.487694444750809,0.024,0.103,1
"Myh6",0.172794739852876,-0.613039078041602,0.024,0.103,1
"Tmem186",0.172794739852876,-0.435172284847219,0.024,0.103,1
"Tagln3",0.172794739852876,-0.580180520522721,0.024,0.103,1
"Snhg9",0.172794739852876,-0.585113990113168,0.024,0.103,1
"Kctd20",0.172794739852876,-0.466319277565556,0.024,0.103,1
"Heatr5b",0.172794739852876,-0.425816280616995,0.024,0.103,1
"Camk4",0.172794739852876,-0.452608412509119,0.024,0.103,1
"Mrpl21",0.172794739852876,-0.523306849995859,0.024,0.103,1
"D330050I16Rik",0.172794739852876,-0.52023876336242,0.024,0.103,1
"Tbc1d12",0.172794739852876,-0.381482149096355,0.024,0.103,1
"Pfdn2",0.172951380505879,-0.579828986592106,0.049,0.138,1
"Sh3bgrl3",0.172951380505879,-0.63032254773345,0.049,0.138,1
"Necap1",0.172951380505879,-0.594458538073024,0.049,0.138,1
"Arhgdib",0.172951380505879,-0.589805465524776,0.049,0.138,1
"Plpbp",0.172951380505879,-0.602865782218616,0.049,0.138,1
"Colgalt1",0.172951380505879,-0.596552403398863,0.049,0.138,1
"Mri1",0.172951380505879,-0.551733242964397,0.049,0.138,1
"Dlat",0.172951380505879,-0.704373688723881,0.049,0.138,1
"Wdr82",0.172951380505879,-0.60096870696051,0.049,0.138,1
"Pip5k1c",0.172951380505879,-0.537794893826827,0.049,0.138,1
"Tmx1",0.172951380505879,-0.651758737420233,0.049,0.138,1
"Rab2b",0.172951380505879,-0.745939030533414,0.049,0.138,1
"1700066B19Rik",0.172951380505879,-0.556884437765372,0.049,0.138,1
"Fbxo38",0.172951380505879,-0.553496249913433,0.049,0.138,1
"Ddb1",0.172951380505879,-0.50679422418261,0.049,0.138,1
"Chgb",0.173288384303068,-0.54016577844385,0.122,0.241,1
"Lars",0.173288384303068,-0.609598883065784,0.122,0.241,1
"Mfn1",0.173300632673595,0.453279191858629,0.195,0.069,1
"Gm39469",0.173300632673595,0.440158988905639,0.195,0.069,1
"Ttc8",0.173300632673595,0.371496477838061,0.195,0.069,1
"Riok1",0.173300632673595,0.555023345597271,0.195,0.069,1
"Cul9",0.173300632673595,0.490235176757648,0.195,0.069,1
"Smad2",0.173300632673595,-0.603799085368436,0.098,0.207,1
"Rp2",0.173300632673595,-0.563306849320602,0.098,0.207,1
"Nsd3",0.173711397049105,0.567653803681716,0.488,0.31,1
"Basp1",0.173858886215394,-0.315223064936826,0.512,0.621,1
"Arhgap15",0.173952582792722,-0.701097370232343,0.073,0.172,1
"Gorasp2",0.173952582792722,-0.565683389627069,0.073,0.172,1
"C2cd3",0.173952582792722,-0.686390421694241,0.073,0.172,1
"Elavl1",0.173952582792722,-0.568616049951007,0.073,0.172,1
"Nap1l1",0.173952582792722,-0.635566119957505,0.073,0.172,1
"Immp2l",0.174858920347121,-0.620396609672595,0.146,0.276,1
"Chd7",0.175438352872762,-0.635050400465102,0.39,0.483,1
"Ppp4r2",0.175889872165295,0.353265063825159,0.293,0.138,1
"Sptlc2",0.175935269190354,0.563952232889292,0.244,0.103,1
"Rhoq",0.175935269190354,0.462700226586121,0.244,0.103,1
"Etv6",0.175996866713018,0.385418158629861,0.488,0.276,1
"Safb2",0.178396904810613,-0.63552870228785,0.171,0.276,1
"Ccdc186",0.178396904810613,0.593196190361614,0.268,0.138,1
"Bicc1",0.179091644661313,-0.37465385837659,0.122,0.241,1
"Dock11",0.179091644661313,0.644907755708025,0.22,0.103,1
"Chn1",0.179569390118246,0.463620125698128,0.195,0.069,1
"Bet1",0.179569390118246,0.401055115998276,0.195,0.069,1
"Fam118b",0.179569390118246,0.386208995580445,0.195,0.069,1
"Syt4",0.179569390118246,0.454740614958054,0.195,0.069,1
"Pard3",0.179586202660805,-0.60319910823514,0.293,0.379,1
"Large1",0.179609001407906,0.582824799421469,0.61,0.414,1
"Ubac2",0.180346356536106,-0.350955729581766,0.146,0.276,1
"Eef1b2",0.180822486972688,-0.580487507208248,0.049,0.138,1
"Psmc2",0.180822486972688,-0.557189437300807,0.049,0.138,1
"Tecpr1",0.180822486972688,-0.480605594223884,0.049,0.138,1
"Phaf1",0.180822486972688,-0.553877585034804,0.049,0.138,1
"Ptpn9",0.180822486972688,-0.544212426769055,0.049,0.138,1
"Snx3",0.180822486972688,-0.487343334429677,0.049,0.138,1
"Cops3",0.180822486972688,-0.526935723618579,0.049,0.138,1
"Ppp1r1a",0.180822486972688,-0.600494395313526,0.049,0.138,1
"Mdc1",0.180822486972688,-0.559728535239836,0.049,0.138,1
"Eif2ak2",0.180822486972688,-0.654648391656244,0.049,0.138,1
"Usp20",0.180886220132436,-0.726582119933651,0.073,0.172,1
"Vps72",0.180886220132436,-0.64144616121673,0.073,0.172,1
"Coro1a",0.180886220132436,-0.576603240880307,0.073,0.172,1
"Tmem192",0.180886220132436,-0.628111368128411,0.073,0.172,1
"Cox5a",0.180886220132436,-0.735886051907712,0.073,0.172,1
"Anp32a",0.180886220132436,-0.505265309455648,0.073,0.172,1
"Rxylt1",0.180886220132436,-0.69906253833838,0.073,0.172,1
"Pacsin1",0.180886220132436,-0.772353003956166,0.073,0.172,1
"Serpine2",0.181614480518084,0.411627701451388,0.244,0.103,1
"ENSMUSG00000120941",0.181614480518084,0.40429925302128,0.244,0.103,1
"Rpl5",0.181614480518084,0.369430714279273,0.244,0.103,1
"Cyb5b",0.181614480518084,0.531154873439246,0.244,0.103,1
"Gm816",0.182321192108406,-0.414125452057656,0.024,0.103,1
"Pex16",0.182321192108406,-0.410929477688895,0.024,0.103,1
"Kcnd3",0.182321192108406,-0.308568005336842,0.024,0.103,1
"Morn1",0.182321192108406,-0.492765405890834,0.024,0.103,1
"Tmem116",0.182321192108406,-0.466499529949517,0.024,0.103,1
"Gm42908",0.182321192108406,-0.335643029241183,0.024,0.103,1
"Armt1",0.182321192108406,-0.272000701663426,0.024,0.103,1
"Mtrf1l",0.182321192108406,-0.441628713204269,0.024,0.103,1
"Prmt2",0.182321192108406,-0.350096826757718,0.024,0.103,1
"Ppp1r9b",0.182321192108406,-0.473421949567812,0.024,0.103,1
"Aldh5a1",0.182321192108406,-0.375642415452986,0.024,0.103,1
"Mfsd14b",0.182321192108406,-0.371192434193163,0.024,0.103,1
"Tmem117",0.182321192108406,-0.265416405356715,0.024,0.103,1
"Alg1",0.182321192108406,-0.448842587997846,0.024,0.103,1
"Bag6",0.182321192108406,-0.422963544458875,0.024,0.103,1
"Ppp1r18",0.182321192108406,-0.419927682659598,0.024,0.103,1
"Ubqln2",0.182321192108406,-0.35476396808874,0.024,0.103,1
"Foxp1",0.182524855395833,-0.426486139846763,0.341,0.448,1
"Tmod3",0.182724469259622,0.565697735033638,0.171,0.069,1
"Irf2",0.183105545710872,0.435542904806446,0.415,0.241,1
"3222401L13Rik",0.183780568651687,-0.429293337528438,0.171,0.31,1
"Hsbp1",0.184840101768893,-0.563518990626384,0.049,0.138,1
"Pms1",0.184856400078441,0.582676084161941,0.122,0.034,1
"Ccdc73",0.184856400078441,0.497949355565195,0.122,0.034,1
"Tmed10",0.184856400078441,0.552997794570893,0.122,0.034,1
"Lmbrd2",0.184856400078441,0.560384453561532,0.122,0.034,1
"Naa35",0.18503820573342,-0.453762660506393,0.122,0.241,1
"Bnip3l",0.18503820573342,-0.454232643971058,0.122,0.241,1
"Vcp",0.186005163257929,-0.528919885159658,0.098,0.207,1
"Ranbp2",0.186005163257929,0.348335431783684,0.195,0.069,1
"Cab39l",0.186005163257929,0.34208719667605,0.195,0.069,1
"Mecp2",0.18646821631455,0.509546518207873,0.293,0.138,1
"Gm47167",0.186564954352614,-0.625591997929033,0.171,0.276,1
"Atp8a1",0.186772141301353,0.374830447930097,0.707,0.655,1
"Fam13c",0.187098008246875,-0.862336169237464,0.22,0.31,1
"Cdc42",0.187509476427711,-0.650734410262307,0.268,0.379,1
"Pclo",0.187782865954899,-0.43980188590857,0.293,0.414,1
"Gnl2",0.188022985753217,-0.53481095469298,0.073,0.172,1
"Atp5g1",0.188022985753217,-0.570543203630605,0.073,0.172,1
"Ppm1a",0.188022985753217,-0.640261306067883,0.073,0.172,1
"Washc2",0.18840192178067,0.271344272431432,0.317,0.138,1
"Ssna1",0.188956518224966,-0.539878622122048,0.049,0.138,1
"Ncdn",0.188956518224966,-0.504994841038779,0.049,0.138,1
"Gm44759",0.188956518224966,-0.533351879994966,0.049,0.138,1
"Dhx9",0.189022478469222,0.4980851086822,0.39,0.241,1
"Gm11149",0.189097453524083,0.478601363399457,0.439,0.276,1
"Mylip",0.189177641502993,-0.401911126239847,0.171,0.31,1
"Upf2",0.189358216705603,0.442964343083103,0.268,0.138,1
"Lrrc39",0.189548995204358,0.625180565160165,0.171,0.069,1
"6330403K07Rik",0.189548995204358,0.598835152937407,0.171,0.069,1
"Itpk1",0.189548995204358,0.624465612516502,0.171,0.069,1
"Trrap",0.191129597780261,-0.509852087363048,0.122,0.241,1
"Celf2",0.191629325070286,-0.346870564449553,0.585,0.724,1
"Caprin1",0.191930439133626,0.385455442122214,0.293,0.138,1
"ENSMUSG00000121085",0.192398626271888,0.373746401458408,0.39,0.207,1
"Arfgap1",0.192609866106009,-0.539586797942049,0.098,0.207,1
"Dock7",0.192609866106009,0.304674764988947,0.195,0.069,1
"Slco3a1",0.192609866106009,-0.50350558872865,0.098,0.207,1
"Rsl1d1",0.192609866106009,-0.525727732659103,0.098,0.207,1
"Klhl22",0.192609866106009,0.348212108530658,0.195,0.069,1
"Rps18",0.192609866106009,-0.668100386877205,0.098,0.207,1
"Atp6ap1",0.192609866106009,-0.575001137227709,0.098,0.207,1
"Gm20342",0.193123299868635,0.516440377904103,0.122,0.034,1
"Rhbdd1",0.193123299868635,0.525842947201275,0.122,0.034,1
"Rtf1",0.193123299868635,0.546509542889201,0.122,0.034,1
"Ifitm10",0.193123299868635,0.562889446488591,0.122,0.034,1
"Orc6",0.193123299868635,0.586473656333114,0.122,0.034,1
"2810004N23Rik",0.193123299868635,0.564936956810208,0.122,0.034,1
"Prkcsh",0.193123299868635,0.45238530023374,0.122,0.034,1
"Rnf214",0.193123299868635,0.63017075152577,0.122,0.034,1
"Exog",0.193123299868635,0.524558263729725,0.122,0.034,1
"Ykt6",0.193123299868635,0.463205142766634,0.122,0.034,1
"Rbfox2",0.193123299868635,0.545989550772925,0.122,0.034,1
"Arvcf",0.193123299868635,0.583388982715753,0.122,0.034,1
"Mydgf",0.193123299868635,0.528655617514962,0.122,0.034,1
"Insc",0.193379009394974,0.358809268424567,0.244,0.103,1
"Glt8d1",0.193379009394974,0.3548957091081,0.244,0.103,1
"Hlcs",0.193379009394974,0.431788250769372,0.244,0.103,1
"Mast4",0.193532716876861,0.257659278994278,0.927,0.862,1
"Gtf2i",0.193781270621566,-0.512083415884879,0.195,0.31,1
"Gpatch8",0.193827137750012,0.385663562503652,0.463,0.31,1
"Snrnp70",0.193994258071561,0.525666431310957,0.659,0.483,1
"Rab28",0.195021528076049,-0.827753161586762,0.171,0.276,1
"BC005537",0.195021528076049,0.443895099403622,0.268,0.138,1
"Ddx1",0.195365410145162,-0.540244881386701,0.073,0.172,1
"Stip1",0.195365410145162,-0.558593818436296,0.073,0.172,1
"Qdpr",0.195569249713666,0.439830256988706,0.537,0.345,1
"Zranb2",0.195657908301471,-0.411247913156005,0.22,0.345,1
"Car2",0.19592156446161,-0.520114952059698,0.683,0.724,1
"Vav1",0.196559533106727,0.597129381374482,0.171,0.069,1
"Gm17227",0.197340563272236,-0.472513289860663,0.049,0.138,1
"Rbm12",0.197357190661539,-0.494522083569233,0.049,0.138,1
"Enoph1",0.197357190661539,-0.577618166156066,0.049,0.138,1
"Cyth2",0.197357190661539,-0.442314748391636,0.049,0.138,1
"Prkaca",0.197357190661539,-0.475821980171504,0.049,0.138,1
"Cog1",0.197357190661539,-0.420523810429071,0.049,0.138,1
"Abhd6",0.197357190661539,-0.342169004970507,0.049,0.138,1
"Cdh6",0.197357190661539,-0.409365986787333,0.049,0.138,1
"Rbbp7",0.197357190661539,-0.304397601233601,0.049,0.138,1
"Mafg",0.197367291702506,0.526950676780474,0.22,0.103,1
"Enox2",0.197367291702506,0.881303892738684,0.22,0.103,1
"Insr",0.197685951364212,0.51220356846909,0.317,0.172,1
"Jam3",0.197685951364212,-0.612426589958541,0.22,0.31,1
"Fndc3a",0.197685951364212,0.538691718565113,0.317,0.172,1
"Mark3",0.199265597972583,-0.48179148133902,0.195,0.31,1
"Grin2b",0.199272542978691,-0.429321649197489,0.195,0.31,1
"Emc2",0.199385331551278,-0.43248194614282,0.098,0.207,1
"Prnp",0.199467006743995,-0.650305348839916,0.146,0.241,1
"Srsf1",0.199467006743995,0.335055296887695,0.244,0.103,1
"Gdi1",0.199467006743995,0.40054184565224,0.244,0.103,1
"Scaper",0.199866376659513,0.488249048100605,0.415,0.241,1
"Zfp182",0.199866376659513,0.468132115453608,0.415,0.241,1
"Iffo1",0.200565720925248,-0.654952272670212,0.317,0.414,1
"Itga9",0.20080808451446,0.529128716885919,0.268,0.138,1
"Supt3",0.20080808451446,-0.572946127199215,0.171,0.276,1
"Itpkb",0.201658623041162,0.400479768941611,0.122,0.034,1
"Gm13483",0.201658623041162,0.669879739888098,0.122,0.034,1
"Mettl8",0.201658623041162,0.448731914634175,0.122,0.034,1
"Wdr47",0.201658623041162,0.406030807586762,0.122,0.034,1
"Stk38l",0.201658623041162,0.474664174295366,0.122,0.034,1
"Tssc4",0.201658623041162,0.473726527081655,0.122,0.034,1
"Nt5e",0.201658623041162,0.541457826148349,0.122,0.034,1
"Tbc1d32",0.201658623041162,0.514406496575395,0.122,0.034,1
"Hsf2",0.201658623041162,0.480501552987808,0.122,0.034,1
"Tmem98",0.201658623041162,0.525890096277613,0.122,0.034,1
"Klhl28",0.201658623041162,0.557183513567476,0.122,0.034,1
"Gm3264",0.201658623041162,0.449994005250614,0.122,0.034,1
"Il7r",0.201658623041162,0.453817205311358,0.122,0.034,1
"Dnajc21",0.201658623041162,0.439496846619688,0.122,0.034,1
"Gm29394",0.201658623041162,0.532618171195848,0.122,0.034,1
"Cpped1",0.201658623041162,0.542018675246886,0.122,0.034,1
"0610012G03Rik",0.201658623041162,0.616222680279179,0.122,0.034,1
"Abhd10",0.201658623041162,0.436114542644265,0.122,0.034,1
"Cldn14",0.201658623041162,0.499156698662217,0.122,0.034,1
"Neu1",0.201658623041162,0.623854720157196,0.122,0.034,1
"Foxn2",0.201658623041162,0.542050592016185,0.122,0.034,1
"Phf8",0.201658623041162,0.473195577971061,0.122,0.034,1
"Tmem50a",0.202915902442047,-0.422308610437122,0.073,0.172,1
"Tmem132b",0.202915902442047,-0.594897218300424,0.073,0.172,1
"Gdpd1",0.202915902442047,-0.521443430970801,0.073,0.172,1
"Hmgcr",0.202915902442047,-0.502381425156477,0.073,0.172,1
"Gm42756",0.203141462613385,0.502259031446761,0.317,0.172,1
"Arpc5",0.203752696133187,0.509897146338447,0.22,0.103,1
"Jak1",0.203752696133187,0.80769615225007,0.22,0.103,1
"Papss1",0.203758127637087,0.667317368696269,0.171,0.069,1
"Jund",0.203758127637087,0.600795655849727,0.171,0.069,1
"Mthfd1l",0.203758127637087,0.668655775599107,0.171,0.069,1
"Mvb12b",0.2048766600108,-0.466130996570581,0.195,0.31,1
"Spock1",0.20563318593586,0.662223906137396,0.463,0.31,1
"Dhx36",0.205693854859862,0.362163263108433,0.244,0.103,1
"Brd9",0.205693854859862,0.319370387276164,0.244,0.103,1
"Usp54",0.205900900299111,0.357570130173789,0.366,0.207,1
"Snrnp48",0.205909976477402,-0.468092231428954,0.195,0.345,1
"Rpe",0.206028015821486,-0.330867693499003,0.049,0.138,1
"Mbtps1",0.206028015821486,-0.394446477311147,0.049,0.138,1
"Tvp23b",0.206028015821486,-0.337260971801268,0.049,0.138,1
"A930017M01Rik",0.206028015821486,-0.390684037951423,0.049,0.138,1
"Nav3",0.206033982500122,-0.489241360228312,0.659,0.828,1
"Aopep",0.206361065662129,0.503565689023237,0.341,0.207,1
"Ctnnd2",0.206361065662129,0.589635499612739,0.341,0.207,1
"Psap",0.2070289493745,0.327130449006657,0.585,0.379,1
"R3hdm2",0.208982323917574,0.498030750216558,0.39,0.241,1
"Neat1",0.209608038754282,-0.307282283863541,0.683,0.759,1
"Ighm",0.209711608850586,-0.485432580449955,0.146,0.276,1
"Npas3",0.209989970383926,-0.461497846329439,0.512,0.586,1
"Ndufa13",0.210287154543512,0.507840066193661,0.22,0.103,1
"Dalrd3",0.210287154543512,0.488705315812527,0.22,0.103,1
"Kpna1",0.210287154543512,0.476495075143083,0.22,0.103,1
"Snx24",0.21037690074306,0.295845670601384,0.707,0.483,1
"Hs6st1",0.210465773785838,0.437769576286888,0.122,0.034,1
"Lman2l",0.210465773785838,0.40555924224,0.122,0.034,1
"Mfsd4a",0.210465773785838,0.522135794516264,0.122,0.034,1
"Adamts4",0.210465773785838,0.589927975668742,0.122,0.034,1
"Arl5a",0.210465773785838,0.518473702513693,0.122,0.034,1
"Rfxap",0.210465773785838,0.493281905932088,0.122,0.034,1
"Adh5",0.210465773785838,0.505983114700823,0.122,0.034,1
"Lingo2",0.210465773785838,0.651578936112386,0.122,0.034,1
"Exosc10",0.210465773785838,0.439833994250041,0.122,0.034,1
"Cmklr1",0.210465773785838,0.53260344884163,0.122,0.034,1
"Psma1",0.210465773785838,0.485014088583717,0.122,0.034,1
"Dcun1d2",0.210465773785838,0.415763441724292,0.122,0.034,1
"Tmco3",0.210465773785838,0.317033450107605,0.122,0.034,1
"Farsa",0.210465773785838,0.393330734209797,0.122,0.034,1
"Kifc3",0.210465773785838,0.379660601549014,0.122,0.034,1
"Aars",0.210465773785838,0.548138194737074,0.122,0.034,1
"Zdhhc3",0.210465773785838,0.393536080066574,0.122,0.034,1
"Gm15398",0.210465773785838,0.465102407142994,0.122,0.034,1
"Uhrf1bp1l",0.210465773785838,0.410170538428936,0.122,0.034,1
"Fancl",0.210465773785838,0.354791690590406,0.122,0.034,1
"Naglu",0.210465773785838,0.453861907448292,0.122,0.034,1
"Mocs2",0.210465773785838,0.4912298068537,0.122,0.034,1
"1110038F14Rik",0.210465773785838,0.357770456852298,0.122,0.034,1
"Pfdn5",0.210465773785838,0.590941147544991,0.122,0.034,1
"Pcnp",0.210465773785838,0.440146497485752,0.122,0.034,1
"Marchf2",0.210465773785838,0.726689222541098,0.122,0.034,1
"Fbn2",0.210465773785838,0.426298271295404,0.122,0.034,1
"Asrgl1",0.210465773785838,0.398107160117133,0.122,0.034,1
"mt-Atp6",0.210465773785838,0.460294512330756,0.122,0.034,1
"Pcdh15",0.210594504553781,0.733710586021705,0.293,0.172,1
"Capza1",0.210676743540772,-0.613390431474805,0.073,0.172,1
"Prcp",0.210676743540772,-0.514813699670597,0.073,0.172,1
"Tlk2",0.21114671819232,0.53743410832305,0.171,0.069,1
"Efr3a",0.21114671819232,0.496398240943452,0.171,0.069,1
"Phkb",0.211223149560107,0.368752527770485,0.366,0.207,1
"Otulinl",0.211653359462794,0.656930000491712,0.561,0.414,1
"Ufl1",0.211775580552697,-0.437432466875765,0.244,0.345,1
"Inpp5f",0.211902766942005,-0.526493819216273,0.22,0.345,1
"Tmem87b",0.212060753392494,-0.583661423779725,0.146,0.241,1
"Tbck",0.212755087397628,0.412504213371287,0.268,0.138,1
"Ltc4s",0.212923784599437,0.616820763329934,0.366,0.241,1
"Tmem260",0.21345545068382,-0.381590991576443,0.098,0.207,1
"Dennd1a",0.213988785202788,0.347042322326711,0.585,0.379,1
"Bank1",0.214202699499967,-0.687766320127085,0.293,0.379,1
"Slc38a9",0.2143797638651,0.486395845394161,0.317,0.172,1
"Fbxo21",0.214972287281843,-0.664896961737175,0.049,0.138,1
"Rad9b",0.214972287281843,-0.551419501455729,0.049,0.138,1
"Gapdh",0.215788234730948,-0.706573569724287,0.341,0.448,1
"Ppia",0.216085894388395,-0.492606960343486,0.561,0.621,1
"Fam102a",0.216971942367059,-0.468065394321044,0.122,0.241,1
"Tln1",0.216971942367059,0.416440991547666,0.22,0.103,1
"Errfi1",0.216971942367059,0.501188448709881,0.22,0.103,1
"Rufy2",0.216971942367059,0.482741718086888,0.22,0.103,1
"Crlf3",0.217304844008176,0.530909587608307,0.341,0.207,1
"Nsf",0.217304844008176,-0.340150717940878,0.244,0.345,1
"Bc1",0.21865007926803,-0.40099234396446,0.073,0.172,1
"Ddrgk1",0.218727133618434,0.483249544650153,0.171,0.069,1
"Peg3",0.218727133618434,0.52231937060441,0.171,0.069,1
"Ppp2r2d",0.218727133618434,0.436371888786009,0.171,0.069,1
"Fbxl2",0.218727133618434,0.422601286324085,0.171,0.069,1
"Rack1",0.218727133618434,0.558808202306581,0.171,0.069,1
"Sft2d2",0.219547931818799,0.42358687513128,0.122,0.034,1
"Nit1",0.219547931818799,0.445821982994979,0.122,0.034,1
"Ganc",0.219547931818799,0.366456344091373,0.122,0.034,1
"Prpf6",0.219547931818799,0.361478392617847,0.122,0.034,1
"C130089K02Rik",0.219547931818799,0.378677706895822,0.122,0.034,1
"Cct3",0.219547931818799,0.358596454082617,0.122,0.034,1
"Phgdh",0.219547931818799,0.411211628385141,0.122,0.034,1
"Scp2",0.219547931818799,0.324781001799338,0.122,0.034,1
"Nub1",0.219547931818799,0.431538189711191,0.122,0.034,1
"Gm21168",0.219547931818799,0.366844368519791,0.122,0.034,1
"Fam53a",0.219547931818799,0.367514460994515,0.122,0.034,1
"Mob1b",0.219547931818799,0.425791631757071,0.122,0.034,1
"Rbak",0.219547931818799,0.326699618426382,0.122,0.034,1
"Calu",0.219547931818799,0.36782995949145,0.122,0.034,1
"Gm16118",0.219547931818799,0.393499045807147,0.122,0.034,1
"Rad54l2",0.219547931818799,0.378320950843399,0.122,0.034,1
"Atg5",0.219547931818799,0.381951023705958,0.122,0.034,1
"ENSMUSG00000121184",0.219547931818799,0.297928813476422,0.122,0.034,1
"Nup85",0.219547931818799,0.309151670953016,0.122,0.034,1
"Caml",0.219547931818799,0.341708157519949,0.122,0.034,1
"Slc25a37",0.219547931818799,0.373060314919702,0.122,0.034,1
"Gm42477",0.219547931818799,0.399711224003084,0.122,0.034,1
"Thap7",0.219547931818799,0.384097821704876,0.122,0.034,1
"Pigz",0.219547931818799,0.390323136301552,0.122,0.034,1
"Gm6277",0.219547931818799,0.393011827682002,0.122,0.034,1
"Rnls",0.219547931818799,0.439906188580003,0.122,0.034,1
"Epc1",0.220875612973242,0.467111909132754,0.463,0.276,1
"Tmeff1",0.22100127312537,-0.376605663195389,0.317,0.448,1
"Ube2h",0.221006646921274,-0.473542152059326,0.317,0.448,1
"Gab1",0.221143336608124,-0.344290119624669,0.512,0.655,1
"Sf3b2",0.221185944276788,-0.655548321022773,0.122,0.207,1
"Clstn1",0.223260903286803,-0.414219761027358,0.22,0.345,1
"Tbl1x",0.223260903286803,-0.656210727337604,0.22,0.345,1
"Bdp1",0.22380826414758,0.571862565037159,0.22,0.103,1
"Rbx1",0.22380826414758,0.510142166298483,0.22,0.103,1
"Snhg8",0.224193067667839,-0.327233818074647,0.049,0.138,1
"Endod1",0.224193067667839,-0.362052210207448,0.049,0.138,1
"Mfsd5",0.224193067667839,-0.354686930870985,0.049,0.138,1
"Il1rapl1",0.224767990649516,0.319193723563839,0.732,0.586,1
"Rbfox1",0.224924214127677,-0.578362031363772,0.293,0.379,1
"Elf1",0.225207056169966,0.430631532746275,0.268,0.138,1
"Nono",0.225207056169966,0.407484762278822,0.268,0.138,1
"Magi1",0.225411670083792,0.465341046488927,0.659,0.483,1
"Aplp2",0.225705170788539,-0.659908903177661,0.317,0.379,1
"Arpc5l",0.226501086982074,0.420386968627933,0.171,0.069,1
"Zfp697",0.226501086982074,0.356888124907757,0.171,0.069,1
"Bms1",0.226501086982074,0.395218549509953,0.171,0.069,1
"Wbp11",0.226501086982074,0.503025274948049,0.171,0.069,1
"Epn1",0.226501086982074,0.506122001720297,0.171,0.069,1
"Insyn2a",0.226501086982074,0.570653898445303,0.171,0.069,1
"Glrx3",0.226501086982074,0.478140009406556,0.171,0.069,1
"Fkbp8",0.226501086982074,0.619964231616807,0.171,0.069,1
"Irgm2",0.226501086982074,0.398208065132037,0.171,0.069,1
"Trp53",0.226501086982074,0.40956009081245,0.171,0.069,1
"Klhdc2",0.226501086982074,0.410188690346618,0.171,0.069,1
"Tkt",0.226501086982074,0.431004738095338,0.171,0.069,1
"Chuk",0.226501086982074,0.410369309882966,0.171,0.069,1
"Cflar",0.226525471305257,0.334696334787845,0.39,0.207,1
"Mir100hg",0.228228400386311,-0.408930679135114,0.098,0.207,1
"Gigyf2",0.228659947510547,-0.436292204195876,0.244,0.345,1
"Tmco1",0.228908039465208,0.331345864798844,0.122,0.034,1
"Arhgap30",0.228908039465208,0.331900411113758,0.122,0.034,1
"Arrdc1",0.228908039465208,0.348048815570035,0.122,0.034,1
"Gpr160",0.228908039465208,0.314191667560136,0.122,0.034,1
"Alg14",0.228908039465208,0.275538579324973,0.122,0.034,1
"Tlr4",0.228908039465208,0.349734387218475,0.122,0.034,1
"Eif2b4",0.228908039465208,0.317937053457957,0.122,0.034,1
"Srrt",0.228908039465208,0.254838577656,0.122,0.034,1
"Mrps25",0.228908039465208,0.285935823687191,0.122,0.034,1
"4732416N19Rik",0.228908039465208,0.302180185294114,0.122,0.034,1
"Zfp592",0.228908039465208,0.290965861038113,0.122,0.034,1
"Thsd1",0.228908039465208,0.27087662653487,0.122,0.034,1
"Primpol",0.228908039465208,0.374276233659554,0.122,0.034,1
"Map1s",0.228908039465208,0.264045986712775,0.122,0.034,1
"Hmgxb4",0.228908039465208,0.255447702365641,0.122,0.034,1
"9530077C05Rik",0.228908039465208,0.335541355090114,0.122,0.034,1
"Sar1a",0.228908039465208,0.269213758252928,0.122,0.034,1
"Derl2",0.228908039465208,0.345834247954019,0.122,0.034,1
"Ube2z",0.228908039465208,0.337272195973488,0.122,0.034,1
"Gtpbp4",0.228908039465208,0.279980240323015,0.122,0.034,1
"Gm48250",0.228908039465208,0.257879600028176,0.122,0.034,1
"Mrpl57",0.228908039465208,0.324107849679651,0.122,0.034,1
"Calcoco1",0.228908039465208,0.296120064640749,0.122,0.034,1
"B230307C23Rik",0.228908039465208,0.315484532775705,0.122,0.034,1
"Gnptg",0.228908039465208,0.385402860723555,0.122,0.034,1
"Zfp952",0.228908039465208,0.268183946890179,0.122,0.034,1
"Dennd1c",0.228908039465208,0.327893698105329,0.122,0.034,1
"Dpy30",0.228908039465208,0.345560064101618,0.122,0.034,1
"Zadh2",0.228908039465208,0.28732559879518,0.122,0.034,1
"Cbwd1",0.228908039465208,0.393167102060458,0.122,0.034,1
"ENSMUSG00000119984",0.228908039465208,0.316758012040154,0.122,0.034,1
"Rtl8b",0.228908039465208,0.373467474071426,0.122,0.034,1
"Immp1l",0.230428613913533,0.378793421324851,0.585,0.345,1
"Lrba",0.230428613913533,0.436146792525854,0.537,0.414,1
"Akap8",0.230449087006928,0.428400691790043,0.171,0.069,1
"Med6",0.230797250715713,0.403604810638444,0.22,0.103,1
"Map6d1",0.230797250715713,0.52959703519834,0.22,0.103,1
"Mitf",0.231571281220261,0.320407437124899,0.512,0.31,1
"Ppp4r3b",0.231624630844579,0.342222616593255,0.268,0.138,1
"Adgrl3",0.232012825909981,-0.749075009052349,0.146,0.241,1
"Tbcd",0.232012825909981,0.284698012530953,0.244,0.103,1
"Vps28",0.232012825909981,-0.577650347344247,0.146,0.241,1
"Arid1a",0.232066901885492,0.505234348427028,0.317,0.172,1
"Itch",0.233382651696505,0.527931334739389,0.561,0.414,1
"Ppp4r1",0.233488372681299,-0.770260540589971,0.195,0.276,1
"Rps6ka3",0.233488372681299,0.384533197316076,0.293,0.138,1
"Map4k3",0.233506091582869,0.32197435084479,0.366,0.207,1
"Vav2",0.234470170403361,0.352852817814731,0.171,0.069,1
"Nr6a1os",0.234470170403361,0.535112345076335,0.171,0.069,1
"Scai",0.234470170403361,0.445012292647468,0.171,0.069,1
"Ubr4",0.234470170403361,0.287993644921363,0.171,0.069,1
"Tmem60",0.234470170403361,0.407533013747082,0.171,0.069,1
"Mtmr14",0.234470170403361,0.441543908308768,0.171,0.069,1
"Dmwd",0.234470170403361,0.306105129188273,0.171,0.069,1
"Smarcc1",0.234470170403361,0.381999073815693,0.171,0.069,1
"Sec14l1",0.234470170403361,0.434214999721234,0.171,0.069,1
"Gm37472",0.234470170403361,0.424041589658687,0.171,0.069,1
"Hmbox1",0.234470170403361,0.408437734137965,0.171,0.069,1
"Pkd2l2",0.234470170403361,0.371645933897444,0.171,0.069,1
"Ddx3x",0.234470170403361,0.545813152823147,0.171,0.069,1
"Tspan5",0.234493307780239,0.485697991249504,0.341,0.207,1
"Preb",0.234619392127854,-0.450563907449728,0.195,0.31,1
"Zmynd11",0.23497816368263,-0.351375088475038,0.268,0.379,1
"Ganab",0.235242102034412,-0.451857340898484,0.073,0.172,1
"Cmss1",0.235396436213107,-0.358119978648848,0.585,0.759,1
"Arl8b",0.235725702010054,-0.709309433914755,0.122,0.207,1
"Vldlr",0.235725702010054,-0.774878711359582,0.122,0.207,1
"Uqcrfs1",0.235882036761401,-0.417899263474498,0.098,0.207,1
"Pak5",0.236520568437179,-0.38860220460278,0.61,0.69,1
"Ncoa2",0.236681488005128,-0.512165686808144,0.317,0.379,1
"Csf3r",0.236985706386174,0.375519576872105,0.415,0.276,1
"Ptprj",0.237464037099724,0.552088295850379,0.634,0.517,1
"Scaf8",0.23784473982221,0.352322323831798,0.39,0.207,1
"Cul3",0.237939956399973,-0.341043708007363,0.122,0.241,1
"Sall1",0.237939956399973,0.39045493232588,0.22,0.103,1
"Elavl3",0.237939956399973,0.527651618946507,0.22,0.103,1
"Eea1",0.237939956399973,0.288375593213977,0.22,0.103,1
"Paxbp1",0.237939956399973,-0.385140169396362,0.122,0.241,1
"8030462N17Rik",0.237939956399973,0.438148187599978,0.22,0.103,1
"Sgk3",0.238171014779626,0.382100075873573,0.268,0.138,1
"Map2k5",0.23932826459733,-0.654517839962362,0.268,0.345,1
"Lrch3",0.239704147029547,-0.502631755207307,0.341,0.414,1
"Numa1",0.239910254163581,0.303035482805766,0.293,0.138,1
"Kctd3",0.240917674322875,0.504166963097356,0.293,0.172,1
"Rapgef2",0.240917674322875,-0.378757016265836,0.195,0.31,1
"Xiap",0.241104137973129,0.531331184759477,0.317,0.207,1
"Kif21a",0.241153107697144,0.414577163100934,0.585,0.483,1
"Zdhhc14",0.241204002998671,-0.400645134328484,0.488,0.552,1
"Baz2b",0.242488007880791,0.33775824918989,0.756,0.586,1
"Tex10",0.242635849962619,0.404163919669918,0.171,0.069,1
"Nipa1",0.242635849962619,0.434441642366303,0.171,0.069,1
"Rad50",0.242635849962619,0.39313369336676,0.171,0.069,1
"Rnf167",0.242635849962619,0.398543495689067,0.171,0.069,1
"Zfp386",0.242635849962619,0.428821191720948,0.171,0.069,1
"Camk2a",0.242635849962619,0.446417462328923,0.171,0.069,1
"Reps2",0.242635849962619,0.366757516789412,0.171,0.069,1
"Hook3",0.243133712287659,0.422367293582003,0.561,0.379,1
"Rev1",0.243243904731001,-0.674168519887293,0.122,0.207,1
"Lmo2",0.243243904731001,-0.771403313074894,0.122,0.207,1
"Ctnnal1",0.243243904731001,-0.646015659656762,0.122,0.207,1
"Slc1a3",0.244419464773861,0.279200967110105,0.317,0.172,1
"B4galt1",0.244838934979838,-0.518524009049771,0.171,0.276,1
"Mob4",0.244846950484148,0.462708028936637,0.268,0.138,1
"Eri3",0.244846950484148,0.429057031056981,0.268,0.138,1
"Cmtm7",0.244846950484148,0.439135480511696,0.268,0.138,1
"Rala",0.244846950484148,-0.502601729681003,0.171,0.276,1
"Gm2629",0.244914551560738,0.294635473475549,0.707,0.517,1
"Wipf1",0.245143267659411,0.480889801957306,0.537,0.379,1
"Srcin1",0.24515195434507,0.38962753234211,0.415,0.241,1
"Yme1l1",0.245237356277433,-0.432262813692328,0.122,0.241,1
"Trim33",0.245237356277433,0.394714570757317,0.22,0.103,1
"Stim1",0.245237356277433,0.439187447971876,0.22,0.103,1
"Cacna1d",0.245237356277433,0.360593375371382,0.22,0.103,1
"Oga",0.245237356277433,0.376203809735512,0.22,0.103,1
"Gm44866",0.246033619913117,-0.481123178150476,0.146,0.241,1
"Atp11a",0.247334095694145,0.548333338536697,0.293,0.172,1
"Brwd1",0.247334095694145,-0.471921663198384,0.195,0.31,1
"Lhfpl2",0.247505201274232,-0.550863339096578,0.293,0.379,1
"Pip4k2a",0.247620952706847,0.478606004852354,0.707,0.586,1
"Papola",0.248029891632888,0.370276871378245,0.415,0.241,1
"Arsb",0.248195455380189,-0.428737178357851,0.293,0.448,1
"Aftph",0.248654074736138,0.420497731963663,0.512,0.345,1
"Pcmtd2",0.24933660960401,0.405367284944168,0.244,0.138,1
"Camk2d",0.25092552895509,-0.34060692402697,0.293,0.414,1
"Iars",0.25092905005571,-0.64355700348148,0.122,0.207,1
"Jmy",0.25092905005571,-0.777715928766446,0.122,0.207,1
"Set",0.250999460693696,0.358743980259653,0.171,0.069,1
"Ssr3",0.250999460693696,0.319715617347346,0.171,0.069,1
"Hipk1",0.250999460693696,0.407777871114098,0.171,0.069,1
"Stt3a",0.250999460693696,0.281587443997453,0.171,0.069,1
"Arhgef40",0.250999460693696,0.311541398297843,0.171,0.069,1
"Lncppara",0.250999460693696,0.37905242183836,0.171,0.069,1
"Nrros",0.250999460693696,0.311527871068295,0.171,0.069,1
"Abcg1",0.250999460693696,0.301631634605181,0.171,0.069,1
"A930015D03Rik",0.250999460693696,0.317126339648378,0.171,0.069,1
"Bcorl1",0.250999460693696,0.341354687565258,0.171,0.069,1
"Creb1",0.251277996710497,0.336395135928029,0.366,0.207,1
"ENSMUSG00000120976",0.251653122949065,0.252066449982434,0.268,0.138,1
"Emsy",0.251653122949065,0.391812074539824,0.268,0.138,1
"Gas5",0.25269034346956,0.29501315266842,0.22,0.103,1
"Scyl3",0.25269034346956,0.338205896945827,0.22,0.103,1
"Tmem144",0.25269034346956,0.268837062919421,0.22,0.103,1
"Anln",0.25269034346956,0.45872906947195,0.22,0.103,1
"Tdrd3",0.25269034346956,0.323640837718146,0.22,0.103,1
"Frrs1l",0.25326245746803,-0.530977614927266,0.146,0.241,1
"Hltf",0.253869230847165,0.346679530268507,0.293,0.172,1
"Itgav",0.253945918899958,0.392182765593194,0.439,0.241,1
"Ddx17",0.256777966912316,-0.382236204075067,0.512,0.552,1
"Strn",0.257226465056826,0.347888742519962,0.317,0.172,1
"Tmem165",0.25740646052698,-0.480887817520313,0.244,0.379,1
"6820431F20Rik",0.25740646052698,-0.496207040434953,0.268,0.345,1
"Cstf3",0.258590157944423,0.36974081108459,0.268,0.138,1
"Ufsp2",0.258590157944423,0.339993210336271,0.268,0.138,1
"2610037D02Rik",0.258782062709989,-0.652055398988343,0.122,0.207,1
"Chfr",0.258878152713965,-0.360579918499045,0.244,0.345,1
"Gm5535",0.259562201676672,0.299474048175444,0.171,0.069,1
"Mtor",0.259562201676672,0.302254171492532,0.171,0.069,1
"Zfp326",0.259562201676672,0.253958934522343,0.171,0.069,1
"Ipo8",0.259562201676672,0.275338136374393,0.171,0.069,1
"Slc10a7",0.259562201676672,0.342768558826483,0.171,0.069,1
"Disc1",0.259562201676672,0.302004237480923,0.171,0.069,1
"Gm38642",0.259562201676672,0.365032097482769,0.171,0.069,1
"Pik3r5",0.259562201676672,0.390224351969909,0.171,0.069,1
"1700037C18Rik",0.259562201676672,0.290205244433497,0.171,0.069,1
"Fem1c",0.259562201676672,0.347197275484228,0.171,0.069,1
"Usp8",0.259919373893801,-0.551154044908243,0.195,0.276,1
"Lbr",0.260299726488691,0.359886622972203,0.22,0.103,1
"Ssb",0.260299726488691,0.360543653120392,0.22,0.103,1
"Zfp692",0.260299726488691,0.398102707001286,0.22,0.103,1
"Nf1",0.26118088387323,0.349079257758818,0.512,0.31,1
"Exoc3",0.263801637125253,-0.507821416065714,0.22,0.31,1
"Map3k2",0.263801637125253,-0.41712830409967,0.22,0.31,1
"mt-Nd1",0.26475785548269,0.792227670736814,0.366,0.241,1
"Clint1",0.265658620349436,-0.268082937766847,0.171,0.276,1
"Lnpk",0.266793340535685,-0.564408671709794,0.122,0.207,1
"Plpp3",0.266803767414099,-0.525945750254163,0.122,0.207,1
"Rlf",0.266803767414099,-0.88071465964665,0.122,0.207,1
"Jarid2",0.266838799428147,-0.714469702295668,0.195,0.276,1
"Chd4",0.267297691920703,0.428834931141111,0.293,0.172,1
"Tspan3",0.267297691920703,0.419972361974957,0.293,0.172,1
"AW554918",0.267297691920703,0.574695119569849,0.293,0.172,1
"Htra1",0.268066226640658,0.288112273435338,0.22,0.103,1
"Stambpl1",0.268066226640658,0.362945200132592,0.22,0.103,1
"Acbd3",0.268151544153881,-0.576760016108508,0.146,0.241,1
"Gm16337",0.268160643194359,-0.590581711408738,0.146,0.241,1
"Dusp12",0.268325131242827,-0.700974420675378,0.098,0.172,1
"Fcer1g",0.268325131242827,0.308615201691563,0.171,0.069,1
"Tank",0.268325131242827,-0.70138128154746,0.098,0.172,1
"Ttc39b",0.268325131242827,-0.672561698311425,0.098,0.172,1
"Peak1",0.268325131242827,-0.583212080303544,0.098,0.172,1
"Dync2i1",0.268325131242827,-0.628343584622986,0.098,0.172,1
"Jmjd1c",0.269996897956272,-0.466188641311433,0.463,0.517,1
"Gpm6b",0.270473980632726,-0.279210729098628,0.707,0.759,1
"Senp7",0.270491834675232,0.314406816641668,0.317,0.172,1
"Opalin",0.271013004878886,0.615633146703504,0.366,0.241,1
"Dapp1",0.271707818332861,0.449740180211574,0.341,0.207,1
"Rif1",0.271855677943415,0.27309873739191,0.415,0.241,1
"Acin1",0.271855677943415,-0.457314979994588,0.317,0.379,1
"Ly86",0.272071434684806,0.280824695357658,0.756,0.483,1
"Dido1",0.273029527167742,0.526899154111713,0.317,0.207,1
"Acyp2",0.273029527167742,0.268899839008308,0.341,0.172,1
"Agps",0.274994885830925,0.649945906430369,0.195,0.103,1
"Psmd4",0.274994885830925,0.440144608715535,0.195,0.103,1
"Brinp1",0.274994885830925,-0.678642772823657,0.122,0.207,1
"Cers5",0.274994885830925,0.667332193063139,0.195,0.103,1
"Epb41l2",0.275067114587368,0.304806360962647,0.854,0.655,1
"Ip6k1",0.275780057788499,0.484612518369764,0.146,0.069,1
"Kif2a",0.275990475489081,0.250689397288534,0.22,0.103,1
"Pdcd4",0.275990475489081,0.315420845938249,0.22,0.103,1
"Csmd2",0.277289162304737,-0.63913921158738,0.098,0.172,1
"Wdr37",0.277289162304737,-0.61711002510319,0.098,0.172,1
"Zup1",0.27729743048969,0.359299014481074,0.317,0.172,1
"Stag2",0.27729743048969,0.258003335919232,0.317,0.172,1
"0610040J01Rik",0.27790141662692,0.26498301801743,0.39,0.241,1
"Sesn1",0.278283279998304,0.373802273716635,0.341,0.207,1
"Tmed2",0.278498826219886,0.439783984013459,0.244,0.138,1
"Exoc6b",0.279792625018478,0.284272701684361,0.829,0.655,1
"Acox1",0.280191772684544,0.319425062438943,0.268,0.138,1
"Cpd",0.281055049163606,-0.457373824317669,0.195,0.276,1
"Map7d2",0.28120664025413,-0.308436574292313,0.195,0.31,1
"Tmem245",0.28230099064877,-0.631223272878852,0.171,0.241,1
"Aspa",0.282328163109068,0.305573524686285,0.902,0.759,1
"Fnbp4",0.282953104838747,-0.387395703130108,0.268,0.345,1
"Cdk6",0.283356033596142,-0.44079806422824,0.122,0.207,1
"Ttyh1",0.283356033596142,0.424095308662466,0.195,0.103,1
"Cul5",0.283356033596142,-0.440585779901817,0.122,0.207,1
"Eif3e",0.283356033596142,0.422202348364819,0.195,0.103,1
"Pid1",0.283453908525787,0.593906302923285,0.415,0.31,1
"Mrfap1",0.283640956072676,-0.325567800431342,0.146,0.241,1
"Evi5",0.283650110300181,-0.599200753945558,0.146,0.241,1
"Sfswap",0.283650110300181,-0.641739288233117,0.146,0.241,1
"Ube2g1",0.283650110300181,-0.401222578483691,0.146,0.241,1
"Grik2",0.284152643317016,0.436410905450136,0.585,0.448,1
"Ube2d1",0.284273408118217,0.329351635599808,0.39,0.241,1
"Pafah1b1",0.284349826541199,0.317215780372914,0.561,0.414,1
"Gnb1",0.284966217633616,-0.404327282120563,0.244,0.345,1
"Virma",0.286455057824399,-0.489008883409351,0.098,0.172,1
"Pcgf3",0.286455057824399,-0.470277229609218,0.098,0.172,1
"Nalf1",0.286455057824399,-0.932938205621188,0.098,0.172,1
"Banp",0.286455057824399,-0.522237422281767,0.098,0.172,1
"Fam149b",0.286455057824399,-0.668886679414646,0.098,0.172,1
"1810013L24Rik",0.286455057824399,-0.474461351338599,0.098,0.172,1
"Heg1",0.286455057824399,-0.514930051726614,0.098,0.172,1
"Gm4221",0.286455057824399,-0.466913933699015,0.098,0.172,1
"Prrg1",0.286455057824399,-0.781995554293496,0.098,0.172,1
"Btbd7",0.287518444657466,0.420910657122692,0.39,0.276,1
"Tpst2",0.287657273407482,0.275204567982218,0.268,0.138,1
"Cdip1",0.289599458709331,-0.480273774952866,0.268,0.345,1
"Vapa",0.289599458709331,-0.586296226236045,0.268,0.345,1
"Slc25a12",0.291256058785141,-0.482942638589497,0.22,0.31,1
"Rfc1",0.291431703295369,0.325966668787151,0.268,0.138,1
"Klhdc10",0.291617745852627,-0.405970741022419,0.146,0.241,1
"Rps8",0.291756869200071,-0.532169506947189,0.244,0.345,1
"Hnrnph3",0.291756869200071,0.30870028765826,0.341,0.207,1
"Ell2",0.291887717437434,0.487254643211944,0.195,0.103,1
"Nxpe3",0.291887717437434,0.419937529712848,0.195,0.103,1
"Dlg1",0.29247298635861,-0.339167162683338,0.683,0.621,1
"Glul",0.293304246434765,-0.29880832329076,0.39,0.483,1
"Tmem151a",0.293515318665814,-0.517794534133978,0.244,0.31,1
"Rrbp1",0.293611308361398,-0.542491178949799,0.366,0.448,1
"Arih2",0.293917901315652,0.445192280484375,0.244,0.138,1
"Rybp",0.295244511508254,0.456170391311688,0.146,0.069,1
"Gm35154",0.295244511508254,0.566497500369898,0.146,0.069,1
"Tmx4",0.295255820062663,0.272692368310792,0.268,0.138,1
"Nos1ap",0.295776849308465,-0.495078058389091,0.195,0.276,1
"Smim10l1",0.295823426432179,-0.550634691201704,0.098,0.172,1
"Akt1",0.295823426432179,-0.426897412811666,0.098,0.172,1
"6030458C11Rik",0.295823426432179,-0.458736009878789,0.098,0.172,1
"Tmcc1",0.295892716648894,0.332545457450308,0.537,0.483,1
"Ralgps1",0.296743177882339,0.478823235234449,0.415,0.276,1
"Zfp652",0.297041204178316,0.286918775311628,0.366,0.241,1
"Hnrnpm",0.29865542793632,-0.423354788447001,0.244,0.345,1
"Agfg1",0.299734439868836,-0.388016463987517,0.146,0.241,1
"Ddi2",0.299734439868836,-0.421029278036471,0.146,0.241,1
"Gm37240",0.300478923579574,-0.519791544909078,0.293,0.414,1
"Osbpl11",0.300567394740819,-0.406349198773453,0.244,0.31,1
"Dhx8",0.300590332389802,0.444844208101731,0.195,0.103,1
"Ccnh",0.300590332389802,0.470417979465273,0.195,0.103,1
"Atp5md",0.300590332389802,-0.61200639115565,0.122,0.207,1
"Zfp280d",0.301831350127064,-0.293033304215989,0.439,0.552,1
"Arhgap21",0.30183820662685,0.387615762607612,0.244,0.138,1
"Kcna6",0.30183820662685,0.335626654314046,0.244,0.138,1
"Ddx6",0.30183820662685,0.410300701985895,0.244,0.138,1
"Kat6b",0.30183820662685,0.4036228986262,0.244,0.138,1
"Fam133b",0.302976702789951,0.315382555028329,0.293,0.172,1
"Prpf38b",0.302987649380277,0.29590259247886,0.268,0.138,1
"Zfand6",0.303205320521905,-0.702820843390382,0.268,0.345,1
"Sik2",0.303205320521905,0.522954285331622,0.341,0.241,1
"Usp15",0.303327983987054,-0.555753030328525,0.195,0.276,1
"Ubl3",0.303978979776895,0.381032679368223,0.39,0.241,1
"Rer1",0.305313808365435,0.486327595361547,0.146,0.069,1
"Gm31166",0.305313808365435,0.471994511756691,0.146,0.069,1
"Hacd2",0.305382210959836,-0.697643949043575,0.098,0.172,1
"Pcif1",0.305394718209341,-0.474102468675774,0.098,0.172,1
"Glrb",0.305394718209341,-0.510147669765364,0.098,0.172,1
"Msh3",0.305394718209341,-0.62928327262607,0.098,0.172,1
"Gm49599",0.305394718209341,-0.505500834672664,0.098,0.172,1
"Scaf4",0.305394718209341,-0.713545117256233,0.098,0.172,1
"Dync1i2",0.30566204151203,0.44403942241664,0.341,0.207,1
"Scaf11",0.307343340166997,-0.429383693550893,0.293,0.379,1
"Setdb1",0.309464159113891,0.481339141031464,0.195,0.103,1
"Pdgfb",0.309464159113891,-0.377926419125655,0.122,0.207,1
"Rftn1",0.309464159113891,-0.262014322013778,0.122,0.207,1
"Gpr155",0.309899307019917,0.432565868364374,0.244,0.138,1
"Zcchc8",0.309899307019917,0.371208780577309,0.244,0.138,1
"Sqstm1",0.309899307019917,0.484599816169685,0.244,0.138,1
"Atp6v1b2",0.311006164463781,-0.32278584181898,0.195,0.276,1
"Ube4a",0.311006164463781,-0.417034685547846,0.195,0.276,1
"Hivep2",0.311006164463781,-0.622946262294232,0.195,0.276,1
"Stmn2",0.313065896598235,-0.378640567607167,0.22,0.31,1
"Uhrf2",0.313065896598235,0.260858015837249,0.317,0.172,1
"Hras",0.313605920408557,-0.560681097570228,0.073,0.138,1
"Idh3a",0.313605920408557,-0.504816063046088,0.073,0.138,1
"Ddx31",0.313621540080783,-0.636178629283251,0.073,0.138,1
"Slc12a6",0.313621540080783,-0.599442298470113,0.073,0.138,1
"Agbl4",0.313621540080783,-0.589623199879935,0.073,0.138,1
"Chmp2a",0.313621540080783,-0.676452711108274,0.073,0.138,1
"Atox1",0.313621540080783,-0.530568520867676,0.073,0.138,1
"Cenpv",0.313621540080783,-0.717925517779612,0.073,0.138,1
"Cd300a",0.313621540080783,-0.451250225513218,0.073,0.138,1
"Zfp410",0.313621540080783,-0.563643851597252,0.073,0.138,1
"Ppp4r3a",0.313621540080783,-0.501716670074583,0.073,0.138,1
"Erc2",0.313621540080783,-0.774260872361491,0.073,0.138,1
"Gtf2f2",0.313621540080783,-0.598807019552867,0.073,0.138,1
"Pphln1",0.313621540080783,-0.478454438840804,0.073,0.138,1
"Prrc1",0.313621540080783,-0.469737010976594,0.073,0.138,1
"Uqcrh",0.313982694041871,-0.750105227636977,0.171,0.241,1
"Mrpl23",0.315169220646745,-0.590668738423807,0.098,0.172,1
"Appl2",0.315169220646745,-1.01862811675799,0.098,0.172,1
"Xpo1",0.315169220646745,-0.495268959644798,0.098,0.172,1
"Hnrnpab",0.315169220646745,-0.436193243883283,0.098,0.172,1
"Gm20687",0.315169220646745,-0.41754925665067,0.098,0.172,1
"Tuba1b",0.315169220646745,-0.43775546388689,0.098,0.172,1
"Chd1",0.315169220646745,-0.443396302859515,0.098,0.172,1
"Xpa",0.315608341165789,0.440972411285849,0.146,0.069,1
"Oma1",0.315608341165789,0.393788415200386,0.146,0.069,1
"Nudt4",0.315608341165789,0.38619174965737,0.146,0.069,1
"Hif1a",0.315608341165789,0.470021253272759,0.146,0.069,1
"Fam204a",0.315608341165789,0.367726126209048,0.146,0.069,1
"Ppp2r5a",0.317229535567334,-0.40360021499312,0.268,0.345,1
"Akap13",0.317229535567334,-0.486052064896569,0.268,0.345,1
"E330020D12Rik",0.317625445357737,0.332166823097434,0.366,0.241,1
"Nr6a1",0.317625445357737,0.326695113083216,0.366,0.241,1
"Atraid",0.31810131619318,0.424860427554345,0.244,0.138,1
"Lrrc8b",0.31810131619318,0.331823652011014,0.244,0.138,1
"Fam214a",0.31810131619318,0.265214193975217,0.244,0.138,1
"Rps29",0.31810131619318,0.33538177242739,0.244,0.138,1
"Pde7a",0.318498810876007,-0.409141896348791,0.122,0.207,1
"Ttc7b",0.318498810876007,-0.29260180628789,0.122,0.207,1
"Macir",0.318509361324243,-0.3681451717967,0.122,0.207,1
"Dbi",0.318509361324243,0.388736188227575,0.195,0.103,1
"Pbx1",0.318509361324243,0.471111870262974,0.195,0.103,1
"Ywhab",0.318509361324243,0.36950420092867,0.195,0.103,1
"Atr",0.318509361324243,-0.395083243764596,0.122,0.207,1
"Zbtb38",0.318509361324243,-0.354554903401125,0.122,0.207,1
"Cobl",0.318509361324243,0.409152616823775,0.195,0.103,1
"Actg1",0.318509361324243,0.524392732955486,0.195,0.103,1
"Mboat1",0.318509361324243,0.321369508980597,0.195,0.103,1
"Cox4i1",0.318783368357181,0.362001328747187,0.439,0.276,1
"Arhgef1",0.318811477117695,-0.483803206728229,0.195,0.276,1
"Babam2",0.31968834851302,-0.48755339032841,0.439,0.483,1
"Fam76b",0.319999791132152,0.312831699337679,0.341,0.207,1
"Nufip2",0.321945353778719,0.334844246705951,0.293,0.172,1
"Lmbrd1",0.322255175050081,-0.515486839333606,0.171,0.241,1
"Nfx1",0.322255175050081,-0.860074089409083,0.171,0.241,1
"Chchd10",0.322255175050081,-0.680311242802692,0.171,0.241,1
"Zmym2",0.322396053927879,-0.48376284388085,0.244,0.31,1
"Kif16b",0.322761817009267,0.525468087744816,0.268,0.172,1
"Rere",0.322920423353245,-0.292874966310474,0.585,0.724,1
"Sorcs1",0.323672803627271,-0.53255147446665,0.39,0.448,1
"Prpf40a",0.324689841858627,-0.25905258129833,0.268,0.379,1
"Kat14",0.324746468289594,-0.596389815929468,0.073,0.138,1
"Nmd3",0.324746468289594,-0.514024620907962,0.073,0.138,1
"Metap1",0.324746468289594,-0.460952029912088,0.073,0.138,1
"Cep85",0.324746468289594,-0.505243828493429,0.073,0.138,1
"Vkorc1l1",0.324746468289594,-0.687289005036053,0.073,0.138,1
"Uba2",0.324746468289594,-0.455391862654688,0.073,0.138,1
"Carm1",0.324746468289594,-0.465848671146117,0.073,0.138,1
"Zbtb24",0.324746468289594,-0.462149095990471,0.073,0.138,1
"Polr3b",0.324746468289594,-0.560387456514023,0.073,0.138,1
"3110056K07Rik",0.324746468289594,-0.415908648096476,0.073,0.138,1
"3830406C13Rik",0.324746468289594,-0.618550819315763,0.073,0.138,1
"Zfp943",0.324746468289594,-0.470509335244801,0.073,0.138,1
"Ptar1",0.324746468289594,-0.529407004436729,0.073,0.138,1
"Tafazzin",0.324746468289594,-0.48311119983434,0.073,0.138,1
"Prr5l",0.324768129184555,-0.290978692833296,0.707,0.828,1
"Gm28501",0.324980773844642,0.513354463707364,0.22,0.138,1
"Asah1",0.324980773844642,-0.362926887462088,0.146,0.241,1
"ENSMUSG00000120369",0.32514705479215,-0.378275420689078,0.098,0.172,1
"Mtch2",0.32514705479215,-0.489168425670682,0.098,0.172,1
"Fam219a",0.32514705479215,-0.415740591931819,0.098,0.172,1
"Pkd2",0.32514705479215,-0.476256738445633,0.098,0.172,1
"Capns1",0.32514705479215,-0.422331387666026,0.098,0.172,1
"Fbxw15",0.325839199869904,-0.418171533296465,0.195,0.31,1
"Clasp1",0.326128247563196,0.368439049767271,0.146,0.069,1
"Nasp",0.326128247563196,0.525543413534635,0.146,0.069,1
"Eno1",0.326128247563196,0.33022604985035,0.146,0.069,1
"Tnip2",0.326128247563196,0.453915679736877,0.146,0.069,1
"Psmd9",0.326128247563196,0.414462642240841,0.146,0.069,1
"Atp6v0e2",0.326128247563196,0.36637608769434,0.146,0.069,1
"Mcam",0.326128247563196,0.353996577219798,0.146,0.069,1
"Dpp8",0.326128247563196,0.507476340858417,0.146,0.069,1
"Meis1",0.326128247563196,0.498226886535901,0.146,0.069,1
"Abcc4",0.326128247563196,0.342441026737264,0.146,0.069,1
"Dhx57",0.326128247563196,0.425189681063088,0.146,0.069,1
"Ddx3y",0.326128247563196,0.395566963365469,0.146,0.069,1
"F11r",0.327725983334234,0.380196181451184,0.195,0.103,1
"Ablim2",0.327725983334234,-0.3504455756782,0.122,0.207,1
"Tmed5",0.327725983334234,-0.490326392986603,0.122,0.207,1
"Smurf1",0.327725983334234,-0.485903206754113,0.122,0.207,1
"Cct7",0.327725983334234,0.399948167289842,0.195,0.103,1
"Nr3c2",0.327725983334234,0.358264515889468,0.195,0.103,1
"Larp1",0.327725983334234,0.421702821165505,0.195,0.103,1
"Psmc1",0.327725983334234,0.445583752504839,0.195,0.103,1
"Il6st",0.327725983334234,0.393112932906223,0.195,0.103,1
"Elob",0.327725983334234,-0.396675428163022,0.122,0.207,1
"Kras",0.330668583444468,-0.635242626228107,0.171,0.241,1
"Sst",0.330668583444468,-0.672656412601524,0.171,0.241,1
"Bod1l",0.33167246480461,0.403566493285133,0.341,0.241,1
"Rsf1",0.331855726196084,-0.415860676821811,0.268,0.379,1
"Pum2",0.333703045759414,-0.69213194210558,0.22,0.276,1
"Sh3glb1",0.334559307886345,0.603755498746753,0.39,0.276,1
"Cpe",0.334770357661552,0.269506901210422,0.341,0.207,1
"Sirt2",0.334803513761784,-0.460116688550886,0.195,0.276,1
"Fkbp3",0.334803513761784,-0.508177506354819,0.195,0.276,1
"Ppp2r5c",0.334928110265443,0.335406914345379,0.244,0.138,1
"Impact",0.335250047768342,-0.423474328033071,0.171,0.276,1
"Gabpb1",0.335328171598355,-0.480727037279849,0.098,0.172,1
"Klhl6",0.335328171598355,-0.365016889744046,0.098,0.172,1
"Parl",0.335328171598355,-0.372302642426011,0.098,0.172,1
"Mtm1",0.335328171598355,-0.478176498982201,0.098,0.172,1
"Tenm2",0.335924402388685,-0.427707458645129,0.22,0.31,1
"B3galt2",0.336125124613791,-0.413622779839183,0.073,0.138,1
"Stx6",0.336125124613791,-0.56355882676471,0.073,0.138,1
"Api5",0.336125124613791,-0.471450517398339,0.073,0.138,1
"Dctn3",0.336125124613791,-0.375524960994158,0.073,0.138,1
"Txndc12",0.336125124613791,-0.520052459904765,0.073,0.138,1
"Ptafr",0.336125124613791,-0.416196115969963,0.073,0.138,1
"Mapre3",0.336125124613791,-0.640897017309075,0.073,0.138,1
"Tafa1",0.336125124613791,-0.519858826751334,0.073,0.138,1
"Gm34280",0.336125124613791,-0.46192174033405,0.073,0.138,1
"Zfp646",0.336125124613791,-0.428200068613389,0.073,0.138,1
"Dusp26",0.336125124613791,-0.457887404592528,0.073,0.138,1
"Gm12324",0.336125124613791,-0.479350592202433,0.073,0.138,1
"Fam222b",0.336125124613791,-0.554045438295979,0.073,0.138,1
"Elp3",0.336125124613791,-0.390606238107566,0.073,0.138,1
"Ntan1",0.336125124613791,-0.540514347529699,0.073,0.138,1
"A230009B12Rik",0.336125124613791,-0.798026832305679,0.073,0.138,1
"Pum3",0.336125124613791,-0.556984633878294,0.073,0.138,1
"Nrbp1",0.336873456051052,0.328736880375448,0.146,0.069,1
"Cnot6l",0.336873456051052,0.378018895572443,0.146,0.069,1
"Avl9",0.336873456051052,0.317064948918624,0.146,0.069,1
"Prmt3",0.336873456051052,0.270235825326688,0.146,0.069,1
"Smarca4",0.336873456051052,0.307244451229706,0.146,0.069,1
"Dusp7",0.336873456051052,0.331216260826702,0.146,0.069,1
"Akap7",0.336873456051052,0.320567984084925,0.146,0.069,1
"Anapc16",0.336873456051052,0.395714052763562,0.146,0.069,1
"Psmb3",0.336873456051052,0.373451607767791,0.146,0.069,1
"1810062O18Rik",0.336873456051052,0.296197195345869,0.146,0.069,1
"Spcs1",0.336873456051052,0.45837077695698,0.146,0.069,1
"Sfr1",0.336873456051052,0.540384102019268,0.146,0.069,1
"Epn2",0.33707730802588,-0.457775438686386,0.341,0.379,1
"Dhrs7b",0.33710341440257,0.437987689678508,0.195,0.103,1
"Zfp106",0.337113947724373,0.269246632064817,0.195,0.103,1
"Trpc4ap",0.337113947724373,-0.396549735727695,0.122,0.207,1
"Sclt1",0.337113947724373,0.374172416607136,0.195,0.103,1
"Rassf8",0.337113947724373,0.346674238928365,0.195,0.103,1
"Atp6v0b",0.338155118300973,-0.301216020714271,0.585,0.655,1
"Cdk12",0.338792697445667,-0.482560501509117,0.293,0.379,1
"Eif5",0.338880931079636,0.597108688326564,0.268,0.172,1
"Tlr7",0.338880931079636,0.439810124504598,0.268,0.172,1
"Nrgn",0.339269877767912,-0.612366411013224,0.463,0.483,1
"Lysmd4",0.339296337990531,0.443783069325055,0.537,0.414,1
"Ckb",0.341016867306425,0.359319373493445,0.439,0.31,1
"Gria2",0.341219204073471,0.291853495751401,0.512,0.31,1
"Ube3a",0.342706068902836,0.34554327197036,0.415,0.31,1
"Ywhag",0.343552712937256,0.330359376271135,0.244,0.138,1
"Ylpm1",0.343552712937256,0.472451253867195,0.244,0.138,1
"Dixdc1",0.344120551878336,0.385947966496882,0.415,0.276,1
"ENSMUSG00000120942",0.344126299517682,0.325112361131291,0.415,0.276,1
"Urgcp",0.345233688233561,-0.333738078583769,0.244,0.31,1
"Tent2",0.345233688233561,0.318860678832452,0.317,0.207,1
"Pgap1",0.345712348484125,-0.470098935461092,0.098,0.172,1
"Gpr107",0.345712348484125,-0.340787177548109,0.098,0.172,1
"Zzef1",0.345712348484125,-0.397566623047137,0.098,0.172,1
"Sod1",0.345712348484125,-0.312472752813583,0.098,0.172,1
"Arhgap39",0.345831859665688,0.453610878753981,0.512,0.414,1
"Fbxw4",0.346662539951358,-0.319976615598812,0.122,0.207,1
"Nckap1",0.34667305314048,0.398105923969795,0.195,0.103,1
"Tbc1d14",0.34667305314048,0.415346003031772,0.195,0.103,1
"Cdk17",0.34667305314048,0.371673238240723,0.195,0.103,1
"Slc4a7",0.34667305314048,0.283588238369835,0.195,0.103,1
"Ppp6r2",0.34667305314048,0.283431211337081,0.195,0.103,1
"Plxnb3",0.34667305314048,0.446664974710751,0.195,0.103,1
"Arpc1a",0.347037473516313,0.486928835500965,0.22,0.138,1
"Pantr1",0.347757193936528,-0.412481466551995,0.073,0.138,1
"Dner",0.347757193936528,-0.37943773262943,0.073,0.138,1
"Cry2",0.347757193936528,-0.346309312458632,0.073,0.138,1
"Spg11",0.347757193936528,-0.441240116655056,0.073,0.138,1
"Ankub1",0.347757193936528,-0.559920992705338,0.073,0.138,1
"Trappc14",0.347757193936528,-0.462456705499485,0.073,0.138,1
"Katnal1",0.347757193936528,-0.496333015945629,0.073,0.138,1
"Tpk1",0.347757193936528,-0.569852445526236,0.073,0.138,1
"C87436",0.347757193936528,-0.579537203783665,0.073,0.138,1
"Pnma8a",0.347757193936528,-0.434333350895945,0.073,0.138,1
"Mre11a",0.347757193936528,-0.380027621633389,0.073,0.138,1
"Ubxn2a",0.347757193936528,-0.35623985482353,0.073,0.138,1
"Arf3",0.347757193936528,-0.486660071498305,0.073,0.138,1
"Tmem39a",0.347757193936528,-0.375534123290391,0.073,0.138,1
"Ppp2r1a",0.347757193936528,-0.682946418907586,0.073,0.138,1
"Grk2",0.347757193936528,-0.396494733202574,0.073,0.138,1
"Scd3",0.347757193936528,-0.39930678574114,0.073,0.138,1
"Slc9a7",0.347757193936528,-0.483106644890094,0.073,0.138,1
"Rbm18",0.347843681534476,0.38054298567514,0.146,0.069,1
"Rbck1",0.347843681534476,0.313753586058827,0.146,0.069,1
"Ppp4r1l-ps",0.347843681534476,0.339275781545782,0.146,0.069,1
"Usp33",0.347843681534476,0.28459186617119,0.146,0.069,1
"Slc15a4",0.347843681534476,0.327390740803901,0.146,0.069,1
"Ccdc174",0.347843681534476,0.332494791649426,0.146,0.069,1
"Uba3",0.347843681534476,0.283218854629005,0.146,0.069,1
"Bid",0.347843681534476,0.275761637746274,0.146,0.069,1
"Hikeshi",0.347843681534476,0.270452915876994,0.146,0.069,1
"Cacna1a",0.347843681534476,0.316076298286553,0.146,0.069,1
"Cog4",0.347843681534476,0.271676652313551,0.146,0.069,1
"Trip4",0.347843681534476,0.396079982511833,0.146,0.069,1
"Fam184a",0.347843681534476,0.308389720292295,0.146,0.069,1
"Top3a",0.347843681534476,0.276593197857232,0.146,0.069,1
"Mboat2",0.347843681534476,0.291867394286115,0.146,0.069,1
"Sh3bp5",0.347843681534476,0.265624453311408,0.146,0.069,1
"Ddhd1",0.347843681534476,0.301381598696874,0.146,0.069,1
"Atad1",0.347843681534476,0.351898180273288,0.146,0.069,1
"Ddx46",0.347917734364684,-0.289618278687496,0.171,0.241,1
"Dmxl1",0.348857245842059,-0.443686917120254,0.317,0.379,1
"Ccnt2",0.349973202330416,0.415193300845055,0.341,0.207,1
"Edem2",0.349992486458992,-0.439266630509025,0.049,0.103,1
"Plekhb2",0.35001362945054,-0.751633959564471,0.049,0.103,1
"Gm38365",0.35001362945054,-0.455894461482268,0.049,0.103,1
"Mapkapk2",0.35001362945054,-0.36351054110203,0.049,0.103,1
"Edem3",0.35001362945054,-0.612207558790317,0.049,0.103,1
"Uap1",0.35001362945054,-0.4785502257451,0.049,0.103,1
"Slamf6",0.35001362945054,-0.513777166732687,0.049,0.103,1
"Camsap1",0.35001362945054,-0.508004451878398,0.049,0.103,1
"Fam98b",0.35001362945054,-0.511305013939475,0.049,0.103,1
"Napb",0.35001362945054,-0.383440273625532,0.049,0.103,1
"Ergic3",0.35001362945054,-0.568776692070816,0.049,0.103,1
"Blcap",0.35001362945054,-0.405639143865988,0.049,0.103,1
"Rtf2",0.35001362945054,-0.507594640519061,0.049,0.103,1
"Zgpat",0.35001362945054,-0.353801563863081,0.049,0.103,1
"Polr3gl",0.35001362945054,-0.360999867366124,0.049,0.103,1
"Tle1",0.35001362945054,-0.554164942482414,0.049,0.103,1
"Ift74",0.35001362945054,-0.539576814070847,0.049,0.103,1
"Lzic",0.35001362945054,-0.493153047094665,0.049,0.103,1
"Dnajc11",0.35001362945054,-0.427638088355907,0.049,0.103,1
"Sdf4",0.35001362945054,-0.547053965000693,0.049,0.103,1
"Atp10d",0.35001362945054,-0.434745235496498,0.049,0.103,1
"Pcbp1",0.35001362945054,-0.489899669400555,0.049,0.103,1
"Crebl2",0.35001362945054,-0.570149501820394,0.049,0.103,1
"Med21",0.35001362945054,-0.486594776408598,0.049,0.103,1
"Nop53",0.35001362945054,-0.436358195393533,0.049,0.103,1
"Zfp180",0.35001362945054,-0.527000634124405,0.049,0.103,1
"Gsk3a",0.35001362945054,-0.465497201063579,0.049,0.103,1
"2310002F09Rik",0.35001362945054,-0.37450248133331,0.049,0.103,1
"Vps33b",0.35001362945054,-0.49524484740562,0.049,0.103,1
"Cacng3",0.35001362945054,-0.318030183600425,0.049,0.103,1
"Upf3a",0.35001362945054,-0.332989915080235,0.049,0.103,1
"Hpf1",0.35001362945054,-0.548069810891723,0.049,0.103,1
"Ddx60",0.35001362945054,-0.483518153861729,0.049,0.103,1
"Med26",0.35001362945054,-0.546126081208147,0.049,0.103,1
"Ndufb7",0.35001362945054,-0.343590309523896,0.049,0.103,1
"Atxn1l",0.35001362945054,-0.406099128394739,0.049,0.103,1
"Arhgap20",0.35001362945054,-0.413199055049878,0.049,0.103,1
"Uqcrc1",0.35001362945054,-0.542780816925686,0.049,0.103,1
"L3mbtl3",0.35001362945054,-0.466695990458291,0.049,0.103,1
"Tmtc3",0.35001362945054,-0.697503958606041,0.049,0.103,1
"Sf3a1",0.35001362945054,-0.551018434431199,0.049,0.103,1
"Rnf227",0.35001362945054,-0.388515428373809,0.049,0.103,1
"ENSMUSG00000121226",0.35001362945054,-0.416985682275087,0.049,0.103,1
"Emc6",0.35001362945054,-0.489267044701326,0.049,0.103,1
"Supt4a",0.35001362945054,-0.444211809661416,0.049,0.103,1
"Naip2",0.35001362945054,-0.475239765604832,0.049,0.103,1
"Gm3468",0.35001362945054,-0.408582259597515,0.049,0.103,1
"Zhx1",0.35001362945054,-0.43201712386578,0.049,0.103,1
"Jam2",0.35001362945054,-0.408632965432339,0.049,0.103,1
"ENSMUSG00000121395",0.35001362945054,-0.414326350493994,0.049,0.103,1
"Nfya",0.35001362945054,-0.386456595856482,0.049,0.103,1
"Tmem178",0.35001362945054,-0.46008873171892,0.049,0.103,1
"Prpf19",0.35001362945054,-0.508783568330159,0.049,0.103,1
"Fam50a",0.35001362945054,-0.497339720068881,0.049,0.103,1
"Nlgn3",0.35001362945054,-0.553336534753797,0.049,0.103,1
"Eif1ax",0.35001362945054,-0.431491021248176,0.049,0.103,1
"Gemin8",0.35001362945054,-0.544223697799762,0.049,0.103,1
"Fry",0.351303447095067,-0.323589452447137,0.195,0.276,1
"Rcn2",0.351571664195243,-0.342680131911178,0.146,0.241,1
"Pdia6",0.351571664195243,-0.388959453905875,0.146,0.241,1
"Grb14",0.351974947522837,0.3115896829455,0.512,0.345,1
"Ikzf2",0.352317857295738,0.252509296758174,0.244,0.138,1
"Bmpr1a",0.352317857295738,0.256889176051034,0.244,0.138,1
"Atp11c",0.352317857295738,0.37536342771711,0.244,0.138,1
"Shtn1",0.352340327911626,-0.361478967301408,0.439,0.483,1
"Med12l",0.352862305609013,-0.432193775683889,0.366,0.448,1
"Hectd1",0.353070032797843,-0.501385975665844,0.244,0.31,1
"Phf20l1",0.353407772506003,-0.354707314198257,0.293,0.379,1
"Abhd12",0.3535314871517,-0.277649087475801,0.561,0.621,1
"Cltc",0.354120949787,0.50499607173879,0.341,0.241,1
"Actb",0.354367834193289,0.490020029400148,0.561,0.483,1
"Slf2",0.355507608753401,0.438657465633701,0.268,0.172,1
"Mrpl41",0.356299186119602,-0.375834624725482,0.098,0.172,1
"Epb41l1",0.356299186119602,-0.37170003942636,0.098,0.172,1
"Gabra1",0.356299186119602,-0.692595920728463,0.098,0.172,1
"Myt1l",0.356299186119602,-0.462624420729583,0.098,0.172,1
"Tm2d1",0.356402972228129,0.302448717488268,0.195,0.103,1
"Sun1",0.356402972228129,0.25599442182484,0.195,0.103,1
"Snhg14",0.356402972228129,0.34562189900956,0.195,0.103,1
"Gm3739",0.356402972228129,0.340386815417388,0.195,0.103,1
"Kctd16",0.356402972228129,-0.420591622074661,0.122,0.207,1
"Ssbp1",0.356753041051811,-0.480799764107227,0.171,0.241,1
"Jak2",0.356753041051811,-0.753735346133798,0.171,0.241,1
"Zfp131",0.357131552865605,0.413577736356236,0.171,0.103,1
"Mkln1",0.357440334903794,-0.514630141496321,0.39,0.448,1
"Kcna1",0.357440334903794,0.305494891136412,0.488,0.31,1
"Abhd17b",0.357660525249318,0.287681346434498,0.585,0.448,1
"Sipa1",0.358022229820719,0.310791093222554,0.293,0.172,1
"Dcaf17",0.358504285428948,-0.369839437598836,0.317,0.414,1
"Cst3",0.358514216504408,0.340345937493251,0.951,0.897,1
"Gatm",0.358798893472003,-0.581848588107949,0.488,0.517,1
"Cops8",0.359038421209693,0.32117991889815,0.146,0.069,1
"Tatdn3",0.359038421209693,0.295036879137602,0.146,0.069,1
"Taf3",0.359038421209693,0.306364091747708,0.146,0.069,1
"Rpl34",0.359038421209693,0.407289150366339,0.146,0.069,1
"Kdm1a",0.359038421209693,0.309360745079822,0.146,0.069,1
"Eps15l1",0.359038421209693,0.319625957149299,0.146,0.069,1
"Wdr45b",0.359038421209693,0.285719076388118,0.146,0.069,1
"Rpl37",0.359038421209693,0.294786117431076,0.146,0.069,1
"Osbp",0.359038421209693,0.381700056056336,0.146,0.069,1
"Nmt2",0.359642085433224,-0.356648364546258,0.073,0.138,1
"Pip5k1a",0.359642085433224,-0.401371739161747,0.073,0.138,1
"Gdap2",0.359642085433224,-0.284732006770186,0.073,0.138,1
"Sv2b",0.359642085433224,-0.460473160433401,0.073,0.138,1
"Kctd21",0.359642085433224,-0.371749156002717,0.073,0.138,1
"Mettl9",0.359642085433224,-0.447037933536438,0.073,0.138,1
"Gnpat",0.359642085433224,-0.390659980571907,0.073,0.138,1
"Sidt2",0.359642085433224,-0.429186132946948,0.073,0.138,1
"Sobp",0.359642085433224,-0.448094400018563,0.073,0.138,1
"Gopc",0.359642085433224,-0.389451700914486,0.073,0.138,1
"Baz2a",0.359642085433224,-0.326514327200484,0.073,0.138,1
"Adamts2",0.359642085433224,-0.371039001784123,0.073,0.138,1
"Chrm3",0.359642085433224,-0.419741916044815,0.073,0.138,1
"Adgrb1",0.359642085433224,-0.435653318117728,0.073,0.138,1
"Cntn1",0.359642085433224,-0.370100585808025,0.073,0.138,1
"Kcnk12",0.359642085433224,-0.415960942877094,0.073,0.138,1
"Dtx4",0.359642085433224,-0.374453013410481,0.073,0.138,1
"Tceal9",0.359642085433224,-0.406073855164642,0.073,0.138,1
"Frmpd4",0.359642085433224,-0.379730345746189,0.073,0.138,1
"Wdfy3",0.360127112730874,0.324401588639188,0.61,0.448,1
"8030442B05Rik",0.36047273856027,-0.427640261546317,0.341,0.414,1
"Nucks1",0.360733249612619,0.394638603493965,0.22,0.138,1
"Snx30",0.361017948988937,0.288166935353972,0.317,0.207,1
"Rap1a",0.361812267692022,-0.419235970871693,0.268,0.345,1
"Gm38380",0.363951633853367,-0.463535838705788,0.049,0.103,1
"Inpp4a",0.363951633853367,-0.402202266179798,0.049,0.103,1
"Ppp1r7",0.363951633853367,-0.378577864555457,0.049,0.103,1
"Catspere2",0.363951633853367,-0.406659849564452,0.049,0.103,1
"Gm10516",0.363951633853367,-0.364783216259425,0.049,0.103,1
"4931422A03Rik",0.363951633853367,-0.365685455601311,0.049,0.103,1
"Zscan29",0.363951633853367,-0.329867735166885,0.049,0.103,1
"B2m",0.363951633853367,-0.316679028210299,0.049,0.103,1
"Bche",0.363951633853367,-0.383114827735202,0.049,0.103,1
"Car14",0.363951633853367,-0.323610803203532,0.049,0.103,1
"Csf1",0.363951633853367,-0.337804029435292,0.049,0.103,1
"Wrap73",0.363951633853367,-0.483915879122973,0.049,0.103,1
"Tsen2",0.363951633853367,-0.430996297080779,0.049,0.103,1
"Ccdc61",0.363951633853367,-0.472543471249973,0.049,0.103,1
"Erf",0.363951633853367,-0.383348280597656,0.049,0.103,1
"Gm26981",0.363951633853367,-0.558388294405732,0.049,0.103,1
"Il4ra",0.363951633853367,-0.524376969150782,0.049,0.103,1
"Smim19",0.363951633853367,-0.514939442882068,0.049,0.103,1
"Unc5d",0.363951633853367,-0.347326604785865,0.049,0.103,1
"Gucy1a2",0.363951633853367,-0.32666790302902,0.049,0.103,1
"Snrpd3",0.363951633853367,-0.452167033850843,0.049,0.103,1
"Timm13",0.363951633853367,-0.338356791876366,0.049,0.103,1
"Lemd3",0.363951633853367,-0.369826078680086,0.049,0.103,1
"Nploc4",0.363951633853367,-0.3187501236987,0.049,0.103,1
"Sptssa",0.363951633853367,-0.389993271503252,0.049,0.103,1
"Cinp",0.363951633853367,-0.386742676242492,0.049,0.103,1
"Fzd3",0.363951633853367,-0.50480099405574,0.049,0.103,1
"Rangap1",0.363951633853367,-0.410390709447764,0.049,0.103,1
"Prr3",0.363951633853367,-0.392027581590686,0.049,0.103,1
"Gm1976",0.363951633853367,-0.548516593603213,0.049,0.103,1
"Nkap",0.363951633853367,-0.351294254324946,0.049,0.103,1
"Ofd1",0.363951633853367,-0.506282444387764,0.049,0.103,1
"Cox8a",0.365705622614905,-0.453657332127942,0.439,0.448,1
"Srsf6",0.366303249709536,0.276325087825892,0.195,0.103,1
"Gm15478",0.366303249709536,-0.267714992758573,0.122,0.207,1
"Pik3cb",0.366303249709536,0.275673172686604,0.195,0.103,1
"Ptges3",0.366303249709536,0.322053260218116,0.195,0.103,1
"Ssbp2",0.366303249709536,0.287986934100807,0.195,0.103,1
"Cab39",0.366370419485238,-0.748268147346435,0.22,0.276,1
"Arfgef2",0.367088105447527,-0.405239846032188,0.098,0.172,1
"Daglb",0.367088105447527,-0.361847772105722,0.098,0.172,1
"1110019D14Rik",0.367088105447527,-0.296513093956268,0.098,0.172,1
"Taok1",0.369077157319842,0.370158860659471,0.317,0.207,1
"Neo1",0.369607440709802,-0.588115993404116,0.268,0.345,1
"Zfand5",0.369607440709802,-0.5054589497765,0.268,0.345,1
"Lrmda",0.370029376374316,0.382007643601345,0.659,0.552,1
"Clip1",0.370043193284015,-0.299130005177692,0.146,0.241,1
"Wscd1",0.370268468536404,0.279007299452051,0.244,0.138,1
"Vcpip1",0.370456950766807,0.25684655350863,0.146,0.069,1
"Matn4",0.370456950766807,0.253685870497747,0.146,0.069,1
"Zfp462",0.370456950766807,0.28482545165362,0.146,0.069,1
"Hsph1",0.370456950766807,0.25101649884189,0.146,0.069,1
"Gm26827",0.370456950766807,0.256133347034994,0.146,0.069,1
"Zfp1",0.370456950766807,0.253644040098339,0.146,0.069,1
"Pex7",0.370456950766807,0.382006478579879,0.146,0.069,1
"Gm34589",0.370456950766807,0.277596834891858,0.146,0.069,1
"Nfs1",0.371763490973799,-0.333207277884289,0.073,0.138,1
"Nop58",0.371778927445454,-0.527414661293427,0.073,0.138,1
"Klhl12",0.371778927445454,-0.339283952455434,0.073,0.138,1
"Adora3",0.371778927445454,-0.356515743289813,0.073,0.138,1
"Eif2b3",0.371778927445454,-0.411297289231635,0.073,0.138,1
"Ccdc59",0.371778927445454,-0.36810333387198,0.073,0.138,1
"Selenom",0.371778927445454,-0.281505372543355,0.073,0.138,1
"Vdac1",0.371778927445454,-0.393119741958031,0.073,0.138,1
"Pip4k2b",0.371778927445454,-0.393499930662275,0.073,0.138,1
"Rdh14",0.371778927445454,-0.38598968462246,0.073,0.138,1
"Rrm2b",0.371778927445454,-0.359627561678059,0.073,0.138,1
"C230037L18Rik",0.371778927445454,-0.374792305505984,0.073,0.138,1
"Lst1",0.371778927445454,-0.370425834169853,0.073,0.138,1
"Yipf4",0.371778927445454,-0.400583720330141,0.073,0.138,1
"mt-Nd5",0.371778927445454,-0.390356380953566,0.073,0.138,1
"Ep400",0.372639817968037,0.375645706407885,0.268,0.172,1
"AU020206",0.372639817968037,0.433606043090355,0.268,0.172,1
"Spop",0.374181511612065,0.29715496333081,0.439,0.345,1
"Gm19710",0.374843379317429,-0.43702773195588,0.171,0.241,1
"Prkcd",0.374843379317429,-0.412123233283509,0.171,0.241,1
"Soga1",0.376065565978642,-0.63245117479542,0.317,0.345,1
"Bcl2l1",0.376994057265163,0.340944847565811,0.415,0.276,1
"Sdha",0.377001513262207,-0.255269007972837,0.195,0.276,1
"ENSMUSG00000121277",0.378231624748022,-0.368818553798728,0.049,0.103,1
"Hjurp",0.378231624748022,-0.391317787656748,0.049,0.103,1
"Dtymk",0.378231624748022,-0.360494302183354,0.049,0.103,1
"Ncstn",0.378231624748022,-0.374948256053238,0.049,0.103,1
"Nacc2",0.378231624748022,-0.309897942798943,0.049,0.103,1
"Ufm1",0.378231624748022,-0.349884267130614,0.049,0.103,1
"Psmb4",0.378231624748022,-0.348460363642732,0.049,0.103,1
"Rgs3",0.378231624748022,-0.312131854579254,0.049,0.103,1
"Zmpste24",0.378231624748022,-0.331339653611424,0.049,0.103,1
"Cep104",0.378231624748022,-0.344346239184636,0.049,0.103,1
"Tprgl",0.378231624748022,-0.416260198546133,0.049,0.103,1
"Slc35e2",0.378231624748022,-0.47955751922147,0.049,0.103,1
"Ube2j2",0.378231624748022,-0.323506428625489,0.049,0.103,1
"Slbp",0.378231624748022,-0.318450248880289,0.049,0.103,1
"Hs3st1",0.378231624748022,-0.277954697075075,0.049,0.103,1
"Mrpl1",0.378231624748022,-0.426590822650222,0.049,0.103,1
"Ankrd13a",0.378231624748022,-0.357256617428205,0.049,0.103,1
"Gm16552",0.378231624748022,-0.325709429308998,0.049,0.103,1
"Gm43378",0.378231624748022,-0.457956872143897,0.049,0.103,1
"Clec4a2",0.378231624748022,-0.293732400781983,0.049,0.103,1
"Eno2",0.378231624748022,-0.282417375438094,0.049,0.103,1
"Uqcrc2",0.378231624748022,-0.337207780148153,0.049,0.103,1
"Cars",0.378231624748022,-0.34111987426416,0.049,0.103,1
"Gm45345",0.378231624748022,-0.466033404950653,0.049,0.103,1
"Cdh11",0.378231624748022,-0.468533796511146,0.049,0.103,1
"Zc3h18",0.378231624748022,-0.406096783600351,0.049,0.103,1
"Pccb",0.378231624748022,-0.298600085873875,0.049,0.103,1
"Azi2",0.378231624748022,-0.464074170241968,0.049,0.103,1
"Rab32",0.378231624748022,-0.363625467099668,0.049,0.103,1
"Pa2g4",0.378231624748022,-0.370816274913475,0.049,0.103,1
"Adam19",0.378231624748022,-0.253483032537021,0.049,0.103,1
"Car10",0.378231624748022,-0.288306415015416,0.049,0.103,1
"Acot13",0.378231624748022,-0.47397163182788,0.049,0.103,1
"Susd3",0.378231624748022,-0.350448199221136,0.049,0.103,1
"Idnk",0.378231624748022,-0.349913865010296,0.049,0.103,1
"Gm2237",0.378231624748022,-0.390481648490682,0.049,0.103,1
"Hs6st3",0.378231624748022,-0.404681102521928,0.049,0.103,1
"Dcaf13",0.378231624748022,-0.326222797891042,0.049,0.103,1
"Cox14",0.378231624748022,-0.362129481107164,0.049,0.103,1
"Taf11",0.378231624748022,-0.342725466118551,0.049,0.103,1
"Sh3gl1",0.378231624748022,-0.359282281726409,0.049,0.103,1
"Elp2",0.378231624748022,-0.299605841185348,0.049,0.103,1
"Phax",0.378231624748022,-0.361062881067369,0.049,0.103,1
"C730002L08Rik",0.378231624748022,-0.532360944704288,0.049,0.103,1
"Dguok",0.379453065138133,0.251221933446003,0.244,0.138,1
"Hectd4",0.379500975509225,-0.330654983091755,0.146,0.241,1
"Ntpcr",0.379500975509225,0.36846843990505,0.22,0.138,1
"Retreg1",0.379874763481465,0.338483185899847,0.537,0.379,1
"Larp4b",0.381669551420333,0.311072743701294,0.341,0.207,1
"Klhl2",0.382480114697672,-0.283818561689068,0.537,0.586,1
"Rbbp6",0.383807192068192,-0.460938519608336,0.293,0.379,1
"Ogt",0.383813157722967,-0.578250308415343,0.317,0.345,1
"Skil",0.384088929043301,-0.462700108107757,0.171,0.241,1
"Rasa3",0.384097452150276,-0.374818714832559,0.171,0.241,1
"Zmiz1",0.384097452150276,-0.505814839975256,0.171,0.241,1
"Pank2",0.384166562838721,-0.374631111567006,0.073,0.138,1
"Grk4",0.384166562838721,-0.326833575811791,0.073,0.138,1
"Gm15489",0.384166562838721,-0.267568699927293,0.073,0.138,1
"Sec23a",0.384166562838721,-0.337168339270139,0.073,0.138,1
"Ryr2",0.384166562838721,-0.341535847417254,0.073,0.138,1
"Rnps1",0.384166562838721,-0.294324666027677,0.073,0.138,1
"Ap3s1",0.384166562838721,-0.304609879224523,0.073,0.138,1
"Arap2",0.385528052638996,0.365370539284606,0.317,0.207,1
"Fut8",0.385528052638996,0.301316788123666,0.317,0.207,1
"Tmtc2",0.385818865353571,-0.372597748857019,0.195,0.276,1
"Syngr1",0.385818865353571,-0.256295981626655,0.195,0.276,1
"Lactb2",0.388457308242024,-0.440740794340289,0.146,0.207,1
"Hspa5",0.388457308242024,-0.483718960128737,0.146,0.207,1
"Ube3c",0.388457308242024,-0.290791347295427,0.146,0.207,1
"Gucy1b1",0.38865047986116,0.349904848908973,0.171,0.103,1
"Tfeb",0.38865047986116,0.364494834735978,0.171,0.103,1
"Ubtd1",0.38865047986116,0.322842983677124,0.171,0.103,1
"Phf6",0.38865047986116,0.36856597724891,0.171,0.103,1
"Fbxo11",0.388820785853299,-0.542189822367404,0.293,0.345,1
"Atp5c1",0.389105976284058,0.317431046977806,0.22,0.138,1
"Atp11b",0.389105976284058,-0.279646925592691,0.146,0.241,1
"Rpl22",0.389268958180097,-0.349211979506216,0.098,0.172,1
"Rnf144a",0.389268958180097,-0.288003203182987,0.098,0.172,1
"Epg5",0.389268958180097,-0.328037398845688,0.098,0.172,1
"Slc8a1",0.390420698107929,0.265397702538586,0.927,0.862,1
"Retreg2",0.392851566294431,-0.265048494105588,0.049,0.103,1
"Adipor1",0.392851566294431,-0.350404854693359,0.049,0.103,1
"Cdk9",0.392851566294431,-0.323869207290694,0.049,0.103,1
"Grik3",0.392851566294431,-0.43312099284767,0.049,0.103,1
"Yars",0.392851566294431,-0.330516282688077,0.049,0.103,1
"Mrpl20",0.392851566294431,-0.354054986113196,0.049,0.103,1
"Zfp605",0.392851566294431,-0.303452562395692,0.049,0.103,1
"Sbds",0.392851566294431,-0.362988611291923,0.049,0.103,1
"Zfp113",0.392851566294431,-0.281017085935995,0.049,0.103,1
"Iqce",0.392851566294431,-0.421773549880804,0.049,0.103,1
"Scrn1",0.392851566294431,-0.313913576901725,0.049,0.103,1
"Psmc4",0.392851566294431,-0.266892111352029,0.049,0.103,1
"Fhip1b",0.392851566294431,-0.284339540908197,0.049,0.103,1
"Mfap3l",0.392851566294431,-0.335537748572993,0.049,0.103,1
"D830024N08Rik",0.392851566294431,-0.341105064557646,0.049,0.103,1
"1190005I06Rik",0.392851566294431,-0.293428805064736,0.049,0.103,1
"Ei24",0.392851566294431,-0.357503456726438,0.049,0.103,1
"Ggt5",0.392851566294431,-0.364494930587168,0.049,0.103,1
"Dnaaf10",0.392851566294431,-0.352586731929213,0.049,0.103,1
"Gm12146",0.392851566294431,-0.362089921960719,0.049,0.103,1
"Dcaf7",0.392851566294431,-0.319207317855507,0.049,0.103,1
"Wars",0.392851566294431,-0.375007830868572,0.049,0.103,1
"Zfp458",0.392851566294431,-0.34251787101643,0.049,0.103,1
"Fhip2b",0.392851566294431,-0.27550142931639,0.049,0.103,1
"Plxnb2",0.392851566294431,-0.476837507049342,0.049,0.103,1
"Plekhh2",0.392851566294431,-0.403818833593022,0.049,0.103,1
"Mpp7",0.392851566294431,-0.265386238683021,0.049,0.103,1
"Arhgef9",0.392851566294431,-0.363333281512783,0.049,0.103,1
"Cntn4",0.393490006190575,-0.32238166827884,0.171,0.241,1
"Fam91a1",0.393490006190575,-0.273717799425365,0.171,0.241,1
"Atp6v1g2",0.393490006190575,-0.444086132827633,0.171,0.241,1
"Cyb5a",0.393490006190575,-0.394214056925643,0.171,0.241,1
"Rcbtb1",0.394153519443476,-0.398792229812357,0.439,0.448,1
"Samd4",0.394761040356625,-0.319022317347179,0.195,0.276,1
"Slc7a8",0.394761040356625,-0.415862090528822,0.195,0.276,1
"Golm1",0.396072265986026,0.473153261107126,0.39,0.31,1
"Kcnj10",0.398522880371903,-0.49591513623994,0.146,0.207,1
"Edem1",0.398522880371903,-0.404051065140078,0.146,0.207,1
"Srbd1",0.398857474302402,0.357173333462295,0.22,0.138,1
"Ctif",0.398857474302402,0.385612197379347,0.22,0.138,1
"Daam2",0.399038359138178,-0.432589710889342,0.366,0.414,1
"Riok3",0.399278747011367,0.45817250784507,0.268,0.172,1
"2610008E11Rik",0.399522200530354,0.544587304576306,0.171,0.103,1
"Myh10",0.400658811542146,-0.367730341389585,0.098,0.172,1
"Plgrkt",0.401819812324674,-0.433025693986824,0.268,0.345,1
"Actr3",0.402419356349668,-0.361502856875084,0.244,0.31,1
"Firre",0.403020337655018,-0.362671998349296,0.171,0.241,1
"Lrrk1",0.406152410938453,-0.435418857488732,0.195,0.241,1
"Ptpn18",0.407808883860928,-0.339712750760087,0.049,0.103,1
"2900093K20Rik",0.407808883860928,-0.348951046976825,0.049,0.103,1
"Spata5",0.407808883860928,-0.36872111885851,0.049,0.103,1
"Chd1l",0.407808883860928,-0.295189909675505,0.049,0.103,1
"A730081D07Rik",0.407808883860928,-0.259289014492019,0.049,0.103,1
"Gm49336",0.407808883860928,-0.315511911719649,0.049,0.103,1
"Dmtn",0.407808883860928,-0.265849718898314,0.049,0.103,1
"Parp9",0.407808883860928,-0.25625873983168,0.049,0.103,1
"Zmat1",0.407808883860928,-0.262736741840861,0.049,0.103,1
"Prdx4",0.407808883860928,-0.274888724760623,0.049,0.103,1
"Usp50",0.408406979191026,0.420363969012558,0.268,0.172,1
"Atp6v1h",0.408743927669327,-0.384412662236797,0.146,0.207,1
"Sf3b3",0.408743927669327,-0.41456600183694,0.146,0.207,1
"Ube2n",0.408743927669327,-0.386294383608891,0.146,0.207,1
"Sox8",0.408743927669327,-0.443537191601221,0.146,0.207,1
"Dtnb",0.408754646068871,0.376659887726252,0.22,0.138,1
"Parm1",0.409688133564077,-0.282993149428587,0.073,0.138,1
"Atp7a",0.409907309424079,-0.430694354118918,0.22,0.276,1
"Tmem59",0.410128672846847,-0.513032016699154,0.268,0.345,1
"2900052L18Rik",0.410128672846847,-0.337201116526945,0.268,0.345,1
"Hnrnpd",0.410574854674788,-0.681167243421083,0.122,0.172,1
"Ppil4",0.410574854674788,-0.635329781910416,0.122,0.172,1
"Zcchc9",0.410574854674788,0.430935646554269,0.171,0.103,1
"Snhg11",0.411455168780688,-0.387481385700757,0.366,0.448,1
"Marcks",0.41174195110511,0.267223762370268,0.415,0.276,1
"Trim2",0.412337417377203,0.280731011410229,0.61,0.517,1
"Calr",0.412687651605853,-0.300124064698841,0.171,0.241,1
"Usp34",0.414258753872211,-0.304855300367915,0.585,0.586,1
"Pik3ca",0.415604909573622,-0.575960637585283,0.195,0.241,1
"Vti1b",0.415604909573622,0.436532362043665,0.244,0.172,1
"Agmo",0.417391743216065,0.378002302820434,0.585,0.517,1
"Dusp11",0.417658356214327,0.267509979622938,0.268,0.172,1
"Cnpy3",0.418334913216127,0.263551942422127,0.195,0.103,1
"Dync1h1",0.418532608329581,0.385327964183251,0.341,0.241,1
"Mknk1",0.418538803756372,-0.253624465020839,0.268,0.345,1
"Nr3c1",0.418538803756372,-0.298960257122564,0.268,0.345,1
"Gle1",0.418796565125133,0.264364193716228,0.22,0.138,1
"Psmd14",0.418796565125133,0.375955693610949,0.22,0.138,1
"Zc3h13",0.418962793463332,-0.614908403965779,0.22,0.276,1
"Snrpn",0.419119430918912,-0.527065385716581,0.146,0.207,1
"Gcc2",0.419119430918912,-0.505288391654792,0.146,0.207,1
"Uqcrq",0.419119430918912,-0.414438204164265,0.146,0.207,1
"Dnajc3",0.419119430918912,-0.337372600683395,0.146,0.207,1
"Sik3",0.41918653347252,-0.283107565186345,0.61,0.655,1
"ENSMUSG00000120385",0.419707254238758,-0.291846344063419,0.317,0.414,1
"4932438A13Rik",0.419746788982892,-0.252045196468782,0.244,0.31,1
"Gpr37",0.419746788982892,-0.258880774387375,0.244,0.31,1
"Lrrc4",0.421498311643828,-0.415539104433632,0.293,0.345,1
"Gpatch2",0.42180714113794,-0.463335421510081,0.122,0.172,1
"Snx27",0.42180714113794,0.327401434689571,0.171,0.103,1
"Cfdp1",0.42180714113794,-0.631485653448008,0.122,0.172,1
"Mdm2",0.42180714113794,0.351238007591325,0.171,0.103,1
"Lgals9",0.42180714113794,-0.734204826711316,0.122,0.172,1
"B3galt5",0.42180714113794,-0.459416846167448,0.122,0.172,1
"Galnt7",0.422491061326797,-0.338489086900873,0.171,0.241,1
"4930517O19Rik",0.422491061326797,-0.504632733628435,0.171,0.241,1
"Zcchc2",0.422818292686584,0.394376285613397,0.122,0.069,1
"Sar1b",0.422818292686584,0.477399815005159,0.122,0.069,1
"Wbp2",0.422818292686584,0.396721536108694,0.122,0.069,1
"Rexo1",0.423100456965289,-0.287506716286998,0.049,0.103,1
"Gm53055",0.423100456965289,-0.264392065730792,0.049,0.103,1
"Pnpla8",0.425186115762842,-0.643395330131146,0.195,0.241,1
"Snx5",0.427032076083901,0.329718519318296,0.268,0.172,1
"Fam193a",0.428025014041173,-0.477066367338411,0.268,0.31,1
"Oxct1",0.428025014041173,-0.460402835193218,0.268,0.31,1
"Camkmt",0.428572462519798,-0.471727263222815,0.244,0.31,1
"Sgip1",0.428982201392816,0.303259962871116,0.22,0.138,1
"Mdh2",0.428982201392816,0.263088908139938,0.22,0.138,1
"Tmc7",0.429648252921841,-0.418966017853043,0.146,0.207,1
"Spock2",0.429648252921841,-0.312715994141197,0.146,0.207,1
"Pkn2",0.430887272332952,-0.295982137435871,0.39,0.414,1
"Aldoa",0.432318472175634,-0.373223111220376,0.317,0.345,1
"Dcaf10",0.433217598618168,-0.499613370319707,0.122,0.172,1
"Atp6v1f",0.433217598618168,-0.605764148372612,0.122,0.172,1
"Eml2",0.433217598618168,0.279893732081856,0.171,0.103,1
"Luzp2",0.433217598618168,-0.461779758933428,0.122,0.172,1
"Cln3",0.433217598618168,0.306059999371597,0.171,0.103,1
"Trim41",0.433217598618168,0.290877302142184,0.171,0.103,1
"Xkr6",0.433217598618168,-0.391499979616583,0.122,0.172,1
"Cerox1",0.433217598618168,-0.417330951917191,0.122,0.172,1
"Fmnl2",0.434309864927081,-0.477970642917571,0.341,0.345,1
"Eif5b",0.434895101894876,0.429536802013696,0.244,0.172,1
"Rnf187",0.434895101894876,-0.458180799566941,0.195,0.241,1
"Ctsl",0.434895101894876,-0.546031049486853,0.195,0.241,1
"Rnf216",0.435114614250384,-0.309502628700707,0.415,0.517,1
"Plekhg3",0.435660397486826,0.394320148316995,0.341,0.241,1
"Lcor",0.435660397486826,0.313106214784513,0.341,0.241,1
"Smg5",0.436191687220095,0.340932383083427,0.122,0.069,1
"Astn2",0.436191687220095,0.469131328817285,0.122,0.069,1
"Chmp3",0.436191687220095,0.361099754222376,0.122,0.069,1
"Chpt1",0.436191687220095,0.48881176860761,0.122,0.069,1
"Ctsz",0.436527261488247,0.285276446299815,0.268,0.172,1
"Rabif",0.438722613626585,-0.250697416787032,0.049,0.103,1
"Fli1",0.439199098311706,0.304702161683698,0.463,0.345,1
"Lpp",0.439310420635758,0.454115785575472,0.22,0.138,1
"Zfp869",0.440329137865584,-0.583340144376429,0.146,0.207,1
"Rnf220",0.440730815589207,-0.352198656723652,0.537,0.552,1
"Rab8b",0.440734481578096,-0.267315478077922,0.293,0.379,1
"Hepacam",0.444162937645455,0.260934392380126,0.39,0.31,1
"Cyp27a1",0.444730856990317,-0.460371839578071,0.195,0.241,1
"Stau2",0.444804604793307,-0.439430943892597,0.122,0.172,1
"Psmd1",0.444804604793307,-0.378458902169929,0.122,0.172,1
"P2rx4",0.444804604793307,-0.378978816213953,0.122,0.172,1
"Tspan9",0.444804604793307,-0.446386535084756,0.122,0.172,1
"Smarcb1",0.444804604793307,-0.57134860938651,0.122,0.172,1
"Tbk1",0.444804604793307,-0.453761979380751,0.122,0.172,1
"Snx18",0.444804604793307,-0.557558751597857,0.122,0.172,1
"Dennd4a",0.444926902569706,0.26386284810846,0.61,0.517,1
"Plekhh1",0.446117081340187,-0.342731419354292,0.439,0.517,1
"Havcr2",0.446544029560079,-0.458073497565232,0.244,0.31,1
"Sytl2",0.447049262177222,0.358965370180186,0.488,0.379,1
"Map4k5",0.449460144408788,0.349096909824997,0.415,0.31,1
"Gpi1",0.449779984044154,0.323005003143251,0.22,0.138,1
"Gm19705",0.449805681473458,0.368968286354067,0.122,0.069,1
"Efl1",0.449805681473458,0.28258087841307,0.122,0.069,1
"Ndufb11",0.449805681473458,0.544900282208417,0.122,0.069,1
"C130071C03Rik",0.450988361786465,0.381886901104865,0.268,0.172,1
"Hspa8",0.45115912109159,-0.379072153060193,0.415,0.448,1
"Srsf5",0.45115912109159,0.428974360356171,0.463,0.379,1
"Ppp6c",0.451160710841824,-0.389661940826048,0.146,0.207,1
"Ncor2",0.451160710841824,-0.336748601507376,0.146,0.207,1
"Helz",0.451160710841824,-0.294349620339485,0.146,0.207,1
"Atp13a3",0.451160710841824,-0.336561200986109,0.146,0.207,1
"Pak3",0.451160710841824,-0.274479446270194,0.146,0.207,1
"Nfat5",0.453179123249595,0.262082683736969,0.341,0.241,1
"Ndrg3",0.456555738858044,0.431262428634976,0.171,0.103,1
"Uba6",0.456555738858044,-0.41097592553522,0.122,0.172,1
"Commd3",0.456566375680494,0.27923132596476,0.171,0.103,1
"Rbbp4",0.456566375680494,0.359422721416575,0.171,0.103,1
"Phactr4",0.456566375680494,0.324257632907774,0.171,0.103,1
"Gse1",0.456566375680494,0.35191091471788,0.171,0.103,1
"Armc8",0.456566375680494,0.301524645103279,0.171,0.103,1
"Atp5d",0.456566375680494,0.44052516842828,0.171,0.103,1
"Rab3ip",0.456566375680494,-0.472977457708857,0.122,0.172,1
"Cnrip1",0.456566375680494,0.366275199207302,0.171,0.103,1
"6720427I07Rik",0.456566375680494,0.358805239756036,0.171,0.103,1
"Tgfbi",0.456566375680494,-0.412523745469868,0.122,0.172,1
"Gm48967",0.456566375680494,-0.459939355787497,0.122,0.172,1
"Arl6ip1",0.457845209089434,-0.465713258732633,0.317,0.345,1
"Tns3",0.458883051055013,-0.27855572570458,0.439,0.448,1
"Tra2a",0.460812224806339,-0.428698714903961,0.488,0.483,1
"Ino80d",0.460989767780424,0.419676049069449,0.293,0.207,1
"2610035D17Rik",0.460996412705253,-0.385044026461778,0.244,0.276,1
"Zfp532",0.460996412705253,-0.424395147156113,0.244,0.276,1
"Aplp1",0.461793421903512,0.326619692610354,0.756,0.655,1
"Fsd1l",0.462141477515549,-0.38478643467935,0.146,0.207,1
"ENSMUSG00000120400",0.462141477515549,-0.456016994028139,0.146,0.207,1
"Ahi1",0.462141477515549,0.508732949759572,0.195,0.138,1
"Sec62",0.462412977485163,0.309089544499615,0.585,0.414,1
"Lancl1",0.463657337772826,0.296327143152227,0.122,0.069,1
"Tmem203",0.463657337772826,0.287790219603926,0.122,0.069,1
"Exoc1",0.463657337772826,0.336162511673828,0.122,0.069,1
"Smco3",0.463657337772826,0.306772488496625,0.122,0.069,1
"Denn2b",0.463657337772826,0.465015741775556,0.122,0.069,1
"Tubb3",0.463657337772826,0.364207853545873,0.122,0.069,1
"Trmt11",0.463657337772826,0.315203701279268,0.122,0.069,1
"Satb1",0.463657337772826,0.345211322747101,0.122,0.069,1
"Pls3",0.463657337772826,0.326556203544939,0.122,0.069,1
"Relch",0.463705580390749,-0.457461211394891,0.268,0.31,1
"Fam171b",0.463705580390749,-0.366042211235406,0.268,0.31,1
"Fam53b",0.465731702528969,0.292047433166564,0.268,0.172,1
"Cep68",0.466018004317094,-0.252138243869943,0.22,0.276,1
"Nlk",0.466018004317094,-0.448767576941316,0.22,0.276,1
"Ints3",0.468500965236157,-0.41261024012967,0.122,0.172,1
"Selenof",0.468500965236157,-0.481742799821502,0.122,0.172,1
"Arpc3",0.468500965236157,-0.693676861180489,0.122,0.172,1
"Trpc1",0.468500965236157,-0.426564796307669,0.122,0.172,1
"Zfp277",0.468500965236157,-0.446794846758439,0.122,0.172,1
"Cryl1",0.468500965236157,-0.532099564686995,0.122,0.172,1
"Got1",0.468500965236157,-0.399818560210901,0.122,0.172,1
"Cnot2",0.469406422771087,-0.366743686024663,0.341,0.379,1
"Atp2c1",0.469579458675662,-0.366380237165178,0.463,0.483,1
"Mib1",0.471137663626823,0.267118320973949,0.22,0.138,1
"Frmd8",0.471137663626823,-0.475414572922784,0.171,0.207,1
"Atp5a1",0.472482575379119,-0.261761000940498,0.317,0.379,1
"Olig1",0.47326084737759,-0.297053804364264,0.146,0.207,1
"Atp2b2",0.473269823948008,-0.320972774836857,0.146,0.207,1
"Rsf1os1",0.473269823948008,-0.507035800234453,0.146,0.207,1
"1110004F10Rik",0.473269823948008,-0.36123165589502,0.146,0.207,1
"Sypl",0.473269823948008,0.365834179986021,0.195,0.138,1
"Pvt1",0.473420625088424,-0.323487236374468,0.293,0.345,1
"Pdia3",0.474289078900478,-0.328106111720354,0.244,0.31,1
"Hsp90aa1",0.474343188251288,-0.302730987225039,0.463,0.448,1
"Rictor",0.474987370958795,-0.435678833598386,0.195,0.241,1
"Atg4c",0.475760947858103,-0.421723873083386,0.22,0.276,1
"Smg7",0.475767767586129,-0.341367133907934,0.22,0.276,1
"Cnr1",0.477743415771339,0.286768265021141,0.122,0.069,1
"Arpc4",0.477743415771339,0.305163317101982,0.122,0.069,1
"Reps1",0.477743415771339,0.250093114354674,0.122,0.069,1
"Ap4s1",0.477743415771339,0.261070019362977,0.122,0.069,1
"Adssl1",0.477743415771339,0.349581330122391,0.122,0.069,1
"Sod2",0.477743415771339,0.318244534846409,0.122,0.069,1
"Tet3",0.480187845224367,-0.426942496440308,0.293,0.31,1
"Dync1li2",0.480187845224367,0.285749673621418,0.341,0.241,1
"Ttc3",0.48042162413867,0.372710161975864,0.585,0.448,1
"Edrf1",0.480606265200591,-0.51132621886868,0.122,0.172,1
"Etv1",0.480606265200591,0.292564923123579,0.171,0.103,1
"Ahsa1",0.480606265200591,-0.458396014224774,0.122,0.172,1
"Peli2",0.480606265200591,0.265830183305033,0.171,0.103,1
"Usp16",0.480606265200591,-0.377472762171895,0.122,0.172,1
"Smchd1",0.480606265200591,-0.418630109646919,0.122,0.172,1
"Gas7",0.48374364105411,-0.29943102811329,0.244,0.31,1
"Mau2",0.484544016575986,-0.397754574908666,0.146,0.207,1
"Myo1e",0.485628336354846,-0.432265621114356,0.22,0.276,1
"Myo5a",0.485628336354846,-0.401829169078253,0.22,0.276,1
"Ttll5",0.487182726910385,0.305425032220995,0.488,0.379,1
"Dcaf8",0.491518291101939,0.311072396774078,0.317,0.241,1
"Rab23",0.492060372386964,0.254863144160221,0.122,0.069,1
"Mpzl1",0.492060372386964,0.258065645023781,0.122,0.069,1
"Ahctf1",0.492060372386964,0.252978237080554,0.122,0.069,1
"Psmb7",0.492060372386964,0.335634560131654,0.122,0.069,1
"Cntln",0.492060372386964,0.271568950854327,0.122,0.069,1
"Pdap1",0.492060372386964,0.270288470897423,0.122,0.069,1
"Pex3",0.492060372386964,0.26999110238824,0.122,0.069,1
"Abca8b",0.492060372386964,0.276108453960536,0.122,0.069,1
"Ube2e1",0.492060372386964,0.352507064799556,0.122,0.069,1
"Ldb3",0.492060372386964,0.267937562567371,0.122,0.069,1
"Cdadc1",0.492060372386964,0.268453798232967,0.122,0.069,1
"Rtl8a",0.492060372386964,0.302630983582632,0.122,0.069,1
"Btk",0.492060372386964,0.271231406283839,0.122,0.069,1
"Ppfia4",0.492880005191075,-0.378057575429527,0.122,0.172,1
"Ldlrad3",0.492880005191075,-0.349051521762239,0.122,0.172,1
"Ctso",0.492880005191075,-0.311170163403717,0.122,0.172,1
"Il17ra",0.492880005191075,-0.326460383699795,0.122,0.172,1
"Crk",0.492880005191075,0.305792786141187,0.171,0.103,1
"Tjp2",0.492880005191075,-0.298237739812797,0.122,0.172,1
"Sh3pxd2a",0.492880005191075,-0.267107696179206,0.122,0.172,1
"Rabep1",0.493159667107582,-0.281573674043143,0.317,0.345,1
"Fam102b",0.495423634710466,-0.468894036887044,0.341,0.379,1
"Dnajb6",0.495769921978649,-0.349984892900626,0.195,0.241,1
"Sgcz",0.495769921978649,-0.353256906920938,0.195,0.241,1
"Atxn7",0.495769921978649,0.284290082025836,0.244,0.172,1
"Ggact",0.495769921978649,-0.509209496674337,0.195,0.241,1
"Epha4",0.495962202349538,0.334360406151931,0.195,0.138,1
"Ino80",0.495962202349538,-0.542834783067282,0.146,0.207,1
"Mettl16",0.495962202349538,-0.308284209438739,0.146,0.207,1
"Wdr41",0.495962202349538,0.292842536794253,0.195,0.138,1
"Ints6",0.495962202349538,-0.290987101636366,0.146,0.207,1
"Zfp24",0.495962202349538,-0.300476502197475,0.146,0.207,1
"Brd8",0.495962202349538,-0.39513461086804,0.146,0.207,1
"Taf15",0.49606656370695,0.361622281419442,0.415,0.31,1
"Nme7",0.49662715111206,-0.617960536682579,0.098,0.138,1
"Rnf34",0.49662715111206,-0.43408693290748,0.098,0.138,1
"Rpl4",0.49662715111206,-0.405677986389612,0.098,0.138,1
"Med1",0.49662715111206,-0.367297912262921,0.098,0.138,1
"Zfp839",0.49662715111206,-0.452246944424864,0.098,0.138,1
"Macroh2a1",0.49662715111206,-0.382334838015065,0.098,0.138,1
"Rtraf",0.49662715111206,-0.520096099921314,0.098,0.138,1
"Rap2a",0.49662715111206,-0.403332518844171,0.098,0.138,1
"Clcn2",0.49662715111206,-0.490480285547955,0.098,0.138,1
"Ift140",0.49662715111206,-0.337843701618588,0.098,0.138,1
"Atl2",0.49662715111206,-0.40168431715559,0.098,0.138,1
"Rbm27",0.49662715111206,-0.416981086025328,0.098,0.138,1
"Ralgapa1",0.498923766558645,-0.293149125620401,0.317,0.379,1
"Ptbp3",0.499595393685955,-0.456500383909993,0.244,0.276,1
"Zswim6",0.502919673206953,-0.322262558831415,0.439,0.483,1
"Zfp950",0.502955613923649,-0.288210680391851,0.244,0.31,1
"Actn4",0.504197259020515,-0.53386525861192,0.171,0.207,1
"A630001G21Rik",0.505319753046946,-0.444667296091194,0.122,0.172,1
"Cmpk1",0.505319753046946,-0.327851699870226,0.122,0.172,1
"Arhgap25",0.505319753046946,0.26979086173151,0.171,0.103,1
"Ubl5",0.505319753046946,-0.294916382251907,0.122,0.172,1
"2010315B03Rik",0.505319753046946,-0.356283676286841,0.122,0.172,1
"Mif",0.505319753046946,-0.333299175989024,0.122,0.172,1
"Ghitm",0.505319753046946,-0.366957949663971,0.122,0.172,1
"Ccser1",0.506340370604457,-0.7825760981728,0.195,0.241,1
"Hsp90b1",0.506340370604457,0.280348453263549,0.244,0.172,1
"Slc9a1",0.506604362379462,0.317479896116821,0.122,0.069,1
"Ankrd12",0.507075035997956,0.295910680030933,0.512,0.379,1
"Rnf20",0.50752240903008,0.270077249812747,0.195,0.138,1
"Rps5",0.50752240903008,0.386904521876561,0.195,0.138,1
"Cmtm5",0.50752240903008,-0.336212961475017,0.146,0.207,1
"Dip2a",0.509217228114463,-0.371711026930245,0.366,0.379,1
"Ndufs3",0.510393501308418,-0.452324028470134,0.098,0.138,1
"Galk2",0.510393501308418,-0.364610866887996,0.098,0.138,1
"Pcdh10",0.510393501308418,-0.437357175085584,0.098,0.138,1
"Gstcd",0.510393501308418,-0.29552438002623,0.098,0.138,1
"Mecr",0.510393501308418,-0.356646349311951,0.098,0.138,1
"Copb1",0.510393501308418,-0.493067504030835,0.098,0.138,1
"Spns2",0.510393501308418,-0.426040441791745,0.098,0.138,1
"Ankrd46",0.510393501308418,-0.419651071534459,0.098,0.138,1
"Utp14a",0.510393501308418,-0.561900999633984,0.098,0.138,1
"Csrp1",0.510546192381075,-0.441423202204911,0.268,0.31,1
"Dnaja1",0.515482995641728,-0.387947003936767,0.171,0.207,1
"Phc2",0.51702816683567,-0.597976902540229,0.195,0.241,1
"Acaca",0.517518227476902,0.312595586643158,0.341,0.241,1
"Tsnax",0.517922915429525,-0.363360256807643,0.122,0.172,1
"Vstm2a",0.517922915429525,-0.284840951676223,0.122,0.172,1
"Casc3",0.517922915429525,-0.341946996854112,0.122,0.172,1
"Puf60",0.517922915429525,-0.290326678842343,0.122,0.172,1
"Fam114a2",0.521371239575584,0.281489089633304,0.122,0.069,1
"9130019P16Rik",0.522057985836955,0.263071338702989,0.439,0.379,1
"Gm36944",0.52435679387202,-0.426234288896736,0.098,0.138,1
"Abhd2",0.52435679387202,-0.416357828569958,0.098,0.138,1
"Trim30a",0.52435679387202,-0.597106582284317,0.098,0.138,1
"Fancc",0.52435679387202,-0.301515739023721,0.098,0.138,1
"Yeats2",0.52435679387202,-0.413533304617978,0.098,0.138,1
"Mbd2",0.52435679387202,-0.323768372375841,0.098,0.138,1
"Prkcq",0.526898468366445,-0.563308703909844,0.171,0.207,1
"E130307A14Rik",0.526898468366445,-0.533668957402744,0.171,0.207,1
"Hnrnpul1",0.527831631152989,-0.312166823190224,0.195,0.241,1
"Gm28375",0.530686738679224,-0.398588212136251,0.122,0.172,1
"Man2c1os",0.530686738679224,-0.284686480735187,0.122,0.172,1
"Ppfia2",0.530686738679224,-0.321651411476882,0.122,0.172,1
"Tbc1d9b",0.530686738679224,-0.276043524372627,0.122,0.172,1
"Rbm4b",0.530686738679224,-0.305021941412883,0.122,0.172,1
"Pde8a",0.532288756561328,0.307383493634389,0.537,0.448,1
"C1qc",0.532751563177826,-0.277183298848775,0.537,0.586,1
"Rps2",0.53472122953292,-0.333369054691115,0.244,0.276,1
"Prox1",0.538441602140476,-0.378309532343933,0.171,0.207,1
"Pld4",0.538441602140476,-0.397211623821588,0.171,0.207,1
"Eif4g1",0.538441602140476,-0.485602665812441,0.171,0.207,1
"Nrxn2",0.538441602140476,-0.377001746528946,0.171,0.207,1
"Mettl14",0.538513251679983,-0.495278240890067,0.098,0.138,1
"Necap2",0.538513251679983,-0.350683228592465,0.098,0.138,1
"Uqcr10",0.538513251679983,-0.29743720314445,0.098,0.138,1
"Brms1l",0.538513251679983,-0.290877191734624,0.098,0.138,1
"Gpd1",0.538513251679983,-0.381872754640827,0.098,0.138,1
"Kdm4b",0.538513251679983,-0.294805017250513,0.098,0.138,1
"Lrpprc",0.538513251679983,-0.43127546431414,0.098,0.138,1
"Ric1",0.538513251679983,-0.347417891832927,0.098,0.138,1
"Clcn5",0.538513251679983,-0.42523011622911,0.098,0.138,1
"Bcap31",0.538513251679983,-0.270115717758631,0.098,0.138,1
"Hspe1",0.538581198292219,0.354968458336109,0.146,0.103,1
"Ubb",0.539793906635727,-0.343741434669984,0.268,0.31,1
"Rfx3",0.539845984226026,0.262433712908909,0.293,0.207,1
"Gm46224",0.543608309931612,-0.35249099060668,0.122,0.172,1
"Elovl7",0.543608309931612,-0.373345443319534,0.122,0.172,1
"Atrx",0.545269492037632,0.282938713635812,0.488,0.414,1
"Pip4p1",0.547044129038431,-0.328785506351088,0.22,0.276,1
"Ubr3",0.548752504774594,-0.310733130454294,0.317,0.345,1
"Zfp329",0.549726230799244,-0.321056364196004,0.268,0.31,1
"Dnaja2",0.549771656024015,-0.258244270423625,0.195,0.241,1
"Gm47271",0.549778434736715,-0.442465929823179,0.195,0.241,1
"Tspan14",0.549778434736715,-0.32081656737736,0.195,0.241,1
"Prickle2",0.549862670356549,0.333481201050916,0.683,0.586,1
"Psmd6",0.551555578165339,-0.252877208869909,0.122,0.069,1
"Odr4",0.552858864230243,-0.28236004512629,0.098,0.138,1
"Cyp2j12",0.552858864230243,-0.415072442404862,0.098,0.138,1
"Elapor2",0.552858864230243,-0.297034911628904,0.098,0.138,1
"Cadm4",0.552858864230243,-0.643047024500163,0.098,0.138,1
"Evi5l",0.552858864230243,-0.272195176412139,0.098,0.138,1
"Scfd1",0.552858864230243,-0.381323909342221,0.098,0.138,1
"St13",0.552858864230243,-0.348222961584655,0.098,0.138,1
"Cyp4f13",0.552858864230243,-0.341559055692112,0.098,0.138,1
"Fam210a",0.552858864230243,-0.322434269344817,0.098,0.138,1
"Arl3",0.552858864230243,-0.745518583455438,0.098,0.138,1
"Sympk",0.556684558493635,-0.270532984921336,0.122,0.172,1
"Cltb",0.556684558493635,-0.330463094867265,0.122,0.172,1
"Appl1",0.556684558493635,-0.274338988222625,0.122,0.172,1
"Smc5",0.556684558493635,-0.305639920628879,0.122,0.172,1
"Zmynd8",0.557489399575086,-0.286488249234415,0.293,0.345,1
"Gm32036",0.558309981562284,0.480221933153456,0.366,0.276,1
"Csnk1g3",0.559521009677012,-0.56091115980447,0.22,0.241,1
"Msmo1",0.565993123669218,0.358340861610858,0.146,0.103,1
"Scoc",0.566312106380209,-0.392799781094153,0.415,0.414,1
"Rps9",0.567376456184836,0.309689627471023,0.195,0.138,1
"Ralbp1",0.567376456184836,0.325680678958428,0.195,0.138,1
"Dnajc13",0.56738939010838,-0.366376690936838,0.098,0.138,1
"Wdpcp",0.56738939010838,-0.336806066439671,0.098,0.138,1
"Mrpl55",0.56738939010838,-0.289677896232308,0.098,0.138,1
"Prrt1",0.56738939010838,-0.2524008143216,0.098,0.138,1
"Mal",0.569341568182541,0.333544525212361,0.61,0.552,1
"Nsmaf",0.570480957754463,-0.48098165424612,0.22,0.241,1
"Zfp292",0.570480957754463,-0.566579251671451,0.22,0.241,1
"2210408I21Rik",0.571063814022637,-0.532512485266946,0.244,0.276,1
"Trir",0.573807403163854,-0.287617833221918,0.171,0.207,1
"Dcakd",0.5738146871188,-0.434268579342252,0.171,0.207,1
"Sptlc1",0.5738146871188,-0.272218936398211,0.171,0.207,1
"Cep83",0.574711643876437,-0.32357481884745,0.098,0.138,1
"Dock1",0.57592816620258,-0.481625648879816,0.463,0.448,1
"Adamtsl1",0.576218340383592,0.333598305215196,0.317,0.276,1
"Pten",0.576883719353424,0.295865329339501,0.537,0.414,1
"Usp12",0.57994578242655,0.329569360120712,0.146,0.103,1
"Pi4ka",0.57994578242655,0.344007134625145,0.146,0.103,1
"Hagh",0.57994578242655,0.359412486000396,0.146,0.103,1
"Tsc22d3",0.581657454538685,0.27855058718835,0.293,0.207,1
"Eif4g3",0.582068119934663,-0.318643447416939,0.317,0.31,1
"Sec31a",0.58210035992029,-0.260080906357164,0.098,0.138,1
"Rtkn",0.58210035992029,-0.25469030038294,0.098,0.138,1
"Dzip3",0.58210035992029,-0.275789529458647,0.098,0.138,1
"Map7d1",0.583519460958374,-0.338176945411688,0.195,0.241,1
"Pros1",0.583519460958374,-0.323607883623289,0.195,0.241,1
"Gmps",0.585192424554873,-0.374621044059626,0.146,0.172,1
"Reep3",0.585845678675385,-0.266597497760787,0.171,0.207,1
"Homer1",0.585845678675385,-0.251744201665849,0.171,0.207,1
"Ilrun",0.585845678675385,-0.534676140934059,0.171,0.207,1
"Araf",0.585845678675385,-0.355418019023743,0.171,0.207,1
"Sema6a",0.586297868721027,-0.611416786140375,0.293,0.31,1
"Dennd5b",0.587043951964823,0.270074061314336,0.341,0.276,1
"Srsf7",0.58757328704397,-0.357652208734883,0.341,0.345,1
"Bloc1s2",0.589044132154694,-0.363158515040207,0.073,0.103,1
"Setx",0.589057954813924,-0.372569186437881,0.073,0.103,1
"Nup188",0.589057954813924,-0.334836170927595,0.073,0.103,1
"Fbxo3",0.589057954813924,-0.309237309955145,0.073,0.103,1
"Mpped2",0.589057954813924,-0.374588950694011,0.073,0.103,1
"Mfsd1",0.589057954813924,-0.415241281190114,0.073,0.103,1
"Trim32",0.589057954813924,-0.360505461423025,0.073,0.103,1
"Ctnnbip1",0.589057954813924,-0.365243463248915,0.073,0.103,1
"Pmpcb",0.589057954813924,-0.52809871956551,0.073,0.103,1
"Usp46",0.589057954813924,-0.460707963145763,0.073,0.103,1
"Rasgef1b",0.589057954813924,-0.436520452073834,0.073,0.103,1
"Dr1",0.589057954813924,-0.259900389211236,0.073,0.103,1
"Ube3b",0.589057954813924,-0.300572729393559,0.073,0.103,1
"Gm42917",0.589057954813924,-0.289037008885639,0.073,0.103,1
"Akr1b3",0.589057954813924,-0.310258927705295,0.073,0.103,1
"Dennd11",0.589057954813924,-0.319656939433174,0.073,0.103,1
"Gpr27",0.589057954813924,-0.31999359099597,0.073,0.103,1
"M6pr",0.589057954813924,-0.36043983484355,0.073,0.103,1
"Ppp6r1",0.589057954813924,-0.370181715120935,0.073,0.103,1
"Zfp60",0.589057954813924,-0.330606469174886,0.073,0.103,1
"Zfp809",0.589057954813924,-0.457357809732489,0.073,0.103,1
"Gm29642",0.589057954813924,-0.309759175438401,0.073,0.103,1
"Igsf9b",0.589057954813924,-0.598665845546044,0.073,0.103,1
"Nfrkb",0.589057954813924,-0.324756150254205,0.073,0.103,1
"Clpx",0.589057954813924,-0.373094510935911,0.073,0.103,1
"ENSMUSG00000120766",0.589057954813924,-0.40606227955764,0.073,0.103,1
"Hace1",0.589057954813924,-0.285903423147978,0.073,0.103,1
"Mbd6",0.589057954813924,-0.454404554569749,0.073,0.103,1
"Rhbdd3",0.589057954813924,-0.385394539372797,0.073,0.103,1
"Ccdc117",0.589057954813924,-0.283087533265137,0.073,0.103,1
"B3gntl1",0.589057954813924,-0.301029241790693,0.073,0.103,1
"Asap2",0.589057954813924,-0.366940068245023,0.073,0.103,1
"Dek",0.589057954813924,-0.567610567004544,0.073,0.103,1
"Secisbp2",0.589057954813924,-0.370002695886371,0.073,0.103,1
"Fam135b",0.589057954813924,-0.391839539903145,0.073,0.103,1
"Mief1",0.589057954813924,-0.494002707647972,0.073,0.103,1
"Ube2l3",0.589057954813924,-0.345671489296983,0.073,0.103,1
"Ufd1",0.589057954813924,-0.398989308027366,0.073,0.103,1
"Actr1a",0.589057954813924,-0.458685569472919,0.073,0.103,1
"Ssr4",0.589057954813924,-0.412665675977329,0.073,0.103,1
"Il1rap",0.591063675904573,-0.507354189148848,0.39,0.379,1
"Ppp2ca",0.592342068532885,-0.295348524595787,0.244,0.276,1
"Dnajb14",0.594057633632122,0.345373423748043,0.146,0.103,1
"Katnip",0.594057633632122,0.256103523553599,0.146,0.103,1
"Tmsb4x",0.594187934423183,-0.343738037852565,0.585,0.483,1
"Tpt1",0.595773614295626,-0.273898339949165,0.39,0.379,1
"Rpl37a",0.596987079689934,-0.257399847066441,0.098,0.138,1
"Stk19",0.596987079689934,-0.261330591501643,0.098,0.138,1
"Kirrel3",0.597480429135004,0.369513177865922,0.634,0.586,1
"Pam",0.597992438394686,-0.376834768322206,0.171,0.207,1
"Mga",0.597992438394686,-0.3399353579872,0.171,0.207,1
"Zyg11b",0.597992438394686,-0.314403965260593,0.171,0.207,1
"Cnot1",0.597992438394686,-0.495320805517584,0.171,0.207,1
"Purb",0.597992438394686,-0.437294755418488,0.171,0.207,1
"Dram2",0.598197228976937,-0.435886410086147,0.146,0.172,1
"Arhgef18",0.598197228976937,-0.421445978987296,0.146,0.172,1
"Snw1",0.598197228976937,-0.471991241220801,0.146,0.172,1
"4930444A19Rik",0.604731310604665,-0.354717329999084,0.317,0.207,1
"Tspan18",0.606100937631761,-0.353845056121636,0.073,0.103,1
"Il1a",0.606100937631761,-0.347792659031614,0.073,0.103,1
"Apmap",0.606100937631761,-0.360532374893364,0.073,0.103,1
"Usp30",0.606100937631761,-0.285792996484676,0.073,0.103,1
"Fbxo25",0.606100937631761,-0.344522336667286,0.073,0.103,1
"Frg1",0.606100937631761,-0.286315293429864,0.073,0.103,1
"Cwc15",0.606100937631761,-0.309576205385031,0.073,0.103,1
"Lrp11",0.606100937631761,-0.333525963777515,0.073,0.103,1
"Sppl2b",0.606100937631761,-0.289263554636696,0.073,0.103,1
"Rps26",0.606100937631761,-0.308384491909199,0.073,0.103,1
"Tmc6",0.606100937631761,-0.276349922718175,0.073,0.103,1
"Adgrv1",0.606100937631761,-0.359723956061481,0.073,0.103,1
"Ppp3cc",0.606100937631761,-0.291891937387389,0.073,0.103,1
"Gxylt1",0.606100937631761,-0.360676444538631,0.073,0.103,1
"Stxbp5l",0.606100937631761,-0.499161715609941,0.073,0.103,1
"Dok6",0.606100937631761,-0.378692579716827,0.073,0.103,1
"Syn1",0.606100937631761,-0.320856011626251,0.073,0.103,1
"Slc25a53",0.606100937631761,-0.267858478038709,0.073,0.103,1
"Iqcb1",0.608324497669887,0.26408441401617,0.146,0.103,1
"Abca8a",0.608662769637208,0.31335699742914,0.22,0.172,1
"Adk",0.610252292366399,-0.256438122287015,0.171,0.207,1
"Psip1",0.611141405331898,0.270209734923356,0.317,0.241,1
"Sec22a",0.611331662078659,-0.435865495327026,0.146,0.172,1
"Nalcn",0.613976902076489,-0.292359889453748,0.244,0.276,1
"Atp6v1e1",0.615312987359082,-0.388868031891924,0.268,0.172,1
"Wdr44",0.615312987359082,-0.460095743648255,0.22,0.241,1
"Lonp2",0.615396788461701,-0.290882661261413,0.268,0.276,1
"Pld1",0.617016166757878,-0.328761891800038,0.293,0.31,1
"Scamp5",0.617291898018395,0.28035629935461,0.366,0.276,1
"Blnk",0.617291898018395,0.294886684763527,0.341,0.31,1
"Gm13710",0.622622471595967,-0.352461342119131,0.171,0.207,1
"Rchy1",0.622622471595967,-0.311695901101609,0.171,0.207,1
"Gramd1b",0.622622471595967,-0.320533592916869,0.171,0.207,1
"Entpd1",0.623104762109282,-0.287213191392634,0.39,0.414,1
"C030029H02Rik",0.623293392902145,0.263448172449421,0.61,0.621,1
"Sh3glb2",0.623361071409953,-0.298961429058793,0.073,0.103,1
"Arfgap2",0.623361071409953,-0.356285570827435,0.073,0.103,1
"Trp53inp2",0.623361071409953,-0.329170519320684,0.073,0.103,1
"Scand1",0.623361071409953,-0.279284958555598,0.073,0.103,1
"Bcas1os2",0.623361071409953,-0.292998580963547,0.073,0.103,1
"Gm19445",0.623361071409953,-0.265460996658942,0.073,0.103,1
"Ndufc1",0.623361071409953,-0.27877288360257,0.073,0.103,1
"Proser1",0.623361071409953,-0.419588547440971,0.073,0.103,1
"Lypla2",0.623361071409953,-0.250689934437928,0.073,0.103,1
"Rbpj",0.623361071409953,-1.08899370117512,0.073,0.103,1
"Akr1b10",0.623361071409953,-0.284531530058985,0.073,0.103,1
"Rps19",0.623361071409953,-0.288739820496741,0.073,0.103,1
"Supt5",0.623361071409953,-0.269797427336204,0.073,0.103,1
"Ntrk3",0.623361071409953,-0.313521755118933,0.073,0.103,1
"Stx4a",0.623361071409953,-0.273158634454569,0.073,0.103,1
"Ing2",0.623361071409953,-0.267013110294368,0.073,0.103,1
"Phlpp2",0.623361071409953,-0.27235820247699,0.073,0.103,1
"Atp5l",0.623361071409953,-0.361588097309412,0.073,0.103,1
"Usp19",0.623361071409953,-0.29087992794226,0.073,0.103,1
"Lrig3",0.623361071409953,-0.489407111099956,0.073,0.103,1
"Mettl3",0.623361071409953,-0.251768442064729,0.073,0.103,1
"Psme1",0.623361071409953,-0.363505341097072,0.073,0.103,1
"Sema5a",0.623361071409953,-0.283295082557951,0.073,0.103,1
"Mrpl18",0.623361071409953,-0.415850116962479,0.073,0.103,1
"Tap2",0.623361071409953,-0.273088386793283,0.073,0.103,1
"Cebpzos",0.623361071409953,-0.331085185967531,0.073,0.103,1
"Arap3",0.623361071409953,-0.277320764578578,0.073,0.103,1
"Sh3tc2",0.623361071409953,-0.282310597579315,0.073,0.103,1
"Cul4b",0.623361071409953,-0.36420423383927,0.073,0.103,1
"Abcb7",0.623361071409953,-0.414481440911323,0.073,0.103,1
"Tmem87a",0.624592317830222,-0.25797676996862,0.146,0.172,1
"Ahcyl1",0.624592317830222,-0.35447655818957,0.146,0.172,1
"Klhl7",0.624592317830222,-0.501575494836876,0.146,0.172,1
"Myl6",0.624592317830222,-0.520584238956428,0.146,0.172,1
"Gap43",0.624592317830222,-0.423584934973533,0.146,0.172,1
"Jakmip2",0.624592317830222,-0.360748957348625,0.146,0.172,1
"Phactr3",0.626144149174865,-0.486412073938787,0.268,0.276,1
"Nfe2l2",0.627267893912789,-0.257778999659946,0.098,0.138,1
"Arhgap45",0.632003775227955,-0.262079118824601,0.659,0.552,1
"Nrg1",0.635100113711615,-0.272633905551336,0.171,0.207,1
"Clasrp",0.636971511758132,-0.542410762958287,0.268,0.276,1
"Slc24a3",0.637878568031226,-0.522161123130455,0.293,0.31,1
"D5Ertd579e",0.637975667632535,-0.404596187648956,0.146,0.172,1
"Cpt1c",0.637975667632535,-0.374381566827103,0.146,0.172,1
"Slf1",0.637975667632535,-0.352425871071363,0.146,0.172,1
"Smc3",0.637975667632535,-0.280318002084828,0.146,0.172,1
"Atp9a",0.638842400709566,-0.32898114570142,0.195,0.207,1
"Insig2",0.640830587417261,-0.279879525262957,0.073,0.103,1
"Ndufb5",0.640830587417261,-0.295625056859859,0.073,0.103,1
"Dclk2",0.640830587417261,-0.342200608021639,0.073,0.103,1
"Psma5",0.640830587417261,-0.264452341142733,0.073,0.103,1
"Fis1",0.640830587417261,-0.253703799259543,0.073,0.103,1
"Nek1",0.640830587417261,-0.361843257396806,0.073,0.103,1
"Wdr61",0.640830587417261,-0.36630125887616,0.073,0.103,1
"Gm15283",0.640830587417261,-0.267531449749907,0.073,0.103,1
"Ttc9",0.640830587417261,-0.368846530615976,0.073,0.103,1
"Arid4a",0.64777070886437,-0.432282279872535,0.341,0.31,1
"ENSMUSG00000120058",0.647876944007641,0.254770641329335,0.293,0.241,1
"Rpl3",0.647876944007641,-0.314085312866647,0.268,0.276,1
"Kansl1",0.649577638276849,-0.339019263151863,0.61,0.621,1
"Hnrnpr",0.651478062928024,-0.42219249542074,0.146,0.172,1
"Lztfl1",0.651478062928024,-0.265370001968247,0.146,0.172,1
"Ifngr1",0.651478062928024,-0.533865906948416,0.146,0.172,1
"Yy1",0.651478062928024,-0.377990374062619,0.146,0.172,1
"Rgl1",0.652010739644121,0.272044108746068,0.146,0.103,1
"Lpin2",0.652141341981749,0.293840574397317,0.366,0.31,1
"Sfpq",0.653443862581607,-0.399013046568175,0.317,0.31,1
"Plxna4",0.656804691876379,-0.434242241273693,0.415,0.379,1
"Serinc1",0.656804691876379,-0.447026663985601,0.415,0.379,1
"Capza2",0.658066349597379,0.271287499243889,0.366,0.276,1
"Ncbp3",0.658265753478578,-0.290686012342373,0.146,0.172,1
"Zcchc17",0.658501368752618,-0.282200341475415,0.073,0.103,1
"Zfc3h1",0.658501368752618,-0.379131927961892,0.073,0.103,1
"Drosha",0.658501368752618,-0.303164805885254,0.073,0.103,1
"5031425E22Rik",0.658858463474583,-0.393002683466291,0.268,0.276,1
"Ggnbp2",0.658858463474583,-0.267946683836492,0.268,0.276,1
"Aff1",0.660365881387206,-0.504158397186938,0.171,0.207,1
"Myrf",0.663427628908164,-0.417448295643646,0.195,0.207,1
"Hdac9",0.664525516619809,0.389560951982057,0.317,0.241,1
"Fam135a",0.665095738006284,-0.336075102861848,0.146,0.172,1
"Eif3j1",0.665095738006284,-0.345364195325206,0.146,0.172,1
"Arhgef6",0.665095738006284,-0.336998760819346,0.146,0.172,1
"G3bp2",0.665773788166474,-0.289475982745797,0.195,0.241,1
"Il33",0.667735342333466,-0.306560646432381,0.463,0.448,1
"Elp4",0.668741675147372,-0.478503403579011,0.244,0.241,1
"Rgs10",0.669191353394455,0.257889648813165,0.341,0.276,1
"Kdm4c",0.669632333106096,0.290263574611347,0.22,0.172,1
"A330049N07Rik",0.673422842636811,-0.441352888240623,0.22,0.241,1
"Myo1d",0.674049660450394,-0.423191221361046,0.512,0.483,1
"Pik3c2b",0.675859667491819,-0.470672688542993,0.195,0.207,1
"Nipa2",0.675859667491819,-0.337244640683767,0.195,0.207,1
"Ccnyl1",0.676364960990776,-0.29484810843788,0.073,0.103,1
"Igf1r",0.676385833732941,-0.419829401198463,0.415,0.379,1
"Lsamp",0.677545751869181,-0.289974943148333,0.512,0.552,1
"Dcun1d5",0.678824813001374,-0.252369644266151,0.146,0.172,1
"Ccdc47",0.678824813001374,-0.366413783113607,0.146,0.172,1
"Atp5j",0.678824813001374,-0.28591501816195,0.146,0.172,1
"Ndufa6",0.686024901952078,-0.354538083493511,0.171,0.207,1
"Cox6a1",0.688380732139824,-0.290553616585714,0.195,0.207,1
"Lrrc28",0.688380732139824,-0.418093374174762,0.195,0.207,1
"Eya3",0.69266129707709,-0.322700837010009,0.146,0.172,1
"Sgce",0.69266129707709,-0.377255459015381,0.146,0.172,1
"Bfar",0.69266129707709,-0.358941237454287,0.146,0.172,1
"Tmem68",0.696925090802907,-0.352863203792954,0.122,0.138,1
"Gcn1",0.696925090802907,-0.334701631383065,0.122,0.138,1
"Agpat5",0.696925090802907,-0.389131593387216,0.122,0.138,1
"Gm11659",0.696925090802907,-0.359065684065542,0.122,0.138,1
"Vps41",0.697249950672438,-0.310779801873971,0.22,0.241,1
"Atl3",0.70098778809372,-0.360932214537617,0.195,0.207,1
"Arhgap35",0.702376480208953,0.260910690062562,0.22,0.207,1
"Specc1",0.703863757752971,0.28032445669256,0.537,0.483,1
"Nfasc",0.706002078528473,-0.34799730223899,0.488,0.414,1
"Ambra1",0.706168790982787,-0.427221979413372,0.415,0.379,1
"Desi2",0.706601091796137,-0.316750574657428,0.146,0.172,1
"Prr14l",0.706601091796137,-0.275615599602414,0.146,0.172,1
"Tbc1d9",0.706601091796137,-0.26660155794313,0.146,0.172,1
"Khdrbs1",0.709278245839943,-0.317451731120369,0.22,0.241,1
"Tax1bp1",0.711882095419846,-0.288057448784807,0.317,0.31,1
"Orc2",0.712145655353426,-0.330006668149467,0.122,0.138,1
"Accs",0.712145655353426,-0.367868294222951,0.122,0.138,1
"Jtb",0.712145655353426,-0.342438846325044,0.122,0.138,1
"Rasal1",0.712145655353426,-0.450962772845643,0.122,0.138,1
"Hspa9",0.712145655353426,-0.365658364939196,0.122,0.138,1
"Copa",0.7136777294994,-0.340356829692254,0.195,0.207,1
"Gm43713",0.7136777294994,-0.28443987454574,0.195,0.207,1
"Ecpas",0.7136777294994,-0.338111279117733,0.195,0.207,1
"Soga3",0.7136777294994,-0.285023036163799,0.195,0.207,1
"Cox7b",0.7136777294994,-0.365785689671515,0.195,0.207,1
"Kcnd2",0.715319905947146,0.512730635706504,0.244,0.207,1
"Afap1l1",0.715494646625063,-0.403229761429182,0.244,0.241,1
"Litaf",0.719428419318057,-0.396789739532443,0.341,0.345,1
"Asxl1",0.724088264391932,-0.385270591774807,0.293,0.31,1
"Ugp2",0.726447381651639,-0.589403678738181,0.195,0.207,1
"Ipo9",0.727481773250622,-0.251056329099691,0.122,0.138,1
"Cr1l",0.727481773250622,-0.309161806214678,0.122,0.138,1
"Eif2s2",0.727481773250622,-0.377247446876015,0.122,0.138,1
"Slc9a8",0.727481773250622,-0.310607262314988,0.122,0.138,1
"Coro1c",0.727481773250622,-0.521005061557886,0.122,0.138,1
"Tbcel",0.727481773250622,-0.433873044860775,0.122,0.138,1
"H2bc6",0.727481773250622,-0.30146071374642,0.122,0.138,1
"Spast",0.727481773250622,-0.751375890927814,0.122,0.138,1
"Sel1l",0.734773702875227,-0.550346319765942,0.146,0.172,1
"Nrxn3",0.735143233301089,0.264186397913601,0.293,0.31,1
"Tmem30a",0.739293503333838,-0.289654263009939,0.195,0.207,1
"Hdac8",0.739293503333838,-0.354634181175632,0.195,0.207,1
"Atf2",0.742927830270965,-0.347860197295623,0.122,0.138,1
"Casd1",0.742927830270965,-0.306794004270645,0.146,0.103,1
"Folh1",0.742927830270965,-0.266860603707784,0.122,0.138,1
"Vps35",0.742927830270965,-0.250155408608321,0.122,0.138,1
"Ern1",0.742927830270965,-0.345998813240174,0.122,0.138,1
"Dnal1",0.742927830270965,-0.473285021676731,0.122,0.138,1
"Sucla2",0.742927830270965,-0.258814118129122,0.122,0.138,1
"Rps4x",0.742927830270965,-0.392313714129902,0.122,0.138,1
"Camk2g",0.743805679928556,-0.326726034173316,0.171,0.172,1
"Gm20528",0.743810695041925,-0.355328348302054,0.171,0.172,1
"Hapln2",0.748979422662554,-0.283751028101138,0.366,0.345,1
"Crebrf",0.749196145624697,-0.302457398816078,0.268,0.276,1
"Ubr2",0.751272969982055,-0.320235861098653,0.341,0.345,1
"Pibf1",0.752260775862285,-0.408181047995322,0.22,0.207,1
"Rev3l",0.758092705306687,-0.250636425562627,0.22,0.241,1
"Fcrls",0.758211473494244,0.281966022896782,0.512,0.448,1
"Vps13d",0.758478079244348,-0.6690552132725,0.122,0.138,1
"Park7",0.758478079244348,-0.292326181907465,0.122,0.138,1
"B230206H07Rik",0.758478079244348,-0.287310150211624,0.122,0.138,1
"Usp3",0.758478079244348,-0.30514557384011,0.122,0.138,1
"Gabbr1",0.759032796372295,0.268988034566308,0.439,0.379,1
"Akap9",0.761013746413358,-0.253974788359902,0.317,0.31,1
"Ikbkb",0.76254830659609,0.433392421789529,0.122,0.103,1
"Rapgef1",0.76520187254716,-0.427002978049451,0.195,0.207,1
"Rnf38",0.76520187254716,-0.275854763284365,0.195,0.207,1
"Aatk",0.76613984913826,-0.25526542768837,0.415,0.448,1
"Lyst",0.768083379211864,0.284549473824196,0.268,0.241,1
"Clu",0.77143464118077,-0.290609445147394,0.171,0.172,1
"Gm49797",0.77143464118077,-0.351876766660355,0.171,0.172,1
"Rnf10",0.774126646397202,-0.259862518425355,0.122,0.138,1
"Ten1",0.774126646397202,-0.27033718081743,0.122,0.138,1
"Ndfip2",0.774126646397202,-0.280258550091807,0.122,0.138,1
"Pdpk1",0.774126646397202,-0.321321721176854,0.122,0.138,1
"Ndst1",0.774126646397202,-0.264151514449631,0.122,0.138,1
"E130308A19Rik",0.775452297789844,-0.373349144776232,0.244,0.241,1
"Far1",0.775452297789844,-0.368717609685743,0.244,0.241,1
"Acp1",0.77905176663518,0.264000094721469,0.122,0.103,1
"Rpl8",0.783175510321124,-0.425614075836718,0.317,0.31,1
"Tnik",0.785358558451109,-0.263211531339349,0.171,0.172,1
"Ube2m",0.785358558451109,-0.343870962812348,0.171,0.172,1
"Anapc10",0.785358558451109,-0.295455747447566,0.171,0.172,1
"Lrpap1",0.789867537951822,-0.264297496250453,0.122,0.138,1
"Lacc1",0.789867537951822,-0.265727537389551,0.122,0.138,1
"Alcam",0.789867537951822,-0.336424160016839,0.122,0.138,1
"Zfp236",0.789867537951822,-0.262396299153542,0.122,0.138,1
"Alkbh1",0.790378808263322,-0.38307141457017,0.22,0.207,1
"Ep300",0.790378808263322,-0.528530707236151,0.22,0.207,1
"Ddx39b",0.791375671810816,-0.271990307994891,0.195,0.207,1
"Fbxo7",0.792053602488042,0.28974593582328,0.195,0.172,1
"Becn1",0.79565544936759,0.334411698401943,0.122,0.103,1
"AU040320",0.799351493937841,-0.2818875960388,0.171,0.172,1
"Chn2",0.803720982344842,-0.264538061550989,0.512,0.483,1
"Zfp740",0.80388497390616,-0.30208897555275,0.268,0.241,1
"Dis3l2",0.804553370163901,-0.358544542432409,0.195,0.207,1
"Grn",0.804553370163901,-0.34857644888217,0.195,0.207,1
"Fbxl17",0.809829654024843,-0.446028121515216,0.39,0.345,1
"Efnb3",0.8121070510748,-0.367308456282099,0.244,0.241,1
"Mrtfb",0.813409155052015,-0.522437211699499,0.171,0.172,1
"Adap2os",0.815912290312743,0.267266081888536,0.268,0.241,1
"Smarca5",0.817786836286678,-0.258789888752902,0.195,0.207,1
"1700085D07Rik",0.821601760425823,-0.277845290595467,0.122,0.138,1
"Apbb1ip",0.82231221577583,-0.28566420693588,0.585,0.517,1
"Rabac1",0.82442175313763,-0.283274099547464,0.268,0.207,1
"Cfl2",0.828335551489058,-0.351900560236335,0.293,0.276,1
"Slc30a4",0.829134678582676,0.315189197539966,0.122,0.103,1
"Adrb1",0.829134678582676,0.318920702797911,0.122,0.103,1
"Gm12353",0.829430310461132,-0.280480892930109,0.415,0.379,1
"Sem1",0.835983575147001,-0.25821248785218,0.171,0.138,1
"Slc7a15",0.835983575147001,-0.527610667008159,0.171,0.138,1
"Zbed6",0.83670448527172,-0.285982824556849,0.098,0.103,1
"Mrps14",0.83670448527172,-0.260113797572548,0.098,0.103,1
"Smu1",0.83670448527172,-0.33883845831175,0.098,0.103,1
"Zkscan1",0.83670448527172,-0.468463330164397,0.098,0.103,1
"Ddx19b",0.83670448527172,-0.357086686278885,0.098,0.103,1
"Gm46218",0.83670448527172,-0.283617509442685,0.098,0.103,1
"Ddx21",0.83670448527172,-0.305187233834287,0.098,0.103,1
"Cpsf3",0.83670448527172,-0.360282756811549,0.098,0.103,1
"Pak1ip1",0.83670448527172,-0.300875082536253,0.098,0.103,1
"Prkacb",0.837733638525098,-0.454539773059826,0.22,0.172,1
"Zfp608",0.840008571991941,-0.271399778553163,0.293,0.276,1
"Cmip",0.849178313390643,-0.320488601658135,0.244,0.241,1
"Rnf169",0.851716885977721,0.26851850476316,0.293,0.276,1
"Atm",0.854633671574694,-0.402828124054254,0.098,0.103,1
"Sox4",0.854633671574694,-0.459354641223901,0.098,0.103,1
"Tmem170b",0.854993879767965,-0.349680578330081,0.22,0.207,1
"Eif4g2",0.861614219042421,-0.305235047353772,0.244,0.241,1
"Dars",0.862927172296677,-0.254452052806996,0.122,0.103,1
"Usp32",0.8639697927293,-0.362216025538347,0.341,0.31,1
"Micu1",0.865488966819856,-0.343453374477982,0.171,0.138,1
"Rlim",0.872638238335363,-0.366157776619235,0.098,0.103,1
"Arglu1",0.872846353916155,-0.289026767841689,0.415,0.414,1
"Olfml1",0.877929111875623,-0.370237623268523,0.22,0.172,1
"Pkm",0.884513949701788,-0.279391761770069,0.171,0.172,1
"Acadl",0.890709022928842,-0.287440937052362,0.098,0.103,1
"Slx4ip",0.890709022928842,-0.335021257285632,0.098,0.103,1
"Man2a2",0.890709022928842,-0.411486689003196,0.098,0.103,1
"Tmbim4",0.890709022928842,-0.419728077935065,0.098,0.103,1
"Crppa",0.890709022928842,-0.316739418615655,0.098,0.103,1
"Atad2b",0.891019675644652,0.271574227892867,0.268,0.276,1
"Htt",0.891403217115909,-0.330756766102,0.22,0.172,1
"Ndel1",0.891403217115909,-0.370711208985423,0.22,0.172,1
"Sf3b1",0.892892425781678,-0.263658553229549,0.415,0.379,1
"Parg",0.895183072572432,-0.347010312686621,0.171,0.138,1
"Gm43362",0.89697238676805,-0.464400685119177,0.122,0.103,1
"Ngdn",0.89697238676805,-0.256984375637064,0.122,0.103,1
"Hsd17b12",0.898662713534545,-0.421269041860198,0.146,0.138,1
"Ilf3",0.898662713534545,-0.271698829658088,0.146,0.138,1
"Sbf1",0.898852376868024,-0.364840751203835,0.293,0.276,1
"Tgfb1",0.898866601197482,-0.276310917710792,0.171,0.172,1
"Rnf180",0.901187644899091,-0.294803754916872,0.268,0.241,1
"4930581F22Rik",0.907418193663541,-0.345179457161328,0.22,0.207,1
"Rcbtb2",0.907418193663541,-0.277381297086145,0.22,0.207,1
"Gm33989",0.911671287068375,-0.663941949580308,0.268,0.207,1
"Dync2h1",0.914070453241003,-0.346173855247075,0.122,0.103,1
"Megf9",0.927012093046615,-0.293014073322617,0.098,0.103,1
"Erh",0.927012093046615,-0.495128247714529,0.098,0.103,1
"Prkd3",0.927666697905631,-0.279041144865326,0.171,0.172,1
"Cramp1",0.929744760205968,-0.433954064268764,0.146,0.138,1
"Pdss1",0.931208381348136,-0.328714565903035,0.122,0.103,1
"Arnt2",0.933797186397823,-0.312260967590529,0.22,0.207,1
"Rab2a",0.941375049665243,-0.264462098354465,0.317,0.276,1
"Nfe2l3",0.941850569015136,-0.392399007054991,0.244,0.207,1
"Asxl3",0.945329084558507,-0.315726406530113,0.146,0.138,1
"Hdac7",0.948378265662938,-0.458638116103698,0.122,0.103,1
"Cdk11b",0.957947857845544,-0.257747651477049,0.195,0.172,1
"Hcn2",0.960934360207156,-0.50800335326078,0.146,0.138,1
"Adipor2",0.963686948689841,-0.263244586301365,0.488,0.414,1
"Nek7",0.964216683407817,-0.440058625800333,0.317,0.241,1
"Mgat4a",0.964804741659819,-0.328040158747803,0.317,0.276,1
"Stxbp6",0.964804741659819,-0.314746717028144,0.317,0.276,1
"Slc44a1",0.968628792092153,-0.281139949580727,0.488,0.379,1
"Serinc5",0.971958022318799,-0.333226512874959,0.195,0.172,1
"Pcf11",0.976554618309938,-0.259438350312043,0.146,0.138,1
"Cep97",0.976554618309938,-0.324856601824647,0.146,0.138,1
"Mir6236",0.982667331148528,-0.26190415180331,0.341,0.276,1
"Sdk1",0.985976845483315,-0.330951718994982,0.195,0.172,1
"Fbxo32",0.985976845483315,-0.330798943449479,0.195,0.172,1
"Bicral",0.985976845483315,-0.419025746063042,0.195,0.172,1
"Gm28376",0.988609055273668,-0.520794956015023,0.341,0.31,1
"Tpd52",0.992988018674569,-0.303128688581911,0.195,0.172,1
"Ftl1",0.993533292696119,-0.384762392876987,0.244,0.207,1
"Rnf13",1,-0.394996114217747,0.561,0.517,1
