"","p_val","avg_log2FC","pct.1","pct.2","p_val_adj"
"Rn18s-rs5",7.35130019499781e-26,-1.04624960561577,1,1,2.56317783898989e-21
"Kcnd2",2.82747837711789e-15,2.43473601645617,0.83,0.448,9.85856885749693e-11
"Dlg2",9.44465235610915e-15,1.50897767692574,0.933,0.586,3.29306693700458e-10
"Tenm3",1.83988234064571e-14,2.67477000925828,0.662,0.086,6.4151177571294e-10
"Dlgap1",3.15207941657026e-14,1.60544177933714,0.927,0.586,1.09903553017555e-09
"Kcnb2",7.28888390755627e-14,2.44208792978165,0.702,0.19,2.54141515204764e-09
"Epha5",1.07181882024521e-13,2.45050053523908,0.685,0.155,3.73711068054896e-09
"2610307P16Rik",4.10319535267991e-13,-1.8780096251285,0.087,0.379,1.4306611236189e-08
"Celf2",1.14254529669431e-12,1.13616654791979,0.977,0.845,3.98371268598407e-08
"Prkg1",1.29766883017931e-12,2.29316574522095,0.676,0.172,4.52458191018621e-08
"Prkca",2.96768729497543e-12,2.18827443972485,0.629,0.103,1.03474352913908e-07
"Nav2",3.6792850076355e-12,1.56939127954264,0.755,0.241,1.28285630361227e-07
"Grin2b",4.89208461053625e-12,1.22997292613117,0.874,0.466,1.70572314115567e-07
"Chsy3",5.85802255177014e-12,2.13778444438011,0.611,0.103,2.04251672312569e-07
"Ahi1",5.89455216386915e-12,1.30028765024505,0.85,0.397,2.05525350297626e-07
"Myo16",7.15126597081777e-12,2.21705944344166,0.605,0.121,2.49343190604503e-07
"Dlgap2",9.66589639951716e-12,1.46553423298081,0.798,0.31,3.37020809761965e-07
"Gabrb3",2.08191002528906e-11,1.77045237034191,0.805,0.379,7.25899568517535e-07
"Mctp1",2.1934555337538e-11,2.36887482242697,0.526,0.034,7.64792140953937e-07
"Cpne4",1.0954148158387e-10,1.77298660660444,0.634,0.138,3.81938283838478e-06
"Dgki",1.11773224711525e-10,1.59548801088206,0.689,0.207,3.89719702601674e-06
"Ptpro",1.34055611767166e-10,1.71115099951382,0.628,0.155,4.67411701548579e-06
"Grm5",2.94851273246008e-10,1.6016388983053,0.7,0.224,1.02805793442686e-05
"Cacna1e",4.53189842355574e-10,2.03839935129362,0.494,0.052,1.58013702334118e-05
"Il1rapl1",5.33756300377391e-10,1.03553465802141,0.918,0.741,1.86104809252585e-05
"Cpa6",5.719128276215e-10,3.08021559059371,0.432,0,1.99408845606788e-05
"Epha6",5.99828712770233e-10,1.6705123591652,0.645,0.19,2.09142277281597e-05
"Nalf1",6.05334947756738e-10,0.957361377230402,0.935,0.603,2.11062136234342e-05
"Dab1",1.21148859499341e-09,0.852278912476997,0.739,0.293,4.22409728416351e-05
"Dpp6",1.65348321870928e-09,1.55032139764513,0.866,0.517,5.76519993867363e-05
"Cadps",1.99499753581169e-09,1.05047948044651,0.852,0.466,6.95595790811463e-05
"Pcbp3",2.11742156925153e-09,0.902415405681653,0.849,0.362,7.38281378550932e-05
"Gria4",2.62729081262e-09,1.0646406737538,0.891,0.534,9.16057487636216e-05
"Ppfia2",4.59332024934516e-09,1.03082771818544,0.854,0.431,0.000160155297133918
"Cacna2d1",5.1806516389064e-09,1.20022434229937,0.791,0.397,0.000180633780693749
"Nkain2",5.20894519456359e-09,1.14200575486743,0.813,0.431,0.000181620292098849
"E130114P18Rik",7.07275750100147e-09,-0.853180863711891,0.009,0.103,0.000246605835787418
"Prickle1",8.93098005698825e-09,1.4534803364847,0.56,0.121,0.000311396481647009
"Lrrc7",9.44571265842916e-09,0.925107673708123,0.844,0.466,0.00032934366326145
"Mir100hg",1.00645007403297e-08,-1.47023145702351,0.172,0.431,0.000350918947313076
"Sybu",1.03140948484547e-08,1.48680435582446,0.577,0.155,0.000359621545081071
"Dync1i1",1.46409656756122e-08,1.49164719243799,0.671,0.276,0.000510486550211572
"Sox6",2.61360658698296e-08,-1.12605028432384,0.023,0.155,0.00091128620868335
"Nfia",2.98233758344704e-08,-1.32974765656284,0.151,0.414,0.00103985164522048
"Samd12",3.02215995234271e-08,1.19387503603963,0.633,0.19,0.00105373651058333
"Tnik",3.40800661242891e-08,0.952268545025434,0.787,0.362,0.00118826966555559
"Rap1gds1",3.6756310438514e-08,1.47396499179325,0.535,0.121,0.00128158227605967
"Kalrn",4.42815294703168e-08,0.932061830668038,0.723,0.328,0.00154396408804154
"Mef2a",5.0789691622159e-08,1.16551213866512,0.521,0.103,0.00177088417778982
"Zfp385b",5.17763556972317e-08,1.02845399390972,0.771,0.328,0.00180528619409538
"Grin1",5.27474534435727e-08,1.04201626987412,0.649,0.207,0.00183914545921705
"Mrtfb",7.09852007481631e-08,1.2288251622068,0.499,0.086,0.0024750409944862
"Kcnj3",7.2731726644274e-08,1.1518914115293,0.705,0.293,0.0025359371129059
"Nfib",1.04672971782406e-07,-1.17880835136646,0.387,0.655,0.00364963250713716
"Negr1",1.14663866435076e-07,0.818697991850515,0.951,0.621,0.00399798503099178
"Snhg14",1.21110309244932e-07,0.942907403415766,0.734,0.293,0.00422275315244304
"Ryr2",1.29942508674368e-07,1.17530952913503,0.649,0.224,0.00453070544994918
"Ano4",1.30375053853853e-07,1.21726133030915,0.591,0.19,0.0045457870027223
"Cacna1c",1.30665973148289e-07,1.0485823711788,0.779,0.379,0.0045559304857614
"Fgf12",1.3258603256609e-07,1.00126648228912,0.841,0.552,0.00462287719748184
"Limch1",1.3363712074665e-07,1.46102648535349,0.452,0.086,0.00465952548907345
"Adgrl3",1.37786193397271e-07,1.1441921694168,0.661,0.276,0.00480419120518266
"Grm8",1.72403948906678e-07,1.58801148348232,0.49,0.103,0.00601120848652915
"Robo2",2.6957215771966e-07,-1.11090492322395,0.694,0.793,0.0093991724232114
"Tmtc1",3.0082855389519e-07,1.46841443785207,0.349,0.017,0.0104889891886636
"Fam184a",3.18925426544441e-07,1.23846341545238,0.507,0.121,0.011119972847325
"Slc4a4",3.22051147896046e-07,1.25240710870379,0.491,0.121,0.0112289573736915
"Pantr1",3.25220495278992e-07,-1.14355691838102,0.034,0.172,0.0113394630088926
"Ccnd2",3.98256648000949e-07,-1.71860897233717,0.076,0.259,0.0138860145458491
"Pla2g3",5.2184022221216e-07,1.4352569155593,0.318,0,0.0181950030278714
"Cntnap4",5.22507127918495e-07,1.51917443818766,0.423,0.069,0.0182182560291342
"Plxna4",5.82989181057241e-07,-1.21581906121543,0.21,0.466,0.0203270837759228
"Dscam",6.27209407272281e-07,1.12254836043168,0.609,0.207,0.0218689104033626
"Syne1",6.63179727574365e-07,0.854965109812202,0.756,0.345,0.0231230875613354
"Lgr5",6.6661124781513e-07,1.11070296791575,0.382,0.034,0.0232427343775701
"Adgrb3",6.94140527203652e-07,0.78580063814979,0.879,0.5,0.0242025977620097
"Nebl",7.42156378349341e-07,1.32746803402758,0.427,0.069,0.0258767664439065
"Camk2a",7.70786767984043e-07,1.03380041325292,0.484,0.103,0.0268750222392996
"Stxbp6",8.42703784702043e-07,1.56006846779147,0.421,0.086,0.0293825528612061
"Zbtb20",9.25725860584412e-07,-1.41434994409385,0.671,0.741,0.0322772835809967
"Etl4",9.47392101265212e-07,1.95272780054049,0.467,0.121,0.0330327203948141
"Arpp21",9.49191656161736e-07,0.96412959343066,0.734,0.414,0.0330954654753912
"Lrfn5",1.05078820659956e-06,1.13992934527401,0.515,0.155,0.0366378323995067
"Prokr2",1.18207321024507e-06,-0.759010474488027,0.013,0.103,0.0412153466216148
"Epha3",1.34505845003387e-06,0.819847414892559,0.451,0.086,0.0468981529773311
"Msi2",1.34717514695833e-06,-1.21506009466144,0.435,0.638,0.0469719558489961
"Ank3",1.39439390430018e-06,0.663931854821957,0.843,0.466,0.0486183322612344
"Ildr2",1.55066296248703e-06,1.15928139668921,0.429,0.086,0.0540669655130353
"Neto1",1.71228493556024e-06,1.27245945873047,0.433,0.086,0.0597022388481788
"Lrrtm4",1.72438713820066e-06,0.999817835459703,0.746,0.414,0.0601242063476426
"Tmeff2",1.84473378561229e-06,1.25729133582596,0.584,0.224,0.0643203329029436
"Sema6a",1.91311996478452e-06,1.3912994505677,0.294,0,0.066704753812142
"Syn2",2.19493100891378e-06,0.743793268791324,0.693,0.31,0.0765306594877966
"Plekha1",2.54081845859688e-06,0.921467334359235,0.413,0.069,0.0885907171958975
"Dpp10",2.9308200319672e-06,0.951322413461291,0.857,0.638,0.1021889020546
"Plcb1",2.95679911649188e-06,0.890114740235596,0.85,0.603,0.103094714794723
"Olfm1",3.16826072446841e-06,-1.0171640685746,0.402,0.603,0.11046774668004
"Ppm1e",3.27943423417706e-06,0.883516101908623,0.838,0.534,0.114344033443052
"Mir99ahg",3.51687084465562e-06,-1.996771106404,0.145,0.345,0.122622735740607
"Ube2e2",3.52039225208754e-06,0.915751712708164,0.62,0.241,0.122745516653536
"Slc9a9",3.92649727074942e-06,0.827560813504455,0.518,0.155,0.13690518033922
"Tln2",4.01455840781153e-06,1.06424643868983,0.368,0.052,0.139975608005165
"Grik2",4.44202860758552e-06,0.825184161173931,0.807,0.466,0.154880211460684
"4930555F03Rik",4.5630318973181e-06,1.8196264213558,0.302,0.017,0.15909923316379
"Adamts19",5.25881757516064e-06,1.50489834590164,0.307,0.017,0.183359192393126
"Gm44829",5.89859432379821e-06,1.1042412215641,0.362,0.052,0.205666288287872
"Csgalnact1",5.91360706455199e-06,1.22473481429435,0.354,0.052,0.206189737519734
"Kcnq5",5.94789805212669e-06,1.22360436001993,0.578,0.259,0.207385361383501
"1700111E14Rik",6.11819028747107e-06,1.05549242526277,0.338,0.034,0.213322940753254
"Eml5",6.21440830220979e-06,0.828271446667348,0.633,0.259,0.216677774273149
"Rbfox3",6.33695856466311e-06,0.656632670327742,0.476,0.121,0.220950734274108
"Thoc2l",6.65282611953028e-06,1.00984837687363,0.355,0.052,0.231964088309662
"Tanc2",6.66474035745252e-06,0.640873814952275,0.783,0.414,0.232379502043297
"Rasa2",6.90773940124085e-06,1.01521113306499,0.491,0.138,0.240852149703065
"Fbxl17",7.00491168145738e-06,0.952965230725593,0.509,0.155,0.244240255597375
"Peg3",7.03590682048583e-06,0.923734094571549,0.461,0.121,0.245320963109879
"Ano3",7.30720233233944e-06,1.57757353209531,0.445,0.138,0.254780223721679
"Ppp1r12b",9.20542210126212e-06,0.74240438006514,0.638,0.259,0.320965452404706
"Gm3764",9.68113788220376e-06,-1.42244183949374,0.228,0.431,0.337552234538799
"Nol4",9.92741222988645e-06,-0.923190326522102,0.688,0.724,0.346139082219451
"Lrp1b",9.94338392681416e-06,1.24129693775309,0.783,0.552,0.346695967376229
"Foxn3",1.00215742433534e-05,-0.959317252924154,0.417,0.586,0.349422229143002
"Oxr1",1.04053797258347e-05,1.1346573394894,0.724,0.414,0.362804374900678
"Prkce",1.04130826421081e-05,0.823359856582462,0.549,0.19,0.363072952482382
"Kcnh5",1.12995380474225e-05,1.14225845858607,0.322,0.034,0.39398099309948
"Slc4a10",1.16420792242883e-05,0.749485789548342,0.606,0.224,0.40592437631326
"C130073E24Rik",1.28168338746954e-05,1.47822171617328,0.359,0.069,0.446884546709004
"Ctnna3",1.33237118048716e-05,0.988046575274232,0.484,0.155,0.464557859500458
"Dlc1",1.33450816950291e-05,0.943565826457514,0.399,0.086,0.465302963460578
"Ablim3",1.35675926187004e-05,0.889863015067057,0.451,0.121,0.473061251836227
"Lix1",1.42919080295311e-05,1.22177619999614,0.3,0.034,0.498315957265659
"Gm42439",1.63866794984544e-05,0.713715582095562,0.688,0.328,0.571354354072609
"Rbfox1",1.68872107505499e-05,1.21710487316066,0.738,0.517,0.588806377239425
"Syt6",1.7157213822118e-05,1.12379422068063,0.363,0.069,0.598220574335789
"Ahcyl2",1.72900333713283e-05,0.851702367587965,0.373,0.069,0.602851593558104
"Apc",1.82812269526587e-05,0.844686503010811,0.82,0.534,0.63741154015835
"Nrcam",1.85055535989804e-05,0.97068821041204,0.615,0.276,0.645233137335651
"Frmd3",1.85310832726229e-05,0.955767969386094,0.362,0.069,0.646123280466544
"Gng4",1.95526911882864e-05,1.04232520640003,0.311,0.034,0.681743683661981
"Chrm2",2.04969281866242e-05,1.04559954136757,0.33,0.052,0.714666395083025
"Prox1",2.09359754364101e-05,-0.920647797022412,0.023,0.121,0.72997465554131
"Me3",2.13131596067005e-05,0.819588526597911,0.44,0.121,0.743125936006827
"Asic2",2.13221041529668e-05,0.391854664935321,0.662,0.328,0.743437805501493
"Kcnma1",2.28113209088706e-05,0.885347467645821,0.688,0.328,0.795362326129591
"Rpl19",2.37332624608081e-05,-1.00516410814455,0.276,0.466,0.827507662220994
"Usp46",2.40021668106038e-05,0.933866698200792,0.385,0.086,0.836883550185324
"Large1",2.44721600013124e-05,0.65072533110424,0.643,0.293,0.853270802765759
"Fam171b",2.48984866016143e-05,0.762717893069307,0.591,0.241,0.868135532338487
"Grik3",2.60756477545132e-05,1.16411659781559,0.301,0.034,0.909179610256613
"mt-Rnr1",2.64527028024739e-05,-1.02045216617829,0.526,0.638,0.922326388613859
"Macrod2",2.91189008094107e-05,1.14942796698053,0.823,0.603,1
"Sinhcaf",3.08714241437077e-05,-0.666374963188469,0.018,0.103,1
"Arih1",3.30533616538846e-05,0.648339532302353,0.445,0.121,1
"Igf1r",3.3066255558323e-05,-1.06918449317041,0.404,0.569,1
"Pbx3",3.33064196681258e-05,0.300950469534296,0.83,0.466,1
"Gng2",3.37638638670504e-05,-1.28445070298148,0.14,0.31,1
"Dock10",3.52829017740023e-05,0.938422892508303,0.538,0.207,1
"Camk2b",3.55827283864043e-05,0.765675850406871,0.438,0.121,1
"Trank1",3.63811661757236e-05,0.852821219083637,0.379,0.086,1
"Gnai1",3.81940356069624e-05,0.899341934937649,0.478,0.172,1
"Gm36975",3.85410368515014e-05,1.11783996443043,0.288,0.034,1
"9530059O14Rik",3.85659503050662e-05,0.900714650061509,0.362,0.086,1
"Gm29260",4.23870471531168e-05,-0.763256089468855,0.018,0.103,1
"Otud7a",4.31663149084026e-05,0.76707709270436,0.459,0.138,1
"mt-Rnr2",4.39647433888287e-05,-1.04253713513789,0.687,0.776,1
"Pakap",4.45620066401118e-05,1.02904526682812,0.263,0.017,1
"Cntnap2",4.4768532314135e-05,0.978512182609549,0.813,0.552,1
"Prune2",4.98859620529976e-05,1.01681348276261,0.334,0.069,1
"Srrm3",5.63122080787889e-05,0.83308465217655,0.394,0.103,1
"Ppp2r2b",5.66189132752369e-05,0.828744884545059,0.541,0.224,1
"Pkig",6.02987750359537e-05,0.915719496954497,0.285,0.034,1
"Phactr1",6.09484881589786e-05,-1.37336915289422,0.507,0.655,1
"Gm17750",6.31598207110156e-05,-1.06219755894804,0.078,0.224,1
"Tenm2",6.71195350981988e-05,1.03247985237311,0.598,0.31,1
"Srrm2",6.94053737453148e-05,0.520472163054919,0.712,0.328,1
"Gabra5",7.13291522379431e-05,1.25584705213006,0.248,0.017,1
"Stmn2",7.43480622920198e-05,-0.921909762353652,0.302,0.483,1
"Spock3",7.75420485186985e-05,0.774646731271677,0.482,0.155,1
"Plppr5",7.90587508379962e-05,0.603790090448923,0.377,0.086,1
"Gpr158",8.12407688111858e-05,0.98287017313363,0.54,0.241,1
"Grm7",8.26499156785346e-05,0.843545806600458,0.493,0.19,1
"Pparg",8.64365621086158e-05,1.30863068088195,0.239,0.017,1
"Nrip3",9.00583844786738e-05,0.972461320188246,0.295,0.052,1
"Inpp5j",9.20628194923815e-05,0.951553489123181,0.215,0,1
"Klhl1",9.20628330074628e-05,1.9035219202513,0.215,0,1
"Fabp5",9.24489523656232e-05,-0.945998388302057,0.071,0.207,1
"Kif2a",9.37854685870179e-05,0.710027509389828,0.483,0.172,1
"Dock3",9.49031920241586e-05,0.469255876880278,0.766,0.414,1
"Cacna1d",9.70967841514484e-05,0.63018873944269,0.721,0.397,1
"Plppr4",0.000101219702217537,0.809328383826773,0.388,0.103,1
"Lin7a",0.000106635063431964,1.08322365914712,0.27,0.034,1
"Tiam1",0.000109203455331755,0.591651329474626,0.435,0.138,1
"Vps13b",0.000112479824544413,0.608545239924647,0.42,0.121,1
"Syt1",0.000119028749049568,0.4181637482809,0.885,0.69,1
"Atp1a3",0.000125348126101445,0.502635039110987,0.555,0.224,1
"Clk1",0.000126965185577159,0.784400309133648,0.351,0.086,1
"Hs6st2",0.000128069358137415,0.98419803772116,0.337,0.086,1
"2900079G21Rik",0.000128452748132317,1.02141893226537,0.207,0,1
"Sh3bgrl2",0.000131526236965512,1.02749612878584,0.261,0.034,1
"Snap91",0.000134285303232867,0.536332728057593,0.555,0.224,1
"Cdh18",0.000135216510080406,0.693713194057415,0.48,0.172,1
"Gm42583",0.000135735315857454,0.984385360150784,0.206,0,1
"Opcml",0.000137939714620136,0.486666659865747,0.813,0.517,1
"Ptprr",0.000143415634398918,0.962592707038144,0.205,0,1
"Hivep2",0.000144993216768737,0.595835975309614,0.754,0.414,1
"Brd4",0.000148394392064889,0.856931182070468,0.265,0.034,1
"Rapgef5",0.000148562826271806,0.966353876674115,0.261,0.034,1
"Adra1a",0.00015049195861083,0.950128960864688,0.266,0.034,1
"Hs3st5",0.000151607972038733,1.52463362314495,0.277,0.052,1
"Gm48678",0.000160387902806872,0.791782488737929,0.323,0.069,1
"Cpeb3",0.000165118881077212,0.702188755629609,0.52,0.207,1
"Fat3",0.000166922343377557,0.885105425750304,0.389,0.121,1
"Gm55122",0.00016781780752599,0.838910280600062,0.423,0.138,1
"C1qtnf4",0.000169666461986972,0.582734508529064,0.45,0.155,1
"Hmgcll1",0.000178023139367722,0.777601389247712,0.341,0.086,1
"Shank2",0.000178213481044785,0.789963811968176,0.316,0.069,1
"Npc2",0.0001847299527367,-0.684032750605061,0.037,0.138,1
"Chst11",0.00018855587613814,0.946020700626937,0.199,0,1
"Pcp4l1",0.000188555930043155,0.934295994977147,0.199,0,1
"Btbd1",0.000192163536905965,0.59706877836634,0.402,0.121,1
"Slc1a1",0.000196284874112384,0.881636859444618,0.232,0.017,1
"Slc8a1",0.000198654396540645,0.839407014427091,0.774,0.569,1
"Pnn",0.00020732108877119,0.556299545630399,0.462,0.155,1
"Gria3",0.000211373514997081,0.772028418625241,0.568,0.276,1
"Mapre3",0.000214007205490353,0.732071216163173,0.23,0.017,1
"Ap2a2",0.000221548336851856,0.868568447165147,0.228,0.017,1
"Trpc4",0.000223645003895616,1.04885427926253,0.222,0.017,1
"Slc25a3",0.000223842162918139,0.516595394668144,0.416,0.138,1
"Zfp398",0.000226650413713517,0.839369963597988,0.257,0.034,1
"Adcy2",0.000233694456485312,0.726687424016231,0.421,0.138,1
"Med12l",0.000237966741861869,0.839559578625508,0.227,0.017,1
"Zmat4",0.000240287793221255,0.437787790534603,0.633,0.276,1
"Phactr2",0.000247271886150293,0.969663094296479,0.193,0,1
"Stmn1",0.000248773552859159,-0.997992117126219,0.409,0.534,1
"Airn",0.000249605157288482,0.963029013021507,0.28,0.052,1
"Add2",0.00025543391076717,0.701199463688731,0.318,0.069,1
"Meis1",0.000259087140359248,0.869341511347581,0.33,0.086,1
"Pacsin1",0.000259161483113248,0.487972450547707,0.428,0.138,1
"Runx2",0.000262145677675949,0.928363939748116,0.309,0.069,1
"Csmd3",0.000269861055262782,0.563083489157774,0.766,0.466,1
"Chd7",0.000270605919865043,-1.1105139669536,0.156,0.31,1
"Gm12353",0.000286120757667884,0.983283684631224,0.38,0.121,1
"Kcnmb2",0.000286732085146557,-1.17876153914349,0.146,0.31,1
"Arhgef9",0.000291223140835812,0.585663415029304,0.394,0.121,1
"Rasa3",0.000293411329282733,0.833559012101204,0.221,0.017,1
"Pnisr",0.000293455120834328,0.446017822473146,0.66,0.31,1
"Rnf130",0.000298792275947775,0.764334408140868,0.338,0.086,1
"Slc6a6",0.000298857611623119,0.698671738148243,0.285,0.052,1
"Ica1",0.00030329103243631,0.831108143454449,0.271,0.052,1
"Ftx",0.000303408281316117,0.612850545648676,0.461,0.172,1
"Snap25",0.00031209128724839,0.446310973690171,0.896,0.707,1
"4732471J01Rik",0.000323528610411216,0.685983513009565,0.254,0.034,1
"Tcf4",0.000327453127191971,-0.695835791051924,0.86,0.845,1
"Scn3a",0.000329892406832394,0.741490389372618,0.382,0.121,1
"Rbfox2",0.000344795864754597,0.579421242094177,0.629,0.293,1
"Gm16351",0.000348776873167688,-1.09460916492432,0.157,0.31,1
"Ppp3cc",0.000359620491285004,0.807999561592577,0.346,0.103,1
"ENSMUSG00000120285",0.000359902472520095,1.23485747297596,0.184,0,1
"Clip4",0.000359902572986818,0.920198734022241,0.184,0,1
"Dmxl1",0.000366730580386473,0.588149407459079,0.41,0.138,1
"R3hdm1",0.000374600197156456,0.567255041489454,0.674,0.362,1
"Mef2d",0.000379578949717887,0.818691461368572,0.183,0,1
"Gm1976",0.000379579055471002,0.831128519335796,0.183,0,1
"Anks1b",0.000381370664998692,0.351975664736786,0.905,0.672,1
"Stxbp5l",0.000387042459386086,0.337730322236129,0.638,0.293,1
"Arhgap20",0.00039159685348372,0.715806937433281,0.279,0.052,1
"Gm32509",0.000396368711500092,0.849511559364758,0.326,0.086,1
"Ttc39c",0.000397983853986836,0.711244425229426,0.248,0.034,1
"Syt10",0.000404608802703999,1.00279150931681,0.213,0.017,1
"Basp1",0.000413810764950735,-0.892498833409685,0.537,0.621,1
"Nt5c2",0.000418100582545827,0.651309382283363,0.345,0.103,1
"Phb2",0.00043079891846308,-1.09246515708291,0.05,0.155,1
"Fth1",0.000433605439949274,-0.693506669028769,0.538,0.621,1
"Cdh10",0.000443023722911304,0.911799848286398,0.404,0.155,1
"Asb3",0.000443410368057165,0.448496735497558,0.339,0.086,1
"Ipcef1",0.00045051179444973,0.767652847778898,0.237,0.034,1
"Pou3f2",0.000454137284835043,-0.667332784275981,0.032,0.121,1
"Tshz1",0.000458631098759444,0.674671315738567,0.474,0.19,1
"Myo1b",0.000462532637181368,-0.716041555115643,0.032,0.121,1
"Rps6ka5",0.000466336593812371,0.786614564910613,0.24,0.034,1
"Garem1",0.000467468870868818,0.800991318450332,0.322,0.086,1
"Gria2",0.000472778924413947,0.419136417620218,0.95,0.793,1
"Cd2ap",0.000474323112442267,0.655738460919986,0.321,0.086,1
"Zfp207",0.000477803781697499,0.585953333437011,0.354,0.103,1
"Tomm5",0.000483422440250628,-0.840440549816027,0.05,0.155,1
"Pid1",0.000484726738896772,0.737256223630064,0.394,0.138,1
"Stk39",0.000499020268485413,0.540876529476545,0.405,0.138,1
"Grin2a",0.000504013609719107,0.529066044328957,0.537,0.259,1
"Rab40b",0.000506223961512316,0.743176271373621,0.241,0.034,1
"Chl1",0.000520390272701771,-1.25299890946894,0.073,0.19,1
"Srrm4",0.000521240920660579,0.608539196167503,0.422,0.155,1
"Hs3st2",0.000525017088486783,0.983637685112899,0.23,0.034,1
"9330162G02Rik",0.000525654753398543,0.365169382540165,0.59,0.259,1
"Aig1",0.000528223865356759,0.348768904092703,0.515,0.207,1
"Acap3",0.000542182991967425,-0.677975426880269,0.041,0.138,1
"2210408F21Rik",0.00054949259963335,0.867502699839882,0.174,0,1
"Lncpint",0.000560894587834355,0.431715939918463,0.46,0.172,1
"Gm45904",0.000579094931911705,0.954188799293246,0.173,0,1
"Mdga2",0.000586647801564454,0.694906488693653,0.835,0.569,1
"Dok6",0.000596294938555737,0.447769478846374,0.477,0.19,1
"A930017M01Rik",0.000600334760372198,0.840511959509265,0.232,0.034,1
"Snx7",0.000605422161592379,0.760001721798409,0.238,0.034,1
"Gars",0.000617430863748314,-1.03322051530079,0.096,0.224,1
"Gpr137c",0.00063546805298333,0.882586073975734,0.301,0.086,1
"Gtdc1",0.000637909334254386,0.65959916058919,0.439,0.172,1
"Oprm1",0.000641601324519893,0.799428522213875,0.34,0.103,1
"Klhl29",0.000649547265255059,0.740043627863262,0.318,0.086,1
"Lrrc4",0.000690633041298717,0.845021899667235,0.246,0.052,1
"Clk4",0.000691873297699982,0.718350536843911,0.334,0.103,1
"Gprc5b",0.000710700377994677,0.726069300847909,0.263,0.052,1
"Cacng3",0.000713676145055739,0.846822525990802,0.168,0,1
"Map3k1",0.000727816376480442,0.822540340381328,0.27,0.069,1
"Atpaf1",0.000761133384327472,0.720066932285353,0.199,0.017,1
"Kank3",0.000774364214562692,0.831740048679846,0.196,0.017,1
"Rab3b",0.000774411554310885,-0.862111167084051,0.043,0.138,1
"Plcxd3",0.000785482910553878,1.14188354312073,0.246,0.052,1
"Amph",0.000795053279609366,0.5021406278287,0.449,0.172,1
"Slf2",0.000797806661109831,0.350898164485431,0.294,0.069,1
"Ptprk",0.000799338105406264,1.09063720375148,0.321,0.103,1
"Gmds",0.000813947397037396,0.680130579569842,0.282,0.069,1
"Dock7",0.000834396537947843,-0.893183470490799,0.244,0.397,1
"Ctdspl",0.000845669972100618,0.388304915125363,0.199,0.017,1
"Nhsl1",0.000872114123394706,-0.867570019809973,0.043,0.138,1
"Prrc2c",0.000874586628907617,0.526790692074276,0.522,0.241,1
"Sox5",0.000888397262348522,-0.978033184725219,0.279,0.448,1
"Csmd1",0.000924182806443609,0.952285275679557,0.696,0.483,1
"Fbn2",0.000924817246721862,0.827349449761409,0.162,0,1
"Hdac9",0.000926107343483913,0.584160362208563,0.772,0.534,1
"Mrtfa",0.000929545891150193,0.741767430252747,0.274,0.069,1
"Mgat4c",0.000936200298335088,1.52965425693168,0.41,0.19,1
"Diaph2",0.000967489530965002,0.734587318397669,0.254,0.052,1
"Rgl1",0.000975370027079882,0.553807283429473,0.284,0.069,1
"Slmap",0.000977419556434367,0.69092530428597,0.226,0.034,1
"Gm44151",0.000992297569488352,0.776887112093846,0.218,0.034,1
"Zfp536",0.00100033002078319,-0.766591584026474,0.139,0.293,1
"Nfix",0.00103068695805626,-0.943849715578721,0.151,0.293,1
"Adamts3",0.00105274459046674,0.65981765410961,0.224,0.034,1
"Ttc8",0.00105592530141456,0.574773330105842,0.285,0.069,1
"Mbnl2",0.00105994562012473,0.376688438362653,0.449,0.172,1
"Tax1bp1",0.00106033083396421,0.368780321879353,0.316,0.086,1
"Senp7",0.0010605410471415,0.635598947689986,0.351,0.121,1
"9630028H03Rik",0.00106442784623423,0.647869888369551,0.421,0.172,1
"Dnaja2",0.00107253116524498,0.705634194036415,0.298,0.086,1
"Gm27032",0.00109378530179888,0.462914812688316,0.289,0.069,1
"Mon2",0.00109800589689171,0.67404176209646,0.217,0.034,1
"Rasgrf1",0.00110191608739383,0.438546561110037,0.539,0.241,1
"Susd4",0.00112032741043123,0.604576746439915,0.268,0.069,1
"Knop1",0.00113999252812739,0.636881255028483,0.191,0.017,1
"Rbm39",0.00114258739200438,0.536104506206251,0.806,0.5,1
"Tasp1",0.00114882458128095,0.483767457535661,0.224,0.034,1
"Dgkb",0.00116730595751383,0.772065441404007,0.733,0.534,1
"Rasgrf2",0.00116733207572855,0.569386889700691,0.299,0.086,1
"Trim62",0.0011815762431836,-0.92808694022835,0.056,0.155,1
"Cfl2",0.00118174633438689,0.527427025465205,0.28,0.069,1
"Lrba",0.00118756557900417,0.67450784872438,0.648,0.345,1
"Trpm3",0.00118806674710085,0.695559081055883,0.524,0.241,1
"Gm40841",0.00118812219045867,0.533362232033638,0.376,0.138,1
"Clvs2",0.00119578737811577,0.701846746870599,0.156,0,1
"Nsd3",0.00124230308320234,0.630399930452705,0.396,0.155,1
"C79798",0.00124459343071102,0.534609117919527,0.361,0.121,1
"Gm15614",0.00125371962683076,0.622847075253905,0.274,0.069,1
"Gucy1b1",0.00126583461660048,0.629632939434925,0.25,0.052,1
"Fus",0.00129235379305962,0.547547461928814,0.476,0.207,1
"Lgr6",0.00132380270161459,0.556446978107493,0.22,0.034,1
"Gm37340",0.0013244386926193,0.726886133195212,0.154,0,1
"Csnk1g3",0.00134851553033221,0.626082938472709,0.33,0.103,1
"Pacrg",0.00135951352968199,0.779025771224147,0.213,0.034,1
"Cstpp1",0.00138281267750669,0.438121983442904,0.365,0.121,1
"Vipr2",0.00140114132941071,0.754728880570444,0.211,0.034,1
"Tuba1a",0.00140951899356999,-0.880321947398361,0.462,0.552,1
"Dennd5b",0.00143789907216439,0.650581128687341,0.394,0.155,1
"Adarb1",0.00145388076911932,0.464009811631852,0.328,0.103,1
"Fam219a",0.00146101748846914,0.745560311518752,0.209,0.034,1
"Pkd1",0.00146992219214276,0.668450475284468,0.213,0.034,1
"Pacsin2",0.00148753400293984,0.602446633162967,0.239,0.052,1
"Mir124a-1hg",0.00150046181103024,0.464634663509485,0.501,0.224,1
"Slc25a12",0.00153339387918528,0.493238571552314,0.349,0.121,1
"Mtus2",0.00154749282249239,0.658393861550308,0.267,0.069,1
"Nyap2",0.00158025054326219,0.662894897134203,0.384,0.155,1
"Thada",0.00159267758972382,0.604715291307081,0.209,0.034,1
"Gprasp1",0.001622669925344,0.536866611547244,0.371,0.138,1
"Psme4",0.00162657787161861,0.578487945103949,0.439,0.19,1
"Nnat",0.00163504735237959,-1.16126830933225,0.209,0.345,1
"Fut9",0.00166161652193582,0.510709812906212,0.348,0.121,1
"Ythdf3",0.00170425644847676,0.470448127699188,0.246,0.052,1
"Hap1",0.00170525165544674,0.550752113691475,0.239,0.052,1
"H2az2",0.0017125377546595,-0.782038366906606,0.078,0.19,1
"Sipa1l1",0.00171662437240236,0.500967257656817,0.68,0.379,1
"Pdzd2",0.00174034085750853,0.693334759115988,0.335,0.121,1
"Cdc42se2",0.00176647162978125,0.378357265998648,0.302,0.086,1
"Tll1",0.00177122004590124,0.681013835934285,0.18,0.017,1
"Rapgef6",0.00177553996091761,0.542315307777685,0.373,0.138,1
"Baiap2",0.00177598083400245,0.618482342527637,0.267,0.069,1
"Kcnj6",0.00179446731499721,0.717799900150022,0.239,0.052,1
"Actn2",0.00179595469224066,0.723245105811105,0.146,0,1
"Sntg2",0.00180428070455903,0.635925901732405,0.211,0.034,1
"Taf1",0.00180608861688921,0.751037482437163,0.173,0.017,1
"Cox5a",0.00183197864531495,-0.862947226100205,0.279,0.414,1
"Sntg1",0.00188223779646934,0.568119599776951,0.71,0.431,1
"Magi3",0.00188366290129626,0.490730555389654,0.243,0.052,1
"Slit3",0.00190968788152355,0.861058707559319,0.229,0.052,1
"Tafa2",0.0019566722444222,-0.789940083569823,0.254,0.414,1
"Arl4c",0.00196266923111538,-0.724618019995159,0.029,0.103,1
"Cnksr2",0.00198962686874398,0.455576830177452,0.511,0.241,1
"2900027M19Rik",0.00200442100590203,0.50605638363523,0.257,0.069,1
"Arid1a",0.00200611987643701,-0.94383344391217,0.25,0.379,1
"Cux1",0.00204051252654538,0.550281921143663,0.365,0.138,1
"Cap2",0.00205103572000864,0.704724185649769,0.174,0.017,1
"Septin11",0.00206994924608363,0.332177166171045,0.285,0.086,1
"Gm45323",0.00208905607183043,0.831466786487675,0.143,0,1
"Esrrg",0.00209028214306409,0.719585406595512,0.35,0.138,1
"Inpp4a",0.00216541193694248,0.559981953929229,0.205,0.034,1
"Pip4k2a",0.00217027788222206,0.616495928131133,0.259,0.069,1
"Uchl1",0.00217160792651078,-1.35074961683721,0.205,0.328,1
"Gm43175",0.00219667699741438,0.689187853619334,0.141,0,1
"Rgs6",0.00220156210541398,1.17678474230143,0.199,0.034,1
"Ssbp2",0.00220970508120864,0.522176819403897,0.629,0.345,1
"Ptk2b",0.00223836200891152,0.532915540809239,0.263,0.069,1
"Oxct1",0.0022854791110534,0.288751938931183,0.462,0.207,1
"Msi1",0.00230249983065342,-0.563322046597726,0.029,0.103,1
"Relch",0.0023247338201005,0.521611514830106,0.293,0.086,1
"Zranb2",0.00232540267562755,0.352241045776527,0.578,0.276,1
"Cdca7",0.00234332320199049,-0.890194006384223,0.049,0.138,1
"Ppargc1a",0.00239929893332521,0.730996657254955,0.282,0.086,1
"Rufy2",0.00241952793925213,0.43538385316309,0.345,0.121,1
"Cdh4",0.00244609421284325,0.732107438074188,0.305,0.103,1
"Depdc5",0.00248604623485002,0.565147943673812,0.232,0.052,1
"Hs6st3",0.00250565460043718,1.03256323076651,0.402,0.19,1
"Map2k1",0.00250815968703441,0.38379054844271,0.299,0.086,1
"Srgap2",0.00250930089886056,-0.911868628151712,0.298,0.431,1
"Mapk1",0.00251968102256277,0.491801440200424,0.544,0.259,1
"Gm15738",0.00252193370231086,0.448712366029819,0.334,0.121,1
"Ikbip",0.0025233840533123,-0.653046830788702,0.039,0.121,1
"Tmem117",0.00253127351142025,0.636271649359702,0.278,0.086,1
"Map7d2",0.00258968407979678,0.646267632273163,0.249,0.069,1
"Cacna1i",0.0026834486704443,0.649482811375301,0.137,0,1
"Miat",0.00275005215011716,-1.24204367983649,0.084,0.19,1
"Ankhd1",0.00275814300332384,0.582587875847448,0.313,0.103,1
"Kcnh1",0.00276408775865892,0.425108503499286,0.202,0.034,1
"Taok1",0.002768166034459,0.302436419806914,0.309,0.103,1
"Carmil1",0.00277896159998528,0.592230412284155,0.327,0.121,1
"B3galt1",0.00279183946017152,0.51070192221161,0.66,0.379,1
"Terf1",0.00279459519795445,0.538497214442968,0.198,0.034,1
"Gm26854",0.00279638211257733,0.683407564234459,0.199,0.034,1
"Psmd11",0.00279718151382993,0.668702895055352,0.195,0.034,1
"Gm43362",0.00282060676195621,0.647764317766386,0.135,0,1
"Otud7b",0.00282448988784053,0.633497508233605,0.168,0.017,1
"Rnf217",0.00283294149042375,0.476364990430885,0.17,0.017,1
"Gm45321",0.0028350218024634,0.939032424227083,0.193,0.034,1
"Spire1",0.00286682314627896,0.465174103956482,0.338,0.121,1
"St6gal1",0.00287552890183195,-0.974042885592086,0.095,0.207,1
"Slc4a7",0.00292117706315594,0.621000073479897,0.199,0.034,1
"Cntnap5c",0.00293808147169452,1.05213302157319,0.195,0.034,1
"Upf3b",0.00294567360801732,0.646433661941724,0.195,0.034,1
"Eid1",0.00295190651733434,-0.988553099435783,0.224,0.345,1
"Kcnk13",0.00296455141516313,0.732419852687124,0.134,0,1
"5330434G04Rik",0.00297038022397081,0.325779214900473,0.482,0.207,1
"Ldlrad4",0.0029914713694867,0.258770242436086,0.418,0.172,1
"Inpp4b",0.00299434279230999,0.430061826428806,0.517,0.259,1
"Psd3",0.00300397913037721,0.602031647270571,0.422,0.19,1
"Cacnb4",0.00300701311064937,0.425057746595856,0.549,0.276,1
"Map7",0.00307885434285738,0.673471922402642,0.248,0.069,1
"Numb",0.00309704515862756,0.529145565954185,0.31,0.103,1
"Ubc",0.00312430606631921,-0.923336375297725,0.174,0.293,1
"Sdccag8",0.00312977353780703,0.608804692897873,0.223,0.052,1
"Ift57",0.00315679049266406,0.641419678763044,0.163,0.017,1
"Pkia",0.0031687553484036,0.648690079969401,0.294,0.103,1
"Gm44560",0.00317488466898783,0.680926932038167,0.245,0.069,1
"Rerg",0.00318481729539082,0.657688290355921,0.165,0.017,1
"Hacd3",0.00320728209027812,0.471327729451965,0.221,0.052,1
"Gm15520",0.00323312178384015,0.674190684236833,0.189,0.034,1
"Pitpnm3",0.00324052988088009,0.55369410078487,0.251,0.069,1
"Iqsec2",0.00325064269269297,0.450531552159742,0.301,0.103,1
"Nbas",0.00329500546092817,0.425625673204012,0.226,0.052,1
"Ripor2",0.00332690220071657,0.562176719013778,0.226,0.052,1
"Gm49417",0.00334995233923755,0.630926485996036,0.215,0.052,1
"Klc1",0.00340865160732796,0.35174460308815,0.371,0.138,1
"Mok",0.00344045919682153,0.608057611264222,0.13,0,1
"Ube2e3",0.00345307711372953,0.327479679792962,0.324,0.121,1
"Rgs17",0.00347249529117014,0.417947005918198,0.282,0.086,1
"A930009A15Rik",0.00348077778009025,0.779062224096697,0.188,0.034,1
"Frmd7",0.00348569162959961,0.398095843186714,0.278,0.086,1
"Ptprd",0.00349194523509029,-0.744686520591059,0.567,0.603,1
"Kcnt1",0.00358228007437605,0.554319899856898,0.163,0.017,1
"Camkv",0.00358906529630281,0.397383536027788,0.282,0.086,1
"Sulf2",0.00360002296540264,-0.833033205654159,0.041,0.121,1
"Mirg",0.00361498007376798,0.647280516160984,0.129,0,1
"Psma5",0.00367588296079759,-0.922493870685441,0.111,0.224,1
"Ppp1r13b",0.00368749925465192,0.557600100692654,0.29,0.103,1
"Homer2",0.00370904611444136,0.725926122962753,0.26,0.086,1
"Cracdl",0.00377252087529072,0.499343791981575,0.246,0.069,1
"Pclo",0.00378112232651733,0.423467612887898,0.389,0.155,1
"B230216N24Rik",0.00379808299910378,0.615330915214042,0.128,0,1
"Gm19744",0.00379808299910378,0.631742964759435,0.128,0,1
"Elavl2",0.00380183253193079,-0.79071854683756,0.096,0.207,1
"Arglu1",0.00380781471300248,0.251697507431819,0.482,0.224,1
"Gm26691",0.00385055181821095,0.435576697782701,0.252,0.069,1
"Sgsm1",0.00387366386517434,0.599373137366878,0.187,0.034,1
"Senp2",0.00387468879876951,0.640782780154181,0.184,0.034,1
"Nsmaf",0.00392917553983303,0.519409900896718,0.245,0.069,1
"Clstn2",0.00394556073420984,0.664736227120228,0.452,0.224,1
"Add3",0.00396726710935202,0.5967419552864,0.215,0.052,1
"Serinc5",0.00402057858633398,0.626766246045419,0.211,0.052,1
"Dmtf1",0.00402696423236939,0.474879012989584,0.193,0.034,1
"Timm44",0.0040302037428178,0.569089605937912,0.16,0.017,1
"Cpne6",0.00406140738951176,0.786129680158759,0.33,0.138,1
"Gm17106",0.00408959279560249,0.654031267177829,0.184,0.034,1
"Mast4",0.00412171494587403,0.557716261025895,0.27,0.086,1
"Xrcc4",0.00412853193323687,0.510440400099075,0.191,0.034,1
"Kctd1",0.00413922604709386,0.542152300878124,0.22,0.052,1
"Wwp1",0.00416249898829407,0.454527247986287,0.357,0.155,1
"Fam135a",0.00417242020594063,0.519726785212398,0.272,0.086,1
"Gm15563",0.0042341611865433,0.675595652070487,0.266,0.086,1
"Nme7",0.00424157371273577,0.393155573186093,0.439,0.207,1
"Ecpas",0.0043083741039265,0.445999471549444,0.444,0.207,1
"Dis3l2",0.00435044823887939,0.266614067277092,0.326,0.121,1
"2810410L24Rik",0.00435586016989581,-0.988326692655789,0.033,0.103,1
"Rassf8",0.00435844347242485,0.323825029368536,0.24,0.069,1
"Gm45182",0.00439433194596415,0.606211813468422,0.155,0.017,1
"Npffr2",0.0044030913385026,0.647196789005802,0.124,0,1
"Jund",0.00440309190252614,0.605355411999187,0.124,0,1
"Pgap1",0.00440561094850456,0.590976773797982,0.266,0.086,1
"Ip6k1",0.00443357345764772,0.537827926844768,0.183,0.034,1
"Pde1c",0.0044355988670552,-0.349177323409983,0.205,0.379,1
"Ncapg2",0.00449138795939631,-0.788366333366268,0.033,0.103,1
"Ppp2r5a",0.00451379636405004,0.425398519028264,0.221,0.052,1
"Gm2516",0.00452850266793076,0.534931258481666,0.189,0.034,1
"Smg1",0.00453320664513534,0.59757826104815,0.315,0.121,1
"Ikzf2",0.00459042751355305,0.748486812057259,0.179,0.034,1
"Rap2a",0.0046187409100034,0.49716863013785,0.188,0.034,1
"Rbis",0.00462483073391349,0.599384151882402,0.123,0,1
"Dclk1",0.00464594740309319,0.347921557824193,0.779,0.483,1
"Mbd5",0.00468952899662238,0.516491000385951,0.588,0.328,1
"Gm15577",0.00470531710954825,0.413973277725557,0.248,0.069,1
"Gm15398",0.00484872357856195,0.743602476131654,0.337,0.138,1
"Ipo7",0.00485740921555774,0.570916025478762,0.122,0,1
"Slc38a6",0.00485740921555774,0.58210882193745,0.122,0,1
"Gm11266",0.00486290602455175,-0.595641030598852,0.041,0.121,1
"Nrg1",0.00489205337053327,0.526738358139895,0.493,0.293,1
"Trim9",0.00490499078534954,0.308846497197537,0.513,0.241,1
"Fam20c",0.00494127448962527,0.52403792104933,0.155,0.017,1
"Safb",0.00497823241717433,0.512648676367298,0.215,0.052,1
"Irf2",0.00499045939964099,0.473951223910929,0.187,0.034,1
"Igf2r",0.00499515865359426,0.546448114024609,0.155,0.017,1
"Aco2",0.00500393124738591,0.352437663689006,0.241,0.069,1
"Galnt18",0.00502461096954819,0.584484766130532,0.232,0.069,1
"Ppil4",0.00510134460015136,0.566031817470351,0.121,0,1
"Tmem130",0.00510649226014475,0.534589805891007,0.237,0.069,1
"Zfp950",0.00517550034086522,0.303654388488781,0.301,0.103,1
"Syt11",0.00521159274127345,-0.692690447484588,0.417,0.5,1
"Arid4a",0.00530190476663025,0.57091855563459,0.261,0.086,1
"Kcnc2",0.0053202716462961,0.941794605910634,0.487,0.293,1
"Atxn1",0.00534693306694958,0.414122898945873,0.493,0.241,1
"Rasl11b",0.00535717850717302,0.607812851539516,0.12,0,1
"Ctbp2",0.00535717850717302,0.577366041662425,0.12,0,1
"Phc3",0.00537857566725396,0.444050701491571,0.243,0.069,1
"Eefsec",0.00539572639048673,0.628522462322585,0.151,0.017,1
"Fgfr2",0.00546526610647188,0.289245522169121,0.699,0.379,1
"Gm43843",0.00562547736451203,0.576757936082565,0.118,0,1
"Gm45176",0.00562547736451203,0.537520085911707,0.118,0,1
"Hnrnpul1",0.0056254780799569,0.557818724582327,0.118,0,1
"Ntng1",0.00563305829193474,0.981602028292964,0.228,0.069,1
"Cmss1",0.0056555088263519,-0.792171968043614,0.58,0.586,1
"Clpp",0.00566814374481847,0.639682972899764,0.148,0.017,1
"Dtnb",0.00567281656978854,0.273525703049377,0.363,0.138,1
"Cntnap3",0.00567767205015039,0.784590415500739,0.15,0.017,1
"Gramd1b",0.00572972610985444,0.380878509737734,0.283,0.103,1
"Fam222b",0.00577415291770876,0.489818504262512,0.182,0.034,1
"Fer",0.00577458550154462,0.603095043468003,0.305,0.121,1
"Sorl1",0.00583720796552335,0.4406967570189,0.239,0.069,1
"Rpgr",0.00587518974648813,0.55068986581509,0.233,0.069,1
"Auts2",0.00588514439905214,0.298184742884691,0.988,0.914,1
"Galnt11",0.00589553016739711,0.510899067018215,0.235,0.069,1
"Gm38116",0.00590683720010156,0.5498468420228,0.117,0,1
"Mllt10",0.00591614151385636,0.261945681307653,0.45,0.19,1
"Ankfn1",0.00593946466417987,0.989084168597875,0.199,0.052,1
"Gm13944",0.00596589825108631,0.528964954150983,0.305,0.121,1
"Map3k3",0.00606431436288727,0.304769428798959,0.244,0.069,1
"Asph",0.00614809789939885,0.321656768985569,0.267,0.086,1
"Rpl17",0.00616216128913762,0.290199875986334,0.212,0.052,1
"Calm2",0.00618677628922582,-0.639277054871638,0.72,0.69,1
"Sgcz",0.00621926119271982,0.963247138051404,0.449,0.241,1
"Klhl3",0.00621931897932939,0.436781666824449,0.176,0.034,1
"Fbxl20",0.0063517600309934,0.43897667250646,0.254,0.086,1
"Adcy9",0.00637349011310598,0.463310315484511,0.207,0.052,1
"Osbpl3",0.00637381013791751,0.490059360945538,0.149,0.017,1
"Gm37298",0.00650479089339795,-0.698592679717963,0.055,0.138,1
"C130071C03Rik",0.00651027005276702,-0.709791545996924,0.633,0.621,1
"Dcaf10",0.00651124936370512,0.533518835990007,0.115,0,1
"Gm33989",0.0065112501884059,0.569903713031489,0.115,0,1
"Abi3bp",0.0065112501884059,0.614439668331876,0.115,0,1
"Tmem131",0.00652792546685005,0.507853304075559,0.282,0.103,1
"Sox2ot",0.00661058066179913,-0.907444848115059,0.728,0.759,1
"Ski",0.00665444048299422,0.362779156781974,0.21,0.052,1
"Luzp2",0.00667477593005364,0.399215215438395,0.48,0.276,1
"Slc8a3",0.00667654745224397,0.554985409020082,0.344,0.155,1
"Ajap1",0.00670919640150139,0.638447548022288,0.144,0.017,1
"Eda",0.00680517020842878,0.600787469770595,0.172,0.034,1
"Wasf1",0.00682092905297775,0.501230807787429,0.229,0.069,1
"Ston2",0.0068356380918924,0.572273371832173,0.113,0,1
"Spon1",0.00685750413434303,-0.949526521770339,0.199,0.328,1
"Lingo2",0.00686213466773218,-1.01447794110093,0.302,0.414,1
"Itgav",0.00687928660521019,0.478516967846117,0.178,0.034,1
"Rspry1",0.00690833309370367,0.546270178472904,0.172,0.034,1
"Far1os",0.00691336608629845,0.498023660555344,0.178,0.034,1
"Mical3",0.00694653386919045,0.289659980411477,0.37,0.155,1
"Dnah11",0.00697382927368975,0.67435697701349,0.145,0.017,1
"Serpini1",0.00703538955915342,0.768747760707181,0.382,0.19,1
"P4ha1",0.0070860513347481,0.350363946226856,0.178,0.034,1
"Tmem191c",0.00710432245140756,0.488871157279695,0.235,0.069,1
"Gm17231",0.00710998160967386,0.42751051789676,0.146,0.017,1
"Ccdc30",0.00713704949177461,0.595694258332925,0.201,0.052,1
"Rit2",0.00719454064767123,0.397294112827677,0.284,0.103,1
"Rap1b",0.00720730092449768,0.449610599362589,0.177,0.034,1
"Eps15l1",0.00721749614209499,0.412165938587499,0.205,0.052,1
"Chic1",0.00725356868407861,0.579326783351038,0.226,0.069,1
"Sncaip",0.00725725373792302,-1.33193488198349,0.067,0.155,1
"mt-Cytb",0.00725967897998939,-0.837092752297565,0.439,0.517,1
"Mcu",0.00732885616692563,0.553050154522287,0.171,0.034,1
"Kcna4",0.0073590058540525,0.496746093911745,0.145,0.017,1
"Celf1",0.00736881665201172,0.34995371204409,0.515,0.259,1
"Nfatc3",0.00739855358112114,0.471906346380795,0.145,0.017,1
"Ep400",0.00745915244240022,0.482999960697819,0.255,0.086,1
"Gda",0.00749329949196115,0.492485442420202,0.26,0.086,1
"Cds1",0.00749473133491301,0.45019413962371,0.176,0.034,1
"Sox2",0.00755622279364627,-0.648593778802505,0.045,0.121,1
"Csde1",0.007601972706638,0.405512104617619,0.256,0.086,1
"Gria1",0.00763541250125996,0.256956311141254,0.838,0.517,1
"Bicral",0.00766324200014863,0.384807609274334,0.287,0.103,1
"Arfgef1",0.00775576693646584,0.310296995484943,0.34,0.138,1
"Zc3h12b",0.00777319753169079,0.464670770891217,0.25,0.086,1
"Sdcbp",0.00778024067482521,0.495347295773856,0.173,0.034,1
"Golm2",0.00778892913318061,0.374003553206009,0.355,0.155,1
"Stx18",0.00782298381527824,0.445904597821966,0.144,0.017,1
"Fam126a",0.00783485702138642,0.269659458705476,0.204,0.052,1
"Grid1",0.00784235508310813,0.633428166167219,0.274,0.103,1
"Lgi1",0.00785117779860038,0.373143743518282,0.206,0.052,1
"Cep112",0.00786570970518636,0.637747786893963,0.199,0.052,1
"Ust",0.0079062038920335,0.709421585109586,0.11,0,1
"Lpin2",0.00793327177433368,0.352349970166846,0.284,0.103,1
"Cers6",0.00794073390118966,0.317924655811175,0.409,0.19,1
"Ivd",0.0079458796622959,0.503536443871142,0.143,0.017,1
"Camk2n1",0.00798152088843873,-0.761999345136006,0.396,0.466,1
"B230334C09Rik",0.0081235804886031,0.448310593263367,0.256,0.086,1
"Gm38505",0.00815210395220457,-1.11825482205395,0.53,0.569,1
"Pdzrn4",0.00816347240353736,-1.0812124897539,0.182,0.293,1
"Mysm1",0.00820460405401266,0.404780494978178,0.23,0.069,1
"Zfp831",0.00829813700717866,0.497314555135658,0.109,0,1
"Stk38l",0.00829813909567388,0.46895914671667,0.109,0,1
"Rap1gap2",0.00832719228359151,0.385284488022993,0.228,0.069,1
"Abl2",0.00837280259633526,0.450046057970923,0.383,0.172,1
"Lrrtm3",0.00839097579459725,0.644218179462243,0.4,0.207,1
"Scamp1",0.0084148486938345,0.334102783199029,0.248,0.086,1
"Polr3d",0.0084338834121148,-0.598999601456613,0.035,0.103,1
"A830018L16Rik",0.0084471794831543,0.776842903947883,0.333,0.155,1
"Lgr4",0.00848611235972436,0.545426235843524,0.221,0.069,1
"Meg3",0.00852623684745277,0.409715328287092,0.962,0.81,1
"C78859",0.00852877889247475,0.474645637839541,0.167,0.034,1
"Zfp609",0.00858534014552252,0.54255593857861,0.339,0.155,1
"C1ql3",0.00864585275323218,-0.853145736545836,0.151,0.259,1
"Gm45159",0.00867568713054215,0.425650122819408,0.221,0.069,1
"Fyco1",0.00870901259464496,0.505776133423721,0.107,0,1
"Ammecr1",0.00870901478385182,0.570368095838463,0.107,0,1
"Chrm3",0.00871910377686935,0.307668375510814,0.388,0.172,1
"Ccdc47",0.00874907857741338,0.568772425802002,0.168,0.034,1
"Mpp2",0.00878658978150004,0.501199965599609,0.14,0.017,1
"Rbm26",0.00880611532347396,0.312814378297516,0.47,0.224,1
"Gm41609",0.00882573614579184,0.426789328820468,0.172,0.034,1
"Gatad2b",0.00883081322971612,0.463207180617657,0.299,0.121,1
"Zfp236",0.00884077595197123,0.442391480568971,0.17,0.034,1
"Bin1",0.00886047241001336,0.310132614630755,0.29,0.103,1
"Pabpc4",0.00908175433121735,0.627591349058458,0.134,0.017,1
"Smg7",0.0090863483265956,0.471096023891422,0.198,0.052,1
"Parn",0.00909765707658749,-0.680102666373365,0.094,0.19,1
"Aldoa",0.00918302307054213,-0.742490732903942,0.421,0.483,1
"Gabbr1",0.00928923139331473,0.392227670110902,0.337,0.138,1
"Med13",0.0093157703693534,0.402649412040244,0.328,0.138,1
"Klf9",0.00945824597830384,0.504707320823381,0.198,0.052,1
"Tmem132a",0.00946782593704527,-0.88637260082905,0.095,0.19,1
"Cystm1",0.00950875494893651,0.581557913041026,0.163,0.034,1
"Bbof1",0.00955591497992255,0.484355420995907,0.163,0.034,1
"Selenom",0.00955604558030633,0.372015433077248,0.198,0.052,1
"Acer3",0.00956063231093199,0.361419174220717,0.17,0.034,1
"Nploc4",0.00959123061509881,0.522098113799992,0.105,0,1
"Nhsl2",0.00960499418996996,0.442940366164419,0.256,0.086,1
"Sqstm1",0.00967319276578773,0.537523125905213,0.19,0.052,1
"Shisa8",0.00968746626105277,0.470991320489433,0.138,0.017,1
"Trip11",0.00977719922283945,0.405082795295277,0.226,0.069,1
"Uty",0.00978817269668958,0.418332510822538,0.302,0.121,1
"Hectd2os",0.00984139070828551,0.457428246761422,0.168,0.034,1
"Prpf38b",0.00985522582042955,0.38131938803054,0.196,0.052,1
"Fam120c",0.00986618093763668,0.536752716445265,0.222,0.069,1
"Erc2",0.00990644249543719,0.31791621428943,0.605,0.362,1
"Arhgap22",0.00992204935210884,0.406140439697969,0.138,0.017,1
"A830036E02Rik",0.00993213800554818,0.637617182977594,0.162,0.034,1
"Gm37124",0.0100109279091777,-0.651044864072256,0.037,0.103,1
"Hecw1",0.0100217327063388,0.334591414405951,0.224,0.069,1
"Shtn1",0.0100247357260939,-0.797162741742455,0.215,0.328,1
"Orc4",0.0100387355629448,0.50442075216346,0.244,0.086,1
"ENSMUSG00000120491",0.0100390190885575,0.677361528358028,0.132,0.017,1
"Pdzrn3",0.0100561614009898,-0.571307381450177,0.037,0.103,1
"Tlcd3b",0.0100645031793332,0.507702558186061,0.104,0,1
"Chn2",0.0101045274438654,0.457348135938665,0.296,0.121,1
"Mblac2",0.0102556998016039,0.489587973910483,0.162,0.034,1
"Cep164",0.010265897361382,0.459001273424219,0.137,0.017,1
"Nova1",0.0103063021641337,0.528304267267049,0.162,0.034,1
"Npas2",0.0103423993835804,0.563427409652199,0.135,0.017,1
"Atrn",0.0103889999606982,0.420794347051031,0.291,0.121,1
"Ube2b",0.0105424468310474,0.370286210996774,0.411,0.19,1
"Zfp280d",0.0105564909111865,0.252072968286746,0.446,0.207,1
"Unc13b",0.0105605830923812,0.619350254444043,0.102,0,1
"Aktip",0.0105605830923812,0.493942474502512,0.102,0,1
"Camk2d",0.0106276156179143,0.555374631129603,0.4,0.207,1
"Amy1",0.010654042030086,0.474347866286256,0.249,0.086,1
"Brsk2",0.0107179006895085,-0.781018423839703,0.048,0.121,1
"Cck",0.0107333490261181,-0.75746600516176,0.438,0.483,1
"Zfp354c",0.0107350247602873,-0.825327741305029,0.071,0.155,1
"Gm20658",0.0107687228982774,0.630857635194638,0.21,0.069,1
"Sepsecs",0.0107838778086414,0.558842952940572,0.13,0.017,1
"Eif4g3",0.0108337821071255,0.411869604915621,0.396,0.19,1
"Arsb",0.0108659585756589,0.358194609183811,0.251,0.086,1
"Tcp11l1",0.010979064375381,0.366825891068916,0.195,0.052,1
"Epm2a",0.0110005529704988,0.48860029511153,0.132,0.017,1
"Lrrc49",0.0110176683402811,0.452333540506863,0.194,0.052,1
"Tbc1d19",0.0110250718880644,0.375112634647009,0.166,0.034,1
"Uchl4",0.0110805550752652,0.469612522002443,0.101,0,1
"Ppip5k1",0.0111797964557091,0.382156084850057,0.19,0.052,1
"Lancl1",0.0112285385592026,0.439518962523617,0.162,0.034,1
"Gm48747",0.011263776343506,0.522418565293072,0.21,0.069,1
"Ckb",0.0112701983162552,0.307710357461939,0.707,0.466,1
"Csf2ra",0.0113356278043894,0.565206688596761,0.129,0.017,1
"Kcnq1ot1",0.0113704736359409,0.308136236182777,0.572,0.328,1
"Sfmbt1",0.0113853987414021,0.321225517404202,0.224,0.069,1
"A230103L15Rik",0.0114833957210504,0.362094243942424,0.221,0.069,1
"Nck2",0.01153845124522,0.511977372221556,0.159,0.034,1
"Prmt8",0.0115497108152001,0.490481434290292,0.133,0.017,1
"Stard7",0.0116111024240038,0.479931328720255,0.133,0.017,1
"Pign",0.0116255543282527,0.504138198905587,0.1,0,1
"Cntnap5b",0.0116255572304791,0.738257512987484,0.1,0,1
"Tmpo",0.011684148343538,-0.877403940244853,0.095,0.19,1
"Fam117b",0.011706479051251,0.392620644794965,0.163,0.034,1
"Zc3h7a",0.0118536629873687,0.478058590907672,0.187,0.052,1
"Ubn2",0.0118775910387779,0.461550472472643,0.605,0.362,1
"Gapvd1",0.0119794660846202,0.37824222164122,0.276,0.103,1
"Cab39l",0.0120189676687583,0.483855089499705,0.157,0.034,1
"Hagh",0.0120189676687583,0.541812276436492,0.157,0.034,1
"Ptpdc1",0.0120909981689031,0.463217700680331,0.132,0.017,1
"Ndufb11",0.0122022776882688,-0.786237692806732,0.098,0.19,1
"Matn2",0.0122191317953843,0.439321676130883,0.161,0.034,1
"Fryl",0.0122857695445839,0.429293614619081,0.274,0.103,1
"Hydin",0.0123076360926439,-0.555965490665301,0.048,0.121,1
"Mob3b",0.0123734791867615,-0.65689811027406,0.121,0.224,1
"Mbnl1",0.0123986056495407,0.48222752564738,0.132,0.017,1
"Pin1",0.0124110058259851,-0.727356747277218,0.06,0.138,1
"Adcy8",0.012522505666227,0.284392341399154,0.367,0.172,1
"Vwc2",0.0125365923713623,0.652449155756655,0.128,0.017,1
"Kazn",0.012544358583899,0.494332270377723,0.185,0.052,1
"Esyt2",0.0125756731313097,0.32769891367822,0.351,0.155,1
"Acvr1c",0.0126415647613541,0.652781313546826,0.126,0.017,1
"Cpeb4",0.0127793505565236,0.371633139894688,0.367,0.172,1
"Mta3",0.012909565973147,0.54161432309596,0.128,0.017,1
"Arf3",0.0129268486334052,0.259163977385363,0.237,0.086,1
"Usp47",0.0130389615139437,0.266311374596644,0.276,0.103,1
"Bach2",0.013056664392269,0.318533071388847,0.29,0.121,1
"Kif5c",0.0130705027452323,-0.873188491440968,0.11,0.207,1
"Prkacb",0.0131335618404251,0.409116360123863,0.267,0.103,1
"Svil",0.0132278376065185,0.464426854016302,0.16,0.034,1
"Osbp2",0.0133011024298551,0.484082241946933,0.129,0.017,1
"Rere",0.0133690682821341,0.263883512746148,0.79,0.5,1
"Exoc6b",0.0135386775695157,0.284940892277689,0.449,0.224,1
"Sox4",0.0135716336652118,-0.79879839220757,0.174,0.276,1
"Ccdc149",0.013610139768721,0.538647607029158,0.124,0.017,1
"Ghr",0.0136298126956991,0.548461546279588,0.254,0.103,1
"Neto2",0.0136747456910738,0.4186886858258,0.287,0.121,1
"Dscaml1",0.0137255085983382,-0.675116019153165,0.49,0.552,1
"Usp50",0.0138451547787692,0.433998332290464,0.16,0.034,1
"Zfp788",0.0138884311767363,-0.737066292470267,0.05,0.121,1
"Tubgcp3",0.0140098084336242,-0.675640635274777,0.061,0.138,1
"Edem3",0.0140155714647094,0.467133715112385,0.154,0.034,1
"Gm26749",0.0140840578490042,0.397803665975289,0.189,0.052,1
"Mfap3",0.0141398384741225,0.516169742326838,0.179,0.052,1
"2310033P09Rik",0.0142611778426804,-0.789656237607741,0.05,0.121,1
"Fam193b",0.0143122339095686,0.444882343386841,0.128,0.017,1
"Zfp407",0.0143328939871886,0.317975987040246,0.363,0.172,1
"Plekhm2",0.0143403513173943,0.521436083803684,0.123,0.017,1
"Ola1",0.0143733166451035,0.269291828914691,0.274,0.103,1
"Vps13c",0.0144165477792028,0.25243329917324,0.24,0.086,1
"Uhrf1bp1l",0.014497136945944,0.510563527405431,0.179,0.052,1
"Caln1",0.0146427196034326,-0.85541714518439,0.05,0.121,1
"Nme1",0.0147044135015324,0.452515192985094,0.184,0.052,1
"Rsbn1l",0.0147492036556709,0.497331320468599,0.261,0.103,1
"Lmbr1",0.0147995904113028,0.415211046812558,0.157,0.034,1
"Adcyap1r1",0.0148056298381412,0.339496739713764,0.217,0.069,1
"Crhr1",0.0148331387855065,0.545494878988907,0.126,0.017,1
"Penk",0.0151568107133759,0.359586503339697,0.127,0.017,1
"Nipsnap2",0.015304447441134,0.508258420903577,0.179,0.052,1
"3110021N24Rik",0.0153262963182926,0.321950872934209,0.273,0.103,1
"Ank1",0.0154080655365816,0.474588412983477,0.176,0.052,1
"Camk1",0.0155528568706617,0.413086396615709,0.126,0.017,1
"Ppib",0.0156252810153285,0.34216860575235,0.21,0.069,1
"Adgrb2",0.0156333509839994,0.279221110600209,0.157,0.034,1
"Ubxn7",0.0156726219270832,0.324837197366794,0.209,0.069,1
"Manf",0.01570772277437,0.381901657540008,0.21,0.069,1
"Dcaf8",0.0157085415686726,0.383428196631892,0.211,0.069,1
"Gm26724",0.0157481600010506,0.519938391738531,0.121,0.017,1
"Bcl11b",0.0157621397125715,0.425571633224004,0.235,0.086,1
"Mamld1",0.0158824755250032,0.351376526553888,0.126,0.017,1
"Map1b",0.0159234153189896,-0.705755006801678,0.45,0.517,1
"Jph4",0.0159367138709741,0.326714740002855,0.182,0.052,1
"Dync1h1",0.0159751530705228,0.321628545524462,0.288,0.121,1
"Tmem47",0.0161140106095467,-0.576517048234794,0.039,0.103,1
"Sema3c",0.0162338495885681,0.515287450233405,0.154,0.034,1
"Rps6kb2",0.0162970013318724,0.411724878486473,0.124,0.017,1
"Slc25a23",0.0164478073820768,0.331287342950108,0.207,0.069,1
"Cntn3",0.0164735653504329,0.832503630496973,0.173,0.052,1
"Acaca",0.0165375888279985,0.590836507900637,0.174,0.052,1
"Lrrc20",0.016568008405355,-0.842556986703856,0.04,0.103,1
"Dcakd",0.0166418967747786,0.31251527341048,0.124,0.017,1
"Nceh1",0.0167807945320296,0.450051588535884,0.152,0.034,1
"Ncoa3",0.0168658025007528,0.369957041450022,0.155,0.034,1
"Wdr70",0.0169903913671443,0.525376771271611,0.174,0.052,1
"Galnt16",0.0170369129792084,0.460648677062444,0.18,0.052,1
"Cers5",0.0170442093412068,0.31763867569315,0.21,0.069,1
"Tm9sf4",0.0171315157422774,0.406632365359512,0.18,0.052,1
"Nasp",0.0171374216176369,-0.655554254860863,0.088,0.172,1
"Dpf2",0.0173709120395661,0.49722661499706,0.121,0.017,1
"Cadm2",0.0173730370682949,0.266520669632464,0.956,0.81,1
"Faf1",0.0173821676679414,0.378722287991276,0.418,0.207,1
"Ptk2",0.0174744945453053,0.332507104469735,0.49,0.276,1
"Ociad2",0.0175420058094295,0.344714704294049,0.183,0.052,1
"Smg5",0.0176120651112521,0.454751558678946,0.122,0.017,1
"Prr14l",0.0176582428507349,0.429530659113455,0.122,0.017,1
"Vezt",0.0177893464191773,0.416870472050727,0.229,0.086,1
"Elavl4",0.0178012847565573,-0.756110221704639,0.1,0.19,1
"Tmtc4",0.0179395992912631,-0.792880132987375,0.074,0.155,1
"Ttc37",0.0179977969750431,0.429508990193071,0.148,0.034,1
"Arhgap31",0.0180786236454357,0.422781158707381,0.122,0.017,1
"Kcnh7",0.0180948586859987,0.517297564998766,0.82,0.638,1
"Lats1",0.0181258662153612,0.394064386804358,0.122,0.017,1
"Gabrb2",0.0182119725458796,0.489880130402029,0.201,0.069,1
"Ppp1r12c",0.0182206858452785,0.395302120240334,0.122,0.017,1
"Trps1",0.0182955667984381,-0.861301557598449,0.334,0.414,1
"Chst1",0.0183091970945631,0.492220779438963,0.117,0.017,1
"Slc35f3",0.0183631911574131,0.408408687051656,0.151,0.034,1
"Ahctf1",0.0184234250942112,0.469775521685086,0.146,0.034,1
"Tcerg1l",0.0184406551490296,0.665979020266563,0.12,0.017,1
"Prpf8",0.0184799076365687,-0.871738679863015,0.105,0.19,1
"Cttnbp2",0.01853224784988,0.30299959761367,0.63,0.397,1
"Gm49001",0.0186656260697435,-0.589829647239466,0.051,0.121,1
"Cdr1os",0.0187100798822721,0.439910585666866,0.251,0.103,1
"Ehbp1",0.0187978395868597,0.29599975035806,0.551,0.31,1
"Dcp1a",0.0190887106435782,0.357720171541235,0.121,0.017,1
"Akap8",0.0191118239210143,0.309076922383264,0.206,0.069,1
"Pik3cb",0.0191174313431943,0.435756263476947,0.118,0.017,1
"Cfap36",0.0191883391426941,0.335754042012197,0.256,0.103,1
"Ppp1r12a",0.0192241841366641,0.263707116486627,0.42,0.224,1
"Bmyc",0.0192933423183062,0.383817306623708,0.149,0.034,1
"AI480526",0.0194616557020942,0.460257612044799,0.172,0.052,1
"Faxc",0.0194718073400142,0.441673416608872,0.118,0.017,1
"Slc6a17",0.0194785677366407,0.441410451943225,0.198,0.069,1
"Zadh2",0.0195106430675906,0.297115673605042,0.206,0.069,1
"Igfbpl1",0.019630677545956,-0.799725742739147,0.088,0.172,1
"4933406I18Rik",0.0196620167535745,0.453196132576667,0.149,0.034,1
"Ewsr1",0.0196749976371318,0.384059392517021,0.448,0.241,1
"Slc7a8",0.0196871076186084,0.408936673848546,0.12,0.017,1
"Snx2",0.0197384569282664,0.411503208109104,0.12,0.017,1
"Zmat2",0.0197449823784212,0.506175131762305,0.146,0.034,1
"Cacng8",0.0197830355493639,0.411102985754933,0.145,0.034,1
"Pds5b",0.0199525382666428,0.323343913404674,0.261,0.103,1
"Mfap3l",0.0200370441520979,0.275769750477791,0.15,0.034,1
"Mical2",0.0200490376440608,0.320881384922068,0.12,0.017,1
"Spata7",0.0200505658822145,0.494565051339593,0.171,0.052,1
"Tenm4",0.0201098268683862,0.257890316225133,0.71,0.431,1
"Tmem200a",0.0201451850924499,0.510413569693649,0.118,0.017,1
"Trrap",0.0201982289396848,0.266379672557227,0.177,0.052,1
"Cald1",0.0202456771000001,-0.753887719234827,0.063,0.138,1
"Epn2",0.0203212544854071,0.275467394183583,0.15,0.034,1
"Flna",0.0204213807005264,-0.85178458632079,0.052,0.121,1
"Taf1b",0.0204900027414394,0.386342505412029,0.149,0.034,1
"R3hdm2",0.0204986979853383,0.279312224491679,0.515,0.293,1
"Tfrc",0.020579863981422,0.253940080062655,0.179,0.052,1
"Dcps",0.0206069643886248,-0.474916513232283,0.04,0.103,1
"Jakmip3",0.0206098542063499,0.33468031805704,0.148,0.034,1
"Rmst",0.0206286171006775,0.291902061833796,0.176,0.052,1
"Akap11",0.0207797288778994,0.356565575761735,0.337,0.172,1
"Snph",0.0208063767374188,0.335121462224363,0.199,0.069,1
"Zdhhc1",0.0208154172671818,0.48795340753811,0.116,0.017,1
"Slc9a7",0.0208497323727867,0.281936095011124,0.202,0.069,1
"Nbr1",0.0209285584522679,0.390059057609752,0.196,0.069,1
"Nudt5",0.0209793846858812,0.456101540871466,0.17,0.052,1
"Gnai3",0.0210949023793157,0.296915172917373,0.173,0.052,1
"Actr1a",0.0213273428244365,0.420915431613652,0.173,0.052,1
"Bmpr1a",0.021380232637301,0.435861083629408,0.241,0.103,1
"Rpl29",0.021472755498055,0.356659272467472,0.171,0.052,1
"Ptpn1",0.0215370781094339,0.448346690253971,0.243,0.103,1
"Mast3",0.0215475436836675,0.430808037423936,0.145,0.034,1
"Rars2",0.0215674522422557,0.443228562189495,0.171,0.052,1
"Vdac3",0.021601492365276,-0.762291366120322,0.133,0.224,1
"Gpi1",0.0216599959272401,0.484759989960126,0.168,0.052,1
"Mlec",0.0216641121624751,-0.570476069392397,0.041,0.103,1
"Col11a1",0.0216988998451354,-0.480209477512969,0.04,0.103,1
"Rai2",0.0217151393253897,0.419340641466115,0.117,0.017,1
"Ralgps2",0.0217945648258909,0.441328779154115,0.32,0.155,1
"Prdm10",0.0217968628697712,0.376024052420311,0.177,0.052,1
"Trmt11",0.021828151522247,0.354095582803983,0.117,0.017,1
"Sptb",0.0218281534966672,0.358071443327513,0.117,0.017,1
"Togaram1",0.0221133427990828,0.394354916456355,0.145,0.034,1
"Fam120a",0.0221651872829988,0.316807745111379,0.176,0.052,1
"Fancl",0.0222197302750141,0.453449556561542,0.116,0.017,1
"Ugp2",0.0222880296997168,-0.69513687026175,0.078,0.155,1
"Kdm5b",0.0223877884326997,0.31532863896828,0.255,0.103,1
"St3gal3",0.022389901707058,0.330664456953168,0.227,0.086,1
"Il1rapl2",0.0224088835828054,1.2874929754931,0.141,0.034,1
"Prr14",0.0224181031168099,0.463965631278664,0.143,0.034,1
"Tnrc6b",0.0224190628493277,0.298617207686293,0.635,0.379,1
"Arl4a",0.0226383063189729,0.298878304294818,0.146,0.034,1
"Abr",0.022761548303368,0.259784317927512,0.36,0.172,1
"Grk3",0.0228513736832129,0.430149292491799,0.172,0.052,1
"Tmem178b",0.0229574669919626,-0.816354724746233,0.365,0.431,1
"Flot2",0.0229734754231914,-0.711861479125985,0.054,0.121,1
"Foxp2",0.0229794988056318,-0.505896350349433,0.117,0.224,1
"Rnf19a",0.0229820161744821,0.366931373702544,0.116,0.017,1
"Wipf3",0.0230181096499392,0.467542888367442,0.195,0.069,1
"Trp53bp2",0.0230187796634931,0.469255904481317,0.113,0.017,1
"Atg16l2",0.023218187825348,0.418121034546315,0.173,0.052,1
"P4htm",0.0233902626343078,0.378264636049897,0.143,0.034,1
"4930532I03Rik",0.0235202234619295,0.379678445409528,0.272,0.121,1
"Dcx",0.0237335871336519,0.34762346753585,0.589,0.362,1
"Dmtn",0.0237610555591973,0.365943873914798,0.115,0.017,1
"4930473D10Rik",0.0237795642269709,0.435274349610129,0.144,0.034,1
"Septin7",0.023786973966318,-0.675313871223161,0.34,0.414,1
"Pitpnm2",0.0238033605961916,0.417750250795112,0.191,0.069,1
"A230004M16Rik",0.0238781673612144,0.317409107558773,0.14,0.034,1
"Afg3l1",0.024008291496293,0.342003469083916,0.115,0.017,1
"Dhx36",0.0240139531020104,0.365651528825947,0.341,0.172,1
"Ptpn2",0.0240704463240634,0.318525165011162,0.115,0.017,1
"Ccdc57",0.0241951811544115,0.295539623732223,0.115,0.017,1
"Strn4",0.0241951833160629,0.320414169151237,0.115,0.017,1
"Psmc1",0.0242090354035481,0.527999480724816,0.139,0.034,1
"Clip1",0.0243200357627843,0.312764368832242,0.23,0.086,1
"Enox2",0.0245054117726335,0.304111749337231,0.173,0.052,1
"Iqgap1",0.0245120062493151,0.306515906079419,0.144,0.034,1
"Sv2c",0.024629350514454,0.434326303294137,0.113,0.017,1
"Ep300",0.0246411210349489,0.298736301619837,0.222,0.086,1
"Nipsnap1",0.024821324033148,0.407303221478596,0.113,0.017,1
"Tmem106b",0.0249239370258901,0.445653258529148,0.111,0.017,1
"Ppwd1",0.0249500251753923,0.426100280177008,0.113,0.017,1
"Actr1b",0.0250716966950109,0.441758533566868,0.138,0.034,1
"Zfp692",0.0250793037674105,0.348929808985943,0.113,0.017,1
"Atp6v0d1",0.0251190105003835,0.380865818976615,0.171,0.052,1
"Klhl23",0.0252091641275961,0.350461422894988,0.113,0.017,1
"Rims1",0.0253309064361123,-0.855754832600642,0.251,0.345,1
"Naxd",0.025339603851484,0.277323513466909,0.113,0.017,1
"Macrod2os1",0.025376323578613,0.417286483935957,0.249,0.103,1
"Gm44678",0.0255486426629111,0.4261472426083,0.111,0.017,1
"Agk",0.0256168725931343,0.389554635833043,0.166,0.052,1
"Mapk8ip1",0.0258643032161645,0.357801780219893,0.14,0.034,1
"Kcnk12",0.0258772935379227,0.453369024115739,0.109,0.017,1
"Pi4kb",0.0259855477109109,0.302197279107878,0.141,0.034,1
"Prrc1",0.0262790447575686,-0.495574918937229,0.041,0.103,1
"Snx13",0.0262977253349377,0.443122492078491,0.165,0.052,1
"ENSMUSG00000120580",0.0263324713573043,0.359673785915307,0.112,0.017,1
"Ccdc73",0.0263324760292316,0.34646991450262,0.112,0.017,1
"Etfa",0.0264057635505381,0.376868256391531,0.138,0.034,1
"Smim14",0.0264069920637376,0.271885979803711,0.143,0.034,1
"Ttc7b",0.0264496673633738,0.380860917235097,0.245,0.103,1
"Inka2",0.0265298374970899,-0.589140451071674,0.054,0.121,1
"Sema4d",0.0267325498197692,0.290800241240466,0.171,0.052,1
"Wdpcp",0.026784336917401,0.408274219736896,0.139,0.034,1
"Hipk2",0.0268549758051943,0.421033481557232,0.216,0.086,1
"AW554918",0.0269021798188897,0.319772657707063,0.299,0.138,1
"Supt6",0.026935122284486,0.270283490407184,0.168,0.052,1
"Usp45",0.0269917135482115,0.386636098549521,0.165,0.052,1
"Ergic1",0.0270314268431036,0.316599465134556,0.141,0.034,1
"Rap1a",0.0270575271680765,0.383073924290307,0.222,0.086,1
"Thsd7b",0.0270712329265158,0.377351520310025,0.268,0.121,1
"Gabarapl2",0.0271186373219216,-0.722651299465158,0.168,0.259,1
"Tacr1",0.0271240969885473,0.459104056877788,0.109,0.017,1
"Srsf10",0.0272648614964333,-0.821223595103171,0.254,0.328,1
"Snrpb",0.0272928932484433,0.412414244855137,0.111,0.017,1
"4930545L23Rik",0.0274011197214886,0.412374446488621,0.195,0.069,1
"Fam76b",0.027436574404958,0.271747563163288,0.194,0.069,1
"Stox2",0.0275517593638923,0.418295720852735,0.579,0.362,1
"Sgcd",0.0276290353695527,-1.20777659170455,0.338,0.414,1
"Ntn4",0.0276341957497576,0.473655647335875,0.137,0.034,1
"Bbs9",0.0277179323474669,0.295902960188714,0.111,0.017,1
"Comt",0.0277273734422303,0.285193615360427,0.141,0.034,1
"5530401A14Rik",0.028050555192255,0.43199123179695,0.135,0.034,1
"2210408I21Rik",0.0280633929844099,0.379791107069917,0.361,0.19,1
"Prkcz",0.0280697053291913,0.364902330406877,0.189,0.069,1
"Galnt1",0.0281650406591551,0.258590967850835,0.194,0.069,1
"Gnas",0.0283263325960072,-0.739895983558065,0.491,0.517,1
"Acot7",0.0283816494794642,0.473366957809309,0.106,0.017,1
"Ube2ql1",0.028387777453442,0.356149323614645,0.139,0.034,1
"Rnf227",0.028418290415682,0.300820786792433,0.245,0.103,1
"Pou3f3",0.0285347202888162,-0.571216750150774,0.044,0.103,1
"Nrip1",0.0285977963685494,0.330412351753064,0.168,0.052,1
"Slit1",0.0286414653987784,-0.587386873825182,0.055,0.121,1
"4930428E07Rik",0.0286518548387046,0.395432169157552,0.139,0.034,1
"Celf3",0.0286777609397391,0.255264135470492,0.288,0.138,1
"Zbtb38",0.0287319317010181,0.365168344443255,0.289,0.138,1
"Efcab14",0.0288019499704133,0.369836034903482,0.11,0.017,1
"Med15",0.0290578870495727,0.317566937888752,0.168,0.052,1
"Lrrn3",0.0290999085513957,0.466550969911576,0.161,0.052,1
"Urgcp",0.0292244176425491,0.262158719755213,0.22,0.086,1
"Fkbp3",0.0292278742557376,-0.734197844102973,0.21,0.293,1
"Lncppara",0.0292668822073156,-0.640837415933171,0.324,0.397,1
"Dyrk1a",0.0294732808726796,0.265630804205336,0.318,0.155,1
"Dlgap3",0.0294834084007929,0.398294898342508,0.165,0.052,1
"Tbc1d5",0.0296151169330442,0.397349233811301,0.328,0.172,1
"Sst",0.029662403224416,-0.732985840782527,0.212,0.293,1
"Apobec4",0.0297739176879502,0.374365940846191,0.109,0.017,1
"Ankrd33b",0.0298075961265804,0.351319707033356,0.135,0.034,1
"Mink1",0.0299465874150788,0.409241488313072,0.135,0.034,1
"Ppp4r4",0.0300289700773208,0.255960131942204,0.168,0.052,1
"Sh3glb1",0.0301351922899493,0.374107270057613,0.166,0.052,1
"4930447N08Rik",0.0301617862422421,-0.677606249463744,0.093,0.172,1
"Csnk2a2",0.0302365311936047,0.341870066126705,0.109,0.017,1
"Ints6l",0.030378397367777,0.338681061876803,0.165,0.052,1
"Lama3",0.0304623705029813,0.491515339089464,0.107,0.017,1
"Cog2",0.0304814574787309,-0.550229329746195,0.044,0.103,1
"A330023F24Rik",0.0306133659751331,0.329930937285264,0.36,0.19,1
"Cdadc1",0.030687320472386,0.344919586607499,0.163,0.052,1
"Lrrn2",0.0307922974162971,0.367483956532456,0.135,0.034,1
"Phactr4",0.0308212069774458,-0.658720538071102,0.068,0.138,1
"Zfp654",0.0308923538625774,0.466242113927592,0.157,0.052,1
"Ar",0.0310420520803523,-0.679883514009905,0.044,0.103,1
"Psmc5",0.031057960064857,-0.744811569729044,0.109,0.19,1
"Plxdc2",0.0313149266650068,0.511446293031287,0.212,0.086,1
"P2ry14",0.0314897381070929,0.385627032839819,0.189,0.069,1
"Miga1",0.0315126499582026,0.349921968052003,0.135,0.034,1
"Fbxl12",0.0315785843745568,0.334421178189487,0.107,0.017,1
"Zfp516",0.0316596365854878,0.294074337693421,0.107,0.017,1
"Xrcc6",0.0317576081776917,0.294675255129753,0.352,0.172,1
"Map6",0.0317866075764427,0.2533961851984,0.138,0.034,1
"Ncbp3",0.0319491431122691,0.442605203651741,0.132,0.034,1
"Trak2",0.032047786374467,0.40884713755245,0.105,0.017,1
"Gm47271",0.032102517883803,0.308944483978767,0.165,0.052,1
"Zfp106",0.0323337088728593,0.310119338735152,0.216,0.086,1
"Mapk4",0.0323578581296501,0.419212068068165,0.311,0.155,1
"Farsb",0.0323866643694017,0.311822709340332,0.137,0.034,1
"Fbxo8",0.0323866643694017,0.264496629971859,0.137,0.034,1
"Gm26873",0.0323987001374022,0.430229484479477,0.132,0.034,1
"Dlg3",0.0327037741796591,0.44251565051704,0.133,0.034,1
"Sel1l3",0.0327072237508107,-0.70473666835472,0.067,0.138,1
"Ndrg2",0.0328447387346894,-0.79353979216595,0.045,0.103,1
"Cdh22",0.0328457275179397,0.377354128785042,0.135,0.034,1
"Cep19",0.032931043968799,0.468253371835283,0.102,0.017,1
"Rbm27",0.0331664052497397,0.383465010181075,0.161,0.052,1
"Gm48239",0.0331837790459753,0.440752566971535,0.129,0.034,1
"Ppil2",0.0332109383502866,0.432845360513355,0.104,0.017,1
"Ttc39b",0.0332332063111712,0.29915856246594,0.106,0.017,1
"Synj2bp",0.0334036171278645,0.289780700480747,0.106,0.017,1
"Plekhb2",0.0334434821531869,-0.653617884856524,0.056,0.121,1
"Prpf6",0.0334847701043231,0.346078254397143,0.161,0.052,1
"Acyp2",0.0337475594559528,0.319360997034828,0.261,0.121,1
"Zfp704",0.0338318411552142,-1.05106542961465,0.27,0.345,1
"Babam1",0.033903833078801,0.389602184237625,0.104,0.017,1
"Ift88",0.03401229009499,0.341785604872365,0.133,0.034,1
"Slc35f4",0.0341366950389606,0.407365551912938,0.376,0.207,1
"Atp11b",0.034232533181999,0.264200898336277,0.288,0.138,1
"Fam228b",0.0346168868891674,0.342573645986718,0.105,0.017,1
"Ccdc66",0.0346168898724643,0.33581022257352,0.105,0.017,1
"Kcnc1",0.0346347073861615,0.307369520507537,0.183,0.069,1
"Iars2",0.0347054664919693,0.334092356936859,0.105,0.017,1
"Tafa1",0.0347113428209402,-0.556193426162916,0.067,0.138,1
"Tasor",0.034831647512938,0.275021625058019,0.244,0.103,1
"Rab6b",0.0348809080013439,-0.856004809118329,0.322,0.362,1
"Syt13",0.0349210605038847,-0.672899375686908,0.083,0.155,1
"Ube2w",0.0350646039534546,0.334869916225381,0.261,0.121,1
"Klhl2",0.035072115339254,0.268066798106654,0.188,0.069,1
"Efl1",0.0351335127373424,0.422015332095501,0.102,0.017,1
"Prrc2b",0.0351382541079356,-0.615686484517996,0.293,0.362,1
"Selenow",0.0351407534027921,-0.86754460229709,0.256,0.328,1
"Ino80d",0.0353486139830438,0.288607981992251,0.162,0.052,1
"Rpl18",0.0354952971877868,-0.77779732153846,0.127,0.207,1
"Nectin3",0.0357640076362397,-0.992046650317636,0.15,0.241,1
"Abcc1",0.0361028431298936,0.421229089135684,0.1,0.017,1
"Grb14",0.0361493246384042,0.359497177329309,0.104,0.017,1
"Plcl2",0.036153953281479,0.389628031910925,0.255,0.121,1
"Guf1",0.0362417241032145,0.323638747993976,0.104,0.017,1
"Tpm1",0.0362822884368295,0.268799199504919,0.216,0.086,1
"4930547E14Rik",0.0362844657965487,0.411092287810268,0.13,0.034,1
"Lrch2",0.036324160191241,0.267050489637518,0.162,0.052,1
"Srpr",0.0364755011106378,0.416063393842562,0.183,0.069,1
"Mlip",0.0367019998062015,0.407450939725176,0.102,0.017,1
"Copg2",0.0369151602418504,0.340830395914967,0.233,0.103,1
"Tmcc3",0.0370156547715981,0.256892220843605,0.133,0.034,1
"Socs7",0.0370796010168054,0.368295441813094,0.102,0.017,1
"Pde5a",0.0371119014057598,-0.803169580071449,0.095,0.172,1
"Pgls",0.0371754301376069,-0.620560557875576,0.045,0.103,1
"Tubb2b",0.0371824179313354,-0.71691041420125,0.07,0.138,1
"Pdap1",0.0372506460166782,-0.717048712417715,0.098,0.172,1
"Rheb",0.0373012317856052,0.311866203690517,0.18,0.069,1
"Phkb",0.0373528279340002,0.334429224681469,0.183,0.069,1
"Pcmt1",0.037392175233432,0.250922826196432,0.244,0.103,1
"Tmem63b",0.0375354097602204,0.334570318803926,0.159,0.052,1
"Ptprz1",0.0375404873936003,-0.842325376898786,0.111,0.19,1
"Ano10",0.0375562568849743,0.336605011634242,0.102,0.017,1
"Zer1",0.0376085587078134,0.279120949471047,0.133,0.034,1
"Smc3",0.0376472243320823,0.330689776533566,0.3,0.155,1
"2700097O09Rik",0.0377965255547829,0.323909663871931,0.102,0.017,1
"Atg13",0.0378205608287102,0.377395883405172,0.129,0.034,1
"Rbbp8",0.0378321286121707,-0.689009999701923,0.045,0.103,1
"Dcaf7",0.0378496755095538,0.411764442186357,0.201,0.086,1
"Cfap20",0.0379404770339465,0.253293203530027,0.16,0.052,1
"Epg5",0.038032365274199,0.361930793563926,0.101,0.017,1
"Asap1",0.0381644018831466,-0.888915936698889,0.333,0.397,1
"Gabra3",0.0381683942216291,0.476810597969979,0.126,0.034,1
"Tmem161b",0.0382920194853844,0.337955310092504,0.234,0.103,1
"Rps27",0.0384649228455232,0.413649583789605,0.156,0.052,1
"Ndufs4",0.0387239205063296,0.312997513181528,0.277,0.138,1
"Tm9sf3",0.0390640954463293,0.277764112896283,0.184,0.069,1
"Prpf39",0.0391341305738614,0.284697399928106,0.209,0.086,1
"G3bp2",0.0391502917698986,-0.956665563291123,0.162,0.241,1
"Pced1b",0.0392567148278066,0.257435428436405,0.182,0.069,1
"Gm38393",0.0393041028375114,0.319286029092853,0.13,0.034,1
"Pfkp",0.0394020446928167,0.287052261606473,0.3,0.155,1
"Astn1",0.0395282438699605,-0.600596701313623,0.607,0.586,1
"Tpp2",0.0395371327916551,0.42234281378797,0.177,0.069,1
"Ranbp17",0.0396445607812565,0.35302231473962,0.182,0.069,1
"Wdr45b",0.039820271143713,0.332938355855046,0.101,0.017,1
"Sema6d",0.0398693243103607,-0.667034902905079,0.234,0.328,1
"Slc38a9",0.040086718237083,0.273630495363409,0.244,0.121,1
"Trip4",0.0402467748401484,0.437060075689206,0.127,0.034,1
"Mcm3ap",0.0404327457201383,-0.687100187227104,0.059,0.121,1
"Dguok",0.0405337353747373,0.357827743327053,0.1,0.017,1
"Dicer1",0.040535007957126,0.342196404847611,0.156,0.052,1
"Zfp618",0.0405704447607653,-0.995027932936582,0.116,0.19,1
"Strada",0.0405891416404097,0.263377352897598,0.255,0.121,1
"Immp2l",0.040624348704716,0.414661768829916,0.313,0.172,1
"Klhl32",0.0406272062317015,0.260090074302733,0.262,0.121,1
"Tent5d",0.0406372168643073,0.376203638580222,0.1,0.017,1
"Lclat1",0.0407540457362293,0.301177666322037,0.13,0.034,1
"Mpv17",0.0407937052997627,-0.677360771282872,0.046,0.103,1
"Fscn1",0.0408994216519922,-0.73109789499656,0.087,0.155,1
"Garre1",0.0412400161761691,0.341133526516048,0.129,0.034,1
"4921511C10Rik",0.0413678759038446,0.383185282531017,0.1,0.017,1
"Xpnpep3",0.041473155069725,0.330570373234602,0.1,0.017,1
"Ctnna1",0.0414964530441995,-0.649654799892117,0.046,0.103,1
"Tank",0.0416482693466456,0.318176079067076,0.156,0.052,1
"Capn2",0.0418965610702951,0.257562891833247,0.1,0.017,1
"Ulk4",0.0423181346905028,0.35996355490525,0.127,0.034,1
"Grm4",0.042726027145544,0.32113381842056,0.124,0.034,1
"Mthfd2l",0.042893974577013,-0.667260519432887,0.084,0.155,1
"Zfp664",0.0428984628254463,0.341934681935455,0.127,0.034,1
"Gabra4",0.0430230593472676,0.29693524590773,0.232,0.103,1
"Nae1",0.043048805304037,0.312099324060749,0.155,0.052,1
"Lysmd4",0.0430549073966879,0.441649524243233,0.288,0.155,1
"Csrnp3",0.0431759622147353,0.296534048023795,0.535,0.328,1
"Mtpn",0.043207057692837,-0.657841997337375,0.115,0.19,1
"Ezh2",0.0432400823726102,-0.726702381964368,0.116,0.19,1
"Rab21",0.0435878469524258,0.257905081402029,0.155,0.052,1
"Ift81",0.0438996312375834,0.385082751201327,0.126,0.034,1
"Glmn",0.0445007120470402,0.273251580437403,0.126,0.034,1
"Swi5",0.0445007150191324,0.334638632571656,0.126,0.034,1
"0610030E20Rik",0.0445166084191955,0.342290386578909,0.124,0.034,1
"Krit1",0.044702257927973,0.256643831826131,0.283,0.138,1
"Srrm1",0.0447865646741252,0.25740845001057,0.318,0.155,1
"Gm42616",0.0448323710079172,0.371900293815211,0.123,0.034,1
"Calm3",0.0448773639394501,-0.870645819873301,0.205,0.276,1
"Ccdc148",0.045030737013754,0.344898081900543,0.228,0.103,1
"Cspp1",0.0450990850374071,0.2687206291479,0.356,0.19,1
"Ramp1",0.0451658140704507,-0.571359120016565,0.046,0.103,1
"Ncl",0.0453229762385434,0.260338290438198,0.283,0.138,1
"Paip2",0.0456473346546986,0.260555975580966,0.337,0.172,1
"Mrps24",0.0456536569669371,-0.753665571586821,0.06,0.121,1
"Zfyve28",0.0456963623283238,0.295259964339026,0.127,0.034,1
"Ankrd44",0.0460735838585186,0.337164038533776,0.123,0.034,1
"Megf9",0.0461727578039037,-0.54539093732853,0.159,0.241,1
"C1galt1",0.0462131923039791,0.336212466822001,0.124,0.034,1
"Ubxn2a",0.0462415907674013,0.323868705211419,0.126,0.034,1
"Dcp1b",0.0465598322133658,0.329092259347571,0.152,0.052,1
"Sucla2",0.0466578879673721,0.292356635095829,0.154,0.052,1
"Hook1",0.0470071260984196,0.376454210998047,0.17,0.069,1
"Egfr",0.0470245765483896,-0.835554125462525,0.048,0.103,1
"Prmt3",0.0472061476181177,-0.619407559459918,0.087,0.155,1
"Hnrnpa1",0.0474068572525441,0.387883698229061,0.149,0.052,1
"Hnrnpll",0.0474315760382003,0.256076433299527,0.152,0.052,1
"Zfp846",0.0477492352533711,0.406618415466964,0.121,0.034,1
"Drp2",0.047773428034343,0.330144467151553,0.123,0.034,1
"Prickle2",0.0479257786560895,0.251659555528734,0.356,0.207,1
"Ube2m",0.0479526738268641,-0.894296019096128,0.089,0.155,1
"Dtnbos",0.0479895665942006,0.371886308010186,0.123,0.034,1
"Pogz",0.04799503737736,0.32855661794765,0.198,0.086,1
"Sec24a",0.0481159077514785,0.28711802711024,0.176,0.069,1
"Brd3",0.0481565911891752,-0.729288797390049,0.088,0.155,1
"Nsun6",0.0482547972434153,0.262291410837476,0.126,0.034,1
"Eno2",0.0484619490769024,0.301057944862025,0.224,0.103,1
"Ap3d1",0.0484709298632847,0.260902262420205,0.126,0.034,1
"mt-Nd1",0.0489651169887959,-0.797829059973058,0.332,0.397,1
"Swt1",0.0490609700587806,-0.841210744676983,0.152,0.224,1
"H2az1",0.0490796355626217,-0.962025905615035,0.191,0.259,1
"Slc25a51",0.0496255906308202,-0.873859329430451,0.088,0.155,1
"Inpp5a",0.0500841888652366,0.335618488959224,0.123,0.034,1
"Shprh",0.0501077821660919,0.276994548135392,0.223,0.103,1
"Atp6v0c",0.0501929796191844,-0.523794255298655,0.663,0.621,1
"Lzts1",0.0503392866549947,0.426221704173713,0.17,0.069,1
"Gm14211",0.0507938575849654,0.340294773495186,0.122,0.034,1
"Litaf",0.0508496495288547,0.257467492049852,0.152,0.052,1
"Rab12",0.0509577026491737,0.270370494294203,0.148,0.052,1
"Szrd1",0.0512656543914552,-0.493859489598003,0.06,0.121,1
"Cd99l2",0.0515683727880475,-0.458797936360671,0.06,0.121,1
"Creg2",0.0519787945949224,-0.620441408837994,0.049,0.103,1
"Fhl1",0.0521185306022929,0.269270311070682,0.12,0.034,1
"Tm6sf1",0.0522491361616356,0.257772590983407,0.251,0.121,1
"L3mbtl3",0.0522549377606402,0.289376621973263,0.123,0.034,1
"Lrrcc1",0.0523852712129106,0.421699771254985,0.117,0.034,1
"Pfn2",0.0524988401328751,-0.815702817606517,0.162,0.241,1
"Gpm6b",0.0526103525081641,-0.728594650294045,0.41,0.448,1
"Srcin1",0.0526610415144887,0.286434389788655,0.2,0.086,1
"Cbx1",0.0529579555109981,0.280235347242247,0.176,0.069,1
"Gm16599",0.053008489905003,0.266808376145034,0.298,0.155,1
"Cend1",0.0531181037723517,0.264390614405328,0.122,0.034,1
"Adar",0.0531388524448804,0.450913697156959,0.188,0.086,1
"Atp6v1d",0.0532145198852451,0.322416624453438,0.222,0.103,1
"Supv3l1",0.0532555997604285,-0.706335205102338,0.076,0.138,1
"Gdpd5",0.0533610221974379,0.286336601889233,0.201,0.086,1
"Pde4b",0.0540799025228869,0.313156591019915,0.387,0.241,1
"Ice1",0.0541322609948041,0.299304671141971,0.198,0.086,1
"Orc6",0.0545227174492314,0.395800467592835,0.145,0.052,1
"Bbs5",0.0546667560041378,0.299263794897355,0.118,0.034,1
"Acvr1",0.0549190256723255,0.307043933374915,0.267,0.138,1
"Pstk",0.0552103283375886,0.305857701600105,0.121,0.034,1
"Cntn4",0.0555993098899922,0.257049030607146,0.224,0.103,1
"Mnat1",0.055841212733657,0.366553894567869,0.195,0.086,1
"Tmem196",0.0562001052427731,0.257142722110599,0.121,0.034,1
"Nudt21",0.056265632111904,-0.861238448293303,0.077,0.138,1
"Fam172a",0.0564917897489641,0.263950091957945,0.406,0.241,1
"Eif4h",0.0565316667260429,-0.728568238001901,0.154,0.224,1
"Bri3",0.0566821751769197,-0.691329470838141,0.104,0.172,1
"Phtf1",0.0571478372271447,0.283064246783438,0.168,0.069,1
"Vcan",0.0574683024591027,-0.756122397155304,0.074,0.138,1
"Akap10",0.057747243373067,0.256786753790675,0.198,0.086,1
"Cntn6",0.0580732439280901,0.61829151341005,0.135,0.052,1
"Bbx",0.0581610128943402,0.321729121895003,0.198,0.086,1
"Tgs1",0.0583234066233062,0.281564673173596,0.145,0.052,1
"Rpl39",0.0583788037736571,-0.519240851897123,0.074,0.138,1
"Trim2",0.0590046418373913,-0.524171775808118,0.573,0.552,1
"Cntn1",0.0593392225689319,0.319855031932559,0.602,0.379,1
"Mrps16",0.0595911388800348,-0.638144001069823,0.05,0.103,1
"Dock2",0.0597443368573324,0.300287624442869,0.146,0.052,1
"Ncbp1",0.0599019823185712,0.298656148316278,0.118,0.034,1
"Ssr2",0.0600746146814567,-0.763585571729606,0.062,0.121,1
"Nlgn1",0.0601619678025271,0.450318746979493,0.816,0.672,1
"Prxl2c",0.0602603712069917,0.287810545175992,0.143,0.052,1
"Btg1",0.0603771263434738,0.350901953117532,0.144,0.052,1
"Ipo9",0.0605920412031461,0.260641963093137,0.146,0.052,1
"Atl3",0.061114655848492,0.303024563243301,0.144,0.052,1
"Ell2",0.0618924649919625,0.282657292248854,0.116,0.034,1
"E2f3",0.0620489327911204,-0.76225146618091,0.063,0.121,1
"Ccz1",0.062128434724404,0.273369071070599,0.141,0.052,1
"Map2k2",0.0627404997513037,-0.977516401320329,0.109,0.172,1
"Flnb",0.0628219243433126,0.253253632411721,0.198,0.086,1
"Trpc1",0.0632722403435148,0.29822500534901,0.141,0.052,1
"Samm50",0.0633939244866991,-0.652250824788297,0.076,0.138,1
"Tet2",0.0641662593376235,0.280537371053284,0.19,0.086,1
"Nagk",0.0647132739809636,-0.67842150307119,0.078,0.138,1
"Lonrf2",0.0648691557175998,0.266273924924468,0.167,0.069,1
"Limk2",0.0654611531877873,0.254554617831966,0.143,0.052,1
"Prdm2",0.06585519217831,0.391257276850981,0.184,0.086,1
"Nfrkb",0.0664897422007805,0.351343150705771,0.115,0.034,1
"Marchf11",0.0667144236173498,0.264797645553423,0.116,0.034,1
"Ranbp1",0.0669917610393306,0.411884126419855,0.113,0.034,1
"Dlx6os1",0.0673733633131978,-0.62940260880905,0.744,0.707,1
"Cul5",0.0673811234535859,0.262258013189891,0.259,0.138,1
"Acadsb",0.068339179423758,-0.773124061074388,0.106,0.172,1
"Sirt2",0.0686373392227734,0.263247601120538,0.113,0.034,1
"Denr",0.0687179704995418,-0.602405652035211,0.063,0.121,1
"Ndufb8",0.068864033331517,-0.619510253797333,0.134,0.207,1
"Gstz1",0.0692109216768677,0.385869899138294,0.111,0.034,1
"mt-Nd2",0.0695425920694322,-0.61451619792445,0.355,0.397,1
"Cfap69",0.0697087213168751,0.257998889670587,0.166,0.069,1
"Rapgef2",0.0697142049299978,0.260727338015766,0.446,0.259,1
"Ttc4",0.0697501719035402,0.340532946701405,0.137,0.052,1
"Dctn6",0.0700082907710136,0.265499824280901,0.113,0.034,1
"Mia3",0.0700228681478209,0.268890805490133,0.213,0.103,1
"3110056K07Rik",0.0703152977452042,0.298544029911326,0.137,0.052,1
"Hsp90ab1",0.0712073002180863,-0.787850225150434,0.615,0.534,1
"Gm48765",0.0714714364333164,0.260538229209312,0.115,0.034,1
"Tnr",0.0714979033631228,0.329297647377776,0.266,0.138,1
"Pnma8c",0.0716156599329606,0.299551307516904,0.134,0.052,1
"Copb1",0.0716536395442458,0.381059077358046,0.109,0.034,1
"Fars2",0.0717568650175586,0.369788806014186,0.274,0.155,1
"Srcap",0.0717929132702048,0.288789078675227,0.112,0.034,1
"Grina",0.0725067747977154,-0.799418382218183,0.195,0.259,1
"Matk",0.0728176493412639,0.256493071984047,0.113,0.034,1
"Cacng7",0.0728227103870827,0.390330694904461,0.107,0.034,1
"Coro2b",0.0728534342544444,-0.705423109710041,0.122,0.19,1
"Erg28",0.0728834736546071,0.346402239603648,0.11,0.034,1
"Npy",0.0733313939660519,-1.01662725962506,0.229,0.293,1
"Atp5g3",0.0740066699000221,0.275303345628545,0.188,0.086,1
"Gnao1",0.0740113887638401,-0.594785300820101,0.459,0.483,1
"9430015G10Rik",0.0744556156980125,-0.611267383622814,0.052,0.103,1
"Frmd4b",0.0745263602831247,-0.851842372140194,0.138,0.207,1
"Hpf1",0.0747929370398268,0.305850469628475,0.138,0.052,1
"Ly6h",0.0748242165316905,-0.753705704265124,0.368,0.397,1
"Caml",0.0748365357637042,0.311326295864666,0.11,0.034,1
"Rian",0.0748750748985525,0.257537197487886,0.484,0.293,1
"Srp14",0.0752278562478938,-0.825556704945679,0.109,0.172,1
"Mmp16",0.0752644030681558,0.251710349562623,0.42,0.259,1
"Galntl6",0.0752956991512364,0.385466374452913,0.552,0.397,1
"Sdk2",0.0753380020055007,-1.13880047880628,0.274,0.328,1
"Ccbe1",0.0753833354475638,-0.658539786832997,0.051,0.103,1
"Kbtbd2",0.0757786244486575,-0.743104782206428,0.052,0.103,1
"Tubb3",0.0760217847567283,-0.602629437598568,0.332,0.379,1
"Med14",0.0763271048375363,0.328890055498439,0.137,0.052,1
"Cog5",0.076397100405577,0.295557882535552,0.278,0.155,1
"Actr3b",0.0766608216754446,0.273233047608121,0.111,0.034,1
"Stau1",0.0769800976125281,0.250679447144078,0.112,0.034,1
"Phf6",0.0769850002787207,-0.405501074507184,0.252,0.121,1
"Timm17a",0.0771689152748723,0.328633710723717,0.11,0.034,1
"Trmt9b",0.0772470684491921,0.255723149438152,0.111,0.034,1
"Anapc4",0.0773515892011503,0.268461628622121,0.135,0.052,1
"Eif5b",0.0777603497635374,0.301836693436875,0.233,0.121,1
"Akirin1",0.0783579493092798,-0.630001117655398,0.08,0.138,1
"Taldo1",0.0785014353364954,-0.597218238221074,0.066,0.121,1
"Usp4",0.0792518772440615,0.259422908419987,0.137,0.052,1
"Nrgn",0.0796624494230362,-0.744472989703297,0.498,0.483,1
"Myo18a",0.0814286506068117,0.261793169574555,0.162,0.069,1
"Pptc7",0.0814810142416443,0.25257171601272,0.11,0.034,1
"Cdc23",0.0815031089044586,0.337800793565271,0.107,0.034,1
"Mtss1",0.0815295784899102,-0.861824049326346,0.18,0.241,1
"Gnl3l",0.0815498772408013,0.297923462807249,0.178,0.086,1
"Anapc10",0.0816769185868942,0.294976118335026,0.135,0.052,1
"Tead1",0.0822658567314725,-0.854335962897298,0.173,0.241,1
"Gpx4",0.0825938648364553,-0.673870787772593,0.08,0.138,1
"Dek",0.0829379908256152,0.385917654298188,0.107,0.034,1
"Foxj3",0.0829407273854431,-0.707421880181461,0.163,0.224,1
"Erc1",0.0834350215055859,-0.674267477673763,0.14,0.207,1
"Hacd1",0.0835139145148258,0.293436022606962,0.134,0.052,1
"Cdk11b",0.0837051648901938,0.266921616175122,0.159,0.069,1
"Elovl6",0.084595748224377,0.288348792700082,0.16,0.069,1
"Rhoq",0.0849555311001241,0.380029345691134,0.105,0.034,1
"S100pbp",0.0853774134492691,0.303906908394866,0.156,0.069,1
"Ap2s1",0.0855869942453758,-0.714484998482486,0.082,0.138,1
"Kcnip4",0.0856855506082824,-0.330184593802974,0.501,0.517,1
"Ndufa8",0.0861465471226152,-0.621631285091583,0.094,0.155,1
"Fam234b",0.0861659137076849,0.291672219424766,0.106,0.034,1
"Polr2e",0.0863903481642813,-0.73922645127197,0.068,0.121,1
"Actg1",0.0868635774183767,-0.676151551256225,0.276,0.328,1
"Resp18",0.0873069367362145,-0.696015745464648,0.096,0.155,1
"Ryr3",0.0875672012619496,0.262884219713178,0.183,0.086,1
"Ankrd46",0.0880443395464429,-0.508538742143524,0.067,0.121,1
"Sorcs2",0.088179803189177,-0.774010527818586,0.145,0.207,1
"Igsf21",0.0883164769100722,-0.740393087767529,0.126,0.19,1
"Immp1l",0.0885557320068629,-0.471300684527002,0.372,0.414,1
"Smad2",0.0887002475298067,-0.731243925560157,0.113,0.172,1
"1700084C06Rik",0.0889356701189909,0.25738126504424,0.105,0.034,1
"Ago1",0.0890406519111275,0.339421991452928,0.104,0.034,1
"5730522E02Rik",0.0893568454344903,0.251579966195425,0.512,0.328,1
"Tbc1d32",0.0901000633497308,0.341048554324836,0.105,0.034,1
"Rims2",0.0901312196608993,0.264899071967577,0.688,0.483,1
"Ralyl",0.0901357327012807,-0.762606509472216,0.323,0.379,1
"Samd4",0.0905924332921316,0.331781358121081,0.13,0.052,1
"Pcdh15",0.0906164225256617,0.393726069089979,0.543,0.414,1
"Gstm5",0.092354963770886,-0.794345408333176,0.055,0.103,1
"Brinp3",0.0923727354502128,0.330359711554481,0.2,0.103,1
"Ak6",0.093124942814087,-0.541343131145324,0.055,0.103,1
"Ptn",0.0933970151282156,-0.824167204876326,0.382,0.397,1
"Cblb",0.0938460437192459,-0.69590201047128,0.111,0.172,1
"Fndc3b",0.093919442896324,0.355340841871842,0.127,0.052,1
"Cnih3",0.094536942971736,0.340466304038775,0.102,0.034,1
"Lrrc4c",0.0947038751169466,0.468492377781569,0.54,0.431,1
"Stimate",0.0947407993702528,-0.690600882170334,0.083,0.138,1
"Cox4i1",0.0952346712536382,-0.630854572403539,0.428,0.431,1
"Ankrd6",0.096243842072617,0.315264775129187,0.36,0.224,1
"Osbp",0.0962569450112909,0.254431528708656,0.104,0.034,1
"Mau2",0.0972907842723521,0.259065512410858,0.151,0.069,1
"Gnpat",0.0972952169036525,0.257061531531549,0.104,0.034,1
"Scn1b",0.0973089031483976,-0.552657370854138,0.11,0.172,1
"Nav3",0.0973536641514051,-0.750477439555691,0.716,0.672,1
"Hmgxb4",0.0973541065964153,0.322064180549167,0.126,0.052,1
"Adamtsl1",0.0979457782774067,0.507390375331527,0.172,0.086,1
"Nsmf",0.0982824938938458,0.322995302736077,0.102,0.034,1
"Id2",0.0993171898277352,-0.485205339323512,0.054,0.103,1
"Ring1",0.0995570149789434,0.302862456052035,0.102,0.034,1
"Zfand6",0.0996763593954138,0.28829300212553,0.178,0.086,1
"Vps53",0.0997034859249992,0.333526252721709,0.101,0.034,1
"Rtn1",0.10082818422525,-0.61157628428126,0.74,0.638,1
"Fkbp15",0.100892480779294,0.26496912441572,0.104,0.034,1
"Sdk1",0.102875256926223,0.256766766304088,0.151,0.069,1
"Cox6b1",0.10313734226057,-0.64166148876404,0.149,0.207,1
"Plaa",0.103680210310145,0.253313026460259,0.102,0.034,1
"Nkain3",0.104046782067672,-0.57817905020725,0.068,0.121,1
"Gm16168",0.104744565123941,0.31405977475971,0.101,0.034,1
"Kif1b",0.10530764515801,-0.625246847988355,0.371,0.397,1
"Hpcal4",0.105641589800929,0.265015989190611,0.101,0.034,1
"Ssrp1",0.105653116847257,-0.585007080066768,0.056,0.103,1
"Bc1",0.106390769310677,-0.538179837525412,0.124,0.19,1
"Gm14858",0.107226020326694,0.250673991197983,0.101,0.034,1
"Grip1",0.107460289415618,-0.559565493461952,0.696,0.638,1
"Proser1",0.108859751700019,-0.432661674762351,0.095,0.155,1
"Cenpp",0.109082992805109,-0.782154404200618,0.056,0.103,1
"Rpl11",0.109630703227022,-0.719512640887022,0.226,0.276,1
"Hcn1",0.110132463257628,0.383617366442389,0.351,0.224,1
"Fem1c",0.111977916923123,-0.579529453444713,0.07,0.121,1
"Parm1",0.113202364301849,-0.299988248144439,0.067,0.121,1
"Rbbp5",0.113499067983214,-0.390699702458089,0.055,0.103,1
"Actr2",0.113863936278184,-0.284161610667582,0.234,0.121,1
"Ldah",0.114787355507236,0.255750573091979,0.148,0.069,1
"Gm4117",0.114994488757137,-0.582100055344885,0.056,0.103,1
"Tmem131l",0.115212430907853,-0.869384493887621,0.171,0.224,1
"Rragb",0.11539725196486,0.281338184395926,0.148,0.069,1
"Kif21a",0.116310140229542,-0.78589998096609,0.267,0.31,1
"Atp6v1b2",0.118226979117738,-0.744691812621955,0.278,0.31,1
"Tmeff1",0.118392829916019,-0.69506825466873,0.116,0.172,1
"Sgce",0.118445398417896,-0.615341468442439,0.149,0.207,1
"Fbxl16",0.11845869946396,0.27493267542,0.145,0.069,1
"Ids",0.119105736784389,-0.597055709680759,0.071,0.121,1
"Ptprt",0.119327348950718,0.515878258078063,0.279,0.172,1
"Shisa9",0.119402696561075,0.281129270371072,0.196,0.103,1
"Cnr1",0.119649760278527,-0.706460538109437,0.102,0.155,1
"Ncoa1",0.122392392342144,-0.621787349014381,0.444,0.431,1
"Ncaph2",0.122440402436497,-0.690857639518284,0.059,0.103,1
"Sorbs2",0.122737794510468,-0.555138562703817,0.554,0.534,1
"Tmem50a",0.122916462626086,-0.612151963000801,0.167,0.224,1
"Lrp8os2",0.123551219974743,-0.457062714238681,0.057,0.103,1
"Sgms1",0.125059237323689,0.286382848169434,0.121,0.052,1
"Csad",0.12517692149108,-0.74308256128642,0.073,0.121,1
"Ttc27",0.126842847643263,-0.372498176766975,0.071,0.121,1
"Zfp532",0.127267106705575,-0.390534451147461,0.254,0.138,1
"Jpt1",0.127306307943746,-0.538022985242581,0.1,0.155,1
"Vsnl1",0.129716605173554,-0.976207863130363,0.309,0.328,1
"Abl1",0.129979056078991,0.26481500479112,0.14,0.069,1
"Mboat2",0.130497894378542,-0.51655708064014,0.148,0.207,1
"Tbcb",0.130573628226752,-0.521379978731714,0.072,0.121,1
"Rchy1",0.131553233887423,0.252522805791926,0.145,0.069,1
"Agrn",0.131585879185892,-0.519377522655202,0.134,0.19,1
"Hs2st1",0.133491443761263,-0.303505261940306,0.202,0.103,1
"Ccdc59",0.133542450053943,0.265815509706113,0.143,0.069,1
"Pitpnb",0.134168823641486,-0.705197410772132,0.089,0.138,1
"Kcnk2",0.137639726003915,-0.77501585565724,0.101,0.155,1
"Calm1",0.13843462408659,-0.526860457850929,0.807,0.707,1
"Slc6a1",0.138654110441277,-0.608637518960463,0.226,0.276,1
"Kirrel3",0.138869913462486,-0.671770668373505,0.526,0.552,1
"Rab14",0.139625262779073,-0.560574812705358,0.317,0.362,1
"Ndn",0.139789635075021,-0.565102736462453,0.101,0.155,1
"Nell2",0.139821378982179,-0.832553632014228,0.233,0.276,1
"Wipi2",0.140450939071452,-0.599946490355777,0.088,0.138,1
"Nedd4l",0.141227638163356,-0.934697676335487,0.26,0.293,1
"Xkr4",0.142147614723671,-0.537030633570747,0.348,0.397,1
"Tmem178",0.142611013099333,-0.52286072876772,0.072,0.121,1
"Fbl",0.143630137316271,-0.478667774854412,0.073,0.121,1
"Slc39a10",0.145664596257177,-0.563252243009028,0.172,0.224,1
"Atxn10",0.146304401824415,-0.77850091436406,0.306,0.328,1
"Ubr4",0.147700587396747,-0.254147640146813,0.121,0.052,1
"Dock9",0.148797773051007,-0.519151934978686,0.074,0.121,1
"Mpped2",0.149508134796622,-0.801083689467452,0.51,0.5,1
"Man2c1os",0.149801637380743,-0.517661643447389,0.089,0.138,1
"Cdca7l",0.150254899120335,-0.691408515847818,0.089,0.138,1
"Grik1",0.15139815770448,0.797653790727564,0.157,0.086,1
"Tmsb4x",0.152092660987971,-0.567795777949732,0.472,0.466,1
"Arx",0.152588265868932,-0.705035734746487,0.107,0.155,1
"Arcn1",0.15268485375902,-0.519095173078573,0.121,0.172,1
"Mrpl20",0.153015379310453,-0.680508494356231,0.076,0.121,1
"Plppr3",0.154287172356991,-0.600180386167329,0.141,0.19,1
"Gm10125",0.154906374291657,0.259622577819492,0.179,0.103,1
"Zdhhc20",0.155527956072491,-0.469927640580035,0.268,0.31,1
"Pum2",0.155847686063837,-0.545008071524964,0.239,0.276,1
"Vps26a",0.156977007735019,-0.445257715649003,0.06,0.103,1
"Podxl2",0.159846974046308,-0.571758173260882,0.255,0.293,1
"Prpf4b",0.160867532205714,-0.315776400104359,0.652,0.603,1
"Slc35f1",0.160944503273484,-0.501376683701702,0.151,0.207,1
"Rrp1",0.161032516715706,-0.700070175389875,0.173,0.224,1
"Pde10a",0.1612237969474,0.254138611989176,0.427,0.293,1
"Eif3j1",0.161646058040636,0.273466958444196,0.135,0.069,1
"Brwd3",0.162660611713158,-0.548147370826765,0.09,0.138,1
"Cdh12",0.163110454891734,0.694954345008248,0.289,0.207,1
"Grin2d",0.163769345972867,-0.578871530676588,0.062,0.103,1
"Zfp281",0.165560590376064,-0.256838679571605,0.06,0.103,1
"Rpl35",0.166274495054113,-0.706563527493666,0.078,0.121,1
"Rtcb",0.166825674314341,-0.484617848317373,0.077,0.121,1
"Plcl1",0.166948569882935,-0.973163025893713,0.295,0.328,1
"Ube2e1",0.167689093788165,-0.706044560099146,0.143,0.19,1
"Vkorc1l1",0.168225039416324,-0.718229003177622,0.093,0.138,1
"Usp22",0.168694510942698,-0.871538220815889,0.127,0.172,1
"Ift43",0.169728700479854,-0.453509683898337,0.061,0.103,1
"Ssx2ip",0.170561465811747,-0.567495912102226,0.076,0.121,1
"Iffo1",0.172353331960968,-0.665125730010619,0.109,0.155,1
"Mettl16",0.172461018199491,-0.509626687981423,0.138,0.19,1
"Enpp5",0.173190657764121,-0.697142296933761,0.122,0.172,1
"4833439L19Rik",0.173270454758547,-0.482635886261546,0.062,0.103,1
"Psmc3",0.173307758274763,0.31189922330625,0.11,0.052,1
"Timm8b",0.175539012111117,0.267785194409465,0.109,0.052,1
"Atp6v1g1",0.176502304713368,-0.534676139362538,0.09,0.138,1
"Smurf2",0.177460499838524,-0.517006981363355,0.176,0.224,1
"Tspyl2",0.177474658917392,0.262683679770463,0.109,0.052,1
"Tmem132b",0.177486773981752,-0.535479050250212,0.093,0.138,1
"Zfp560",0.178046578708016,-0.775085494139834,0.095,0.138,1
"AI593442",0.178549311184069,-0.592334968928072,0.09,0.138,1
"Unc5c",0.179296335153213,0.513469677483992,0.129,0.069,1
"Marchf1",0.179596074685648,-0.336224927238796,0.288,0.362,1
"Aff4",0.179983093471753,-0.652690563267061,0.34,0.345,1
"Lsm14a",0.180735958944715,0.271543814522172,0.109,0.052,1
"Ywhab",0.180807031117954,-0.628165555113043,0.198,0.241,1
"Golga1",0.181464188056469,-0.459224707170943,0.109,0.155,1
"Dynll2",0.182458583487101,-0.623642244058819,0.161,0.207,1
"Dbn1",0.182774490518295,-0.617053886973973,0.163,0.207,1
"Nxph1",0.184148732575572,-0.739960795588364,0.516,0.5,1
"2900060N12Rik",0.18754976368333,-0.340118509111617,0.062,0.103,1
"Reps2",0.188250007792669,-0.504321353089572,0.161,0.207,1
"Rmdn3",0.188617929333026,-0.507949918593932,0.063,0.103,1
"Smpd3",0.189036657729023,-0.426105937524534,0.063,0.103,1
"Xkr6",0.189988061454019,-0.453661224054278,0.077,0.121,1
"Eif1b",0.190463445585055,-0.676535247603378,0.166,0.207,1
"Gm26930",0.190932273341568,-0.34958623727351,0.062,0.103,1
"Sdhb",0.191948956160809,-0.301706004337465,0.138,0.069,1
"Sub1",0.192159352233601,-0.5945034925047,0.218,0.259,1
"Edf1",0.195152518931662,-0.510264034898689,0.124,0.172,1
"Ncam1",0.195247766775967,-0.400357795212377,0.74,0.638,1
"Nrbp2",0.195798900625167,-0.52648705102287,0.078,0.121,1
"Cdkn1b",0.196475669788016,-0.420358187787662,0.063,0.103,1
"Syt4",0.198491835452551,-0.748138776176098,0.161,0.207,1
"Nisch",0.199060062789575,-0.506904311148353,0.333,0.345,1
"Prag1",0.199510578259292,-0.409791991751322,0.063,0.103,1
"Nudc",0.19964411873143,-0.618261077067549,0.113,0.155,1
"Pitpnc1",0.200232627750849,-0.787435831030174,0.109,0.155,1
"Pde1a",0.200380457257171,0.260152310586397,0.223,0.138,1
"Rpsa",0.205383073709667,-0.802884616191628,0.2,0.241,1
"Nabp2",0.207093361411149,-0.626746428533071,0.08,0.121,1
"Hint1",0.207290383095076,-0.577612018371454,0.218,0.259,1
"Clcn4",0.210060986870681,-0.284322231461684,0.161,0.086,1
"H3f3a",0.210656606665558,-0.626924933068209,0.284,0.31,1
"Clu",0.21207835447929,0.252066603875291,0.148,0.086,1
"Mast2",0.212557781230542,-0.568717137244211,0.279,0.31,1
"Tmx1",0.212647957396999,-0.602293943943702,0.066,0.103,1
"Pcdh7",0.213139851019967,0.300620723510578,0.654,0.517,1
"Diras2",0.213216024690975,-0.404879479815323,0.094,0.138,1
"Zfp799",0.216214633427875,-0.257615005899104,0.229,0.138,1
"Gm47167",0.216311111395542,-0.282215909018951,0.16,0.086,1
"Rps21",0.216993364829611,-0.596142629967445,0.188,0.224,1
"Gm11508",0.219008495039077,-0.521921599964328,0.066,0.103,1
"Rad23b",0.219349612222026,-0.58988749358138,0.15,0.19,1
"Kifap3",0.220643755434284,-0.603955686510699,0.429,0.397,1
"Mpc2",0.221168131714691,-0.899274004333767,0.134,0.172,1
"Mpdz",0.221379896928294,-0.797237150023295,0.113,0.155,1
"Ddx6",0.22138100966835,-0.452804298265873,0.201,0.241,1
"Ino80",0.223054605122853,-0.305850230590371,0.228,0.138,1
"Iars",0.223686027837224,-0.641304583124794,0.099,0.138,1
"Slc25a4",0.225044169224942,-0.548680040076972,0.428,0.414,1
"Hdac7",0.225559775200812,0.291195907963677,0.1,0.052,1
"Ccdc85a",0.225805355718354,0.296934194745586,0.238,0.155,1
"Abce1",0.226434951962055,-0.603880307751649,0.098,0.138,1
"Esf1",0.226635936508311,-0.6114292517832,0.151,0.19,1
"Thoc2",0.229268209949884,-0.265316639191783,0.36,0.224,1
"Gm14204",0.233312356782638,-0.655310383472556,0.15,0.19,1
"Atp5mpl",0.233708095736703,-0.585363394185527,0.083,0.121,1
"Reep2",0.234777166210332,-0.649207942549563,0.099,0.138,1
"Smad7",0.235306675403853,-0.282072287153394,0.106,0.052,1
"Sec62",0.236201079279202,-0.317845341120657,0.45,0.293,1
"Sod1",0.238332155474514,-0.842826256119656,0.1,0.138,1
"Fip1l1",0.2388151622166,-0.415966979455342,0.201,0.241,1
"Ctbp1",0.238935491201709,-0.697821689517782,0.084,0.121,1
"Cops4",0.240111337734281,-0.937676488569361,0.102,0.138,1
"Ppip5k2",0.240370256134033,-0.581468531200694,0.162,0.207,1
"Sfxn5",0.241075256279677,-0.730856315118523,0.085,0.121,1
"Rasgef1b",0.241611882009276,-0.535266543427909,0.083,0.121,1
"Sult4a1",0.241998840852563,-0.520217335941313,0.1,0.138,1
"Tubb5",0.242013667248713,-0.88055917149347,0.189,0.224,1
"Lamtor1",0.242016339213379,-0.546431744930382,0.084,0.121,1
"Chd4",0.242169352730023,-0.605129049735512,0.302,0.328,1
"Tug1",0.242501556410058,-0.551772330100373,0.083,0.121,1
"Bcap29",0.245419782448549,-0.554782825815002,0.099,0.138,1
"Msantd2",0.246292682730669,-0.508223507628969,0.117,0.155,1
"Cdh6",0.246586048025282,-0.265987031069345,0.124,0.172,1
"2610035D17Rik",0.247210122812368,-0.482038467384655,0.083,0.121,1
"Septin3",0.248579566333968,-0.42477165329455,0.13,0.172,1
"Naca",0.251431683859539,-0.742200890834544,0.196,0.224,1
"Ip6k2",0.252935383835743,-0.456052868938179,0.17,0.207,1
"Odr4",0.254370147966218,-0.407888837545853,0.082,0.121,1
"Maml3",0.254662669678779,-0.267626717539735,0.634,0.586,1
"Mapk10",0.255428816850787,-0.474291596790788,0.288,0.31,1
"Cpsf6",0.255902143952938,-0.456042435081881,0.339,0.345,1
"Txndc9",0.256208277851112,-0.591523089533759,0.1,0.138,1
"Slc20a2",0.25748493146972,-0.555016774296448,0.113,0.155,1
"Ywhah",0.259785150968137,-0.72752175377289,0.293,0.31,1
"Vti1b",0.26018175719977,-0.695709465544704,0.195,0.224,1
"Mir6236",0.2610872034674,-0.697072608592563,0.279,0.293,1
"Snx3",0.262150800930855,-0.277350629977547,0.152,0.086,1
"Ubap2l",0.262922816295177,-0.509469841194791,0.223,0.259,1
"Akt3",0.26310492378115,-0.541409259147566,0.455,0.431,1
"Gm4258",0.265123176032997,-0.687270084725609,0.506,0.448,1
"Gm13269",0.265306881615156,-0.413936262433298,0.084,0.121,1
"Rac1",0.265419602237649,-0.529090773159535,0.116,0.155,1
"Pag1",0.267976118193361,-0.495877450825531,0.187,0.224,1
"Skp1",0.272246270385009,-0.480439960898836,0.101,0.138,1
"Trappc10",0.272521559306321,-0.276879490463382,0.15,0.086,1
"Mgat4a",0.273111281226954,-0.276721695744085,0.101,0.052,1
"Eif1",0.27317934323233,-0.556212508600214,0.434,0.397,1
"Usp37",0.277117806772464,-0.572066662193227,0.173,0.207,1
"Kcnip3",0.27714147849052,-0.407389917955191,0.101,0.138,1
"Atp2a2",0.277776980336864,-0.32479588796888,0.373,0.241,1
"Trpc5",0.278234261431988,-0.519812963242501,0.07,0.103,1
"Ndufa5",0.280097351826824,-0.727845250020776,0.12,0.155,1
"Gdap1",0.281113557048149,-0.451765841636446,0.167,0.207,1
"Gpbp1",0.284519387773329,-0.47765939254762,0.135,0.172,1
"Asic1",0.285007719048232,-0.710244083718039,0.088,0.121,1
"Abhd8",0.285051894083621,-0.294944984321852,0.067,0.103,1
"Ctps2",0.286814753550086,-0.518293440698906,0.07,0.103,1
"Rnmt",0.286990611208718,-0.679396312739566,0.104,0.138,1
"Rab3a",0.28735636077212,-0.283077860938159,0.251,0.155,1
"Ints10",0.290231262074456,-0.499617568476498,0.141,0.172,1
"Zfp74",0.290813180291199,-0.50830248700759,0.087,0.121,1
"Akap13",0.292303207160548,-0.365094450737889,0.087,0.121,1
"Atp5h",0.293149367759238,-0.593760977792621,0.263,0.276,1
"Pex14",0.293720363442986,-0.473028608900913,0.085,0.121,1
"Ccdc88a",0.294169746283039,-0.628378603680451,0.661,0.534,1
"Ppia",0.294332947858677,-0.537848693503766,0.529,0.466,1
"Myl6",0.294541640068165,-0.661837256349416,0.189,0.224,1
"Pcdh9",0.29470240533977,-0.266700458946405,0.837,0.828,1
"Nipal3",0.295420842730981,-0.535273646939196,0.072,0.103,1
"Rgs7bp",0.297977498426512,-0.26739194636307,0.334,0.224,1
"Mtch1",0.298100713582384,-0.648749677704839,0.16,0.19,1
"Rraga",0.298701440690562,-0.436983405905852,0.072,0.103,1
"Rab11b",0.300738945027039,-0.596671956604386,0.106,0.138,1
"Rnf157",0.30094278343649,-0.304343432593208,0.274,0.172,1
"Ndufv1",0.302599172481479,-0.692776271410563,0.106,0.138,1
"Myo5a",0.303019396585205,-0.514672239718238,0.367,0.362,1
"Maea",0.305326206920194,-0.569761292386141,0.09,0.121,1
"Spag9",0.305786613817867,-0.282322713653002,0.577,0.517,1
"Mipol1",0.306143643735504,-0.740546693905846,0.089,0.121,1
"Map2",0.3062354294892,-0.250419980319159,0.816,0.707,1
"2610020C07Rik",0.307675102546174,-0.270610419265056,0.196,0.121,1
"Kifbp",0.30877651133415,-0.408154180848172,0.118,0.155,1
"Nexmif",0.309168815100137,-0.381498381586791,0.282,0.19,1
"Xpo7",0.309227556299447,-0.662190782847477,0.288,0.293,1
"Ccdc127",0.312429601124115,-0.590589063695011,0.09,0.121,1
"Fbxo34",0.312791165380472,-0.517281756780841,0.12,0.155,1
"Cox5b",0.312944768432549,-0.535856145833234,0.172,0.207,1
"Mgll",0.312985641303932,-0.409504224011185,0.141,0.086,1
"Casp8ap2",0.314913272664448,-0.457730530735733,0.073,0.103,1
"Pde4dip",0.315661670382709,-0.36017360583139,0.55,0.5,1
"Dzip1",0.316005902408022,-0.388056694007192,0.134,0.172,1
"Elmo2",0.316248248077904,-0.489886487468734,0.124,0.155,1
"BC003965",0.316609321979106,-0.599525616400664,0.073,0.103,1
"Os9",0.316659730316041,-0.482024159647986,0.089,0.121,1
"Pou6f1",0.317492403099556,-0.502241240205794,0.123,0.155,1
"Rtn3",0.318601889861784,-0.311017198795955,0.67,0.569,1
"Smurf1",0.32001934695586,-0.384213871592833,0.073,0.103,1
"Lnpk",0.321466412554163,-0.564713011020929,0.223,0.241,1
"Elf2",0.322335460790452,-0.65855801293134,0.124,0.155,1
"Khdrbs2",0.323453019975519,0.257310853211877,0.177,0.121,1
"Smarca4",0.324709235280703,-0.458895033227733,0.216,0.138,1
"Atp1b1",0.327327612289987,-0.358942038152507,0.752,0.638,1
"Coa3",0.327842645176652,-0.40835620472495,0.088,0.121,1
"Rplp1",0.32858881337089,-0.573015003109244,0.287,0.293,1
"Ssr1",0.330455336438614,-0.762110710083041,0.111,0.138,1
"Eif4g2",0.332196240382729,-0.623459398672109,0.268,0.276,1
"Tgfbr1",0.332727461094254,-0.39537537467867,0.073,0.103,1
"Crtac1",0.334138298077764,-0.261082716086604,0.115,0.069,1
"St6galnac5",0.334172855670074,-0.616647077137716,0.139,0.172,1
"Laptm4a",0.334896709743321,-0.676062907868624,0.143,0.172,1
"Mtmr7",0.336162309248044,-0.382597711427083,0.137,0.172,1
"Cracd",0.336439206725924,-0.555444767889226,0.36,0.362,1
"Gm19522",0.337576779186275,-0.364870135852635,0.072,0.103,1
"Phrf1",0.338391603672122,-0.407512314915309,0.106,0.138,1
"Psma1",0.338597797888589,-0.26700041808038,0.166,0.103,1
"Mrpl1",0.339219698911858,-0.438844348672392,0.09,0.121,1
"Ddb2",0.34050126243532,-0.270823587902804,0.139,0.086,1
"Eef1a2",0.340635207094714,-0.460093634190016,0.107,0.138,1
"Mrps28",0.341159666982219,-0.330190798097118,0.105,0.138,1
"Garnl3",0.342893695647982,-0.534610166073921,0.076,0.103,1
"Pphln1",0.345157713010471,-0.345005782396697,0.073,0.103,1
"Dhx30",0.345295043258975,-0.365446775091951,0.31,0.207,1
"Unc5d",0.347240614305234,-1.55122790595823,0.093,0.121,1
"Wdr11",0.348213798583341,-0.502393201335558,0.076,0.103,1
"Gm11149",0.348550873464933,-0.672157261846863,0.27,0.276,1
"Smim13",0.349942397526037,-0.679619305190473,0.166,0.19,1
"Edrf1",0.352387713072758,-0.499741901192749,0.076,0.103,1
"Mpc1",0.352951819928105,-0.288553183895663,0.238,0.155,1
"Hsf2",0.353286228474098,-0.418066174076087,0.076,0.103,1
"Atrx",0.354918632666032,-0.355936155268248,0.612,0.517,1
"Nars",0.355295254378345,-0.435032025985383,0.184,0.121,1
"Nr3c1",0.356859486440429,-0.745633485252904,0.13,0.155,1
"Sypl",0.357551338152983,-0.322764445544713,0.074,0.103,1
"Cacybp",0.357745467893226,-0.672102747595895,0.094,0.121,1
"Ttc3",0.358292913829927,-0.282678491219848,0.866,0.707,1
"Nudt4",0.359378822602075,-0.385694638570747,0.074,0.103,1
"Apba1",0.359531825649155,-0.702079047635835,0.276,0.276,1
"Nap1l1",0.360141599618892,-0.324200571792841,0.263,0.172,1
"Fmnl2",0.360167901345534,-0.387456933180577,0.172,0.207,1
"Gm26936",0.360172218886435,-0.725922174019631,0.278,0.293,1
"Rtl4",0.360638593061558,-0.330135788428719,0.12,0.155,1
"Ndufv2",0.361533571857114,-0.478689671462495,0.212,0.138,1
"Hspa5",0.36250971206296,-0.582140092295567,0.185,0.207,1
"Apba2",0.363171398409768,-0.599904397717063,0.163,0.19,1
"Dclk2",0.364103826771104,-0.377387362406736,0.489,0.448,1
"Foxg1",0.364283359394368,-0.507200611214074,0.093,0.121,1
"Abhd6",0.364513238505591,-0.57514197587199,0.13,0.155,1
"Ankrd12",0.366118131404278,-0.255452907174203,0.548,0.362,1
"Cnih4",0.366734882541617,-0.26505225550171,0.089,0.121,1
"Slc7a14",0.368604035840539,-0.634762554748394,0.074,0.103,1
"Pdxk",0.371380660003854,-0.458649754879528,0.077,0.103,1
"Sos2",0.372262048992687,-0.702290632835495,0.168,0.19,1
"2410002F23Rik",0.372610725848943,-0.499147627896454,0.077,0.103,1
"Virma",0.37295226462684,-0.375877317524962,0.182,0.121,1
"Map2k6",0.374075617792563,-0.749746208008991,0.128,0.155,1
"Tspan7",0.374573265656903,-0.509801929177008,0.501,0.431,1
"Mrps26",0.37513886285694,-0.606560281690296,0.129,0.155,1
"Trim46",0.376035042584879,-0.479551371002526,0.16,0.103,1
"Kctd16",0.376647261834843,-1.03708958065383,0.207,0.224,1
"Nptx1",0.377615743680065,-0.427694656798439,0.078,0.103,1
"Tmx2",0.378687458214573,-0.399248239528919,0.093,0.121,1
"Kcnip2",0.378822488129613,-0.447245237111309,0.089,0.121,1
"Ppp1r10",0.379560808618033,-0.537342014973936,0.162,0.19,1
"Rnf187",0.379615498590629,-0.472435807466552,0.144,0.172,1
"Nova2",0.380177850041475,-0.417426781031309,0.184,0.121,1
"Slc7a6os",0.381156084385072,-0.252557948214403,0.112,0.069,1
"Clcn6",0.381265292975298,-0.518384526149866,0.093,0.121,1
"Apbb2",0.383515979321758,-0.434252801693193,0.128,0.155,1
"Osbpl11",0.385364110568708,-0.415080192675371,0.077,0.103,1
"Dld",0.387014309975099,-0.57081475594421,0.113,0.138,1
"Ptov1",0.387060724047536,-0.558104700079038,0.112,0.138,1
"Fam124a",0.387611825669163,-0.564245340955943,0.093,0.121,1
"Zkscan3",0.388090951219434,-0.314876814993973,0.234,0.155,1
"Nudt3",0.388198941989015,-0.392097499972102,0.077,0.103,1
"Tatdn1",0.390809083384255,-0.251432628617668,0.093,0.121,1
"Atp8a2",0.390826329331375,-0.345684014758287,0.23,0.155,1
"Ralbp1",0.392442760796407,-0.432445098249658,0.166,0.19,1
"Cst3",0.392689011806445,-0.470080788741724,0.58,0.5,1
"Hsp90aa1",0.394717420777962,-0.408224797566302,0.483,0.414,1
"Avl9",0.395001940865956,-0.482770475389706,0.165,0.19,1
"Sec16a",0.396394451526462,-0.380449702187789,0.078,0.103,1
"Bckdha",0.396459512679966,-0.342618754164506,0.077,0.103,1
"Eif3h",0.396668309388639,-0.42077841323287,0.133,0.086,1
"Chd6",0.396710212734781,-0.46445885437541,0.49,0.414,1
"Ndufa13",0.397593643311482,-0.273812586467637,0.182,0.121,1
"Zfp292",0.398346499811325,-0.520323347131981,0.355,0.345,1
"Cycs",0.398647953933311,-0.661009770093685,0.132,0.155,1
"Ophn1",0.399584820066314,-0.283256680058535,0.296,0.207,1
"Nrn1",0.400216731405341,-0.399724767103874,0.078,0.103,1
"Fsd1l",0.400880049284722,-0.552522843990815,0.133,0.155,1
"Slc44a5",0.401693051364076,-0.612058206276734,0.165,0.19,1
"Armh3",0.401995864338413,-0.253591968341878,0.18,0.121,1
"Nsd1",0.402518539372502,-0.375392159886285,0.524,0.483,1
"Actb",0.403215111969925,-0.436461415729932,0.483,0.431,1
"Gabbr2",0.404140561306164,-0.516272139678431,0.245,0.259,1
"Uqcrh",0.405407164592231,-0.305121701555739,0.232,0.155,1
"Rhobtb3",0.405842482046224,-0.511128087286277,0.13,0.155,1
"Cox10",0.405991538829893,-0.521484928052016,0.078,0.103,1
"Napa",0.40840060659206,-0.552716235877413,0.079,0.103,1
"Snapc1",0.409043395964446,-0.421059283346069,0.079,0.103,1
"Fam171a1",0.409903044099088,-0.267727371469883,0.13,0.086,1
"Arl1",0.411331784594912,-0.328935137002729,0.077,0.103,1
"Skp2",0.411815809822703,-0.323102193728122,0.078,0.103,1
"Dlx1as",0.41434558064915,-0.543743950582983,0.201,0.224,1
"Dynll1",0.414929057776123,-0.424065303547048,0.296,0.293,1
"Xpa",0.416441823956448,-0.270320230360885,0.132,0.086,1
"Atat1",0.416803609767151,-0.479324012168475,0.079,0.103,1
"Acsl4",0.417707392925363,-0.59326622514632,0.113,0.138,1
"Psmd13",0.417791977709381,-0.528166165955546,0.096,0.121,1
"Ptprs",0.41818128191727,-0.623287196094414,0.39,0.362,1
"Fam104a",0.418338622937792,-0.502803021802694,0.115,0.138,1
"Gdi1",0.418837091611721,-0.620003341960973,0.135,0.155,1
"Heatr3",0.419170942876292,-0.391821156662237,0.094,0.121,1
"Itm2b",0.420119382479418,-0.458017955643535,0.574,0.5,1
"Necab1",0.420931107102683,-0.600509059078038,0.271,0.19,1
"Ppp2r2a",0.422501048383874,-0.588580895587927,0.155,0.172,1
"Zfp266",0.424559216679251,-0.558244191435133,0.237,0.241,1
"Wasl",0.426301570359202,-0.578617465020157,0.22,0.224,1
"Naa12",0.426598942294045,-0.404231174242827,0.112,0.138,1
"Flrt2",0.426692841599266,-0.793864774136065,0.115,0.138,1
"Hpca",0.428917537298417,-0.471441424766131,0.078,0.103,1
"Eef2k",0.428927561424256,-0.433329529290581,0.08,0.103,1
"Gramd4",0.429266629230548,-0.323039044127736,0.079,0.103,1
"Tecr",0.42952000741309,-0.454932098407031,0.384,0.362,1
"Atp1a1",0.43089394891809,-0.295088492414733,0.334,0.241,1
"Sbf2",0.431166670563294,-0.250018105529904,0.504,0.362,1
"Map9",0.432953876915757,-0.274217248562789,0.107,0.069,1
"Cep170",0.433746097640152,-0.292855494893098,0.372,0.241,1
"Cox7b",0.434639176378115,-0.302871978176133,0.249,0.172,1
"Ddx24",0.435317833210352,-0.263381249357225,0.357,0.259,1
"Gm26672",0.435758824533851,-0.511131803772504,0.232,0.241,1
"Gm48700",0.440040607608822,-0.503074729865794,0.099,0.121,1
"Dync1li2",0.441814542550127,-0.345180661031122,0.204,0.138,1
"Pcgf3",0.442242939158607,-0.306064181700364,0.132,0.086,1
"Hnrnpa3",0.444029426458646,-0.403840742030363,0.33,0.224,1
"Acp1",0.44418012242336,-0.684947958155207,0.171,0.19,1
"Cdc123",0.444346152450252,-0.473563120903995,0.15,0.172,1
"Nbea",0.444358211182933,-0.274628873512392,0.689,0.586,1
"St6gal2",0.444395691741952,-0.40491982402119,0.082,0.103,1
"Huwe1",0.445085469025531,-0.328943166902557,0.49,0.328,1
"Mapre1",0.445729637183934,-0.493419884673086,0.082,0.103,1
"Ap2m1",0.447359614670192,-0.500527944841731,0.116,0.138,1
"Rnft1",0.447423015016378,-0.407342541869186,0.115,0.138,1
"Scg5",0.447717893674552,-0.357561497950459,0.438,0.397,1
"Bex2",0.448828614642727,-0.687552457351615,0.328,0.31,1
"Hnrnpm",0.450506870977032,-0.293426994276601,0.306,0.207,1
"E4f1",0.450927554800007,-0.261433840028261,0.08,0.103,1
"Khdrbs3",0.45123836686459,-0.725795473701378,0.173,0.19,1
"Elp4",0.451310193332897,-0.37890494856632,0.313,0.224,1
"Cpeb2",0.451760505139685,-0.53919082601035,0.082,0.103,1
"Arhgap17",0.452281115997163,-0.303947477714357,0.08,0.103,1
"Dpy19l1",0.452694638026864,-0.368353197063732,0.113,0.138,1
"Chga",0.453675058267713,-0.491883531426246,0.1,0.121,1
"Cadm4",0.454033639836161,-0.392149870639452,0.098,0.121,1
"Blcap",0.454148558734794,-0.423880828106728,0.079,0.103,1
"Atp11c",0.455175758336874,-0.265283855364896,0.173,0.121,1
"Coro1c",0.456584204806299,-0.548672538744236,0.083,0.103,1
"1700109K24Rik",0.457059279095619,-0.346168553609969,0.201,0.138,1
"Zswim8",0.457777698953659,-0.452527547159835,0.118,0.138,1
"Dleu2",0.45789850709293,-0.504319445515256,0.426,0.379,1
"Txnl1",0.458406443470758,-0.474212235468073,0.098,0.121,1
"Sec61a2",0.458889455651592,-0.25897205934346,0.241,0.172,1
"Mdh2",0.459026660722069,-0.460833574929943,0.216,0.224,1
"Ubtf",0.459530594257562,-0.368692613294006,0.096,0.121,1
"Rpl23a",0.461105941701734,-0.535322052033388,0.1,0.121,1
"Psma7",0.461593278701575,-0.554679313843116,0.156,0.172,1
"Wdr12",0.462595117641599,-0.447353330525269,0.082,0.103,1
"Nav1",0.463408626896776,-0.526350786845575,0.332,0.328,1
"Rps11",0.463792266630631,-0.607849766911242,0.172,0.19,1
"Cyb5b",0.46429826780945,-0.406293537673153,0.117,0.138,1
"Gde1",0.465190666638886,-0.51890671297965,0.195,0.207,1
"Ei24",0.465720437153347,-0.641518618728777,0.156,0.172,1
"Pak3",0.466833109359813,-0.266818335884475,0.372,0.276,1
"App",0.467110889092821,-0.545223392624381,0.621,0.534,1
"Abcf1",0.468185361541059,-0.255270518835049,0.146,0.103,1
"Cds2",0.468767837441855,-0.437648600820289,0.217,0.224,1
"Ephb1",0.46939299276212,-0.284157727370247,0.08,0.103,1
"Nedd4",0.469738094586807,-0.589027577470525,0.429,0.379,1
"Hectd4",0.470344249199394,-0.455776511275219,0.301,0.207,1
"Cdc40",0.47049993966503,-0.539744182630762,0.138,0.155,1
"Gpcpd1",0.471893673810779,-0.418903694938627,0.249,0.172,1
"Auh",0.471896629343937,-0.312912624772205,0.201,0.138,1
"Slc38a2",0.472792233247494,-0.300987738629082,0.265,0.19,1
"Esd",0.47356957945032,-0.500711524194507,0.083,0.103,1
"Prnp",0.474782853688999,-0.524428439843671,0.213,0.224,1
"Frrs1l",0.476743023395358,-0.589831239050412,0.241,0.241,1
"Atp5e",0.477033005209103,-0.412353847647325,0.082,0.103,1
"Fbxw2",0.479085447891766,-0.265787162122002,0.193,0.138,1
"Hnrnph1",0.479580234761924,-0.488943710587537,0.38,0.345,1
"Ric8b",0.480399532684149,-0.444525505577745,0.171,0.121,1
"Mark2",0.480960098713536,-0.577896166944951,0.234,0.241,1
"Fbrsl1",0.481121379849281,-0.526462028081844,0.157,0.172,1
"Hnrnpr",0.482099898135981,-0.442120822383381,0.276,0.276,1
"Cwc22",0.483231099642507,-0.443649520281563,0.083,0.103,1
"Eef1g",0.483244709691191,-0.487171246732395,0.12,0.138,1
"Fau",0.483373388615364,-0.464817931107515,0.272,0.276,1
"Hdac4",0.484760287338935,-0.259647778483462,0.341,0.241,1
"Slc30a5",0.484944229512337,-0.40012775796462,0.117,0.138,1
"Dpysl5",0.485115046864053,-0.402841260804211,0.099,0.121,1
"Stard9",0.485315261087425,-0.390343745991702,0.083,0.103,1
"Lmo4",0.485788439149705,-0.416853657612711,0.173,0.19,1
"Phlpp1",0.486125997606552,-0.352496466878507,0.154,0.172,1
"Snap47",0.486913394537658,-0.279733130615375,0.193,0.138,1
"H2bu2",0.488577938796187,-0.452486872442049,0.12,0.138,1
"Exosc1",0.490067093998305,-0.464136390554711,0.084,0.103,1
"Map4",0.492127897237271,-0.777404914490753,0.241,0.241,1
"Fibp",0.492297469380103,-0.327650820896708,0.083,0.103,1
"Amer2",0.492788731636524,-0.454656580202837,0.1,0.121,1
"Npdc1",0.494381392470149,-0.638891200490415,0.104,0.121,1
"Zbtb7a",0.495135239077412,-0.386733850378169,0.116,0.138,1
"Usp7",0.497558327979205,-0.286105077177048,0.148,0.103,1
"Zfpm2",0.498779460879235,-0.34440799597274,0.116,0.138,1
"Msmo1",0.498794948132488,-0.478285411309655,0.084,0.103,1
"Mgrn1",0.4989808849393,-0.431802869342178,0.139,0.155,1
"Tmem135",0.499349284318768,-0.421682793532486,0.262,0.259,1
"Mdh1",0.502144718894528,-0.527870385284255,0.384,0.345,1
"Eif3e",0.504323828889371,-0.384357596120883,0.101,0.121,1
"Wipf2",0.507090137947768,-0.339940761207345,0.1,0.121,1
"Zfp410",0.50784606870256,-0.258950362835382,0.083,0.103,1
"Smoc1",0.508427558337784,-0.447511475263479,0.135,0.155,1
"Cyrib",0.508429910499144,-0.258289816540133,0.312,0.224,1
"Hnrnpd",0.509917796619363,-0.674132527021568,0.226,0.224,1
"Ndfip2",0.510963201811155,-0.487475417783471,0.198,0.207,1
"Plp1",0.512194624839641,-0.308723226634555,0.378,0.276,1
"Tgoln1",0.513027320836815,-0.583310867694541,0.087,0.103,1
"Itsn1",0.51308646170966,-0.533257503278144,0.302,0.293,1
"Norad",0.513564930149366,-0.635665624750224,0.259,0.259,1
"Lrp8",0.51398741126929,-0.653579160797966,0.272,0.259,1
"Smdt1",0.514491057992291,-0.481586746546181,0.12,0.138,1
"Ndufab1",0.514577035755042,-0.574070615490241,0.126,0.086,1
"Ankrd11",0.514650608349856,-0.347347048982196,0.385,0.362,1
"Slc1a3",0.515232708510002,-0.401693659668517,0.133,0.155,1
"Rubcn",0.517687245221802,-0.454971071888407,0.159,0.172,1
"Rps3",0.51960834753479,-0.57714936766706,0.161,0.172,1
"Mfap1a",0.520432936059819,-0.333588897260345,0.084,0.103,1
"Ypel5",0.520489179609802,-0.313249730433228,0.124,0.086,1
"Capn7",0.521476130512972,-0.332840548751741,0.146,0.103,1
"Nbeal1",0.522707685922741,-0.48721316567556,0.179,0.19,1
"Osbpl8",0.523563570506707,-0.38042923838015,0.349,0.241,1
"Asap2",0.525092935724784,-0.350415173884821,0.085,0.103,1
"Vps13d",0.525375250590106,-0.310132060478831,0.24,0.172,1
"Kif3b",0.525826891970569,-0.350331346697438,0.084,0.103,1
"Rplp2",0.528392676687369,-0.410053995188418,0.145,0.103,1
"Npas3",0.528925249266786,-1.42508798350139,0.143,0.155,1
"Washc4",0.528948960489468,-0.308616926023714,0.123,0.086,1
"Tut7",0.529964342453704,-0.358069638653321,0.213,0.155,1
"Ankrd17",0.530491518081598,-0.405095979514245,0.409,0.362,1
"Rpl9",0.530542694654131,-0.535130614624894,0.291,0.276,1
"Rps15",0.531050072488476,-0.561957729153074,0.177,0.19,1
"Cdh2",0.531377981029208,-0.45681125226835,0.391,0.276,1
"Rangap1",0.534152800953001,-0.388729609454592,0.084,0.103,1
"Got1",0.534292355020963,-0.66790722567482,0.209,0.207,1
"mt-Nd5",0.534356697826078,-0.341929313343609,0.102,0.121,1
"Ctnnb1",0.53503144952552,-0.303101274451744,0.122,0.086,1
"Ddb1",0.535607549081825,-0.351521897290131,0.084,0.103,1
"Kdm2b",0.536678651968079,-0.45161532932196,0.104,0.121,1
"Khsrp",0.537644121912494,-0.429999746074929,0.105,0.121,1
"Rpl23",0.538354216224797,-0.517087002419683,0.285,0.276,1
"Ndufc2",0.538754309608319,-0.404563952730912,0.165,0.121,1
"Tmem234",0.539758592287255,-0.437423499508108,0.179,0.19,1
"Rock1",0.539777930228838,-0.456612676604301,0.343,0.31,1
"Cct6a",0.539906421240671,-0.434423347723675,0.106,0.121,1
"Dcc",0.540087268246941,-0.400771022697906,0.55,0.5,1
"Supt20",0.54172744546663,-0.321910852563925,0.245,0.172,1
"Dop1b",0.541925691492279,-0.386302440972873,0.087,0.103,1
"Srsf4",0.541925698932571,-0.439313649021784,0.087,0.103,1
"Rpl22l1",0.542041479482509,-0.37952475408378,0.123,0.086,1
"Atxn7l1",0.543278148387667,-0.258796101256075,0.234,0.172,1
"Enox1",0.54485249462314,-0.556623288466651,0.541,0.431,1
"Sec11a",0.547071286203707,-0.263736714915274,0.123,0.086,1
"Sgtb",0.548456116024869,-0.451238152264793,0.087,0.103,1
"Dnajc8",0.548953177472138,-0.541581379005899,0.143,0.155,1
"Gt(ROSA)26Sor",0.549623497133442,-0.418550893316062,0.105,0.121,1
"Smc6",0.551936729817518,-0.373593682563694,0.189,0.138,1
"Trim33",0.552012358516232,-0.410402325340564,0.288,0.207,1
"Ctif",0.552316599114232,-0.275577090778257,0.256,0.19,1
"Nr6a1",0.552729167166673,-0.6441084106592,0.189,0.138,1
"Tnrc18",0.553112829077606,-0.407518195163057,0.178,0.19,1
"6330403K07Rik",0.553941140191055,-0.333711730050823,0.213,0.224,1
"Alms1",0.555208675171123,-0.269179867324001,0.143,0.103,1
"Cct7",0.555332299404958,-0.272360814017326,0.121,0.138,1
"Rpl26",0.557253668083581,-0.469415959056446,0.176,0.19,1
"Upf2",0.557522010411889,-0.438556155682157,0.246,0.241,1
"Tnpo3",0.557998592020676,-0.395061089587632,0.238,0.241,1
"Chchd6",0.559273183032255,-0.373921845572598,0.161,0.121,1
"Pard3",0.559345688001864,-0.322910716206657,0.16,0.172,1
"Cfl1",0.559442551548438,-0.604024475658582,0.221,0.224,1
"Rnf220",0.55950649746205,-0.437022039163778,0.104,0.121,1
"Gucy1a1",0.560578459144747,-0.352252881608567,0.143,0.103,1
"Gm10785",0.562198383682642,-0.261631483965259,0.166,0.121,1
"Erlec1",0.562228777280162,-0.274157998269092,0.205,0.155,1
"Mtmr3",0.562628500494498,-0.458925870326721,0.265,0.19,1
"Evl",0.564140085816964,-0.28460930953774,0.26,0.19,1
"Rpl38",0.564335059693067,-0.690531565485412,0.189,0.19,1
"Prkcb",0.564792108966983,-0.465767254536346,0.463,0.328,1
"Mettl23",0.566125438833097,-0.392299161747037,0.088,0.103,1
"Pacs1",0.566702305431039,-0.346267535390075,0.202,0.207,1
"Chchd2",0.566943590142095,-0.282526202888333,0.271,0.276,1
"Serbp1",0.568538192830418,-0.510715607331194,0.304,0.293,1
"Sorcs1",0.568870957109918,-0.705840655218577,0.102,0.121,1
"Tpd52l2",0.569693769641603,-0.26111669631333,0.085,0.103,1
"Foxo3",0.569998139141131,-0.280199284080257,0.121,0.086,1
"Lars2",0.571115045922205,-0.630217667863465,0.188,0.19,1
"Snx10",0.571588488190903,-0.563510453183806,0.109,0.121,1
"Atp2c1",0.572252622114795,-0.458671996429502,0.341,0.241,1
"Gabrg3",0.57251408819924,0.292760733244482,0.38,0.345,1
"Akap9",0.572649135955833,-0.410568906858661,0.395,0.345,1
"Cyth1",0.574690747249829,-0.406079677679797,0.211,0.155,1
"Gabra1",0.575220288304273,-0.260448091011395,0.183,0.138,1
"Slc24a3",0.575624085517195,-0.392451289284773,0.311,0.293,1
"Myh10",0.577556622536072,-0.398357971596956,0.18,0.19,1
"B3galt2",0.578614085579021,-0.288000198399905,0.135,0.155,1
"Ttc28",0.579057403006134,-0.388206853216466,0.228,0.241,1
"Nsg1",0.581622565071616,-0.483140033584107,0.189,0.138,1
"Ezh1",0.581717010032113,-0.504933750583549,0.109,0.121,1
"Fkbp2",0.581717010032113,-0.53121340024776,0.109,0.121,1
"Aopep",0.583344248188084,-0.283917218608682,0.333,0.241,1
"Hk1",0.583720655352633,-0.329554373444606,0.122,0.138,1
"Myo10",0.584475790171377,-0.351122186189263,0.124,0.138,1
"Rps9",0.584835787492869,-0.533805044647032,0.163,0.172,1
"Gapdh",0.584948228420156,-0.502007399156822,0.52,0.431,1
"Sipa1l2",0.585755376352424,-0.253134811909666,0.088,0.103,1
"Suco",0.58790483334558,-0.475008416212141,0.165,0.172,1
"Parva",0.588371449804907,-0.328334069552726,0.088,0.103,1
"Pou2f1",0.590112975521693,-0.402342305351435,0.284,0.276,1
"Psma2",0.590437285377051,-0.479917910920213,0.144,0.155,1
"Vcp",0.590809542021026,-0.618049818466263,0.193,0.19,1
"Sptan1",0.591034250073145,-0.402011719627609,0.346,0.259,1
"Rsrp1",0.592759269308459,-0.30630694651715,0.648,0.517,1
"Pgam1",0.593107964252131,-0.255473224948505,0.209,0.155,1
"Ccdc82",0.593294441056739,-0.32249047321457,0.107,0.121,1
"Tmem255a",0.594468159085138,-0.334935115191067,0.117,0.086,1
"Thra",0.595358166124455,-0.364462078357011,0.351,0.328,1
"Dennd6a",0.596125066106418,-0.275747341196165,0.183,0.138,1
"Pafah1b1",0.596134920821069,-0.400955052826801,0.545,0.431,1
"Trir",0.596726337943919,-0.404835850709694,0.09,0.103,1
"Psip1",0.597843904037661,-0.381816701529927,0.488,0.397,1
"Iqsec1",0.598734826926416,-0.259985610821436,0.156,0.121,1
"Asxl1",0.601047964721406,-0.311077360308089,0.237,0.241,1
"Ercc6",0.601749799740486,-0.271982546859838,0.089,0.103,1
"Ppp2r3a",0.604423328470494,-0.290331282641215,0.283,0.207,1
"Rpl7a",0.604916067679563,-0.524398034560725,0.11,0.121,1
"Fbxo28",0.607146464185196,-0.343248473345871,0.122,0.138,1
"Atcay",0.608206945974262,-0.312645386290721,0.241,0.19,1
"Fam168b",0.609015686201657,-0.323254100186344,0.2,0.207,1
"Rpl21",0.611127305272152,-0.293020516914497,0.254,0.19,1
"Mrps18a",0.612313139021081,-0.308369705463729,0.089,0.103,1
"Sox11",0.612574048590148,-0.511899901617901,0.091,0.103,1
"Tet1",0.61307078502893,-0.530916277897284,0.089,0.103,1
"Usp16",0.614311391402051,-0.440808600851904,0.134,0.103,1
"Dpysl3",0.614387196583599,-0.370949974183131,0.122,0.138,1
"Gse1",0.614592806651646,-0.535030209399791,0.25,0.241,1
"Hnrnph2",0.616174936864597,-0.403915977718971,0.107,0.121,1
"Fam76a",0.616465015941649,-0.277212289824508,0.123,0.138,1
"Tiam2",0.61870508087334,-0.588793131737987,0.318,0.293,1
"Rpl28",0.618764141026147,-0.38801213085175,0.223,0.224,1
"Fut8",0.618785132560989,-0.63397878397971,0.285,0.259,1
"Vip",0.619715565423366,-0.964515933121225,0.185,0.138,1
"Rfx7",0.62019541828007,-0.636073102386008,0.421,0.328,1
"Prpsap2",0.620383749591536,-0.339966895327958,0.09,0.103,1
"Usf2",0.620838011147923,-0.397730978444123,0.091,0.103,1
"Slc1a2",0.622192090183178,-0.529596995488441,0.266,0.259,1
"Zc3h12c",0.6228354713709,-0.329984297541716,0.157,0.121,1
"Tafazzin",0.62343271335606,-0.615287072242886,0.111,0.121,1
"Rpl30",0.62343719560072,-0.444032011799354,0.157,0.121,1
"Ankrd40",0.623796461232955,-0.300957259537752,0.09,0.103,1
"Atpif1",0.624667836704219,-0.654955533086731,0.318,0.293,1
"Cyld",0.624897603191842,-0.297776803049559,0.26,0.19,1
"Nup214",0.625875075369643,-0.61300670618253,0.132,0.138,1
"Hs3st4",0.62843453227753,0.259217442868588,0.128,0.103,1
"Lrp1",0.631147758949384,-0.503116156489308,0.145,0.155,1
"Mcts1",0.633683920400665,-0.335615206638599,0.123,0.138,1
"Rps16",0.63399353560657,-0.510876664948948,0.168,0.172,1
"mt-Nd4",0.634448478781431,-0.636934002994437,0.321,0.293,1
"Helz",0.634884249494768,-0.273599682534577,0.222,0.172,1
"Atxn7",0.635001892952308,-0.27140775855561,0.204,0.155,1
"Ybx1",0.635016269707193,-0.44627915047645,0.229,0.224,1
"Numa1",0.639650997360919,-0.436480135622921,0.171,0.172,1
"Rundc3a",0.639879034195994,-0.517346983881674,0.148,0.155,1
"Ggnbp2",0.640998255744242,-0.288990218313549,0.257,0.19,1
"Lima1",0.642500285574407,-0.489228242978983,0.138,0.103,1
"Arih2",0.642928102632345,-0.380680880409636,0.159,0.121,1
"D830024N08Rik",0.643318081444592,-0.397302854716671,0.135,0.103,1
"Lrp12",0.644616285873562,-0.3603701429624,0.127,0.138,1
"Ogdh",0.644768608794778,-0.256732368124866,0.209,0.155,1
"Tsg101",0.64483881926581,-0.264138103250666,0.132,0.103,1
"Vdac2",0.645031816508977,-0.500460110780231,0.188,0.19,1
"Ppm1d",0.645454249793147,-0.422573828076423,0.093,0.103,1
"Rbms3",0.645788692343189,-0.868635024002999,0.273,0.207,1
"Rgs12",0.646477431160104,-0.464503506522716,0.137,0.103,1
"2810004N23Rik",0.646499515011062,-0.464283893108555,0.094,0.103,1
"Tspan5",0.646766048344372,-0.47392770547679,0.424,0.362,1
"Rngtt",0.647609756567035,-0.520305954966891,0.234,0.224,1
"Psmb4",0.648775529721463,-0.423677669351626,0.094,0.103,1
"Taf15",0.649393670112476,-0.348383993808836,0.316,0.241,1
"AU040320",0.649840507231292,-0.308496306191002,0.183,0.138,1
"Crebbp",0.650121021470717,-0.273898177645017,0.45,0.397,1
"Phip",0.650130652774537,-0.303123580808467,0.451,0.345,1
"Bclaf1",0.650660921411264,-0.448790812827527,0.361,0.259,1
"Ikbkb",0.650842821569144,-0.25483131393339,0.107,0.121,1
"Mettl9",0.651287952093789,-0.344710061534445,0.091,0.103,1
"Anapc5",0.651297163860032,-0.289640172130933,0.156,0.121,1
"Dad1",0.651297167523075,-0.777081276547403,0.154,0.155,1
"Pea15a",0.652325175330619,-0.659247495575291,0.093,0.103,1
"Ift20",0.653132397620447,-0.336675833985291,0.112,0.086,1
"Iqce",0.653596175407111,-0.343501782583462,0.091,0.103,1
"Exoc3",0.654269537863137,-0.633465331688546,0.198,0.19,1
"Nlk",0.655121902034474,-0.277096547323781,0.457,0.414,1
"Acox1",0.657692560823357,-0.297392749670191,0.126,0.138,1
"Arhgap21",0.657889110659359,-0.409607239889366,0.212,0.207,1
"Atp5o",0.657922818037572,-0.419917719004737,0.36,0.328,1
"Ypel3",0.659656951028996,-0.434608352704086,0.17,0.172,1
"Vamp4",0.659929123280158,-0.298058619083271,0.156,0.121,1
"Rps27a",0.660421172088421,-0.814134448290221,0.241,0.224,1
"Apod",0.662046138765274,-0.323085242540498,0.111,0.121,1
"Uba1",0.663754545141931,-0.457749201639905,0.132,0.138,1
"Slco3a1",0.664087822159584,-0.352736765846147,0.152,0.121,1
"Plppr1",0.665009407209308,-0.268315330880535,0.222,0.172,1
"Ndufb3",0.665647445213621,-0.340099981197254,0.167,0.172,1
"Fyttd1",0.665818595007968,-0.322697184330263,0.182,0.138,1
"Vamp2",0.666023424149383,-0.492479391990141,0.252,0.19,1
"Tmsb10",0.666494640085905,-0.474485269759033,0.095,0.103,1
"Morf4l1",0.666592892278157,-0.288543412407266,0.271,0.259,1
"Tcf3",0.667699253736584,-0.369939224354855,0.093,0.103,1
"Rps13",0.669712334429789,-0.562422186297807,0.191,0.19,1
"Cdv3",0.671628592291745,-0.570056639288481,0.112,0.121,1
"Slc25a5",0.67165289562894,-0.446969589345604,0.151,0.155,1
"Hook3",0.672196654966593,-0.290610384143605,0.252,0.19,1
"Mllt11",0.673236848950816,-0.292958029621677,0.184,0.19,1
"Metap1d",0.67405337923324,-0.286970063425455,0.31,0.241,1
"Pik3r1",0.674258871825972,-0.46095680589029,0.248,0.241,1
"Nefl",0.674606245634945,-0.317813314427166,0.109,0.121,1
"Otulin",0.674731737802574,-0.375248102184744,0.165,0.172,1
"Sp3",0.674812881264017,-0.491952918351981,0.152,0.155,1
"Itgb1",0.677491410664905,-0.365487836987286,0.146,0.155,1
"Atp5o.1",0.677802451469469,-0.498335189488115,0.163,0.172,1
"Hmgcr",0.679228732327318,-0.388741605289331,0.13,0.138,1
"Tra2b",0.679348235194229,-0.56468630695278,0.285,0.259,1
"Eif3c",0.679817370330684,-0.31528879359424,0.206,0.155,1
"Zswim6",0.680238173668057,-0.581806649065918,0.439,0.362,1
"Lamp1",0.680253851516418,-0.43562531845919,0.189,0.19,1
"Fstl4",0.680772161462137,-0.547476710511092,0.129,0.138,1
"Alkbh8",0.681169211688914,-0.476060131580397,0.113,0.121,1
"Hivep1",0.681418705541099,-0.275492503640208,0.11,0.121,1
"Msl2",0.681618884647199,-0.438112111471691,0.112,0.121,1
"Usp9x",0.681884633006788,-0.251220514781929,0.365,0.276,1
"Cacna2d3",0.68205869377162,-0.348614908956582,0.14,0.155,1
"Clstn1",0.682786487638097,-0.487068930815979,0.282,0.259,1
"Ndufa4",0.682978093821383,-0.292627689382802,0.268,0.259,1
"Svop",0.683203883751186,-0.277595687302822,0.257,0.207,1
"Ipo5",0.684387732200262,-0.27140731254543,0.111,0.086,1
"Lrrc4b",0.684977581862661,-0.46625494327139,0.171,0.172,1
"Ints6",0.685422357332737,-0.528533478989801,0.216,0.207,1
"Atp5g1",0.686399533751604,-0.469546904188104,0.213,0.207,1
"Hmgn2",0.687895097236487,-0.274186858583451,0.093,0.103,1
"Smarca2",0.688630107081417,-0.411053768194385,0.152,0.155,1
"Stmn3",0.688677828680774,-0.250506720428058,0.444,0.328,1
"Tsn",0.690547061617519,-0.266785618226389,0.154,0.121,1
"Sfr1",0.690908322218495,-0.339337013024519,0.148,0.155,1
"Asxl3",0.691911555067905,-0.25099839838694,0.216,0.172,1
"Smarcc1",0.693255376523033,-0.583383863025791,0.223,0.172,1
"BC005624",0.69337144165033,-0.286005040250456,0.093,0.103,1
"Bbln",0.694424291802147,-0.502771777331456,0.116,0.121,1
"Eif2s2",0.696996504494477,-0.349661781253969,0.22,0.172,1
"Prdx5",0.697369661094757,-0.526223190889657,0.155,0.155,1
"Hnrnpdl",0.69783740749535,-0.30190348428984,0.415,0.31,1
"Gnb1",0.69799676425524,-0.283037541476815,0.29,0.224,1
"Btrc",0.698358909142372,-0.341927590667839,0.337,0.293,1
"Snapc3",0.69863196816902,-0.360739052314739,0.199,0.19,1
"Stx6",0.699321426368567,-0.365822024443121,0.154,0.155,1
"Tceal3",0.700176329780759,-0.270557678690435,0.172,0.138,1
"Pnma8b",0.700627979606888,-0.299443278612675,0.27,0.207,1
"Cacna1b",0.701992756062352,-0.597347970912592,0.22,0.207,1
"Maged1",0.703289587972724,-0.418728368181381,0.191,0.19,1
"Gtf2a1",0.703743815452729,-0.399850853288971,0.113,0.121,1
"Atp6v1e1",0.704489731694552,-0.560577870034074,0.224,0.224,1
"Rbm28",0.704565005156058,-0.413794147370943,0.168,0.172,1
"Ptpn4",0.704860687600367,-0.414892499817358,0.377,0.345,1
"Ncald",0.705818929993246,-0.273323777999552,0.22,0.172,1
"Ndufa6",0.705893017563227,-0.352506225608169,0.132,0.138,1
"Peli2",0.708691138336975,-0.40628327263717,0.302,0.224,1
"Zfp62",0.709740069096475,-0.366692263578823,0.112,0.121,1
"Vmp1",0.710707764209187,-0.310653509559923,0.288,0.224,1
"Lonp2",0.71213987873461,-0.415473603482329,0.189,0.19,1
"Psmd1",0.712296370522169,-0.300253999305405,0.177,0.138,1
"Xrn1",0.713099964833423,-0.335179910309872,0.304,0.241,1
"Dnm2",0.713715540979381,-0.305701140995732,0.322,0.293,1
"Thy1",0.714656524866186,-0.352255689679646,0.155,0.121,1
"Nfx1",0.716224962930041,-0.366236145365152,0.273,0.207,1
"Gap43",0.716632785325127,-0.375475492407616,0.212,0.207,1
"Cdc42",0.716637345898769,-0.611937414359782,0.337,0.293,1
"Gm26542",0.717471743830153,-0.323270464703944,0.096,0.103,1
"4732440D04Rik",0.718114189156006,-0.622432821844498,0.098,0.103,1
"Psmb7",0.718672329253738,-0.356354698899578,0.115,0.121,1
"Tmx3",0.71901447739871,-0.4081475696556,0.154,0.155,1
"Cops3",0.720514583762808,-0.411179796417105,0.133,0.103,1
"Atxn7l3b",0.720782345314871,-0.36801141016511,0.278,0.259,1
"Evi5",0.720914010202474,-0.251482378427911,0.199,0.155,1
"Rpl12",0.72105649121296,-0.392699779776192,0.152,0.155,1
"Sox1ot",0.721229739878539,-0.580959557766827,0.17,0.172,1
"Vgf",0.721682564590771,-0.396066142850178,0.11,0.086,1
"Etv5",0.722448789966361,-0.395914658738151,0.094,0.103,1
"Psap",0.723027354460356,-0.291939945402472,0.382,0.293,1
"Ywhaz",0.723095613952571,-0.521006307335873,0.362,0.31,1
"Rab2b",0.723301977520699,-0.581208782187876,0.13,0.103,1
"Caprin1",0.726367834075662,-0.30811961983064,0.272,0.207,1
"Rpl7",0.726641920139094,-0.311381068366862,0.115,0.121,1
"Zfp426",0.727289225995322,-0.388316949148572,0.106,0.086,1
"Dpysl2",0.727467776979906,-0.566169417622106,0.263,0.241,1
"Rpl10a",0.728622658286564,-0.399307352038145,0.133,0.138,1
"Ndufb2",0.728783900870337,-0.309141333135635,0.094,0.103,1
"1110032A03Rik",0.729210632851736,-0.318425911833779,0.096,0.103,1
"D430041D05Rik",0.729317640625596,-0.255775819962795,0.171,0.172,1
"Rpl34",0.729986029856568,-0.457300688808948,0.133,0.138,1
"Ywhaq",0.730120002104791,-0.325328110767695,0.288,0.224,1
"Btf3l4",0.730630007753093,-0.393603560343938,0.11,0.086,1
"Slc24a2",0.73094336006924,-0.347016583054601,0.172,0.172,1
"Kpna6",0.731371794132132,-0.313245137547873,0.095,0.103,1
"Nup160",0.732789188686382,-0.251047083275815,0.109,0.086,1
"Spock1",0.733903713761932,-0.363641520795344,0.135,0.138,1
"Aplp1",0.734482922031678,-0.478427728573569,0.405,0.31,1
"Tmem30a",0.735833786765144,-0.471545999557817,0.218,0.207,1
"Mff",0.735852643733172,-0.414314626526908,0.15,0.121,1
"Vwa8",0.736890951427399,-0.453482837996723,0.196,0.19,1
"Bend6",0.737557416503645,-0.450880673248632,0.117,0.121,1
"Selenoi",0.738184010137545,-0.314356859288927,0.133,0.138,1
"Ptpn11",0.738623718237499,-0.290396126314701,0.132,0.138,1
"Pnkd",0.73938046944413,-0.357200261408429,0.128,0.103,1
"Pdss1",0.739728125126401,-0.299410493265465,0.117,0.121,1
"Hmgn1",0.740507079928496,-0.55945885587357,0.154,0.155,1
"Vta1",0.741318102599739,-0.259387736963483,0.13,0.103,1
"Pcdh17",0.742407208781692,-0.465202176759741,0.309,0.241,1
"Wdfy1",0.743109069820968,-0.370674158077592,0.098,0.103,1
"Dnajc7",0.743914447979069,-0.387578218316913,0.24,0.19,1
"8030462N17Rik",0.744241958102363,-0.45425987335121,0.221,0.172,1
"Sec63",0.744241964402291,-0.470391923660812,0.218,0.207,1
"Lmbrd2",0.744548565913721,-0.345207661317268,0.129,0.103,1
"1500011B03Rik",0.744898288866438,-0.292972420605122,0.129,0.103,1
"Map4k4",0.745113012183367,-0.489575316331682,0.285,0.259,1
"Top3b",0.745466759726327,-0.376817021057367,0.098,0.103,1
"Erbb4",0.746952137484498,-0.581966631809757,0.724,0.638,1
"Hnrnpul2",0.747098855458277,-0.353418043792117,0.133,0.138,1
"Ddx1",0.747209080603241,-0.26581931553027,0.191,0.155,1
"Calb2",0.749556509227529,-0.61657627266332,0.191,0.19,1
"Osbpl6",0.749589959030363,-0.302104279441193,0.216,0.172,1
"Rprml",0.750373484981165,-0.291352655990916,0.127,0.103,1
"Egr1",0.750848154117056,-0.281041606477065,0.105,0.086,1
"G3bp1",0.752864753002897,-0.402040434040835,0.116,0.121,1
"Marchf3",0.753009126746994,-0.53270132799512,0.099,0.103,1
"Smarca5",0.753487104345552,-0.430213808692974,0.199,0.19,1
"Ap1ar",0.753595989018994,-0.350462444880309,0.116,0.121,1
"Xpo6",0.754574653614964,-0.558085517316124,0.13,0.103,1
"Ubp1",0.754656575187376,-0.447897043098976,0.199,0.19,1
"Tox",0.754668752580362,-0.465974431774425,0.133,0.138,1
"Grm3",0.75590703378672,-0.303537426211418,0.188,0.155,1
"Stx12",0.756150015575689,-0.373709275286149,0.099,0.103,1
"Cep57",0.756150019469301,-0.301600906405172,0.099,0.103,1
"Fbxl2",0.7565023413563,-0.257617205782992,0.234,0.19,1
"Caly",0.756594659196413,-0.66534867976794,0.278,0.241,1
"Zfr",0.756768378944558,-0.301446206239142,0.504,0.431,1
"Rpl5",0.757084261401684,-0.48628649762437,0.155,0.155,1
"Rpl18a",0.757085618694868,-0.331839091056712,0.189,0.155,1
"Atp6ap2",0.757842773119929,-0.469450859820799,0.245,0.19,1
"Cdon",0.758354329274225,-0.440745285634611,0.116,0.121,1
"Ccdc12",0.758508339266853,-0.543974902851442,0.099,0.103,1
"Rpl14",0.75863658910413,-0.416288465971593,0.148,0.121,1
"Lingo1",0.76048790020031,-0.33695252787104,0.1,0.103,1
"Sh3rf1",0.762387802233688,-0.304856458741478,0.116,0.121,1
"Tet3",0.763023791275524,-0.360151944739051,0.22,0.207,1
"Slain1",0.765325297843828,-0.355818825047657,0.116,0.121,1
"Snrk",0.765778693632616,-0.321332039467827,0.126,0.103,1
"Cops5",0.766152466179795,-0.324583263786243,0.128,0.103,1
"Ddx3x",0.766856658946194,-0.27754786830625,0.156,0.155,1
"Gabarap",0.768454051592411,-0.32390103906726,0.107,0.086,1
"Csnk1a1",0.768780557499158,-0.415790403009749,0.511,0.397,1
"Mrps9",0.769448088397827,-0.397495034133461,0.118,0.121,1
"Tm2d1",0.770006484069925,-0.414497269958469,0.138,0.138,1
"BC031181",0.770204252461835,-0.38654569389751,0.199,0.19,1
"Snca",0.770420751990429,-0.44511621585702,0.344,0.293,1
"Ext1",0.771234251184163,-0.438543677833429,0.418,0.328,1
"Sf3b1",0.771471383130041,-0.414002281391487,0.441,0.328,1
"Scaper",0.773661282239463,-0.458723686217237,0.329,0.259,1
"Dlg4",0.774016625141973,-0.281916603970306,0.17,0.138,1
"Gucy1a2",0.774252373695569,-0.31052842619517,0.412,0.345,1
"Tsnax",0.774736983336694,-0.271292436622483,0.15,0.121,1
"Exoc5",0.774961209273351,-0.322186267315271,0.187,0.155,1
"Copz1",0.775870064492325,-0.341673762138135,0.099,0.103,1
"Stk38",0.77628027893774,-0.305049810842596,0.215,0.207,1
"Dym",0.77752891644241,-0.508216318294964,0.194,0.155,1
"Tiprl",0.777988560507114,-0.394541806924019,0.104,0.086,1
"Atl1",0.778438998355895,-0.328042561879993,0.218,0.172,1
"Specc1l",0.77885200624796,-0.412416979828761,0.198,0.19,1
"Cct8",0.779350866228717,-0.301117743364534,0.1,0.103,1
"Oaz1",0.779409501914752,-0.39998135460847,0.25,0.224,1
"Zfp280c",0.779594658768796,-0.370561769328651,0.218,0.207,1
"Fstl5",0.780024910736553,-0.533223272369874,0.209,0.172,1
"Senp8",0.780330979554411,-0.282502749532507,0.104,0.086,1
"Ccny",0.780366677520603,-0.359024997133549,0.29,0.224,1
"Aqr",0.780721584705249,-0.613420983486197,0.102,0.103,1
"Etv1",0.78553082678169,-0.261055743471632,0.305,0.241,1
"Atp5c1",0.785657244753382,-0.386133731370627,0.224,0.207,1
"Arf5",0.7859174077262,-0.320600643508998,0.118,0.121,1
"Dhx40",0.786182795120404,-0.486598029734584,0.099,0.103,1
"Ndufaf2",0.787242244077358,-0.286959159041159,0.117,0.121,1
"Ywhag",0.787974670002302,-0.376842880831937,0.259,0.207,1
"C2cd3",0.788002392288191,-0.273899832186957,0.105,0.086,1
"Puf60",0.789008997954439,-0.272233364756191,0.106,0.086,1
"Hnrnpk",0.790101936853148,-0.311877014290477,0.238,0.19,1
"Sp4",0.790673568113009,-0.320467588058401,0.174,0.172,1
"Rcn2",0.791891047772941,-0.519699710803938,0.187,0.172,1
"Scoc",0.792061436201561,-0.379934615834712,0.145,0.121,1
"Snx29",0.792927022265294,-0.326319863149738,0.215,0.207,1
"Rps23",0.79311775727046,-0.535950139445205,0.179,0.172,1
"Nmnat2",0.794765964565148,-0.276989917805374,0.143,0.121,1
"Ncapd3",0.794912618183074,-0.338759080990251,0.17,0.138,1
"Rora",0.795476946637964,-0.455878872255895,0.649,0.534,1
"ENSMUSG00000121085",0.795963667951458,-0.389824266764784,0.1,0.103,1
"E230029C05Rik",0.796314243003255,-0.483095085775171,0.12,0.121,1
"Uqcrq",0.797837464137258,-0.467697744095607,0.139,0.138,1
"Nek1",0.798329064796827,-0.323881006563844,0.166,0.138,1
"Brk1",0.798443012453012,-0.421205802911781,0.149,0.121,1
"Phf20",0.798759973878441,-0.487739406107136,0.233,0.207,1
"Sptlc1",0.799140500533376,-0.421940192855881,0.104,0.086,1
"Atp5md",0.799252533215526,-0.381831278146007,0.19,0.155,1
"Pcnx2",0.799531353273352,-0.386299425734132,0.118,0.121,1
"Phf24",0.799836514116898,-0.472614383895918,0.162,0.138,1
"Rps14",0.800664904601511,-0.372606271119267,0.221,0.207,1
"Bcl11a",0.800693260942481,-0.536751371112908,0.537,0.431,1
"Kmt5b",0.801867268185541,-0.280815745274962,0.255,0.207,1
"Kif5b",0.802355081387709,-0.36001496536312,0.261,0.207,1
"Baz2b",0.802647801596915,-0.382596195946195,0.448,0.362,1
"Mlf2",0.802714739099833,-0.289258953902272,0.101,0.086,1
"Camsap2",0.803134727477331,-0.479227595533479,0.205,0.19,1
"Caskin1",0.804481787549392,-0.376159651419339,0.101,0.103,1
"Hnrnpa0",0.804877588147957,-0.328122668726715,0.101,0.103,1
"Reep5",0.806135159263481,-0.403119771423999,0.165,0.138,1
"Fam171a2",0.80725345109712,-0.263387967337961,0.102,0.086,1
"Tmcc1",0.808309314885665,-0.483393629208097,0.516,0.397,1
"Fnbp1l",0.809567925464926,-0.279124538781624,0.313,0.259,1
"Rabac1",0.810515413435512,-0.555129580620911,0.187,0.172,1
"Plxna2",0.811721168999865,-0.546678396564456,0.159,0.155,1
"Chgb",0.812295343218025,-0.458733514550262,0.259,0.207,1
"Tle5",0.812593429101084,-0.442814580498337,0.163,0.155,1
"Mtcl1",0.813325185658931,-0.396247351091347,0.102,0.103,1
"Chd5",0.813469111926779,-0.604842890262293,0.144,0.138,1
"Fis1",0.813597753391581,-0.304599895550111,0.102,0.086,1
"Dnajb6",0.814032333669564,-0.604266782879073,0.234,0.224,1
"Ndrg3",0.815434798047495,-0.666100609558159,0.237,0.19,1
"Rprd2",0.815611649360157,-0.413173593458978,0.248,0.224,1
"Cwc27",0.815771609847116,-0.307960744493799,0.22,0.207,1
"Exoc6",0.817904545061004,-0.317888101406961,0.145,0.121,1
"Zranb1",0.819405139260545,-0.456987860765438,0.263,0.207,1
"Spast",0.820091599575153,-0.516482380098609,0.212,0.172,1
"Selenof",0.821628273435386,-0.596302120925851,0.102,0.103,1
"Commd3",0.822201086269645,-0.354776165867821,0.159,0.155,1
"Epm2aip1",0.822341084774398,-0.257875638464958,0.102,0.086,1
"Glud1",0.822687682523287,-0.3658493282487,0.145,0.121,1
"Atp5d",0.822722189438052,-0.355458538370124,0.16,0.155,1
"Gm20275",0.823092282392227,-0.372310670993243,0.355,0.31,1
"Herc1",0.823507194795734,-0.388514074187595,0.46,0.379,1
"Klhdc10",0.823577988029387,-0.353059906450917,0.439,0.362,1
"Cpe",0.823916988624941,-0.334455064612426,0.484,0.379,1
"Saraf",0.824440840111576,-0.315311158534409,0.168,0.138,1
"Rps7",0.824440841931924,-0.653005758105113,0.167,0.155,1
"Zfp638",0.824514668945066,-0.282696121724733,0.488,0.397,1
"Stt3b",0.827730986990712,-0.352944079380729,0.116,0.121,1
"Fbxo33",0.828801822153647,-0.318297695367778,0.104,0.103,1
"Pld3",0.829925211488511,-0.293403264205262,0.16,0.155,1
"Snrpn",0.831062379611814,-0.290446281355341,0.376,0.328,1
"Arhgap12",0.831815723584768,-0.25110634245273,0.185,0.155,1
"Pds5a",0.832705449293771,-0.306557377296549,0.245,0.224,1
"Rpl37",0.834969849976597,-0.418555707297179,0.163,0.155,1
"Cyb5r4",0.8352879292076,-0.255607223264686,0.143,0.121,1
"Snrpd3",0.835896620983795,-0.283176534079449,0.102,0.086,1
"Kcnk1",0.837083274241925,-0.272374828278112,0.101,0.086,1
"Abca3",0.837423016602914,-0.343485512543942,0.124,0.103,1
"Tcp1",0.837956404651576,-0.600667013396415,0.145,0.138,1
"Prelid3a",0.838432519260244,-0.412064543567616,0.2,0.19,1
"Naa20",0.839582255100935,-0.343598883065238,0.162,0.138,1
"Prrc2a",0.839893036636961,-0.304052032497079,0.101,0.103,1
"Palm",0.841275839447708,-0.391756084732,0.188,0.155,1
"Ddrgk1",0.841454540542329,-0.513541547217632,0.104,0.103,1
"Spop",0.841700371946632,-0.490629853660711,0.278,0.241,1
"Stub1",0.841753628136429,-0.266406672456771,0.121,0.103,1
"Dph6",0.842257163093841,-0.389459480319526,0.166,0.138,1
"Tagln3",0.84311174371698,-0.252417402212222,0.1,0.103,1
"Slc7a6",0.843124493304106,-0.29261637268375,0.1,0.086,1
"Pja1",0.843124495857474,-0.312546875579013,0.1,0.086,1
"Stxbp1",0.843975543976037,-0.251458985538005,0.371,0.293,1
"Eloc",0.844648820863082,-0.521945613964974,0.124,0.121,1
"Styx",0.846733267568441,-0.295304799045553,0.101,0.086,1
"Prdx2",0.847911180980181,-0.441316467336339,0.207,0.172,1
"Syt16",0.848077523364805,-0.293272653597841,0.188,0.155,1
"Map2k4",0.84878172074096,-0.329937458996436,0.309,0.276,1
"Fgfr1op2",0.849108250552416,-0.441556927203065,0.144,0.138,1
"Mif",0.849657895346766,-0.280426071288093,0.141,0.121,1
"Nsd2",0.849810388171225,-0.412293672625432,0.309,0.276,1
"Ercc5",0.850188855336089,-0.338260153056463,0.118,0.103,1
"Tmem245",0.850863463311428,-0.294655735040889,0.141,0.138,1
"Edil3",0.851006690493695,-0.428067565999924,0.349,0.276,1
"Apbb1",0.851104643166953,-0.378477750085175,0.101,0.103,1
"Prpf40b",0.851838342090332,-0.274112311361097,0.102,0.103,1
"Hspa8",0.85407287204569,-0.50765637585527,0.468,0.379,1
"Ccdc34",0.854942989910566,-0.285366189369075,0.104,0.103,1
"Ulk2",0.857164151388612,-0.469514937229343,0.278,0.241,1
"Ddr1",0.858410050965992,-0.30377157872087,0.105,0.103,1
"Safb2",0.85897781560383,-0.317742464024315,0.144,0.121,1
"Cplx2",0.858995700734373,-0.396616159630942,0.117,0.103,1
"Pgk1",0.859477110249335,-0.668331935863451,0.106,0.103,1
"Snu13",0.859842088819606,-0.513047552719838,0.122,0.103,1
"Eny2",0.860131022813807,-0.493733117540008,0.185,0.172,1
"Scaf8",0.860299545206713,-0.437138691969983,0.291,0.259,1
"Iscu",0.861357250764747,-0.322539578259043,0.1,0.086,1
"Rlim",0.862101395344919,-0.296541139113591,0.104,0.103,1
"Pcbp2",0.862180932642921,-0.432073859573759,0.274,0.241,1
"Rufy3",0.862591808265154,-0.538722563428647,0.351,0.293,1
"Hnrnph3",0.862901080678216,-0.277914428723491,0.33,0.293,1
"4930415C11Rik",0.863387869628252,-0.409750160828219,0.1,0.086,1
"Glyr1",0.864204023861891,-0.435609245297672,0.167,0.155,1
"Extl3",0.865426888580376,-0.286404205857946,0.102,0.103,1
"Nhs",0.866012121064382,-0.407907274272561,0.226,0.207,1
"Uhrf2",0.866980533105093,-0.329514258068922,0.278,0.259,1
"Ube2d3",0.867046717585335,-0.344128231863905,0.237,0.224,1
"Nap1l4",0.867466127528985,-0.286529238848759,0.161,0.138,1
"Ranbp9",0.867590495329519,-0.508167779404232,0.23,0.207,1
"Cyp51",0.867829122918414,-0.325674614260079,0.102,0.103,1
"Vps35",0.867961131008725,-0.306020904731877,0.163,0.155,1
"Mapre2",0.868341492437046,-0.39982069161924,0.318,0.276,1
"Gm12709",0.869815465890369,-0.373101916209757,0.144,0.138,1
"Zeb1",0.869921839249632,-0.528581623316544,0.576,0.448,1
"Zcchc8",0.87007179874584,-0.354554705049234,0.144,0.121,1
"Tceal9",0.870148320301703,-0.612730101152623,0.118,0.103,1
"Tusc3",0.87015951338387,-0.264468540980747,0.374,0.293,1
"Pitpna",0.871696194634523,-0.286060908002698,0.229,0.19,1
"Ccdc174",0.871906574261023,-0.350392761324096,0.122,0.121,1
"Picalm",0.873423346523306,-0.307411699427315,0.161,0.138,1
"Preb",0.873544029361115,-0.487309226347409,0.144,0.121,1
"Etv6",0.87375452386834,-0.271926761431587,0.161,0.138,1
"Rnf180",0.8764890281252,-0.700665170538611,0.198,0.172,1
"Hectd1",0.876795852576438,-0.497463390587739,0.273,0.241,1
"Pdhb",0.87701869273713,-0.32187450390264,0.143,0.138,1
"Dnajc18",0.877719348523489,-0.37768258365182,0.124,0.121,1
"Scg3",0.877854690834875,-0.476856830494421,0.189,0.172,1
"Sel1l",0.878552703625036,-0.36172685636458,0.183,0.155,1
"Vps41",0.878868275185326,-0.381804303344795,0.2,0.172,1
"Thrap3",0.879092163667521,-0.329529961646878,0.212,0.172,1
"Mrfap1",0.879339079490564,-0.519046331997138,0.193,0.172,1
"Ttll5",0.87967086502088,-0.43433521679363,0.191,0.172,1
"Tmem65",0.880564101867814,-0.383741546002997,0.123,0.121,1
"Hsbp1",0.8812929413809,-0.396840834494976,0.145,0.138,1
"Ptpn12",0.882594884487943,-0.309493047097855,0.248,0.207,1
"Smim4",0.883067490938653,-0.528836863188565,0.127,0.121,1
"Slc25a27",0.88350256652216,-0.500792673883882,0.206,0.172,1
"Emc10",0.883519186305263,-0.349626578014808,0.187,0.155,1
"Cox7a2",0.885725991920447,-0.268605004742849,0.195,0.172,1
"Stag2",0.886483714844243,-0.375582180779638,0.268,0.224,1
"Map1lc3a",0.886994843830994,-0.382423326576422,0.167,0.155,1
"Thsd7a",0.889307936405079,-0.381714111205781,0.135,0.121,1
"Atp5j",0.889332114092496,-0.27201368141272,0.204,0.172,1
"Tox3",0.889668374341609,-0.40033200337478,0.161,0.155,1
"Atp6v1c1",0.889811997401384,-0.269102126439193,0.118,0.103,1
"Ndufs7",0.890396790518099,-0.276644495566839,0.127,0.121,1
"Adgrl1",0.891018471146408,-0.403919230430879,0.205,0.19,1
"Atp6v0e2",0.89160975900566,-0.384843965065921,0.107,0.103,1
"Ncor2",0.892420479092594,-0.442126569914755,0.226,0.19,1
"Tmem59l",0.892431024017248,-0.368920804965601,0.123,0.121,1
"Cnot2",0.89310105466921,-0.301119302874921,0.289,0.241,1
"Ilf3",0.89665557253764,-0.365224880064179,0.161,0.138,1
"2210016L21Rik",0.897895169335791,-0.39777790970373,0.137,0.121,1
"Smyd3",0.900874635576388,-0.312130275347566,0.395,0.328,1
"Klf7",0.900939771321699,-0.54818221966328,0.162,0.138,1
"Rnf13",0.901605841390851,-0.454837326171405,0.187,0.172,1
"Phf21a",0.90180118878868,-0.290976828259037,0.502,0.397,1
"Capza2",0.901971480189095,-0.3549166533056,0.168,0.155,1
"Larp4b",0.904116935321146,-0.352983565019269,0.259,0.224,1
"Senp6",0.905232158601658,-0.32862467572468,0.362,0.293,1
"Usp15",0.906011432089807,-0.464333894158983,0.273,0.241,1
"Btbd7",0.906420598801928,-0.352365719293335,0.245,0.207,1
"Pik3c2a",0.906535790117708,-0.426426072423943,0.146,0.138,1
"Rnf169",0.906992874513265,-0.327373157823778,0.31,0.259,1
"Scfd2",0.907237952084933,-0.390688751305833,0.187,0.172,1
"Fez1",0.908401236893682,-0.683113092519915,0.237,0.207,1
"Tmed9",0.908594258705193,-0.579810398444504,0.205,0.172,1
"Arid2",0.909056290729287,-0.404939558316498,0.222,0.19,1
"Zkscan1",0.909205273089412,-0.371710157096906,0.14,0.121,1
"Ctxn1",0.909600193618961,-0.618717436209872,0.148,0.138,1
"Magi1",0.910917081736616,-0.310915450929751,0.599,0.466,1
"Mrps5",0.911824268654159,-0.336382752550601,0.118,0.103,1
"Slc22a17",0.911922522266305,-0.258933902583466,0.365,0.31,1
"Txlng",0.912438459803464,-0.33991207017935,0.127,0.121,1
"Nsmce2",0.913221428167806,-0.384905913726332,0.271,0.224,1
"Tsc22d2",0.913482970843364,-0.316054059621823,0.167,0.155,1
"Grid2",0.914968130071584,-0.450449549769599,0.165,0.155,1
"Chd2",0.915052910192785,-0.49913482283518,0.257,0.224,1
"Cnot1",0.915967538810622,-0.282607056233469,0.267,0.241,1
"Snx1",0.916029706929482,-0.280109727494832,0.117,0.103,1
"Dnm1l",0.916297822293838,-0.37210215642645,0.277,0.224,1
"N4bp2l1",0.916518948236119,-0.251712150004369,0.106,0.103,1
"Cbx5",0.916582930987431,-0.298004490850788,0.241,0.224,1
"Gdi2",0.91833069366681,-0.376173078358478,0.156,0.138,1
"Zwint",0.91975817035859,-0.524669444375714,0.363,0.31,1
"Epha4",0.919988573724395,-0.37361936115536,0.2,0.172,1
"Arpc5l",0.920192416265365,-0.447105435358206,0.118,0.103,1
"Spcs2",0.920367191658022,-0.593461852954821,0.167,0.155,1
"Ssr4",0.923117198258236,-0.300734779777012,0.127,0.121,1
"Frs2",0.926028376718976,-0.297777563550817,0.207,0.19,1
"Arl8a",0.926872949649712,-0.252960080854872,0.106,0.103,1
"Kif5a",0.926925274582545,-0.458892590795237,0.228,0.207,1
"Ubb",0.927133764262949,-0.513483930761701,0.42,0.328,1
"Rpl8",0.927846622614577,-0.431264385424628,0.212,0.19,1
"Spred2",0.928310031064523,-0.433899824219311,0.191,0.172,1
"Rnf165",0.928646254084945,-0.421563263515696,0.127,0.121,1
"Gabarapl1",0.929032863381433,-0.39854193238531,0.172,0.155,1
"Chmp3",0.929099209312941,-0.365234078290492,0.13,0.121,1
"Mgat5",0.92945830599813,-0.33111606608041,0.235,0.207,1
"Nos1ap",0.931104314429931,-0.348622817016338,0.24,0.207,1
"Tpt1",0.931209257451353,-0.477601433621027,0.293,0.241,1
"Tpi1",0.931643049728482,-0.388692073151715,0.183,0.155,1
"Gm5087",0.931795852984218,-0.290935901779524,0.159,0.155,1
"Aftph",0.932361924191996,-0.403750226677292,0.206,0.172,1
"Morf4l2",0.932830594025598,-0.364089597035599,0.2,0.172,1
"Rab30",0.932960360400983,-0.437293292550553,0.149,0.138,1
"Atf2",0.932978642954386,-0.331755835185353,0.272,0.224,1
"Cipc",0.93325092239684,-0.464379682214113,0.106,0.103,1
"Bex3",0.933499038644724,-0.421530562407193,0.215,0.19,1
"Fbxo38",0.933735070954275,-0.358185983728904,0.135,0.121,1
"Fam78b",0.934037198945198,-0.28034901187811,0.22,0.19,1
"Pdia3",0.934180677012521,-0.286421565961587,0.182,0.172,1
"Timm23",0.934295892687408,-0.319249733437651,0.166,0.155,1
"Rnf14",0.934731458457593,-0.509463816311347,0.173,0.155,1
"Ptpa",0.934994064631971,-0.315069662576775,0.143,0.138,1
"Acat1",0.936630785833492,-0.567079853442679,0.23,0.19,1
"Arhgap5",0.937235671355363,-0.315581188449033,0.362,0.293,1
"Gbf1",0.93733875601309,-0.333927741428917,0.323,0.276,1
"Ube2d2a",0.938003738996863,-0.358395111609928,0.212,0.19,1
"Kdm1a",0.939068112287087,-0.374083037671535,0.226,0.19,1
"Rxylt1",0.939310887852193,-0.258924852626818,0.13,0.121,1
"Gls",0.93941852120297,-0.383353439882957,0.434,0.362,1
"Aff2",0.939994112443298,-0.719244148525662,0.115,0.103,1
"Rprd1b",0.940504194112915,-0.271729760943849,0.113,0.103,1
"Rpl6",0.940681361609739,-0.372209307235132,0.294,0.259,1
"Nrf1",0.942581333625192,-0.373055631980823,0.194,0.172,1
"Med1",0.943363156207213,-0.315512070589555,0.109,0.103,1
"Fbxw7",0.943829643294453,-0.354640981424942,0.316,0.259,1
"Rpl4",0.943858842595286,-0.352331719995196,0.115,0.103,1
"Rpl13",0.944503485520855,-0.325599568381936,0.261,0.224,1
"Ccdc50",0.944590990019653,-0.462845286830633,0.262,0.224,1
"Ttyh3",0.94555898860842,-0.493136049528575,0.152,0.138,1
"Pcsk1n",0.94615925724641,-0.327414607041917,0.43,0.362,1
"Arpc2",0.946487686718462,-0.35251717691617,0.213,0.19,1
"Serp2",0.946508109379924,-0.399950121348863,0.177,0.155,1
"Pkm",0.946687438675144,-0.456754482823985,0.229,0.19,1
"BC005537",0.946869531459385,-0.25279011319246,0.174,0.155,1
"Nkiras1",0.947561618471714,-0.372784492024643,0.11,0.103,1
"Ntrk2",0.947731625969611,-0.601585621875474,0.498,0.397,1
"Creb1",0.947789893487159,-0.338663154025221,0.215,0.19,1
"Slc15a2",0.947864705379505,-0.296867043808711,0.107,0.103,1
"Rab40c",0.947881300496275,-0.322749439349404,0.113,0.103,1
"Txndc15",0.947903240552762,-0.377885416078338,0.132,0.121,1
"Fmr1",0.949726107249441,-0.463586463238794,0.177,0.155,1
"Purg",0.950225467804013,-0.590990330811681,0.346,0.276,1
"Atp9a",0.951690786160306,-0.393255809112077,0.185,0.172,1
"Rif1",0.952245607779332,-0.35635786968642,0.222,0.19,1
"Arpp19",0.952550403217032,-0.299956509335476,0.179,0.155,1
"Fxyd6",0.952680834645571,-0.489563687538938,0.11,0.103,1
"Cdin1",0.952828860692451,-0.380186228482894,0.17,0.155,1
"Eif5",0.955086758912506,-0.443564536495912,0.202,0.172,1
"Agap1",0.955231024706641,-0.25663704742677,0.278,0.241,1
"Usp54",0.95565524344025,-0.442354293803768,0.116,0.103,1
"Arnt2",0.955968250580012,-0.322059559282576,0.127,0.121,1
"mt-Co1",0.956350796048836,-0.371534902599158,0.138,0.121,1
"Cct3",0.957196162539082,-0.323597149667179,0.116,0.103,1
"Eef1a1",0.958086738006795,-0.420069007826368,0.391,0.31,1
"Gfpt1",0.958737241609,-0.376529228003132,0.116,0.103,1
"Sars",0.959240919894701,-0.402451269295482,0.152,0.138,1
"Cep126",0.9594227053491,-0.32955766931471,0.137,0.121,1
"Yaf2",0.960404575741781,-0.269519422446516,0.127,0.121,1
"Stag1",0.963840461702647,-0.296086291535762,0.571,0.448,1
"Sncb",0.964376649607899,-0.363816586557932,0.149,0.138,1
"Dgcr8",0.965523197881634,-0.46325562779104,0.115,0.103,1
"Plpbp",0.967197742294801,-0.25095443413578,0.132,0.121,1
"Kpna3",0.967730080616009,-0.333336863777,0.22,0.19,1
"Cdc5l",0.968049360267661,-0.327689436553119,0.11,0.103,1
"Kif3c",0.968290563489608,-0.333106956154802,0.132,0.121,1
"Usp14",0.968396130120353,-0.329718593994403,0.21,0.19,1
"B230303A05Rik",0.969216066448101,-0.342992039037666,0.149,0.138,1
"Acbd3",0.970036911813781,-0.312441003450042,0.113,0.103,1
"Rad17",0.970223431723838,-0.487527803175009,0.133,0.121,1
"Ift74",0.971074386982639,-0.38541278265813,0.112,0.103,1
"Wdr82",0.972924875364675,-0.307843912140142,0.13,0.121,1
"Letm2",0.973779760092052,-0.405629719403042,0.137,0.121,1
"Agps",0.976207195080653,-0.417583937207066,0.135,0.121,1
"Ckap5",0.978525361687897,-0.250310577653888,0.277,0.241,1
"Atp6v1g2",0.979041075397457,-0.320249690753183,0.177,0.155,1
"Utrn",0.979720104175244,-0.268625083210362,0.128,0.121,1
"Bms1",0.980062487363835,-0.267066097111688,0.112,0.103,1
"Pebp1",0.980683802490869,-0.444561842928334,0.266,0.224,1
"Clasrp",0.981542372226441,-0.30915396953981,0.111,0.103,1
"Slc2a13",0.983340292420295,-0.719557061686751,0.238,0.207,1
"Nrsn1",0.984244332105068,-0.28333472530403,0.206,0.19,1
"Sparcl1",0.984496261863759,-0.473297572041763,0.291,0.241,1
"Clpx",0.985271749197251,-0.544568410789483,0.137,0.121,1
"Scand1",0.985925726717071,-0.259811819013179,0.112,0.103,1
"Phtf2",0.988099989049026,-0.455497245472993,0.178,0.155,1
"Hspa4l",0.98846278616539,-0.427859553164707,0.135,0.121,1
"Flywch1",0.988797834507228,-0.477606261733683,0.156,0.138,1
"Epc1",0.989061431433718,-0.307937664828764,0.365,0.31,1
"Smc5",0.98965902981412,-0.39100403325226,0.238,0.207,1
"Iqcb1",0.989680861289572,-0.457197740724861,0.177,0.155,1
"Setbp1",0.990820837797854,-0.314778899357165,0.659,0.5,1
"Dst",0.992498710599462,-0.376479369733174,0.359,0.293,1
"Elob",0.992804187258996,-0.645113608797894,0.152,0.138,1
"St7l",0.993227957597212,-0.397760037390901,0.177,0.155,1
"Cep290",0.994144847837641,-0.262019653631083,0.13,0.121,1
"Rpl32",0.994156262719132,-0.255645205198297,0.151,0.138,1
"Ndufb1",0.994860099628887,-0.38421276927232,0.152,0.138,1
"Lrrc8b",0.995573239076041,-0.390737161701702,0.155,0.138,1
"Fbxo11",0.997722197735499,-0.455482667453671,0.345,0.276,1
"Tubgcp5",0.998036249511421,-0.624036247665428,0.111,0.103,1
"Rps6ka3",0.998270192922925,-0.36610166702844,0.235,0.207,1
"Crk",0.998914382079774,-0.379980907926154,0.134,0.121,1
"Vps29",1,-0.352457168707667,0.132,0.121,1
